seq_num,delay_ms
0,1.00843
1,5.00843
2,3.00843
3,1.00843
4,8.00843
5,8.01686
6,8.0253
7,8.00843
8,5.01687
9,11.0084
10,5.01687
11,5.00843
12,1.01686
13,13.0084
14,13.0169
15,7.0253
16,5.03373
17,12.0084
18,4.00843
19,8.00843
20,3.01687
21,2.0253
22,8.00843
23,16.0084
24,12.0169
25,11.0253
26,10.0084
27,15.0084
28,1.01686
29,2.00843
30,1.01686
31,20.0084
32,7.01687
33,1.0253
34,1.00843
35,15.0084
36,12.0169
37,8.0253
38,5.03373
39,16.0084
40,7.01687
41,3.0253
42,10.0084
43,10.0169
44,12.0084
45,8.01686
46,6.0253
47,14.0084
48,7.01687
49,14.0084
50,10.0169
51,8.0253
52,1.03373
53,12.0084
54,10.0084
55,10.0169
56,1.0253
57,8.00843
58,12.0084
59,16.0084
60,3.01687
61,17.0084
62,16.0169
63,5.0253
64,5.03373
65,10.0084
66,3.01687
67,2.00843
68,14.0084
69,8.01686
70,5.00843
71,1.01686
72,10.0084
73,5.01687
74,8.00843
75,8.01686
76,15.0084
77,14.0169
78,12.0084
79,8.01686
80,2.00843
81,12.0084
82,9.00843
83,2.01687
84,8.00843
85,1.00843
86,13.0084
87,7.00843
88,8.00843
89,7.01687
90,7.0253
91,3.03373
92,5.00843
93,12.0084
94,10.0169
95,11.0084
96,6.01687
97,14.0084
98,12.0169
99,5.0253
100,12.0084
101,10.0169
102,1.0253
103,14.0084
104,8.00843
105,1.01686
106,10.0084
107,8.00843
108,8.01686
109,13.0084
110,10.0169
111,1.0253
112,1.00843
113,16.0084
114,12.0084
115,3.01687
116,1.0253
117,18.0084
118,1.01686
119,7.00843
120,1.01686
121,18.0084
122,7.01687
123,9.00843
124,3.01687
125,2.0253
126,18.0084
127,12.0169
128,7.00843
129,17.0084
130,12.0169
131,10.0253
132,5.03373
133,13.0084
134,6.01687
135,8.00843
136,7.01687
137,3.0253
138,1.03373
139,1.04216
140,5.00843
141,16.0084
142,3.01687
143,6.00843
144,4.01687
145,3.0253
146,5.00843
147,1.00843
148,1.01686
149,1.0253
150,11.0084
151,9.01686
152,18.0084
153,3.01687
154,3.0253
155,12.0084
156,10.0169
157,5.0253
158,1.03373
159,3.00843
160,5.00843
161,3.01687
162,12.0084
163,7.01687
164,15.0084
165,12.0169
166,1.00843
167,17.0084
168,3.00843
169,2.00843
170,10.0084
171,8.01686
172,5.0253
173,14.0084
174,16.0084
175,8.01686
176,7.0253
177,5.03373
178,5.04216
179,3.05059
180,12.0084
181,7.00843
182,10.0084
183,13.0084
184,12.0169
185,5.00843
186,1.01686
187,1.00843
188,11.0084
189,5.00843
190,14.0084
191,8.01686
192,18.0084
193,7.00843
194,7.01687
195,5.0253
196,1.03373
197,5.00843
198,3.01687
199,1.0253
200,12.0084
201,7.01687
202,8.00843
203,3.01687
204,3.0253
205,5.00843
206,4.01687
207,18.0084
208,10.0169
209,6.0253
210,5.03373
211,1.04216
212,16.0084
213,14.0084
214,12.0169
215,12.0253
216,8.03373
217,8.04216
218,7.05059
219,13.0084
220,10.0169
221,9.0253
222,10.0084
223,10.0084
224,12.0084
225,5.00843
226,2.00843
227,16.0084
228,16.0169
229,5.0253
230,18.0084
231,12.0169
232,5.0253
233,8.00843
234,9.00843
235,10.0084
236,14.0084
237,3.01687
238,16.0084
239,12.0169
240,10.0253
241,16.0084
242,10.0084
243,8.01686
244,16.0084
245,14.0169
246,10.0084
247,8.00843
248,8.01686
249,16.0084
250,12.0169
251,14.0084
252,7.01687
253,16.0084
254,5.01687
255,18.0084
256,3.01687
257,2.00843
258,5.00843
259,8.00843
260,8.00843
261,8.01686
262,5.0253
263,5.03373
264,1.04216
265,10.0084
266,9.01686
267,1.00843
268,1.01686
269,7.00843
270,8.00843
271,3.01687
272,12.0084
273,12.0169
274,6.0253
275,13.0084
276,10.0169
277,16.0084
278,15.0169
279,12.0253
280,1.03373
281,10.0084
282,8.01686
283,8.00843
284,8.01686
285,8.0253
286,3.03373
287,14.0084
288,10.0169
289,8.0253
290,8.03373
291,10.0084
292,16.0084
293,16.0169
294,12.0253
295,12.0337
296,10.0422
297,5.05059
298,6.00843
299,12.0084
300,14.0084
301,5.01687
302,8.00843
303,8.01686
304,3.0253
305,3.03373
306,3.04216
307,10.0084
308,18.0084
309,15.0169
310,10.0253
311,5.03373
312,1.04216
313,6.00843
314,19.0084
315,16.0169
316,14.0084
317,10.0169
318,18.0084
319,12.0169
320,7.0253
321,2.03373
322,5.00843
323,3.01687
324,3.0253
325,16.0084
326,15.0169
327,12.0253
328,1.03373
329,17.0084
330,14.0169
331,5.0253
332,5.03373
333,3.04216
334,14.0084
335,5.01687
336,1.00843
337,9.00843
338,9.01686
339,6.0253
340,12.0084
341,8.00843
342,19.0084
343,14.0084
344,10.0169
345,17.0084
346,10.0169
347,10.0253
348,1.03373
349,1.04216
350,7.00843
351,14.0084
352,12.0084
353,9.01686
354,18.0084
355,18.0084
356,20.0084
357,15.0169
358,2.0253
359,15.0084
360,18.0084
361,18.0169
362,5.0253
363,15.0084
364,14.0169
365,1.0253
366,1.03373
367,5.00843
368,12.0084
369,14.0084
370,6.01687
371,1.00843
372,8.00843
373,14.0084
374,12.0084
375,16.0084
376,8.01686
377,16.0084
378,1.01686
379,1.0253
380,1.03373
381,10.0084
382,3.01687
383,3.00843
384,1.01686
385,7.00843
386,3.00843
387,12.0084
388,1.01686
389,1.0253
390,14.0084
391,2.01687
392,3.00843
393,17.0084
394,3.01687
395,12.0084
396,5.01687
397,13.0084
398,7.00843
399,9.00843
400,3.01687
401,5.00843
402,8.00843
403,19.0084
404,13.0169
405,7.0253
406,1.03373
407,2.00843
408,8.00843
409,3.01687
410,8.00843
411,5.00843
412,20.0084
413,16.0169
414,8.0253
415,7.00843
416,10.0084
417,12.0084
418,14.0084
419,5.00843
420,16.0084
421,7.00843
422,1.01686
423,18.0084
424,5.00843
425,7.00843
426,14.0084
427,10.0169
428,8.0253
429,1.03373
430,18.0084
431,9.01686
432,14.0084
433,7.00843
434,13.0084
435,7.01687
436,3.0253
437,3.03373
438,3.04216
439,2.00843
440,5.00843
441,1.01686
442,8.00843
443,1.01686
444,9.00843
445,10.0084
446,17.0084
447,1.01686
448,12.0084
449,1.00843
450,14.0084
451,8.01686
452,8.0253
453,5.03373
454,5.04216
455,5.05059
456,5.00843
457,5.01687
458,3.0253
459,18.0084
460,15.0084
461,10.0169
462,9.00843
463,12.0084
464,12.0169
465,10.0253
466,13.0084
467,13.0169
468,3.0253
469,12.0084
470,18.0084
471,8.01686
472,1.0253
473,1.03373
474,18.0084
475,8.00843
476,3.01687
477,6.00843
478,5.01687
479,5.0253
480,2.03373
481,19.0084
482,13.0084
483,3.01687
484,8.00843
485,5.01687
486,1.0253
487,5.00843
488,2.01687
489,9.00843
490,5.01687
491,3.0253
492,2.00843
493,13.0084
494,12.0169
495,5.00843
496,3.01687
497,1.0253
498,1.03373
499,1.04216
500,1.05059
501,14.0084
502,14.0169
503,10.0253
504,3.00843
505,1.01686
506,16.0084
507,14.0169
508,3.00843
509,18.0084
510,11.0169
511,8.0253
512,18.0084
513,10.0169
514,7.0253
515,6.03373
516,8.00843
517,12.0084
518,14.0084
519,10.0084
520,9.01686
521,6.0253
522,13.0084
523,1.01686
524,15.0084
525,6.00843
526,3.00843
527,3.01687
528,1.0253
529,4.00843
530,1.01686
531,14.0084
532,1.01686
533,6.00843
534,8.00843
535,8.00843
536,14.0084
537,8.01686
538,1.0253
539,1.03373
540,18.0084
541,13.0169
542,5.0253
543,13.0084
544,12.0169
545,10.0253
546,8.03373
547,1.04216
548,14.0084
549,7.00843
550,16.0084
551,8.01686
552,3.0253
553,1.03373
554,18.0084
555,18.0169
556,5.0253
557,1.03373
558,10.0084
559,10.0169
560,1.0253
561,8.00843
562,1.00843
563,1.00843
564,1.00843
565,14.0084
566,13.0084
567,10.0169
568,8.00843
569,5.01687
570,4.0253
571,2.03373
572,2.04216
573,7.00843
574,3.01687
575,19.0084
576,12.0169
577,7.00843
578,7.01687
579,8.00843
580,1.00843
581,1.01686
582,16.0084
583,10.0169
584,1.0253
585,15.0084
586,5.01687
587,3.0253
588,17.0084
589,8.01686
590,5.0253
591,5.03373
592,4.04216
593,10.0084
594,6.01687
595,12.0084
596,9.01686
597,7.0253
598,7.03373
599,6.04216
600,18.0084
601,8.01686
602,8.0253
603,7.03373
604,7.04216
605,14.0084
606,7.01687
607,5.0253
608,5.00843
609,13.0084
610,12.0169
611,1.0253
612,1.00843
613,15.0084
614,15.0169
615,14.0253
616,14.0337
617,14.0422
618,5.00843
619,5.00843
620,5.01687
621,7.00843
622,12.0084
623,12.0084
624,3.00843
625,13.0084
626,13.0169
627,5.00843
628,1.01686
629,1.0253
630,10.0084
631,12.0084
632,8.01686
633,1.0253
634,5.00843
635,10.0084
636,15.0084
637,12.0169
638,10.0253
639,7.00843
640,5.01687
641,18.0084
642,17.0084
643,10.0169
644,7.0253
645,6.03373
646,5.04216
647,1.05059
648,3.00843
649,12.0084
650,12.0169
651,8.00843
652,14.0084
653,11.0169
654,12.0084
655,7.01687
656,13.0084
657,10.0169
658,9.0253
659,8.03373
660,7.04216
661,10.0084
662,7.01687
663,1.00843
664,10.0084
665,14.0084
666,13.0169
667,3.0253
668,12.0084
669,3.01687
670,13.0084
671,10.0169
672,16.0084
673,19.0084
674,16.0169
675,7.0253
676,14.0084
677,16.0084
678,16.0169
679,1.0253
680,18.0084
681,10.0169
682,10.0253
683,1.03373
684,9.00843
685,12.0084
686,5.01687
687,5.0253
688,12.0084
689,8.01686
690,6.0253
691,15.0084
692,14.0169
693,1.0253
694,1.03373
695,7.00843
696,8.00843
697,14.0084
698,5.01687
699,19.0084
700,13.0084
701,7.00843
702,1.01686
703,5.00843
704,16.0084
705,11.0084
706,11.0169
707,5.0253
708,1.03373
709,14.0084
710,8.01686
711,14.0084
712,2.01687
713,7.00843
714,3.00843
715,5.00843
716,2.01687
717,10.0084
718,8.01686
719,12.0084
720,10.0169
721,8.0253
722,5.03373
723,3.04216
724,3.05059
725,16.0084
726,12.0169
727,10.0253
728,10.0337
729,14.0084
730,5.01687
731,10.0084
732,10.0169
733,1.0253
734,14.0084
735,7.01687
736,8.00843
737,20.0084
738,14.0169
739,1.00843
740,12.0084
741,11.0169
742,10.0253
743,16.0084
744,14.0084
745,14.0169
746,12.0253
747,1.03373
748,18.0084
749,5.01687
750,5.00843
751,8.00843
752,8.01686
753,3.00843
754,12.0084
755,10.0169
756,10.0253
757,8.03373
758,10.0084
759,8.01686
760,14.0084
761,12.0169
762,1.0253
763,3.00843
764,10.0084
765,14.0084
766,18.0084
767,5.01687
768,5.0253
769,8.00843
770,1.01686
771,3.00843
772,3.01687
773,16.0084
774,14.0169
775,12.0084
776,5.01687
777,5.0253
778,12.0084
779,8.01686
780,8.0253
781,10.0084
782,7.01687
783,12.0084
784,16.0084
785,10.0169
786,1.0253
787,18.0084
788,8.01686
789,5.0253
790,5.03373
791,16.0084
792,3.01687
793,5.00843
794,8.00843
795,6.01687
796,5.0253
797,17.0084
798,9.01686
799,19.0084
800,8.01686
801,8.00843
802,5.01687
803,1.0253
804,1.03373
805,1.04216
806,13.0084
807,6.01687
808,7.00843
809,3.01687
810,19.0084
811,17.0169
812,11.0253
813,1.03373
814,16.0084
815,5.01687
816,5.0253
817,3.03373
818,13.0084
819,1.01686
820,7.00843
821,7.01687
822,7.0253
823,1.03373
824,7.00843
825,5.01687
826,12.0084
827,3.01687
828,10.0084
829,1.01686
830,10.0084
831,1.01686
832,1.0253
833,12.0084
834,13.0084
835,13.0169
836,12.0253
837,8.00843
838,5.01687
839,5.0253
840,1.03373
841,15.0084
842,15.0169
843,12.0253
844,3.03373
845,14.0084
846,3.01687
847,12.0084
848,8.01686
849,6.0253
850,5.03373
851,5.04216
852,13.0084
853,19.0084
854,15.0169
855,10.0084
856,5.01687
857,10.0084
858,2.01687
859,1.0253
860,1.03373
861,3.00843
862,12.0084
863,12.0169
864,3.0253
865,5.00843
866,4.01687
867,10.0084
868,7.01687
869,6.0253
870,17.0084
871,16.0084
872,8.01686
873,1.00843
874,14.0084
875,5.01687
876,5.0253
877,12.0084
878,8.01686
879,1.0253
880,1.03373
881,1.04216
882,10.0084
883,9.01686
884,1.0253
885,14.0084
886,5.00843
887,1.01686
888,1.0253
889,16.0084
890,16.0169
891,3.0253
892,3.03373
893,16.0084
894,7.00843
895,6.01687
896,15.0084
897,18.0084
898,15.0084
899,7.01687
900,5.0253
901,15.0084
902,8.01686
903,1.0253
904,17.0084
905,13.0169
906,8.0253
907,3.00843
908,3.01687
909,12.0084
910,11.0169
911,8.0253
912,10.0084
913,3.01687
914,5.00843
915,5.01687
916,16.0084
917,12.0169
918,5.0253
919,5.03373
920,12.0084
921,14.0084
922,14.0084
923,12.0169
924,8.0253
925,8.03373
926,8.04216
927,10.0084
928,16.0084
929,16.0169
930,10.0253
931,17.0084
932,12.0169
933,18.0084
934,1.01686
935,1.00843
936,2.00843
937,1.00843
938,5.00843
939,8.00843
940,2.00843
941,15.0084
942,14.0169
943,1.0253
944,8.00843
945,3.01687
946,1.0253
947,6.00843
948,10.0084
949,6.01687
950,10.0084
951,8.01686
952,18.0084
953,12.0169
954,10.0253
955,1.03373
956,8.00843
957,5.01687
958,10.0084
959,8.00843
960,16.0084
961,12.0084
962,1.00843
963,16.0084
964,1.01686
965,5.00843
966,1.01686
967,8.00843
968,16.0084
969,8.01686
970,5.0253
971,16.0084
972,5.00843
973,8.00843
974,12.0084
975,10.0169
976,2.0253
977,14.0084
978,2.01687
979,12.0084
980,12.0169
981,1.00843
982,15.0084
983,1.01686
984,8.00843
985,8.00843
986,5.00843
987,5.01687
988,5.0253
989,12.0084
990,8.01686
991,20.0084
992,3.00843
993,13.0084
994,8.01686
995,8.00843
996,5.01687
997,8.00843
998,8.01686
999,1.00843
1000,1.01686
1001,14.0084
1002,8.01686
1003,16.0084
1004,3.01687
1005,3.0253
1006,8.00843
1007,8.01686
1008,14.0084
1009,12.0084
1010,12.0169
1011,7.00843
1012,7.01687
1013,8.00843
1014,18.0084
1015,9.01686
1016,13.0084
1017,16.0084
1018,10.0169
1019,5.0253
1020,3.03373
1021,5.00843
1022,13.0084
1023,1.01686
1024,20.0084
1025,16.0084
1026,8.01686
1027,8.0253
1028,1.03373
1029,18.0084
1030,3.01687
1031,1.00843
1032,8.00843
1033,1.00843
1034,16.0084
1035,1.01686
1036,1.0253
1037,16.0084
1038,5.00843
1039,4.01687
1040,8.00843
1041,12.0084
1042,12.0169
1043,17.0084
1044,5.00843
1045,5.00843
1046,1.01686
1047,8.00843
1048,4.01687
1049,3.0253
1050,8.00843
1051,8.01686
1052,8.0253
1053,14.0084
1054,3.01687
1055,7.00843
1056,5.01687
1057,3.0253
1058,8.00843
1059,12.0084
1060,6.00843
1061,5.00843
1062,1.01686
1063,1.0253
1064,10.0084
1065,9.01686
1066,7.0253
1067,16.0084
1068,3.01687
1069,18.0084
1070,8.01686
1071,8.0253
1072,7.03373
1073,20.0084
1074,11.0169
1075,5.0253
1076,1.03373
1077,18.0084
1078,13.0084
1079,10.0169
1080,7.0253
1081,1.00843
1082,16.0084
1083,5.01687
1084,1.0253
1085,1.03373
1086,5.00843
1087,8.00843
1088,12.0084
1089,5.01687
1090,9.00843
1091,5.01687
1092,3.0253
1093,16.0084
1094,7.01687
1095,6.0253
1096,8.00843
1097,8.01686
1098,14.0084
1099,2.01687
1100,14.0084
1101,7.00843
1102,1.01686
1103,13.0084
1104,12.0169
1105,8.00843
1106,16.0084
1107,16.0169
1108,12.0253
1109,15.0084
1110,5.01687
1111,5.00843
1112,9.00843
1113,16.0084
1114,8.01686
1115,12.0084
1116,14.0084
1117,1.01686
1118,3.00843
1119,1.01686
1120,7.00843
1121,3.01687
1122,3.0253
1123,3.03373
1124,1.00843
1125,8.00843
1126,8.00843
1127,10.0084
1128,10.0169
1129,8.0253
1130,5.03373
1131,12.0084
1132,12.0084
1133,12.0169
1134,13.0084
1135,12.0169
1136,10.0253
1137,5.03373
1138,14.0084
1139,8.01686
1140,17.0084
1141,16.0084
1142,16.0169
1143,7.00843
1144,5.01687
1145,5.0253
1146,19.0084
1147,12.0169
1148,10.0084
1149,9.01686
1150,8.0253
1151,5.03373
1152,5.00843
1153,1.01686
1154,1.0253
1155,1.00843
1156,16.0084
1157,9.01686
1158,5.0253
1159,10.0084
1160,10.0084
1161,8.01686
1162,1.0253
1163,12.0084
1164,12.0169
1165,12.0253
1166,3.03373
1167,3.04216
1168,10.0084
1169,1.00843
1170,5.00843
1171,1.01686
1172,16.0084
1173,5.01687
1174,5.00843
1175,18.0084
1176,7.01687
1177,5.0253
1178,5.03373
1179,3.04216
1180,8.00843
1181,7.01687
1182,7.0253
1183,9.00843
1184,7.01687
1185,12.0084
1186,10.0169
1187,8.0253
1188,2.00843
1189,12.0084
1190,12.0169
1191,16.0084
1192,12.0169
1193,7.0253
1194,5.03373
1195,14.0084
1196,10.0169
1197,16.0084
1198,14.0169
1199,1.0253
1200,20.0084
1201,15.0169
1202,16.0084
1203,13.0169
1204,18.0084
1205,14.0084
1206,5.01687
1207,1.0253
1208,20.0084
1209,10.0169
1210,8.00843
1211,7.01687
1212,8.00843
1213,1.01686
1214,18.0084
1215,10.0169
1216,10.0084
1217,8.00843
1218,8.01686
1219,3.0253
1220,18.0084
1221,5.01687
1222,18.0084
1223,17.0169
1224,16.0253
1225,13.0084
1226,8.01686
1227,14.0084
1228,14.0169
1229,1.0253
1230,1.03373
1231,12.0084
1232,10.0169
1233,1.0253
1234,5.00843
1235,14.0084
1236,5.01687
1237,12.0084
1238,10.0084
1239,16.0084
1240,16.0169
1241,5.0253
1242,12.0084
1243,10.0169
1244,6.0253
1245,6.00843
1246,5.01687
1247,16.0084
1248,18.0084
1249,7.00843
1250,1.00843
1251,1.01686
1252,1.00843
1253,5.00843
1254,3.01687
1255,3.0253
1256,3.03373
1257,4.00843
1258,1.00843
1259,8.00843
1260,8.00843
1261,8.00843
1262,3.01687
1263,18.0084
1264,13.0169
1265,1.0253
1266,12.0084
1267,7.00843
1268,1.00843
1269,1.01686
1270,15.0084
1271,8.01686
1272,15.0084
1273,1.00843
1274,5.00843
1275,12.0084
1276,1.01686
1277,1.00843
1278,16.0084
1279,13.0169
1280,5.0253
1281,3.03373
1282,20.0084
1283,15.0169
1284,12.0084
1285,10.0169
1286,16.0084
1287,18.0084
1288,18.0169
1289,15.0253
1290,12.0337
1291,10.0422
1292,6.05059
1293,3.05903
1294,8.00843
1295,5.01687
1296,14.0084
1297,7.00843
1298,6.01687
1299,8.00843
1300,2.00843
1301,7.00843
1302,12.0084
1303,8.00843
1304,15.0084
1305,12.0169
1306,10.0084
1307,2.01687
1308,18.0084
1309,12.0169
1310,3.0253
1311,20.0084
1312,6.00843
1313,1.01686
1314,17.0084
1315,10.0084
1316,10.0169
1317,12.0084
1318,1.00843
1319,12.0084
1320,9.00843
1321,7.01687
1322,16.0084
1323,10.0169
1324,3.00843
1325,14.0084
1326,3.01687
1327,3.0253
1328,10.0084
1329,3.01687
1330,18.0084
1331,12.0169
1332,6.0253
1333,7.00843
1334,12.0084
1335,10.0169
1336,8.0253
1337,17.0084
1338,12.0169
1339,13.0084
1340,13.0169
1341,12.0253
1342,10.0337
1343,10.0422
1344,14.0084
1345,12.0169
1346,16.0084
1347,14.0084
1348,8.01686
1349,16.0084
1350,19.0084
1351,7.01687
1352,7.00843
1353,5.00843
1354,1.00843
1355,14.0084
1356,10.0169
1357,1.0253
1358,14.0084
1359,13.0169
1360,8.0253
1361,17.0084
1362,1.01686
1363,6.00843
1364,3.01687
1365,2.00843
1366,1.01686
1367,8.00843
1368,7.01687
1369,7.0253
1370,8.00843
1371,8.01686
1372,17.0084
1373,13.0169
1374,12.0084
1375,3.01687
1376,13.0084
1377,12.0169
1378,5.0253
1379,8.00843
1380,14.0084
1381,14.0169
1382,14.0253
1383,14.0337
1384,13.0084
1385,16.0084
1386,16.0169
1387,14.0253
1388,14.0337
1389,17.0084
1390,15.0169
1391,15.0253
1392,15.0337
1393,18.0084
1394,18.0169
1395,1.0253
1396,17.0084
1397,1.01686
1398,8.00843
1399,13.0084
1400,10.0169
1401,5.0253
1402,7.00843
1403,5.01687
1404,8.00843
1405,2.01687
1406,12.0084
1407,3.00843
1408,20.0084
1409,16.0169
1410,16.0084
1411,14.0169
1412,14.0253
1413,10.0337
1414,3.04216
1415,14.0084
1416,10.0084
1417,12.0084
1418,18.0084
1419,15.0084
1420,8.01686
1421,7.0253
1422,16.0084
1423,14.0169
1424,6.0253
1425,5.00843
1426,18.0084
1427,7.01687
1428,16.0084
1429,16.0169
1430,15.0253
1431,13.0084
1432,7.00843
1433,14.0084
1434,12.0169
1435,2.0253
1436,1.00843
1437,8.00843
1438,16.0084
1439,14.0169
1440,12.0253
1441,5.03373
1442,6.00843
1443,3.01687
1444,18.0084
1445,8.01686
1446,6.0253
1447,14.0084
1448,12.0169
1449,16.0084
1450,10.0169
1451,18.0084
1452,5.01687
1453,6.00843
1454,8.00843
1455,5.01687
1456,1.00843
1457,5.00843
1458,3.01687
1459,8.00843
1460,20.0084
1461,12.0169
1462,9.00843
1463,14.0084
1464,12.0169
1465,7.0253
1466,1.03373
1467,6.00843
1468,15.0084
1469,14.0169
1470,12.0253
1471,10.0337
1472,7.04216
1473,14.0084
1474,8.01686
1475,6.00843
1476,18.0084
1477,12.0169
1478,7.0253
1479,3.03373
1480,13.0084
1481,8.01686
1482,5.0253
1483,18.0084
1484,13.0169
1485,10.0253
1486,8.00843
1487,1.01686
1488,8.00843
1489,3.01687
1490,1.0253
1491,10.0084
1492,15.0084
1493,14.0084
1494,8.00843
1495,8.01686
1496,13.0084
1497,8.01686
1498,8.0253
1499,8.03373
1500,7.00843
1501,16.0084
1502,14.0084
1503,8.00843
1504,7.01687
1505,1.0253
1506,15.0084
1507,5.01687
1508,3.0253
1509,20.0084
1510,7.01687
1511,8.00843
1512,3.01687
1513,3.0253
1514,6.00843
1515,18.0084
1516,10.0169
1517,7.0253
1518,11.0084
1519,8.01686
1520,12.0084
1521,1.01686
1522,1.00843
1523,16.0084
1524,14.0084
1525,14.0169
1526,3.0253
1527,8.00843
1528,16.0084
1529,7.01687
1530,1.0253
1531,3.00843
1532,1.01686
1533,1.0253
1534,10.0084
1535,10.0169
1536,7.00843
1537,1.00843
1538,8.00843
1539,8.01686
1540,17.0084
1541,8.01686
1542,19.0084
1543,15.0169
1544,5.0253
1545,10.0084
1546,16.0084
1547,6.00843
1548,6.01687
1549,1.0253
1550,1.03373
1551,11.0084
1552,15.0084
1553,8.01686
1554,3.0253
1555,1.03373
1556,13.0084
1557,16.0084
1558,7.01687
1559,5.0253
1560,18.0084
1561,7.01687
1562,3.0253
1563,18.0084
1564,7.01687
1565,8.00843
1566,8.00843
1567,11.0084
1568,7.01687
1569,1.0253
1570,13.0084
1571,10.0084
1572,10.0169
1573,1.0253
1574,16.0084
1575,16.0084
1576,15.0169
1577,14.0253
1578,8.00843
1579,19.0084
1580,1.01686
1581,18.0084
1582,18.0084
1583,11.0169
1584,8.0253
1585,20.0084
1586,9.01686
1587,2.00843
1588,1.01686
1589,13.0084
1590,16.0084
1591,8.01686
1592,4.0253
1593,1.03373
1594,1.04216
1595,16.0084
1596,16.0169
1597,5.0253
1598,5.00843
1599,8.00843
1600,3.01687
1601,16.0084
1602,8.01686
1603,8.0253
1604,10.0084
1605,7.01687
1606,3.0253
1607,1.03373
1608,1.04216
1609,16.0084
1610,10.0169
1611,9.00843
1612,20.0084
1613,17.0169
1614,13.0253
1615,5.03373
1616,5.04216
1617,8.00843
1618,8.01686
1619,15.0084
1620,8.01686
1621,1.0253
1622,17.0084
1623,16.0169
1624,12.0084
1625,18.0084
1626,18.0169
1627,15.0253
1628,10.0337
1629,8.04216
1630,8.05059
1631,5.05903
1632,5.00843
1633,10.0084
1634,6.01687
1635,12.0084
1636,16.0084
1637,16.0084
1638,14.0169
1639,7.00843
1640,7.01687
1641,3.0253
1642,16.0084
1643,5.00843
1644,5.01687
1645,3.0253
1646,1.00843
1647,13.0084
1648,8.00843
1649,15.0084
1650,8.01686
1651,10.0084
1652,10.0169
1653,18.0084
1654,8.01686
1655,5.0253
1656,19.0084
1657,1.01686
1658,8.00843
1659,5.00843
1660,12.0084
1661,12.0084
1662,5.01687
1663,1.0253
1664,20.0084
1665,2.01687
1666,1.0253
1667,3.00843
1668,14.0084
1669,5.01687
1670,3.0253
1671,3.03373
1672,5.00843
1673,10.0084
1674,8.01686
1675,10.0084
1676,6.01687
1677,1.0253
1678,8.00843
1679,9.00843
1680,1.01686
1681,12.0084
1682,9.01686
1683,10.0084
1684,10.0169
1685,7.0253
1686,19.0084
1687,17.0169
1688,13.0084
1689,7.01687
1690,5.0253
1691,18.0084
1692,5.01687
1693,16.0084
1694,10.0084
1695,3.00843
1696,3.00843
1697,8.00843
1698,8.01686
1699,5.00843
1700,5.01687
1701,10.0084
1702,12.0084
1703,14.0084
1704,8.01686
1705,10.0084
1706,1.01686
1707,12.0084
1708,13.0084
1709,1.01686
1710,8.00843
1711,3.01687
1712,1.0253
1713,5.00843
1714,5.01687
1715,5.0253
1716,8.00843
1717,7.01687
1718,3.0253
1719,1.03373
1720,6.00843
1721,5.01687
1722,10.0084
1723,8.01686
1724,11.0084
1725,8.01686
1726,7.0253
1727,5.03373
1728,10.0084
1729,5.01687
1730,16.0084
1731,10.0169
1732,10.0253
1733,1.03373
1734,16.0084
1735,8.01686
1736,5.00843
1737,16.0084
1738,14.0169
1739,5.0253
1740,8.00843
1741,7.00843
1742,13.0084
1743,10.0169
1744,10.0084
1745,3.01687
1746,3.0253
1747,16.0084
1748,16.0084
1749,17.0084
1750,1.00843
1751,10.0084
1752,16.0084
1753,3.01687
1754,19.0084
1755,6.01687
1756,1.00843
1757,14.0084
1758,8.01686
1759,8.0253
1760,2.03373
1761,5.00843
1762,3.01687
1763,1.0253
1764,10.0084
1765,1.00843
1766,16.0084
1767,6.01687
1768,3.00843
1769,3.00843
1770,14.0084
1771,12.0084
1772,3.00843
1773,10.0084
1774,8.01686
1775,10.0084
1776,17.0084
1777,3.01687
1778,1.0253
1779,9.00843
1780,3.01687
1781,18.0084
1782,18.0084
1783,5.00843
1784,5.00843
1785,8.00843
1786,3.01687
1787,18.0084
1788,1.01686
1789,10.0084
1790,7.01687
1791,16.0084
1792,14.0084
1793,3.01687
1794,13.0084
1795,12.0169
1796,10.0253
1797,16.0084
1798,16.0169
1799,14.0253
1800,14.0337
1801,5.04216
1802,10.0084
1803,8.00843
1804,1.01686
1805,1.0253
1806,1.03373
1807,17.0084
1808,17.0169
1809,14.0253
1810,20.0084
1811,18.0169
1812,17.0084
1813,16.0169
1814,5.0253
1815,1.00843
1816,7.00843
1817,3.01687
1818,20.0084
1819,8.01686
1820,8.0253
1821,4.03373
1822,20.0084
1823,10.0169
1824,10.0253
1825,10.0337
1826,7.00843
1827,7.01687
1828,12.0084
1829,13.0084
1830,3.01687
1831,2.00843
1832,11.0084
1833,5.01687
1834,1.0253
1835,1.00843
1836,7.00843
1837,6.01687
1838,5.0253
1839,20.0084
1840,8.01686
1841,5.00843
1842,7.00843
1843,3.01687
1844,1.00843
1845,18.0084
1846,18.0169
1847,13.0084
1848,10.0169
1849,14.0084
1850,13.0084
1851,13.0084
1852,10.0084
1853,9.01686
1854,7.0253
1855,7.03373
1856,16.0084
1857,10.0169
1858,8.0253
1859,7.00843
1860,2.01687
1861,12.0084
1862,10.0169
1863,10.0253
1864,6.03373
1865,3.04216
1866,3.05059
1867,7.00843
1868,12.0084
1869,1.01686
1870,13.0084
1871,13.0169
1872,3.0253
1873,2.03373
1874,1.04216
1875,5.00843
1876,3.01687
1877,5.00843
1878,12.0084
1879,18.0084
1880,8.01686
1881,1.0253
1882,10.0084
1883,8.01686
1884,16.0084
1885,10.0169
1886,15.0084
1887,16.0084
1888,8.01686
1889,10.0084
1890,1.01686
1891,5.00843
1892,3.00843
1893,3.01687
1894,8.00843
1895,7.01687
1896,6.00843
1897,5.01687
1898,5.0253
1899,7.00843
1900,7.01687
1901,7.0253
1902,7.03373
1903,5.04216
1904,8.00843
1905,8.01686
1906,3.0253
1907,1.03373
1908,1.04216
1909,1.00843
1910,8.00843
1911,8.01686
1912,14.0084
1913,10.0084
1914,13.0084
1915,8.01686
1916,14.0084
1917,18.0084
1918,14.0084
1919,20.0084
1920,12.0169
1921,10.0253
1922,12.0084
1923,5.01687
1924,20.0084
1925,3.01687
1926,7.00843
1927,12.0084
1928,8.01686
1929,5.0253
1930,16.0084
1931,5.01687
1932,1.0253
1933,14.0084
1934,7.01687
1935,16.0084
1936,12.0169
1937,8.0253
1938,1.03373
1939,1.04216
1940,11.0084
1941,1.01686
1942,1.0253
1943,18.0084
1944,14.0169
1945,1.0253
1946,14.0084
1947,12.0169
1948,20.0084
1949,7.01687
1950,15.0084
1951,12.0169
1952,10.0253
1953,18.0084
1954,10.0169
1955,19.0084
1956,8.00843
1957,8.01686
1958,5.0253
1959,3.03373
1960,1.04216
1961,12.0084
1962,6.01687
1963,5.00843
1964,15.0084
1965,14.0169
1966,10.0253
1967,10.0084
1968,10.0169
1969,16.0084
1970,8.01686
1971,5.0253
1972,5.03373
1973,12.0084
1974,11.0169
1975,10.0253
1976,10.0337
1977,3.04216
1978,13.0084
1979,17.0084
1980,6.01687
1981,10.0084
1982,16.0084
1983,1.01686
1984,18.0084
1985,3.01687
1986,10.0084
1987,1.00843
1988,7.00843
1989,8.00843
1990,5.00843
1991,5.01687
1992,1.0253
1993,6.00843
1994,6.01687
1995,12.0084
1996,8.01686
1997,8.0253
1998,14.0084
1999,10.0169
2000,5.0253
2001,3.00843
2002,14.0084
2003,8.01686
2004,18.0084
2005,13.0169
2006,8.0253
2007,5.03373
2008,1.04216
2009,3.00843
2010,18.0084
2011,7.00843
2012,6.00843
2013,5.00843
2014,12.0084
2015,10.0084
2016,10.0169
2017,10.0253
2018,7.00843
2019,1.01686
2020,16.0084
2021,12.0169
2022,6.0253
2023,14.0084
2024,1.01686
2025,15.0084
2026,14.0169
2027,15.0084
2028,5.01687
2029,3.0253
2030,1.03373
2031,18.0084
2032,17.0169
2033,5.00843
2034,5.00843
2035,5.00843
2036,3.01687
2037,8.00843
2038,6.01687
2039,1.0253
2040,1.03373
2041,1.04216
2042,7.00843
2043,1.01686
2044,1.0253
2045,10.0084
2046,10.0169
2047,10.0253
2048,3.03373
2049,13.0084
2050,7.01687
2051,4.0253
2052,4.03373
2053,3.04216
2054,2.05059
2055,18.0084
2056,14.0169
2057,7.0253
2058,5.03373
2059,5.04216
2060,13.0084
2061,13.0169
2062,9.0253
2063,9.03373
2064,8.04216
2065,8.00843
2066,7.01687
2067,7.0253
2068,17.0084
2069,8.01686
2070,8.0253
2071,5.03373
2072,5.04216
2073,3.05059
2074,14.0084
2075,13.0084
2076,13.0169
2077,10.0253
2078,10.0337
2079,10.0422
2080,6.05059
2081,5.05903
2082,16.0084
2083,11.0169
2084,8.0253
2085,2.03373
2086,18.0084
2087,1.01686
2088,13.0084
2089,13.0169
2090,9.0253
2091,18.0084
2092,14.0169
2093,14.0253
2094,14.0337
2095,13.0422
2096,5.05059
2097,15.0084
2098,14.0169
2099,6.0253
2100,6.03373
2101,6.04216
2102,16.0084
2103,16.0169
2104,12.0253
2105,7.03373
2106,17.0084
2107,14.0169
2108,8.0253
2109,3.00843
2110,1.01686
2111,19.0084
2112,8.01686
2113,5.0253
2114,14.0084
2115,3.01687
2116,14.0084
2117,20.0084
2118,18.0084
2119,17.0084
2120,5.01687
2121,1.0253
2122,1.03373
2123,5.00843
2124,1.01686
2125,1.0253
2126,13.0084
2127,7.01687
2128,15.0084
2129,14.0169
2130,3.00843
2131,1.00843
2132,18.0084
2133,17.0084
2134,5.00843
2135,18.0084
2136,16.0084
2137,18.0084
2138,16.0169
2139,2.0253
2140,12.0084
2141,10.0169
2142,10.0253
2143,19.0084
2144,1.01686
2145,12.0084
2146,3.01687
2147,1.0253
2148,1.00843
2149,1.01686
2150,10.0084
2151,8.01686
2152,17.0084
2153,16.0169
2154,10.0084
2155,6.01687
2156,14.0084
2157,8.01686
2158,1.0253
2159,8.00843
2160,3.01687
2161,1.0253
2162,12.0084
2163,10.0169
2164,8.00843
2165,5.01687
2166,18.0084
2167,8.01686
2168,10.0084
2169,7.01687
2170,5.0253
2171,20.0084
2172,8.01686
2173,7.0253
2174,14.0084
2175,11.0169
2176,10.0253
2177,13.0084
2178,10.0169
2179,8.0253
2180,14.0084
2181,13.0169
2182,12.0253
2183,12.0084
2184,12.0169
2185,8.0253
2186,18.0084
2187,5.00843
2188,5.01687
2189,5.0253
2190,4.03373
2191,12.0084
2192,7.01687
2193,19.0084
2194,17.0169
2195,5.0253
2196,16.0084
2197,8.01686
2198,7.0253
2199,10.0084
2200,10.0169
2201,7.0253
2202,1.03373
2203,18.0084
2204,18.0169
2205,11.0253
2206,8.03373
2207,5.00843
2208,2.01687
2209,13.0084
2210,12.0169
2211,1.0253
2212,16.0084
2213,5.01687
2214,3.00843
2215,5.00843
2216,10.0084
2217,8.01686
2218,8.0253
2219,8.03373
2220,2.04216
2221,1.05059
2222,3.00843
2223,16.0084
2224,12.0169
2225,12.0253
2226,10.0337
2227,10.0422
2228,3.05059
2229,18.0084
2230,8.01686
2231,7.0253
2232,3.03373
2233,1.04216
2234,1.05059
2235,8.00843
2236,8.01686
2237,14.0084
2238,14.0169
2239,8.0253
2240,8.03373
2241,17.0084
2242,8.01686
2243,7.0253
2244,1.03373
2245,13.0084
2246,3.00843
2247,6.00843
2248,6.01687
2249,12.0084
2250,12.0169
2251,2.0253
2252,18.0084
2253,17.0084
2254,5.01687
2255,1.0253
2256,13.0084
2257,10.0169
2258,6.0253
2259,1.03373
2260,1.04216
2261,18.0084
2262,18.0084
2263,9.01686
2264,5.00843
2265,3.01687
2266,20.0084
2267,16.0169
2268,14.0253
2269,8.00843
2270,5.01687
2271,2.0253
2272,14.0084
2273,12.0169
2274,7.0253
2275,7.03373
2276,3.04216
2277,1.05059
2278,16.0084
2279,10.0169
2280,10.0253
2281,8.03373
2282,1.00843
2283,15.0084
2284,10.0169
2285,10.0084
2286,3.00843
2287,1.00843
2288,16.0084
2289,7.01687
2290,1.0253
2291,1.03373
2292,14.0084
2293,3.01687
2294,1.0253
2295,4.00843
2296,8.00843
2297,5.01687
2298,1.0253
2299,12.0084
2300,2.01687
2301,19.0084
2302,7.01687
2303,8.00843
2304,12.0084
2305,8.01686
2306,8.0253
2307,1.03373
2308,10.0084
2309,1.01686
2310,1.0253
2311,17.0084
2312,8.00843
2313,13.0084
2314,12.0169
2315,17.0084
2316,10.0169
2317,8.0253
2318,5.03373
2319,18.0084
2320,14.0169
2321,8.0253
2322,6.03373
2323,6.04216
2324,7.00843
2325,1.01686
2326,17.0084
2327,10.0169
2328,7.00843
2329,11.0084
2330,10.0169
2331,8.0253
2332,16.0084
2333,14.0169
2334,18.0084
2335,1.01686
2336,1.0253
2337,1.00843
2338,13.0084
2339,5.00843
2340,2.01687
2341,18.0084
2342,5.01687
2343,16.0084
2344,5.01687
2345,8.00843
2346,5.01687
2347,1.0253
2348,18.0084
2349,15.0169
2350,10.0084
2351,10.0169
2352,10.0253
2353,10.0337
2354,8.04216
2355,8.00843
2356,10.0084
2357,7.01687
2358,5.0253
2359,1.03373
2360,18.0084
2361,16.0169
2362,10.0253
2363,8.03373
2364,12.0084
2365,3.01687
2366,10.0084
2367,1.00843
2368,8.00843
2369,1.01686
2370,13.0084
2371,11.0169
2372,8.0253
2373,1.03373
2374,18.0084
2375,14.0169
2376,2.0253
2377,16.0084
2378,13.0169
2379,1.0253
2380,19.0084
2381,10.0169
2382,7.0253
2383,3.03373
2384,16.0084
2385,7.01687
2386,1.0253
2387,8.00843
2388,13.0084
2389,12.0169
2390,6.00843
2391,15.0084
2392,9.00843
2393,4.01687
2394,3.0253
2395,14.0084
2396,3.00843
2397,10.0084
2398,7.01687
2399,5.00843
2400,1.01686
2401,7.00843
2402,1.01686
2403,3.00843
2404,15.0084
2405,14.0169
2406,8.0253
2407,3.03373
2408,16.0084
2409,10.0169
2410,13.0084
2411,3.01687
2412,1.0253
2413,6.00843
2414,5.01687
2415,12.0084
2416,12.0084
2417,3.01687
2418,10.0084
2419,1.01686
2420,11.0084
2421,13.0084
2422,8.00843
2423,5.01687
2424,10.0084
2425,7.00843
2426,2.01687
2427,12.0084
2428,10.0169
2429,8.00843
2430,5.00843
2431,1.01686
2432,5.00843
2433,2.01687
2434,7.00843
2435,2.00843
2436,1.01686
2437,16.0084
2438,16.0169
2439,1.0253
2440,19.0084
2441,3.01687
2442,7.00843
2443,12.0084
2444,12.0169
2445,8.0253
2446,7.00843
2447,5.01687
2448,7.00843
2449,9.00843
2450,5.01687
2451,1.0253
2452,16.0084
2453,1.00843
2454,1.01686
2455,8.00843
2456,12.0084
2457,5.01687
2458,13.0084
2459,12.0169
2460,14.0084
2461,7.01687
2462,5.0253
2463,12.0084
2464,1.01686
2465,13.0084
2466,7.01687
2467,14.0084
2468,8.01686
2469,10.0084
2470,16.0084
2471,5.01687
2472,20.0084
2473,14.0084
2474,12.0169
2475,14.0084
2476,10.0084
2477,8.01686
2478,6.00843
2479,5.01687
2480,1.0253
2481,12.0084
2482,9.00843
2483,1.01686
2484,1.0253
2485,7.00843
2486,2.01687
2487,8.00843
2488,3.01687
2489,3.0253
2490,9.00843
2491,7.01687
2492,18.0084
2493,8.01686
2494,5.0253
2495,2.03373
2496,6.00843
2497,5.01687
2498,7.00843
2499,7.00843
2500,6.01687
2501,10.0084
2502,8.01686
2503,1.0253
2504,8.00843
2505,5.00843
2506,13.0084
2507,10.0169
2508,5.0253
2509,14.0084
2510,13.0169
2511,2.0253
2512,1.03373
2513,14.0084
2514,12.0084
2515,8.01686
2516,7.0253
2517,5.03373
2518,15.0084
2519,8.01686
2520,3.0253
2521,17.0084
2522,10.0169
2523,5.0253
2524,2.00843
2525,12.0084
2526,12.0169
2527,8.0253
2528,8.03373
2529,8.04216
2530,6.05059
2531,6.00843
2532,1.01686
2533,11.0084
2534,2.00843
2535,1.01686
2536,1.0253
2537,2.00843
2538,3.00843
2539,3.01687
2540,1.0253
2541,12.0084
2542,8.00843
2543,7.01687
2544,18.0084
2545,8.01686
2546,12.0084
2547,7.01687
2548,18.0084
2549,10.0169
2550,3.0253
2551,9.00843
2552,18.0084
2553,10.0169
2554,1.0253
2555,11.0084
2556,3.01687
2557,18.0084
2558,18.0169
2559,14.0084
2560,12.0169
2561,9.0253
2562,8.00843
2563,7.01687
2564,12.0084
2565,1.01686
2566,17.0084
2567,17.0169
2568,16.0253
2569,12.0337
2570,1.04216
2571,6.00843
2572,14.0084
2573,1.01686
2574,16.0084
2575,12.0169
2576,7.0253
2577,2.03373
2578,18.0084
2579,8.01686
2580,3.0253
2581,1.03373
2582,1.04216
2583,8.00843
2584,5.01687
2585,3.0253
2586,20.0084
2587,12.0084
2588,12.0169
2589,7.0253
2590,8.00843
2591,7.01687
2592,6.0253
2593,2.03373
2594,1.04216
2595,14.0084
2596,12.0169
2597,1.0253
2598,17.0084
2599,17.0084
2600,5.01687
2601,2.0253
2602,12.0084
2603,10.0169
2604,1.0253
2605,6.00843
2606,2.01687
2607,12.0084
2608,10.0169
2609,7.0253
2610,6.03373
2611,3.04216
2612,8.00843
2613,6.01687
2614,1.0253
2615,5.00843
2616,3.01687
2617,3.0253
2618,17.0084
2619,20.0084
2620,18.0169
2621,7.0253
2622,2.03373
2623,3.00843
2624,5.00843
2625,14.0084
2626,16.0084
2627,10.0169
2628,12.0084
2629,8.01686
2630,8.0253
2631,8.03373
2632,1.00843
2633,10.0084
2634,19.0084
2635,3.01687
2636,12.0084
2637,12.0169
2638,8.00843
2639,8.01686
2640,16.0084
2641,10.0169
2642,17.0084
2643,13.0084
2644,8.01686
2645,14.0084
2646,8.01686
2647,5.0253
2648,1.03373
2649,13.0084
2650,3.01687
2651,16.0084
2652,18.0084
2653,18.0169
2654,12.0253
2655,10.0337
2656,9.04216
2657,5.05059
2658,20.0084
2659,17.0169
2660,1.0253
2661,8.00843
2662,16.0084
2663,14.0169
2664,1.00843
2665,5.00843
2666,13.0084
2667,14.0084
2668,7.00843
2669,5.01687
2670,8.00843
2671,6.01687
2672,12.0084
2673,10.0169
2674,10.0084
2675,13.0084
2676,1.01686
2677,3.00843
2678,16.0084
2679,6.01687
2680,16.0084
2681,16.0169
2682,14.0253
2683,10.0337
2684,1.04216
2685,1.05059
2686,18.0084
2687,14.0169
2688,11.0253
2689,1.03373
2690,19.0084
2691,17.0169
2692,10.0084
2693,8.01686
2694,8.0253
2695,14.0084
2696,5.01687
2697,15.0084
2698,7.01687
2699,7.0253
2700,2.03373
2701,16.0084
2702,16.0169
2703,8.0253
2704,18.0084
2705,17.0169
2706,17.0084
2707,14.0084
2708,8.01686
2709,14.0084
2710,10.0169
2711,3.0253
2712,1.03373
2713,10.0084
2714,3.01687
2715,1.00843
2716,13.0084
2717,16.0084
2718,3.01687
2719,3.0253
2720,19.0084
2721,14.0169
2722,12.0253
2723,10.0337
2724,3.04216
2725,12.0084
2726,17.0084
2727,16.0169
2728,1.0253
2729,16.0084
2730,1.01686
2731,1.0253
2732,8.00843
2733,7.00843
2734,7.01687
2735,3.0253
2736,3.03373
2737,10.0084
2738,5.00843
2739,3.00843
2740,13.0084
2741,8.01686
2742,10.0084
2743,1.01686
2744,8.00843
2745,10.0084
2746,5.00843
2747,18.0084
2748,1.01686
2749,8.00843
2750,4.00843
2751,14.0084
2752,11.0169
2753,17.0084
2754,8.01686
2755,3.0253
2756,2.03373
2757,5.00843
2758,8.00843
2759,12.0084
2760,7.01687
2761,8.00843
2762,9.00843
2763,8.01686
2764,14.0084
2765,2.01687
2766,18.0084
2767,10.0169
2768,5.0253
2769,3.03373
2770,1.04216
2771,14.0084
2772,12.0084
2773,5.01687
2774,6.00843
2775,2.01687
2776,14.0084
2777,16.0084
2778,14.0084
2779,1.01686
2780,11.0084
2781,1.00843
2782,1.00843
2783,11.0084
2784,1.01686
2785,20.0084
2786,16.0169
2787,19.0084
2788,10.0084
2789,11.0084
2790,1.00843
2791,1.01686
2792,13.0084
2793,20.0084
2794,3.00843
2795,1.01686
2796,16.0084
2797,8.01686
2798,5.0253
2799,3.00843
2800,20.0084
2801,8.01686
2802,1.00843
2803,10.0084
2804,5.01687
2805,8.00843
2806,7.01687
2807,1.0253
2808,1.03373
2809,13.0084
2810,12.0169
2811,10.0084
2812,1.01686
2813,3.00843
2814,2.01687
2815,10.0084
2816,5.01687
2817,12.0084
2818,3.01687
2819,1.0253
2820,18.0084
2821,14.0169
2822,13.0253
2823,8.00843
2824,5.01687
2825,3.0253
2826,5.00843
2827,16.0084
2828,8.01686
2829,6.0253
2830,5.03373
2831,17.0084
2832,7.01687
2833,5.0253
2834,10.0084
2835,8.01686
2836,18.0084
2837,8.01686
2838,8.0253
2839,5.00843
2840,12.0084
2841,5.00843
2842,5.01687
2843,5.0253
2844,14.0084
2845,8.01686
2846,6.0253
2847,3.00843
2848,1.01686
2849,5.00843
2850,3.01687
2851,16.0084
2852,3.01687
2853,1.0253
2854,14.0084
2855,8.01686
2856,6.0253
2857,5.00843
2858,5.01687
2859,4.0253
2860,3.03373
2861,1.04216
2862,18.0084
2863,16.0169
2864,20.0084
2865,7.01687
2866,3.0253
2867,10.0084
2868,8.01686
2869,8.0253
2870,8.00843
2871,10.0084
2872,10.0169
2873,12.0084
2874,10.0084
2875,1.00843
2876,18.0084
2877,16.0169
2878,12.0253
2879,7.00843
2880,16.0084
2881,12.0169
2882,10.0253
2883,8.03373
2884,4.04216
2885,14.0084
2886,1.01686
2887,1.0253
2888,16.0084
2889,1.01686
2890,8.00843
2891,3.01687
2892,10.0084
2893,15.0084
2894,7.00843
2895,7.01687
2896,3.0253
2897,8.00843
2898,8.01686
2899,5.00843
2900,5.01687
2901,6.00843
2902,8.00843
2903,12.0084
2904,8.01686
2905,1.0253
2906,9.00843
2907,13.0084
2908,12.0169
2909,10.0253
2910,8.03373
2911,5.04216
2912,3.05059
2913,8.00843
2914,5.01687
2915,5.00843
2916,5.00843
2917,3.00843
2918,3.00843
2919,14.0084
2920,8.00843
2921,12.0084
2922,12.0169
2923,4.00843
2924,1.01686
2925,15.0084
2926,12.0169
2927,5.0253
2928,14.0084
2929,14.0169
2930,1.0253
2931,8.00843
2932,4.01687
2933,5.00843
2934,12.0084
2935,3.00843
2936,16.0084
2937,17.0084
2938,8.01686
2939,18.0084
2940,16.0169
2941,5.0253
2942,3.03373
2943,17.0084
2944,8.01686
2945,14.0084
2946,6.01687
2947,3.0253
2948,16.0084
2949,10.0084
2950,18.0084
2951,3.01687
2952,3.0253
2953,7.00843
2954,3.01687
2955,14.0084
2956,13.0169
2957,8.0253
2958,5.03373
2959,5.04216
2960,15.0084
2961,18.0084
2962,7.01687
2963,14.0084
2964,5.01687
2965,1.00843
2966,17.0084
2967,1.01686
2968,18.0084
2969,18.0169
2970,6.0253
2971,3.00843
2972,6.00843
2973,10.0084
2974,1.01686
2975,1.0253
2976,10.0084
2977,1.01686
2978,16.0084
2979,13.0169
2980,12.0253
2981,14.0084
2982,9.01686
2983,2.0253
2984,10.0084
2985,8.01686
2986,7.0253
2987,5.03373
2988,10.0084
2989,7.01687
2990,5.0253
2991,1.03373
2992,13.0084
2993,14.0084
2994,12.0169
2995,1.0253
2996,14.0084
2997,12.0084
2998,5.01687
2999,18.0084
3000,8.01686
3001,7.0253
3002,7.03373
3003,8.00843
3004,8.01686
3005,3.0253
3006,10.0084
3007,16.0084
3008,13.0169
3009,7.0253
3010,1.03373
3011,16.0084
3012,7.01687
3013,3.0253
3014,18.0084
3015,7.00843
3016,3.00843
3017,5.00843
3018,19.0084
3019,8.01686
3020,1.0253
3021,3.00843
3022,3.00843
3023,3.01687
3024,1.00843
3025,5.00843
3026,3.01687
3027,2.0253
3028,18.0084
3029,5.01687
3030,16.0084
3031,5.01687
3032,1.0253
3033,6.00843
3034,5.01687
3035,7.00843
3036,6.01687
3037,5.0253
3038,3.03373
3039,18.0084
3040,6.01687
3041,8.00843
3042,7.01687
3043,9.00843
3044,7.01687
3045,4.0253
3046,3.03373
3047,1.04216
3048,18.0084
3049,7.01687
3050,6.0253
3051,8.00843
3052,6.00843
3053,10.0084
3054,2.01687
3055,8.00843
3056,6.01687
3057,16.0084
3058,10.0169
3059,10.0084
3060,8.01686
3061,8.0253
3062,8.03373
3063,1.04216
3064,14.0084
3065,5.01687
3066,10.0084
3067,10.0169
3068,10.0253
3069,1.03373
3070,18.0084
3071,17.0084
3072,10.0169
3073,8.0253
3074,3.03373
3075,3.00843
3076,14.0084
3077,5.01687
3078,8.00843
3079,6.01687
3080,8.00843
3081,8.00843
3082,3.00843
3083,3.01687
3084,14.0084
3085,18.0084
3086,12.0169
3087,5.0253
3088,10.0084
3089,15.0084
3090,16.0084
3091,14.0169
3092,12.0253
3093,5.03373
3094,12.0084
3095,17.0084
3096,16.0169
3097,8.0253
3098,9.00843
3099,8.00843
3100,8.00843
3101,7.01687
3102,3.00843
3103,3.00843
3104,2.00843
3105,3.00843
3106,3.01687
3107,5.00843
3108,16.0084
3109,5.01687
3110,8.00843
3111,7.00843
3112,13.0084
3113,10.0169
3114,14.0084
3115,10.0169
3116,13.0084
3117,18.0084
3118,14.0169
3119,12.0253
3120,16.0084
3121,9.01686
3122,5.0253
3123,2.03373
3124,9.00843
3125,7.00843
3126,15.0084
3127,10.0169
3128,3.0253
3129,8.00843
3130,12.0084
3131,5.01687
3132,14.0084
3133,8.01686
3134,7.0253
3135,3.03373
3136,12.0084
3137,1.01686
3138,14.0084
3139,12.0169
3140,14.0084
3141,15.0084
3142,10.0169
3143,1.0253
3144,18.0084
3145,1.01686
3146,3.00843
3147,1.01686
3148,7.00843
3149,5.01687
3150,1.00843
3151,1.01686
3152,1.0253
3153,2.00843
3154,8.00843
3155,5.01687
3156,3.0253
3157,9.00843
3158,9.01686
3159,8.0253
3160,8.00843
3161,5.01687
3162,12.0084
3163,8.01686
3164,8.0253
3165,1.03373
3166,8.00843
3167,7.01687
3168,14.0084
3169,10.0169
3170,10.0084
3171,9.01686
3172,2.0253
3173,12.0084
3174,12.0169
3175,8.0253
3176,17.0084
3177,14.0169
3178,18.0084
3179,16.0169
3180,8.0253
3181,8.03373
3182,15.0084
3183,12.0084
3184,14.0084
3185,1.01686
3186,1.0253
3187,6.00843
3188,20.0084
3189,8.00843
3190,8.00843
3191,7.01687
3192,5.0253
3193,3.03373
3194,8.00843
3195,8.01686
3196,8.00843
3197,20.0084
3198,13.0169
3199,12.0253
3200,13.0084
3201,6.00843
3202,18.0084
3203,16.0084
3204,8.00843
3205,10.0084
3206,5.01687
3207,1.0253
3208,13.0084
3209,7.01687
3210,7.0253
3211,3.03373
3212,8.00843
3213,8.01686
3214,16.0084
3215,13.0169
3216,8.00843
3217,5.01687
3218,18.0084
3219,13.0169
3220,1.0253
3221,12.0084
3222,8.01686
3223,5.0253
3224,13.0084
3225,16.0084
3226,17.0084
3227,6.01687
3228,16.0084
3229,10.0169
3230,9.00843
3231,6.01687
3232,5.0253
3233,1.03373
3234,5.00843
3235,2.01687
3236,7.00843
3237,1.01686
3238,8.00843
3239,6.00843
3240,3.01687
3241,14.0084
3242,8.00843
3243,7.00843
3244,18.0084
3245,14.0169
3246,12.0253
3247,3.00843
3248,5.00843
3249,5.01687
3250,7.00843
3251,1.01686
3252,14.0084
3253,12.0169
3254,8.0253
3255,1.03373
3256,15.0084
3257,12.0169
3258,12.0253
3259,3.00843
3260,3.01687
3261,5.00843
3262,1.00843
3263,1.01686
3264,8.00843
3265,8.01686
3266,2.0253
3267,8.00843
3268,8.01686
3269,9.00843
3270,16.0084
3271,10.0169
3272,5.0253
3273,16.0084
3274,14.0169
3275,10.0253
3276,6.03373
3277,6.04216
3278,5.05059
3279,13.0084
3280,20.0084
3281,14.0084
3282,9.01686
3283,8.0253
3284,6.03373
3285,3.04216
3286,20.0084
3287,8.00843
3288,5.01687
3289,19.0084
3290,17.0169
3291,8.0253
3292,7.03373
3293,6.04216
3294,5.05059
3295,5.05903
3296,5.06746
3297,1.07589
3298,1.08432
3299,19.0084
3300,7.01687
3301,10.0084
3302,7.01687
3303,3.0253
3304,8.00843
3305,1.01686
3306,16.0084
3307,16.0169
3308,14.0084
3309,11.0169
3310,5.0253
3311,12.0084
3312,8.01686
3313,3.0253
3314,1.03373
3315,18.0084
3316,13.0169
3317,4.0253
3318,13.0084
3319,13.0169
3320,5.0253
3321,3.03373
3322,1.04216
3323,14.0084
3324,6.01687
3325,16.0084
3326,7.01687
3327,3.0253
3328,18.0084
3329,17.0169
3330,12.0253
3331,18.0084
3332,10.0084
3333,12.0084
3334,16.0084
3335,1.01686
3336,1.00843
3337,14.0084
3338,5.01687
3339,6.00843
3340,5.01687
3341,10.0084
3342,2.00843
3343,20.0084
3344,10.0084
3345,7.01687
3346,14.0084
3347,1.01686
3348,1.0253
3349,12.0084
3350,2.00843
3351,12.0084
3352,14.0084
3353,8.00843
3354,8.00843
3355,10.0084
3356,10.0084
3357,12.0084
3358,3.01687
3359,20.0084
3360,1.00843
3361,1.01686
3362,10.0084
3363,3.01687
3364,17.0084
3365,16.0169
3366,8.0253
3367,5.03373
3368,1.04216
3369,18.0084
3370,17.0169
3371,16.0253
3372,1.00843
3373,5.00843
3374,14.0084
3375,3.01687
3376,6.00843
3377,4.01687
3378,1.00843
3379,14.0084
3380,1.01686
3381,16.0084
3382,1.01686
3383,14.0084
3384,14.0169
3385,14.0253
3386,8.03373
3387,5.04216
3388,1.00843
3389,18.0084
3390,3.00843
3391,18.0084
3392,18.0169
3393,16.0253
3394,6.03373
3395,8.00843
3396,8.00843
3397,12.0084
3398,12.0169
3399,6.0253
3400,1.00843
3401,7.00843
3402,1.01686
3403,14.0084
3404,8.01686
3405,5.0253
3406,6.00843
3407,14.0084
3408,13.0169
3409,13.0253
3410,1.00843
3411,1.01686
3412,5.00843
3413,3.00843
3414,14.0084
3415,11.0169
3416,12.0084
3417,9.01686
3418,8.0253
3419,7.03373
3420,7.00843
3421,14.0084
3422,5.01687
3423,8.00843
3424,1.01686
3425,5.00843
3426,8.00843
3427,15.0084
3428,13.0169
3429,10.0253
3430,1.00843
3431,5.00843
3432,9.00843
3433,3.00843
3434,1.01686
3435,17.0084
3436,14.0084
3437,7.01687
3438,2.0253
3439,7.00843
3440,20.0084
3441,17.0084
3442,9.01686
3443,16.0084
3444,10.0169
3445,10.0253
3446,6.03373
3447,6.04216
3448,12.0084
3449,11.0084
3450,10.0084
3451,8.00843
3452,10.0084
3453,1.01686
3454,1.0253
3455,13.0084
3456,18.0084
3457,7.01687
3458,16.0084
3459,2.00843
3460,1.01686
3461,5.00843
3462,18.0084
3463,8.00843
3464,7.01687
3465,1.0253
3466,8.00843
3467,5.01687
3468,1.0253
3469,3.00843
3470,4.00843
3471,4.00843
3472,12.0084
3473,9.01686
3474,5.0253
3475,5.03373
3476,11.0084
3477,7.01687
3478,5.0253
3479,5.00843
3480,3.00843
3481,18.0084
3482,12.0084
3483,3.01687
3484,16.0084
3485,13.0084
3486,12.0169
3487,1.00843
3488,7.00843
3489,18.0084
3490,8.01686
3491,16.0084
3492,8.01686
3493,4.0253
3494,20.0084
3495,3.01687
3496,7.00843
3497,3.01687
3498,7.00843
3499,7.01687
3500,5.0253
3501,2.03373
3502,8.00843
3503,2.01687
3504,5.00843
3505,10.0084
3506,5.00843
3507,1.00843
3508,14.0084
3509,7.01687
3510,19.0084
3511,18.0169
3512,16.0084
3513,10.0169
3514,6.0253
3515,12.0084
3516,7.01687
3517,3.0253
3518,5.00843
3519,14.0084
3520,6.01687
3521,5.0253
3522,1.00843
3523,9.00843
3524,8.01686
3525,8.0253
3526,3.03373
3527,1.04216
3528,14.0084
3529,11.0169
3530,10.0253
3531,8.03373
3532,13.0084
3533,12.0169
3534,10.0253
3535,6.03373
3536,4.04216
3537,10.0084
3538,5.00843
3539,8.00843
3540,10.0084
3541,5.01687
3542,10.0084
3543,13.0084
3544,8.01686
3545,5.00843
3546,3.00843
3547,18.0084
3548,10.0084
3549,10.0169
3550,7.0253
3551,5.00843
3552,5.01687
3553,12.0084
3554,9.00843
3555,1.01686
3556,8.00843
3557,8.01686
3558,8.0253
3559,13.0084
3560,10.0084
3561,10.0169
3562,7.00843
3563,1.01686
3564,12.0084
3565,8.01686
3566,8.00843
3567,7.01687
3568,5.0253
3569,12.0084
3570,12.0169
3571,16.0084
3572,10.0084
3573,8.01686
3574,7.0253
3575,7.03373
3576,1.00843
3577,14.0084
3578,18.0084
3579,7.01687
3580,16.0084
3581,12.0169
3582,8.0253
3583,5.03373
3584,13.0084
3585,9.01686
3586,10.0084
3587,16.0084
3588,8.01686
3589,3.0253
3590,1.03373
3591,13.0084
3592,7.00843
3593,7.01687
3594,18.0084
3595,1.01686
3596,1.0253
3597,1.00843
3598,7.00843
3599,1.01686
3600,3.00843
3601,12.0084
3602,8.01686
3603,1.0253
3604,17.0084
3605,5.01687
3606,12.0084
3607,2.00843
3608,10.0084
3609,3.01687
3610,3.0253
3611,14.0084
3612,14.0169
3613,5.0253
3614,5.03373
3615,1.04216
3616,7.00843
3617,5.01687
3618,1.0253
3619,14.0084
3620,8.01686
3621,6.0253
3622,10.0084
3623,3.01687
3624,3.0253
3625,16.0084
3626,13.0169
3627,10.0253
3628,8.03373
3629,8.04216
3630,8.05059
3631,5.00843
3632,3.01687
3633,1.0253
3634,12.0084
3635,7.00843
3636,1.00843
3637,14.0084
3638,8.01686
3639,8.0253
3640,14.0084
3641,5.01687
3642,1.0253
3643,15.0084
3644,5.01687
3645,15.0084
3646,8.01686
3647,5.0253
3648,18.0084
3649,17.0169
3650,14.0253
3651,12.0337
3652,1.04216
3653,20.0084
3654,14.0169
3655,10.0253
3656,5.03373
3657,16.0084
3658,15.0169
3659,14.0253
3660,8.03373
3661,8.04216
3662,6.05059
3663,16.0084
3664,15.0169
3665,10.0084
3666,5.01687
3667,5.0253
3668,3.03373
3669,12.0084
3670,10.0169
3671,5.0253
3672,1.03373
3673,8.00843
3674,8.01686
3675,10.0084
3676,14.0084
3677,12.0084
3678,10.0169
3679,13.0084
3680,9.01686
3681,6.00843
3682,15.0084
3683,13.0169
3684,12.0253
3685,12.0337
3686,12.0422
3687,1.05059
3688,14.0084
3689,10.0084
3690,3.01687
3691,16.0084
3692,12.0169
3693,16.0084
3694,12.0084
3695,8.01686
3696,3.0253
3697,12.0084
3698,10.0084
3699,8.01686
3700,14.0084
3701,10.0169
3702,6.0253
3703,13.0084
3704,1.01686
3705,12.0084
3706,10.0084
3707,5.00843
3708,1.01686
3709,3.00843
3710,7.00843
3711,5.01687
3712,3.0253
3713,18.0084
3714,1.01686
3715,1.0253
3716,1.03373
3717,1.04216
3718,5.00843
3719,16.0084
3720,7.01687
3721,7.0253
3722,5.03373
3723,1.04216
3724,6.00843
3725,15.0084
3726,12.0169
3727,12.0253
3728,16.0084
3729,8.01686
3730,8.0253
3731,5.03373
3732,5.04216
3733,5.05059
3734,17.0084
3735,11.0169
3736,7.0253
3737,2.03373
3738,18.0084
3739,12.0084
3740,7.01687
3741,1.0253
3742,16.0084
3743,12.0169
3744,10.0253
3745,10.0084
3746,3.01687
3747,7.00843
3748,7.01687
3749,15.0084
3750,5.01687
3751,16.0084
3752,15.0084
3753,14.0169
3754,7.0253
3755,8.00843
3756,12.0084
3757,9.01686
3758,16.0084
3759,10.0169
3760,5.0253
3761,14.0084
3762,5.01687
3763,15.0084
3764,12.0169
3765,12.0253
3766,7.00843
3767,1.01686
3768,8.00843
3769,8.01686
3770,18.0084
3771,3.00843
3772,5.00843
3773,18.0084
3774,5.01687
3775,20.0084
3776,8.01686
3777,9.00843
3778,16.0084
3779,13.0169
3780,11.0084
3781,7.01687
3782,20.0084
3783,10.0084
3784,10.0169
3785,3.0253
3786,8.00843
3787,1.00843
3788,13.0084
3789,10.0084
3790,5.01687
3791,3.0253
3792,1.00843
3793,5.00843
3794,18.0084
3795,15.0084
3796,7.01687
3797,1.0253
3798,14.0084
3799,12.0169
3800,12.0253
3801,12.0337
3802,5.04216
3803,1.05059
3804,11.0084
3805,1.01686
3806,15.0084
3807,1.01686
3808,3.00843
3809,1.00843
3810,8.00843
3811,6.01687
3812,6.0253
3813,1.03373
3814,8.00843
3815,8.01686
3816,6.0253
3817,7.00843
3818,5.01687
3819,10.0084
3820,10.0169
3821,10.0253
3822,12.0084
3823,5.00843
3824,10.0084
3825,2.01687
3826,1.0253
3827,14.0084
3828,8.00843
3829,17.0084
3830,17.0084
3831,19.0084
3832,19.0169
3833,1.0253
3834,7.00843
3835,5.01687
3836,5.0253
3837,2.03373
3838,1.00843
3839,7.00843
3840,4.01687
3841,2.0253
3842,8.00843
3843,1.01686
3844,12.0084
3845,7.01687
3846,7.00843
3847,7.00843
3848,3.01687
3849,10.0084
3850,8.01686
3851,7.0253
3852,14.0084
3853,15.0084
3854,6.01687
3855,4.00843
3856,1.01686
3857,15.0084
3858,8.01686
3859,6.00843
3860,10.0084
3861,10.0169
3862,7.00843
3863,10.0084
3864,8.01686
3865,6.00843
3866,7.00843
3867,5.01687
3868,18.0084
3869,3.01687
3870,5.00843
3871,1.01686
3872,5.00843
3873,3.01687
3874,1.0253
3875,3.00843
3876,18.0084
3877,5.01687
3878,5.0253
3879,3.03373
3880,16.0084
3881,3.01687
3882,1.00843
3883,19.0084
3884,9.01686
3885,13.0084
3886,1.01686
3887,1.0253
3888,15.0084
3889,5.00843
3890,16.0084
3891,5.01687
3892,4.0253
3893,1.00843
3894,15.0084
3895,1.00843
3896,13.0084
3897,3.01687
3898,14.0084
3899,8.01686
3900,12.0084
3901,12.0169
3902,5.00843
3903,18.0084
3904,8.01686
3905,1.00843
3906,3.00843
3907,3.01687
3908,18.0084
3909,7.01687
3910,4.0253
3911,3.03373
3912,18.0084
3913,1.01686
3914,12.0084
3915,1.00843
3916,10.0084
3917,3.01687
3918,14.0084
3919,15.0084
3920,8.01686
3921,6.0253
3922,5.03373
3923,5.04216
3924,17.0084
3925,1.01686
3926,10.0084
3927,1.01686
3928,8.00843
3929,6.01687
3930,3.0253
3931,2.03373
3932,16.0084
3933,8.01686
3934,5.0253
3935,12.0084
3936,12.0084
3937,16.0084
3938,7.01687
3939,16.0084
3940,5.01687
3941,1.00843
3942,10.0084
3943,5.01687
3944,14.0084
3945,17.0084
3946,5.00843
3947,2.00843
3948,7.00843
3949,3.01687
3950,1.0253
3951,7.00843
3952,5.01687
3953,16.0084
3954,2.01687
3955,10.0084
3956,10.0084
3957,3.01687
3958,1.0253
3959,8.00843
3960,6.01687
3961,6.0253
3962,5.03373
3963,5.00843
3964,3.01687
3965,3.0253
3966,5.00843
3967,1.01686
3968,8.00843
3969,12.0084
3970,12.0084
3971,14.0084
3972,14.0169
3973,13.0253
3974,8.03373
3975,16.0084
3976,1.00843
3977,12.0084
3978,8.01686
3979,16.0084
3980,15.0169
3981,16.0084
3982,8.00843
3983,8.00843
3984,14.0084
3985,12.0084
3986,9.00843
3987,1.01686
3988,10.0084
3989,13.0084
3990,7.01687
3991,5.0253
3992,3.03373
3993,9.00843
3994,3.01687
3995,5.00843
3996,16.0084
3997,3.00843
3998,3.01687
3999,1.0253
4000,3.00843
4001,18.0084
4002,12.0169
4003,8.00843
4004,6.01687
4005,8.00843
4006,17.0084
4007,10.0084
4008,3.00843
4009,3.01687
4010,1.0253
4011,1.03373
4012,1.04216
4013,18.0084
4014,3.01687
4015,14.0084
4016,12.0169
4017,6.0253
4018,5.00843
4019,5.01687
4020,8.00843
4021,3.01687
4022,3.00843
4023,10.0084
4024,8.01686
4025,8.0253
4026,5.03373
4027,8.00843
4028,6.01687
4029,10.0084
4030,13.0084
4031,1.01686
4032,12.0084
4033,6.01687
4034,8.00843
4035,7.01687
4036,3.0253
4037,14.0084
4038,6.00843
4039,5.01687
4040,18.0084
4041,8.01686
4042,7.0253
4043,8.00843
4044,7.01687
4045,1.0253
4046,12.0084
4047,12.0169
4048,1.0253
4049,7.00843
4050,2.01687
4051,12.0084
4052,1.01686
4053,18.0084
4054,1.01686
4055,14.0084
4056,14.0084
4057,14.0169
4058,3.00843
4059,3.01687
4060,16.0084
4061,7.01687
4062,5.0253
4063,8.00843
4064,8.01686
4065,10.0084
4066,3.01687
4067,17.0084
4068,8.01686
4069,7.00843
4070,3.01687
4071,20.0084
4072,14.0169
4073,13.0253
4074,5.03373
4075,3.04216
4076,1.05059
4077,20.0084
4078,12.0169
4079,8.00843
4080,8.01686
4081,18.0084
4082,8.01686
4083,8.0253
4084,1.03373
4085,8.00843
4086,13.0084
4087,1.00843
4088,5.00843
4089,1.01686
4090,14.0084
4091,14.0169
4092,8.00843
4093,7.01687
4094,5.00843
4095,17.0084
4096,5.01687
4097,3.00843
4098,8.00843
4099,8.01686
4100,7.0253
4101,1.00843
4102,1.01686
4103,14.0084
4104,12.0169
4105,9.0253
4106,12.0084
4107,10.0169
4108,6.00843
4109,15.0084
4110,13.0169
4111,8.0253
4112,3.03373
4113,10.0084
4114,7.00843
4115,7.01687
4116,5.0253
4117,3.03373
4118,4.00843
4119,8.00843
4120,10.0084
4121,3.01687
4122,10.0084
4123,3.00843
4124,8.00843
4125,10.0084
4126,8.00843
4127,5.00843
4128,1.01686
4129,16.0084
4130,14.0169
4131,3.0253
4132,2.03373
4133,1.04216
4134,13.0084
4135,12.0084
4136,8.01686
4137,1.0253
4138,1.00843
4139,1.01686
4140,10.0084
4141,10.0169
4142,2.00843
4143,12.0084
4144,8.01686
4145,3.0253
4146,8.00843
4147,19.0084
4148,13.0169
4149,7.0253
4150,5.03373
4151,7.00843
4152,1.01686
4153,13.0084
4154,12.0169
4155,12.0253
4156,17.0084
4157,8.01686
4158,18.0084
4159,18.0169
4160,16.0084
4161,10.0169
4162,7.00843
4163,1.01686
4164,14.0084
4165,8.01686
4166,5.00843
4167,10.0084
4168,12.0084
4169,8.01686
4170,8.0253
4171,5.03373
4172,20.0084
4173,12.0084
4174,1.01686
4175,10.0084
4176,7.01687
4177,20.0084
4178,14.0169
4179,12.0084
4180,5.01687
4181,3.0253
4182,16.0084
4183,7.01687
4184,5.0253
4185,15.0084
4186,14.0084
4187,7.00843
4188,2.01687
4189,19.0084
4190,13.0169
4191,6.0253
4192,5.03373
4193,5.04216
4194,3.05059
4195,1.05903
4196,12.0084
4197,4.01687
4198,7.00843
4199,5.01687
4200,14.0084
4201,13.0169
4202,6.0253
4203,1.00843
4204,8.00843
4205,3.01687
4206,16.0084
4207,5.01687
4208,5.0253
4209,1.03373
4210,17.0084
4211,10.0169
4212,10.0253
4213,6.03373
4214,3.04216
4215,11.0084
4216,7.01687
4217,7.00843
4218,7.01687
4219,7.00843
4220,5.01687
4221,7.00843
4222,18.0084
4223,13.0169
4224,10.0253
4225,20.0084
4226,19.0169
4227,8.0253
4228,14.0084
4229,12.0169
4230,7.0253
4231,16.0084
4232,7.01687
4233,18.0084
4234,17.0169
4235,7.0253
4236,8.00843
4237,8.01686
4238,1.0253
4239,14.0084
4240,12.0169
4241,8.0253
4242,7.00843
4243,1.01686
4244,12.0084
4245,5.00843
4246,1.01686
4247,8.00843
4248,10.0084
4249,20.0084
4250,18.0169
4251,8.0253
4252,13.0084
4253,9.01686
4254,16.0084
4255,12.0169
4256,7.0253
4257,7.03373
4258,20.0084
4259,13.0169
4260,1.0253
4261,1.03373
4262,1.04216
4263,14.0084
4264,6.01687
4265,6.0253
4266,5.03373
4267,1.04216
4268,16.0084
4269,7.01687
4270,8.00843
4271,8.01686
4272,5.0253
4273,13.0084
4274,12.0169
4275,5.0253
4276,5.03373
4277,14.0084
4278,7.01687
4279,7.0253
4280,1.00843
4281,8.00843
4282,14.0084
4283,10.0169
4284,10.0253
4285,3.03373
4286,1.04216
4287,5.00843
4288,1.01686
4289,16.0084
4290,12.0169
4291,13.0084
4292,8.01686
4293,1.0253
4294,18.0084
4295,10.0169
4296,8.0253
4297,3.00843
4298,3.01687
4299,10.0084
4300,7.01687
4301,3.0253
4302,12.0084
4303,18.0084
4304,6.00843
4305,3.01687
4306,3.0253
4307,3.03373
4308,7.00843
4309,19.0084
4310,8.01686
4311,10.0084
4312,8.00843
4313,20.0084
4314,14.0084
4315,8.00843
4316,5.01687
4317,10.0084
4318,7.00843
4319,5.00843
4320,2.00843
4321,15.0084
4322,5.01687
4323,16.0084
4324,13.0169
4325,13.0253
4326,18.0084
4327,10.0169
4328,17.0084
4329,12.0169
4330,10.0253
4331,3.03373
4332,1.00843
4333,18.0084
4334,8.00843
4335,7.01687
4336,7.0253
4337,12.0084
4338,8.01686
4339,12.0084
4340,12.0169
4341,13.0084
4342,9.01686
4343,3.0253
4344,6.00843
4345,5.00843
4346,5.01687
4347,12.0084
4348,3.01687
4349,14.0084
4350,10.0169
4351,9.0253
4352,12.0084
4353,10.0169
4354,8.0253
4355,7.03373
4356,3.04216
4357,8.00843
4358,3.01687
4359,20.0084
4360,8.01686
4361,8.0253
4362,10.0084
4363,3.01687
4364,1.00843
4365,16.0084
4366,3.01687
4367,20.0084
4368,8.01686
4369,7.00843
4370,5.01687
4371,7.00843
4372,14.0084
4373,10.0169
4374,3.0253
4375,13.0084
4376,14.0084
4377,12.0169
4378,10.0084
4379,5.01687
4380,8.00843
4381,8.01686
4382,6.0253
4383,1.03373
4384,3.00843
4385,16.0084
4386,3.01687
4387,15.0084
4388,5.00843
4389,4.01687
4390,1.00843
4391,1.01686
4392,12.0084
4393,5.01687
4394,3.0253
4395,17.0084
4396,7.01687
4397,7.0253
4398,8.00843
4399,10.0084
4400,13.0084
4401,12.0084
4402,8.01686
4403,12.0084
4404,3.01687
4405,7.00843
4406,4.00843
4407,3.01687
4408,8.00843
4409,3.00843
4410,10.0084
4411,1.01686
4412,1.0253
4413,13.0084
4414,5.00843
4415,18.0084
4416,7.01687
4417,16.0084
4418,8.01686
4419,6.0253
4420,12.0084
4421,2.01687
4422,12.0084
4423,8.01686
4424,5.0253
4425,5.03373
4426,5.04216
4427,12.0084
4428,8.00843
4429,8.01686
4430,10.0084
4431,7.01687
4432,5.0253
4433,3.00843
4434,3.01687
4435,16.0084
4436,4.01687
4437,1.0253
4438,14.0084
4439,8.01686
4440,5.0253
4441,5.03373
4442,16.0084
4443,14.0169
4444,10.0084
4445,7.01687
4446,1.0253
4447,10.0084
4448,12.0084
4449,5.00843
4450,1.01686
4451,1.0253
4452,7.00843
4453,2.01687
4454,14.0084
4455,1.01686
4456,18.0084
4457,12.0169
4458,8.0253
4459,12.0084
4460,10.0169
4461,8.0253
4462,5.03373
4463,3.04216
4464,17.0084
4465,3.01687
4466,17.0084
4467,14.0169
4468,13.0084
4469,3.00843
4470,1.01686
4471,1.00843
4472,14.0084
4473,14.0169
4474,12.0253
4475,12.0337
4476,11.0422
4477,8.05059
4478,5.00843
4479,1.00843
4480,8.00843
4481,9.00843
4482,1.01686
4483,5.00843
4484,3.01687
4485,7.00843
4486,6.01687
4487,8.00843
4488,8.01686
4489,7.0253
4490,5.03373
4491,2.04216
4492,1.05059
4493,18.0084
4494,2.01687
4495,10.0084
4496,8.01686
4497,8.0253
4498,3.03373
4499,16.0084
4500,18.0084
4501,12.0169
4502,5.0253
4503,8.00843
4504,14.0084
4505,8.01686
4506,10.0084
4507,1.01686
4508,10.0084
4509,8.01686
4510,17.0084
4511,5.00843
4512,7.00843
4513,10.0084
4514,7.01687
4515,18.0084
4516,14.0169
4517,12.0253
4518,1.03373
4519,10.0084
4520,5.01687
4521,1.00843
4522,17.0084
4523,4.01687
4524,20.0084
4525,13.0169
4526,5.0253
4527,3.03373
4528,3.00843
4529,2.01687
4530,5.00843
4531,3.01687
4532,13.0084
4533,8.01686
4534,14.0084
4535,8.00843
4536,12.0084
4537,8.01686
4538,14.0084
4539,12.0169
4540,14.0084
4541,16.0084
4542,5.00843
4543,10.0084
4544,8.01686
4545,10.0084
4546,9.01686
4547,7.0253
4548,3.03373
4549,4.00843
4550,2.01687
4551,7.00843
4552,1.01686
4553,7.00843
4554,5.01687
4555,12.0084
4556,3.01687
4557,8.00843
4558,8.01686
4559,1.0253
4560,10.0084
4561,10.0169
4562,15.0084
4563,12.0169
4564,12.0253
4565,1.00843
4566,14.0084
4567,14.0169
4568,5.0253
4569,17.0084
4570,5.01687
4571,8.00843
4572,6.01687
4573,12.0084
4574,12.0169
4575,8.0253
4576,8.03373
4577,5.04216
4578,3.00843
4579,16.0084
4580,9.01686
4581,8.0253
4582,18.0084
4583,14.0169
4584,17.0084
4585,3.01687
4586,5.00843
4587,16.0084
4588,9.01686
4589,2.00843
4590,8.00843
4591,7.01687
4592,2.0253
4593,3.00843
4594,1.00843
4595,5.00843
4596,9.00843
4597,7.00843
4598,18.0084
4599,8.01686
4600,8.0253
4601,7.03373
4602,19.0084
4603,18.0169
4604,14.0253
4605,12.0337
4606,6.04216
4607,5.05059
4608,16.0084
4609,8.01686
4610,20.0084
4611,16.0084
4612,3.01687
4613,3.0253
4614,19.0084
4615,5.01687
4616,12.0084
4617,3.00843
4618,3.01687
4619,3.00843
4620,12.0084
4621,1.01686
4622,3.00843
4623,2.01687
4624,7.00843
4625,19.0084
4626,12.0084
4627,10.0169
4628,3.0253
4629,1.03373
4630,1.04216
4631,8.00843
4632,13.0084
4633,8.00843
4634,14.0084
4635,5.01687
4636,10.0084
4637,5.01687
4638,16.0084
4639,1.01686
4640,7.00843
4641,3.00843
4642,9.00843
4643,1.00843
4644,7.00843
4645,18.0084
4646,13.0169
4647,6.0253
4648,1.00843
4649,16.0084
4650,10.0084
4651,8.01686
4652,9.00843
4653,9.01686
4654,10.0084
4655,13.0084
4656,13.0169
4657,15.0084
4658,14.0169
4659,16.0084
4660,7.01687
4661,8.00843
4662,5.00843
4663,10.0084
4664,8.00843
4665,7.01687
4666,8.00843
4667,1.00843
4668,1.01686
4669,1.00843
4670,13.0084
4671,3.00843
4672,7.00843
4673,5.00843
4674,9.00843
4675,14.0084
4676,13.0169
4677,10.0253
4678,13.0084
4679,12.0169
4680,10.0253
4681,10.0337
4682,5.04216
4683,14.0084
4684,12.0084
4685,16.0084
4686,7.00843
4687,1.01686
4688,5.00843
4689,18.0084
4690,7.01687
4691,5.00843
4692,18.0084
4693,7.01687
4694,5.0253
4695,12.0084
4696,8.01686
4697,2.0253
4698,9.00843
4699,13.0084
4700,16.0084
4701,12.0169
4702,1.0253
4703,12.0084
4704,1.01686
4705,12.0084
4706,5.01687
4707,5.0253
4708,2.00843
4709,1.01686
4710,7.00843
4711,19.0084
4712,1.01686
4713,18.0084
4714,7.01687
4715,7.0253
4716,5.03373
4717,1.04216
4718,1.05059
4719,8.00843
4720,1.01686
4721,12.0084
4722,8.01686
4723,5.0253
4724,3.03373
4725,12.0084
4726,10.0169
4727,9.0253
4728,5.03373
4729,5.04216
4730,3.05059
4731,13.0084
4732,12.0169
4733,7.0253
4734,8.00843
4735,7.01687
4736,1.0253
4737,7.00843
4738,7.01687
4739,4.0253
4740,12.0084
4741,10.0169
4742,8.0253
4743,7.03373
4744,3.04216
4745,3.05059
4746,11.0084
4747,10.0169
4748,10.0253
4749,10.0084
4750,7.01687
4751,5.0253
4752,1.03373
4753,8.00843
4754,3.00843
4755,2.01687
4756,14.0084
4757,12.0169
4758,5.0253
4759,1.03373
4760,16.0084
4761,8.01686
4762,5.0253
4763,17.0084
4764,16.0169
4765,7.0253
4766,9.00843
4767,9.01686
4768,6.0253
4769,6.03373
4770,10.0084
4771,20.0084
4772,3.01687
4773,1.0253
4774,20.0084
4775,5.01687
4776,5.0253
4777,3.03373
4778,16.0084
4779,13.0169
4780,13.0253
4781,10.0337
4782,7.00843
4783,5.01687
4784,5.0253
4785,5.03373
4786,8.00843
4787,8.01686
4788,8.0253
4789,10.0084
4790,6.01687
4791,3.0253
4792,7.00843
4793,5.00843
4794,7.00843
4795,15.0084
4796,8.01686
4797,3.0253
4798,2.00843
4799,7.00843
4800,7.01687
4801,8.00843
4802,18.0084
4803,16.0169
4804,11.0084
4805,12.0084
4806,3.01687
4807,13.0084
4808,7.01687
4809,5.0253
4810,3.03373
4811,8.00843
4812,1.00843
4813,1.01686
4814,9.00843
4815,1.01686
4816,18.0084
4817,18.0169
4818,5.00843
4819,12.0084
4820,14.0084
4821,1.01686
4822,1.0253
4823,16.0084
4824,10.0169
4825,5.0253
4826,2.03373
4827,1.04216
4828,10.0084
4829,1.01686
4830,8.00843
4831,6.01687
4832,6.0253
4833,5.03373
4834,1.04216
4835,20.0084
4836,7.01687
4837,9.00843
4838,8.01686
4839,10.0084
4840,5.00843
4841,15.0084
4842,1.01686
4843,3.00843
4844,8.00843
4845,18.0084
4846,5.01687
4847,1.0253
4848,3.00843
4849,2.01687
4850,1.0253
4851,8.00843
4852,3.01687
4853,3.0253
4854,3.03373
4855,2.04216
4856,8.00843
4857,1.01686
4858,10.0084
4859,10.0169
4860,8.0253
4861,8.03373
4862,5.04216
4863,3.05059
4864,12.0084
4865,18.0084
4866,14.0169
4867,12.0253
4868,11.0337
4869,8.04216
4870,8.00843
4871,6.01687
4872,7.00843
4873,10.0084
4874,19.0084
4875,12.0169
4876,1.0253
4877,7.00843
4878,5.01687
4879,8.00843
4880,15.0084
4881,8.01686
4882,13.0084
4883,10.0169
4884,1.0253
4885,3.00843
4886,1.01686
4887,3.00843
4888,3.01687
4889,5.00843
4890,5.01687
4891,5.0253
4892,12.0084
4893,7.01687
4894,7.0253
4895,7.03373
4896,19.0084
4897,8.01686
4898,8.0253
4899,8.03373
4900,8.04216
4901,8.05059
4902,4.05903
4903,7.00843
4904,1.01686
4905,3.00843
4906,3.01687
4907,12.0084
4908,12.0169
4909,4.0253
4910,9.00843
4911,3.01687
4912,1.0253
4913,1.00843
4914,1.01686
4915,7.00843
4916,8.00843
4917,3.01687
4918,18.0084
4919,10.0169
4920,5.0253
4921,17.0084
4922,9.01686
4923,8.0253
4924,1.03373
4925,3.00843
4926,10.0084
4927,14.0084
4928,12.0169
4929,18.0084
4930,7.01687
4931,1.0253
4932,3.00843
4933,8.00843
4934,3.01687
4935,3.0253
4936,11.0084
4937,5.00843
4938,5.01687
4939,1.00843
4940,10.0084
4941,8.01686
4942,1.0253
4943,10.0084
4944,5.01687
4945,8.00843
4946,15.0084
4947,8.01686
4948,3.0253
4949,7.00843
4950,10.0084
4951,5.01687
4952,3.0253
4953,18.0084
4954,16.0169
4955,7.0253
4956,5.00843
4957,18.0084
4958,12.0169
4959,18.0084
4960,14.0169
4961,7.0253
4962,13.0084
4963,13.0169
4964,16.0084
4965,8.01686
4966,1.0253
4967,11.0084
4968,17.0084
4969,7.01687
4970,1.0253
4971,8.00843
4972,1.01686
4973,19.0084
4974,8.01686
4975,6.0253
4976,5.03373
4977,1.00843
4978,17.0084
4979,10.0169
4980,8.0253
4981,8.03373
4982,7.04216
4983,20.0084
4984,5.01687
4985,5.0253
4986,13.0084
4987,12.0169
4988,8.0253
4989,6.03373
4990,12.0084
4991,7.01687
4992,1.0253
4993,20.0084
4994,14.0169
4995,18.0084
4996,1.01686
4997,18.0084
4998,1.01686
4999,17.0084
5000,5.01687
5001,5.0253
5002,5.03373
5003,3.04216
5004,10.0084
5005,7.01687
5006,5.0253
5007,6.00843
5008,5.01687
5009,5.0253
5010,18.0084
5011,18.0084
5012,14.0169
5013,13.0253
5014,8.03373
5015,20.0084
5016,3.00843
5017,1.01686
5018,10.0084
5019,1.01686
5020,1.0253
5021,15.0084
5022,7.01687
5023,16.0084
5024,7.00843
5025,5.01687
5026,1.0253
5027,9.00843
5028,18.0084
5029,1.00843
5030,3.00843
5031,6.00843
5032,2.01687
5033,18.0084
5034,16.0169
5035,5.0253
5036,5.00843
5037,16.0084
5038,10.0169
5039,10.0253
5040,10.0084
5041,8.00843
5042,16.0084
5043,10.0169
5044,8.0253
5045,8.03373
5046,3.04216
5047,20.0084
5048,10.0084
5049,8.00843
5050,1.01686
5051,15.0084
5052,14.0169
5053,12.0253
5054,7.03373
5055,5.00843
5056,16.0084
5057,5.01687
5058,18.0084
5059,17.0169
5060,16.0253
5061,5.03373
5062,1.00843
5063,7.00843
5064,12.0084
5065,3.01687
5066,3.0253
5067,5.00843
5068,1.00843
5069,1.01686
5070,9.00843
5071,12.0084
5072,7.01687
5073,5.00843
5074,1.01686
5075,14.0084
5076,1.01686
5077,1.0253
5078,7.00843
5079,3.01687
5080,10.0084
5081,16.0084
5082,12.0084
5083,8.01686
5084,8.0253
5085,11.0084
5086,10.0084
5087,10.0169
5088,5.0253
5089,17.0084
5090,11.0169
5091,10.0253
5092,18.0084
5093,12.0169
5094,12.0253
5095,12.0337
5096,12.0422
5097,1.00843
5098,1.01686
5099,14.0084
5100,10.0169
5101,18.0084
5102,12.0169
5103,10.0253
5104,7.00843
5105,18.0084
5106,14.0169
5107,8.0253
5108,3.03373
5109,1.00843
5110,17.0084
5111,1.01686
5112,1.0253
5113,14.0084
5114,10.0169
5115,2.0253
5116,2.03373
5117,3.00843
5118,12.0084
5119,7.01687
5120,3.0253
5121,5.00843
5122,1.01686
5123,16.0084
5124,16.0169
5125,5.0253
5126,12.0084
5127,10.0169
5128,3.0253
5129,2.03373
5130,1.00843
5131,12.0084
5132,12.0169
5133,12.0253
5134,13.0084
5135,1.01686
5136,14.0084
5137,10.0169
5138,16.0084
5139,16.0169
5140,16.0253
5141,8.00843
5142,3.01687
5143,17.0084
5144,10.0169
5145,8.0253
5146,8.03373
5147,18.0084
5148,13.0169
5149,16.0084
5150,16.0169
5151,12.0253
5152,12.0337
5153,8.04216
5154,1.05059
5155,15.0084
5156,16.0084
5157,14.0169
5158,10.0084
5159,5.00843
5160,5.01687
5161,20.0084
5162,16.0169
5163,16.0084
5164,18.0084
5165,16.0084
5166,1.01686
5167,12.0084
5168,3.00843
5169,12.0084
5170,1.00843
5171,3.00843
5172,19.0084
5173,16.0169
5174,1.0253
5175,8.00843
5176,8.01686
5177,5.0253
5178,6.00843
5179,8.00843
5180,8.00843
5181,1.01686
5182,10.0084
5183,2.01687
5184,1.0253
5185,10.0084
5186,13.0084
5187,12.0169
5188,12.0253
5189,5.03373
5190,14.0084
5191,6.01687
5192,14.0084
5193,14.0169
5194,7.0253
5195,1.03373
5196,8.00843
5197,8.01686
5198,5.0253
5199,5.03373
5200,15.0084
5201,10.0169
5202,8.0253
5203,5.00843
5204,3.01687
5205,12.0084
5206,12.0084
5207,7.01687
5208,3.0253
5209,5.00843
5210,3.01687
5211,16.0084
5212,8.01686
5213,7.0253
5214,1.00843
5215,15.0084
5216,8.00843
5217,19.0084
5218,14.0084
5219,14.0169
5220,8.0253
5221,17.0084
5222,1.00843
5223,1.01686
5224,4.00843
5225,1.01686
5226,10.0084
5227,3.00843
5228,2.00843
5229,17.0084
5230,10.0169
5231,8.0253
5232,5.03373
5233,8.00843
5234,5.00843
5235,1.01686
5236,13.0084
5237,10.0169
5238,18.0084
5239,18.0169
5240,11.0084
5241,5.01687
5242,3.00843
5243,17.0084
5244,17.0169
5245,8.00843
5246,7.00843
5247,7.01687
5248,7.0253
5249,1.00843
5250,2.00843
5251,14.0084
5252,1.00843
5253,4.00843
5254,20.0084
5255,17.0169
5256,14.0253
5257,8.03373
5258,5.04216
5259,1.05059
5260,3.00843
5261,1.00843
5262,10.0084
5263,8.00843
5264,16.0084
5265,5.01687
5266,14.0084
5267,8.01686
5268,6.0253
5269,9.00843
5270,8.01686
5271,7.0253
5272,3.03373
5273,2.04216
5274,8.00843
5275,8.01686
5276,8.0253
5277,8.03373
5278,1.04216
5279,1.05059
5280,10.0084
5281,8.00843
5282,8.01686
5283,8.0253
5284,8.03373
5285,3.04216
5286,16.0084
5287,10.0169
5288,16.0084
5289,10.0169
5290,8.0253
5291,12.0084
5292,8.01686
5293,8.0253
5294,8.03373
5295,5.04216
5296,1.05059
5297,18.0084
5298,2.01687
5299,1.00843
5300,15.0084
5301,12.0169
5302,10.0253
5303,5.03373
5304,5.04216
5305,1.05059
5306,1.05903
5307,16.0084
5308,10.0169
5309,7.00843
5310,7.01687
5311,7.0253
5312,5.03373
5313,16.0084
5314,3.01687
5315,14.0084
5316,14.0169
5317,10.0084
5318,7.01687
5319,19.0084
5320,7.01687
5321,16.0084
5322,12.0169
5323,1.0253
5324,14.0084
5325,3.00843
5326,1.01686
5327,19.0084
5328,5.00843
5329,1.00843
5330,10.0084
5331,7.00843
5332,5.01687
5333,5.00843
5334,7.00843
5335,7.01687
5336,8.00843
5337,8.00843
5338,14.0084
5339,1.01686
5340,5.00843
5341,7.00843
5342,6.01687
5343,8.00843
5344,7.01687
5345,1.0253
5346,1.03373
5347,8.00843
5348,3.01687
5349,17.0084
5350,5.01687
5351,10.0084
5352,10.0169
5353,1.0253
5354,8.00843
5355,14.0084
5356,10.0169
5357,10.0253
5358,10.0337
5359,9.04216
5360,2.05059
5361,16.0084
5362,13.0169
5363,8.0253
5364,12.0084
5365,9.01686
5366,1.0253
5367,17.0084
5368,5.01687
5369,2.0253
5370,1.03373
5371,14.0084
5372,7.01687
5373,16.0084
5374,16.0169
5375,18.0084
5376,17.0169
5377,1.00843
5378,16.0084
5379,3.01687
5380,1.0253
5381,8.00843
5382,7.01687
5383,5.00843
5384,13.0084
5385,13.0169
5386,10.0084
5387,8.01686
5388,5.0253
5389,20.0084
5390,4.01687
5391,1.0253
5392,8.00843
5393,5.01687
5394,16.0084
5395,3.01687
5396,10.0084
5397,8.01686
5398,8.0253
5399,5.03373
5400,3.00843
5401,1.01686
5402,12.0084
5403,10.0169
5404,10.0084
5405,9.01686
5406,7.0253
5407,5.03373
5408,6.00843
5409,12.0084
5410,7.01687
5411,18.0084
5412,8.01686
5413,6.0253
5414,15.0084
5415,9.00843
5416,10.0084
5417,3.01687
5418,1.0253
5419,12.0084
5420,12.0169
5421,14.0084
5422,1.00843
5423,7.00843
5424,18.0084
5425,8.01686
5426,8.0253
5427,14.0084
5428,1.01686
5429,7.00843
5430,7.01687
5431,7.00843
5432,7.01687
5433,7.0253
5434,10.0084
5435,5.01687
5436,4.0253
5437,3.03373
5438,1.04216
5439,1.05059
5440,5.00843
5441,5.01687
5442,6.00843
5443,1.01686
5444,12.0084
5445,17.0084
5446,12.0169
5447,8.0253
5448,8.03373
5449,7.04216
5450,1.05059
5451,1.05903
5452,14.0084
5453,13.0169
5454,9.0253
5455,7.03373
5456,16.0084
5457,10.0169
5458,7.0253
5459,7.03373
5460,1.04216
5461,1.05059
5462,10.0084
5463,8.01686
5464,12.0084
5465,18.0084
5466,11.0084
5467,1.01686
5468,17.0084
5469,16.0169
5470,16.0253
5471,16.0337
5472,2.04216
5473,18.0084
5474,14.0169
5475,16.0084
5476,20.0084
5477,17.0084
5478,16.0169
5479,14.0253
5480,12.0337
5481,1.04216
5482,18.0084
5483,20.0084
5484,19.0169
5485,8.0253
5486,7.00843
5487,3.00843
5488,10.0084
5489,3.01687
5490,5.00843
5491,1.01686
5492,1.0253
5493,20.0084
5494,2.01687
5495,1.00843
5496,13.0084
5497,12.0169
5498,1.0253
5499,5.00843
5500,14.0084
5501,14.0169
5502,9.0253
5503,8.03373
5504,5.04216
5505,3.05059
5506,16.0084
5507,8.01686
5508,6.0253
5509,1.03373
5510,7.00843
5511,7.01687
5512,13.0084
5513,10.0169
5514,5.00843
5515,12.0084
5516,12.0084
5517,8.01686
5518,6.0253
5519,14.0084
5520,5.00843
5521,7.00843
5522,8.00843
5523,1.01686
5524,1.0253
5525,14.0084
5526,3.01687
5527,10.0084
5528,1.01686
5529,12.0084
5530,1.01686
5531,16.0084
5532,1.01686
5533,14.0084
5534,5.01687
5535,5.00843
5536,12.0084
5537,5.01687
5538,8.00843
5539,5.00843
5540,16.0084
5541,10.0169
5542,16.0084
5543,12.0084
5544,13.0084
5545,12.0169
5546,3.0253
5547,13.0084
5548,5.01687
5549,14.0084
5550,14.0169
5551,13.0084
5552,8.01686
5553,20.0084
5554,18.0169
5555,10.0253
5556,5.03373
5557,12.0084
5558,10.0169
5559,10.0253
5560,5.03373
5561,5.04216
5562,1.05059
5563,16.0084
5564,13.0084
5565,13.0084
5566,13.0169
5567,1.0253
5568,3.00843
5569,10.0084
5570,8.01686
5571,13.0084
5572,8.01686
5573,6.0253
5574,1.03373
5575,14.0084
5576,15.0084
5577,15.0169
5578,12.0253
5579,16.0084
5580,14.0169
5581,12.0253
5582,8.03373
5583,17.0084
5584,10.0084
5585,12.0084
5586,16.0084
5587,1.01686
5588,7.00843
5589,14.0084
5590,3.01687
5591,1.0253
5592,16.0084
5593,12.0084
5594,8.01686
5595,12.0084
5596,9.01686
5597,18.0084
5598,13.0084
5599,14.0084
5600,8.00843
5601,1.01686
5602,15.0084
5603,7.01687
5604,6.0253
5605,12.0084
5606,12.0084
5607,2.01687
5608,1.0253
5609,14.0084
5610,10.0169
5611,6.0253
5612,9.00843
5613,1.01686
5614,1.00843
5615,1.01686
5616,3.00843
5617,18.0084
5618,7.01687
5619,5.0253
5620,3.03373
5621,18.0084
5622,10.0169
5623,5.0253
5624,5.00843
5625,14.0084
5626,8.01686
5627,7.0253
5628,5.03373
5629,1.04216
5630,14.0084
5631,10.0169
5632,5.0253
5633,12.0084
5634,9.01686
5635,8.0253
5636,8.03373
5637,5.04216
5638,12.0084
5639,12.0169
5640,10.0253
5641,16.0084
5642,10.0169
5643,14.0084
5644,12.0169
5645,8.0253
5646,6.03373
5647,16.0084
5648,13.0169
5649,8.0253
5650,8.03373
5651,17.0084
5652,10.0169
5653,8.0253
5654,15.0084
5655,8.01686
5656,1.0253
5657,17.0084
5658,10.0169
5659,8.00843
5660,5.00843
5661,1.01686
5662,5.00843
5663,5.01687
5664,1.0253
5665,1.03373
5666,17.0084
5667,16.0169
5668,12.0253
5669,5.03373
5670,6.00843
5671,19.0084
5672,7.01687
5673,8.00843
5674,3.01687
5675,17.0084
5676,8.01686
5677,8.0253
5678,1.03373
5679,1.00843
5680,6.00843
5681,12.0084
5682,7.01687
5683,7.00843
5684,7.01687
5685,15.0084
5686,13.0169
5687,8.0253
5688,16.0084
5689,9.01686
5690,19.0084
5691,3.01687
5692,7.00843
5693,5.01687
5694,10.0084
5695,14.0084
5696,8.00843
5697,8.01686
5698,7.0253
5699,1.03373
5700,16.0084
5701,10.0169
5702,5.00843
5703,12.0084
5704,8.01686
5705,20.0084
5706,6.01687
5707,13.0084
5708,5.01687
5709,8.00843
5710,16.0084
5711,8.00843
5712,8.00843
5713,5.01687
5714,4.00843
5715,1.01686
5716,1.0253
5717,7.00843
5718,5.01687
5719,15.0084
5720,13.0169
5721,5.0253
5722,10.0084
5723,7.01687
5724,5.0253
5725,3.00843
5726,1.01686
5727,17.0084
5728,7.01687
5729,10.0084
5730,3.01687
5731,13.0084
5732,12.0169
5733,7.0253
5734,12.0084
5735,3.01687
5736,13.0084
5737,13.0169
5738,10.0253
5739,8.03373
5740,5.04216
5741,7.00843
5742,5.01687
5743,1.0253
5744,15.0084
5745,8.01686
5746,16.0084
5747,3.01687
5748,1.0253
5749,8.00843
5750,13.0084
5751,8.01686
5752,1.0253
5753,10.0084
5754,10.0084
5755,8.01686
5756,16.0084
5757,16.0084
5758,14.0169
5759,2.00843
5760,8.00843
5761,3.01687
5762,15.0084
5763,12.0084
5764,5.01687
5765,18.0084
5766,9.00843
5767,8.01686
5768,16.0084
5769,11.0169
5770,10.0253
5771,7.00843
5772,7.00843
5773,3.01687
5774,8.00843
5775,8.00843
5776,3.01687
5777,3.0253
5778,1.03373
5779,1.04216
5780,17.0084
5781,13.0169
5782,10.0084
5783,11.0084
5784,16.0084
5785,14.0169
5786,1.00843
5787,18.0084
5788,6.01687
5789,3.0253
5790,17.0084
5791,5.01687
5792,5.0253
5793,17.0084
5794,6.01687
5795,18.0084
5796,14.0169
5797,13.0253
5798,14.0084
5799,1.01686
5800,1.0253
5801,8.00843
5802,16.0084
5803,14.0169
5804,7.0253
5805,8.00843
5806,3.01687
5807,17.0084
5808,6.01687
5809,3.0253
5810,3.03373
5811,14.0084
5812,5.01687
5813,8.00843
5814,18.0084
5815,1.01686
5816,14.0084
5817,1.00843
5818,20.0084
5819,6.00843
5820,14.0084
5821,3.01687
5822,7.00843
5823,10.0084
5824,5.01687
5825,14.0084
5826,1.01686
5827,17.0084
5828,3.01687
5829,3.00843
5830,13.0084
5831,8.01686
5832,5.00843
5833,17.0084
5834,8.01686
5835,8.0253
5836,18.0084
5837,10.0169
5838,8.0253
5839,7.03373
5840,8.00843
5841,5.01687
5842,1.0253
5843,1.03373
5844,1.04216
5845,5.00843
5846,5.00843
5847,5.01687
5848,3.0253
5849,8.00843
5850,6.01687
5851,7.00843
5852,5.01687
5853,3.0253
5854,16.0084
5855,8.01686
5856,8.0253
5857,6.03373
5858,6.04216
5859,1.05059
5860,12.0084
5861,7.01687
5862,10.0084
5863,7.01687
5864,8.00843
5865,5.01687
5866,5.00843
5867,3.01687
5868,12.0084
5869,12.0169
5870,17.0084
5871,16.0169
5872,16.0253
5873,16.0084
5874,14.0169
5875,8.0253
5876,7.03373
5877,3.04216
5878,18.0084
5879,18.0169
5880,17.0253
5881,15.0084
5882,8.01686
5883,1.00843
5884,17.0084
5885,8.01686
5886,6.00843
5887,1.00843
5888,8.00843
5889,18.0084
5890,8.01686
5891,12.0084
5892,10.0169
5893,7.00843
5894,13.0084
5895,18.0084
5896,18.0169
5897,12.0253
5898,2.03373
5899,1.04216
5900,16.0084
5901,3.00843
5902,3.01687
5903,1.0253
5904,1.03373
5905,5.00843
5906,5.01687
5907,1.0253
5908,6.00843
5909,16.0084
5910,12.0169
5911,8.0253
5912,7.03373
5913,5.04216
5914,5.05059
5915,10.0084
5916,8.00843
5917,7.01687
5918,13.0084
5919,1.01686
5920,13.0084
5921,2.01687
5922,1.0253
5923,16.0084
5924,2.01687
5925,12.0084
5926,19.0084
5927,17.0084
5928,14.0169
5929,6.0253
5930,18.0084
5931,8.00843
5932,1.01686
5933,7.00843
5934,6.01687
5935,8.00843
5936,17.0084
5937,10.0169
5938,3.0253
5939,14.0084
5940,10.0084
5941,10.0169
5942,3.0253
5943,8.00843
5944,8.01686
5945,8.0253
5946,12.0084
5947,1.01686
5948,13.0084
5949,10.0169
5950,3.0253
5951,8.00843
5952,8.01686
5953,8.0253
5954,8.03373
5955,17.0084
5956,3.01687
5957,3.0253
5958,14.0084
5959,1.01686
5960,8.00843
5961,6.01687
5962,6.0253
5963,16.0084
5964,14.0169
5965,14.0253
5966,7.03373
5967,10.0084
5968,10.0169
5969,8.0253
5970,13.0084
5971,10.0169
5972,5.0253
5973,3.03373
5974,1.04216
5975,13.0084
5976,5.01687
5977,18.0084
5978,14.0169
5979,5.0253
5980,17.0084
5981,13.0169
5982,14.0084
5983,9.01686
5984,16.0084
5985,17.0084
5986,17.0169
5987,3.0253
5988,3.03373
5989,18.0084
5990,4.01687
5991,1.00843
5992,10.0084
5993,8.01686
5994,16.0084
5995,12.0169
5996,1.00843
5997,18.0084
5998,14.0084
5999,10.0169
6000,13.0084
6001,16.0084
6002,6.00843
6003,13.0084
6004,17.0084
6005,3.01687
6006,6.00843
6007,3.01687
6008,15.0084
6009,12.0169
6010,7.00843
6011,16.0084
6012,1.01686
6013,8.00843
6014,5.00843
6015,7.00843
6016,7.00843
6017,1.01686
6018,14.0084
6019,10.0169
6020,16.0084
6021,10.0169
6022,5.0253
6023,10.0084
6024,5.01687
6025,5.00843
6026,13.0084
6027,12.0169
6028,8.0253
6029,7.03373
6030,7.04216
6031,3.05059
6032,13.0084
6033,10.0169
6034,8.0253
6035,1.03373
6036,14.0084
6037,10.0169
6038,9.0253
6039,2.03373
6040,5.00843
6041,3.01687
6042,3.0253
6043,4.00843
6044,18.0084
6045,12.0169
6046,7.0253
6047,5.03373
6048,1.04216
6049,14.0084
6050,16.0084
6051,15.0169
6052,10.0253
6053,5.03373
6054,16.0084
6055,13.0084
6056,12.0169
6057,19.0084
6058,6.01687
6059,5.00843
6060,16.0084
6061,8.01686
6062,14.0084
6063,18.0084
6064,12.0169
6065,1.0253
6066,16.0084
6067,10.0169
6068,1.00843
6069,15.0084
6070,2.01687
6071,7.00843
6072,8.00843
6073,3.01687
6074,5.00843
6075,10.0084
6076,7.01687
6077,14.0084
6078,8.01686
6079,12.0084
6080,5.00843
6081,16.0084
6082,7.00843
6083,12.0084
6084,15.0084
6085,16.0084
6086,7.01687
6087,3.0253
6088,12.0084
6089,1.01686
6090,14.0084
6091,8.01686
6092,1.00843
6093,10.0084
6094,10.0169
6095,10.0253
6096,1.03373
6097,3.00843
6098,1.01686
6099,1.0253
6100,6.00843
6101,10.0084
6102,10.0169
6103,7.0253
6104,3.03373
6105,14.0084
6106,8.01686
6107,1.0253
6108,1.03373
6109,13.0084
6110,8.01686
6111,2.0253
6112,16.0084
6113,16.0169
6114,10.0253
6115,3.03373
6116,2.04216
6117,14.0084
6118,4.01687
6119,2.0253
6120,10.0084
6121,10.0169
6122,10.0084
6123,16.0084
6124,14.0169
6125,8.0253
6126,7.03373
6127,14.0084
6128,3.01687
6129,3.0253
6130,15.0084
6131,4.01687
6132,17.0084
6133,14.0169
6134,2.00843
6135,1.01686
6136,18.0084
6137,7.00843
6138,18.0084
6139,5.00843
6140,16.0084
6141,14.0169
6142,5.0253
6143,14.0084
6144,4.01687
6145,8.00843
6146,8.01686
6147,8.0253
6148,8.00843
6149,14.0084
6150,1.01686
6151,10.0084
6152,8.00843
6153,5.01687
6154,2.0253
6155,20.0084
6156,3.01687
6157,5.00843
6158,8.00843
6159,7.00843
6160,8.00843
6161,7.01687
6162,7.00843
6163,14.0084
6164,8.00843
6165,16.0084
6166,14.0169
6167,5.0253
6168,2.03373
6169,13.0084
6170,12.0169
6171,6.0253
6172,15.0084
6173,12.0169
6174,7.0253
6175,13.0084
6176,8.01686
6177,5.0253
6178,5.03373
6179,3.04216
6180,17.0084
6181,14.0169
6182,12.0253
6183,8.03373
6184,8.04216
6185,1.05059
6186,10.0084
6187,8.01686
6188,7.0253
6189,5.03373
6190,2.04216
6191,16.0084
6192,11.0169
6193,8.0253
6194,3.03373
6195,3.04216
6196,12.0084
6197,1.01686
6198,18.0084
6199,10.0169
6200,1.0253
6201,12.0084
6202,3.01687
6203,14.0084
6204,12.0169
6205,12.0253
6206,8.00843
6207,7.01687
6208,5.0253
6209,6.00843
6210,6.01687
6211,10.0084
6212,7.01687
6213,7.0253
6214,4.03373
6215,16.0084
6216,9.01686
6217,9.0253
6218,8.03373
6219,8.04216
6220,8.05059
6221,1.05903
6222,18.0084
6223,6.01687
6224,18.0084
6225,13.0169
6226,10.0084
6227,1.01686
6228,1.0253
6229,8.00843
6230,12.0084
6231,14.0084
6232,8.00843
6233,16.0084
6234,9.01686
6235,1.0253
6236,17.0084
6237,14.0169
6238,19.0084
6239,15.0169
6240,10.0253
6241,7.03373
6242,6.00843
6243,3.01687
6244,5.00843
6245,5.01687
6246,3.0253
6247,10.0084
6248,8.01686
6249,6.0253
6250,18.0084
6251,10.0169
6252,5.0253
6253,5.03373
6254,5.04216
6255,1.00843
6256,8.00843
6257,8.01686
6258,8.0253
6259,7.03373
6260,1.04216
6261,9.00843
6262,3.01687
6263,3.0253
6264,1.03373
6265,14.0084
6266,12.0169
6267,10.0253
6268,7.03373
6269,1.04216
6270,6.00843
6271,3.00843
6272,7.00843
6273,7.01687
6274,14.0084
6275,3.01687
6276,14.0084
6277,7.01687
6278,16.0084
6279,5.01687
6280,17.0084
6281,8.01686
6282,1.0253
6283,1.03373
6284,12.0084
6285,12.0169
6286,5.0253
6287,10.0084
6288,8.01686
6289,14.0084
6290,14.0169
6291,14.0253
6292,10.0337
6293,16.0084
6294,8.01686
6295,5.0253
6296,16.0084
6297,16.0169
6298,7.0253
6299,1.03373
6300,5.00843
6301,3.01687
6302,18.0084
6303,8.01686
6304,3.0253
6305,1.03373
6306,5.00843
6307,20.0084
6308,13.0084
6309,14.0084
6310,8.01686
6311,14.0084
6312,12.0084
6313,1.00843
6314,12.0084
6315,7.01687
6316,10.0084
6317,1.01686
6318,1.0253
6319,16.0084
6320,12.0084
6321,13.0084
6322,7.01687
6323,6.0253
6324,5.03373
6325,4.04216
6326,1.00843
6327,1.01686
6328,20.0084
6329,3.01687
6330,8.00843
6331,7.01687
6332,1.00843
6333,19.0084
6334,16.0169
6335,1.0253
6336,10.0084
6337,10.0169
6338,3.0253
6339,3.00843
6340,3.00843
6341,16.0084
6342,5.01687
6343,1.0253
6344,15.0084
6345,14.0169
6346,14.0253
6347,14.0337
6348,8.04216
6349,7.05059
6350,16.0084
6351,10.0169
6352,9.0253
6353,9.00843
6354,1.01686
6355,14.0084
6356,8.00843
6357,8.01686
6358,10.0084
6359,5.01687
6360,8.00843
6361,12.0084
6362,13.0084
6363,5.01687
6364,3.0253
6365,14.0084
6366,5.01687
6367,1.0253
6368,1.00843
6369,1.01686
6370,1.0253
6371,12.0084
6372,6.01687
6373,1.0253
6374,17.0084
6375,17.0084
6376,1.01686
6377,20.0084
6378,10.0169
6379,5.0253
6380,16.0084
6381,10.0169
6382,18.0084
6383,14.0084
6384,12.0169
6385,5.0253
6386,10.0084
6387,9.01686
6388,8.0253
6389,5.03373
6390,5.04216
6391,10.0084
6392,16.0084
6393,3.01687
6394,17.0084
6395,19.0084
6396,15.0084
6397,12.0084
6398,3.00843
6399,8.00843
6400,5.00843
6401,12.0084
6402,8.00843
6403,19.0084
6404,3.01687
6405,14.0084
6406,14.0169
6407,5.00843
6408,1.01686
6409,5.00843
6410,18.0084
6411,18.0169
6412,1.00843
6413,14.0084
6414,14.0084
6415,10.0169
6416,13.0084
6417,3.01687
6418,17.0084
6419,1.01686
6420,13.0084
6421,1.00843
6422,12.0084
6423,12.0169
6424,8.00843
6425,6.00843
6426,3.01687
6427,5.00843
6428,2.01687
6429,2.0253
6430,12.0084
6431,10.0169
6432,18.0084
6433,10.0169
6434,16.0084
6435,5.01687
6436,10.0084
6437,10.0169
6438,1.0253
6439,14.0084
6440,8.00843
6441,4.00843
6442,2.01687
6443,14.0084
6444,5.01687
6445,3.0253
6446,5.00843
6447,4.01687
6448,12.0084
6449,5.01687
6450,14.0084
6451,12.0169
6452,7.0253
6453,8.00843
6454,3.00843
6455,12.0084
6456,3.01687
6457,1.0253
6458,13.0084
6459,3.01687
6460,14.0084
6461,12.0169
6462,1.0253
6463,16.0084
6464,3.01687
6465,16.0084
6466,13.0169
6467,14.0084
6468,10.0169
6469,8.0253
6470,7.03373
6471,12.0084
6472,3.01687
6473,3.0253
6474,18.0084
6475,12.0169
6476,19.0084
6477,8.01686
6478,7.0253
6479,5.03373
6480,10.0084
6481,8.01686
6482,14.0084
6483,12.0169
6484,10.0253
6485,7.00843
6486,3.01687
6487,14.0084
6488,14.0169
6489,3.00843
6490,14.0084
6491,19.0084
6492,14.0169
6493,10.0253
6494,10.0084
6495,8.01686
6496,4.0253
6497,8.00843
6498,3.01687
6499,1.0253
6500,13.0084
6501,2.00843
6502,1.01686
6503,12.0084
6504,8.00843
6505,4.01687
6506,14.0084
6507,7.01687
6508,5.0253
6509,10.0084
6510,5.01687
6511,3.0253
6512,6.00843
6513,10.0084
6514,8.00843
6515,7.01687
6516,1.00843
6517,1.01686
6518,1.0253
6519,13.0084
6520,16.0084
6521,15.0084
6522,1.01686
6523,5.00843
6524,17.0084
6525,17.0169
6526,17.0253
6527,5.03373
6528,6.00843
6529,12.0084
6530,8.00843
6531,13.0084
6532,5.00843
6533,6.00843
6534,1.01686
6535,9.00843
6536,7.01687
6537,7.0253
6538,8.00843
6539,16.0084
6540,10.0084
6541,3.00843
6542,8.00843
6543,14.0084
6544,1.01686
6545,7.00843
6546,7.01687
6547,3.0253
6548,8.00843
6549,8.01686
6550,9.00843
6551,1.01686
6552,14.0084
6553,15.0084
6554,7.01687
6555,12.0084
6556,14.0084
6557,14.0084
6558,7.00843
6559,1.00843
6560,17.0084
6561,14.0169
6562,12.0253
6563,1.03373
6564,19.0084
6565,7.00843
6566,4.01687
6567,20.0084
6568,20.0084
6569,5.01687
6570,10.0084
6571,5.01687
6572,5.0253
6573,4.03373
6574,17.0084
6575,10.0084
6576,3.01687
6577,15.0084
6578,1.01686
6579,5.00843
6580,3.01687
6581,18.0084
6582,7.01687
6583,12.0084
6584,1.01686
6585,1.0253
6586,15.0084
6587,8.01686
6588,18.0084
6589,7.01687
6590,3.0253
6591,6.00843
6592,16.0084
6593,6.00843
6594,18.0084
6595,7.01687
6596,6.0253
6597,1.00843
6598,8.00843
6599,8.01686
6600,10.0084
6601,9.01686
6602,7.0253
6603,6.03373
6604,12.0084
6605,8.01686
6606,14.0084
6607,10.0169
6608,13.0084
6609,12.0169
6610,6.0253
6611,5.03373
6612,1.04216
6613,16.0084
6614,13.0169
6615,12.0253
6616,12.0337
6617,12.0084
6618,8.01686
6619,8.0253
6620,8.03373
6621,7.04216
6622,11.0084
6623,18.0084
6624,13.0084
6625,4.01687
6626,8.00843
6627,19.0084
6628,15.0169
6629,6.0253
6630,16.0084
6631,7.01687
6632,16.0084
6633,12.0169
6634,8.0253
6635,3.03373
6636,18.0084
6637,7.00843
6638,5.00843
6639,5.00843
6640,10.0084
6641,1.01686
6642,3.00843
6643,1.01686
6644,16.0084
6645,14.0169
6646,12.0253
6647,12.0337
6648,8.04216
6649,15.0084
6650,10.0169
6651,7.0253
6652,1.03373
6653,1.04216
6654,14.0084
6655,10.0169
6656,8.0253
6657,12.0084
6658,12.0169
6659,5.00843
6660,5.01687
6661,15.0084
6662,14.0169
6663,13.0084
6664,16.0084
6665,8.00843
6666,5.01687
6667,1.0253
6668,14.0084
6669,10.0169
6670,14.0084
6671,14.0169
6672,7.00843
6673,15.0084
6674,8.01686
6675,8.00843
6676,13.0084
6677,5.01687
6678,1.0253
6679,1.03373
6680,16.0084
6681,16.0169
6682,12.0253
6683,10.0337
6684,5.04216
6685,10.0084
6686,8.01686
6687,8.0253
6688,3.03373
6689,3.04216
6690,12.0084
6691,16.0084
6692,12.0169
6693,5.0253
6694,13.0084
6695,10.0084
6696,8.01686
6697,8.00843
6698,8.01686
6699,3.00843
6700,10.0084
6701,10.0084
6702,8.01686
6703,18.0084
6704,14.0084
6705,6.01687
6706,12.0084
6707,12.0169
6708,3.00843
6709,12.0084
6710,1.01686
6711,13.0084
6712,3.01687
6713,3.0253
6714,8.00843
6715,3.01687
6716,2.0253
6717,1.03373
6718,16.0084
6719,16.0169
6720,7.00843
6721,7.01687
6722,5.0253
6723,15.0084
6724,10.0169
6725,6.0253
6726,16.0084
6727,8.00843
6728,18.0084
6729,13.0169
6730,8.0253
6731,7.03373
6732,8.00843
6733,5.01687
6734,14.0084
6735,13.0169
6736,12.0253
6737,3.03373
6738,15.0084
6739,12.0169
6740,8.00843
6741,10.0084
6742,1.00843
6743,8.00843
6744,19.0084
6745,12.0169
6746,5.0253
6747,5.00843
6748,1.01686
6749,1.0253
6750,15.0084
6751,12.0169
6752,8.0253
6753,1.03373
6754,14.0084
6755,18.0084
6756,5.01687
6757,1.0253
6758,12.0084
6759,12.0169
6760,1.0253
6761,20.0084
6762,18.0084
6763,3.01687
6764,4.00843
6765,1.01686
6766,10.0084
6767,7.01687
6768,5.0253
6769,10.0084
6770,8.01686
6771,13.0084
6772,12.0169
6773,10.0253
6774,8.03373
6775,8.04216
6776,3.05059
6777,8.00843
6778,12.0084
6779,1.00843
6780,8.00843
6781,3.00843
6782,3.00843
6783,3.01687
6784,5.00843
6785,17.0084
6786,14.0169
6787,3.0253
6788,2.03373
6789,1.04216
6790,8.00843
6791,6.01687
6792,10.0084
6793,14.0084
6794,8.01686
6795,10.0084
6796,10.0084
6797,3.01687
6798,12.0084
6799,10.0084
6800,3.01687
6801,17.0084
6802,13.0084
6803,10.0169
6804,14.0084
6805,8.01686
6806,8.00843
6807,8.01686
6808,7.0253
6809,16.0084
6810,16.0169
6811,11.0253
6812,9.00843
6813,8.01686
6814,8.0253
6815,1.03373
6816,20.0084
6817,13.0169
6818,10.0253
6819,3.03373
6820,13.0084
6821,3.01687
6822,5.00843
6823,5.00843
6824,1.00843
6825,17.0084
6826,8.01686
6827,8.0253
6828,2.03373
6829,7.00843
6830,3.01687
6831,18.0084
6832,14.0169
6833,10.0084
6834,12.0084
6835,13.0084
6836,12.0084
6837,12.0169
6838,9.00843
6839,1.01686
6840,17.0084
6841,10.0169
6842,7.0253
6843,13.0084
6844,13.0169
6845,12.0253
6846,3.03373
6847,14.0084
6848,12.0169
6849,10.0253
6850,10.0337
6851,7.00843
6852,5.00843
6853,5.01687
6854,3.0253
6855,15.0084
6856,1.00843
6857,18.0084
6858,13.0084
6859,1.01686
6860,14.0084
6861,14.0169
6862,16.0084
6863,8.01686
6864,8.0253
6865,17.0084
6866,8.01686
6867,13.0084
6868,5.01687
6869,3.00843
6870,10.0084
6871,1.01686
6872,8.00843
6873,8.01686
6874,9.00843
6875,7.01687
6876,8.00843
6877,10.0084
6878,7.01687
6879,3.0253
6880,14.0084
6881,8.01686
6882,16.0084
6883,12.0169
6884,7.0253
6885,16.0084
6886,1.01686
6887,1.0253
6888,1.03373
6889,12.0084
6890,12.0169
6891,12.0253
6892,8.00843
6893,3.01687
6894,16.0084
6895,15.0169
6896,5.0253
6897,5.03373
6898,5.04216
6899,3.05059
6900,10.0084
6901,3.01687
6902,11.0084
6903,8.00843
6904,8.01686
6905,1.0253
6906,7.00843
6907,18.0084
6908,14.0169
6909,10.0253
6910,10.0337
6911,8.04216
6912,3.05059
6913,5.00843
6914,5.01687
6915,18.0084
6916,7.01687
6917,5.0253
6918,19.0084
6919,18.0084
6920,13.0169
6921,13.0253
6922,12.0337
6923,1.04216
6924,13.0084
6925,3.01687
6926,1.0253
6927,16.0084
6928,15.0169
6929,18.0084
6930,19.0084
6931,13.0169
6932,7.0253
6933,18.0084
6934,16.0169
6935,20.0084
6936,17.0169
6937,5.00843
6938,1.01686
6939,8.00843
6940,5.01687
6941,5.0253
6942,8.00843
6943,14.0084
6944,5.01687
6945,20.0084
6946,5.01687
6947,3.0253
6948,16.0084
6949,16.0169
6950,20.0084
6951,8.01686
6952,10.0084
6953,3.01687
6954,8.00843
6955,13.0084
6956,1.01686
6957,1.00843
6958,18.0084
6959,16.0169
6960,12.0253
6961,5.00843
6962,10.0084
6963,10.0169
6964,3.00843
6965,3.00843
6966,1.00843
6967,7.00843
6968,8.00843
6969,1.01686
6970,9.00843
6971,5.01687
6972,12.0084
6973,1.01686
6974,14.0084
6975,9.01686
6976,10.0084
6977,10.0169
6978,1.0253
6979,1.03373
6980,15.0084
6981,5.00843
6982,5.01687
6983,1.0253
6984,1.00843
6985,14.0084
6986,7.01687
6987,5.0253
6988,13.0084
6989,13.0169
6990,7.0253
6991,5.03373
6992,3.04216
6993,3.05059
6994,16.0084
6995,10.0169
6996,8.0253
6997,8.03373
6998,6.04216
6999,4.05059
7000,16.0084
7001,12.0169
7002,5.0253
7003,4.03373
7004,14.0084
7005,12.0169
7006,8.0253
7007,7.03373
7008,13.0084
7009,1.01686
7010,10.0084
7011,9.01686
7012,8.0253
7013,8.03373
7014,16.0084
7015,14.0169
7016,14.0253
7017,5.03373
7018,5.04216
7019,17.0084
7020,15.0169
7021,13.0253
7022,11.0337
7023,5.04216
7024,13.0084
7025,12.0169
7026,10.0253
7027,14.0084
7028,10.0169
7029,8.0253
7030,8.00843
7031,1.01686
7032,16.0084
7033,3.01687
7034,18.0084
7035,18.0169
7036,12.0253
7037,18.0084
7038,18.0169
7039,8.0253
7040,7.00843
7041,10.0084
7042,8.01686
7043,7.0253
7044,8.00843
7045,18.0084
7046,2.01687
7047,12.0084
7048,1.01686
7049,3.00843
7050,16.0084
7051,12.0169
7052,9.0253
7053,14.0084
7054,8.01686
7055,7.0253
7056,7.03373
7057,3.00843
7058,1.01686
7059,1.0253
7060,7.00843
7061,3.01687
7062,1.00843
7063,1.01686
7064,8.00843
7065,10.0084
7066,8.01686
7067,5.00843
7068,5.01687
7069,3.0253
7070,16.0084
7071,5.01687
7072,17.0084
7073,14.0169
7074,12.0253
7075,7.00843
7076,14.0084
7077,7.00843
7078,8.00843
7079,10.0084
7080,12.0084
7081,12.0169
7082,3.0253
7083,3.00843
7084,18.0084
7085,14.0169
7086,8.0253
7087,1.00843
7088,10.0084
7089,10.0169
7090,6.0253
7091,1.03373
7092,1.04216
7093,1.05059
7094,17.0084
7095,5.00843
7096,1.00843
7097,1.01686
7098,14.0084
7099,10.0084
7100,5.01687
7101,13.0084
7102,12.0169
7103,7.0253
7104,18.0084
7105,8.01686
7106,8.0253
7107,3.00843
7108,16.0084
7109,4.00843
7110,14.0084
7111,5.01687
7112,5.0253
7113,5.03373
7114,6.00843
7115,3.01687
7116,15.0084
7117,7.01687
7118,10.0084
7119,8.01686
7120,8.0253
7121,5.03373
7122,10.0084
7123,11.0084
7124,8.01686
7125,12.0084
7126,12.0169
7127,14.0084
7128,18.0084
7129,20.0084
7130,10.0169
7131,10.0253
7132,7.00843
7133,1.00843
7134,7.00843
7135,1.00843
7136,1.00843
7137,5.00843
7138,2.01687
7139,1.00843
7140,12.0084
7141,6.00843
7142,8.00843
7143,5.01687
7144,5.00843
7145,5.01687
7146,12.0084
7147,7.01687
7148,8.00843
7149,7.00843
7150,5.01687
7151,10.0084
7152,1.01686
7153,1.0253
7154,12.0084
7155,12.0084
7156,12.0169
7157,3.0253
7158,16.0084
7159,2.01687
7160,16.0084
7161,12.0084
7162,18.0084
7163,10.0169
7164,8.0253
7165,6.03373
7166,5.04216
7167,13.0084
7168,8.00843
7169,7.01687
7170,1.0253
7171,1.03373
7172,1.04216
7173,14.0084
7174,12.0169
7175,10.0084
7176,6.01687
7177,6.0253
7178,7.00843
7179,7.01687
7180,2.0253
7181,1.03373
7182,8.00843
7183,13.0084
7184,1.01686
7185,7.00843
7186,5.01687
7187,14.0084
7188,13.0169
7189,10.0253
7190,8.03373
7191,8.04216
7192,6.05059
7193,5.05903
7194,3.06746
7195,14.0084
7196,12.0169
7197,8.0253
7198,8.00843
7199,3.01687
7200,15.0084
7201,12.0169
7202,10.0253
7203,7.03373
7204,12.0084
7205,8.01686
7206,5.0253
7207,14.0084
7208,10.0084
7209,8.01686
7210,8.00843
7211,17.0084
7212,15.0169
7213,1.0253
7214,16.0084
7215,16.0169
7216,11.0084
7217,18.0084
7218,13.0084
7219,8.00843
7220,5.00843
7221,5.01687
7222,18.0084
7223,16.0169
7224,3.0253
7225,3.03373
7226,1.04216
7227,5.00843
7228,16.0084
7229,1.00843
7230,8.00843
7231,6.01687
7232,10.0084
7233,19.0084
7234,1.01686
7235,9.00843
7236,8.00843
7237,3.01687
7238,1.0253
7239,8.00843
7240,1.01686
7241,9.00843
7242,14.0084
7243,12.0169
7244,8.0253
7245,5.03373
7246,8.00843
7247,12.0084
7248,7.01687
7249,7.0253
7250,5.03373
7251,1.04216
7252,17.0084
7253,13.0169
7254,8.0253
7255,8.00843
7256,16.0084
7257,10.0169
7258,10.0253
7259,3.03373
7260,19.0084
7261,14.0169
7262,16.0084
7263,14.0169
7264,1.0253
7265,8.00843
7266,8.00843
7267,18.0084
7268,1.00843
7269,12.0084
7270,5.00843
7271,1.01686
7272,2.00843
7273,1.00843
7274,1.01686
7275,1.00843
7276,1.01686
7277,1.0253
7278,18.0084
7279,5.01687
7280,5.0253
7281,3.03373
7282,14.0084
7283,1.00843
7284,15.0084
7285,8.01686
7286,6.0253
7287,6.03373
7288,5.04216
7289,1.00843
7290,8.00843
7291,18.0084
7292,1.01686
7293,12.0084
7294,15.0084
7295,13.0169
7296,14.0084
7297,12.0169
7298,3.0253
7299,1.00843
7300,1.01686
7301,15.0084
7302,1.01686
7303,1.0253
7304,2.00843
7305,18.0084
7306,3.01687
7307,3.0253
7308,10.0084
7309,6.00843
7310,1.01686
7311,7.00843
7312,7.01687
7313,7.0253
7314,14.0084
7315,10.0169
7316,16.0084
7317,12.0169
7318,5.0253
7319,2.03373
7320,12.0084
7321,8.01686
7322,6.00843
7323,18.0084
7324,7.01687
7325,5.0253
7326,5.03373
7327,6.00843
7328,16.0084
7329,14.0169
7330,8.0253
7331,8.03373
7332,1.04216
7333,7.00843
7334,20.0084
7335,12.0169
7336,8.0253
7337,7.03373
7338,7.00843
7339,12.0084
7340,9.00843
7341,8.01686
7342,12.0084
7343,1.01686
7344,10.0084
7345,5.01687
7346,6.00843
7347,15.0084
7348,3.01687
7349,8.00843
7350,6.01687
7351,6.0253
7352,5.00843
7353,1.01686
7354,1.0253
7355,8.00843
7356,9.00843
7357,8.01686
7358,3.0253
7359,10.0084
7360,10.0169
7361,12.0084
7362,17.0084
7363,1.01686
7364,14.0084
7365,5.01687
7366,16.0084
7367,15.0169
7368,3.0253
7369,16.0084
7370,15.0169
7371,14.0253
7372,5.03373
7373,1.04216
7374,18.0084
7375,14.0169
7376,1.00843
7377,18.0084
7378,3.01687
7379,2.0253
7380,20.0084
7381,16.0169
7382,7.0253
7383,7.03373
7384,6.04216
7385,1.05059
7386,4.00843
7387,12.0084
7388,2.01687
7389,14.0084
7390,14.0169
7391,11.0253
7392,6.03373
7393,12.0084
7394,9.01686
7395,9.0253
7396,10.0084
7397,20.0084
7398,12.0084
7399,12.0169
7400,7.0253
7401,1.03373
7402,3.00843
7403,12.0084
7404,13.0084
7405,14.0084
7406,16.0084
7407,14.0169
7408,8.0253
7409,2.03373
7410,5.00843
7411,3.00843
7412,1.00843
7413,1.00843
7414,1.01686
7415,12.0084
7416,3.01687
7417,1.00843
7418,1.01686
7419,1.00843
7420,11.0084
7421,10.0169
7422,7.0253
7423,12.0084
7424,8.01686
7425,9.00843
7426,14.0084
7427,8.01686
7428,10.0084
7429,9.01686
7430,7.0253
7431,8.00843
7432,13.0084
7433,8.01686
7434,1.0253
7435,13.0084
7436,3.00843
7437,16.0084
7438,14.0169
7439,10.0084
7440,5.01687
7441,17.0084
7442,8.01686
7443,18.0084
7444,10.0084
7445,10.0169
7446,10.0084
7447,10.0169
7448,10.0084
7449,5.00843
7450,14.0084
7451,14.0084
7452,10.0169
7453,10.0253
7454,12.0084
7455,2.01687
7456,18.0084
7457,5.00843
7458,15.0084
7459,6.00843
7460,1.01686
7461,1.0253
7462,20.0084
7463,11.0169
7464,7.0253
7465,8.00843
7466,6.01687
7467,9.00843
7468,7.01687
7469,2.00843
7470,5.00843
7471,19.0084
7472,16.0169
7473,8.0253
7474,8.03373
7475,7.04216
7476,16.0084
7477,8.01686
7478,5.00843
7479,3.01687
7480,12.0084
7481,3.01687
7482,9.00843
7483,12.0084
7484,12.0169
7485,12.0253
7486,12.0337
7487,10.0422
7488,1.05059
7489,1.05903
7490,8.00843
7491,18.0084
7492,1.01686
7493,5.00843
7494,16.0084
7495,1.00843
7496,5.00843
7497,5.01687
7498,5.0253
7499,15.0084
7500,13.0169
7501,14.0084
7502,8.01686
7503,10.0084
7504,14.0084
7505,15.0084
7506,12.0169
7507,3.0253
7508,12.0084
7509,17.0084
7510,14.0169
7511,14.0253
7512,5.03373
7513,3.04216
7514,17.0084
7515,12.0169
7516,12.0084
7517,9.01686
7518,17.0084
7519,9.01686
7520,7.0253
7521,10.0084
7522,12.0084
7523,12.0084
7524,11.0084
7525,14.0084
7526,3.01687
7527,3.0253
7528,13.0084
7529,10.0169
7530,8.0253
7531,6.00843
7532,1.01686
7533,18.0084
7534,16.0169
7535,7.00843
7536,1.01686
7537,1.00843
7538,8.00843
7539,6.00843
7540,5.01687
7541,20.0084
7542,10.0169
7543,10.0253
7544,3.03373
7545,3.00843
7546,5.00843
7547,1.01686
7548,14.0084
7549,3.00843
7550,1.00843
7551,18.0084
7552,16.0169
7553,16.0253
7554,5.03373
7555,19.0084
7556,8.01686
7557,16.0084
7558,10.0169
7559,3.00843
7560,8.00843
7561,5.00843
7562,3.01687
7563,10.0084
7564,8.01686
7565,18.0084
7566,16.0169
7567,13.0253
7568,12.0337
7569,7.04216
7570,18.0084
7571,18.0169
7572,7.0253
7573,10.0084
7574,3.00843
7575,1.00843
7576,14.0084
7577,5.01687
7578,8.00843
7579,15.0084
7580,1.01686
7581,1.0253
7582,1.00843
7583,1.00843
7584,10.0084
7585,5.01687
7586,7.00843
7587,7.01687
7588,13.0084
7589,8.01686
7590,3.0253
7591,1.03373
7592,8.00843
7593,8.01686
7594,8.0253
7595,5.03373
7596,3.04216
7597,3.00843
7598,5.00843
7599,5.01687
7600,8.00843
7601,5.01687
7602,14.0084
7603,12.0169
7604,8.0253
7605,4.03373
7606,10.0084
7607,1.00843
7608,18.0084
7609,12.0169
7610,1.0253
7611,12.0084
7612,7.00843
7613,16.0084
7614,1.01686
7615,12.0084
7616,14.0084
7617,10.0169
7618,3.0253
7619,18.0084
7620,5.01687
7621,18.0084
7622,16.0169
7623,12.0253
7624,7.03373
7625,14.0084
7626,8.01686
7627,8.0253
7628,8.03373
7629,18.0084
7630,10.0084
7631,7.01687
7632,8.00843
7633,10.0084
7634,12.0084
7635,12.0169
7636,8.0253
7637,7.00843
7638,9.00843
7639,10.0084
7640,16.0084
7641,16.0169
7642,12.0253
7643,17.0084
7644,13.0169
7645,1.0253
7646,18.0084
7647,18.0169
7648,5.0253
7649,1.00843
7650,8.00843
7651,8.00843
7652,7.01687
7653,18.0084
7654,1.01686
7655,16.0084
7656,3.01687
7657,14.0084
7658,1.01686
7659,4.00843
7660,17.0084
7661,5.01687
7662,5.0253
7663,7.00843
7664,7.01687
7665,5.00843
7666,7.00843
7667,5.01687
7668,13.0084
7669,6.01687
7670,3.0253
7671,7.00843
7672,6.01687
7673,16.0084
7674,8.01686
7675,8.00843
7676,1.01686
7677,6.00843
7678,3.01687
7679,14.0084
7680,2.01687
7681,1.0253
7682,3.00843
7683,1.01686
7684,10.0084
7685,6.01687
7686,1.00843
7687,11.0084
7688,8.01686
7689,5.0253
7690,1.03373
7691,3.00843
7692,8.00843
7693,1.01686
7694,18.0084
7695,8.01686
7696,5.00843
7697,16.0084
7698,14.0084
7699,5.01687
7700,3.0253
7701,12.0084
7702,7.01687
7703,8.00843
7704,8.01686
7705,3.0253
7706,2.03373
7707,12.0084
7708,14.0084
7709,3.01687
7710,1.0253
7711,5.00843
7712,18.0084
7713,12.0169
7714,12.0084
7715,3.01687
7716,10.0084
7717,4.01687
7718,1.00843
7719,16.0084
7720,8.01686
7721,18.0084
7722,12.0169
7723,5.00843
7724,8.00843
7725,12.0084
7726,5.01687
7727,3.00843
7728,3.00843
7729,1.01686
7730,14.0084
7731,2.01687
7732,8.00843
7733,3.01687
7734,7.00843
7735,4.01687
7736,16.0084
7737,8.01686
7738,5.0253
7739,3.03373
7740,1.04216
7741,9.00843
7742,8.00843
7743,3.01687
7744,16.0084
7745,14.0169
7746,10.0253
7747,15.0084
7748,12.0169
7749,5.0253
7750,7.00843
7751,1.01686
7752,1.0253
7753,7.00843
7754,8.00843
7755,16.0084
7756,16.0169
7757,5.0253
7758,5.03373
7759,3.04216
7760,8.00843
7761,16.0084
7762,3.01687
7763,12.0084
7764,8.00843
7765,8.01686
7766,3.0253
7767,3.03373
7768,18.0084
7769,6.01687
7770,10.0084
7771,8.01686
7772,18.0084
7773,13.0084
7774,10.0169
7775,1.0253
7776,18.0084
7777,5.01687
7778,14.0084
7779,9.01686
7780,3.0253
7781,12.0084
7782,16.0084
7783,8.00843
7784,6.01687
7785,3.0253
7786,1.03373
7787,8.00843
7788,6.01687
7789,16.0084
7790,3.00843
7791,5.00843
7792,19.0084
7793,13.0169
7794,8.0253
7795,12.0084
7796,7.01687
7797,3.0253
7798,10.0084
7799,7.01687
7800,9.00843
7801,18.0084
7802,5.01687
7803,12.0084
7804,7.01687
7805,3.0253
7806,20.0084
7807,12.0169
7808,4.0253
7809,1.03373
7810,20.0084
7811,15.0169
7812,9.00843
7813,4.01687
7814,3.0253
7815,18.0084
7816,8.01686
7817,5.0253
7818,1.03373
7819,1.04216
7820,5.00843
7821,3.01687
7822,16.0084
7823,8.01686
7824,6.0253
7825,3.03373
7826,3.04216
7827,4.00843
7828,8.00843
7829,11.0084
7830,6.01687
7831,8.00843
7832,7.01687
7833,8.00843
7834,8.01686
7835,13.0084
7836,13.0169
7837,12.0253
7838,8.03373
7839,17.0084
7840,14.0169
7841,13.0253
7842,1.03373
7843,4.00843
7844,1.01686
7845,5.00843
7846,20.0084
7847,13.0169
7848,13.0253
7849,12.0337
7850,8.04216
7851,7.00843
7852,18.0084
7853,8.01686
7854,5.0253
7855,9.00843
7856,1.00843
7857,8.00843
7858,12.0084
7859,5.01687
7860,10.0084
7861,15.0084
7862,14.0169
7863,19.0084
7864,15.0169
7865,1.0253
7866,10.0084
7867,8.01686
7868,1.0253
7869,1.00843
7870,10.0084
7871,11.0084
7872,3.01687
7873,2.0253
7874,20.0084
7875,12.0169
7876,5.0253
7877,5.00843
7878,1.01686
7879,1.0253
7880,14.0084
7881,10.0169
7882,3.00843
7883,3.01687
7884,3.0253
7885,16.0084
7886,8.01686
7887,1.0253
7888,18.0084
7889,12.0169
7890,2.0253
7891,1.03373
7892,10.0084
7893,14.0084
7894,4.01687
7895,3.0253
7896,10.0084
7897,14.0084
7898,7.01687
7899,7.0253
7900,8.00843
7901,16.0084
7902,8.01686
7903,15.0084
7904,15.0169
7905,10.0253
7906,19.0084
7907,16.0169
7908,14.0084
7909,18.0084
7910,3.01687
7911,6.00843
7912,1.01686
7913,5.00843
7914,8.00843
7915,10.0084
7916,10.0084
7917,8.01686
7918,5.00843
7919,14.0084
7920,1.01686
7921,20.0084
7922,12.0169
7923,16.0084
7924,16.0084
7925,13.0084
7926,16.0084
7927,9.01686
7928,3.0253
7929,5.00843
7930,12.0084
7931,3.00843
7932,5.00843
7933,9.00843
7934,12.0084
7935,7.00843
7936,18.0084
7937,3.00843
7938,15.0084
7939,14.0169
7940,4.0253
7941,1.03373
7942,1.04216
7943,16.0084
7944,14.0169
7945,18.0084
7946,5.01687
7947,3.0253
7948,12.0084
7949,8.01686
7950,5.0253
7951,18.0084
7952,14.0084
7953,1.01686
7954,12.0084
7955,7.01687
7956,5.0253
7957,1.03373
7958,6.00843
7959,13.0084
7960,12.0169
7961,8.00843
7962,13.0084
7963,6.00843
7964,16.0084
7965,7.01687
7966,7.0253
7967,5.03373
7968,5.04216
7969,12.0084
7970,1.01686
7971,17.0084
7972,16.0169
7973,1.00843
7974,1.01686
7975,1.00843
7976,8.00843
7977,5.01687
7978,3.0253
7979,1.03373
7980,1.04216
7981,1.05059
7982,17.0084
7983,8.00843
7984,18.0084
7985,5.01687
7986,5.0253
7987,19.0084
7988,7.01687
7989,5.00843
7990,18.0084
7991,16.0169
7992,1.0253
7993,17.0084
7994,8.01686
7995,2.0253
7996,8.00843
7997,16.0084
7998,10.0169
7999,5.0253
8000,10.0084
8001,3.01687
8002,1.0253
8003,3.00843
8004,1.00843
8005,5.00843
8006,6.00843
8007,9.00843
8008,8.01686
8009,5.00843
8010,1.01686
8011,20.0084
8012,1.01686
8013,10.0084
8014,5.01687
8015,8.00843
8016,8.01686
8017,1.0253
8018,13.0084
8019,10.0084
8020,1.01686
8021,16.0084
8022,9.01686
8023,5.0253
8024,8.00843
8025,5.01687
8026,6.00843
8027,14.0084
8028,9.01686
8029,7.0253
8030,5.03373
8031,19.0084
8032,10.0169
8033,10.0253
8034,10.0337
8035,16.0084
8036,12.0169
8037,18.0084
8038,13.0169
8039,7.00843
8040,13.0084
8041,18.0084
8042,16.0169
8043,14.0253
8044,1.03373
8045,1.04216
8046,18.0084
8047,17.0169
8048,3.0253
8049,3.03373
8050,18.0084
8051,7.01687
8052,17.0084
8053,4.01687
8054,1.0253
8055,6.00843
8056,5.01687
8057,1.0253
8058,8.00843
8059,8.00843
8060,1.01686
8061,5.00843
8062,12.0084
8063,10.0169
8064,5.0253
8065,5.00843
8066,5.01687
8067,8.00843
8068,3.01687
8069,2.0253
8070,1.03373
8071,17.0084
8072,3.00843
8073,16.0084
8074,10.0169
8075,1.0253
8076,9.00843
8077,3.01687
8078,10.0084
8079,4.00843
8080,8.00843
8081,8.01686
8082,1.0253
8083,1.00843
8084,10.0084
8085,7.01687
8086,17.0084
8087,13.0169
8088,1.0253
8089,1.03373
8090,14.0084
8091,15.0084
8092,9.01686
8093,18.0084
8094,14.0169
8095,1.0253
8096,7.00843
8097,16.0084
8098,1.01686
8099,18.0084
8100,2.01687
8101,1.0253
8102,1.03373
8103,19.0084
8104,18.0169
8105,14.0253
8106,12.0084
8107,3.01687
8108,1.0253
8109,12.0084
8110,8.01686
8111,3.00843
8112,8.00843
8113,3.00843
8114,8.00843
8115,1.01686
8116,8.00843
8117,17.0084
8118,16.0084
8119,10.0169
8120,7.0253
8121,19.0084
8122,5.01687
8123,1.0253
8124,16.0084
8125,8.01686
8126,10.0084
8127,7.01687
8128,7.0253
8129,1.00843
8130,12.0084
8131,10.0084
8132,8.00843
8133,7.00843
8134,8.00843
8135,3.01687
8136,5.00843
8137,3.01687
8138,8.00843
8139,14.0084
8140,12.0169
8141,12.0084
8142,12.0169
8143,10.0253
8144,13.0084
8145,16.0084
8146,12.0169
8147,15.0084
8148,15.0169
8149,6.0253
8150,13.0084
8151,12.0169
8152,11.0253
8153,7.00843
8154,1.00843
8155,5.00843
8156,5.00843
8157,10.0084
8158,5.01687
8159,4.0253
8160,4.03373
8161,12.0084
8162,12.0169
8163,5.0253
8164,13.0084
8165,1.01686
8166,1.0253
8167,4.00843
8168,14.0084
8169,16.0084
8170,13.0169
8171,10.0253
8172,5.03373
8173,16.0084
8174,7.01687
8175,13.0084
8176,10.0084
8177,16.0084
8178,14.0169
8179,14.0253
8180,3.03373
8181,15.0084
8182,4.01687
8183,8.00843
8184,17.0084
8185,12.0169
8186,14.0084
8187,6.01687
8188,12.0084
8189,7.01687
8190,18.0084
8191,14.0169
8192,8.0253
8193,5.03373
8194,18.0084
8195,14.0169
8196,8.0253
8197,3.03373
8198,1.04216
8199,16.0084
8200,5.01687
8201,5.0253
8202,1.03373
8203,20.0084
8204,10.0169
8205,7.0253
8206,16.0084
8207,14.0084
8208,3.00843
8209,14.0084
8210,18.0084
8211,6.00843
8212,3.00843
8213,3.01687
8214,8.00843
8215,2.00843
8216,10.0084
8217,12.0084
8218,8.01686
8219,11.0084
8220,13.0084
8221,5.00843
8222,19.0084
8223,18.0084
8224,7.01687
8225,12.0084
8226,10.0084
8227,17.0084
8228,12.0169
8229,13.0084
8230,8.01686
8231,3.00843
8232,1.01686
8233,16.0084
8234,10.0169
8235,2.0253
8236,5.00843
8237,5.01687
8238,10.0084
8239,7.01687
8240,3.0253
8241,14.0084
8242,8.01686
8243,3.0253
8244,5.00843
8245,13.0084
8246,6.01687
8247,10.0084
8248,7.00843
8249,4.01687
8250,1.0253
8251,10.0084
8252,7.01687
8253,7.00843
8254,5.00843
8255,3.01687
8256,18.0084
8257,10.0169
8258,1.00843
8259,1.01686
8260,10.0084
8261,12.0084
8262,5.01687
8263,5.0253
8264,1.03373
8265,8.00843
8266,6.01687
8267,18.0084
8268,8.00843
8269,18.0084
8270,17.0084
8271,8.01686
8272,2.0253
8273,7.00843
8274,7.01687
8275,12.0084
8276,1.01686
8277,2.00843
8278,1.01686
8279,14.0084
8280,8.01686
8281,12.0084
8282,10.0169
8283,13.0084
8284,1.01686
8285,5.00843
8286,17.0084
8287,2.01687
8288,18.0084
8289,8.01686
8290,6.0253
8291,1.00843
8292,1.01686
8293,1.0253
8294,8.00843
8295,7.01687
8296,17.0084
8297,4.00843
8298,3.00843
8299,10.0084
8300,7.01687
8301,10.0084
8302,7.01687
8303,8.00843
8304,10.0084
8305,3.01687
8306,18.0084
8307,17.0084
8308,12.0169
8309,6.00843
8310,1.01686
8311,14.0084
8312,12.0084
8313,5.01687
8314,7.00843
8315,18.0084
8316,3.01687
8317,16.0084
8318,7.01687
8319,13.0084
8320,10.0169
8321,5.0253
8322,7.00843
8323,15.0084
8324,10.0169
8325,10.0253
8326,5.03373
8327,19.0084
8328,15.0084
8329,7.01687
8330,1.0253
8331,15.0084
8332,4.01687
8333,15.0084
8334,11.0169
8335,1.0253
8336,8.00843
8337,2.01687
8338,20.0084
8339,18.0169
8340,6.0253
8341,9.00843
8342,7.01687
8343,8.00843
8344,8.01686
8345,1.0253
8346,18.0084
8347,10.0084
8348,8.01686
8349,8.0253
8350,3.03373
8351,7.00843
8352,7.01687
8353,1.0253
8354,12.0084
8355,10.0169
8356,10.0253
8357,7.00843
8358,7.00843
8359,2.01687
8360,2.0253
8361,14.0084
8362,10.0084
8363,16.0084
8364,17.0084
8365,7.01687
8366,8.00843
8367,7.01687
8368,7.0253
8369,7.03373
8370,14.0084
8371,8.01686
8372,8.0253
8373,1.03373
8374,1.04216
8375,12.0084
8376,16.0084
8377,13.0169
8378,13.0253
8379,1.03373
8380,1.00843
8381,1.01686
8382,14.0084
8383,13.0169
8384,13.0253
8385,8.03373
8386,10.0084
8387,3.00843
8388,2.01687
8389,10.0084
8390,7.01687
8391,5.0253
8392,16.0084
8393,8.00843
8394,9.00843
8395,8.01686
8396,1.00843
8397,1.01686
8398,12.0084
8399,1.00843
8400,14.0084
8401,10.0169
8402,14.0084
8403,12.0169
8404,5.0253
8405,16.0084
8406,15.0169
8407,14.0253
8408,8.00843
8409,18.0084
8410,16.0169
8411,5.00843
8412,14.0084
8413,1.01686
8414,1.00843
8415,1.01686
8416,5.00843
8417,2.00843
8418,6.00843
8419,4.01687
8420,8.00843
8421,5.00843
8422,11.0084
8423,10.0169
8424,10.0253
8425,1.03373
8426,18.0084
8427,18.0169
8428,7.0253
8429,5.03373
8430,10.0084
8431,7.01687
8432,1.0253
8433,13.0084
8434,16.0084
8435,1.01686
8436,12.0084
8437,7.01687
8438,7.00843
8439,18.0084
8440,13.0169
8441,1.00843
8442,7.00843
8443,5.01687
8444,13.0084
8445,1.01686
8446,1.0253
8447,7.00843
8448,10.0084
8449,7.01687
8450,5.0253
8451,3.03373
8452,12.0084
8453,11.0169
8454,18.0084
8455,12.0169
8456,7.0253
8457,8.00843
8458,7.01687
8459,7.0253
8460,14.0084
8461,12.0169
8462,12.0253
8463,10.0337
8464,5.04216
8465,5.05059
8466,5.05903
8467,6.00843
8468,16.0084
8469,12.0169
8470,8.00843
8471,6.00843
8472,6.01687
8473,18.0084
8474,7.01687
8475,6.0253
8476,8.00843
8477,8.01686
8478,8.0253
8479,12.0084
8480,14.0084
8481,5.01687
8482,2.0253
8483,19.0084
8484,12.0084
8485,7.01687
8486,18.0084
8487,13.0169
8488,15.0084
8489,10.0169
8490,1.0253
8491,10.0084
8492,1.00843
8493,7.00843
8494,8.00843
8495,5.01687
8496,5.0253
8497,1.00843
8498,14.0084
8499,7.01687
8500,1.0253
8501,1.03373
8502,18.0084
8503,12.0169
8504,8.0253
8505,8.03373
8506,16.0084
8507,11.0084
8508,10.0169
8509,5.0253
8510,12.0084
8511,3.01687
8512,7.00843
8513,7.00843
8514,14.0084
8515,14.0169
8516,7.0253
8517,5.03373
8518,10.0084
8519,10.0169
8520,10.0253
8521,3.03373
8522,1.04216
8523,11.0084
8524,1.01686
8525,12.0084
8526,12.0169
8527,12.0253
8528,8.03373
8529,8.04216
8530,14.0084
8531,12.0169
8532,11.0253
8533,8.03373
8534,14.0084
8535,12.0169
8536,7.0253
8537,7.03373
8538,15.0084
8539,15.0169
8540,8.0253
8541,16.0084
8542,16.0169
8543,18.0084
8544,18.0169
8545,10.0253
8546,1.03373
8547,17.0084
8548,5.00843
8549,1.01686
8550,17.0084
8551,7.00843
8552,1.01686
8553,8.00843
8554,10.0084
8555,1.01686
8556,3.00843
8557,19.0084
8558,14.0169
8559,12.0253
8560,15.0084
8561,1.01686
8562,7.00843
8563,2.01687
8564,1.0253
8565,8.00843
8566,5.00843
8567,17.0084
8568,17.0084
8569,12.0084
8570,8.01686
8571,8.00843
8572,14.0084
8573,14.0084
8574,12.0169
8575,10.0253
8576,1.03373
8577,16.0084
8578,12.0084
8579,5.01687
8580,1.0253
8581,1.03373
8582,1.04216
8583,11.0084
8584,7.01687
8585,2.0253
8586,1.03373
8587,3.00843
8588,3.01687
8589,1.0253
8590,1.00843
8591,12.0084
8592,8.01686
8593,6.00843
8594,7.00843
8595,5.01687
8596,7.00843
8597,9.00843
8598,1.01686
8599,8.00843
8600,5.01687
8601,1.0253
8602,12.0084
8603,3.01687
8604,8.00843
8605,3.01687
8606,3.0253
8607,13.0084
8608,11.0169
8609,18.0084
8610,10.0169
8611,7.00843
8612,8.00843
8613,8.00843
8614,8.01686
8615,19.0084
8616,17.0169
8617,16.0253
8618,14.0337
8619,10.0422
8620,5.05059
8621,5.05903
8622,3.06746
8623,15.0084
8624,10.0169
8625,9.00843
8626,13.0084
8627,7.01687
8628,11.0084
8629,9.01686
8630,8.0253
8631,9.00843
8632,7.01687
8633,18.0084
8634,3.01687
8635,15.0084
8636,1.01686
8637,1.0253
8638,12.0084
8639,10.0169
8640,7.0253
8641,1.03373
8642,3.00843
8643,3.01687
8644,3.0253
8645,18.0084
8646,13.0169
8647,3.0253
8648,14.0084
8649,8.00843
8650,7.01687
8651,1.0253
8652,8.00843
8653,7.01687
8654,10.0084
8655,3.01687
8656,7.00843
8657,7.00843
8658,1.00843
8659,17.0084
8660,15.0169
8661,10.0253
8662,10.0337
8663,8.04216
8664,3.05059
8665,18.0084
8666,5.01687
8667,1.0253
8668,13.0084
8669,10.0169
8670,1.0253
8671,14.0084
8672,10.0084
8673,5.01687
8674,10.0084
8675,5.01687
8676,7.00843
8677,7.01687
8678,5.0253
8679,1.03373
8680,1.00843
8681,8.00843
8682,10.0084
8683,16.0084
8684,1.01686
8685,1.0253
8686,18.0084
8687,6.01687
8688,14.0084
8689,14.0084
8690,6.01687
8691,5.0253
8692,1.03373
8693,16.0084
8694,12.0169
8695,18.0084
8696,11.0169
8697,8.0253
8698,8.03373
8699,7.04216
8700,19.0084
8701,12.0169
8702,8.0253
8703,1.03373
8704,1.04216
8705,6.00843
8706,10.0084
8707,12.0084
8708,12.0169
8709,5.0253
8710,10.0084
8711,7.01687
8712,6.0253
8713,5.00843
8714,8.00843
8715,9.00843
8716,18.0084
8717,14.0169
8718,15.0084
8719,5.01687
8720,2.0253
8721,1.03373
8722,16.0084
8723,7.00843
8724,8.00843
8725,1.01686
8726,8.00843
8727,8.00843
8728,5.01687
8729,18.0084
8730,10.0084
8731,10.0084
8732,1.01686
8733,14.0084
8734,1.01686
8735,7.00843
8736,3.01687
8737,19.0084
8738,5.01687
8739,3.00843
8740,1.01686
8741,5.00843
8742,5.00843
8743,1.01686
8744,1.00843
8745,15.0084
8746,12.0084
8747,7.00843
8748,8.00843
8749,3.01687
8750,14.0084
8751,14.0169
8752,13.0253
8753,10.0084
8754,10.0084
8755,10.0084
8756,10.0169
8757,14.0084
8758,12.0169
8759,12.0253
8760,18.0084
8761,12.0169
8762,3.0253
8763,1.03373
8764,17.0084
8765,16.0084
8766,1.01686
8767,16.0084
8768,6.01687
8769,8.00843
8770,2.01687
8771,9.00843
8772,6.01687
8773,5.0253
8774,10.0084
8775,11.0084
8776,7.01687
8777,5.00843
8778,8.00843
8779,8.01686
8780,14.0084
8781,11.0169
8782,10.0253
8783,5.03373
8784,19.0084
8785,8.01686
8786,6.0253
8787,5.03373
8788,3.04216
8789,5.00843
8790,14.0084
8791,8.01686
8792,8.0253
8793,14.0084
8794,14.0169
8795,12.0253
8796,9.03373
8797,8.04216
8798,1.05059
8799,16.0084
8800,10.0169
8801,14.0084
8802,18.0084
8803,13.0084
8804,10.0169
8805,8.0253
8806,2.03373
8807,14.0084
8808,3.01687
8809,8.00843
8810,5.01687
8811,6.00843
8812,17.0084
8813,10.0169
8814,5.0253
8815,19.0084
8816,14.0169
8817,10.0253
8818,1.03373
8819,14.0084
8820,10.0169
8821,10.0253
8822,5.00843
8823,12.0084
8824,2.01687
8825,14.0084
8826,1.01686
8827,3.00843
8828,8.00843
8829,8.00843
8830,11.0084
8831,12.0084
8832,1.01686
8833,1.0253
8834,1.03373
8835,16.0084
8836,9.01686
8837,3.00843
8838,14.0084
8839,1.01686
8840,10.0084
8841,10.0169
8842,7.0253
8843,5.03373
8844,18.0084
8845,8.01686
8846,8.0253
8847,8.03373
8848,8.00843
8849,5.01687
8850,1.0253
8851,14.0084
8852,7.01687
8853,3.0253
8854,3.03373
8855,3.04216
8856,2.05059
8857,15.0084
8858,12.0169
8859,18.0084
8860,5.01687
8861,1.0253
8862,1.03373
8863,5.00843
8864,1.01686
8865,15.0084
8866,7.01687
8867,3.0253
8868,8.00843
8869,8.01686
8870,8.0253
8871,5.00843
8872,5.01687
8873,1.0253
8874,14.0084
8875,10.0169
8876,1.0253
8877,14.0084
8878,12.0169
8879,6.0253
8880,12.0084
8881,12.0169
8882,12.0253
8883,12.0337
8884,12.0422
8885,12.0506
8886,1.05903
8887,14.0084
8888,16.0084
8889,6.00843
8890,6.01687
8891,1.0253
8892,19.0084
8893,18.0169
8894,8.00843
8895,7.01687
8896,3.00843
8897,17.0084
8898,1.01686
8899,5.00843
8900,3.01687
8901,1.0253
8902,1.03373
8903,1.04216
8904,1.05059
8905,18.0084
8906,12.0169
8907,10.0253
8908,13.0084
8909,8.01686
8910,3.0253
8911,14.0084
8912,8.01686
8913,6.0253
8914,17.0084
8915,6.00843
8916,8.00843
8917,8.01686
8918,8.0253
8919,8.03373
8920,8.00843
8921,5.01687
8922,10.0084
8923,7.01687
8924,14.0084
8925,12.0169
8926,10.0253
8927,7.00843
8928,3.01687
8929,12.0084
8930,5.01687
8931,18.0084
8932,16.0169
8933,14.0253
8934,12.0337
8935,10.0422
8936,10.0084
8937,3.01687
8938,5.00843
8939,10.0084
8940,18.0084
8941,8.01686
8942,2.00843
8943,9.00843
8944,8.01686
8945,10.0084
8946,8.01686
8947,7.0253
8948,12.0084
8949,5.01687
8950,8.00843
8951,7.01687
8952,7.0253
8953,8.00843
8954,3.00843
8955,11.0084
8956,8.00843
8957,1.01686
8958,5.00843
8959,9.00843
8960,5.01687
8961,5.00843
8962,5.01687
8963,14.0084
8964,12.0169
8965,7.0253
8966,7.00843
8967,1.01686
8968,18.0084
8969,5.00843
8970,1.01686
8971,19.0084
8972,8.00843
8973,7.01687
8974,13.0084
8975,3.01687
8976,5.00843
8977,5.00843
8978,9.00843
8979,1.01686
8980,13.0084
8981,12.0169
8982,12.0253
8983,3.03373
8984,3.04216
8985,3.05059
8986,18.0084
8987,5.01687
8988,1.0253
8989,5.00843
8990,1.01686
8991,1.0253
8992,13.0084
8993,10.0169
8994,5.0253
8995,5.03373
8996,14.0084
8997,6.01687
8998,5.0253
8999,3.03373
9000,15.0084
9001,7.00843
9002,5.01687
9003,14.0084
9004,7.01687
9005,6.0253
9006,10.0084
9007,8.00843
9008,13.0084
9009,12.0169
9010,12.0084
9011,13.0084
9012,8.01686
9013,6.0253
9014,6.00843
9015,16.0084
9016,14.0169
9017,8.0253
9018,1.03373
9019,9.00843
9020,8.01686
9021,8.0253
9022,8.03373
9023,8.04216
9024,8.00843
9025,12.0084
9026,5.01687
9027,10.0084
9028,1.00843
9029,15.0084
9030,3.01687
9031,20.0084
9032,1.01686
9033,8.00843
9034,7.01687
9035,3.0253
9036,5.00843
9037,5.00843
9038,3.01687
9039,15.0084
9040,7.00843
9041,8.00843
9042,4.01687
9043,3.00843
9044,18.0084
9045,12.0084
9046,18.0084
9047,16.0169
9048,8.0253
9049,3.03373
9050,16.0084
9051,17.0084
9052,13.0084
9053,8.01686
9054,14.0084
9055,20.0084
9056,8.01686
9057,8.0253
9058,9.00843
9059,11.0084
9060,7.00843
9061,5.01687
9062,5.0253
9063,1.00843
9064,10.0084
9065,8.01686
9066,8.0253
9067,16.0084
9068,8.01686
9069,1.0253
9070,12.0084
9071,7.01687
9072,6.0253
9073,1.03373
9074,13.0084
9075,10.0169
9076,5.00843
9077,1.01686
9078,16.0084
9079,15.0084
9080,3.01687
9081,19.0084
9082,10.0169
9083,7.0253
9084,1.00843
9085,12.0084
9086,1.00843
9087,5.00843
9088,8.00843
9089,2.01687
9090,9.00843
9091,1.01686
9092,16.0084
9093,12.0169
9094,7.0253
9095,5.00843
9096,16.0084
9097,13.0169
9098,5.0253
9099,1.03373
9100,12.0084
9101,10.0169
9102,6.0253
9103,17.0084
9104,15.0169
9105,1.0253
9106,16.0084
9107,15.0169
9108,12.0253
9109,8.03373
9110,8.04216
9111,6.00843
9112,5.01687
9113,5.0253
9114,12.0084
9115,6.01687
9116,16.0084
9117,13.0169
9118,14.0084
9119,4.01687
9120,1.0253
9121,15.0084
9122,8.01686
9123,14.0084
9124,1.01686
9125,15.0084
9126,12.0169
9127,8.00843
9128,8.01686
9129,1.0253
9130,17.0084
9131,3.01687
9132,1.0253
9133,1.03373
9134,16.0084
9135,15.0169
9136,14.0253
9137,14.0337
9138,5.04216
9139,3.05059
9140,16.0084
9141,5.00843
9142,5.01687
9143,5.0253
9144,1.03373
9145,6.00843
9146,5.01687
9147,5.0253
9148,7.00843
9149,1.01686
9150,19.0084
9151,8.01686
9152,8.00843
9153,8.01686
9154,8.0253
9155,12.0084
9156,10.0169
9157,2.0253
9158,1.03373
9159,10.0084
9160,8.00843
9161,5.01687
9162,15.0084
9163,12.0169
9164,8.00843
9165,7.01687
9166,5.0253
9167,15.0084
9168,14.0084
9169,19.0084
9170,13.0169
9171,4.0253
9172,16.0084
9173,14.0169
9174,2.0253
9175,12.0084
9176,5.01687
9177,8.00843
9178,1.01686
9179,10.0084
9180,3.00843
9181,5.00843
9182,5.01687
9183,14.0084
9184,14.0169
9185,7.0253
9186,15.0084
9187,15.0084
9188,5.01687
9189,4.00843
9190,1.01686
9191,12.0084
9192,12.0169
9193,7.0253
9194,3.00843
9195,3.00843
9196,1.01686
9197,2.00843
9198,12.0084
9199,7.01687
9200,8.00843
9201,3.01687
9202,7.00843
9203,10.0084
9204,20.0084
9205,7.00843
9206,1.00843
9207,13.0084
9208,12.0169
9209,10.0253
9210,5.03373
9211,14.0084
9212,10.0169
9213,5.0253
9214,4.03373
9215,5.00843
9216,8.00843
9217,7.01687
9218,5.0253
9219,12.0084
9220,10.0084
9221,8.01686
9222,8.0253
9223,6.03373
9224,12.0084
9225,19.0084
9226,12.0169
9227,8.0253
9228,17.0084
9229,12.0169
9230,11.0253
9231,7.03373
9232,16.0084
9233,14.0084
9234,14.0169
9235,6.0253
9236,5.03373
9237,12.0084
9238,7.01687
9239,7.0253
9240,1.03373
9241,8.00843
9242,8.01686
9243,3.0253
9244,13.0084
9245,14.0084
9246,14.0169
9247,16.0084
9248,8.00843
9249,16.0084
9250,3.01687
9251,8.00843
9252,7.01687
9253,3.0253
9254,1.00843
9255,9.00843
9256,20.0084
9257,18.0169
9258,7.0253
9259,7.03373
9260,5.04216
9261,3.05059
9262,1.05903
9263,16.0084
9264,6.00843
9265,18.0084
9266,10.0169
9267,3.0253
9268,19.0084
9269,8.01686
9270,5.0253
9271,10.0084
9272,10.0169
9273,8.0253
9274,12.0084
9275,5.01687
9276,18.0084
9277,14.0084
9278,5.01687
9279,2.0253
9280,7.00843
9281,5.01687
9282,1.00843
9283,8.00843
9284,1.01686
9285,3.00843
9286,1.01686
9287,7.00843
9288,1.01686
9289,6.00843
9290,5.01687
9291,1.0253
9292,1.03373
9293,11.0084
9294,5.01687
9295,11.0084
9296,5.00843
9297,5.01687
9298,5.0253
9299,8.00843
9300,12.0084
9301,8.01686
9302,14.0084
9303,12.0169
9304,18.0084
9305,10.0084
9306,8.01686
9307,8.00843
9308,8.00843
9309,1.00843
9310,13.0084
9311,12.0084
9312,1.01686
9313,17.0084
9314,5.01687
9315,5.0253
9316,1.03373
9317,1.00843
9318,20.0084
9319,8.01686
9320,5.0253
9321,5.03373
9322,3.04216
9323,3.05059
9324,7.00843
9325,12.0084
9326,10.0169
9327,10.0253
9328,10.0337
9329,10.0422
9330,5.05059
9331,5.05903
9332,3.06746
9333,9.00843
9334,8.01686
9335,7.0253
9336,13.0084
9337,13.0169
9338,14.0084
9339,8.00843
9340,16.0084
9341,14.0169
9342,12.0253
9343,12.0084
9344,9.01686
9345,20.0084
9346,1.01686
9347,12.0084
9348,1.01686
9349,8.00843
9350,8.00843
9351,18.0084
9352,8.01686
9353,1.0253
9354,1.03373
9355,9.00843
9356,10.0084
9357,5.01687
9358,12.0084
9359,6.01687
9360,5.0253
9361,15.0084
9362,13.0084
9363,8.01686
9364,8.0253
9365,7.03373
9366,10.0084
9367,10.0084
9368,10.0169
9369,16.0084
9370,11.0169
9371,10.0253
9372,12.0084
9373,14.0084
9374,13.0169
9375,3.0253
9376,12.0084
9377,8.00843
9378,15.0084
9379,9.01686
9380,7.00843
9381,5.00843
9382,5.00843
9383,7.00843
9384,18.0084
9385,12.0084
9386,5.00843
9387,5.01687
9388,19.0084
9389,14.0169
9390,7.00843
9391,3.01687
9392,1.0253
9393,8.00843
9394,12.0084
9395,3.01687
9396,1.0253
9397,5.00843
9398,12.0084
9399,5.00843
9400,8.00843
9401,3.01687
9402,18.0084
9403,16.0169
9404,8.00843
9405,18.0084
9406,5.00843
9407,17.0084
9408,16.0169
9409,8.0253
9410,1.03373
9411,16.0084
9412,12.0169
9413,8.0253
9414,11.0084
9415,8.01686
9416,10.0084
9417,7.01687
9418,7.00843
9419,8.00843
9420,8.01686
9421,8.0253
9422,14.0084
9423,14.0169
9424,10.0253
9425,9.03373
9426,1.04216
9427,17.0084
9428,14.0084
9429,14.0169
9430,14.0084
9431,8.00843
9432,8.01686
9433,16.0084
9434,10.0169
9435,8.0253
9436,1.03373
9437,17.0084
9438,10.0169
9439,1.0253
9440,3.00843
9441,1.01686
9442,1.0253
9443,1.03373
9444,10.0084
9445,13.0084
9446,5.01687
9447,3.0253
9448,3.03373
9449,3.04216
9450,1.00843
9451,7.00843
9452,7.01687
9453,5.0253
9454,5.03373
9455,5.04216
9456,8.00843
9457,7.01687
9458,18.0084
9459,8.01686
9460,10.0084
9461,8.01686
9462,6.00843
9463,10.0084
9464,1.00843
9465,16.0084
9466,14.0169
9467,9.0253
9468,5.03373
9469,6.00843
9470,1.01686
9471,9.00843
9472,10.0084
9473,14.0084
9474,15.0084
9475,14.0084
9476,10.0169
9477,3.0253
9478,14.0084
9479,7.01687
9480,16.0084
9481,1.01686
9482,13.0084
9483,1.01686
9484,17.0084
9485,9.01686
9486,20.0084
9487,5.01687
9488,1.0253
9489,12.0084
9490,17.0084
9491,13.0084
9492,1.00843
9493,11.0084
9494,18.0084
9495,5.01687
9496,2.0253
9497,6.00843
9498,8.00843
9499,5.00843
9500,2.01687
9501,3.00843
9502,3.01687
9503,8.00843
9504,7.01687
9505,7.0253
9506,3.03373
9507,3.04216
9508,3.05059
9509,1.05903
9510,18.0084
9511,7.00843
9512,12.0084
9513,3.00843
9514,12.0084
9515,3.01687
9516,12.0084
9517,12.0169
9518,18.0084
9519,1.00843
9520,18.0084
9521,9.01686
9522,1.0253
9523,3.00843
9524,8.00843
9525,5.01687
9526,5.0253
9527,4.00843
9528,16.0084
9529,10.0169
9530,1.0253
9531,16.0084
9532,10.0169
9533,16.0084
9534,7.01687
9535,3.0253
9536,1.03373
9537,13.0084
9538,8.01686
9539,3.00843
9540,8.00843
9541,20.0084
9542,14.0169
9543,14.0253
9544,12.0337
9545,3.04216
9546,1.05059
9547,7.00843
9548,16.0084
9549,15.0169
9550,8.0253
9551,1.03373
9552,12.0084
9553,10.0169
9554,18.0084
9555,18.0169
9556,5.0253
9557,1.03373
9558,15.0084
9559,13.0169
9560,13.0253
9561,3.00843
9562,10.0084
9563,13.0084
9564,7.01687
9565,2.0253
9566,9.00843
9567,8.01686
9568,14.0084
9569,8.01686
9570,8.0253
9571,5.03373
9572,16.0084
9573,12.0169
9574,16.0084
9575,12.0169
9576,1.0253
9577,7.00843
9578,7.01687
9579,3.00843
9580,3.01687
9581,17.0084
9582,15.0084
9583,16.0084
9584,5.01687
9585,13.0084
9586,13.0084
9587,7.01687
9588,5.0253
9589,3.03373
9590,8.00843
9591,14.0084
9592,14.0169
9593,18.0084
9594,2.01687
9595,8.00843
9596,1.01686
9597,4.00843
9598,1.01686
9599,14.0084
9600,18.0084
9601,1.01686
9602,16.0084
9603,7.01687
9604,6.00843
9605,3.01687
9606,14.0084
9607,5.01687
9608,10.0084
9609,8.01686
9610,8.00843
9611,6.01687
9612,8.00843
9613,8.00843
9614,8.01686
9615,7.0253
9616,2.03373
9617,1.04216
9618,10.0084
9619,3.01687
9620,12.0084
9621,10.0169
9622,3.0253
9623,12.0084
9624,5.00843
9625,5.01687
9626,7.00843
9627,16.0084
9628,6.01687
9629,1.0253
9630,18.0084
9631,16.0169
9632,1.0253
9633,8.00843
9634,3.01687
9635,9.00843
9636,3.01687
9637,15.0084
9638,12.0169
9639,11.0253
9640,1.03373
9641,13.0084
9642,15.0084
9643,1.01686
9644,10.0084
9645,3.01687
9646,12.0084
9647,19.0084
9648,5.01687
9649,7.00843
9650,7.01687
9651,7.0253
9652,5.03373
9653,8.00843
9654,2.00843
9655,10.0084
9656,10.0169
9657,8.0253
9658,3.03373
9659,4.00843
9660,9.00843
9661,10.0084
9662,2.01687
9663,6.00843
9664,5.01687
9665,3.0253
9666,13.0084
9667,7.01687
9668,9.00843
9669,8.01686
9670,5.0253
9671,3.03373
9672,17.0084
9673,9.01686
9674,8.00843
9675,1.01686
9676,18.0084
9677,8.01686
9678,8.0253
9679,3.03373
9680,13.0084
9681,12.0169
9682,8.0253
9683,8.03373
9684,6.04216
9685,15.0084
9686,12.0169
9687,8.00843
9688,6.01687
9689,15.0084
9690,16.0084
9691,16.0169
9692,10.0253
9693,5.03373
9694,14.0084
9695,8.01686
9696,1.0253
9697,18.0084
9698,12.0169
9699,17.0084
9700,16.0169
9701,18.0084
9702,18.0084
9703,1.00843
9704,3.00843
9705,3.01687
9706,1.0253
9707,1.03373
9708,8.00843
9709,3.01687
9710,7.00843
9711,3.01687
9712,5.00843
9713,5.01687
9714,3.0253
9715,10.0084
9716,7.01687
9717,5.0253
9718,8.00843
9719,9.00843
9720,8.00843
9721,8.00843
9722,12.0084
9723,8.01686
9724,13.0084
9725,8.01686
9726,16.0084
9727,14.0169
9728,9.0253
9729,13.0084
9730,10.0169
9731,10.0253
9732,17.0084
9733,19.0084
9734,13.0169
9735,1.0253
9736,15.0084
9737,3.00843
9738,1.01686
9739,4.00843
9740,1.01686
9741,1.0253
9742,13.0084
9743,5.01687
9744,5.0253
9745,1.03373
9746,6.00843
9747,6.01687
9748,5.0253
9749,3.00843
9750,8.00843
9751,8.01686
9752,8.0253
9753,3.03373
9754,20.0084
9755,6.01687
9756,8.00843
9757,5.01687
9758,3.0253
9759,5.00843
9760,20.0084
9761,14.0169
9762,12.0253
9763,9.03373
9764,8.00843
9765,8.01686
9766,3.0253
9767,3.03373
9768,12.0084
9769,12.0169
9770,1.0253
9771,16.0084
9772,12.0169
9773,12.0253
9774,10.0337
9775,5.04216
9776,3.05059
9777,14.0084
9778,14.0169
9779,4.0253
9780,18.0084
9781,7.01687
9782,10.0084
9783,8.01686
9784,8.0253
9785,8.03373
9786,3.04216
9787,18.0084
9788,10.0169
9789,10.0084
9790,3.01687
9791,1.0253
9792,11.0084
9793,8.01686
9794,1.00843
9795,13.0084
9796,1.01686
9797,13.0084
9798,10.0169
9799,1.0253
9800,20.0084
9801,14.0169
9802,4.0253
9803,14.0084
9804,3.01687
9805,7.00843
9806,4.01687
9807,8.00843
9808,14.0084
9809,1.01686
9810,2.00843
9811,14.0084
9812,1.00843
9813,10.0084
9814,16.0084
9815,7.01687
9816,8.00843
9817,8.01686
9818,12.0084
9819,7.01687
9820,12.0084
9821,6.00843
9822,14.0084
9823,13.0169
9824,7.0253
9825,2.03373
9826,1.04216
9827,12.0084
9828,5.01687
9829,3.0253
9830,16.0084
9831,1.01686
9832,10.0084
9833,5.01687
9834,5.0253
9835,5.03373
9836,12.0084
9837,11.0084
9838,1.01686
9839,1.0253
9840,14.0084
9841,10.0169
9842,8.0253
9843,7.03373
9844,18.0084
9845,15.0169
9846,7.0253
9847,1.03373
9848,10.0084
9849,12.0084
9850,8.01686
9851,13.0084
9852,7.01687
9853,1.0253
9854,19.0084
9855,15.0169
9856,7.00843
9857,13.0084
9858,8.01686
9859,1.0253
9860,18.0084
9861,15.0169
9862,12.0253
9863,5.03373
9864,17.0084
9865,7.00843
9866,10.0084
9867,2.00843
9868,10.0084
9869,10.0169
9870,5.0253
9871,14.0084
9872,11.0169
9873,1.0253
9874,14.0084
9875,12.0169
9876,7.0253
9877,1.03373
9878,1.04216
9879,1.05059
9880,3.00843
9881,10.0084
9882,10.0084
9883,5.01687
9884,1.0253
9885,14.0084
9886,14.0169
9887,14.0253
9888,12.0337
9889,8.04216
9890,9.00843
9891,5.01687
9892,10.0084
9893,4.01687
9894,16.0084
9895,5.00843
9896,5.01687
9897,18.0084
9898,12.0169
9899,12.0253
9900,10.0337
9901,5.04216
9902,12.0084
9903,16.0084
9904,12.0169
9905,8.00843
9906,7.01687
9907,10.0084
9908,8.01686
9909,5.0253
9910,1.03373
9911,16.0084
9912,10.0169
9913,12.0084
9914,12.0169
9915,18.0084
9916,12.0169
9917,12.0253
9918,3.03373
9919,13.0084
9920,16.0084
9921,15.0169
9922,10.0253
9923,10.0337
9924,16.0084
9925,6.01687
9926,1.0253
9927,10.0084
9928,5.01687
9929,1.0253
9930,19.0084
9931,16.0169
9932,12.0253
9933,16.0084
9934,8.01686
9935,7.0253
9936,5.03373
9937,1.04216
9938,3.00843
9939,18.0084
9940,10.0169
9941,8.00843
9942,8.00843
9943,1.00843
9944,12.0084
9945,10.0169
9946,10.0253
9947,1.03373
9948,18.0084
9949,1.01686
9950,12.0084
9951,3.01687
9952,14.0084
9953,5.01687
9954,7.00843
9955,10.0084
9956,6.01687
9957,1.0253
9958,8.00843
9959,7.01687
9960,12.0084
9961,8.01686
9962,3.0253
9963,2.03373
9964,10.0084
9965,7.01687
9966,2.0253
9967,1.00843
9968,11.0084
9969,8.01686
9970,15.0084
9971,12.0169
9972,8.0253
9973,1.03373
9974,16.0084
9975,10.0169
9976,3.00843
9977,6.00843
9978,4.01687
9979,4.0253
9980,3.03373
9981,12.0084
9982,5.01687
9983,10.0084
9984,10.0169
9985,1.0253
9986,1.00843
9987,9.00843
9988,1.01686
9989,16.0084
9990,8.01686
9991,3.0253
9992,5.00843
9993,3.01687
9994,10.0084
9995,5.01687
9996,18.0084
9997,18.0169
9998,8.00843
9999,8.01686
10000,7.0253
10001,2.03373
10002,14.0084
10003,8.01686
10004,11.0084
10005,10.0084
10006,8.01686
10007,1.0253
10008,1.00843
10009,16.0084
10010,8.00843
10011,3.01687
10012,3.0253
10013,3.03373
10014,1.00843
10015,1.00843
10016,8.00843
10017,1.01686
10018,8.00843
10019,14.0084
10020,12.0169
10021,3.0253
10022,1.03373
10023,18.0084
10024,10.0169
10025,3.0253
10026,3.03373
10027,17.0084
10028,16.0169
10029,14.0253
10030,16.0084
10031,8.01686
10032,17.0084
10033,13.0169
10034,8.00843
10035,8.01686
10036,8.00843
10037,16.0084
10038,11.0169
10039,10.0084
10040,6.01687
10041,18.0084
10042,13.0084
10043,12.0169
10044,14.0084
10045,16.0084
10046,10.0169
10047,16.0084
10048,16.0084
10049,1.01686
10050,3.00843
10051,10.0084
10052,8.01686
10053,8.0253
10054,4.03373
10055,3.04216
10056,14.0084
10057,6.01687
10058,5.0253
10059,5.03373
10060,5.04216
10061,18.0084
10062,8.01686
10063,7.0253
10064,6.03373
10065,2.04216
10066,1.05059
10067,18.0084
10068,10.0169
10069,7.0253
10070,7.03373
10071,9.00843
10072,8.01686
10073,6.0253
10074,13.0084
10075,10.0084
10076,10.0169
10077,10.0253
10078,8.03373
10079,14.0084
10080,8.01686
10081,5.0253
10082,17.0084
10083,10.0169
10084,9.00843
10085,7.01687
10086,11.0084
10087,10.0169
10088,5.0253
10089,16.0084
10090,19.0084
10091,18.0169
10092,12.0253
10093,10.0337
10094,7.04216
10095,1.05059
10096,1.00843
10097,15.0084
10098,7.01687
10099,16.0084
10100,3.01687
10101,10.0084
10102,10.0169
10103,18.0084
10104,10.0169
10105,5.00843
10106,13.0084
10107,7.01687
10108,8.00843
10109,8.01686
10110,1.0253
10111,14.0084
10112,9.01686
10113,1.0253
10114,10.0084
10115,3.01687
10116,8.00843
10117,14.0084
10118,10.0169
10119,8.0253
10120,7.03373
10121,5.04216
10122,1.05059
10123,1.05903
10124,6.00843
10125,3.01687
10126,12.0084
10127,5.00843
10128,12.0084
10129,18.0084
10130,8.00843
10131,8.01686
10132,1.0253
10133,1.03373
10134,7.00843
10135,1.01686
10136,9.00843
10137,5.01687
10138,15.0084
10139,2.00843
10140,1.01686
10141,12.0084
10142,12.0169
10143,5.0253
10144,1.03373
10145,18.0084
10146,13.0169
10147,8.00843
10148,1.01686
10149,20.0084
10150,16.0169
10151,8.0253
10152,5.03373
10153,17.0084
10154,10.0169
10155,10.0253
10156,8.03373
10157,8.04216
10158,18.0084
10159,18.0169
10160,12.0253
10161,7.03373
10162,5.04216
10163,8.00843
10164,7.01687
10165,8.00843
10166,8.01686
10167,14.0084
10168,1.00843
10169,17.0084
10170,3.01687
10171,18.0084
10172,1.01686
10173,1.00843
10174,18.0084
10175,14.0169
10176,5.0253
10177,9.00843
10178,8.01686
10179,12.0084
10180,6.01687
10181,10.0084
10182,10.0169
10183,20.0084
10184,8.01686
10185,15.0084
10186,10.0169
10187,5.0253
10188,1.03373
10189,17.0084
10190,14.0169
10191,12.0253
10192,14.0084
10193,1.00843
10194,16.0084
10195,15.0084
10196,7.01687
10197,11.0084
10198,10.0169
10199,15.0084
10200,5.00843
10201,3.01687
10202,8.00843
10203,9.00843
10204,5.01687
10205,1.0253
10206,1.03373
10207,1.04216
10208,15.0084
10209,12.0169
10210,6.0253
10211,18.0084
10212,8.01686
10213,13.0084
10214,1.01686
10215,1.0253
10216,3.00843
10217,1.01686
10218,16.0084
10219,16.0169
10220,14.0253
10221,5.00843
10222,13.0084
10223,10.0169
10224,5.00843
10225,2.01687
10226,8.00843
10227,10.0084
10228,5.01687
10229,14.0084
10230,10.0169
10231,12.0084
10232,16.0084
10233,11.0169
10234,8.0253
10235,1.03373
10236,8.00843
10237,6.01687
10238,5.0253
10239,1.03373
10240,1.04216
10241,14.0084
10242,8.00843
10243,3.01687
10244,3.0253
10245,3.03373
10246,8.00843
10247,8.01686
10248,5.0253
10249,7.00843
10250,16.0084
10251,6.01687
10252,2.0253
10253,8.00843
10254,8.01686
10255,8.0253
10256,16.0084
10257,5.01687
10258,5.00843
10259,10.0084
10260,17.0084
10261,15.0169
10262,8.0253
10263,1.03373
10264,2.00843
10265,2.01687
10266,14.0084
10267,17.0084
10268,8.01686
10269,3.00843
10270,10.0084
10271,5.00843
10272,12.0084
10273,1.01686
10274,1.00843
10275,1.01686
10276,10.0084
10277,7.01687
10278,3.0253
10279,3.00843
10280,12.0084
10281,1.01686
10282,10.0084
10283,9.01686
10284,5.0253
10285,13.0084
10286,16.0084
10287,8.01686
10288,7.0253
10289,8.00843
10290,8.01686
10291,3.00843
10292,1.00843
10293,1.01686
10294,1.0253
10295,10.0084
10296,5.01687
10297,12.0084
10298,7.01687
10299,5.00843
10300,14.0084
10301,8.01686
10302,10.0084
10303,8.01686
10304,7.0253
10305,7.03373
10306,1.04216
10307,18.0084
10308,10.0169
10309,10.0084
10310,11.0084
10311,11.0169
10312,6.00843
10313,14.0084
10314,13.0169
10315,8.0253
10316,5.03373
10317,16.0084
10318,16.0084
10319,15.0169
10320,16.0084
10321,4.01687
10322,1.0253
10323,10.0084
10324,12.0084
10325,10.0169
10326,1.00843
10327,1.01686
10328,13.0084
10329,10.0084
10330,10.0084
10331,8.00843
10332,5.01687
10333,5.0253
10334,12.0084
10335,7.01687
10336,1.00843
10337,7.00843
10338,16.0084
10339,16.0169
10340,10.0253
10341,1.00843
10342,12.0084
10343,13.0084
10344,8.00843
10345,7.01687
10346,7.0253
10347,1.00843
10348,8.00843
10349,8.01686
10350,17.0084
10351,5.01687
10352,3.0253
10353,1.00843
10354,1.01686
10355,1.0253
10356,14.0084
10357,12.0169
10358,2.0253
10359,2.03373
10360,5.00843
10361,12.0084
10362,17.0084
10363,7.01687
10364,3.0253
10365,8.00843
10366,10.0084
10367,1.01686
10368,1.0253
10369,18.0084
10370,10.0169
10371,10.0253
10372,7.00843
10373,5.01687
10374,3.0253
10375,14.0084
10376,12.0169
10377,8.0253
10378,10.0084
10379,8.01686
10380,5.0253
10381,7.00843
10382,3.01687
10383,8.00843
10384,7.01687
10385,3.0253
10386,14.0084
10387,3.01687
10388,15.0084
10389,16.0084
10390,8.01686
10391,16.0084
10392,14.0169
10393,13.0253
10394,10.0084
10395,10.0169
10396,18.0084
10397,8.01686
10398,12.0084
10399,12.0169
10400,12.0253
10401,7.03373
10402,19.0084
10403,5.01687
10404,14.0084
10405,12.0084
10406,12.0169
10407,7.0253
10408,19.0084
10409,8.01686
10410,5.0253
10411,10.0084
10412,10.0169
10413,1.0253
10414,15.0084
10415,3.01687
10416,12.0084
10417,14.0084
10418,14.0169
10419,10.0084
10420,9.01686
10421,1.0253
10422,14.0084
10423,1.01686
10424,1.0253
10425,16.0084
10426,11.0169
10427,5.00843
10428,3.00843
10429,12.0084
10430,5.01687
10431,7.00843
10432,5.01687
10433,5.0253
10434,12.0084
10435,7.01687
10436,5.0253
10437,17.0084
10438,18.0084
10439,10.0169
10440,9.0253
10441,8.03373
10442,10.0084
10443,18.0084
10444,18.0169
10445,3.0253
10446,3.03373
10447,16.0084
10448,10.0084
10449,1.01686
10450,10.0084
10451,8.01686
10452,14.0084
10453,3.01687
10454,3.0253
10455,19.0084
10456,10.0169
10457,12.0084
10458,5.00843
10459,1.01686
10460,15.0084
10461,1.01686
10462,16.0084
10463,13.0169
10464,8.0253
10465,6.00843
10466,4.01687
10467,12.0084
10468,9.00843
10469,18.0084
10470,14.0169
10471,8.0253
10472,8.03373
10473,2.00843
10474,14.0084
10475,10.0169
10476,5.0253
10477,3.00843
10478,5.00843
10479,8.00843
10480,5.01687
10481,3.0253
10482,1.03373
10483,1.04216
10484,1.05059
10485,1.05903
10486,3.00843
10487,3.01687
10488,10.0084
10489,8.01686
10490,3.0253
10491,5.00843
10492,12.0084
10493,13.0084
10494,12.0084
10495,7.01687
10496,7.0253
10497,8.00843
10498,10.0084
10499,8.01686
10500,5.0253
10501,10.0084
10502,5.01687
10503,3.0253
10504,1.03373
10505,9.00843
10506,14.0084
10507,14.0169
10508,5.0253
10509,12.0084
10510,10.0169
10511,10.0253
10512,3.03373
10513,3.04216
10514,16.0084
10515,16.0169
10516,12.0253
10517,7.03373
10518,7.04216
10519,17.0084
10520,8.01686
10521,8.00843
10522,3.00843
10523,16.0084
10524,13.0169
10525,8.0253
10526,8.00843
10527,14.0084
10528,7.00843
10529,3.01687
10530,12.0084
10531,3.01687
10532,8.00843
10533,16.0084
10534,5.01687
10535,3.00843
10536,10.0084
10537,3.01687
10538,3.0253
10539,10.0084
10540,12.0084
10541,3.01687
10542,3.0253
10543,10.0084
10544,8.00843
10545,8.01686
10546,1.0253
10547,3.00843
10548,1.01686
10549,10.0084
10550,18.0084
10551,6.01687
10552,5.0253
10553,1.00843
10554,14.0084
10555,12.0169
10556,8.0253
10557,2.00843
10558,7.00843
10559,3.00843
10560,10.0084
10561,12.0084
10562,10.0169
10563,4.00843
10564,12.0084
10565,5.01687
10566,10.0084
10567,10.0169
10568,3.00843
10569,18.0084
10570,18.0084
10571,5.00843
10572,12.0084
10573,7.01687
10574,18.0084
10575,19.0084
10576,1.01686
10577,7.00843
10578,5.01687
10579,8.00843
10580,7.00843
10581,18.0084
10582,10.0169
10583,2.0253
10584,1.03373
10585,5.00843
10586,1.01686
10587,8.00843
10588,4.00843
10589,18.0084
10590,7.01687
10591,5.0253
10592,3.03373
10593,10.0084
10594,10.0084
10595,7.01687
10596,7.0253
10597,3.03373
10598,1.04216
10599,14.0084
10600,13.0169
10601,10.0253
10602,10.0337
10603,8.04216
10604,12.0084
10605,12.0169
10606,10.0253
10607,10.0337
10608,16.0084
10609,15.0169
10610,8.00843
10611,5.01687
10612,5.0253
10613,15.0084
10614,12.0169
10615,7.0253
10616,7.03373
10617,16.0084
10618,16.0169
10619,14.0253
10620,12.0337
10621,17.0084
10622,12.0169
10623,12.0253
10624,12.0337
10625,10.0422
10626,8.05059
10627,6.00843
10628,1.01686
10629,14.0084
10630,12.0169
10631,19.0084
10632,16.0169
10633,13.0253
10634,6.03373
10635,1.04216
10636,8.00843
10637,16.0084
10638,3.01687
10639,12.0084
10640,8.01686
10641,5.0253
10642,15.0084
10643,20.0084
10644,8.00843
10645,1.01686
10646,2.00843
10647,8.00843
10648,3.01687
10649,3.0253
10650,19.0084
10651,12.0169
10652,14.0084
10653,13.0169
10654,5.0253
10655,6.00843
10656,1.00843
10657,1.01686
10658,16.0084
10659,15.0169
10660,19.0084
10661,14.0169
10662,2.0253
10663,1.03373
10664,14.0084
10665,14.0169
10666,1.0253
10667,19.0084
10668,8.00843
10669,1.01686
10670,1.00843
10671,8.00843
10672,8.01686
10673,7.0253
10674,1.03373
10675,10.0084
10676,3.01687
10677,13.0084
10678,10.0169
10679,3.0253
10680,12.0084
10681,1.01686
10682,12.0084
10683,8.01686
10684,16.0084
10685,13.0169
10686,13.0253
10687,8.03373
10688,3.04216
10689,14.0084
10690,7.01687
10691,5.0253
10692,10.0084
10693,10.0169
10694,4.0253
10695,7.00843
10696,6.01687
10697,17.0084
10698,17.0169
10699,12.0253
10700,7.03373
10701,3.04216
10702,16.0084
10703,8.01686
10704,8.0253
10705,1.03373
10706,15.0084
10707,16.0084
10708,14.0169
10709,12.0084
10710,1.00843
10711,14.0084
10712,3.00843
10713,12.0084
10714,3.01687
10715,3.00843
10716,9.00843
10717,17.0084
10718,8.01686
10719,1.0253
10720,1.03373
10721,7.00843
10722,13.0084
10723,14.0084
10724,5.01687
10725,3.0253
10726,8.00843
10727,7.01687
10728,5.0253
10729,12.0084
10730,3.00843
10731,8.00843
10732,8.00843
10733,12.0084
10734,8.01686
10735,4.0253
10736,13.0084
10737,19.0084
10738,13.0084
10739,17.0084
10740,20.0084
10741,12.0169
10742,8.0253
10743,10.0084
10744,13.0084
10745,7.01687
10746,6.0253
10747,13.0084
10748,12.0169
10749,18.0084
10750,18.0084
10751,5.01687
10752,1.0253
10753,10.0084
10754,8.01686
10755,6.0253
10756,1.00843
10757,14.0084
10758,4.01687
10759,3.0253
10760,8.00843
10761,8.01686
10762,1.0253
10763,7.00843
10764,7.01687
10765,5.0253
10766,10.0084
10767,8.01686
10768,8.00843
10769,5.01687
10770,10.0084
10771,10.0084
10772,17.0084
10773,10.0084
10774,10.0169
10775,5.0253
10776,1.00843
10777,13.0084
10778,3.01687
10779,1.0253
10780,18.0084
10781,1.01686
10782,6.00843
10783,12.0084
10784,12.0169
10785,12.0253
10786,20.0084
10787,8.00843
10788,6.01687
10789,14.0084
10790,11.0169
10791,8.0253
10792,5.03373
10793,10.0084
10794,6.01687
10795,10.0084
10796,7.01687
10797,8.00843
10798,5.00843
10799,3.01687
10800,1.00843
10801,1.01686
10802,2.00843
10803,13.0084
10804,12.0169
10805,3.0253
10806,10.0084
10807,9.01686
10808,7.0253
10809,5.00843
10810,8.00843
10811,2.01687
10812,11.0084
10813,3.01687
10814,13.0084
10815,10.0169
10816,5.00843
10817,12.0084
10818,18.0084
10819,16.0169
10820,7.0253
10821,5.03373
10822,3.00843
10823,3.00843
10824,5.00843
10825,1.01686
10826,14.0084
10827,1.01686
10828,7.00843
10829,6.01687
10830,5.0253
10831,16.0084
10832,5.01687
10833,5.0253
10834,3.03373
10835,8.00843
10836,7.01687
10837,5.0253
10838,3.03373
10839,8.00843
10840,7.01687
10841,3.0253
10842,10.0084
10843,8.01686
10844,5.0253
10845,16.0084
10846,14.0169
10847,8.00843
10848,5.01687
10849,1.00843
10850,15.0084
10851,15.0169
10852,12.0253
10853,16.0084
10854,10.0169
10855,8.0253
10856,5.03373
10857,1.04216
10858,1.05059
10859,14.0084
10860,14.0169
10861,13.0253
10862,12.0337
10863,6.04216
10864,5.05059
10865,10.0084
10866,3.01687
10867,1.0253
10868,19.0084
10869,13.0169
10870,13.0253
10871,12.0337
10872,16.0084
10873,13.0169
10874,10.0253
10875,15.0084
10876,3.01687
10877,8.00843
10878,5.01687
10879,1.0253
10880,14.0084
10881,14.0169
10882,1.0253
10883,12.0084
10884,8.01686
10885,7.0253
10886,10.0084
10887,8.00843
10888,7.01687
10889,10.0084
10890,5.01687
10891,2.0253
10892,10.0084
10893,10.0084
10894,10.0169
10895,7.00843
10896,15.0084
10897,14.0169
10898,13.0253
10899,9.00843
10900,18.0084
10901,14.0169
10902,14.0253
10903,1.03373
10904,10.0084
10905,8.01686
10906,20.0084
10907,10.0169
10908,13.0084
10909,13.0169
10910,10.0253
10911,1.03373
10912,1.04216
10913,17.0084
10914,14.0169
10915,12.0253
10916,5.03373
10917,5.04216
10918,14.0084
10919,3.01687
10920,20.0084
10921,17.0169
10922,18.0084
10923,13.0169
10924,8.0253
10925,8.03373
10926,8.04216
10927,8.00843
10928,8.01686
10929,8.0253
10930,5.03373
10931,2.04216
10932,12.0084
10933,1.01686
10934,10.0084
10935,5.01687
10936,7.00843
10937,1.00843
10938,8.00843
10939,14.0084
10940,18.0084
10941,17.0169
10942,8.0253
10943,5.03373
10944,16.0084
10945,1.00843
10946,12.0084
10947,5.00843
10948,15.0084
10949,13.0169
10950,7.00843
10951,1.00843
10952,1.01686
10953,1.0253
10954,3.00843
10955,1.01686
10956,13.0084
10957,5.00843
10958,5.01687
10959,5.0253
10960,7.00843
10961,1.00843
10962,8.00843
10963,8.01686
10964,8.0253
10965,1.03373
10966,9.00843
10967,3.01687
10968,10.0084
10969,10.0169
10970,3.0253
10971,3.03373
10972,16.0084
10973,14.0169
10974,10.0253
10975,10.0337
10976,7.04216
10977,3.05059
10978,10.0084
10979,14.0084
10980,8.01686
10981,7.0253
10982,7.03373
10983,1.04216
10984,18.0084
10985,14.0169
10986,13.0253
10987,8.03373
10988,3.04216
10989,17.0084
10990,11.0169
10991,8.0253
10992,3.03373
10993,8.00843
10994,16.0084
10995,2.00843
10996,14.0084
10997,5.01687
10998,20.0084
10999,13.0169
11000,5.00843
11001,5.00843
11002,5.01687
11003,18.0084
11004,8.00843
11005,5.00843
11006,9.00843
11007,8.01686
11008,6.0253
11009,6.03373
11010,5.04216
11011,9.00843
11012,7.01687
11013,10.0084
11014,8.01686
11015,13.0084
11016,5.00843
11017,1.01686
11018,5.00843
11019,6.00843
11020,1.01686
11021,1.0253
11022,18.0084
11023,18.0084
11024,18.0084
11025,7.01687
11026,1.0253
11027,5.00843
11028,14.0084
11029,16.0084
11030,8.01686
11031,3.00843
11032,12.0084
11033,3.01687
11034,16.0084
11035,5.00843
11036,10.0084
11037,10.0169
11038,8.0253
11039,15.0084
11040,4.01687
11041,5.00843
11042,2.00843
11043,12.0084
11044,8.01686
11045,5.00843
11046,1.01686
11047,1.0253
11048,5.00843
11049,2.01687
11050,5.00843
11051,16.0084
11052,13.0169
11053,13.0253
11054,5.00843
11055,8.00843
11056,6.01687
11057,5.0253
11058,19.0084
11059,16.0169
11060,10.0253
11061,7.03373
11062,18.0084
11063,8.01686
11064,7.0253
11065,6.03373
11066,9.00843
11067,10.0084
11068,12.0084
11069,12.0169
11070,13.0084
11071,5.01687
11072,8.00843
11073,13.0084
11074,7.01687
11075,15.0084
11076,8.01686
11077,18.0084
11078,12.0169
11079,3.0253
11080,8.00843
11081,5.01687
11082,3.0253
11083,18.0084
11084,10.0169
11085,1.0253
11086,8.00843
11087,13.0084
11088,12.0169
11089,10.0084
11090,5.01687
11091,18.0084
11092,1.00843
11093,12.0084
11094,7.01687
11095,5.0253
11096,20.0084
11097,12.0084
11098,3.00843
11099,3.01687
11100,3.0253
11101,12.0084
11102,9.01686
11103,14.0084
11104,10.0169
11105,8.00843
11106,5.01687
11107,16.0084
11108,5.00843
11109,5.01687
11110,2.0253
11111,1.03373
11112,8.00843
11113,7.01687
11114,8.00843
11115,6.00843
11116,12.0084
11117,10.0169
11118,8.0253
11119,3.03373
11120,3.04216
11121,16.0084
11122,14.0169
11123,7.0253
11124,7.03373
11125,2.04216
11126,7.00843
11127,16.0084
11128,12.0169
11129,10.0253
11130,15.0084
11131,1.01686
11132,1.0253
11133,12.0084
11134,12.0169
11135,5.0253
11136,8.00843
11137,6.01687
11138,4.0253
11139,2.03373
11140,12.0084
11141,17.0084
11142,8.00843
11143,17.0084
11144,5.01687
11145,12.0084
11146,8.01686
11147,7.0253
11148,1.03373
11149,15.0084
11150,12.0084
11151,10.0169
11152,14.0084
11153,9.01686
11154,8.0253
11155,8.03373
11156,2.04216
11157,18.0084
11158,14.0169
11159,8.0253
11160,8.03373
11161,18.0084
11162,15.0084
11163,1.01686
11164,5.00843
11165,12.0084
11166,17.0084
11167,17.0169
11168,13.0253
11169,10.0084
11170,1.00843
11171,12.0084
11172,12.0169
11173,14.0084
11174,13.0169
11175,7.0253
11176,3.00843
11177,1.01686
11178,12.0084
11179,3.01687
11180,1.00843
11181,8.00843
11182,18.0084
11183,16.0169
11184,12.0253
11185,19.0084
11186,16.0169
11187,8.0253
11188,5.00843
11189,1.01686
11190,12.0084
11191,16.0084
11192,16.0169
11193,10.0253
11194,8.00843
11195,8.01686
11196,12.0084
11197,10.0084
11198,17.0084
11199,8.00843
11200,5.01687
11201,1.0253
11202,6.00843
11203,15.0084
11204,10.0084
11205,14.0084
11206,13.0169
11207,5.0253
11208,5.00843
11209,20.0084
11210,8.01686
11211,7.00843
11212,12.0084
11213,2.01687
11214,10.0084
11215,14.0084
11216,8.01686
11217,8.0253
11218,5.00843
11219,3.01687
11220,1.0253
11221,2.00843
11222,3.00843
11223,3.01687
11224,3.0253
11225,1.03373
11226,1.00843
11227,1.01686
11228,7.00843
11229,5.01687
11230,1.0253
11231,7.00843
11232,6.01687
11233,1.0253
11234,19.0084
11235,6.01687
11236,1.00843
11237,13.0084
11238,8.01686
11239,5.0253
11240,5.03373
11241,10.0084
11242,7.01687
11243,8.00843
11244,6.01687
11245,1.0253
11246,13.0084
11247,8.01686
11248,16.0084
11249,10.0169
11250,10.0253
11251,5.03373
11252,8.00843
11253,6.01687
11254,6.0253
11255,12.0084
11256,14.0084
11257,14.0084
11258,14.0169
11259,8.0253
11260,3.03373
11261,11.0084
11262,5.01687
11263,12.0084
11264,3.01687
11265,4.00843
11266,9.00843
11267,18.0084
11268,16.0169
11269,10.0253
11270,5.00843
11271,3.00843
11272,1.01686
11273,14.0084
11274,8.01686
11275,2.0253
11276,3.00843
11277,16.0084
11278,10.0169
11279,7.0253
11280,18.0084
11281,3.01687
11282,8.00843
11283,3.01687
11284,10.0084
11285,18.0084
11286,16.0169
11287,5.0253
11288,5.00843
11289,1.01686
11290,1.0253
11291,1.03373
11292,3.00843
11293,8.00843
11294,5.01687
11295,2.0253
11296,11.0084
11297,10.0169
11298,6.0253
11299,7.00843
11300,18.0084
11301,16.0169
11302,8.0253
11303,9.00843
11304,10.0084
11305,16.0084
11306,10.0084
11307,1.00843
11308,20.0084
11309,11.0169
11310,14.0084
11311,1.01686
11312,1.00843
11313,13.0084
11314,16.0084
11315,8.01686
11316,4.0253
11317,1.03373
11318,16.0084
11319,5.01687
11320,10.0084
11321,6.01687
11322,10.0084
11323,8.00843
11324,12.0084
11325,14.0084
11326,10.0169
11327,6.0253
11328,3.03373
11329,10.0084
11330,8.01686
11331,5.0253
11332,1.03373
11333,1.04216
11334,16.0084
11335,10.0169
11336,5.00843
11337,5.01687
11338,3.0253
11339,3.03373
11340,8.00843
11341,6.01687
11342,13.0084
11343,9.01686
11344,12.0084
11345,10.0169
11346,6.0253
11347,1.03373
11348,14.0084
11349,10.0169
11350,10.0253
11351,10.0337
11352,4.00843
11353,1.01686
11354,14.0084
11355,5.01687
11356,1.00843
11357,1.01686
11358,1.0253
11359,20.0084
11360,10.0084
11361,10.0169
11362,8.0253
11363,5.03373
11364,5.04216
11365,1.05059
11366,16.0084
11367,16.0169
11368,6.0253
11369,7.00843
11370,3.01687
11371,1.0253
11372,20.0084
11373,8.01686
11374,8.0253
11375,16.0084
11376,10.0169
11377,10.0253
11378,16.0084
11379,11.0169
11380,2.0253
11381,15.0084
11382,13.0084
11383,3.01687
11384,1.00843
11385,3.00843
11386,18.0084
11387,7.01687
11388,1.0253
11389,12.0084
11390,12.0084
11391,3.01687
11392,5.00843
11393,14.0084
11394,5.01687
11395,14.0084
11396,12.0169
11397,8.0253
11398,14.0084
11399,12.0084
11400,8.01686
11401,8.0253
11402,19.0084
11403,13.0169
11404,14.0084
11405,10.0169
11406,3.0253
11407,3.03373
11408,20.0084
11409,16.0084
11410,14.0084
11411,2.01687
11412,1.0253
11413,18.0084
11414,1.01686
11415,18.0084
11416,14.0169
11417,3.00843
11418,12.0084
11419,1.01686
11420,3.00843
11421,1.00843
11422,1.01686
11423,9.00843
11424,6.01687
11425,7.00843
11426,1.01686
11427,8.00843
11428,8.01686
11429,10.0084
11430,3.00843
11431,3.01687
11432,1.0253
11433,1.03373
11434,5.00843
11435,9.00843
11436,5.01687
11437,16.0084
11438,10.0169
11439,6.0253
11440,5.03373
11441,3.04216
11442,18.0084
11443,7.01687
11444,3.0253
11445,15.0084
11446,3.00843
11447,1.01686
11448,13.0084
11449,3.01687
11450,2.00843
11451,13.0084
11452,5.01687
11453,12.0084
11454,11.0169
11455,7.0253
11456,7.03373
11457,1.04216
11458,16.0084
11459,14.0169
11460,8.0253
11461,7.03373
11462,8.00843
11463,12.0084
11464,2.01687
11465,1.0253
11466,10.0084
11467,3.00843
11468,13.0084
11469,8.00843
11470,14.0084
11471,8.00843
11472,3.01687
11473,16.0084
11474,10.0084
11475,13.0084
11476,3.01687
11477,3.0253
11478,3.03373
11479,12.0084
11480,8.01686
11481,5.00843
11482,7.00843
11483,7.01687
11484,15.0084
11485,7.01687
11486,8.00843
11487,6.01687
11488,3.00843
11489,8.00843
11490,8.00843
11491,15.0084
11492,5.01687
11493,5.0253
11494,3.03373
11495,16.0084
11496,3.01687
11497,12.0084
11498,8.01686
11499,5.00843
11500,1.01686
11501,8.00843
11502,17.0084
11503,12.0169
11504,2.0253
11505,19.0084
11506,1.01686
11507,14.0084
11508,10.0169
11509,14.0084
11510,11.0169
11511,8.00843
11512,13.0084
11513,3.01687
11514,5.00843
11515,17.0084
11516,10.0169
11517,8.00843
11518,7.01687
11519,1.00843
11520,8.00843
11521,9.00843
11522,3.01687
11523,12.0084
11524,10.0084
11525,7.01687
11526,1.0253
11527,8.00843
11528,1.01686
11529,1.0253
11530,14.0084
11531,12.0169
11532,12.0253
11533,12.0337
11534,10.0422
11535,8.05059
11536,16.0084
11537,10.0169
11538,15.0084
11539,9.01686
11540,5.00843
11541,17.0084
11542,10.0084
11543,8.01686
11544,3.00843
11545,12.0084
11546,10.0169
11547,10.0253
11548,13.0084
11549,3.01687
11550,14.0084
11551,11.0169
11552,15.0084
11553,12.0169
11554,1.00843
11555,16.0084
11556,10.0169
11557,12.0084
11558,7.00843
11559,15.0084
11560,8.01686
11561,4.0253
11562,3.00843
11563,17.0084
11564,10.0169
11565,7.00843
11566,3.01687
11567,7.00843
11568,8.00843
11569,12.0084
11570,18.0084
11571,8.00843
11572,8.01686
11573,8.0253
11574,8.03373
11575,7.04216
11576,7.05059
11577,19.0084
11578,15.0169
11579,12.0253
11580,5.03373
11581,10.0084
11582,5.01687
11583,5.0253
11584,5.03373
11585,12.0084
11586,8.01686
11587,7.0253
11588,13.0084
11589,8.01686
11590,8.0253
11591,14.0084
11592,10.0169
11593,14.0084
11594,10.0169
11595,5.0253
11596,16.0084
11597,11.0169
11598,12.0084
11599,12.0169
11600,8.0253
11601,1.03373
11602,14.0084
11603,14.0084
11604,12.0169
11605,10.0253
11606,8.03373
11607,5.04216
11608,2.05059
11609,16.0084
11610,14.0169
11611,3.0253
11612,8.00843
11613,12.0084
11614,5.01687
11615,10.0084
11616,10.0169
11617,5.0253
11618,8.00843
11619,8.01686
11620,7.0253
11621,8.00843
11622,6.00843
11623,10.0084
11624,8.01686
11625,7.0253
11626,10.0084
11627,5.01687
11628,3.0253
11629,1.00843
11630,16.0084
11631,2.01687
11632,16.0084
11633,16.0169
11634,13.0253
11635,5.03373
11636,5.04216
11637,7.00843
11638,3.01687
11639,1.0253
11640,1.03373
11641,10.0084
11642,7.00843
11643,6.01687
11644,5.00843
11645,14.0084
11646,3.01687
11647,1.00843
11648,16.0084
11649,10.0169
11650,6.0253
11651,2.03373
11652,1.04216
11653,1.05059
11654,12.0084
11655,3.00843
11656,5.00843
11657,5.01687
11658,1.0253
11659,18.0084
11660,11.0169
11661,8.0253
11662,18.0084
11663,5.01687
11664,8.00843
11665,20.0084
11666,12.0169
11667,18.0084
11668,10.0169
11669,10.0253
11670,20.0084
11671,16.0169
11672,11.0253
11673,17.0084
11674,8.00843
11675,8.01686
11676,18.0084
11677,10.0169
11678,4.0253
11679,19.0084
11680,1.01686
11681,3.00843
11682,19.0084
11683,10.0169
11684,5.0253
11685,7.00843
11686,12.0084
11687,8.01686
11688,5.00843
11689,2.00843
11690,17.0084
11691,8.01686
11692,16.0084
11693,14.0169
11694,3.0253
11695,1.00843
11696,12.0084
11697,8.00843
11698,5.00843
11699,7.00843
11700,3.00843
11701,8.00843
11702,8.01686
11703,16.0084
11704,12.0084
11705,18.0084
11706,5.01687
11707,15.0084
11708,12.0169
11709,8.0253
11710,7.00843
11711,2.01687
11712,14.0084
11713,1.00843
11714,9.00843
11715,16.0084
11716,8.01686
11717,6.0253
11718,1.03373
11719,18.0084
11720,14.0084
11721,5.01687
11722,16.0084
11723,10.0169
11724,10.0253
11725,5.03373
11726,6.00843
11727,3.00843
11728,14.0084
11729,8.01686
11730,10.0084
11731,8.01686
11732,5.0253
11733,7.00843
11734,12.0084
11735,3.00843
11736,1.00843
11737,1.00843
11738,7.00843
11739,3.01687
11740,19.0084
11741,3.01687
11742,5.00843
11743,8.00843
11744,5.01687
11745,1.0253
11746,8.00843
11747,10.0084
11748,10.0169
11749,8.0253
11750,3.03373
11751,8.00843
11752,3.01687
11753,13.0084
11754,10.0169
11755,9.0253
11756,14.0084
11757,13.0169
11758,7.0253
11759,14.0084
11760,3.01687
11761,5.00843
11762,1.01686
11763,3.00843
11764,3.01687
11765,3.0253
11766,18.0084
11767,5.01687
11768,3.00843
11769,8.00843
11770,7.01687
11771,8.00843
11772,1.01686
11773,17.0084
11774,10.0169
11775,1.0253
11776,18.0084
11777,18.0169
11778,6.0253
11779,5.03373
11780,14.0084
11781,4.01687
11782,3.0253
11783,10.0084
11784,15.0084
11785,3.01687
11786,15.0084
11787,3.00843
11788,14.0084
11789,9.01686
11790,5.0253
11791,11.0084
11792,10.0169
11793,5.0253
11794,5.03373
11795,19.0084
11796,10.0169
11797,8.0253
11798,7.03373
11799,18.0084
11800,13.0169
11801,3.0253
11802,13.0084
11803,13.0169
11804,10.0253
11805,8.00843
11806,19.0084
11807,12.0169
11808,10.0084
11809,10.0169
11810,10.0253
11811,8.03373
11812,17.0084
11813,14.0169
11814,14.0253
11815,12.0337
11816,12.0084
11817,16.0084
11818,16.0169
11819,20.0084
11820,18.0084
11821,18.0169
11822,3.0253
11823,8.00843
11824,15.0084
11825,16.0084
11826,19.0084
11827,3.01687
11828,15.0084
11829,4.01687
11830,20.0084
11831,5.01687
11832,14.0084
11833,19.0084
11834,14.0169
11835,5.0253
11836,8.00843
11837,1.01686
11838,1.00843
11839,3.00843
11840,13.0084
11841,10.0169
11842,18.0084
11843,7.01687
11844,6.00843
11845,13.0084
11846,1.01686
11847,10.0084
11848,1.01686
11849,10.0084
11850,3.01687
11851,14.0084
11852,10.0169
11853,12.0084
11854,11.0169
11855,13.0084
11856,12.0169
11857,7.00843
11858,1.01686
11859,8.00843
11860,8.01686
11861,1.0253
11862,10.0084
11863,10.0169
11864,2.0253
11865,14.0084
11866,10.0169
11867,5.0253
11868,18.0084
11869,11.0169
11870,6.0253
11871,6.03373
11872,18.0084
11873,12.0169
11874,12.0253
11875,8.03373
11876,6.04216
11877,5.05059
11878,13.0084
11879,7.00843
11880,16.0084
11881,16.0169
11882,9.00843
11883,17.0084
11884,16.0169
11885,18.0084
11886,6.01687
11887,12.0084
11888,10.0169
11889,7.00843
11890,1.01686
11891,3.00843
11892,9.00843
11893,12.0084
11894,1.01686
11895,14.0084
11896,1.01686
11897,6.00843
11898,3.00843
11899,4.00843
11900,6.00843
11901,5.01687
11902,2.00843
11903,2.01687
11904,10.0084
11905,3.01687
11906,5.00843
11907,5.01687
11908,2.0253
11909,14.0084
11910,12.0169
11911,7.0253
11912,8.00843
11913,3.01687
11914,3.00843
11915,3.00843
11916,3.01687
11917,12.0084
11918,13.0084
11919,7.01687
11920,5.0253
11921,20.0084
11922,8.01686
11923,6.0253
11924,18.0084
11925,5.01687
11926,3.0253
11927,12.0084
11928,12.0084
11929,12.0169
11930,12.0253
11931,8.03373
11932,15.0084
11933,2.01687
11934,19.0084
11935,16.0169
11936,14.0253
11937,12.0337
11938,7.04216
11939,1.05059
11940,6.00843
11941,16.0084
11942,12.0169
11943,8.0253
11944,1.03373
11945,8.00843
11946,10.0084
11947,10.0169
11948,3.0253
11949,7.00843
11950,20.0084
11951,5.01687
11952,6.00843
11953,10.0084
11954,12.0084
11955,3.01687
11956,3.00843
11957,6.00843
11958,7.00843
11959,1.01686
11960,14.0084
11961,7.01687
11962,10.0084
11963,17.0084
11964,1.01686
11965,16.0084
11966,10.0169
11967,18.0084
11968,2.01687
11969,14.0084
11970,7.01687
11971,5.00843
11972,3.00843
11973,12.0084
11974,5.01687
11975,14.0084
11976,13.0169
11977,7.00843
11978,1.01686
11979,12.0084
11980,12.0169
11981,9.0253
11982,11.0084
11983,10.0084
11984,16.0084
11985,13.0084
11986,2.00843
11987,10.0084
11988,6.01687
11989,12.0084
11990,15.0084
11991,5.01687
11992,13.0084
11993,3.01687
11994,10.0084
11995,5.01687
11996,13.0084
11997,1.01686
11998,12.0084
11999,12.0169
12000,8.00843
12001,8.01686
12002,14.0084
12003,15.0084
12004,10.0169
12005,5.0253
12006,16.0084
12007,17.0084
12008,12.0169
12009,12.0253
12010,12.0337
12011,18.0084
12012,18.0169
12013,10.0253
12014,10.0337
12015,7.00843
12016,6.01687
12017,14.0084
12018,18.0084
12019,14.0084
12020,20.0084
12021,14.0084
12022,8.01686
12023,1.0253
12024,3.00843
12025,11.0084
12026,8.01686
12027,3.0253
12028,1.03373
12029,1.00843
12030,8.00843
12031,5.01687
12032,14.0084
12033,11.0169
12034,3.00843
12035,10.0084
12036,1.01686
12037,18.0084
12038,12.0169
12039,10.0253
12040,7.03373
12041,3.04216
12042,8.00843
12043,12.0084
12044,10.0169
12045,7.0253
12046,5.03373
12047,5.04216
12048,1.05059
12049,14.0084
12050,12.0084
12051,10.0169
12052,6.0253
12053,14.0084
12054,8.01686
12055,10.0084
12056,14.0084
12057,11.0084
12058,5.01687
12059,5.0253
12060,3.03373
12061,3.04216
12062,13.0084
12063,16.0084
12064,18.0084
12065,6.01687
12066,3.0253
12067,3.03373
12068,16.0084
12069,5.01687
12070,17.0084
12071,14.0169
12072,9.0253
12073,7.00843
12074,5.01687
12075,10.0084
12076,8.01686
12077,14.0084
12078,10.0084
12079,8.01686
12080,8.0253
12081,5.00843
12082,5.01687
12083,12.0084
12084,7.01687
12085,3.0253
12086,5.00843
12087,5.00843
12088,14.0084
12089,10.0169
12090,16.0084
12091,8.01686
12092,5.00843
12093,10.0084
12094,1.01686
12095,5.00843
12096,1.01686
12097,8.00843
12098,13.0084
12099,3.01687
12100,10.0084
12101,16.0084
12102,11.0169
12103,1.0253
12104,17.0084
12105,8.00843
12106,6.01687
12107,3.00843
12108,10.0084
12109,10.0169
12110,8.0253
12111,8.03373
12112,6.04216
12113,7.00843
12114,12.0084
12115,10.0169
12116,8.0253
12117,3.03373
12118,1.04216
12119,1.00843
12120,1.01686
12121,14.0084
12122,11.0084
12123,11.0169
12124,10.0253
12125,3.03373
12126,12.0084
12127,12.0169
12128,10.0084
12129,5.01687
12130,3.0253
12131,1.03373
12132,14.0084
12133,10.0169
12134,15.0084
12135,15.0169
12136,12.0253
12137,8.03373
12138,16.0084
12139,13.0169
12140,8.0253
12141,12.0084
12142,5.00843
12143,3.01687
12144,14.0084
12145,10.0169
12146,11.0084
12147,3.01687
12148,2.0253
12149,2.03373
12150,1.04216
12151,7.00843
12152,1.01686
12153,1.0253
12154,13.0084
12155,13.0169
12156,8.0253
12157,1.03373
12158,19.0084
12159,8.00843
12160,7.00843
12161,5.01687
12162,10.0084
12163,3.00843
12164,8.00843
12165,5.01687
12166,5.00843
12167,10.0084
12168,1.01686
12169,8.00843
12170,5.01687
12171,12.0084
12172,12.0169
12173,5.0253
12174,13.0084
12175,10.0084
12176,14.0084
12177,8.01686
12178,17.0084
12179,1.01686
12180,1.0253
12181,1.00843
12182,18.0084
12183,12.0169
12184,3.0253
12185,17.0084
12186,13.0169
12187,5.0253
12188,18.0084
12189,6.01687
12190,8.00843
12191,7.01687
12192,10.0084
12193,8.01686
12194,8.00843
12195,3.00843
12196,10.0084
12197,8.01686
12198,3.0253
12199,3.03373
12200,6.00843
12201,12.0084
12202,5.01687
12203,16.0084
12204,7.01687
12205,7.0253
12206,5.00843
12207,10.0084
12208,1.01686
12209,12.0084
12210,12.0084
12211,5.01687
12212,12.0084
12213,6.01687
12214,5.0253
12215,13.0084
12216,10.0169
12217,19.0084
12218,16.0169
12219,1.0253
12220,8.00843
12221,8.01686
12222,7.0253
12223,16.0084
12224,10.0084
12225,12.0084
12226,3.01687
12227,16.0084
12228,5.01687
12229,13.0084
12230,1.01686
12231,1.0253
12232,13.0084
12233,12.0169
12234,16.0084
12235,10.0169
12236,5.00843
12237,12.0084
12238,12.0169
12239,6.0253
12240,20.0084
12241,19.0169
12242,8.0253
12243,18.0084
12244,1.01686
12245,7.00843
12246,1.01686
12247,10.0084
12248,1.01686
12249,13.0084
12250,13.0084
12251,1.01686
12252,1.00843
12253,18.0084
12254,10.0169
12255,3.0253
12256,3.03373
12257,1.04216
12258,16.0084
12259,5.01687
12260,18.0084
12261,18.0169
12262,6.0253
12263,8.00843
12264,6.01687
12265,1.00843
12266,12.0084
12267,9.00843
12268,10.0084
12269,1.01686
12270,13.0084
12271,10.0169
12272,14.0084
12273,12.0169
12274,10.0084
12275,10.0169
12276,2.0253
12277,8.00843
12278,5.00843
12279,12.0084
12280,1.00843
12281,18.0084
12282,1.00843
12283,1.01686
12284,1.00843
12285,13.0084
12286,1.00843
12287,18.0084
12288,3.01687
12289,13.0084
12290,10.0084
12291,8.01686
12292,19.0084
12293,6.01687
12294,5.00843
12295,15.0084
12296,16.0084
12297,18.0084
12298,1.01686
12299,1.0253
12300,10.0084
12301,10.0169
12302,3.0253
12303,14.0084
12304,16.0084
12305,15.0169
12306,16.0084
12307,13.0169
12308,12.0253
12309,8.03373
12310,1.04216
12311,8.00843
12312,8.01686
12313,15.0084
12314,10.0169
12315,5.0253
12316,1.03373
12317,7.00843
12318,7.00843
12319,13.0084
12320,18.0084
12321,1.00843
12322,18.0084
12323,17.0169
12324,2.0253
12325,2.03373
12326,9.00843
12327,5.01687
12328,1.00843
12329,2.00843
12330,14.0084
12331,8.01686
12332,3.0253
12333,1.00843
12334,14.0084
12335,7.00843
12336,7.01687
12337,7.0253
12338,8.00843
12339,8.00843
12340,15.0084
12341,10.0169
12342,16.0084
12343,15.0169
12344,1.0253
12345,12.0084
12346,1.01686
12347,18.0084
12348,13.0169
12349,10.0253
12350,1.03373
12351,1.00843
12352,9.00843
12353,6.01687
12354,3.0253
12355,7.00843
12356,7.01687
12357,14.0084
12358,8.01686
12359,8.0253
12360,8.03373
12361,12.0084
12362,17.0084
12363,9.00843
12364,4.01687
12365,13.0084
12366,10.0169
12367,9.0253
12368,8.03373
12369,8.04216
12370,10.0084
12371,3.00843
12372,16.0084
12373,12.0169
12374,14.0084
12375,18.0084
12376,7.01687
12377,5.0253
12378,13.0084
12379,6.00843
12380,5.01687
12381,8.00843
12382,3.01687
12383,12.0084
12384,17.0084
12385,14.0169
12386,3.0253
12387,2.00843
12388,7.00843
12389,1.01686
12390,12.0084
12391,10.0169
12392,1.0253
12393,15.0084
12394,17.0084
12395,12.0169
12396,12.0084
12397,8.01686
12398,18.0084
12399,16.0084
12400,14.0084
12401,14.0169
12402,8.00843
12403,12.0084
12404,12.0169
12405,6.00843
12406,14.0084
12407,3.01687
12408,3.0253
12409,2.03373
12410,13.0084
12411,1.01686
12412,1.0253
12413,2.00843
12414,2.01687
12415,1.0253
12416,10.0084
12417,10.0169
12418,13.0084
12419,6.01687
12420,3.0253
12421,8.00843
12422,8.01686
12423,5.0253
12424,5.03373
12425,8.00843
12426,5.01687
12427,11.0084
12428,8.01686
12429,8.0253
12430,8.03373
12431,8.04216
12432,3.05059
12433,7.00843
12434,1.01686
12435,2.00843
12436,9.00843
12437,14.0084
12438,14.0169
12439,12.0253
12440,2.03373
12441,13.0084
12442,12.0169
12443,16.0084
12444,14.0169
12445,12.0253
12446,13.0084
12447,3.01687
12448,15.0084
12449,14.0169
12450,8.0253
12451,7.03373
12452,5.04216
12453,5.05059
12454,3.05903
12455,5.00843
12456,10.0084
12457,20.0084
12458,18.0169
12459,3.0253
12460,3.03373
12461,14.0084
12462,10.0169
12463,5.0253
12464,15.0084
12465,3.01687
12466,1.00843
12467,16.0084
12468,1.01686
12469,10.0084
12470,5.01687
12471,5.0253
12472,12.0084
12473,12.0169
12474,7.0253
12475,1.03373
12476,10.0084
12477,5.01687
12478,5.0253
12479,5.03373
12480,11.0084
12481,7.01687
12482,3.0253
12483,1.03373
12484,17.0084
12485,17.0169
12486,9.0253
12487,8.03373
12488,13.0084
12489,12.0084
12490,10.0169
12491,3.00843
12492,1.00843
12493,14.0084
12494,12.0084
12495,12.0169
12496,10.0253
12497,8.00843
12498,3.01687
12499,14.0084
12500,8.01686
12501,1.0253
12502,2.00843
12503,1.01686
12504,18.0084
12505,10.0169
12506,3.0253
12507,9.00843
12508,17.0084
12509,7.00843
12510,9.00843
12511,8.01686
12512,1.0253
12513,7.00843
12514,7.01687
12515,1.0253
12516,12.0084
12517,10.0169
12518,3.0253
12519,16.0084
12520,15.0169
12521,14.0084
12522,8.01686
12523,1.0253
12524,14.0084
12525,10.0169
12526,8.0253
12527,5.00843
12528,1.00843
12529,1.00843
12530,5.00843
12531,1.01686
12532,3.00843
12533,6.00843
12534,10.0084
12535,3.01687
12536,14.0084
12537,5.00843
12538,14.0084
12539,10.0169
12540,1.0253
12541,1.03373
12542,13.0084
12543,12.0084
12544,10.0169
12545,8.00843
12546,3.01687
12547,14.0084
12548,5.01687
12549,3.00843
12550,16.0084
12551,10.0169
12552,8.0253
12553,7.00843
12554,12.0084
12555,12.0169
12556,12.0253
12557,5.00843
12558,3.01687
12559,4.00843
12560,8.00843
12561,10.0084
12562,8.01686
12563,8.0253
12564,3.03373
12565,3.04216
12566,1.05059
12567,7.00843
12568,7.01687
12569,10.0084
12570,10.0169
12571,10.0253
12572,8.03373
12573,5.04216
12574,1.00843
12575,1.01686
12576,12.0084
12577,14.0084
12578,7.01687
12579,13.0084
12580,3.01687
12581,12.0084
12582,5.01687
12583,13.0084
12584,13.0169
12585,8.0253
12586,12.0084
12587,5.00843
12588,10.0084
12589,1.00843
12590,17.0084
12591,14.0084
12592,19.0084
12593,10.0169
12594,3.0253
12595,16.0084
12596,8.00843
12597,5.00843
12598,5.01687
12599,17.0084
12600,1.01686
12601,18.0084
12602,18.0084
12603,18.0169
12604,16.0084
12605,9.01686
12606,18.0084
12607,13.0169
12608,6.0253
12609,11.0084
12610,8.01686
12611,7.0253
12612,5.03373
12613,8.00843
12614,1.01686
12615,1.0253
12616,13.0084
12617,7.01687
12618,14.0084
12619,14.0169
12620,8.0253
12621,5.00843
12622,17.0084
12623,12.0169
12624,10.0253
12625,16.0084
12626,9.01686
12627,6.0253
12628,5.03373
12629,1.04216
12630,14.0084
12631,13.0169
12632,7.0253
12633,10.0084
12634,10.0169
12635,10.0253
12636,8.03373
12637,1.04216
12638,19.0084
12639,10.0169
12640,6.0253
12641,13.0084
12642,10.0084
12643,10.0169
12644,7.0253
12645,4.03373
12646,8.00843
12647,3.01687
12648,12.0084
12649,20.0084
12650,18.0169
12651,5.0253
12652,1.03373
12653,17.0084
12654,9.01686
12655,19.0084
12656,13.0084
12657,3.01687
12658,1.0253
12659,10.0084
12660,11.0084
12661,1.01686
12662,9.00843
12663,10.0084
12664,14.0084
12665,10.0169
12666,8.00843
12667,8.01686
12668,1.0253
12669,1.03373
12670,5.00843
12671,3.00843
12672,10.0084
12673,3.01687
12674,5.00843
12675,5.00843
12676,12.0084
12677,13.0084
12678,8.01686
12679,7.0253
12680,1.03373
12681,1.00843
12682,20.0084
12683,12.0169
12684,6.0253
12685,3.03373
12686,5.00843
12687,5.01687
12688,5.0253
12689,12.0084
12690,8.01686
12691,14.0084
12692,13.0169
12693,5.00843
12694,17.0084
12695,17.0169
12696,10.0253
12697,6.03373
12698,19.0084
12699,19.0084
12700,17.0169
12701,1.0253
12702,16.0084
12703,3.01687
12704,5.00843
12705,16.0084
12706,12.0169
12707,8.0253
12708,14.0084
12709,14.0169
12710,6.0253
12711,6.00843
12712,8.00843
12713,10.0084
12714,8.01686
12715,7.0253
12716,6.03373
12717,12.0084
12718,10.0084
12719,8.01686
12720,8.00843
12721,5.01687
12722,1.0253
12723,12.0084
12724,10.0169
12725,8.0253
12726,12.0084
12727,8.01686
12728,5.0253
12729,13.0084
12730,1.01686
12731,13.0084
12732,14.0084
12733,12.0084
12734,10.0169
12735,5.00843
12736,5.01687
12737,1.0253
12738,10.0084
12739,7.01687
12740,15.0084
12741,7.01687
12742,1.0253
12743,12.0084
12744,11.0169
12745,8.0253
12746,2.03373
12747,2.04216
12748,14.0084
12749,15.0084
12750,10.0169
12751,9.0253
12752,18.0084
12753,16.0169
12754,1.0253
12755,14.0084
12756,4.01687
12757,13.0084
12758,1.01686
12759,19.0084
12760,6.01687
12761,1.00843
12762,19.0084
12763,5.01687
12764,5.0253
12765,5.00843
12766,8.00843
12767,3.00843
12768,18.0084
12769,14.0169
12770,12.0253
12771,10.0337
12772,1.04216
12773,16.0084
12774,13.0169
12775,13.0253
12776,5.00843
12777,9.00843
12778,20.0084
12779,5.01687
12780,1.0253
12781,1.03373
12782,19.0084
12783,7.01687
12784,3.0253
12785,1.03373
12786,3.00843
12787,9.00843
12788,9.01686
12789,5.0253
12790,15.0084
12791,10.0169
12792,6.00843
12793,2.01687
12794,1.0253
12795,8.00843
12796,5.01687
12797,12.0084
12798,10.0084
12799,10.0169
12800,14.0084
12801,11.0169
12802,17.0084
12803,12.0169
12804,14.0084
12805,12.0169
12806,3.0253
12807,1.03373
12808,16.0084
12809,13.0084
12810,12.0169
12811,7.0253
12812,12.0084
12813,12.0084
12814,7.01687
12815,14.0084
12816,10.0084
12817,7.01687
12818,1.0253
12819,1.03373
12820,8.00843
12821,1.01686
12822,1.0253
12823,13.0084
12824,9.01686
12825,5.00843
12826,18.0084
12827,7.00843
12828,7.01687
12829,19.0084
12830,17.0084
12831,7.01687
12832,1.0253
12833,1.00843
12834,1.01686
12835,18.0084
12836,13.0084
12837,7.01687
12838,1.0253
12839,8.00843
12840,8.01686
12841,5.0253
12842,16.0084
12843,10.0084
12844,18.0084
12845,8.01686
12846,20.0084
12847,13.0084
12848,1.01686
12849,10.0084
12850,12.0084
12851,3.00843
12852,3.01687
12853,18.0084
12854,17.0169
12855,14.0253
12856,15.0084
12857,16.0084
12858,13.0169
12859,7.0253
12860,5.03373
12861,8.00843
12862,9.00843
12863,1.01686
12864,1.0253
12865,20.0084
12866,12.0084
12867,8.00843
12868,1.00843
12869,7.00843
12870,3.01687
12871,3.0253
12872,12.0084
12873,14.0084
12874,10.0169
12875,5.0253
12876,15.0084
12877,10.0169
12878,3.0253
12879,1.03373
12880,1.00843
12881,12.0084
12882,8.01686
12883,8.00843
12884,4.01687
12885,1.0253
12886,14.0084
12887,1.01686
12888,12.0084
12889,1.01686
12890,3.00843
12891,16.0084
12892,1.01686
12893,13.0084
12894,8.01686
12895,1.0253
12896,18.0084
12897,8.01686
12898,8.0253
12899,7.03373
12900,3.04216
12901,10.0084
12902,10.0169
12903,4.0253
12904,10.0084
12905,7.01687
12906,12.0084
12907,6.01687
12908,16.0084
12909,8.01686
12910,8.0253
12911,7.03373
12912,17.0084
12913,16.0169
12914,10.0253
12915,8.03373
12916,18.0084
12917,10.0169
12918,8.0253
12919,3.03373
12920,16.0084
12921,1.01686
12922,12.0084
12923,1.01686
12924,1.0253
12925,13.0084
12926,12.0169
12927,20.0084
12928,1.00843
12929,1.01686
12930,3.00843
12931,17.0084
12932,12.0169
12933,8.00843
12934,8.01686
12935,8.0253
12936,5.03373
12937,7.00843
12938,20.0084
12939,10.0169
12940,8.0253
12941,8.03373
12942,8.04216
12943,6.05059
12944,12.0084
12945,10.0169
12946,13.0084
12947,3.01687
12948,3.0253
12949,16.0084
12950,1.01686
12951,10.0084
12952,5.01687
12953,1.0253
12954,14.0084
12955,8.00843
12956,13.0084
12957,8.01686
12958,10.0084
12959,11.0084
12960,7.01687
12961,5.0253
12962,12.0084
12963,12.0169
12964,12.0253
12965,10.0084
12966,1.01686
12967,7.00843
12968,15.0084
12969,12.0169
12970,12.0253
12971,3.03373
12972,13.0084
12973,3.01687
12974,3.00843
12975,8.00843
12976,7.01687
12977,1.0253
12978,16.0084
12979,5.01687
12980,5.0253
12981,17.0084
12982,6.01687
12983,6.0253
12984,3.03373
12985,18.0084
12986,8.01686
12987,7.0253
12988,11.0084
12989,12.0084
12990,9.01686
12991,12.0084
12992,10.0169
12993,5.0253
12994,8.00843
12995,7.01687
12996,14.0084
12997,12.0169
12998,12.0253
12999,10.0337
13000,13.0084
13001,3.01687
13002,14.0084
13003,10.0169
13004,6.0253
13005,5.03373
13006,15.0084
13007,12.0169
13008,18.0084
13009,14.0169
13010,14.0084
13011,14.0169
13012,3.0253
13013,1.03373
13014,18.0084
13015,10.0169
13016,5.00843
13017,3.01687
13018,17.0084
13019,6.01687
13020,2.0253
13021,16.0084
13022,13.0169
13023,7.0253
13024,3.03373
13025,3.04216
13026,3.05059
13027,1.05903
13028,3.00843
13029,14.0084
13030,9.01686
13031,3.0253
13032,5.00843
13033,12.0084
13034,12.0084
13035,8.01686
13036,8.0253
13037,1.00843
13038,10.0084
13039,6.01687
13040,10.0084
13041,5.01687
13042,13.0084
13043,1.01686
13044,12.0084
13045,9.01686
13046,8.0253
13047,7.03373
13048,3.00843
13049,3.01687
13050,1.0253
13051,1.03373
13052,5.00843
13053,1.01686
13054,14.0084
13055,7.01687
13056,5.0253
13057,15.0084
13058,6.01687
13059,5.0253
13060,10.0084
13061,8.01686
13062,6.0253
13063,1.00843
13064,20.0084
13065,14.0169
13066,13.0253
13067,3.03373
13068,14.0084
13069,7.01687
13070,5.0253
13071,3.03373
13072,11.0084
13073,5.01687
13074,16.0084
13075,8.00843
13076,16.0084
13077,14.0169
13078,9.0253
13079,8.03373
13080,14.0084
13081,8.01686
13082,8.0253
13083,5.03373
13084,2.04216
13085,7.00843
13086,3.01687
13087,16.0084
13088,10.0169
13089,7.0253
13090,18.0084
13091,12.0169
13092,16.0084
13093,7.01687
13094,6.00843
13095,8.00843
13096,8.01686
13097,10.0084
13098,3.01687
13099,18.0084
13100,11.0169
13101,10.0253
13102,5.00843
13103,5.01687
13104,12.0084
13105,8.00843
13106,7.01687
13107,15.0084
13108,8.01686
13109,8.0253
13110,12.0084
13111,3.00843
13112,2.01687
13113,2.0253
13114,18.0084
13115,12.0169
13116,1.0253
13117,12.0084
13118,20.0084
13119,18.0169
13120,10.0253
13121,4.00843
13122,16.0084
13123,8.01686
13124,7.0253
13125,18.0084
13126,18.0169
13127,10.0253
13128,8.03373
13129,1.04216
13130,12.0084
13131,12.0084
13132,5.01687
13133,14.0084
13134,1.01686
13135,6.00843
13136,14.0084
13137,8.01686
13138,1.0253
13139,17.0084
13140,1.01686
13141,17.0084
13142,1.01686
13143,14.0084
13144,7.01687
13145,5.0253
13146,5.03373
13147,3.04216
13148,3.00843
13149,3.01687
13150,3.00843
13151,2.01687
13152,8.00843
13153,5.01687
13154,5.0253
13155,5.03373
13156,7.00843
13157,6.01687
13158,6.0253
13159,7.00843
13160,10.0084
13161,8.01686
13162,8.0253
13163,8.03373
13164,8.04216
13165,12.0084
13166,12.0084
13167,8.01686
13168,8.0253
13169,7.03373
13170,12.0084
13171,1.01686
13172,12.0084
13173,8.01686
13174,8.00843
13175,3.01687
13176,14.0084
13177,8.01686
13178,5.0253
13179,1.03373
13180,13.0084
13181,13.0169
13182,5.0253
13183,3.03373
13184,16.0084
13185,6.01687
13186,20.0084
13187,7.01687
13188,1.0253
13189,18.0084
13190,16.0169
13191,8.0253
13192,8.03373
13193,8.04216
13194,5.05059
13195,5.05903
13196,13.0084
13197,10.0169
13198,2.0253
13199,1.03373
13200,18.0084
13201,10.0169
13202,8.0253
13203,8.03373
13204,18.0084
13205,8.01686
13206,8.0253
13207,14.0084
13208,3.01687
13209,8.00843
13210,14.0084
13211,15.0084
13212,7.00843
13213,3.01687
13214,3.0253
13215,3.03373
13216,10.0084
13217,19.0084
13218,16.0169
13219,12.0253
13220,8.03373
13221,13.0084
13222,13.0169
13223,16.0084
13224,12.0169
13225,13.0084
13226,6.01687
13227,10.0084
13228,5.01687
13229,2.0253
13230,8.00843
13231,6.01687
13232,5.00843
13233,17.0084
13234,7.01687
13235,8.00843
13236,9.00843
13237,16.0084
13238,10.0169
13239,5.0253
13240,10.0084
13241,5.01687
13242,14.0084
13243,6.00843
13244,8.00843
13245,17.0084
13246,8.01686
13247,14.0084
13248,8.00843
13249,5.01687
13250,14.0084
13251,5.01687
13252,12.0084
13253,9.01686
13254,12.0084
13255,14.0084
13256,14.0169
13257,10.0253
13258,7.03373
13259,12.0084
13260,11.0169
13261,16.0084
13262,3.01687
13263,18.0084
13264,16.0084
13265,16.0084
13266,1.01686
13267,13.0084
13268,8.01686
13269,8.0253
13270,6.03373
13271,5.00843
13272,6.00843
13273,3.01687
13274,8.00843
13275,6.01687
13276,7.00843
13277,5.01687
13278,2.0253
13279,1.03373
13280,1.04216
13281,8.00843
13282,18.0084
13283,12.0169
13284,1.0253
13285,1.03373
13286,1.04216
13287,14.0084
13288,1.01686
13289,18.0084
13290,8.01686
13291,7.0253
13292,8.00843
13293,5.01687
13294,3.0253
13295,18.0084
13296,13.0169
13297,10.0253
13298,12.0084
13299,10.0169
13300,18.0084
13301,12.0169
13302,10.0253
13303,5.03373
13304,12.0084
13305,12.0084
13306,7.01687
13307,7.0253
13308,18.0084
13309,10.0084
13310,6.01687
13311,16.0084
13312,16.0084
13313,16.0169
13314,8.0253
13315,1.03373
13316,1.04216
13317,16.0084
13318,12.0169
13319,8.0253
13320,5.03373
13321,17.0084
13322,17.0169
13323,4.0253
13324,12.0084
13325,5.01687
13326,1.00843
13327,1.01686
13328,6.00843
13329,6.01687
13330,5.0253
13331,3.03373
13332,7.00843
13333,1.01686
13334,3.00843
13335,12.0084
13336,9.01686
13337,6.0253
13338,5.03373
13339,10.0084
13340,10.0169
13341,19.0084
13342,5.01687
13343,1.0253
13344,10.0084
13345,7.01687
13346,13.0084
13347,7.01687
13348,3.0253
13349,10.0084
13350,7.01687
13351,5.0253
13352,16.0084
13353,10.0169
13354,10.0253
13355,10.0337
13356,5.04216
13357,1.00843
13358,16.0084
13359,7.01687
13360,7.0253
13361,7.03373
13362,13.0084
13363,12.0169
13364,12.0253
13365,1.00843
13366,14.0084
13367,10.0169
13368,18.0084
13369,1.01686
13370,17.0084
13371,7.00843
13372,8.00843
13373,3.01687
13374,1.0253
13375,1.03373
13376,16.0084
13377,1.01686
13378,5.00843
13379,3.01687
13380,1.0253
13381,11.0084
13382,8.01686
13383,8.0253
13384,3.03373
13385,19.0084
13386,14.0169
13387,5.0253
13388,3.03373
13389,8.00843
13390,3.01687
13391,10.0084
13392,5.01687
13393,2.0253
13394,14.0084
13395,16.0084
13396,13.0169
13397,18.0084
13398,8.01686
13399,9.00843
13400,7.01687
13401,10.0084
13402,15.0084
13403,14.0084
13404,1.01686
13405,14.0084
13406,8.01686
13407,7.0253
13408,1.03373
13409,1.04216
13410,1.00843
13411,7.00843
13412,3.01687
13413,8.00843
13414,6.01687
13415,12.0084
13416,8.01686
13417,7.0253
13418,13.0084
13419,14.0084
13420,12.0084
13421,12.0169
13422,14.0084
13423,13.0169
13424,3.0253
13425,1.03373
13426,14.0084
13427,5.01687
13428,1.0253
13429,1.03373
13430,5.00843
13431,5.01687
13432,5.0253
13433,1.03373
13434,6.00843
13435,18.0084
13436,3.01687
13437,2.0253
13438,15.0084
13439,8.01686
13440,7.0253
13441,3.03373
13442,3.04216
13443,10.0084
13444,16.0084
13445,8.01686
13446,7.0253
13447,5.03373
13448,1.04216
13449,12.0084
13450,8.01686
13451,18.0084
13452,15.0084
13453,14.0169
13454,8.0253
13455,1.03373
13456,8.00843
13457,10.0084
13458,7.01687
13459,7.0253
13460,7.03373
13461,18.0084
13462,18.0169
13463,8.0253
13464,7.03373
13465,1.00843
13466,5.00843
13467,12.0084
13468,9.01686
13469,7.0253
13470,5.00843
13471,12.0084
13472,4.01687
13473,16.0084
13474,10.0169
13475,5.0253
13476,1.03373
13477,19.0084
13478,18.0169
13479,7.0253
13480,6.03373
13481,8.00843
13482,10.0084
13483,10.0169
13484,6.0253
13485,5.03373
13486,7.00843
13487,8.00843
13488,8.01686
13489,20.0084
13490,16.0169
13491,13.0084
13492,13.0169
13493,12.0253
13494,10.0084
13495,14.0084
13496,5.01687
13497,1.0253
13498,17.0084
13499,8.01686
13500,8.00843
13501,1.00843
13502,1.01686
13503,1.00843
13504,5.00843
13505,16.0084
13506,1.01686
13507,16.0084
13508,10.0169
13509,8.0253
13510,5.03373
13511,3.04216
13512,9.00843
13513,18.0084
13514,13.0169
13515,5.0253
13516,3.03373
13517,1.04216
13518,1.05059
13519,7.00843
13520,1.01686
13521,1.0253
13522,10.0084
13523,8.00843
13524,5.01687
13525,5.00843
13526,5.01687
13527,1.0253
13528,16.0084
13529,8.00843
13530,7.01687
13531,3.0253
13532,14.0084
13533,8.01686
13534,9.00843
13535,6.01687
13536,5.0253
13537,7.00843
13538,5.01687
13539,18.0084
13540,1.01686
13541,1.0253
13542,17.0084
13543,14.0169
13544,14.0253
13545,10.0084
13546,7.01687
13547,12.0084
13548,5.00843
13549,18.0084
13550,15.0084
13551,16.0084
13552,1.01686
13553,10.0084
13554,1.01686
13555,1.0253
13556,8.00843
13557,5.01687
13558,1.0253
13559,1.03373
13560,3.00843
13561,7.00843
13562,3.00843
13563,7.00843
13564,9.00843
13565,8.01686
13566,8.0253
13567,12.0084
13568,10.0084
13569,12.0084
13570,5.01687
13571,5.00843
13572,5.01687
13573,16.0084
13574,15.0169
13575,14.0084
13576,2.01687
13577,14.0084
13578,8.01686
13579,7.00843
13580,10.0084
13581,8.01686
13582,8.0253
13583,6.03373
13584,8.00843
13585,5.01687
13586,6.00843
13587,1.01686
13588,8.00843
13589,17.0084
13590,10.0169
13591,5.0253
13592,16.0084
13593,7.01687
13594,20.0084
13595,10.0169
13596,8.0253
13597,10.0084
13598,10.0084
13599,5.00843
13600,1.01686
13601,1.0253
13602,13.0084
13603,12.0169
13604,13.0084
13605,8.01686
13606,7.0253
13607,8.00843
13608,8.01686
13609,14.0084
13610,18.0084
13611,17.0169
13612,12.0084
13613,12.0169
13614,8.0253
13615,5.00843
13616,5.01687
13617,14.0084
13618,10.0169
13619,8.00843
13620,1.01686
13621,8.00843
13622,10.0084
13623,12.0084
13624,13.0084
13625,8.01686
13626,10.0084
13627,8.01686
13628,8.0253
13629,1.03373
13630,13.0084
13631,10.0169
13632,3.0253
13633,10.0084
13634,17.0084
13635,12.0169
13636,5.0253
13637,5.00843
13638,3.00843
13639,8.00843
13640,7.01687
13641,8.00843
13642,6.01687
13643,5.0253
13644,13.0084
13645,10.0169
13646,13.0084
13647,20.0084
13648,14.0084
13649,9.00843
13650,13.0084
13651,16.0084
13652,14.0169
13653,12.0253
13654,15.0084
13655,14.0169
13656,12.0253
13657,1.00843
13658,8.00843
13659,2.01687
13660,1.0253
13661,1.00843
13662,1.00843
13663,1.01686
13664,5.00843
13665,1.01686
13666,5.00843
13667,13.0084
13668,3.01687
13669,7.00843
13670,3.01687
13671,1.0253
13672,8.00843
13673,18.0084
13674,3.01687
13675,6.00843
13676,3.01687
13677,12.0084
13678,7.01687
13679,13.0084
13680,2.01687
13681,5.00843
13682,3.01687
13683,3.0253
13684,7.00843
13685,1.01686
13686,8.00843
13687,8.01686
13688,8.0253
13689,5.03373
13690,10.0084
13691,10.0169
13692,18.0084
13693,14.0169
13694,10.0253
13695,1.03373
13696,17.0084
13697,12.0084
13698,12.0169
13699,5.0253
13700,13.0084
13701,11.0169
13702,10.0253
13703,10.0337
13704,1.04216
13705,14.0084
13706,14.0169
13707,5.0253
13708,16.0084
13709,1.00843
13710,8.00843
13711,1.00843
13712,14.0084
13713,12.0169
13714,8.0253
13715,3.03373
13716,8.00843
13717,1.01686
13718,5.00843
13719,1.00843
13720,12.0084
13721,7.01687
13722,1.0253
13723,1.03373
13724,8.00843
13725,3.00843
13726,3.01687
13727,1.0253
13728,1.03373
13729,1.04216
13730,15.0084
13731,18.0084
13732,15.0169
13733,11.0253
13734,10.0337
13735,16.0084
13736,3.01687
13737,16.0084
13738,10.0084
13739,14.0084
13740,10.0169
13741,13.0084
13742,13.0169
13743,7.0253
13744,5.03373
13745,15.0084
13746,14.0169
13747,8.0253
13748,1.03373
13749,13.0084
13750,8.00843
13751,7.00843
13752,5.01687
13753,18.0084
13754,17.0169
13755,6.00843
13756,1.01686
13757,6.00843
13758,15.0084
13759,5.01687
13760,6.00843
13761,1.01686
13762,8.00843
13763,3.01687
13764,14.0084
13765,5.01687
13766,5.0253
13767,1.03373
13768,1.04216
13769,12.0084
13770,16.0084
13771,8.01686
13772,5.0253
13773,15.0084
13774,14.0169
13775,12.0084
13776,10.0169
13777,5.0253
13778,8.00843
13779,3.01687
13780,5.00843
13781,3.00843
13782,3.01687
13783,1.00843
13784,1.00843
13785,1.01686
13786,14.0084
13787,12.0169
13788,5.0253
13789,10.0084
13790,7.01687
13791,8.00843
13792,8.01686
13793,3.0253
13794,12.0084
13795,8.01686
13796,1.0253
13797,16.0084
13798,3.00843
13799,1.01686
13800,10.0084
13801,13.0084
13802,14.0084
13803,5.01687
13804,18.0084
13805,14.0169
13806,14.0253
13807,2.00843
13808,16.0084
13809,13.0169
13810,3.0253
13811,14.0084
13812,8.01686
13813,20.0084
13814,8.01686
13815,12.0084
13816,5.01687
13817,1.0253
13818,10.0084
13819,8.01686
13820,10.0084
13821,8.00843
13822,5.00843
13823,10.0084
13824,1.00843
13825,1.01686
13826,8.00843
13827,16.0084
13828,3.01687
13829,5.00843
13830,3.00843
13831,8.00843
13832,8.01686
13833,5.0253
13834,2.03373
13835,1.04216
13836,9.00843
13837,8.01686
13838,2.0253
13839,10.0084
13840,10.0169
13841,10.0253
13842,13.0084
13843,18.0084
13844,6.01687
13845,19.0084
13846,3.01687
13847,12.0084
13848,8.01686
13849,16.0084
13850,14.0169
13851,3.0253
13852,16.0084
13853,10.0169
13854,7.00843
13855,14.0084
13856,8.01686
13857,20.0084
13858,13.0169
13859,10.0253
13860,18.0084
13861,1.01686
13862,16.0084
13863,16.0084
13864,8.00843
13865,10.0084
13866,10.0169
13867,8.0253
13868,9.00843
13869,12.0084
13870,10.0169
13871,9.0253
13872,1.03373
13873,13.0084
13874,7.00843
13875,7.01687
13876,18.0084
13877,1.00843
13878,1.01686
13879,2.00843
13880,12.0084
13881,10.0169
13882,3.0253
13883,8.00843
13884,8.01686
13885,18.0084
13886,10.0169
13887,7.0253
13888,3.03373
13889,8.00843
13890,7.01687
13891,1.0253
13892,12.0084
13893,8.01686
13894,8.0253
13895,1.03373
13896,10.0084
13897,7.01687
13898,18.0084
13899,18.0084
13900,12.0084
13901,12.0169
13902,10.0253
13903,10.0337
13904,4.04216
13905,14.0084
13906,8.01686
13907,3.00843
13908,16.0084
13909,14.0169
13910,5.0253
13911,9.00843
13912,8.01686
13913,18.0084
13914,8.00843
13915,18.0084
13916,12.0169
13917,1.0253
13918,16.0084
13919,6.00843
13920,1.01686
13921,16.0084
13922,18.0084
13923,14.0169
13924,14.0253
13925,8.03373
13926,1.00843
13927,13.0084
13928,3.01687
13929,18.0084
13930,9.01686
13931,3.0253
13932,13.0084
13933,3.01687
13934,1.0253
13935,10.0084
13936,4.01687
13937,16.0084
13938,14.0169
13939,13.0253
13940,7.03373
13941,7.04216
13942,5.00843
13943,16.0084
13944,12.0084
13945,13.0084
13946,12.0169
13947,7.0253
13948,12.0084
13949,10.0169
13950,1.00843
13951,14.0084
13952,10.0169
13953,1.0253
13954,1.03373
13955,1.04216
13956,16.0084
13957,16.0169
13958,12.0253
13959,1.03373
13960,1.04216
13961,1.00843
13962,1.00843
13963,1.00843
13964,1.00843
13965,9.00843
13966,3.00843
13967,13.0084
13968,1.01686
13969,10.0084
13970,6.01687
13971,12.0084
13972,1.01686
13973,11.0084
13974,7.01687
13975,15.0084
13976,5.01687
13977,16.0084
13978,10.0169
13979,8.0253
13980,5.00843
13981,6.00843
13982,7.00843
13983,12.0084
13984,12.0169
13985,5.00843
13986,3.01687
13987,18.0084
13988,5.01687
13989,3.0253
13990,8.00843
13991,14.0084
13992,20.0084
13993,18.0169
13994,7.00843
13995,10.0084
13996,3.01687
13997,7.00843
13998,13.0084
13999,9.01686
14000,14.0084
14001,9.01686
14002,8.00843
14003,1.00843
14004,8.00843
14005,3.01687
14006,16.0084
14007,10.0169
14008,7.0253
14009,1.03373
14010,14.0084
14011,5.00843
14012,20.0084
14013,8.00843
14014,6.01687
14015,14.0084
14016,8.01686
14017,14.0084
14018,1.01686
14019,1.00843
14020,12.0084
14021,12.0169
14022,11.0084
14023,8.00843
14024,14.0084
14025,1.00843
14026,6.00843
14027,7.00843
14028,12.0084
14029,10.0169
14030,8.00843
14031,15.0084
14032,12.0169
14033,6.0253
14034,3.03373
14035,1.04216
14036,5.00843
14037,8.00843
14038,3.01687
14039,18.0084
14040,10.0084
14041,8.00843
14042,19.0084
14043,6.01687
14044,20.0084
14045,16.0169
14046,14.0253
14047,1.03373
14048,1.04216
14049,12.0084
14050,8.01686
14051,7.00843
14052,3.01687
14053,1.0253
14054,18.0084
14055,12.0084
14056,5.01687
14057,3.0253
14058,8.00843
14059,19.0084
14060,6.01687
14061,18.0084
14062,5.01687
14063,5.0253
14064,8.00843
14065,8.01686
14066,12.0084
14067,1.01686
14068,8.00843
14069,8.00843
14070,14.0084
14071,12.0169
14072,5.0253
14073,16.0084
14074,17.0084
14075,14.0169
14076,8.0253
14077,8.00843
14078,7.01687
14079,1.0253
14080,2.00843
14081,3.00843
14082,5.00843
14083,5.01687
14084,18.0084
14085,13.0169
14086,17.0084
14087,14.0169
14088,8.0253
14089,8.03373
14090,8.04216
14091,1.00843
14092,1.00843
14093,18.0084
14094,13.0169
14095,5.0253
14096,14.0084
14097,10.0084
14098,5.01687
14099,5.0253
14100,3.03373
14101,3.04216
14102,1.00843
14103,6.00843
14104,7.00843
14105,6.01687
14106,7.00843
14107,18.0084
14108,15.0169
14109,12.0253
14110,3.03373
14111,10.0084
14112,12.0084
14113,12.0169
14114,13.0084
14115,14.0084
14116,13.0169
14117,14.0084
14118,9.01686
14119,18.0084
14120,18.0169
14121,17.0253
14122,18.0084
14123,18.0169
14124,16.0253
14125,8.03373
14126,8.04216
14127,5.05059
14128,1.05903
14129,18.0084
14130,17.0169
14131,4.0253
14132,18.0084
14133,8.01686
14134,8.0253
14135,5.03373
14136,1.04216
14137,3.00843
14138,3.01687
14139,2.0253
14140,2.03373
14141,6.00843
14142,3.01687
14143,8.00843
14144,6.01687
14145,3.0253
14146,16.0084
14147,3.01687
14148,7.00843
14149,10.0084
14150,8.01686
14151,8.0253
14152,8.00843
14153,14.0084
14154,3.01687
14155,1.0253
14156,1.03373
14157,13.0084
14158,11.0169
14159,16.0084
14160,13.0169
14161,12.0253
14162,8.03373
14163,1.00843
14164,18.0084
14165,10.0169
14166,18.0084
14167,16.0169
14168,14.0253
14169,1.03373
14170,18.0084
14171,7.01687
14172,10.0084
14173,1.00843
14174,8.00843
14175,8.00843
14176,5.00843
14177,17.0084
14178,10.0169
14179,5.0253
14180,6.00843
14181,5.01687
14182,10.0084
14183,1.01686
14184,12.0084
14185,8.01686
14186,8.0253
14187,9.00843
14188,1.01686
14189,3.00843
14190,3.01687
14191,12.0084
14192,1.01686
14193,1.00843
14194,14.0084
14195,2.00843
14196,10.0084
14197,1.01686
14198,6.00843
14199,17.0084
14200,10.0169
14201,3.0253
14202,3.03373
14203,5.00843
14204,13.0084
14205,14.0084
14206,14.0169
14207,8.0253
14208,7.03373
14209,12.0084
14210,8.01686
14211,8.0253
14212,8.03373
14213,18.0084
14214,10.0084
14215,10.0169
14216,1.0253
14217,1.03373
14218,14.0084
14219,8.01686
14220,3.0253
14221,10.0084
14222,3.01687
14223,20.0084
14224,17.0169
14225,14.0253
14226,5.00843
14227,5.01687
14228,7.00843
14229,20.0084
14230,16.0169
14231,8.0253
14232,8.03373
14233,7.04216
14234,7.05059
14235,3.05903
14236,12.0084
14237,10.0169
14238,5.0253
14239,1.03373
14240,5.00843
14241,5.01687
14242,3.00843
14243,12.0084
14244,12.0084
14245,12.0169
14246,12.0253
14247,12.0337
14248,10.0422
14249,8.05059
14250,3.05903
14251,16.0084
14252,13.0169
14253,10.0253
14254,10.0337
14255,6.04216
14256,10.0084
14257,8.01686
14258,7.0253
14259,1.03373
14260,1.04216
14261,12.0084
14262,11.0169
14263,11.0253
14264,16.0084
14265,13.0169
14266,3.0253
14267,1.03373
14268,18.0084
14269,13.0169
14270,13.0253
14271,18.0084
14272,3.01687
14273,12.0084
14274,1.01686
14275,16.0084
14276,4.01687
14277,6.00843
14278,3.00843
14279,16.0084
14280,1.01686
14281,18.0084
14282,18.0169
14283,10.0253
14284,7.03373
14285,1.00843
14286,14.0084
14287,10.0169
14288,3.0253
14289,1.00843
14290,14.0084
14291,10.0169
14292,5.0253
14293,4.03373
14294,12.0084
14295,12.0169
14296,10.0253
14297,8.00843
14298,5.01687
14299,3.0253
14300,12.0084
14301,8.01686
14302,7.00843
14303,7.01687
14304,7.0253
14305,8.00843
14306,6.01687
14307,17.0084
14308,13.0169
14309,3.00843
14310,13.0084
14311,1.01686
14312,12.0084
14313,18.0084
14314,8.01686
14315,14.0084
14316,3.01687
14317,15.0084
14318,8.01686
14319,18.0084
14320,8.01686
14321,8.0253
14322,8.00843
14323,7.01687
14324,6.0253
14325,16.0084
14326,14.0169
14327,16.0084
14328,12.0169
14329,12.0253
14330,8.03373
14331,1.04216
14332,12.0084
14333,3.01687
14334,7.00843
14335,4.01687
14336,18.0084
14337,14.0169
14338,5.00843
14339,12.0084
14340,5.01687
14341,12.0084
14342,10.0169
14343,14.0084
14344,8.01686
14345,8.00843
14346,7.00843
14347,14.0084
14348,10.0169
14349,1.0253
14350,16.0084
14351,14.0169
14352,16.0084
14353,14.0169
14354,18.0084
14355,14.0169
14356,14.0253
14357,8.03373
14358,5.04216
14359,13.0084
14360,6.01687
14361,6.0253
14362,6.03373
14363,16.0084
14364,10.0169
14365,10.0084
14366,1.00843
14367,12.0084
14368,7.01687
14369,14.0084
14370,9.01686
14371,8.0253
14372,10.0084
14373,10.0084
14374,10.0169
14375,7.00843
14376,8.00843
14377,5.01687
14378,12.0084
14379,16.0084
14380,15.0169
14381,1.0253
14382,17.0084
14383,8.00843
14384,10.0084
14385,8.01686
14386,1.0253
14387,13.0084
14388,1.01686
14389,8.00843
14390,5.00843
14391,5.01687
14392,18.0084
14393,8.00843
14394,5.01687
14395,12.0084
14396,1.01686
14397,7.00843
14398,2.01687
14399,1.00843
14400,14.0084
14401,8.00843
14402,5.01687
14403,7.00843
14404,1.01686
14405,1.0253
14406,1.03373
14407,14.0084
14408,3.00843
14409,16.0084
14410,5.01687
14411,8.00843
14412,13.0084
14413,11.0169
14414,8.0253
14415,3.03373
14416,18.0084
14417,9.01686
14418,8.00843
14419,8.01686
14420,8.0253
14421,10.0084
14422,10.0169
14423,5.0253
14424,1.03373
14425,10.0084
14426,10.0169
14427,7.0253
14428,1.00843
14429,18.0084
14430,5.01687
14431,3.0253
14432,3.00843
14433,12.0084
14434,8.00843
14435,19.0084
14436,13.0169
14437,8.0253
14438,1.03373
14439,1.04216
14440,12.0084
14441,11.0169
14442,11.0253
14443,12.0084
14444,7.00843
14445,5.00843
14446,1.01686
14447,7.00843
14448,8.00843
14449,8.01686
14450,1.0253
14451,1.03373
14452,14.0084
14453,10.0169
14454,8.0253
14455,5.03373
14456,12.0084
14457,1.01686
14458,14.0084
14459,12.0169
14460,7.00843
14461,7.01687
14462,1.00843
14463,16.0084
14464,10.0169
14465,16.0084
14466,11.0169
14467,13.0084
14468,10.0169
14469,18.0084
14470,18.0169
14471,12.0253
14472,11.0337
14473,12.0084
14474,4.01687
14475,14.0084
14476,1.01686
14477,5.00843
14478,5.01687
14479,8.00843
14480,7.01687
14481,5.00843
14482,12.0084
14483,8.01686
14484,13.0084
14485,14.0084
14486,5.01687
14487,1.00843
14488,3.00843
14489,13.0084
14490,10.0169
14491,1.0253
14492,14.0084
14493,5.01687
14494,4.0253
14495,14.0084
14496,14.0169
14497,5.0253
14498,6.00843
14499,16.0084
14500,12.0169
14501,5.0253
14502,1.00843
14503,13.0084
14504,12.0169
14505,3.0253
14506,1.03373
14507,1.04216
14508,5.00843
14509,1.01686
14510,14.0084
14511,14.0169
14512,5.0253
14513,1.03373
14514,8.00843
14515,3.01687
14516,3.0253
14517,16.0084
14518,16.0169
14519,17.0084
14520,8.01686
14521,5.0253
14522,5.03373
14523,5.04216
14524,1.05059
14525,1.05903
14526,3.00843
14527,20.0084
14528,3.01687
14529,8.00843
14530,5.01687
14531,10.0084
14532,8.00843
14533,8.01686
14534,13.0084
14535,10.0084
14536,5.01687
14537,18.0084
14538,7.01687
14539,18.0084
14540,1.00843
14541,14.0084
14542,5.01687
14543,1.0253
14544,10.0084
14545,5.01687
14546,5.0253
14547,3.03373
14548,1.04216
14549,8.00843
14550,8.00843
14551,8.00843
14552,8.01686
14553,1.0253
14554,1.03373
14555,8.00843
14556,6.01687
14557,5.0253
14558,1.03373
14559,7.00843
14560,6.01687
14561,10.0084
14562,5.00843
14563,7.00843
14564,7.01687
14565,5.0253
14566,10.0084
14567,5.01687
14568,3.0253
14569,3.03373
14570,3.00843
14571,19.0084
14572,16.0084
14573,13.0169
14574,8.00843
14575,3.01687
14576,8.00843
14577,3.01687
14578,3.00843
14579,1.01686
14580,10.0084
14581,1.01686
14582,14.0084
14583,14.0169
14584,5.0253
14585,4.00843
14586,5.00843
14587,10.0084
14588,7.00843
14589,10.0084
14590,8.01686
14591,7.0253
14592,7.00843
14593,3.01687
14594,1.0253
14595,5.00843
14596,11.0084
14597,12.0084
14598,5.01687
14599,12.0084
14600,13.0084
14601,1.01686
14602,14.0084
14603,7.00843
14604,5.01687
14605,1.0253
14606,8.00843
14607,8.01686
14608,8.0253
14609,10.0084
14610,8.00843
14611,3.01687
14612,12.0084
14613,5.00843
14614,16.0084
14615,8.01686
14616,5.0253
14617,10.0084
14618,8.01686
14619,8.0253
14620,1.00843
14621,12.0084
14622,5.01687
14623,17.0084
14624,13.0084
14625,12.0169
14626,8.0253
14627,4.03373
14628,18.0084
14629,8.00843
14630,14.0084
14631,10.0169
14632,8.00843
14633,7.01687
14634,3.0253
14635,5.00843
14636,5.01687
14637,14.0084
14638,10.0169
14639,12.0084
14640,5.01687
14641,12.0084
14642,18.0084
14643,7.00843
14644,14.0084
14645,14.0084
14646,3.01687
14647,12.0084
14648,8.01686
14649,1.0253
14650,8.00843
14651,1.01686
14652,10.0084
14653,6.01687
14654,5.0253
14655,1.03373
14656,10.0084
14657,4.00843
14658,3.01687
14659,10.0084
14660,6.01687
14661,10.0084
14662,8.01686
14663,14.0084
14664,5.00843
14665,10.0084
14666,7.01687
14667,8.00843
14668,12.0084
14669,18.0084
14670,10.0169
14671,5.00843
14672,4.00843
14673,7.00843
14674,18.0084
14675,13.0084
14676,5.01687
14677,14.0084
14678,3.01687
14679,7.00843
14680,7.01687
14681,16.0084
14682,10.0169
14683,17.0084
14684,3.00843
14685,2.01687
14686,15.0084
14687,8.01686
14688,6.0253
14689,12.0084
14690,7.01687
14691,3.00843
14692,3.01687
14693,20.0084
14694,2.01687
14695,1.0253
14696,6.00843
14697,6.01687
14698,5.0253
14699,1.03373
14700,10.0084
14701,3.01687
14702,1.00843
14703,1.00843
14704,1.01686
14705,8.00843
14706,1.01686
14707,14.0084
14708,16.0084
14709,13.0169
14710,11.0253
14711,1.00843
14712,16.0084
14713,14.0084
14714,13.0169
14715,1.0253
14716,1.00843
14717,16.0084
14718,8.01686
14719,5.0253
14720,2.03373
14721,3.00843
14722,1.01686
14723,12.0084
14724,5.00843
14725,5.01687
14726,1.0253
14727,14.0084
14728,5.01687
14729,18.0084
14730,12.0169
14731,7.0253
14732,8.00843
14733,1.01686
14734,7.00843
14735,18.0084
14736,10.0169
14737,19.0084
14738,17.0169
14739,16.0253
14740,8.03373
14741,12.0084
14742,16.0084
14743,1.01686
14744,16.0084
14745,12.0084
14746,12.0169
14747,16.0084
14748,13.0169
14749,13.0253
14750,5.03373
14751,1.04216
14752,17.0084
14753,14.0169
14754,1.0253
14755,19.0084
14756,12.0169
14757,12.0253
14758,8.03373
14759,5.04216
14760,17.0084
14761,5.01687
14762,10.0084
14763,4.01687
14764,10.0084
14765,14.0084
14766,2.01687
14767,1.0253
14768,18.0084
14769,3.01687
14770,1.0253
14771,16.0084
14772,3.01687
14773,1.0253
14774,7.00843
14775,3.00843
14776,5.00843
14777,9.00843
14778,12.0084
14779,10.0169
14780,8.0253
14781,12.0084
14782,5.01687
14783,15.0084
14784,10.0169
14785,5.0253
14786,5.03373
14787,3.04216
14788,3.05059
14789,3.05903
14790,1.06746
14791,9.00843
14792,8.01686
14793,5.0253
14794,4.03373
14795,14.0084
14796,7.01687
14797,8.00843
14798,7.01687
14799,6.0253
14800,5.03373
14801,10.0084
14802,6.01687
14803,18.0084
14804,13.0169
14805,12.0253
14806,9.03373
14807,5.04216
14808,5.05059
14809,13.0084
14810,12.0169
14811,12.0253
14812,10.0337
14813,10.0422
14814,10.0506
14815,6.05903
14816,10.0084
14817,7.01687
14818,13.0084
14819,6.01687
14820,5.0253
14821,13.0084
14822,13.0169
14823,9.00843
14824,3.00843
14825,14.0084
14826,5.00843
14827,18.0084
14828,7.00843
14829,1.00843
14830,3.00843
14831,7.00843
14832,7.01687
14833,1.0253
14834,1.03373
14835,3.00843
14836,3.01687
14837,10.0084
14838,5.01687
14839,14.0084
14840,10.0169
14841,8.0253
14842,5.03373
14843,5.04216
14844,5.05059
14845,5.05903
14846,12.0084
14847,1.01686
14848,7.00843
14849,1.01686
14850,8.00843
14851,8.01686
14852,8.0253
14853,1.00843
14854,12.0084
14855,12.0169
14856,5.0253
14857,18.0084
14858,14.0169
14859,10.0253
14860,8.03373
14861,8.04216
14862,8.00843
14863,8.01686
14864,5.0253
14865,18.0084
14866,8.01686
14867,5.00843
14868,18.0084
14869,18.0169
14870,18.0253
14871,18.0337
14872,10.0422
14873,8.05059
14874,7.05903
14875,12.0084
14876,16.0084
14877,15.0084
14878,14.0169
14879,13.0253
14880,8.03373
14881,3.04216
14882,3.00843
14883,1.01686
14884,1.0253
14885,18.0084
14886,8.01686
14887,8.0253
14888,1.03373
14889,12.0084
14890,3.01687
14891,12.0084
14892,5.01687
14893,15.0084
14894,1.01686
14895,20.0084
14896,7.01687
14897,1.0253
14898,8.00843
14899,2.01687
14900,13.0084
14901,5.01687
14902,4.0253
14903,3.03373
14904,10.0084
14905,5.01687
14906,5.0253
14907,12.0084
14908,3.01687
14909,16.0084
14910,13.0169
14911,13.0253
14912,8.03373
14913,8.04216
14914,3.05059
14915,14.0084
14916,12.0169
14917,10.0253
14918,10.0337
14919,18.0084
14920,15.0169
14921,12.0253
14922,8.00843
14923,16.0084
14924,14.0169
14925,20.0084
14926,18.0169
14927,14.0253
14928,1.03373
14929,16.0084
14930,16.0169
14931,14.0084
14932,20.0084
14933,12.0169
14934,13.0084
14935,7.01687
14936,6.0253
14937,6.00843
14938,8.00843
14939,5.01687
14940,10.0084
14941,10.0169
14942,10.0084
14943,12.0084
14944,14.0084
14945,12.0169
14946,3.0253
14947,9.00843
14948,5.00843
14949,7.00843
14950,8.00843
14951,3.00843
14952,14.0084
14953,13.0084
14954,7.00843
14955,5.01687
14956,8.00843
14957,8.01686
14958,15.0084
14959,10.0169
14960,12.0084
14961,10.0169
14962,8.0253
14963,11.0084
14964,7.01687
14965,3.0253
14966,13.0084
14967,1.00843
14968,8.00843
14969,6.01687
14970,1.0253
14971,1.03373
14972,10.0084
14973,3.00843
14974,5.00843
14975,7.00843
14976,8.00843
14977,5.01687
14978,3.0253
14979,9.00843
14980,17.0084
14981,1.01686
14982,3.00843
14983,7.00843
14984,1.01686
14985,13.0084
14986,13.0169
14987,8.0253
14988,18.0084
14989,7.01687
14990,3.0253
14991,14.0084
14992,5.01687
14993,1.0253
14994,12.0084
14995,1.01686
14996,12.0084
14997,3.01687
14998,20.0084
14999,7.01687
15000,5.0253
15001,18.0084
15002,10.0169
15003,8.00843
15004,8.01686
15005,18.0084
15006,5.01687
15007,17.0084
15008,12.0169
15009,12.0253
15010,12.0337
15011,7.04216
15012,5.05059
15013,16.0084
15014,13.0169
15015,5.0253
15016,15.0084
15017,14.0169
15018,14.0253
15019,16.0084
15020,8.01686
15021,7.0253
15022,1.03373
15023,16.0084
15024,7.01687
15025,4.00843
15026,10.0084
15027,5.01687
15028,5.0253
15029,8.00843
15030,8.01686
15031,16.0084
15032,10.0169
15033,6.0253
15034,1.03373
15035,7.00843
15036,8.00843
15037,13.0084
15038,10.0169
15039,5.0253
15040,5.03373
15041,6.00843
15042,3.01687
15043,16.0084
15044,3.01687
15045,1.0253
15046,20.0084
15047,17.0084
15048,5.01687
15049,1.0253
15050,8.00843
15051,1.01686
15052,18.0084
15053,8.01686
15054,18.0084
15055,18.0169
15056,3.0253
15057,20.0084
15058,18.0169
15059,14.0253
15060,1.03373
15061,16.0084
15062,8.01686
15063,8.0253
15064,1.03373
15065,18.0084
15066,15.0169
15067,3.0253
15068,14.0084
15069,12.0169
15070,10.0253
15071,1.03373
15072,18.0084
15073,18.0169
15074,8.0253
15075,3.03373
15076,3.04216
15077,1.05059
15078,18.0084
15079,7.00843
15080,5.01687
15081,10.0084
15082,5.01687
15083,1.0253
15084,1.03373
15085,7.00843
15086,9.00843
15087,14.0084
15088,12.0169
15089,5.0253
15090,14.0084
15091,13.0169
15092,6.0253
15093,5.03373
15094,1.04216
15095,16.0084
15096,16.0169
15097,12.0253
15098,12.0337
15099,8.04216
15100,7.05059
15101,1.05903
15102,15.0084
15103,1.01686
15104,1.0253
15105,16.0084
15106,9.01686
15107,5.0253
15108,11.0084
15109,10.0169
15110,10.0253
15111,8.03373
15112,8.00843
15113,17.0084
15114,12.0169
15115,12.0253
15116,12.0337
15117,12.0422
15118,12.0506
15119,8.05903
15120,6.06746
15121,5.07589
15122,1.08432
15123,18.0084
15124,7.01687
15125,14.0084
15126,16.0084
15127,14.0169
15128,3.0253
15129,16.0084
15130,19.0084
15131,18.0169
15132,18.0253
15133,14.0337
15134,19.0084
15135,18.0169
15136,12.0253
15137,13.0084
15138,8.01686
15139,1.0253
15140,8.00843
15141,15.0084
15142,13.0084
15143,18.0084
15144,10.0169
15145,8.00843
15146,8.00843
15147,14.0084
15148,8.01686
15149,12.0084
15150,7.01687
15151,5.0253
15152,12.0084
15153,13.0084
15154,11.0169
15155,6.00843
15156,7.00843
15157,3.01687
15158,18.0084
15159,6.01687
15160,12.0084
15161,2.01687
15162,9.00843
15163,7.00843
15164,4.01687
15165,14.0084
15166,12.0084
15167,14.0084
15168,12.0169
15169,8.0253
15170,1.00843
15171,17.0084
15172,7.00843
15173,1.01686
15174,8.00843
15175,3.00843
15176,10.0084
15177,3.01687
15178,3.00843
15179,15.0084
15180,12.0084
15181,3.00843
15182,1.01686
15183,13.0084
15184,10.0169
15185,14.0084
15186,3.01687
15187,16.0084
15188,6.01687
15189,5.0253
15190,3.00843
15191,18.0084
15192,7.01687
15193,12.0084
15194,5.01687
15195,4.00843
15196,8.00843
15197,12.0084
15198,15.0084
15199,10.0169
15200,13.0084
15201,8.01686
15202,3.0253
15203,16.0084
15204,10.0169
15205,3.0253
15206,1.00843
15207,1.01686
15208,1.0253
15209,18.0084
15210,3.01687
15211,18.0084
15212,5.00843
15213,12.0084
15214,10.0084
15215,1.01686
15216,9.00843
15217,10.0084
15218,5.00843
15219,3.01687
15220,16.0084
15221,19.0084
15222,6.01687
15223,13.0084
15224,1.01686
15225,19.0084
15226,6.00843
15227,16.0084
15228,12.0084
15229,3.00843
15230,7.00843
15231,3.00843
15232,14.0084
15233,1.01686
15234,18.0084
15235,3.01687
15236,1.0253
15237,1.00843
15238,1.01686
15239,8.00843
15240,5.01687
15241,8.00843
15242,10.0084
15243,5.01687
15244,1.0253
15245,11.0084
15246,13.0084
15247,13.0169
15248,7.0253
15249,1.03373
15250,4.00843
15251,3.01687
15252,3.0253
15253,2.03373
15254,1.00843
15255,6.00843
15256,3.01687
15257,16.0084
15258,16.0169
15259,8.0253
15260,7.03373
15261,8.00843
15262,7.01687
15263,10.0084
15264,5.00843
15265,5.01687
15266,14.0084
15267,8.01686
15268,6.0253
15269,4.03373
15270,18.0084
15271,17.0169
15272,9.00843
15273,6.00843
15274,18.0084
15275,8.01686
15276,1.0253
15277,18.0084
15278,18.0169
15279,1.0253
15280,18.0084
15281,5.01687
15282,1.0253
15283,7.00843
15284,1.01686
15285,10.0084
15286,8.01686
15287,7.0253
15288,3.03373
15289,8.00843
15290,10.0084
15291,1.01686
15292,5.00843
15293,4.00843
15294,16.0084
15295,8.01686
15296,8.0253
15297,8.03373
15298,8.00843
15299,12.0084
15300,3.00843
15301,1.01686
15302,1.0253
15303,12.0084
15304,16.0084
15305,10.0169
15306,12.0084
15307,3.01687
15308,1.0253
15309,20.0084
15310,1.01686
15311,20.0084
15312,13.0169
15313,7.0253
15314,3.03373
15315,16.0084
15316,5.01687
15317,5.00843
15318,3.01687
15319,17.0084
15320,8.01686
15321,1.0253
15322,1.00843
15323,14.0084
15324,9.01686
15325,8.00843
15326,5.01687
15327,14.0084
15328,8.01686
15329,3.0253
15330,15.0084
15331,15.0169
15332,8.0253
15333,16.0084
15334,13.0169
15335,9.0253
15336,7.03373
15337,8.00843
15338,18.0084
15339,13.0084
15340,11.0084
15341,12.0084
15342,10.0169
15343,7.0253
15344,12.0084
15345,5.00843
15346,12.0084
15347,10.0084
15348,7.01687
15349,3.0253
15350,9.00843
15351,7.01687
15352,1.0253
15353,1.00843
15354,8.00843
15355,10.0084
15356,5.01687
15357,1.0253
15358,8.00843
15359,12.0084
15360,18.0084
15361,9.01686
15362,12.0084
15363,8.00843
15364,16.0084
15365,6.01687
15366,16.0084
15367,3.00843
15368,16.0084
15369,8.01686
15370,8.00843
15371,18.0084
15372,8.01686
15373,8.0253
15374,10.0084
15375,9.01686
15376,8.0253
15377,1.03373
15378,8.00843
15379,5.01687
15380,3.0253
15381,3.03373
15382,12.0084
15383,10.0169
15384,18.0084
15385,7.01687
15386,13.0084
15387,3.01687
15388,3.0253
15389,1.03373
15390,5.00843
15391,3.01687
15392,18.0084
15393,16.0169
15394,7.00843
15395,1.00843
15396,20.0084
15397,8.00843
15398,14.0084
15399,14.0169
15400,13.0253
15401,8.00843
15402,14.0084
15403,8.01686
15404,8.0253
15405,12.0084
15406,8.01686
15407,4.0253
15408,12.0084
15409,7.01687
15410,11.0084
15411,8.01686
15412,5.0253
15413,10.0084
15414,17.0084
15415,15.0084
15416,1.01686
15417,9.00843
15418,5.01687
15419,3.00843
15420,11.0084
15421,12.0084
15422,13.0084
15423,8.00843
15424,1.01686
15425,1.0253
15426,5.00843
15427,1.01686
15428,17.0084
15429,20.0084
15430,5.01687
15431,18.0084
15432,10.0169
15433,1.0253
15434,8.00843
15435,9.00843
15436,8.01686
15437,1.0253
15438,10.0084
15439,1.01686
15440,16.0084
15441,7.00843
15442,3.01687
15443,3.0253
15444,6.00843
15445,6.00843
15446,7.00843
15447,12.0084
15448,13.0084
15449,11.0169
15450,12.0084
15451,13.0084
15452,1.01686
15453,1.0253
15454,12.0084
15455,8.01686
15456,7.0253
15457,5.03373
15458,1.00843
15459,10.0084
15460,4.01687
15461,18.0084
15462,5.01687
15463,5.0253
15464,12.0084
15465,1.01686
15466,1.0253
15467,14.0084
15468,18.0084
15469,10.0169
15470,1.00843
15471,1.01686
15472,16.0084
15473,10.0169
15474,12.0084
15475,12.0169
15476,1.0253
15477,8.00843
15478,14.0084
15479,9.01686
15480,5.0253
15481,1.03373
15482,10.0084
15483,16.0084
15484,5.01687
15485,8.00843
15486,4.01687
15487,3.0253
15488,12.0084
15489,7.01687
15490,8.00843
15491,8.01686
15492,7.00843
15493,5.00843
15494,16.0084
15495,1.01686
15496,16.0084
15497,1.00843
15498,20.0084
15499,10.0084
15500,13.0084
15501,1.00843
15502,10.0084
15503,18.0084
15504,1.01686
15505,12.0084
15506,6.01687
15507,5.00843
15508,3.01687
15509,5.00843
15510,1.01686
15511,1.00843
15512,8.00843
15513,3.01687
15514,1.0253
15515,1.03373
15516,12.0084
15517,10.0169
15518,3.0253
15519,3.00843
15520,10.0084
15521,6.01687
15522,16.0084
15523,1.01686
15524,10.0084
15525,8.01686
15526,8.0253
15527,10.0084
15528,7.01687
15529,10.0084
15530,7.01687
15531,2.0253
15532,1.00843
15533,16.0084
15534,10.0169
15535,10.0084
15536,5.01687
15537,1.0253
15538,1.00843
15539,1.01686
15540,3.00843
15541,18.0084
15542,15.0169
15543,8.0253
15544,18.0084
15545,3.01687
15546,5.00843
15547,3.00843
15548,8.00843
15549,1.00843
15550,3.00843
15551,1.00843
15552,1.01686
15553,9.00843
15554,10.0084
15555,8.01686
15556,5.0253
15557,5.00843
15558,8.00843
15559,7.01687
15560,10.0084
15561,9.01686
15562,8.0253
15563,14.0084
15564,10.0169
15565,11.0084
15566,20.0084
15567,13.0169
15568,4.0253
15569,3.03373
15570,16.0084
15571,1.01686
15572,18.0084
15573,7.01687
15574,2.0253
15575,14.0084
15576,10.0169
15577,8.0253
15578,3.03373
15579,1.04216
15580,10.0084
15581,5.01687
15582,8.00843
15583,12.0084
15584,10.0169
15585,13.0084
15586,2.01687
15587,2.0253
15588,3.00843
15589,5.00843
15590,5.00843
15591,5.01687
15592,6.00843
15593,1.01686
15594,1.0253
15595,1.03373
15596,7.00843
15597,7.01687
15598,20.0084
15599,12.0084
15600,5.01687
15601,5.00843
15602,5.01687
15603,14.0084
15604,14.0169
15605,8.0253
15606,1.03373
15607,12.0084
15608,12.0169
15609,1.0253
15610,2.00843
15611,9.00843
15612,8.01686
15613,8.0253
15614,10.0084
15615,8.00843
15616,15.0084
15617,14.0169
15618,8.0253
15619,3.03373
15620,14.0084
15621,10.0169
15622,14.0084
15623,5.01687
15624,18.0084
15625,18.0084
15626,7.01687
15627,2.00843
15628,12.0084
15629,18.0084
15630,14.0169
15631,10.0253
15632,10.0337
15633,10.0084
15634,3.00843
15635,7.00843
15636,5.01687
15637,1.0253
15638,8.00843
15639,3.01687
15640,1.0253
15641,19.0084
15642,10.0169
15643,5.0253
15644,3.03373
15645,12.0084
15646,7.01687
15647,7.0253
15648,18.0084
15649,10.0169
15650,10.0253
15651,14.0084
15652,15.0084
15653,12.0169
15654,12.0253
15655,8.03373
15656,8.04216
15657,16.0084
15658,16.0169
15659,16.0253
15660,11.0337
15661,1.04216
15662,1.05059
15663,10.0084
15664,10.0169
15665,14.0084
15666,13.0169
15667,1.0253
15668,1.03373
15669,2.00843
15670,10.0084
15671,14.0084
15672,5.01687
15673,16.0084
15674,14.0169
15675,1.0253
15676,3.00843
15677,12.0084
15678,8.01686
15679,10.0084
15680,10.0169
15681,12.0084
15682,12.0169
15683,1.0253
15684,9.00843
15685,6.01687
15686,6.0253
15687,1.03373
15688,1.00843
15689,2.00843
15690,14.0084
15691,5.01687
15692,5.0253
15693,10.0084
15694,7.01687
15695,5.0253
15696,3.03373
15697,1.00843
15698,1.01686
15699,12.0084
15700,7.01687
15701,5.0253
15702,5.03373
15703,13.0084
15704,10.0169
15705,15.0084
15706,14.0169
15707,12.0084
15708,8.01686
15709,13.0084
15710,8.00843
15711,3.01687
15712,7.00843
15713,16.0084
15714,18.0084
15715,10.0169
15716,10.0084
15717,1.01686
15718,7.00843
15719,1.01686
15720,12.0084
15721,5.01687
15722,18.0084
15723,8.00843
15724,1.01686
15725,1.0253
15726,1.03373
15727,14.0084
15728,3.01687
15729,3.0253
15730,12.0084
15731,3.01687
15732,1.0253
15733,5.00843
15734,3.01687
15735,1.00843
15736,12.0084
15737,12.0169
15738,7.0253
15739,14.0084
15740,8.01686
15741,16.0084
15742,7.01687
15743,19.0084
15744,8.01686
15745,16.0084
15746,1.01686
15747,16.0084
15748,2.01687
15749,12.0084
15750,12.0169
15751,7.00843
15752,3.01687
15753,18.0084
15754,17.0084
15755,8.01686
15756,6.0253
15757,8.00843
15758,8.01686
15759,10.0084
15760,8.01686
15761,1.0253
15762,5.00843
15763,5.00843
15764,7.00843
15765,5.01687
15766,7.00843
15767,7.01687
15768,5.0253
15769,10.0084
15770,1.01686
15771,10.0084
15772,10.0169
15773,13.0084
15774,10.0169
15775,7.00843
15776,5.01687
15777,8.00843
15778,15.0084
15779,18.0084
15780,5.01687
15781,13.0084
15782,3.01687
15783,3.0253
15784,3.00843
15785,1.01686
15786,8.00843
15787,3.01687
15788,17.0084
15789,9.01686
15790,12.0084
15791,5.01687
15792,1.00843
15793,16.0084
15794,10.0084
15795,3.00843
15796,18.0084
15797,3.01687
15798,3.0253
15799,10.0084
15800,4.01687
15801,16.0084
15802,14.0169
15803,5.0253
15804,12.0084
15805,8.01686
15806,8.0253
15807,1.03373
15808,8.00843
15809,1.01686
15810,3.00843
15811,2.01687
15812,12.0084
15813,5.01687
15814,15.0084
15815,16.0084
15816,8.00843
15817,8.00843
15818,8.01686
15819,18.0084
15820,1.00843
15821,11.0084
15822,1.01686
15823,1.0253
15824,7.00843
15825,7.01687
15826,5.0253
15827,6.00843
15828,3.01687
15829,1.0253
15830,14.0084
15831,14.0169
15832,8.0253
15833,8.00843
15834,7.00843
15835,14.0084
15836,8.01686
15837,12.0084
15838,8.01686
15839,14.0084
15840,14.0084
15841,18.0084
15842,18.0169
15843,12.0253
15844,10.0337
15845,16.0084
15846,15.0169
15847,14.0253
15848,13.0337
15849,14.0084
15850,13.0169
15851,18.0084
15852,15.0169
15853,5.0253
15854,17.0084
15855,15.0169
15856,2.0253
15857,18.0084
15858,1.01686
15859,8.00843
15860,8.00843
15861,8.00843
15862,7.00843
15863,5.01687
15864,17.0084
15865,5.01687
15866,5.0253
15867,3.03373
15868,1.04216
15869,7.00843
15870,3.01687
15871,1.0253
15872,8.00843
15873,8.00843
15874,3.01687
15875,1.0253
15876,10.0084
15877,12.0084
15878,7.01687
15879,10.0084
15880,8.01686
15881,7.00843
15882,16.0084
15883,3.01687
15884,3.0253
15885,12.0084
15886,13.0084
15887,13.0169
15888,13.0253
15889,12.0084
15890,1.00843
15891,12.0084
15892,10.0169
15893,1.0253
15894,5.00843
15895,8.00843
15896,14.0084
15897,3.01687
15898,3.0253
15899,1.03373
15900,10.0084
15901,8.00843
15902,5.00843
15903,1.01686
15904,14.0084
15905,7.01687
15906,7.0253
15907,14.0084
15908,8.01686
15909,17.0084
15910,8.01686
15911,5.00843
15912,1.01686
15913,10.0084
15914,8.00843
15915,8.00843
15916,5.01687
15917,5.0253
15918,9.00843
15919,1.01686
15920,15.0084
15921,10.0169
15922,7.0253
15923,7.03373
15924,12.0084
15925,12.0084
15926,8.01686
15927,1.0253
15928,20.0084
15929,3.01687
15930,10.0084
15931,10.0169
15932,6.0253
15933,16.0084
15934,12.0169
15935,13.0084
15936,8.01686
15937,1.0253
15938,13.0084
15939,10.0084
15940,8.01686
15941,3.0253
15942,16.0084
15943,15.0169
15944,5.0253
15945,1.03373
15946,18.0084
15947,17.0169
15948,13.0253
15949,1.00843
15950,7.00843
15951,18.0084
15952,11.0084
15953,1.01686
15954,1.0253
15955,1.03373
15956,7.00843
15957,3.00843
15958,2.01687
15959,9.00843
15960,2.01687
15961,18.0084
15962,12.0084
15963,10.0169
15964,1.0253
15965,10.0084
15966,5.01687
15967,13.0084
15968,8.01686
15969,9.00843
15970,15.0084
15971,3.01687
15972,7.00843
15973,18.0084
15974,1.01686
15975,3.00843
15976,3.01687
15977,5.00843
15978,18.0084
15979,10.0169
15980,3.0253
15981,5.00843
15982,20.0084
15983,20.0169
15984,18.0084
15985,16.0169
15986,16.0253
15987,8.03373
15988,1.04216
15989,19.0084
15990,3.01687
15991,1.0253
15992,8.00843
15993,3.01687
15994,16.0084
15995,10.0169
15996,5.0253
15997,4.03373
15998,8.00843
15999,8.01686
16000,8.0253
16001,5.03373
16002,3.04216
16003,13.0084
16004,13.0169
16005,14.0084
16006,1.01686
16007,3.00843
16008,14.0084
16009,4.01687
16010,10.0084
16011,7.00843
16012,5.01687
16013,5.0253
16014,20.0084
16015,15.0169
16016,12.0253
16017,12.0337
16018,7.04216
16019,7.05059
16020,1.05903
16021,16.0084
16022,7.01687
16023,14.0084
16024,6.00843
16025,1.01686
16026,12.0084
16027,5.01687
16028,16.0084
16029,8.01686
16030,3.0253
16031,14.0084
16032,12.0169
16033,1.00843
16034,1.01686
16035,16.0084
16036,16.0169
16037,16.0084
16038,5.00843
16039,19.0084
16040,5.01687
16041,3.0253
16042,8.00843
16043,12.0084
16044,8.01686
16045,8.0253
16046,8.03373
16047,13.0084
16048,9.01686
16049,1.0253
16050,5.00843
16051,9.00843
16052,7.01687
16053,12.0084
16054,12.0169
16055,12.0253
16056,12.0337
16057,12.0422
16058,1.05059
16059,1.05903
16060,9.00843
16061,14.0084
16062,14.0169
16063,14.0253
16064,16.0084
16065,16.0169
16066,10.0253
16067,2.03373
16068,12.0084
16069,5.01687
16070,5.0253
16071,3.03373
16072,12.0084
16073,4.00843
16074,3.01687
16075,12.0084
16076,10.0169
16077,10.0253
16078,1.03373
16079,9.00843
16080,12.0084
16081,12.0169
16082,12.0253
16083,12.0337
16084,12.0422
16085,12.0506
16086,3.05903
16087,17.0084
16088,5.00843
16089,1.01686
16090,17.0084
16091,10.0169
16092,7.00843
16093,3.01687
16094,19.0084
16095,12.0169
16096,8.0253
16097,7.03373
16098,5.04216
16099,20.0084
16100,18.0169
16101,20.0084
16102,10.0169
16103,8.0253
16104,14.0084
16105,12.0169
16106,2.0253
16107,3.00843
16108,1.00843
16109,14.0084
16110,14.0169
16111,5.00843
16112,1.01686
16113,16.0084
16114,6.01687
16115,5.0253
16116,8.00843
16117,1.01686
16118,1.0253
16119,10.0084
16120,4.00843
16121,2.00843
16122,1.01686
16123,1.0253
16124,3.00843
16125,7.00843
16126,20.0084
16127,9.01686
16128,8.0253
16129,3.03373
16130,10.0084
16131,1.01686
16132,14.0084
16133,7.01687
16134,5.0253
16135,13.0084
16136,12.0169
16137,12.0253
16138,16.0084
16139,12.0169
16140,9.0253
16141,5.03373
16142,5.04216
16143,8.00843
16144,1.01686
16145,16.0084
16146,16.0084
16147,12.0169
16148,7.0253
16149,5.03373
16150,13.0084
16151,18.0084
16152,14.0169
16153,12.0253
16154,5.03373
16155,2.04216
16156,17.0084
16157,10.0169
16158,12.0084
16159,8.01686
16160,5.0253
16161,18.0084
16162,18.0169
16163,16.0253
16164,5.03373
16165,14.0084
16166,1.01686
16167,7.00843
16168,7.01687
16169,1.0253
16170,18.0084
16171,17.0169
16172,15.0253
16173,10.0084
16174,5.01687
16175,19.0084
16176,8.01686
16177,1.0253
16178,1.03373
16179,12.0084
16180,12.0169
16181,12.0253
16182,13.0084
16183,8.01686
16184,7.0253
16185,7.03373
16186,7.04216
16187,12.0084
16188,8.01686
16189,8.0253
16190,5.03373
16191,4.04216
16192,3.05059
16193,1.05903
16194,9.00843
16195,5.01687
16196,5.0253
16197,16.0084
16198,16.0169
16199,9.0253
16200,6.03373
16201,6.04216
16202,12.0084
16203,18.0084
16204,8.01686
16205,1.0253
16206,14.0084
16207,1.01686
16208,1.0253
16209,16.0084
16210,14.0169
16211,12.0253
16212,12.0337
16213,5.04216
16214,14.0084
16215,18.0084
16216,5.01687
16217,11.0084
16218,5.01687
16219,5.0253
16220,16.0084
16221,15.0084
16222,8.01686
16223,3.0253
16224,19.0084
16225,6.01687
16226,5.0253
16227,8.00843
16228,8.01686
16229,3.00843
16230,10.0084
16231,12.0084
16232,5.01687
16233,2.0253
16234,1.03373
16235,1.04216
16236,17.0084
16237,5.01687
16238,18.0084
16239,8.01686
16240,1.00843
16241,17.0084
16242,5.01687
16243,8.00843
16244,18.0084
16245,10.0084
16246,8.01686
16247,7.00843
16248,5.00843
16249,10.0084
16250,12.0084
16251,3.01687
16252,15.0084
16253,5.01687
16254,3.0253
16255,1.03373
16256,2.00843
16257,2.01687
16258,10.0084
16259,6.01687
16260,3.0253
16261,13.0084
16262,8.01686
16263,7.0253
16264,1.03373
16265,6.00843
16266,13.0084
16267,10.0169
16268,8.0253
16269,7.03373
16270,3.04216
16271,3.05059
16272,3.00843
16273,10.0084
16274,10.0169
16275,7.0253
16276,10.0084
16277,8.01686
16278,1.0253
16279,11.0084
16280,12.0084
16281,5.01687
16282,5.0253
16283,5.03373
16284,17.0084
16285,15.0169
16286,14.0253
16287,3.03373
16288,1.00843
16289,6.00843
16290,2.00843
16291,8.00843
16292,7.01687
16293,3.0253
16294,1.00843
16295,17.0084
16296,10.0169
16297,1.0253
16298,1.00843
16299,12.0084
16300,7.01687
16301,5.0253
16302,16.0084
16303,8.01686
16304,3.0253
16305,17.0084
16306,18.0084
16307,14.0169
16308,1.0253
16309,12.0084
16310,6.01687
16311,6.0253
16312,8.00843
16313,9.00843
16314,11.0084
16315,10.0169
16316,8.00843
16317,8.01686
16318,13.0084
16319,10.0169
16320,1.0253
16321,20.0084
16322,8.01686
16323,13.0084
16324,3.01687
16325,12.0084
16326,5.01687
16327,13.0084
16328,3.01687
16329,10.0084
16330,10.0169
16331,5.0253
16332,8.00843
16333,1.01686
16334,13.0084
16335,10.0169
16336,5.00843
16337,1.01686
16338,8.00843
16339,8.01686
16340,3.0253
16341,16.0084
16342,1.00843
16343,10.0084
16344,6.01687
16345,5.0253
16346,5.03373
16347,12.0084
16348,11.0169
16349,2.0253
16350,1.03373
16351,17.0084
16352,16.0169
16353,10.0253
16354,18.0084
16355,9.00843
16356,9.00843
16357,6.01687
16358,14.0084
16359,10.0169
16360,8.00843
16361,8.01686
16362,8.0253
16363,5.00843
16364,1.00843
16365,12.0084
16366,7.01687
16367,12.0084
16368,12.0169
16369,5.00843
16370,1.01686
16371,1.0253
16372,11.0084
16373,5.01687
16374,3.0253
16375,16.0084
16376,12.0169
16377,2.0253
16378,3.00843
16379,18.0084
16380,2.00843
16381,10.0084
16382,1.01686
16383,7.00843
16384,7.00843
16385,1.01686
16386,17.0084
16387,8.01686
16388,9.00843
16389,3.01687
16390,1.0253
16391,13.0084
16392,10.0169
16393,10.0253
16394,18.0084
16395,3.01687
16396,20.0084
16397,10.0169
16398,14.0084
16399,8.01686
16400,10.0084
16401,7.00843
16402,18.0084
16403,16.0169
16404,10.0253
16405,9.03373
16406,9.04216
16407,8.05059
16408,12.0084
16409,16.0084
16410,5.01687
16411,12.0084
16412,10.0084
16413,5.01687
16414,1.0253
16415,10.0084
16416,5.01687
16417,14.0084
16418,7.01687
16419,3.0253
16420,8.00843
16421,1.01686
16422,8.00843
16423,18.0084
16424,9.01686
16425,10.0084
16426,8.01686
16427,1.0253
16428,1.03373
16429,1.00843
16430,1.01686
16431,10.0084
16432,3.00843
16433,3.01687
16434,3.0253
16435,12.0084
16436,6.01687
16437,3.0253
16438,17.0084
16439,12.0084
16440,8.01686
16441,1.0253
16442,1.03373
16443,1.00843
16444,10.0084
16445,1.01686
16446,10.0084
16447,12.0084
16448,8.01686
16449,1.0253
16450,1.03373
16451,14.0084
16452,16.0084
16453,8.00843
16454,8.01686
16455,8.0253
16456,17.0084
16457,10.0169
16458,7.0253
16459,3.03373
16460,8.00843
16461,13.0084
16462,13.0169
16463,5.00843
16464,12.0084
16465,16.0084
16466,10.0169
16467,1.0253
16468,16.0084
16469,14.0169
16470,6.00843
16471,18.0084
16472,5.00843
16473,1.01686
16474,8.00843
16475,12.0084
16476,2.01687
16477,19.0084
16478,12.0169
16479,12.0253
16480,5.03373
16481,14.0084
16482,13.0169
16483,14.0084
16484,9.01686
16485,3.0253
16486,5.00843
16487,1.01686
16488,18.0084
16489,4.00843
16490,5.00843
16491,10.0084
16492,1.01686
16493,1.0253
16494,12.0084
16495,8.00843
16496,14.0084
16497,10.0084
16498,5.01687
16499,1.0253
16500,1.00843
16501,16.0084
16502,1.01686
16503,16.0084
16504,8.01686
16505,6.0253
16506,3.03373
16507,15.0084
16508,6.01687
16509,5.0253
16510,13.0084
16511,13.0084
16512,3.01687
16513,1.0253
16514,8.00843
16515,1.01686
16516,1.0253
16517,16.0084
16518,16.0169
16519,5.00843
16520,2.01687
16521,5.00843
16522,8.00843
16523,8.00843
16524,5.01687
16525,1.0253
16526,18.0084
16527,3.01687
16528,8.00843
16529,8.01686
16530,17.0084
16531,12.0169
16532,10.0253
16533,9.03373
16534,13.0084
16535,6.01687
16536,12.0084
16537,8.01686
16538,3.0253
16539,5.00843
16540,12.0084
16541,5.01687
16542,3.0253
16543,8.00843
16544,14.0084
16545,14.0169
16546,9.0253
16547,7.03373
16548,12.0084
16549,10.0169
16550,8.0253
16551,1.03373
16552,1.04216
16553,10.0084
16554,8.00843
16555,3.01687
16556,13.0084
16557,8.01686
16558,10.0084
16559,16.0084
16560,5.01687
16561,5.0253
16562,10.0084
16563,1.01686
16564,1.0253
16565,12.0084
16566,3.00843
16567,3.01687
16568,1.0253
16569,1.03373
16570,2.00843
16571,16.0084
16572,7.00843
16573,12.0084
16574,5.01687
16575,13.0084
16576,18.0084
16577,10.0169
16578,14.0084
16579,1.00843
16580,18.0084
16581,13.0169
16582,16.0084
16583,13.0169
16584,3.0253
16585,19.0084
16586,15.0084
16587,5.01687
16588,2.0253
16589,7.00843
16590,18.0084
16591,7.01687
16592,8.00843
16593,5.01687
16594,2.00843
16595,5.00843
16596,5.00843
16597,5.01687
16598,1.0253
16599,14.0084
16600,1.01686
16601,14.0084
16602,5.00843
16603,5.01687
16604,11.0084
16605,8.00843
16606,3.01687
16607,15.0084
16608,14.0169
16609,12.0084
16610,1.01686
16611,8.00843
16612,14.0084
16613,20.0084
16614,5.00843
16615,1.01686
16616,11.0084
16617,5.01687
16618,1.0253
16619,18.0084
16620,5.01687
16621,9.00843
16622,7.01687
16623,5.0253
16624,1.03373
16625,2.00843
16626,12.0084
16627,10.0084
16628,8.01686
16629,2.00843
16630,7.00843
16631,5.00843
16632,16.0084
16633,18.0084
16634,12.0169
16635,3.0253
16636,8.00843
16637,1.00843
16638,8.00843
16639,1.01686
16640,10.0084
16641,14.0084
16642,10.0169
16643,1.0253
16644,5.00843
16645,11.0084
16646,1.01686
16647,1.0253
16648,1.03373
16649,12.0084
16650,10.0169
16651,19.0084
16652,8.01686
16653,12.0084
16654,5.00843
16655,5.00843
16656,17.0084
16657,12.0169
16658,12.0253
16659,1.00843
16660,1.00843
16661,19.0084
16662,17.0084
16663,11.0169
16664,10.0253
16665,7.00843
16666,16.0084
16667,7.01687
16668,12.0084
16669,18.0084
16670,12.0084
16671,8.01686
16672,2.0253
16673,1.03373
16674,1.00843
16675,18.0084
16676,10.0169
16677,18.0084
16678,5.00843
16679,14.0084
16680,7.01687
16681,1.00843
16682,5.00843
16683,3.01687
16684,1.0253
16685,3.00843
16686,12.0084
16687,8.01686
16688,5.0253
16689,4.03373
16690,8.00843
16691,10.0084
16692,7.01687
16693,3.0253
16694,1.00843
16695,1.01686
16696,12.0084
16697,2.01687
16698,6.00843
16699,4.00843
16700,5.00843
16701,13.0084
16702,8.01686
16703,20.0084
16704,3.01687
16705,10.0084
16706,14.0084
16707,7.01687
16708,1.0253
16709,12.0084
16710,13.0084
16711,7.00843
16712,5.00843
16713,16.0084
16714,12.0169
16715,12.0253
16716,5.00843
16717,19.0084
16718,8.01686
16719,6.0253
16720,3.00843
16721,18.0084
16722,18.0084
16723,8.01686
16724,13.0084
16725,12.0084
16726,18.0084
16727,12.0169
16728,3.00843
16729,16.0084
16730,16.0169
16731,12.0253
16732,19.0084
16733,18.0169
16734,13.0253
16735,10.0337
16736,8.04216
16737,10.0084
16738,1.00843
16739,1.00843
16740,3.00843
16741,1.01686
16742,10.0084
16743,7.01687
16744,10.0084
16745,6.00843
16746,1.01686
16747,2.00843
16748,12.0084
16749,10.0169
16750,8.0253
16751,8.03373
16752,7.04216
16753,9.00843
16754,8.00843
16755,2.01687
16756,8.00843
16757,12.0084
16758,9.01686
16759,6.0253
16760,1.03373
16761,14.0084
16762,13.0084
16763,12.0169
16764,7.00843
16765,15.0084
16766,8.01686
16767,8.00843
16768,1.01686
16769,14.0084
16770,14.0169
16771,10.0253
16772,8.03373
16773,3.00843
16774,3.00843
16775,5.00843
16776,16.0084
16777,3.01687
16778,1.00843
16779,4.00843
16780,7.00843
16781,13.0084
16782,1.01686
16783,12.0084
16784,5.01687
16785,11.0084
16786,10.0169
16787,9.0253
16788,8.03373
16789,5.04216
16790,1.05059
16791,1.05903
16792,13.0084
16793,7.00843
16794,6.01687
16795,2.0253
16796,13.0084
16797,12.0169
16798,12.0084
16799,5.01687
16800,14.0084
16801,14.0169
16802,7.0253
16803,12.0084
16804,10.0084
16805,9.01686
16806,1.00843
16807,18.0084
16808,5.01687
16809,3.00843
16810,2.01687
16811,2.0253
16812,18.0084
16813,5.01687
16814,2.0253
16815,1.03373
16816,1.00843
16817,1.01686
16818,16.0084
16819,6.00843
16820,10.0084
16821,10.0084
16822,17.0084
16823,13.0169
16824,6.0253
16825,19.0084
16826,2.01687
16827,17.0084
16828,8.01686
16829,3.0253
16830,16.0084
16831,5.01687
16832,18.0084
16833,17.0169
16834,2.0253
16835,8.00843
16836,7.01687
16837,5.0253
16838,5.03373
16839,5.04216
16840,5.05059
16841,12.0084
16842,11.0169
16843,11.0253
16844,8.03373
16845,8.04216
16846,8.05059
16847,7.05903
16848,12.0084
16849,9.01686
16850,10.0084
16851,10.0169
16852,8.0253
16853,12.0084
16854,15.0084
16855,12.0169
16856,10.0253
16857,1.03373
16858,1.04216
16859,1.05059
16860,3.00843
16861,19.0084
16862,13.0169
16863,12.0253
16864,12.0337
16865,8.04216
16866,16.0084
16867,14.0169
16868,11.0253
16869,10.0337
16870,3.04216
16871,18.0084
16872,1.00843
16873,19.0084
16874,13.0169
16875,8.0253
16876,5.03373
16877,14.0084
16878,20.0084
16879,1.01686
16880,8.00843
16881,1.01686
16882,1.00843
16883,6.00843
16884,1.01686
16885,14.0084
16886,12.0169
16887,1.0253
16888,10.0084
16889,7.01687
16890,7.0253
16891,3.03373
16892,12.0084
16893,3.00843
16894,16.0084
16895,13.0169
16896,8.0253
16897,1.03373
16898,8.00843
16899,3.01687
16900,3.0253
16901,1.03373
16902,13.0084
16903,18.0084
16904,10.0169
16905,10.0253
16906,12.0084
16907,8.01686
16908,3.0253
16909,1.03373
16910,7.00843
16911,8.00843
16912,15.0084
16913,19.0084
16914,12.0169
16915,7.0253
16916,1.03373
16917,13.0084
16918,8.01686
16919,14.0084
16920,14.0169
16921,16.0084
16922,15.0169
16923,16.0084
16924,1.01686
16925,12.0084
16926,3.01687
16927,8.00843
16928,1.01686
16929,14.0084
16930,18.0084
16931,18.0169
16932,14.0084
16933,19.0084
16934,1.00843
16935,10.0084
16936,1.00843
16937,1.00843
16938,18.0084
16939,12.0169
16940,10.0253
16941,8.03373
16942,19.0084
16943,5.01687
16944,3.0253
16945,3.03373
16946,3.04216
16947,1.05059
16948,7.00843
16949,7.01687
16950,5.0253
16951,13.0084
16952,7.01687
16953,5.0253
16954,5.03373
16955,9.00843
16956,8.01686
16957,8.00843
16958,8.01686
16959,7.0253
16960,1.03373
16961,10.0084
16962,10.0084
16963,10.0169
16964,9.0253
16965,3.03373
16966,8.00843
16967,1.00843
16968,10.0084
16969,5.01687
16970,12.0084
16971,17.0084
16972,9.01686
16973,7.0253
16974,19.0084
16975,8.01686
16976,19.0084
16977,5.00843
16978,3.01687
16979,17.0084
16980,14.0169
16981,13.0253
16982,5.03373
16983,1.04216
16984,13.0084
16985,10.0169
16986,8.0253
16987,5.03373
16988,1.04216
16989,1.05059
16990,14.0084
16991,14.0169
16992,3.0253
16993,7.00843
16994,12.0084
16995,8.01686
16996,12.0084
16997,5.01687
16998,3.0253
16999,12.0084
17000,12.0169
17001,12.0253
17002,10.0337
17003,12.0084
17004,7.01687
17005,5.00843
17006,3.01687
17007,16.0084
17008,12.0084
17009,12.0169
17010,13.0084
17011,2.01687
17012,14.0084
17013,8.00843
17014,5.01687
17015,2.00843
17016,11.0084
17017,16.0084
17018,5.00843
17019,1.01686
17020,1.00843
17021,1.01686
17022,3.00843
17023,5.00843
17024,1.00843
17025,1.01686
17026,10.0084
17027,10.0169
17028,8.0253
17029,3.03373
17030,3.04216
17031,10.0084
17032,13.0084
17033,5.01687
17034,5.0253
17035,5.03373
17036,5.04216
17037,6.00843
17038,2.01687
17039,12.0084
17040,7.01687
17041,5.0253
17042,3.03373
17043,12.0084
17044,8.01686
17045,6.0253
17046,9.00843
17047,8.01686
17048,12.0084
17049,15.0084
17050,11.0169
17051,10.0253
17052,12.0084
17053,7.01687
17054,3.0253
17055,17.0084
17056,13.0084
17057,3.00843
17058,17.0084
17059,14.0169
17060,16.0084
17061,17.0084
17062,5.01687
17063,7.00843
17064,1.00843
17065,5.00843
17066,5.00843
17067,8.00843
17068,1.01686
17069,8.00843
17070,8.01686
17071,3.0253
17072,16.0084
17073,13.0169
17074,10.0084
17075,20.0084
17076,15.0169
17077,13.0253
17078,5.03373
17079,3.00843
17080,3.01687
17081,18.0084
17082,8.01686
17083,6.0253
17084,3.03373
17085,3.04216
17086,5.00843
17087,5.01687
17088,16.0084
17089,10.0169
17090,1.0253
17091,5.00843
17092,17.0084
17093,7.01687
17094,7.0253
17095,6.03373
17096,18.0084
17097,15.0169
17098,14.0253
17099,12.0337
17100,10.0422
17101,3.05059
17102,1.05903
17103,12.0084
17104,10.0084
17105,15.0084
17106,18.0084
17107,5.01687
17108,7.00843
17109,8.00843
17110,1.01686
17111,13.0084
17112,18.0084
17113,12.0169
17114,1.0253
17115,1.03373
17116,5.00843
17117,7.00843
17118,10.0084
17119,8.01686
17120,16.0084
17121,18.0084
17122,8.01686
17123,19.0084
17124,1.01686
17125,10.0084
17126,3.01687
17127,3.0253
17128,7.00843
17129,1.01686
17130,12.0084
17131,8.01686
17132,5.0253
17133,14.0084
17134,14.0169
17135,1.00843
17136,16.0084
17137,1.01686
17138,12.0084
17139,8.00843
17140,6.01687
17141,16.0084
17142,10.0169
17143,5.0253
17144,2.03373
17145,17.0084
17146,17.0169
17147,8.0253
17148,18.0084
17149,13.0084
17150,10.0169
17151,7.00843
17152,18.0084
17153,14.0169
17154,12.0253
17155,14.0084
17156,1.00843
17157,14.0084
17158,19.0084
17159,12.0169
17160,10.0084
17161,18.0084
17162,2.00843
17163,15.0084
17164,5.00843
17165,3.00843
17166,5.00843
17167,14.0084
17168,9.01686
17169,10.0084
17170,10.0169
17171,5.00843
17172,12.0084
17173,1.01686
17174,18.0084
17175,2.01687
17176,16.0084
17177,5.01687
17178,1.0253
17179,18.0084
17180,6.01687
17181,14.0084
17182,7.01687
17183,7.00843
17184,1.01686
17185,14.0084
17186,10.0084
17187,6.01687
17188,3.00843
17189,1.01686
17190,7.00843
17191,5.01687
17192,2.0253
17193,9.00843
17194,12.0084
17195,1.01686
17196,1.0253
17197,12.0084
17198,16.0084
17199,1.01686
17200,16.0084
17201,16.0169
17202,14.0084
17203,7.01687
17204,10.0084
17205,8.00843
17206,16.0084
17207,12.0169
17208,12.0253
17209,8.03373
17210,13.0084
17211,13.0169
17212,19.0084
17213,12.0169
17214,20.0084
17215,4.01687
17216,1.0253
17217,14.0084
17218,1.00843
17219,14.0084
17220,7.01687
17221,5.0253
17222,3.00843
17223,5.00843
17224,5.00843
17225,10.0084
17226,8.01686
17227,18.0084
17228,14.0169
17229,12.0084
17230,8.01686
17231,8.0253
17232,4.03373
17233,1.04216
17234,7.00843
17235,2.01687
17236,3.00843
17237,17.0084
17238,8.01686
17239,1.00843
17240,10.0084
17241,10.0084
17242,8.01686
17243,5.0253
17244,3.03373
17245,5.00843
17246,16.0084
17247,14.0084
17248,8.01686
17249,13.0084
17250,1.01686
17251,14.0084
17252,8.01686
17253,15.0084
17254,8.01686
17255,2.0253
17256,17.0084
17257,12.0169
17258,3.00843
17259,8.00843
17260,5.01687
17261,1.0253
17262,16.0084
17263,18.0084
17264,10.0169
17265,3.0253
17266,15.0084
17267,7.01687
17268,12.0084
17269,5.01687
17270,1.0253
17271,7.00843
17272,8.00843
17273,12.0084
17274,12.0169
17275,3.0253
17276,13.0084
17277,18.0084
17278,5.01687
17279,12.0084
17280,14.0084
17281,14.0169
17282,8.0253
17283,14.0084
17284,14.0169
17285,8.00843
17286,5.01687
17287,18.0084
17288,1.01686
17289,1.0253
17290,1.03373
17291,1.04216
17292,1.05059
17293,1.05903
17294,8.00843
17295,5.01687
17296,3.00843
17297,3.01687
17298,12.0084
17299,8.01686
17300,8.0253
17301,1.03373
17302,18.0084
17303,12.0169
17304,8.0253
17305,10.0084
17306,9.01686
17307,9.0253
17308,7.03373
17309,3.04216
17310,14.0084
17311,8.01686
17312,8.0253
17313,5.03373
17314,5.00843
17315,3.01687
17316,13.0084
17317,10.0169
17318,1.0253
17319,18.0084
17320,1.01686
17321,1.0253
17322,12.0084
17323,8.01686
17324,16.0084
17325,8.01686
17326,16.0084
17327,16.0084
17328,10.0169
17329,5.0253
17330,16.0084
17331,16.0169
17332,18.0084
17333,16.0084
17334,2.01687
17335,20.0084
17336,6.01687
17337,3.0253
17338,3.03373
17339,3.04216
17340,18.0084
17341,8.01686
17342,8.0253
17343,13.0084
17344,12.0169
17345,8.00843
17346,1.01686
17347,7.00843
17348,4.01687
17349,1.00843
17350,10.0084
17351,7.00843
17352,8.00843
17353,7.00843
17354,12.0084
17355,1.01686
17356,7.00843
17357,5.01687
17358,20.0084
17359,13.0169
17360,4.0253
17361,9.00843
17362,5.01687
17363,7.00843
17364,7.01687
17365,4.0253
17366,16.0084
17367,14.0169
17368,12.0253
17369,13.0084
17370,8.01686
17371,6.0253
17372,8.00843
17373,8.01686
17374,1.0253
17375,12.0084
17376,2.01687
17377,12.0084
17378,3.01687
17379,15.0084
17380,12.0084
17381,12.0169
17382,12.0253
17383,12.0337
17384,5.04216
17385,18.0084
17386,8.01686
17387,13.0084
17388,12.0169
17389,13.0084
17390,10.0169
17391,10.0253
17392,6.03373
17393,13.0084
17394,12.0084
17395,10.0084
17396,3.01687
17397,3.0253
17398,12.0084
17399,16.0084
17400,12.0084
17401,1.00843
17402,1.01686
17403,1.0253
17404,14.0084
17405,7.01687
17406,5.0253
17407,18.0084
17408,10.0169
17409,6.0253
17410,4.03373
17411,1.04216
17412,7.00843
17413,7.01687
17414,8.00843
17415,8.01686
17416,7.00843
17417,5.01687
17418,8.00843
17419,5.01687
17420,10.0084
17421,10.0169
17422,14.0084
17423,13.0169
17424,13.0253
17425,13.0337
17426,2.04216
17427,12.0084
17428,9.01686
17429,7.0253
17430,15.0084
17431,12.0084
17432,12.0169
17433,5.0253
17434,2.03373
17435,13.0084
17436,8.01686
17437,8.0253
17438,8.03373
17439,19.0084
17440,18.0084
17441,10.0169
17442,5.0253
17443,10.0084
17444,13.0084
17445,5.01687
17446,5.00843
17447,10.0084
17448,5.00843
17449,1.01686
17450,10.0084
17451,7.01687
17452,16.0084
17453,10.0084
17454,8.00843
17455,5.00843
17456,1.00843
17457,8.00843
17458,7.01687
17459,5.0253
17460,1.03373
17461,1.04216
17462,13.0084
17463,3.01687
17464,3.0253
17465,2.03373
17466,9.00843
17467,3.01687
17468,1.0253
17469,3.00843
17470,1.01686
17471,12.0084
17472,8.01686
17473,8.0253
17474,8.03373
17475,7.04216
17476,10.0084
17477,12.0084
17478,10.0169
17479,8.0253
17480,16.0084
17481,5.01687
17482,5.0253
17483,10.0084
17484,15.0084
17485,14.0084
17486,13.0169
17487,3.00843
17488,2.00843
17489,1.00843
17490,1.01686
17491,8.00843
17492,1.01686
17493,1.0253
17494,1.00843
17495,16.0084
17496,12.0169
17497,10.0253
17498,8.03373
17499,12.0084
17500,1.01686
17501,5.00843
17502,3.01687
17503,8.00843
17504,8.01686
17505,4.00843
17506,14.0084
17507,10.0169
17508,15.0084
17509,3.01687
17510,1.0253
17511,12.0084
17512,5.01687
17513,5.0253
17514,5.03373
17515,18.0084
17516,10.0169
17517,16.0084
17518,3.01687
17519,8.00843
17520,10.0084
17521,10.0084
17522,1.00843
17523,12.0084
17524,5.00843
17525,1.00843
17526,1.01686
17527,1.0253
17528,5.00843
17529,12.0084
17530,10.0169
17531,5.00843
17532,13.0084
17533,10.0169
17534,10.0253
17535,1.03373
17536,7.00843
17537,5.01687
17538,18.0084
17539,3.01687
17540,3.0253
17541,10.0084
17542,19.0084
17543,10.0084
17544,5.01687
17545,5.0253
17546,1.00843
17547,9.00843
17548,1.01686
17549,12.0084
17550,8.01686
17551,1.0253
17552,15.0084
17553,1.01686
17554,13.0084
17555,8.01686
17556,16.0084
17557,14.0169
17558,10.0253
17559,8.03373
17560,9.00843
17561,17.0084
17562,16.0169
17563,9.0253
17564,7.03373
17565,16.0084
17566,8.01686
17567,12.0084
17568,5.01687
17569,2.00843
17570,2.01687
17571,15.0084
17572,12.0169
17573,5.0253
17574,13.0084
17575,8.01686
17576,3.0253
17577,10.0084
17578,5.00843
17579,1.00843
17580,8.00843
17581,8.00843
17582,14.0084
17583,2.01687
17584,1.0253
17585,1.00843
17586,4.00843
17587,1.01686
17588,2.00843
17589,1.00843
17590,16.0084
17591,14.0169
17592,7.0253
17593,10.0084
17594,10.0169
17595,1.0253
17596,10.0084
17597,1.01686
17598,12.0084
17599,12.0084
17600,8.00843
17601,14.0084
17602,8.01686
17603,8.0253
17604,7.03373
17605,7.04216
17606,3.05059
17607,13.0084
17608,14.0084
17609,11.0169
17610,8.0253
17611,5.03373
17612,15.0084
17613,5.01687
17614,18.0084
17615,14.0169
17616,8.0253
17617,7.03373
17618,2.04216
17619,2.05059
17620,1.05903
17621,16.0084
17622,8.01686
17623,3.0253
17624,2.03373
17625,13.0084
17626,9.01686
17627,8.0253
17628,10.0084
17629,10.0084
17630,10.0169
17631,1.00843
17632,18.0084
17633,8.01686
17634,8.0253
17635,10.0084
17636,7.01687
17637,5.0253
17638,5.03373
17639,14.0084
17640,16.0084
17641,1.01686
17642,16.0084
17643,12.0084
17644,1.00843
17645,1.01686
17646,17.0084
17647,10.0169
17648,15.0084
17649,13.0169
17650,3.0253
17651,18.0084
17652,13.0084
17653,8.01686
17654,14.0084
17655,1.01686
17656,5.00843
17657,12.0084
17658,8.01686
17659,8.0253
17660,17.0084
17661,8.01686
17662,12.0084
17663,10.0169
17664,10.0253
17665,8.03373
17666,16.0084
17667,12.0169
17668,12.0253
17669,8.03373
17670,12.0084
17671,8.01686
17672,18.0084
17673,8.01686
17674,12.0084
17675,18.0084
17676,17.0084
17677,10.0169
17678,1.0253
17679,16.0084
17680,15.0169
17681,16.0084
17682,12.0169
17683,17.0084
17684,7.00843
17685,5.01687
17686,5.0253
17687,11.0084
17688,18.0084
17689,14.0169
17690,12.0253
17691,8.00843
17692,7.01687
17693,9.00843
17694,13.0084
17695,10.0169
17696,1.0253
17697,14.0084
17698,10.0084
17699,8.00843
17700,5.01687
17701,1.0253
17702,9.00843
17703,6.01687
17704,1.0253
17705,14.0084
17706,12.0084
17707,12.0169
17708,12.0084
17709,8.01686
17710,7.00843
17711,5.01687
17712,5.00843
17713,13.0084
17714,17.0084
17715,10.0169
17716,8.00843
17717,16.0084
17718,16.0169
17719,5.0253
17720,6.00843
17721,3.01687
17722,8.00843
17723,19.0084
17724,12.0169
17725,5.0253
17726,4.03373
17727,1.00843
17728,8.00843
17729,10.0084
17730,10.0084
17731,12.0084
17732,7.01687
17733,1.00843
17734,14.0084
17735,4.01687
17736,4.0253
17737,4.03373
17738,10.0084
17739,1.00843
17740,8.00843
17741,8.01686
17742,14.0084
17743,18.0084
17744,14.0084
17745,12.0169
17746,10.0084
17747,1.00843
17748,2.00843
17749,18.0084
17750,14.0169
17751,10.0253
17752,8.03373
17753,5.04216
17754,14.0084
17755,5.01687
17756,3.0253
17757,18.0084
17758,6.01687
17759,5.0253
17760,7.00843
17761,18.0084
17762,18.0169
17763,3.00843
17764,1.01686
17765,1.0253
17766,20.0084
17767,10.0169
17768,8.0253
17769,12.0084
17770,12.0169
17771,7.0253
17772,1.00843
17773,10.0084
17774,8.00843
17775,16.0084
17776,16.0169
17777,8.0253
17778,20.0084
17779,16.0169
17780,8.0253
17781,8.03373
17782,8.04216
17783,5.05059
17784,1.05903
17785,18.0084
17786,18.0169
17787,19.0084
17788,14.0169
17789,3.0253
17790,5.00843
17791,20.0084
17792,5.01687
17793,14.0084
17794,11.0169
17795,7.0253
17796,10.0084
17797,8.01686
17798,9.00843
17799,3.00843
17800,5.00843
17801,1.01686
17802,7.00843
17803,7.00843
17804,3.01687
17805,12.0084
17806,12.0169
17807,8.0253
17808,10.0084
17809,1.01686
17810,17.0084
17811,13.0169
17812,12.0084
17813,12.0169
17814,3.00843
17815,10.0084
17816,10.0169
17817,5.0253
17818,17.0084
17819,5.01687
17820,5.0253
17821,1.03373
17822,12.0084
17823,10.0169
17824,8.0253
17825,19.0084
17826,13.0169
17827,10.0084
17828,7.01687
17829,1.0253
17830,20.0084
17831,16.0169
17832,1.0253
17833,18.0084
17834,7.01687
17835,8.00843
17836,6.01687
17837,3.0253
17838,4.00843
17839,13.0084
17840,12.0169
17841,7.0253
17842,1.03373
17843,1.04216
17844,8.00843
17845,2.00843
17846,10.0084
17847,1.01686
17848,11.0084
17849,2.01687
17850,5.00843
17851,3.01687
17852,5.00843
17853,5.01687
17854,14.0084
17855,8.01686
17856,5.0253
17857,9.00843
17858,3.01687
17859,1.0253
17860,16.0084
17861,12.0169
17862,10.0084
17863,5.01687
17864,5.0253
17865,10.0084
17866,7.01687
17867,7.0253
17868,14.0084
17869,14.0169
17870,8.0253
17871,14.0084
17872,3.01687
17873,1.0253
17874,18.0084
17875,18.0169
17876,8.00843
17877,8.01686
17878,5.0253
17879,6.00843
17880,3.01687
17881,1.0253
17882,1.00843
17883,17.0084
17884,5.01687
17885,19.0084
17886,12.0169
17887,12.0253
17888,3.03373
17889,1.04216
17890,5.00843
17891,1.01686
17892,7.00843
17893,2.00843
17894,8.00843
17895,7.01687
17896,2.00843
17897,16.0084
17898,3.01687
17899,13.0084
17900,11.0169
17901,6.0253
17902,5.00843
17903,5.01687
17904,5.0253
17905,8.00843
17906,8.01686
17907,5.0253
17908,1.03373
17909,8.00843
17910,17.0084
17911,16.0169
17912,13.0253
17913,3.03373
17914,3.00843
17915,3.01687
17916,2.0253
17917,12.0084
17918,12.0169
17919,7.0253
17920,8.00843
17921,5.01687
17922,6.00843
17923,6.01687
17924,16.0084
17925,10.0169
17926,9.0253
17927,7.03373
17928,10.0084
17929,1.01686
17930,18.0084
17931,8.01686
17932,3.0253
17933,19.0084
17934,13.0084
17935,20.0084
17936,17.0084
17937,7.00843
17938,7.00843
17939,2.01687
17940,18.0084
17941,8.01686
17942,7.0253
17943,4.00843
17944,1.01686
17945,14.0084
17946,5.00843
17947,3.00843
17948,5.00843
17949,3.01687
17950,7.00843
17951,10.0084
17952,8.01686
17953,7.0253
17954,10.0084
17955,9.01686
17956,5.0253
17957,1.03373
17958,12.0084
17959,1.00843
17960,10.0084
17961,8.01686
17962,15.0084
17963,12.0169
17964,6.0253
17965,10.0084
17966,1.01686
17967,8.00843
17968,16.0084
17969,1.01686
17970,5.00843
17971,5.01687
17972,3.00843
17973,3.01687
17974,7.00843
17975,14.0084
17976,14.0169
17977,5.0253
17978,18.0084
17979,1.00843
17980,2.00843
17981,1.01686
17982,17.0084
17983,3.01687
17984,3.0253
17985,1.03373
17986,5.00843
17987,14.0084
17988,5.01687
17989,1.0253
17990,1.03373
17991,18.0084
17992,12.0169
17993,8.0253
17994,1.03373
17995,8.00843
17996,5.00843
17997,3.00843
17998,3.01687
17999,10.0084
18000,10.0169
18001,19.0084
18002,3.00843
18003,3.01687
18004,2.0253
18005,12.0084
18006,7.01687
18007,8.00843
18008,8.01686
18009,8.00843
18010,8.01686
18011,5.0253
18012,12.0084
18013,8.01686
18014,6.0253
18015,10.0084
18016,10.0169
18017,10.0253
18018,9.03373
18019,8.00843
18020,1.01686
18021,13.0084
18022,13.0169
18023,10.0253
18024,8.00843
18025,5.00843
18026,10.0084
18027,8.00843
18028,17.0084
18029,8.01686
18030,1.0253
18031,18.0084
18032,10.0169
18033,3.0253
18034,3.00843
18035,13.0084
18036,6.01687
18037,7.00843
18038,18.0084
18039,18.0084
18040,3.01687
18041,3.00843
18042,5.00843
18043,1.01686
18044,1.0253
18045,1.03373
18046,3.00843
18047,1.01686
18048,8.00843
18049,1.01686
18050,1.0253
18051,16.0084
18052,6.01687
18053,3.0253
18054,8.00843
18055,7.01687
18056,3.0253
18057,13.0084
18058,10.0084
18059,1.01686
18060,1.0253
18061,16.0084
18062,3.00843
18063,18.0084
18064,17.0169
18065,5.00843
18066,3.01687
18067,18.0084
18068,14.0169
18069,9.0253
18070,18.0084
18071,10.0169
18072,2.0253
18073,1.03373
18074,9.00843
18075,3.01687
18076,10.0084
18077,12.0084
18078,5.01687
18079,5.0253
18080,14.0084
18081,12.0169
18082,7.0253
18083,6.03373
18084,6.04216
18085,1.05059
18086,13.0084
18087,5.01687
18088,3.0253
18089,16.0084
18090,7.01687
18091,7.00843
18092,18.0084
18093,14.0169
18094,14.0253
18095,10.0337
18096,8.04216
18097,5.05059
18098,18.0084
18099,14.0169
18100,5.00843
18101,12.0084
18102,14.0084
18103,13.0169
18104,12.0253
18105,3.03373
18106,3.04216
18107,19.0084
18108,15.0169
18109,14.0253
18110,7.03373
18111,7.04216
18112,6.05059
18113,8.00843
18114,6.01687
18115,1.0253
18116,5.00843
18117,15.0084
18118,12.0169
18119,5.0253
18120,10.0084
18121,8.01686
18122,8.00843
18123,3.01687
18124,18.0084
18125,16.0169
18126,1.00843
18127,9.00843
18128,3.00843
18129,3.00843
18130,7.00843
18131,5.01687
18132,3.0253
18133,8.00843
18134,5.00843
18135,5.01687
18136,18.0084
18137,13.0169
18138,8.0253
18139,8.03373
18140,8.00843
18141,10.0084
18142,12.0084
18143,16.0084
18144,14.0084
18145,12.0169
18146,8.0253
18147,13.0084
18148,1.01686
18149,16.0084
18150,14.0169
18151,18.0084
18152,1.01686
18153,9.00843
18154,2.00843
18155,13.0084
18156,3.01687
18157,12.0084
18158,10.0169
18159,12.0084
18160,12.0169
18161,12.0253
18162,5.00843
18163,14.0084
18164,10.0084
18165,15.0084
18166,12.0169
18167,10.0084
18168,3.01687
18169,16.0084
18170,3.01687
18171,13.0084
18172,2.01687
18173,1.00843
18174,5.00843
18175,19.0084
18176,19.0169
18177,7.00843
18178,5.00843
18179,7.00843
18180,13.0084
18181,8.01686
18182,16.0084
18183,13.0169
18184,10.0253
18185,18.0084
18186,14.0169
18187,12.0253
18188,8.03373
18189,20.0084
18190,12.0084
18191,10.0084
18192,7.01687
18193,12.0084
18194,8.01686
18195,14.0084
18196,11.0169
18197,6.00843
18198,14.0084
18199,19.0084
18200,7.01687
18201,5.0253
18202,12.0084
18203,2.01687
18204,2.0253
18205,10.0084
18206,10.0169
18207,1.0253
18208,3.00843
18209,12.0084
18210,12.0169
18211,14.0084
18212,7.01687
18213,5.0253
18214,10.0084
18215,5.01687
18216,11.0084
18217,9.01686
18218,1.0253
18219,1.03373
18220,16.0084
18221,12.0169
18222,10.0253
18223,1.03373
18224,3.00843
18225,18.0084
18226,16.0169
18227,10.0253
18228,9.03373
18229,8.04216
18230,3.05059
18231,15.0084
18232,8.01686
18233,5.0253
18234,16.0084
18235,10.0084
18236,8.01686
18237,13.0084
18238,12.0084
18239,16.0084
18240,12.0084
18241,8.01686
18242,8.0253
18243,1.03373
18244,1.04216
18245,1.00843
18246,14.0084
18247,7.01687
18248,7.0253
18249,5.03373
18250,20.0084
18251,16.0169
18252,10.0253
18253,8.00843
18254,18.0084
18255,18.0169
18256,15.0253
18257,14.0337
18258,1.04216
18259,16.0084
18260,16.0084
18261,10.0169
18262,8.0253
18263,3.03373
18264,10.0084
18265,8.01686
18266,2.00843
18267,6.00843
18268,3.01687
18269,3.0253
18270,16.0084
18271,12.0169
18272,7.0253
18273,7.03373
18274,1.04216
18275,18.0084
18276,8.01686
18277,16.0084
18278,12.0084
18279,18.0084
18280,5.01687
18281,8.00843
18282,8.01686
18283,5.0253
18284,5.03373
18285,15.0084
18286,9.01686
18287,1.0253
18288,12.0084
18289,8.01686
18290,7.0253
18291,3.03373
18292,10.0084
18293,8.01686
18294,8.00843
18295,5.01687
18296,13.0084
18297,14.0084
18298,8.01686
18299,1.00843
18300,7.00843
18301,18.0084
18302,16.0169
18303,8.00843
18304,1.01686
18305,13.0084
18306,8.01686
18307,17.0084
18308,15.0084
18309,9.01686
18310,4.0253
18311,12.0084
18312,5.00843
18313,14.0084
18314,10.0169
18315,10.0253
18316,7.03373
18317,8.00843
18318,8.01686
18319,8.0253
18320,8.03373
18321,5.04216
18322,16.0084
18323,12.0169
18324,1.0253
18325,10.0084
18326,10.0169
18327,7.0253
18328,5.03373
18329,18.0084
18330,1.01686
18331,1.0253
18332,1.03373
18333,5.00843
18334,14.0084
18335,12.0169
18336,3.0253
18337,1.03373
18338,15.0084
18339,12.0169
18340,8.00843
18341,5.01687
18342,5.0253
18343,8.00843
18344,7.01687
18345,7.0253
18346,1.03373
18347,16.0084
18348,5.00843
18349,12.0084
18350,10.0169
18351,1.0253
18352,13.0084
18353,13.0169
18354,10.0253
18355,6.03373
18356,10.0084
18357,8.00843
18358,10.0084
18359,8.01686
18360,8.0253
18361,8.03373
18362,8.04216
18363,16.0084
18364,14.0169
18365,12.0084
18366,10.0169
18367,7.0253
18368,12.0084
18369,1.00843
18370,18.0084
18371,6.01687
18372,5.0253
18373,5.00843
18374,13.0084
18375,7.01687
18376,18.0084
18377,18.0169
18378,10.0253
18379,3.00843
18380,1.00843
18381,11.0084
18382,5.00843
18383,3.00843
18384,1.01686
18385,7.00843
18386,19.0084
18387,8.01686
18388,12.0084
18389,18.0084
18390,12.0169
18391,5.0253
18392,18.0084
18393,14.0169
18394,12.0253
18395,1.03373
18396,13.0084
18397,10.0169
18398,16.0084
18399,16.0169
18400,8.0253
18401,4.00843
18402,1.01686
18403,18.0084
18404,20.0084
18405,1.00843
18406,8.00843
18407,1.01686
18408,3.00843
18409,8.00843
18410,3.01687
18411,5.00843
18412,2.01687
18413,5.00843
18414,2.00843
18415,8.00843
18416,8.01686
18417,8.0253
18418,3.00843
18419,10.0084
18420,10.0084
18421,12.0084
18422,5.01687
18423,6.00843
18424,18.0084
18425,12.0084
18426,1.01686
18427,16.0084
18428,9.01686
18429,10.0084
18430,2.01687
18431,14.0084
18432,12.0169
18433,12.0084
18434,13.0084
18435,1.01686
18436,1.0253
18437,2.00843
18438,3.00843
18439,4.00843
18440,16.0084
18441,5.00843
18442,15.0084
18443,7.01687
18444,16.0084
18445,8.01686
18446,8.0253
18447,8.00843
18448,8.01686
18449,5.0253
18450,16.0084
18451,10.0169
18452,10.0253
18453,8.03373
18454,3.00843
18455,2.01687
18456,1.0253
18457,14.0084
18458,14.0084
18459,5.01687
18460,12.0084
18461,6.01687
18462,17.0084
18463,16.0169
18464,5.0253
18465,5.03373
18466,2.04216
18467,17.0084
18468,18.0084
18469,7.01687
18470,18.0084
18471,10.0169
18472,8.0253
18473,6.00843
18474,3.01687
18475,2.0253
18476,12.0084
18477,10.0169
18478,1.0253
18479,8.00843
18480,14.0084
18481,14.0169
18482,14.0253
18483,13.0084
18484,8.01686
18485,1.0253
18486,1.00843
18487,17.0084
18488,12.0169
18489,12.0253
18490,6.03373
18491,7.00843
18492,7.00843
18493,7.01687
18494,5.00843
18495,10.0084
18496,8.00843
18497,8.01686
18498,8.0253
18499,12.0084
18500,8.01686
18501,18.0084
18502,2.01687
18503,15.0084
18504,13.0084
18505,17.0084
18506,7.01687
18507,18.0084
18508,15.0169
18509,20.0084
18510,10.0169
18511,8.0253
18512,8.03373
18513,1.00843
18514,10.0084
18515,7.01687
18516,3.0253
18517,10.0084
18518,3.01687
18519,3.0253
18520,12.0084
18521,6.01687
18522,20.0084
18523,13.0169
18524,7.0253
18525,8.00843
18526,8.01686
18527,6.0253
18528,7.00843
18529,20.0084
18530,8.01686
18531,1.0253
18532,14.0084
18533,10.0169
18534,1.0253
18535,10.0084
18536,16.0084
18537,16.0084
18538,7.01687
18539,13.0084
18540,9.00843
18541,7.00843
18542,9.00843
18543,8.01686
18544,2.0253
18545,1.03373
18546,13.0084
18547,6.01687
18548,10.0084
18549,1.01686
18550,3.00843
18551,12.0084
18552,5.01687
18553,10.0084
18554,10.0084
18555,7.01687
18556,1.0253
18557,16.0084
18558,7.00843
18559,18.0084
18560,10.0169
18561,10.0253
18562,8.03373
18563,5.04216
18564,6.00843
18565,6.01687
18566,2.0253
18567,16.0084
18568,12.0084
18569,10.0169
18570,8.0253
18571,8.03373
18572,14.0084
18573,10.0169
18574,7.0253
18575,8.00843
18576,5.01687
18577,17.0084
18578,1.01686
18579,7.00843
18580,7.00843
18581,3.01687
18582,12.0084
18583,7.01687
18584,13.0084
18585,7.01687
18586,1.0253
18587,10.0084
18588,7.01687
18589,8.00843
18590,8.01686
18591,7.0253
18592,7.03373
18593,5.00843
18594,7.00843
18595,15.0084
18596,8.00843
18597,10.0084
18598,5.00843
18599,19.0084
18600,8.01686
18601,10.0084
18602,2.01687
18603,10.0084
18604,3.00843
18605,12.0084
18606,13.0084
18607,12.0084
18608,1.00843
18609,13.0084
18610,10.0169
18611,5.0253
18612,2.03373
18613,12.0084
18614,10.0084
18615,18.0084
18616,5.01687
18617,12.0084
18618,10.0169
18619,6.00843
18620,3.00843
18621,14.0084
18622,14.0169
18623,1.0253
18624,7.00843
18625,14.0084
18626,12.0169
18627,10.0253
18628,1.03373
18629,1.04216
18630,9.00843
18631,8.00843
18632,1.01686
18633,1.0253
18634,9.00843
18635,15.0084
18636,8.01686
18637,7.0253
18638,7.03373
18639,5.04216
18640,8.00843
18641,14.0084
18642,10.0169
18643,8.0253
18644,1.00843
18645,12.0084
18646,12.0084
18647,10.0169
18648,7.00843
18649,1.01686
18650,1.0253
18651,10.0084
18652,1.01686
18653,6.00843
18654,3.01687
18655,1.0253
18656,19.0084
18657,8.00843
18658,19.0084
18659,7.01687
18660,10.0084
18661,14.0084
18662,6.01687
18663,16.0084
18664,12.0169
18665,11.0253
18666,8.03373
18667,5.00843
18668,8.00843
18669,18.0084
18670,16.0084
18671,14.0084
18672,20.0084
18673,7.01687
18674,1.0253
18675,18.0084
18676,7.00843
18677,1.00843
18678,12.0084
18679,3.00843
18680,3.01687
18681,8.00843
18682,3.01687
18683,10.0084
18684,1.00843
18685,1.01686
18686,8.00843
18687,7.01687
18688,10.0084
18689,1.01686
18690,3.00843
18691,12.0084
18692,3.01687
18693,8.00843
18694,7.01687
18695,5.0253
18696,1.03373
18697,12.0084
18698,10.0169
18699,3.0253
18700,11.0084
18701,10.0169
18702,7.0253
18703,3.03373
18704,9.00843
18705,20.0084
18706,12.0169
18707,7.0253
18708,13.0084
18709,13.0084
18710,5.01687
18711,3.00843
18712,13.0084
18713,13.0169
18714,10.0253
18715,18.0084
18716,12.0169
18717,12.0253
18718,19.0084
18719,10.0169
18720,1.0253
18721,10.0084
18722,9.01686
18723,18.0084
18724,10.0169
18725,5.0253
18726,3.03373
18727,18.0084
18728,8.01686
18729,5.00843
18730,17.0084
18731,7.01687
18732,7.0253
18733,4.03373
18734,8.00843
18735,8.01686
18736,8.0253
18737,20.0084
18738,18.0084
18739,10.0169
18740,5.00843
18741,15.0084
18742,9.01686
18743,3.0253
18744,18.0084
18745,1.00843
18746,1.01686
18747,8.00843
18748,16.0084
18749,1.00843
18750,10.0084
18751,2.00843
18752,7.00843
18753,1.00843
18754,1.01686
18755,13.0084
18756,8.01686
18757,8.0253
18758,3.03373
18759,7.00843
18760,3.01687
18761,15.0084
18762,8.01686
18763,10.0084
18764,6.01687
18765,7.00843
18766,1.01686
18767,12.0084
18768,8.01686
18769,8.0253
18770,8.03373
18771,9.00843
18772,8.01686
18773,7.0253
18774,12.0084
18775,10.0169
18776,8.0253
18777,16.0084
18778,17.0084
18779,5.01687
18780,3.00843
18781,10.0084
18782,8.00843
18783,8.01686
18784,3.0253
18785,18.0084
18786,17.0169
18787,8.0253
18788,20.0084
18789,20.0169
18790,18.0253
18791,14.0337
18792,6.04216
18793,1.05059
18794,1.05903
18795,10.0084
18796,8.01686
18797,8.0253
18798,3.03373
18799,1.00843
18800,5.00843
18801,13.0084
18802,13.0169
18803,18.0084
18804,15.0084
18805,12.0169
18806,14.0084
18807,9.01686
18808,8.0253
18809,3.00843
18810,19.0084
18811,11.0169
18812,4.0253
18813,18.0084
18814,12.0169
18815,12.0253
18816,8.03373
18817,18.0084
18818,14.0169
18819,12.0084
18820,7.01687
18821,8.00843
18822,8.01686
18823,7.0253
18824,1.03373
18825,7.00843
18826,7.01687
18827,6.0253
18828,5.03373
18829,3.04216
18830,1.00843
18831,11.0084
18832,10.0169
18833,1.0253
18834,8.00843
18835,1.01686
18836,12.0084
18837,18.0084
18838,12.0084
18839,5.01687
18840,1.0253
18841,16.0084
18842,16.0169
18843,18.0084
18844,10.0169
18845,3.0253
18846,1.00843
18847,16.0084
18848,10.0169
18849,15.0084
18850,13.0169
18851,1.0253
18852,14.0084
18853,8.01686
18854,16.0084
18855,15.0169
18856,14.0253
18857,7.00843
18858,5.01687
18859,7.00843
18860,3.01687
18861,8.00843
18862,12.0084
18863,5.01687
18864,5.0253
18865,14.0084
18866,16.0084
18867,3.00843
18868,3.01687
18869,10.0084
18870,5.00843
18871,1.00843
18872,16.0084
18873,8.01686
18874,6.00843
18875,5.01687
18876,3.00843
18877,12.0084
18878,6.01687
18879,13.0084
18880,7.00843
18881,7.00843
18882,10.0084
18883,10.0084
18884,7.01687
18885,5.0253
18886,3.03373
18887,12.0084
18888,20.0084
18889,12.0169
18890,8.0253
18891,5.03373
18892,1.00843
18893,18.0084
18894,14.0169
18895,6.0253
18896,3.00843
18897,1.01686
18898,8.00843
18899,3.01687
18900,6.00843
18901,5.01687
18902,16.0084
18903,12.0084
18904,13.0084
18905,13.0169
18906,9.0253
18907,10.0084
18908,10.0169
18909,9.00843
18910,1.01686
18911,1.0253
18912,1.03373
18913,1.04216
18914,3.00843
18915,9.00843
18916,5.00843
18917,18.0084
18918,17.0169
18919,7.0253
18920,5.03373
18921,10.0084
18922,8.01686
18923,5.00843
18924,3.01687
18925,8.00843
18926,6.01687
18927,1.0253
18928,6.00843
18929,8.00843
18930,1.01686
18931,8.00843
18932,1.01686
18933,8.00843
18934,8.01686
18935,3.0253
18936,7.00843
18937,3.00843
18938,14.0084
18939,1.01686
18940,1.00843
18941,1.00843
18942,5.00843
18943,1.01686
18944,6.00843
18945,3.00843
18946,13.0084
18947,7.01687
18948,7.0253
18949,5.03373
18950,5.00843
18951,3.01687
18952,16.0084
18953,16.0169
18954,15.0253
18955,6.03373
18956,3.04216
18957,8.00843
18958,8.01686
18959,8.0253
18960,7.03373
18961,5.00843
18962,12.0084
18963,6.01687
18964,1.0253
18965,15.0084
18966,13.0169
18967,10.0253
18968,9.03373
18969,13.0084
18970,3.01687
18971,12.0084
18972,12.0169
18973,5.0253
18974,10.0084
18975,8.01686
18976,2.00843
18977,16.0084
18978,7.01687
18979,3.0253
18980,18.0084
18981,8.01686
18982,7.0253
18983,12.0084
18984,10.0084
18985,12.0084
18986,7.01687
18987,8.00843
18988,12.0084
18989,9.01686
18990,8.00843
18991,14.0084
18992,8.00843
18993,1.01686
18994,2.00843
18995,6.00843
18996,12.0084
18997,12.0169
18998,5.0253
18999,17.0084
19000,12.0169
19001,3.0253
19002,3.00843
19003,12.0084
19004,8.01686
19005,12.0084
19006,6.00843
19007,9.00843
19008,15.0084
19009,12.0084
19010,13.0084
19011,12.0169
19012,18.0084
19013,5.00843
19014,10.0084
19015,5.01687
19016,8.00843
19017,3.01687
19018,12.0084
19019,20.0084
19020,10.0169
19021,8.00843
19022,3.01687
19023,19.0084
19024,12.0169
19025,12.0253
19026,3.03373
19027,1.04216
19028,16.0084
19029,10.0084
19030,5.01687
19031,4.0253
19032,2.03373
19033,15.0084
19034,5.01687
19035,12.0084
19036,7.01687
19037,18.0084
19038,8.01686
19039,8.0253
19040,8.03373
19041,1.04216
19042,10.0084
19043,5.01687
19044,14.0084
19045,14.0169
19046,13.0253
19047,10.0337
19048,3.04216
19049,2.00843
19050,2.01687
19051,13.0084
19052,3.01687
19053,14.0084
19054,7.01687
19055,5.0253
19056,5.00843
19057,8.00843
19058,6.01687
19059,18.0084
19060,7.01687
19061,18.0084
19062,16.0169
19063,8.0253
19064,8.03373
19065,6.04216
19066,11.0084
19067,10.0169
19068,10.0253
19069,3.00843
19070,12.0084
19071,1.01686
19072,12.0084
19073,14.0084
19074,3.01687
19075,14.0084
19076,10.0169
19077,1.0253
19078,15.0084
19079,10.0169
19080,7.0253
19081,11.0084
19082,17.0084
19083,12.0169
19084,10.0253
19085,5.03373
19086,10.0084
19087,13.0084
19088,10.0169
19089,4.0253
19090,14.0084
19091,12.0169
19092,8.0253
19093,8.03373
19094,15.0084
19095,9.01686
19096,2.00843
19097,16.0084
19098,15.0169
19099,13.0253
19100,7.03373
19101,16.0084
19102,5.00843
19103,18.0084
19104,6.01687
19105,3.0253
19106,8.00843
19107,18.0084
19108,3.01687
19109,8.00843
19110,8.00843
19111,6.01687
19112,5.0253
19113,12.0084
19114,8.01686
19115,7.0253
19116,13.0084
19117,7.01687
19118,10.0084
19119,1.01686
19120,12.0084
19121,10.0169
19122,1.0253
19123,14.0084
19124,12.0169
19125,13.0084
19126,10.0169
19127,10.0253
19128,3.03373
19129,1.04216
19130,1.05059
19131,14.0084
19132,14.0169
19133,1.0253
19134,16.0084
19135,1.00843
19136,8.00843
19137,7.01687
19138,1.0253
19139,14.0084
19140,3.01687
19141,1.0253
19142,1.03373
19143,1.04216
19144,1.05059
19145,18.0084
19146,8.00843
19147,8.01686
19148,8.00843
19149,7.01687
19150,18.0084
19151,12.0169
19152,10.0253
19153,5.03373
19154,5.04216
19155,2.00843
19156,8.00843
19157,8.01686
19158,13.0084
19159,14.0084
19160,14.0084
19161,3.01687
19162,17.0084
19163,10.0169
19164,18.0084
19165,12.0169
19166,5.0253
19167,5.03373
19168,3.04216
19169,1.05059
19170,19.0084
19171,12.0169
19172,12.0253
19173,18.0084
19174,8.01686
19175,8.0253
19176,20.0084
19177,10.0084
19178,8.00843
19179,8.01686
19180,7.0253
19181,14.0084
19182,10.0169
19183,8.00843
19184,5.01687
19185,1.0253
19186,17.0084
19187,3.00843
19188,15.0084
19189,12.0084
19190,12.0169
19191,14.0084
19192,7.00843
19193,3.01687
19194,9.00843
19195,14.0084
19196,1.00843
19197,1.01686
19198,8.00843
19199,10.0084
19200,4.01687
19201,17.0084
19202,8.01686
19203,5.0253
19204,12.0084
19205,1.00843
19206,6.00843
19207,1.01686
19208,9.00843
19209,7.01687
19210,7.0253
19211,10.0084
19212,8.01686
19213,8.0253
19214,3.00843
19215,12.0084
19216,12.0169
19217,5.0253
19218,13.0084
19219,13.0169
19220,2.0253
19221,11.0084
19222,8.01686
19223,15.0084
19224,10.0084
19225,10.0169
19226,10.0084
19227,8.01686
19228,18.0084
19229,18.0084
19230,1.01686
19231,1.0253
19232,3.00843
19233,16.0084
19234,18.0084
19235,5.01687
19236,5.0253
19237,17.0084
19238,18.0084
19239,10.0169
19240,8.0253
19241,8.03373
19242,3.04216
19243,3.05059
19244,12.0084
19245,17.0084
19246,11.0169
19247,12.0084
19248,12.0169
19249,12.0253
19250,8.03373
19251,3.00843
19252,8.00843
19253,10.0084
19254,18.0084
19255,12.0169
19256,18.0084
19257,14.0169
19258,14.0253
19259,1.03373
19260,9.00843
19261,16.0084
19262,10.0169
19263,10.0253
19264,8.03373
19265,3.04216
19266,5.00843
19267,5.00843
19268,3.00843
19269,8.00843
19270,12.0084
19271,10.0084
19272,18.0084
19273,18.0169
19274,18.0253
19275,12.0337
19276,14.0084
19277,12.0169
19278,14.0084
19279,5.01687
19280,5.0253
19281,3.03373
19282,14.0084
19283,1.01686
19284,17.0084
19285,7.01687
19286,1.0253
19287,16.0084
19288,8.01686
19289,3.0253
19290,10.0084
19291,7.01687
19292,13.0084
19293,11.0169
19294,1.0253
19295,17.0084
19296,8.00843
19297,1.01686
19298,1.0253
19299,1.03373
19300,17.0084
19301,17.0169
19302,16.0084
19303,5.01687
19304,1.0253
19305,5.00843
19306,5.01687
19307,5.0253
19308,13.0084
19309,13.0169
19310,6.0253
19311,14.0084
19312,7.01687
19313,10.0084
19314,10.0169
19315,3.00843
19316,10.0084
19317,10.0169
19318,1.0253
19319,18.0084
19320,20.0084
19321,13.0169
19322,12.0253
19323,12.0337
19324,12.0422
19325,10.0506
19326,10.059
19327,3.06746
19328,1.07589
19329,1.00843
19330,16.0084
19331,14.0169
19332,3.0253
19333,16.0084
19334,3.01687
19335,3.0253
19336,7.00843
19337,4.01687
19338,14.0084
19339,18.0084
19340,7.01687
19341,1.0253
19342,10.0084
19343,10.0169
19344,3.0253
19345,8.00843
19346,8.01686
19347,10.0084
19348,9.01686
19349,3.0253
19350,13.0084
19351,1.01686
19352,13.0084
19353,7.01687
19354,6.0253
19355,3.03373
19356,12.0084
19357,17.0084
19358,8.01686
19359,5.0253
19360,12.0084
19361,7.01687
19362,6.0253
19363,10.0084
19364,5.01687
19365,5.0253
19366,1.03373
19367,12.0084
19368,6.01687
19369,3.0253
19370,3.03373
19371,1.04216
19372,7.00843
19373,18.0084
19374,10.0084
19375,10.0084
19376,7.01687
19377,8.00843
19378,7.00843
19379,1.01686
19380,10.0084
19381,8.01686
19382,3.0253
19383,14.0084
19384,1.01686
19385,1.0253
19386,10.0084
19387,5.01687
19388,19.0084
19389,16.0169
19390,13.0253
19391,11.0337
19392,3.04216
19393,7.00843
19394,18.0084
19395,8.01686
19396,8.0253
19397,5.03373
19398,5.04216
19399,15.0084
19400,8.01686
19401,20.0084
19402,10.0169
19403,18.0084
19404,18.0169
19405,8.0253
19406,8.03373
19407,10.0084
19408,7.01687
19409,19.0084
19410,12.0084
19411,12.0169
19412,15.0084
19413,1.01686
19414,1.0253
19415,20.0084
19416,17.0169
19417,8.0253
19418,1.03373
19419,5.00843
19420,20.0084
19421,14.0084
19422,6.00843
19423,4.01687
19424,2.0253
19425,3.00843
19426,1.00843
19427,1.01686
19428,16.0084
19429,2.01687
19430,7.00843
19431,6.00843
19432,14.0084
19433,20.0084
19434,14.0169
19435,1.0253
19436,1.03373
19437,13.0084
19438,8.01686
19439,5.00843
19440,5.00843
19441,1.00843
19442,1.01686
19443,17.0084
19444,1.01686
19445,3.00843
19446,8.00843
19447,5.01687
19448,7.00843
19449,7.01687
19450,5.0253
19451,18.0084
19452,13.0084
19453,13.0084
19454,10.0169
19455,10.0253
19456,14.0084
19457,16.0084
19458,8.01686
19459,14.0084
19460,14.0084
19461,10.0084
19462,5.01687
19463,16.0084
19464,8.00843
19465,10.0084
19466,8.00843
19467,5.01687
19468,12.0084
19469,14.0084
19470,14.0084
19471,12.0084
19472,9.01686
19473,8.0253
19474,16.0084
19475,16.0169
19476,18.0084
19477,1.01686
19478,8.00843
19479,7.01687
19480,12.0084
19481,3.01687
19482,1.00843
19483,1.01686
19484,10.0084
19485,14.0084
19486,3.01687
19487,6.00843
19488,6.01687
19489,7.00843
19490,1.01686
19491,9.00843
19492,8.01686
19493,7.0253
19494,1.00843
19495,18.0084
19496,5.01687
19497,5.00843
19498,15.0084
19499,13.0169
19500,8.0253
19501,15.0084
19502,12.0169
19503,12.0253
19504,12.0337
19505,12.0422
19506,8.05059
19507,13.0084
19508,10.0169
19509,10.0253
19510,10.0337
19511,1.00843
19512,18.0084
19513,15.0169
19514,8.0253
19515,14.0084
19516,12.0169
19517,14.0084
19518,14.0169
19519,13.0253
19520,1.03373
19521,9.00843
19522,5.01687
19523,15.0084
19524,20.0084
19525,16.0169
19526,14.0084
19527,10.0169
19528,3.0253
19529,19.0084
19530,17.0169
19531,5.0253
19532,3.03373
19533,8.00843
19534,8.00843
19535,7.01687
19536,2.00843
19537,8.00843
19538,12.0084
19539,12.0169
19540,7.0253
19541,14.0084
19542,14.0084
19543,14.0169
19544,17.0084
19545,16.0169
19546,13.0253
19547,8.00843
19548,1.01686
19549,8.00843
19550,8.01686
19551,16.0084
19552,3.01687
19553,8.00843
19554,17.0084
19555,12.0169
19556,20.0084
19557,16.0169
19558,3.00843
19559,17.0084
19560,3.00843
19561,8.00843
19562,17.0084
19563,18.0084
19564,8.01686
19565,8.0253
19566,8.03373
19567,8.04216
19568,3.00843
19569,3.00843
19570,8.00843
19571,3.01687
19572,12.0084
19573,10.0169
19574,13.0084
19575,10.0169
19576,5.0253
19577,1.03373
19578,6.00843
19579,5.01687
19580,13.0084
19581,8.01686
19582,1.0253
19583,10.0084
19584,3.01687
19585,18.0084
19586,7.01687
19587,6.00843
19588,12.0084
19589,12.0084
19590,8.01686
19591,1.0253
19592,14.0084
19593,7.01687
19594,7.0253
19595,7.03373
19596,5.04216
19597,12.0084
19598,8.01686
19599,8.0253
19600,8.03373
19601,8.04216
19602,5.05059
19603,3.05903
19604,3.06746
19605,12.0084
19606,6.01687
19607,12.0084
19608,7.01687
19609,8.00843
19610,1.01686
19611,12.0084
19612,10.0169
19613,16.0084
19614,7.01687
19615,12.0084
19616,15.0084
19617,15.0169
19618,5.0253
19619,1.03373
19620,18.0084
19621,13.0169
19622,12.0084
19623,1.01686
19624,18.0084
19625,18.0169
19626,18.0253
19627,8.03373
19628,16.0084
19629,9.01686
19630,1.0253
19631,20.0084
19632,2.00843
19633,19.0084
19634,1.01686
19635,18.0084
19636,5.01687
19637,3.00843
19638,3.01687
19639,1.0253
19640,18.0084
19641,3.01687
19642,3.00843
19643,1.01686
19644,5.00843
19645,5.01687
19646,3.00843
19647,18.0084
19648,11.0169
19649,5.0253
19650,5.03373
19651,3.00843
19652,3.00843
19653,8.00843
19654,8.01686
19655,5.0253
19656,5.03373
19657,12.0084
19658,10.0169
19659,8.0253
19660,17.0084
19661,1.01686
19662,1.0253
19663,1.03373
19664,12.0084
19665,3.01687
19666,1.0253
19667,13.0084
19668,8.01686
19669,8.0253
19670,18.0084
19671,16.0169
19672,14.0253
19673,3.03373
19674,12.0084
19675,12.0169
19676,5.0253
19677,16.0084
19678,12.0169
19679,8.0253
19680,8.03373
19681,2.04216
19682,18.0084
19683,7.01687
19684,15.0084
19685,12.0169
19686,9.00843
19687,4.00843
19688,3.01687
19689,14.0084
19690,8.01686
19691,1.0253
19692,4.00843
19693,1.01686
19694,3.00843
19695,17.0084
19696,17.0169
19697,9.00843
19698,18.0084
19699,10.0169
19700,9.0253
19701,18.0084
19702,10.0084
19703,10.0169
19704,8.0253
19705,8.03373
19706,16.0084
19707,16.0084
19708,14.0169
19709,12.0253
19710,13.0084
19711,14.0084
19712,10.0084
19713,20.0084
19714,13.0169
19715,12.0253
19716,8.03373
19717,5.00843
19718,13.0084
19719,3.01687
19720,1.0253
19721,1.00843
19722,5.00843
19723,2.01687
19724,7.00843
19725,3.01687
19726,8.00843
19727,10.0084
19728,8.00843
19729,16.0084
19730,10.0169
19731,9.0253
19732,5.03373
19733,3.04216
19734,12.0084
19735,5.01687
19736,4.0253
19737,1.03373
19738,1.04216
19739,1.00843
19740,7.00843
19741,13.0084
19742,13.0169
19743,8.0253
19744,8.03373
19745,8.04216
19746,5.00843
19747,3.01687
19748,14.0084
19749,8.01686
19750,8.0253
19751,10.0084
19752,14.0084
19753,14.0169
19754,7.0253
19755,6.03373
19756,3.04216
19757,10.0084
19758,1.00843
19759,10.0084
19760,1.00843
19761,10.0084
19762,6.01687
19763,3.0253
19764,2.03373
19765,20.0084
19766,20.0169
19767,10.0253
19768,6.03373
19769,5.04216
19770,1.05059
19771,12.0084
19772,15.0084
19773,5.01687
19774,16.0084
19775,10.0084
19776,7.01687
19777,7.0253
19778,6.03373
19779,1.04216
19780,16.0084
19781,16.0169
19782,12.0253
19783,9.03373
19784,8.04216
19785,8.05059
19786,5.05903
19787,1.06746
19788,18.0084
19789,18.0169
19790,20.0084
19791,18.0169
19792,16.0253
19793,7.03373
19794,10.0084
19795,8.01686
19796,18.0084
19797,8.00843
19798,8.00843
19799,2.01687
19800,19.0084
19801,12.0169
19802,10.0253
19803,5.03373
19804,12.0084
19805,7.01687
19806,5.0253
19807,8.00843
19808,1.01686
19809,7.00843
19810,16.0084
19811,5.00843
19812,2.00843
19813,16.0084
19814,18.0084
19815,17.0169
19816,5.0253
19817,14.0084
19818,5.01687
19819,2.0253
19820,19.0084
19821,16.0169
19822,12.0253
19823,12.0084
19824,5.00843
19825,7.00843
19826,1.01686
19827,7.00843
19828,1.01686
19829,2.00843
19830,10.0084
19831,3.01687
19832,1.00843
19833,16.0084
19834,7.01687
19835,2.0253
19836,8.00843
19837,8.01686
19838,7.0253
19839,16.0084
19840,14.0169
19841,8.0253
19842,8.03373
19843,8.00843
19844,5.01687
19845,17.0084
19846,10.0169
19847,9.0253
19848,5.03373
19849,18.0084
19850,13.0084
19851,8.01686
19852,8.0253
19853,7.03373
19854,8.00843
19855,5.00843
19856,1.00843
19857,12.0084
19858,12.0169
19859,12.0253
19860,18.0084
19861,9.01686
19862,5.0253
19863,10.0084
19864,2.00843
19865,18.0084
19866,18.0169
19867,8.0253
19868,12.0084
19869,1.01686
19870,7.00843
19871,12.0084
19872,12.0169
19873,7.0253
19874,13.0084
19875,10.0169
19876,5.0253
19877,2.03373
19878,14.0084
19879,10.0084
19880,8.01686
19881,8.0253
19882,8.03373
19883,7.04216
19884,16.0084
19885,8.01686
19886,5.0253
19887,5.03373
19888,5.04216
19889,14.0084
19890,3.01687
19891,16.0084
19892,16.0169
19893,1.0253
19894,19.0084
19895,12.0084
19896,18.0084
19897,15.0084
19898,5.01687
19899,5.0253
19900,3.03373
19901,7.00843
19902,1.00843
19903,2.00843
19904,5.00843
19905,3.01687
19906,7.00843
19907,7.01687
19908,1.0253
19909,6.00843
19910,3.01687
19911,7.00843
19912,3.01687
19913,16.0084
19914,8.01686
19915,8.0253
19916,8.03373
19917,7.04216
19918,8.00843
19919,7.01687
19920,5.0253
19921,8.00843
19922,8.01686
19923,5.0253
19924,1.03373
19925,8.00843
19926,3.01687
19927,3.0253
19928,3.03373
19929,7.00843
19930,3.01687
19931,7.00843
19932,10.0084
19933,7.01687
19934,7.0253
19935,7.03373
19936,6.04216
19937,10.0084
19938,18.0084
19939,16.0169
19940,14.0253
19941,5.03373
19942,5.04216
19943,10.0084
19944,18.0084
19945,12.0169
19946,8.00843
19947,1.01686
19948,18.0084
19949,14.0169
19950,14.0253
19951,12.0084
19952,10.0169
19953,1.0253
19954,16.0084
19955,13.0169
19956,16.0084
19957,18.0084
19958,1.01686
19959,14.0084
19960,8.01686
19961,5.0253
19962,15.0084
19963,9.01686
19964,8.0253
19965,8.03373
19966,17.0084
19967,5.01687
19968,1.0253
19969,20.0084
19970,15.0084
19971,8.01686
19972,16.0084
19973,16.0169
19974,12.0253
19975,10.0337
19976,10.0422
19977,3.00843
19978,5.00843
19979,19.0084
19980,7.01687
19981,17.0084
19982,12.0169
19983,3.0253
19984,8.00843
19985,8.01686
19986,7.0253
19987,10.0084
19988,10.0169
19989,7.0253
19990,7.03373
19991,12.0084
19992,1.01686
19993,10.0084
19994,8.00843
19995,12.0084
19996,3.00843
19997,1.01686
19998,14.0084
19999,5.01687
20000,14.0084
20001,3.01687
20002,3.0253
20003,8.00843
20004,3.01687
20005,7.00843
20006,10.0084
20007,5.01687
20008,1.0253
20009,1.03373
20010,8.00843
20011,18.0084
20012,16.0169
20013,8.0253
20014,19.0084
20015,8.01686
20016,8.00843
20017,8.00843
20018,12.0084
20019,6.01687
20020,18.0084
20021,14.0169
20022,13.0253
20023,14.0084
20024,8.01686
20025,5.0253
20026,20.0084
20027,16.0084
20028,19.0084
20029,18.0169
20030,8.0253
20031,7.00843
20032,5.01687
20033,19.0084
20034,8.01686
20035,14.0084
20036,10.0084
20037,5.01687
20038,2.00843
20039,6.00843
20040,5.01687
20041,10.0084
20042,7.01687
20043,1.0253
20044,14.0084
20045,14.0084
20046,10.0084
20047,18.0084
20048,14.0169
20049,7.0253
20050,8.00843
20051,16.0084
20052,17.0084
20053,1.01686
20054,16.0084
20055,14.0169
20056,13.0253
20057,14.0084
20058,7.00843
20059,1.01686
20060,5.00843
20061,3.00843
20062,3.01687
20063,14.0084
20064,8.01686
20065,8.0253
20066,5.03373
20067,1.00843
20068,5.00843
20069,14.0084
20070,4.01687
20071,1.00843
20072,20.0084
20073,8.01686
20074,1.0253
20075,12.0084
20076,7.01687
20077,5.00843
20078,13.0084
20079,5.01687
20080,1.0253
20081,1.03373
20082,7.00843
20083,5.01687
20084,13.0084
20085,12.0169
20086,8.0253
20087,1.03373
20088,7.00843
20089,4.01687
20090,16.0084
20091,3.01687
20092,1.0253
20093,3.00843
20094,18.0084
20095,18.0169
20096,16.0253
20097,10.0337
20098,18.0084
20099,17.0169
20100,13.0253
20101,12.0337
20102,7.04216
20103,6.05059
20104,5.05903
20105,7.00843
20106,5.01687
20107,1.0253
20108,8.00843
20109,7.01687
20110,3.0253
20111,12.0084
20112,1.01686
20113,7.00843
20114,19.0084
20115,13.0169
20116,11.0253
20117,12.0084
20118,7.01687
20119,6.0253
20120,5.03373
20121,5.00843
20122,20.0084
20123,19.0169
20124,8.00843
20125,5.01687
20126,14.0084
20127,5.01687
20128,5.0253
20129,17.0084
20130,7.01687
20131,7.0253
20132,6.03373
20133,3.00843
20134,10.0084
20135,16.0084
20136,6.01687
20137,16.0084
20138,5.01687
20139,19.0084
20140,7.00843
20141,1.01686
20142,16.0084
20143,17.0084
20144,3.01687
20145,18.0084
20146,12.0169
20147,12.0084
20148,10.0169
20149,5.00843
20150,16.0084
20151,5.01687
20152,10.0084
20153,7.01687
20154,7.0253
20155,7.03373
20156,17.0084
20157,1.01686
20158,18.0084
20159,8.01686
20160,1.0253
20161,12.0084
20162,5.01687
20163,10.0084
20164,1.01686
20165,1.0253
20166,1.03373
20167,3.00843
20168,2.01687
20169,1.0253
20170,14.0084
20171,10.0084
20172,10.0084
20173,10.0169
20174,10.0253
20175,5.03373
20176,5.04216
20177,5.05059
20178,18.0084
20179,16.0084
20180,10.0169
20181,12.0084
20182,18.0084
20183,14.0169
20184,19.0084
20185,10.0169
20186,8.0253
20187,1.03373
20188,1.04216
20189,1.05059
20190,12.0084
20191,5.01687
20192,1.0253
20193,16.0084
20194,12.0169
20195,2.0253
20196,1.03373
20197,12.0084
20198,10.0169
20199,5.0253
20200,5.03373
20201,16.0084
20202,10.0169
20203,7.0253
20204,5.03373
20205,10.0084
20206,7.01687
20207,7.0253
20208,3.03373
20209,10.0084
20210,8.01686
20211,8.0253
20212,8.03373
20213,8.04216
20214,12.0084
20215,10.0169
20216,9.0253
20217,9.03373
20218,16.0084
20219,10.0169
20220,3.0253
20221,1.03373
20222,14.0084
20223,14.0084
20224,14.0169
20225,10.0253
20226,18.0084
20227,14.0169
20228,18.0084
20229,17.0169
20230,15.0253
20231,8.03373
20232,8.04216
20233,10.0084
20234,1.01686
20235,6.00843
20236,5.01687
20237,16.0084
20238,3.01687
20239,8.00843
20240,7.00843
20241,7.01687
20242,3.00843
20243,17.0084
20244,3.01687
20245,1.0253
20246,3.00843
20247,1.01686
20248,13.0084
20249,7.00843
20250,16.0084
20251,16.0169
20252,7.0253
20253,7.00843
20254,10.0084
20255,10.0169
20256,1.0253
20257,1.00843
20258,9.00843
20259,13.0084
20260,14.0084
20261,1.01686
20262,14.0084
20263,10.0169
20264,7.0253
20265,8.00843
20266,6.01687
20267,1.0253
20268,8.00843
20269,20.0084
20270,5.01687
20271,3.0253
20272,1.00843
20273,10.0084
20274,8.00843
20275,7.01687
20276,3.0253
20277,9.00843
20278,3.00843
20279,2.01687
20280,8.00843
20281,18.0084
20282,16.0169
20283,13.0253
20284,1.00843
20285,1.01686
20286,1.0253
20287,17.0084
20288,16.0169
20289,8.0253
20290,16.0084
20291,1.00843
20292,20.0084
20293,13.0084
20294,5.01687
20295,5.00843
20296,12.0084
20297,8.00843
20298,10.0084
20299,7.01687
20300,3.00843
20301,1.01686
20302,7.00843
20303,8.00843
20304,1.01686
20305,1.0253
20306,18.0084
20307,9.01686
20308,8.0253
20309,14.0084
20310,8.01686
20311,14.0084
20312,12.0084
20313,15.0084
20314,18.0084
20315,18.0169
20316,18.0084
20317,1.01686
20318,1.0253
20319,7.00843
20320,5.00843
20321,1.01686
20322,1.0253
20323,8.00843
20324,4.00843
20325,10.0084
20326,7.01687
20327,5.0253
20328,10.0084
20329,5.01687
20330,10.0084
20331,8.01686
20332,1.0253
20333,11.0084
20334,11.0169
20335,3.0253
20336,1.03373
20337,3.00843
20338,14.0084
20339,10.0084
20340,5.01687
20341,8.00843
20342,7.00843
20343,1.01686
20344,10.0084
20345,8.01686
20346,8.0253
20347,10.0084
20348,3.01687
20349,2.0253
20350,12.0084
20351,12.0084
20352,6.01687
20353,13.0084
20354,6.01687
20355,15.0084
20356,10.0169
20357,8.0253
20358,18.0084
20359,17.0169
20360,10.0253
20361,12.0084
20362,12.0084
20363,13.0084
20364,13.0169
20365,1.0253
20366,1.03373
20367,10.0084
20368,10.0169
20369,5.0253
20370,1.03373
20371,5.00843
20372,8.00843
20373,8.01686
20374,7.00843
20375,5.01687
20376,5.0253
20377,20.0084
20378,16.0084
20379,7.01687
20380,7.0253
20381,13.0084
20382,2.00843
20383,2.01687
20384,10.0084
20385,3.01687
20386,10.0084
20387,13.0084
20388,18.0084
20389,13.0169
20390,7.0253
20391,14.0084
20392,8.01686
20393,10.0084
20394,10.0169
20395,7.0253
20396,7.00843
20397,12.0084
20398,8.01686
20399,1.0253
20400,12.0084
20401,8.01686
20402,14.0084
20403,16.0084
20404,12.0169
20405,2.0253
20406,13.0084
20407,3.00843
20408,17.0084
20409,17.0084
20410,10.0169
20411,10.0253
20412,5.00843
20413,3.01687
20414,2.00843
20415,13.0084
20416,8.01686
20417,14.0084
20418,1.01686
20419,10.0084
20420,3.01687
20421,19.0084
20422,1.01686
20423,16.0084
20424,10.0169
20425,2.0253
20426,1.03373
20427,11.0084
20428,10.0169
20429,7.0253
20430,3.03373
20431,5.00843
20432,12.0084
20433,7.01687
20434,3.0253
20435,13.0084
20436,5.01687
20437,8.00843
20438,7.01687
20439,7.0253
20440,16.0084
20441,16.0169
20442,8.00843
20443,8.01686
20444,15.0084
20445,5.01687
20446,3.0253
20447,1.03373
20448,13.0084
20449,16.0084
20450,14.0169
20451,13.0253
20452,8.03373
20453,1.04216
20454,1.05059
20455,14.0084
20456,12.0169
20457,8.0253
20458,8.03373
20459,7.04216
20460,18.0084
20461,17.0169
20462,3.0253
20463,3.03373
20464,10.0084
20465,5.01687
20466,8.00843
20467,3.01687
20468,1.0253
20469,14.0084
20470,14.0084
20471,9.01686
20472,2.0253
20473,10.0084
20474,10.0169
20475,10.0253
20476,3.03373
20477,12.0084
20478,11.0169
20479,7.0253
20480,12.0084
20481,12.0169
20482,12.0253
20483,7.03373
20484,6.00843
20485,14.0084
20486,8.01686
20487,7.0253
20488,10.0084
20489,8.01686
20490,8.0253
20491,8.00843
20492,15.0084
20493,10.0169
20494,10.0253
20495,10.0084
20496,14.0084
20497,10.0169
20498,1.0253
20499,1.00843
20500,14.0084
20501,3.00843
20502,3.01687
20503,18.0084
20504,5.01687
20505,11.0084
20506,5.01687
20507,7.00843
20508,2.00843
20509,10.0084
20510,5.00843
20511,16.0084
20512,12.0169
20513,1.0253
20514,8.00843
20515,1.01686
20516,10.0084
20517,14.0084
20518,7.01687
20519,18.0084
20520,7.00843
20521,5.01687
20522,1.0253
20523,17.0084
20524,7.00843
20525,7.00843
20526,1.01686
20527,9.00843
20528,5.01687
20529,14.0084
20530,3.01687
20531,10.0084
20532,3.01687
20533,9.00843
20534,16.0084
20535,12.0169
20536,7.00843
20537,3.01687
20538,15.0084
20539,18.0084
20540,1.01686
20541,8.00843
20542,8.00843
20543,10.0084
20544,10.0169
20545,1.0253
20546,17.0084
20547,12.0084
20548,8.01686
20549,3.0253
20550,1.03373
20551,1.04216
20552,18.0084
20553,12.0169
20554,12.0253
20555,8.03373
20556,5.04216
20557,1.05059
20558,7.00843
20559,8.00843
20560,1.00843
20561,10.0084
20562,5.01687
20563,10.0084
20564,7.01687
20565,14.0084
20566,1.01686
20567,14.0084
20568,1.00843
20569,12.0084
20570,8.01686
20571,4.0253
20572,3.00843
20573,1.01686
20574,5.00843
20575,8.00843
20576,7.01687
20577,6.0253
20578,1.03373
20579,7.00843
20580,8.00843
20581,1.01686
20582,2.00843
20583,1.01686
20584,12.0084
20585,12.0169
20586,5.0253
20587,5.03373
20588,8.00843
20589,7.00843
20590,1.01686
20591,3.00843
20592,19.0084
20593,10.0169
20594,9.0253
20595,8.03373
20596,3.04216
20597,2.05059
20598,1.05903
20599,1.06746
20600,12.0084
20601,2.01687
20602,12.0084
20603,12.0169
20604,10.0084
20605,5.00843
20606,5.01687
20607,13.0084
20608,1.01686
20609,7.00843
20610,7.01687
20611,16.0084
20612,16.0169
20613,14.0253
20614,8.03373
20615,15.0084
20616,6.00843
20617,3.01687
20618,18.0084
20619,5.00843
20620,10.0084
20621,2.01687
20622,16.0084
20623,3.01687
20624,12.0084
20625,5.01687
20626,10.0084
20627,5.01687
20628,7.00843
20629,1.01686
20630,16.0084
20631,5.01687
20632,3.00843
20633,1.01686
20634,8.00843
20635,8.01686
20636,5.0253
20637,8.00843
20638,5.01687
20639,14.0084
20640,6.01687
20641,15.0084
20642,15.0169
20643,10.0253
20644,8.03373
20645,3.04216
20646,12.0084
20647,10.0169
20648,3.0253
20649,18.0084
20650,15.0169
20651,14.0084
20652,13.0169
20653,18.0084
20654,15.0169
20655,10.0253
20656,7.03373
20657,7.00843
20658,7.01687
20659,1.0253
20660,18.0084
20661,10.0169
20662,20.0084
20663,18.0169
20664,3.00843
20665,1.00843
20666,13.0084
20667,6.01687
20668,5.0253
20669,6.00843
20670,2.01687
20671,9.00843
20672,8.01686
20673,1.0253
20674,16.0084
20675,13.0084
20676,8.01686
20677,17.0084
20678,7.01687
20679,5.0253
20680,20.0084
20681,8.01686
20682,2.00843
20683,8.00843
20684,7.00843
20685,5.01687
20686,14.0084
20687,3.01687
20688,12.0084
20689,16.0084
20690,13.0169
20691,5.0253
20692,18.0084
20693,14.0169
20694,3.0253
20695,3.00843
20696,3.01687
20697,16.0084
20698,8.01686
20699,8.0253
20700,14.0084
20701,1.01686
20702,14.0084
20703,3.01687
20704,10.0084
20705,10.0169
20706,2.00843
20707,1.01686
20708,20.0084
20709,10.0169
20710,8.0253
20711,5.03373
20712,14.0084
20713,10.0169
20714,8.0253
20715,8.03373
20716,8.04216
20717,7.05059
20718,5.05903
20719,13.0084
20720,5.01687
20721,1.0253
20722,5.00843
20723,17.0084
20724,12.0169
20725,8.00843
20726,7.00843
20727,14.0084
20728,5.01687
20729,5.0253
20730,16.0084
20731,2.01687
20732,17.0084
20733,7.00843
20734,5.00843
20735,5.01687
20736,13.0084
20737,10.0169
20738,10.0253
20739,3.03373
20740,4.00843
20741,14.0084
20742,12.0169
20743,12.0084
20744,5.00843
20745,10.0084
20746,8.01686
20747,7.0253
20748,2.03373
20749,7.00843
20750,14.0084
20751,17.0084
20752,8.00843
20753,6.01687
20754,5.0253
20755,3.03373
20756,14.0084
20757,1.01686
20758,10.0084
20759,8.01686
20760,12.0084
20761,12.0169
20762,10.0253
20763,5.00843
20764,5.01687
20765,5.0253
20766,7.00843
20767,1.01686
20768,8.00843
20769,3.01687
20770,18.0084
20771,10.0169
20772,10.0253
20773,1.03373
20774,12.0084
20775,12.0169
20776,8.00843
20777,7.01687
20778,5.0253
20779,8.00843
20780,15.0084
20781,7.01687
20782,16.0084
20783,10.0169
20784,3.00843
20785,8.00843
20786,16.0084
20787,14.0169
20788,5.0253
20789,16.0084
20790,10.0169
20791,18.0084
20792,10.0169
20793,16.0084
20794,8.01686
20795,14.0084
20796,20.0084
20797,1.01686
20798,18.0084
20799,12.0169
20800,3.0253
20801,5.00843
20802,14.0084
20803,3.01687
20804,3.00843
20805,5.00843
20806,1.01686
20807,7.00843
20808,7.00843
20809,10.0084
20810,9.01686
20811,8.0253
20812,8.03373
20813,2.04216
20814,12.0084
20815,10.0169
20816,10.0253
20817,1.03373
20818,9.00843
20819,5.00843
20820,1.01686
20821,14.0084
20822,10.0169
20823,2.0253
20824,12.0084
20825,3.01687
20826,1.0253
20827,1.00843
20828,8.00843
20829,8.01686
20830,7.00843
20831,5.01687
20832,3.0253
20833,1.03373
20834,19.0084
20835,8.01686
20836,8.0253
20837,1.03373
20838,8.00843
20839,1.00843
20840,8.00843
20841,14.0084
20842,14.0169
20843,14.0253
20844,12.0337
20845,8.04216
20846,1.00843
20847,8.00843
20848,18.0084
20849,12.0169
20850,5.0253
20851,12.0084
20852,12.0169
20853,8.0253
20854,8.03373
20855,15.0084
20856,12.0169
20857,12.0084
20858,3.01687
20859,1.0253
20860,1.03373
20861,16.0084
20862,10.0084
20863,7.01687
20864,3.0253
20865,17.0084
20866,5.01687
20867,1.0253
20868,7.00843
20869,5.01687
20870,12.0084
20871,16.0084
20872,15.0169
20873,8.0253
20874,1.03373
20875,1.00843
20876,12.0084
20877,5.01687
20878,20.0084
20879,19.0169
20880,10.0084
20881,5.01687
20882,5.00843
20883,3.00843
20884,7.00843
20885,13.0084
20886,10.0084
20887,10.0169
20888,10.0084
20889,12.0084
20890,7.01687
20891,7.0253
20892,5.03373
20893,1.04216
20894,1.05059
20895,8.00843
20896,8.01686
20897,16.0084
20898,12.0169
20899,13.0084
20900,16.0084
20901,14.0169
20902,6.0253
20903,16.0084
20904,1.01686
20905,18.0084
20906,18.0169
20907,3.0253
20908,3.03373
20909,3.04216
20910,4.00843
20911,13.0084
20912,5.01687
20913,1.00843
20914,1.01686
20915,9.00843
20916,16.0084
20917,14.0169
20918,12.0253
20919,12.0084
20920,20.0084
20921,14.0169
20922,12.0253
20923,12.0337
20924,8.04216
20925,3.05059
20926,14.0084
20927,5.01687
20928,12.0084
20929,5.01687
20930,1.0253
20931,1.03373
20932,1.04216
20933,1.00843
20934,7.00843
20935,1.01686
20936,15.0084
20937,10.0169
20938,10.0253
20939,3.03373
20940,18.0084
20941,5.01687
20942,1.0253
20943,17.0084
20944,8.01686
20945,6.0253
20946,18.0084
20947,14.0169
20948,7.0253
20949,5.03373
20950,5.04216
20951,8.00843
20952,5.01687
20953,6.00843
20954,10.0084
20955,10.0169
20956,12.0084
20957,8.01686
20958,2.0253
20959,5.00843
20960,5.01687
20961,3.0253
20962,15.0084
20963,5.01687
20964,8.00843
20965,8.01686
20966,5.00843
20967,3.01687
20968,1.00843
20969,1.01686
20970,20.0084
20971,16.0169
20972,1.0253
20973,18.0084
20974,3.00843
20975,8.00843
20976,15.0084
20977,10.0084
20978,8.00843
20979,18.0084
20980,5.01687
20981,2.00843
20982,10.0084
20983,6.01687
20984,8.00843
20985,13.0084
20986,7.01687
20987,3.0253
20988,12.0084
20989,10.0169
20990,16.0084
20991,14.0169
20992,5.0253
20993,18.0084
20994,6.01687
20995,17.0084
20996,18.0084
20997,12.0169
20998,12.0084
20999,18.0084
21000,8.01686
21001,18.0084
21002,7.01687
21003,16.0084
21004,8.01686
21005,18.0084
21006,18.0084
21007,18.0169
21008,14.0253
21009,15.0084
21010,16.0084
21011,2.00843
21012,1.01686
21013,1.0253
21014,3.00843
21015,15.0084
21016,5.01687
21017,3.0253
21018,10.0084
21019,8.00843
21020,8.00843
21021,8.01686
21022,10.0084
21023,5.01687
21024,7.00843
21025,10.0084
21026,7.00843
21027,18.0084
21028,8.00843
21029,7.00843
21030,6.01687
21031,5.0253
21032,8.00843
21033,1.00843
21034,12.0084
21035,7.01687
21036,13.0084
21037,12.0169
21038,8.0253
21039,7.03373
21040,10.0084
21041,10.0084
21042,12.0084
21043,16.0084
21044,7.01687
21045,5.0253
21046,13.0084
21047,14.0084
21048,8.01686
21049,1.0253
21050,12.0084
21051,7.01687
21052,5.0253
21053,8.00843
21054,8.01686
21055,3.0253
21056,19.0084
21057,17.0169
21058,16.0253
21059,12.0337
21060,3.04216
21061,19.0084
21062,10.0169
21063,7.00843
21064,14.0084
21065,14.0169
21066,13.0253
21067,8.03373
21068,1.00843
21069,3.00843
21070,5.00843
21071,3.01687
21072,1.0253
21073,12.0084
21074,5.01687
21075,5.0253
21076,8.00843
21077,2.01687
21078,12.0084
21079,9.01686
21080,8.0253
21081,10.0084
21082,4.00843
21083,3.01687
21084,5.00843
21085,12.0084
21086,10.0169
21087,5.0253
21088,5.03373
21089,10.0084
21090,7.01687
21091,8.00843
21092,5.01687
21093,1.0253
21094,17.0084
21095,16.0169
21096,16.0084
21097,14.0169
21098,20.0084
21099,7.01687
21100,3.0253
21101,1.03373
21102,12.0084
21103,8.01686
21104,20.0084
21105,2.01687
21106,6.00843
21107,5.01687
21108,1.0253
21109,10.0084
21110,10.0169
21111,10.0253
21112,7.03373
21113,10.0084
21114,13.0084
21115,5.01687
21116,5.0253
21117,5.03373
21118,14.0084
21119,8.01686
21120,10.0084
21121,10.0084
21122,7.01687
21123,20.0084
21124,12.0169
21125,16.0084
21126,14.0169
21127,7.0253
21128,1.03373
21129,14.0084
21130,8.01686
21131,10.0084
21132,5.00843
21133,19.0084
21134,17.0169
21135,12.0253
21136,10.0337
21137,2.00843
21138,1.01686
21139,8.00843
21140,5.00843
21141,3.01687
21142,14.0084
21143,14.0169
21144,1.0253
21145,5.00843
21146,8.00843
21147,12.0084
21148,9.01686
21149,16.0084
21150,20.0084
21151,7.01687
21152,8.00843
21153,12.0084
21154,9.01686
21155,19.0084
21156,16.0084
21157,3.01687
21158,3.00843
21159,3.01687
21160,14.0084
21161,10.0169
21162,16.0084
21163,15.0169
21164,20.0084
21165,8.00843
21166,1.00843
21167,19.0084
21168,7.00843
21169,5.01687
21170,8.00843
21171,12.0084
21172,10.0084
21173,7.01687
21174,12.0084
21175,18.0084
21176,10.0169
21177,5.0253
21178,5.00843
21179,4.01687
21180,12.0084
21181,10.0169
21182,8.00843
21183,1.01686
21184,1.0253
21185,17.0084
21186,10.0169
21187,1.0253
21188,8.00843
21189,3.01687
21190,2.0253
21191,5.00843
21192,7.00843
21193,16.0084
21194,1.01686
21195,10.0084
21196,3.00843
21197,1.01686
21198,13.0084
21199,8.01686
21200,14.0084
21201,10.0169
21202,6.0253
21203,15.0084
21204,5.01687
21205,17.0084
21206,10.0169
21207,5.0253
21208,1.03373
21209,8.00843
21210,20.0084
21211,18.0084
21212,12.0169
21213,8.0253
21214,18.0084
21215,5.01687
21216,5.0253
21217,16.0084
21218,16.0084
21219,9.01686
21220,10.0084
21221,5.01687
21222,3.0253
21223,13.0084
21224,12.0169
21225,11.0253
21226,8.03373
21227,7.04216
21228,6.00843
21229,5.01687
21230,5.0253
21231,14.0084
21232,13.0169
21233,8.0253
21234,8.00843
21235,8.01686
21236,7.0253
21237,4.03373
21238,16.0084
21239,7.00843
21240,10.0084
21241,8.01686
21242,8.0253
21243,3.03373
21244,14.0084
21245,10.0169
21246,7.00843
21247,7.01687
21248,14.0084
21249,8.01686
21250,10.0084
21251,3.01687
21252,13.0084
21253,6.01687
21254,12.0084
21255,12.0169
21256,1.00843
21257,1.00843
21258,1.00843
21259,18.0084
21260,13.0169
21261,8.00843
21262,14.0084
21263,8.01686
21264,7.00843
21265,5.00843
21266,1.01686
21267,3.00843
21268,8.00843
21269,3.01687
21270,1.0253
21271,3.00843
21272,2.01687
21273,1.0253
21274,3.00843
21275,8.00843
21276,8.01686
21277,5.0253
21278,6.00843
21279,18.0084
21280,16.0084
21281,12.0169
21282,10.0084
21283,8.01686
21284,5.0253
21285,12.0084
21286,13.0084
21287,12.0169
21288,15.0084
21289,14.0169
21290,14.0253
21291,14.0084
21292,13.0169
21293,1.0253
21294,10.0084
21295,14.0084
21296,11.0169
21297,1.0253
21298,1.03373
21299,3.00843
21300,1.01686
21301,13.0084
21302,6.01687
21303,7.00843
21304,10.0084
21305,5.01687
21306,5.0253
21307,14.0084
21308,12.0084
21309,12.0169
21310,16.0084
21311,8.01686
21312,8.0253
21313,8.03373
21314,12.0084
21315,3.01687
21316,13.0084
21317,13.0169
21318,10.0253
21319,12.0084
21320,11.0169
21321,10.0253
21322,17.0084
21323,6.01687
21324,12.0084
21325,8.01686
21326,2.0253
21327,1.03373
21328,8.00843
21329,5.00843
21330,16.0084
21331,6.00843
21332,5.01687
21333,18.0084
21334,18.0169
21335,18.0253
21336,7.00843
21337,3.01687
21338,10.0084
21339,15.0084
21340,10.0169
21341,10.0253
21342,3.03373
21343,10.0084
21344,9.01686
21345,8.00843
21346,14.0084
21347,13.0169
21348,12.0253
21349,8.03373
21350,16.0084
21351,2.01687
21352,10.0084
21353,8.00843
21354,12.0084
21355,15.0084
21356,8.01686
21357,18.0084
21358,16.0169
21359,16.0084
21360,10.0169
21361,3.0253
21362,8.00843
21363,12.0084
21364,7.00843
21365,12.0084
21366,3.01687
21367,2.0253
21368,16.0084
21369,16.0169
21370,16.0253
21371,1.03373
21372,1.04216
21373,15.0084
21374,3.00843
21375,2.00843
21376,13.0084
21377,1.01686
21378,14.0084
21379,9.01686
21380,5.0253
21381,8.00843
21382,7.00843
21383,17.0084
21384,13.0169
21385,3.0253
21386,12.0084
21387,1.01686
21388,18.0084
21389,20.0084
21390,1.00843
21391,13.0084
21392,8.01686
21393,4.0253
21394,18.0084
21395,18.0169
21396,19.0084
21397,17.0169
21398,12.0253
21399,10.0084
21400,4.00843
21401,5.00843
21402,13.0084
21403,12.0169
21404,1.00843
21405,18.0084
21406,10.0169
21407,5.0253
21408,1.00843
21409,1.01686
21410,1.0253
21411,1.00843
21412,1.00843
21413,7.00843
21414,16.0084
21415,8.00843
21416,7.00843
21417,8.00843
21418,3.01687
21419,13.0084
21420,1.01686
21421,12.0084
21422,12.0084
21423,1.01686
21424,8.00843
21425,3.01687
21426,1.0253
21427,1.03373
21428,10.0084
21429,8.01686
21430,10.0084
21431,5.01687
21432,1.0253
21433,14.0084
21434,12.0169
21435,10.0253
21436,1.03373
21437,1.04216
21438,7.00843
21439,3.00843
21440,8.00843
21441,8.01686
21442,5.0253
21443,1.00843
21444,17.0084
21445,18.0084
21446,16.0169
21447,3.0253
21448,14.0084
21449,8.01686
21450,8.0253
21451,18.0084
21452,13.0169
21453,9.0253
21454,5.03373
21455,17.0084
21456,10.0169
21457,8.0253
21458,6.03373
21459,4.04216
21460,3.00843
21461,16.0084
21462,5.00843
21463,10.0084
21464,6.01687
21465,5.00843
21466,1.01686
21467,10.0084
21468,3.00843
21469,18.0084
21470,16.0169
21471,10.0253
21472,7.03373
21473,7.04216
21474,15.0084
21475,13.0169
21476,7.0253
21477,1.03373
21478,18.0084
21479,7.01687
21480,7.0253
21481,13.0084
21482,7.01687
21483,5.0253
21484,3.03373
21485,12.0084
21486,12.0169
21487,10.0253
21488,8.03373
21489,8.04216
21490,3.05059
21491,18.0084
21492,15.0169
21493,18.0084
21494,14.0169
21495,13.0253
21496,5.03373
21497,6.00843
21498,15.0084
21499,8.01686
21500,19.0084
21501,16.0169
21502,16.0253
21503,14.0084
21504,13.0169
21505,16.0084
21506,12.0169
21507,8.0253
21508,3.00843
21509,18.0084
21510,14.0169
21511,6.0253
21512,18.0084
21513,5.01687
21514,1.0253
21515,8.00843
21516,5.01687
21517,17.0084
21518,14.0169
21519,8.0253
21520,1.03373
21521,8.00843
21522,1.00843
21523,5.00843
21524,1.00843
21525,8.00843
21526,6.00843
21527,1.01686
21528,1.0253
21529,18.0084
21530,1.01686
21531,1.0253
21532,12.0084
21533,6.00843
21534,1.01686
21535,10.0084
21536,15.0084
21537,12.0169
21538,11.0253
21539,8.00843
21540,1.01686
21541,12.0084
21542,10.0169
21543,7.0253
21544,15.0084
21545,14.0169
21546,16.0084
21547,12.0169
21548,1.00843
21549,14.0084
21550,9.01686
21551,12.0084
21552,5.00843
21553,5.01687
21554,5.0253
21555,3.00843
21556,8.00843
21557,8.01686
21558,1.0253
21559,5.00843
21560,7.00843
21561,7.00843
21562,8.00843
21563,8.01686
21564,5.0253
21565,3.03373
21566,10.0084
21567,5.01687
21568,10.0084
21569,2.00843
21570,1.01686
21571,13.0084
21572,16.0084
21573,6.01687
21574,5.00843
21575,5.00843
21576,1.01686
21577,8.00843
21578,17.0084
21579,5.01687
21580,1.0253
21581,9.00843
21582,10.0084
21583,12.0084
21584,5.00843
21585,5.00843
21586,12.0084
21587,8.01686
21588,7.0253
21589,12.0084
21590,19.0084
21591,2.01687
21592,3.00843
21593,1.01686
21594,3.00843
21595,8.00843
21596,3.00843
21597,8.00843
21598,7.01687
21599,7.0253
21600,6.03373
21601,19.0084
21602,10.0084
21603,14.0084
21604,10.0169
21605,10.0084
21606,16.0084
21607,8.01686
21608,4.0253
21609,14.0084
21610,6.01687
21611,1.0253
21612,9.00843
21613,8.01686
21614,16.0084
21615,1.01686
21616,1.0253
21617,10.0084
21618,7.00843
21619,5.01687
21620,19.0084
21621,19.0169
21622,16.0253
21623,12.0337
21624,9.04216
21625,8.05059
21626,18.0084
21627,3.01687
21628,8.00843
21629,10.0084
21630,7.01687
21631,2.00843
21632,18.0084
21633,10.0169
21634,8.0253
21635,20.0084
21636,18.0084
21637,19.0084
21638,5.01687
21639,1.0253
21640,20.0084
21641,16.0169
21642,9.0253
21643,3.00843
21644,3.01687
21645,1.0253
21646,8.00843
21647,1.01686
21648,10.0084
21649,5.01687
21650,1.0253
21651,1.03373
21652,6.00843
21653,1.01686
21654,5.00843
21655,18.0084
21656,13.0169
21657,8.0253
21658,7.03373
21659,3.04216
21660,9.00843
21661,5.00843
21662,8.00843
21663,7.01687
21664,7.00843
21665,8.00843
21666,3.01687
21667,18.0084
21668,10.0169
21669,8.0253
21670,5.03373
21671,5.00843
21672,17.0084
21673,7.01687
21674,18.0084
21675,14.0169
21676,14.0253
21677,8.03373
21678,18.0084
21679,13.0169
21680,10.0084
21681,8.01686
21682,18.0084
21683,16.0169
21684,3.0253
21685,20.0084
21686,8.01686
21687,12.0084
21688,8.00843
21689,5.01687
21690,3.00843
21691,1.01686
21692,10.0084
21693,3.01687
21694,2.0253
21695,16.0084
21696,11.0084
21697,7.01687
21698,5.0253
21699,1.03373
21700,13.0084
21701,9.01686
21702,5.00843
21703,1.00843
21704,12.0084
21705,5.01687
21706,8.00843
21707,18.0084
21708,12.0169
21709,9.0253
21710,8.03373
21711,5.04216
21712,13.0084
21713,10.0169
21714,10.0253
21715,6.03373
21716,2.04216
21717,14.0084
21718,6.01687
21719,1.0253
21720,1.03373
21721,16.0084
21722,12.0169
21723,10.0253
21724,12.0084
21725,8.01686
21726,8.0253
21727,1.03373
21728,14.0084
21729,14.0169
21730,14.0253
21731,10.0084
21732,16.0084
21733,11.0169
21734,8.0253
21735,14.0084
21736,10.0169
21737,8.0253
21738,14.0084
21739,1.01686
21740,20.0084
21741,15.0169
21742,10.0253
21743,6.00843
21744,1.01686
21745,8.00843
21746,18.0084
21747,13.0169
21748,8.0253
21749,1.03373
21750,8.00843
21751,1.00843
21752,3.00843
21753,1.01686
21754,3.00843
21755,1.01686
21756,5.00843
21757,3.00843
21758,12.0084
21759,18.0084
21760,18.0169
21761,8.0253
21762,7.03373
21763,10.0084
21764,1.00843
21765,14.0084
21766,12.0084
21767,15.0084
21768,3.01687
21769,1.0253
21770,14.0084
21771,12.0169
21772,5.00843
21773,2.01687
21774,7.00843
21775,7.01687
21776,5.0253
21777,3.03373
21778,14.0084
21779,5.01687
21780,10.0084
21781,1.01686
21782,14.0084
21783,7.01687
21784,8.00843
21785,7.01687
21786,3.0253
21787,8.00843
21788,10.0084
21789,17.0084
21790,13.0084
21791,5.01687
21792,14.0084
21793,16.0084
21794,12.0169
21795,8.0253
21796,18.0084
21797,3.01687
21798,1.0253
21799,6.00843
21800,19.0084
21801,10.0169
21802,8.0253
21803,5.00843
21804,5.01687
21805,3.00843
21806,13.0084
21807,10.0084
21808,15.0084
21809,14.0169
21810,16.0084
21811,16.0169
21812,12.0253
21813,12.0084
21814,8.01686
21815,12.0084
21816,3.00843
21817,14.0084
21818,5.00843
21819,1.01686
21820,8.00843
21821,8.01686
21822,7.0253
21823,1.03373
21824,1.04216
21825,1.00843
21826,3.00843
21827,3.01687
21828,19.0084
21829,5.01687
21830,5.0253
21831,3.03373
21832,12.0084
21833,5.01687
21834,5.0253
21835,5.03373
21836,16.0084
21837,6.01687
21838,3.0253
21839,12.0084
21840,7.01687
21841,7.0253
21842,7.03373
21843,8.00843
21844,5.01687
21845,3.0253
21846,1.03373
21847,1.04216
21848,9.00843
21849,14.0084
21850,10.0169
21851,7.0253
21852,5.03373
21853,3.04216
21854,3.05059
21855,3.05903
21856,1.06746
21857,12.0084
21858,10.0169
21859,8.0253
21860,12.0084
21861,3.01687
21862,8.00843
21863,3.01687
21864,3.0253
21865,14.0084
21866,14.0169
21867,7.0253
21868,12.0084
21869,12.0169
21870,8.0253
21871,8.03373
21872,6.00843
21873,5.01687
21874,8.00843
21875,8.01686
21876,2.0253
21877,18.0084
21878,9.01686
21879,6.0253
21880,4.03373
21881,19.0084
21882,16.0169
21883,12.0084
21884,1.00843
21885,8.00843
21886,3.01687
21887,1.0253
21888,13.0084
21889,10.0084
21890,1.01686
21891,10.0084
21892,5.01687
21893,2.0253
21894,1.03373
21895,12.0084
21896,15.0084
21897,7.01687
21898,10.0084
21899,8.01686
21900,8.0253
21901,2.03373
21902,10.0084
21903,8.01686
21904,5.0253
21905,1.03373
21906,1.04216
21907,10.0084
21908,17.0084
21909,17.0169
21910,8.00843
21911,6.01687
21912,9.00843
21913,1.01686
21914,15.0084
21915,8.01686
21916,8.0253
21917,8.03373
21918,8.04216
21919,8.00843
21920,6.01687
21921,3.0253
21922,19.0084
21923,10.0169
21924,10.0084
21925,1.01686
21926,17.0084
21927,16.0084
21928,13.0169
21929,13.0253
21930,13.0084
21931,10.0084
21932,1.00843
21933,14.0084
21934,2.01687
21935,5.00843
21936,5.00843
21937,4.01687
21938,3.0253
21939,3.03373
21940,3.04216
21941,7.00843
21942,1.01686
21943,7.00843
21944,7.01687
21945,6.0253
21946,6.03373
21947,5.04216
21948,3.05059
21949,8.00843
21950,5.01687
21951,3.0253
21952,2.03373
21953,1.00843
21954,10.0084
21955,10.0084
21956,10.0169
21957,10.0253
21958,9.03373
21959,9.04216
21960,6.05059
21961,12.0084
21962,8.01686
21963,8.0253
21964,5.03373
21965,14.0084
21966,8.01686
21967,8.0253
21968,15.0084
21969,10.0169
21970,10.0084
21971,1.01686
21972,9.00843
21973,9.00843
21974,1.01686
21975,18.0084
21976,8.01686
21977,5.0253
21978,12.0084
21979,3.01687
21980,8.00843
21981,7.01687
21982,16.0084
21983,5.00843
21984,6.00843
21985,12.0084
21986,8.01686
21987,13.0084
21988,6.01687
21989,3.0253
21990,9.00843
21991,3.00843
21992,3.00843
21993,16.0084
21994,3.01687
21995,1.00843
21996,10.0084
21997,5.01687
21998,5.0253
21999,20.0084
22000,16.0169
22001,10.0253
22002,10.0084
22003,8.01686
22004,10.0084
22005,5.01687
22006,10.0084
22007,7.01687
22008,20.0084
22009,13.0084
22010,19.0084
22011,5.00843
22012,3.01687
22013,14.0084
22014,12.0169
22015,8.00843
22016,1.01686
22017,19.0084
22018,16.0169
22019,8.0253
22020,8.00843
22021,12.0084
22022,7.01687
22023,12.0084
22024,8.01686
22025,3.0253
22026,13.0084
22027,13.0169
22028,5.0253
22029,10.0084
22030,8.01686
22031,1.0253
22032,13.0084
22033,8.01686
22034,13.0084
22035,12.0169
22036,12.0253
22037,12.0084
22038,10.0169
22039,10.0253
22040,10.0084
22041,10.0169
22042,6.0253
22043,14.0084
22044,1.01686
22045,17.0084
22046,13.0169
22047,8.0253
22048,16.0084
22049,5.01687
22050,5.0253
22051,3.03373
22052,1.04216
22053,14.0084
22054,14.0169
22055,5.00843
22056,3.00843
22057,7.00843
22058,13.0084
22059,10.0084
22060,8.01686
22061,18.0084
22062,7.01687
22063,12.0084
22064,6.01687
22065,9.00843
22066,18.0084
22067,18.0169
22068,16.0253
22069,14.0337
22070,14.0422
22071,14.0506
22072,12.0084
22073,18.0084
22074,15.0169
22075,16.0084
22076,5.01687
22077,5.00843
22078,12.0084
22079,8.01686
22080,7.0253
22081,14.0084
22082,16.0084
22083,1.01686
22084,12.0084
22085,10.0084
22086,1.01686
22087,8.00843
22088,7.00843
22089,5.00843
22090,3.01687
22091,10.0084
22092,6.01687
22093,14.0084
22094,7.01687
22095,3.0253
22096,13.0084
22097,13.0169
22098,3.00843
22099,16.0084
22100,8.01686
22101,7.0253
22102,7.03373
22103,8.00843
22104,17.0084
22105,14.0169
22106,10.0084
22107,16.0084
22108,10.0084
22109,1.00843
22110,16.0084
22111,14.0169
22112,10.0253
22113,15.0084
22114,3.01687
22115,2.0253
22116,5.00843
22117,8.00843
22118,7.01687
22119,5.0253
22120,5.03373
22121,1.04216
22122,8.00843
22123,8.01686
22124,8.0253
22125,7.03373
22126,17.0084
22127,7.01687
22128,1.0253
22129,8.00843
22130,8.01686
22131,2.0253
22132,5.00843
22133,3.01687
22134,14.0084
22135,10.0169
22136,8.00843
22137,5.01687
22138,12.0084
22139,13.0084
22140,18.0084
22141,8.01686
22142,3.0253
22143,16.0084
22144,10.0169
22145,10.0084
22146,14.0084
22147,11.0169
22148,14.0084
22149,8.01686
22150,2.0253
22151,1.03373
22152,6.00843
22153,5.01687
22154,7.00843
22155,7.01687
22156,20.0084
22157,12.0169
22158,7.0253
22159,20.0084
22160,5.00843
22161,15.0084
22162,10.0169
22163,20.0084
22164,16.0169
22165,5.0253
22166,3.03373
22167,17.0084
22168,8.01686
22169,13.0084
22170,8.00843
22171,7.01687
22172,3.0253
22173,12.0084
22174,10.0084
22175,7.01687
22176,7.00843
22177,1.01686
22178,12.0084
22179,5.01687
22180,3.0253
22181,1.03373
22182,1.04216
22183,16.0084
22184,6.00843
22185,5.00843
22186,3.01687
22187,8.00843
22188,5.01687
22189,10.0084
22190,8.01686
22191,5.0253
22192,3.03373
22193,1.04216
22194,10.0084
22195,8.01686
22196,3.00843
22197,12.0084
22198,3.00843
22199,10.0084
22200,5.01687
22201,1.0253
22202,1.03373
22203,19.0084
22204,19.0169
22205,7.0253
22206,3.03373
22207,14.0084
22208,6.01687
22209,3.0253
22210,17.0084
22211,19.0084
22212,5.01687
22213,16.0084
22214,15.0169
22215,8.00843
22216,17.0084
22217,13.0169
22218,10.0084
22219,12.0084
22220,7.00843
22221,1.00843
22222,11.0084
22223,7.01687
22224,7.0253
22225,3.03373
22226,3.04216
22227,3.05059
22228,2.05903
22229,10.0084
22230,8.01686
22231,8.0253
22232,3.03373
22233,12.0084
22234,1.01686
22235,14.0084
22236,9.01686
22237,10.0084
22238,9.01686
22239,3.0253
22240,12.0084
22241,16.0084
22242,8.01686
22243,7.0253
22244,5.03373
22245,3.04216
22246,6.00843
22247,1.01686
22248,16.0084
22249,5.01687
22250,9.00843
22251,3.01687
22252,3.0253
22253,1.03373
22254,16.0084
22255,10.0169
22256,10.0253
22257,8.03373
22258,8.04216
22259,8.00843
22260,5.01687
22261,8.00843
22262,1.00843
22263,1.01686
22264,14.0084
22265,10.0169
22266,9.00843
22267,7.01687
22268,18.0084
22269,8.01686
22270,2.0253
22271,8.00843
22272,6.01687
22273,15.0084
22274,16.0084
22275,16.0169
22276,8.0253
22277,8.03373
22278,11.0084
22279,3.00843
22280,14.0084
22281,4.01687
22282,12.0084
22283,6.01687
22284,5.0253
22285,2.03373
22286,1.00843
22287,1.01686
22288,15.0084
22289,8.01686
22290,5.0253
22291,10.0084
22292,8.01686
22293,16.0084
22294,10.0169
22295,10.0084
22296,16.0084
22297,7.01687
22298,14.0084
22299,5.00843
22300,16.0084
22301,5.00843
22302,4.01687
22303,1.00843
22304,1.01686
22305,13.0084
22306,12.0169
22307,8.0253
22308,18.0084
22309,1.00843
22310,1.01686
22311,20.0084
22312,14.0169
22313,8.0253
22314,5.03373
22315,18.0084
22316,12.0169
22317,5.0253
22318,2.00843
22319,1.01686
22320,18.0084
22321,7.00843
22322,7.01687
22323,1.0253
22324,12.0084
22325,8.01686
22326,3.0253
22327,3.03373
22328,5.00843
22329,20.0084
22330,18.0169
22331,10.0084
22332,8.01686
22333,12.0084
22334,1.01686
22335,16.0084
22336,5.01687
22337,1.0253
22338,14.0084
22339,16.0084
22340,15.0169
22341,7.0253
22342,5.03373
22343,16.0084
22344,16.0169
22345,17.0084
22346,1.01686
22347,18.0084
22348,18.0084
22349,8.01686
22350,14.0084
22351,10.0169
22352,8.0253
22353,1.03373
22354,1.04216
22355,20.0084
22356,16.0169
22357,5.0253
22358,12.0084
22359,3.01687
22360,8.00843
22361,3.01687
22362,12.0084
22363,15.0084
22364,12.0169
22365,7.0253
22366,3.03373
22367,8.00843
22368,9.00843
22369,16.0084
22370,14.0169
22371,8.0253
22372,8.00843
22373,3.01687
22374,3.0253
22375,8.00843
22376,1.00843
22377,5.00843
22378,7.00843
22379,6.01687
22380,8.00843
22381,7.01687
22382,3.0253
22383,1.00843
22384,14.0084
22385,10.0169
22386,10.0253
22387,8.03373
22388,7.04216
22389,12.0084
22390,16.0084
22391,7.01687
22392,12.0084
22393,6.01687
22394,15.0084
22395,8.01686
22396,16.0084
22397,15.0169
22398,8.0253
22399,4.03373
22400,18.0084
22401,12.0169
22402,12.0253
22403,7.03373
22404,5.04216
22405,5.00843
22406,5.01687
22407,3.0253
22408,12.0084
22409,17.0084
22410,5.01687
22411,1.0253
22412,15.0084
22413,3.01687
22414,6.00843
22415,7.00843
22416,3.01687
22417,1.0253
22418,18.0084
22419,8.01686
22420,6.0253
22421,6.03373
22422,15.0084
22423,12.0169
22424,6.0253
22425,1.03373
22426,18.0084
22427,10.0169
22428,8.0253
22429,18.0084
22430,3.01687
22431,10.0084
22432,5.01687
22433,1.0253
22434,18.0084
22435,2.01687
22436,2.00843
22437,12.0084
22438,15.0084
22439,5.01687
22440,1.0253
22441,18.0084
22442,12.0084
22443,12.0169
22444,8.0253
22445,7.03373
22446,6.00843
22447,16.0084
22448,9.01686
22449,5.0253
22450,10.0084
22451,14.0084
22452,5.01687
22453,12.0084
22454,1.00843
22455,1.00843
22456,8.00843
22457,9.00843
22458,8.01686
22459,16.0084
22460,6.00843
22461,5.00843
22462,19.0084
22463,8.01686
22464,18.0084
22465,8.01686
22466,7.0253
22467,5.03373
22468,16.0084
22469,15.0169
22470,5.0253
22471,9.00843
22472,10.0084
22473,8.01686
22474,15.0084
22475,6.01687
22476,12.0084
22477,12.0169
22478,3.0253
22479,18.0084
22480,16.0169
22481,13.0253
22482,7.03373
22483,10.0084
22484,8.01686
22485,5.0253
22486,18.0084
22487,8.01686
22488,2.0253
22489,1.03373
22490,1.00843
22491,7.00843
22492,3.01687
22493,3.0253
22494,8.00843
22495,7.00843
22496,7.01687
22497,1.0253
22498,12.0084
22499,10.0169
22500,8.0253
22501,7.03373
22502,8.00843
22503,8.01686
22504,7.0253
22505,3.03373
22506,10.0084
22507,10.0169
22508,8.00843
22509,5.01687
22510,12.0084
22511,5.00843
22512,5.01687
22513,12.0084
22514,11.0169
22515,8.0253
22516,1.03373
22517,14.0084
22518,13.0169
22519,5.0253
22520,11.0084
22521,7.01687
22522,5.0253
22523,4.03373
22524,15.0084
22525,8.01686
22526,5.0253
22527,19.0084
22528,18.0169
22529,7.0253
22530,5.03373
22531,18.0084
22532,12.0169
22533,10.0253
22534,8.03373
22535,8.04216
22536,1.05059
22537,8.00843
22538,16.0084
22539,12.0169
22540,3.0253
22541,16.0084
22542,13.0169
22543,1.0253
22544,11.0084
22545,8.00843
22546,5.01687
22547,17.0084
22548,6.01687
22549,3.0253
22550,1.03373
22551,8.00843
22552,5.00843
22553,16.0084
22554,13.0169
22555,10.0253
22556,5.00843
22557,17.0084
22558,12.0169
22559,17.0084
22560,6.01687
22561,15.0084
22562,7.01687
22563,3.0253
22564,12.0084
22565,7.00843
22566,3.00843
22567,10.0084
22568,10.0169
22569,1.0253
22570,1.03373
22571,2.00843
22572,14.0084
22573,12.0169
22574,7.0253
22575,3.03373
22576,1.04216
22577,10.0084
22578,8.01686
22579,6.00843
22580,18.0084
22581,7.01687
22582,20.0084
22583,15.0169
22584,7.00843
22585,7.01687
22586,12.0084
22587,3.01687
22588,16.0084
22589,13.0169
22590,6.0253
22591,1.03373
22592,14.0084
22593,14.0084
22594,16.0084
22595,8.01686
22596,13.0084
22597,13.0084
22598,1.01686
22599,14.0084
22600,3.01687
22601,1.0253
22602,18.0084
22603,8.01686
22604,18.0084
22605,5.01687
22606,12.0084
22607,8.01686
22608,7.0253
22609,3.03373
22610,15.0084
22611,1.01686
22612,12.0084
22613,2.01687
22614,18.0084
22615,14.0084
22616,8.01686
22617,8.00843
22618,10.0084
22619,8.01686
22620,17.0084
22621,1.01686
22622,10.0084
22623,9.01686
22624,2.0253
22625,10.0084
22626,1.01686
22627,8.00843
22628,6.01687
22629,1.0253
22630,17.0084
22631,14.0169
22632,7.0253
22633,8.00843
22634,8.01686
22635,5.0253
22636,10.0084
22637,10.0169
22638,12.0084
22639,12.0169
22640,5.0253
22641,1.00843
22642,14.0084
22643,14.0169
22644,12.0253
22645,15.0084
22646,16.0084
22647,16.0169
22648,7.00843
22649,12.0084
22650,10.0169
22651,8.0253
22652,3.03373
22653,8.00843
22654,8.01686
22655,8.0253
22656,16.0084
22657,11.0084
22658,5.00843
22659,6.00843
22660,3.01687
22661,5.00843
22662,3.01687
22663,1.0253
22664,20.0084
22665,16.0169
22666,14.0253
22667,10.0337
22668,8.04216
22669,10.0084
22670,5.01687
22671,20.0084
22672,11.0084
22673,10.0169
22674,10.0253
22675,12.0084
22676,17.0084
22677,13.0169
22678,8.0253
22679,1.03373
22680,1.04216
22681,10.0084
22682,15.0084
22683,12.0169
22684,10.0253
22685,12.0084
22686,7.00843
22687,1.01686
22688,13.0084
22689,8.01686
22690,8.0253
22691,5.00843
22692,3.01687
22693,1.0253
22694,12.0084
22695,14.0084
22696,13.0169
22697,10.0253
22698,1.00843
22699,1.00843
22700,1.01686
22701,8.00843
22702,5.01687
22703,3.0253
22704,14.0084
22705,14.0169
22706,10.0084
22707,8.01686
22708,6.00843
22709,8.00843
22710,7.01687
22711,1.0253
22712,18.0084
22713,1.00843
22714,10.0084
22715,3.00843
22716,8.00843
22717,1.01686
22718,10.0084
22719,3.01687
22720,3.0253
22721,5.00843
22722,4.01687
22723,5.00843
22724,5.01687
22725,14.0084
22726,9.01686
22727,6.0253
22728,5.00843
22729,5.00843
22730,10.0084
22731,1.01686
22732,13.0084
22733,10.0169
22734,10.0253
22735,5.03373
22736,1.04216
22737,1.05059
22738,15.0084
22739,3.01687
22740,3.0253
22741,18.0084
22742,18.0169
22743,5.0253
22744,8.00843
22745,8.01686
22746,8.0253
22747,18.0084
22748,8.00843
22749,7.01687
22750,16.0084
22751,13.0169
22752,12.0253
22753,3.00843
22754,18.0084
22755,14.0169
22756,8.0253
22757,15.0084
22758,12.0169
22759,10.0084
22760,1.01686
22761,7.00843
22762,8.00843
22763,17.0084
22764,13.0169
22765,12.0084
22766,5.01687
22767,4.0253
22768,3.03373
22769,1.00843
22770,10.0084
22771,18.0084
22772,8.00843
22773,8.01686
22774,14.0084
22775,16.0084
22776,1.01686
22777,1.00843
22778,19.0084
22779,1.01686
22780,5.00843
22781,1.00843
22782,7.00843
22783,5.00843
22784,5.01687
22785,1.0253
22786,3.00843
22787,3.01687
22788,6.00843
22789,6.01687
22790,13.0084
22791,1.00843
22792,10.0084
22793,1.01686
22794,1.00843
22795,14.0084
22796,3.00843
22797,14.0084
22798,3.01687
22799,5.00843
22800,5.01687
22801,5.0253
22802,18.0084
22803,16.0169
22804,16.0253
22805,10.0337
22806,7.04216
22807,17.0084
22808,10.0169
22809,18.0084
22810,14.0169
22811,12.0084
22812,6.00843
22813,1.01686
22814,8.00843
22815,4.01687
22816,3.0253
22817,14.0084
22818,10.0084
22819,8.01686
22820,8.00843
22821,3.01687
22822,3.0253
22823,1.03373
22824,6.00843
22825,15.0084
22826,3.01687
22827,6.00843
22828,7.00843
22829,7.01687
22830,5.0253
22831,8.00843
22832,8.01686
22833,2.00843
22834,8.00843
22835,6.01687
22836,11.0084
22837,8.01686
22838,8.0253
22839,16.0084
22840,8.01686
22841,13.0084
22842,14.0084
22843,12.0169
22844,10.0084
22845,16.0084
22846,12.0169
22847,16.0084
22848,12.0169
22849,8.0253
22850,1.03373
22851,14.0084
22852,19.0084
22853,6.01687
22854,7.00843
22855,15.0084
22856,10.0084
22857,9.01686
22858,8.00843
22859,10.0084
22860,1.01686
22861,10.0084
22862,7.00843
22863,14.0084
22864,6.00843
22865,12.0084
22866,3.01687
22867,14.0084
22868,13.0084
22869,3.00843
22870,15.0084
22871,8.01686
22872,1.00843
22873,11.0084
22874,3.01687
22875,1.00843
22876,1.01686
22877,14.0084
22878,8.01686
22879,8.0253
22880,7.03373
22881,10.0084
22882,10.0169
22883,9.0253
22884,8.03373
22885,12.0084
22886,3.01687
22887,1.0253
22888,1.03373
22889,12.0084
22890,14.0084
22891,5.01687
22892,5.0253
22893,8.00843
22894,18.0084
22895,8.01686
22896,8.0253
22897,8.03373
22898,8.04216
22899,18.0084
22900,10.0169
22901,10.0253
22902,1.00843
22903,10.0084
22904,7.01687
22905,8.00843
22906,3.01687
22907,3.0253
22908,1.03373
22909,1.00843
22910,5.00843
22911,16.0084
22912,10.0084
22913,8.01686
22914,7.0253
22915,5.03373
22916,5.04216
22917,12.0084
22918,8.01686
22919,10.0084
22920,9.01686
22921,7.0253
22922,7.03373
22923,10.0084
22924,10.0169
22925,8.0253
22926,8.03373
22927,5.04216
22928,12.0084
22929,8.01686
22930,10.0084
22931,20.0084
22932,12.0169
22933,12.0253
22934,16.0084
22935,13.0169
22936,11.0084
22937,1.00843
22938,14.0084
22939,12.0084
22940,1.00843
22941,1.01686
22942,7.00843
22943,3.01687
22944,6.00843
22945,5.01687
22946,18.0084
22947,6.01687
22948,13.0084
22949,12.0169
22950,8.0253
22951,8.00843
22952,3.01687
22953,18.0084
22954,8.00843
22955,6.01687
22956,5.0253
22957,13.0084
22958,13.0169
22959,10.0253
22960,3.03373
22961,3.00843
22962,1.01686
22963,19.0084
22964,2.01687
22965,13.0084
22966,5.01687
22967,5.0253
22968,3.03373
22969,2.04216
22970,17.0084
22971,17.0169
22972,12.0253
22973,12.0084
22974,3.01687
22975,3.0253
22976,3.03373
22977,1.04216
22978,5.00843
22979,10.0084
22980,8.01686
22981,9.00843
22982,14.0084
22983,9.01686
22984,10.0084
22985,5.01687
22986,12.0084
22987,11.0169
22988,16.0084
22989,3.01687
22990,1.0253
22991,14.0084
22992,10.0169
22993,8.0253
22994,3.03373
22995,15.0084
22996,5.01687
22997,5.0253
22998,1.03373
22999,6.00843
23000,1.00843
23001,12.0084
23002,8.01686
23003,8.0253
23004,1.03373
23005,18.0084
23006,16.0084
23007,10.0169
23008,10.0253
23009,8.03373
23010,8.04216
23011,1.05059
23012,7.00843
23013,3.00843
23014,9.00843
23015,6.01687
23016,7.00843
23017,1.01686
23018,8.00843
23019,6.01687
23020,3.0253
23021,20.0084
23022,8.01686
23023,7.0253
23024,8.00843
23025,5.01687
23026,18.0084
23027,10.0169
23028,5.0253
23029,20.0084
23030,8.01686
23031,12.0084
23032,5.00843
23033,1.01686
23034,5.00843
23035,13.0084
23036,17.0084
23037,13.0084
23038,10.0169
23039,16.0084
23040,12.0084
23041,8.00843
23042,1.01686
23043,10.0084
23044,7.01687
23045,5.00843
23046,13.0084
23047,8.00843
23048,4.00843
23049,17.0084
23050,16.0084
23051,8.01686
23052,7.0253
23053,7.00843
23054,5.01687
23055,10.0084
23056,5.01687
23057,13.0084
23058,6.01687
23059,14.0084
23060,2.01687
23061,1.0253
23062,1.03373
23063,1.04216
23064,13.0084
23065,7.01687
23066,14.0084
23067,3.01687
23068,14.0084
23069,16.0084
23070,8.01686
23071,20.0084
23072,18.0084
23073,8.01686
23074,10.0084
23075,8.01686
23076,13.0084
23077,12.0169
23078,13.0084
23079,8.01686
23080,7.0253
23081,8.00843
23082,8.01686
23083,2.00843
23084,10.0084
23085,12.0084
23086,1.00843
23087,3.00843
23088,15.0084
23089,14.0169
23090,16.0084
23091,8.01686
23092,5.0253
23093,3.03373
23094,1.04216
23095,18.0084
23096,15.0084
23097,3.01687
23098,1.00843
23099,8.00843
23100,3.00843
23101,16.0084
23102,12.0084
23103,17.0084
23104,10.0169
23105,6.0253
23106,16.0084
23107,16.0084
23108,9.00843
23109,4.01687
23110,1.0253
23111,10.0084
23112,18.0084
23113,12.0169
23114,7.0253
23115,16.0084
23116,2.01687
23117,6.00843
23118,5.01687
23119,12.0084
23120,1.00843
23121,11.0084
23122,3.00843
23123,16.0084
23124,8.00843
23125,1.01686
23126,1.0253
23127,15.0084
23128,15.0169
23129,1.0253
23130,1.03373
23131,16.0084
23132,3.01687
23133,10.0084
23134,3.01687
23135,1.0253
23136,18.0084
23137,12.0169
23138,12.0253
23139,5.03373
23140,5.04216
23141,5.05059
23142,5.00843
23143,1.01686
23144,9.00843
23145,7.01687
23146,20.0084
23147,7.01687
23148,8.00843
23149,10.0084
23150,10.0169
23151,8.00843
23152,7.01687
23153,12.0084
23154,5.01687
23155,3.0253
23156,13.0084
23157,1.01686
23158,14.0084
23159,7.01687
23160,5.0253
23161,10.0084
23162,8.01686
23163,8.0253
23164,6.03373
23165,18.0084
23166,3.01687
23167,1.0253
23168,7.00843
23169,13.0084
23170,18.0084
23171,10.0169
23172,8.0253
23173,1.03373
23174,19.0084
23175,12.0169
23176,5.0253
23177,3.00843
23178,10.0084
23179,1.01686
23180,1.0253
23181,5.00843
23182,1.01686
23183,15.0084
23184,12.0169
23185,8.0253
23186,3.03373
23187,17.0084
23188,13.0084
23189,7.01687
23190,8.00843
23191,19.0084
23192,18.0169
23193,10.0253
23194,14.0084
23195,8.01686
23196,5.00843
23197,3.01687
23198,3.00843
23199,16.0084
23200,16.0169
23201,13.0253
23202,3.03373
23203,15.0084
23204,13.0169
23205,12.0253
23206,16.0084
23207,16.0169
23208,13.0253
23209,5.03373
23210,4.04216
23211,5.00843
23212,5.00843
23213,5.01687
23214,14.0084
23215,18.0084
23216,9.01686
23217,1.0253
23218,10.0084
23219,1.00843
23220,1.01686
23221,1.0253
23222,1.00843
23223,14.0084
23224,4.00843
23225,12.0084
23226,3.00843
23227,1.01686
23228,17.0084
23229,9.01686
23230,4.0253
23231,18.0084
23232,10.0169
23233,5.0253
23234,12.0084
23235,10.0169
23236,10.0253
23237,7.00843
23238,14.0084
23239,7.01687
23240,14.0084
23241,14.0169
23242,8.0253
23243,19.0084
23244,14.0169
23245,9.0253
23246,12.0084
23247,12.0169
23248,13.0084
23249,3.01687
23250,16.0084
23251,7.00843
23252,3.01687
23253,8.00843
23254,5.00843
23255,16.0084
23256,8.01686
23257,5.00843
23258,18.0084
23259,18.0169
23260,12.0253
23261,10.0337
23262,7.04216
23263,13.0084
23264,7.00843
23265,7.01687
23266,5.0253
23267,5.00843
23268,3.01687
23269,16.0084
23270,3.01687
23271,14.0084
23272,7.01687
23273,2.00843
23274,5.00843
23275,5.01687
23276,12.0084
23277,3.01687
23278,11.0084
23279,3.01687
23280,8.00843
23281,4.01687
23282,8.00843
23283,7.01687
23284,10.0084
23285,12.0084
23286,10.0169
23287,8.00843
23288,7.00843
23289,10.0084
23290,1.01686
23291,7.00843
23292,1.01686
23293,16.0084
23294,14.0169
23295,3.0253
23296,13.0084
23297,8.00843
23298,10.0084
23299,8.00843
23300,5.01687
23301,8.00843
23302,7.00843
23303,5.01687
23304,14.0084
23305,5.01687
23306,5.0253
23307,10.0084
23308,10.0169
23309,8.0253
23310,11.0084
23311,10.0169
23312,8.0253
23313,8.00843
23314,8.01686
23315,1.0253
23316,16.0084
23317,10.0169
23318,14.0084
23319,13.0169
23320,1.0253
23321,10.0084
23322,5.01687
23323,5.00843
23324,5.01687
23325,1.0253
23326,14.0084
23327,14.0169
23328,13.0253
23329,7.03373
23330,4.04216
23331,4.05059
23332,16.0084
23333,8.01686
23334,2.00843
23335,13.0084
23336,14.0084
23337,11.0169
23338,10.0253
23339,12.0084
23340,10.0169
23341,8.0253
23342,1.03373
23343,1.00843
23344,10.0084
23345,7.01687
23346,1.0253
23347,1.03373
23348,18.0084
23349,17.0169
23350,5.0253
23351,3.03373
23352,14.0084
23353,8.00843
23354,7.01687
23355,15.0084
23356,20.0084
23357,5.01687
23358,5.0253
23359,11.0084
23360,11.0169
23361,12.0084
23362,1.01686
23363,13.0084
23364,13.0169
23365,8.0253
23366,7.03373
23367,12.0084
23368,14.0084
23369,7.01687
23370,7.0253
23371,1.03373
23372,8.00843
23373,7.00843
23374,5.00843
23375,6.00843
23376,12.0084
23377,8.01686
23378,1.00843
23379,10.0084
23380,14.0084
23381,8.00843
23382,5.01687
23383,1.0253
23384,5.00843
23385,2.00843
23386,1.01686
23387,1.0253
23388,1.03373
23389,5.00843
23390,8.00843
23391,8.01686
23392,12.0084
23393,8.01686
23394,18.0084
23395,14.0169
23396,10.0253
23397,12.0084
23398,10.0169
23399,14.0084
23400,16.0084
23401,14.0169
23402,14.0253
23403,11.0337
23404,12.0084
23405,18.0084
23406,10.0084
23407,8.01686
23408,8.0253
23409,5.03373
23410,1.00843
23411,16.0084
23412,7.00843
23413,18.0084
23414,12.0169
23415,12.0253
23416,10.0337
23417,10.0422
23418,10.0084
23419,8.01686
23420,2.0253
23421,2.00843
23422,10.0084
23423,7.01687
23424,7.00843
23425,12.0084
23426,12.0169
23427,10.0253
23428,6.03373
23429,16.0084
23430,7.01687
23431,3.0253
23432,18.0084
23433,17.0169
23434,10.0253
23435,9.03373
23436,12.0084
23437,10.0084
23438,8.00843
23439,1.00843
23440,16.0084
23441,13.0169
23442,14.0084
23443,5.01687
23444,12.0084
23445,10.0169
23446,3.00843
23447,3.00843
23448,3.01687
23449,1.0253
23450,3.00843
23451,2.01687
23452,8.00843
23453,20.0084
23454,18.0169
23455,8.00843
23456,1.01686
23457,1.0253
23458,1.03373
23459,2.00843
23460,16.0084
23461,17.0084
23462,14.0169
23463,13.0253
23464,12.0337
23465,8.00843
23466,10.0084
23467,8.01686
23468,8.0253
23469,9.00843
23470,6.01687
23471,13.0084
23472,20.0084
23473,18.0084
23474,3.01687
23475,11.0084
23476,17.0084
23477,15.0084
23478,1.01686
23479,1.0253
23480,18.0084
23481,1.00843
23482,10.0084
23483,4.00843
23484,7.00843
23485,5.01687
23486,10.0084
23487,7.01687
23488,15.0084
23489,8.01686
23490,8.00843
23491,10.0084
23492,8.01686
23493,13.0084
23494,1.00843
23495,15.0084
23496,8.01686
23497,15.0084
23498,14.0084
23499,1.01686
23500,7.00843
23501,8.00843
23502,3.01687
23503,13.0084
23504,5.00843
23505,1.01686
23506,20.0084
23507,17.0084
23508,10.0084
23509,5.01687
23510,3.0253
23511,3.03373
23512,12.0084
23513,12.0169
23514,14.0084
23515,13.0169
23516,5.0253
23517,1.00843
23518,1.01686
23519,16.0084
23520,12.0169
23521,7.0253
23522,3.03373
23523,2.04216
23524,16.0084
23525,8.01686
23526,3.0253
23527,18.0084
23528,12.0169
23529,10.0253
23530,4.03373
23531,10.0084
23532,5.01687
23533,7.00843
23534,15.0084
23535,7.01687
23536,1.0253
23537,7.00843
23538,9.00843
23539,3.01687
23540,18.0084
23541,10.0169
23542,7.0253
23543,5.03373
23544,1.04216
23545,12.0084
23546,12.0169
23547,8.0253
23548,7.03373
23549,1.00843
23550,1.01686
23551,16.0084
23552,14.0169
23553,8.0253
23554,15.0084
23555,3.01687
23556,3.0253
23557,1.03373
23558,16.0084
23559,16.0169
23560,5.00843
23561,18.0084
23562,7.00843
23563,5.01687
23564,8.00843
23565,8.01686
23566,7.00843
23567,14.0084
23568,13.0169
23569,10.0253
23570,8.00843
23571,7.01687
23572,16.0084
23573,14.0084
23574,5.01687
23575,12.0084
23576,4.01687
23577,16.0084
23578,18.0084
23579,5.01687
23580,2.00843
23581,18.0084
23582,18.0169
23583,18.0253
23584,7.03373
23585,3.04216
23586,1.05059
23587,19.0084
23588,8.00843
23589,7.01687
23590,10.0084
23591,10.0169
23592,8.0253
23593,13.0084
23594,12.0169
23595,14.0084
23596,8.01686
23597,1.0253
23598,10.0084
23599,17.0084
23600,14.0084
23601,8.00843
23602,3.01687
23603,16.0084
23604,8.01686
23605,6.00843
23606,8.00843
23607,5.01687
23608,7.00843
23609,16.0084
23610,10.0169
23611,8.0253
23612,8.03373
23613,7.00843
23614,5.01687
23615,5.00843
23616,13.0084
23617,9.01686
23618,3.0253
23619,15.0084
23620,14.0169
23621,7.0253
23622,4.03373
23623,14.0084
23624,8.01686
23625,7.0253
23626,18.0084
23627,9.01686
23628,16.0084
23629,2.01687
23630,14.0084
23631,5.01687
23632,1.0253
23633,18.0084
23634,16.0084
23635,1.00843
23636,1.01686
23637,17.0084
23638,13.0169
23639,18.0084
23640,7.00843
23641,2.01687
23642,13.0084
23643,5.01687
23644,8.00843
23645,4.00843
23646,12.0084
23647,8.01686
23648,8.0253
23649,17.0084
23650,17.0169
23651,1.00843
23652,1.01686
23653,14.0084
23654,9.01686
23655,12.0084
23656,8.00843
23657,12.0084
23658,1.01686
23659,5.00843
23660,3.00843
23661,20.0084
23662,6.01687
23663,3.0253
23664,9.00843
23665,7.01687
23666,10.0084
23667,15.0084
23668,12.0084
23669,8.00843
23670,5.00843
23671,8.00843
23672,3.01687
23673,14.0084
23674,8.01686
23675,2.0253
23676,15.0084
23677,10.0169
23678,16.0084
23679,5.01687
23680,12.0084
23681,3.01687
23682,4.00843
23683,1.01686
23684,10.0084
23685,8.00843
23686,6.01687
23687,1.0253
23688,5.00843
23689,13.0084
23690,8.01686
23691,14.0084
23692,10.0169
23693,5.00843
23694,3.01687
23695,13.0084
23696,6.01687
23697,10.0084
23698,8.01686
23699,3.0253
23700,16.0084
23701,7.00843
23702,5.01687
23703,8.00843
23704,5.01687
23705,14.0084
23706,8.00843
23707,1.01686
23708,10.0084
23709,8.01686
23710,7.00843
23711,20.0084
23712,9.01686
23713,8.0253
23714,12.0084
23715,5.01687
23716,8.00843
23717,5.01687
23718,12.0084
23719,12.0169
23720,5.0253
23721,16.0084
23722,18.0084
23723,8.01686
23724,1.00843
23725,19.0084
23726,16.0169
23727,10.0253
23728,11.0084
23729,1.01686
23730,12.0084
23731,4.01687
23732,1.0253
23733,5.00843
23734,5.01687
23735,14.0084
23736,7.00843
23737,4.01687
23738,1.0253
23739,16.0084
23740,5.01687
23741,10.0084
23742,8.01686
23743,9.00843
23744,1.01686
23745,12.0084
23746,12.0169
23747,17.0084
23748,13.0169
23749,10.0253
23750,10.0337
23751,1.04216
23752,18.0084
23753,12.0169
23754,12.0253
23755,12.0337
23756,14.0084
23757,14.0084
23758,18.0084
23759,7.01687
23760,18.0084
23761,17.0169
23762,8.0253
23763,3.03373
23764,8.00843
23765,1.00843
23766,20.0084
23767,13.0169
23768,10.0084
23769,15.0084
23770,1.00843
23771,3.00843
23772,5.00843
23773,1.00843
23774,1.01686
23775,1.0253
23776,7.00843
23777,7.01687
23778,5.00843
23779,2.00843
23780,10.0084
23781,8.01686
23782,5.0253
23783,2.03373
23784,16.0084
23785,13.0169
23786,7.00843
23787,5.01687
23788,1.0253
23789,8.00843
23790,8.01686
23791,14.0084
23792,5.01687
23793,18.0084
23794,12.0169
23795,8.0253
23796,7.03373
23797,1.04216
23798,1.05059
23799,8.00843
23800,8.01686
23801,7.00843
23802,8.00843
23803,2.01687
23804,5.00843
23805,10.0084
23806,8.01686
23807,4.0253
23808,14.0084
23809,8.01686
23810,6.0253
23811,5.03373
23812,1.04216
23813,12.0084
23814,8.01686
23815,8.0253
23816,16.0084
23817,13.0169
23818,10.0253
23819,10.0337
23820,9.04216
23821,10.0084
23822,3.00843
23823,3.01687
23824,1.0253
23825,14.0084
23826,12.0169
23827,12.0253
23828,10.0337
23829,14.0084
23830,16.0084
23831,5.00843
23832,17.0084
23833,18.0084
23834,3.01687
23835,11.0084
23836,8.01686
23837,14.0084
23838,14.0169
23839,12.0084
23840,1.01686
23841,1.00843
23842,10.0084
23843,8.01686
23844,8.0253
23845,16.0084
23846,16.0169
23847,1.0253
23848,5.00843
23849,2.01687
23850,14.0084
23851,13.0169
23852,8.0253
23853,1.03373
23854,8.00843
23855,5.01687
23856,10.0084
23857,8.01686
23858,4.0253
23859,7.00843
23860,5.01687
23861,12.0084
23862,10.0169
23863,8.0253
23864,20.0084
23865,10.0084
23866,10.0169
23867,10.0084
23868,12.0084
23869,10.0084
23870,3.00843
23871,5.00843
23872,7.00843
23873,18.0084
23874,8.01686
23875,7.0253
23876,5.03373
23877,3.04216
23878,8.00843
23879,3.00843
23880,1.01686
23881,5.00843
23882,6.00843
23883,6.01687
23884,5.0253
23885,8.00843
23886,8.01686
23887,12.0084
23888,10.0084
23889,18.0084
23890,13.0169
23891,12.0253
23892,12.0337
23893,8.04216
23894,5.05059
23895,3.05903
23896,10.0084
23897,1.01686
23898,18.0084
23899,14.0169
23900,7.0253
23901,5.03373
23902,5.04216
23903,3.05059
23904,16.0084
23905,10.0169
23906,7.0253
23907,8.00843
23908,10.0084
23909,14.0084
23910,10.0169
23911,7.0253
23912,5.03373
23913,10.0084
23914,10.0169
23915,8.0253
23916,3.03373
23917,10.0084
23918,1.00843
23919,13.0084
23920,16.0084
23921,18.0084
23922,16.0169
23923,5.0253
23924,18.0084
23925,18.0169
23926,12.0253
23927,5.00843
23928,12.0084
23929,8.01686
23930,16.0084
23931,1.00843
23932,18.0084
23933,10.0169
23934,14.0084
23935,12.0084
23936,12.0169
23937,1.0253
23938,16.0084
23939,13.0169
23940,13.0253
23941,3.00843
23942,7.00843
23943,3.00843
23944,8.00843
23945,12.0084
23946,1.01686
23947,2.00843
23948,1.00843
23949,7.00843
23950,1.01686
23951,10.0084
23952,8.01686
23953,19.0084
23954,16.0084
23955,8.01686
23956,8.0253
23957,5.00843
23958,10.0084
23959,10.0169
23960,1.0253
23961,12.0084
23962,10.0169
23963,12.0084
23964,8.01686
23965,17.0084
23966,10.0169
23967,1.0253
23968,13.0084
23969,12.0169
23970,7.0253
23971,8.00843
23972,7.00843
23973,3.01687
23974,2.0253
23975,7.00843
23976,5.01687
23977,1.00843
23978,12.0084
23979,12.0084
23980,10.0169
23981,5.00843
23982,12.0084
23983,16.0084
23984,9.01686
23985,3.0253
23986,12.0084
23987,18.0084
23988,16.0169
23989,9.0253
23990,7.03373
23991,3.04216
23992,1.05059
23993,10.0084
23994,8.01686
23995,14.0084
23996,10.0084
23997,5.00843
23998,12.0084
23999,7.00843
24000,1.01686
24001,8.00843
24002,3.01687
24003,13.0084
24004,12.0084
24005,10.0169
24006,12.0084
24007,5.01687
24008,2.0253
24009,15.0084
24010,12.0169
24011,10.0253
24012,4.00843
24013,10.0084
24014,10.0169
24015,1.0253
24016,1.03373
24017,18.0084
24018,16.0169
24019,13.0253
24020,17.0084
24021,5.01687
24022,12.0084
24023,9.01686
24024,8.0253
24025,1.03373
24026,8.00843
24027,14.0084
24028,3.01687
24029,8.00843
24030,8.01686
24031,16.0084
24032,12.0084
24033,8.01686
24034,1.0253
24035,8.00843
24036,6.01687
24037,1.0253
24038,14.0084
24039,10.0169
24040,10.0084
24041,3.01687
24042,12.0084
24043,9.01686
24044,7.0253
24045,10.0084
24046,10.0169
24047,8.00843
24048,16.0084
24049,13.0169
24050,1.00843
24051,16.0084
24052,7.00843
24053,7.01687
24054,3.0253
24055,3.03373
24056,8.00843
24057,8.01686
24058,9.00843
24059,3.01687
24060,10.0084
24061,3.01687
24062,3.00843
24063,12.0084
24064,3.01687
24065,9.00843
24066,3.01687
24067,3.00843
24068,16.0084
24069,12.0169
24070,16.0084
24071,7.01687
24072,7.0253
24073,16.0084
24074,8.01686
24075,10.0084
24076,7.01687
24077,8.00843
24078,9.00843
24079,8.01686
24080,5.0253
24081,7.00843
24082,3.01687
24083,12.0084
24084,8.01686
24085,3.0253
24086,5.00843
24087,14.0084
24088,12.0169
24089,8.0253
24090,10.0084
24091,7.01687
24092,7.0253
24093,1.00843
24094,1.00843
24095,10.0084
24096,7.01687
24097,3.0253
24098,11.0084
24099,8.01686
24100,1.0253
24101,18.0084
24102,16.0169
24103,12.0253
24104,1.03373
24105,1.04216
24106,13.0084
24107,17.0084
24108,13.0169
24109,15.0084
24110,7.01687
24111,5.0253
24112,8.00843
24113,3.00843
24114,18.0084
24115,18.0169
24116,8.0253
24117,1.03373
24118,8.00843
24119,8.00843
24120,8.00843
24121,7.01687
24122,1.0253
24123,20.0084
24124,1.01686
24125,18.0084
24126,18.0084
24127,12.0169
24128,8.0253
24129,15.0084
24130,2.01687
24131,10.0084
24132,10.0169
24133,5.0253
24134,9.00843
24135,3.00843
24136,8.00843
24137,18.0084
24138,18.0169
24139,7.00843
24140,10.0084
24141,14.0084
24142,18.0084
24143,5.01687
24144,3.0253
24145,17.0084
24146,8.01686
24147,7.0253
24148,14.0084
24149,10.0169
24150,18.0084
24151,2.01687
24152,18.0084
24153,8.00843
24154,5.01687
24155,1.0253
24156,3.00843
24157,10.0084
24158,7.01687
24159,10.0084
24160,5.01687
24161,1.00843
24162,1.01686
24163,8.00843
24164,5.01687
24165,8.00843
24166,1.01686
24167,7.00843
24168,1.01686
24169,8.00843
24170,8.00843
24171,7.01687
24172,18.0084
24173,5.01687
24174,1.0253
24175,10.0084
24176,1.01686
24177,1.0253
24178,6.00843
24179,12.0084
24180,5.00843
24181,3.01687
24182,12.0084
24183,5.01687
24184,2.00843
24185,1.01686
24186,15.0084
24187,18.0084
24188,8.01686
24189,14.0084
24190,1.01686
24191,7.00843
24192,5.00843
24193,12.0084
24194,12.0169
24195,10.0253
24196,10.0337
24197,5.00843
24198,8.00843
24199,6.01687
24200,8.00843
24201,9.00843
24202,10.0084
24203,17.0084
24204,14.0169
24205,12.0253
24206,9.03373
24207,8.00843
24208,7.01687
24209,9.00843
24210,2.01687
24211,18.0084
24212,1.01686
24213,18.0084
24214,16.0169
24215,10.0253
24216,5.03373
24217,4.04216
24218,18.0084
24219,14.0169
24220,1.0253
24221,5.00843
24222,1.01686
24223,8.00843
24224,16.0084
24225,5.01687
24226,8.00843
24227,18.0084
24228,5.01687
24229,3.0253
24230,1.03373
24231,8.00843
24232,6.01687
24233,5.0253
24234,5.00843
24235,10.0084
24236,8.01686
24237,7.0253
24238,6.03373
24239,16.0084
24240,14.0169
24241,13.0253
24242,17.0084
24243,5.01687
24244,4.0253
24245,10.0084
24246,12.0084
24247,12.0169
24248,2.0253
24249,7.00843
24250,5.01687
24251,5.00843
24252,17.0084
24253,6.01687
24254,14.0084
24255,10.0084
24256,8.00843
24257,18.0084
24258,14.0169
24259,3.0253
24260,7.00843
24261,3.01687
24262,14.0084
24263,8.01686
24264,10.0084
24265,9.01686
24266,16.0084
24267,12.0169
24268,10.0253
24269,5.03373
24270,1.00843
24271,8.00843
24272,15.0084
24273,14.0169
24274,3.0253
24275,7.00843
24276,5.00843
24277,1.01686
24278,19.0084
24279,18.0084
24280,5.00843
24281,6.00843
24282,8.00843
24283,12.0084
24284,16.0084
24285,1.01686
24286,13.0084
24287,12.0169
24288,5.0253
24289,1.03373
24290,10.0084
24291,7.01687
24292,1.00843
24293,16.0084
24294,10.0084
24295,3.01687
24296,19.0084
24297,10.0169
24298,7.0253
24299,8.00843
24300,5.01687
24301,1.0253
24302,1.00843
24303,10.0084
24304,9.00843
24305,5.01687
24306,2.0253
24307,1.03373
24308,1.04216
24309,13.0084
24310,2.01687
24311,1.0253
24312,1.03373
24313,14.0084
24314,3.01687
24315,1.0253
24316,4.00843
24317,3.01687
24318,4.00843
24319,17.0084
24320,12.0169
24321,3.0253
24322,1.03373
24323,16.0084
24324,10.0169
24325,6.0253
24326,14.0084
24327,14.0169
24328,5.0253
24329,1.03373
24330,18.0084
24331,12.0169
24332,9.0253
24333,5.03373
24334,3.04216
24335,16.0084
24336,16.0169
24337,10.0253
24338,10.0337
24339,5.04216
24340,8.00843
24341,1.01686
24342,12.0084
24343,8.00843
24344,8.01686
24345,18.0084
24346,14.0169
24347,11.0253
24348,8.03373
24349,7.04216
24350,14.0084
24351,11.0169
24352,10.0253
24353,16.0084
24354,8.01686
24355,14.0084
24356,10.0169
24357,3.0253
24358,19.0084
24359,7.01687
24360,16.0084
24361,1.01686
24362,1.0253
24363,16.0084
24364,5.00843
24365,3.00843
24366,17.0084
24367,13.0169
24368,12.0253
24369,8.00843
24370,8.00843
24371,10.0084
24372,13.0084
24373,10.0169
24374,7.0253
24375,2.03373
24376,15.0084
24377,3.01687
24378,3.0253
24379,1.03373
24380,5.00843
24381,5.01687
24382,5.0253
24383,5.00843
24384,5.01687
24385,3.0253
24386,18.0084
24387,7.01687
24388,5.0253
24389,5.03373
24390,17.0084
24391,14.0169
24392,8.0253
24393,6.00843
24394,10.0084
24395,7.01687
24396,12.0084
24397,12.0084
24398,12.0169
24399,7.0253
24400,7.03373
24401,1.04216
24402,1.05059
24403,8.00843
24404,3.01687
24405,14.0084
24406,9.01686
24407,9.0253
24408,5.03373
24409,3.04216
24410,15.0084
24411,9.01686
24412,1.0253
24413,1.03373
24414,16.0084
24415,10.0169
24416,5.0253
24417,3.00843
24418,18.0084
24419,14.0169
24420,8.0253
24421,3.03373
24422,20.0084
24423,15.0169
24424,12.0084
24425,10.0169
24426,3.0253
24427,3.03373
24428,5.00843
24429,10.0084
24430,8.00843
24431,3.01687
24432,12.0084
24433,15.0084
24434,10.0169
24435,8.00843
24436,10.0084
24437,10.0169
24438,19.0084
24439,1.01686
24440,1.00843
24441,4.00843
24442,14.0084
24443,5.01687
24444,4.0253
24445,5.00843
24446,10.0084
24447,8.01686
24448,7.00843
24449,6.01687
24450,4.00843
24451,3.01687
24452,1.0253
24453,10.0084
24454,1.01686
24455,6.00843
24456,12.0084
24457,1.01686
24458,14.0084
24459,8.01686
24460,6.0253
24461,3.03373
24462,7.00843
24463,8.00843
24464,5.01687
24465,16.0084
24466,9.01686
24467,5.0253
24468,1.03373
24469,18.0084
24470,12.0169
24471,7.0253
24472,1.03373
24473,4.00843
24474,8.00843
24475,8.01686
24476,6.00843
24477,14.0084
24478,10.0169
24479,6.0253
24480,12.0084
24481,12.0169
24482,7.0253
24483,3.03373
24484,3.04216
24485,17.0084
24486,15.0169
24487,13.0253
24488,9.03373
24489,8.04216
24490,16.0084
24491,18.0084
24492,10.0169
24493,15.0084
24494,10.0169
24495,2.0253
24496,1.03373
24497,1.04216
24498,10.0084
24499,9.01686
24500,14.0084
24501,2.01687
24502,16.0084
24503,14.0084
24504,14.0084
24505,7.01687
24506,7.00843
24507,6.01687
24508,10.0084
24509,8.01686
24510,1.0253
24511,1.03373
24512,18.0084
24513,3.01687
24514,1.0253
24515,1.03373
24516,1.04216
24517,8.00843
24518,3.01687
24519,1.0253
24520,16.0084
24521,5.01687
24522,3.0253
24523,1.03373
24524,16.0084
24525,13.0169
24526,8.0253
24527,5.03373
24528,7.00843
24529,1.01686
24530,16.0084
24531,10.0169
24532,8.0253
24533,8.03373
24534,7.04216
24535,6.05059
24536,18.0084
24537,9.01686
24538,1.0253
24539,10.0084
24540,9.01686
24541,1.0253
24542,16.0084
24543,9.01686
24544,5.0253
24545,2.03373
24546,14.0084
24547,12.0169
24548,10.0253
24549,3.03373
24550,10.0084
24551,7.01687
24552,7.0253
24553,4.03373
24554,12.0084
24555,8.01686
24556,8.0253
24557,5.03373
24558,13.0084
24559,10.0084
24560,8.00843
24561,18.0084
24562,18.0169
24563,12.0253
24564,8.03373
24565,16.0084
24566,1.01686
24567,14.0084
24568,5.01687
24569,1.00843
24570,13.0084
24571,12.0169
24572,14.0084
24573,13.0169
24574,11.0253
24575,12.0084
24576,3.01687
24577,12.0084
24578,6.01687
24579,1.0253
24580,12.0084
24581,3.01687
24582,1.0253
24583,19.0084
24584,3.01687
24585,8.00843
24586,5.01687
24587,4.0253
24588,3.03373
24589,3.00843
24590,1.01686
24591,4.00843
24592,16.0084
24593,13.0084
24594,8.01686
24595,8.00843
24596,7.01687
24597,12.0084
24598,12.0169
24599,10.0253
24600,8.03373
24601,3.04216
24602,1.05059
24603,13.0084
24604,2.01687
24605,15.0084
24606,4.01687
24607,16.0084
24608,1.01686
24609,13.0084
24610,7.01687
24611,16.0084
24612,13.0169
24613,5.0253
24614,18.0084
24615,8.01686
24616,1.0253
24617,10.0084
24618,1.01686
24619,11.0084
24620,3.01687
24621,2.00843
24622,1.01686
24623,16.0084
24624,10.0169
24625,8.0253
24626,1.03373
24627,5.00843
24628,12.0084
24629,16.0084
24630,9.01686
24631,14.0084
24632,5.01687
24633,5.0253
24634,18.0084
24635,3.01687
24636,12.0084
24637,1.01686
24638,1.0253
24639,3.00843
24640,10.0084
24641,14.0084
24642,5.00843
24643,5.01687
24644,5.00843
24645,8.00843
24646,8.00843
24647,5.00843
24648,5.01687
24649,16.0084
24650,8.00843
24651,6.01687
24652,8.00843
24653,5.00843
24654,3.01687
24655,12.0084
24656,2.00843
24657,6.00843
24658,5.01687
24659,2.00843
24660,1.01686
24661,8.00843
24662,1.01686
24663,9.00843
24664,10.0084
24665,10.0169
24666,3.0253
24667,7.00843
24668,11.0084
24669,3.01687
24670,14.0084
24671,16.0084
24672,12.0084
24673,12.0169
24674,15.0084
24675,15.0169
24676,14.0253
24677,14.0337
24678,12.0422
24679,1.00843
24680,3.00843
24681,8.00843
24682,8.01686
24683,4.00843
24684,3.01687
24685,5.00843
24686,10.0084
24687,7.01687
24688,7.0253
24689,10.0084
24690,8.01686
24691,8.0253
24692,16.0084
24693,14.0084
24694,7.01687
24695,16.0084
24696,8.01686
24697,14.0084
24698,12.0169
24699,12.0253
24700,8.03373
24701,3.04216
24702,1.05059
24703,1.05903
24704,12.0084
24705,8.01686
24706,3.0253
24707,11.0084
24708,5.00843
24709,8.00843
24710,13.0084
24711,8.01686
24712,17.0084
24713,16.0169
24714,14.0253
24715,9.03373
24716,15.0084
24717,10.0169
24718,10.0253
24719,18.0084
24720,17.0084
24721,19.0084
24722,18.0169
24723,12.0084
24724,12.0084
24725,8.01686
24726,3.0253
24727,8.00843
24728,10.0084
24729,1.01686
24730,1.0253
24731,7.00843
24732,15.0084
24733,3.01687
24734,1.00843
24735,8.00843
24736,7.01687
24737,17.0084
24738,8.01686
24739,5.0253
24740,8.00843
24741,6.01687
24742,16.0084
24743,13.0169
24744,11.0084
24745,18.0084
24746,5.01687
24747,13.0084
24748,13.0084
24749,13.0169
24750,8.0253
24751,5.00843
24752,14.0084
24753,1.01686
24754,10.0084
24755,8.01686
24756,7.00843
24757,12.0084
24758,10.0084
24759,5.00843
24760,3.00843
24761,18.0084
24762,14.0169
24763,5.00843
24764,6.00843
24765,18.0084
24766,5.01687
24767,5.0253
24768,16.0084
24769,3.01687
24770,5.00843
24771,20.0084
24772,4.01687
24773,7.00843
24774,5.01687
24775,1.0253
24776,3.00843
24777,8.00843
24778,8.01686
24779,8.0253
24780,5.03373
24781,16.0084
24782,8.01686
24783,8.00843
24784,6.01687
24785,3.00843
24786,1.01686
24787,12.0084
24788,12.0169
24789,10.0253
24790,13.0084
24791,10.0169
24792,10.0084
24793,10.0169
24794,1.0253
24795,16.0084
24796,16.0169
24797,7.0253
24798,8.00843
24799,16.0084
24800,10.0169
24801,8.0253
24802,7.03373
24803,11.0084
24804,10.0169
24805,16.0084
24806,12.0169
24807,1.0253
24808,17.0084
24809,3.00843
24810,14.0084
24811,10.0169
24812,1.00843
24813,12.0084
24814,12.0169
24815,5.00843
24816,5.01687
24817,1.00843
24818,8.00843
24819,3.01687
24820,18.0084
24821,14.0084
24822,3.00843
24823,17.0084
24824,14.0084
24825,14.0169
24826,17.0084
24827,6.01687
24828,1.0253
24829,8.00843
24830,3.01687
24831,18.0084
24832,16.0169
24833,3.0253
24834,13.0084
24835,10.0169
24836,7.0253
24837,11.0084
24838,8.01686
24839,5.0253
24840,16.0084
24841,13.0169
24842,18.0084
24843,16.0169
24844,6.0253
24845,14.0084
24846,8.01686
24847,8.0253
24848,12.0084
24849,5.01687
24850,12.0084
24851,12.0169
24852,1.0253
24853,14.0084
24854,16.0084
24855,5.00843
24856,6.00843
24857,5.01687
24858,10.0084
24859,1.00843
24860,12.0084
24861,12.0169
24862,5.0253
24863,15.0084
24864,14.0169
24865,5.0253
24866,1.00843
24867,1.01686
24868,1.00843
24869,11.0084
24870,10.0084
24871,9.01686
24872,7.0253
24873,8.00843
24874,5.01687
24875,5.0253
24876,14.0084
24877,6.01687
24878,7.00843
24879,7.01687
24880,8.00843
24881,8.01686
24882,5.0253
24883,1.03373
24884,1.04216
24885,17.0084
24886,9.01686
24887,3.0253
24888,3.00843
24889,1.01686
24890,1.00843
24891,20.0084
24892,14.0169
24893,7.00843
24894,5.01687
24895,3.0253
24896,7.00843
24897,6.01687
24898,18.0084
24899,15.0169
24900,1.0253
24901,5.00843
24902,4.01687
24903,2.0253
24904,2.03373
24905,1.04216
24906,2.00843
24907,1.01686
24908,18.0084
24909,1.01686
24910,1.0253
24911,8.00843
24912,7.01687
24913,5.0253
24914,5.03373
24915,1.00843
24916,1.01686
24917,10.0084
24918,2.01687
24919,5.00843
24920,14.0084
24921,1.01686
24922,1.0253
24923,10.0084
24924,8.01686
24925,8.0253
24926,8.03373
24927,6.04216
24928,8.00843
24929,8.01686
24930,3.0253
24931,1.03373
24932,16.0084
24933,12.0169
24934,8.0253
24935,13.0084
24936,8.01686
24937,14.0084
24938,1.01686
24939,10.0084
24940,5.01687
24941,16.0084
24942,8.01686
24943,8.00843
24944,7.01687
24945,13.0084
24946,15.0084
24947,14.0169
24948,14.0253
24949,8.03373
24950,18.0084
24951,12.0169
24952,12.0253
24953,10.0337
24954,16.0084
24955,6.01687
24956,15.0084
24957,7.00843
24958,20.0084
24959,12.0169
24960,1.0253
24961,18.0084
24962,18.0169
24963,5.0253
24964,8.00843
24965,5.01687
24966,18.0084
24967,4.01687
24968,8.00843
24969,17.0084
24970,14.0084
24971,10.0169
24972,10.0253
24973,8.03373
24974,7.04216
24975,8.00843
24976,1.01686
24977,3.00843
24978,2.01687
24979,10.0084
24980,3.01687
24981,1.00843
24982,13.0084
24983,13.0169
24984,15.0084
24985,14.0169
24986,1.0253
24987,15.0084
24988,8.01686
24989,3.00843
24990,18.0084
24991,14.0169
24992,8.0253
24993,5.03373
24994,4.04216
24995,3.05059
24996,1.05903
24997,8.00843
24998,5.01687
24999,2.0253
25000,7.00843
25001,3.01687
25002,1.0253
25003,8.00843
25004,10.0084
25005,16.0084
25006,7.00843
25007,5.01687
25008,5.0253
25009,3.00843
25010,20.0084
25011,18.0169
25012,10.0253
25013,8.03373
25014,14.0084
25015,17.0084
25016,16.0169
25017,12.0253
25018,12.0337
25019,8.00843
25020,8.00843
25021,2.01687
25022,1.00843
25023,2.00843
25024,1.01686
25025,1.0253
25026,5.00843
25027,5.01687
25028,3.00843
25029,13.0084
25030,5.00843
25031,9.00843
25032,7.00843
25033,19.0084
25034,12.0169
25035,10.0253
25036,1.03373
25037,1.04216
25038,7.00843
25039,1.01686
25040,15.0084
25041,15.0169
25042,10.0253
25043,10.0337
25044,5.04216
25045,6.00843
25046,15.0084
25047,5.00843
25048,12.0084
25049,1.01686
25050,16.0084
25051,16.0169
25052,16.0253
25053,3.03373
25054,1.04216
25055,1.05059
25056,15.0084
25057,1.01686
25058,1.0253
25059,3.00843
25060,1.01686
25061,16.0084
25062,15.0084
25063,14.0084
25064,7.00843
25065,7.01687
25066,8.00843
25067,1.01686
25068,10.0084
25069,8.01686
25070,9.00843
25071,12.0084
25072,3.01687
25073,16.0084
25074,5.01687
25075,7.00843
25076,8.00843
25077,7.01687
25078,5.00843
25079,1.01686
25080,17.0084
25081,10.0169
25082,8.0253
25083,3.00843
25084,1.01686
25085,14.0084
25086,5.00843
25087,3.01687
25088,10.0084
25089,1.01686
25090,7.00843
25091,1.01686
25092,14.0084
25093,12.0169
25094,8.0253
25095,3.03373
25096,12.0084
25097,5.00843
25098,8.00843
25099,5.01687
25100,1.00843
25101,12.0084
25102,7.01687
25103,8.00843
25104,14.0084
25105,14.0169
25106,12.0253
25107,10.0084
25108,8.01686
25109,14.0084
25110,16.0084
25111,8.00843
25112,8.01686
25113,8.00843
25114,10.0084
25115,8.01686
25116,2.00843
25117,3.00843
25118,18.0084
25119,8.01686
25120,3.00843
25121,10.0084
25122,5.00843
25123,3.01687
25124,18.0084
25125,5.01687
25126,5.0253
25127,14.0084
25128,14.0169
25129,10.0084
25130,7.01687
25131,17.0084
25132,16.0084
25133,8.01686
25134,7.0253
25135,16.0084
25136,11.0169
25137,6.0253
25138,10.0084
25139,10.0169
25140,8.0253
25141,9.00843
25142,9.01686
25143,13.0084
25144,12.0169
25145,6.0253
25146,6.03373
25147,3.00843
25148,12.0084
25149,10.0169
25150,8.0253
25151,18.0084
25152,1.01686
25153,12.0084
25154,10.0169
25155,18.0084
25156,10.0169
25157,7.0253
25158,5.03373
25159,12.0084
25160,18.0084
25161,16.0169
25162,14.0253
25163,8.03373
25164,17.0084
25165,1.01686
25166,10.0084
25167,1.00843
25168,16.0084
25169,5.01687
25170,5.00843
25171,5.01687
25172,13.0084
25173,8.00843
25174,7.01687
25175,8.00843
25176,10.0084
25177,12.0084
25178,11.0169
25179,13.0084
25180,8.01686
25181,5.0253
25182,9.00843
25183,5.01687
25184,3.0253
25185,19.0084
25186,3.00843
25187,17.0084
25188,8.00843
25189,1.01686
25190,18.0084
25191,2.01687
25192,6.00843
25193,1.01686
25194,5.00843
25195,5.01687
25196,1.0253
25197,14.0084
25198,6.01687
25199,13.0084
25200,5.01687
25201,10.0084
25202,7.01687
25203,5.0253
25204,17.0084
25205,13.0084
25206,4.01687
25207,12.0084
25208,5.01687
25209,8.00843
25210,1.01686
25211,1.0253
25212,17.0084
25213,3.01687
25214,14.0084
25215,13.0169
25216,12.0253
25217,18.0084
25218,14.0084
25219,5.01687
25220,16.0084
25221,8.01686
25222,6.0253
25223,8.00843
25224,6.01687
25225,5.0253
25226,5.03373
25227,12.0084
25228,5.01687
25229,1.0253
25230,12.0084
25231,20.0084
25232,10.0169
25233,10.0253
25234,8.00843
25235,3.01687
25236,3.0253
25237,12.0084
25238,16.0084
25239,17.0084
25240,15.0169
25241,1.0253
25242,10.0084
25243,20.0084
25244,10.0169
25245,6.0253
25246,1.03373
25247,18.0084
25248,12.0084
25249,20.0084
25250,18.0169
25251,14.0253
25252,14.0337
25253,16.0084
25254,11.0084
25255,20.0084
25256,12.0084
25257,7.00843
25258,1.01686
25259,1.0253
25260,1.03373
25261,10.0084
25262,12.0084
25263,13.0084
25264,9.00843
25265,5.01687
25266,8.00843
25267,8.00843
25268,15.0084
25269,12.0084
25270,5.01687
25271,5.0253
25272,1.03373
25273,1.04216
25274,14.0084
25275,3.01687
25276,18.0084
25277,15.0169
25278,3.0253
25279,16.0084
25280,16.0084
25281,8.01686
25282,1.00843
25283,1.01686
25284,8.00843
25285,4.01687
25286,9.00843
25287,1.01686
25288,1.0253
25289,8.00843
25290,1.01686
25291,1.0253
25292,5.00843
25293,5.01687
25294,3.0253
25295,8.00843
25296,13.0084
25297,7.01687
25298,12.0084
25299,10.0169
25300,6.0253
25301,8.00843
25302,7.01687
25303,8.00843
25304,8.01686
25305,14.0084
25306,8.01686
25307,8.0253
25308,3.03373
25309,10.0084
25310,6.00843
25311,12.0084
25312,7.01687
25313,18.0084
25314,1.00843
25315,16.0084
25316,15.0169
25317,10.0253
25318,10.0337
25319,16.0084
25320,9.01686
25321,18.0084
25322,18.0169
25323,16.0253
25324,12.0337
25325,12.0084
25326,10.0169
25327,5.0253
25328,7.00843
25329,2.01687
25330,1.0253
25331,1.00843
25332,7.00843
25333,5.01687
25334,5.0253
25335,5.03373
25336,18.0084
25337,10.0169
25338,10.0253
25339,7.03373
25340,4.04216
25341,5.00843
25342,5.01687
25343,5.0253
25344,20.0084
25345,8.01686
25346,8.0253
25347,7.00843
25348,17.0084
25349,10.0084
25350,1.01686
25351,14.0084
25352,10.0169
25353,7.0253
25354,15.0084
25355,5.01687
25356,8.00843
25357,8.01686
25358,7.0253
25359,19.0084
25360,13.0169
25361,10.0253
25362,8.03373
25363,1.04216
25364,8.00843
25365,3.01687
25366,3.0253
25367,20.0084
25368,15.0169
25369,3.00843
25370,6.00843
25371,3.01687
25372,15.0084
25373,5.01687
25374,3.0253
25375,6.00843
25376,9.00843
25377,12.0084
25378,10.0169
25379,13.0084
25380,12.0169
25381,13.0084
25382,3.01687
25383,13.0084
25384,12.0169
25385,8.00843
25386,1.01686
25387,1.0253
25388,5.00843
25389,1.00843
25390,1.01686
25391,5.00843
25392,7.00843
25393,5.01687
25394,10.0084
25395,10.0169
25396,12.0084
25397,7.00843
25398,8.00843
25399,3.01687
25400,8.00843
25401,5.01687
25402,15.0084
25403,18.0084
25404,12.0169
25405,10.0253
25406,10.0337
25407,14.0084
25408,13.0169
25409,8.0253
25410,20.0084
25411,7.00843
25412,16.0084
25413,10.0169
25414,13.0084
25415,5.01687
25416,1.00843
25417,16.0084
25418,3.00843
25419,1.00843
25420,8.00843
25421,5.00843
25422,3.01687
25423,1.0253
25424,8.00843
25425,7.01687
25426,3.0253
25427,10.0084
25428,10.0169
25429,6.0253
25430,3.03373
25431,8.00843
25432,8.00843
25433,12.0084
25434,10.0169
25435,1.0253
25436,1.03373
25437,11.0084
25438,8.01686
25439,5.0253
25440,5.03373
25441,12.0084
25442,12.0169
25443,3.0253
25444,1.03373
25445,1.04216
25446,10.0084
25447,7.01687
25448,5.0253
25449,2.03373
25450,1.04216
25451,3.00843
25452,15.0084
25453,14.0169
25454,7.0253
25455,6.03373
25456,5.04216
25457,3.05059
25458,16.0084
25459,5.01687
25460,1.0253
25461,19.0084
25462,10.0169
25463,5.0253
25464,3.03373
25465,17.0084
25466,12.0169
25467,9.0253
25468,2.03373
25469,1.04216
25470,14.0084
25471,5.01687
25472,12.0084
25473,11.0169
25474,4.0253
25475,3.03373
25476,12.0084
25477,1.01686
25478,14.0084
25479,14.0169
25480,9.0253
25481,1.03373
25482,1.04216
25483,16.0084
25484,13.0169
25485,10.0253
25486,12.0084
25487,8.01686
25488,8.0253
25489,10.0084
25490,15.0084
25491,14.0169
25492,12.0084
25493,8.01686
25494,3.0253
25495,18.0084
25496,10.0084
25497,10.0169
25498,3.0253
25499,16.0084
25500,3.01687
25501,18.0084
25502,15.0169
25503,12.0253
25504,16.0084
25505,10.0169
25506,14.0084
25507,16.0084
25508,16.0169
25509,15.0253
25510,12.0337
25511,12.0084
25512,5.01687
25513,16.0084
25514,2.01687
25515,1.0253
25516,8.00843
25517,5.01687
25518,1.00843
25519,1.01686
25520,8.00843
25521,8.00843
25522,5.01687
25523,3.0253
25524,3.03373
25525,8.00843
25526,13.0084
25527,10.0084
25528,8.01686
25529,8.0253
25530,3.03373
25531,9.00843
25532,8.01686
25533,3.0253
25534,12.0084
25535,12.0169
25536,13.0084
25537,1.01686
25538,12.0084
25539,12.0169
25540,12.0253
25541,13.0084
25542,6.00843
25543,5.01687
25544,5.0253
25545,8.00843
25546,5.01687
25547,3.0253
25548,7.00843
25549,16.0084
25550,10.0169
25551,5.0253
25552,18.0084
25553,18.0169
25554,8.0253
25555,6.03373
25556,10.0084
25557,1.00843
25558,13.0084
25559,1.01686
25560,16.0084
25561,10.0169
25562,18.0084
25563,12.0084
25564,10.0169
25565,17.0084
25566,12.0084
25567,8.01686
25568,5.0253
25569,5.03373
25570,1.04216
25571,8.00843
25572,13.0084
25573,7.01687
25574,6.0253
25575,5.03373
25576,16.0084
25577,8.00843
25578,18.0084
25579,10.0084
25580,9.01686
25581,14.0084
25582,1.01686
25583,1.0253
25584,16.0084
25585,13.0169
25586,3.0253
25587,3.03373
25588,14.0084
25589,4.01687
25590,12.0084
25591,11.0169
25592,4.0253
25593,16.0084
25594,15.0169
25595,3.0253
25596,1.03373
25597,7.00843
25598,7.01687
25599,3.00843
25600,3.01687
25601,8.00843
25602,17.0084
25603,10.0169
25604,10.0253
25605,7.03373
25606,18.0084
25607,16.0084
25608,17.0084
25609,14.0169
25610,7.0253
25611,8.00843
25612,1.01686
25613,6.00843
25614,3.01687
25615,12.0084
25616,14.0084
25617,1.01686
25618,1.0253
25619,16.0084
25620,16.0169
25621,5.0253
25622,5.03373
25623,7.00843
25624,16.0084
25625,8.01686
25626,9.00843
25627,18.0084
25628,12.0169
25629,5.0253
25630,15.0084
25631,8.01686
25632,8.0253
25633,5.03373
25634,14.0084
25635,8.01686
25636,5.0253
25637,1.03373
25638,1.04216
25639,1.05059
25640,1.05903
25641,18.0084
25642,8.01686
25643,2.0253
25644,3.00843
25645,1.01686
25646,10.0084
25647,1.01686
25648,6.00843
25649,7.00843
25650,3.01687
25651,1.0253
25652,10.0084
25653,8.01686
25654,18.0084
25655,6.01687
25656,5.0253
25657,19.0084
25658,18.0169
25659,16.0253
25660,16.0337
25661,1.04216
25662,14.0084
25663,5.01687
25664,3.0253
25665,12.0084
25666,13.0084
25667,13.0169
25668,5.00843
25669,2.01687
25670,17.0084
25671,17.0169
25672,13.0084
25673,8.01686
25674,15.0084
25675,11.0169
25676,10.0084
25677,10.0169
25678,8.0253
25679,17.0084
25680,14.0169
25681,18.0084
25682,16.0084
25683,8.01686
25684,8.00843
25685,1.01686
25686,1.0253
25687,6.00843
25688,11.0084
25689,3.01687
25690,18.0084
25691,12.0084
25692,1.01686
25693,13.0084
25694,13.0169
25695,13.0084
25696,5.00843
25697,7.00843
25698,16.0084
25699,7.01687
25700,5.00843
25701,14.0084
25702,6.00843
25703,7.00843
25704,18.0084
25705,9.00843
25706,3.01687
25707,10.0084
25708,1.00843
25709,1.00843
25710,8.00843
25711,3.01687
25712,2.0253
25713,2.03373
25714,14.0084
25715,13.0169
25716,14.0084
25717,3.01687
25718,16.0084
25719,6.01687
25720,3.0253
25721,17.0084
25722,3.01687
25723,10.0084
25724,8.01686
25725,8.0253
25726,19.0084
25727,6.01687
25728,8.00843
25729,16.0084
25730,14.0084
25731,12.0084
25732,5.01687
25733,3.0253
25734,10.0084
25735,8.01686
25736,18.0084
25737,8.01686
25738,6.00843
25739,1.01686
25740,18.0084
25741,3.00843
25742,1.00843
25743,1.01686
25744,5.00843
25745,3.01687
25746,1.0253
25747,1.03373
25748,12.0084
25749,6.01687
25750,6.0253
25751,5.03373
25752,8.00843
25753,19.0084
25754,14.0169
25755,8.0253
25756,7.00843
25757,10.0084
25758,9.01686
25759,8.0253
25760,8.03373
25761,7.04216
25762,9.00843
25763,8.01686
25764,8.0253
25765,12.0084
25766,8.00843
25767,6.01687
25768,1.0253
25769,1.00843
25770,1.01686
25771,16.0084
25772,16.0169
25773,16.0253
25774,16.0337
25775,16.0422
25776,13.0506
25777,3.05903
25778,14.0084
25779,14.0169
25780,3.0253
25781,5.00843
25782,1.01686
25783,16.0084
25784,12.0169
25785,8.0253
25786,7.03373
25787,8.00843
25788,8.01686
25789,1.0253
25790,2.00843
25791,8.00843
25792,3.01687
25793,8.00843
25794,16.0084
25795,12.0169
25796,5.0253
25797,17.0084
25798,16.0084
25799,1.01686
25800,9.00843
25801,5.01687
25802,1.0253
25803,16.0084
25804,16.0169
25805,12.0253
25806,12.0337
25807,13.0084
25808,10.0169
25809,8.0253
25810,11.0084
25811,8.01686
25812,12.0084
25813,12.0169
25814,12.0253
25815,3.03373
25816,17.0084
25817,16.0169
25818,10.0253
25819,8.03373
25820,3.04216
25821,14.0084
25822,7.01687
25823,1.0253
25824,18.0084
25825,10.0169
25826,9.00843
25827,8.01686
25828,1.0253
25829,10.0084
25830,10.0169
25831,10.0084
25832,5.01687
25833,1.0253
25834,3.00843
25835,10.0084
25836,8.00843
25837,17.0084
25838,14.0084
25839,13.0169
25840,1.00843
25841,7.00843
25842,16.0084
25843,16.0169
25844,15.0084
25845,14.0169
25846,5.00843
25847,15.0084
25848,1.00843
25849,8.00843
25850,3.00843
25851,7.00843
25852,10.0084
25853,3.01687
25854,1.0253
25855,3.00843
25856,1.01686
25857,14.0084
25858,7.00843
25859,6.01687
25860,12.0084
25861,6.01687
25862,6.0253
25863,20.0084
25864,10.0084
25865,14.0084
25866,12.0169
25867,8.0253
25868,5.00843
25869,18.0084
25870,18.0084
25871,7.01687
25872,3.0253
25873,3.03373
25874,20.0084
25875,8.01686
25876,10.0084
25877,1.00843
25878,5.00843
25879,5.01687
25880,12.0084
25881,3.01687
25882,1.0253
25883,5.00843
25884,2.01687
25885,8.00843
25886,3.01687
25887,16.0084
25888,3.01687
25889,10.0084
25890,10.0169
25891,1.0253
25892,9.00843
25893,7.00843
25894,20.0084
25895,10.0169
25896,8.0253
25897,8.03373
25898,8.04216
25899,3.00843
25900,12.0084
25901,12.0169
25902,20.0084
25903,1.00843
25904,3.00843
25905,12.0084
25906,12.0169
25907,8.00843
25908,1.01686
25909,1.0253
25910,14.0084
25911,7.01687
25912,18.0084
25913,7.01687
25914,3.0253
25915,8.00843
25916,5.00843
25917,5.01687
25918,5.0253
25919,6.00843
25920,7.00843
25921,7.01687
25922,16.0084
25923,12.0169
25924,8.0253
25925,8.03373
25926,8.04216
25927,9.00843
25928,7.00843
25929,1.01686
25930,12.0084
25931,8.01686
25932,13.0084
25933,5.01687
25934,18.0084
25935,10.0169
25936,12.0084
25937,16.0084
25938,9.01686
25939,5.0253
25940,5.00843
25941,1.01686
25942,15.0084
25943,5.01687
25944,7.00843
25945,6.01687
25946,14.0084
25947,13.0169
25948,13.0084
25949,3.01687
25950,3.00843
25951,11.0084
25952,2.01687
25953,12.0084
25954,15.0084
25955,8.01686
25956,8.0253
25957,5.03373
25958,1.04216
25959,6.00843
25960,1.00843
25961,10.0084
25962,12.0084
25963,1.00843
25964,20.0084
25965,6.01687
25966,6.0253
25967,6.03373
25968,13.0084
25969,7.01687
25970,20.0084
25971,14.0169
25972,8.0253
25973,8.00843
25974,19.0084
25975,10.0169
25976,12.0084
25977,10.0169
25978,16.0084
25979,12.0169
25980,3.0253
25981,14.0084
25982,14.0169
25983,3.00843
25984,18.0084
25985,13.0084
25986,10.0169
25987,10.0253
25988,11.0084
25989,13.0084
25990,1.01686
25991,5.00843
25992,15.0084
25993,3.01687
25994,3.0253
25995,14.0084
25996,17.0084
25997,5.00843
25998,5.01687
25999,1.0253
26000,7.00843
26001,18.0084
26002,8.01686
26003,1.0253
26004,14.0084
26005,10.0169
26006,15.0084
26007,14.0169
26008,12.0253
26009,14.0084
26010,10.0169
26011,8.00843
26012,8.01686
26013,8.00843
26014,3.01687
26015,3.0253
26016,14.0084
26017,7.01687
26018,16.0084
26019,5.01687
26020,3.0253
26021,15.0084
26022,1.01686
26023,7.00843
26024,5.01687
26025,18.0084
26026,10.0084
26027,10.0169
26028,3.0253
26029,4.00843
26030,3.00843
26031,6.00843
26032,1.00843
26033,1.01686
26034,7.00843
26035,1.01686
26036,10.0084
26037,2.00843
26038,6.00843
26039,15.0084
26040,9.00843
26041,10.0084
26042,1.01686
26043,1.0253
26044,14.0084
26045,13.0084
26046,12.0084
26047,1.01686
26048,8.00843
26049,8.01686
26050,4.0253
26051,15.0084
26052,14.0169
26053,8.00843
26054,20.0084
26055,5.00843
26056,3.01687
26057,1.00843
26058,12.0084
26059,8.01686
26060,20.0084
26061,6.01687
26062,10.0084
26063,18.0084
26064,14.0084
26065,7.00843
26066,5.00843
26067,13.0084
26068,13.0084
26069,3.01687
26070,1.0253
26071,8.00843
26072,14.0084
26073,5.01687
26074,3.0253
26075,8.00843
26076,2.00843
26077,1.01686
26078,10.0084
26079,5.01687
26080,14.0084
26081,7.01687
26082,3.0253
26083,8.00843
26084,18.0084
26085,16.0169
26086,10.0253
26087,15.0084
26088,1.01686
26089,16.0084
26090,7.01687
26091,1.0253
26092,1.03373
26093,1.04216
26094,1.05059
26095,10.0084
26096,8.01686
26097,7.0253
26098,7.03373
26099,3.04216
26100,3.05059
26101,18.0084
26102,3.01687
26103,13.0084
26104,11.0169
26105,5.0253
26106,8.00843
26107,6.01687
26108,14.0084
26109,7.01687
26110,8.00843
26111,11.0084
26112,10.0169
26113,5.0253
26114,16.0084
26115,1.01686
26116,2.00843
26117,1.01686
26118,18.0084
26119,16.0084
26120,14.0084
26121,11.0169
26122,7.00843
26123,3.01687
26124,16.0084
26125,3.01687
26126,3.0253
26127,14.0084
26128,10.0169
26129,9.00843
26130,6.00843
26131,1.01686
26132,13.0084
26133,8.00843
26134,8.01686
26135,7.0253
26136,8.00843
26137,13.0084
26138,6.01687
26139,1.0253
26140,3.00843
26141,1.01686
26142,1.0253
26143,1.03373
26144,1.04216
26145,14.0084
26146,2.01687
26147,1.0253
26148,15.0084
26149,5.01687
26150,1.00843
26151,1.01686
26152,15.0084
26153,12.0084
26154,14.0084
26155,13.0169
26156,10.0253
26157,10.0337
26158,13.0084
26159,10.0169
26160,8.0253
26161,7.00843
26162,9.00843
26163,8.01686
26164,8.0253
26165,13.0084
26166,1.01686
26167,10.0084
26168,7.00843
26169,16.0084
26170,16.0169
26171,16.0253
26172,13.0337
26173,1.04216
26174,18.0084
26175,3.00843
26176,16.0084
26177,10.0084
26178,18.0084
26179,5.01687
26180,1.0253
26181,1.03373
26182,6.00843
26183,16.0084
26184,3.00843
26185,5.00843
26186,19.0084
26187,7.01687
26188,6.0253
26189,6.03373
26190,3.04216
26191,14.0084
26192,16.0084
26193,10.0169
26194,5.0253
26195,10.0084
26196,10.0169
26197,9.0253
26198,16.0084
26199,12.0169
26200,7.0253
26201,13.0084
26202,13.0084
26203,9.01686
26204,1.00843
26205,13.0084
26206,17.0084
26207,14.0169
26208,8.0253
26209,5.03373
26210,1.00843
26211,19.0084
26212,10.0084
26213,2.01687
26214,8.00843
26215,7.01687
26216,5.0253
26217,5.03373
26218,1.04216
26219,1.05059
26220,17.0084
26221,13.0169
26222,7.00843
26223,3.01687
26224,3.0253
26225,16.0084
26226,16.0169
26227,8.0253
26228,12.0084
26229,5.01687
26230,5.0253
26231,13.0084
26232,6.01687
26233,6.0253
26234,15.0084
26235,1.01686
26236,10.0084
26237,8.01686
26238,1.00843
26239,12.0084
26240,12.0169
26241,3.0253
26242,7.00843
26243,1.01686
26244,14.0084
26245,18.0084
26246,5.01687
26247,3.0253
26248,10.0084
26249,1.01686
26250,14.0084
26251,5.01687
26252,3.0253
26253,3.03373
26254,15.0084
26255,8.01686
26256,1.0253
26257,7.00843
26258,8.00843
26259,8.01686
26260,19.0084
26261,13.0169
26262,10.0253
26263,8.03373
26264,7.04216
26265,5.05059
26266,8.00843
26267,3.01687
26268,13.0084
26269,11.0169
26270,10.0084
26271,3.00843
26272,12.0084
26273,7.01687
26274,5.0253
26275,8.00843
26276,14.0084
26277,5.01687
26278,17.0084
26279,10.0169
26280,8.0253
26281,14.0084
26282,15.0084
26283,2.01687
26284,19.0084
26285,16.0169
26286,10.0084
26287,6.00843
26288,8.00843
26289,3.01687
26290,1.0253
26291,5.00843
26292,1.00843
26293,1.01686
26294,16.0084
26295,7.01687
26296,5.0253
26297,7.00843
26298,6.01687
26299,3.0253
26300,3.03373
26301,9.00843
26302,8.01686
26303,7.0253
26304,3.00843
26305,1.01686
26306,12.0084
26307,10.0169
26308,3.0253
26309,3.03373
26310,1.04216
26311,10.0084
26312,3.01687
26313,1.0253
26314,5.00843
26315,3.01687
26316,16.0084
26317,7.00843
26318,6.01687
26319,17.0084
26320,12.0169
26321,8.0253
26322,3.03373
26323,13.0084
26324,18.0084
26325,14.0169
26326,13.0253
26327,14.0084
26328,10.0169
26329,1.0253
26330,1.03373
26331,9.00843
26332,3.00843
26333,3.01687
26334,1.0253
26335,12.0084
26336,16.0084
26337,14.0169
26338,12.0253
26339,1.03373
26340,15.0084
26341,14.0084
26342,3.01687
26343,8.00843
26344,20.0084
26345,5.01687
26346,1.0253
26347,20.0084
26348,16.0084
26349,3.01687
26350,2.0253
26351,18.0084
26352,1.01686
26353,12.0084
26354,10.0169
26355,10.0084
26356,3.01687
26357,5.00843
26358,18.0084
26359,7.00843
26360,7.01687
26361,8.00843
26362,8.01686
26363,10.0084
26364,6.01687
26365,14.0084
26366,13.0169
26367,7.0253
26368,3.00843
26369,8.00843
26370,18.0084
26371,10.0169
26372,10.0253
26373,12.0084
26374,12.0084
26375,14.0084
26376,3.01687
26377,1.0253
26378,3.00843
26379,6.00843
26380,12.0084
26381,18.0084
26382,14.0084
26383,1.00843
26384,1.00843
26385,12.0084
26386,15.0084
26387,8.01686
26388,5.0253
26389,7.00843
26390,1.01686
26391,20.0084
26392,18.0169
26393,8.0253
26394,8.03373
26395,6.04216
26396,2.05059
26397,8.00843
26398,8.01686
26399,8.0253
26400,17.0084
26401,10.0084
26402,10.0084
26403,16.0084
26404,9.01686
26405,14.0084
26406,16.0084
26407,8.01686
26408,8.00843
26409,1.01686
26410,7.00843
26411,1.01686
26412,3.00843
26413,16.0084
26414,18.0084
26415,4.01687
26416,16.0084
26417,5.01687
26418,1.0253
26419,14.0084
26420,6.01687
26421,13.0084
26422,14.0084
26423,8.01686
26424,8.00843
26425,7.00843
26426,5.00843
26427,1.01686
26428,7.00843
26429,5.01687
26430,7.00843
26431,7.01687
26432,4.0253
26433,8.00843
26434,5.01687
26435,13.0084
26436,8.01686
26437,10.0084
26438,16.0084
26439,12.0169
26440,19.0084
26441,14.0169
26442,12.0084
26443,16.0084
26444,1.01686
26445,10.0084
26446,18.0084
26447,17.0169
26448,20.0084
26449,5.01687
26450,1.0253
26451,6.00843
26452,5.01687
26453,2.0253
26454,6.00843
26455,3.01687
26456,5.00843
26457,16.0084
26458,10.0169
26459,5.0253
26460,3.03373
26461,7.00843
26462,5.01687
26463,3.0253
26464,1.03373
26465,1.04216
26466,14.0084
26467,3.01687
26468,14.0084
26469,10.0169
26470,10.0253
26471,10.0084
26472,5.01687
26473,14.0084
26474,7.01687
26475,8.00843
26476,14.0084
26477,9.01686
26478,3.0253
26479,10.0084
26480,5.01687
26481,1.0253
26482,12.0084
26483,12.0169
26484,11.0253
26485,11.0337
26486,7.04216
26487,7.00843
26488,6.01687
26489,5.00843
26490,5.01687
26491,1.0253
26492,6.00843
26493,5.01687
26494,6.00843
26495,5.01687
26496,1.0253
26497,15.0084
26498,10.0169
26499,10.0253
26500,7.03373
26501,18.0084
26502,17.0169
26503,8.0253
26504,14.0084
26505,5.01687
26506,3.00843
26507,17.0084
26508,14.0169
26509,12.0253
26510,5.00843
26511,14.0084
26512,3.01687
26513,5.00843
26514,10.0084
26515,14.0084
26516,12.0084
26517,10.0084
26518,5.01687
26519,12.0084
26520,16.0084
26521,7.01687
26522,19.0084
26523,3.01687
26524,1.00843
26525,3.00843
26526,1.01686
26527,18.0084
26528,16.0169
26529,4.0253
26530,3.00843
26531,3.01687
26532,15.0084
26533,8.00843
26534,7.01687
26535,5.0253
26536,5.03373
26537,5.04216
26538,1.05059
26539,8.00843
26540,7.01687
26541,7.00843
26542,7.01687
26543,5.0253
26544,8.00843
26545,6.01687
26546,10.0084
26547,1.01686
26548,10.0084
26549,10.0169
26550,10.0253
26551,10.0337
26552,10.0422
26553,16.0084
26554,8.01686
26555,12.0084
26556,8.01686
26557,5.0253
26558,15.0084
26559,14.0084
26560,13.0169
26561,12.0084
26562,17.0084
26563,17.0169
26564,14.0253
26565,14.0337
26566,13.0422
26567,1.05059
26568,18.0084
26569,6.01687
26570,5.00843
26571,16.0084
26572,15.0084
26573,12.0169
26574,7.0253
26575,13.0084
26576,2.01687
26577,10.0084
26578,8.01686
26579,8.0253
26580,3.03373
26581,10.0084
26582,8.01686
26583,12.0084
26584,14.0084
26585,16.0084
26586,3.01687
26587,18.0084
26588,18.0169
26589,1.0253
26590,10.0084
26591,7.00843
26592,13.0084
26593,18.0084
26594,11.0169
26595,5.0253
26596,9.00843
26597,7.00843
26598,1.01686
26599,12.0084
26600,10.0169
26601,14.0084
26602,10.0084
26603,1.00843
26604,7.00843
26605,5.01687
26606,5.0253
26607,3.00843
26608,5.00843
26609,2.00843
26610,1.01686
26611,1.00843
26612,10.0084
26613,3.01687
26614,8.00843
26615,3.01687
26616,12.0084
26617,10.0169
26618,8.0253
26619,1.03373
26620,13.0084
26621,17.0084
26622,12.0169
26623,12.0253
26624,10.0337
26625,7.04216
26626,20.0084
26627,18.0169
26628,8.0253
26629,7.03373
26630,1.04216
26631,19.0084
26632,13.0084
26633,10.0169
26634,16.0084
26635,8.00843
26636,5.01687
26637,3.0253
26638,19.0084
26639,8.01686
26640,1.0253
26641,14.0084
26642,5.01687
26643,18.0084
26644,8.01686
26645,8.0253
26646,7.03373
26647,16.0084
26648,3.00843
26649,11.0084
26650,5.00843
26651,5.01687
26652,14.0084
26653,7.01687
26654,1.0253
26655,16.0084
26656,10.0084
26657,5.00843
26658,16.0084
26659,13.0169
26660,3.00843
26661,16.0084
26662,11.0084
26663,10.0084
26664,1.00843
26665,7.00843
26666,3.01687
26667,3.0253
26668,10.0084
26669,7.01687
26670,16.0084
26671,18.0084
26672,14.0169
26673,12.0084
26674,12.0084
26675,1.01686
26676,1.0253
26677,18.0084
26678,15.0169
26679,2.0253
26680,18.0084
26681,16.0169
26682,16.0253
26683,12.0084
26684,7.01687
26685,8.00843
26686,5.01687
26687,18.0084
26688,8.01686
26689,7.0253
26690,7.00843
26691,7.01687
26692,1.0253
26693,8.00843
26694,12.0084
26695,6.01687
26696,16.0084
26697,13.0084
26698,12.0169
26699,12.0253
26700,8.03373
26701,3.04216
26702,18.0084
26703,3.01687
26704,12.0084
26705,3.01687
26706,17.0084
26707,12.0169
26708,8.0253
26709,6.03373
26710,18.0084
26711,5.01687
26712,5.0253
26713,5.03373
26714,1.04216
26715,19.0084
26716,18.0169
26717,6.0253
26718,16.0084
26719,8.01686
26720,4.00843
26721,12.0084
26722,7.01687
26723,1.00843
26724,1.01686
26725,13.0084
26726,5.01687
26727,7.00843
26728,5.01687
26729,1.00843
26730,13.0084
26731,12.0084
26732,16.0084
26733,15.0084
26734,1.01686
26735,12.0084
26736,10.0169
26737,8.00843
26738,6.01687
26739,18.0084
26740,10.0169
26741,5.0253
26742,16.0084
26743,16.0169
26744,5.0253
26745,1.03373
26746,3.00843
26747,18.0084
26748,10.0169
26749,10.0253
26750,8.03373
26751,3.04216
26752,14.0084
26753,5.01687
26754,1.0253
26755,14.0084
26756,12.0169
26757,7.0253
26758,7.03373
26759,3.04216
26760,7.00843
26761,5.01687
26762,1.0253
26763,5.00843
26764,8.00843
26765,8.00843
26766,14.0084
26767,12.0169
26768,3.0253
26769,18.0084
26770,14.0169
26771,8.00843
26772,12.0084
26773,14.0084
26774,8.00843
26775,7.00843
26776,6.00843
26777,8.00843
26778,6.01687
26779,8.00843
26780,1.01686
26781,1.00843
26782,16.0084
26783,6.01687
26784,10.0084
26785,8.01686
26786,8.0253
26787,1.03373
26788,1.04216
26789,1.05059
26790,18.0084
26791,1.01686
26792,3.00843
26793,3.01687
26794,10.0084
26795,1.00843
26796,1.00843
26797,1.00843
26798,1.01686
26799,5.00843
26800,15.0084
26801,3.01687
26802,12.0084
26803,17.0084
26804,14.0084
26805,16.0084
26806,9.01686
26807,8.0253
26808,8.03373
26809,3.04216
26810,8.00843
26811,2.00843
26812,5.00843
26813,1.01686
26814,14.0084
26815,7.01687
26816,1.0253
26817,3.00843
26818,14.0084
26819,12.0169
26820,4.0253
26821,2.00843
26822,16.0084
26823,9.01686
26824,7.0253
26825,8.00843
26826,12.0084
26827,12.0169
26828,3.0253
26829,14.0084
26830,12.0169
26831,12.0253
26832,12.0337
26833,7.04216
26834,1.05059
26835,5.00843
26836,6.00843
26837,12.0084
26838,8.01686
26839,9.00843
26840,10.0084
26841,3.01687
26842,20.0084
26843,9.00843
26844,5.01687
26845,1.0253
26846,5.00843
26847,3.01687
26848,8.00843
26849,1.01686
26850,1.00843
26851,1.00843
26852,13.0084
26853,5.01687
26854,7.00843
26855,14.0084
26856,8.00843
26857,1.01686
26858,1.00843
26859,1.01686
26860,3.00843
26861,16.0084
26862,7.00843
26863,18.0084
26864,16.0169
26865,3.0253
26866,12.0084
26867,3.01687
26868,1.0253
26869,7.00843
26870,10.0084
26871,1.01686
26872,17.0084
26873,14.0084
26874,10.0169
26875,1.0253
26876,12.0084
26877,7.01687
26878,18.0084
26879,14.0084
26880,14.0169
26881,6.0253
26882,15.0084
26883,15.0169
26884,6.0253
26885,5.03373
26886,5.04216
26887,3.05059
26888,10.0084
26889,8.01686
26890,8.0253
26891,7.03373
26892,5.04216
26893,1.05059
26894,15.0084
26895,4.01687
26896,2.0253
26897,14.0084
26898,3.01687
26899,15.0084
26900,16.0084
26901,11.0169
26902,5.0253
26903,12.0084
26904,12.0169
26905,1.0253
26906,8.00843
26907,8.01686
26908,8.0253
26909,14.0084
26910,8.01686
26911,8.00843
26912,16.0084
26913,15.0169
26914,19.0084
26915,3.00843
26916,12.0084
26917,3.01687
26918,12.0084
26919,4.01687
26920,1.00843
26921,20.0084
26922,10.0169
26923,2.00843
26924,14.0084
26925,14.0169
26926,7.0253
26927,3.03373
26928,2.04216
26929,5.00843
26930,12.0084
26931,7.00843
26932,7.01687
26933,5.0253
26934,7.00843
26935,3.01687
26936,3.0253
26937,5.00843
26938,3.01687
26939,16.0084
26940,14.0169
26941,5.0253
26942,10.0084
26943,8.01686
26944,8.0253
26945,5.00843
26946,3.01687
26947,7.00843
26948,8.00843
26949,8.01686
26950,1.0253
26951,7.00843
26952,1.01686
26953,1.0253
26954,10.0084
26955,5.01687
26956,3.0253
26957,3.03373
26958,2.04216
26959,1.05059
26960,17.0084
26961,12.0084
26962,7.00843
26963,10.0084
26964,1.00843
26965,14.0084
26966,10.0169
26967,7.0253
26968,8.00843
26969,5.01687
26970,12.0084
26971,3.01687
26972,19.0084
26973,14.0169
26974,10.0253
26975,1.03373
26976,12.0084
26977,12.0084
26978,15.0084
26979,16.0084
26980,3.00843
26981,1.01686
26982,10.0084
26983,3.01687
26984,3.00843
26985,1.01686
26986,14.0084
26987,12.0169
26988,10.0084
26989,5.01687
26990,3.0253
26991,8.00843
26992,17.0084
26993,8.00843
26994,5.01687
26995,1.0253
26996,13.0084
26997,1.01686
26998,1.0253
26999,10.0084
27000,3.01687
27001,1.0253
27002,1.03373
27003,5.00843
27004,4.01687
27005,5.00843
27006,7.00843
27007,12.0084
27008,9.01686
27009,8.0253
27010,8.03373
27011,5.04216
27012,8.00843
27013,3.01687
27014,3.0253
27015,2.03373
27016,15.0084
27017,12.0169
27018,10.0253
27019,6.03373
27020,1.04216
27021,12.0084
27022,12.0169
27023,5.00843
27024,3.01687
27025,14.0084
27026,3.01687
27027,5.00843
27028,8.00843
27029,6.01687
27030,8.00843
27031,17.0084
27032,3.01687
27033,11.0084
27034,8.01686
27035,3.0253
27036,1.03373
27037,16.0084
27038,5.01687
27039,5.0253
27040,1.03373
27041,1.04216
27042,3.00843
27043,12.0084
27044,16.0084
27045,14.0084
27046,7.01687
27047,1.0253
27048,18.0084
27049,8.01686
27050,7.0253
27051,7.03373
27052,5.04216
27053,1.05059
27054,12.0084
27055,3.00843
27056,14.0084
27057,8.01686
27058,1.0253
27059,6.00843
27060,6.01687
27061,3.0253
27062,3.00843
27063,2.01687
27064,18.0084
27065,14.0169
27066,12.0084
27067,12.0169
27068,5.0253
27069,14.0084
27070,12.0169
27071,14.0084
27072,10.0169
27073,8.0253
27074,8.03373
27075,8.00843
27076,1.00843
27077,10.0084
27078,16.0084
27079,12.0084
27080,10.0169
27081,6.00843
27082,5.01687
27083,13.0084
27084,8.01686
27085,1.0253
27086,1.03373
27087,9.00843
27088,12.0084
27089,8.01686
27090,8.0253
27091,13.0084
27092,7.01687
27093,5.0253
27094,6.00843
27095,2.01687
27096,15.0084
27097,7.01687
27098,7.00843
27099,7.01687
27100,3.0253
27101,3.00843
27102,5.00843
27103,8.00843
27104,7.00843
27105,6.01687
27106,15.0084
27107,12.0169
27108,1.0253
27109,15.0084
27110,14.0169
27111,3.0253
27112,3.03373
27113,3.00843
27114,14.0084
27115,8.01686
27116,18.0084
27117,8.00843
27118,5.01687
27119,14.0084
27120,7.00843
27121,3.01687
27122,17.0084
27123,5.01687
27124,5.0253
27125,3.03373
27126,1.04216
27127,1.05059
27128,8.00843
27129,3.01687
27130,1.00843
27131,5.00843
27132,8.00843
27133,7.01687
27134,7.0253
27135,12.0084
27136,12.0169
27137,5.00843
27138,12.0084
27139,5.01687
27140,14.0084
27141,14.0084
27142,15.0084
27143,8.00843
27144,3.00843
27145,3.01687
27146,18.0084
27147,13.0084
27148,9.01686
27149,2.0253
27150,3.00843
27151,3.01687
27152,1.0253
27153,1.03373
27154,10.0084
27155,3.01687
27156,1.00843
27157,13.0084
27158,12.0169
27159,9.00843
27160,14.0084
27161,10.0084
27162,5.01687
27163,10.0084
27164,8.01686
27165,14.0084
27166,17.0084
27167,19.0084
27168,16.0084
27169,1.01686
27170,8.00843
27171,7.01687
27172,2.0253
27173,18.0084
27174,4.00843
27175,3.01687
27176,14.0084
27177,12.0169
27178,10.0253
27179,19.0084
27180,15.0169
27181,10.0084
27182,8.00843
27183,9.00843
27184,9.01686
27185,8.0253
27186,14.0084
27187,9.01686
27188,13.0084
27189,12.0084
27190,2.01687
27191,8.00843
27192,3.00843
27193,10.0084
27194,18.0084
27195,1.01686
27196,16.0084
27197,12.0169
27198,1.0253
27199,7.00843
27200,10.0084
27201,1.01686
27202,8.00843
27203,8.01686
27204,7.0253
27205,5.00843
27206,1.01686
27207,10.0084
27208,8.01686
27209,11.0084
27210,7.01687
27211,3.0253
27212,1.03373
27213,8.00843
27214,3.01687
27215,1.0253
27216,1.03373
27217,5.00843
27218,5.01687
27219,5.0253
27220,10.0084
27221,16.0084
27222,8.01686
27223,9.00843
27224,6.00843
27225,14.0084
27226,12.0169
27227,18.0084
27228,12.0084
27229,5.01687
27230,5.0253
27231,3.03373
27232,14.0084
27233,7.01687
27234,3.0253
27235,12.0084
27236,8.01686
27237,3.0253
27238,1.03373
27239,16.0084
27240,5.01687
27241,17.0084
27242,3.01687
27243,16.0084
27244,15.0169
27245,12.0253
27246,8.03373
27247,8.04216
27248,8.05059
27249,16.0084
27250,13.0169
27251,9.0253
27252,8.03373
27253,18.0084
27254,10.0169
27255,7.0253
27256,8.00843
27257,7.01687
27258,16.0084
27259,1.01686
27260,14.0084
27261,14.0169
27262,12.0253
27263,3.03373
27264,7.00843
27265,15.0084
27266,8.01686
27267,5.0253
27268,5.03373
27269,16.0084
27270,12.0169
27271,3.0253
27272,3.03373
27273,10.0084
27274,1.01686
27275,11.0084
27276,8.01686
27277,8.0253
27278,7.00843
27279,20.0084
27280,2.01687
27281,10.0084
27282,15.0084
27283,8.01686
27284,8.0253
27285,14.0084
27286,5.01687
27287,5.0253
27288,3.03373
27289,1.00843
27290,13.0084
27291,7.01687
27292,7.0253
27293,5.03373
27294,16.0084
27295,14.0169
27296,3.0253
27297,2.03373
27298,12.0084
27299,7.01687
27300,3.0253
27301,1.03373
27302,18.0084
27303,2.01687
27304,1.0253
27305,14.0084
27306,18.0084
27307,10.0169
27308,11.0084
27309,7.01687
27310,6.0253
27311,16.0084
27312,16.0169
27313,3.00843
27314,10.0084
27315,3.01687
27316,8.00843
27317,8.01686
27318,5.0253
27319,16.0084
27320,5.01687
27321,1.0253
27322,18.0084
27323,14.0169
27324,10.0253
27325,8.00843
27326,8.01686
27327,1.0253
27328,5.00843
27329,3.01687
27330,7.00843
27331,7.01687
27332,1.0253
27333,19.0084
27334,13.0169
27335,12.0253
27336,8.03373
27337,7.04216
27338,3.05059
27339,14.0084
27340,13.0169
27341,10.0253
27342,6.03373
27343,14.0084
27344,10.0169
27345,1.0253
27346,15.0084
27347,10.0169
27348,5.0253
27349,17.0084
27350,13.0084
27351,14.0084
27352,8.00843
27353,6.00843
27354,11.0084
27355,18.0084
27356,12.0169
27357,18.0084
27358,13.0169
27359,14.0084
27360,18.0084
27361,18.0169
27362,8.00843
27363,3.01687
27364,1.0253
27365,18.0084
27366,5.01687
27367,4.0253
27368,3.03373
27369,3.04216
27370,5.00843
27371,3.01687
27372,15.0084
27373,10.0169
27374,8.0253
27375,7.00843
27376,8.00843
27377,12.0084
27378,12.0169
27379,12.0084
27380,10.0169
27381,10.0084
27382,10.0169
27383,15.0084
27384,10.0169
27385,14.0084
27386,5.01687
27387,10.0084
27388,7.01687
27389,18.0084
27390,18.0169
27391,8.00843
27392,5.01687
27393,3.00843
27394,13.0084
27395,18.0084
27396,16.0084
27397,8.00843
27398,12.0084
27399,10.0169
27400,13.0084
27401,14.0084
27402,7.00843
27403,12.0084
27404,8.01686
27405,10.0084
27406,8.01686
27407,1.0253
27408,3.00843
27409,14.0084
27410,12.0169
27411,12.0253
27412,6.00843
27413,1.01686
27414,10.0084
27415,12.0084
27416,6.00843
27417,10.0084
27418,5.01687
27419,8.00843
27420,8.01686
27421,18.0084
27422,10.0084
27423,10.0169
27424,10.0253
27425,11.0084
27426,12.0084
27427,5.01687
27428,13.0084
27429,1.01686
27430,17.0084
27431,5.01687
27432,1.0253
27433,18.0084
27434,3.01687
27435,1.0253
27436,18.0084
27437,1.01686
27438,18.0084
27439,11.0169
27440,2.0253
27441,19.0084
27442,12.0084
27443,16.0084
27444,16.0169
27445,5.0253
27446,17.0084
27447,10.0084
27448,7.01687
27449,11.0084
27450,8.01686
27451,20.0084
27452,18.0084
27453,15.0084
27454,14.0169
27455,8.00843
27456,14.0084
27457,1.01686
27458,1.0253
27459,19.0084
27460,14.0169
27461,8.0253
27462,8.03373
27463,2.04216
27464,12.0084
27465,8.01686
27466,15.0084
27467,12.0169
27468,3.00843
27469,1.01686
27470,1.0253
27471,10.0084
27472,8.01686
27473,9.00843
27474,10.0084
27475,10.0169
27476,4.0253
27477,5.00843
27478,9.00843
27479,14.0084
27480,13.0169
27481,8.0253
27482,19.0084
27483,12.0169
27484,18.0084
27485,7.01687
27486,5.0253
27487,18.0084
27488,14.0169
27489,8.0253
27490,8.03373
27491,1.04216
27492,8.00843
27493,10.0084
27494,3.01687
27495,14.0084
27496,3.01687
27497,3.0253
27498,10.0084
27499,8.00843
27500,1.01686
27501,7.00843
27502,2.01687
27503,1.00843
27504,10.0084
27505,13.0084
27506,8.01686
27507,8.0253
27508,16.0084
27509,8.01686
27510,3.0253
27511,17.0084
27512,17.0169
27513,16.0253
27514,9.03373
27515,19.0084
27516,13.0169
27517,8.00843
27518,3.01687
27519,8.00843
27520,8.01686
27521,5.0253
27522,20.0084
27523,1.01686
27524,12.0084
27525,3.00843
27526,13.0084
27527,10.0169
27528,12.0084
27529,6.01687
27530,3.00843
27531,1.01686
27532,8.00843
27533,8.01686
27534,8.0253
27535,3.00843
27536,1.00843
27537,17.0084
27538,17.0169
27539,5.0253
27540,17.0084
27541,8.01686
27542,8.0253
27543,13.0084
27544,5.01687
27545,8.00843
27546,8.01686
27547,6.0253
27548,6.03373
27549,7.00843
27550,1.01686
27551,12.0084
27552,8.01686
27553,3.0253
27554,4.00843
27555,2.01687
27556,18.0084
27557,18.0169
27558,12.0253
27559,10.0337
27560,8.04216
27561,1.05059
27562,8.00843
27563,5.00843
27564,5.00843
27565,3.01687
27566,16.0084
27567,8.00843
27568,8.01686
27569,18.0084
27570,16.0169
27571,10.0253
27572,9.03373
27573,6.04216
27574,3.05059
27575,18.0084
27576,14.0169
27577,10.0253
27578,8.03373
27579,5.00843
27580,1.01686
27581,14.0084
27582,10.0084
27583,13.0084
27584,9.01686
27585,5.0253
27586,5.03373
27587,5.04216
27588,13.0084
27589,12.0084
27590,10.0084
27591,7.00843
27592,5.01687
27593,5.00843
27594,13.0084
27595,10.0084
27596,17.0084
27597,17.0169
27598,8.0253
27599,3.03373
27600,16.0084
27601,13.0084
27602,18.0084
27603,14.0169
27604,14.0253
27605,14.0337
27606,8.00843
27607,7.01687
27608,7.0253
27609,7.03373
27610,8.00843
27611,8.01686
27612,12.0084
27613,11.0169
27614,5.00843
27615,3.00843
27616,14.0084
27617,12.0169
27618,16.0084
27619,9.01686
27620,7.0253
27621,3.00843
27622,16.0084
27623,12.0169
27624,5.0253
27625,3.03373
27626,1.00843
27627,1.01686
27628,13.0084
27629,16.0084
27630,8.01686
27631,1.0253
27632,14.0084
27633,5.00843
27634,1.01686
27635,18.0084
27636,7.00843
27637,1.00843
27638,5.00843
27639,16.0084
27640,5.01687
27641,19.0084
27642,18.0169
27643,6.0253
27644,1.00843
27645,16.0084
27646,14.0169
27647,13.0253
27648,7.03373
27649,5.04216
27650,14.0084
27651,5.00843
27652,5.00843
27653,13.0084
27654,19.0084
27655,5.01687
27656,5.0253
27657,11.0084
27658,7.01687
27659,9.00843
27660,3.01687
27661,16.0084
27662,6.01687
27663,3.0253
27664,1.03373
27665,7.00843
27666,16.0084
27667,8.00843
27668,2.01687
27669,7.00843
27670,8.00843
27671,8.00843
27672,8.01686
27673,8.00843
27674,5.01687
27675,17.0084
27676,10.0169
27677,18.0084
27678,8.00843
27679,14.0084
27680,8.01686
27681,8.0253
27682,1.00843
27683,5.00843
27684,5.01687
27685,18.0084
27686,15.0169
27687,8.00843
27688,16.0084
27689,8.00843
27690,14.0084
27691,18.0084
27692,12.0084
27693,5.01687
27694,3.0253
27695,17.0084
27696,10.0084
27697,16.0084
27698,14.0169
27699,12.0253
27700,11.0084
27701,8.01686
27702,4.00843
27703,1.01686
27704,9.00843
27705,5.01687
27706,10.0084
27707,7.00843
27708,8.00843
27709,10.0084
27710,12.0084
27711,1.01686
27712,12.0084
27713,7.01687
27714,1.00843
27715,1.01686
27716,1.00843
27717,1.01686
27718,1.0253
27719,5.00843
27720,5.01687
27721,10.0084
27722,3.01687
27723,10.0084
27724,8.01686
27725,1.0253
27726,14.0084
27727,9.01686
27728,5.0253
27729,18.0084
27730,12.0169
27731,6.0253
27732,1.03373
27733,1.04216
27734,16.0084
27735,16.0169
27736,6.0253
27737,8.00843
27738,8.01686
27739,5.0253
27740,13.0084
27741,5.01687
27742,14.0084
27743,3.01687
27744,10.0084
27745,10.0084
27746,8.01686
27747,5.0253
27748,5.03373
27749,5.04216
27750,12.0084
27751,8.00843
27752,5.00843
27753,1.01686
27754,16.0084
27755,7.01687
27756,2.0253
27757,16.0084
27758,7.00843
27759,20.0084
27760,10.0169
27761,7.0253
27762,10.0084
27763,8.01686
27764,12.0084
27765,6.01687
27766,3.0253
27767,3.03373
27768,8.00843
27769,15.0084
27770,5.01687
27771,5.0253
27772,12.0084
27773,12.0169
27774,12.0084
27775,12.0169
27776,2.0253
27777,5.00843
27778,10.0084
27779,5.01687
27780,5.0253
27781,5.03373
27782,5.04216
27783,1.05059
27784,16.0084
27785,8.01686
27786,7.00843
27787,7.01687
27788,1.0253
27789,1.00843
27790,1.01686
27791,17.0084
27792,9.01686
27793,19.0084
27794,12.0084
27795,12.0169
27796,10.0253
27797,8.03373
27798,12.0084
27799,12.0169
27800,5.0253
27801,5.03373
27802,6.00843
27803,6.01687
27804,3.0253
27805,9.00843
27806,8.00843
27807,1.01686
27808,1.00843
27809,14.0084
27810,3.01687
27811,6.00843
27812,12.0084
27813,7.01687
27814,6.0253
27815,5.03373
27816,4.04216
27817,8.00843
27818,7.01687
27819,14.0084
27820,8.00843
27821,8.00843
27822,8.01686
27823,5.0253
27824,17.0084
27825,1.01686
27826,10.0084
27827,5.01687
27828,2.00843
27829,12.0084
27830,14.0084
27831,8.01686
27832,14.0084
27833,10.0169
27834,9.00843
27835,9.00843
27836,7.01687
27837,18.0084
27838,5.01687
27839,5.0253
27840,1.03373
27841,1.04216
27842,13.0084
27843,12.0084
27844,7.01687
27845,3.0253
27846,11.0084
27847,6.01687
27848,4.0253
27849,12.0084
27850,5.01687
27851,17.0084
27852,13.0169
27853,8.00843
27854,5.01687
27855,5.0253
27856,14.0084
27857,13.0169
27858,17.0084
27859,10.0169
27860,1.0253
27861,18.0084
27862,16.0169
27863,8.0253
27864,12.0084
27865,13.0084
27866,12.0169
27867,15.0084
27868,12.0169
27869,5.0253
27870,8.00843
27871,5.01687
27872,17.0084
27873,16.0169
27874,15.0253
27875,13.0337
27876,1.04216
27877,1.05059
27878,10.0084
27879,1.01686
27880,10.0084
27881,7.01687
27882,9.00843
27883,4.01687
27884,12.0084
27885,10.0169
27886,14.0084
27887,5.00843
27888,18.0084
27889,10.0169
27890,19.0084
27891,12.0084
27892,5.01687
27893,1.0253
27894,14.0084
27895,7.01687
27896,8.00843
27897,16.0084
27898,12.0169
27899,12.0253
27900,3.03373
27901,8.00843
27902,7.01687
27903,18.0084
27904,8.01686
27905,12.0084
27906,16.0084
27907,14.0084
27908,8.01686
27909,6.0253
27910,1.03373
27911,3.00843
27912,13.0084
27913,8.01686
27914,10.0084
27915,16.0084
27916,5.00843
27917,1.00843
27918,1.00843
27919,3.00843
27920,10.0084
27921,5.01687
27922,5.0253
27923,1.03373
27924,7.00843
27925,5.01687
27926,14.0084
27927,10.0169
27928,10.0253
27929,8.00843
27930,3.01687
27931,1.0253
27932,15.0084
27933,10.0169
27934,15.0084
27935,10.0169
27936,10.0253
27937,3.00843
27938,13.0084
27939,12.0169
27940,8.0253
27941,10.0084
27942,14.0084
27943,18.0084
27944,12.0169
27945,3.0253
27946,16.0084
27947,10.0169
27948,17.0084
27949,16.0169
27950,14.0253
27951,10.0337
27952,5.04216
27953,5.00843
27954,1.00843
27955,8.00843
27956,2.01687
27957,10.0084
27958,10.0169
27959,3.0253
27960,10.0084
27961,8.00843
27962,8.00843
27963,7.01687
27964,7.0253
27965,8.00843
27966,12.0084
27967,10.0169
27968,10.0253
27969,14.0084
27970,13.0169
27971,3.0253
27972,16.0084
27973,13.0169
27974,5.0253
27975,13.0084
27976,7.00843
27977,3.01687
27978,3.0253
27979,17.0084
27980,5.01687
27981,10.0084
27982,5.01687
27983,17.0084
27984,6.00843
27985,8.00843
27986,1.01686
27987,3.00843
27988,18.0084
27989,3.01687
27990,12.0084
27991,5.01687
27992,5.0253
27993,5.03373
27994,7.00843
27995,5.01687
27996,5.0253
27997,6.00843
27998,1.01686
27999,18.0084
28000,14.0169
28001,8.0253
28002,6.03373
28003,8.00843
28004,16.0084
28005,13.0169
28006,10.0253
28007,1.03373
28008,1.04216
28009,18.0084
28010,13.0169
28011,1.0253
28012,1.00843
28013,20.0084
28014,13.0169
28015,8.0253
28016,4.03373
28017,14.0084
28018,5.01687
28019,1.0253
28020,1.03373
28021,7.00843
28022,7.01687
28023,14.0084
28024,12.0169
28025,2.0253
28026,8.00843
28027,20.0084
28028,7.01687
28029,7.0253
28030,12.0084
28031,8.01686
28032,8.0253
28033,12.0084
28034,9.01686
28035,1.0253
28036,10.0084
28037,3.01687
28038,13.0084
28039,16.0084
28040,7.00843
28041,18.0084
28042,18.0169
28043,6.00843
28044,10.0084
28045,8.01686
28046,10.0084
28047,3.01687
28048,14.0084
28049,12.0084
28050,8.01686
28051,5.00843
28052,3.01687
28053,7.00843
28054,1.00843
28055,6.00843
28056,1.01686
28057,1.0253
28058,3.00843
28059,7.00843
28060,5.01687
28061,1.0253
28062,1.03373
28063,13.0084
28064,8.01686
28065,6.0253
28066,7.00843
28067,7.01687
28068,8.00843
28069,8.00843
28070,7.01687
28071,5.0253
28072,10.0084
28073,18.0084
28074,13.0169
28075,12.0253
28076,10.0337
28077,17.0084
28078,5.01687
28079,5.0253
28080,14.0084
28081,9.01686
28082,5.0253
28083,12.0084
28084,17.0084
28085,20.0084
28086,10.0169
28087,6.00843
28088,15.0084
28089,8.01686
28090,19.0084
28091,1.00843
28092,5.00843
28093,1.01686
28094,1.0253
28095,5.00843
28096,1.00843
28097,12.0084
28098,8.01686
28099,8.00843
28100,7.00843
28101,1.01686
28102,1.0253
28103,11.0084
28104,8.01686
28105,7.0253
28106,15.0084
28107,12.0169
28108,8.0253
28109,10.0084
28110,14.0084
28111,14.0169
28112,11.0253
28113,8.03373
28114,10.0084
28115,7.01687
28116,6.0253
28117,5.03373
28118,18.0084
28119,16.0169
28120,12.0253
28121,7.03373
28122,7.04216
28123,7.05059
28124,6.05903
28125,1.06746
28126,1.07589
28127,8.00843
28128,12.0084
28129,16.0084
28130,7.01687
28131,1.0253
28132,14.0084
28133,8.01686
28134,8.0253
28135,7.03373
28136,5.04216
28137,5.05059
28138,5.05903
28139,12.0084
28140,12.0169
28141,7.0253
28142,13.0084
28143,8.01686
28144,14.0084
28145,8.01686
28146,8.0253
28147,19.0084
28148,16.0084
28149,10.0169
28150,1.00843
28151,12.0084
28152,16.0084
28153,16.0169
28154,7.0253
28155,5.03373
28156,15.0084
28157,16.0084
28158,16.0169
28159,13.0084
28160,8.01686
28161,3.0253
28162,1.03373
28163,1.00843
28164,5.00843
28165,5.01687
28166,12.0084
28167,14.0084
28168,1.01686
28169,8.00843
28170,5.01687
28171,2.0253
28172,5.00843
28173,3.01687
28174,10.0084
28175,15.0084
28176,15.0169
28177,7.0253
28178,1.03373
28179,12.0084
28180,12.0169
28181,12.0253
28182,10.0337
28183,2.04216
28184,1.05059
28185,17.0084
28186,5.01687
28187,3.0253
28188,8.00843
28189,7.01687
28190,10.0084
28191,7.00843
28192,1.01686
28193,8.00843
28194,6.01687
28195,2.00843
28196,2.01687
28197,18.0084
28198,1.01686
28199,8.00843
28200,14.0084
28201,12.0169
28202,18.0084
28203,10.0169
28204,10.0253
28205,5.00843
28206,18.0084
28207,18.0169
28208,13.0084
28209,10.0169
28210,5.00843
28211,16.0084
28212,8.00843
28213,1.01686
28214,14.0084
28215,7.01687
28216,1.00843
28217,16.0084
28218,2.01687
28219,16.0084
28220,7.01687
28221,13.0084
28222,6.00843
28223,8.00843
28224,8.01686
28225,8.0253
28226,12.0084
28227,10.0169
28228,1.0253
28229,10.0084
28230,10.0169
28231,12.0084
28232,10.0169
28233,16.0084
28234,13.0169
28235,5.0253
28236,5.03373
28237,14.0084
28238,10.0169
28239,15.0084
28240,8.01686
28241,3.0253
28242,16.0084
28243,16.0169
28244,10.0253
28245,5.03373
28246,2.04216
28247,16.0084
28248,14.0169
28249,10.0253
28250,2.03373
28251,19.0084
28252,18.0169
28253,8.0253
28254,12.0084
28255,13.0084
28256,1.01686
28257,1.0253
28258,8.00843
28259,8.01686
28260,5.0253
28261,2.03373
28262,8.00843
28263,2.01687
28264,10.0084
28265,10.0084
28266,14.0084
28267,6.01687
28268,6.00843
28269,3.01687
28270,7.00843
28271,9.00843
28272,10.0084
28273,8.00843
28274,14.0084
28275,1.01686
28276,6.00843
28277,3.00843
28278,9.00843
28279,2.01687
28280,18.0084
28281,6.01687
28282,4.00843
28283,3.01687
28284,3.00843
28285,1.01686
28286,16.0084
28287,17.0084
28288,8.01686
28289,9.00843
28290,8.01686
28291,8.0253
28292,1.00843
28293,10.0084
28294,10.0169
28295,6.0253
28296,1.03373
28297,12.0084
28298,5.01687
28299,12.0084
28300,1.01686
28301,18.0084
28302,10.0084
28303,16.0084
28304,12.0169
28305,5.0253
28306,1.03373
28307,14.0084
28308,8.00843
28309,7.01687
28310,7.0253
28311,16.0084
28312,8.01686
28313,7.0253
28314,5.03373
28315,5.04216
28316,5.05059
28317,16.0084
28318,12.0169
28319,7.0253
28320,7.03373
28321,1.04216
28322,8.00843
28323,3.01687
28324,12.0084
28325,12.0084
28326,10.0169
28327,6.0253
28328,5.00843
28329,5.01687
28330,16.0084
28331,1.01686
28332,15.0084
28333,1.00843
28334,1.01686
28335,17.0084
28336,12.0169
28337,5.0253
28338,12.0084
28339,14.0084
28340,14.0169
28341,10.0253
28342,6.03373
28343,15.0084
28344,12.0084
28345,10.0169
28346,5.0253
28347,13.0084
28348,1.01686
28349,10.0084
28350,6.01687
28351,16.0084
28352,16.0084
28353,10.0169
28354,10.0253
28355,7.03373
28356,5.04216
28357,12.0084
28358,5.01687
28359,12.0084
28360,10.0169
28361,2.0253
28362,19.0084
28363,7.01687
28364,10.0084
28365,8.01686
28366,19.0084
28367,12.0084
28368,15.0084
28369,1.00843
28370,1.00843
28371,1.00843
28372,2.00843
28373,18.0084
28374,3.01687
28375,3.0253
28376,13.0084
28377,7.00843
28378,1.01686
28379,1.0253
28380,8.00843
28381,3.01687
28382,2.0253
28383,9.00843
28384,5.01687
28385,3.0253
28386,5.00843
28387,5.01687
28388,5.0253
28389,6.00843
28390,12.0084
28391,8.01686
28392,8.00843
28393,8.01686
28394,8.0253
28395,8.03373
28396,7.04216
28397,10.0084
28398,8.01686
28399,10.0084
28400,10.0169
28401,10.0253
28402,11.0084
28403,10.0169
28404,8.0253
28405,12.0084
28406,12.0169
28407,14.0084
28408,13.0169
28409,13.0253
28410,9.03373
28411,4.04216
28412,14.0084
28413,14.0169
28414,14.0253
28415,13.0337
28416,13.0422
28417,6.05059
28418,5.05903
28419,20.0084
28420,16.0169
28421,16.0084
28422,7.00843
28423,18.0084
28424,5.01687
28425,7.00843
28426,8.00843
28427,1.01686
28428,8.00843
28429,1.01686
28430,2.00843
28431,1.00843
28432,16.0084
28433,10.0084
28434,14.0084
28435,10.0169
28436,5.00843
28437,16.0084
28438,13.0169
28439,13.0084
28440,12.0169
28441,7.0253
28442,14.0084
28443,14.0169
28444,12.0253
28445,10.0337
28446,15.0084
28447,7.01687
28448,5.00843
28449,1.01686
28450,13.0084
28451,13.0169
28452,10.0253
28453,2.03373
28454,1.04216
28455,3.00843
28456,15.0084
28457,1.01686
28458,18.0084
28459,14.0169
28460,12.0084
28461,5.01687
28462,11.0084
28463,8.00843
28464,5.01687
28465,1.0253
28466,1.03373
28467,1.00843
28468,3.00843
28469,5.00843
28470,6.00843
28471,1.00843
28472,8.00843
28473,8.01686
28474,5.0253
28475,1.00843
28476,16.0084
28477,10.0169
28478,4.0253
28479,16.0084
28480,10.0169
28481,12.0084
28482,7.01687
28483,5.0253
28484,8.00843
28485,8.01686
28486,15.0084
28487,10.0084
28488,1.01686
28489,18.0084
28490,8.01686
28491,4.0253
28492,1.03373
28493,5.00843
28494,18.0084
28495,14.0169
28496,16.0084
28497,14.0169
28498,9.0253
28499,5.03373
28500,17.0084
28501,17.0169
28502,14.0253
28503,13.0337
28504,6.04216
28505,18.0084
28506,16.0169
28507,10.0253
28508,7.03373
28509,19.0084
28510,12.0169
28511,17.0084
28512,9.01686
28513,19.0084
28514,10.0169
28515,6.0253
28516,10.0084
28517,1.01686
28518,14.0084
28519,12.0169
28520,1.0253
28521,13.0084
28522,8.01686
28523,20.0084
28524,10.0169
28525,1.00843
28526,16.0084
28527,3.00843
28528,1.01686
28529,17.0084
28530,13.0169
28531,8.0253
28532,18.0084
28533,9.01686
28534,15.0084
28535,15.0169
28536,10.0253
28537,16.0084
28538,7.01687
28539,5.0253
28540,17.0084
28541,12.0169
28542,8.0253
28543,7.03373
28544,8.00843
28545,8.01686
28546,10.0084
28547,13.0084
28548,3.01687
28549,12.0084
28550,7.00843
28551,1.01686
28552,12.0084
28553,12.0169
28554,5.0253
28555,10.0084
28556,3.01687
28557,18.0084
28558,12.0169
28559,10.0253
28560,10.0084
28561,20.0084
28562,12.0084
28563,18.0084
28564,2.01687
28565,2.0253
28566,1.03373
28567,1.04216
28568,1.05059
28569,18.0084
28570,16.0084
28571,7.01687
28572,3.0253
28573,3.03373
28574,5.00843
28575,5.01687
28576,2.0253
28577,1.03373
28578,1.04216
28579,18.0084
28580,5.01687
28581,5.0253
28582,19.0084
28583,7.01687
28584,7.0253
28585,3.03373
28586,8.00843
28587,7.01687
28588,7.0253
28589,1.03373
28590,1.04216
28591,5.00843
28592,5.01687
28593,5.0253
28594,8.00843
28595,7.01687
28596,17.0084
28597,16.0169
28598,8.0253
28599,12.0084
28600,12.0169
28601,14.0084
28602,11.0169
28603,8.0253
28604,8.03373
28605,12.0084
28606,12.0169
28607,12.0253
28608,1.03373
28609,17.0084
28610,13.0169
28611,7.00843
28612,5.01687
28613,1.0253
28614,5.00843
28615,8.00843
28616,6.01687
28617,5.0253
28618,3.03373
28619,18.0084
28620,15.0169
28621,5.00843
28622,10.0084
28623,6.01687
28624,10.0084
28625,10.0169
28626,5.00843
28627,12.0084
28628,8.01686
28629,5.0253
28630,12.0084
28631,14.0084
28632,13.0169
28633,7.0253
28634,1.03373
28635,1.04216
28636,8.00843
28637,14.0084
28638,3.01687
28639,3.0253
28640,18.0084
28641,12.0084
28642,3.01687
28643,5.00843
28644,5.01687
28645,5.00843
28646,3.00843
28647,4.00843
28648,5.00843
28649,14.0084
28650,14.0084
28651,11.0169
28652,1.0253
28653,1.03373
28654,5.00843
28655,1.01686
28656,3.00843
28657,14.0084
28658,18.0084
28659,10.0084
28660,5.00843
28661,2.00843
28662,10.0084
28663,15.0084
28664,3.00843
28665,3.01687
28666,1.0253
28667,16.0084
28668,11.0169
28669,1.0253
28670,10.0084
28671,6.01687
28672,1.00843
28673,14.0084
28674,5.01687
28675,18.0084
28676,8.01686
28677,5.0253
28678,5.03373
28679,1.04216
28680,5.00843
28681,3.01687
28682,12.0084
28683,10.0169
28684,1.0253
28685,1.03373
28686,5.00843
28687,5.01687
28688,14.0084
28689,12.0169
28690,12.0253
28691,5.03373
28692,12.0084
28693,7.01687
28694,5.00843
28695,4.01687
28696,14.0084
28697,10.0169
28698,7.0253
28699,18.0084
28700,16.0169
28701,10.0253
28702,10.0337
28703,8.04216
28704,8.05059
28705,1.05903
28706,2.00843
28707,1.01686
28708,20.0084
28709,5.01687
28710,1.0253
28711,1.03373
28712,17.0084
28713,14.0169
28714,14.0253
28715,7.03373
28716,7.04216
28717,3.05059
28718,5.00843
28719,5.01687
28720,3.0253
28721,5.00843
28722,1.01686
28723,18.0084
28724,14.0169
28725,10.0253
28726,10.0337
28727,5.04216
28728,2.05059
28729,2.05903
28730,2.06746
28731,18.0084
28732,8.01686
28733,8.0253
28734,7.03373
28735,3.04216
28736,16.0084
28737,7.01687
28738,7.0253
28739,17.0084
28740,15.0169
28741,8.0253
28742,20.0084
28743,18.0169
28744,16.0253
28745,6.03373
28746,19.0084
28747,16.0169
28748,10.0253
28749,8.00843
28750,8.01686
28751,1.0253
28752,10.0084
28753,5.01687
28754,2.0253
28755,14.0084
28756,15.0084
28757,14.0169
28758,12.0253
28759,12.0337
28760,13.0084
28761,7.00843
28762,10.0084
28763,7.01687
28764,16.0084
28765,17.0084
28766,10.0169
28767,7.00843
28768,5.01687
28769,5.0253
28770,7.00843
28771,12.0084
28772,10.0169
28773,10.0253
28774,7.03373
28775,13.0084
28776,10.0169
28777,3.00843
28778,3.01687
28779,13.0084
28780,13.0084
28781,5.01687
28782,13.0084
28783,14.0084
28784,8.00843
28785,4.01687
28786,1.0253
28787,2.00843
28788,1.01686
28789,5.00843
28790,12.0084
28791,6.00843
28792,14.0084
28793,3.00843
28794,3.01687
28795,1.0253
28796,12.0084
28797,10.0169
28798,10.0253
28799,4.03373
28800,3.04216
28801,1.05059
28802,1.05903
28803,15.0084
28804,12.0169
28805,1.0253
28806,5.00843
28807,3.01687
28808,8.00843
28809,3.01687
28810,3.0253
28811,13.0084
28812,5.01687
28813,16.0084
28814,16.0169
28815,14.0253
28816,13.0337
28817,9.00843
28818,1.01686
28819,1.0253
28820,8.00843
28821,8.01686
28822,13.0084
28823,3.01687
28824,16.0084
28825,14.0169
28826,7.00843
28827,6.01687
28828,7.00843
28829,14.0084
28830,8.01686
28831,5.0253
28832,10.0084
28833,4.01687
28834,6.00843
28835,18.0084
28836,8.01686
28837,16.0084
28838,10.0169
28839,10.0253
28840,6.03373
28841,5.04216
28842,8.00843
28843,7.01687
28844,8.00843
28845,10.0084
28846,10.0169
28847,3.0253
28848,3.03373
28849,10.0084
28850,8.01686
28851,5.00843
28852,12.0084
28853,10.0169
28854,13.0084
28855,3.01687
28856,14.0084
28857,14.0169
28858,13.0253
28859,5.03373
28860,5.04216
28861,15.0084
28862,8.01686
28863,6.0253
28864,5.03373
28865,1.04216
28866,16.0084
28867,14.0169
28868,11.0253
28869,7.03373
28870,1.04216
28871,10.0084
28872,8.01686
28873,5.0253
28874,1.03373
28875,12.0084
28876,12.0169
28877,7.0253
28878,1.03373
28879,18.0084
28880,14.0169
28881,13.0253
28882,14.0084
28883,16.0084
28884,8.00843
28885,8.00843
28886,3.01687
28887,11.0084
28888,10.0169
28889,5.0253
28890,16.0084
28891,8.00843
28892,5.01687
28893,14.0084
28894,8.01686
28895,7.0253
28896,7.00843
28897,5.01687
28898,11.0084
28899,15.0084
28900,10.0169
28901,9.00843
28902,8.01686
28903,12.0084
28904,12.0084
28905,3.00843
28906,16.0084
28907,3.01687
28908,10.0084
28909,1.00843
28910,7.00843
28911,8.00843
28912,5.00843
28913,12.0084
28914,10.0169
28915,8.0253
28916,7.03373
28917,5.04216
28918,12.0084
28919,1.01686
28920,14.0084
28921,8.01686
28922,12.0084
28923,5.01687
28924,1.0253
28925,7.00843
28926,3.01687
28927,19.0084
28928,12.0084
28929,18.0084
28930,3.01687
28931,18.0084
28932,16.0084
28933,16.0169
28934,18.0084
28935,8.00843
28936,8.00843
28937,8.01686
28938,7.0253
28939,8.00843
28940,6.01687
28941,10.0084
28942,8.00843
28943,1.01686
28944,10.0084
28945,8.01686
28946,7.0253
28947,2.03373
28948,1.04216
28949,13.0084
28950,8.01686
28951,10.0084
28952,20.0084
28953,18.0084
28954,6.01687
28955,10.0084
28956,10.0169
28957,8.0253
28958,15.0084
28959,3.01687
28960,17.0084
28961,5.00843
28962,12.0084
28963,18.0084
28964,13.0169
28965,1.0253
28966,1.03373
28967,16.0084
28968,13.0169
28969,16.0084
28970,16.0169
28971,14.0253
28972,5.03373
28973,5.04216
28974,8.00843
28975,5.01687
28976,17.0084
28977,13.0169
28978,5.0253
28979,3.00843
28980,19.0084
28981,14.0169
28982,8.00843
28983,9.00843
28984,5.00843
28985,5.01687
28986,7.00843
28987,20.0084
28988,14.0169
28989,18.0084
28990,3.01687
28991,5.00843
28992,3.01687
28993,12.0084
28994,12.0169
28995,5.0253
28996,6.00843
28997,5.01687
28998,1.0253
28999,14.0084
29000,16.0084
29001,7.01687
29002,1.0253
29003,1.03373
29004,16.0084
29005,1.01686
29006,12.0084
29007,5.01687
29008,4.0253
29009,5.00843
29010,19.0084
29011,8.00843
29012,12.0084
29013,8.01686
29014,7.0253
29015,12.0084
29016,8.01686
29017,12.0084
29018,3.01687
29019,12.0084
29020,3.01687
29021,16.0084
29022,14.0084
29023,18.0084
29024,18.0084
29025,14.0169
29026,14.0253
29027,8.03373
29028,6.00843
29029,1.01686
29030,7.00843
29031,12.0084
29032,8.01686
29033,5.0253
29034,4.00843
29035,12.0084
29036,7.01687
29037,16.0084
29038,8.01686
29039,2.0253
29040,13.0084
29041,10.0084
29042,10.0169
29043,5.0253
29044,5.03373
29045,10.0084
29046,10.0169
29047,7.0253
29048,14.0084
29049,14.0169
29050,8.0253
29051,3.00843
29052,1.00843
29053,3.00843
29054,10.0084
29055,12.0084
29056,5.01687
29057,16.0084
29058,16.0169
29059,14.0253
29060,3.00843
29061,13.0084
29062,10.0084
29063,5.01687
29064,1.0253
29065,7.00843
29066,10.0084
29067,8.01686
29068,1.0253
29069,10.0084
29070,5.01687
29071,5.00843
29072,5.00843
29073,12.0084
29074,16.0084
29075,10.0084
29076,3.00843
29077,6.00843
29078,1.01686
29079,14.0084
29080,5.01687
29081,1.0253
29082,1.03373
29083,8.00843
29084,3.01687
29085,5.00843
29086,8.00843
29087,1.01686
29088,1.0253
29089,1.03373
29090,9.00843
29091,17.0084
29092,16.0169
29093,12.0253
29094,8.03373
29095,3.04216
29096,2.05059
29097,3.00843
29098,1.01686
29099,12.0084
29100,13.0084
29101,13.0169
29102,12.0084
29103,10.0169
29104,5.00843
29105,16.0084
29106,12.0169
29107,8.0253
29108,10.0084
29109,8.01686
29110,18.0084
29111,1.01686
29112,1.0253
29113,3.00843
29114,3.01687
29115,3.00843
29116,17.0084
29117,5.01687
29118,10.0084
29119,5.00843
29120,15.0084
29121,3.01687
29122,7.00843
29123,18.0084
29124,7.01687
29125,1.00843
29126,7.00843
29127,1.00843
29128,12.0084
29129,16.0084
29130,5.01687
29131,1.0253
29132,17.0084
29133,5.01687
29134,14.0084
29135,18.0084
29136,16.0169
29137,16.0253
29138,14.0337
29139,17.0084
29140,7.01687
29141,12.0084
29142,12.0169
29143,8.0253
29144,10.0084
29145,5.01687
29146,3.0253
29147,10.0084
29148,10.0169
29149,1.0253
29150,5.00843
29151,1.01686
29152,3.00843
29153,10.0084
29154,7.01687
29155,3.0253
29156,3.00843
29157,3.01687
29158,3.0253
29159,2.03373
29160,5.00843
29161,9.00843
29162,5.01687
29163,5.0253
29164,5.03373
29165,18.0084
29166,16.0169
29167,12.0253
29168,9.03373
29169,8.04216
29170,8.05059
29171,5.05903
29172,10.0084
29173,8.01686
29174,10.0084
29175,8.01686
29176,8.0253
29177,12.0084
29178,9.01686
29179,8.0253
29180,12.0084
29181,10.0169
29182,5.00843
29183,8.00843
29184,14.0084
29185,3.01687
29186,1.0253
29187,8.00843
29188,16.0084
29189,4.00843
29190,1.01686
29191,9.00843
29192,7.01687
29193,16.0084
29194,7.01687
29195,2.0253
29196,12.0084
29197,3.01687
29198,9.00843
29199,6.01687
29200,12.0084
29201,18.0084
29202,14.0169
29203,16.0084
29204,13.0169
29205,8.00843
29206,12.0084
29207,3.01687
29208,19.0084
29209,16.0084
29210,13.0169
29211,17.0084
29212,8.00843
29213,7.01687
29214,18.0084
29215,10.0084
29216,5.01687
29217,13.0084
29218,2.00843
29219,8.00843
29220,15.0084
29221,1.00843
29222,1.01686
29223,1.0253
29224,5.00843
29225,3.00843
29226,3.01687
29227,7.00843
29228,5.01687
29229,8.00843
29230,5.01687
29231,20.0084
29232,1.01686
29233,1.0253
29234,8.00843
29235,8.01686
29236,3.0253
29237,12.0084
29238,8.01686
29239,3.0253
29240,1.03373
29241,1.00843
29242,1.01686
29243,5.00843
29244,1.01686
29245,1.0253
29246,12.0084
29247,5.01687
29248,14.0084
29249,8.01686
29250,8.0253
29251,14.0084
29252,8.01686
29253,16.0084
29254,16.0169
29255,10.0253
29256,9.03373
29257,8.04216
29258,5.05059
29259,17.0084
29260,10.0169
29261,6.0253
29262,5.03373
29263,12.0084
29264,12.0169
29265,13.0084
29266,4.01687
29267,3.0253
29268,11.0084
29269,7.00843
29270,16.0084
29271,16.0169
29272,7.00843
29273,3.01687
29274,18.0084
29275,2.01687
29276,10.0084
29277,10.0169
29278,5.0253
29279,5.03373
29280,18.0084
29281,14.0169
29282,8.00843
29283,13.0084
29284,8.01686
29285,9.00843
29286,8.01686
29287,13.0084
29288,10.0169
29289,10.0253
29290,12.0084
29291,11.0084
29292,8.01686
29293,5.0253
29294,3.03373
29295,13.0084
29296,1.00843
29297,18.0084
29298,18.0169
29299,5.0253
29300,10.0084
29301,5.00843
29302,18.0084
29303,6.01687
29304,20.0084
29305,3.01687
29306,20.0084
29307,3.01687
29308,3.0253
29309,7.00843
29310,7.01687
29311,5.0253
29312,10.0084
29313,1.00843
29314,1.01686
29315,10.0084
29316,13.0084
29317,5.01687
29318,11.0084
29319,3.01687
29320,15.0084
29321,10.0084
29322,8.01686
29323,8.0253
29324,5.03373
29325,5.04216
29326,8.00843
29327,7.00843
29328,7.01687
29329,18.0084
29330,8.01686
29331,5.0253
29332,5.03373
29333,16.0084
29334,12.0169
29335,3.0253
29336,1.03373
29337,12.0084
29338,16.0084
29339,13.0169
29340,5.00843
29341,18.0084
29342,10.0169
29343,17.0084
29344,3.01687
29345,10.0084
29346,5.01687
29347,3.0253
29348,19.0084
29349,16.0169
29350,7.0253
29351,3.00843
29352,2.00843
29353,10.0084
29354,1.01686
29355,6.00843
29356,1.01686
29357,12.0084
29358,8.01686
29359,2.0253
29360,14.0084
29361,10.0169
29362,10.0253
29363,10.0337
29364,12.0084
29365,12.0169
29366,7.0253
29367,16.0084
29368,2.00843
29369,1.00843
29370,1.01686
29371,8.00843
29372,9.00843
29373,1.01686
29374,1.0253
29375,10.0084
29376,10.0169
29377,10.0253
29378,7.03373
29379,15.0084
29380,3.01687
29381,8.00843
29382,8.01686
29383,14.0084
29384,9.01686
29385,16.0084
29386,12.0169
29387,1.00843
29388,6.00843
29389,12.0084
29390,1.01686
29391,1.0253
29392,11.0084
29393,3.01687
29394,1.0253
29395,20.0084
29396,7.01687
29397,1.00843
29398,3.00843
29399,10.0084
29400,5.00843
29401,3.01687
29402,1.00843
29403,8.00843
29404,1.01686
29405,2.00843
29406,1.01686
29407,14.0084
29408,5.00843
29409,10.0084
29410,2.01687
29411,8.00843
29412,14.0084
29413,7.01687
29414,14.0084
29415,15.0084
29416,8.01686
29417,5.0253
29418,10.0084
29419,14.0084
29420,13.0169
29421,10.0253
29422,6.03373
29423,11.0084
29424,9.01686
29425,14.0084
29426,15.0084
29427,20.0084
29428,14.0169
29429,10.0253
29430,2.00843
29431,2.01687
29432,1.0253
29433,16.0084
29434,16.0169
29435,3.0253
29436,15.0084
29437,16.0084
29438,5.01687
29439,1.0253
29440,12.0084
29441,7.01687
29442,8.00843
29443,18.0084
29444,2.01687
29445,1.0253
29446,10.0084
29447,14.0084
29448,9.01686
29449,5.0253
29450,5.00843
29451,16.0084
29452,15.0169
29453,8.0253
29454,6.03373
29455,1.04216
29456,7.00843
29457,7.01687
29458,1.0253
29459,18.0084
29460,9.01686
29461,8.0253
29462,8.03373
29463,8.04216
29464,3.05059
29465,10.0084
29466,13.0084
29467,13.0169
29468,12.0084
29469,8.00843
29470,8.01686
29471,14.0084
29472,14.0169
29473,3.0253
29474,15.0084
29475,9.01686
29476,5.0253
29477,16.0084
29478,16.0169
29479,1.0253
29480,1.00843
29481,10.0084
29482,20.0084
29483,10.0169
29484,7.0253
29485,7.00843
29486,1.01686
29487,20.0084
29488,17.0169
29489,10.0253
29490,8.00843
29491,7.01687
29492,7.0253
29493,1.03373
29494,5.00843
29495,16.0084
29496,8.01686
29497,8.0253
29498,7.00843
29499,10.0084
29500,8.01686
29501,4.00843
29502,1.01686
29503,9.00843
29504,5.01687
29505,14.0084
29506,9.00843
29507,8.00843
29508,7.00843
29509,3.01687
29510,13.0084
29511,8.01686
29512,8.0253
29513,7.03373
29514,5.04216
29515,14.0084
29516,8.00843
29517,16.0084
29518,14.0169
29519,3.00843
29520,16.0084
29521,16.0084
29522,8.01686
29523,14.0084
29524,3.01687
29525,1.0253
29526,19.0084
29527,3.00843
29528,5.00843
29529,17.0084
29530,17.0084
29531,16.0169
29532,20.0084
29533,18.0084
29534,8.01686
29535,8.00843
29536,18.0084
29537,13.0169
29538,14.0084
29539,5.01687
29540,5.0253
29541,7.00843
29542,13.0084
29543,10.0169
29544,10.0084
29545,6.01687
29546,18.0084
29547,5.01687
29548,5.0253
29549,8.00843
29550,8.01686
29551,14.0084
29552,5.01687
29553,16.0084
29554,8.01686
29555,1.00843
29556,14.0084
29557,8.00843
29558,3.01687
29559,1.0253
29560,20.0084
29561,11.0169
29562,16.0084
29563,14.0169
29564,5.0253
29565,1.03373
29566,16.0084
29567,12.0084
29568,18.0084
29569,13.0169
29570,5.0253
29571,3.00843
29572,13.0084
29573,8.01686
29574,7.0253
29575,5.03373
29576,4.04216
29577,5.00843
29578,1.00843
29579,1.01686
29580,12.0084
29581,3.01687
29582,2.0253
29583,5.00843
29584,10.0084
29585,15.0084
29586,9.01686
29587,5.0253
29588,12.0084
29589,12.0084
29590,8.01686
29591,7.0253
29592,3.03373
29593,8.00843
29594,8.01686
29595,12.0084
29596,10.0169
29597,7.00843
29598,18.0084
29599,12.0169
29600,12.0253
29601,1.03373
29602,19.0084
29603,14.0169
29604,7.00843
29605,16.0084
29606,3.00843
29607,1.01686
29608,1.00843
29609,14.0084
29610,5.01687
29611,5.0253
29612,14.0084
29613,10.0084
29614,1.01686
29615,20.0084
29616,12.0169
29617,3.0253
29618,10.0084
29619,6.01687
29620,1.0253
29621,1.03373
29622,16.0084
29623,7.01687
29624,5.0253
29625,5.03373
29626,5.00843
29627,5.01687
29628,3.0253
29629,16.0084
29630,14.0169
29631,6.0253
29632,5.03373
29633,8.00843
29634,3.01687
29635,8.00843
29636,16.0084
29637,10.0084
29638,12.0084
29639,5.01687
29640,15.0084
29641,8.01686
29642,3.00843
29643,13.0084
29644,1.00843
29645,8.00843
29646,3.01687
29647,16.0084
29648,7.01687
29649,7.0253
29650,16.0084
29651,8.01686
29652,1.0253
29653,1.03373
29654,1.04216
29655,7.00843
29656,2.01687
29657,4.00843
29658,2.01687
29659,1.0253
29660,8.00843
29661,1.01686
29662,15.0084
29663,5.01687
29664,5.0253
29665,10.0084
29666,3.01687
29667,8.00843
29668,3.01687
29669,5.00843
29670,5.01687
29671,12.0084
29672,7.01687
29673,14.0084
29674,12.0169
29675,10.0253
29676,14.0084
29677,13.0169
29678,12.0253
29679,12.0337
29680,8.04216
29681,13.0084
29682,5.01687
29683,14.0084
29684,14.0169
29685,7.0253
29686,1.00843
29687,2.00843
29688,3.00843
29689,13.0084
29690,14.0084
29691,5.01687
29692,5.0253
29693,6.00843
29694,7.00843
29695,7.01687
29696,7.0253
29697,20.0084
29698,20.0169
29699,16.0253
29700,9.03373
29701,7.04216
29702,5.05059
29703,1.05903
29704,6.00843
29705,10.0084
29706,8.01686
29707,7.0253
29708,10.0084
29709,12.0084
29710,9.01686
29711,6.00843
29712,5.01687
29713,2.0253
29714,15.0084
29715,12.0169
29716,12.0253
29717,8.00843
29718,14.0084
29719,8.01686
29720,5.0253
29721,5.03373
29722,15.0084
29723,12.0169
29724,15.0084
29725,7.01687
29726,12.0084
29727,12.0169
29728,11.0253
29729,16.0084
29730,9.01686
29731,1.00843
29732,3.00843
29733,16.0084
29734,8.01686
29735,8.00843
29736,1.01686
29737,18.0084
29738,18.0169
29739,6.0253
29740,16.0084
29741,16.0169
29742,8.0253
29743,8.00843
29744,10.0084
29745,7.01687
29746,17.0084
29747,8.00843
29748,7.01687
29749,5.0253
29750,1.03373
29751,12.0084
29752,14.0084
29753,13.0169
29754,10.0253
29755,7.00843
29756,16.0084
29757,8.01686
29758,3.0253
29759,3.00843
29760,1.00843
29761,5.00843
29762,12.0084
29763,8.01686
29764,6.0253
29765,3.03373
29766,1.04216
29767,5.00843
29768,10.0084
29769,10.0169
29770,8.0253
29771,8.00843
29772,8.01686
29773,5.00843
29774,8.00843
29775,18.0084
29776,15.0169
29777,14.0253
29778,12.0084
29779,10.0169
29780,18.0084
29781,11.0169
29782,5.00843
29783,5.01687
29784,3.0253
29785,14.0084
29786,12.0084
29787,14.0084
29788,9.00843
29789,3.01687
29790,16.0084
29791,5.01687
29792,12.0084
29793,6.01687
29794,1.00843
29795,1.01686
29796,1.00843
29797,1.01686
29798,11.0084
29799,7.01687
29800,3.0253
29801,8.00843
29802,3.01687
29803,14.0084
29804,10.0169
29805,10.0253
29806,10.0337
29807,5.04216
29808,12.0084
29809,1.01686
29810,1.0253
29811,7.00843
29812,6.01687
29813,3.0253
29814,13.0084
29815,15.0084
29816,14.0169
29817,8.0253
29818,7.03373
29819,2.04216
29820,1.05059
29821,10.0084
29822,8.01686
29823,5.0253
29824,1.03373
29825,15.0084
29826,8.01686
29827,18.0084
29828,8.01686
29829,5.00843
29830,5.01687
29831,3.0253
29832,1.03373
29833,1.04216
29834,19.0084
29835,7.01687
29836,1.0253
29837,1.03373
29838,16.0084
29839,8.00843
29840,8.01686
29841,5.0253
29842,12.0084
29843,8.01686
29844,10.0084
29845,7.01687
29846,5.0253
29847,5.03373
29848,10.0084
29849,3.01687
29850,12.0084
29851,8.00843
29852,10.0084
29853,16.0084
29854,11.0169
29855,10.0253
29856,10.0337
29857,10.0422
29858,5.05059
29859,5.00843
29860,12.0084
29861,1.01686
29862,7.00843
29863,3.00843
29864,3.01687
29865,16.0084
29866,7.01687
29867,19.0084
29868,17.0169
29869,3.0253
29870,3.03373
29871,15.0084
29872,14.0084
29873,1.01686
29874,1.0253
29875,3.00843
29876,8.00843
29877,3.01687
29878,3.0253
29879,1.03373
29880,5.00843
29881,5.01687
29882,3.0253
29883,3.03373
29884,17.0084
29885,7.00843
29886,13.0084
29887,3.01687
29888,1.0253
29889,14.0084
29890,3.01687
29891,18.0084
29892,10.0169
29893,15.0084
29894,9.01686
29895,16.0084
29896,12.0169
29897,12.0253
29898,5.03373
29899,17.0084
29900,10.0169
29901,18.0084
29902,14.0169
29903,14.0253
29904,7.03373
29905,12.0084
29906,10.0169
29907,1.0253
29908,16.0084
29909,5.01687
29910,5.0253
29911,1.03373
29912,14.0084
29913,12.0169
29914,12.0253
29915,10.0337
29916,3.00843
29917,8.00843
29918,8.01686
29919,18.0084
29920,1.00843
29921,7.00843
29922,3.01687
29923,3.00843
29924,3.01687
29925,10.0084
29926,5.00843
29927,5.00843
29928,3.00843
29929,8.00843
29930,7.01687
29931,10.0084
29932,1.00843
29933,16.0084
29934,7.01687
29935,3.0253
29936,17.0084
29937,12.0169
29938,8.0253
29939,8.03373
29940,3.04216
29941,9.00843
29942,1.01686
29943,15.0084
29944,14.0169
29945,5.0253
29946,16.0084
29947,7.01687
29948,6.0253
29949,6.03373
29950,1.00843
29951,8.00843
29952,3.01687
29953,17.0084
29954,14.0169
29955,10.0253
29956,10.0337
29957,9.04216
29958,5.00843
29959,17.0084
29960,6.01687
29961,3.0253
29962,10.0084
29963,14.0084
29964,13.0169
29965,10.0253
29966,8.03373
29967,8.04216
29968,15.0084
29969,6.00843
29970,1.01686
29971,1.0253
29972,20.0084
29973,18.0169
29974,7.0253
29975,4.03373
29976,8.00843
29977,5.01687
29978,1.00843
29979,17.0084
29980,7.00843
29981,3.01687
29982,4.00843
29983,12.0084
29984,12.0169
29985,8.00843
29986,13.0084
29987,14.0084
29988,7.01687
29989,7.0253
29990,5.03373
29991,3.04216
29992,8.00843
29993,7.01687
29994,1.0253
29995,5.00843
29996,13.0084
29997,10.0169
29998,14.0084
29999,4.01687
30000,5.00843
30001,3.01687
30002,7.00843
30003,15.0084
30004,16.0084
30005,14.0169
30006,7.0253
30007,19.0084
30008,16.0169
30009,8.0253
30010,7.00843
30011,6.01687
30012,8.00843
30013,5.01687
30014,12.0084
30015,8.01686
30016,5.0253
30017,1.03373
30018,3.00843
30019,12.0084
30020,7.01687
30021,8.00843
30022,6.00843
30023,8.00843
30024,2.01687
30025,1.0253
30026,13.0084
30027,1.01686
30028,1.0253
30029,18.0084
30030,17.0169
30031,10.0253
30032,7.03373
30033,2.04216
30034,1.05059
30035,1.00843
30036,1.01686
30037,18.0084
30038,12.0084
30039,8.01686
30040,7.0253
30041,5.03373
30042,3.04216
30043,5.00843
30044,1.01686
30045,10.0084
30046,10.0169
30047,19.0084
30048,8.01686
30049,7.0253
30050,7.03373
30051,14.0084
30052,12.0169
30053,11.0253
30054,7.03373
30055,6.04216
30056,10.0084
30057,10.0169
30058,8.0253
30059,8.03373
30060,5.04216
30061,1.05059
30062,10.0084
30063,14.0084
30064,12.0084
30065,8.01686
30066,5.00843
30067,14.0084
30068,16.0084
30069,8.01686
30070,8.0253
30071,8.03373
30072,1.00843
30073,10.0084
30074,11.0084
30075,2.01687
30076,18.0084
30077,4.01687
30078,3.0253
30079,13.0084
30080,3.01687
30081,3.0253
30082,3.03373
30083,18.0084
30084,8.01686
30085,5.0253
30086,18.0084
30087,12.0169
30088,8.0253
30089,7.03373
30090,3.00843
30091,18.0084
30092,8.01686
30093,8.0253
30094,5.00843
30095,3.01687
30096,12.0084
30097,14.0084
30098,8.01686
30099,7.0253
30100,12.0084
30101,12.0169
30102,8.00843
30103,16.0084
30104,3.01687
30105,3.0253
30106,13.0084
30107,12.0169
30108,10.0253
30109,1.00843
30110,12.0084
30111,10.0169
30112,8.0253
30113,16.0084
30114,12.0169
30115,11.0253
30116,10.0337
30117,8.04216
30118,5.05059
30119,1.05903
30120,12.0084
30121,3.00843
30122,14.0084
30123,3.00843
30124,7.00843
30125,3.01687
30126,8.00843
30127,7.01687
30128,5.0253
30129,8.00843
30130,10.0084
30131,10.0169
30132,10.0084
30133,3.01687
30134,12.0084
30135,10.0169
30136,14.0084
30137,15.0084
30138,14.0084
30139,18.0084
30140,18.0169
30141,7.0253
30142,16.0084
30143,10.0169
30144,18.0084
30145,15.0169
30146,8.0253
30147,3.03373
30148,3.00843
30149,1.00843
30150,1.01686
30151,11.0084
30152,3.01687
30153,15.0084
30154,18.0084
30155,16.0169
30156,7.0253
30157,5.03373
30158,14.0084
30159,12.0169
30160,7.00843
30161,7.01687
30162,19.0084
30163,5.01687
30164,7.00843
30165,3.01687
30166,11.0084
30167,10.0169
30168,17.0084
30169,13.0169
30170,10.0253
30171,5.03373
30172,7.00843
30173,6.01687
30174,2.0253
30175,14.0084
30176,13.0169
30177,8.0253
30178,15.0084
30179,8.01686
30180,8.0253
30181,8.03373
30182,16.0084
30183,10.0169
30184,10.0253
30185,5.03373
30186,10.0084
30187,7.00843
30188,1.01686
30189,18.0084
30190,18.0169
30191,15.0084
30192,14.0169
30193,13.0253
30194,6.00843
30195,13.0084
30196,8.01686
30197,3.0253
30198,20.0084
30199,10.0169
30200,5.00843
30201,1.01686
30202,16.0084
30203,8.01686
30204,7.0253
30205,9.00843
30206,4.01687
30207,1.00843
30208,12.0084
30209,3.01687
30210,10.0084
30211,8.01686
30212,7.0253
30213,14.0084
30214,12.0084
30215,7.01687
30216,6.0253
30217,1.03373
30218,5.00843
30219,3.01687
30220,3.0253
30221,1.03373
30222,8.00843
30223,16.0084
30224,14.0084
30225,6.01687
30226,5.0253
30227,8.00843
30228,3.01687
30229,8.00843
30230,7.01687
30231,20.0084
30232,8.01686
30233,8.00843
30234,18.0084
30235,18.0169
30236,12.0084
30237,5.01687
30238,13.0084
30239,12.0169
30240,8.0253
30241,10.0084
30242,12.0084
30243,16.0084
30244,10.0169
30245,14.0084
30246,18.0084
30247,16.0084
30248,13.0084
30249,9.01686
30250,10.0084
30251,7.00843
30252,3.00843
30253,19.0084
30254,1.01686
30255,1.0253
30256,5.00843
30257,5.01687
30258,2.0253
30259,1.00843
30260,7.00843
30261,18.0084
30262,7.00843
30263,12.0084
30264,11.0169
30265,8.0253
30266,8.03373
30267,7.04216
30268,16.0084
30269,10.0084
30270,10.0169
30271,17.0084
30272,14.0084
30273,15.0084
30274,16.0084
30275,14.0169
30276,8.00843
30277,1.01686
30278,18.0084
30279,16.0169
30280,18.0084
30281,16.0169
30282,11.0253
30283,3.03373
30284,20.0084
30285,7.01687
30286,14.0084
30287,14.0084
30288,8.00843
30289,10.0084
30290,6.01687
30291,3.0253
30292,3.03373
30293,10.0084
30294,14.0084
30295,8.01686
30296,4.0253
30297,8.00843
30298,8.00843
30299,6.01687
30300,1.0253
30301,19.0084
30302,16.0169
30303,13.0253
30304,5.03373
30305,18.0084
30306,10.0084
30307,5.01687
30308,18.0084
30309,10.0169
30310,7.0253
30311,13.0084
30312,11.0169
30313,6.0253
30314,4.03373
30315,8.00843
30316,8.01686
30317,5.0253
30318,10.0084
30319,9.01686
30320,10.0084
30321,5.01687
30322,12.0084
30323,13.0084
30324,13.0084
30325,12.0169
30326,12.0253
30327,10.0337
30328,6.04216
30329,18.0084
30330,15.0169
30331,15.0253
30332,7.03373
30333,18.0084
30334,16.0169
30335,14.0253
30336,3.03373
30337,17.0084
30338,17.0169
30339,5.0253
30340,3.03373
30341,1.04216
30342,16.0084
30343,8.01686
30344,19.0084
30345,8.01686
30346,3.00843
30347,15.0084
30348,8.01686
30349,8.0253
30350,16.0084
30351,15.0169
30352,13.0253
30353,12.0084
30354,5.01687
30355,14.0084
30356,13.0084
30357,11.0169
30358,18.0084
30359,13.0169
30360,12.0253
30361,1.03373
30362,16.0084
30363,19.0084
30364,15.0169
30365,3.0253
30366,8.00843
30367,14.0084
30368,5.01687
30369,6.00843
30370,12.0084
30371,10.0169
30372,14.0084
30373,14.0169
30374,5.0253
30375,3.00843
30376,16.0084
30377,16.0169
30378,2.0253
30379,1.03373
30380,10.0084
30381,9.01686
30382,3.00843
30383,19.0084
30384,12.0169
30385,10.0253
30386,7.03373
30387,5.04216
30388,16.0084
30389,6.00843
30390,17.0084
30391,8.01686
30392,8.0253
30393,7.03373
30394,7.04216
30395,14.0084
30396,8.01686
30397,3.0253
30398,10.0084
30399,8.01686
30400,6.00843
30401,13.0084
30402,12.0169
30403,6.0253
30404,1.03373
30405,13.0084
30406,13.0169
30407,10.0253
30408,14.0084
30409,16.0084
30410,5.01687
30411,7.00843
30412,6.01687
30413,5.0253
30414,1.03373
30415,18.0084
30416,3.00843
30417,3.01687
30418,2.0253
30419,19.0084
30420,8.01686
30421,8.0253
30422,6.00843
30423,1.01686
30424,10.0084
30425,5.01687
30426,2.0253
30427,13.0084
30428,12.0169
30429,5.0253
30430,13.0084
30431,8.01686
30432,5.00843
30433,8.00843
30434,8.01686
30435,18.0084
30436,13.0169
30437,8.0253
30438,10.0084
30439,1.01686
30440,12.0084
30441,20.0084
30442,15.0169
30443,18.0084
30444,14.0169
30445,13.0253
30446,12.0337
30447,1.04216
30448,17.0084
30449,14.0169
30450,12.0253
30451,2.03373
30452,2.04216
30453,14.0084
30454,16.0084
30455,10.0169
30456,7.0253
30457,17.0084
30458,7.01687
30459,5.0253
30460,5.03373
30461,1.04216
30462,18.0084
30463,18.0169
30464,16.0253
30465,16.0084
30466,10.0169
30467,1.0253
30468,8.00843
30469,1.01686
30470,5.00843
30471,10.0084
30472,17.0084
30473,8.01686
30474,7.0253
30475,5.03373
30476,2.04216
30477,8.00843
30478,4.01687
30479,3.0253
30480,7.00843
30481,5.01687
30482,18.0084
30483,17.0169
30484,8.00843
30485,8.01686
30486,6.0253
30487,5.03373
30488,3.04216
30489,9.00843
30490,10.0084
30491,12.0084
30492,13.0084
30493,8.01686
30494,13.0084
30495,6.01687
30496,3.0253
30497,3.03373
30498,1.04216
30499,18.0084
30500,18.0169
30501,14.0084
30502,8.01686
30503,1.0253
30504,8.00843
30505,17.0084
30506,16.0169
30507,12.0253
30508,10.0337
30509,8.04216
30510,7.05059
30511,1.05903
30512,13.0084
30513,11.0084
30514,18.0084
30515,8.00843
30516,8.01686
30517,1.0253
30518,16.0084
30519,7.00843
30520,12.0084
30521,5.01687
30522,18.0084
30523,8.00843
30524,8.01686
30525,7.0253
30526,16.0084
30527,2.00843
30528,15.0084
30529,10.0169
30530,16.0084
30531,14.0169
30532,5.0253
30533,1.00843
30534,1.01686
30535,1.0253
30536,3.00843
30537,12.0084
30538,8.01686
30539,7.0253
30540,6.03373
30541,8.00843
30542,8.01686
30543,15.0084
30544,13.0169
30545,6.0253
30546,16.0084
30547,10.0169
30548,14.0084
30549,12.0169
30550,17.0084
30551,14.0084
30552,5.01687
30553,3.0253
30554,13.0084
30555,5.00843
30556,1.01686
30557,18.0084
30558,17.0169
30559,18.0084
30560,18.0169
30561,5.0253
30562,5.03373
30563,3.04216
30564,1.05059
30565,19.0084
30566,16.0169
30567,8.0253
30568,20.0084
30569,16.0169
30570,4.0253
30571,8.00843
30572,5.01687
30573,3.0253
30574,1.00843
30575,8.00843
30576,5.01687
30577,8.00843
30578,7.01687
30579,12.0084
30580,10.0169
30581,6.0253
30582,19.0084
30583,1.00843
30584,1.01686
30585,1.0253
30586,8.00843
30587,1.01686
30588,10.0084
30589,1.01686
30590,1.0253
30591,1.03373
30592,16.0084
30593,5.01687
30594,3.00843
30595,1.01686
30596,1.0253
30597,14.0084
30598,14.0169
30599,3.0253
30600,8.00843
30601,8.00843
30602,7.01687
30603,7.0253
30604,4.00843
30605,1.01686
30606,11.0084
30607,14.0084
30608,11.0169
30609,7.0253
30610,2.03373
30611,14.0084
30612,14.0169
30613,12.0253
30614,12.0337
30615,15.0084
30616,6.00843
30617,3.00843
30618,3.01687
30619,10.0084
30620,20.0084
30621,5.01687
30622,5.0253
30623,5.03373
30624,5.04216
30625,13.0084
30626,8.01686
30627,3.0253
30628,8.00843
30629,8.01686
30630,3.0253
30631,14.0084
30632,12.0084
30633,1.01686
30634,13.0084
30635,8.01686
30636,2.0253
30637,2.00843
30638,14.0084
30639,7.01687
30640,5.0253
30641,17.0084
30642,8.00843
30643,3.00843
30644,12.0084
30645,3.00843
30646,1.01686
30647,7.00843
30648,5.01687
30649,1.0253
30650,1.03373
30651,1.04216
30652,7.00843
30653,14.0084
30654,3.01687
30655,12.0084
30656,5.01687
30657,8.00843
30658,5.01687
30659,5.0253
30660,8.00843
30661,3.01687
30662,13.0084
30663,8.01686
30664,10.0084
30665,3.01687
30666,3.0253
30667,1.03373
30668,15.0084
30669,10.0169
30670,10.0253
30671,7.03373
30672,7.04216
30673,11.0084
30674,10.0169
30675,1.0253
30676,16.0084
30677,8.01686
30678,3.0253
30679,1.03373
30680,1.04216
30681,12.0084
30682,5.01687
30683,16.0084
30684,14.0169
30685,13.0253
30686,10.0337
30687,6.04216
30688,3.05059
30689,3.05903
30690,8.00843
30691,7.01687
30692,8.00843
30693,2.01687
30694,7.00843
30695,2.01687
30696,1.0253
30697,18.0084
30698,18.0169
30699,8.0253
30700,12.0084
30701,5.01687
30702,12.0084
30703,5.01687
30704,14.0084
30705,7.01687
30706,1.0253
30707,17.0084
30708,7.01687
30709,5.00843
30710,16.0084
30711,10.0169
30712,16.0084
30713,12.0169
30714,12.0253
30715,13.0084
30716,11.0169
30717,14.0084
30718,10.0169
30719,1.0253
30720,16.0084
30721,12.0169
30722,5.00843
30723,14.0084
30724,8.01686
30725,18.0084
30726,8.01686
30727,1.0253
30728,1.03373
30729,10.0084
30730,9.01686
30731,12.0084
30732,8.00843
30733,8.00843
30734,12.0084
30735,3.01687
30736,3.0253
30737,3.03373
30738,3.00843
30739,7.00843
30740,5.01687
30741,5.0253
30742,5.03373
30743,4.00843
30744,19.0084
30745,8.01686
30746,5.00843
30747,5.01687
30748,14.0084
30749,12.0169
30750,12.0253
30751,12.0337
30752,11.0422
30753,10.0084
30754,10.0169
30755,14.0084
30756,14.0084
30757,8.01686
30758,1.00843
30759,12.0084
30760,6.01687
30761,8.00843
30762,3.01687
30763,3.00843
30764,3.01687
30765,8.00843
30766,5.01687
30767,5.00843
30768,5.01687
30769,12.0084
30770,7.00843
30771,7.01687
30772,8.00843
30773,4.01687
30774,10.0084
30775,10.0169
30776,7.00843
30777,1.01686
30778,18.0084
30779,16.0084
30780,14.0084
30781,5.00843
30782,3.01687
30783,1.0253
30784,1.03373
30785,16.0084
30786,14.0084
30787,13.0169
30788,10.0253
30789,4.03373
30790,3.04216
30791,7.00843
30792,1.01686
30793,2.00843
30794,7.00843
30795,3.01687
30796,3.0253
30797,15.0084
30798,8.01686
30799,12.0084
30800,9.01686
30801,12.0084
30802,10.0169
30803,8.00843
30804,12.0084
30805,13.0084
30806,12.0084
30807,2.01687
30808,8.00843
30809,5.01687
30810,5.0253
30811,3.03373
30812,1.04216
30813,14.0084
30814,13.0169
30815,18.0084
30816,12.0169
30817,11.0084
30818,1.01686
30819,8.00843
30820,7.01687
30821,7.0253
30822,4.03373
30823,3.04216
30824,1.05059
30825,1.05903
30826,1.06746
30827,14.0084
30828,1.01686
30829,1.0253
30830,15.0084
30831,8.00843
30832,8.00843
30833,8.01686
30834,9.00843
30835,12.0084
30836,12.0169
30837,12.0084
30838,4.01687
30839,18.0084
30840,14.0169
30841,8.0253
30842,7.03373
30843,5.04216
30844,1.05059
30845,1.05903
30846,16.0084
30847,9.01686
30848,16.0084
30849,13.0169
30850,12.0253
30851,10.0337
30852,8.04216
30853,18.0084
30854,11.0169
30855,8.00843
30856,8.01686
30857,16.0084
30858,16.0169
30859,3.0253
30860,9.00843
30861,12.0084
30862,10.0084
30863,6.00843
30864,3.01687
30865,17.0084
30866,16.0169
30867,10.0253
30868,12.0084
30869,5.01687
30870,11.0084
30871,6.01687
30872,12.0084
30873,8.00843
30874,14.0084
30875,1.00843
30876,3.00843
30877,18.0084
30878,18.0169
30879,12.0253
30880,19.0084
30881,13.0169
30882,12.0253
30883,5.03373
30884,3.04216
30885,17.0084
30886,10.0169
30887,1.00843
30888,16.0084
30889,8.01686
30890,7.00843
30891,5.00843
30892,1.01686
30893,1.0253
30894,4.00843
30895,3.01687
30896,3.0253
30897,2.03373
30898,4.00843
30899,20.0084
30900,6.00843
30901,5.01687
30902,2.0253
30903,18.0084
30904,17.0169
30905,6.0253
30906,12.0084
30907,8.01686
30908,6.00843
30909,1.01686
30910,3.00843
30911,2.01687
30912,12.0084
30913,10.0169
30914,5.0253
30915,17.0084
30916,10.0169
30917,1.0253
30918,10.0084
30919,12.0084
30920,12.0169
30921,18.0084
30922,16.0084
30923,16.0084
30924,3.00843
30925,7.00843
30926,1.01686
30927,5.00843
30928,3.01687
30929,1.00843
30930,8.00843
30931,7.01687
30932,5.00843
30933,14.0084
30934,3.01687
30935,18.0084
30936,8.01686
30937,3.0253
30938,16.0084
30939,10.0169
30940,14.0084
30941,3.00843
30942,8.00843
30943,7.01687
30944,1.0253
30945,1.03373
30946,14.0084
30947,7.01687
30948,18.0084
30949,1.01686
30950,2.00843
30951,3.00843
30952,6.00843
30953,8.00843
30954,8.01686
30955,12.0084
30956,1.01686
30957,18.0084
30958,8.01686
30959,8.0253
30960,2.03373
30961,16.0084
30962,12.0084
30963,12.0169
30964,1.0253
30965,7.00843
30966,5.01687
30967,5.0253
30968,1.00843
30969,8.00843
30970,2.01687
30971,2.0253
30972,18.0084
30973,16.0169
30974,8.0253
30975,5.03373
30976,5.04216
30977,1.05059
30978,9.00843
30979,1.01686
30980,14.0084
30981,8.01686
30982,1.0253
30983,13.0084
30984,10.0169
30985,8.0253
30986,5.03373
30987,18.0084
30988,12.0169
30989,10.0253
30990,10.0337
30991,5.04216
30992,3.05059
30993,19.0084
30994,5.00843
30995,17.0084
30996,12.0169
30997,10.0253
30998,7.03373
30999,18.0084
31000,14.0169
31001,8.0253
31002,1.00843
31003,18.0084
31004,13.0169
31005,2.0253
31006,16.0084
31007,13.0169
31008,18.0084
31009,15.0169
31010,1.0253
31011,18.0084
31012,18.0169
31013,16.0253
31014,14.0337
31015,12.0422
31016,1.05059
31017,1.05903
31018,7.00843
31019,7.01687
31020,18.0084
31021,17.0084
31022,10.0084
31023,5.01687
31024,7.00843
31025,8.00843
31026,5.01687
31027,7.00843
31028,5.01687
31029,7.00843
31030,12.0084
31031,3.01687
31032,2.00843
31033,7.00843
31034,14.0084
31035,14.0169
31036,8.0253
31037,14.0084
31038,14.0169
31039,7.0253
31040,15.0084
31041,8.01686
31042,2.00843
31043,10.0084
31044,3.01687
31045,13.0084
31046,5.00843
31047,20.0084
31048,1.01686
31049,16.0084
31050,8.01686
31051,8.00843
31052,7.01687
31053,6.0253
31054,3.03373
31055,10.0084
31056,8.01686
31057,8.0253
31058,5.03373
31059,1.04216
31060,9.00843
31061,7.01687
31062,7.0253
31063,7.03373
31064,7.04216
31065,7.00843
31066,14.0084
31067,8.01686
31068,3.0253
31069,13.0084
31070,11.0169
31071,5.0253
31072,14.0084
31073,11.0169
31074,12.0084
31075,7.01687
31076,5.00843
31077,18.0084
31078,1.01686
31079,10.0084
31080,7.01687
31081,8.00843
31082,3.01687
31083,3.0253
31084,18.0084
31085,12.0169
31086,7.0253
31087,5.00843
31088,20.0084
31089,11.0169
31090,3.0253
31091,12.0084
31092,10.0169
31093,14.0084
31094,13.0169
31095,12.0084
31096,19.0084
31097,5.01687
31098,2.0253
31099,13.0084
31100,8.01686
31101,1.0253
31102,16.0084
31103,12.0169
31104,12.0253
31105,8.03373
31106,10.0084
31107,18.0084
31108,10.0169
31109,16.0084
31110,8.00843
31111,3.01687
31112,19.0084
31113,16.0169
31114,12.0253
31115,6.00843
31116,1.01686
31117,7.00843
31118,2.01687
31119,1.0253
31120,16.0084
31121,14.0169
31122,12.0253
31123,14.0084
31124,12.0084
31125,8.00843
31126,10.0084
31127,20.0084
31128,1.00843
31129,5.00843
31130,3.01687
31131,5.00843
31132,7.00843
31133,3.01687
31134,16.0084
31135,7.01687
31136,5.0253
31137,1.00843
31138,16.0084
31139,10.0169
31140,3.0253
31141,1.03373
31142,5.00843
31143,12.0084
31144,7.01687
31145,5.0253
31146,5.03373
31147,14.0084
31148,14.0169
31149,9.0253
31150,7.00843
31151,7.01687
31152,8.00843
31153,1.01686
31154,1.0253
31155,1.03373
31156,17.0084
31157,8.01686
31158,7.00843
31159,14.0084
31160,5.00843
31161,1.00843
31162,12.0084
31163,7.01687
31164,8.00843
31165,8.01686
31166,16.0084
31167,16.0169
31168,10.0253
31169,10.0337
31170,10.0422
31171,8.05059
31172,18.0084
31173,12.0169
31174,1.0253
31175,19.0084
31176,12.0169
31177,8.0253
31178,7.03373
31179,7.04216
31180,4.00843
31181,13.0084
31182,18.0084
31183,14.0169
31184,10.0253
31185,10.0337
31186,5.04216
31187,3.05059
31188,1.05903
31189,7.00843
31190,3.01687
31191,2.0253
31192,14.0084
31193,8.01686
31194,11.0084
31195,1.01686
31196,20.0084
31197,13.0169
31198,14.0084
31199,10.0169
31200,10.0253
31201,7.03373
31202,16.0084
31203,16.0084
31204,3.01687
31205,18.0084
31206,16.0169
31207,12.0084
31208,10.0084
31209,4.01687
31210,3.00843
31211,16.0084
31212,10.0169
31213,8.0253
31214,7.03373
31215,7.04216
31216,7.00843
31217,16.0084
31218,7.01687
31219,12.0084
31220,8.01686
31221,16.0084
31222,10.0169
31223,14.0084
31224,13.0169
31225,17.0084
31226,16.0169
31227,5.0253
31228,5.03373
31229,18.0084
31230,1.01686
31231,12.0084
31232,5.01687
31233,3.00843
31234,1.01686
31235,3.00843
31236,8.00843
31237,8.01686
31238,7.0253
31239,5.03373
31240,1.00843
31241,1.01686
31242,17.0084
31243,9.01686
31244,8.0253
31245,5.00843
31246,8.00843
31247,3.01687
31248,14.0084
31249,1.01686
31250,5.00843
31251,16.0084
31252,6.01687
31253,1.0253
31254,10.0084
31255,8.00843
31256,18.0084
31257,3.01687
31258,3.0253
31259,3.03373
31260,12.0084
31261,10.0169
31262,7.0253
31263,3.03373
31264,5.00843
31265,5.01687
31266,3.00843
31267,3.01687
31268,14.0084
31269,13.0169
31270,12.0253
31271,7.03373
31272,6.04216
31273,3.00843
31274,17.0084
31275,12.0169
31276,5.0253
31277,1.03373
31278,12.0084
31279,10.0169
31280,2.00843
31281,14.0084
31282,14.0169
31283,14.0253
31284,2.03373
31285,17.0084
31286,5.00843
31287,18.0084
31288,20.0084
31289,11.0169
31290,10.0253
31291,1.03373
31292,11.0084
31293,10.0084
31294,7.01687
31295,5.0253
31296,7.00843
31297,17.0084
31298,7.01687
31299,2.00843
31300,12.0084
31301,7.01687
31302,1.0253
31303,8.00843
31304,18.0084
31305,1.01686
31306,14.0084
31307,20.0084
31308,14.0169
31309,5.0253
31310,10.0084
31311,7.00843
31312,1.01686
31313,19.0084
31314,16.0084
31315,15.0084
31316,1.01686
31317,1.0253
31318,14.0084
31319,9.01686
31320,10.0084
31321,5.00843
31322,3.00843
31323,15.0084
31324,13.0084
31325,3.00843
31326,3.01687
31327,16.0084
31328,13.0084
31329,12.0169
31330,4.0253
31331,4.03373
31332,1.04216
31333,10.0084
31334,7.00843
31335,16.0084
31336,16.0084
31337,3.01687
31338,14.0084
31339,10.0169
31340,5.0253
31341,16.0084
31342,10.0169
31343,7.0253
31344,15.0084
31345,8.01686
31346,8.0253
31347,16.0084
31348,10.0169
31349,10.0253
31350,8.03373
31351,8.04216
31352,18.0084
31353,13.0169
31354,2.0253
31355,2.03373
31356,12.0084
31357,10.0169
31358,19.0084
31359,14.0169
31360,13.0253
31361,18.0084
31362,15.0169
31363,16.0084
31364,14.0084
31365,5.00843
31366,18.0084
31367,7.01687
31368,17.0084
31369,9.00843
31370,10.0084
31371,18.0084
31372,14.0169
31373,5.0253
31374,3.03373
31375,16.0084
31376,3.00843
31377,3.00843
31378,5.00843
31379,10.0084
31380,1.01686
31381,12.0084
31382,8.01686
31383,3.0253
31384,13.0084
31385,13.0169
31386,1.0253
31387,1.03373
31388,13.0084
31389,8.01686
31390,10.0084
31391,8.01686
31392,3.0253
31393,12.0084
31394,12.0084
31395,8.01686
31396,8.0253
31397,6.03373
31398,5.04216
31399,18.0084
31400,9.01686
31401,6.0253
31402,1.03373
31403,7.00843
31404,3.01687
31405,17.0084
31406,5.01687
31407,16.0084
31408,15.0169
31409,7.0253
31410,16.0084
31411,14.0169
31412,17.0084
31413,12.0169
31414,5.0253
31415,1.00843
31416,3.00843
31417,1.00843
31418,17.0084
31419,12.0169
31420,5.0253
31421,14.0084
31422,1.01686
31423,3.00843
31424,13.0084
31425,10.0169
31426,8.0253
31427,2.03373
31428,1.00843
31429,14.0084
31430,12.0084
31431,12.0169
31432,7.00843
31433,16.0084
31434,16.0169
31435,1.0253
31436,13.0084
31437,10.0169
31438,1.0253
31439,13.0084
31440,8.01686
31441,2.0253
31442,12.0084
31443,1.01686
31444,14.0084
31445,20.0084
31446,6.00843
31447,7.00843
31448,5.01687
31449,1.0253
31450,1.03373
31451,2.00843
31452,14.0084
31453,10.0169
31454,8.0253
31455,8.00843
31456,8.01686
31457,5.0253
31458,14.0084
31459,14.0169
31460,13.0253
31461,5.03373
31462,6.00843
31463,12.0084
31464,16.0084
31465,13.0169
31466,3.00843
31467,4.00843
31468,8.00843
31469,2.01687
31470,3.00843
31471,3.01687
31472,5.00843
31473,8.00843
31474,5.01687
31475,1.0253
31476,14.0084
31477,5.00843
31478,8.00843
31479,10.0084
31480,3.01687
31481,10.0084
31482,10.0169
31483,10.0253
31484,16.0084
31485,12.0169
31486,10.0253
31487,3.03373
31488,8.00843
31489,8.01686
31490,14.0084
31491,8.01686
31492,7.0253
31493,12.0084
31494,13.0084
31495,18.0084
31496,18.0169
31497,14.0253
31498,7.03373
31499,3.04216
31500,15.0084
31501,14.0169
31502,8.0253
31503,16.0084
31504,14.0169
31505,15.0084
31506,14.0084
31507,13.0169
31508,10.0253
31509,7.03373
31510,7.04216
31511,8.00843
31512,5.01687
31513,7.00843
31514,12.0084
31515,10.0169
31516,3.0253
31517,7.00843
31518,13.0084
31519,5.01687
31520,18.0084
31521,10.0084
31522,10.0169
31523,4.00843
31524,15.0084
31525,18.0084
31526,13.0169
31527,9.00843
31528,8.01686
31529,3.0253
31530,10.0084
31531,5.00843
31532,5.01687
31533,12.0084
31534,3.01687
31535,13.0084
31536,10.0169
31537,16.0084
31538,10.0169
31539,10.0253
31540,7.03373
31541,5.04216
31542,1.05059
31543,7.00843
31544,12.0084
31545,1.01686
31546,1.0253
31547,16.0084
31548,8.01686
31549,8.0253
31550,18.0084
31551,14.0169
31552,10.0253
31553,14.0084
31554,13.0169
31555,12.0253
31556,1.03373
31557,13.0084
31558,13.0169
31559,7.0253
31560,12.0084
31561,18.0084
31562,15.0169
31563,1.0253
31564,19.0084
31565,8.01686
31566,7.0253
31567,14.0084
31568,10.0169
31569,7.0253
31570,6.03373
31571,2.04216
31572,15.0084
31573,1.00843
31574,10.0084
31575,9.01686
31576,3.0253
31577,18.0084
31578,15.0169
31579,7.0253
31580,6.03373
31581,15.0084
31582,7.00843
31583,3.01687
31584,10.0084
31585,4.01687
31586,1.0253
31587,3.00843
31588,7.00843
31589,7.00843
31590,1.01686
31591,15.0084
31592,8.01686
31593,3.00843
31594,2.00843
31595,18.0084
31596,17.0084
31597,5.01687
31598,5.0253
31599,11.0084
31600,5.01687
31601,16.0084
31602,15.0169
31603,13.0253
31604,7.03373
31605,6.04216
31606,8.00843
31607,10.0084
31608,19.0084
31609,15.0169
31610,10.0253
31611,3.00843
31612,10.0084
31613,5.01687
31614,10.0084
31615,1.01686
31616,3.00843
31617,5.00843
31618,20.0084
31619,16.0169
31620,14.0253
31621,14.0337
31622,1.04216
31623,10.0084
31624,18.0084
31625,12.0169
31626,8.0253
31627,8.03373
31628,15.0084
31629,13.0169
31630,8.0253
31631,8.03373
31632,16.0084
31633,8.01686
31634,9.00843
31635,16.0084
31636,10.0169
31637,10.0253
31638,15.0084
31639,12.0169
31640,1.00843
31641,8.00843
31642,18.0084
31643,1.01686
31644,12.0084
31645,12.0084
31646,5.01687
31647,18.0084
31648,16.0169
31649,18.0084
31650,15.0169
31651,2.0253
31652,19.0084
31653,10.0084
31654,8.01686
31655,7.0253
31656,9.00843
31657,8.01686
31658,3.00843
31659,1.01686
31660,1.0253
31661,5.00843
31662,12.0084
31663,9.00843
31664,8.01686
31665,7.0253
31666,3.03373
31667,3.04216
31668,14.0084
31669,14.0169
31670,1.00843
31671,13.0084
31672,18.0084
31673,17.0169
31674,7.0253
31675,7.03373
31676,5.00843
31677,10.0084
31678,12.0084
31679,7.01687
31680,5.0253
31681,5.03373
31682,3.04216
31683,18.0084
31684,12.0169
31685,1.0253
31686,14.0084
31687,10.0169
31688,8.00843
31689,5.00843
31690,3.01687
31691,1.0253
31692,14.0084
31693,14.0169
31694,12.0253
31695,8.03373
31696,8.04216
31697,15.0084
31698,7.01687
31699,1.0253
31700,1.03373
31701,13.0084
31702,9.01686
31703,8.0253
31704,5.03373
31705,10.0084
31706,10.0169
31707,10.0084
31708,10.0169
31709,8.0253
31710,1.00843
31711,12.0084
31712,12.0169
31713,10.0253
31714,10.0337
31715,5.04216
31716,9.00843
31717,8.01686
31718,8.0253
31719,8.03373
31720,6.04216
31721,3.05059
31722,3.05903
31723,16.0084
31724,9.01686
31725,16.0084
31726,7.01687
31727,5.0253
31728,14.0084
31729,10.0169
31730,8.0253
31731,6.03373
31732,5.04216
31733,10.0084
31734,7.01687
31735,19.0084
31736,12.0084
31737,7.01687
31738,3.0253
31739,1.03373
31740,17.0084
31741,14.0169
31742,14.0253
31743,18.0084
31744,12.0084
31745,1.01686
31746,18.0084
31747,3.00843
31748,7.00843
31749,5.00843
31750,6.00843
31751,8.00843
31752,8.00843
31753,12.0084
31754,7.01687
31755,5.0253
31756,10.0084
31757,12.0084
31758,8.00843
31759,7.01687
31760,5.00843
31761,14.0084
31762,10.0169
31763,6.0253
31764,8.00843
31765,5.00843
31766,8.00843
31767,8.01686
31768,5.0253
31769,10.0084
31770,12.0084
31771,10.0169
31772,8.00843
31773,7.00843
31774,1.01686
31775,10.0084
31776,3.00843
31777,1.01686
31778,12.0084
31779,9.00843
31780,6.01687
31781,20.0084
31782,10.0169
31783,4.0253
31784,11.0084
31785,12.0084
31786,8.01686
31787,8.0253
31788,1.03373
31789,10.0084
31790,8.01686
31791,10.0084
31792,8.01686
31793,14.0084
31794,11.0084
31795,14.0084
31796,7.01687
31797,5.0253
31798,17.0084
31799,8.01686
31800,5.0253
31801,1.03373
31802,10.0084
31803,1.01686
31804,15.0084
31805,6.01687
31806,5.0253
31807,5.03373
31808,16.0084
31809,10.0169
31810,7.0253
31811,7.00843
31812,8.00843
31813,3.01687
31814,20.0084
31815,10.0169
31816,10.0253
31817,9.03373
31818,10.0084
31819,5.01687
31820,15.0084
31821,12.0084
31822,10.0169
31823,18.0084
31824,16.0169
31825,16.0253
31826,14.0337
31827,5.04216
31828,10.0084
31829,5.01687
31830,1.0253
31831,14.0084
31832,2.01687
31833,16.0084
31834,11.0084
31835,5.01687
31836,6.00843
31837,14.0084
31838,8.00843
31839,3.00843
31840,14.0084
31841,1.01686
31842,12.0084
31843,10.0169
31844,5.0253
31845,19.0084
31846,16.0084
31847,14.0169
31848,12.0253
31849,5.00843
31850,5.01687
31851,3.0253
31852,18.0084
31853,2.00843
31854,13.0084
31855,10.0084
31856,5.01687
31857,6.00843
31858,7.00843
31859,16.0084
31860,1.01686
31861,1.0253
31862,12.0084
31863,1.01686
31864,1.0253
31865,7.00843
31866,1.01686
31867,8.00843
31868,1.01686
31869,18.0084
31870,8.00843
31871,15.0084
31872,5.01687
31873,16.0084
31874,8.01686
31875,7.00843
31876,1.01686
31877,8.00843
31878,3.01687
31879,3.0253
31880,3.03373
31881,10.0084
31882,8.00843
31883,12.0084
31884,13.0084
31885,13.0169
31886,5.0253
31887,5.03373
31888,14.0084
31889,19.0084
31890,9.01686
31891,7.00843
31892,18.0084
31893,8.01686
31894,8.0253
31895,1.03373
31896,14.0084
31897,9.01686
31898,8.00843
31899,13.0084
31900,3.00843
31901,13.0084
31902,12.0169
31903,3.0253
31904,5.00843
31905,20.0084
31906,5.00843
31907,10.0084
31908,7.00843
31909,1.00843
31910,8.00843
31911,1.01686
31912,12.0084
31913,12.0169
31914,3.00843
31915,12.0084
31916,1.01686
31917,9.00843
31918,8.01686
31919,5.0253
31920,5.00843
31921,5.01687
31922,12.0084
31923,8.01686
31924,10.0084
31925,1.01686
31926,1.0253
31927,12.0084
31928,3.00843
31929,3.01687
31930,3.0253
31931,1.03373
31932,14.0084
31933,10.0169
31934,5.0253
31935,5.03373
31936,18.0084
31937,16.0169
31938,15.0253
31939,8.03373
31940,17.0084
31941,8.00843
31942,7.00843
31943,3.01687
31944,15.0084
31945,7.01687
31946,16.0084
31947,5.01687
31948,12.0084
31949,6.01687
31950,6.00843
31951,7.00843
31952,9.00843
31953,8.01686
31954,10.0084
31955,10.0169
31956,8.0253
31957,10.0084
31958,3.00843
31959,1.00843
31960,13.0084
31961,12.0084
31962,3.01687
31963,1.0253
31964,16.0084
31965,5.01687
31966,1.0253
31967,13.0084
31968,5.01687
31969,7.00843
31970,8.00843
31971,8.01686
31972,6.0253
31973,5.03373
31974,7.00843
31975,18.0084
31976,15.0169
31977,8.0253
31978,8.03373
31979,16.0084
31980,8.01686
31981,12.0084
31982,10.0169
31983,8.0253
31984,15.0084
31985,1.01686
31986,5.00843
31987,5.01687
31988,1.0253
31989,18.0084
31990,16.0169
31991,1.0253
31992,7.00843
31993,6.01687
31994,5.0253
31995,5.03373
31996,3.04216
31997,15.0084
31998,18.0084
31999,12.0169
32000,10.0253
32001,8.03373
32002,16.0084
32003,11.0169
32004,12.0084
32005,12.0169
32006,14.0084
32007,12.0169
32008,10.0084
32009,1.01686
32010,2.00843
32011,3.00843
32012,10.0084
32013,2.01687
32014,20.0084
32015,1.01686
32016,8.00843
32017,12.0084
32018,12.0169
32019,5.0253
32020,12.0084
32021,1.01686
32022,13.0084
32023,10.0169
32024,7.0253
32025,10.0084
32026,6.00843
32027,14.0084
32028,12.0084
32029,10.0169
32030,18.0084
32031,17.0169
32032,1.0253
32033,1.03373
32034,12.0084
32035,4.01687
32036,8.00843
32037,11.0084
32038,8.01686
32039,10.0084
32040,8.01686
32041,14.0084
32042,12.0084
32043,8.01686
32044,8.0253
32045,5.00843
32046,1.01686
32047,14.0084
32048,12.0084
32049,9.00843
32050,3.01687
32051,6.00843
32052,12.0084
32053,13.0084
32054,5.01687
32055,5.00843
32056,3.01687
32057,6.00843
32058,16.0084
32059,8.01686
32060,17.0084
32061,14.0169
32062,4.0253
32063,3.03373
32064,5.00843
32065,5.01687
32066,1.0253
32067,3.00843
32068,7.00843
32069,7.01687
32070,3.0253
32071,8.00843
32072,9.00843
32073,5.01687
32074,5.0253
32075,8.00843
32076,1.01686
32077,15.0084
32078,8.01686
32079,7.0253
32080,7.03373
32081,1.04216
32082,13.0084
32083,10.0169
32084,8.0253
32085,8.03373
32086,7.04216
32087,16.0084
32088,13.0169
32089,10.0084
32090,16.0084
32091,16.0169
32092,12.0253
32093,7.03373
32094,17.0084
32095,17.0169
32096,3.0253
32097,8.00843
32098,6.01687
32099,19.0084
32100,16.0169
32101,5.0253
32102,2.03373
32103,1.04216
32104,1.05059
32105,11.0084
32106,1.01686
32107,16.0084
32108,12.0169
32109,3.0253
32110,3.03373
32111,18.0084
32112,18.0169
32113,9.00843
32114,10.0084
32115,20.0084
32116,8.00843
32117,10.0084
32118,1.00843
32119,8.00843
32120,1.01686
32121,8.00843
32122,15.0084
32123,1.01686
32124,19.0084
32125,8.01686
32126,6.00843
32127,3.01687
32128,10.0084
32129,3.01687
32130,2.0253
32131,18.0084
32132,14.0169
32133,8.0253
32134,8.03373
32135,10.0084
32136,8.01686
32137,7.0253
32138,5.03373
32139,5.00843
32140,8.00843
32141,1.01686
32142,1.0253
32143,13.0084
32144,12.0169
32145,10.0253
32146,1.03373
32147,1.04216
32148,12.0084
32149,10.0169
32150,5.0253
32151,4.03373
32152,3.04216
32153,14.0084
32154,5.01687
32155,1.00843
32156,14.0084
32157,9.01686
32158,7.0253
32159,11.0084
32160,9.01686
32161,8.0253
32162,1.03373
32163,19.0084
32164,13.0169
32165,5.0253
32166,3.03373
32167,10.0084
32168,8.01686
32169,13.0084
32170,16.0084
32171,12.0169
32172,3.0253
32173,16.0084
32174,13.0169
32175,8.0253
32176,8.03373
32177,6.04216
32178,1.05059
32179,20.0084
32180,14.0169
32181,6.0253
32182,16.0084
32183,9.01686
32184,7.0253
32185,3.03373
32186,6.00843
32187,18.0084
32188,14.0169
32189,10.0253
32190,1.03373
32191,13.0084
32192,7.00843
32193,13.0084
32194,12.0169
32195,12.0253
32196,8.03373
32197,7.04216
32198,3.00843
32199,1.01686
32200,14.0084
32201,18.0084
32202,18.0169
32203,12.0253
32204,10.0084
32205,17.0084
32206,16.0084
32207,11.0169
32208,9.0253
32209,7.03373
32210,5.04216
32211,5.05059
32212,3.05903
32213,18.0084
32214,18.0169
32215,14.0253
32216,14.0084
32217,12.0084
32218,1.01686
32219,7.00843
32220,18.0084
32221,14.0169
32222,8.0253
32223,5.03373
32224,12.0084
32225,16.0084
32226,7.00843
32227,5.00843
32228,3.01687
32229,10.0084
32230,12.0084
32231,5.01687
32232,12.0084
32233,10.0169
32234,7.0253
32235,8.00843
32236,1.01686
32237,4.00843
32238,1.01686
32239,7.00843
32240,5.01687
32241,12.0084
32242,10.0084
32243,3.01687
32244,10.0084
32245,5.01687
32246,13.0084
32247,8.01686
32248,1.0253
32249,8.00843
32250,1.01686
32251,1.0253
32252,5.00843
32253,3.01687
32254,3.0253
32255,14.0084
32256,10.0169
32257,3.0253
32258,7.00843
32259,12.0084
32260,18.0084
32261,12.0169
32262,5.0253
32263,2.03373
32264,12.0084
32265,14.0084
32266,17.0084
32267,6.01687
32268,10.0084
32269,14.0084
32270,14.0169
32271,15.0084
32272,4.01687
32273,1.0253
32274,12.0084
32275,7.00843
32276,1.01686
32277,18.0084
32278,16.0169
32279,14.0084
32280,10.0084
32281,7.00843
32282,1.01686
32283,1.0253
32284,12.0084
32285,9.00843
32286,3.00843
32287,3.01687
32288,15.0084
32289,1.01686
32290,6.00843
32291,3.00843
32292,18.0084
32293,16.0169
32294,10.0253
32295,7.03373
32296,5.04216
32297,12.0084
32298,17.0084
32299,9.01686
32300,15.0084
32301,10.0169
32302,18.0084
32303,1.01686
32304,3.00843
32305,1.01686
32306,1.0253
32307,1.03373
32308,14.0084
32309,7.01687
32310,3.00843
32311,18.0084
32312,8.01686
32313,5.0253
32314,18.0084
32315,3.00843
32316,10.0084
32317,5.01687
32318,11.0084
32319,12.0084
32320,10.0169
32321,14.0084
32322,10.0169
32323,9.0253
32324,1.03373
32325,14.0084
32326,13.0169
32327,12.0253
32328,10.0337
32329,1.04216
32330,16.0084
32331,18.0084
32332,16.0169
32333,16.0084
32334,13.0169
32335,10.0253
32336,1.03373
32337,16.0084
32338,3.01687
32339,3.0253
32340,1.00843
32341,3.00843
32342,6.00843
32343,8.00843
32344,6.01687
32345,14.0084
32346,10.0084
32347,8.01686
32348,2.0253
32349,12.0084
32350,10.0169
32351,12.0084
32352,8.01686
32353,8.00843
32354,14.0084
32355,17.0084
32356,17.0084
32357,12.0169
32358,18.0084
32359,16.0169
32360,16.0253
32361,5.03373
32362,12.0084
32363,7.01687
32364,9.00843
32365,13.0084
32366,8.01686
32367,5.0253
32368,7.00843
32369,3.01687
32370,7.00843
32371,8.00843
32372,14.0084
32373,7.01687
32374,1.00843
32375,2.00843
32376,12.0084
32377,3.01687
32378,18.0084
32379,7.00843
32380,5.01687
32381,4.00843
32382,8.00843
32383,12.0084
32384,12.0084
32385,5.01687
32386,14.0084
32387,13.0169
32388,7.0253
32389,3.03373
32390,1.00843
32391,20.0084
32392,1.01686
32393,1.0253
32394,1.03373
32395,20.0084
32396,1.00843
32397,1.01686
32398,1.0253
32399,1.03373
32400,13.0084
32401,8.01686
32402,7.00843
32403,8.00843
32404,8.01686
32405,7.00843
32406,8.00843
32407,15.0084
32408,15.0169
32409,13.0084
32410,12.0169
32411,10.0253
32412,1.03373
32413,1.00843
32414,12.0084
32415,3.01687
32416,13.0084
32417,3.01687
32418,15.0084
32419,15.0084
32420,7.00843
32421,2.01687
32422,14.0084
32423,16.0084
32424,16.0084
32425,5.01687
32426,12.0084
32427,6.01687
32428,12.0084
32429,7.01687
32430,9.00843
32431,8.01686
32432,1.0253
32433,14.0084
32434,1.00843
32435,12.0084
32436,8.01686
32437,5.0253
32438,12.0084
32439,10.0169
32440,18.0084
32441,7.01687
32442,3.0253
32443,3.03373
32444,8.00843
32445,7.01687
32446,6.0253
32447,7.00843
32448,7.00843
32449,6.01687
32450,8.00843
32451,5.01687
32452,10.0084
32453,12.0084
32454,11.0169
32455,4.0253
32456,12.0084
32457,8.01686
32458,13.0084
32459,3.01687
32460,5.00843
32461,10.0084
32462,11.0084
32463,1.01686
32464,8.00843
32465,3.00843
32466,3.01687
32467,3.0253
32468,14.0084
32469,10.0169
32470,7.0253
32471,17.0084
32472,10.0084
32473,16.0084
32474,16.0169
32475,8.0253
32476,7.00843
32477,13.0084
32478,13.0169
32479,10.0253
32480,8.03373
32481,1.00843
32482,1.01686
32483,18.0084
32484,8.01686
32485,6.0253
32486,2.03373
32487,7.00843
32488,1.01686
32489,1.0253
32490,18.0084
32491,8.01686
32492,3.0253
32493,8.00843
32494,10.0084
32495,10.0084
32496,10.0169
32497,18.0084
32498,18.0169
32499,18.0253
32500,10.0337
32501,6.04216
32502,1.05059
32503,12.0084
32504,10.0084
32505,3.01687
32506,3.00843
32507,1.00843
32508,8.00843
32509,14.0084
32510,9.00843
32511,5.01687
32512,18.0084
32513,6.01687
32514,8.00843
32515,7.01687
32516,6.0253
32517,12.0084
32518,20.0084
32519,12.0169
32520,12.0084
32521,10.0169
32522,13.0084
32523,10.0169
32524,10.0253
32525,3.00843
32526,3.01687
32527,13.0084
32528,7.01687
32529,12.0084
32530,11.0084
32531,1.01686
32532,19.0084
32533,3.00843
32534,4.00843
32535,14.0084
32536,5.01687
32537,1.0253
32538,1.03373
32539,7.00843
32540,3.01687
32541,3.0253
32542,16.0084
32543,5.01687
32544,3.0253
32545,6.00843
32546,5.01687
32547,8.00843
32548,7.01687
32549,5.0253
32550,16.0084
32551,5.01687
32552,14.0084
32553,10.0169
32554,10.0253
32555,12.0084
32556,8.00843
32557,8.00843
32558,5.01687
32559,5.0253
32560,5.03373
32561,9.00843
32562,1.00843
32563,1.01686
32564,17.0084
32565,14.0169
32566,14.0084
32567,1.01686
32568,19.0084
32569,18.0169
32570,12.0253
32571,16.0084
32572,13.0169
32573,13.0253
32574,3.03373
32575,3.04216
32576,15.0084
32577,14.0169
32578,14.0084
32579,7.01687
32580,7.0253
32581,5.03373
32582,16.0084
32583,17.0084
32584,10.0084
32585,8.01686
32586,12.0084
32587,5.01687
32588,9.00843
32589,14.0084
32590,1.01686
32591,14.0084
32592,3.00843
32593,1.01686
32594,16.0084
32595,5.00843
32596,5.01687
32597,18.0084
32598,7.01687
32599,3.00843
32600,18.0084
32601,7.00843
32602,16.0084
32603,14.0084
32604,1.01686
32605,1.0253
32606,9.00843
32607,8.00843
32608,3.01687
32609,16.0084
32610,17.0084
32611,8.00843
32612,18.0084
32613,17.0169
32614,1.0253
32615,10.0084
32616,10.0169
32617,8.00843
32618,5.01687
32619,3.00843
32620,3.01687
32621,13.0084
32622,13.0169
32623,12.0084
32624,13.0084
32625,18.0084
32626,3.01687
32627,14.0084
32628,14.0169
32629,7.0253
32630,17.0084
32631,13.0084
32632,8.00843
32633,5.01687
32634,3.00843
32635,3.01687
32636,11.0084
32637,11.0169
32638,14.0084
32639,13.0169
32640,3.0253
32641,1.00843
32642,3.00843
32643,3.01687
32644,8.00843
32645,3.01687
32646,1.00843
32647,10.0084
32648,1.01686
32649,1.0253
32650,1.03373
32651,12.0084
32652,1.01686
32653,12.0084
32654,2.01687
32655,16.0084
32656,13.0169
32657,8.0253
32658,3.03373
32659,14.0084
32660,10.0169
32661,6.00843
32662,13.0084
32663,7.01687
32664,8.00843
32665,1.01686
32666,12.0084
32667,7.00843
32668,5.01687
32669,10.0084
32670,10.0169
32671,10.0253
32672,8.03373
32673,1.04216
32674,11.0084
32675,7.01687
32676,16.0084
32677,8.01686
32678,16.0084
32679,1.01686
32680,16.0084
32681,7.01687
32682,5.00843
32683,5.00843
32684,1.01686
32685,17.0084
32686,17.0169
32687,18.0084
32688,8.01686
32689,1.00843
32690,15.0084
32691,7.00843
32692,8.00843
32693,7.01687
32694,10.0084
32695,8.01686
32696,6.0253
32697,1.00843
32698,11.0084
32699,10.0169
32700,17.0084
32701,12.0169
32702,3.0253
32703,18.0084
32704,14.0169
32705,15.0084
32706,3.01687
32707,12.0084
32708,1.01686
32709,5.00843
32710,20.0084
32711,6.01687
32712,1.0253
32713,1.03373
32714,1.04216
32715,18.0084
32716,8.01686
32717,7.0253
32718,17.0084
32719,3.01687
32720,2.0253
32721,20.0084
32722,12.0169
32723,18.0084
32724,8.00843
32725,5.01687
32726,7.00843
32727,1.00843
32728,8.00843
32729,7.01687
32730,8.00843
32731,17.0084
32732,16.0169
32733,14.0253
32734,3.03373
32735,18.0084
32736,1.01686
32737,4.00843
32738,10.0084
32739,7.01687
32740,5.0253
32741,3.03373
32742,14.0084
32743,8.01686
32744,16.0084
32745,9.01686
32746,5.0253
32747,11.0084
32748,7.01687
32749,5.0253
32750,13.0084
32751,12.0169
32752,20.0084
32753,12.0084
32754,13.0084
32755,3.01687
32756,20.0084
32757,6.00843
32758,4.00843
32759,1.00843
32760,12.0084
32761,12.0169
32762,5.0253
32763,13.0084
32764,1.01686
32765,17.0084
32766,3.01687
32767,1.00843
32768,1.01686
32769,3.00843
32770,14.0084
32771,14.0084
32772,13.0169
32773,5.0253
32774,5.03373
32775,4.04216
32776,16.0084
32777,9.01686
32778,8.0253
32779,8.00843
32780,7.01687
32781,3.0253
32782,19.0084
32783,12.0169
32784,7.00843
32785,3.01687
32786,1.00843
32787,12.0084
32788,6.00843
32789,17.0084
32790,14.0169
32791,15.0084
32792,5.01687
32793,5.00843
32794,4.01687
32795,10.0084
32796,5.01687
32797,5.0253
32798,1.03373
32799,13.0084
32800,19.0084
32801,8.01686
32802,8.0253
32803,8.00843
32804,1.01686
32805,5.00843
32806,5.00843
32807,10.0084
32808,13.0084
32809,8.01686
32810,7.0253
32811,1.03373
32812,18.0084
32813,14.0169
32814,14.0084
32815,4.00843
32816,16.0084
32817,8.00843
32818,6.00843
32819,2.01687
32820,1.0253
32821,8.00843
32822,7.01687
32823,7.0253
32824,5.03373
32825,3.04216
32826,3.05059
32827,1.05903
32828,16.0084
32829,10.0169
32830,1.0253
32831,1.03373
32832,19.0084
32833,15.0169
32834,10.0253
32835,10.0337
32836,5.04216
32837,5.05059
32838,5.05903
32839,7.00843
32840,3.01687
32841,3.0253
32842,3.03373
32843,19.0084
32844,8.01686
32845,8.0253
32846,8.03373
32847,7.04216
32848,6.05059
32849,12.0084
32850,5.01687
32851,10.0084
32852,15.0084
32853,10.0169
32854,7.0253
32855,3.03373
32856,6.00843
32857,2.01687
32858,16.0084
32859,6.01687
32860,12.0084
32861,12.0169
32862,12.0253
32863,5.00843
32864,5.01687
32865,1.00843
32866,16.0084
32867,12.0169
32868,8.0253
32869,20.0084
32870,18.0084
32871,6.01687
32872,19.0084
32873,15.0169
32874,20.0084
32875,16.0169
32876,13.0084
32877,12.0169
32878,5.0253
32879,6.00843
32880,3.01687
32881,1.0253
32882,10.0084
32883,8.00843
32884,1.01686
32885,1.0253
32886,13.0084
32887,10.0169
32888,10.0253
32889,15.0084
32890,12.0169
32891,12.0084
32892,19.0084
32893,14.0169
32894,13.0253
32895,17.0084
32896,16.0084
32897,10.0169
32898,10.0253
32899,10.0084
32900,8.01686
32901,16.0084
32902,12.0169
32903,7.00843
32904,8.00843
32905,14.0084
32906,14.0084
32907,12.0084
32908,12.0169
32909,5.0253
32910,5.00843
32911,16.0084
32912,7.01687
32913,6.0253
32914,6.03373
32915,3.00843
32916,12.0084
32917,11.0084
32918,1.00843
32919,1.01686
32920,1.00843
32921,1.01686
32922,3.00843
32923,3.00843
32924,1.01686
32925,18.0084
32926,2.00843
32927,10.0084
32928,5.01687
32929,5.0253
32930,3.03373
32931,15.0084
32932,10.0084
32933,8.01686
32934,8.00843
32935,5.01687
32936,3.0253
32937,13.0084
32938,10.0169
32939,8.0253
32940,8.03373
32941,10.0084
32942,12.0084
32943,12.0169
32944,10.0253
32945,10.0337
32946,14.0084
32947,12.0169
32948,1.0253
32949,10.0084
32950,1.01686
32951,8.00843
32952,8.01686
32953,1.0253
32954,16.0084
32955,14.0169
32956,3.0253
32957,3.03373
32958,15.0084
32959,7.00843
32960,5.01687
32961,3.0253
32962,6.00843
32963,4.01687
32964,7.00843
32965,7.01687
32966,5.0253
32967,7.00843
32968,9.00843
32969,3.01687
32970,14.0084
32971,5.00843
32972,15.0084
32973,14.0084
32974,18.0084
32975,10.0169
32976,8.0253
32977,5.03373
32978,14.0084
32979,1.00843
32980,14.0084
32981,12.0169
32982,8.0253
32983,10.0084
32984,8.01686
32985,5.0253
32986,1.00843
32987,13.0084
32988,11.0169
32989,16.0084
32990,10.0084
32991,10.0169
32992,3.0253
32993,8.00843
32994,12.0084
32995,7.01687
32996,13.0084
32997,5.00843
32998,16.0084
32999,10.0169
33000,10.0253
33001,3.00843
33002,3.01687
33003,1.0253
33004,1.00843
33005,1.01686
33006,16.0084
33007,2.01687
33008,6.00843
33009,12.0084
33010,1.01686
33011,8.00843
33012,7.01687
33013,5.0253
33014,7.00843
33015,5.01687
33016,7.00843
33017,10.0084
33018,14.0084
33019,10.0084
33020,8.01686
33021,6.0253
33022,16.0084
33023,5.01687
33024,14.0084
33025,10.0169
33026,12.0084
33027,16.0084
33028,18.0084
33029,16.0169
33030,12.0253
33031,10.0337
33032,5.00843
33033,1.01686
33034,18.0084
33035,7.01687
33036,10.0084
33037,3.01687
33038,18.0084
33039,10.0169
33040,1.0253
33041,16.0084
33042,11.0169
33043,3.0253
33044,1.03373
33045,7.00843
33046,5.01687
33047,5.00843
33048,1.01686
33049,18.0084
33050,5.01687
33051,16.0084
33052,8.01686
33053,7.0253
33054,8.00843
33055,18.0084
33056,9.01686
33057,8.0253
33058,14.0084
33059,12.0084
33060,12.0169
33061,11.0253
33062,10.0337
33063,3.00843
33064,1.01686
33065,18.0084
33066,16.0169
33067,10.0253
33068,9.03373
33069,19.0084
33070,3.00843
33071,3.01687
33072,3.00843
33073,8.00843
33074,5.01687
33075,1.00843
33076,14.0084
33077,5.01687
33078,16.0084
33079,10.0169
33080,3.00843
33081,14.0084
33082,6.00843
33083,7.00843
33084,14.0084
33085,2.00843
33086,6.00843
33087,2.00843
33088,18.0084
33089,8.01686
33090,5.0253
33091,3.03373
33092,7.00843
33093,1.01686
33094,11.0084
33095,12.0084
33096,7.01687
33097,3.0253
33098,1.03373
33099,13.0084
33100,5.01687
33101,3.0253
33102,3.03373
33103,2.00843
33104,12.0084
33105,5.01687
33106,1.00843
33107,8.00843
33108,14.0084
33109,8.01686
33110,3.0253
33111,16.0084
33112,12.0169
33113,8.0253
33114,1.03373
33115,10.0084
33116,1.01686
33117,10.0084
33118,10.0169
33119,5.0253
33120,5.03373
33121,3.04216
33122,1.05059
33123,13.0084
33124,5.01687
33125,3.0253
33126,1.00843
33127,1.01686
33128,5.00843
33129,14.0084
33130,12.0169
33131,8.0253
33132,3.03373
33133,3.04216
33134,7.00843
33135,7.00843
33136,5.01687
33137,6.00843
33138,7.00843
33139,7.01687
33140,14.0084
33141,8.01686
33142,8.00843
33143,13.0084
33144,13.0169
33145,10.0253
33146,9.03373
33147,1.00843
33148,16.0084
33149,7.01687
33150,3.0253
33151,13.0084
33152,8.01686
33153,5.0253
33154,20.0084
33155,14.0169
33156,4.0253
33157,18.0084
33158,18.0169
33159,10.0253
33160,3.03373
33161,2.00843
33162,17.0084
33163,5.01687
33164,18.0084
33165,13.0169
33166,8.0253
33167,18.0084
33168,10.0169
33169,1.00843
33170,14.0084
33171,8.01686
33172,7.0253
33173,3.03373
33174,15.0084
33175,11.0169
33176,8.0253
33177,6.00843
33178,13.0084
33179,10.0169
33180,14.0084
33181,10.0169
33182,12.0084
33183,5.01687
33184,19.0084
33185,11.0169
33186,14.0084
33187,1.00843
33188,16.0084
33189,18.0084
33190,18.0084
33191,3.01687
33192,18.0084
33193,8.01686
33194,3.00843
33195,12.0084
33196,10.0169
33197,15.0084
33198,8.01686
33199,7.0253
33200,5.03373
33201,12.0084
33202,9.01686
33203,1.0253
33204,16.0084
33205,16.0169
33206,20.0084
33207,16.0169
33208,14.0253
33209,8.03373
33210,12.0084
33211,12.0169
33212,13.0084
33213,5.01687
33214,2.0253
33215,14.0084
33216,16.0084
33217,16.0084
33218,12.0169
33219,8.00843
33220,1.01686
33221,10.0084
33222,8.00843
33223,13.0084
33224,12.0169
33225,8.0253
33226,8.03373
33227,7.04216
33228,9.00843
33229,3.01687
33230,10.0084
33231,1.01686
33232,7.00843
33233,12.0084
33234,8.01686
33235,20.0084
33236,14.0169
33237,10.0253
33238,9.03373
33239,6.04216
33240,5.05059
33241,15.0084
33242,5.01687
33243,10.0084
33244,8.01686
33245,8.0253
33246,8.03373
33247,8.04216
33248,1.05059
33249,8.00843
33250,14.0084
33251,13.0169
33252,1.0253
33253,18.0084
33254,1.01686
33255,18.0084
33256,15.0169
33257,7.0253
33258,6.03373
33259,1.04216
33260,12.0084
33261,1.01686
33262,19.0084
33263,13.0084
33264,12.0084
33265,12.0169
33266,12.0253
33267,7.03373
33268,6.04216
33269,14.0084
33270,8.01686
33271,15.0084
33272,10.0169
33273,10.0253
33274,10.0337
33275,17.0084
33276,5.01687
33277,12.0084
33278,5.00843
33279,17.0084
33280,14.0169
33281,8.0253
33282,13.0084
33283,13.0169
33284,8.0253
33285,15.0084
33286,12.0084
33287,8.01686
33288,5.0253
33289,1.03373
33290,1.04216
33291,14.0084
33292,13.0084
33293,12.0169
33294,7.0253
33295,3.00843
33296,8.00843
33297,3.00843
33298,1.01686
33299,3.00843
33300,12.0084
33301,10.0169
33302,16.0084
33303,16.0169
33304,2.0253
33305,8.00843
33306,16.0084
33307,2.01687
33308,8.00843
33309,6.00843
33310,1.01686
33311,1.0253
33312,1.03373
33313,8.00843
33314,8.01686
33315,3.0253
33316,16.0084
33317,1.01686
33318,1.0253
33319,1.03373
33320,8.00843
33321,5.01687
33322,3.00843
33323,19.0084
33324,7.01687
33325,3.00843
33326,13.0084
33327,12.0169
33328,14.0084
33329,8.01686
33330,8.0253
33331,6.03373
33332,5.00843
33333,1.01686
33334,8.00843
33335,17.0084
33336,14.0169
33337,13.0253
33338,8.03373
33339,8.04216
33340,16.0084
33341,10.0169
33342,1.0253
33343,1.03373
33344,13.0084
33345,3.00843
33346,14.0084
33347,5.01687
33348,16.0084
33349,14.0084
33350,12.0169
33351,8.0253
33352,8.03373
33353,7.04216
33354,7.05059
33355,1.05903
33356,10.0084
33357,8.01686
33358,8.0253
33359,16.0084
33360,7.01687
33361,20.0084
33362,5.01687
33363,5.00843
33364,14.0084
33365,14.0169
33366,8.0253
33367,1.00843
33368,16.0084
33369,10.0169
33370,10.0084
33371,5.01687
33372,5.0253
33373,5.00843
33374,5.01687
33375,6.00843
33376,1.01686
33377,7.00843
33378,3.00843
33379,9.00843
33380,8.01686
33381,10.0084
33382,5.01687
33383,1.0253
33384,10.0084
33385,1.01686
33386,5.00843
33387,15.0084
33388,8.01686
33389,5.0253
33390,5.03373
33391,15.0084
33392,9.01686
33393,7.0253
33394,5.03373
33395,5.04216
33396,1.05059
33397,16.0084
33398,10.0169
33399,7.0253
33400,7.03373
33401,9.00843
33402,13.0084
33403,8.01686
33404,3.0253
33405,10.0084
33406,12.0084
33407,12.0084
33408,8.00843
33409,17.0084
33410,12.0169
33411,1.0253
33412,16.0084
33413,16.0169
33414,10.0253
33415,6.00843
33416,12.0084
33417,7.01687
33418,5.0253
33419,1.03373
33420,17.0084
33421,12.0169
33422,8.0253
33423,8.03373
33424,13.0084
33425,3.00843
33426,8.00843
33427,1.01686
33428,13.0084
33429,8.01686
33430,8.0253
33431,8.03373
33432,5.04216
33433,18.0084
33434,12.0169
33435,2.0253
33436,13.0084
33437,8.01686
33438,17.0084
33439,14.0169
33440,6.0253
33441,12.0084
33442,10.0169
33443,5.0253
33444,5.03373
33445,3.04216
33446,12.0084
33447,12.0084
33448,8.01686
33449,5.00843
33450,1.01686
33451,11.0084
33452,16.0084
33453,10.0084
33454,5.01687
33455,3.0253
33456,12.0084
33457,3.01687
33458,1.0253
33459,13.0084
33460,10.0169
33461,10.0253
33462,18.0084
33463,13.0169
33464,3.0253
33465,2.03373
33466,3.00843
33467,1.01686
33468,3.00843
33469,9.00843
33470,1.01686
33471,18.0084
33472,7.00843
33473,10.0084
33474,11.0084
33475,8.01686
33476,8.0253
33477,1.03373
33478,14.0084
33479,8.01686
33480,7.0253
33481,14.0084
33482,14.0169
33483,5.00843
33484,7.00843
33485,2.01687
33486,15.0084
33487,14.0169
33488,12.0253
33489,8.03373
33490,8.00843
33491,8.01686
33492,1.0253
33493,16.0084
33494,16.0084
33495,16.0169
33496,10.0253
33497,13.0084
33498,8.00843
33499,8.01686
33500,1.0253
33501,1.03373
33502,5.00843
33503,7.00843
33504,10.0084
33505,8.01686
33506,14.0084
33507,1.01686
33508,6.00843
33509,1.01686
33510,1.0253
33511,3.00843
33512,1.01686
33513,1.00843
33514,8.00843
33515,7.00843
33516,8.00843
33517,7.01687
33518,3.0253
33519,8.00843
33520,12.0084
33521,10.0084
33522,9.01686
33523,8.0253
33524,7.00843
33525,11.0084
33526,18.0084
33527,19.0084
33528,5.01687
33529,8.00843
33530,8.01686
33531,7.0253
33532,1.03373
33533,7.00843
33534,12.0084
33535,5.01687
33536,3.00843
33537,3.01687
33538,1.0253
33539,8.00843
33540,7.01687
33541,7.0253
33542,5.03373
33543,6.00843
33544,5.01687
33545,12.0084
33546,2.01687
33547,1.0253
33548,7.00843
33549,1.01686
33550,1.0253
33551,4.00843
33552,3.01687
33553,12.0084
33554,12.0169
33555,10.0253
33556,16.0084
33557,13.0169
33558,18.0084
33559,18.0084
33560,16.0169
33561,12.0253
33562,8.03373
33563,1.04216
33564,20.0084
33565,8.01686
33566,8.0253
33567,1.00843
33568,5.00843
33569,1.01686
33570,3.00843
33571,2.01687
33572,19.0084
33573,12.0169
33574,12.0253
33575,3.00843
33576,14.0084
33577,14.0169
33578,8.0253
33579,10.0084
33580,16.0084
33581,1.01686
33582,17.0084
33583,8.01686
33584,3.0253
33585,3.03373
33586,17.0084
33587,10.0084
33588,10.0084
33589,14.0084
33590,1.01686
33591,12.0084
33592,7.01687
33593,8.00843
33594,3.01687
33595,10.0084
33596,1.01686
33597,1.0253
33598,5.00843
33599,5.01687
33600,12.0084
33601,5.00843
33602,14.0084
33603,1.01686
33604,1.0253
33605,10.0084
33606,5.01687
33607,8.00843
33608,12.0084
33609,11.0084
33610,18.0084
33611,3.01687
33612,8.00843
33613,10.0084
33614,8.01686
33615,8.00843
33616,7.01687
33617,6.0253
33618,6.03373
33619,17.0084
33620,15.0169
33621,7.0253
33622,5.03373
33623,18.0084
33624,18.0169
33625,8.0253
33626,3.03373
33627,14.0084
33628,7.00843
33629,12.0084
33630,1.00843
33631,3.00843
33632,13.0084
33633,12.0169
33634,6.0253
33635,13.0084
33636,10.0169
33637,8.00843
33638,10.0084
33639,11.0084
33640,7.01687
33641,2.0253
33642,14.0084
33643,10.0084
33644,5.01687
33645,14.0084
33646,5.01687
33647,1.00843
33648,10.0084
33649,1.01686
33650,12.0084
33651,3.00843
33652,1.01686
33653,10.0084
33654,15.0084
33655,3.01687
33656,6.00843
33657,8.00843
33658,5.01687
33659,1.0253
33660,1.00843
33661,8.00843
33662,14.0084
33663,3.01687
33664,12.0084
33665,10.0169
33666,10.0253
33667,8.03373
33668,17.0084
33669,12.0084
33670,3.01687
33671,15.0084
33672,16.0084
33673,14.0169
33674,8.0253
33675,8.03373
33676,8.04216
33677,20.0084
33678,18.0169
33679,16.0084
33680,1.01686
33681,19.0084
33682,8.01686
33683,6.0253
33684,6.03373
33685,18.0084
33686,18.0084
33687,7.01687
33688,20.0084
33689,12.0169
33690,8.0253
33691,5.03373
33692,12.0084
33693,12.0169
33694,14.0084
33695,12.0169
33696,10.0253
33697,1.00843
33698,16.0084
33699,3.01687
33700,1.00843
33701,8.00843
33702,7.01687
33703,7.0253
33704,5.03373
33705,8.00843
33706,3.01687
33707,1.0253
33708,1.03373
33709,5.00843
33710,3.00843
33711,3.00843
33712,1.01686
33713,1.00843
33714,18.0084
33715,1.01686
33716,16.0084
33717,7.01687
33718,5.0253
33719,18.0084
33720,8.01686
33721,3.0253
33722,1.03373
33723,18.0084
33724,18.0169
33725,10.0084
33726,10.0169
33727,8.0253
33728,2.03373
33729,1.04216
33730,9.00843
33731,2.01687
33732,3.00843
33733,3.01687
33734,1.00843
33735,12.0084
33736,12.0169
33737,5.0253
33738,7.00843
33739,10.0084
33740,8.01686
33741,8.0253
33742,8.00843
33743,3.01687
33744,10.0084
33745,4.01687
33746,14.0084
33747,1.01686
33748,12.0084
33749,10.0169
33750,10.0253
33751,10.0337
33752,7.04216
33753,6.05059
33754,3.05903
33755,14.0084
33756,8.01686
33757,7.0253
33758,6.00843
33759,15.0084
33760,12.0169
33761,10.0253
33762,5.03373
33763,5.04216
33764,5.05059
33765,1.05903
33766,1.06746
33767,14.0084
33768,7.01687
33769,3.00843
33770,8.00843
33771,8.01686
33772,19.0084
33773,13.0169
33774,20.0084
33775,18.0169
33776,10.0253
33777,8.03373
33778,1.00843
33779,16.0084
33780,13.0084
33781,12.0169
33782,7.0253
33783,2.03373
33784,15.0084
33785,13.0169
33786,3.0253
33787,18.0084
33788,16.0169
33789,1.0253
33790,1.03373
33791,1.04216
33792,1.05059
33793,1.05903
33794,18.0084
33795,1.01686
33796,8.00843
33797,8.01686
33798,5.0253
33799,3.03373
33800,17.0084
33801,2.01687
33802,1.0253
33803,1.00843
33804,20.0084
33805,18.0169
33806,5.0253
33807,3.03373
33808,1.04216
33809,6.00843
33810,8.00843
33811,18.0084
33812,16.0169
33813,14.0253
33814,8.03373
33815,8.04216
33816,1.00843
33817,3.00843
33818,12.0084
33819,10.0084
33820,7.00843
33821,1.01686
33822,16.0084
33823,16.0169
33824,8.0253
33825,3.03373
33826,8.00843
33827,5.01687
33828,14.0084
33829,5.01687
33830,4.0253
33831,3.03373
33832,15.0084
33833,12.0084
33834,12.0169
33835,3.0253
33836,13.0084
33837,10.0169
33838,18.0084
33839,14.0169
33840,14.0253
33841,3.00843
33842,1.01686
33843,16.0084
33844,8.00843
33845,8.00843
33846,10.0084
33847,3.01687
33848,4.00843
33849,7.00843
33850,1.01686
33851,16.0084
33852,8.01686
33853,5.0253
33854,7.00843
33855,8.00843
33856,10.0084
33857,10.0169
33858,1.00843
33859,12.0084
33860,5.01687
33861,5.0253
33862,14.0084
33863,5.00843
33864,5.01687
33865,5.0253
33866,13.0084
33867,12.0169
33868,7.0253
33869,8.00843
33870,14.0084
33871,3.01687
33872,12.0084
33873,7.01687
33874,11.0084
33875,10.0169
33876,14.0084
33877,12.0084
33878,14.0084
33879,17.0084
33880,15.0169
33881,15.0253
33882,12.0084
33883,8.01686
33884,1.0253
33885,8.00843
33886,8.00843
33887,5.00843
33888,1.01686
33889,1.0253
33890,10.0084
33891,12.0084
33892,20.0084
33893,7.01687
33894,9.00843
33895,6.01687
33896,17.0084
33897,7.01687
33898,12.0084
33899,12.0169
33900,10.0253
33901,8.03373
33902,8.04216
33903,9.00843
33904,10.0084
33905,6.01687
33906,14.0084
33907,13.0084
33908,15.0084
33909,14.0169
33910,12.0084
33911,13.0084
33912,8.01686
33913,5.0253
33914,10.0084
33915,8.01686
33916,3.0253
33917,12.0084
33918,17.0084
33919,13.0169
33920,11.0084
33921,10.0169
33922,14.0084
33923,10.0169
33924,18.0084
33925,14.0169
33926,10.0253
33927,16.0084
33928,16.0169
33929,5.0253
33930,17.0084
33931,7.01687
33932,10.0084
33933,10.0169
33934,4.0253
33935,1.00843
33936,1.01686
33937,16.0084
33938,5.01687
33939,4.00843
33940,13.0084
33941,7.01687
33942,14.0084
33943,5.01687
33944,16.0084
33945,8.01686
33946,6.0253
33947,16.0084
33948,15.0169
33949,18.0084
33950,6.01687
33951,10.0084
33952,8.01686
33953,8.00843
33954,7.00843
33955,18.0084
33956,3.00843
33957,13.0084
33958,2.00843
33959,13.0084
33960,10.0169
33961,3.00843
33962,11.0084
33963,7.01687
33964,3.0253
33965,1.03373
33966,8.00843
33967,10.0084
33968,8.01686
33969,10.0084
33970,3.01687
33971,1.00843
33972,6.00843
33973,1.01686
33974,16.0084
33975,8.01686
33976,7.0253
33977,5.03373
33978,14.0084
33979,12.0084
33980,11.0084
33981,8.01686
33982,12.0084
33983,3.00843
33984,14.0084
33985,10.0169
33986,3.00843
33987,10.0084
33988,1.00843
33989,1.01686
33990,17.0084
33991,17.0169
33992,1.0253
33993,1.03373
33994,10.0084
33995,1.01686
33996,6.00843
33997,13.0084
33998,1.01686
33999,8.00843
34000,9.00843
34001,18.0084
34002,16.0169
34003,14.0084
34004,14.0169
34005,13.0253
34006,3.00843
34007,1.01686
34008,9.00843
34009,16.0084
34010,3.01687
34011,1.0253
34012,18.0084
34013,5.00843
34014,10.0084
34015,8.01686
34016,14.0084
34017,13.0169
34018,8.0253
34019,2.03373
34020,13.0084
34021,1.01686
34022,10.0084
34023,1.01686
34024,16.0084
34025,15.0169
34026,14.0084
34027,9.01686
34028,14.0084
34029,5.01687
34030,11.0084
34031,6.01687
34032,5.0253
34033,5.03373
34034,3.04216
34035,1.05059
34036,20.0084
34037,16.0084
34038,14.0084
34039,8.01686
34040,8.0253
34041,4.00843
34042,10.0084
34043,18.0084
34044,18.0169
34045,9.0253
34046,7.03373
34047,1.04216
34048,8.00843
34049,3.01687
34050,1.0253
34051,17.0084
34052,14.0084
34053,8.01686
34054,2.0253
34055,1.03373
34056,5.00843
34057,14.0084
34058,7.00843
34059,7.01687
34060,7.0253
34061,1.03373
34062,1.04216
34063,5.00843
34064,5.01687
34065,1.0253
34066,15.0084
34067,13.0084
34068,10.0169
34069,9.0253
34070,5.00843
34071,5.01687
34072,1.0253
34073,12.0084
34074,12.0169
34075,8.0253
34076,6.03373
34077,7.00843
34078,7.01687
34079,17.0084
34080,12.0169
34081,8.0253
34082,8.03373
34083,10.0084
34084,7.01687
34085,10.0084
34086,11.0084
34087,20.0084
34088,10.0169
34089,5.0253
34090,3.03373
34091,2.04216
34092,17.0084
34093,5.01687
34094,3.0253
34095,13.0084
34096,12.0169
34097,3.0253
34098,1.03373
34099,9.00843
34100,6.01687
34101,6.00843
34102,20.0084
34103,8.00843
34104,8.01686
34105,16.0084
34106,5.01687
34107,1.0253
34108,8.00843
34109,17.0084
34110,4.01687
34111,3.0253
34112,5.00843
34113,5.01687
34114,1.0253
34115,19.0084
34116,16.0084
34117,14.0169
34118,11.0253
34119,10.0337
34120,8.00843
34121,5.01687
34122,9.00843
34123,8.01686
34124,10.0084
34125,5.01687
34126,18.0084
34127,12.0169
34128,10.0253
34129,15.0084
34130,13.0084
34131,12.0169
34132,10.0253
34133,13.0084
34134,14.0084
34135,12.0084
34136,5.00843
34137,20.0084
34138,14.0084
34139,1.00843
34140,10.0084
34141,13.0084
34142,18.0084
34143,1.01686
34144,18.0084
34145,8.00843
34146,17.0084
34147,14.0169
34148,3.0253
34149,3.03373
34150,1.04216
34151,10.0084
34152,14.0084
34153,6.01687
34154,8.00843
34155,7.01687
34156,8.00843
34157,14.0084
34158,13.0169
34159,14.0084
34160,10.0169
34161,5.0253
34162,5.03373
34163,5.04216
34164,5.05059
34165,1.00843
34166,12.0084
34167,1.01686
34168,14.0084
34169,8.01686
34170,3.00843
34171,1.01686
34172,16.0084
34173,14.0084
34174,8.00843
34175,5.01687
34176,8.00843
34177,9.00843
34178,8.01686
34179,6.0253
34180,1.03373
34181,3.00843
34182,3.01687
34183,20.0084
34184,2.01687
34185,10.0084
34186,8.00843
34187,2.01687
34188,15.0084
34189,19.0084
34190,17.0169
34191,11.0253
34192,4.03373
34193,1.00843
34194,18.0084
34195,5.01687
34196,16.0084
34197,10.0084
34198,9.00843
34199,5.01687
34200,17.0084
34201,7.01687
34202,16.0084
34203,10.0169
34204,8.00843
34205,10.0084
34206,8.01686
34207,5.00843
34208,1.01686
34209,14.0084
34210,12.0169
34211,3.00843
34212,17.0084
34213,16.0169
34214,16.0253
34215,4.03373
34216,3.04216
34217,1.05059
34218,5.00843
34219,1.01686
34220,14.0084
34221,7.00843
34222,7.01687
34223,5.00843
34224,5.01687
34225,5.0253
34226,5.00843
34227,3.01687
34228,2.00843
34229,1.01686
34230,15.0084
34231,12.0169
34232,10.0253
34233,8.00843
34234,1.01686
34235,1.00843
34236,12.0084
34237,6.01687
34238,1.0253
34239,3.00843
34240,3.01687
34241,1.0253
34242,1.00843
34243,8.00843
34244,5.01687
34245,3.0253
34246,20.0084
34247,7.01687
34248,7.0253
34249,7.03373
34250,7.04216
34251,16.0084
34252,3.01687
34253,8.00843
34254,7.01687
34255,1.0253
34256,8.00843
34257,1.01686
34258,12.0084
34259,11.0169
34260,11.0253
34261,1.03373
34262,18.0084
34263,14.0169
34264,10.0084
34265,16.0084
34266,15.0169
34267,12.0253
34268,13.0084
34269,10.0169
34270,10.0253
34271,5.03373
34272,1.04216
34273,18.0084
34274,18.0169
34275,3.0253
34276,8.00843
34277,7.01687
34278,17.0084
34279,14.0169
34280,12.0084
34281,9.00843
34282,9.01686
34283,17.0084
34284,15.0169
34285,10.0253
34286,16.0084
34287,8.01686
34288,16.0084
34289,2.01687
34290,10.0084
34291,18.0084
34292,5.01687
34293,5.0253
34294,6.00843
34295,3.01687
34296,7.00843
34297,8.00843
34298,1.01686
34299,13.0084
34300,9.00843
34301,2.01687
34302,10.0084
34303,3.01687
34304,14.0084
34305,14.0169
34306,14.0084
34307,16.0084
34308,16.0084
34309,18.0084
34310,16.0084
34311,10.0169
34312,10.0084
34313,10.0084
34314,1.01686
34315,1.0253
34316,1.00843
34317,13.0084
34318,12.0169
34319,3.00843
34320,16.0084
34321,5.00843
34322,16.0084
34323,5.01687
34324,1.0253
34325,1.03373
34326,6.00843
34327,14.0084
34328,10.0084
34329,18.0084
34330,1.00843
34331,13.0084
34332,10.0169
34333,8.0253
34334,8.00843
34335,6.01687
34336,15.0084
34337,3.01687
34338,1.00843
34339,1.01686
34340,7.00843
34341,4.01687
34342,12.0084
34343,7.01687
34344,3.0253
34345,18.0084
34346,3.01687
34347,1.0253
34348,8.00843
34349,2.00843
34350,13.0084
34351,8.01686
34352,8.0253
34353,1.03373
34354,14.0084
34355,8.01686
34356,10.0084
34357,10.0084
34358,8.01686
34359,3.0253
34360,16.0084
34361,17.0084
34362,17.0084
34363,8.01686
34364,1.0253
34365,12.0084
34366,5.01687
34367,9.00843
34368,14.0084
34369,12.0169
34370,6.00843
34371,14.0084
34372,17.0084
34373,13.0084
34374,1.01686
34375,8.00843
34376,1.01686
34377,5.00843
34378,5.01687
34379,1.0253
34380,8.00843
34381,7.01687
34382,18.0084
34383,1.01686
34384,5.00843
34385,5.01687
34386,10.0084
34387,7.00843
34388,8.00843
34389,3.00843
34390,14.0084
34391,10.0169
34392,14.0084
34393,10.0169
34394,4.0253
34395,1.00843
34396,14.0084
34397,8.01686
34398,6.0253
34399,14.0084
34400,16.0084
34401,8.00843
34402,6.01687
34403,13.0084
34404,11.0169
34405,7.00843
34406,18.0084
34407,5.01687
34408,2.0253
34409,1.03373
34410,16.0084
34411,7.01687
34412,1.0253
34413,18.0084
34414,19.0084
34415,18.0084
34416,3.01687
34417,3.0253
34418,6.00843
34419,5.01687
34420,5.00843
34421,5.01687
34422,8.00843
34423,12.0084
34424,14.0084
34425,14.0169
34426,7.0253
34427,14.0084
34428,20.0084
34429,13.0169
34430,15.0084
34431,10.0169
34432,18.0084
34433,11.0169
34434,5.0253
34435,12.0084
34436,7.01687
34437,13.0084
34438,8.00843
34439,5.01687
34440,9.00843
34441,8.01686
34442,10.0084
34443,10.0169
34444,10.0084
34445,1.01686
34446,1.00843
34447,1.01686
34448,17.0084
34449,16.0169
34450,5.00843
34451,2.01687
34452,10.0084
34453,7.00843
34454,1.00843
34455,19.0084
34456,3.01687
34457,3.0253
34458,4.00843
34459,3.01687
34460,5.00843
34461,2.01687
34462,5.00843
34463,13.0084
34464,9.01686
34465,8.0253
34466,15.0084
34467,10.0169
34468,5.0253
34469,16.0084
34470,8.00843
34471,18.0084
34472,13.0084
34473,12.0169
34474,14.0084
34475,5.01687
34476,5.0253
34477,13.0084
34478,13.0169
34479,16.0084
34480,16.0169
34481,15.0084
34482,5.01687
34483,5.00843
34484,13.0084
34485,13.0084
34486,3.01687
34487,8.00843
34488,9.00843
34489,6.01687
34490,3.00843
34491,19.0084
34492,12.0169
34493,11.0084
34494,16.0084
34495,12.0169
34496,7.0253
34497,12.0084
34498,1.01686
34499,13.0084
34500,8.00843
34501,1.00843
34502,5.00843
34503,8.00843
34504,10.0084
34505,8.01686
34506,5.0253
34507,5.03373
34508,18.0084
34509,5.01687
34510,10.0084
34511,7.00843
34512,1.01686
34513,8.00843
34514,8.00843
34515,10.0084
34516,8.00843
34517,1.00843
34518,5.00843
34519,16.0084
34520,16.0169
34521,12.0084
34522,8.01686
34523,14.0084
34524,12.0084
34525,1.01686
34526,16.0084
34527,13.0084
34528,9.01686
34529,5.0253
34530,14.0084
34531,5.00843
34532,15.0084
34533,8.00843
34534,18.0084
34535,14.0169
34536,8.0253
34537,7.03373
34538,1.00843
34539,1.00843
34540,14.0084
34541,12.0169
34542,7.0253
34543,17.0084
34544,17.0169
34545,7.0253
34546,7.03373
34547,16.0084
34548,19.0084
34549,2.01687
34550,14.0084
34551,8.01686
34552,16.0084
34553,1.00843
34554,3.00843
34555,17.0084
34556,2.00843
34557,17.0084
34558,10.0084
34559,6.01687
34560,15.0084
34561,13.0169
34562,10.0253
34563,6.03373
34564,1.00843
34565,8.00843
34566,6.01687
34567,18.0084
34568,8.00843
34569,8.01686
34570,1.00843
34571,8.00843
34572,18.0084
34573,9.01686
34574,5.00843
34575,13.0084
34576,6.01687
34577,5.0253
34578,14.0084
34579,8.00843
34580,19.0084
34581,11.0169
34582,10.0253
34583,10.0084
34584,3.00843
34585,13.0084
34586,10.0169
34587,12.0084
34588,8.01686
34589,17.0084
34590,5.01687
34591,2.0253
34592,10.0084
34593,2.01687
34594,16.0084
34595,7.01687
34596,13.0084
34597,12.0169
34598,5.0253
34599,18.0084
34600,12.0169
34601,9.0253
34602,8.03373
34603,8.00843
34604,13.0084
34605,6.01687
34606,15.0084
34607,12.0084
34608,11.0084
34609,16.0084
34610,13.0084
34611,7.01687
34612,13.0084
34613,11.0169
34614,7.0253
34615,1.03373
34616,3.00843
34617,18.0084
34618,11.0169
34619,10.0253
34620,1.03373
34621,6.00843
34622,5.00843
34623,1.01686
34624,8.00843
34625,8.00843
34626,14.0084
34627,10.0169
34628,8.0253
34629,1.03373
34630,11.0084
34631,14.0084
34632,1.00843
34633,2.00843
34634,16.0084
34635,18.0084
34636,5.01687
34637,2.00843
34638,10.0084
34639,14.0084
34640,5.01687
34641,5.0253
34642,1.03373
34643,7.00843
34644,7.01687
34645,1.0253
34646,7.00843
34647,7.01687
34648,8.00843
34649,5.00843
34650,14.0084
34651,18.0084
34652,13.0169
34653,14.0084
34654,5.01687
34655,15.0084
34656,8.00843
34657,1.01686
34658,16.0084
34659,8.01686
34660,5.00843
34661,10.0084
34662,7.01687
34663,8.00843
34664,16.0084
34665,5.01687
34666,5.0253
34667,8.00843
34668,13.0084
34669,12.0169
34670,1.0253
34671,8.00843
34672,1.01686
34673,8.00843
34674,3.01687
34675,6.00843
34676,11.0084
34677,10.0169
34678,10.0253
34679,7.03373
34680,8.00843
34681,12.0084
34682,8.01686
34683,8.00843
34684,1.00843
34685,5.00843
34686,14.0084
34687,18.0084
34688,18.0169
34689,7.0253
34690,15.0084
34691,1.00843
34692,4.00843
34693,3.01687
34694,20.0084
34695,16.0169
34696,20.0084
34697,8.00843
34698,13.0084
34699,10.0169
34700,12.0084
34701,14.0084
34702,13.0084
34703,8.00843
34704,7.01687
34705,3.00843
34706,6.00843
34707,5.01687
34708,18.0084
34709,10.0169
34710,5.0253
34711,17.0084
34712,12.0169
34713,8.00843
34714,13.0084
34715,8.01686
34716,1.0253
34717,1.00843
34718,14.0084
34719,13.0169
34720,7.0253
34721,8.00843
34722,1.00843
34723,5.00843
34724,12.0084
34725,7.01687
34726,5.0253
34727,1.03373
34728,7.00843
34729,5.01687
34730,1.0253
34731,8.00843
34732,8.01686
34733,2.0253
34734,17.0084
34735,16.0169
34736,8.00843
34737,6.01687
34738,16.0084
34739,5.01687
34740,5.0253
34741,9.00843
34742,2.01687
34743,2.0253
34744,8.00843
34745,10.0084
34746,3.01687
34747,1.0253
34748,2.00843
34749,12.0084
34750,8.01686
34751,5.0253
34752,1.00843
34753,1.01686
34754,1.0253
34755,12.0084
34756,11.0169
34757,3.0253
34758,1.03373
34759,8.00843
34760,5.01687
34761,10.0084
34762,1.00843
34763,8.00843
34764,13.0084
34765,12.0169
34766,12.0253
34767,10.0337
34768,1.04216
34769,17.0084
34770,8.00843
34771,5.01687
34772,10.0084
34773,8.00843
34774,7.01687
34775,6.0253
34776,18.0084
34777,3.01687
34778,8.00843
34779,8.01686
34780,10.0084
34781,10.0169
34782,9.0253
34783,11.0084
34784,13.0084
34785,15.0084
34786,7.01687
34787,16.0084
34788,18.0084
34789,18.0084
34790,5.01687
34791,1.0253
34792,15.0084
34793,8.00843
34794,18.0084
34795,13.0169
34796,1.0253
34797,8.00843
34798,7.00843
34799,1.01686
34800,16.0084
34801,10.0169
34802,1.0253
34803,1.00843
34804,1.00843
34805,13.0084
34806,3.01687
34807,1.00843
34808,8.00843
34809,6.01687
34810,5.0253
34811,3.03373
34812,1.04216
34813,5.00843
34814,3.01687
34815,3.0253
34816,11.0084
34817,8.01686
34818,16.0084
34819,7.01687
34820,10.0084
34821,8.01686
34822,7.0253
34823,16.0084
34824,14.0169
34825,10.0084
34826,10.0169
34827,11.0084
34828,14.0084
34829,12.0169
34830,12.0253
34831,14.0084
34832,8.01686
34833,13.0084
34834,9.00843
34835,20.0084
34836,5.01687
34837,3.00843
34838,1.01686
34839,18.0084
34840,16.0084
34841,8.01686
34842,17.0084
34843,12.0084
34844,1.01686
34845,10.0084
34846,8.01686
34847,5.00843
34848,1.01686
34849,12.0084
34850,18.0084
34851,1.01686
34852,3.00843
34853,1.01686
34854,13.0084
34855,15.0084
34856,14.0169
34857,6.0253
34858,7.00843
34859,8.00843
34860,8.00843
34861,1.00843
34862,1.00843
34863,12.0084
34864,15.0084
34865,1.01686
34866,8.00843
34867,2.01687
34868,1.00843
34869,5.00843
34870,8.00843
34871,1.01686
34872,12.0084
34873,12.0084
34874,7.01687
34875,1.0253
34876,14.0084
34877,7.00843
34878,17.0084
34879,14.0169
34880,12.0253
34881,8.03373
34882,1.04216
34883,10.0084
34884,13.0084
34885,3.01687
34886,7.00843
34887,18.0084
34888,8.01686
34889,13.0084
34890,1.01686
34891,4.00843
34892,14.0084
34893,8.01686
34894,8.0253
34895,8.03373
34896,12.0084
34897,8.01686
34898,13.0084
34899,12.0169
34900,10.0253
34901,10.0337
34902,3.04216
34903,3.05059
34904,2.05903
34905,14.0084
34906,10.0169
34907,1.0253
34908,12.0084
34909,16.0084
34910,12.0169
34911,14.0084
34912,14.0169
34913,12.0253
34914,3.03373
34915,15.0084
34916,1.00843
34917,1.01686
34918,20.0084
34919,12.0084
34920,5.01687
34921,5.0253
34922,12.0084
34923,5.01687
34924,3.0253
34925,8.00843
34926,8.00843
34927,9.00843
34928,3.01687
34929,14.0084
34930,12.0169
34931,5.0253
34932,19.0084
34933,12.0169
34934,6.0253
34935,8.00843
34936,4.00843
34937,1.00843
34938,16.0084
34939,14.0169
34940,17.0084
34941,16.0169
34942,14.0253
34943,7.03373
34944,5.00843
34945,11.0084
34946,5.01687
34947,3.0253
34948,14.0084
34949,8.00843
34950,10.0084
34951,12.0084
34952,12.0169
34953,14.0084
34954,8.01686
34955,10.0084
34956,1.00843
34957,6.00843
34958,1.01686
34959,3.00843
34960,6.00843
34961,5.00843
34962,5.01687
34963,5.0253
34964,3.03373
34965,7.00843
34966,20.0084
34967,12.0169
34968,8.0253
34969,8.03373
34970,16.0084
34971,5.01687
34972,10.0084
34973,10.0169
34974,5.00843
34975,12.0084
34976,12.0169
34977,16.0084
34978,1.01686
34979,1.0253
34980,16.0084
34981,16.0169
34982,10.0253
34983,1.03373
34984,9.00843
34985,5.01687
34986,2.0253
34987,12.0084
34988,6.01687
34989,6.0253
34990,7.00843
34991,8.00843
34992,16.0084
34993,8.01686
34994,3.00843
34995,12.0084
34996,10.0084
34997,12.0084
34998,12.0169
34999,1.00843
35000,12.0084
35001,12.0169
35002,17.0084
35003,11.0169
35004,1.00843
35005,16.0084
35006,17.0084
35007,1.01686
35008,5.00843
35009,8.00843
35010,8.01686
35011,1.0253
35012,9.00843
35013,8.01686
35014,5.0253
35015,16.0084
35016,15.0169
35017,10.0253
35018,10.0337
35019,10.0422
35020,9.05059
35021,1.05903
35022,17.0084
35023,13.0169
35024,15.0084
35025,12.0169
35026,5.0253
35027,10.0084
35028,7.01687
35029,5.0253
35030,1.03373
35031,1.00843
35032,1.01686
35033,13.0084
35034,8.01686
35035,7.0253
35036,12.0084
35037,8.01686
35038,5.0253
35039,18.0084
35040,10.0169
35041,1.0253
35042,8.00843
35043,7.00843
35044,7.01687
35045,6.0253
35046,1.03373
35047,8.00843
35048,6.01687
35049,2.0253
35050,18.0084
35051,16.0169
35052,10.0253
35053,1.03373
35054,15.0084
35055,16.0084
35056,14.0169
35057,9.00843
35058,12.0084
35059,7.00843
35060,1.01686
35061,7.00843
35062,5.01687
35063,2.0253
35064,20.0084
35065,14.0169
35066,5.0253
35067,17.0084
35068,8.00843
35069,8.01686
35070,5.0253
35071,1.00843
35072,16.0084
35073,10.0169
35074,3.0253
35075,1.03373
35076,12.0084
35077,5.01687
35078,12.0084
35079,3.01687
35080,1.0253
35081,16.0084
35082,8.01686
35083,7.0253
35084,12.0084
35085,8.01686
35086,8.0253
35087,5.03373
35088,1.04216
35089,1.05059
35090,10.0084
35091,13.0084
35092,13.0169
35093,10.0253
35094,5.03373
35095,3.04216
35096,3.05059
35097,3.05903
35098,7.00843
35099,15.0084
35100,14.0169
35101,13.0253
35102,12.0337
35103,5.04216
35104,5.05059
35105,1.00843
35106,8.00843
35107,7.01687
35108,12.0084
35109,5.01687
35110,10.0084
35111,1.01686
35112,12.0084
35113,11.0169
35114,8.0253
35115,13.0084
35116,13.0169
35117,3.0253
35118,14.0084
35119,7.01687
35120,5.0253
35121,4.03373
35122,15.0084
35123,14.0169
35124,14.0253
35125,5.03373
35126,18.0084
35127,8.01686
35128,8.0253
35129,8.03373
35130,8.04216
35131,8.05059
35132,1.05903
35133,20.0084
35134,18.0084
35135,10.0169
35136,10.0084
35137,7.01687
35138,5.0253
35139,12.0084
35140,8.01686
35141,8.0253
35142,8.03373
35143,5.04216
35144,12.0084
35145,12.0169
35146,1.0253
35147,3.00843
35148,16.0084
35149,9.00843
35150,18.0084
35151,18.0084
35152,3.01687
35153,20.0084
35154,12.0169
35155,3.0253
35156,18.0084
35157,7.01687
35158,16.0084
35159,17.0084
35160,18.0084
35161,18.0169
35162,13.0253
35163,2.03373
35164,1.00843
35165,8.00843
35166,8.01686
35167,8.0253
35168,3.03373
35169,11.0084
35170,3.01687
35171,10.0084
35172,5.00843
35173,1.01686
35174,1.0253
35175,1.03373
35176,14.0084
35177,12.0169
35178,15.0084
35179,10.0169
35180,10.0084
35181,10.0084
35182,5.01687
35183,5.0253
35184,16.0084
35185,7.00843
35186,7.01687
35187,6.00843
35188,10.0084
35189,13.0084
35190,11.0169
35191,18.0084
35192,8.01686
35193,14.0084
35194,1.01686
35195,5.00843
35196,10.0084
35197,1.01686
35198,3.00843
35199,3.01687
35200,19.0084
35201,8.01686
35202,10.0084
35203,9.01686
35204,10.0084
35205,5.01687
35206,1.0253
35207,8.00843
35208,8.01686
35209,8.0253
35210,7.03373
35211,8.00843
35212,7.01687
35213,7.0253
35214,1.03373
35215,9.00843
35216,8.01686
35217,8.0253
35218,10.0084
35219,5.01687
35220,14.0084
35221,9.01686
35222,17.0084
35223,16.0084
35224,16.0169
35225,16.0084
35226,7.00843
35227,5.01687
35228,5.00843
35229,7.00843
35230,19.0084
35231,19.0169
35232,3.0253
35233,13.0084
35234,11.0084
35235,8.00843
35236,8.01686
35237,13.0084
35238,8.01686
35239,1.00843
35240,15.0084
35241,14.0169
35242,1.0253
35243,1.00843
35244,10.0084
35245,2.01687
35246,14.0084
35247,5.01687
35248,10.0084
35249,11.0084
35250,1.00843
35251,1.01686
35252,4.00843
35253,10.0084
35254,8.01686
35255,1.0253
35256,5.00843
35257,3.00843
35258,15.0084
35259,8.01686
35260,2.00843
35261,9.00843
35262,8.01686
35263,10.0084
35264,10.0169
35265,8.00843
35266,18.0084
35267,7.01687
35268,1.00843
35269,7.00843
35270,5.01687
35271,8.00843
35272,8.01686
35273,5.0253
35274,10.0084
35275,5.01687
35276,1.0253
35277,18.0084
35278,15.0084
35279,13.0169
35280,14.0084
35281,10.0169
35282,4.0253
35283,1.03373
35284,7.00843
35285,6.01687
35286,5.0253
35287,12.0084
35288,10.0169
35289,9.0253
35290,11.0084
35291,7.01687
35292,12.0084
35293,8.01686
35294,8.0253
35295,5.00843
35296,3.01687
35297,7.00843
35298,13.0084
35299,10.0084
35300,10.0169
35301,14.0084
35302,5.01687
35303,5.0253
35304,3.03373
35305,16.0084
35306,8.01686
35307,1.00843
35308,10.0084
35309,1.01686
35310,1.0253
35311,11.0084
35312,10.0169
35313,8.0253
35314,8.03373
35315,3.04216
35316,2.05059
35317,1.05903
35318,20.0084
35319,10.0169
35320,5.0253
35321,1.03373
35322,7.00843
35323,7.00843
35324,3.01687
35325,1.0253
35326,1.00843
35327,12.0084
35328,12.0169
35329,8.0253
35330,7.03373
35331,13.0084
35332,10.0084
35333,7.01687
35334,5.0253
35335,1.03373
35336,8.00843
35337,8.01686
35338,8.0253
35339,5.03373
35340,18.0084
35341,16.0169
35342,12.0253
35343,1.03373
35344,7.00843
35345,2.01687
35346,13.0084
35347,12.0169
35348,1.0253
35349,1.03373
35350,6.00843
35351,8.00843
35352,6.01687
35353,13.0084
35354,5.01687
35355,3.0253
35356,14.0084
35357,10.0169
35358,4.0253
35359,17.0084
35360,14.0169
35361,7.0253
35362,5.03373
35363,5.04216
35364,10.0084
35365,1.01686
35366,10.0084
35367,10.0169
35368,3.0253
35369,8.00843
35370,3.01687
35371,12.0084
35372,13.0084
35373,10.0169
35374,13.0084
35375,5.01687
35376,18.0084
35377,12.0169
35378,3.0253
35379,13.0084
35380,8.01686
35381,5.0253
35382,1.03373
35383,9.00843
35384,12.0084
35385,7.00843
35386,16.0084
35387,3.01687
35388,1.0253
35389,13.0084
35390,15.0084
35391,8.01686
35392,5.0253
35393,4.00843
35394,14.0084
35395,10.0169
35396,17.0084
35397,15.0084
35398,10.0169
35399,7.00843
35400,1.01686
35401,1.0253
35402,12.0084
35403,12.0169
35404,6.0253
35405,3.03373
35406,1.04216
35407,1.05059
35408,1.05903
35409,12.0084
35410,3.01687
35411,3.0253
35412,2.03373
35413,2.04216
35414,1.00843
35415,1.01686
35416,18.0084
35417,18.0169
35418,12.0084
35419,6.00843
35420,14.0084
35421,6.00843
35422,8.00843
35423,7.01687
35424,8.00843
35425,8.01686
35426,8.0253
35427,20.0084
35428,13.0084
35429,13.0169
35430,5.0253
35431,3.00843
35432,3.00843
35433,4.00843
35434,10.0084
35435,5.01687
35436,16.0084
35437,3.01687
35438,5.00843
35439,19.0084
35440,18.0169
35441,5.00843
35442,1.00843
35443,8.00843
35444,3.00843
35445,19.0084
35446,14.0169
35447,17.0084
35448,16.0169
35449,19.0084
35450,3.01687
35451,1.0253
35452,17.0084
35453,1.01686
35454,10.0084
35455,10.0169
35456,8.0253
35457,3.00843
35458,10.0084
35459,8.00843
35460,3.01687
35461,1.0253
35462,13.0084
35463,3.01687
35464,10.0084
35465,8.00843
35466,15.0084
35467,18.0084
35468,5.01687
35469,12.0084
35470,10.0084
35471,7.01687
35472,3.0253
35473,3.03373
35474,15.0084
35475,12.0169
35476,7.0253
35477,5.00843
35478,16.0084
35479,7.01687
35480,5.0253
35481,3.00843
35482,1.01686
35483,5.00843
35484,1.00843
35485,1.00843
35486,5.00843
35487,8.00843
35488,17.0084
35489,11.0084
35490,3.01687
35491,3.0253
35492,16.0084
35493,5.00843
35494,9.00843
35495,1.01686
35496,1.0253
35497,5.00843
35498,10.0084
35499,9.01686
35500,8.0253
35501,13.0084
35502,3.01687
35503,3.0253
35504,1.03373
35505,8.00843
35506,6.01687
35507,7.00843
35508,3.01687
35509,3.0253
35510,1.03373
35511,8.00843
35512,18.0084
35513,14.0169
35514,17.0084
35515,12.0169
35516,9.0253
35517,1.03373
35518,7.00843
35519,14.0084
35520,10.0169
35521,8.0253
35522,8.03373
35523,5.04216
35524,5.05059
35525,12.0084
35526,4.01687
35527,7.00843
35528,3.01687
35529,8.00843
35530,12.0084
35531,12.0169
35532,5.0253
35533,17.0084
35534,5.01687
35535,5.0253
35536,12.0084
35537,5.01687
35538,18.0084
35539,18.0084
35540,14.0169
35541,10.0253
35542,7.03373
35543,11.0084
35544,2.00843
35545,14.0084
35546,7.00843
35547,5.01687
35548,1.0253
35549,5.00843
35550,5.01687
35551,5.0253
35552,14.0084
35553,10.0084
35554,8.01686
35555,8.0253
35556,8.03373
35557,12.0084
35558,5.01687
35559,15.0084
35560,1.00843
35561,1.01686
35562,10.0084
35563,8.00843
35564,16.0084
35565,9.01686
35566,17.0084
35567,10.0169
35568,10.0253
35569,7.00843
35570,6.01687
35571,14.0084
35572,8.01686
35573,1.0253
35574,13.0084
35575,8.01686
35576,10.0084
35577,7.01687
35578,10.0084
35579,1.01686
35580,13.0084
35581,12.0169
35582,20.0084
35583,15.0084
35584,14.0084
35585,18.0084
35586,17.0169
35587,8.0253
35588,13.0084
35589,7.00843
35590,1.00843
35591,18.0084
35592,8.01686
35593,5.00843
35594,1.00843
35595,14.0084
35596,6.01687
35597,1.0253
35598,1.03373
35599,14.0084
35600,7.00843
35601,1.01686
35602,6.00843
35603,1.01686
35604,1.0253
35605,13.0084
35606,5.01687
35607,5.0253
35608,18.0084
35609,17.0169
35610,12.0253
35611,11.0084
35612,15.0084
35613,10.0169
35614,8.0253
35615,5.03373
35616,12.0084
35617,8.01686
35618,7.0253
35619,7.03373
35620,7.04216
35621,3.05059
35622,15.0084
35623,8.01686
35624,5.0253
35625,5.03373
35626,14.0084
35627,13.0169
35628,7.0253
35629,7.03373
35630,7.04216
35631,8.00843
35632,14.0084
35633,10.0169
35634,9.0253
35635,7.03373
35636,10.0084
35637,1.01686
35638,17.0084
35639,16.0169
35640,10.0253
35641,14.0084
35642,15.0084
35643,1.01686
35644,14.0084
35645,14.0169
35646,3.0253
35647,10.0084
35648,5.01687
35649,7.00843
35650,5.00843
35651,16.0084
35652,6.01687
35653,3.0253
35654,18.0084
35655,13.0169
35656,12.0253
35657,1.03373
35658,1.00843
35659,6.00843
35660,7.00843
35661,8.00843
35662,18.0084
35663,8.01686
35664,8.00843
35665,12.0084
35666,8.00843
35667,20.0084
35668,14.0169
35669,13.0253
35670,1.03373
35671,1.04216
35672,1.05059
35673,14.0084
35674,1.01686
35675,15.0084
35676,8.00843
35677,8.01686
35678,3.00843
35679,1.01686
35680,18.0084
35681,6.01687
35682,5.00843
35683,1.00843
35684,1.00843
35685,10.0084
35686,18.0084
35687,11.0169
35688,9.0253
35689,1.03373
35690,12.0084
35691,10.0169
35692,9.00843
35693,10.0084
35694,16.0084
35695,7.01687
35696,5.0253
35697,5.03373
35698,4.04216
35699,3.05059
35700,1.05903
35701,5.00843
35702,13.0084
35703,13.0169
35704,9.0253
35705,8.03373
35706,4.04216
35707,14.0084
35708,14.0169
35709,8.0253
35710,5.03373
35711,3.04216
35712,8.00843
35713,5.01687
35714,18.0084
35715,8.00843
35716,13.0084
35717,10.0169
35718,6.0253
35719,5.03373
35720,5.04216
35721,5.05059
35722,13.0084
35723,14.0084
35724,7.01687
35725,16.0084
35726,16.0169
35727,10.0084
35728,12.0084
35729,19.0084
35730,19.0169
35731,15.0253
35732,17.0084
35733,16.0169
35734,3.00843
35735,1.01686
35736,16.0084
35737,3.01687
35738,2.0253
35739,3.00843
35740,12.0084
35741,8.01686
35742,8.0253
35743,5.03373
35744,13.0084
35745,8.01686
35746,6.0253
35747,6.03373
35748,4.04216
35749,7.00843
35750,5.01687
35751,5.0253
35752,1.03373
35753,2.00843
35754,10.0084
35755,9.01686
35756,8.0253
35757,1.03373
35758,9.00843
35759,1.01686
35760,10.0084
35761,3.01687
35762,14.0084
35763,1.01686
35764,18.0084
35765,16.0169
35766,8.0253
35767,5.03373
35768,18.0084
35769,6.01687
35770,15.0084
35771,8.01686
35772,12.0084
35773,1.01686
35774,1.0253
35775,3.00843
35776,3.00843
35777,5.00843
35778,5.01687
35779,5.00843
35780,1.01686
35781,13.0084
35782,3.00843
35783,8.00843
35784,12.0084
35785,10.0169
35786,9.0253
35787,8.00843
35788,12.0084
35789,1.00843
35790,16.0084
35791,1.01686
35792,16.0084
35793,16.0169
35794,5.0253
35795,18.0084
35796,16.0084
35797,10.0169
35798,5.0253
35799,13.0084
35800,12.0169
35801,6.0253
35802,8.00843
35803,18.0084
35804,18.0169
35805,12.0253
35806,12.0337
35807,12.0422
35808,16.0084
35809,16.0169
35810,10.0253
35811,3.03373
35812,11.0084
35813,11.0169
35814,10.0253
35815,7.00843
35816,5.01687
35817,7.00843
35818,10.0084
35819,14.0084
35820,12.0084
35821,10.0169
35822,7.0253
35823,12.0084
35824,6.00843
35825,6.01687
35826,5.0253
35827,2.03373
35828,1.04216
35829,8.00843
35830,3.01687
35831,3.0253
35832,7.00843
35833,13.0084
35834,10.0084
35835,3.00843
35836,10.0084
35837,10.0169
35838,9.0253
35839,8.03373
35840,1.04216
35841,1.05059
35842,8.00843
35843,18.0084
35844,17.0169
35845,10.0253
35846,1.03373
35847,1.04216
35848,11.0084
35849,5.01687
35850,7.00843
35851,5.01687
35852,5.00843
35853,5.01687
35854,8.00843
35855,14.0084
35856,17.0084
35857,16.0169
35858,7.0253
35859,1.03373
35860,14.0084
35861,7.01687
35862,14.0084
35863,14.0169
35864,18.0084
35865,17.0169
35866,16.0253
35867,15.0337
35868,7.00843
35869,5.01687
35870,5.0253
35871,5.00843
35872,1.01686
35873,7.00843
35874,18.0084
35875,14.0169
35876,10.0253
35877,5.00843
35878,20.0084
35879,8.00843
35880,4.01687
35881,14.0084
35882,1.01686
35883,15.0084
35884,1.00843
35885,18.0084
35886,17.0169
35887,16.0253
35888,12.0337
35889,12.0422
35890,14.0084
35891,14.0169
35892,5.0253
35893,3.03373
35894,3.04216
35895,1.05059
35896,14.0084
35897,13.0169
35898,5.0253
35899,14.0084
35900,7.01687
35901,10.0084
35902,8.01686
35903,3.0253
35904,17.0084
35905,8.01686
35906,7.0253
35907,8.00843
35908,8.01686
35909,3.0253
35910,12.0084
35911,8.01686
35912,8.0253
35913,12.0084
35914,14.0084
35915,5.01687
35916,5.00843
35917,12.0084
35918,1.01686
35919,7.00843
35920,12.0084
35921,10.0084
35922,1.01686
35923,5.00843
35924,14.0084
35925,17.0084
35926,8.00843
35927,16.0084
35928,16.0084
35929,14.0169
35930,13.0253
35931,7.00843
35932,3.01687
35933,12.0084
35934,11.0169
35935,3.0253
35936,16.0084
35937,12.0169
35938,8.0253
35939,16.0084
35940,2.01687
35941,17.0084
35942,14.0169
35943,14.0253
35944,10.0337
35945,7.00843
35946,14.0084
35947,5.01687
35948,13.0084
35949,8.01686
35950,7.00843
35951,7.00843
35952,9.00843
35953,10.0084
35954,3.00843
35955,8.00843
35956,15.0084
35957,13.0169
35958,12.0253
35959,7.03373
35960,8.00843
35961,1.00843
35962,1.01686
35963,3.00843
35964,14.0084
35965,8.01686
35966,4.0253
35967,1.03373
35968,12.0084
35969,7.00843
35970,15.0084
35971,18.0084
35972,17.0169
35973,14.0253
35974,10.0337
35975,3.04216
35976,16.0084
35977,12.0084
35978,5.00843
35979,1.01686
35980,8.00843
35981,7.01687
35982,5.0253
35983,14.0084
35984,17.0084
35985,16.0169
35986,16.0253
35987,10.0337
35988,3.04216
35989,3.05059
35990,8.00843
35991,8.01686
35992,5.0253
35993,12.0084
35994,12.0169
35995,2.0253
35996,3.00843
35997,13.0084
35998,1.01686
35999,15.0084
36000,5.00843
36001,14.0084
36002,13.0169
36003,12.0253
36004,12.0337
36005,11.0422
36006,7.05059
36007,13.0084
36008,7.01687
36009,18.0084
36010,5.00843
36011,5.01687
36012,13.0084
36013,5.01687
36014,2.0253
36015,6.00843
36016,8.00843
36017,3.01687
36018,1.0253
36019,9.00843
36020,7.01687
36021,5.0253
36022,5.03373
36023,13.0084
36024,7.01687
36025,1.0253
36026,8.00843
36027,16.0084
36028,14.0084
36029,14.0169
36030,1.0253
36031,1.00843
36032,3.00843
36033,7.00843
36034,3.01687
36035,14.0084
36036,10.0169
36037,8.0253
36038,12.0084
36039,7.00843
36040,5.01687
36041,5.0253
36042,10.0084
36043,9.01686
36044,3.0253
36045,19.0084
36046,14.0169
36047,5.00843
36048,5.01687
36049,5.0253
36050,18.0084
36051,7.00843
36052,5.00843
36053,10.0084
36054,1.01686
36055,10.0084
36056,12.0084
36057,7.00843
36058,16.0084
36059,10.0084
36060,5.00843
36061,5.01687
36062,7.00843
36063,1.01686
36064,3.00843
36065,14.0084
36066,5.00843
36067,3.01687
36068,10.0084
36069,7.01687
36070,1.0253
36071,10.0084
36072,12.0084
36073,10.0084
36074,9.01686
36075,16.0084
36076,10.0169
36077,1.00843
36078,16.0084
36079,16.0169
36080,18.0084
36081,3.00843
36082,3.01687
36083,18.0084
36084,1.01686
36085,16.0084
36086,14.0169
36087,15.0084
36088,6.01687
36089,3.0253
36090,18.0084
36091,7.01687
36092,5.0253
36093,1.03373
36094,8.00843
36095,18.0084
36096,3.01687
36097,3.00843
36098,8.00843
36099,5.01687
36100,1.0253
36101,3.00843
36102,2.01687
36103,5.00843
36104,3.01687
36105,16.0084
36106,10.0169
36107,7.0253
36108,7.03373
36109,15.0084
36110,1.01686
36111,16.0084
36112,15.0169
36113,8.0253
36114,8.00843
36115,5.01687
36116,14.0084
36117,14.0169
36118,12.0253
36119,5.00843
36120,1.01686
36121,12.0084
36122,8.01686
36123,12.0084
36124,15.0084
36125,9.01686
36126,7.0253
36127,17.0084
36128,16.0169
36129,6.0253
36130,3.03373
36131,1.04216
36132,12.0084
36133,5.01687
36134,5.0253
36135,18.0084
36136,7.01687
36137,1.0253
36138,11.0084
36139,8.01686
36140,8.00843
36141,5.01687
36142,5.0253
36143,14.0084
36144,5.01687
36145,16.0084
36146,12.0169
36147,18.0084
36148,2.01687
36149,17.0084
36150,5.01687
36151,3.0253
36152,16.0084
36153,1.01686
36154,1.00843
36155,3.00843
36156,8.00843
36157,8.01686
36158,3.0253
36159,11.0084
36160,1.01686
36161,1.0253
36162,20.0084
36163,8.01686
36164,19.0084
36165,13.0169
36166,8.00843
36167,4.01687
36168,8.00843
36169,5.01687
36170,4.0253
36171,12.0084
36172,10.0169
36173,7.00843
36174,7.01687
36175,7.0253
36176,3.03373
36177,12.0084
36178,12.0169
36179,5.00843
36180,1.01686
36181,10.0084
36182,10.0169
36183,3.0253
36184,10.0084
36185,5.01687
36186,12.0084
36187,12.0169
36188,5.0253
36189,14.0084
36190,12.0169
36191,8.0253
36192,5.03373
36193,1.04216
36194,15.0084
36195,8.01686
36196,16.0084
36197,10.0169
36198,10.0253
36199,17.0084
36200,16.0169
36201,6.0253
36202,10.0084
36203,14.0084
36204,18.0084
36205,16.0169
36206,15.0084
36207,8.01686
36208,5.0253
36209,3.03373
36210,3.04216
36211,3.05059
36212,1.05903
36213,1.06746
36214,17.0084
36215,16.0169
36216,14.0253
36217,17.0084
36218,18.0084
36219,7.01687
36220,12.0084
36221,8.00843
36222,8.01686
36223,1.0253
36224,12.0084
36225,10.0084
36226,2.00843
36227,8.00843
36228,7.01687
36229,10.0084
36230,3.00843
36231,5.00843
36232,4.00843
36233,3.01687
36234,3.00843
36235,12.0084
36236,11.0169
36237,8.0253
36238,1.03373
36239,7.00843
36240,2.00843
36241,8.00843
36242,7.01687
36243,4.00843
36244,12.0084
36245,14.0084
36246,10.0169
36247,12.0084
36248,3.01687
36249,3.0253
36250,16.0084
36251,16.0169
36252,13.0253
36253,17.0084
36254,5.01687
36255,5.0253
36256,5.03373
36257,16.0084
36258,12.0169
36259,10.0253
36260,10.0337
36261,7.00843
36262,6.01687
36263,8.00843
36264,8.01686
36265,3.0253
36266,13.0084
36267,6.01687
36268,1.0253
36269,12.0084
36270,12.0084
36271,1.00843
36272,18.0084
36273,13.0084
36274,12.0169
36275,8.0253
36276,13.0084
36277,5.00843
36278,16.0084
36279,12.0169
36280,12.0084
36281,8.01686
36282,8.00843
36283,3.00843
36284,10.0084
36285,12.0084
36286,7.01687
36287,5.0253
36288,13.0084
36289,1.01686
36290,5.00843
36291,5.00843
36292,10.0084
36293,8.01686
36294,8.00843
36295,19.0084
36296,12.0169
36297,13.0084
36298,7.01687
36299,14.0084
36300,6.01687
36301,18.0084
36302,8.01686
36303,18.0084
36304,2.01687
36305,12.0084
36306,2.01687
36307,12.0084
36308,5.00843
36309,16.0084
36310,6.01687
36311,5.0253
36312,3.00843
36313,8.00843
36314,14.0084
36315,8.01686
36316,7.0253
36317,1.00843
36318,16.0084
36319,12.0169
36320,5.0253
36321,1.03373
36322,14.0084
36323,8.01686
36324,13.0084
36325,3.01687
36326,1.0253
36327,16.0084
36328,10.0169
36329,2.0253
36330,1.03373
36331,5.00843
36332,5.01687
36333,12.0084
36334,13.0084
36335,7.01687
36336,5.0253
36337,2.03373
36338,1.04216
36339,20.0084
36340,8.01686
36341,5.0253
36342,3.03373
36343,3.04216
36344,18.0084
36345,7.01687
36346,7.0253
36347,6.03373
36348,8.00843
36349,8.01686
36350,7.0253
36351,5.03373
36352,10.0084
36353,8.01686
36354,8.0253
36355,6.03373
36356,5.04216
36357,10.0084
36358,4.01687
36359,13.0084
36360,10.0169
36361,8.0253
36362,5.03373
36363,8.00843
36364,12.0084
36365,12.0169
36366,10.0253
36367,3.03373
36368,12.0084
36369,10.0169
36370,1.0253
36371,17.0084
36372,12.0169
36373,2.0253
36374,13.0084
36375,13.0169
36376,10.0253
36377,3.03373
36378,8.00843
36379,7.01687
36380,16.0084
36381,18.0084
36382,13.0169
36383,1.0253
36384,18.0084
36385,12.0169
36386,8.0253
36387,8.03373
36388,13.0084
36389,5.01687
36390,3.00843
36391,3.01687
36392,3.0253
36393,10.0084
36394,8.01686
36395,7.0253
36396,6.00843
36397,7.00843
36398,8.00843
36399,17.0084
36400,12.0169
36401,8.0253
36402,13.0084
36403,13.0169
36404,12.0084
36405,14.0084
36406,4.00843
36407,5.00843
36408,19.0084
36409,9.01686
36410,7.0253
36411,1.00843
36412,11.0084
36413,12.0084
36414,14.0084
36415,1.01686
36416,5.00843
36417,5.01687
36418,3.0253
36419,5.00843
36420,13.0084
36421,8.00843
36422,9.00843
36423,12.0084
36424,10.0169
36425,7.0253
36426,14.0084
36427,12.0169
36428,1.00843
36429,12.0084
36430,8.00843
36431,1.00843
36432,1.00843
36433,13.0084
36434,1.01686
36435,7.00843
36436,4.01687
36437,16.0084
36438,14.0084
36439,8.00843
36440,7.01687
36441,3.0253
36442,5.00843
36443,2.01687
36444,1.00843
36445,10.0084
36446,8.01686
36447,18.0084
36448,5.01687
36449,3.0253
36450,3.03373
36451,5.00843
36452,5.01687
36453,12.0084
36454,1.01686
36455,7.00843
36456,17.0084
36457,18.0084
36458,1.01686
36459,16.0084
36460,7.01687
36461,1.0253
36462,8.00843
36463,8.00843
36464,3.01687
36465,5.00843
36466,17.0084
36467,17.0169
36468,12.0253
36469,1.00843
36470,14.0084
36471,10.0084
36472,3.01687
36473,1.00843
36474,1.00843
36475,7.00843
36476,8.00843
36477,6.01687
36478,5.0253
36479,5.00843
36480,5.01687
36481,1.00843
36482,8.00843
36483,3.01687
36484,12.0084
36485,12.0169
36486,14.0084
36487,4.00843
36488,1.01686
36489,3.00843
36490,3.01687
36491,15.0084
36492,8.01686
36493,8.0253
36494,12.0084
36495,9.01686
36496,5.0253
36497,16.0084
36498,5.00843
36499,5.01687
36500,12.0084
36501,10.0169
36502,10.0253
36503,3.03373
36504,3.04216
36505,12.0084
36506,12.0084
36507,8.01686
36508,1.0253
36509,1.00843
36510,16.0084
36511,7.01687
36512,7.0253
36513,16.0084
36514,8.01686
36515,4.0253
36516,16.0084
36517,12.0169
36518,13.0084
36519,10.0169
36520,10.0253
36521,10.0337
36522,7.00843
36523,1.00843
36524,7.00843
36525,1.01686
36526,13.0084
36527,7.01687
36528,2.0253
36529,7.00843
36530,3.01687
36531,13.0084
36532,8.01686
36533,8.0253
36534,5.03373
36535,10.0084
36536,5.01687
36537,16.0084
36538,7.01687
36539,18.0084
36540,18.0084
36541,3.01687
36542,10.0084
36543,7.01687
36544,1.0253
36545,1.03373
36546,14.0084
36547,7.01687
36548,7.0253
36549,2.03373
36550,16.0084
36551,6.01687
36552,6.0253
36553,3.00843
36554,17.0084
36555,12.0169
36556,14.0084
36557,8.01686
36558,8.00843
36559,7.01687
36560,8.00843
36561,14.0084
36562,1.01686
36563,18.0084
36564,16.0084
36565,16.0169
36566,7.0253
36567,1.03373
36568,12.0084
36569,8.01686
36570,4.0253
36571,3.00843
36572,6.00843
36573,10.0084
36574,19.0084
36575,10.0084
36576,8.01686
36577,8.0253
36578,1.03373
36579,1.04216
36580,10.0084
36581,13.0084
36582,10.0169
36583,10.0253
36584,8.00843
36585,5.00843
36586,8.00843
36587,12.0084
36588,5.01687
36589,1.0253
36590,17.0084
36591,16.0169
36592,1.0253
36593,3.00843
36594,3.01687
36595,19.0084
36596,5.01687
36597,6.00843
36598,18.0084
36599,16.0084
36600,7.00843
36601,6.01687
36602,1.0253
36603,6.00843
36604,2.01687
36605,1.0253
36606,12.0084
36607,8.01686
36608,8.0253
36609,1.03373
36610,14.0084
36611,10.0169
36612,1.00843
36613,13.0084
36614,16.0084
36615,16.0169
36616,8.0253
36617,5.00843
36618,3.00843
36619,18.0084
36620,13.0169
36621,8.0253
36622,5.03373
36623,1.04216
36624,7.00843
36625,12.0084
36626,5.01687
36627,12.0084
36628,12.0169
36629,8.0253
36630,9.00843
36631,9.01686
36632,5.00843
36633,18.0084
36634,16.0169
36635,3.0253
36636,12.0084
36637,1.01686
36638,14.0084
36639,8.01686
36640,3.0253
36641,19.0084
36642,14.0169
36643,8.0253
36644,3.00843
36645,14.0084
36646,5.01687
36647,12.0084
36648,6.00843
36649,1.01686
36650,1.0253
36651,1.00843
36652,18.0084
36653,7.01687
36654,1.0253
36655,14.0084
36656,13.0084
36657,8.01686
36658,7.0253
36659,3.00843
36660,12.0084
36661,10.0169
36662,10.0084
36663,3.00843
36664,8.00843
36665,3.00843
36666,5.00843
36667,5.01687
36668,3.0253
36669,10.0084
36670,1.00843
36671,18.0084
36672,8.01686
36673,3.00843
36674,14.0084
36675,13.0169
36676,11.0084
36677,18.0084
36678,5.01687
36679,1.0253
36680,14.0084
36681,10.0084
36682,3.01687
36683,1.0253
36684,16.0084
36685,16.0169
36686,8.0253
36687,3.03373
36688,5.00843
36689,12.0084
36690,1.01686
36691,14.0084
36692,8.01686
36693,3.0253
36694,3.03373
36695,8.00843
36696,8.01686
36697,16.0084
36698,8.01686
36699,3.0253
36700,13.0084
36701,10.0169
36702,5.0253
36703,8.00843
36704,5.01687
36705,3.0253
36706,1.00843
36707,1.01686
36708,1.0253
36709,8.00843
36710,6.01687
36711,2.0253
36712,2.03373
36713,1.04216
36714,16.0084
36715,3.01687
36716,1.0253
36717,14.0084
36718,11.0169
36719,8.00843
36720,8.00843
36721,10.0084
36722,8.01686
36723,12.0084
36724,12.0169
36725,14.0084
36726,12.0169
36727,18.0084
36728,14.0169
36729,14.0253
36730,12.0337
36731,16.0084
36732,15.0169
36733,3.0253
36734,12.0084
36735,5.01687
36736,8.00843
36737,16.0084
36738,5.00843
36739,10.0084
36740,10.0169
36741,3.00843
36742,1.01686
36743,12.0084
36744,3.01687
36745,3.00843
36746,3.01687
36747,7.00843
36748,3.00843
36749,10.0084
36750,7.01687
36751,8.00843
36752,2.01687
36753,18.0084
36754,18.0169
36755,15.0253
36756,8.03373
36757,14.0084
36758,1.01686
36759,1.0253
36760,14.0084
36761,10.0169
36762,5.0253
36763,14.0084
36764,6.01687
36765,3.0253
36766,3.00843
36767,3.01687
36768,16.0084
36769,14.0169
36770,2.00843
36771,16.0084
36772,16.0169
36773,14.0253
36774,7.03373
36775,17.0084
36776,8.01686
36777,7.00843
36778,5.01687
36779,5.0253
36780,13.0084
36781,1.01686
36782,7.00843
36783,7.01687
36784,12.0084
36785,3.00843
36786,14.0084
36787,14.0084
36788,16.0084
36789,8.00843
36790,13.0084
36791,12.0084
36792,16.0084
