seq_num,delay_ms
0,1.00843
1,3.00843
2,8.00843
3,5.00843
4,4.00843
5,5.00843
6,3.01687
7,5.00843
8,8.00843
9,7.00843
10,5.01687
11,16.0084
12,13.0169
13,18.0084
14,5.01687
15,12.0084
16,12.0084
17,1.01686
18,13.0084
19,19.0084
20,17.0169
21,1.00843
22,1.01686
23,12.0084
24,18.0084
25,8.01686
26,3.0253
27,7.00843
28,19.0084
29,3.01687
30,3.0253
31,10.0084
32,10.0084
33,8.01686
34,8.0253
35,8.00843
36,1.01686
37,12.0084
38,12.0169
39,1.00843
40,10.0084
41,8.01686
42,8.0253
43,8.00843
44,6.01687
45,1.0253
46,14.0084
47,8.01686
48,1.0253
49,8.00843
50,5.01687
51,1.0253
52,12.0084
53,2.01687
54,3.00843
55,18.0084
56,8.00843
57,7.01687
58,9.00843
59,8.01686
60,8.0253
61,2.03373
62,12.0084
63,10.0169
64,10.0253
65,12.0084
66,5.01687
67,3.0253
68,3.03373
69,3.04216
70,7.00843
71,13.0084
72,5.01687
73,14.0084
74,14.0169
75,13.0253
76,10.0084
77,17.0084
78,10.0169
79,18.0084
80,18.0169
81,14.0084
82,17.0084
83,10.0169
84,9.0253
85,10.0084
86,5.00843
87,6.00843
88,1.00843
89,5.00843
90,17.0084
91,8.01686
92,5.00843
93,1.01686
94,1.0253
95,16.0084
96,10.0169
97,3.00843
98,3.01687
99,13.0084
100,12.0169
101,12.0253
102,11.0337
103,10.0422
104,8.05059
105,5.05903
106,16.0084
107,11.0169
108,8.0253
109,12.0084
110,1.01686
111,2.00843
112,14.0084
113,11.0169
114,9.0253
115,8.00843
116,3.01687
117,18.0084
118,1.01686
119,20.0084
120,12.0169
121,15.0084
122,14.0084
123,8.00843
124,8.00843
125,8.01686
126,1.0253
127,8.00843
128,5.01687
129,14.0084
130,5.00843
131,8.00843
132,8.01686
133,19.0084
134,7.01687
135,3.0253
136,16.0084
137,13.0084
138,2.01687
139,5.00843
140,20.0084
141,5.00843
142,7.00843
143,1.00843
144,16.0084
145,8.01686
146,9.00843
147,1.01686
148,1.00843
149,8.00843
150,3.00843
151,16.0084
152,16.0169
153,1.0253
154,1.03373
155,1.04216
156,5.00843
157,1.01686
158,19.0084
159,8.01686
160,5.00843
161,5.01687
162,3.0253
163,13.0084
164,9.01686
165,5.0253
166,9.00843
167,9.01686
168,6.0253
169,11.0084
170,5.01687
171,14.0084
172,12.0169
173,12.0253
174,15.0084
175,9.01686
176,20.0084
177,14.0169
178,14.0253
179,4.03373
180,11.0084
181,14.0084
182,13.0169
183,3.0253
184,1.00843
185,18.0084
186,12.0169
187,12.0253
188,12.0337
189,8.04216
190,5.05059
191,16.0084
192,5.01687
193,5.0253
194,5.03373
195,3.04216
196,7.00843
197,12.0084
198,7.00843
199,3.01687
200,1.00843
201,16.0084
202,14.0084
203,8.01686
204,8.0253
205,7.03373
206,12.0084
207,7.01687
208,13.0084
209,5.00843
210,9.00843
211,9.01686
212,8.0253
213,7.03373
214,5.04216
215,1.05059
216,16.0084
217,14.0084
218,10.0169
219,8.0253
220,14.0084
221,10.0169
222,2.0253
223,10.0084
224,8.01686
225,12.0084
226,10.0169
227,12.0084
228,14.0084
229,7.01687
230,9.00843
231,12.0084
232,8.01686
233,6.0253
234,5.03373
235,3.00843
236,14.0084
237,2.01687
238,20.0084
239,20.0169
240,10.0253
241,3.03373
242,15.0084
243,5.01687
244,12.0084
245,9.01686
246,3.0253
247,5.00843
248,5.01687
249,1.00843
250,1.01686
251,12.0084
252,12.0169
253,12.0253
254,12.0337
255,1.00843
256,8.00843
257,11.0084
258,18.0084
259,7.01687
260,8.00843
261,1.00843
262,15.0084
263,18.0084
264,12.0084
265,6.01687
266,16.0084
267,12.0169
268,1.00843
269,16.0084
270,10.0084
271,7.01687
272,3.0253
273,1.03373
274,7.00843
275,8.00843
276,14.0084
277,12.0169
278,1.0253
279,10.0084
280,8.01686
281,1.0253
282,10.0084
283,10.0084
284,10.0169
285,12.0084
286,10.0169
287,2.0253
288,10.0084
289,16.0084
290,16.0169
291,9.0253
292,8.03373
293,2.04216
294,8.00843
295,8.00843
296,3.01687
297,14.0084
298,12.0169
299,16.0084
300,12.0169
301,8.00843
302,19.0084
303,5.01687
304,10.0084
305,10.0169
306,8.0253
307,1.03373
308,17.0084
309,12.0169
310,9.0253
311,5.03373
312,3.04216
313,8.00843
314,11.0084
315,1.01686
316,1.0253
317,12.0084
318,8.01686
319,18.0084
320,3.01687
321,1.0253
322,8.00843
323,5.01687
324,13.0084
325,5.01687
326,3.0253
327,12.0084
328,7.00843
329,1.01686
330,8.00843
331,5.01687
332,3.0253
333,1.03373
334,5.00843
335,16.0084
336,10.0169
337,5.0253
338,20.0084
339,17.0169
340,12.0253
341,8.03373
342,13.0084
343,10.0084
344,8.01686
345,5.0253
346,1.03373
347,1.04216
348,19.0084
349,18.0169
350,18.0253
351,14.0337
352,8.04216
353,15.0084
354,15.0169
355,3.0253
356,12.0084
357,5.01687
358,5.0253
359,1.03373
360,1.04216
361,10.0084
362,1.01686
363,8.00843
364,7.01687
365,20.0084
366,9.01686
367,8.0253
368,5.03373
369,13.0084
370,5.01687
371,19.0084
372,10.0169
373,7.0253
374,18.0084
375,15.0169
376,8.0253
377,5.03373
378,2.04216
379,3.00843
380,3.01687
381,8.00843
382,1.00843
383,14.0084
384,1.00843
385,10.0084
386,10.0169
387,8.00843
388,6.01687
389,10.0084
390,7.00843
391,7.01687
392,6.0253
393,5.03373
394,1.00843
395,3.00843
396,16.0084
397,17.0084
398,6.00843
399,5.01687
400,5.0253
401,12.0084
402,12.0169
403,8.0253
404,3.03373
405,18.0084
406,5.01687
407,16.0084
408,7.00843
409,1.01686
410,13.0084
411,8.01686
412,8.0253
413,5.03373
414,1.04216
415,8.00843
416,6.01687
417,3.0253
418,10.0084
419,3.01687
420,20.0084
421,13.0169
422,5.0253
423,12.0084
424,10.0169
425,3.0253
426,13.0084
427,8.01686
428,8.0253
429,5.03373
430,3.04216
431,12.0084
432,8.01686
433,5.0253
434,18.0084
435,18.0169
436,8.00843
437,3.01687
438,1.0253
439,17.0084
440,6.01687
441,3.0253
442,1.03373
443,8.00843
444,13.0084
445,10.0169
446,5.0253
447,5.00843
448,12.0084
449,7.01687
450,11.0084
451,10.0169
452,7.00843
453,13.0084
454,8.01686
455,8.0253
456,5.03373
457,5.04216
458,4.05059
459,13.0084
460,10.0169
461,8.00843
462,7.01687
463,1.0253
464,16.0084
465,19.0084
466,10.0169
467,3.0253
468,20.0084
469,14.0169
470,5.0253
471,1.03373
472,1.04216
473,1.05059
474,2.00843
475,1.01686
476,20.0084
477,16.0169
478,13.0253
479,5.03373
480,3.04216
481,17.0084
482,17.0169
483,8.0253
484,18.0084
485,14.0169
486,7.0253
487,7.03373
488,8.00843
489,8.01686
490,5.0253
491,17.0084
492,16.0169
493,3.0253
494,3.03373
495,10.0084
496,8.01686
497,8.0253
498,8.03373
499,8.04216
500,1.05059
501,16.0084
502,1.01686
503,8.00843
504,5.01687
505,13.0084
506,16.0084
507,15.0084
508,18.0084
509,1.01686
510,19.0084
511,18.0084
512,18.0169
513,10.0253
514,8.03373
515,14.0084
516,1.01686
517,10.0084
518,5.00843
519,5.01687
520,14.0084
521,6.01687
522,3.0253
523,10.0084
524,16.0084
525,4.01687
526,1.0253
527,3.00843
528,3.01687
529,20.0084
530,18.0169
531,8.0253
532,8.00843
533,8.01686
534,10.0084
535,18.0084
536,3.00843
537,2.01687
538,1.0253
539,13.0084
540,7.00843
541,14.0084
542,16.0084
543,8.01686
544,7.00843
545,3.01687
546,3.0253
547,3.03373
548,2.04216
549,5.00843
550,5.00843
551,5.01687
552,5.0253
553,8.00843
554,10.0084
555,8.01686
556,10.0084
557,5.01687
558,10.0084
559,3.01687
560,12.0084
561,10.0169
562,3.0253
563,1.03373
564,19.0084
565,18.0169
566,13.0253
567,12.0337
568,14.0084
569,18.0084
570,8.01686
571,6.0253
572,10.0084
573,10.0169
574,9.0253
575,7.03373
576,3.04216
577,7.00843
578,1.01686
579,12.0084
580,1.01686
581,16.0084
582,16.0084
583,14.0084
584,5.01687
585,1.0253
586,18.0084
587,8.01686
588,3.0253
589,1.03373
590,1.04216
591,1.05059
592,3.00843
593,2.01687
594,3.00843
595,3.01687
596,10.0084
597,5.01687
598,5.0253
599,11.0084
600,11.0169
601,4.0253
602,7.00843
603,14.0084
604,8.01686
605,14.0084
606,10.0169
607,5.0253
608,12.0084
609,10.0169
610,3.0253
611,3.03373
612,11.0084
613,18.0084
614,10.0169
615,1.0253
616,8.00843
617,14.0084
618,12.0169
619,10.0084
620,3.01687
621,1.0253
622,17.0084
623,10.0169
624,8.0253
625,1.03373
626,18.0084
627,8.00843
628,8.00843
629,7.01687
630,12.0084
631,9.01686
632,10.0084
633,8.01686
634,3.0253
635,1.03373
636,1.04216
637,17.0084
638,16.0169
639,7.0253
640,5.03373
641,2.04216
642,5.00843
643,12.0084
644,3.01687
645,5.00843
646,5.01687
647,18.0084
648,13.0169
649,6.0253
650,2.00843
651,3.00843
652,3.01687
653,12.0084
654,10.0169
655,1.0253
656,13.0084
657,8.01686
658,1.0253
659,14.0084
660,5.01687
661,5.00843
662,5.00843
663,19.0084
664,8.01686
665,3.0253
666,1.03373
667,1.00843
668,10.0084
669,4.01687
670,8.00843
671,12.0084
672,6.01687
673,12.0084
674,16.0084
675,8.01686
676,15.0084
677,15.0169
678,10.0253
679,7.03373
680,18.0084
681,12.0169
682,3.0253
683,18.0084
684,4.01687
685,18.0084
686,14.0169
687,16.0084
688,16.0084
689,6.01687
690,12.0084
691,5.01687
692,20.0084
693,14.0084
694,10.0169
695,18.0084
696,15.0169
697,5.0253
698,3.03373
699,3.04216
700,2.05059
701,7.00843
702,5.00843
703,9.00843
704,5.01687
705,12.0084
706,10.0084
707,8.01686
708,7.0253
709,1.03373
710,5.00843
711,1.01686
712,10.0084
713,5.01687
714,1.00843
715,1.00843
716,13.0084
717,6.01687
718,3.0253
719,14.0084
720,7.01687
721,15.0084
722,8.01686
723,18.0084
724,5.01687
725,3.0253
726,18.0084
727,18.0084
728,15.0169
729,14.0253
730,4.00843
731,17.0084
732,10.0169
733,12.0084
734,10.0169
735,9.0253
736,5.03373
737,1.04216
738,12.0084
739,10.0169
740,17.0084
741,10.0084
742,7.01687
743,9.00843
744,16.0084
745,10.0169
746,10.0253
747,7.00843
748,1.01686
749,10.0084
750,4.00843
751,1.01686
752,5.00843
753,15.0084
754,12.0169
755,8.00843
756,6.01687
757,10.0084
758,8.00843
759,14.0084
760,12.0084
761,5.01687
762,1.0253
763,17.0084
764,12.0169
765,18.0084
766,3.01687
767,1.0253
768,6.00843
769,19.0084
770,5.01687
771,7.00843
772,5.01687
773,1.0253
774,1.03373
775,10.0084
776,16.0084
777,10.0169
778,8.0253
779,1.03373
780,3.00843
781,14.0084
782,12.0084
783,14.0084
784,10.0169
785,8.00843
786,12.0084
787,12.0169
788,13.0084
789,16.0084
790,5.01687
791,16.0084
792,13.0169
793,13.0253
794,8.03373
795,8.04216
796,8.00843
797,15.0084
798,7.00843
799,3.00843
800,1.00843
801,1.01686
802,8.00843
803,7.00843
804,8.00843
805,1.01686
806,16.0084
807,12.0169
808,6.0253
809,5.03373
810,1.00843
811,3.00843
812,8.00843
813,12.0084
814,12.0169
815,12.0253
816,5.00843
817,14.0084
818,15.0084
819,17.0084
820,1.01686
821,18.0084
822,16.0084
823,8.01686
824,18.0084
825,8.01686
826,8.0253
827,1.00843
828,12.0084
829,8.01686
830,8.00843
831,2.01687
832,8.00843
833,1.00843
834,1.00843
835,15.0084
836,8.01686
837,8.0253
838,5.03373
839,9.00843
840,3.01687
841,2.0253
842,19.0084
843,10.0169
844,16.0084
845,11.0169
846,8.0253
847,8.03373
848,5.04216
849,12.0084
850,17.0084
851,10.0169
852,7.0253
853,7.00843
854,8.00843
855,1.01686
856,12.0084
857,10.0169
858,7.0253
859,11.0084
860,8.01686
861,10.0084
862,13.0084
863,5.01687
864,5.0253
865,16.0084
866,7.01687
867,1.0253
868,16.0084
869,12.0084
870,7.01687
871,3.0253
872,3.03373
873,3.04216
874,17.0084
875,8.00843
876,3.01687
877,6.00843
878,6.00843
879,5.01687
880,3.0253
881,7.00843
882,7.01687
883,12.0084
884,12.0169
885,15.0084
886,13.0169
887,5.00843
888,1.01686
889,14.0084
890,14.0169
891,8.0253
892,13.0084
893,12.0169
894,17.0084
895,16.0169
896,13.0253
897,12.0084
898,13.0084
899,17.0084
900,1.00843
901,18.0084
902,16.0169
903,10.0084
904,1.01686
905,1.00843
906,5.00843
907,7.00843
908,5.00843
909,11.0084
910,12.0084
911,16.0084
912,5.01687
913,17.0084
914,16.0169
915,1.0253
916,8.00843
917,3.00843
918,20.0084
919,8.00843
920,14.0084
921,1.01686
922,1.0253
923,19.0084
924,15.0169
925,10.0084
926,3.01687
927,7.00843
928,1.01686
929,14.0084
930,7.01687
931,5.0253
932,7.00843
933,12.0084
934,10.0169
935,2.0253
936,12.0084
937,10.0169
938,8.00843
939,13.0084
940,13.0169
941,15.0084
942,14.0169
943,13.0253
944,12.0337
945,12.0422
946,15.0084
947,16.0084
948,16.0169
949,1.00843
950,10.0084
951,3.01687
952,5.00843
953,1.00843
954,3.00843
955,1.01686
956,1.0253
957,10.0084
958,8.00843
959,1.01686
960,1.0253
961,1.03373
962,18.0084
963,1.00843
964,7.00843
965,7.01687
966,8.00843
967,1.01686
968,17.0084
969,12.0169
970,13.0084
971,16.0084
972,14.0169
973,13.0253
974,1.03373
975,1.00843
976,15.0084
977,15.0169
978,5.0253
979,1.03373
980,1.04216
981,3.00843
982,1.01686
983,1.0253
984,10.0084
985,7.01687
986,18.0084
987,5.01687
988,6.00843
989,5.01687
990,6.00843
991,10.0084
992,5.01687
993,18.0084
994,9.00843
995,3.00843
996,2.01687
997,1.0253
998,14.0084
999,2.01687
1000,14.0084
1001,13.0169
1002,12.0253
1003,5.03373
1004,7.00843
1005,6.01687
1006,18.0084
1007,8.01686
1008,3.0253
1009,10.0084
1010,12.0084
1011,11.0084
1012,17.0084
1013,14.0169
1014,14.0253
1015,1.03373
1016,14.0084
1017,14.0169
1018,5.0253
1019,5.00843
1020,10.0084
1021,18.0084
1022,2.01687
1023,18.0084
1024,1.00843
1025,12.0084
1026,12.0169
1027,5.0253
1028,4.03373
1029,1.04216
1030,1.05059
1031,13.0084
1032,11.0169
1033,14.0084
1034,17.0084
1035,5.01687
1036,5.00843
1037,1.00843
1038,1.01686
1039,8.00843
1040,7.01687
1041,3.00843
1042,5.00843
1043,5.01687
1044,5.0253
1045,10.0084
1046,6.01687
1047,1.0253
1048,3.00843
1049,13.0084
1050,6.01687
1051,18.0084
1052,13.0169
1053,5.0253
1054,5.03373
1055,3.04216
1056,16.0084
1057,14.0169
1058,10.0253
1059,10.0337
1060,10.0422
1061,8.00843
1062,7.01687
1063,7.0253
1064,1.03373
1065,13.0084
1066,9.01686
1067,8.0253
1068,3.03373
1069,3.04216
1070,13.0084
1071,12.0169
1072,5.00843
1073,7.00843
1074,7.01687
1075,5.00843
1076,11.0084
1077,16.0084
1078,16.0169
1079,3.00843
1080,5.00843
1081,5.01687
1082,1.0253
1083,14.0084
1084,7.00843
1085,7.00843
1086,3.00843
1087,1.01686
1088,6.00843
1089,3.01687
1090,10.0084
1091,1.01686
1092,1.0253
1093,15.0084
1094,12.0169
1095,8.0253
1096,8.03373
1097,12.0084
1098,14.0084
1099,13.0169
1100,8.0253
1101,14.0084
1102,8.01686
1103,16.0084
1104,9.01686
1105,1.00843
1106,14.0084
1107,10.0169
1108,10.0084
1109,8.01686
1110,3.0253
1111,1.00843
1112,2.00843
1113,12.0084
1114,10.0169
1115,7.0253
1116,7.03373
1117,15.0084
1118,10.0169
1119,8.00843
1120,8.01686
1121,1.0253
1122,3.00843
1123,18.0084
1124,12.0169
1125,12.0084
1126,8.00843
1127,10.0084
1128,10.0169
1129,10.0084
1130,7.01687
1131,1.0253
1132,1.03373
1133,5.00843
1134,17.0084
1135,10.0084
1136,1.01686
1137,10.0084
1138,12.0084
1139,3.01687
1140,3.0253
1141,8.00843
1142,10.0084
1143,1.00843
1144,7.00843
1145,1.01686
1146,16.0084
1147,8.01686
1148,8.0253
1149,5.00843
1150,5.01687
1151,8.00843
1152,9.00843
1153,20.0084
1154,12.0169
1155,8.0253
1156,10.0084
1157,8.01686
1158,7.0253
1159,7.03373
1160,16.0084
1161,8.01686
1162,8.0253
1163,8.03373
1164,8.00843
1165,5.01687
1166,5.0253
1167,1.03373
1168,10.0084
1169,10.0169
1170,1.0253
1171,16.0084
1172,12.0169
1173,12.0253
1174,3.00843
1175,16.0084
1176,3.01687
1177,1.0253
1178,6.00843
1179,18.0084
1180,10.0169
1181,1.0253
1182,10.0084
1183,3.01687
1184,14.0084
1185,1.00843
1186,12.0084
1187,3.00843
1188,15.0084
1189,8.00843
1190,12.0084
1191,8.01686
1192,1.0253
1193,5.00843
1194,3.01687
1195,3.00843
1196,3.01687
1197,4.00843
1198,10.0084
1199,7.01687
1200,10.0084
1201,7.01687
1202,7.0253
1203,5.03373
1204,1.04216
1205,1.05059
1206,13.0084
1207,12.0169
1208,8.0253
1209,8.03373
1210,9.00843
1211,7.01687
1212,5.0253
1213,10.0084
1214,8.01686
1215,12.0084
1216,12.0084
1217,10.0169
1218,8.0253
1219,14.0084
1220,12.0169
1221,15.0084
1222,12.0169
1223,18.0084
1224,15.0169
1225,13.0253
1226,11.0337
1227,14.0084
1228,1.01686
1229,16.0084
1230,6.01687
1231,12.0084
1232,7.01687
1233,5.0253
1234,16.0084
1235,14.0084
1236,8.00843
1237,1.01686
1238,1.0253
1239,8.00843
1240,10.0084
1241,8.01686
1242,10.0084
1243,2.01687
1244,1.0253
1245,12.0084
1246,10.0169
1247,17.0084
1248,14.0169
1249,12.0253
1250,3.03373
1251,13.0084
1252,13.0169
1253,3.00843
1254,3.00843
1255,12.0084
1256,12.0169
1257,1.0253
1258,18.0084
1259,1.00843
1260,1.01686
1261,15.0084
1262,5.00843
1263,8.00843
1264,5.01687
1265,1.0253
1266,16.0084
1267,14.0169
1268,16.0084
1269,1.01686
1270,5.00843
1271,10.0084
1272,8.00843
1273,3.00843
1274,1.01686
1275,10.0084
1276,7.01687
1277,5.0253
1278,13.0084
1279,8.01686
1280,5.0253
1281,18.0084
1282,7.01687
1283,5.0253
1284,5.00843
1285,10.0084
1286,5.00843
1287,7.00843
1288,5.01687
1289,8.00843
1290,8.01686
1291,14.0084
1292,10.0084
1293,9.01686
1294,18.0084
1295,18.0169
1296,14.0084
1297,5.01687
1298,4.00843
1299,4.01687
1300,14.0084
1301,9.01686
1302,15.0084
1303,18.0084
1304,10.0169
1305,5.0253
1306,12.0084
1307,13.0084
1308,12.0169
1309,12.0253
1310,11.0084
1311,2.01687
1312,15.0084
1313,12.0169
1314,3.0253
1315,1.03373
1316,1.00843
1317,12.0084
1318,12.0169
1319,19.0084
1320,15.0084
1321,18.0084
1322,5.01687
1323,8.00843
1324,5.00843
1325,1.01686
1326,10.0084
1327,7.00843
1328,7.00843
1329,8.00843
1330,5.01687
1331,3.0253
1332,10.0084
1333,7.00843
1334,8.00843
1335,5.01687
1336,1.0253
1337,9.00843
1338,10.0084
1339,3.01687
1340,3.00843
1341,18.0084
1342,10.0084
1343,18.0084
1344,7.01687
1345,5.0253
1346,10.0084
1347,13.0084
1348,6.01687
1349,3.00843
1350,3.01687
1351,12.0084
1352,5.01687
1353,5.0253
1354,16.0084
1355,6.01687
1356,18.0084
1357,8.01686
1358,7.0253
1359,7.03373
1360,6.04216
1361,14.0084
1362,14.0169
1363,1.0253
1364,1.03373
1365,7.00843
1366,15.0084
1367,18.0084
1368,12.0169
1369,3.0253
1370,12.0084
1371,1.01686
1372,13.0084
1373,3.01687
1374,10.0084
1375,5.00843
1376,18.0084
1377,5.01687
1378,2.0253
1379,19.0084
1380,19.0169
1381,8.0253
1382,5.03373
1383,5.00843
1384,5.01687
1385,5.0253
1386,7.00843
1387,3.01687
1388,14.0084
1389,12.0169
1390,8.0253
1391,6.03373
1392,12.0084
1393,20.0084
1394,16.0169
1395,13.0253
1396,8.03373
1397,14.0084
1398,10.0169
1399,10.0253
1400,10.0337
1401,8.04216
1402,16.0084
1403,16.0169
1404,16.0253
1405,8.03373
1406,7.04216
1407,17.0084
1408,8.01686
1409,5.0253
1410,18.0084
1411,5.00843
1412,8.00843
1413,8.01686
1414,1.0253
1415,12.0084
1416,16.0084
1417,7.01687
1418,1.0253
1419,1.03373
1420,1.00843
1421,1.01686
1422,10.0084
1423,13.0084
1424,3.01687
1425,3.0253
1426,2.03373
1427,18.0084
1428,5.01687
1429,10.0084
1430,16.0084
1431,8.01686
1432,1.0253
1433,8.00843
1434,8.01686
1435,10.0084
1436,8.01686
1437,6.0253
1438,11.0084
1439,10.0169
1440,7.0253
1441,5.00843
1442,2.00843
1443,10.0084
1444,18.0084
1445,13.0169
1446,15.0084
1447,14.0169
1448,10.0253
1449,8.03373
1450,18.0084
1451,10.0169
1452,1.0253
1453,3.00843
1454,1.00843
1455,15.0084
1456,10.0169
1457,3.0253
1458,3.03373
1459,5.00843
1460,5.00843
1461,8.00843
1462,1.00843
1463,17.0084
1464,10.0169
1465,19.0084
1466,10.0169
1467,12.0084
1468,9.01686
1469,8.0253
1470,5.03373
1471,14.0084
1472,3.01687
1473,8.00843
1474,8.01686
1475,8.0253
1476,5.03373
1477,5.04216
1478,3.05059
1479,6.00843
1480,13.0084
1481,3.01687
1482,8.00843
1483,8.01686
1484,7.0253
1485,7.03373
1486,13.0084
1487,13.0169
1488,12.0253
1489,16.0084
1490,9.01686
1491,8.0253
1492,7.03373
1493,3.00843
1494,1.01686
1495,10.0084
1496,8.00843
1497,5.00843
1498,18.0084
1499,5.01687
1500,3.0253
1501,2.03373
1502,20.0084
1503,14.0169
1504,8.0253
1505,8.03373
1506,15.0084
1507,12.0169
1508,18.0084
1509,15.0169
1510,7.00843
1511,1.01686
1512,1.0253
1513,1.03373
1514,13.0084
1515,8.01686
1516,8.00843
1517,3.01687
1518,3.0253
1519,10.0084
1520,11.0084
1521,7.01687
1522,16.0084
1523,12.0169
1524,3.0253
1525,8.00843
1526,6.01687
1527,12.0084
1528,8.01686
1529,8.0253
1530,8.03373
1531,8.04216
1532,5.05059
1533,16.0084
1534,7.01687
1535,3.0253
1536,2.00843
1537,5.00843
1538,14.0084
1539,7.00843
1540,12.0084
1541,7.01687
1542,8.00843
1543,12.0084
1544,7.01687
1545,10.0084
1546,12.0084
1547,12.0084
1548,4.01687
1549,7.00843
1550,5.00843
1551,12.0084
1552,18.0084
1553,13.0169
1554,5.0253
1555,1.03373
1556,1.04216
1557,14.0084
1558,12.0169
1559,3.0253
1560,1.03373
1561,12.0084
1562,12.0169
1563,10.0253
1564,18.0084
1565,16.0169
1566,9.0253
1567,7.03373
1568,14.0084
1569,8.00843
1570,3.01687
1571,12.0084
1572,10.0169
1573,4.0253
1574,13.0084
1575,5.01687
1576,18.0084
1577,8.01686
1578,3.0253
1579,14.0084
1580,10.0084
1581,5.01687
1582,6.00843
1583,10.0084
1584,8.01686
1585,8.0253
1586,8.03373
1587,8.04216
1588,5.00843
1589,16.0084
1590,10.0169
1591,17.0084
1592,7.01687
1593,13.0084
1594,5.00843
1595,14.0084
1596,5.00843
1597,2.01687
1598,19.0084
1599,8.01686
1600,7.0253
1601,19.0084
1602,20.0084
1603,2.01687
1604,1.0253
1605,18.0084
1606,15.0169
1607,9.0253
1608,3.03373
1609,10.0084
1610,5.01687
1611,5.0253
1612,14.0084
1613,6.00843
1614,1.01686
1615,11.0084
1616,8.01686
1617,5.0253
1618,3.03373
1619,9.00843
1620,5.01687
1621,7.00843
1622,5.00843
1623,17.0084
1624,12.0169
1625,20.0084
1626,9.01686
1627,5.0253
1628,5.03373
1629,14.0084
1630,1.00843
1631,10.0084
1632,8.01686
1633,1.0253
1634,12.0084
1635,12.0169
1636,8.0253
1637,1.03373
1638,14.0084
1639,8.01686
1640,8.0253
1641,18.0084
1642,8.01686
1643,7.0253
1644,17.0084
1645,14.0169
1646,17.0084
1647,18.0084
1648,5.01687
1649,3.0253
1650,3.03373
1651,6.00843
1652,10.0084
1653,7.01687
1654,7.0253
1655,7.03373
1656,3.04216
1657,16.0084
1658,8.01686
1659,7.0253
1660,5.03373
1661,10.0084
1662,10.0169
1663,8.0253
1664,1.03373
1665,1.04216
1666,1.05059
1667,14.0084
1668,5.01687
1669,10.0084
1670,6.01687
1671,3.0253
1672,13.0084
1673,1.01686
1674,1.0253
1675,12.0084
1676,12.0169
1677,3.00843
1678,3.01687
1679,1.0253
1680,14.0084
1681,14.0169
1682,8.00843
1683,7.01687
1684,6.0253
1685,5.03373
1686,10.0084
1687,14.0084
1688,10.0169
1689,17.0084
1690,11.0084
1691,10.0169
1692,13.0084
1693,8.01686
1694,15.0084
1695,13.0169
1696,15.0084
1697,8.01686
1698,7.0253
1699,12.0084
1700,14.0084
1701,8.00843
1702,1.01686
1703,10.0084
1704,5.01687
1705,10.0084
1706,5.01687
1707,3.0253
1708,3.03373
1709,1.04216
1710,12.0084
1711,7.01687
1712,7.0253
1713,6.03373
1714,5.04216
1715,4.05059
1716,15.0084
1717,14.0169
1718,3.0253
1719,16.0084
1720,18.0084
1721,8.01686
1722,2.0253
1723,12.0084
1724,12.0169
1725,11.0253
1726,9.03373
1727,5.04216
1728,1.05059
1729,13.0084
1730,10.0169
1731,8.0253
1732,8.03373
1733,14.0084
1734,14.0169
1735,12.0253
1736,15.0084
1737,13.0169
1738,12.0253
1739,8.03373
1740,8.00843
1741,1.01686
1742,13.0084
1743,10.0169
1744,3.0253
1745,16.0084
1746,16.0169
1747,1.0253
1748,19.0084
1749,16.0084
1750,13.0169
1751,8.0253
1752,3.03373
1753,4.00843
1754,8.00843
1755,18.0084
1756,16.0169
1757,9.0253
1758,10.0084
1759,5.01687
1760,3.0253
1761,1.03373
1762,1.04216
1763,10.0084
1764,1.01686
1765,12.0084
1766,3.01687
1767,1.0253
1768,10.0084
1769,10.0169
1770,8.0253
1771,6.03373
1772,5.00843
1773,6.00843
1774,5.01687
1775,5.0253
1776,8.00843
1777,8.01686
1778,7.0253
1779,7.03373
1780,8.00843
1781,6.01687
1782,18.0084
1783,8.01686
1784,8.0253
1785,8.03373
1786,7.04216
1787,10.0084
1788,7.01687
1789,12.0084
1790,10.0169
1791,10.0253
1792,6.03373
1793,12.0084
1794,5.01687
1795,1.0253
1796,14.0084
1797,13.0169
1798,8.0253
1799,1.03373
1800,1.04216
1801,3.00843
1802,3.00843
1803,17.0084
1804,16.0169
1805,16.0253
1806,5.03373
1807,16.0084
1808,8.00843
1809,9.00843
1810,1.01686
1811,8.00843
1812,8.00843
1813,3.00843
1814,3.01687
1815,10.0084
1816,5.01687
1817,3.0253
1818,18.0084
1819,5.01687
1820,3.0253
1821,10.0084
1822,10.0084
1823,7.01687
1824,5.0253
1825,5.03373
1826,5.04216
1827,8.00843
1828,6.01687
1829,1.0253
1830,13.0084
1831,13.0169
1832,12.0253
1833,12.0337
1834,8.04216
1835,8.00843
1836,8.01686
1837,5.0253
1838,1.03373
1839,1.04216
1840,6.00843
1841,18.0084
1842,10.0169
1843,8.00843
1844,10.0084
1845,16.0084
1846,16.0084
1847,15.0169
1848,17.0084
1849,18.0084
1850,18.0169
1851,14.0253
1852,8.00843
1853,4.01687
1854,8.00843
1855,5.01687
1856,7.00843
1857,8.00843
1858,20.0084
1859,18.0169
1860,8.00843
1861,8.00843
1862,5.01687
1863,1.0253
1864,5.00843
1865,5.01687
1866,7.00843
1867,14.0084
1868,8.00843
1869,7.00843
1870,14.0084
1871,10.0169
1872,17.0084
1873,12.0169
1874,9.00843
1875,8.01686
1876,14.0084
1877,15.0084
1878,5.01687
1879,17.0084
1880,15.0169
1881,10.0253
1882,5.03373
1883,16.0084
1884,10.0169
1885,18.0084
1886,8.01686
1887,3.0253
1888,16.0084
1889,12.0084
1890,16.0084
1891,13.0084
1892,8.00843
1893,20.0084
1894,3.01687
1895,12.0084
1896,6.00843
1897,2.00843
1898,16.0084
1899,13.0169
1900,8.0253
1901,3.03373
1902,10.0084
1903,1.00843
1904,13.0084
1905,12.0169
1906,4.0253
1907,1.03373
1908,17.0084
1909,8.01686
1910,6.0253
1911,4.00843
1912,10.0084
1913,5.01687
1914,3.0253
1915,17.0084
1916,16.0169
1917,12.0084
1918,12.0169
1919,7.0253
1920,12.0084
1921,8.00843
1922,8.01686
1923,1.0253
1924,1.00843
1925,14.0084
1926,14.0169
1927,2.0253
1928,7.00843
1929,3.01687
1930,1.0253
1931,18.0084
1932,1.01686
1933,1.0253
1934,16.0084
1935,14.0169
1936,5.0253
1937,18.0084
1938,18.0169
1939,17.0084
1940,1.01686
1941,1.0253
1942,1.03373
1943,3.00843
1944,10.0084
1945,7.01687
1946,5.00843
1947,3.01687
1948,12.0084
1949,13.0084
1950,12.0169
1951,3.0253
1952,12.0084
1953,8.01686
1954,6.0253
1955,16.0084
1956,11.0169
1957,8.0253
1958,19.0084
1959,12.0169
1960,10.0253
1961,1.00843
1962,10.0084
1963,10.0169
1964,8.0253
1965,9.00843
1966,13.0084
1967,14.0084
1968,5.01687
1969,4.0253
1970,1.03373
1971,1.04216
1972,1.05059
1973,14.0084
1974,9.00843
1975,1.01686
1976,16.0084
1977,18.0084
1978,12.0169
1979,10.0084
1980,7.01687
1981,7.0253
1982,7.03373
1983,5.04216
1984,5.05059
1985,8.00843
1986,8.01686
1987,1.00843
1988,1.01686
1989,17.0084
1990,13.0169
1991,10.0253
1992,10.0337
1993,3.00843
1994,10.0084
1995,10.0169
1996,13.0084
1997,1.01686
1998,1.0253
1999,1.03373
2000,16.0084
2001,3.01687
2002,17.0084
2003,13.0169
2004,7.0253
2005,7.03373
2006,5.00843
2007,1.01686
2008,12.0084
2009,10.0169
2010,5.00843
2011,4.01687
2012,3.0253
2013,1.03373
2014,8.00843
2015,1.01686
2016,8.00843
2017,10.0084
2018,6.01687
2019,14.0084
2020,1.01686
2021,1.0253
2022,12.0084
2023,14.0084
2024,10.0169
2025,10.0253
2026,3.03373
2027,12.0084
2028,8.01686
2029,8.0253
2030,13.0084
2031,5.01687
2032,16.0084
2033,5.01687
2034,7.00843
2035,16.0084
2036,7.00843
2037,10.0084
2038,1.00843
2039,16.0084
2040,13.0084
2041,12.0169
2042,20.0084
2043,14.0169
2044,14.0253
2045,15.0084
2046,15.0169
2047,14.0253
2048,16.0084
2049,16.0169
2050,16.0253
2051,5.03373
2052,3.04216
2053,5.00843
2054,2.01687
2055,1.0253
2056,18.0084
2057,18.0169
2058,7.00843
2059,6.01687
2060,1.00843
2061,20.0084
2062,10.0169
2063,10.0084
2064,1.01686
2065,1.0253
2066,11.0084
2067,4.01687
2068,1.0253
2069,20.0084
2070,12.0169
2071,5.0253
2072,5.03373
2073,7.00843
2074,3.00843
2075,9.00843
2076,1.01686
2077,16.0084
2078,3.01687
2079,18.0084
2080,18.0169
2081,10.0084
2082,5.00843
2083,5.00843
2084,13.0084
2085,7.01687
2086,8.00843
2087,3.00843
2088,3.01687
2089,13.0084
2090,13.0169
2091,10.0084
2092,6.01687
2093,3.0253
2094,8.00843
2095,7.01687
2096,8.00843
2097,17.0084
2098,10.0169
2099,1.0253
2100,1.03373
2101,1.00843
2102,9.00843
2103,8.01686
2104,13.0084
2105,10.0169
2106,14.0084
2107,12.0169
2108,12.0084
2109,3.00843
2110,12.0084
2111,10.0169
2112,3.0253
2113,14.0084
2114,1.00843
2115,1.00843
2116,5.00843
2117,5.01687
2118,4.0253
2119,3.03373
2120,1.04216
2121,10.0084
2122,1.01686
2123,1.0253
2124,9.00843
2125,7.01687
2126,3.0253
2127,2.03373
2128,5.00843
2129,7.00843
2130,6.01687
2131,5.0253
2132,4.03373
2133,3.04216
2134,14.0084
2135,5.01687
2136,9.00843
2137,5.01687
2138,5.0253
2139,3.03373
2140,8.00843
2141,7.01687
2142,10.0084
2143,9.01686
2144,8.0253
2145,7.03373
2146,14.0084
2147,8.01686
2148,12.0084
2149,10.0169
2150,16.0084
2151,13.0169
2152,10.0084
2153,1.01686
2154,16.0084
2155,5.01687
2156,15.0084
2157,13.0084
2158,5.01687
2159,12.0084
2160,8.01686
2161,1.00843
2162,3.00843
2163,18.0084
2164,1.01686
2165,12.0084
2166,1.01686
2167,5.00843
2168,7.00843
2169,6.01687
2170,1.0253
2171,8.00843
2172,3.01687
2173,18.0084
2174,8.01686
2175,3.0253
2176,12.0084
2177,2.01687
2178,7.00843
2179,7.01687
2180,7.0253
2181,8.00843
2182,8.01686
2183,3.0253
2184,10.0084
2185,6.01687
2186,12.0084
2187,7.01687
2188,3.0253
2189,1.03373
2190,10.0084
2191,8.01686
2192,10.0084
2193,1.01686
2194,1.0253
2195,10.0084
2196,8.01686
2197,8.00843
2198,5.01687
2199,8.00843
2200,5.01687
2201,4.0253
2202,16.0084
2203,14.0084
2204,10.0169
2205,5.0253
2206,19.0084
2207,18.0169
2208,12.0253
2209,7.03373
2210,7.04216
2211,7.05059
2212,8.00843
2213,18.0084
2214,3.01687
2215,14.0084
2216,10.0169
2217,9.0253
2218,1.00843
2219,17.0084
2220,12.0169
2221,7.0253
2222,2.03373
2223,1.04216
2224,13.0084
2225,3.00843
2226,16.0084
2227,7.01687
2228,5.0253
2229,8.00843
2230,3.01687
2231,18.0084
2232,2.01687
2233,18.0084
2234,5.01687
2235,1.00843
2236,12.0084
2237,7.01687
2238,12.0084
2239,13.0084
2240,5.01687
2241,14.0084
2242,5.01687
2243,10.0084
2244,7.00843
2245,10.0084
2246,3.01687
2247,15.0084
2248,1.01686
2249,12.0084
2250,14.0084
2251,10.0169
2252,16.0084
2253,17.0084
2254,16.0169
2255,12.0253
2256,12.0337
2257,11.0422
2258,18.0084
2259,15.0169
2260,8.00843
2261,8.01686
2262,5.0253
2263,3.03373
2264,8.00843
2265,8.01686
2266,4.0253
2267,10.0084
2268,10.0084
2269,6.01687
2270,3.0253
2271,7.00843
2272,1.01686
2273,1.0253
2274,19.0084
2275,13.0169
2276,13.0253
2277,8.03373
2278,13.0084
2279,5.01687
2280,8.00843
2281,5.01687
2282,16.0084
2283,9.01686
2284,6.0253
2285,8.00843
2286,8.01686
2287,18.0084
2288,8.01686
2289,8.0253
2290,8.03373
2291,10.0084
2292,3.01687
2293,20.0084
2294,20.0169
2295,2.0253
2296,12.0084
2297,14.0084
2298,1.00843
2299,2.00843
2300,9.00843
2301,8.01686
2302,3.0253
2303,20.0084
2304,9.01686
2305,10.0084
2306,12.0084
2307,8.01686
2308,8.00843
2309,8.01686
2310,1.0253
2311,1.03373
2312,1.00843
2313,18.0084
2314,10.0169
2315,8.00843
2316,5.00843
2317,8.00843
2318,5.01687
2319,1.0253
2320,11.0084
2321,7.01687
2322,7.0253
2323,14.0084
2324,16.0084
2325,17.0084
2326,10.0169
2327,8.0253
2328,1.03373
2329,12.0084
2330,12.0169
2331,20.0084
2332,13.0169
2333,8.0253
2334,5.03373
2335,8.00843
2336,7.01687
2337,13.0084
2338,16.0084
2339,9.00843
2340,16.0084
2341,18.0084
2342,14.0169
2343,8.00843
2344,3.01687
2345,16.0084
2346,1.01686
2347,6.00843
2348,6.01687
2349,3.0253
2350,14.0084
2351,14.0084
2352,5.01687
2353,10.0084
2354,10.0169
2355,10.0084
2356,5.01687
2357,2.0253
2358,15.0084
2359,20.0084
2360,13.0169
2361,13.0253
2362,8.03373
2363,7.00843
2364,16.0084
2365,16.0169
2366,12.0253
2367,1.03373
2368,16.0084
2369,10.0169
2370,20.0084
2371,8.01686
2372,1.0253
2373,20.0084
2374,20.0169
2375,3.0253
2376,3.03373
2377,6.00843
2378,7.00843
2379,7.01687
2380,13.0084
2381,1.01686
2382,9.00843
2383,7.01687
2384,10.0084
2385,10.0169
2386,9.0253
2387,8.03373
2388,5.04216
2389,1.05059
2390,15.0084
2391,1.01686
2392,9.00843
2393,1.01686
2394,17.0084
2395,10.0169
2396,7.0253
2397,18.0084
2398,15.0169
2399,16.0084
2400,16.0169
2401,14.0084
2402,10.0169
2403,8.0253
2404,7.03373
2405,3.04216
2406,8.00843
2407,17.0084
2408,6.01687
2409,16.0084
2410,16.0169
2411,3.0253
2412,7.00843
2413,13.0084
2414,12.0169
2415,14.0084
2416,13.0169
2417,5.0253
2418,18.0084
2419,16.0084
2420,8.01686
2421,2.0253
2422,14.0084
2423,1.00843
2424,10.0084
2425,3.01687
2426,3.0253
2427,3.03373
2428,11.0084
2429,5.00843
2430,3.01687
2431,2.0253
2432,1.03373
2433,10.0084
2434,7.01687
2435,17.0084
2436,14.0169
2437,14.0253
2438,13.0337
2439,7.04216
2440,7.05059
2441,7.05903
2442,5.06746
2443,8.00843
2444,9.00843
2445,10.0084
2446,15.0084
2447,8.01686
2448,1.0253
2449,10.0084
2450,9.01686
2451,3.0253
2452,18.0084
2453,10.0169
2454,5.0253
2455,3.03373
2456,16.0084
2457,13.0169
2458,4.0253
2459,8.00843
2460,1.01686
2461,9.00843
2462,8.00843
2463,7.01687
2464,5.0253
2465,1.03373
2466,14.0084
2467,9.01686
2468,8.0253
2469,8.03373
2470,5.04216
2471,1.05059
2472,13.0084
2473,12.0169
2474,5.0253
2475,3.03373
2476,13.0084
2477,10.0169
2478,8.0253
2479,1.03373
2480,1.04216
2481,14.0084
2482,12.0169
2483,5.0253
2484,3.03373
2485,2.04216
2486,13.0084
2487,12.0169
2488,12.0253
2489,8.03373
2490,8.04216
2491,8.05059
2492,14.0084
2493,14.0169
2494,5.0253
2495,14.0084
2496,10.0169
2497,8.0253
2498,5.03373
2499,12.0084
2500,7.01687
2501,3.0253
2502,14.0084
2503,13.0169
2504,10.0253
2505,5.03373
2506,5.04216
2507,13.0084
2508,13.0169
2509,10.0084
2510,16.0084
2511,13.0169
2512,10.0253
2513,1.03373
2514,1.04216
2515,18.0084
2516,1.01686
2517,12.0084
2518,1.01686
2519,12.0084
2520,1.01686
2521,14.0084
2522,8.01686
2523,3.00843
2524,8.00843
2525,7.01687
2526,5.0253
2527,8.00843
2528,3.01687
2529,12.0084
2530,10.0169
2531,1.0253
2532,14.0084
2533,10.0084
2534,14.0084
2535,9.01686
2536,9.0253
2537,13.0084
2538,10.0169
2539,14.0084
2540,1.01686
2541,5.00843
2542,13.0084
2543,7.01687
2544,6.00843
2545,5.00843
2546,5.01687
2547,5.00843
2548,10.0084
2549,10.0169
2550,7.0253
2551,11.0084
2552,4.01687
2553,1.0253
2554,7.00843
2555,1.01686
2556,8.00843
2557,6.01687
2558,6.0253
2559,3.03373
2560,1.04216
2561,1.00843
2562,13.0084
2563,10.0169
2564,5.0253
2565,12.0084
2566,12.0084
2567,10.0169
2568,10.0253
2569,13.0084
2570,12.0169
2571,9.0253
2572,8.03373
2573,8.04216
2574,1.00843
2575,6.00843
2576,16.0084
2577,11.0169
2578,4.0253
2579,1.03373
2580,13.0084
2581,12.0169
2582,11.0253
2583,19.0084
2584,14.0169
2585,10.0253
2586,3.03373
2587,10.0084
2588,4.01687
2589,6.00843
2590,5.00843
2591,1.01686
2592,1.0253
2593,16.0084
2594,5.01687
2595,20.0084
2596,1.01686
2597,9.00843
2598,12.0084
2599,5.01687
2600,13.0084
2601,9.01686
2602,14.0084
2603,8.01686
2604,15.0084
2605,7.00843
2606,2.01687
2607,6.00843
2608,15.0084
2609,8.01686
2610,13.0084
2611,7.00843
2612,1.00843
2613,1.00843
2614,1.01686
2615,1.0253
2616,1.03373
2617,1.04216
2618,5.00843
2619,10.0084
2620,20.0084
2621,19.0169
2622,11.0253
2623,1.03373
2624,16.0084
2625,16.0169
2626,12.0253
2627,10.0337
2628,1.00843
2629,1.01686
2630,18.0084
2631,18.0169
2632,7.0253
2633,7.03373
2634,7.04216
2635,8.00843
2636,1.01686
2637,16.0084
2638,8.00843
2639,7.01687
2640,5.0253
2641,3.03373
2642,2.00843
2643,10.0084
2644,7.01687
2645,8.00843
2646,14.0084
2647,10.0084
2648,8.01686
2649,8.0253
2650,8.03373
2651,3.00843
2652,3.01687
2653,18.0084
2654,5.01687
2655,14.0084
2656,12.0169
2657,12.0253
2658,3.00843
2659,3.01687
2660,1.0253
2661,8.00843
2662,6.01687
2663,1.0253
2664,1.03373
2665,17.0084
2666,5.01687
2667,3.0253
2668,12.0084
2669,5.01687
2670,7.00843
2671,6.01687
2672,10.0084
2673,8.01686
2674,7.0253
2675,10.0084
2676,10.0169
2677,8.0253
2678,8.03373
2679,6.04216
2680,12.0084
2681,8.01686
2682,10.0084
2683,12.0084
2684,12.0169
2685,2.0253
2686,8.00843
2687,5.01687
2688,3.0253
2689,1.00843
2690,14.0084
2691,10.0084
2692,17.0084
2693,16.0169
2694,7.0253
2695,8.00843
2696,5.01687
2697,5.0253
2698,9.00843
2699,12.0084
2700,10.0169
2701,5.0253
2702,11.0084
2703,16.0084
2704,7.01687
2705,13.0084
2706,12.0169
2707,8.0253
2708,1.03373
2709,8.00843
2710,3.01687
2711,1.0253
2712,12.0084
2713,14.0084
2714,2.01687
2715,20.0084
2716,14.0084
2717,4.01687
2718,19.0084
2719,17.0169
2720,14.0084
2721,4.01687
2722,1.0253
2723,1.03373
2724,8.00843
2725,8.01686
2726,5.0253
2727,8.00843
2728,10.0084
2729,7.01687
2730,16.0084
2731,13.0084
2732,13.0084
2733,8.01686
2734,15.0084
2735,10.0169
2736,1.0253
2737,12.0084
2738,8.01686
2739,8.0253
2740,3.03373
2741,19.0084
2742,12.0169
2743,1.00843
2744,15.0084
2745,14.0169
2746,7.00843
2747,4.01687
2748,8.00843
2749,8.01686
2750,10.0084
2751,8.01686
2752,5.0253
2753,6.00843
2754,8.00843
2755,10.0084
2756,8.01686
2757,5.0253
2758,1.03373
2759,10.0084
2760,10.0169
2761,18.0084
2762,14.0169
2763,3.0253
2764,1.03373
2765,15.0084
2766,15.0169
2767,13.0253
2768,13.0084
2769,17.0084
2770,16.0169
2771,16.0253
2772,18.0084
2773,12.0169
2774,1.00843
2775,10.0084
2776,10.0169
2777,10.0084
2778,6.01687
2779,14.0084
2780,12.0169
2781,5.0253
2782,5.03373
2783,1.04216
2784,1.05059
2785,13.0084
2786,3.00843
2787,3.00843
2788,1.00843
2789,11.0084
2790,7.01687
2791,5.0253
2792,20.0084
2793,7.01687
2794,7.0253
2795,8.00843
2796,3.01687
2797,10.0084
2798,12.0084
2799,12.0169
2800,8.0253
2801,12.0084
2802,14.0084
2803,8.01686
2804,1.00843
2805,12.0084
2806,5.00843
2807,5.01687
2808,1.0253
2809,3.00843
2810,14.0084
2811,12.0084
2812,10.0169
2813,8.0253
2814,7.03373
2815,5.00843
2816,1.01686
2817,1.0253
2818,12.0084
2819,10.0169
2820,13.0084
2821,13.0169
2822,13.0253
2823,3.03373
2824,14.0084
2825,14.0169
2826,12.0084
2827,3.01687
2828,6.00843
2829,1.01686
2830,17.0084
2831,2.01687
2832,8.00843
2833,5.00843
2834,7.00843
2835,6.01687
2836,12.0084
2837,10.0169
2838,11.0084
2839,1.00843
2840,16.0084
2841,12.0169
2842,5.0253
2843,3.00843
2844,7.00843
2845,5.00843
2846,5.01687
2847,1.0253
2848,12.0084
2849,8.01686
2850,2.0253
2851,10.0084
2852,5.01687
2853,3.0253
2854,20.0084
2855,1.01686
2856,17.0084
2857,5.01687
2858,10.0084
2859,1.01686
2860,1.00843
2861,3.00843
2862,2.01687
2863,1.0253
2864,13.0084
2865,9.01686
2866,3.0253
2867,3.03373
2868,14.0084
2869,1.01686
2870,1.0253
2871,5.00843
2872,10.0084
2873,13.0084
2874,13.0084
2875,1.01686
2876,11.0084
2877,7.01687
2878,3.0253
2879,15.0084
2880,8.01686
2881,2.00843
2882,2.01687
2883,10.0084
2884,1.01686
2885,20.0084
2886,4.01687
2887,15.0084
2888,12.0169
2889,19.0084
2890,7.00843
2891,15.0084
2892,8.01686
2893,18.0084
2894,8.01686
2895,5.0253
2896,2.03373
2897,20.0084
2898,10.0169
2899,3.0253
2900,1.03373
2901,5.00843
2902,1.01686
2903,9.00843
2904,2.01687
2905,2.0253
2906,13.0084
2907,3.01687
2908,14.0084
2909,13.0169
2910,5.0253
2911,5.03373
2912,18.0084
2913,16.0169
2914,8.00843
2915,7.01687
2916,6.0253
2917,18.0084
2918,7.01687
2919,8.00843
2920,12.0084
2921,8.01686
2922,3.0253
2923,10.0084
2924,10.0169
2925,10.0084
2926,8.01686
2927,7.0253
2928,8.00843
2929,14.0084
2930,12.0084
2931,10.0084
2932,5.01687
2933,3.0253
2934,1.00843
2935,19.0084
2936,18.0169
2937,12.0253
2938,6.03373
2939,5.04216
2940,5.05059
2941,10.0084
2942,1.01686
2943,7.00843
2944,13.0084
2945,18.0084
2946,8.01686
2947,5.0253
2948,16.0084
2949,11.0169
2950,7.00843
2951,3.01687
2952,10.0084
2953,10.0084
2954,10.0169
2955,10.0084
2956,8.01686
2957,14.0084
2958,12.0169
2959,12.0253
2960,8.00843
2961,16.0084
2962,10.0169
2963,1.0253
2964,1.03373
2965,14.0084
2966,14.0169
2967,12.0253
2968,10.0084
2969,3.01687
2970,1.0253
2971,16.0084
2972,15.0169
2973,5.0253
2974,4.03373
2975,1.04216
2976,5.00843
2977,5.01687
2978,5.0253
2979,3.03373
2980,3.04216
2981,5.00843
2982,5.00843
2983,5.01687
2984,3.0253
2985,18.0084
2986,8.01686
2987,6.0253
2988,9.00843
2989,7.01687
2990,10.0084
2991,8.01686
2992,6.0253
2993,1.03373
2994,8.00843
2995,6.01687
2996,5.00843
2997,5.01687
2998,12.0084
2999,1.01686
3000,13.0084
3001,12.0169
3002,12.0253
3003,5.00843
3004,5.00843
3005,10.0084
3006,3.01687
3007,5.00843
3008,12.0084
3009,10.0169
3010,13.0084
3011,10.0169
3012,6.00843
3013,10.0084
3014,3.01687
3015,12.0084
3016,5.00843
3017,1.01686
3018,15.0084
3019,10.0169
3020,7.0253
3021,3.03373
3022,1.04216
3023,1.05059
3024,17.0084
3025,3.01687
3026,17.0084
3027,8.01686
3028,3.0253
3029,10.0084
3030,5.00843
3031,7.00843
3032,7.00843
3033,1.00843
3034,10.0084
3035,10.0169
3036,6.0253
3037,13.0084
3038,18.0084
3039,12.0169
3040,7.0253
3041,13.0084
3042,7.01687
3043,1.0253
3044,14.0084
3045,13.0169
3046,8.00843
3047,7.00843
3048,10.0084
3049,12.0084
3050,10.0169
3051,10.0253
3052,18.0084
3053,13.0084
3054,1.01686
3055,18.0084
3056,16.0169
3057,13.0253
3058,14.0084
3059,10.0084
3060,8.00843
3061,8.01686
3062,15.0084
3063,14.0084
3064,5.01687
3065,16.0084
3066,8.01686
3067,2.0253
3068,1.03373
3069,16.0084
3070,1.01686
3071,11.0084
3072,13.0084
3073,12.0169
3074,8.00843
3075,4.01687
3076,1.0253
3077,1.03373
3078,7.00843
3079,2.01687
3080,10.0084
3081,6.01687
3082,8.00843
3083,8.00843
3084,13.0084
3085,12.0169
3086,8.0253
3087,20.0084
3088,13.0169
3089,10.0253
3090,3.03373
3091,3.04216
3092,10.0084
3093,15.0084
3094,12.0169
3095,12.0084
3096,13.0084
3097,10.0169
3098,7.0253
3099,2.03373
3100,18.0084
3101,18.0169
3102,15.0253
3103,15.0337
3104,8.04216
3105,3.05059
3106,8.00843
3107,7.01687
3108,14.0084
3109,10.0084
3110,18.0084
3111,10.0169
3112,8.00843
3113,8.01686
3114,7.0253
3115,5.03373
3116,3.04216
3117,14.0084
3118,12.0084
3119,8.01686
3120,7.0253
3121,16.0084
3122,16.0084
3123,14.0084
3124,13.0169
3125,8.0253
3126,13.0084
3127,12.0084
3128,4.00843
3129,1.01686
3130,16.0084
3131,16.0169
3132,1.0253
3133,8.00843
3134,6.01687
3135,13.0084
3136,10.0169
3137,12.0084
3138,8.01686
3139,12.0084
3140,1.01686
3141,10.0084
3142,8.01686
3143,7.0253
3144,1.03373
3145,14.0084
3146,6.01687
3147,3.0253
3148,3.03373
3149,13.0084
3150,13.0169
3151,5.0253
3152,19.0084
3153,13.0169
3154,8.00843
3155,14.0084
3156,12.0169
3157,10.0253
3158,8.03373
3159,19.0084
3160,17.0084
3161,9.01686
3162,7.00843
3163,5.01687
3164,2.0253
3165,5.00843
3166,5.00843
3167,12.0084
3168,2.01687
3169,7.00843
3170,5.01687
3171,14.0084
3172,5.01687
3173,15.0084
3174,5.00843
3175,3.01687
3176,1.0253
3177,16.0084
3178,14.0084
3179,3.01687
3180,8.00843
3181,7.01687
3182,8.00843
3183,1.01686
3184,17.0084
3185,15.0169
3186,8.0253
3187,8.03373
3188,1.04216
3189,1.05059
3190,19.0084
3191,12.0084
3192,12.0169
3193,4.0253
3194,3.03373
3195,13.0084
3196,12.0169
3197,7.00843
3198,14.0084
3199,12.0084
3200,8.01686
3201,14.0084
3202,10.0169
3203,18.0084
3204,7.01687
3205,12.0084
3206,8.01686
3207,5.0253
3208,20.0084
3209,12.0169
3210,10.0253
3211,8.03373
3212,1.04216
3213,7.00843
3214,3.00843
3215,18.0084
3216,18.0084
3217,18.0169
3218,7.0253
3219,12.0084
3220,8.01686
3221,5.0253
3222,8.00843
3223,1.01686
3224,10.0084
3225,5.01687
3226,20.0084
3227,10.0169
3228,3.0253
3229,17.0084
3230,16.0084
3231,5.01687
3232,1.00843
3233,16.0084
3234,10.0084
3235,17.0084
3236,7.01687
3237,16.0084
3238,17.0084
3239,3.01687
3240,1.0253
3241,8.00843
3242,5.01687
3243,10.0084
3244,6.00843
3245,8.00843
3246,3.01687
3247,18.0084
3248,10.0169
3249,7.0253
3250,1.03373
3251,5.00843
3252,19.0084
3253,12.0084
3254,10.0169
3255,8.0253
3256,7.03373
3257,1.00843
3258,16.0084
3259,1.01686
3260,17.0084
3261,5.01687
3262,7.00843
3263,14.0084
3264,1.01686
3265,7.00843
3266,6.01687
3267,3.0253
3268,3.03373
3269,1.00843
3270,17.0084
3271,14.0084
3272,6.01687
3273,3.0253
3274,3.03373
3275,10.0084
3276,5.01687
3277,10.0084
3278,8.01686
3279,3.0253
3280,12.0084
3281,8.01686
3282,7.0253
3283,1.03373
3284,13.0084
3285,12.0169
3286,9.0253
3287,5.03373
3288,2.04216
3289,8.00843
3290,15.0084
3291,15.0169
3292,8.0253
3293,16.0084
3294,14.0169
3295,8.0253
3296,7.00843
3297,5.01687
3298,5.0253
3299,12.0084
3300,5.01687
3301,8.00843
3302,3.01687
3303,14.0084
3304,10.0084
3305,7.01687
3306,16.0084
3307,2.01687
3308,18.0084
3309,15.0169
3310,10.0253
3311,17.0084
3312,13.0169
3313,12.0084
3314,5.01687
3315,5.00843
3316,2.01687
3317,1.0253
3318,10.0084
3319,7.01687
3320,1.00843
3321,1.00843
3322,1.00843
3323,1.01686
3324,18.0084
3325,10.0084
3326,8.01686
3327,8.0253
3328,3.00843
3329,14.0084
3330,9.01686
3331,6.0253
3332,5.00843
3333,5.00843
3334,9.00843
3335,1.01686
3336,1.0253
3337,16.0084
3338,18.0084
3339,8.01686
3340,16.0084
3341,1.01686
3342,14.0084
3343,14.0084
3344,5.01687
3345,6.00843
3346,18.0084
3347,8.01686
3348,10.0084
3349,7.01687
3350,16.0084
3351,8.01686
3352,6.0253
3353,17.0084
3354,12.0169
3355,7.0253
3356,12.0084
3357,5.01687
3358,1.0253
3359,1.03373
3360,1.00843
3361,14.0084
3362,8.01686
3363,7.0253
3364,6.00843
3365,15.0084
3366,8.01686
3367,7.0253
3368,1.03373
3369,8.00843
3370,10.0084
3371,10.0169
3372,5.0253
3373,7.00843
3374,7.01687
3375,8.00843
3376,20.0084
3377,12.0169
3378,9.0253
3379,9.03373
3380,10.0084
3381,2.01687
3382,1.0253
3383,16.0084
3384,12.0169
3385,8.0253
3386,8.03373
3387,5.04216
3388,5.00843
3389,1.01686
3390,3.00843
3391,2.01687
3392,14.0084
3393,8.01686
3394,7.0253
3395,1.03373
3396,16.0084
3397,12.0169
3398,16.0084
3399,7.01687
3400,5.0253
3401,18.0084
3402,14.0169
3403,4.0253
3404,3.03373
3405,12.0084
3406,8.00843
3407,8.01686
3408,5.0253
3409,18.0084
3410,10.0169
3411,9.0253
3412,1.03373
3413,18.0084
3414,14.0169
3415,3.0253
3416,8.00843
3417,20.0084
3418,13.0169
3419,10.0253
3420,1.03373
3421,8.00843
3422,8.01686
3423,2.0253
3424,1.03373
3425,1.04216
3426,3.00843
3427,19.0084
3428,1.01686
3429,16.0084
3430,8.01686
3431,18.0084
3432,7.01687
3433,7.0253
3434,8.00843
3435,5.01687
3436,17.0084
3437,8.01686
3438,5.0253
3439,1.00843
3440,3.00843
3441,5.00843
3442,12.0084
3443,17.0084
3444,14.0169
3445,1.0253
3446,18.0084
3447,10.0169
3448,1.0253
3449,1.03373
3450,1.00843
3451,4.00843
3452,1.01686
3453,5.00843
3454,8.00843
3455,10.0084
3456,5.01687
3457,10.0084
3458,1.01686
3459,8.00843
3460,8.01686
3461,10.0084
3462,5.01687
3463,1.0253
3464,10.0084
3465,1.00843
3466,17.0084
3467,17.0169
3468,6.0253
3469,16.0084
3470,1.00843
3471,14.0084
3472,7.00843
3473,1.01686
3474,1.0253
3475,12.0084
3476,5.01687
3477,3.0253
3478,18.0084
3479,13.0169
3480,12.0253
3481,14.0084
3482,8.00843
3483,7.01687
3484,16.0084
3485,12.0169
3486,14.0084
3487,1.01686
3488,18.0084
3489,17.0169
3490,3.0253
3491,7.00843
3492,3.00843
3493,17.0084
3494,13.0169
3495,5.0253
3496,5.00843
3497,13.0084
3498,1.00843
3499,17.0084
3500,10.0169
3501,10.0253
3502,8.03373
3503,7.04216
3504,10.0084
3505,3.01687
3506,5.00843
3507,14.0084
3508,6.01687
3509,3.0253
3510,8.00843
3511,13.0084
3512,4.01687
3513,3.00843
3514,17.0084
3515,3.00843
3516,1.01686
3517,1.00843
3518,5.00843
3519,8.00843
3520,5.00843
3521,6.00843
3522,10.0084
3523,10.0169
3524,1.0253
3525,1.03373
3526,8.00843
3527,5.00843
3528,3.01687
3529,14.0084
3530,10.0169
3531,8.0253
3532,5.00843
3533,13.0084
3534,13.0169
3535,8.0253
3536,8.00843
3537,10.0084
3538,1.00843
3539,12.0084
3540,8.00843
3541,14.0084
3542,12.0169
3543,1.0253
3544,5.00843
3545,1.00843
3546,2.00843
3547,1.01686
3548,7.00843
3549,5.01687
3550,12.0084
3551,8.01686
3552,3.0253
3553,12.0084
3554,7.01687
3555,3.00843
3556,1.01686
3557,1.0253
3558,16.0084
3559,13.0169
3560,8.0253
3561,3.03373
3562,1.04216
3563,16.0084
3564,3.01687
3565,10.0084
3566,3.01687
3567,1.0253
3568,14.0084
3569,1.01686
3570,5.00843
3571,8.00843
3572,14.0084
3573,15.0084
3574,12.0084
3575,14.0084
3576,12.0169
3577,10.0253
3578,3.00843
3579,1.01686
3580,1.0253
3581,1.03373
3582,8.00843
3583,2.01687
3584,9.00843
3585,5.01687
3586,6.00843
3587,2.01687
3588,13.0084
3589,5.01687
3590,1.00843
3591,1.01686
3592,1.0253
3593,1.03373
3594,15.0084
3595,9.01686
3596,10.0084
3597,8.01686
3598,6.0253
3599,5.00843
3600,5.01687
3601,8.00843
3602,2.01687
3603,7.00843
3604,7.01687
3605,7.0253
3606,3.03373
3607,12.0084
3608,10.0169
3609,4.0253
3610,16.0084
3611,16.0169
3612,5.0253
3613,10.0084
3614,1.01686
3615,17.0084
3616,14.0169
3617,11.0253
3618,11.0337
3619,8.04216
3620,13.0084
3621,10.0169
3622,8.0253
3623,7.03373
3624,5.04216
3625,13.0084
3626,13.0169
3627,13.0253
3628,13.0337
3629,12.0084
3630,12.0169
3631,10.0253
3632,10.0337
3633,13.0084
3634,15.0084
3635,6.01687
3636,3.0253
3637,3.03373
3638,18.0084
3639,15.0169
3640,7.0253
3641,13.0084
3642,11.0169
3643,8.00843
3644,6.01687
3645,12.0084
3646,10.0169
3647,4.00843
3648,1.00843
3649,18.0084
3650,6.01687
3651,3.0253
3652,18.0084
3653,16.0169
3654,14.0253
3655,12.0337
3656,7.04216
3657,1.05059
3658,10.0084
3659,8.01686
3660,3.0253
3661,19.0084
3662,12.0169
3663,10.0253
3664,8.03373
3665,5.00843
3666,13.0084
3667,12.0169
3668,6.0253
3669,6.03373
3670,5.04216
3671,16.0084
3672,1.01686
3673,1.0253
3674,7.00843
3675,12.0084
3676,5.01687
3677,4.0253
3678,3.03373
3679,1.04216
3680,1.05059
3681,13.0084
3682,5.01687
3683,2.0253
3684,1.03373
3685,13.0084
3686,10.0169
3687,7.00843
3688,1.01686
3689,15.0084
3690,16.0084
3691,6.01687
3692,5.0253
3693,1.03373
3694,1.04216
3695,1.05059
3696,14.0084
3697,7.01687
3698,16.0084
3699,9.01686
3700,8.0253
3701,12.0084
3702,12.0169
3703,9.0253
3704,4.03373
3705,5.00843
3706,5.01687
3707,5.0253
3708,5.03373
3709,14.0084
3710,8.01686
3711,18.0084
3712,5.01687
3713,5.0253
3714,1.03373
3715,1.04216
3716,1.05059
3717,1.05903
3718,16.0084
3719,12.0084
3720,10.0084
3721,10.0169
3722,10.0253
3723,1.03373
3724,5.00843
3725,13.0084
3726,7.01687
3727,5.0253
3728,16.0084
3729,14.0169
3730,17.0084
3731,13.0169
3732,16.0084
3733,10.0169
3734,12.0084
3735,3.00843
3736,1.01686
3737,5.00843
3738,20.0084
3739,14.0169
3740,10.0084
3741,18.0084
3742,16.0169
3743,10.0253
3744,8.03373
3745,17.0084
3746,10.0169
3747,12.0084
3748,8.00843
3749,10.0084
3750,8.01686
3751,1.00843
3752,1.01686
3753,8.00843
3754,5.01687
3755,5.0253
3756,5.03373
3757,16.0084
3758,7.01687
3759,18.0084
3760,13.0084
3761,8.01686
3762,7.0253
3763,12.0084
3764,6.01687
3765,5.00843
3766,3.01687
3767,2.0253
3768,19.0084
3769,12.0169
3770,18.0084
3771,13.0169
3772,13.0253
3773,13.0337
3774,14.0084
3775,5.01687
3776,16.0084
3777,7.01687
3778,12.0084
3779,5.01687
3780,16.0084
3781,16.0084
3782,11.0084
3783,1.01686
3784,1.0253
3785,18.0084
3786,12.0169
3787,12.0253
3788,12.0337
3789,10.0084
3790,3.01687
3791,1.0253
3792,14.0084
3793,2.01687
3794,2.0253
3795,1.03373
3796,8.00843
3797,5.01687
3798,5.0253
3799,5.03373
3800,3.04216
3801,15.0084
3802,13.0169
3803,5.00843
3804,17.0084
3805,8.01686
3806,7.00843
3807,13.0084
3808,8.01686
3809,12.0084
3810,10.0169
3811,10.0253
3812,18.0084
3813,16.0169
3814,14.0253
3815,10.0337
3816,8.04216
3817,1.05059
3818,12.0084
3819,5.01687
3820,2.0253
3821,13.0084
3822,3.01687
3823,17.0084
3824,15.0169
3825,13.0253
3826,18.0084
3827,18.0169
3828,18.0253
3829,8.03373
3830,1.00843
3831,1.01686
3832,20.0084
3833,10.0169
3834,1.0253
3835,20.0084
3836,12.0169
3837,16.0084
3838,6.00843
3839,1.01686
3840,10.0084
3841,5.01687
3842,16.0084
3843,8.01686
3844,5.0253
3845,1.03373
3846,19.0084
3847,8.01686
3848,8.0253
3849,20.0084
3850,16.0169
3851,5.0253
3852,5.03373
3853,10.0084
3854,10.0169
3855,7.0253
3856,1.00843
3857,8.00843
3858,1.01686
3859,12.0084
3860,11.0169
3861,15.0084
3862,15.0169
3863,8.0253
3864,10.0084
3865,18.0084
3866,1.01686
3867,12.0084
3868,13.0084
3869,10.0169
3870,20.0084
3871,14.0169
3872,3.00843
3873,1.01686
3874,17.0084
3875,5.00843
3876,1.00843
3877,12.0084
3878,10.0169
3879,8.0253
3880,8.03373
3881,8.00843
3882,1.01686
3883,1.0253
3884,1.03373
3885,1.04216
3886,3.00843
3887,1.01686
3888,12.0084
3889,1.01686
3890,5.00843
3891,14.0084
3892,3.01687
3893,10.0084
3894,1.01686
3895,8.00843
3896,10.0084
3897,12.0084
3898,8.01686
3899,5.0253
3900,20.0084
3901,18.0084
3902,6.01687
3903,18.0084
3904,5.01687
3905,3.0253
3906,8.00843
3907,7.00843
3908,5.01687
3909,1.0253
3910,14.0084
3911,8.01686
3912,6.0253
3913,3.03373
3914,9.00843
3915,3.01687
3916,1.0253
3917,13.0084
3918,12.0169
3919,6.0253
3920,12.0084
3921,8.01686
3922,12.0084
3923,12.0169
3924,10.0084
3925,8.01686
3926,20.0084
3927,3.01687
3928,16.0084
3929,7.01687
3930,10.0084
3931,1.01686
3932,18.0084
3933,12.0169
3934,12.0253
3935,1.03373
3936,8.00843
3937,14.0084
3938,14.0084
3939,5.01687
3940,3.0253
3941,1.00843
3942,13.0084
3943,12.0169
3944,8.0253
3945,3.03373
3946,20.0084
3947,2.00843
3948,16.0084
3949,10.0084
3950,5.01687
3951,1.0253
3952,7.00843
3953,5.01687
3954,8.00843
3955,3.01687
3956,9.00843
3957,9.01686
3958,8.0253
3959,8.03373
3960,10.0084
3961,10.0169
3962,5.0253
3963,12.0084
3964,7.01687
3965,13.0084
3966,10.0169
3967,8.0253
3968,5.03373
3969,1.04216
3970,13.0084
3971,8.01686
3972,5.0253
3973,4.03373
3974,3.00843
3975,1.01686
3976,13.0084
3977,12.0169
3978,8.00843
3979,8.01686
3980,10.0084
3981,5.01687
3982,3.0253
3983,5.00843
3984,14.0084
3985,8.01686
3986,8.0253
3987,20.0084
3988,15.0169
3989,12.0253
3990,1.03373
3991,14.0084
3992,8.01686
3993,7.0253
3994,2.03373
3995,1.04216
3996,1.05059
3997,8.00843
3998,8.01686
3999,5.00843
4000,17.0084
4001,17.0169
4002,10.0253
4003,7.03373
4004,5.04216
4005,1.05059
4006,14.0084
4007,8.01686
4008,1.0253
4009,5.00843
4010,10.0084
4011,10.0169
4012,7.0253
4013,17.0084
4014,9.00843
4015,2.01687
4016,3.00843
4017,16.0084
4018,10.0169
4019,12.0084
4020,3.01687
4021,1.0253
4022,20.0084
4023,18.0169
4024,8.0253
4025,8.03373
4026,3.00843
4027,5.00843
4028,3.01687
4029,12.0084
4030,7.00843
4031,13.0084
4032,7.00843
4033,3.01687
4034,12.0084
4035,1.00843
4036,14.0084
4037,10.0169
4038,15.0084
4039,1.01686
4040,12.0084
4041,1.00843
4042,14.0084
4043,14.0169
4044,7.0253
4045,15.0084
4046,14.0169
4047,8.00843
4048,1.01686
4049,1.00843
4050,12.0084
4051,10.0084
4052,10.0169
4053,5.0253
4054,5.03373
4055,1.04216
4056,1.05059
4057,5.00843
4058,5.00843
4059,4.00843
4060,5.00843
4061,5.01687
4062,10.0084
4063,5.01687
4064,4.0253
4065,5.00843
4066,1.00843
4067,1.01686
4068,20.0084
4069,8.01686
4070,20.0084
4071,3.01687
4072,14.0084
4073,12.0169
4074,12.0253
4075,10.0337
4076,4.04216
4077,11.0084
4078,8.01686
4079,13.0084
4080,2.01687
4081,15.0084
4082,12.0169
4083,12.0253
4084,3.00843
4085,7.00843
4086,5.01687
4087,15.0084
4088,13.0169
4089,5.0253
4090,17.0084
4091,9.00843
4092,3.01687
4093,5.00843
4094,13.0084
4095,10.0169
4096,2.0253
4097,16.0084
4098,16.0169
4099,12.0253
4100,3.00843
4101,3.01687
4102,18.0084
4103,16.0169
4104,14.0253
4105,12.0337
4106,5.04216
4107,18.0084
4108,7.01687
4109,5.0253
4110,7.00843
4111,11.0084
4112,8.01686
4113,1.0253
4114,1.03373
4115,14.0084
4116,10.0169
4117,3.00843
4118,18.0084
4119,16.0169
4120,15.0253
4121,3.03373
4122,8.00843
4123,4.01687
4124,12.0084
4125,3.01687
4126,14.0084
4127,15.0084
4128,6.01687
4129,4.0253
4130,3.03373
4131,16.0084
4132,12.0169
4133,9.0253
4134,18.0084
4135,14.0169
4136,10.0253
4137,1.03373
4138,8.00843
4139,10.0084
4140,16.0084
4141,7.01687
4142,1.0253
4143,16.0084
4144,8.01686
4145,1.0253
4146,15.0084
4147,5.01687
4148,8.00843
4149,8.01686
4150,1.0253
4151,1.03373
4152,5.00843
4153,12.0084
4154,5.01687
4155,18.0084
4156,10.0169
4157,1.0253
4158,12.0084
4159,9.01686
4160,7.0253
4161,7.03373
4162,8.00843
4163,7.01687
4164,4.0253
4165,18.0084
4166,10.0084
4167,18.0084
4168,12.0169
4169,7.0253
4170,6.03373
4171,5.04216
4172,14.0084
4173,7.01687
4174,8.00843
4175,1.01686
4176,17.0084
4177,10.0169
4178,12.0084
4179,8.00843
4180,8.01686
4181,1.0253
4182,14.0084
4183,2.01687
4184,18.0084
4185,8.01686
4186,8.00843
4187,18.0084
4188,13.0169
4189,6.0253
4190,1.00843
4191,7.00843
4192,1.00843
4193,10.0084
4194,10.0084
4195,8.01686
4196,14.0084
4197,4.01687
4198,5.00843
4199,20.0084
4200,14.0169
4201,10.0253
4202,12.0084
4203,7.01687
4204,10.0084
4205,3.01687
4206,5.00843
4207,12.0084
4208,12.0169
4209,6.0253
4210,10.0084
4211,18.0084
4212,14.0169
4213,8.0253
4214,7.03373
4215,15.0084
4216,10.0084
4217,7.01687
4218,4.0253
4219,1.03373
4220,1.04216
4221,15.0084
4222,8.01686
4223,3.0253
4224,8.00843
4225,5.01687
4226,3.0253
4227,1.03373
4228,14.0084
4229,7.01687
4230,7.0253
4231,7.03373
4232,16.0084
4233,8.01686
4234,8.0253
4235,8.03373
4236,5.04216
4237,5.05059
4238,8.00843
4239,7.01687
4240,6.0253
4241,1.03373
4242,20.0084
4243,16.0169
4244,10.0084
4245,8.01686
4246,18.0084
4247,18.0169
4248,16.0253
4249,15.0337
4250,1.04216
4251,14.0084
4252,7.01687
4253,5.0253
4254,2.03373
4255,1.04216
4256,15.0084
4257,3.01687
4258,1.0253
4259,10.0084
4260,1.01686
4261,14.0084
4262,14.0084
4263,5.01687
4264,2.0253
4265,3.00843
4266,12.0084
4267,12.0169
4268,8.0253
4269,8.03373
4270,8.04216
4271,8.00843
4272,7.01687
4273,6.0253
4274,1.03373
4275,7.00843
4276,10.0084
4277,10.0169
4278,1.0253
4279,16.0084
4280,12.0169
4281,3.0253
4282,1.03373
4283,13.0084
4284,12.0169
4285,10.0253
4286,1.03373
4287,8.00843
4288,5.01687
4289,1.0253
4290,14.0084
4291,7.01687
4292,8.00843
4293,6.01687
4294,3.0253
4295,8.00843
4296,5.01687
4297,17.0084
4298,8.01686
4299,8.0253
4300,12.0084
4301,10.0169
4302,8.0253
4303,8.00843
4304,14.0084
4305,9.01686
4306,8.0253
4307,7.03373
4308,5.04216
4309,18.0084
4310,10.0169
4311,10.0253
4312,7.03373
4313,12.0084
4314,10.0169
4315,4.0253
4316,14.0084
4317,12.0169
4318,12.0253
4319,10.0337
4320,14.0084
4321,12.0169
4322,18.0084
4323,14.0169
4324,5.0253
4325,18.0084
4326,16.0169
4327,8.0253
4328,18.0084
4329,16.0169
4330,13.0253
4331,7.03373
4332,2.04216
4333,8.00843
4334,18.0084
4335,1.01686
4336,1.0253
4337,1.03373
4338,1.04216
4339,8.00843
4340,5.01687
4341,3.0253
4342,3.00843
4343,1.01686
4344,7.00843
4345,3.01687
4346,6.00843
4347,19.0084
4348,3.01687
4349,14.0084
4350,8.01686
4351,5.0253
4352,3.03373
4353,1.04216
4354,1.00843
4355,1.01686
4356,13.0084
4357,12.0084
4358,10.0084
4359,10.0169
4360,8.00843
4361,8.00843
4362,7.01687
4363,5.0253
4364,10.0084
4365,8.01686
4366,1.0253
4367,10.0084
4368,12.0084
4369,1.00843
4370,1.01686
4371,20.0084
4372,14.0169
4373,14.0253
4374,8.03373
4375,6.04216
4376,5.05059
4377,18.0084
4378,14.0169
4379,16.0084
4380,7.01687
4381,5.00843
4382,12.0084
4383,4.01687
4384,1.00843
4385,5.00843
4386,1.01686
4387,10.0084
4388,3.01687
4389,1.0253
4390,2.00843
4391,2.01687
4392,8.00843
4393,8.01686
4394,8.0253
4395,5.03373
4396,13.0084
4397,10.0169
4398,7.0253
4399,10.0084
4400,8.01686
4401,3.0253
4402,16.0084
4403,15.0084
4404,13.0169
4405,10.0253
4406,8.03373
4407,5.04216
4408,9.00843
4409,15.0084
4410,12.0169
4411,10.0253
4412,18.0084
4413,16.0169
4414,16.0253
4415,12.0084
4416,12.0169
4417,3.0253
4418,16.0084
4419,7.01687
4420,17.0084
4421,8.01686
4422,4.0253
4423,1.03373
4424,10.0084
4425,10.0169
4426,10.0253
4427,5.00843
4428,1.00843
4429,1.00843
4430,18.0084
4431,12.0169
4432,3.0253
4433,10.0084
4434,5.01687
4435,16.0084
4436,16.0169
4437,8.0253
4438,1.03373
4439,3.00843
4440,8.00843
4441,7.01687
4442,10.0084
4443,10.0084
4444,3.01687
4445,16.0084
4446,8.01686
4447,5.0253
4448,1.03373
4449,1.00843
4450,1.01686
4451,1.00843
4452,1.01686
4453,5.00843
4454,3.01687
4455,8.00843
4456,19.0084
4457,8.01686
4458,8.0253
4459,8.03373
4460,5.00843
4461,12.0084
4462,10.0169
4463,10.0253
4464,8.00843
4465,7.00843
4466,2.00843
4467,16.0084
4468,12.0169
4469,3.0253
4470,3.03373
4471,3.04216
4472,5.00843
4473,5.00843
4474,5.01687
4475,19.0084
4476,19.0169
4477,8.00843
4478,8.01686
4479,7.00843
4480,14.0084
4481,19.0084
4482,2.01687
4483,13.0084
4484,10.0169
4485,20.0084
4486,1.01686
4487,1.0253
4488,1.03373
4489,10.0084
4490,1.00843
4491,14.0084
4492,18.0084
4493,16.0084
4494,12.0084
4495,12.0084
4496,3.00843
4497,1.01686
4498,6.00843
4499,3.01687
4500,8.00843
4501,3.01687
4502,16.0084
4503,5.00843
4504,5.01687
4505,6.00843
4506,7.00843
4507,3.01687
4508,8.00843
4509,4.01687
4510,1.0253
4511,1.03373
4512,10.0084
4513,10.0084
4514,10.0169
4515,6.0253
4516,12.0084
4517,6.01687
4518,1.0253
4519,12.0084
4520,6.01687
4521,3.0253
4522,16.0084
4523,13.0169
4524,3.0253
4525,3.03373
4526,8.00843
4527,7.01687
4528,1.0253
4529,1.03373
4530,3.00843
4531,13.0084
4532,10.0169
4533,14.0084
4534,8.01686
4535,3.0253
4536,13.0084
4537,1.00843
4538,5.00843
4539,10.0084
4540,7.00843
4541,8.00843
4542,1.01686
4543,1.0253
4544,12.0084
4545,1.01686
4546,1.0253
4547,1.03373
4548,16.0084
4549,5.01687
4550,1.0253
4551,1.03373
4552,1.04216
4553,5.00843
4554,14.0084
4555,7.01687
4556,8.00843
4557,16.0084
4558,8.01686
4559,7.0253
4560,8.00843
4561,8.01686
4562,1.0253
4563,10.0084
4564,7.01687
4565,7.0253
4566,3.00843
4567,3.00843
4568,14.0084
4569,2.01687
4570,15.0084
4571,1.01686
4572,18.0084
4573,14.0169
4574,12.0253
4575,7.03373
4576,16.0084
4577,7.01687
4578,14.0084
4579,8.01686
4580,3.0253
4581,10.0084
4582,5.01687
4583,8.00843
4584,8.00843
4585,12.0084
4586,6.00843
4587,14.0084
4588,14.0169
4589,12.0253
4590,12.0084
4591,12.0169
4592,1.00843
4593,10.0084
4594,8.00843
4595,3.01687
4596,2.00843
4597,12.0084
4598,16.0084
4599,1.01686
4600,18.0084
4601,7.00843
4602,14.0084
4603,9.01686
4604,4.00843
4605,1.01686
4606,18.0084
4607,12.0169
4608,17.0084
4609,18.0084
4610,14.0169
4611,8.0253
4612,3.03373
4613,5.00843
4614,5.01687
4615,1.0253
4616,8.00843
4617,8.01686
4618,1.0253
4619,12.0084
4620,2.01687
4621,1.0253
4622,1.03373
4623,17.0084
4624,1.01686
4625,7.00843
4626,3.01687
4627,13.0084
4628,5.00843
4629,5.00843
4630,1.01686
4631,12.0084
4632,1.01686
4633,8.00843
4634,5.00843
4635,17.0084
4636,10.0169
4637,7.00843
4638,6.01687
4639,1.0253
4640,16.0084
4641,1.01686
4642,18.0084
4643,16.0169
4644,15.0253
4645,12.0337
4646,11.0422
4647,1.05059
4648,18.0084
4649,14.0169
4650,19.0084
4651,13.0169
4652,5.0253
4653,13.0084
4654,1.01686
4655,7.00843
4656,1.00843
4657,18.0084
4658,3.01687
4659,16.0084
4660,5.01687
4661,18.0084
4662,7.01687
4663,10.0084
4664,8.01686
4665,7.0253
4666,1.00843
4667,15.0084
4668,2.01687
4669,12.0084
4670,3.01687
4671,12.0084
4672,8.01686
4673,6.0253
4674,1.03373
4675,17.0084
4676,16.0169
4677,14.0253
4678,1.03373
4679,14.0084
4680,19.0084
4681,3.01687
4682,7.00843
4683,1.01686
4684,3.00843
4685,5.00843
4686,5.01687
4687,8.00843
4688,7.01687
4689,5.0253
4690,13.0084
4691,12.0084
4692,10.0169
4693,8.0253
4694,8.03373
4695,7.04216
4696,5.05059
4697,15.0084
4698,8.01686
4699,8.0253
4700,1.03373
4701,1.00843
4702,1.01686
4703,1.0253
4704,12.0084
4705,3.01687
4706,1.0253
4707,9.00843
4708,5.01687
4709,3.0253
4710,3.00843
4711,15.0084
4712,12.0169
4713,16.0084
4714,5.01687
4715,12.0084
4716,8.01686
4717,17.0084
4718,13.0084
4719,3.01687
4720,1.0253
4721,1.03373
4722,12.0084
4723,12.0169
4724,10.0253
4725,18.0084
4726,14.0169
4727,12.0253
4728,16.0084
4729,13.0084
4730,1.00843
4731,14.0084
4732,5.01687
4733,3.0253
4734,3.00843
4735,1.01686
4736,5.00843
4737,13.0084
4738,1.01686
4739,19.0084
4740,10.0169
4741,7.0253
4742,5.00843
4743,10.0084
4744,5.01687
4745,5.0253
4746,5.03373
4747,4.04216
4748,14.0084
4749,9.00843
4750,5.01687
4751,12.0084
4752,5.01687
4753,1.0253
4754,3.00843
4755,13.0084
4756,8.01686
4757,14.0084
4758,14.0084
4759,12.0169
4760,1.0253
4761,18.0084
4762,7.01687
4763,3.0253
4764,8.00843
4765,3.01687
4766,1.0253
4767,12.0084
4768,5.01687
4769,18.0084
4770,14.0169
4771,9.0253
4772,8.00843
4773,7.01687
4774,12.0084
4775,10.0169
4776,10.0253
4777,19.0084
4778,1.01686
4779,16.0084
4780,8.01686
4781,6.00843
4782,1.01686
4783,14.0084
4784,12.0084
4785,17.0084
4786,16.0169
4787,16.0253
4788,6.03373
4789,17.0084
4790,10.0169
4791,18.0084
4792,8.01686
4793,13.0084
4794,16.0084
4795,8.01686
4796,8.0253
4797,3.03373
4798,2.04216
4799,2.05059
4800,5.00843
4801,5.00843
4802,1.01686
4803,1.0253
4804,8.00843
4805,3.01687
4806,2.0253
4807,7.00843
4808,14.0084
4809,7.01687
4810,5.00843
4811,10.0084
4812,8.01686
4813,16.0084
4814,18.0084
4815,5.01687
4816,13.0084
4817,7.01687
4818,15.0084
4819,5.01687
4820,10.0084
4821,8.01686
4822,1.0253
4823,18.0084
4824,7.01687
4825,2.0253
4826,8.00843
4827,8.01686
4828,8.0253
4829,3.03373
4830,17.0084
4831,10.0084
4832,10.0169
4833,15.0084
4834,8.00843
4835,4.01687
4836,9.00843
4837,15.0084
4838,11.0169
4839,9.0253
4840,9.03373
4841,8.04216
4842,12.0084
4843,10.0169
4844,7.0253
4845,1.00843
4846,13.0084
4847,3.01687
4848,1.0253
4849,17.0084
4850,8.00843
4851,16.0084
4852,14.0169
4853,7.0253
4854,5.00843
4855,13.0084
4856,8.01686
4857,14.0084
4858,13.0169
4859,8.0253
4860,14.0084
4861,10.0084
4862,7.01687
4863,16.0084
4864,8.01686
4865,5.0253
4866,14.0084
4867,8.00843
4868,12.0084
4869,14.0084
4870,14.0084
4871,12.0169
4872,1.0253
4873,12.0084
4874,7.01687
4875,4.0253
4876,1.03373
4877,16.0084
4878,8.00843
4879,2.01687
4880,14.0084
4881,8.01686
4882,14.0084
4883,5.01687
4884,5.00843
4885,14.0084
4886,7.01687
4887,7.0253
4888,1.03373
4889,1.04216
4890,20.0084
4891,14.0169
4892,9.0253
4893,5.03373
4894,3.04216
4895,1.05059
4896,9.00843
4897,1.01686
4898,17.0084
4899,7.01687
4900,14.0084
4901,8.00843
4902,8.01686
4903,7.0253
4904,20.0084
4905,15.0169
4906,13.0084
4907,10.0169
4908,8.0253
4909,8.03373
4910,5.04216
4911,17.0084
4912,16.0169
4913,10.0253
4914,10.0084
4915,9.01686
4916,7.0253
4917,18.0084
4918,14.0169
4919,1.0253
4920,8.00843
4921,14.0084
4922,3.01687
4923,1.0253
4924,14.0084
4925,14.0169
4926,5.00843
4927,4.00843
4928,19.0084
4929,15.0169
4930,7.0253
4931,8.00843
4932,8.01686
4933,18.0084
4934,16.0169
4935,15.0253
4936,5.03373
4937,18.0084
4938,1.01686
4939,3.00843
4940,14.0084
4941,14.0084
4942,14.0169
4943,5.0253
4944,1.03373
4945,16.0084
4946,16.0084
4947,12.0169
4948,8.0253
4949,5.00843
4950,18.0084
4951,14.0169
4952,7.0253
4953,19.0084
4954,5.01687
4955,17.0084
4956,12.0169
4957,7.0253
4958,12.0084
4959,3.01687
4960,16.0084
4961,10.0169
4962,13.0084
4963,8.01686
4964,13.0084
4965,12.0169
4966,12.0253
4967,3.03373
4968,16.0084
4969,6.01687
4970,6.0253
4971,14.0084
4972,1.00843
4973,16.0084
4974,12.0084
4975,10.0084
4976,16.0084
4977,13.0169
4978,8.0253
4979,8.00843
4980,7.00843
4981,8.00843
4982,12.0084
4983,8.01686
4984,13.0084
4985,3.01687
4986,14.0084
4987,12.0169
4988,4.0253
4989,1.03373
4990,12.0084
4991,12.0169
4992,3.0253
4993,13.0084
4994,3.01687
4995,14.0084
4996,1.01686
4997,8.00843
4998,16.0084
4999,1.01686
5000,12.0084
5001,7.00843
5002,17.0084
5003,5.01687
5004,5.0253
5005,12.0084
5006,10.0169
5007,5.0253
5008,14.0084
5009,10.0084
5010,10.0169
5011,13.0084
5012,11.0169
5013,8.0253
5014,17.0084
5015,14.0169
5016,1.0253
5017,12.0084
5018,14.0084
5019,10.0169
5020,18.0084
5021,16.0084
5022,7.00843
5023,8.00843
5024,5.01687
5025,19.0084
5026,9.01686
5027,5.00843
5028,5.01687
5029,12.0084
5030,14.0084
5031,10.0169
5032,10.0253
5033,10.0084
5034,18.0084
5035,6.01687
5036,14.0084
5037,8.01686
5038,10.0084
5039,3.01687
5040,3.0253
5041,3.03373
5042,15.0084
5043,3.01687
5044,3.0253
5045,19.0084
5046,17.0169
5047,12.0253
5048,3.03373
5049,18.0084
5050,3.01687
5051,7.00843
5052,7.01687
5053,8.00843
5054,8.01686
5055,2.0253
5056,6.00843
5057,5.01687
5058,3.0253
5059,10.0084
5060,8.01686
5061,10.0084
5062,7.01687
5063,13.0084
5064,12.0169
5065,10.0253
5066,10.0337
5067,10.0422
5068,8.05059
5069,13.0084
5070,10.0169
5071,5.0253
5072,3.03373
5073,15.0084
5074,7.01687
5075,1.0253
5076,15.0084
5077,14.0084
5078,12.0169
5079,12.0253
5080,8.03373
5081,7.00843
5082,7.01687
5083,8.00843
5084,7.01687
5085,5.0253
5086,3.03373
5087,16.0084
5088,7.01687
5089,12.0084
5090,18.0084
5091,15.0169
5092,15.0253
5093,8.03373
5094,19.0084
5095,18.0169
5096,9.0253
5097,7.03373
5098,16.0084
5099,8.01686
5100,14.0084
5101,6.01687
5102,3.0253
5103,15.0084
5104,10.0169
5105,15.0084
5106,5.01687
5107,17.0084
5108,14.0169
5109,10.0253
5110,2.03373
5111,18.0084
5112,16.0169
5113,10.0253
5114,1.03373
5115,19.0084
5116,14.0169
5117,20.0084
5118,5.01687
5119,17.0084
5120,1.01686
5121,12.0084
5122,8.01686
5123,1.0253
5124,9.00843
5125,8.01686
5126,3.0253
5127,14.0084
5128,14.0169
5129,5.0253
5130,12.0084
5131,7.01687
5132,1.0253
5133,10.0084
5134,16.0084
5135,7.01687
5136,10.0084
5137,7.00843
5138,18.0084
5139,8.01686
5140,12.0084
5141,5.01687
5142,5.0253
5143,10.0084
5144,10.0169
5145,6.0253
5146,5.03373
5147,1.04216
5148,12.0084
5149,12.0169
5150,5.0253
5151,3.00843
5152,3.01687
5153,18.0084
5154,3.01687
5155,13.0084
5156,9.01686
5157,16.0084
5158,12.0169
5159,8.0253
5160,7.03373
5161,1.04216
5162,14.0084
5163,1.00843
5164,16.0084
5165,3.01687
5166,5.00843
5167,16.0084
5168,14.0169
5169,19.0084
5170,14.0169
5171,18.0084
5172,10.0169
5173,3.0253
5174,14.0084
5175,5.01687
5176,5.00843
5177,18.0084
5178,6.01687
5179,1.00843
5180,20.0084
5181,9.01686
5182,1.0253
5183,1.03373
5184,2.00843
5185,1.01686
5186,1.0253
5187,1.03373
5188,1.04216
5189,1.05059
5190,18.0084
5191,2.01687
5192,1.0253
5193,5.00843
5194,5.01687
5195,6.00843
5196,16.0084
5197,1.00843
5198,1.01686
5199,12.0084
5200,5.01687
5201,3.0253
5202,3.00843
5203,17.0084
5204,14.0169
5205,5.00843
5206,17.0084
5207,15.0169
5208,7.0253
5209,1.03373
5210,16.0084
5211,3.01687
5212,12.0084
5213,12.0169
5214,1.00843
5215,14.0084
5216,12.0169
5217,15.0084
5218,13.0169
5219,3.0253
5220,10.0084
5221,8.01686
5222,8.0253
5223,18.0084
5224,6.00843
5225,5.01687
5226,3.0253
5227,16.0084
5228,5.01687
5229,5.0253
5230,14.0084
5231,12.0169
5232,10.0253
5233,10.0337
5234,8.00843
5235,1.01686
5236,16.0084
5237,14.0169
5238,8.0253
5239,12.0084
5240,13.0084
5241,10.0169
5242,10.0253
5243,6.03373
5244,2.00843
5245,14.0084
5246,8.01686
5247,1.0253
5248,5.00843
5249,1.01686
5250,15.0084
5251,13.0169
5252,18.0084
5253,12.0169
5254,20.0084
5255,9.01686
5256,10.0084
5257,18.0084
5258,1.01686
5259,10.0084
5260,8.01686
5261,3.0253
5262,3.03373
5263,3.00843
5264,6.00843
5265,17.0084
5266,1.01686
5267,3.00843
5268,3.01687
5269,8.00843
5270,5.01687
5271,1.0253
5272,5.00843
5273,5.00843
5274,8.00843
5275,8.00843
5276,7.01687
5277,7.0253
5278,18.0084
5279,5.01687
5280,18.0084
5281,10.0169
5282,7.0253
5283,16.0084
5284,12.0169
5285,14.0084
5286,12.0169
5287,8.0253
5288,13.0084
5289,10.0084
5290,17.0084
5291,15.0169
5292,8.0253
5293,3.03373
5294,10.0084
5295,12.0084
5296,2.01687
5297,1.0253
5298,8.00843
5299,3.00843
5300,18.0084
5301,9.00843
5302,7.00843
5303,14.0084
5304,14.0169
5305,1.00843
5306,19.0084
5307,13.0169
5308,6.00843
5309,5.01687
5310,7.00843
5311,8.00843
5312,8.01686
5313,8.0253
5314,7.00843
5315,1.00843
5316,1.01686
5317,1.0253
5318,1.03373
5319,1.04216
5320,13.0084
5321,8.01686
5322,2.0253
5323,2.03373
5324,3.00843
5325,10.0084
5326,4.01687
5327,1.0253
5328,1.03373
5329,1.04216
5330,15.0084
5331,7.00843
5332,2.01687
5333,3.00843
5334,9.00843
5335,3.00843
5336,16.0084
5337,14.0084
5338,14.0084
5339,14.0169
5340,14.0253
5341,12.0084
5342,3.01687
5343,3.0253
5344,17.0084
5345,16.0169
5346,19.0084
5347,14.0084
5348,5.01687
5349,5.0253
5350,5.00843
5351,18.0084
5352,15.0169
5353,3.0253
5354,10.0084
5355,8.01686
5356,7.0253
5357,5.03373
5358,8.00843
5359,10.0084
5360,12.0084
5361,8.01686
5362,7.00843
5363,14.0084
5364,12.0084
5365,13.0084
5366,7.00843
5367,1.01686
5368,12.0084
5369,13.0084
5370,19.0084
5371,5.01687
5372,6.00843
5373,1.01686
5374,8.00843
5375,3.01687
5376,3.0253
5377,8.00843
5378,5.01687
5379,5.00843
5380,3.01687
5381,8.00843
5382,8.01686
5383,7.0253
5384,1.03373
5385,13.0084
5386,10.0169
5387,8.0253
5388,8.00843
5389,1.01686
5390,1.0253
5391,17.0084
5392,10.0169
5393,8.0253
5394,4.00843
5395,10.0084
5396,8.01686
5397,18.0084
5398,13.0169
5399,5.0253
5400,8.00843
5401,7.01687
5402,6.0253
5403,3.03373
5404,14.0084
5405,8.01686
5406,8.00843
5407,8.01686
5408,10.0084
5409,7.01687
5410,1.00843
5411,19.0084
5412,6.01687
5413,2.0253
5414,14.0084
5415,5.01687
5416,13.0084
5417,7.01687
5418,5.0253
5419,5.00843
5420,5.01687
5421,1.0253
5422,8.00843
5423,5.01687
5424,14.0084
5425,13.0169
5426,10.0253
5427,7.03373
5428,5.04216
5429,1.05059
5430,3.00843
5431,13.0084
5432,10.0084
5433,1.01686
5434,20.0084
5435,10.0169
5436,6.0253
5437,1.03373
5438,8.00843
5439,8.00843
5440,8.00843
5441,10.0084
5442,5.01687
5443,15.0084
5444,15.0169
5445,7.0253
5446,6.03373
5447,6.04216
5448,1.05059
5449,7.00843
5450,18.0084
5451,13.0169
5452,3.0253
5453,14.0084
5454,13.0169
5455,3.0253
5456,8.00843
5457,7.01687
5458,1.0253
5459,19.0084
5460,14.0169
5461,8.0253
5462,7.03373
5463,20.0084
5464,14.0169
5465,10.0253
5466,8.03373
5467,5.04216
5468,10.0084
5469,14.0084
5470,15.0084
5471,15.0169
5472,8.0253
5473,11.0084
5474,9.01686
5475,5.0253
5476,15.0084
5477,14.0169
5478,12.0253
5479,10.0337
5480,1.04216
5481,15.0084
5482,16.0084
5483,12.0169
5484,8.00843
5485,1.01686
5486,17.0084
5487,8.01686
5488,3.00843
5489,12.0084
5490,1.00843
5491,1.01686
5492,1.00843
5493,1.00843
5494,18.0084
5495,12.0084
5496,8.01686
5497,5.00843
5498,6.00843
5499,10.0084
5500,8.00843
5501,8.01686
5502,5.00843
5503,1.01686
5504,18.0084
5505,12.0169
5506,8.0253
5507,5.00843
5508,1.01686
5509,13.0084
5510,8.01686
5511,1.0253
5512,18.0084
5513,12.0084
5514,10.0169
5515,10.0253
5516,14.0084
5517,7.00843
5518,7.01687
5519,8.00843
5520,16.0084
5521,1.01686
5522,12.0084
5523,5.01687
5524,11.0084
5525,7.01687
5526,8.00843
5527,16.0084
5528,16.0084
5529,16.0169
5530,14.0253
5531,12.0337
5532,5.00843
5533,5.00843
5534,2.01687
5535,3.00843
5536,3.01687
5537,3.0253
5538,16.0084
5539,14.0169
5540,1.0253
5541,7.00843
5542,8.00843
5543,8.01686
5544,7.0253
5545,5.03373
5546,1.00843
5547,18.0084
5548,14.0169
5549,8.0253
5550,1.00843
5551,3.00843
5552,2.01687
5553,1.00843
5554,5.00843
5555,3.01687
5556,2.00843
5557,1.01686
5558,16.0084
5559,1.01686
5560,12.0084
5561,5.00843
5562,3.01687
5563,5.00843
5564,14.0084
5565,13.0084
5566,10.0169
5567,1.0253
5568,18.0084
5569,5.01687
5570,13.0084
5571,12.0169
5572,17.0084
5573,14.0169
5574,8.0253
5575,5.03373
5576,5.04216
5577,17.0084
5578,8.01686
5579,1.00843
5580,16.0084
5581,8.01686
5582,8.0253
5583,13.0084
5584,10.0084
5585,10.0169
5586,14.0084
5587,10.0169
5588,8.0253
5589,5.03373
5590,15.0084
5591,13.0169
5592,12.0253
5593,12.0337
5594,14.0084
5595,14.0169
5596,15.0084
5597,8.01686
5598,16.0084
5599,12.0169
5600,16.0084
5601,10.0169
5602,8.0253
5603,6.03373
5604,3.04216
5605,1.05059
5606,12.0084
5607,8.01686
5608,4.0253
5609,1.00843
5610,12.0084
5611,4.01687
5612,1.0253
5613,15.0084
5614,1.01686
5615,8.00843
5616,5.00843
5617,18.0084
5618,8.00843
5619,7.01687
5620,12.0084
5621,12.0169
5622,8.0253
5623,10.0084
5624,3.00843
5625,16.0084
5626,6.01687
5627,3.00843
5628,14.0084
5629,8.01686
5630,7.00843
5631,3.01687
5632,8.00843
5633,8.01686
5634,3.00843
5635,10.0084
5636,3.01687
5637,1.0253
5638,18.0084
5639,7.01687
5640,13.0084
5641,10.0169
5642,1.0253
5643,18.0084
5644,6.01687
5645,14.0084
5646,8.01686
5647,5.00843
5648,5.00843
5649,16.0084
5650,16.0169
5651,6.00843
5652,3.01687
5653,1.0253
5654,10.0084
5655,3.00843
5656,1.01686
5657,14.0084
5658,7.01687
5659,5.0253
5660,14.0084
5661,5.01687
5662,5.0253
5663,3.03373
5664,13.0084
5665,7.01687
5666,7.0253
5667,3.03373
5668,17.0084
5669,17.0169
5670,15.0253
5671,10.0337
5672,1.00843
5673,12.0084
5674,12.0169
5675,8.0253
5676,1.03373
5677,13.0084
5678,7.01687
5679,12.0084
5680,15.0084
5681,1.01686
5682,16.0084
5683,11.0169
5684,10.0253
5685,12.0084
5686,18.0084
5687,14.0169
5688,9.00843
5689,7.01687
5690,1.0253
5691,18.0084
5692,16.0169
5693,5.0253
5694,3.03373
5695,1.04216
5696,5.00843
5697,9.00843
5698,12.0084
5699,6.00843
5700,15.0084
5701,10.0084
5702,8.00843
5703,12.0084
5704,1.01686
5705,10.0084
5706,1.00843
5707,5.00843
5708,1.01686
5709,18.0084
5710,8.01686
5711,5.00843
5712,20.0084
5713,8.00843
5714,5.01687
5715,8.00843
5716,5.00843
5717,1.01686
5718,3.00843
5719,6.00843
5720,2.01687
5721,12.0084
5722,1.01686
5723,1.0253
5724,1.03373
5725,18.0084
5726,12.0169
5727,10.0253
5728,7.03373
5729,11.0084
5730,8.01686
5731,8.0253
5732,7.03373
5733,3.04216
5734,1.05059
5735,14.0084
5736,18.0084
5737,3.01687
5738,10.0084
5739,12.0084
5740,12.0169
5741,16.0084
5742,18.0084
5743,12.0169
5744,10.0253
5745,8.03373
5746,12.0084
5747,1.01686
5748,13.0084
5749,6.01687
5750,5.0253
5751,1.03373
5752,10.0084
5753,8.01686
5754,3.0253
5755,1.03373
5756,18.0084
5757,20.0084
5758,10.0169
5759,5.00843
5760,5.01687
5761,5.0253
5762,6.00843
5763,1.00843
5764,18.0084
5765,7.01687
5766,16.0084
5767,14.0169
5768,8.0253
5769,8.03373
5770,3.00843
5771,1.01686
5772,12.0084
5773,8.01686
5774,3.00843
5775,3.01687
5776,15.0084
5777,6.01687
5778,17.0084
5779,8.01686
5780,8.0253
5781,7.03373
5782,7.04216
5783,18.0084
5784,10.0169
5785,8.0253
5786,8.03373
5787,10.0084
5788,20.0084
5789,13.0084
5790,18.0084
5791,5.01687
5792,3.0253
5793,15.0084
5794,14.0169
5795,3.0253
5796,3.03373
5797,1.04216
5798,18.0084
5799,17.0084
5800,13.0169
5801,6.0253
5802,18.0084
5803,14.0169
5804,13.0084
5805,5.00843
5806,7.00843
5807,5.01687
5808,18.0084
5809,7.01687
5810,12.0084
5811,4.00843
5812,1.01686
5813,1.0253
5814,3.00843
5815,15.0084
5816,20.0084
5817,14.0084
5818,13.0169
5819,9.0253
5820,2.03373
5821,1.04216
5822,1.05059
5823,1.05903
5824,18.0084
5825,14.0169
5826,10.0253
5827,10.0337
5828,5.04216
5829,5.05059
5830,8.00843
5831,6.01687
5832,5.0253
5833,12.0084
5834,12.0169
5835,7.0253
5836,13.0084
5837,8.01686
5838,5.0253
5839,5.03373
5840,3.04216
5841,17.0084
5842,14.0169
5843,9.0253
5844,4.03373
5845,1.04216
5846,7.00843
5847,5.01687
5848,12.0084
5849,5.01687
5850,18.0084
5851,19.0084
5852,12.0169
5853,15.0084
5854,7.01687
5855,7.0253
5856,5.03373
5857,16.0084
5858,8.01686
5859,6.0253
5860,3.03373
5861,1.04216
5862,14.0084
5863,16.0084
5864,12.0169
5865,3.0253
5866,15.0084
5867,7.01687
5868,5.0253
5869,4.03373
5870,16.0084
5871,3.01687
5872,7.00843
5873,8.00843
5874,8.01686
5875,7.0253
5876,12.0084
5877,1.01686
5878,1.0253
5879,13.0084
5880,7.01687
5881,2.0253
5882,1.03373
5883,8.00843
5884,18.0084
5885,8.01686
5886,1.0253
5887,1.00843
5888,18.0084
5889,3.01687
5890,8.00843
5891,8.01686
5892,7.0253
5893,3.03373
5894,12.0084
5895,10.0084
5896,8.01686
5897,5.0253
5898,10.0084
5899,6.01687
5900,5.0253
5901,3.03373
5902,3.04216
5903,3.05059
5904,20.0084
5905,16.0169
5906,12.0253
5907,8.00843
5908,7.01687
5909,14.0084
5910,14.0169
5911,15.0084
5912,10.0169
5913,12.0084
5914,8.01686
5915,18.0084
5916,9.01686
5917,14.0084
5918,1.01686
5919,14.0084
5920,14.0169
5921,19.0084
5922,1.01686
5923,5.00843
5924,2.00843
5925,8.00843
5926,9.00843
5927,5.01687
5928,15.0084
5929,1.01686
5930,1.0253
5931,8.00843
5932,6.01687
5933,3.0253
5934,17.0084
5935,3.01687
5936,18.0084
5937,17.0169
5938,10.0253
5939,16.0084
5940,5.01687
5941,5.0253
5942,4.03373
5943,10.0084
5944,7.00843
5945,7.01687
5946,7.00843
5947,3.01687
5948,10.0084
5949,10.0169
5950,17.0084
5951,12.0169
5952,10.0253
5953,5.03373
5954,7.00843
5955,1.01686
5956,12.0084
5957,16.0084
5958,1.00843
5959,13.0084
5960,1.01686
5961,18.0084
5962,7.01687
5963,8.00843
5964,8.01686
5965,6.0253
5966,5.00843
5967,10.0084
5968,1.01686
5969,5.00843
5970,13.0084
5971,8.01686
5972,3.0253
5973,13.0084
5974,3.01687
5975,16.0084
5976,14.0084
5977,13.0169
5978,5.0253
5979,1.03373
5980,16.0084
5981,5.01687
5982,14.0084
5983,14.0169
5984,18.0084
5985,8.01686
5986,1.0253
5987,1.03373
5988,10.0084
5989,10.0169
5990,10.0253
5991,9.03373
5992,18.0084
5993,10.0084
5994,8.01686
5995,1.0253
5996,1.03373
5997,17.0084
5998,12.0169
5999,11.0253
6000,14.0084
6001,10.0169
6002,10.0253
6003,10.0337
6004,10.0422
6005,1.05059
6006,6.00843
6007,5.00843
6008,5.01687
6009,4.0253
6010,3.03373
6011,3.00843
6012,18.0084
6013,17.0169
6014,10.0253
6015,10.0337
6016,19.0084
6017,15.0169
6018,8.0253
6019,16.0084
6020,12.0169
6021,17.0084
6022,17.0169
6023,13.0253
6024,10.0337
6025,10.0422
6026,7.05059
6027,7.05903
6028,9.00843
6029,12.0084
6030,19.0084
6031,16.0084
6032,18.0084
6033,17.0084
6034,8.01686
6035,16.0084
6036,13.0169
6037,18.0084
6038,10.0169
6039,10.0253
6040,8.03373
6041,16.0084
6042,8.01686
6043,6.00843
6044,8.00843
6045,8.00843
6046,18.0084
6047,10.0169
6048,7.0253
6049,10.0084
6050,13.0084
6051,12.0169
6052,12.0253
6053,10.0337
6054,10.0084
6055,3.01687
6056,15.0084
6057,5.01687
6058,1.0253
6059,12.0084
6060,14.0084
6061,5.01687
6062,18.0084
6063,8.01686
6064,5.0253
6065,1.00843
6066,1.01686
6067,1.0253
6068,12.0084
6069,12.0169
6070,3.0253
6071,8.00843
6072,5.01687
6073,5.0253
6074,5.03373
6075,20.0084
6076,10.0169
6077,2.0253
6078,6.00843
6079,3.01687
6080,2.0253
6081,1.03373
6082,16.0084
6083,8.01686
6084,8.0253
6085,4.03373
6086,10.0084
6087,5.01687
6088,3.0253
6089,20.0084
6090,10.0169
6091,13.0084
6092,8.01686
6093,8.0253
6094,8.03373
6095,8.04216
6096,7.05059
6097,14.0084
6098,3.01687
6099,3.0253
6100,1.03373
6101,12.0084
6102,8.01686
6103,6.0253
6104,1.03373
6105,20.0084
6106,16.0169
6107,12.0253
6108,7.03373
6109,6.04216
6110,9.00843
6111,8.01686
6112,5.0253
6113,3.03373
6114,3.04216
6115,18.0084
6116,6.01687
6117,1.0253
6118,1.03373
6119,16.0084
6120,7.01687
6121,5.0253
6122,20.0084
6123,6.01687
6124,15.0084
6125,14.0169
6126,12.0253
6127,17.0084
6128,8.01686
6129,12.0084
6130,5.01687
6131,1.0253
6132,7.00843
6133,19.0084
6134,3.01687
6135,17.0084
6136,14.0169
6137,12.0253
6138,13.0084
6139,10.0169
6140,10.0253
6141,1.00843
6142,16.0084
6143,12.0169
6144,8.00843
6145,13.0084
6146,16.0084
6147,14.0169
6148,8.0253
6149,6.03373
6150,5.04216
6151,12.0084
6152,12.0169
6153,1.0253
6154,17.0084
6155,16.0169
6156,12.0253
6157,3.03373
6158,8.00843
6159,1.01686
6160,20.0084
6161,5.00843
6162,5.00843
6163,9.00843
6164,1.00843
6165,18.0084
6166,16.0169
6167,15.0253
6168,5.03373
6169,17.0084
6170,12.0084
6171,6.01687
6172,3.0253
6173,1.03373
6174,1.00843
6175,12.0084
6176,8.01686
6177,14.0084
6178,6.01687
6179,12.0084
6180,5.01687
6181,1.00843
6182,18.0084
6183,7.01687
6184,3.0253
6185,10.0084
6186,7.01687
6187,3.0253
6188,12.0084
6189,10.0169
6190,5.0253
6191,12.0084
6192,14.0084
6193,10.0169
6194,12.0084
6195,5.01687
6196,1.00843
6197,12.0084
6198,10.0169
6199,1.0253
6200,1.00843
6201,17.0084
6202,1.01686
6203,13.0084
6204,8.01686
6205,1.0253
6206,8.00843
6207,8.01686
6208,6.0253
6209,10.0084
6210,5.01687
6211,12.0084
6212,10.0169
6213,7.0253
6214,7.03373
6215,4.04216
6216,13.0084
6217,8.01686
6218,8.0253
6219,10.0084
6220,7.01687
6221,18.0084
6222,12.0169
6223,8.0253
6224,12.0084
6225,12.0169
6226,10.0253
6227,5.03373
6228,3.04216
6229,1.05059
6230,1.05903
6231,1.06746
6232,10.0084
6233,1.01686
6234,17.0084
6235,5.01687
6236,6.00843
6237,5.00843
6238,12.0084
6239,9.01686
6240,8.0253
6241,8.03373
6242,8.04216
6243,12.0084
6244,16.0084
6245,12.0169
6246,8.0253
6247,14.0084
6248,10.0169
6249,13.0084
6250,1.01686
6251,10.0084
6252,13.0084
6253,5.01687
6254,16.0084
6255,3.01687
6256,17.0084
6257,15.0169
6258,18.0084
6259,7.00843
6260,3.00843
6261,13.0084
6262,3.01687
6263,8.00843
6264,12.0084
6265,1.01686
6266,8.00843
6267,8.00843
6268,3.01687
6269,1.0253
6270,12.0084
6271,8.01686
6272,3.00843
6273,17.0084
6274,8.01686
6275,8.0253
6276,1.03373
6277,12.0084
6278,7.01687
6279,11.0084
6280,12.0084
6281,14.0084
6282,12.0084
6283,1.01686
6284,3.00843
6285,3.01687
6286,12.0084
6287,3.01687
6288,15.0084
6289,14.0169
6290,8.0253
6291,8.03373
6292,7.04216
6293,5.05059
6294,17.0084
6295,5.01687
6296,11.0084
6297,10.0169
6298,8.0253
6299,8.03373
6300,1.04216
6301,12.0084
6302,5.01687
6303,5.0253
6304,8.00843
6305,13.0084
6306,10.0169
6307,8.0253
6308,7.03373
6309,14.0084
6310,8.01686
6311,5.0253
6312,10.0084
6313,1.01686
6314,17.0084
6315,10.0169
6316,5.00843
6317,15.0084
6318,5.01687
6319,1.0253
6320,12.0084
6321,12.0084
6322,1.01686
6323,14.0084
6324,6.01687
6325,1.00843
6326,8.00843
6327,5.00843
6328,5.01687
6329,3.0253
6330,3.03373
6331,1.04216
6332,10.0084
6333,5.01687
6334,7.00843
6335,5.00843
6336,5.01687
6337,5.0253
6338,4.03373
6339,18.0084
6340,10.0169
6341,10.0084
6342,3.01687
6343,10.0084
6344,5.01687
6345,3.00843
6346,1.01686
6347,18.0084
6348,13.0169
6349,12.0253
6350,7.00843
6351,16.0084
6352,8.01686
6353,8.0253
6354,7.03373
6355,1.04216
6356,1.05059
6357,16.0084
6358,10.0169
6359,8.0253
6360,3.03373
6361,2.04216
6362,18.0084
6363,3.01687
6364,1.0253
6365,11.0084
6366,8.01686
6367,5.0253
6368,8.00843
6369,6.00843
6370,1.01686
6371,8.00843
6372,8.00843
6373,6.01687
6374,3.0253
6375,7.00843
6376,7.00843
6377,7.01687
6378,5.0253
6379,1.03373
6380,16.0084
6381,12.0169
6382,9.0253
6383,8.03373
6384,8.04216
6385,12.0084
6386,10.0169
6387,7.0253
6388,7.03373
6389,1.04216
6390,1.05059
6391,18.0084
6392,14.0169
6393,8.0253
6394,2.03373
6395,5.00843
6396,10.0084
6397,10.0169
6398,7.00843
6399,6.01687
6400,6.0253
6401,12.0084
6402,12.0169
6403,12.0253
6404,5.03373
6405,12.0084
6406,7.01687
6407,20.0084
6408,16.0169
6409,15.0084
6410,9.01686
6411,1.0253
6412,12.0084
6413,3.01687
6414,3.00843
6415,7.00843
6416,7.01687
6417,7.00843
6418,1.01686
6419,13.0084
6420,7.01687
6421,13.0084
6422,2.01687
6423,18.0084
6424,10.0169
6425,15.0084
6426,5.01687
6427,15.0084
6428,5.01687
6429,10.0084
6430,1.00843
6431,13.0084
6432,7.01687
6433,10.0084
6434,3.01687
6435,8.00843
6436,1.01686
6437,12.0084
6438,8.01686
6439,8.00843
6440,10.0084
6441,18.0084
6442,12.0169
6443,20.0084
6444,18.0169
6445,18.0253
6446,8.03373
6447,1.04216
6448,1.05059
6449,3.00843
6450,3.01687
6451,19.0084
6452,15.0169
6453,14.0084
6454,3.01687
6455,17.0084
6456,1.01686
6457,13.0084
6458,5.01687
6459,8.00843
6460,5.01687
6461,17.0084
6462,8.01686
6463,14.0084
6464,14.0169
6465,3.0253
6466,18.0084
6467,18.0084
6468,10.0169
6469,1.0253
6470,3.00843
6471,16.0084
6472,14.0169
6473,11.0084
6474,8.00843
6475,13.0084
6476,1.01686
6477,20.0084
6478,1.01686
6479,8.00843
6480,14.0084
6481,5.01687
6482,10.0084
6483,12.0084
6484,10.0084
6485,12.0084
6486,1.00843
6487,1.00843
6488,8.00843
6489,3.01687
6490,9.00843
6491,1.01686
6492,16.0084
6493,1.01686
6494,1.0253
6495,2.00843
6496,8.00843
6497,7.01687
6498,3.0253
6499,15.0084
6500,12.0169
6501,16.0084
6502,13.0169
6503,1.0253
6504,10.0084
6505,1.01686
6506,14.0084
6507,13.0084
6508,5.01687
6509,4.0253
6510,16.0084
6511,5.01687
6512,1.00843
6513,1.00843
6514,19.0084
6515,13.0084
6516,9.00843
6517,1.00843
6518,1.01686
6519,10.0084
6520,10.0169
6521,12.0084
6522,3.01687
6523,5.00843
6524,9.00843
6525,14.0084
6526,2.00843
6527,18.0084
6528,10.0169
6529,17.0084
6530,14.0169
6531,12.0253
6532,7.03373
6533,7.04216
6534,12.0084
6535,8.01686
6536,5.0253
6537,10.0084
6538,9.01686
6539,8.0253
6540,15.0084
6541,15.0169
6542,8.00843
6543,17.0084
6544,18.0084
6545,3.01687
6546,7.00843
6547,12.0084
6548,12.0084
6549,12.0169
6550,2.00843
6551,4.00843
6552,3.01687
6553,13.0084
6554,3.01687
6555,5.00843
6556,5.01687
6557,5.0253
6558,8.00843
6559,5.00843
6560,1.00843
6561,10.0084
6562,9.00843
6563,1.01686
6564,1.0253
6565,5.00843
6566,14.0084
6567,7.00843
6568,1.01686
6569,18.0084
6570,3.00843
6571,6.00843
6572,5.01687
6573,5.0253
6574,1.03373
6575,10.0084
6576,5.01687
6577,1.0253
6578,3.00843
6579,7.00843
6580,5.00843
6581,5.01687
6582,9.00843
6583,1.01686
6584,16.0084
6585,12.0084
6586,1.01686
6587,10.0084
6588,15.0084
6589,5.01687
6590,1.0253
6591,17.0084
6592,7.01687
6593,3.0253
6594,3.03373
6595,12.0084
6596,20.0084
6597,13.0084
6598,12.0169
6599,8.0253
6600,8.03373
6601,12.0084
6602,9.01686
6603,7.00843
6604,3.01687
6605,18.0084
6606,8.01686
6607,3.0253
6608,3.03373
6609,4.00843
6610,14.0084
6611,14.0169
6612,5.0253
6613,14.0084
6614,6.00843
6615,5.01687
6616,10.0084
6617,1.01686
6618,12.0084
6619,8.01686
6620,8.0253
6621,8.03373
6622,14.0084
6623,5.01687
6624,3.0253
6625,8.00843
6626,15.0084
6627,14.0169
6628,12.0253
6629,10.0337
6630,5.04216
6631,8.00843
6632,13.0084
6633,7.00843
6634,1.01686
6635,13.0084
6636,5.00843
6637,3.00843
6638,12.0084
6639,5.00843
6640,5.00843
6641,3.01687
6642,9.00843
6643,3.01687
6644,12.0084
6645,12.0169
6646,1.0253
6647,1.03373
6648,5.00843
6649,1.01686
6650,8.00843
6651,1.01686
6652,16.0084
6653,3.01687
6654,18.0084
6655,14.0084
6656,13.0084
6657,8.00843
6658,5.01687
6659,16.0084
6660,12.0169
6661,5.0253
6662,5.00843
6663,12.0084
6664,1.01686
6665,17.0084
6666,16.0169
6667,8.0253
6668,1.03373
6669,2.00843
6670,1.01686
6671,1.0253
6672,1.03373
6673,3.00843
6674,10.0084
6675,7.01687
6676,8.00843
6677,1.01686
6678,1.0253
6679,12.0084
6680,10.0084
6681,8.01686
6682,2.0253
6683,1.03373
6684,5.00843
6685,10.0084
6686,8.01686
6687,7.00843
6688,1.01686
6689,8.00843
6690,5.01687
6691,13.0084
6692,4.01687
6693,13.0084
6694,10.0169
6695,11.0084
6696,12.0084
6697,10.0169
6698,14.0084
6699,16.0084
6700,12.0169
6701,15.0084
6702,2.01687
6703,16.0084
6704,10.0169
6705,1.0253
6706,18.0084
6707,9.00843
6708,9.01686
6709,4.0253
6710,3.03373
6711,5.00843
6712,7.00843
6713,6.01687
6714,10.0084
6715,8.01686
6716,5.00843
6717,18.0084
6718,16.0169
6719,12.0253
6720,3.00843
6721,10.0084
6722,13.0084
6723,18.0084
6724,5.01687
6725,5.0253
6726,3.00843
6727,3.00843
6728,10.0084
6729,17.0084
6730,13.0169
6731,10.0084
6732,3.00843
6733,8.00843
6734,1.00843
6735,18.0084
6736,2.01687
6737,10.0084
6738,10.0169
6739,14.0084
6740,8.01686
6741,15.0084
6742,14.0169
6743,8.0253
6744,6.03373
6745,1.04216
6746,1.05059
6747,1.05903
6748,18.0084
6749,1.01686
6750,8.00843
6751,17.0084
6752,12.0169
6753,12.0253
6754,8.03373
6755,7.00843
6756,20.0084
6757,13.0169
6758,8.0253
6759,8.00843
6760,1.01686
6761,10.0084
6762,1.01686
6763,3.00843
6764,18.0084
6765,19.0084
6766,14.0084
6767,10.0084
6768,10.0169
6769,12.0084
6770,3.01687
6771,13.0084
6772,6.01687
6773,14.0084
6774,4.01687
6775,8.00843
6776,1.01686
6777,1.00843
6778,1.01686
6779,17.0084
6780,19.0084
6781,3.01687
6782,1.00843
6783,8.00843
6784,7.00843
6785,10.0084
6786,9.01686
6787,13.0084
6788,11.0084
6789,10.0169
6790,1.0253
6791,12.0084
6792,3.01687
6793,15.0084
6794,3.01687
6795,10.0084
6796,3.00843
6797,7.00843
6798,7.01687
6799,8.00843
6800,5.01687
6801,2.0253
6802,8.00843
6803,12.0084
6804,6.00843
6805,6.01687
6806,1.0253
6807,14.0084
6808,7.01687
6809,10.0084
6810,8.01686
6811,14.0084
6812,13.0169
6813,9.0253
6814,2.03373
6815,12.0084
6816,10.0169
6817,8.0253
6818,5.03373
6819,18.0084
6820,12.0169
6821,3.0253
6822,14.0084
6823,12.0169
6824,3.00843
6825,1.01686
6826,12.0084
6827,3.01687
6828,3.0253
6829,12.0084
6830,5.01687
6831,1.0253
6832,2.00843
6833,16.0084
6834,2.01687
6835,1.0253
6836,5.00843
6837,19.0084
6838,8.01686
6839,13.0084
6840,8.01686
6841,8.0253
6842,10.0084
6843,6.01687
6844,18.0084
6845,14.0169
6846,10.0253
6847,5.03373
6848,8.00843
6849,16.0084
6850,13.0084
6851,18.0084
6852,7.01687
6853,1.0253
6854,5.00843
6855,4.01687
6856,3.0253
6857,2.03373
6858,5.00843
6859,3.01687
6860,18.0084
6861,18.0169
6862,12.0253
6863,12.0337
6864,5.04216
6865,5.05059
6866,2.05903
6867,7.00843
6868,7.01687
6869,7.0253
6870,1.03373
6871,1.04216
6872,1.05059
6873,12.0084
6874,10.0169
6875,8.0253
6876,10.0084
6877,12.0084
6878,7.01687
6879,13.0084
6880,5.00843
6881,16.0084
6882,15.0169
6883,12.0253
6884,8.03373
6885,6.04216
6886,10.0084
6887,16.0084
6888,16.0169
6889,8.0253
6890,18.0084
6891,18.0169
6892,16.0253
6893,12.0084
6894,8.01686
6895,18.0084
6896,7.00843
6897,1.00843
6898,3.00843
6899,3.01687
6900,3.00843
6901,18.0084
6902,6.01687
6903,16.0084
6904,7.01687
6905,20.0084
6906,17.0169
6907,12.0253
6908,8.03373
6909,1.04216
6910,1.05059
6911,14.0084
6912,13.0169
6913,9.0253
6914,14.0084
6915,8.01686
6916,7.00843
6917,5.00843
6918,6.00843
6919,3.01687
6920,12.0084
6921,10.0169
6922,7.0253
6923,1.03373
6924,14.0084
6925,15.0084
6926,11.0169
6927,10.0253
6928,1.03373
6929,8.00843
6930,5.01687
6931,5.00843
6932,3.01687
6933,3.0253
6934,13.0084
6935,8.01686
6936,7.0253
6937,10.0084
6938,8.01686
6939,16.0084
6940,14.0084
6941,9.01686
6942,13.0084
6943,8.01686
6944,16.0084
6945,13.0169
6946,16.0084
6947,14.0169
6948,12.0253
6949,12.0337
6950,7.00843
6951,1.01686
6952,10.0084
6953,7.00843
6954,1.00843
6955,7.00843
6956,5.01687
6957,8.00843
6958,7.00843
6959,4.01687
6960,16.0084
6961,10.0169
6962,3.0253
6963,12.0084
6964,8.01686
6965,1.0253
6966,13.0084
6967,8.01686
6968,2.00843
6969,8.00843
6970,8.01686
6971,5.0253
6972,5.00843
6973,12.0084
6974,7.01687
6975,6.0253
6976,8.00843
6977,6.01687
6978,2.0253
6979,12.0084
6980,9.01686
6981,8.0253
6982,13.0084
6983,9.01686
6984,8.0253
6985,8.03373
6986,8.04216
6987,8.05059
6988,6.05903
6989,1.06746
6990,10.0084
6991,10.0169
6992,11.0084
6993,18.0084
6994,13.0084
6995,7.00843
6996,1.01686
6997,17.0084
6998,10.0169
6999,8.0253
7000,12.0084
7001,13.0084
7002,8.01686
7003,18.0084
7004,16.0169
7005,10.0084
7006,7.01687
7007,3.0253
7008,7.00843
7009,1.01686
7010,10.0084
7011,3.01687
7012,14.0084
7013,10.0169
7014,12.0084
7015,8.01686
7016,7.0253
7017,1.03373
7018,15.0084
7019,13.0169
7020,3.0253
7021,18.0084
7022,8.01686
7023,3.0253
7024,10.0084
7025,3.01687
7026,8.00843
7027,8.01686
7028,12.0084
7029,10.0169
7030,8.0253
7031,3.03373
7032,2.04216
7033,1.05059
7034,16.0084
7035,6.01687
7036,10.0084
7037,12.0084
7038,8.01686
7039,13.0084
7040,12.0169
7041,12.0253
7042,6.03373
7043,17.0084
7044,12.0169
7045,5.0253
7046,7.00843
7047,5.01687
7048,17.0084
7049,16.0169
7050,8.0253
7051,7.03373
7052,20.0084
7053,8.01686
7054,18.0084
7055,18.0169
7056,14.0253
7057,10.0337
7058,10.0422
7059,3.05059
7060,4.00843
7061,14.0084
7062,12.0169
7063,18.0084
7064,16.0169
7065,10.0253
7066,10.0337
7067,8.04216
7068,9.00843
7069,6.01687
7070,20.0084
7071,17.0169
7072,2.0253
7073,18.0084
7074,5.01687
7075,8.00843
7076,8.01686
7077,3.0253
7078,18.0084
7079,16.0084
7080,10.0169
7081,5.0253
7082,1.00843
7083,14.0084
7084,12.0169
7085,12.0253
7086,5.03373
7087,8.00843
7088,7.00843
7089,8.00843
7090,13.0084
7091,10.0169
7092,10.0253
7093,5.00843
7094,5.00843
7095,17.0084
7096,8.01686
7097,1.0253
7098,1.03373
7099,1.00843
7100,9.00843
7101,12.0084
7102,10.0169
7103,12.0084
7104,7.01687
7105,3.00843
7106,3.01687
7107,5.00843
7108,5.01687
7109,5.0253
7110,1.03373
7111,7.00843
7112,3.00843
7113,3.01687
7114,3.00843
7115,1.01686
7116,13.0084
7117,5.00843
7118,5.01687
7119,7.00843
7120,1.01686
7121,17.0084
7122,12.0169
7123,11.0253
7124,10.0337
7125,7.04216
7126,18.0084
7127,18.0169
7128,8.0253
7129,1.03373
7130,9.00843
7131,8.01686
7132,14.0084
7133,7.01687
7134,16.0084
7135,12.0084
7136,12.0169
7137,12.0253
7138,10.0337
7139,14.0084
7140,13.0084
7141,6.01687
7142,10.0084
7143,10.0169
7144,7.0253
7145,8.00843
7146,12.0084
7147,5.01687
7148,10.0084
7149,6.01687
7150,3.0253
7151,1.03373
7152,17.0084
7153,12.0169
7154,12.0253
7155,8.03373
7156,1.00843
7157,17.0084
7158,10.0169
7159,3.00843
7160,12.0084
7161,12.0169
7162,9.0253
7163,12.0084
7164,13.0084
7165,11.0169
7166,5.0253
7167,6.00843
7168,1.01686
7169,10.0084
7170,8.00843
7171,1.01686
7172,10.0084
7173,16.0084
7174,14.0169
7175,1.0253
7176,5.00843
7177,12.0084
7178,6.01687
7179,5.0253
7180,1.00843
7181,8.00843
7182,10.0084
7183,3.01687
7184,1.0253
7185,1.03373
7186,5.00843
7187,5.01687
7188,5.0253
7189,17.0084
7190,8.01686
7191,18.0084
7192,12.0084
7193,8.00843
7194,5.00843
7195,1.01686
7196,14.0084
7197,8.01686
7198,16.0084
7199,8.01686
7200,5.0253
7201,14.0084
7202,1.00843
7203,1.01686
7204,1.0253
7205,8.00843
7206,5.01687
7207,18.0084
7208,10.0169
7209,7.0253
7210,17.0084
7211,8.01686
7212,3.00843
7213,8.00843
7214,7.01687
7215,10.0084
7216,1.00843
7217,5.00843
7218,13.0084
7219,10.0169
7220,8.00843
7221,5.01687
7222,1.00843
7223,1.01686
7224,14.0084
7225,13.0169
7226,10.0253
7227,7.03373
7228,7.04216
7229,14.0084
7230,8.01686
7231,9.00843
7232,5.00843
7233,17.0084
7234,7.01687
7235,18.0084
7236,13.0169
7237,7.0253
7238,16.0084
7239,12.0084
7240,14.0084
7241,3.01687
7242,15.0084
7243,12.0169
7244,5.0253
7245,5.03373
7246,13.0084
7247,5.01687
7248,3.0253
7249,7.00843
7250,16.0084
7251,8.01686
7252,7.0253
7253,5.03373
7254,16.0084
7255,12.0169
7256,8.0253
7257,10.0084
7258,1.01686
7259,8.00843
7260,8.01686
7261,2.0253
7262,16.0084
7263,12.0169
7264,12.0253
7265,7.03373
7266,9.00843
7267,7.01687
7268,7.0253
7269,10.0084
7270,10.0084
7271,7.01687
7272,5.00843
7273,16.0084
7274,12.0169
7275,3.0253
7276,1.03373
7277,17.0084
7278,3.01687
7279,20.0084
7280,16.0169
7281,2.0253
7282,12.0084
7283,5.01687
7284,2.0253
7285,16.0084
7286,7.01687
7287,16.0084
7288,8.01686
7289,10.0084
7290,3.00843
7291,14.0084
7292,9.00843
7293,13.0084
7294,8.01686
7295,1.0253
7296,10.0084
7297,1.00843
7298,16.0084
7299,8.01686
7300,14.0084
7301,7.01687
7302,11.0084
7303,5.01687
7304,6.00843
7305,5.00843
7306,5.00843
7307,1.01686
7308,12.0084
7309,10.0169
7310,1.0253
7311,13.0084
7312,3.01687
7313,14.0084
7314,14.0169
7315,15.0084
7316,14.0169
7317,16.0084
7318,19.0084
7319,12.0169
7320,6.0253
7321,7.00843
7322,17.0084
7323,8.01686
7324,3.0253
7325,3.03373
7326,7.00843
7327,10.0084
7328,5.01687
7329,18.0084
7330,10.0169
7331,10.0253
7332,7.03373
7333,3.04216
7334,3.05059
7335,14.0084
7336,12.0084
7337,1.01686
7338,10.0084
7339,16.0084
7340,7.01687
7341,7.0253
7342,8.00843
7343,8.01686
7344,8.0253
7345,1.03373
7346,19.0084
7347,14.0169
7348,10.0253
7349,5.03373
7350,2.04216
7351,14.0084
7352,1.00843
7353,18.0084
7354,2.01687
7355,13.0084
7356,5.01687
7357,1.0253
7358,6.00843
7359,12.0084
7360,3.01687
7361,8.00843
7362,7.01687
7363,5.0253
7364,5.00843
7365,8.00843
7366,3.01687
7367,13.0084
7368,4.01687
7369,14.0084
7370,10.0169
7371,1.0253
7372,15.0084
7373,8.01686
7374,3.00843
7375,15.0084
7376,15.0169
7377,12.0253
7378,5.03373
7379,13.0084
7380,10.0169
7381,9.0253
7382,14.0084
7383,14.0169
7384,16.0084
7385,7.01687
7386,18.0084
7387,16.0169
7388,16.0253
7389,16.0337
7390,19.0084
7391,12.0169
7392,8.0253
7393,14.0084
7394,12.0084
7395,2.00843
7396,4.00843
7397,1.01686
7398,7.00843
7399,3.00843
7400,5.00843
7401,9.00843
7402,7.01687
7403,12.0084
7404,4.01687
7405,3.00843
7406,12.0084
7407,8.01686
7408,8.0253
7409,12.0084
7410,3.01687
7411,16.0084
7412,14.0169
7413,3.0253
7414,3.03373
7415,18.0084
7416,18.0169
7417,14.0253
7418,7.03373
7419,8.00843
7420,18.0084
7421,13.0084
7422,8.01686
7423,1.0253
7424,1.03373
7425,13.0084
7426,9.01686
7427,9.0253
7428,8.03373
7429,10.0084
7430,1.01686
7431,12.0084
7432,16.0084
7433,7.01687
7434,3.0253
7435,1.03373
7436,14.0084
7437,12.0169
7438,3.0253
7439,1.03373
7440,1.00843
7441,10.0084
7442,10.0169
7443,9.0253
7444,5.00843
7445,14.0084
7446,9.01686
7447,3.0253
7448,5.00843
7449,1.01686
7450,12.0084
7451,10.0169
7452,5.00843
7453,13.0084
7454,8.01686
7455,8.0253
7456,8.03373
7457,8.00843
7458,8.01686
7459,10.0084
7460,5.01687
7461,14.0084
7462,10.0169
7463,6.0253
7464,1.03373
7465,12.0084
7466,12.0169
7467,12.0253
7468,8.03373
7469,8.04216
7470,18.0084
7471,18.0084
7472,15.0169
7473,12.0253
7474,9.03373
7475,14.0084
7476,8.01686
7477,1.0253
7478,16.0084
7479,3.01687
7480,12.0084
7481,7.01687
7482,5.0253
7483,17.0084
7484,11.0084
7485,18.0084
7486,17.0169
7487,12.0253
7488,8.03373
7489,8.04216
7490,8.05059
7491,11.0084
7492,20.0084
7493,8.01686
7494,5.0253
7495,14.0084
7496,8.01686
7497,1.00843
7498,12.0084
7499,1.00843
7500,1.00843
7501,14.0084
7502,10.0169
7503,1.0253
7504,3.00843
7505,18.0084
7506,8.01686
7507,7.0253
7508,5.03373
7509,14.0084
7510,8.01686
7511,7.0253
7512,3.03373
7513,8.00843
7514,8.01686
7515,14.0084
7516,10.0084
7517,1.01686
7518,3.00843
7519,12.0084
7520,18.0084
7521,14.0169
7522,4.0253
7523,5.00843
7524,15.0084
7525,14.0169
7526,10.0253
7527,16.0084
7528,1.01686
7529,17.0084
7530,8.01686
7531,18.0084
7532,12.0084
7533,11.0084
7534,16.0084
7535,16.0169
7536,3.00843
7537,5.00843
7538,1.01686
7539,5.00843
7540,4.01687
7541,16.0084
7542,6.01687
7543,5.00843
7544,19.0084
7545,8.01686
7546,8.0253
7547,7.03373
7548,7.04216
7549,4.05059
7550,1.05903
7551,13.0084
7552,10.0169
7553,10.0253
7554,3.00843
7555,5.00843
7556,8.00843
7557,1.01686
7558,14.0084
7559,12.0084
7560,16.0084
7561,13.0169
7562,5.0253
7563,1.03373
7564,1.04216
7565,8.00843
7566,12.0084
7567,16.0084
7568,10.0084
7569,10.0169
7570,1.0253
7571,8.00843
7572,7.01687
7573,5.0253
7574,3.03373
7575,2.04216
7576,1.05059
7577,14.0084
7578,8.01686
7579,8.0253
7580,3.03373
7581,13.0084
7582,11.0084
7583,7.01687
7584,5.0253
7585,16.0084
7586,12.0169
7587,10.0253
7588,8.00843
7589,12.0084
7590,8.01686
7591,14.0084
7592,3.01687
7593,13.0084
7594,8.01686
7595,18.0084
7596,12.0084
7597,1.01686
7598,16.0084
7599,16.0084
7600,1.01686
7601,5.00843
7602,3.01687
7603,1.0253
7604,16.0084
7605,1.01686
7606,1.00843
7607,20.0084
7608,5.01687
7609,10.0084
7610,7.01687
7611,5.0253
7612,5.03373
7613,6.00843
7614,1.00843
7615,3.00843
7616,3.01687
7617,1.0253
7618,7.00843
7619,2.01687
7620,18.0084
7621,13.0169
7622,5.0253
7623,18.0084
7624,13.0169
7625,12.0253
7626,18.0084
7627,16.0169
7628,14.0253
7629,5.03373
7630,6.00843
7631,3.01687
7632,12.0084
7633,10.0169
7634,14.0084
7635,1.01686
7636,18.0084
7637,3.00843
7638,12.0084
7639,3.01687
7640,7.00843
7641,14.0084
7642,11.0169
7643,7.0253
7644,6.00843
7645,10.0084
7646,3.00843
7647,1.01686
7648,1.0253
7649,1.00843
7650,14.0084
7651,5.01687
7652,3.0253
7653,3.03373
7654,2.04216
7655,1.05059
7656,18.0084
7657,7.01687
7658,13.0084
7659,10.0169
7660,7.0253
7661,14.0084
7662,17.0084
7663,6.01687
7664,14.0084
7665,15.0084
7666,10.0169
7667,5.0253
7668,14.0084
7669,1.01686
7670,12.0084
7671,9.01686
7672,1.0253
7673,13.0084
7674,12.0169
7675,8.0253
7676,8.03373
7677,18.0084
7678,1.01686
7679,1.0253
7680,10.0084
7681,5.01687
7682,2.0253
7683,13.0084
7684,7.01687
7685,17.0084
7686,12.0169
7687,12.0253
7688,13.0084
7689,8.00843
7690,14.0084
7691,10.0084
7692,3.00843
7693,1.00843
7694,7.00843
7695,20.0084
7696,1.01686
7697,20.0084
7698,3.01687
7699,1.0253
7700,20.0084
7701,12.0169
7702,16.0084
7703,8.00843
7704,12.0084
7705,3.00843
7706,14.0084
7707,4.01687
7708,12.0084
7709,5.01687
7710,1.0253
7711,12.0084
7712,12.0169
7713,3.0253
7714,14.0084
7715,5.01687
7716,16.0084
7717,10.0084
7718,15.0084
7719,3.00843
7720,16.0084
7721,7.01687
7722,8.00843
7723,1.01686
7724,10.0084
7725,10.0169
7726,5.0253
7727,12.0084
7728,12.0169
7729,4.00843
7730,6.00843
7731,5.01687
7732,5.0253
7733,5.03373
7734,1.04216
7735,7.00843
7736,7.01687
7737,7.00843
7738,8.00843
7739,8.01686
7740,7.00843
7741,5.01687
7742,13.0084
7743,10.0084
7744,5.00843
7745,1.01686
7746,16.0084
7747,13.0169
7748,5.0253
7749,16.0084
7750,15.0169
7751,13.0253
7752,5.03373
7753,3.04216
7754,17.0084
7755,7.01687
7756,8.00843
7757,7.01687
7758,17.0084
7759,17.0084
7760,1.01686
7761,3.00843
7762,14.0084
7763,5.00843
7764,1.00843
7765,2.00843
7766,15.0084
7767,8.01686
7768,7.0253
7769,1.03373
7770,14.0084
7771,3.00843
7772,6.00843
7773,5.01687
7774,14.0084
7775,12.0169
7776,10.0084
7777,10.0169
7778,7.0253
7779,11.0084
7780,8.01686
7781,10.0084
7782,16.0084
7783,10.0169
7784,10.0253
7785,5.03373
7786,1.04216
7787,12.0084
7788,1.00843
7789,19.0084
7790,17.0084
7791,7.01687
7792,7.0253
7793,16.0084
7794,16.0169
7795,1.0253
7796,10.0084
7797,10.0169
7798,12.0084
7799,18.0084
7800,13.0169
7801,2.0253
7802,12.0084
7803,3.01687
7804,1.00843
7805,8.00843
7806,7.00843
7807,6.01687
7808,19.0084
7809,8.00843
7810,5.00843
7811,14.0084
7812,4.00843
7813,12.0084
7814,5.01687
7815,7.00843
7816,1.00843
7817,1.01686
7818,8.00843
7819,2.01687
7820,3.00843
7821,1.01686
7822,7.00843
7823,5.01687
7824,7.00843
7825,14.0084
7826,8.01686
7827,5.0253
7828,8.00843
7829,1.01686
7830,18.0084
7831,12.0169
7832,9.0253
7833,8.03373
7834,3.04216
7835,13.0084
7836,10.0169
7837,4.0253
7838,5.00843
7839,2.01687
7840,1.0253
7841,3.00843
7842,12.0084
7843,8.01686
7844,1.00843
7845,10.0084
7846,3.01687
7847,17.0084
7848,8.01686
7849,9.00843
7850,8.01686
7851,16.0084
7852,13.0169
7853,10.0253
7854,1.00843
7855,5.00843
7856,3.00843
7857,3.00843
7858,5.00843
7859,15.0084
7860,9.01686
7861,3.0253
7862,13.0084
7863,8.01686
7864,18.0084
7865,9.01686
7866,5.0253
7867,3.03373
7868,12.0084
7869,5.01687
7870,18.0084
7871,3.00843
7872,12.0084
7873,13.0084
7874,9.01686
7875,1.0253
7876,12.0084
7877,3.01687
7878,12.0084
7879,10.0169
7880,5.0253
7881,16.0084
7882,8.01686
7883,7.0253
7884,8.00843
7885,1.00843
7886,14.0084
7887,10.0084
7888,10.0169
7889,1.0253
7890,8.00843
7891,18.0084
7892,8.01686
7893,5.0253
7894,3.03373
7895,16.0084
7896,14.0169
7897,14.0084
7898,14.0084
7899,9.01686
7900,10.0084
7901,6.01687
7902,14.0084
7903,7.01687
7904,7.0253
7905,20.0084
7906,16.0084
7907,14.0169
7908,8.0253
7909,3.00843
7910,16.0084
7911,5.00843
7912,3.01687
7913,15.0084
7914,1.00843
7915,18.0084
7916,9.01686
7917,8.0253
7918,10.0084
7919,5.00843
7920,13.0084
7921,14.0084
7922,7.01687
7923,7.0253
7924,7.03373
7925,18.0084
7926,8.01686
7927,7.0253
7928,1.00843
7929,10.0084
7930,12.0084
7931,7.01687
7932,8.00843
7933,5.01687
7934,20.0084
7935,1.01686
7936,1.0253
7937,12.0084
7938,8.01686
7939,5.0253
7940,2.00843
7941,8.00843
7942,1.01686
7943,3.00843
7944,14.0084
7945,10.0084
7946,16.0084
7947,8.01686
7948,1.00843
7949,9.00843
7950,8.01686
7951,19.0084
7952,10.0169
7953,10.0253
7954,4.03373
7955,20.0084
7956,16.0084
7957,13.0169
7958,5.0253
7959,13.0084
7960,5.00843
7961,15.0084
7962,15.0169
7963,5.0253
7964,17.0084
7965,6.01687
7966,10.0084
7967,10.0169
7968,7.0253
7969,1.03373
7970,11.0084
7971,3.01687
7972,1.0253
7973,15.0084
7974,12.0169
7975,10.0253
7976,3.03373
7977,10.0084
7978,8.01686
7979,3.0253
7980,5.00843
7981,5.01687
7982,1.00843
7983,8.00843
7984,6.01687
7985,5.0253
7986,15.0084
7987,7.01687
7988,15.0084
7989,13.0169
7990,10.0253
7991,10.0337
7992,8.04216
7993,1.05059
7994,12.0084
7995,7.01687
7996,12.0084
7997,18.0084
7998,11.0169
7999,5.0253
8000,14.0084
8001,3.00843
8002,3.01687
8003,3.00843
8004,14.0084
8005,14.0169
8006,14.0253
8007,8.03373
8008,7.00843
8009,6.01687
8010,1.0253
8011,8.00843
8012,7.00843
8013,7.01687
8014,1.0253
8015,1.03373
8016,2.00843
8017,10.0084
8018,12.0084
8019,10.0169
8020,1.0253
8021,15.0084
8022,13.0169
8023,9.0253
8024,8.03373
8025,3.00843
8026,3.01687
8027,10.0084
8028,8.00843
8029,5.01687
8030,8.00843
8031,8.01686
8032,16.0084
8033,15.0169
8034,8.0253
8035,8.00843
8036,13.0084
8037,5.00843
8038,20.0084
8039,17.0169
8040,14.0253
8041,12.0337
8042,13.0084
8043,19.0084
8044,8.01686
8045,5.00843
8046,5.01687
8047,1.0253
8048,1.00843
8049,8.00843
8050,5.01687
8051,3.00843
8052,5.00843
8053,5.01687
8054,4.0253
8055,3.03373
8056,5.00843
8057,5.01687
8058,5.0253
8059,5.03373
8060,12.0084
8061,7.01687
8062,12.0084
8063,12.0169
8064,7.0253
8065,1.03373
8066,8.00843
8067,7.01687
8068,14.0084
8069,8.01686
8070,10.0084
8071,9.01686
8072,14.0084
8073,12.0169
8074,12.0253
8075,18.0084
8076,12.0169
8077,8.0253
8078,8.03373
8079,5.04216
8080,14.0084
8081,14.0169
8082,12.0253
8083,12.0337
8084,13.0084
8085,1.01686
8086,15.0084
8087,14.0169
8088,11.0253
8089,16.0084
8090,12.0169
8091,10.0253
8092,18.0084
8093,6.01687
8094,6.0253
8095,18.0084
8096,13.0084
8097,7.00843
8098,5.01687
8099,1.00843
8100,12.0084
8101,2.01687
8102,2.0253
8103,1.03373
8104,3.00843
8105,1.01686
8106,7.00843
8107,3.01687
8108,14.0084
8109,5.01687
8110,3.0253
8111,13.0084
8112,6.01687
8113,5.0253
8114,14.0084
8115,10.0169
8116,8.0253
8117,8.00843
8118,1.01686
8119,16.0084
8120,10.0169
8121,10.0084
8122,10.0169
8123,7.0253
8124,14.0084
8125,12.0169
8126,12.0253
8127,1.03373
8128,1.04216
8129,1.05059
8130,1.05903
8131,12.0084
8132,2.01687
8133,17.0084
8134,8.01686
8135,3.0253
8136,14.0084
8137,16.0084
8138,5.01687
8139,1.0253
8140,17.0084
8141,12.0169
8142,6.0253
8143,5.03373
8144,5.04216
8145,18.0084
8146,17.0169
8147,7.0253
8148,18.0084
8149,12.0169
8150,8.0253
8151,17.0084
8152,10.0169
8153,12.0084
8154,13.0084
8155,13.0169
8156,10.0253
8157,1.03373
8158,13.0084
8159,10.0169
8160,10.0084
8161,7.00843
8162,5.01687
8163,5.0253
8164,1.00843
8165,9.00843
8166,10.0084
8167,8.01686
8168,1.0253
8169,14.0084
8170,5.01687
8171,10.0084
8172,10.0169
8173,18.0084
8174,16.0169
8175,17.0084
8176,1.01686
8177,1.0253
8178,13.0084
8179,14.0084
8180,10.0169
8181,10.0253
8182,3.03373
8183,1.04216
8184,16.0084
8185,5.01687
8186,12.0084
8187,7.00843
8188,7.01687
8189,12.0084
8190,15.0084
8191,5.01687
8192,5.0253
8193,3.00843
8194,18.0084
8195,12.0169
8196,12.0253
8197,13.0084
8198,14.0084
8199,10.0169
8200,5.0253
8201,7.00843
8202,12.0084
8203,12.0169
8204,3.00843
8205,2.01687
8206,10.0084
8207,8.01686
8208,3.0253
8209,3.03373
8210,1.04216
8211,1.05059
8212,1.05903
8213,17.0084
8214,14.0169
8215,1.0253
8216,18.0084
8217,15.0169
8218,5.0253
8219,5.03373
8220,8.00843
8221,7.00843
8222,4.01687
8223,1.0253
8224,8.00843
8225,8.01686
8226,8.0253
8227,16.0084
8228,12.0169
8229,1.0253
8230,10.0084
8231,3.01687
8232,18.0084
8233,12.0169
8234,12.0253
8235,2.03373
8236,1.04216
8237,16.0084
8238,14.0169
8239,18.0084
8240,1.01686
8241,18.0084
8242,16.0169
8243,16.0253
8244,15.0337
8245,14.0422
8246,2.05059
8247,18.0084
8248,5.01687
8249,8.00843
8250,5.01687
8251,7.00843
8252,7.01687
8253,8.00843
8254,3.01687
8255,12.0084
8256,9.01686
8257,14.0084
8258,1.01686
8259,3.00843
8260,18.0084
8261,12.0169
8262,12.0084
8263,8.01686
8264,2.0253
8265,17.0084
8266,10.0169
8267,9.0253
8268,16.0084
8269,10.0169
8270,10.0253
8271,3.03373
8272,13.0084
8273,6.01687
8274,14.0084
8275,8.01686
8276,10.0084
8277,19.0084
8278,10.0169
8279,8.0253
8280,1.03373
8281,3.00843
8282,5.00843
8283,13.0084
8284,12.0169
8285,10.0253
8286,13.0084
8287,12.0169
8288,7.0253
8289,12.0084
8290,5.00843
8291,12.0084
8292,9.01686
8293,20.0084
8294,16.0084
8295,1.01686
8296,10.0084
8297,7.01687
8298,7.00843
8299,17.0084
8300,13.0169
8301,9.0253
8302,6.03373
8303,5.00843
8304,10.0084
8305,6.01687
8306,12.0084
8307,12.0084
8308,5.01687
8309,10.0084
8310,14.0084
8311,7.01687
8312,8.00843
8313,6.00843
8314,5.01687
8315,1.0253
8316,14.0084
8317,8.01686
8318,3.0253
8319,3.03373
8320,10.0084
8321,3.01687
8322,16.0084
8323,1.01686
8324,3.00843
8325,8.00843
8326,14.0084
8327,8.01686
8328,8.0253
8329,5.03373
8330,3.04216
8331,10.0084
8332,8.01686
8333,9.00843
8334,1.01686
8335,14.0084
8336,14.0169
8337,14.0253
8338,15.0084
8339,13.0169
8340,16.0084
8341,14.0169
8342,8.0253
8343,1.03373
8344,18.0084
8345,16.0169
8346,13.0253
8347,3.03373
8348,18.0084
8349,5.00843
8350,1.01686
8351,6.00843
8352,16.0084
8353,12.0169
8354,7.0253
8355,7.03373
8356,12.0084
8357,10.0169
8358,8.0253
8359,5.03373
8360,10.0084
8361,10.0084
8362,3.00843
8363,10.0084
8364,10.0084
8365,5.00843
8366,3.01687
8367,18.0084
8368,15.0169
8369,8.00843
8370,5.01687
8371,1.0253
8372,18.0084
8373,9.01686
8374,5.00843
8375,1.01686
8376,7.00843
8377,6.01687
8378,2.0253
8379,8.00843
8380,7.01687
8381,6.00843
8382,1.01686
8383,3.00843
8384,12.0084
8385,1.01686
8386,7.00843
8387,5.01687
8388,5.00843
8389,1.01686
8390,16.0084
8391,6.01687
8392,5.0253
8393,1.03373
8394,7.00843
8395,8.00843
8396,8.01686
8397,8.0253
8398,5.03373
8399,1.04216
8400,17.0084
8401,14.0169
8402,5.0253
8403,1.03373
8404,12.0084
8405,10.0169
8406,18.0084
8407,12.0169
8408,8.0253
8409,10.0084
8410,8.01686
8411,6.0253
8412,5.03373
8413,5.00843
8414,1.01686
8415,14.0084
8416,7.01687
8417,8.00843
8418,8.01686
8419,18.0084
8420,14.0169
8421,8.0253
8422,8.03373
8423,16.0084
8424,10.0169
8425,8.0253
8426,5.03373
8427,14.0084
8428,10.0084
8429,8.01686
8430,5.0253
8431,14.0084
8432,12.0169
8433,5.0253
8434,13.0084
8435,8.01686
8436,15.0084
8437,14.0169
8438,12.0253
8439,8.03373
8440,1.04216
8441,16.0084
8442,15.0169
8443,10.0253
8444,10.0084
8445,8.01686
8446,5.0253
8447,3.03373
8448,1.04216
8449,1.00843
8450,19.0084
8451,18.0169
8452,12.0253
8453,5.03373
8454,3.04216
8455,1.05059
8456,14.0084
8457,14.0084
8458,10.0169
8459,3.0253
8460,3.00843
8461,5.00843
8462,17.0084
8463,8.01686
8464,13.0084
8465,9.01686
8466,5.00843
8467,2.01687
8468,16.0084
8469,14.0169
8470,10.0253
8471,10.0337
8472,15.0084
8473,12.0169
8474,12.0253
8475,7.03373
8476,7.04216
8477,5.05059
8478,5.05903
8479,3.06746
8480,3.07589
8481,3.08432
8482,18.0084
8483,16.0169
8484,14.0253
8485,13.0337
8486,8.04216
8487,7.05059
8488,1.05903
8489,18.0084
8490,13.0169
8491,12.0253
8492,8.03373
8493,5.04216
8494,20.0084
8495,12.0084
8496,8.00843
8497,13.0084
8498,10.0169
8499,10.0253
8500,20.0084
8501,14.0169
8502,1.0253
8503,15.0084
8504,2.01687
8505,10.0084
8506,15.0084
8507,3.01687
8508,2.0253
8509,16.0084
8510,5.01687
8511,3.00843
8512,6.00843
8513,14.0084
8514,11.0169
8515,5.0253
8516,1.00843
8517,1.01686
8518,5.00843
8519,3.01687
8520,3.00843
8521,3.01687
8522,18.0084
8523,16.0169
8524,5.0253
8525,4.03373
8526,14.0084
8527,13.0169
8528,7.00843
8529,1.01686
8530,7.00843
8531,4.01687
8532,1.0253
8533,9.00843
8534,11.0084
8535,6.00843
8536,5.01687
8537,7.00843
8538,1.01686
8539,8.00843
8540,1.00843
8541,10.0084
8542,9.01686
8543,6.00843
8544,14.0084
8545,8.01686
8546,8.0253
8547,12.0084
8548,3.01687
8549,18.0084
8550,17.0169
8551,14.0253
8552,4.03373
8553,3.04216
8554,3.00843
8555,13.0084
8556,8.01686
8557,14.0084
8558,6.01687
8559,6.0253
8560,5.03373
8561,12.0084
8562,8.01686
8563,8.00843
8564,5.01687
8565,1.0253
8566,3.00843
8567,5.00843
8568,3.01687
8569,12.0084
8570,12.0169
8571,8.0253
8572,10.0084
8573,9.01686
8574,5.0253
8575,12.0084
8576,10.0169
8577,8.00843
8578,13.0084
8579,10.0169
8580,9.0253
8581,3.03373
8582,1.00843
8583,8.00843
8584,1.01686
8585,15.0084
8586,14.0169
8587,5.00843
8588,1.01686
8589,15.0084
8590,1.01686
8591,13.0084
8592,18.0084
8593,7.01687
8594,5.0253
8595,15.0084
8596,20.0084
8597,10.0169
8598,10.0084
8599,7.00843
8600,10.0084
8601,1.01686
8602,15.0084
8603,15.0169
8604,11.0084
8605,8.01686
8606,8.00843
8607,7.01687
8608,5.00843
8609,3.01687
8610,5.00843
8611,4.01687
8612,1.0253
8613,1.03373
8614,1.04216
8615,8.00843
8616,16.0084
8617,1.01686
8618,5.00843
8619,1.01686
8620,14.0084
8621,3.01687
8622,18.0084
8623,13.0169
8624,7.00843
8625,12.0084
8626,12.0084
8627,14.0084
8628,6.01687
8629,17.0084
8630,7.01687
8631,1.0253
8632,1.03373
8633,1.04216
8634,14.0084
8635,14.0169
8636,7.00843
8637,5.00843
8638,3.01687
8639,6.00843
8640,6.01687
8641,5.0253
8642,1.00843
8643,8.00843
8644,7.00843
8645,7.01687
8646,16.0084
8647,8.00843
8648,16.0084
8649,5.01687
8650,18.0084
8651,10.0169
8652,13.0084
8653,8.01686
8654,3.0253
8655,1.00843
8656,5.00843
8657,1.01686
8658,1.0253
8659,3.00843
8660,15.0084
8661,8.01686
8662,5.0253
8663,7.00843
8664,7.01687
8665,6.0253
8666,1.03373
8667,8.00843
8668,13.0084
8669,8.01686
8670,8.0253
8671,8.00843
8672,13.0084
8673,12.0169
8674,8.0253
8675,8.00843
8676,10.0084
8677,8.01686
8678,16.0084
8679,13.0169
8680,13.0253
8681,7.03373
8682,2.04216
8683,14.0084
8684,2.01687
8685,12.0084
8686,12.0169
8687,5.00843
8688,7.00843
8689,1.01686
8690,8.00843
8691,2.01687
8692,8.00843
8693,10.0084
8694,5.00843
8695,11.0084
8696,13.0084
8697,2.01687
8698,1.00843
8699,1.01686
8700,12.0084
8701,2.01687
8702,3.00843
8703,17.0084
8704,10.0169
8705,2.0253
8706,18.0084
8707,7.01687
8708,5.0253
8709,5.03373
8710,1.00843
8711,8.00843
8712,6.01687
8713,5.0253
8714,15.0084
8715,12.0084
8716,1.01686
8717,2.00843
8718,14.0084
8719,13.0084
8720,4.00843
8721,1.00843
8722,1.01686
8723,16.0084
8724,7.00843
8725,3.01687
8726,10.0084
8727,8.01686
8728,8.0253
8729,7.03373
8730,12.0084
8731,6.00843
8732,9.00843
8733,8.01686
8734,5.0253
8735,8.00843
8736,7.00843
8737,12.0084
8738,18.0084
8739,15.0169
8740,13.0253
8741,13.0337
8742,11.0422
8743,10.0506
8744,5.05903
8745,5.00843
8746,15.0084
8747,8.01686
8748,3.0253
8749,7.00843
8750,5.01687
8751,1.0253
8752,3.00843
8753,14.0084
8754,12.0084
8755,7.00843
8756,1.01686
8757,1.0253
8758,17.0084
8759,7.01687
8760,8.00843
8761,8.01686
8762,8.0253
8763,13.0084
8764,19.0084
8765,2.01687
8766,12.0084
8767,13.0084
8768,1.01686
8769,5.00843
8770,16.0084
8771,10.0169
8772,1.0253
8773,2.00843
8774,15.0084
8775,1.01686
8776,1.0253
8777,20.0084
8778,8.01686
8779,8.0253
8780,5.03373
8781,9.00843
8782,7.00843
8783,3.01687
8784,12.0084
8785,3.01687
8786,18.0084
8787,8.01686
8788,1.0253
8789,9.00843
8790,7.01687
8791,5.0253
8792,16.0084
8793,8.01686
8794,17.0084
8795,14.0084
8796,7.01687
8797,13.0084
8798,10.0169
8799,8.0253
8800,7.00843
8801,7.01687
8802,10.0084
8803,8.01686
8804,1.0253
8805,17.0084
8806,7.01687
8807,18.0084
8808,8.01686
8809,5.0253
8810,1.03373
8811,1.04216
8812,20.0084
8813,18.0084
8814,18.0169
8815,8.0253
8816,5.00843
8817,2.01687
8818,13.0084
8819,3.01687
8820,18.0084
8821,7.00843
8822,10.0084
8823,9.01686
8824,1.00843
8825,1.01686
8826,16.0084
8827,5.01687
8828,1.0253
8829,13.0084
8830,10.0169
8831,6.0253
8832,3.03373
8833,12.0084
8834,11.0084
8835,1.01686
8836,8.00843
8837,8.00843
8838,8.01686
8839,3.00843
8840,14.0084
8841,3.01687
8842,6.00843
8843,16.0084
8844,15.0169
8845,16.0084
8846,10.0169
8847,8.00843
8848,8.00843
8849,3.01687
8850,10.0084
8851,7.00843
8852,5.01687
8853,5.0253
8854,12.0084
8855,8.01686
8856,7.0253
8857,16.0084
8858,8.01686
8859,1.0253
8860,12.0084
8861,10.0169
8862,10.0253
8863,10.0084
8864,8.01686
8865,1.0253
8866,1.03373
8867,16.0084
8868,3.01687
8869,4.00843
8870,7.00843
8871,3.01687
8872,5.00843
8873,3.01687
8874,7.00843
8875,15.0084
8876,1.01686
8877,16.0084
8878,10.0169
8879,10.0253
8880,5.00843
8881,5.01687
8882,5.00843
8883,14.0084
8884,9.01686
8885,10.0084
8886,8.01686
8887,8.0253
8888,3.03373
8889,1.04216
8890,20.0084
8891,8.01686
8892,3.00843
8893,1.00843
8894,4.00843
8895,1.01686
8896,14.0084
8897,8.01686
8898,17.0084
8899,4.01687
8900,15.0084
8901,14.0169
8902,1.0253
8903,1.03373
8904,18.0084
8905,11.0084
8906,6.01687
8907,7.00843
8908,6.01687
8909,5.0253
8910,7.00843
8911,8.00843
8912,8.01686
8913,9.00843
8914,14.0084
8915,12.0084
8916,6.01687
8917,5.0253
8918,8.00843
8919,1.01686
8920,15.0084
8921,9.01686
8922,7.00843
8923,10.0084
8924,9.01686
8925,8.0253
8926,2.03373
8927,16.0084
8928,16.0084
8929,10.0169
8930,18.0084
8931,15.0169
8932,8.00843
8933,8.00843
8934,8.01686
8935,13.0084
8936,13.0084
8937,5.01687
8938,12.0084
8939,7.00843
8940,2.00843
8941,8.00843
8942,12.0084
8943,12.0169
8944,1.0253
8945,7.00843
8946,3.01687
8947,15.0084
8948,7.01687
8949,5.00843
8950,8.00843
8951,8.01686
8952,5.0253
8953,16.0084
8954,8.01686
8955,7.0253
8956,7.00843
8957,12.0084
8958,10.0169
8959,1.0253
8960,20.0084
8961,10.0169
8962,6.00843
8963,10.0084
8964,19.0084
8965,14.0169
8966,14.0253
8967,8.03373
8968,7.04216
8969,18.0084
8970,19.0084
8971,20.0084
8972,14.0084
8973,14.0169
8974,3.0253
8975,15.0084
8976,13.0169
8977,8.0253
8978,7.00843
8979,5.01687
8980,5.0253
8981,17.0084
8982,1.00843
8983,12.0084
8984,8.01686
8985,8.0253
8986,8.03373
8987,7.04216
8988,18.0084
8989,18.0169
8990,13.0253
8991,8.03373
8992,3.04216
8993,14.0084
8994,10.0169
8995,10.0084
8996,2.00843
8997,15.0084
8998,13.0169
8999,16.0084
9000,5.01687
9001,5.0253
9002,5.03373
9003,16.0084
9004,15.0169
9005,7.0253
9006,7.03373
9007,1.04216
9008,16.0084
9009,8.01686
9010,8.0253
9011,8.03373
9012,7.04216
9013,2.05059
9014,1.05903
9015,12.0084
9016,8.01686
9017,3.0253
9018,10.0084
9019,4.01687
9020,14.0084
9021,5.01687
9022,1.0253
9023,5.00843
9024,12.0084
9025,7.00843
9026,7.01687
9027,2.0253
9028,14.0084
9029,7.01687
9030,5.0253
9031,3.03373
9032,1.04216
9033,3.00843
9034,1.01686
9035,12.0084
9036,10.0169
9037,7.0253
9038,7.03373
9039,3.04216
9040,8.00843
9041,8.01686
9042,8.0253
9043,5.03373
9044,12.0084
9045,5.01687
9046,13.0084
9047,10.0169
9048,10.0253
9049,5.03373
9050,12.0084
9051,10.0084
9052,5.01687
9053,16.0084
9054,12.0169
9055,12.0253
9056,10.0337
9057,9.04216
9058,1.00843
9059,18.0084
9060,18.0169
9061,13.0253
9062,10.0084
9063,10.0169
9064,3.0253
9065,7.00843
9066,7.00843
9067,5.01687
9068,1.00843
9069,1.01686
9070,8.00843
9071,5.01687
9072,3.0253
9073,12.0084
9074,14.0084
9075,9.01686
9076,14.0084
9077,8.01686
9078,3.0253
9079,1.00843
9080,19.0084
9081,12.0169
9082,8.00843
9083,2.01687
9084,16.0084
9085,5.01687
9086,7.00843
9087,2.01687
9088,14.0084
9089,12.0084
9090,7.01687
9091,6.0253
9092,5.03373
9093,13.0084
9094,18.0084
9095,12.0084
9096,12.0169
9097,9.0253
9098,3.03373
9099,1.04216
9100,13.0084
9101,8.00843
9102,1.00843
9103,7.00843
9104,5.00843
9105,5.01687
9106,3.00843
9107,3.00843
9108,8.00843
9109,8.01686
9110,8.0253
9111,17.0084
9112,10.0084
9113,10.0169
9114,9.00843
9115,5.00843
9116,13.0084
9117,15.0084
9118,7.00843
9119,16.0084
9120,14.0169
9121,6.00843
9122,5.01687
9123,13.0084
9124,1.01686
9125,5.00843
9126,3.00843
9127,14.0084
9128,1.01686
9129,12.0084
9130,7.00843
9131,7.01687
9132,7.00843
9133,12.0084
9134,8.01686
9135,8.0253
9136,8.00843
9137,7.01687
9138,14.0084
9139,12.0084
9140,7.00843
9141,17.0084
9142,18.0084
9143,14.0169
9144,14.0084
9145,8.01686
9146,5.0253
9147,12.0084
9148,8.01686
9149,5.0253
9150,13.0084
9151,8.01686
9152,5.00843
9153,3.01687
9154,15.0084
9155,1.01686
9156,15.0084
9157,10.0169
9158,10.0084
9159,8.01686
9160,7.0253
9161,16.0084
9162,12.0169
9163,8.0253
9164,12.0084
9165,10.0169
9166,5.00843
9167,1.01686
9168,5.00843
9169,8.00843
9170,16.0084
9171,10.0169
9172,7.0253
9173,5.00843
9174,10.0084
9175,10.0084
9176,14.0084
9177,8.01686
9178,3.0253
9179,18.0084
9180,13.0169
9181,16.0084
9182,3.00843
9183,3.01687
9184,2.0253
9185,16.0084
9186,13.0084
9187,13.0169
9188,2.0253
9189,18.0084
9190,16.0169
9191,7.0253
9192,7.03373
9193,8.00843
9194,1.01686
9195,10.0084
9196,18.0084
9197,7.01687
9198,3.0253
9199,14.0084
9200,10.0169
9201,8.0253
9202,2.03373
9203,6.00843
9204,1.01686
9205,14.0084
9206,3.00843
9207,3.01687
9208,3.0253
9209,5.00843
9210,5.01687
9211,3.0253
9212,14.0084
9213,7.00843
9214,5.01687
9215,5.0253
9216,8.00843
9217,8.01686
9218,8.0253
9219,14.0084
9220,9.01686
9221,9.0253
9222,12.0084
9223,3.00843
9224,3.01687
9225,12.0084
9226,12.0169
9227,7.0253
9228,14.0084
9229,12.0084
9230,5.01687
9231,1.0253
9232,1.03373
9233,7.00843
9234,2.01687
9235,14.0084
9236,1.01686
9237,1.0253
9238,5.00843
9239,3.01687
9240,12.0084
9241,18.0084
9242,8.01686
9243,5.0253
9244,5.03373
9245,1.00843
9246,3.00843
9247,8.00843
9248,3.01687
9249,6.00843
9250,5.01687
9251,5.0253
9252,16.0084
9253,14.0169
9254,14.0253
9255,14.0337
9256,16.0084
9257,14.0169
9258,14.0253
9259,8.03373
9260,5.04216
9261,3.05059
9262,17.0084
9263,10.0169
9264,7.0253
9265,18.0084
9266,10.0169
9267,10.0253
9268,3.03373
9269,11.0084
9270,10.0169
9271,1.0253
9272,1.03373
9273,1.04216
9274,12.0084
9275,2.01687
9276,2.0253
9277,14.0084
9278,12.0169
9279,10.0253
9280,4.03373
9281,3.04216
9282,13.0084
9283,12.0169
9284,12.0084
9285,5.01687
9286,1.0253
9287,16.0084
9288,6.01687
9289,6.0253
9290,15.0084
9291,10.0169
9292,7.0253
9293,18.0084
9294,8.01686
9295,8.0253
9296,8.03373
9297,12.0084
9298,5.01687
9299,13.0084
9300,5.01687
9301,12.0084
9302,11.0169
9303,9.0253
9304,7.03373
9305,6.04216
9306,1.05059
9307,12.0084
9308,12.0169
9309,1.0253
9310,16.0084
9311,14.0169
9312,10.0253
9313,3.00843
9314,18.0084
9315,15.0169
9316,5.0253
9317,16.0084
9318,5.01687
9319,12.0084
9320,3.01687
9321,3.0253
9322,16.0084
9323,17.0084
9324,3.01687
9325,16.0084
9326,16.0084
9327,16.0169
9328,7.00843
9329,12.0084
9330,5.00843
9331,19.0084
9332,5.00843
9333,16.0084
9334,3.01687
9335,1.00843
9336,5.00843
9337,3.00843
9338,19.0084
9339,1.01686
9340,18.0084
9341,12.0169
9342,7.0253
9343,7.00843
9344,2.00843
9345,3.00843
9346,7.00843
9347,14.0084
9348,10.0169
9349,7.0253
9350,10.0084
9351,9.01686
9352,2.0253
9353,8.00843
9354,2.01687
9355,16.0084
9356,13.0169
9357,10.0253
9358,5.00843
9359,12.0084
9360,10.0169
9361,16.0084
9362,10.0084
9363,8.01686
9364,7.0253
9365,5.03373
9366,2.04216
9367,18.0084
9368,14.0169
9369,3.0253
9370,3.03373
9371,15.0084
9372,7.01687
9373,16.0084
9374,16.0084
9375,17.0084
9376,12.0169
9377,10.0253
9378,7.03373
9379,7.04216
9380,10.0084
9381,8.01686
9382,1.0253
9383,20.0084
9384,12.0169
9385,9.0253
9386,16.0084
9387,1.01686
9388,14.0084
9389,8.01686
9390,5.0253
9391,5.03373
9392,7.00843
9393,3.01687
9394,1.0253
9395,19.0084
9396,5.01687
9397,3.00843
9398,19.0084
9399,16.0169
9400,5.0253
9401,4.03373
9402,20.0084
9403,17.0169
9404,20.0084
9405,12.0169
9406,7.0253
9407,10.0084
9408,8.01686
9409,8.0253
9410,1.03373
9411,12.0084
9412,10.0169
9413,5.0253
9414,2.03373
9415,1.04216
9416,13.0084
9417,14.0084
9418,5.01687
9419,10.0084
9420,6.01687
9421,3.0253
9422,14.0084
9423,7.01687
9424,16.0084
9425,8.01686
9426,8.0253
9427,8.03373
9428,8.04216
9429,17.0084
9430,10.0169
9431,18.0084
9432,1.01686
9433,7.00843
9434,7.01687
9435,17.0084
9436,13.0169
9437,8.0253
9438,14.0084
9439,14.0169
9440,14.0084
9441,8.01686
9442,8.0253
9443,18.0084
9444,1.00843
9445,11.0084
9446,5.00843
9447,12.0084
9448,10.0084
9449,10.0084
9450,18.0084
9451,18.0169
9452,8.0253
9453,16.0084
9454,7.01687
9455,6.0253
9456,5.00843
9457,1.01686
9458,1.0253
9459,8.00843
9460,10.0084
9461,5.01687
9462,3.0253
9463,3.03373
9464,8.00843
9465,6.01687
9466,10.0084
9467,8.01686
9468,4.0253
9469,3.03373
9470,8.00843
9471,8.01686
9472,10.0084
9473,8.01686
9474,8.0253
9475,1.00843
9476,6.00843
9477,3.01687
9478,3.0253
9479,13.0084
9480,8.01686
9481,7.0253
9482,15.0084
9483,9.01686
9484,8.0253
9485,5.00843
9486,1.00843
9487,14.0084
9488,17.0084
9489,13.0169
9490,10.0253
9491,10.0084
9492,5.01687
9493,1.0253
9494,1.03373
9495,11.0084
9496,5.01687
9497,3.00843
9498,7.00843
9499,8.00843
9500,16.0084
9501,4.00843
9502,18.0084
9503,18.0169
9504,9.00843
9505,4.00843
9506,1.01686
9507,7.00843
9508,1.01686
9509,15.0084
9510,16.0084
9511,8.01686
9512,4.0253
9513,16.0084
9514,14.0169
9515,14.0253
9516,5.03373
9517,18.0084
9518,18.0169
9519,7.0253
9520,7.03373
9521,7.00843
9522,3.00843
9523,9.00843
9524,4.01687
9525,1.0253
9526,10.0084
9527,7.01687
9528,5.00843
9529,7.00843
9530,7.00843
9531,10.0084
9532,12.0084
9533,10.0084
9534,8.01686
9535,7.0253
9536,13.0084
9537,7.01687
9538,1.0253
9539,10.0084
9540,7.01687
9541,5.0253
9542,3.00843
9543,14.0084
9544,8.00843
9545,8.01686
9546,3.0253
9547,12.0084
9548,5.01687
9549,12.0084
9550,8.01686
9551,8.0253
9552,13.0084
9553,12.0169
9554,16.0084
9555,18.0084
9556,7.00843
9557,3.00843
9558,1.01686
9559,8.00843
9560,7.01687
9561,2.0253
9562,18.0084
9563,8.01686
9564,17.0084
9565,10.0169
9566,10.0253
9567,18.0084
9568,12.0169
9569,1.0253
9570,12.0084
9571,12.0169
9572,1.0253
9573,14.0084
9574,12.0084
9575,6.01687
9576,5.0253
9577,6.00843
9578,9.00843
9579,8.01686
9580,10.0084
9581,10.0084
9582,5.00843
9583,3.01687
9584,1.00843
9585,1.00843
9586,16.0084
9587,3.01687
9588,13.0084
9589,6.00843
9590,13.0084
9591,12.0169
9592,1.0253
9593,9.00843
9594,1.01686
9595,12.0084
9596,8.01686
9597,9.00843
9598,1.01686
9599,1.00843
9600,10.0084
9601,12.0084
9602,13.0084
9603,8.01686
9604,14.0084
9605,12.0169
9606,10.0084
9607,11.0084
9608,7.01687
9609,3.0253
9610,1.03373
9611,12.0084
9612,14.0084
9613,1.01686
9614,5.00843
9615,1.01686
9616,3.00843
9617,3.00843
9618,1.01686
9619,18.0084
9620,10.0169
9621,10.0253
9622,10.0337
9623,8.04216
9624,5.05059
9625,5.05903
9626,11.0084
9627,1.00843
9628,1.00843
9629,18.0084
9630,10.0084
9631,9.01686
9632,14.0084
9633,8.01686
9634,5.0253
9635,12.0084
9636,3.01687
9637,13.0084
9638,13.0169
9639,8.0253
9640,7.03373
9641,5.04216
9642,1.00843
9643,14.0084
9644,12.0169
9645,7.0253
9646,12.0084
9647,1.00843
9648,1.01686
9649,2.00843
9650,16.0084
9651,1.01686
9652,14.0084
9653,10.0169
9654,6.00843
9655,3.01687
9656,1.0253
9657,3.00843
9658,13.0084
9659,10.0169
9660,10.0253
9661,1.03373
9662,7.00843
9663,13.0084
9664,8.01686
9665,12.0084
9666,12.0169
9667,10.0253
9668,10.0337
9669,7.04216
9670,14.0084
9671,5.01687
9672,5.0253
9673,17.0084
9674,1.01686
9675,16.0084
9676,3.01687
9677,12.0084
9678,5.01687
9679,3.0253
9680,16.0084
9681,3.00843
9682,3.01687
9683,14.0084
9684,8.01686
9685,8.0253
9686,5.03373
9687,1.00843
9688,10.0084
9689,8.01686
9690,8.0253
9691,8.00843
9692,16.0084
9693,5.01687
9694,2.0253
9695,16.0084
9696,12.0169
9697,14.0084
9698,5.01687
9699,19.0084
9700,8.01686
9701,1.0253
9702,1.03373
9703,20.0084
9704,16.0169
9705,8.0253
9706,8.00843
9707,1.00843
9708,19.0084
9709,12.0169
9710,10.0253
9711,3.03373
9712,3.04216
9713,2.05059
9714,18.0084
9715,3.01687
9716,2.00843
9717,7.00843
9718,17.0084
9719,17.0169
9720,10.0253
9721,10.0337
9722,8.04216
9723,18.0084
9724,7.01687
9725,13.0084
9726,5.01687
9727,1.00843
9728,12.0084
9729,5.01687
9730,6.00843
9731,3.01687
9732,7.00843
9733,18.0084
9734,16.0169
9735,5.0253
9736,5.03373
9737,19.0084
9738,18.0084
9739,12.0169
9740,7.0253
9741,1.03373
9742,1.04216
9743,1.00843
9744,5.00843
9745,10.0084
9746,8.01686
9747,14.0084
9748,13.0084
9749,12.0084
9750,16.0084
9751,5.01687
9752,17.0084
9753,1.01686
9754,11.0084
9755,7.01687
9756,16.0084
9757,8.01686
9758,3.0253
9759,13.0084
9760,1.01686
9761,10.0084
9762,4.01687
9763,6.00843
9764,1.01686
9765,17.0084
9766,5.01687
9767,18.0084
9768,13.0169
9769,12.0253
9770,8.03373
9771,16.0084
9772,14.0169
9773,8.0253
9774,7.03373
9775,15.0084
9776,15.0169
9777,8.0253
9778,10.0084
9779,6.01687
9780,10.0084
9781,7.01687
9782,1.0253
9783,1.03373
9784,12.0084
9785,13.0084
9786,12.0169
9787,4.00843
9788,1.00843
9789,16.0084
9790,12.0169
9791,7.00843
9792,8.00843
9793,16.0084
9794,13.0169
9795,5.0253
9796,13.0084
9797,7.00843
9798,1.01686
9799,16.0084
9800,14.0169
9801,8.00843
9802,6.01687
9803,5.0253
9804,7.00843
9805,1.00843
9806,10.0084
9807,3.01687
9808,12.0084
9809,10.0169
9810,13.0084
9811,17.0084
9812,16.0169
9813,18.0084
9814,18.0084
9815,7.01687
9816,4.0253
9817,5.00843
9818,17.0084
9819,3.01687
9820,8.00843
9821,5.01687
9822,5.00843
9823,3.01687
9824,7.00843
9825,2.00843
9826,12.0084
9827,3.01687
9828,5.00843
9829,5.01687
9830,13.0084
9831,18.0084
9832,8.01686
9833,8.0253
9834,8.03373
9835,6.00843
9836,10.0084
9837,12.0084
9838,3.01687
9839,12.0084
9840,10.0084
9841,16.0084
9842,8.01686
9843,13.0084
9844,18.0084
9845,15.0169
9846,3.0253
9847,1.03373
9848,1.00843
9849,1.01686
9850,20.0084
9851,16.0169
9852,8.0253
9853,8.03373
9854,3.04216
9855,3.05059
9856,3.05903
9857,3.00843
9858,16.0084
9859,7.00843
9860,5.01687
9861,10.0084
9862,10.0084
9863,7.01687
9864,7.0253
9865,2.03373
9866,1.04216
9867,14.0084
9868,14.0169
9869,8.0253
9870,3.03373
9871,12.0084
9872,3.01687
9873,16.0084
9874,12.0169
9875,10.0253
9876,3.03373
9877,14.0084
9878,7.01687
9879,1.0253
9880,16.0084
9881,16.0169
9882,8.0253
9883,16.0084
9884,7.01687
9885,10.0084
9886,16.0084
9887,7.01687
9888,5.0253
9889,20.0084
9890,9.01686
9891,10.0084
9892,7.01687
9893,12.0084
9894,8.01686
9895,8.0253
9896,5.03373
9897,14.0084
9898,13.0169
9899,15.0084
9900,7.01687
9901,3.0253
9902,5.00843
9903,5.01687
9904,18.0084
9905,14.0169
9906,13.0084
9907,18.0084
9908,15.0169
9909,12.0253
9910,1.00843
9911,18.0084
9912,16.0084
9913,11.0169
9914,8.0253
9915,8.00843
9916,1.01686
9917,15.0084
9918,14.0169
9919,1.00843
9920,7.00843
9921,2.01687
9922,1.0253
9923,12.0084
9924,10.0084
9925,1.01686
9926,19.0084
9927,8.01686
9928,2.0253
9929,12.0084
9930,1.01686
9931,16.0084
9932,5.00843
9933,7.00843
9934,1.01686
9935,16.0084
9936,10.0084
9937,10.0169
9938,10.0084
9939,13.0084
9940,12.0169
9941,7.0253
9942,8.00843
9943,3.01687
9944,14.0084
9945,7.01687
9946,8.00843
9947,1.01686
9948,8.00843
9949,3.01687
9950,3.0253
9951,9.00843
9952,2.01687
9953,18.0084
9954,3.00843
9955,14.0084
9956,8.01686
9957,1.0253
9958,7.00843
9959,5.01687
9960,5.00843
9961,1.01686
9962,7.00843
9963,1.01686
9964,14.0084
9965,12.0169
9966,19.0084
9967,3.01687
9968,14.0084
9969,15.0084
9970,10.0169
9971,9.00843
9972,9.01686
9973,7.0253
9974,13.0084
9975,16.0084
9976,5.01687
9977,19.0084
9978,1.00843
9979,1.01686
9980,1.0253
9981,13.0084
9982,2.01687
9983,15.0084
9984,3.01687
9985,14.0084
9986,10.0169
9987,1.0253
9988,16.0084
9989,16.0169
9990,5.0253
9991,5.03373
9992,5.00843
9993,7.00843
9994,6.01687
9995,8.00843
9996,8.01686
9997,3.0253
9998,1.03373
9999,10.0084
10000,7.01687
10001,1.0253
10002,5.00843
10003,1.01686
10004,15.0084
10005,14.0169
10006,8.0253
10007,5.03373
10008,1.04216
10009,13.0084
10010,5.01687
10011,16.0084
10012,8.01686
10013,8.0253
10014,5.03373
10015,15.0084
10016,12.0169
10017,10.0253
10018,5.03373
10019,16.0084
10020,13.0169
10021,5.0253
10022,3.03373
10023,1.04216
10024,1.05059
10025,17.0084
10026,13.0169
10027,18.0084
10028,8.01686
10029,3.0253
10030,1.03373
10031,3.00843
10032,1.01686
10033,10.0084
10034,3.01687
10035,3.0253
10036,1.03373
10037,18.0084
10038,5.01687
10039,14.0084
10040,5.01687
10041,1.0253
10042,18.0084
10043,13.0169
10044,8.0253
10045,5.03373
10046,2.00843
10047,8.00843
10048,8.01686
10049,8.0253
10050,8.03373
10051,5.00843
10052,10.0084
10053,8.01686
10054,12.0084
10055,3.01687
10056,1.0253
10057,1.03373
10058,12.0084
10059,10.0169
10060,8.0253
10061,7.03373
10062,2.04216
10063,1.00843
10064,13.0084
10065,18.0084
10066,18.0169
10067,16.0253
10068,15.0337
10069,12.0084
10070,11.0169
10071,1.0253
10072,1.03373
10073,1.04216
10074,10.0084
10075,3.01687
10076,3.0253
10077,13.0084
10078,12.0169
10079,12.0253
10080,5.03373
10081,16.0084
10082,5.01687
10083,14.0084
10084,18.0084
10085,15.0169
10086,16.0084
10087,9.01686
10088,5.0253
10089,10.0084
10090,8.01686
10091,11.0084
10092,10.0169
10093,8.0253
10094,12.0084
10095,6.01687
10096,8.00843
10097,3.00843
10098,10.0084
10099,1.01686
10100,1.0253
10101,18.0084
10102,5.00843
10103,5.01687
10104,1.00843
10105,17.0084
10106,15.0169
10107,8.0253
10108,8.03373
10109,13.0084
10110,18.0084
10111,9.00843
10112,5.00843
10113,5.01687
10114,7.00843
10115,15.0084
10116,8.00843
10117,10.0084
10118,10.0084
10119,14.0084
10120,9.00843
10121,16.0084
10122,3.01687
10123,11.0084
10124,18.0084
10125,5.00843
10126,15.0084
10127,8.01686
10128,3.00843
10129,1.00843
10130,16.0084
10131,14.0169
10132,10.0253
10133,12.0084
10134,12.0169
10135,7.0253
10136,2.03373
10137,1.04216
10138,12.0084
10139,15.0084
10140,12.0169
10141,6.0253
10142,12.0084
10143,3.01687
10144,6.00843
10145,5.01687
10146,3.0253
10147,20.0084
10148,10.0169
10149,8.0253
10150,7.03373
10151,16.0084
10152,13.0169
10153,8.00843
10154,17.0084
10155,1.01686
10156,14.0084
10157,1.01686
10158,12.0084
10159,3.01687
10160,3.00843
10161,14.0084
10162,5.00843
10163,7.00843
10164,6.00843
10165,1.01686
10166,3.00843
10167,14.0084
10168,3.01687
10169,12.0084
10170,8.01686
10171,5.00843
10172,3.01687
10173,6.00843
10174,1.01686
10175,1.0253
10176,14.0084
10177,8.01686
10178,8.0253
10179,3.03373
10180,16.0084
10181,8.01686
10182,17.0084
10183,16.0169
10184,8.0253
10185,10.0084
10186,16.0084
10187,8.01686
10188,5.0253
10189,10.0084
10190,10.0169
10191,13.0084
10192,7.01687
10193,1.0253
10194,16.0084
10195,4.01687
10196,18.0084
10197,12.0084
10198,12.0169
10199,5.0253
10200,5.03373
10201,1.04216
10202,1.05059
10203,18.0084
10204,12.0169
10205,17.0084
10206,10.0084
10207,4.00843
10208,10.0084
10209,10.0084
10210,8.01686
10211,7.00843
10212,6.01687
10213,10.0084
10214,8.01686
10215,8.0253
10216,19.0084
10217,10.0169
10218,9.0253
10219,10.0084
10220,18.0084
10221,13.0169
10222,12.0253
10223,12.0084
10224,15.0084
10225,15.0169
10226,5.0253
10227,1.00843
10228,3.00843
10229,2.01687
10230,12.0084
10231,2.00843
10232,10.0084
10233,16.0084
10234,6.01687
10235,8.00843
10236,7.01687
10237,6.0253
10238,3.03373
10239,10.0084
10240,1.01686
10241,10.0084
10242,9.01686
10243,5.0253
10244,12.0084
10245,10.0169
10246,7.0253
10247,12.0084
10248,14.0084
10249,13.0169
10250,13.0084
10251,6.01687
10252,3.0253
10253,10.0084
10254,16.0084
10255,5.01687
10256,15.0084
10257,3.00843
10258,8.00843
10259,19.0084
10260,14.0169
10261,15.0084
10262,7.00843
10263,3.01687
10264,18.0084
10265,8.01686
10266,3.0253
10267,5.00843
10268,5.01687
10269,5.00843
10270,12.0084
10271,2.01687
10272,14.0084
10273,13.0169
10274,10.0253
10275,14.0084
10276,5.01687
10277,14.0084
10278,8.00843
10279,7.01687
10280,1.0253
10281,2.00843
10282,9.00843
10283,8.01686
10284,8.0253
10285,16.0084
10286,10.0169
10287,16.0084
10288,12.0169
10289,8.0253
10290,1.03373
10291,12.0084
10292,7.01687
10293,18.0084
10294,8.01686
10295,7.0253
10296,1.03373
10297,1.00843
10298,20.0084
10299,10.0169
10300,8.0253
10301,3.00843
10302,17.0084
10303,12.0169
10304,12.0084
10305,12.0169
10306,7.0253
10307,20.0084
10308,14.0169
10309,8.0253
10310,15.0084
10311,14.0169
10312,3.0253
10313,16.0084
10314,10.0084
10315,19.0084
10316,1.00843
10317,1.01686
10318,1.00843
10319,8.00843
10320,2.01687
10321,5.00843
10322,12.0084
10323,16.0084
10324,16.0084
10325,9.01686
10326,1.0253
10327,7.00843
10328,5.01687
10329,13.0084
10330,1.01686
10331,16.0084
10332,13.0169
10333,1.0253
10334,10.0084
10335,5.01687
10336,3.00843
10337,3.01687
10338,1.0253
10339,8.00843
10340,1.01686
10341,18.0084
10342,5.01687
10343,14.0084
10344,10.0169
10345,19.0084
10346,13.0169
10347,8.0253
10348,7.03373
10349,6.04216
10350,8.00843
10351,8.01686
10352,12.0084
10353,10.0169
10354,8.0253
10355,7.03373
10356,10.0084
10357,10.0169
10358,12.0084
10359,12.0169
10360,16.0084
10361,12.0169
10362,16.0084
10363,16.0169
10364,5.00843
10365,16.0084
10366,5.01687
10367,1.00843
10368,1.00843
10369,1.00843
10370,18.0084
10371,8.00843
10372,6.01687
10373,13.0084
10374,3.01687
10375,3.0253
10376,1.03373
10377,1.04216
10378,14.0084
10379,13.0084
10380,10.0169
10381,1.0253
10382,8.00843
10383,5.01687
10384,10.0084
10385,9.00843
10386,6.01687
10387,6.0253
10388,12.0084
10389,12.0084
10390,8.01686
10391,7.0253
10392,14.0084
10393,10.0169
10394,10.0084
10395,18.0084
10396,12.0084
10397,4.00843
10398,3.01687
10399,7.00843
10400,5.01687
10401,7.00843
10402,8.00843
10403,8.01686
10404,12.0084
10405,3.01687
10406,7.00843
10407,12.0084
10408,14.0084
10409,1.01686
10410,16.0084
10411,2.00843
10412,13.0084
10413,14.0084
10414,8.01686
10415,12.0084
10416,3.01687
10417,3.0253
10418,5.00843
10419,8.00843
10420,6.01687
10421,18.0084
10422,8.01686
10423,15.0084
10424,1.01686
10425,13.0084
10426,3.01687
10427,1.0253
10428,1.03373
10429,12.0084
10430,3.01687
10431,1.0253
10432,1.03373
10433,1.04216
10434,1.05059
10435,2.00843
10436,14.0084
10437,3.01687
10438,3.0253
10439,5.00843
10440,8.00843
10441,5.01687
10442,5.0253
10443,5.03373
10444,6.00843
10445,8.00843
10446,8.01686
10447,7.0253
10448,8.00843
10449,8.01686
10450,13.0084
10451,14.0084
10452,3.01687
10453,16.0084
10454,16.0169
10455,15.0253
10456,5.00843
10457,6.00843
10458,13.0084
10459,8.01686
10460,3.00843
10461,1.01686
10462,1.0253
10463,8.00843
10464,12.0084
10465,8.01686
10466,6.0253
10467,3.03373
10468,4.00843
10469,1.00843
10470,16.0084
10471,7.01687
10472,3.0253
10473,1.03373
10474,16.0084
10475,8.01686
10476,6.0253
10477,5.00843
10478,5.01687
10479,13.0084
10480,13.0169
10481,14.0084
10482,5.01687
10483,5.0253
10484,1.03373
10485,6.00843
10486,6.01687
10487,1.00843
10488,14.0084
10489,5.00843
10490,5.01687
10491,1.0253
10492,16.0084
10493,16.0169
10494,14.0253
10495,16.0084
10496,13.0169
10497,8.0253
10498,3.03373
10499,18.0084
10500,5.00843
10501,20.0084
10502,14.0169
10503,12.0253
10504,16.0084
10505,14.0169
10506,1.0253
10507,10.0084
10508,8.01686
10509,3.0253
10510,5.00843
10511,14.0084
10512,8.01686
10513,8.00843
10514,5.01687
10515,5.0253
10516,5.03373
10517,5.00843
10518,20.0084
10519,13.0169
10520,6.0253
10521,3.03373
10522,9.00843
10523,8.00843
10524,8.01686
10525,6.0253
10526,3.03373
10527,1.04216
10528,1.00843
10529,13.0084
10530,10.0084
10531,1.00843
10532,16.0084
10533,10.0169
10534,15.0084
10535,18.0084
10536,16.0169
10537,4.0253
10538,8.00843
10539,4.01687
10540,20.0084
10541,12.0169
10542,8.00843
10543,8.01686
10544,8.0253
10545,12.0084
10546,8.01686
10547,1.00843
10548,5.00843
10549,1.01686
10550,8.00843
10551,1.00843
10552,1.01686
10553,15.0084
10554,2.01687
10555,8.00843
10556,8.01686
10557,5.0253
10558,5.03373
10559,1.04216
10560,17.0084
10561,6.01687
10562,7.00843
10563,7.01687
10564,17.0084
10565,20.0084
10566,12.0169
10567,10.0084
10568,16.0084
10569,11.0169
10570,8.00843
10571,5.00843
10572,3.00843
10573,18.0084
10574,16.0169
10575,10.0253
10576,8.03373
10577,1.04216
10578,1.00843
10579,7.00843
10580,10.0084
10581,8.01686
10582,1.00843
10583,5.00843
10584,9.00843
10585,6.01687
10586,10.0084
10587,7.00843
10588,5.00843
10589,14.0084
10590,7.00843
10591,8.00843
10592,10.0084
10593,8.01686
10594,10.0084
10595,10.0169
10596,9.0253
10597,7.03373
10598,1.04216
10599,18.0084
10600,18.0084
10601,14.0169
10602,12.0253
10603,11.0337
10604,3.04216
10605,12.0084
10606,1.01686
10607,7.00843
10608,1.01686
10609,8.00843
10610,8.01686
10611,18.0084
10612,3.01687
10613,1.0253
10614,10.0084
10615,10.0169
10616,3.0253
10617,1.00843
10618,7.00843
10619,6.01687
10620,3.0253
10621,7.00843
10622,18.0084
10623,13.0169
10624,7.0253
10625,1.03373
10626,12.0084
10627,8.01686
10628,12.0084
10629,11.0169
10630,18.0084
10631,16.0169
10632,10.0253
10633,8.03373
10634,7.00843
10635,3.01687
10636,8.00843
10637,3.01687
10638,10.0084
10639,10.0169
10640,3.0253
10641,18.0084
10642,13.0169
10643,14.0084
10644,13.0169
10645,10.0084
10646,18.0084
10647,1.01686
10648,10.0084
10649,16.0084
10650,12.0169
10651,10.0084
10652,10.0084
10653,7.01687
10654,6.00843
10655,8.00843
10656,5.01687
10657,8.00843
10658,3.01687
10659,5.00843
10660,5.00843
10661,14.0084
10662,1.01686
10663,8.00843
10664,8.00843
10665,1.01686
10666,5.00843
10667,1.01686
10668,10.0084
10669,10.0169
10670,13.0084
10671,16.0084
10672,14.0169
10673,1.0253
10674,5.00843
10675,1.01686
10676,8.00843
10677,14.0084
10678,9.00843
10679,14.0084
10680,14.0169
10681,8.0253
10682,5.03373
10683,8.00843
10684,7.01687
10685,1.00843
10686,10.0084
10687,3.01687
10688,7.00843
10689,4.01687
10690,16.0084
10691,17.0084
10692,4.00843
10693,8.00843
10694,18.0084
10695,16.0169
10696,9.0253
10697,12.0084
10698,10.0169
10699,3.0253
10700,12.0084
10701,5.00843
10702,16.0084
10703,7.01687
10704,1.00843
10705,18.0084
10706,5.01687
10707,5.0253
10708,1.03373
10709,12.0084
10710,5.01687
10711,12.0084
10712,7.01687
10713,3.0253
10714,1.03373
10715,10.0084
10716,12.0084
10717,10.0169
10718,5.0253
10719,13.0084
10720,18.0084
10721,1.01686
10722,8.00843
10723,5.01687
10724,1.0253
10725,12.0084
10726,3.01687
10727,16.0084
10728,12.0084
10729,8.00843
10730,8.00843
10731,7.00843
10732,1.01686
10733,3.00843
10734,1.01686
10735,1.0253
10736,1.03373
10737,3.00843
10738,14.0084
10739,3.01687
10740,16.0084
10741,16.0169
10742,10.0253
10743,8.00843
10744,4.01687
10745,8.00843
10746,8.01686
10747,15.0084
10748,14.0084
10749,6.01687
10750,11.0084
10751,9.01686
10752,15.0084
10753,16.0084
10754,5.00843
10755,12.0084
10756,7.01687
10757,5.0253
10758,18.0084
10759,16.0169
10760,8.00843
10761,8.01686
10762,12.0084
10763,12.0169
10764,12.0253
10765,8.03373
10766,8.04216
10767,16.0084
10768,3.01687
10769,1.00843
10770,1.01686
10771,1.00843
10772,1.01686
10773,10.0084
10774,1.01686
10775,14.0084
10776,14.0169
10777,9.0253
10778,10.0084
10779,18.0084
10780,7.01687
10781,3.0253
10782,5.00843
10783,14.0084
10784,5.00843
10785,13.0084
10786,12.0084
10787,5.01687
10788,12.0084
10789,13.0084
10790,7.01687
10791,16.0084
10792,14.0169
10793,7.0253
10794,3.00843
10795,12.0084
10796,6.00843
10797,5.00843
10798,18.0084
10799,8.01686
10800,1.0253
10801,13.0084
10802,7.01687
10803,6.0253
10804,1.03373
10805,8.00843
10806,7.01687
10807,1.00843
10808,18.0084
10809,3.01687
10810,12.0084
10811,12.0084
10812,12.0169
10813,14.0084
10814,1.01686
10815,16.0084
10816,14.0169
10817,10.0253
10818,1.03373
10819,18.0084
10820,14.0169
10821,12.0084
10822,8.01686
10823,5.0253
10824,12.0084
10825,9.01686
10826,8.0253
10827,8.03373
10828,14.0084
10829,14.0169
10830,10.0253
10831,10.0084
10832,8.01686
10833,1.0253
10834,7.00843
10835,13.0084
10836,2.01687
10837,1.0253
10838,1.00843
10839,1.00843
10840,6.00843
10841,18.0084
10842,7.01687
10843,15.0084
10844,8.01686
10845,8.0253
10846,8.03373
10847,15.0084
10848,1.01686
10849,5.00843
10850,12.0084
10851,8.01686
10852,12.0084
10853,1.01686
10854,8.00843
10855,7.01687
10856,14.0084
10857,8.01686
10858,13.0084
10859,14.0084
10860,8.01686
10861,2.00843
10862,15.0084
10863,14.0084
10864,10.0169
10865,1.0253
10866,1.03373
10867,10.0084
10868,12.0084
10869,12.0084
10870,17.0084
10871,7.01687
10872,5.0253
10873,3.03373
10874,5.00843
10875,2.00843
10876,1.01686
10877,8.00843
10878,7.01687
10879,7.0253
10880,5.03373
10881,9.00843
10882,8.01686
10883,6.00843
10884,12.0084
10885,10.0169
10886,12.0084
10887,10.0169
10888,3.0253
10889,1.03373
10890,8.00843
10891,7.01687
10892,14.0084
10893,5.01687
10894,4.0253
10895,1.00843
10896,1.01686
10897,1.00843
10898,12.0084
10899,8.01686
10900,7.0253
10901,3.03373
10902,13.0084
10903,2.01687
10904,19.0084
10905,16.0169
10906,10.0253
10907,3.03373
10908,1.04216
10909,18.0084
10910,1.01686
10911,1.0253
10912,12.0084
10913,13.0084
10914,18.0084
10915,18.0169
10916,8.0253
10917,13.0084
10918,5.01687
10919,5.0253
10920,16.0084
10921,12.0169
10922,12.0253
10923,10.0337
10924,9.04216
10925,3.05059
10926,8.00843
10927,5.01687
10928,16.0084
10929,10.0169
10930,10.0253
10931,6.03373
10932,3.04216
10933,4.00843
10934,14.0084
10935,3.00843
10936,10.0084
10937,3.01687
10938,15.0084
10939,12.0169
10940,11.0253
10941,12.0084
10942,6.00843
10943,6.00843
10944,3.01687
10945,3.00843
10946,18.0084
10947,10.0169
10948,9.0253
10949,8.03373
10950,5.04216
10951,1.05059
10952,14.0084
10953,10.0169
10954,3.0253
10955,1.03373
10956,1.04216
10957,16.0084
10958,8.01686
10959,5.0253
10960,17.0084
10961,5.01687
10962,3.0253
10963,8.00843
10964,7.01687
10965,5.0253
10966,18.0084
10967,5.01687
10968,12.0084
10969,7.01687
10970,14.0084
10971,7.01687
10972,7.0253
10973,12.0084
10974,8.01686
10975,6.0253
10976,20.0084
10977,8.01686
10978,14.0084
10979,10.0169
10980,10.0253
10981,7.03373
10982,18.0084
10983,14.0169
10984,19.0084
10985,12.0169
10986,12.0253
10987,5.03373
10988,3.04216
10989,13.0084
10990,12.0169
10991,7.0253
10992,20.0084
10993,3.01687
10994,19.0084
10995,8.01686
10996,15.0084
10997,3.01687
10998,7.00843
10999,2.01687
11000,8.00843
11001,18.0084
11002,13.0169
11003,8.00843
11004,8.01686
11005,3.0253
11006,6.00843
11007,6.01687
11008,12.0084
11009,5.01687
11010,18.0084
11011,2.01687
11012,18.0084
11013,16.0169
11014,7.0253
11015,5.03373
11016,15.0084
11017,5.01687
11018,8.00843
11019,8.01686
11020,18.0084
11021,14.0084
11022,8.01686
11023,2.0253
11024,11.0084
11025,10.0169
11026,1.0253
11027,14.0084
11028,13.0084
11029,11.0169
11030,12.0084
11031,3.01687
11032,10.0084
11033,5.01687
11034,18.0084
11035,18.0169
11036,7.0253
11037,20.0084
11038,5.01687
11039,12.0084
11040,1.01686
11041,1.0253
11042,1.03373
11043,5.00843
11044,14.0084
11045,14.0169
11046,13.0253
11047,3.03373
11048,12.0084
11049,17.0084
11050,6.01687
11051,5.0253
11052,14.0084
11053,11.0169
11054,6.0253
11055,3.03373
11056,1.04216
11057,12.0084
11058,3.01687
11059,1.0253
11060,8.00843
11061,8.01686
11062,5.0253
11063,13.0084
11064,3.01687
11065,18.0084
11066,15.0169
11067,16.0084
11068,5.01687
11069,5.0253
11070,7.00843
11071,7.01687
11072,16.0084
11073,8.01686
11074,14.0084
11075,10.0169
11076,8.0253
11077,1.03373
11078,9.00843
11079,17.0084
11080,16.0169
11081,8.00843
11082,8.01686
11083,3.0253
11084,5.00843
11085,15.0084
11086,6.00843
11087,13.0084
11088,8.01686
11089,5.0253
11090,16.0084
11091,5.00843
11092,8.00843
11093,3.00843
11094,3.01687
11095,1.0253
11096,10.0084
11097,1.01686
11098,7.00843
11099,5.01687
11100,12.0084
11101,12.0169
11102,1.0253
11103,14.0084
11104,13.0169
11105,5.00843
11106,8.00843
11107,10.0084
11108,8.01686
11109,18.0084
11110,13.0169
11111,7.0253
11112,1.03373
11113,18.0084
11114,16.0169
11115,12.0253
11116,10.0337
11117,7.00843
11118,3.01687
11119,15.0084
11120,13.0169
11121,13.0253
11122,14.0084
11123,14.0169
11124,15.0084
11125,7.01687
11126,16.0084
11127,16.0084
11128,8.01686
11129,10.0084
11130,15.0084
11131,1.01686
11132,1.0253
11133,3.00843
11134,3.01687
11135,19.0084
11136,12.0084
11137,10.0084
11138,4.01687
11139,1.0253
11140,18.0084
11141,16.0169
11142,5.0253
11143,3.03373
11144,14.0084
11145,12.0169
11146,5.0253
11147,5.03373
11148,5.04216
11149,11.0084
11150,8.01686
11151,8.0253
11152,3.03373
11153,3.04216
11154,1.05059
11155,7.00843
11156,7.01687
11157,1.0253
11158,20.0084
11159,2.01687
11160,6.00843
11161,3.01687
11162,12.0084
11163,8.01686
11164,8.0253
11165,4.03373
11166,4.04216
11167,5.00843
11168,6.00843
11169,18.0084
11170,12.0169
11171,16.0084
11172,1.01686
11173,20.0084
11174,18.0169
11175,8.0253
11176,5.00843
11177,1.01686
11178,8.00843
11179,12.0084
11180,10.0169
11181,11.0084
11182,5.01687
11183,1.00843
11184,13.0084
11185,3.01687
11186,18.0084
11187,12.0169
11188,3.0253
11189,1.00843
11190,7.00843
11191,18.0084
11192,11.0169
11193,5.0253
11194,5.03373
11195,14.0084
11196,8.01686
11197,7.0253
11198,1.00843
11199,5.00843
11200,7.00843
11201,14.0084
11202,8.01686
11203,3.0253
11204,1.03373
11205,1.04216
11206,7.00843
11207,6.01687
11208,18.0084
11209,8.01686
11210,5.00843
11211,9.00843
11212,5.00843
11213,16.0084
11214,16.0169
11215,8.0253
11216,7.00843
11217,14.0084
11218,1.01686
11219,5.00843
11220,18.0084
11221,14.0169
11222,1.0253
11223,13.0084
11224,16.0084
11225,8.00843
11226,6.00843
11227,13.0084
11228,2.00843
11229,12.0084
11230,5.01687
11231,8.00843
11232,1.00843
11233,12.0084
11234,10.0084
11235,10.0169
11236,3.0253
11237,3.03373
11238,1.04216
11239,12.0084
11240,7.01687
11241,5.0253
11242,5.03373
11243,5.04216
11244,5.00843
11245,5.01687
11246,1.0253
11247,10.0084
11248,10.0169
11249,8.0253
11250,1.03373
11251,1.04216
11252,7.00843
11253,3.00843
11254,3.01687
11255,1.0253
11256,11.0084
11257,8.01686
11258,10.0084
11259,10.0169
11260,1.0253
11261,15.0084
11262,6.01687
11263,2.0253
11264,12.0084
11265,8.01686
11266,13.0084
11267,4.01687
11268,10.0084
11269,6.01687
11270,8.00843
11271,12.0084
11272,5.00843
11273,10.0084
11274,1.01686
11275,1.0253
11276,16.0084
11277,11.0169
11278,10.0253
11279,1.03373
11280,1.00843
11281,5.00843
11282,18.0084
11283,18.0169
11284,16.0253
11285,16.0337
11286,13.0422
11287,13.0506
11288,1.05903
11289,1.06746
11290,15.0084
11291,8.01686
11292,8.0253
11293,16.0084
11294,10.0169
11295,9.0253
11296,7.03373
11297,11.0084
11298,3.01687
11299,6.00843
11300,5.01687
11301,1.0253
11302,10.0084
11303,14.0084
11304,13.0169
11305,3.0253
11306,14.0084
11307,14.0169
11308,10.0253
11309,8.03373
11310,4.04216
11311,13.0084
11312,18.0084
11313,17.0169
11314,8.0253
11315,3.00843
11316,14.0084
11317,18.0084
11318,1.00843
11319,1.01686
11320,1.0253
11321,12.0084
11322,14.0084
11323,13.0169
11324,5.00843
11325,8.00843
11326,17.0084
11327,13.0084
11328,4.01687
11329,16.0084
11330,12.0169
11331,5.0253
11332,5.03373
11333,15.0084
11334,5.01687
11335,8.00843
11336,7.01687
11337,12.0084
11338,8.01686
11339,5.00843
11340,1.00843
11341,1.00843
11342,13.0084
11343,15.0084
11344,12.0169
11345,15.0084
11346,16.0084
11347,14.0169
11348,12.0253
11349,10.0084
11350,10.0084
11351,7.01687
11352,7.0253
11353,5.03373
11354,14.0084
11355,8.01686
11356,18.0084
11357,1.00843
11358,1.01686
11359,1.0253
11360,14.0084
11361,14.0084
11362,14.0084
11363,3.01687
11364,8.00843
11365,5.01687
11366,5.0253
11367,13.0084
11368,10.0169
11369,12.0084
11370,8.01686
11371,8.0253
11372,8.03373
11373,4.04216
11374,4.05059
11375,9.00843
11376,2.01687
11377,1.0253
11378,14.0084
11379,8.01686
11380,12.0084
11381,12.0169
11382,12.0253
11383,1.03373
11384,13.0084
11385,5.00843
11386,3.01687
11387,15.0084
11388,6.01687
11389,5.0253
11390,5.00843
11391,14.0084
11392,8.01686
11393,7.0253
11394,7.00843
11395,14.0084
11396,13.0169
11397,1.0253
11398,3.00843
11399,1.01686
11400,1.0253
11401,15.0084
11402,3.01687
11403,1.0253
11404,8.00843
11405,2.01687
11406,18.0084
11407,3.01687
11408,17.0084
11409,5.01687
11410,18.0084
11411,17.0169
11412,10.0253
11413,7.03373
11414,13.0084
11415,13.0169
11416,8.0253
11417,3.03373
11418,8.00843
11419,14.0084
11420,8.00843
11421,13.0084
11422,12.0169
11423,12.0084
11424,7.00843
11425,5.01687
11426,13.0084
11427,1.01686
11428,1.0253
11429,18.0084
11430,18.0169
11431,2.0253
11432,18.0084
11433,18.0169
11434,16.0253
11435,10.0337
11436,8.04216
11437,20.0084
11438,19.0169
11439,12.0253
11440,2.03373
11441,17.0084
11442,8.01686
11443,2.0253
11444,20.0084
11445,20.0169
11446,8.00843
11447,5.01687
11448,5.0253
11449,16.0084
11450,14.0169
11451,3.0253
11452,4.00843
11453,5.00843
11454,8.00843
11455,10.0084
11456,5.01687
11457,15.0084
11458,16.0084
11459,8.01686
11460,14.0084
11461,7.01687
11462,1.0253
11463,1.00843
11464,20.0084
11465,8.01686
11466,5.00843
11467,1.00843
11468,1.01686
11469,13.0084
11470,7.00843
11471,13.0084
11472,8.01686
11473,17.0084
11474,5.01687
11475,10.0084
11476,8.01686
11477,3.0253
11478,17.0084
11479,1.01686
11480,1.0253
11481,18.0084
11482,16.0169
11483,2.0253
11484,13.0084
11485,8.01686
11486,3.0253
11487,7.00843
11488,7.01687
11489,7.0253
11490,6.00843
11491,10.0084
11492,9.01686
11493,9.0253
11494,13.0084
11495,8.01686
11496,2.0253
11497,1.03373
11498,17.0084
11499,17.0169
11500,18.0084
11501,14.0169
11502,5.0253
11503,19.0084
11504,1.00843
11505,1.01686
11506,16.0084
11507,14.0169
11508,8.0253
11509,3.03373
11510,16.0084
11511,7.01687
11512,14.0084
11513,7.01687
11514,10.0084
11515,9.00843
11516,8.01686
11517,14.0084
11518,12.0169
11519,3.00843
11520,3.01687
11521,3.0253
11522,17.0084
11523,13.0169
11524,7.00843
11525,12.0084
11526,12.0169
11527,17.0084
11528,9.01686
11529,10.0084
11530,17.0084
11531,8.01686
11532,8.00843
11533,7.01687
11534,17.0084
11535,17.0084
11536,14.0169
11537,3.0253
11538,10.0084
11539,5.01687
11540,15.0084
11541,18.0084
11542,17.0084
11543,18.0084
11544,5.00843
11545,1.00843
11546,5.00843
11547,1.01686
11548,10.0084
11549,7.01687
11550,1.0253
11551,1.03373
11552,2.00843
11553,16.0084
11554,10.0169
11555,5.00843
11556,1.01686
11557,7.00843
11558,7.01687
11559,3.0253
11560,3.00843
11561,7.00843
11562,1.01686
11563,10.0084
11564,5.01687
11565,5.0253
11566,8.00843
11567,1.01686
11568,12.0084
11569,3.01687
11570,10.0084
11571,8.01686
11572,8.0253
11573,1.03373
11574,10.0084
11575,15.0084
11576,12.0169
11577,7.0253
11578,16.0084
11579,8.01686
11580,6.0253
11581,14.0084
11582,10.0084
11583,8.00843
11584,18.0084
11585,13.0169
11586,9.0253
11587,14.0084
11588,13.0169
11589,10.0253
11590,1.03373
11591,6.00843
11592,15.0084
11593,3.01687
11594,5.00843
11595,14.0084
11596,6.01687
11597,5.0253
11598,3.03373
11599,3.04216
11600,3.05059
11601,14.0084
11602,7.00843
11603,5.01687
11604,13.0084
11605,12.0169
11606,6.0253
11607,1.00843
11608,10.0084
11609,20.0084
11610,12.0169
11611,12.0253
11612,12.0084
11613,10.0169
11614,1.0253
11615,18.0084
11616,10.0169
11617,14.0084
11618,7.00843
11619,7.00843
11620,7.01687
11621,8.00843
11622,12.0084
11623,1.00843
11624,5.00843
11625,2.01687
11626,14.0084
11627,14.0084
11628,7.01687
11629,3.0253
11630,16.0084
11631,10.0169
11632,10.0253
11633,5.00843
11634,10.0084
11635,10.0084
11636,16.0084
11637,1.01686
11638,12.0084
11639,12.0084
11640,8.00843
11641,19.0084
11642,5.01687
11643,14.0084
11644,2.01687
11645,1.00843
11646,7.00843
11647,3.01687
11648,1.00843
11649,14.0084
11650,7.01687
11651,5.00843
11652,3.01687
11653,12.0084
11654,2.01687
11655,12.0084
11656,12.0169
11657,15.0084
11658,10.0169
11659,12.0084
11660,7.01687
11661,7.00843
11662,7.01687
11663,7.00843
11664,15.0084
11665,12.0084
11666,12.0169
11667,12.0253
11668,13.0084
11669,8.00843
11670,10.0084
11671,3.00843
11672,2.00843
11673,5.00843
11674,3.01687
11675,18.0084
11676,10.0084
11677,3.01687
11678,12.0084
11679,1.01686
11680,14.0084
11681,3.01687
11682,14.0084
11683,12.0169
11684,7.0253
11685,10.0084
11686,15.0084
11687,12.0084
11688,10.0169
11689,2.0253
11690,3.00843
11691,1.00843
11692,18.0084
11693,18.0169
11694,6.00843
11695,5.00843
11696,17.0084
11697,10.0084
11698,8.01686
11699,8.0253
11700,7.03373
11701,6.04216
11702,10.0084
11703,8.01686
11704,1.00843
11705,14.0084
11706,12.0084
11707,6.01687
11708,19.0084
11709,14.0169
11710,8.00843
11711,3.01687
11712,10.0084
11713,1.01686
11714,20.0084
11715,10.0084
11716,10.0169
11717,1.00843
11718,12.0084
11719,3.01687
11720,6.00843
11721,17.0084
11722,6.01687
11723,1.0253
11724,1.03373
11725,12.0084
11726,1.01686
11727,12.0084
11728,10.0084
11729,10.0169
11730,5.0253
11731,10.0084
11732,7.01687
11733,8.00843
11734,8.00843
11735,10.0084
11736,10.0084
11737,12.0084
11738,12.0169
11739,12.0253
11740,3.03373
11741,18.0084
11742,1.01686
11743,14.0084
11744,13.0169
11745,8.0253
11746,7.03373
11747,5.04216
11748,1.05059
11749,8.00843
11750,3.01687
11751,16.0084
11752,16.0084
11753,10.0169
11754,8.0253
11755,1.03373
11756,7.00843
11757,5.01687
11758,1.0253
11759,20.0084
11760,8.01686
11761,1.0253
11762,12.0084
11763,12.0084
11764,18.0084
11765,7.01687
11766,3.0253
11767,8.00843
11768,4.01687
11769,10.0084
11770,3.01687
11771,10.0084
11772,9.00843
11773,5.00843
11774,8.00843
11775,1.01686
11776,4.00843
11777,13.0084
11778,10.0169
11779,8.0253
11780,8.03373
11781,1.04216
11782,16.0084
11783,10.0169
11784,15.0084
11785,8.01686
11786,5.0253
11787,5.00843
11788,18.0084
11789,15.0169
11790,5.0253
11791,16.0084
11792,8.00843
11793,8.01686
11794,10.0084
11795,10.0169
11796,3.0253
11797,13.0084
11798,8.01686
11799,1.0253
11800,16.0084
11801,12.0169
11802,7.0253
11803,1.03373
11804,14.0084
11805,3.01687
11806,1.0253
11807,13.0084
11808,12.0084
11809,10.0169
11810,1.0253
11811,12.0084
11812,6.01687
11813,5.0253
11814,8.00843
11815,9.00843
11816,8.01686
11817,3.0253
11818,1.03373
11819,19.0084
11820,18.0169
11821,5.0253
11822,10.0084
11823,5.01687
11824,7.00843
11825,7.01687
11826,12.0084
11827,8.01686
11828,7.0253
11829,13.0084
11830,10.0169
11831,8.00843
11832,8.00843
11833,8.01686
11834,8.0253
11835,6.03373
11836,12.0084
11837,7.01687
11838,7.0253
11839,18.0084
11840,13.0169
11841,8.0253
11842,3.03373
11843,18.0084
11844,12.0169
11845,12.0253
11846,11.0337
11847,5.04216
11848,16.0084
11849,12.0169
11850,1.00843
11851,3.00843
11852,18.0084
11853,16.0169
11854,9.0253
11855,20.0084
11856,17.0169
11857,16.0253
11858,12.0337
11859,5.04216
11860,18.0084
11861,18.0084
11862,8.01686
11863,12.0084
11864,5.00843
11865,3.01687
11866,15.0084
11867,2.00843
11868,1.01686
11869,1.0253
11870,5.00843
11871,3.01687
11872,16.0084
11873,14.0169
11874,6.00843
11875,5.01687
11876,18.0084
11877,19.0084
11878,8.01686
11879,13.0084
11880,8.00843
11881,8.01686
11882,12.0084
11883,6.01687
11884,10.0084
11885,8.01686
11886,5.00843
11887,10.0084
11888,18.0084
11889,16.0169
11890,8.0253
11891,5.03373
11892,6.00843
11893,15.0084
11894,3.01687
11895,10.0084
11896,13.0084
11897,8.01686
11898,5.0253
11899,14.0084
11900,8.01686
11901,8.00843
11902,5.01687
11903,1.0253
11904,19.0084
11905,10.0169
11906,16.0084
11907,1.01686
11908,1.00843
11909,12.0084
11910,12.0084
11911,8.01686
11912,16.0084
11913,13.0169
11914,7.0253
11915,18.0084
11916,18.0084
11917,3.00843
11918,13.0084
11919,12.0084
11920,12.0169
11921,10.0084
11922,7.01687
11923,7.0253
11924,14.0084
11925,1.01686
11926,1.00843
11927,3.00843
11928,13.0084
11929,1.01686
11930,8.00843
11931,7.00843
11932,18.0084
11933,1.00843
11934,8.00843
11935,16.0084
11936,14.0169
11937,2.0253
11938,16.0084
11939,5.01687
11940,3.0253
11941,18.0084
11942,16.0169
11943,18.0084
11944,5.01687
11945,11.0084
11946,8.01686
11947,8.0253
11948,1.00843
11949,1.00843
11950,10.0084
11951,10.0084
11952,4.00843
11953,7.00843
11954,9.00843
11955,1.01686
11956,3.00843
11957,14.0084
11958,5.00843
11959,7.00843
11960,7.00843
11961,7.01687
11962,18.0084
11963,16.0169
11964,16.0253
11965,15.0084
11966,8.01686
11967,8.0253
11968,12.0084
11969,3.00843
11970,16.0084
11971,3.00843
11972,3.01687
11973,1.0253
11974,16.0084
11975,10.0169
11976,16.0084
11977,16.0169
11978,10.0253
11979,18.0084
11980,15.0084
11981,7.01687
11982,13.0084
11983,8.01686
11984,17.0084
11985,14.0169
11986,1.0253
11987,1.03373
11988,1.04216
11989,1.05059
11990,1.05903
11991,7.00843
11992,3.01687
11993,5.00843
11994,3.00843
11995,7.00843
11996,5.01687
11997,14.0084
11998,8.01686
11999,8.00843
12000,9.00843
12001,8.01686
12002,8.0253
12003,8.03373
12004,10.0084
12005,8.00843
12006,8.01686
12007,1.0253
12008,12.0084
12009,9.01686
12010,8.0253
12011,8.03373
12012,13.0084
12013,10.0169
12014,6.0253
12015,5.03373
12016,15.0084
12017,15.0084
12018,12.0169
12019,10.0084
12020,5.01687
12021,1.0253
12022,1.03373
12023,1.04216
12024,1.05059
12025,19.0084
12026,5.01687
12027,1.0253
12028,18.0084
12029,12.0169
12030,1.0253
12031,5.00843
12032,16.0084
12033,8.01686
12034,18.0084
12035,12.0169
12036,8.0253
12037,7.00843
12038,1.01686
12039,1.0253
12040,10.0084
12041,18.0084
12042,10.0169
12043,12.0084
12044,5.01687
12045,1.0253
12046,14.0084
12047,12.0169
12048,8.0253
12049,1.00843
12050,8.00843
12051,7.00843
12052,7.01687
12053,3.0253
12054,12.0084
12055,8.01686
12056,1.0253
12057,1.00843
12058,12.0084
12059,14.0084
12060,1.01686
12061,1.0253
12062,17.0084
12063,10.0169
12064,6.0253
12065,5.03373
12066,16.0084
12067,16.0169
12068,7.0253
12069,5.03373
12070,3.04216
12071,17.0084
12072,8.01686
12073,5.0253
12074,1.03373
12075,1.04216
12076,9.00843
12077,3.01687
12078,5.00843
12079,4.01687
12080,3.0253
12081,1.03373
12082,13.0084
12083,6.01687
12084,5.0253
12085,5.03373
12086,1.04216
12087,17.0084
12088,1.01686
12089,15.0084
12090,14.0169
12091,13.0253
12092,5.03373
12093,3.04216
12094,13.0084
12095,10.0169
12096,8.0253
12097,5.03373
12098,5.04216
12099,8.00843
12100,11.0084
12101,13.0084
12102,8.01686
12103,5.0253
12104,14.0084
12105,14.0169
12106,8.0253
12107,8.03373
12108,1.04216
12109,7.00843
12110,7.01687
12111,5.0253
12112,1.03373
12113,16.0084
12114,10.0169
12115,8.0253
12116,8.03373
12117,7.04216
12118,14.0084
12119,8.01686
12120,3.0253
12121,13.0084
12122,1.00843
12123,20.0084
12124,7.01687
12125,5.0253
12126,1.00843
12127,10.0084
12128,9.01686
12129,3.0253
12130,16.0084
12131,5.01687
12132,8.00843
12133,7.01687
12134,12.0084
12135,12.0084
12136,8.00843
12137,1.00843
12138,6.00843
12139,14.0084
12140,5.00843
12141,5.01687
12142,8.00843
12143,1.00843
12144,3.00843
12145,13.0084
12146,1.01686
12147,14.0084
12148,10.0169
12149,9.00843
12150,6.01687
12151,3.0253
12152,13.0084
12153,7.01687
12154,8.00843
12155,6.01687
12156,5.0253
12157,3.03373
12158,15.0084
12159,6.01687
12160,6.0253
12161,5.00843
12162,5.01687
12163,3.0253
12164,14.0084
12165,14.0169
12166,12.0253
12167,11.0337
12168,9.04216
12169,7.00843
12170,8.00843
12171,3.01687
12172,11.0084
12173,3.01687
12174,16.0084
12175,10.0169
12176,5.0253
12177,6.00843
12178,15.0084
12179,7.01687
12180,7.0253
12181,2.03373
12182,14.0084
12183,1.00843
12184,1.01686
12185,16.0084
12186,5.00843
12187,3.01687
12188,3.0253
12189,20.0084
12190,12.0169
12191,9.0253
12192,8.03373
12193,6.00843
12194,3.01687
12195,10.0084
12196,8.01686
12197,7.0253
12198,8.00843
12199,14.0084
12200,13.0169
12201,7.0253
12202,14.0084
12203,10.0169
12204,8.0253
12205,8.03373
12206,1.04216
12207,1.05059
12208,15.0084
12209,10.0169
12210,1.0253
12211,1.03373
12212,7.00843
12213,1.01686
12214,3.00843
12215,2.01687
12216,6.00843
12217,6.01687
12218,14.0084
12219,18.0084
12220,18.0169
12221,5.0253
12222,5.03373
12223,1.04216
12224,18.0084
12225,10.0169
12226,17.0084
12227,10.0169
12228,7.0253
12229,8.00843
12230,8.01686
12231,2.0253
12232,15.0084
12233,9.01686
12234,10.0084
12235,14.0084
12236,5.01687
12237,1.0253
12238,1.03373
12239,13.0084
12240,8.01686
12241,14.0084
12242,8.01686
12243,1.0253
12244,15.0084
12245,5.01687
12246,1.00843
12247,12.0084
12248,16.0084
12249,14.0169
12250,7.00843
12251,4.01687
12252,4.0253
12253,1.00843
12254,8.00843
12255,1.00843
12256,13.0084
12257,6.01687
12258,14.0084
12259,7.01687
12260,2.0253
12261,12.0084
12262,7.01687
12263,8.00843
12264,10.0084
12265,8.01686
12266,7.0253
12267,18.0084
12268,2.01687
12269,1.0253
12270,12.0084
12271,12.0169
12272,14.0084
12273,12.0169
12274,10.0253
12275,8.03373
12276,6.04216
12277,1.00843
12278,12.0084
12279,12.0169
12280,8.00843
12281,8.01686
12282,19.0084
12283,15.0084
12284,16.0084
12285,8.01686
12286,1.0253
12287,10.0084
12288,8.01686
12289,5.0253
12290,10.0084
12291,1.01686
12292,3.00843
12293,5.00843
12294,13.0084
12295,7.01687
12296,16.0084
12297,8.01686
12298,7.00843
12299,3.01687
12300,3.0253
12301,3.03373
12302,1.04216
12303,1.05059
12304,3.00843
12305,1.01686
12306,5.00843
12307,5.01687
12308,19.0084
12309,10.0169
12310,7.0253
12311,12.0084
12312,12.0169
12313,7.0253
12314,8.00843
12315,8.01686
12316,15.0084
12317,15.0169
12318,15.0253
12319,14.0337
12320,12.0422
12321,10.0506
12322,10.059
12323,8.06746
12324,18.0084
12325,2.00843
12326,18.0084
12327,16.0169
12328,13.0253
12329,13.0337
12330,12.0422
12331,1.00843
12332,14.0084
12333,16.0084
12334,8.01686
12335,7.0253
12336,1.03373
12337,15.0084
12338,15.0169
12339,3.0253
12340,1.03373
12341,12.0084
12342,3.01687
12343,10.0084
12344,1.00843
12345,5.00843
12346,3.00843
12347,3.00843
12348,3.01687
12349,16.0084
12350,8.00843
12351,5.01687
12352,10.0084
12353,8.01686
12354,9.00843
12355,8.00843
12356,5.01687
12357,7.00843
12358,8.00843
12359,16.0084
12360,7.01687
12361,6.0253
12362,17.0084
12363,5.01687
12364,3.0253
12365,1.03373
12366,10.0084
12367,1.01686
12368,8.00843
12369,3.01687
12370,7.00843
12371,6.01687
12372,5.0253
12373,16.0084
12374,8.01686
12375,8.0253
12376,6.03373
12377,12.0084
12378,10.0169
12379,10.0253
12380,3.03373
12381,1.04216
12382,16.0084
12383,16.0169
12384,14.0253
12385,5.03373
12386,5.04216
12387,3.00843
12388,1.01686
12389,18.0084
12390,15.0169
12391,3.0253
12392,16.0084
12393,3.01687
12394,5.00843
12395,20.0084
12396,14.0169
12397,7.0253
12398,8.00843
12399,16.0084
12400,3.01687
12401,10.0084
12402,8.01686
12403,12.0084
12404,8.00843
12405,6.01687
12406,5.0253
12407,20.0084
12408,16.0169
12409,16.0253
12410,12.0337
12411,2.04216
12412,14.0084
12413,5.01687
12414,1.0253
12415,13.0084
12416,18.0084
12417,12.0169
12418,1.0253
12419,1.03373
12420,10.0084
12421,3.00843
12422,3.01687
12423,3.0253
12424,1.03373
12425,1.04216
12426,8.00843
12427,7.01687
12428,18.0084
12429,8.01686
12430,5.0253
12431,10.0084
12432,18.0084
12433,17.0169
12434,10.0253
12435,8.03373
12436,18.0084
12437,14.0169
12438,10.0253
12439,1.03373
12440,1.04216
12441,8.00843
12442,8.01686
12443,3.0253
12444,8.00843
12445,10.0084
12446,16.0084
12447,13.0169
12448,12.0253
12449,5.03373
12450,18.0084
12451,12.0169
12452,11.0253
12453,7.03373
12454,17.0084
12455,7.01687
12456,8.00843
12457,7.01687
12458,13.0084
12459,8.00843
12460,7.01687
12461,1.0253
12462,8.00843
12463,3.01687
12464,12.0084
12465,10.0169
12466,19.0084
12467,3.01687
12468,10.0084
12469,20.0084
12470,7.01687
12471,16.0084
12472,16.0169
12473,3.0253
12474,18.0084
12475,3.01687
12476,7.00843
12477,1.00843
12478,17.0084
12479,12.0169
12480,1.0253
12481,12.0084
12482,14.0084
12483,8.01686
12484,3.0253
12485,14.0084
12486,8.01686
12487,5.0253
12488,5.03373
12489,5.04216
12490,3.05059
12491,1.00843
12492,1.01686
12493,6.00843
12494,18.0084
12495,4.00843
12496,16.0084
12497,3.01687
12498,14.0084
12499,7.00843
12500,5.01687
12501,9.00843
12502,1.00843
12503,18.0084
12504,15.0169
12505,12.0253
12506,3.03373
12507,18.0084
12508,8.01686
12509,5.0253
12510,5.03373
12511,17.0084
12512,5.01687
12513,7.00843
12514,6.01687
12515,1.0253
12516,8.00843
12517,5.01687
12518,17.0084
12519,16.0169
12520,9.0253
12521,8.03373
12522,10.0084
12523,9.01686
12524,3.0253
12525,5.00843
12526,8.00843
12527,7.01687
12528,14.0084
12529,8.01686
12530,1.0253
12531,14.0084
12532,13.0169
12533,11.0253
12534,8.03373
12535,8.04216
12536,3.05059
12537,3.05903
12538,3.06746
12539,19.0084
12540,12.0169
12541,12.0253
12542,11.0084
12543,9.01686
12544,17.0084
12545,14.0169
12546,14.0253
12547,15.0084
12548,3.01687
12549,14.0084
12550,12.0169
12551,2.0253
12552,1.03373
12553,1.04216
12554,19.0084
12555,10.0169
12556,7.0253
12557,1.03373
12558,1.04216
12559,10.0084
12560,8.01686
12561,18.0084
12562,12.0084
12563,10.0169
12564,2.0253
12565,1.03373
12566,1.04216
12567,1.05059
12568,13.0084
12569,5.01687
12570,16.0084
12571,10.0169
12572,10.0253
12573,8.03373
12574,7.00843
12575,1.01686
12576,12.0084
12577,3.01687
12578,1.00843
12579,17.0084
12580,7.01687
12581,16.0084
12582,3.01687
12583,16.0084
12584,10.0169
12585,9.0253
12586,14.0084
12587,8.01686
12588,3.0253
12589,6.00843
12590,6.01687
12591,14.0084
12592,13.0169
12593,1.0253
12594,14.0084
12595,8.01686
12596,4.0253
12597,19.0084
12598,10.0169
12599,10.0253
12600,6.03373
12601,17.0084
12602,3.01687
12603,18.0084
12604,5.01687
12605,1.0253
12606,1.03373
12607,1.04216
12608,6.00843
12609,2.01687
12610,10.0084
12611,1.01686
12612,3.00843
12613,12.0084
12614,7.01687
12615,14.0084
12616,10.0169
12617,12.0084
12618,12.0169
12619,8.0253
12620,14.0084
12621,14.0169
12622,10.0084
12623,12.0084
12624,12.0169
12625,10.0253
12626,8.03373
12627,3.04216
12628,14.0084
12629,14.0169
12630,7.0253
12631,4.03373
12632,3.04216
12633,16.0084
12634,5.01687
12635,16.0084
12636,3.01687
12637,16.0084
12638,8.00843
12639,12.0084
12640,14.0084
12641,8.01686
12642,3.00843
12643,14.0084
12644,15.0084
12645,8.00843
12646,3.01687
12647,1.00843
12648,1.01686
12649,14.0084
12650,1.01686
12651,6.00843
12652,1.01686
12653,8.00843
12654,6.01687
12655,10.0084
12656,18.0084
12657,8.01686
12658,14.0084
12659,9.00843
12660,3.01687
12661,12.0084
12662,14.0084
12663,13.0169
12664,18.0084
12665,14.0169
12666,6.0253
12667,16.0084
12668,3.01687
12669,14.0084
12670,1.01686
12671,15.0084
12672,10.0169
12673,16.0084
12674,16.0169
12675,12.0253
12676,5.03373
12677,8.00843
12678,7.01687
12679,1.0253
12680,1.00843
12681,1.00843
12682,5.00843
12683,6.00843
12684,5.01687
12685,7.00843
12686,14.0084
12687,8.01686
12688,10.0084
12689,8.01686
12690,3.0253
12691,12.0084
12692,10.0169
12693,8.0253
12694,5.00843
12695,11.0084
12696,10.0169
12697,3.0253
12698,16.0084
12699,12.0169
12700,3.0253
12701,14.0084
12702,12.0169
12703,8.0253
12704,10.0084
12705,6.01687
12706,16.0084
12707,7.01687
12708,10.0084
12709,8.01686
12710,3.0253
12711,16.0084
12712,5.01687
12713,8.00843
12714,8.00843
12715,15.0084
12716,17.0084
12717,12.0169
12718,12.0253
12719,2.00843
12720,5.00843
12721,3.01687
12722,18.0084
12723,13.0084
12724,7.01687
12725,8.00843
12726,17.0084
12727,14.0084
12728,11.0169
12729,5.0253
12730,12.0084
12731,1.01686
12732,3.00843
12733,5.00843
12734,15.0084
12735,16.0084
12736,8.00843
12737,12.0084
12738,12.0169
12739,2.00843
12740,3.00843
12741,3.01687
12742,1.0253
12743,1.03373
12744,12.0084
12745,10.0169
12746,2.0253
12747,15.0084
12748,8.01686
12749,7.0253
12750,7.03373
12751,8.00843
12752,8.01686
12753,8.0253
12754,3.03373
12755,5.00843
12756,12.0084
12757,16.0084
12758,5.01687
12759,1.00843
12760,15.0084
12761,10.0169
12762,10.0253
12763,13.0084
12764,12.0169
12765,5.00843
12766,17.0084
12767,15.0169
12768,14.0253
12769,10.0337
12770,5.04216
12771,8.00843
12772,5.01687
12773,1.0253
12774,12.0084
12775,12.0169
12776,8.0253
12777,7.03373
12778,14.0084
12779,18.0084
12780,10.0084
12781,6.00843
12782,19.0084
12783,12.0169
12784,2.0253
12785,18.0084
12786,7.01687
12787,13.0084
12788,12.0169
12789,5.0253
12790,8.00843
12791,9.00843
12792,5.01687
12793,14.0084
12794,13.0169
12795,8.0253
12796,13.0084
12797,12.0169
12798,4.00843
12799,12.0084
12800,12.0169
12801,3.00843
12802,14.0084
12803,4.01687
12804,2.0253
12805,1.03373
12806,1.04216
12807,1.05059
12808,6.00843
12809,5.01687
12810,1.00843
12811,10.0084
12812,10.0169
12813,3.0253
12814,1.00843
12815,1.01686
12816,18.0084
12817,7.01687
12818,13.0084
12819,8.01686
12820,8.0253
12821,1.03373
12822,12.0084
12823,15.0084
12824,7.01687
12825,12.0084
12826,10.0169
12827,10.0253
12828,10.0337
12829,4.00843
12830,1.01686
12831,14.0084
12832,8.01686
12833,8.0253
12834,7.03373
12835,1.04216
12836,8.00843
12837,5.01687
12838,5.0253
12839,5.03373
12840,1.00843
12841,1.01686
12842,1.0253
12843,11.0084
12844,5.01687
12845,5.0253
12846,12.0084
12847,1.01686
12848,1.0253
12849,1.03373
12850,7.00843
12851,6.01687
12852,17.0084
12853,14.0169
12854,8.0253
12855,5.03373
12856,16.0084
12857,10.0084
12858,5.01687
12859,5.0253
12860,9.00843
12861,8.01686
12862,1.00843
12863,18.0084
12864,13.0169
12865,10.0253
12866,1.03373
12867,16.0084
12868,14.0169
12869,10.0084
12870,8.01686
12871,5.0253
12872,1.03373
12873,16.0084
12874,8.01686
12875,7.0253
12876,7.00843
12877,20.0084
12878,10.0169
12879,18.0084
12880,3.01687
12881,19.0084
12882,10.0084
12883,17.0084
12884,9.00843
12885,7.01687
12886,16.0084
12887,10.0169
12888,1.0253
12889,1.03373
12890,1.04216
12891,18.0084
12892,10.0169
12893,2.0253
12894,1.03373
12895,12.0084
12896,5.01687
12897,5.0253
12898,18.0084
12899,13.0169
12900,1.0253
12901,17.0084
12902,5.01687
12903,1.0253
12904,1.03373
12905,1.04216
12906,13.0084
12907,3.01687
12908,7.00843
12909,12.0084
12910,8.01686
12911,16.0084
12912,5.01687
12913,2.0253
12914,10.0084
12915,7.01687
12916,1.0253
12917,8.00843
12918,6.01687
12919,1.0253
12920,13.0084
12921,9.01686
12922,8.0253
12923,7.03373
12924,3.00843
12925,18.0084
12926,12.0169
12927,12.0253
12928,7.03373
12929,1.00843
12930,5.00843
12931,3.01687
12932,3.0253
12933,17.0084
12934,14.0169
12935,4.0253
12936,18.0084
12937,14.0169
12938,5.0253
12939,6.00843
12940,12.0084
12941,3.01687
12942,8.00843
12943,8.01686
12944,7.0253
12945,5.03373
12946,8.00843
12947,6.01687
12948,5.0253
12949,13.0084
12950,6.01687
12951,3.0253
12952,1.03373
12953,1.04216
12954,8.00843
12955,8.01686
12956,5.0253
12957,19.0084
12958,12.0084
12959,12.0169
12960,8.0253
12961,7.03373
12962,3.04216
12963,10.0084
12964,8.01686
12965,5.0253
12966,5.00843
12967,12.0084
12968,12.0169
12969,5.0253
12970,3.03373
12971,13.0084
12972,8.01686
12973,10.0084
12974,15.0084
12975,15.0169
12976,14.0253
12977,10.0337
12978,7.04216
12979,17.0084
12980,12.0084
12981,10.0169
12982,1.0253
12983,15.0084
12984,14.0169
12985,8.0253
12986,1.03373
12987,1.04216
12988,15.0084
12989,1.01686
12990,14.0084
12991,8.01686
12992,1.0253
12993,5.00843
12994,3.01687
12995,1.0253
12996,18.0084
12997,2.01687
12998,5.00843
12999,12.0084
13000,7.01687
13001,6.0253
13002,10.0084
13003,7.01687
13004,5.0253
13005,8.00843
13006,8.01686
13007,5.00843
13008,10.0084
13009,10.0169
13010,7.0253
13011,18.0084
13012,13.0169
13013,12.0253
13014,1.03373
13015,12.0084
13016,5.01687
13017,3.0253
13018,1.03373
13019,1.04216
13020,13.0084
13021,1.01686
13022,14.0084
13023,9.01686
13024,5.0253
13025,15.0084
13026,13.0084
13027,7.01687
13028,5.0253
13029,3.03373
13030,4.00843
13031,10.0084
13032,8.01686
13033,8.0253
13034,2.03373
13035,7.00843
13036,3.01687
13037,8.00843
13038,7.00843
13039,6.01687
13040,12.0084
13041,10.0169
13042,8.0253
13043,6.03373
13044,5.04216
13045,10.0084
13046,7.01687
13047,3.0253
13048,12.0084
13049,16.0084
13050,10.0169
13051,1.0253
13052,1.03373
13053,14.0084
13054,14.0169
13055,14.0253
13056,8.03373
13057,8.04216
13058,2.05059
13059,7.00843
13060,3.01687
13061,15.0084
13062,17.0084
13063,13.0169
13064,5.0253
13065,8.00843
13066,6.01687
13067,3.0253
13068,12.0084
13069,10.0169
13070,17.0084
13071,13.0084
13072,1.01686
13073,1.0253
13074,14.0084
13075,7.01687
13076,1.0253
13077,14.0084
13078,8.01686
13079,1.00843
13080,10.0084
13081,3.01687
13082,1.0253
13083,18.0084
13084,5.01687
13085,20.0084
13086,16.0169
13087,8.0253
13088,17.0084
13089,13.0169
13090,7.0253
13091,1.03373
13092,1.04216
13093,7.00843
13094,7.00843
13095,1.01686
13096,10.0084
13097,8.01686
13098,1.0253
13099,1.03373
13100,18.0084
13101,10.0169
13102,1.0253
13103,12.0084
13104,12.0084
13105,12.0169
13106,8.0253
13107,7.00843
13108,5.01687
13109,5.0253
13110,1.03373
13111,1.04216
13112,10.0084
13113,10.0169
13114,8.00843
13115,7.01687
13116,3.0253
13117,12.0084
13118,4.01687
13119,19.0084
13120,14.0169
13121,12.0084
13122,7.01687
13123,5.0253
13124,1.03373
13125,16.0084
13126,10.0084
13127,10.0169
13128,18.0084
13129,13.0169
13130,8.00843
13131,17.0084
13132,16.0169
13133,1.0253
13134,3.00843
13135,12.0084
13136,3.01687
13137,3.0253
13138,19.0084
13139,5.01687
13140,18.0084
13141,14.0169
13142,16.0084
13143,8.01686
13144,14.0084
13145,10.0169
13146,2.0253
13147,10.0084
13148,10.0169
13149,5.00843
13150,5.00843
13151,1.01686
13152,10.0084
13153,7.01687
13154,1.0253
13155,10.0084
13156,3.01687
13157,12.0084
13158,8.01686
13159,8.0253
13160,5.03373
13161,5.00843
13162,3.01687
13163,13.0084
13164,13.0169
13165,14.0084
13166,12.0169
13167,3.0253
13168,15.0084
13169,1.01686
13170,16.0084
13171,6.01687
13172,6.0253
13173,5.03373
13174,5.04216
13175,10.0084
13176,12.0084
13177,5.01687
13178,12.0084
13179,12.0169
13180,5.0253
13181,5.03373
13182,1.04216
13183,13.0084
13184,13.0084
13185,7.01687
13186,7.0253
13187,3.03373
13188,8.00843
13189,3.00843
13190,3.01687
13191,14.0084
13192,5.01687
13193,8.00843
13194,8.01686
13195,14.0084
13196,14.0169
13197,7.0253
13198,2.00843
13199,16.0084
13200,8.00843
13201,1.00843
13202,8.00843
13203,2.00843
13204,12.0084
13205,8.01686
13206,8.0253
13207,4.00843
13208,7.00843
13209,12.0084
13210,6.00843
13211,3.00843
13212,18.0084
13213,5.00843
13214,5.01687
13215,16.0084
13216,2.01687
13217,1.00843
13218,6.00843
13219,10.0084
13220,7.01687
13221,8.00843
13222,13.0084
13223,3.01687
13224,14.0084
13225,8.01686
13226,16.0084
13227,1.01686
13228,1.0253
13229,19.0084
13230,14.0169
13231,7.0253
13232,2.00843
13233,14.0084
13234,13.0084
13235,4.01687
13236,6.00843
13237,1.01686
13238,17.0084
13239,7.01687
13240,10.0084
13241,8.01686
13242,12.0084
13243,8.01686
13244,20.0084
13245,11.0169
13246,12.0084
13247,1.01686
13248,12.0084
13249,14.0084
13250,13.0169
13251,9.0253
13252,8.03373
13253,14.0084
13254,6.01687
13255,5.0253
13256,16.0084
13257,10.0169
13258,5.0253
13259,3.03373
13260,16.0084
13261,7.01687
13262,1.0253
13263,1.03373
13264,14.0084
13265,7.01687
13266,14.0084
13267,6.01687
13268,18.0084
13269,14.0169
13270,14.0253
13271,5.03373
13272,12.0084
13273,5.01687
13274,12.0084
13275,13.0084
13276,16.0084
13277,16.0169
13278,12.0253
13279,10.0337
13280,14.0084
13281,12.0169
13282,5.0253
13283,18.0084
13284,10.0169
13285,7.0253
13286,20.0084
13287,1.00843
13288,16.0084
13289,5.01687
13290,16.0084
13291,1.01686
13292,3.00843
13293,1.01686
13294,18.0084
13295,7.01687
13296,5.0253
13297,3.03373
13298,3.00843
13299,7.00843
13300,10.0084
13301,8.01686
13302,19.0084
13303,8.00843
13304,8.01686
13305,1.0253
13306,10.0084
13307,8.01686
13308,8.0253
13309,14.0084
13310,10.0084
13311,1.00843
13312,12.0084
13313,18.0084
13314,12.0169
13315,1.00843
13316,8.00843
13317,7.00843
13318,8.00843
13319,5.01687
13320,1.0253
13321,1.00843
13322,1.01686
13323,1.0253
13324,5.00843
13325,1.01686
13326,6.00843
13327,16.0084
13328,5.01687
13329,3.0253
13330,14.0084
13331,6.01687
13332,5.0253
13333,1.03373
13334,6.00843
13335,14.0084
13336,8.01686
13337,1.0253
13338,10.0084
13339,5.00843
13340,12.0084
13341,12.0169
13342,1.0253
13343,2.00843
13344,17.0084
13345,14.0169
13346,3.0253
13347,14.0084
13348,8.01686
13349,5.00843
13350,18.0084
13351,15.0169
13352,10.0253
13353,1.03373
13354,1.04216
13355,18.0084
13356,12.0169
13357,12.0084
13358,8.01686
13359,7.0253
13360,3.00843
13361,18.0084
13362,10.0169
13363,8.0253
13364,3.03373
13365,1.04216
13366,12.0084
13367,9.01686
13368,5.0253
13369,8.00843
13370,6.01687
13371,7.00843
13372,1.01686
13373,20.0084
13374,10.0084
13375,2.01687
13376,13.0084
13377,10.0169
13378,3.00843
13379,5.00843
13380,14.0084
13381,7.01687
13382,5.0253
13383,3.00843
13384,16.0084
13385,7.01687
13386,18.0084
13387,5.01687
13388,3.00843
13389,2.01687
13390,1.0253
13391,1.03373
13392,19.0084
13393,10.0169
13394,13.0084
13395,1.00843
13396,10.0084
13397,8.01686
13398,13.0084
13399,8.01686
13400,12.0084
13401,10.0084
13402,1.01686
13403,14.0084
13404,11.0169
13405,8.0253
13406,5.03373
13407,1.04216
13408,20.0084
13409,12.0169
13410,5.0253
13411,14.0084
13412,14.0169
13413,7.0253
13414,7.03373
13415,8.00843
13416,8.00843
13417,8.01686
13418,9.00843
13419,1.01686
13420,12.0084
13421,12.0084
13422,18.0084
13423,14.0169
13424,6.00843
13425,5.00843
13426,3.01687
13427,1.0253
13428,8.00843
13429,10.0084
13430,9.01686
13431,1.00843
13432,10.0084
13433,8.01686
13434,7.00843
13435,18.0084
13436,10.0169
13437,8.0253
13438,4.00843
13439,10.0084
13440,10.0169
13441,5.0253
13442,5.03373
13443,5.04216
13444,6.00843
13445,6.01687
13446,3.0253
13447,7.00843
13448,3.01687
13449,3.0253
13450,12.0084
13451,2.01687
13452,1.00843
13453,10.0084
13454,8.01686
13455,5.00843
13456,5.01687
13457,1.0253
13458,17.0084
13459,9.01686
13460,7.00843
13461,3.01687
13462,5.00843
13463,1.01686
13464,16.0084
13465,8.01686
13466,18.0084
13467,16.0169
13468,7.0253
13469,3.03373
13470,14.0084
13471,8.01686
13472,1.0253
13473,16.0084
13474,7.01687
13475,5.0253
13476,5.03373
13477,1.04216
13478,12.0084
13479,12.0169
13480,5.0253
13481,8.00843
13482,16.0084
13483,1.01686
13484,10.0084
13485,1.01686
13486,11.0084
13487,5.01687
13488,18.0084
13489,16.0084
13490,8.01686
13491,1.0253
13492,1.03373
13493,1.00843
13494,9.00843
13495,12.0084
13496,5.01687
13497,1.0253
13498,1.03373
13499,10.0084
13500,12.0084
13501,12.0169
13502,7.0253
13503,9.00843
13504,10.0084
13505,10.0169
13506,1.00843
13507,18.0084
13508,1.01686
13509,16.0084
13510,6.01687
13511,6.0253
13512,1.00843
13513,8.00843
13514,8.01686
13515,13.0084
13516,8.01686
13517,14.0084
13518,10.0169
13519,14.0084
13520,12.0169
13521,10.0084
13522,1.01686
13523,14.0084
13524,3.01687
13525,1.0253
13526,1.03373
13527,19.0084
13528,14.0169
13529,9.00843
13530,8.01686
13531,3.0253
13532,12.0084
13533,12.0084
13534,7.01687
13535,5.0253
13536,9.00843
13537,10.0084
13538,3.01687
13539,7.00843
13540,18.0084
13541,13.0169
13542,12.0253
13543,8.03373
13544,5.04216
13545,3.00843
13546,12.0084
13547,8.00843
13548,9.00843
13549,14.0084
13550,11.0084
13551,5.01687
13552,2.0253
13553,14.0084
13554,14.0169
13555,3.0253
13556,1.00843
13557,8.00843
13558,17.0084
13559,10.0169
13560,8.00843
13561,5.01687
13562,5.00843
13563,5.00843
13564,3.01687
13565,1.00843
13566,12.0084
13567,14.0084
13568,14.0169
13569,10.0084
13570,5.01687
13571,1.0253
13572,7.00843
13573,3.01687
13574,12.0084
13575,7.01687
13576,7.0253
13577,14.0084
13578,12.0169
13579,7.0253
13580,5.03373
13581,5.04216
13582,14.0084
13583,8.01686
13584,6.0253
13585,5.03373
13586,20.0084
13587,8.00843
13588,17.0084
13589,8.01686
13590,10.0084
13591,8.00843
13592,16.0084
13593,5.01687
13594,18.0084
13595,15.0084
13596,1.00843
13597,1.01686
13598,18.0084
13599,5.01687
13600,18.0084
13601,6.01687
13602,3.0253
13603,6.00843
13604,19.0084
13605,8.01686
13606,3.0253
13607,8.00843
13608,8.01686
13609,2.0253
13610,1.03373
13611,5.00843
13612,10.0084
13613,6.01687
13614,5.0253
13615,3.03373
13616,7.00843
13617,7.01687
13618,13.0084
13619,8.01686
13620,8.0253
13621,7.03373
13622,1.00843
13623,14.0084
13624,12.0169
13625,7.0253
13626,7.03373
13627,1.04216
13628,8.00843
13629,14.0084
13630,17.0084
13631,1.00843
13632,5.00843
13633,5.01687
13634,6.00843
13635,8.00843
13636,19.0084
13637,7.00843
13638,18.0084
13639,9.01686
13640,8.0253
13641,5.03373
13642,1.00843
13643,8.00843
13644,7.01687
13645,8.00843
13646,3.01687
13647,16.0084
13648,10.0169
13649,7.0253
13650,7.00843
13651,18.0084
13652,7.00843
13653,7.01687
13654,1.0253
13655,16.0084
13656,7.01687
13657,1.0253
13658,18.0084
13659,12.0169
13660,8.0253
13661,10.0084
13662,17.0084
13663,3.01687
13664,15.0084
13665,16.0084
13666,6.01687
13667,19.0084
13668,7.01687
13669,3.0253
13670,18.0084
13671,17.0169
13672,7.00843
13673,3.00843
13674,7.00843
13675,5.01687
13676,3.0253
13677,10.0084
13678,7.01687
13679,5.0253
13680,8.00843
13681,8.01686
13682,1.0253
13683,1.03373
13684,18.0084
13685,16.0169
13686,7.0253
13687,1.03373
13688,19.0084
13689,17.0169
13690,8.0253
13691,1.03373
13692,5.00843
13693,10.0084
13694,7.00843
13695,8.00843
13696,5.01687
13697,5.0253
13698,16.0084
13699,6.01687
13700,5.0253
13701,9.00843
13702,8.01686
13703,7.0253
13704,17.0084
13705,16.0169
13706,10.0084
13707,8.01686
13708,1.0253
13709,8.00843
13710,8.01686
13711,2.0253
13712,10.0084
13713,8.01686
13714,5.0253
13715,1.03373
13716,1.04216
13717,19.0084
13718,12.0169
13719,2.0253
13720,15.0084
13721,5.01687
13722,16.0084
13723,16.0169
13724,7.0253
13725,1.00843
13726,17.0084
13727,13.0169
13728,10.0253
13729,1.03373
13730,8.00843
13731,16.0084
13732,3.01687
13733,5.00843
13734,3.01687
13735,10.0084
13736,5.01687
13737,5.0253
13738,5.03373
13739,13.0084
13740,17.0084
13741,8.00843
13742,1.01686
13743,8.00843
13744,5.01687
13745,1.0253
13746,1.03373
13747,14.0084
13748,5.01687
13749,3.0253
13750,2.03373
13751,10.0084
13752,4.01687
13753,16.0084
13754,5.01687
13755,1.00843
13756,1.01686
13757,19.0084
13758,8.00843
13759,3.01687
13760,16.0084
13761,12.0084
13762,10.0169
13763,1.0253
13764,6.00843
13765,5.01687
13766,2.0253
13767,6.00843
13768,3.01687
13769,3.0253
13770,3.03373
13771,18.0084
13772,14.0169
13773,5.0253
13774,5.03373
13775,3.04216
13776,10.0084
13777,10.0084
13778,12.0084
13779,8.01686
13780,14.0084
13781,12.0169
13782,10.0253
13783,8.03373
13784,20.0084
13785,13.0169
13786,13.0253
13787,11.0337
13788,8.04216
13789,6.05059
13790,10.0084
13791,5.01687
13792,3.0253
13793,2.03373
13794,15.0084
13795,5.00843
13796,3.01687
13797,18.0084
13798,18.0169
13799,18.0084
13800,16.0169
13801,16.0253
13802,8.00843
13803,18.0084
13804,10.0169
13805,14.0084
13806,19.0084
13807,12.0169
13808,10.0253
13809,13.0084
13810,3.01687
13811,1.0253
13812,14.0084
13813,6.01687
13814,16.0084
13815,13.0169
13816,8.0253
13817,7.03373
13818,8.00843
13819,17.0084
13820,5.01687
13821,19.0084
13822,7.00843
13823,6.01687
13824,12.0084
13825,12.0169
13826,11.0084
13827,5.01687
13828,1.0253
13829,12.0084
13830,3.00843
13831,3.01687
13832,9.00843
13833,18.0084
13834,10.0169
13835,8.0253
13836,3.03373
13837,7.00843
13838,1.01686
13839,3.00843
13840,3.01687
13841,1.00843
13842,19.0084
13843,7.01687
13844,2.0253
13845,3.00843
13846,12.0084
13847,7.01687
13848,3.0253
13849,3.00843
13850,10.0084
13851,3.01687
13852,1.00843
13853,1.01686
13854,16.0084
13855,13.0169
13856,9.00843
13857,7.01687
13858,12.0084
13859,16.0084
13860,13.0084
13861,12.0084
13862,1.01686
13863,18.0084
13864,8.01686
13865,1.00843
13866,5.00843
13867,5.01687
13868,15.0084
13869,8.01686
13870,2.00843
13871,1.01686
13872,18.0084
13873,10.0169
13874,1.0253
13875,18.0084
13876,3.00843
13877,3.01687
13878,8.00843
13879,1.01686
13880,8.00843
13881,10.0084
13882,1.01686
13883,1.0253
13884,7.00843
13885,1.01686
13886,12.0084
13887,5.01687
13888,3.0253
13889,10.0084
13890,7.01687
13891,8.00843
13892,5.01687
13893,12.0084
13894,9.01686
13895,8.0253
13896,8.03373
13897,8.04216
13898,3.05059
13899,1.05903
13900,1.06746
13901,16.0084
13902,14.0084
13903,10.0169
13904,8.0253
13905,3.03373
13906,15.0084
13907,12.0169
13908,12.0253
13909,8.03373
13910,7.00843
13911,18.0084
13912,6.01687
13913,6.0253
13914,18.0084
13915,12.0169
13916,10.0253
13917,8.03373
13918,3.04216
13919,1.05059
13920,17.0084
13921,14.0084
13922,12.0169
13923,19.0084
13924,18.0169
13925,12.0084
13926,7.01687
13927,7.0253
13928,18.0084
13929,3.01687
13930,14.0084
13931,1.01686
13932,20.0084
13933,3.01687
13934,1.0253
13935,18.0084
13936,7.00843
13937,7.00843
13938,7.01687
13939,15.0084
13940,10.0169
13941,10.0253
13942,10.0337
13943,5.04216
13944,5.05059
13945,2.05903
13946,16.0084
13947,14.0169
13948,8.0253
13949,6.03373
13950,3.04216
13951,20.0084
13952,1.01686
13953,18.0084
13954,18.0169
13955,10.0253
13956,5.03373
13957,6.00843
13958,6.01687
13959,3.0253
13960,1.00843
13961,8.00843
13962,12.0084
13963,18.0084
13964,13.0169
13965,8.00843
13966,8.01686
13967,8.0253
13968,8.03373
13969,7.04216
13970,16.0084
13971,10.0084
13972,3.01687
13973,2.00843
13974,12.0084
13975,12.0169
13976,16.0084
13977,15.0169
13978,12.0253
13979,7.00843
13980,6.01687
13981,8.00843
13982,16.0084
13983,14.0084
13984,10.0169
13985,8.0253
13986,14.0084
13987,10.0169
13988,16.0084
13989,6.01687
13990,1.00843
13991,1.01686
13992,1.0253
13993,9.00843
13994,1.01686
13995,12.0084
13996,3.01687
13997,10.0084
13998,16.0084
13999,12.0169
14000,10.0253
14001,4.03373
14002,1.04216
14003,5.00843
14004,5.01687
14005,17.0084
14006,3.01687
14007,7.00843
14008,4.00843
14009,3.01687
14010,18.0084
14011,7.01687
14012,16.0084
14013,7.01687
14014,3.0253
14015,3.03373
14016,12.0084
14017,10.0169
14018,1.0253
14019,5.00843
14020,3.01687
14021,14.0084
14022,10.0169
14023,8.0253
14024,12.0084
14025,5.01687
14026,16.0084
14027,15.0084
14028,8.01686
14029,10.0084
14030,5.00843
14031,5.00843
14032,14.0084
14033,13.0169
14034,7.0253
14035,10.0084
14036,1.00843
14037,10.0084
14038,1.01686
14039,6.00843
14040,7.00843
14041,6.01687
14042,19.0084
14043,14.0169
14044,16.0084
14045,16.0084
14046,5.01687
14047,3.00843
14048,3.01687
14049,5.00843
14050,10.0084
14051,1.01686
14052,1.0253
14053,1.03373
14054,10.0084
14055,4.01687
14056,1.0253
14057,15.0084
14058,8.01686
14059,3.00843
14060,16.0084
14061,8.01686
14062,5.0253
14063,12.0084
14064,5.01687
14065,10.0084
14066,3.01687
14067,3.0253
14068,1.03373
14069,14.0084
14070,1.01686
14071,12.0084
14072,12.0169
14073,1.0253
14074,1.03373
14075,10.0084
14076,5.01687
14077,6.00843
14078,8.00843
14079,5.01687
14080,1.00843
14081,8.00843
14082,7.01687
14083,3.0253
14084,12.0084
14085,3.01687
14086,6.00843
14087,6.00843
14088,6.01687
14089,15.0084
14090,8.00843
14091,2.01687
14092,1.0253
14093,18.0084
14094,8.01686
14095,8.0253
14096,9.00843
14097,3.01687
14098,1.0253
14099,3.00843
14100,14.0084
14101,12.0169
14102,10.0253
14103,6.03373
14104,13.0084
14105,14.0084
14106,14.0169
14107,12.0253
14108,12.0337
14109,8.04216
14110,1.05059
14111,1.05903
14112,8.00843
14113,8.01686
14114,7.0253
14115,16.0084
14116,14.0169
14117,8.0253
14118,10.0084
14119,2.01687
14120,10.0084
14121,10.0169
14122,1.0253
14123,20.0084
14124,14.0169
14125,13.0253
14126,3.03373
14127,3.04216
14128,14.0084
14129,13.0169
14130,5.00843
14131,17.0084
14132,14.0169
14133,10.0253
14134,1.03373
14135,1.00843
14136,17.0084
14137,7.00843
14138,1.01686
14139,18.0084
14140,8.01686
14141,8.0253
14142,10.0084
14143,5.01687
14144,8.00843
14145,8.01686
14146,7.0253
14147,7.03373
14148,7.00843
14149,10.0084
14150,1.01686
14151,8.00843
14152,8.01686
14153,5.0253
14154,18.0084
14155,19.0084
14156,13.0169
14157,3.0253
14158,16.0084
14159,14.0169
14160,19.0084
14161,10.0169
14162,7.00843
14163,7.01687
14164,18.0084
14165,12.0169
14166,12.0253
14167,8.03373
14168,13.0084
14169,18.0084
14170,14.0169
14171,7.0253
14172,4.03373
14173,3.00843
14174,10.0084
14175,7.01687
14176,1.0253
14177,17.0084
14178,8.01686
14179,12.0084
14180,12.0169
14181,12.0253
14182,14.0084
14183,8.01686
14184,5.0253
14185,4.03373
14186,1.04216
14187,1.05059
14188,7.00843
14189,14.0084
14190,8.00843
14191,14.0084
14192,12.0084
14193,10.0169
14194,11.0084
14195,6.01687
14196,5.0253
14197,12.0084
14198,8.01686
14199,14.0084
14200,13.0169
14201,12.0253
14202,8.03373
14203,7.04216
14204,5.05059
14205,14.0084
14206,14.0169
14207,1.0253
14208,7.00843
14209,10.0084
14210,5.01687
14211,17.0084
14212,12.0169
14213,18.0084
14214,12.0169
14215,19.0084
14216,8.01686
14217,1.0253
14218,15.0084
14219,12.0169
14220,13.0084
14221,18.0084
14222,16.0169
14223,6.0253
14224,15.0084
14225,16.0084
14226,5.00843
14227,17.0084
14228,19.0084
14229,12.0169
14230,1.00843
14231,15.0084
14232,10.0169
14233,14.0084
14234,8.01686
14235,16.0084
14236,8.01686
14237,1.0253
14238,13.0084
14239,3.01687
14240,12.0084
14241,1.01686
14242,18.0084
14243,1.01686
14244,14.0084
14245,9.01686
14246,10.0084
14247,6.00843
14248,5.01687
14249,5.0253
14250,19.0084
14251,13.0084
14252,5.01687
14253,3.0253
14254,16.0084
14255,10.0084
14256,8.00843
14257,1.01686
14258,13.0084
14259,5.01687
14260,18.0084
14261,7.01687
14262,6.0253
14263,5.03373
14264,14.0084
14265,7.01687
14266,5.0253
14267,10.0084
14268,18.0084
14269,8.01686
14270,5.0253
14271,15.0084
14272,10.0169
14273,6.0253
14274,19.0084
14275,14.0169
14276,10.0253
14277,10.0084
14278,12.0084
14279,4.01687
14280,1.0253
14281,18.0084
14282,5.01687
14283,1.00843
14284,1.01686
14285,1.0253
14286,8.00843
14287,3.00843
14288,5.00843
14289,12.0084
14290,8.01686
14291,8.0253
14292,8.03373
14293,7.04216
14294,7.05059
14295,15.0084
14296,8.00843
14297,13.0084
14298,10.0169
14299,10.0253
14300,5.00843
14301,3.01687
14302,10.0084
14303,3.00843
14304,2.00843
14305,3.00843
14306,18.0084
14307,10.0084
14308,12.0084
14309,15.0084
14310,5.01687
14311,1.0253
14312,10.0084
14313,2.01687
14314,1.0253
14315,2.00843
14316,1.01686
14317,1.0253
14318,1.03373
14319,1.04216
14320,3.00843
14321,2.01687
14322,18.0084
14323,10.0084
14324,9.01686
14325,7.0253
14326,5.00843
14327,10.0084
14328,9.01686
14329,7.0253
14330,6.03373
14331,1.04216
14332,17.0084
14333,8.01686
14334,7.0253
14335,2.03373
14336,5.00843
14337,3.01687
14338,14.0084
14339,14.0084
14340,5.01687
14341,12.0084
14342,16.0084
14343,15.0169
14344,12.0253
14345,12.0337
14346,7.04216
14347,13.0084
14348,8.01686
14349,1.00843
14350,16.0084
14351,17.0084
14352,12.0084
14353,18.0084
14354,10.0169
14355,12.0084
14356,8.01686
14357,8.0253
14358,17.0084
14359,3.00843
14360,16.0084
14361,5.01687
14362,3.0253
14363,1.03373
14364,6.00843
14365,1.01686
14366,16.0084
14367,1.01686
14368,1.0253
14369,6.00843
14370,5.01687
14371,7.00843
14372,7.00843
14373,7.01687
14374,8.00843
14375,5.01687
14376,3.0253
14377,8.00843
14378,8.01686
14379,8.00843
14380,12.0084
14381,7.01687
14382,14.0084
14383,14.0169
14384,10.0253
14385,7.03373
14386,16.0084
14387,3.01687
14388,14.0084
14389,12.0169
14390,12.0253
14391,10.0337
14392,8.04216
14393,18.0084
14394,16.0169
14395,15.0253
14396,13.0337
14397,18.0084
14398,2.00843
14399,5.00843
14400,1.00843
14401,1.00843
14402,3.00843
14403,7.00843
14404,1.01686
14405,1.0253
14406,10.0084
14407,3.01687
14408,10.0084
14409,5.00843
14410,7.00843
14411,5.01687
14412,5.0253
14413,3.03373
14414,6.00843
14415,6.01687
14416,14.0084
14417,8.00843
14418,8.01686
14419,16.0084
14420,1.01686
14421,10.0084
14422,9.01686
14423,8.0253
14424,7.03373
14425,1.04216
14426,17.0084
14427,18.0084
14428,12.0169
14429,7.0253
14430,5.03373
14431,3.04216
14432,10.0084
14433,10.0169
14434,8.0253
14435,7.00843
14436,16.0084
14437,13.0169
14438,10.0253
14439,3.03373
14440,3.04216
14441,10.0084
14442,10.0169
14443,18.0084
14444,16.0169
14445,10.0253
14446,9.03373
14447,13.0084
14448,11.0169
14449,9.0253
14450,9.03373
14451,6.04216
14452,1.05059
14453,14.0084
14454,7.01687
14455,5.0253
14456,20.0084
14457,16.0169
14458,16.0253
14459,14.0337
14460,4.04216
14461,17.0084
14462,14.0169
14463,17.0084
14464,10.0169
14465,7.00843
14466,7.01687
14467,6.0253
14468,1.03373
14469,18.0084
14470,16.0084
14471,13.0169
14472,4.0253
14473,3.03373
14474,18.0084
14475,3.01687
14476,18.0084
14477,18.0169
14478,7.0253
14479,16.0084
14480,16.0169
14481,1.0253
14482,12.0084
14483,8.01686
14484,18.0084
14485,13.0169
14486,8.0253
14487,7.00843
14488,3.01687
14489,12.0084
14490,16.0084
14491,14.0084
14492,14.0169
14493,10.0253
14494,5.00843
14495,1.00843
14496,10.0084
14497,10.0169
14498,4.0253
14499,13.0084
14500,5.00843
14501,1.01686
14502,18.0084
14503,10.0169
14504,10.0253
14505,16.0084
14506,10.0169
14507,1.0253
14508,12.0084
14509,7.01687
14510,5.00843
14511,5.01687
14512,14.0084
14513,13.0169
14514,12.0253
14515,6.03373
14516,5.04216
14517,3.05059
14518,6.00843
14519,12.0084
14520,10.0084
14521,10.0169
14522,10.0084
14523,1.01686
14524,12.0084
14525,3.00843
14526,10.0084
14527,10.0169
14528,1.0253
14529,5.00843
14530,15.0084
14531,14.0084
14532,8.01686
14533,7.0253
14534,16.0084
14535,1.00843
14536,1.01686
14537,10.0084
14538,3.01687
14539,1.0253
14540,14.0084
14541,12.0169
14542,2.0253
14543,12.0084
14544,12.0169
14545,7.0253
14546,3.00843
14547,17.0084
14548,5.01687
14549,5.0253
14550,10.0084
14551,8.01686
14552,8.00843
14553,10.0084
14554,8.01686
14555,15.0084
14556,8.01686
14557,17.0084
14558,5.00843
14559,6.00843
14560,20.0084
14561,16.0169
14562,14.0253
14563,14.0084
14564,12.0169
14565,3.0253
14566,16.0084
14567,9.01686
14568,18.0084
14569,12.0084
14570,12.0169
14571,17.0084
14572,1.01686
14573,1.0253
14574,9.00843
14575,7.01687
14576,1.0253
14577,10.0084
14578,7.01687
14579,8.00843
14580,5.01687
14581,3.0253
14582,12.0084
14583,12.0084
14584,12.0169
14585,7.00843
14586,1.01686
14587,8.00843
14588,12.0084
14589,7.00843
14590,12.0084
14591,3.01687
14592,1.0253
14593,3.00843
14594,16.0084
14595,9.01686
14596,3.0253
14597,3.03373
14598,3.00843
14599,5.00843
14600,7.00843
14601,11.0084
14602,9.00843
14603,10.0084
14604,8.01686
14605,8.0253
14606,5.03373
14607,5.04216
14608,10.0084
14609,10.0169
14610,10.0084
14611,7.01687
14612,13.0084
14613,8.00843
14614,5.01687
14615,1.0253
14616,16.0084
14617,18.0084
14618,10.0169
14619,8.0253
14620,5.03373
14621,3.04216
14622,12.0084
14623,5.01687
14624,13.0084
14625,7.00843
14626,1.01686
14627,1.0253
14628,8.00843
14629,1.01686
14630,1.0253
14631,9.00843
14632,8.01686
14633,8.0253
14634,1.03373
14635,5.00843
14636,16.0084
14637,6.01687
14638,14.0084
14639,8.01686
14640,18.0084
14641,17.0084
14642,12.0084
14643,5.01687
14644,14.0084
14645,10.0169
14646,8.00843
14647,1.01686
14648,14.0084
14649,10.0169
14650,16.0084
14651,1.01686
14652,12.0084
14653,8.00843
14654,1.00843
14655,1.00843
14656,1.01686
14657,3.00843
14658,1.01686
14659,1.0253
14660,3.00843
14661,3.01687
14662,5.00843
14663,8.00843
14664,5.01687
14665,5.0253
14666,1.00843
14667,12.0084
14668,10.0169
14669,9.0253
14670,8.03373
14671,8.04216
14672,19.0084
14673,10.0169
14674,9.00843
14675,6.01687
14676,3.00843
14677,10.0084
14678,1.01686
14679,1.0253
14680,18.0084
14681,14.0169
14682,7.0253
14683,5.03373
14684,5.04216
14685,18.0084
14686,16.0084
14687,14.0169
14688,3.0253
14689,2.03373
14690,1.04216
14691,14.0084
14692,8.01686
14693,6.0253
14694,3.00843
14695,8.00843
14696,1.01686
14697,19.0084
14698,11.0169
14699,5.0253
14700,12.0084
14701,10.0169
14702,7.0253
14703,5.03373
14704,3.04216
14705,3.05059
14706,6.00843
14707,14.0084
14708,14.0169
14709,10.0084
14710,7.01687
14711,5.0253
14712,12.0084
14713,13.0084
14714,5.01687
14715,1.0253
14716,1.03373
14717,14.0084
14718,2.01687
14719,7.00843
14720,3.01687
14721,4.00843
14722,13.0084
14723,5.00843
14724,1.01686
14725,10.0084
14726,18.0084
14727,1.01686
14728,8.00843
14729,12.0084
14730,10.0169
14731,8.0253
14732,7.00843
14733,12.0084
14734,10.0169
14735,10.0253
14736,16.0084
14737,8.01686
14738,16.0084
14739,5.01687
14740,8.00843
14741,16.0084
14742,3.00843
14743,3.00843
14744,3.01687
14745,3.00843
14746,10.0084
14747,18.0084
14748,3.01687
14749,10.0084
14750,7.01687
14751,8.00843
14752,7.01687
14753,16.0084
14754,10.0169
14755,10.0253
14756,14.0084
14757,9.01686
14758,7.0253
14759,18.0084
14760,14.0084
14761,5.01687
14762,10.0084
14763,12.0084
14764,7.01687
14765,7.00843
14766,14.0084
14767,14.0169
14768,8.00843
14769,5.01687
14770,16.0084
14771,8.01686
14772,1.0253
14773,1.03373
14774,1.04216
14775,17.0084
14776,15.0169
14777,3.00843
14778,3.01687
14779,7.00843
14780,7.01687
14781,1.0253
14782,8.00843
14783,5.01687
14784,16.0084
14785,5.01687
14786,10.0084
14787,8.01686
14788,1.00843
14789,17.0084
14790,1.01686
14791,13.0084
14792,12.0169
14793,7.00843
14794,14.0084
14795,12.0084
14796,4.01687
14797,18.0084
14798,6.01687
14799,14.0084
14800,7.01687
14801,12.0084
14802,10.0169
14803,8.0253
14804,17.0084
14805,12.0169
14806,1.0253
14807,1.00843
14808,1.00843
14809,8.00843
14810,8.01686
14811,7.0253
14812,7.03373
14813,5.04216
14814,3.05059
14815,10.0084
14816,7.01687
14817,1.0253
14818,3.00843
14819,18.0084
14820,5.00843
14821,3.01687
14822,3.0253
14823,3.03373
14824,1.04216
14825,16.0084
14826,1.01686
14827,6.00843
14828,10.0084
14829,8.01686
14830,14.0084
14831,1.00843
14832,1.01686
14833,1.0253
14834,12.0084
14835,5.01687
14836,4.00843
14837,18.0084
14838,12.0169
14839,8.0253
14840,5.03373
14841,20.0084
14842,19.0169
14843,10.0253
14844,8.03373
14845,7.00843
14846,5.01687
14847,8.00843
14848,8.01686
14849,20.0084
14850,3.01687
14851,1.00843
14852,5.00843
14853,19.0084
14854,12.0169
14855,12.0253
14856,13.0084
14857,14.0084
14858,8.01686
14859,6.0253
14860,17.0084
14861,16.0169
14862,14.0253
14863,12.0337
14864,7.04216
14865,16.0084
14866,16.0169
14867,8.0253
14868,19.0084
14869,1.00843
14870,1.01686
14871,10.0084
14872,10.0169
14873,3.0253
14874,2.03373
14875,15.0084
14876,16.0084
14877,4.01687
14878,12.0084
14879,5.01687
14880,5.0253
14881,1.03373
14882,12.0084
14883,6.00843
14884,12.0084
14885,20.0084
14886,7.01687
14887,5.00843
14888,12.0084
14889,7.01687
14890,5.0253
14891,2.03373
14892,1.04216
14893,8.00843
14894,16.0084
14895,13.0084
14896,14.0084
14897,7.01687
14898,9.00843
14899,4.01687
14900,10.0084
14901,7.00843
14902,6.01687
14903,8.00843
14904,5.01687
14905,3.00843
14906,8.00843
14907,5.01687
14908,7.00843
14909,6.01687
14910,5.0253
14911,3.03373
14912,1.04216
14913,5.00843
14914,1.01686
14915,15.0084
14916,5.01687
14917,10.0084
14918,8.01686
14919,14.0084
14920,7.01687
14921,5.0253
14922,7.00843
14923,1.01686
14924,11.0084
14925,5.01687
14926,20.0084
14927,18.0169
14928,1.0253
14929,14.0084
14930,14.0169
14931,10.0253
14932,10.0337
14933,16.0084
14934,16.0169
14935,7.0253
14936,7.03373
14937,10.0084
14938,7.01687
14939,1.0253
14940,12.0084
14941,14.0084
14942,10.0169
14943,6.0253
14944,1.03373
14945,8.00843
14946,2.01687
14947,8.00843
14948,5.01687
14949,3.0253
14950,3.03373
14951,3.04216
14952,1.05059
14953,1.05903
14954,13.0084
14955,10.0169
14956,8.0253
14957,6.03373
14958,19.0084
14959,6.01687
14960,3.0253
14961,10.0084
14962,8.01686
14963,10.0084
14964,1.01686
14965,1.0253
14966,16.0084
14967,10.0169
14968,8.0253
14969,5.03373
14970,3.04216
14971,12.0084
14972,12.0169
14973,10.0253
14974,10.0337
14975,1.04216
14976,10.0084
14977,8.01686
14978,20.0084
14979,16.0169
14980,14.0084
14981,1.01686
14982,3.00843
14983,18.0084
14984,15.0169
14985,14.0253
14986,12.0337
14987,12.0422
14988,3.00843
14989,3.01687
14990,18.0084
14991,18.0169
14992,18.0253
14993,14.0337
14994,5.04216
14995,14.0084
14996,14.0169
14997,14.0253
14998,14.0337
14999,1.04216
15000,8.00843
15001,14.0084
15002,8.01686
15003,5.00843
15004,1.01686
15005,3.00843
15006,3.01687
15007,1.0253
15008,12.0084
15009,20.0084
15010,8.00843
15011,5.01687
15012,3.0253
15013,10.0084
15014,7.01687
15015,5.0253
15016,10.0084
15017,1.01686
15018,8.00843
15019,7.01687
15020,5.00843
15021,1.01686
15022,7.00843
15023,1.01686
15024,12.0084
15025,10.0169
15026,8.00843
15027,12.0084
15028,10.0084
15029,10.0169
15030,1.0253
15031,14.0084
15032,14.0169
15033,6.0253
15034,5.00843
15035,3.01687
15036,16.0084
15037,14.0169
15038,8.0253
15039,3.03373
15040,9.00843
15041,9.01686
15042,1.0253
15043,12.0084
15044,17.0084
15045,8.00843
15046,7.01687
15047,18.0084
15048,10.0084
15049,10.0169
15050,16.0084
15051,17.0084
15052,16.0084
15053,11.0084
15054,12.0084
15055,12.0169
15056,10.0253
15057,1.03373
15058,14.0084
15059,1.01686
15060,1.0253
15061,16.0084
15062,8.01686
15063,7.0253
15064,8.00843
15065,5.01687
15066,5.0253
15067,8.00843
15068,18.0084
15069,7.01687
15070,3.0253
15071,10.0084
15072,10.0084
15073,1.01686
15074,1.0253
15075,10.0084
15076,3.01687
15077,12.0084
15078,14.0084
15079,14.0169
15080,5.0253
15081,1.03373
15082,1.04216
15083,1.05059
15084,13.0084
15085,16.0084
15086,12.0169
15087,10.0253
15088,18.0084
15089,18.0084
15090,10.0169
15091,14.0084
15092,11.0169
15093,7.0253
15094,7.03373
15095,12.0084
15096,14.0084
15097,14.0169
15098,16.0084
15099,7.01687
15100,10.0084
15101,9.01686
15102,1.0253
15103,10.0084
15104,8.01686
15105,18.0084
15106,1.01686
15107,10.0084
15108,1.01686
15109,8.00843
15110,5.01687
15111,3.0253
15112,7.00843
15113,14.0084
15114,8.01686
15115,5.0253
15116,19.0084
15117,10.0169
15118,8.00843
15119,1.01686
15120,18.0084
15121,14.0169
15122,12.0253
15123,10.0337
15124,10.0422
15125,10.0506
15126,10.059
15127,7.06746
15128,1.07589
15129,13.0084
15130,10.0169
15131,5.0253
15132,1.03373
15133,12.0084
15134,3.01687
15135,19.0084
15136,13.0169
15137,3.0253
15138,14.0084
15139,14.0169
15140,13.0253
15141,3.03373
15142,18.0084
15143,18.0169
15144,14.0253
15145,14.0337
15146,8.04216
15147,10.0084
15148,8.01686
15149,8.0253
15150,10.0084
15151,18.0084
15152,17.0169
15153,13.0253
15154,16.0084
15155,12.0084
15156,7.01687
15157,13.0084
15158,12.0169
15159,8.0253
15160,8.03373
15161,18.0084
15162,14.0169
15163,12.0253
15164,7.00843
15165,5.01687
15166,18.0084
15167,12.0169
15168,8.0253
15169,7.00843
15170,14.0084
15171,6.00843
15172,13.0084
15173,12.0084
15174,5.01687
15175,13.0084
15176,7.01687
15177,8.00843
15178,8.00843
15179,7.01687
15180,1.0253
15181,1.03373
15182,1.00843
15183,11.0084
15184,12.0084
15185,1.01686
15186,1.0253
15187,8.00843
15188,8.01686
15189,13.0084
15190,9.01686
15191,3.0253
15192,1.03373
15193,1.04216
15194,10.0084
15195,10.0169
15196,10.0253
15197,8.03373
15198,6.04216
15199,12.0084
15200,5.01687
15201,3.0253
15202,1.03373
15203,12.0084
15204,12.0169
15205,13.0084
15206,8.01686
15207,5.0253
15208,8.00843
15209,13.0084
15210,10.0169
15211,10.0253
15212,10.0084
15213,10.0169
15214,10.0253
15215,10.0337
15216,3.04216
15217,14.0084
15218,13.0169
15219,7.0253
15220,18.0084
15221,15.0169
15222,10.0253
15223,10.0337
15224,14.0084
15225,15.0084
15226,12.0169
15227,7.0253
15228,12.0084
15229,14.0084
15230,4.01687
15231,16.0084
15232,7.01687
15233,13.0084
15234,8.01686
15235,8.0253
15236,14.0084
15237,7.01687
15238,5.0253
15239,20.0084
15240,11.0169
15241,10.0253
15242,10.0337
15243,8.04216
15244,6.05059
15245,1.05903
15246,12.0084
15247,5.01687
15248,12.0084
15249,8.01686
15250,13.0084
15251,1.00843
15252,14.0084
15253,13.0169
15254,5.00843
15255,3.01687
15256,14.0084
15257,3.01687
15258,1.0253
15259,1.03373
15260,10.0084
15261,3.01687
15262,16.0084
15263,8.00843
15264,7.00843
15265,12.0084
15266,12.0169
15267,8.0253
15268,10.0084
15269,8.01686
15270,8.00843
15271,1.01686
15272,15.0084
15273,13.0169
15274,13.0253
15275,8.03373
15276,7.04216
15277,3.05059
15278,5.00843
15279,14.0084
15280,16.0084
15281,8.00843
15282,16.0084
15283,10.0169
15284,5.0253
15285,19.0084
15286,18.0169
15287,1.0253
15288,18.0084
15289,3.00843
15290,12.0084
15291,8.01686
15292,6.0253
15293,3.03373
15294,3.04216
15295,1.05059
15296,8.00843
15297,5.00843
15298,5.01687
15299,8.00843
15300,8.01686
15301,8.0253
15302,13.0084
15303,14.0084
15304,1.01686
15305,16.0084
15306,17.0084
15307,5.01687
15308,3.0253
15309,16.0084
15310,10.0169
15311,7.0253
15312,5.03373
15313,15.0084
15314,8.00843
15315,6.01687
15316,3.00843
15317,7.00843
15318,5.01687
15319,10.0084
15320,5.01687
15321,8.00843
15322,1.01686
15323,3.00843
15324,7.00843
15325,1.01686
15326,16.0084
15327,1.01686
15328,2.00843
15329,17.0084
15330,14.0169
15331,1.0253
15332,1.00843
15333,10.0084
15334,16.0084
15335,18.0084
15336,8.01686
15337,8.0253
15338,1.03373
15339,5.00843
15340,19.0084
15341,14.0169
15342,11.0253
15343,12.0084
15344,8.01686
15345,12.0084
15346,8.01686
15347,7.0253
15348,8.00843
15349,13.0084
15350,10.0169
15351,5.0253
15352,5.03373
15353,14.0084
15354,10.0169
15355,8.0253
15356,5.03373
15357,1.04216
15358,12.0084
15359,12.0169
15360,17.0084
15361,16.0169
15362,13.0253
15363,12.0337
15364,3.04216
15365,1.05059
15366,14.0084
15367,9.01686
15368,2.0253
15369,14.0084
15370,12.0169
15371,16.0084
15372,5.00843
15373,17.0084
15374,1.01686
15375,18.0084
15376,7.00843
15377,4.01687
15378,10.0084
15379,10.0084
15380,10.0169
15381,12.0084
15382,10.0169
15383,20.0084
15384,17.0169
15385,13.0253
15386,14.0084
15387,1.01686
15388,12.0084
15389,1.01686
15390,3.00843
15391,3.00843
15392,3.01687
15393,8.00843
15394,8.01686
15395,8.0253
15396,6.00843
15397,5.01687
15398,2.0253
15399,8.00843
15400,6.01687
15401,5.0253
15402,9.00843
15403,10.0084
15404,3.01687
15405,1.0253
15406,11.0084
15407,8.01686
15408,12.0084
15409,7.01687
15410,16.0084
15411,13.0169
15412,8.0253
15413,10.0084
15414,16.0084
15415,15.0169
15416,13.0253
15417,1.00843
15418,20.0084
15419,18.0169
15420,5.0253
15421,3.03373
15422,8.00843
15423,8.00843
15424,3.00843
15425,8.00843
15426,8.01686
15427,5.0253
15428,5.03373
15429,6.00843
15430,9.00843
15431,14.0084
15432,8.01686
15433,8.0253
15434,6.00843
15435,1.01686
15436,15.0084
15437,10.0169
15438,8.0253
15439,12.0084
15440,4.01687
15441,1.0253
15442,5.00843
15443,16.0084
15444,20.0084
15445,17.0169
15446,14.0253
15447,13.0337
15448,7.04216
15449,7.00843
15450,3.01687
15451,5.00843
15452,1.01686
15453,20.0084
15454,5.01687
15455,19.0084
15456,10.0169
15457,7.00843
15458,7.01687
15459,13.0084
15460,10.0084
15461,7.01687
15462,6.0253
15463,3.03373
15464,1.04216
15465,16.0084
15466,10.0169
15467,10.0253
15468,5.03373
15469,3.04216
15470,20.0084
15471,1.01686
15472,13.0084
15473,3.01687
15474,1.0253
15475,13.0084
15476,7.01687
15477,3.0253
15478,3.00843
15479,1.01686
15480,5.00843
15481,8.00843
15482,14.0084
15483,8.00843
15484,8.01686
15485,7.0253
15486,3.03373
15487,16.0084
15488,12.0084
15489,10.0169
15490,5.0253
15491,5.03373
15492,18.0084
15493,7.01687
15494,16.0084
15495,5.01687
15496,5.0253
15497,2.00843
15498,18.0084
15499,1.00843
15500,20.0084
15501,8.01686
15502,1.0253
15503,1.03373
15504,10.0084
15505,8.01686
15506,7.0253
15507,7.03373
15508,1.04216
15509,1.05059
15510,5.00843
15511,1.01686
15512,7.00843
15513,5.01687
15514,15.0084
15515,5.01687
15516,8.00843
15517,10.0084
15518,5.00843
15519,16.0084
15520,12.0169
15521,1.0253
15522,17.0084
15523,12.0169
15524,13.0084
15525,1.00843
15526,1.01686
15527,16.0084
15528,1.01686
15529,1.00843
15530,3.00843
15531,8.00843
15532,1.01686
15533,8.00843
15534,10.0084
15535,5.01687
15536,5.0253
15537,5.00843
15538,12.0084
15539,9.01686
15540,12.0084
15541,16.0084
15542,14.0169
15543,8.00843
15544,1.00843
15545,3.00843
15546,1.01686
15547,4.00843
15548,3.01687
15549,3.0253
15550,13.0084
15551,3.01687
15552,3.0253
15553,3.03373
15554,5.00843
15555,5.01687
15556,6.00843
15557,5.01687
15558,1.0253
15559,14.0084
15560,10.0169
15561,7.0253
15562,6.03373
15563,8.00843
15564,6.01687
15565,8.00843
15566,8.01686
15567,18.0084
15568,10.0169
15569,20.0084
15570,12.0169
15571,12.0253
15572,8.03373
15573,13.0084
15574,14.0084
15575,13.0169
15576,3.00843
15577,1.01686
15578,13.0084
15579,20.0084
15580,17.0169
15581,13.0253
15582,13.0337
15583,5.04216
15584,18.0084
15585,8.01686
15586,1.0253
15587,20.0084
15588,19.0169
15589,18.0253
15590,5.00843
15591,1.01686
15592,18.0084
15593,7.01687
15594,7.00843
15595,12.0084
15596,10.0084
15597,3.01687
15598,15.0084
15599,10.0169
15600,8.0253
15601,16.0084
15602,14.0084
15603,13.0169
15604,8.0253
15605,8.03373
15606,15.0084
15607,1.01686
15608,8.00843
15609,4.01687
15610,3.0253
15611,17.0084
15612,14.0169
15613,20.0084
15614,15.0169
15615,13.0253
15616,12.0337
15617,16.0084
15618,14.0169
15619,17.0084
15620,15.0084
15621,1.01686
15622,17.0084
15623,9.01686
15624,8.0253
15625,8.00843
15626,8.01686
15627,14.0084
15628,10.0084
15629,8.01686
15630,8.0253
15631,18.0084
15632,17.0169
15633,17.0253
15634,6.03373
15635,15.0084
15636,8.01686
15637,18.0084
15638,3.01687
15639,12.0084
15640,9.01686
15641,5.0253
15642,10.0084
15643,14.0084
15644,1.00843
15645,1.01686
15646,3.00843
15647,2.01687
15648,1.0253
15649,1.00843
15650,18.0084
15651,18.0169
15652,1.0253
15653,12.0084
15654,10.0169
15655,5.0253
15656,8.00843
15657,3.01687
15658,13.0084
15659,7.00843
15660,5.01687
15661,3.0253
15662,9.00843
15663,8.00843
15664,14.0084
15665,10.0169
15666,12.0084
15667,3.01687
15668,16.0084
15669,10.0169
15670,7.0253
15671,1.03373
15672,2.00843
15673,14.0084
15674,8.01686
15675,17.0084
15676,14.0084
15677,1.01686
15678,15.0084
15679,5.01687
15680,1.00843
15681,3.00843
15682,19.0084
15683,17.0169
15684,10.0253
15685,6.00843
15686,12.0084
15687,10.0169
15688,5.00843
15689,16.0084
15690,12.0169
15691,9.0253
15692,8.03373
15693,20.0084
15694,13.0084
15695,9.01686
15696,1.00843
15697,14.0084
15698,8.01686
15699,3.0253
15700,14.0084
15701,18.0084
15702,16.0169
15703,13.0253
15704,17.0084
15705,8.00843
15706,7.01687
15707,9.00843
15708,7.01687
15709,10.0084
15710,8.01686
15711,10.0084
15712,1.01686
15713,18.0084
15714,16.0084
15715,13.0169
15716,3.0253
15717,17.0084
15718,5.01687
15719,12.0084
15720,17.0084
15721,16.0084
15722,8.01686
15723,18.0084
15724,5.00843
15725,1.01686
15726,8.00843
15727,5.01687
15728,13.0084
15729,3.01687
15730,14.0084
15731,17.0084
15732,12.0169
15733,8.0253
15734,5.03373
15735,9.00843
15736,8.01686
15737,9.00843
15738,8.00843
15739,1.01686
15740,12.0084
15741,9.00843
15742,19.0084
15743,8.00843
15744,5.01687
15745,1.0253
15746,1.00843
15747,1.00843
15748,8.00843
15749,12.0084
15750,5.01687
15751,12.0084
15752,12.0169
15753,5.0253
15754,1.00843
15755,7.00843
15756,3.01687
15757,8.00843
15758,6.00843
15759,18.0084
15760,10.0169
15761,5.0253
15762,15.0084
15763,10.0169
15764,9.00843
15765,13.0084
15766,19.0084
15767,14.0169
15768,14.0084
15769,12.0169
15770,9.0253
15771,16.0084
15772,11.0169
15773,8.00843
15774,8.01686
15775,14.0084
15776,16.0084
15777,10.0169
15778,8.0253
15779,8.03373
15780,6.04216
15781,5.00843
15782,12.0084
15783,12.0084
15784,10.0169
15785,10.0253
15786,3.00843
15787,14.0084
15788,10.0169
15789,14.0084
15790,1.00843
15791,16.0084
15792,8.00843
15793,5.01687
15794,5.00843
15795,7.00843
15796,18.0084
15797,12.0169
15798,8.0253
15799,8.03373
15800,7.00843
15801,1.01686
15802,14.0084
15803,1.00843
15804,14.0084
15805,12.0169
15806,7.0253
15807,6.03373
15808,14.0084
15809,18.0084
15810,18.0169
15811,18.0084
15812,5.01687
15813,1.00843
15814,8.00843
15815,14.0084
15816,7.00843
15817,7.01687
15818,6.0253
15819,14.0084
15820,18.0084
15821,1.01686
15822,1.00843
15823,8.00843
15824,5.01687
15825,10.0084
15826,7.01687
15827,16.0084
15828,12.0169
15829,1.0253
15830,1.00843
15831,7.00843
15832,7.00843
15833,10.0084
15834,5.00843
15835,14.0084
15836,10.0169
15837,8.0253
15838,8.00843
15839,7.00843
15840,10.0084
15841,10.0169
15842,5.0253
15843,16.0084
15844,12.0169
15845,8.0253
15846,8.03373
15847,6.04216
15848,1.05059
15849,15.0084
15850,11.0169
15851,1.0253
15852,1.03373
15853,1.00843
15854,7.00843
15855,12.0084
15856,8.01686
15857,20.0084
15858,1.01686
15859,20.0084
15860,8.01686
15861,8.0253
15862,10.0084
15863,20.0084
15864,5.01687
15865,18.0084
15866,1.01686
15867,1.0253
15868,16.0084
15869,8.01686
15870,12.0084
15871,10.0169
15872,10.0253
15873,4.03373
15874,1.04216
15875,1.00843
15876,12.0084
15877,15.0084
15878,13.0169
15879,8.00843
15880,1.01686
15881,10.0084
15882,8.01686
15883,8.0253
15884,12.0084
15885,12.0169
15886,7.0253
15887,3.03373
15888,14.0084
15889,5.01687
15890,10.0084
15891,1.01686
15892,12.0084
15893,12.0169
15894,2.0253
15895,16.0084
15896,8.00843
15897,5.01687
15898,7.00843
15899,1.00843
15900,1.01686
15901,1.0253
15902,10.0084
15903,8.00843
15904,1.00843
15905,15.0084
15906,6.00843
15907,6.01687
15908,10.0084
15909,8.01686
15910,8.0253
15911,8.03373
15912,2.04216
15913,13.0084
15914,8.01686
15915,12.0084
15916,8.00843
15917,12.0084
15918,16.0084
15919,5.01687
15920,1.0253
15921,1.03373
15922,17.0084
15923,10.0169
15924,7.0253
15925,8.00843
15926,13.0084
15927,19.0084
15928,14.0169
15929,2.0253
15930,10.0084
15931,1.01686
15932,16.0084
15933,12.0169
15934,5.0253
15935,15.0084
15936,8.01686
15937,3.0253
15938,1.03373
15939,7.00843
15940,5.01687
15941,3.00843
15942,18.0084
15943,8.01686
15944,17.0084
15945,3.01687
15946,3.0253
15947,12.0084
15948,7.00843
15949,14.0084
15950,1.00843
15951,13.0084
15952,16.0084
15953,3.01687
15954,5.00843
15955,3.00843
15956,14.0084
15957,13.0084
15958,20.0084
15959,8.00843
15960,11.0084
15961,3.01687
15962,5.00843
15963,3.01687
15964,16.0084
15965,15.0084
15966,5.01687
15967,1.0253
15968,3.00843
15969,18.0084
15970,10.0084
15971,9.01686
15972,6.00843
15973,12.0084
15974,12.0169
15975,5.0253
15976,5.00843
15977,17.0084
15978,8.01686
15979,8.0253
15980,8.03373
15981,5.04216
15982,18.0084
15983,16.0169
15984,15.0253
15985,16.0084
15986,7.01687
15987,11.0084
15988,10.0084
15989,14.0084
15990,12.0169
15991,10.0253
15992,8.00843
15993,8.01686
15994,8.0253
15995,12.0084
15996,17.0084
15997,13.0084
15998,8.01686
15999,2.0253
16000,14.0084
16001,10.0084
16002,10.0084
16003,17.0084
16004,10.0169
16005,6.0253
16006,5.03373
16007,5.04216
16008,13.0084
16009,12.0169
16010,7.0253
16011,7.03373
16012,5.04216
16013,5.05059
16014,1.00843
16015,13.0084
16016,16.0084
16017,15.0169
16018,3.0253
16019,16.0084
16020,12.0169
16021,6.0253
16022,1.03373
16023,5.00843
16024,1.01686
16025,3.00843
16026,3.01687
16027,1.0253
16028,14.0084
16029,5.01687
16030,5.0253
16031,1.03373
16032,18.0084
16033,14.0169
16034,18.0084
16035,18.0169
16036,5.0253
16037,10.0084
16038,8.01686
16039,3.0253
16040,10.0084
16041,1.00843
16042,13.0084
16043,12.0169
16044,1.0253
16045,13.0084
16046,8.00843
16047,13.0084
16048,5.01687
16049,5.0253
16050,2.00843
16051,17.0084
16052,13.0169
16053,5.0253
16054,16.0084
16055,6.01687
16056,1.0253
16057,2.00843
16058,5.00843
16059,3.01687
16060,5.00843
16061,10.0084
16062,8.01686
16063,13.0084
16064,5.01687
16065,3.0253
16066,5.00843
16067,8.00843
16068,8.01686
16069,12.0084
16070,12.0169
16071,12.0084
16072,10.0169
16073,1.0253
16074,5.00843
16075,16.0084
16076,15.0169
16077,1.0253
16078,1.03373
16079,14.0084
16080,5.01687
16081,18.0084
16082,1.01686
16083,14.0084
16084,7.00843
16085,7.01687
16086,7.0253
16087,5.03373
16088,4.04216
16089,16.0084
16090,8.01686
16091,5.00843
16092,1.00843
16093,8.00843
16094,8.00843
16095,3.01687
16096,11.0084
16097,12.0084
16098,10.0169
16099,7.0253
16100,13.0084
16101,12.0169
16102,8.0253
16103,7.03373
16104,5.04216
16105,5.05059
16106,15.0084
16107,7.01687
16108,7.0253
16109,1.03373
16110,16.0084
16111,5.01687
16112,8.00843
16113,4.01687
16114,18.0084
16115,15.0084
16116,15.0084
16117,10.0169
16118,7.0253
16119,8.00843
16120,8.01686
16121,1.0253
16122,10.0084
16123,10.0169
16124,3.0253
16125,1.03373
16126,12.0084
16127,6.00843
16128,8.00843
16129,1.01686
16130,18.0084
16131,14.0084
16132,3.01687
16133,1.0253
16134,18.0084
16135,7.00843
16136,16.0084
16137,8.01686
16138,5.0253
16139,12.0084
16140,5.01687
16141,8.00843
16142,20.0084
16143,10.0084
16144,4.01687
16145,3.0253
16146,16.0084
16147,12.0084
16148,3.00843
16149,18.0084
16150,17.0169
16151,17.0084
16152,3.01687
16153,8.00843
16154,1.01686
16155,8.00843
16156,3.01687
16157,1.00843
16158,5.00843
16159,7.00843
16160,1.01686
16161,14.0084
16162,1.01686
16163,16.0084
16164,15.0169
16165,15.0253
16166,8.03373
16167,17.0084
16168,17.0169
16169,19.0084
16170,6.00843
16171,5.01687
16172,7.00843
16173,14.0084
16174,14.0169
16175,7.0253
16176,5.00843
16177,1.01686
16178,2.00843
16179,8.00843
16180,7.01687
16181,15.0084
16182,1.01686
16183,19.0084
16184,13.0169
16185,12.0084
16186,16.0084
16187,1.00843
16188,12.0084
16189,11.0084
16190,7.01687
16191,7.0253
16192,1.03373
16193,5.00843
16194,5.01687
16195,8.00843
16196,6.01687
16197,1.00843
16198,8.00843
16199,3.01687
16200,1.0253
16201,8.00843
16202,8.01686
16203,16.0084
16204,8.01686
16205,5.0253
16206,14.0084
16207,6.00843
16208,2.00843
16209,1.01686
16210,9.00843
16211,1.00843
16212,18.0084
16213,1.00843
16214,15.0084
16215,8.01686
16216,1.00843
16217,12.0084
16218,10.0084
16219,5.01687
16220,15.0084
16221,9.01686
16222,17.0084
16223,10.0169
16224,8.0253
16225,4.03373
16226,1.04216
16227,1.05059
16228,5.00843
16229,1.01686
16230,3.00843
16231,3.01687
16232,10.0084
16233,7.01687
16234,5.0253
16235,5.03373
16236,1.00843
16237,1.01686
16238,19.0084
16239,10.0169
16240,7.0253
16241,7.03373
16242,8.00843
16243,8.01686
16244,8.00843
16245,7.01687
16246,15.0084
16247,13.0169
16248,8.0253
16249,12.0084
16250,8.01686
16251,1.0253
16252,2.00843
16253,10.0084
16254,10.0169
16255,15.0084
16256,12.0169
16257,8.0253
16258,8.03373
16259,7.04216
16260,1.05059
16261,1.05903
16262,16.0084
16263,16.0169
16264,12.0253
16265,8.03373
16266,5.04216
16267,2.05059
16268,18.0084
16269,12.0169
16270,12.0253
16271,16.0084
16272,8.01686
16273,16.0084
16274,13.0169
16275,3.0253
16276,3.03373
16277,14.0084
16278,3.00843
16279,18.0084
16280,4.01687
16281,17.0084
16282,5.01687
16283,3.0253
16284,18.0084
16285,14.0169
16286,1.0253
16287,8.00843
16288,6.00843
16289,3.01687
16290,1.0253
16291,14.0084
16292,10.0169
16293,7.0253
16294,5.03373
16295,12.0084
16296,11.0169
16297,8.0253
16298,5.03373
16299,19.0084
16300,5.00843
16301,11.0084
16302,8.01686
16303,18.0084
16304,3.01687
16305,8.00843
16306,1.01686
16307,14.0084
16308,10.0084
16309,3.01687
16310,1.00843
16311,20.0084
16312,5.01687
16313,1.0253
16314,16.0084
16315,8.01686
16316,8.0253
16317,9.00843
16318,5.01687
16319,10.0084
16320,2.01687
16321,16.0084
16322,12.0169
16323,10.0253
16324,3.03373
16325,10.0084
16326,1.01686
16327,20.0084
16328,12.0169
16329,11.0253
16330,8.00843
16331,13.0084
16332,1.01686
16333,14.0084
16334,14.0169
16335,8.0253
16336,16.0084
16337,10.0169
16338,8.0253
16339,1.00843
16340,14.0084
16341,7.01687
16342,2.0253
16343,13.0084
16344,3.01687
16345,12.0084
16346,10.0084
16347,12.0084
16348,12.0084
16349,8.01686
16350,7.0253
16351,5.03373
16352,18.0084
16353,17.0084
16354,10.0169
16355,8.00843
16356,12.0084
16357,8.01686
16358,16.0084
16359,8.01686
16360,1.0253
16361,17.0084
16362,5.00843
16363,3.01687
16364,1.0253
16365,12.0084
16366,5.01687
16367,8.00843
16368,3.01687
16369,10.0084
16370,10.0169
16371,14.0084
16372,5.01687
16373,12.0084
16374,16.0084
16375,9.01686
16376,5.0253
16377,10.0084
16378,6.00843
16379,1.00843
16380,17.0084
16381,8.01686
16382,3.00843
16383,1.01686
16384,7.00843
16385,3.01687
16386,18.0084
16387,1.01686
16388,12.0084
16389,10.0169
16390,8.0253
16391,8.03373
16392,8.00843
16393,3.01687
16394,12.0084
16395,10.0169
16396,1.00843
16397,12.0084
16398,3.01687
16399,14.0084
16400,5.01687
16401,15.0084
16402,8.01686
16403,14.0084
16404,8.01686
16405,3.0253
16406,3.03373
16407,5.00843
16408,11.0084
16409,10.0169
16410,8.0253
16411,8.03373
16412,8.04216
16413,3.05059
16414,11.0084
16415,7.01687
16416,7.0253
16417,10.0084
16418,1.01686
16419,13.0084
16420,5.01687
16421,18.0084
16422,14.0169
16423,8.00843
16424,7.01687
16425,3.0253
16426,3.03373
16427,16.0084
16428,8.01686
16429,1.0253
16430,3.00843
16431,10.0084
16432,9.01686
16433,8.00843
16434,19.0084
16435,10.0084
16436,5.01687
16437,8.00843
16438,8.01686
16439,16.0084
16440,12.0169
16441,2.0253
16442,1.00843
16443,14.0084
16444,1.01686
16445,13.0084
16446,12.0169
16447,13.0084
16448,4.01687
16449,16.0084
16450,9.00843
16451,5.01687
16452,16.0084
16453,5.01687
16454,18.0084
16455,19.0084
16456,8.01686
16457,4.00843
16458,19.0084
16459,12.0169
16460,12.0253
16461,11.0337
16462,5.04216
16463,12.0084
16464,14.0084
16465,10.0084
16466,8.01686
16467,10.0084
16468,5.01687
16469,5.0253
16470,1.03373
16471,18.0084
16472,8.01686
16473,8.0253
16474,18.0084
16475,8.01686
16476,8.0253
16477,8.03373
16478,1.00843
16479,10.0084
16480,10.0169
16481,10.0253
16482,10.0337
16483,6.04216
16484,3.00843
16485,5.00843
16486,2.01687
16487,14.0084
16488,14.0169
16489,15.0084
16490,5.00843
16491,18.0084
16492,18.0084
16493,12.0084
16494,9.01686
16495,17.0084
16496,10.0169
16497,1.0253
16498,17.0084
16499,14.0169
16500,1.0253
16501,12.0084
16502,7.01687
16503,13.0084
16504,1.01686
16505,14.0084
16506,12.0169
16507,7.0253
16508,5.00843
16509,20.0084
16510,7.00843
16511,16.0084
16512,10.0169
16513,18.0084
16514,12.0169
16515,1.0253
16516,1.03373
16517,1.00843
16518,9.00843
16519,4.01687
16520,18.0084
16521,12.0169
16522,10.0253
16523,10.0337
16524,3.04216
16525,3.05059
16526,18.0084
16527,8.00843
16528,5.01687
16529,17.0084
16530,8.01686
16531,6.0253
16532,1.03373
16533,10.0084
16534,8.01686
16535,5.00843
16536,1.01686
16537,7.00843
16538,14.0084
16539,13.0169
16540,14.0084
16541,8.01686
16542,2.0253
16543,16.0084
16544,10.0169
16545,16.0084
16546,8.00843
16547,2.00843
16548,18.0084
16549,12.0084
16550,5.01687
16551,5.0253
16552,7.00843
16553,15.0084
16554,8.01686
16555,20.0084
16556,1.01686
16557,7.00843
16558,5.01687
16559,12.0084
16560,11.0169
16561,12.0084
16562,5.01687
16563,3.0253
16564,15.0084
16565,8.01686
16566,5.0253
16567,3.03373
16568,18.0084
16569,14.0169
16570,14.0253
16571,5.03373
16572,18.0084
16573,5.01687
16574,8.00843
16575,8.00843
16576,5.01687
16577,18.0084
16578,11.0169
16579,17.0084
16580,12.0084
16581,8.01686
16582,8.0253
16583,16.0084
16584,13.0169
16585,13.0253
16586,1.03373
16587,10.0084
16588,10.0169
16589,7.0253
16590,3.03373
16591,2.00843
16592,1.01686
16593,16.0084
16594,15.0169
16595,14.0253
16596,1.03373
16597,3.00843
16598,19.0084
16599,18.0169
16600,17.0253
16601,10.0337
16602,1.04216
16603,8.00843
16604,7.00843
16605,12.0084
16606,16.0084
16607,14.0169
16608,2.00843
16609,2.01687
16610,12.0084
16611,14.0084
16612,13.0169
16613,8.0253
16614,5.00843
16615,1.00843
16616,1.01686
16617,3.00843
16618,8.00843
16619,10.0084
16620,2.00843
16621,14.0084
16622,14.0084
16623,14.0169
16624,15.0084
16625,14.0169
16626,5.0253
16627,7.00843
16628,19.0084
16629,5.01687
16630,1.0253
16631,16.0084
16632,10.0169
16633,10.0084
16634,7.01687
16635,6.0253
16636,6.00843
16637,12.0084
16638,5.01687
16639,1.0253
16640,8.00843
16641,3.01687
16642,1.00843
16643,2.00843
16644,13.0084
16645,7.01687
16646,3.0253
16647,18.0084
16648,7.01687
16649,19.0084
16650,8.01686
16651,3.00843
16652,7.00843
16653,10.0084
16654,1.01686
16655,16.0084
16656,10.0169
16657,16.0084
16658,8.00843
16659,1.01686
16660,3.00843
16661,3.01687
16662,15.0084
16663,12.0084
16664,8.01686
16665,6.0253
16666,13.0084
16667,8.01686
16668,7.0253
16669,10.0084
16670,8.01686
16671,8.0253
16672,8.00843
16673,20.0084
16674,16.0169
16675,5.0253
16676,12.0084
16677,6.01687
16678,10.0084
16679,7.01687
16680,8.00843
16681,8.01686
16682,8.0253
16683,5.03373
16684,1.04216
16685,16.0084
16686,12.0084
16687,5.01687
16688,13.0084
16689,4.01687
16690,3.0253
16691,15.0084
16692,3.01687
16693,8.00843
16694,7.01687
16695,5.0253
16696,8.00843
16697,8.01686
16698,17.0084
16699,10.0169
16700,8.0253
16701,8.03373
16702,16.0084
16703,5.01687
16704,12.0084
16705,1.01686
16706,1.0253
16707,12.0084
16708,3.01687
16709,18.0084
16710,14.0169
16711,8.0253
16712,8.03373
16713,12.0084
16714,16.0084
16715,14.0169
16716,5.0253
16717,17.0084
16718,8.01686
16719,7.0253
16720,1.03373
16721,18.0084
16722,12.0169
16723,8.00843
16724,8.01686
16725,1.0253
16726,1.03373
16727,10.0084
16728,10.0084
16729,10.0169
16730,5.0253
16731,8.00843
16732,7.00843
16733,12.0084
16734,16.0084
16735,6.01687
16736,8.00843
16737,18.0084
16738,16.0169
16739,13.0253
16740,5.03373
16741,18.0084
16742,14.0084
16743,8.00843
16744,1.01686
16745,20.0084
16746,18.0084
16747,14.0169
16748,10.0253
16749,3.03373
16750,1.04216
16751,17.0084
16752,3.00843
16753,3.01687
16754,5.00843
16755,5.01687
16756,6.00843
16757,5.00843
16758,8.00843
16759,14.0084
16760,12.0169
16761,8.0253
16762,8.00843
16763,14.0084
16764,8.01686
16765,3.0253
16766,16.0084
16767,10.0084
16768,5.01687
16769,12.0084
16770,18.0084
16771,1.01686
16772,19.0084
16773,9.01686
16774,8.0253
16775,10.0084
16776,10.0169
16777,10.0253
16778,7.03373
16779,12.0084
16780,6.01687
16781,3.0253
16782,9.00843
16783,5.01687
16784,8.00843
16785,8.01686
16786,8.0253
16787,7.03373
16788,14.0084
16789,7.01687
16790,20.0084
16791,10.0169
16792,10.0084
16793,18.0084
16794,12.0169
16795,6.0253
16796,10.0084
16797,5.01687
16798,5.0253
16799,4.00843
16800,7.00843
16801,7.01687
16802,8.00843
16803,19.0084
16804,12.0169
16805,18.0084
16806,14.0169
16807,2.0253
16808,16.0084
16809,10.0169
16810,8.0253
16811,5.03373
16812,12.0084
16813,6.00843
16814,10.0084
16815,1.01686
16816,16.0084
16817,1.01686
16818,16.0084
16819,12.0169
16820,13.0084
16821,6.01687
16822,5.0253
16823,5.03373
16824,7.00843
16825,6.01687
16826,12.0084
16827,14.0084
16828,14.0084
16829,8.01686
16830,16.0084
16831,9.01686
16832,5.00843
16833,5.01687
16834,1.0253
16835,4.00843
16836,14.0084
16837,10.0169
16838,5.0253
16839,4.03373
16840,15.0084
16841,13.0084
16842,10.0169
16843,7.0253
16844,7.03373
16845,12.0084
16846,8.01686
16847,8.0253
16848,13.0084
16849,5.01687
16850,18.0084
16851,8.01686
16852,5.00843
16853,8.00843
16854,7.00843
16855,8.00843
16856,6.01687
16857,8.00843
16858,7.01687
16859,5.0253
16860,3.03373
16861,10.0084
16862,10.0169
16863,5.00843
16864,4.00843
16865,1.00843
16866,14.0084
16867,10.0084
16868,8.01686
16869,16.0084
16870,9.00843
16871,10.0084
16872,7.01687
16873,5.0253
16874,5.03373
16875,12.0084
16876,1.00843
16877,14.0084
16878,1.01686
16879,1.0253
16880,9.00843
16881,5.01687
16882,5.0253
16883,5.03373
16884,5.04216
16885,3.05059
16886,3.05903
16887,3.06746
16888,6.00843
16889,6.01687
16890,3.0253
16891,12.0084
16892,8.01686
16893,7.0253
16894,7.03373
16895,12.0084
16896,9.01686
16897,8.0253
16898,10.0084
16899,7.01687
16900,7.0253
16901,7.03373
16902,6.04216
16903,8.00843
16904,8.00843
16905,1.01686
16906,13.0084
16907,7.00843
16908,6.01687
16909,19.0084
16910,18.0169
16911,16.0253
16912,9.03373
16913,17.0084
16914,7.01687
16915,18.0084
16916,15.0169
16917,12.0253
16918,10.0337
16919,3.04216
16920,13.0084
16921,8.01686
16922,16.0084
16923,12.0169
16924,9.0253
16925,7.00843
16926,7.00843
16927,10.0084
16928,9.00843
16929,2.01687
16930,18.0084
16931,1.01686
16932,1.0253
16933,1.00843
16934,2.00843
16935,14.0084
16936,12.0169
16937,10.0253
16938,8.03373
16939,13.0084
16940,1.01686
16941,12.0084
16942,13.0084
16943,6.01687
16944,3.0253
16945,18.0084
16946,16.0169
16947,1.0253
16948,5.00843
16949,5.00843
16950,10.0084
16951,10.0169
16952,6.0253
16953,10.0084
16954,2.01687
16955,5.00843
16956,12.0084
16957,5.01687
16958,8.00843
16959,16.0084
16960,12.0169
16961,12.0084
16962,10.0084
16963,3.01687
16964,1.0253
16965,7.00843
16966,3.01687
16967,1.0253
16968,12.0084
16969,10.0084
16970,3.00843
16971,3.01687
16972,5.00843
16973,3.01687
16974,13.0084
16975,10.0169
16976,1.0253
16977,10.0084
16978,8.01686
16979,6.00843
16980,14.0084
16981,13.0169
16982,1.0253
16983,18.0084
16984,13.0169
16985,5.00843
16986,1.01686
16987,10.0084
16988,14.0084
16989,8.01686
16990,5.0253
16991,5.03373
16992,5.00843
16993,16.0084
16994,10.0169
16995,14.0084
16996,14.0169
16997,6.00843
16998,18.0084
16999,8.01686
17000,1.0253
17001,14.0084
17002,8.01686
17003,5.0253
17004,3.03373
17005,15.0084
17006,1.01686
17007,17.0084
17008,7.00843
17009,1.00843
17010,1.01686
17011,10.0084
17012,5.00843
17013,1.01686
17014,14.0084
17015,6.01687
17016,9.00843
17017,5.00843
17018,3.01687
17019,5.00843
17020,16.0084
17021,10.0084
17022,8.01686
17023,7.0253
17024,3.00843
17025,3.00843
17026,7.00843
17027,3.01687
17028,1.0253
17029,14.0084
17030,8.01686
17031,8.0253
17032,5.00843
17033,12.0084
17034,10.0169
17035,10.0253
17036,8.03373
17037,8.04216
17038,8.05059
17039,5.05903
17040,12.0084
17041,10.0169
17042,7.0253
17043,6.03373
17044,5.00843
17045,6.00843
17046,14.0084
17047,8.00843
17048,8.01686
17049,16.0084
17050,7.01687
17051,7.0253
17052,13.0084
17053,10.0169
17054,8.0253
17055,7.03373
17056,7.04216
17057,1.05059
17058,2.00843
17059,10.0084
17060,16.0084
17061,12.0169
17062,14.0084
17063,17.0084
17064,8.01686
17065,3.00843
17066,1.01686
17067,16.0084
17068,4.01687
17069,5.00843
17070,3.01687
17071,3.0253
17072,20.0084
17073,5.01687
17074,8.00843
17075,6.01687
17076,10.0084
17077,18.0084
17078,12.0169
17079,14.0084
17080,14.0084
17081,3.01687
17082,16.0084
17083,7.00843
17084,10.0084
17085,12.0084
17086,10.0169
17087,8.0253
17088,5.03373
17089,1.04216
17090,16.0084
17091,7.01687
17092,3.0253
17093,1.03373
17094,16.0084
17095,14.0169
17096,5.0253
17097,2.03373
17098,18.0084
17099,16.0084
17100,13.0169
17101,12.0253
17102,5.03373
17103,3.04216
17104,12.0084
17105,8.01686
17106,12.0084
17107,8.01686
17108,12.0084
17109,7.01687
17110,4.0253
17111,18.0084
17112,3.01687
17113,4.00843
17114,5.00843
17115,8.00843
17116,5.01687
17117,6.00843
17118,6.01687
17119,10.0084
17120,7.01687
17121,5.0253
17122,8.00843
17123,16.0084
17124,12.0169
17125,1.00843
17126,16.0084
17127,12.0169
17128,2.0253
17129,14.0084
17130,1.01686
17131,12.0084
17132,9.01686
17133,7.0253
17134,7.00843
17135,5.00843
17136,1.00843
17137,13.0084
17138,16.0084
17139,9.00843
17140,3.01687
17141,1.0253
17142,1.03373
17143,19.0084
17144,10.0169
17145,6.0253
17146,1.03373
17147,1.04216
17148,18.0084
17149,14.0169
17150,8.0253
17151,7.03373
17152,19.0084
17153,16.0169
17154,12.0253
17155,2.03373
17156,5.00843
17157,20.0084
17158,1.00843
17159,1.00843
17160,8.00843
17161,16.0084
17162,16.0169
17163,14.0084
17164,12.0169
17165,3.0253
17166,3.03373
17167,6.00843
17168,2.01687
17169,14.0084
17170,12.0169
17171,7.0253
17172,13.0084
17173,8.01686
17174,8.0253
17175,7.03373
17176,1.04216
17177,16.0084
17178,16.0169
17179,8.0253
17180,7.03373
17181,7.04216
17182,7.05059
17183,18.0084
17184,8.01686
17185,7.00843
17186,3.01687
17187,12.0084
17188,5.00843
17189,14.0084
17190,3.00843
17191,18.0084
17192,7.01687
17193,14.0084
17194,13.0169
17195,12.0253
17196,5.03373
17197,8.00843
17198,16.0084
17199,16.0169
17200,1.0253
17201,17.0084
17202,7.01687
17203,5.0253
17204,1.03373
17205,15.0084
17206,13.0169
17207,1.00843
17208,13.0084
17209,3.00843
17210,8.00843
17211,1.01686
17212,14.0084
17213,7.00843
17214,3.01687
17215,3.0253
17216,13.0084
17217,5.00843
17218,15.0084
17219,16.0084
17220,1.01686
17221,17.0084
17222,18.0084
17223,14.0169
17224,1.0253
17225,12.0084
17226,5.00843
17227,8.00843
17228,5.00843
17229,1.00843
17230,5.00843
17231,13.0084
17232,8.00843
17233,16.0084
17234,16.0169
17235,12.0253
17236,18.0084
17237,18.0169
17238,8.00843
17239,5.01687
17240,14.0084
17241,1.00843
17242,1.01686
17243,1.0253
17244,19.0084
17245,9.01686
17246,14.0084
17247,14.0084
17248,10.0169
17249,5.0253
17250,5.03373
17251,16.0084
17252,3.00843
17253,1.01686
17254,7.00843
17255,5.00843
17256,5.01687
17257,1.00843
17258,1.01686
17259,8.00843
17260,7.01687
17261,9.00843
17262,2.01687
17263,1.0253
17264,7.00843
17265,5.01687
17266,13.0084
17267,6.00843
17268,2.01687
17269,10.0084
17270,10.0169
17271,8.0253
17272,8.03373
17273,4.04216
17274,2.00843
17275,6.00843
17276,5.01687
17277,18.0084
17278,7.01687
17279,1.0253
17280,1.03373
17281,1.04216
17282,5.00843
17283,9.00843
17284,3.01687
17285,3.0253
17286,1.03373
17287,7.00843
17288,10.0084
17289,3.01687
17290,14.0084
17291,8.01686
17292,7.0253
17293,7.03373
17294,7.04216
17295,7.00843
17296,5.01687
17297,5.0253
17298,5.00843
17299,16.0084
17300,10.0169
17301,1.0253
17302,16.0084
17303,7.01687
17304,5.0253
17305,5.03373
17306,2.04216
17307,12.0084
17308,8.01686
17309,3.0253
17310,2.03373
17311,18.0084
17312,18.0169
17313,9.0253
17314,10.0084
17315,14.0084
17316,14.0084
17317,17.0084
17318,15.0169
17319,5.0253
17320,15.0084
17321,12.0084
17322,3.01687
17323,9.00843
17324,6.01687
17325,7.00843
17326,17.0084
17327,7.01687
17328,7.0253
17329,8.00843
17330,5.01687
17331,18.0084
17332,17.0169
17333,3.0253
17334,16.0084
17335,10.0169
17336,2.0253
17337,3.00843
17338,19.0084
17339,16.0169
17340,3.0253
17341,1.03373
17342,8.00843
17343,5.01687
17344,6.00843
17345,18.0084
17346,18.0084
17347,8.01686
17348,8.00843
17349,11.0084
17350,10.0169
17351,12.0084
17352,5.01687
17353,17.0084
17354,15.0169
17355,10.0253
17356,1.03373
17357,1.04216
17358,8.00843
17359,5.01687
17360,18.0084
17361,8.01686
17362,5.0253
17363,1.00843
17364,16.0084
17365,5.00843
17366,10.0084
17367,3.00843
17368,5.00843
17369,1.01686
17370,14.0084
17371,13.0169
17372,1.0253
17373,12.0084
17374,10.0169
17375,5.00843
17376,16.0084
17377,12.0169
17378,6.0253
17379,5.03373
17380,18.0084
17381,14.0084
17382,14.0169
17383,7.00843
17384,18.0084
17385,8.01686
17386,1.0253
17387,8.00843
17388,3.00843
17389,3.01687
17390,2.0253
17391,1.03373
17392,19.0084
17393,5.01687
17394,12.0084
17395,6.01687
17396,5.0253
17397,5.03373
17398,17.0084
17399,5.01687
17400,1.0253
17401,9.00843
17402,8.01686
17403,5.0253
17404,3.03373
17405,11.0084
17406,2.01687
17407,1.0253
17408,1.03373
17409,12.0084
17410,13.0084
17411,3.01687
17412,3.0253
17413,14.0084
17414,15.0084
17415,5.01687
17416,5.0253
17417,5.03373
17418,16.0084
17419,10.0169
17420,16.0084
17421,10.0169
17422,8.00843
17423,8.01686
17424,8.0253
17425,8.03373
17426,8.04216
17427,8.05059
17428,14.0084
17429,10.0169
17430,10.0253
17431,5.03373
17432,1.04216
17433,12.0084
17434,5.01687
17435,3.0253
17436,15.0084
17437,5.00843
17438,12.0084
17439,6.01687
17440,14.0084
17441,8.01686
17442,8.0253
17443,10.0084
17444,3.00843
17445,14.0084
17446,12.0169
17447,12.0253
17448,10.0337
17449,1.04216
17450,13.0084
17451,15.0084
17452,14.0169
17453,6.0253
17454,7.00843
17455,7.01687
17456,14.0084
17457,2.01687
17458,3.00843
17459,1.00843
17460,11.0084
17461,5.01687
17462,5.0253
17463,18.0084
17464,14.0169
17465,8.00843
17466,8.00843
17467,5.00843
17468,3.01687
17469,1.0253
17470,16.0084
17471,13.0169
17472,9.00843
17473,6.01687
17474,18.0084
17475,12.0169
17476,8.0253
17477,6.03373
17478,13.0084
17479,14.0084
17480,1.01686
17481,12.0084
17482,10.0169
17483,6.0253
17484,11.0084
17485,18.0084
17486,8.01686
17487,5.0253
17488,16.0084
17489,10.0084
17490,1.01686
17491,1.0253
17492,1.03373
17493,8.00843
17494,16.0084
17495,12.0169
17496,10.0084
17497,1.01686
17498,1.0253
17499,10.0084
17500,5.01687
17501,3.00843
17502,16.0084
17503,1.01686
17504,8.00843
17505,5.01687
17506,14.0084
17507,10.0084
17508,9.01686
17509,8.00843
17510,9.00843
17511,18.0084
17512,10.0169
17513,3.0253
17514,5.00843
17515,14.0084
17516,12.0169
17517,7.0253
17518,2.03373
17519,8.00843
17520,5.01687
17521,18.0084
17522,18.0169
17523,1.0253
17524,9.00843
17525,3.01687
17526,13.0084
17527,1.00843
17528,7.00843
17529,14.0084
17530,1.01686
17531,7.00843
17532,7.01687
17533,8.00843
17534,5.01687
17535,18.0084
17536,10.0084
17537,10.0169
17538,10.0253
17539,10.0337
17540,7.04216
17541,8.00843
17542,1.01686
17543,12.0084
17544,8.01686
17545,5.0253
17546,13.0084
17547,14.0084
17548,14.0084
17549,12.0169
17550,10.0253
17551,16.0084
17552,14.0169
17553,12.0253
17554,15.0084
17555,3.01687
17556,18.0084
17557,1.01686
17558,5.00843
17559,18.0084
17560,8.01686
17561,7.0253
17562,1.03373
17563,19.0084
17564,12.0169
17565,8.00843
17566,3.00843
17567,5.00843
17568,5.01687
17569,17.0084
17570,10.0169
17571,5.0253
17572,5.03373
17573,14.0084
17574,8.01686
17575,8.0253
17576,7.03373
17577,7.04216
17578,3.05059
17579,15.0084
17580,14.0169
17581,14.0084
17582,10.0169
17583,13.0084
17584,13.0169
17585,1.00843
17586,14.0084
17587,14.0169
17588,10.0253
17589,3.03373
17590,16.0084
17591,12.0169
17592,9.0253
17593,6.00843
17594,1.01686
17595,18.0084
17596,3.01687
17597,8.00843
17598,9.00843
17599,5.01687
17600,2.0253
17601,14.0084
17602,10.0169
17603,7.00843
17604,6.00843
17605,13.0084
17606,7.01687
17607,10.0084
17608,7.01687
17609,5.0253
17610,4.00843
17611,8.00843
17612,14.0084
17613,14.0169
17614,16.0084
17615,12.0169
17616,7.0253
17617,20.0084
17618,5.01687
17619,8.00843
17620,3.01687
17621,16.0084
17622,8.00843
17623,5.01687
17624,7.00843
17625,10.0084
17626,1.01686
17627,5.00843
17628,12.0084
17629,7.01687
17630,8.00843
17631,17.0084
17632,4.01687
17633,12.0084
17634,5.00843
17635,10.0084
17636,9.00843
17637,7.01687
17638,16.0084
17639,8.00843
17640,7.01687
17641,18.0084
17642,8.01686
17643,3.0253
17644,3.03373
17645,10.0084
17646,10.0084
17647,18.0084
17648,12.0169
17649,18.0084
17650,8.01686
17651,8.0253
17652,12.0084
17653,10.0169
17654,12.0084
17655,1.01686
17656,14.0084
17657,3.00843
17658,3.01687
17659,3.0253
17660,5.00843
17661,5.01687
17662,16.0084
17663,17.0084
17664,12.0169
17665,14.0084
17666,8.01686
17667,8.0253
17668,9.00843
17669,8.01686
17670,1.0253
17671,8.00843
17672,1.01686
17673,18.0084
17674,16.0169
17675,10.0253
17676,3.00843
17677,18.0084
17678,6.00843
17679,6.01687
17680,1.0253
17681,18.0084
17682,8.01686
17683,3.0253
17684,16.0084
17685,14.0169
17686,5.0253
17687,1.00843
17688,1.01686
17689,12.0084
17690,7.01687
17691,19.0084
17692,8.01686
17693,11.0084
17694,5.01687
17695,16.0084
17696,16.0169
17697,12.0084
17698,7.01687
17699,1.00843
17700,1.01686
17701,8.00843
17702,1.01686
17703,9.00843
17704,16.0084
17705,9.01686
17706,8.0253
17707,5.03373
17708,3.04216
17709,18.0084
17710,13.0169
17711,12.0253
17712,1.03373
17713,9.00843
17714,7.01687
17715,7.00843
17716,3.01687
17717,1.0253
17718,12.0084
17719,10.0084
17720,10.0169
17721,3.0253
17722,15.0084
17723,5.01687
17724,5.00843
17725,5.01687
17726,14.0084
17727,7.01687
17728,18.0084
17729,8.01686
17730,16.0084
17731,3.01687
17732,14.0084
17733,10.0169
17734,12.0084
17735,10.0169
17736,10.0253
17737,8.00843
17738,5.01687
17739,3.0253
17740,13.0084
17741,7.01687
17742,4.0253
17743,14.0084
17744,14.0169
17745,12.0253
17746,8.03373
17747,5.04216
17748,18.0084
17749,14.0169
17750,17.0084
17751,14.0169
17752,1.0253
17753,8.00843
17754,8.01686
17755,13.0084
17756,12.0169
17757,3.0253
17758,13.0084
17759,10.0169
17760,19.0084
17761,14.0169
17762,14.0253
17763,14.0084
17764,18.0084
17765,8.01686
17766,7.0253
17767,16.0084
17768,8.01686
17769,10.0084
17770,16.0084
17771,12.0169
17772,3.0253
17773,12.0084
17774,3.00843
17775,7.00843
17776,18.0084
17777,1.01686
17778,3.00843
17779,2.01687
17780,1.0253
17781,16.0084
17782,5.01687
17783,5.00843
17784,1.01686
17785,5.00843
17786,8.00843
17787,4.01687
17788,1.0253
17789,1.03373
17790,16.0084
17791,10.0169
17792,9.0253
17793,9.03373
17794,3.04216
17795,14.0084
17796,12.0169
17797,8.0253
17798,1.03373
17799,18.0084
17800,7.00843
17801,16.0084
17802,10.0169
17803,18.0084
17804,8.01686
17805,6.0253
17806,2.03373
17807,1.00843
17808,14.0084
17809,5.00843
17810,3.01687
17811,12.0084
17812,5.01687
17813,14.0084
17814,10.0169
17815,1.0253
17816,1.03373
17817,20.0084
17818,14.0169
17819,7.0253
17820,10.0084
17821,18.0084
17822,16.0169
17823,11.0084
17824,10.0169
17825,13.0084
17826,8.00843
17827,1.00843
17828,12.0084
17829,10.0169
17830,7.0253
17831,4.03373
17832,3.04216
17833,20.0084
17834,19.0169
17835,14.0253
17836,14.0337
17837,13.0422
17838,8.05059
17839,6.00843
17840,17.0084
17841,3.01687
17842,3.0253
17843,12.0084
17844,10.0169
17845,1.0253
17846,5.00843
17847,1.01686
17848,6.00843
17849,3.01687
17850,3.0253
17851,8.00843
17852,7.01687
17853,17.0084
17854,1.01686
17855,1.00843
17856,8.00843
17857,8.00843
17858,9.00843
17859,8.01686
17860,13.0084
17861,5.01687
17862,8.00843
17863,12.0084
17864,12.0169
17865,7.0253
17866,7.03373
17867,12.0084
17868,8.01686
17869,14.0084
17870,14.0169
17871,3.0253
17872,17.0084
17873,15.0169
17874,12.0253
17875,12.0337
17876,12.0422
17877,10.0506
17878,18.0084
17879,13.0169
17880,12.0253
17881,10.0337
17882,3.04216
17883,16.0084
17884,8.01686
17885,18.0084
17886,16.0169
17887,10.0253
17888,16.0084
17889,12.0084
17890,13.0084
17891,5.01687
17892,3.00843
17893,1.01686
17894,8.00843
17895,1.01686
17896,9.00843
17897,18.0084
17898,13.0084
17899,12.0169
17900,12.0253
17901,8.03373
17902,5.04216
17903,5.05059
17904,18.0084
17905,12.0169
17906,10.0253
17907,6.03373
17908,1.04216
17909,3.00843
17910,8.00843
17911,7.01687
17912,12.0084
17913,1.01686
17914,1.0253
17915,18.0084
17916,14.0084
17917,12.0169
17918,8.0253
17919,1.03373
17920,19.0084
17921,16.0169
17922,17.0084
17923,18.0084
17924,17.0169
17925,1.0253
17926,16.0084
17927,6.01687
17928,10.0084
17929,9.01686
17930,8.0253
17931,7.03373
17932,7.04216
17933,1.05059
17934,1.05903
17935,3.00843
17936,14.0084
17937,15.0084
17938,12.0169
17939,10.0253
17940,1.03373
17941,1.04216
17942,14.0084
17943,5.01687
17944,2.0253
17945,17.0084
17946,10.0169
17947,2.00843
17948,13.0084
17949,8.00843
17950,3.01687
17951,5.00843
17952,1.01686
17953,8.00843
17954,3.01687
17955,1.0253
17956,14.0084
17957,12.0169
17958,5.0253
17959,3.03373
17960,14.0084
17961,10.0169
17962,10.0253
17963,8.03373
17964,8.04216
17965,3.05059
17966,1.05903
17967,14.0084
17968,5.01687
17969,1.0253
17970,18.0084
17971,12.0084
17972,8.00843
17973,8.01686
17974,5.0253
17975,10.0084
17976,2.01687
17977,1.0253
17978,10.0084
17979,7.01687
17980,3.0253
17981,3.03373
17982,3.04216
17983,11.0084
17984,10.0169
17985,19.0084
17986,17.0169
17987,13.0253
17988,6.03373
17989,5.04216
17990,14.0084
17991,10.0169
17992,7.0253
17993,6.03373
17994,3.04216
17995,18.0084
17996,10.0169
17997,7.0253
17998,3.03373
17999,16.0084
18000,5.01687
18001,3.0253
18002,17.0084
18003,1.01686
18004,8.00843
18005,5.01687
18006,12.0084
18007,8.01686
18008,8.0253
18009,8.03373
18010,14.0084
18011,10.0169
18012,14.0084
18013,12.0169
18014,12.0253
18015,9.03373
18016,8.04216
18017,14.0084
18018,14.0169
18019,12.0253
18020,15.0084
18021,15.0169
18022,10.0253
18023,14.0084
18024,8.00843
18025,16.0084
18026,5.00843
18027,1.01686
18028,12.0084
18029,8.00843
18030,13.0084
18031,7.01687
18032,7.00843
18033,1.00843
18034,1.01686
18035,7.00843
18036,8.00843
18037,7.00843
18038,1.01686
18039,8.00843
18040,7.01687
18041,2.0253
18042,13.0084
18043,13.0169
18044,8.0253
18045,3.03373
18046,3.04216
18047,9.00843
18048,15.0084
18049,12.0169
18050,12.0253
18051,12.0337
18052,7.04216
18053,7.00843
18054,15.0084
18055,18.0084
18056,10.0169
18057,6.0253
18058,1.03373
18059,19.0084
18060,2.01687
18061,12.0084
18062,20.0084
18063,14.0084
18064,8.01686
18065,13.0084
18066,13.0169
18067,10.0253
18068,7.03373
18069,16.0084
18070,12.0169
18071,10.0253
18072,12.0084
18073,17.0084
18074,10.0084
18075,5.00843
18076,12.0084
18077,12.0084
18078,19.0084
18079,14.0169
18080,11.0253
18081,5.03373
18082,6.00843
18083,6.01687
18084,14.0084
18085,12.0169
18086,6.0253
18087,12.0084
18088,12.0169
18089,8.00843
18090,10.0084
18091,1.01686
18092,12.0084
18093,12.0084
18094,12.0169
18095,8.0253
18096,12.0084
18097,16.0084
18098,14.0084
18099,5.01687
18100,8.00843
18101,5.01687
18102,1.0253
18103,1.03373
18104,1.04216
18105,18.0084
18106,3.01687
18107,16.0084
18108,7.01687
18109,6.0253
18110,8.00843
18111,2.01687
18112,10.0084
18113,9.01686
18114,5.0253
18115,13.0084
18116,10.0169
18117,7.00843
18118,5.01687
18119,1.0253
18120,13.0084
18121,8.00843
18122,2.01687
18123,13.0084
18124,3.01687
18125,3.0253
18126,12.0084
18127,3.01687
18128,3.0253
18129,1.03373
18130,14.0084
18131,3.01687
18132,16.0084
18133,6.01687
18134,14.0084
18135,7.01687
18136,7.0253
18137,5.03373
18138,18.0084
18139,17.0084
18140,3.01687
18141,3.0253
18142,14.0084
18143,14.0169
18144,5.00843
18145,5.00843
18146,5.01687
18147,3.0253
18148,3.03373
18149,10.0084
18150,8.01686
18151,8.0253
18152,7.03373
18153,19.0084
18154,14.0169
18155,14.0253
18156,5.03373
18157,13.0084
18158,5.01687
18159,14.0084
18160,3.01687
18161,16.0084
18162,14.0169
18163,12.0253
18164,1.03373
18165,10.0084
18166,10.0169
18167,5.0253
18168,2.03373
18169,8.00843
18170,14.0084
18171,8.01686
18172,5.0253
18173,16.0084
18174,7.00843
18175,2.01687
18176,1.0253
18177,1.03373
18178,14.0084
18179,9.01686
18180,8.0253
18181,15.0084
18182,13.0169
18183,16.0084
18184,14.0169
18185,12.0084
18186,1.01686
18187,16.0084
18188,18.0084
18189,3.00843
18190,5.00843
18191,1.00843
18192,13.0084
18193,13.0169
18194,7.00843
18195,5.01687
18196,3.0253
18197,15.0084
18198,6.01687
18199,16.0084
18200,4.00843
18201,5.00843
18202,14.0084
18203,2.01687
18204,12.0084
18205,5.01687
18206,3.0253
18207,16.0084
18208,14.0169
18209,12.0253
18210,5.03373
18211,3.04216
18212,8.00843
18213,14.0084
18214,10.0169
18215,7.00843
18216,10.0084
18217,9.00843
18218,19.0084
18219,10.0169
18220,1.00843
18221,5.00843
18222,12.0084
18223,5.01687
18224,3.00843
18225,2.01687
18226,3.00843
18227,7.00843
18228,19.0084
18229,8.00843
18230,12.0084
18231,8.01686
18232,5.0253
18233,1.00843
18234,1.01686
18235,17.0084
18236,16.0169
18237,17.0084
18238,13.0169
18239,13.0253
18240,13.0337
18241,14.0084
18242,3.01687
18243,18.0084
18244,3.01687
18245,14.0084
18246,10.0169
18247,12.0084
18248,8.00843
18249,17.0084
18250,3.01687
18251,18.0084
18252,19.0084
18253,12.0169
18254,5.0253
18255,12.0084
18256,4.01687
18257,16.0084
18258,9.00843
18259,6.01687
18260,10.0084
18261,12.0084
18262,12.0169
18263,14.0084
18264,12.0169
18265,4.00843
18266,5.00843
18267,3.00843
18268,5.00843
18269,5.00843
18270,1.00843
18271,5.00843
18272,2.01687
18273,6.00843
18274,17.0084
18275,13.0169
18276,10.0084
18277,14.0084
18278,10.0084
18279,6.01687
18280,6.00843
18281,5.01687
18282,12.0084
18283,9.01686
18284,8.0253
18285,1.03373
18286,17.0084
18287,8.01686
18288,20.0084
18289,16.0169
18290,15.0253
18291,10.0337
18292,3.04216
18293,16.0084
18294,3.01687
18295,3.0253
18296,7.00843
18297,9.00843
18298,7.01687
18299,10.0084
18300,18.0084
18301,8.01686
18302,3.00843
18303,18.0084
18304,13.0084
18305,10.0169
18306,3.0253
18307,3.03373
18308,17.0084
18309,13.0084
18310,4.01687
18311,14.0084
18312,14.0169
18313,6.0253
18314,5.03373
18315,1.04216
18316,7.00843
18317,5.01687
18318,16.0084
18319,6.01687
18320,3.0253
18321,10.0084
18322,5.01687
18323,5.0253
18324,1.00843
18325,1.01686
18326,12.0084
18327,1.01686
18328,20.0084
18329,14.0169
18330,10.0253
18331,10.0337
18332,8.04216
18333,14.0084
18334,13.0169
18335,8.00843
18336,8.01686
18337,7.00843
18338,19.0084
18339,16.0169
18340,8.0253
18341,15.0084
18342,14.0169
18343,14.0253
18344,12.0337
18345,12.0422
18346,18.0084
18347,18.0169
18348,10.0253
18349,16.0084
18350,8.01686
18351,6.0253
18352,17.0084
18353,8.01686
18354,16.0084
18355,16.0169
18356,1.0253
18357,1.03373
18358,1.00843
18359,1.00843
18360,5.00843
18361,1.01686
18362,7.00843
18363,7.00843
18364,8.00843
18365,1.01686
18366,10.0084
18367,10.0169
18368,10.0084
18369,3.01687
18370,3.00843
18371,12.0084
18372,15.0084
18373,7.01687
18374,10.0084
18375,3.01687
18376,1.00843
18377,5.00843
18378,5.00843
18379,16.0084
18380,15.0169
18381,12.0084
18382,5.00843
18383,12.0084
18384,8.01686
18385,8.0253
18386,9.00843
18387,9.01686
18388,7.0253
18389,10.0084
18390,12.0084
18391,12.0169
18392,12.0253
18393,13.0084
18394,13.0169
18395,17.0084
18396,18.0084
