seq_num,delay_ms
0,1.00843
1,3.00843
2,1.01686
3,1.00843
4,8.00843
5,5.00843
6,5.00843
7,7.00843
8,12.0084
9,12.0169
10,5.00843
11,12.0084
12,9.01686
13,9.00843
14,1.01686
15,10.0084
16,16.0084
17,8.01686
18,6.0253
19,5.03373
20,2.04216
21,1.05059
22,18.0084
23,17.0169
24,8.0253
25,2.03373
26,8.00843
27,1.01686
28,16.0084
29,3.01687
30,1.0253
31,10.0084
32,7.01687
33,14.0084
34,13.0169
35,7.0253
36,3.03373
37,3.04216
38,13.0084
39,8.01686
40,8.0253
41,5.03373
42,15.0084
43,5.01687
44,10.0084
45,18.0084
46,1.01686
47,1.0253
48,1.03373
49,12.0084
50,12.0169
51,18.0084
52,5.01687
53,1.0253
54,14.0084
55,12.0169
56,12.0253
57,5.00843
58,3.01687
59,12.0084
60,3.01687
61,1.0253
62,7.00843
63,5.01687
64,1.0253
65,1.03373
66,16.0084
67,14.0169
68,3.0253
69,5.00843
70,3.01687
71,17.0084
72,12.0169
73,12.0253
74,10.0337
75,7.04216
76,11.0084
77,5.01687
78,5.0253
79,6.00843
80,1.00843
81,18.0084
82,14.0169
83,8.0253
84,8.03373
85,8.04216
86,16.0084
87,14.0169
88,14.0253
89,10.0337
90,20.0084
91,13.0169
92,5.0253
93,18.0084
94,16.0169
95,17.0084
96,10.0084
97,3.01687
98,16.0084
99,1.01686
100,16.0084
101,18.0084
102,12.0169
103,12.0253
104,13.0084
105,10.0169
106,5.00843
107,12.0084
108,7.01687
109,1.00843
110,18.0084
111,16.0084
112,10.0169
113,1.0253
114,5.00843
115,5.01687
116,1.0253
117,1.03373
118,15.0084
119,14.0084
120,5.01687
121,1.0253
122,17.0084
123,9.00843
124,8.01686
125,5.0253
126,12.0084
127,8.01686
128,6.00843
129,13.0084
130,5.01687
131,2.00843
132,3.00843
133,5.00843
134,13.0084
135,13.0169
136,7.00843
137,8.00843
138,2.00843
139,2.01687
140,3.00843
141,1.01686
142,12.0084
143,12.0169
144,8.0253
145,7.03373
146,5.04216
147,8.00843
148,7.01687
149,16.0084
150,15.0169
151,3.0253
152,10.0084
153,1.01686
154,5.00843
155,12.0084
156,12.0169
157,1.0253
158,13.0084
159,13.0169
160,14.0084
161,6.00843
162,18.0084
163,16.0169
164,8.0253
165,5.03373
166,20.0084
167,11.0169
168,10.0084
169,13.0084
170,10.0169
171,8.0253
172,8.03373
173,2.04216
174,14.0084
175,5.01687
176,16.0084
177,5.01687
178,3.0253
179,17.0084
180,14.0084
181,8.01686
182,8.0253
183,8.03373
184,5.04216
185,1.05059
186,16.0084
187,15.0169
188,8.0253
189,7.00843
190,11.0084
191,1.01686
192,8.00843
193,16.0084
194,6.01687
195,3.0253
196,10.0084
197,8.01686
198,8.00843
199,5.00843
200,1.01686
201,8.00843
202,3.01687
203,3.00843
204,3.01687
205,17.0084
206,5.01687
207,5.00843
208,5.01687
209,8.00843
210,7.00843
211,8.00843
212,8.01686
213,6.0253
214,3.03373
215,10.0084
216,9.01686
217,12.0084
218,10.0169
219,10.0253
220,10.0337
221,3.04216
222,3.05059
223,16.0084
224,12.0169
225,11.0253
226,13.0084
227,13.0084
228,12.0169
229,10.0253
230,3.03373
231,10.0084
232,2.00843
233,10.0084
234,7.01687
235,8.00843
236,12.0084
237,8.01686
238,1.0253
239,20.0084
240,10.0169
241,8.0253
242,1.03373
243,18.0084
244,8.01686
245,13.0084
246,18.0084
247,12.0169
248,5.0253
249,3.03373
250,17.0084
251,17.0084
252,8.01686
253,1.0253
254,16.0084
255,15.0169
256,8.0253
257,18.0084
258,16.0169
259,14.0253
260,1.03373
261,10.0084
262,9.00843
263,13.0084
264,12.0169
265,10.0253
266,5.03373
267,12.0084
268,1.01686
269,3.00843
270,14.0084
271,14.0169
272,5.0253
273,2.00843
274,1.01686
275,5.00843
276,5.01687
277,5.0253
278,5.03373
279,5.04216
280,10.0084
281,8.01686
282,3.0253
283,3.03373
284,18.0084
285,14.0169
286,14.0253
287,10.0084
288,15.0084
289,7.00843
290,1.01686
291,8.00843
292,8.01686
293,9.00843
294,3.01687
295,8.00843
296,5.01687
297,16.0084
298,16.0169
299,16.0253
300,13.0084
301,10.0169
302,6.00843
303,1.01686
304,16.0084
305,16.0169
306,10.0253
307,5.03373
308,5.04216
309,18.0084
310,13.0169
311,13.0253
312,17.0084
313,5.01687
314,16.0084
315,12.0084
316,5.01687
317,8.00843
318,16.0084
319,5.01687
320,13.0084
321,8.01686
322,14.0084
323,1.01686
324,11.0084
325,3.01687
326,12.0084
327,18.0084
328,15.0084
329,8.01686
330,1.00843
331,8.00843
332,10.0084
333,6.01687
334,3.0253
335,3.03373
336,3.04216
337,3.05059
338,8.00843
339,5.01687
340,8.00843
341,7.01687
342,5.0253
343,4.03373
344,7.00843
345,8.00843
346,8.01686
347,3.0253
348,3.00843
349,13.0084
350,13.0169
351,10.0253
352,5.03373
353,4.04216
354,14.0084
355,11.0169
356,7.0253
357,2.03373
358,14.0084
359,13.0169
360,12.0253
361,12.0337
362,8.00843
363,8.01686
364,8.0253
365,18.0084
366,11.0084
367,10.0169
368,8.0253
369,1.03373
370,18.0084
371,6.01687
372,12.0084
373,5.01687
374,19.0084
375,12.0169
376,2.0253
377,16.0084
378,5.01687
379,5.0253
380,1.03373
381,18.0084
382,7.01687
383,6.00843
384,8.00843
385,15.0084
386,8.00843
387,8.01686
388,12.0084
389,9.01686
390,8.0253
391,6.03373
392,1.04216
393,1.05059
394,1.05903
395,1.06746
396,12.0084
397,12.0169
398,16.0084
399,14.0084
400,6.00843
401,5.01687
402,7.00843
403,8.00843
404,9.00843
405,16.0084
406,8.01686
407,12.0084
408,13.0084
409,2.01687
410,13.0084
411,1.01686
412,1.00843
413,1.01686
414,12.0084
415,5.01687
416,5.0253
417,3.03373
418,3.04216
419,17.0084
420,16.0169
421,16.0253
422,16.0337
423,8.04216
424,3.05059
425,4.00843
426,4.01687
427,1.0253
428,5.00843
429,5.01687
430,19.0084
431,7.01687
432,14.0084
433,8.01686
434,7.0253
435,5.03373
436,8.00843
437,8.01686
438,7.0253
439,10.0084
440,9.01686
441,8.0253
442,10.0084
443,17.0084
444,13.0084
445,10.0169
446,6.0253
447,13.0084
448,18.0084
449,1.01686
450,10.0084
451,18.0084
452,3.00843
453,10.0084
454,8.01686
455,5.0253
456,3.00843
457,1.00843
458,1.01686
459,1.00843
460,11.0084
461,8.01686
462,18.0084
463,10.0169
464,3.0253
465,5.00843
466,1.01686
467,1.0253
468,12.0084
469,8.01686
470,6.00843
471,15.0084
472,8.01686
473,7.0253
474,16.0084
475,6.01687
476,5.00843
477,10.0084
478,8.01686
479,18.0084
480,19.0084
481,16.0169
482,14.0084
483,8.00843
484,3.01687
485,16.0084
486,6.00843
487,1.01686
488,3.00843
489,3.00843
490,7.00843
491,19.0084
492,12.0169
493,5.00843
494,12.0084
495,10.0169
496,18.0084
497,8.00843
498,1.00843
499,5.00843
500,5.01687
501,1.00843
502,3.00843
503,8.00843
504,3.01687
505,10.0084
506,8.01686
507,7.0253
508,6.00843
509,8.00843
510,5.01687
511,7.00843
512,18.0084
513,5.01687
514,14.0084
515,12.0084
516,17.0084
517,13.0084
518,18.0084
519,1.01686
520,19.0084
521,14.0169
522,3.0253
523,3.00843
524,17.0084
525,5.01687
526,7.00843
527,7.01687
528,5.0253
529,8.00843
530,7.00843
531,7.01687
532,7.0253
533,5.03373
534,3.00843
535,13.0084
536,13.0169
537,12.0253
538,2.00843
539,3.00843
540,14.0084
541,12.0169
542,6.0253
543,5.03373
544,13.0084
545,13.0169
546,10.0253
547,5.03373
548,16.0084
549,16.0169
550,8.0253
551,8.00843
552,16.0084
553,12.0084
554,4.01687
555,16.0084
556,2.01687
557,8.00843
558,5.01687
559,3.00843
560,14.0084
561,8.01686
562,1.00843
563,12.0084
564,10.0169
565,20.0084
566,12.0169
567,1.0253
568,1.00843
569,17.0084
570,5.00843
571,13.0084
572,18.0084
573,1.00843
574,6.00843
575,6.00843
576,8.00843
577,5.00843
578,18.0084
579,18.0169
580,18.0253
581,14.0337
582,8.00843
583,5.00843
584,16.0084
585,18.0084
586,8.00843
587,8.00843
588,3.00843
589,16.0084
590,8.01686
591,13.0084
592,6.01687
593,8.00843
594,7.01687
595,13.0084
596,7.01687
597,14.0084
598,12.0084
599,10.0084
600,7.00843
601,13.0084
602,1.01686
603,8.00843
604,8.01686
605,5.0253
606,10.0084
607,8.01686
608,14.0084
609,7.00843
610,5.00843
611,15.0084
612,5.01687
613,17.0084
614,16.0169
615,5.0253
616,20.0084
617,16.0169
618,5.0253
619,10.0084
620,7.01687
621,6.0253
622,16.0084
623,10.0169
624,8.0253
625,3.03373
626,1.04216
627,10.0084
628,16.0084
629,12.0169
630,8.0253
631,5.03373
632,12.0084
633,8.01686
634,8.0253
635,11.0084
636,3.01687
637,20.0084
638,8.01686
639,14.0084
640,13.0169
641,16.0084
642,16.0169
643,13.0253
644,5.00843
645,3.00843
646,14.0084
647,5.01687
648,1.0253
649,9.00843
650,16.0084
651,10.0169
652,1.0253
653,12.0084
654,12.0169
655,13.0084
656,6.01687
657,14.0084
658,13.0169
659,7.0253
660,14.0084
661,12.0169
662,8.0253
663,13.0084
664,9.01686
665,10.0084
666,1.01686
667,1.0253
668,11.0084
669,9.00843
670,5.01687
671,18.0084
672,12.0169
673,8.0253
674,8.03373
675,8.04216
676,1.00843
677,9.00843
678,1.01686
679,16.0084
680,8.01686
681,17.0084
682,8.01686
683,8.0253
684,20.0084
685,16.0169
686,14.0253
687,8.03373
688,1.04216
689,1.00843
690,16.0084
691,3.01687
692,2.0253
693,14.0084
694,8.01686
695,8.0253
696,3.03373
697,6.00843
698,5.01687
699,10.0084
700,3.01687
701,18.0084
702,8.01686
703,7.0253
704,1.03373
705,12.0084
706,12.0084
707,3.00843
708,2.01687
709,14.0084
710,7.01687
711,17.0084
712,17.0169
713,18.0084
714,13.0084
715,13.0169
716,9.00843
717,9.01686
718,1.0253
719,16.0084
720,3.01687
721,7.00843
722,8.00843
723,8.01686
724,3.0253
725,3.03373
726,20.0084
727,2.01687
728,12.0084
729,16.0084
730,12.0084
731,5.01687
732,1.0253
733,1.00843
734,1.00843
735,1.01686
736,8.00843
737,8.01686
738,14.0084
739,8.01686
740,10.0084
741,5.01687
742,7.00843
743,12.0084
744,12.0169
745,8.00843
746,10.0084
747,5.01687
748,18.0084
749,8.01686
750,1.0253
751,17.0084
752,11.0169
753,12.0084
754,6.00843
755,16.0084
756,17.0084
757,10.0169
758,16.0084
759,17.0084
760,14.0169
761,12.0253
762,1.03373
763,19.0084
764,8.00843
765,7.01687
766,12.0084
767,8.00843
768,2.01687
769,16.0084
770,16.0169
771,3.0253
772,14.0084
773,13.0084
774,8.01686
775,14.0084
776,3.01687
777,11.0084
778,10.0169
779,8.0253
780,1.03373
781,10.0084
782,1.01686
783,13.0084
784,2.01687
785,14.0084
786,8.01686
787,6.00843
788,5.01687
789,16.0084
790,7.01687
791,7.0253
792,12.0084
793,12.0084
794,8.01686
795,8.0253
796,1.03373
797,12.0084
798,10.0169
799,8.0253
800,14.0084
801,10.0169
802,10.0253
803,10.0337
804,10.0422
805,1.05059
806,1.05903
807,1.06746
808,20.0084
809,8.00843
810,6.01687
811,3.0253
812,18.0084
813,16.0084
814,13.0169
815,7.0253
816,5.03373
817,7.00843
818,7.01687
819,6.0253
820,16.0084
821,11.0169
822,3.00843
823,19.0084
824,19.0169
825,4.0253
826,5.00843
827,2.01687
828,14.0084
829,5.01687
830,5.00843
831,1.01686
832,1.0253
833,11.0084
834,7.01687
835,3.0253
836,10.0084
837,18.0084
838,8.01686
839,1.0253
840,19.0084
841,6.01687
842,5.0253
843,14.0084
844,8.01686
845,7.0253
846,7.03373
847,8.00843
848,18.0084
849,12.0169
850,13.0084
851,10.0169
852,10.0253
853,4.03373
854,5.00843
855,5.01687
856,15.0084
857,2.01687
858,12.0084
859,12.0169
860,12.0253
861,10.0337
862,20.0084
863,8.01686
864,7.0253
865,1.00843
866,10.0084
867,8.01686
868,8.0253
869,18.0084
870,8.01686
871,18.0084
872,18.0169
873,10.0253
874,18.0084
875,12.0084
876,12.0169
877,1.0253
878,15.0084
879,12.0084
880,10.0169
881,7.00843
882,5.01687
883,5.0253
884,14.0084
885,5.01687
886,1.0253
887,1.03373
888,15.0084
889,2.01687
890,16.0084
891,3.01687
892,16.0084
893,12.0169
894,8.0253
895,1.03373
896,1.04216
897,12.0084
898,5.01687
899,3.0253
900,10.0084
901,7.00843
902,7.01687
903,7.0253
904,3.03373
905,13.0084
906,12.0169
907,9.0253
908,8.03373
909,8.04216
910,8.05059
911,8.05903
912,8.06746
913,13.0084
914,14.0084
915,8.00843
916,5.01687
917,13.0084
918,13.0084
919,5.01687
920,11.0084
921,3.01687
922,20.0084
923,18.0169
924,16.0084
925,16.0169
926,1.0253
927,18.0084
928,1.01686
929,16.0084
930,7.00843
931,5.01687
932,5.0253
933,3.00843
934,2.00843
935,5.00843
936,3.01687
937,1.0253
938,1.03373
939,13.0084
940,6.00843
941,1.01686
942,1.0253
943,20.0084
944,19.0169
945,13.0253
946,9.03373
947,8.04216
948,5.05059
949,5.05903
950,3.06746
951,17.0084
952,13.0169
953,7.00843
954,6.00843
955,5.01687
956,1.0253
957,15.0084
958,12.0169
959,10.0084
960,10.0169
961,6.0253
962,5.03373
963,3.04216
964,8.00843
965,7.01687
966,3.0253
967,1.03373
968,14.0084
969,12.0169
970,12.0253
971,12.0337
972,10.0422
973,8.05059
974,8.00843
975,8.01686
976,17.0084
977,16.0169
978,1.0253
979,17.0084
980,10.0169
981,7.0253
982,3.03373
983,14.0084
984,12.0169
985,3.0253
986,3.03373
987,5.00843
988,1.01686
989,8.00843
990,7.01687
991,14.0084
992,9.01686
993,6.0253
994,5.00843
995,16.0084
996,3.00843
997,1.01686
998,1.0253
999,12.0084
1000,6.01687
1001,13.0084
1002,3.01687
1003,10.0084
1004,3.01687
1005,18.0084
1006,17.0169
1007,7.0253
1008,1.03373
1009,1.04216
1010,12.0084
1011,5.01687
1012,1.00843
1013,9.00843
1014,5.00843
1015,3.01687
1016,12.0084
1017,3.00843
1018,12.0084
1019,14.0084
1020,8.01686
1021,3.0253
1022,13.0084
1023,1.00843
1024,9.00843
1025,20.0084
1026,11.0084
1027,9.01686
1028,8.0253
1029,4.03373
1030,4.04216
1031,4.05059
1032,3.05903
1033,1.06746
1034,19.0084
1035,1.01686
1036,1.0253
1037,1.00843
1038,12.0084
1039,20.0084
1040,8.01686
1041,7.0253
1042,7.03373
1043,5.04216
1044,3.05059
1045,8.00843
1046,1.01686
1047,14.0084
1048,10.0169
1049,3.0253
1050,10.0084
1051,8.01686
1052,3.0253
1053,3.03373
1054,3.04216
1055,13.0084
1056,14.0084
1057,10.0084
1058,1.01686
1059,15.0084
1060,8.01686
1061,8.0253
1062,9.00843
1063,17.0084
1064,1.00843
1065,10.0084
1066,10.0169
1067,7.0253
1068,3.03373
1069,18.0084
1070,18.0084
1071,14.0169
1072,6.0253
1073,1.03373
1074,16.0084
1075,10.0169
1076,10.0253
1077,18.0084
1078,7.01687
1079,18.0084
1080,10.0084
1081,1.01686
1082,20.0084
1083,7.01687
1084,12.0084
1085,8.01686
1086,7.0253
1087,1.03373
1088,10.0084
1089,9.01686
1090,7.0253
1091,5.03373
1092,1.04216
1093,12.0084
1094,18.0084
1095,12.0169
1096,5.0253
1097,5.03373
1098,5.00843
1099,1.01686
1100,6.00843
1101,3.01687
1102,2.0253
1103,15.0084
1104,13.0169
1105,4.0253
1106,16.0084
1107,3.01687
1108,5.00843
1109,5.00843
1110,8.00843
1111,7.01687
1112,10.0084
1113,8.01686
1114,7.0253
1115,14.0084
1116,10.0169
1117,3.0253
1118,1.03373
1119,12.0084
1120,7.01687
1121,5.0253
1122,18.0084
1123,2.00843
1124,9.00843
1125,8.01686
1126,10.0084
1127,7.00843
1128,6.01687
1129,8.00843
1130,5.00843
1131,7.00843
1132,17.0084
1133,16.0169
1134,18.0084
1135,14.0169
1136,14.0253
1137,8.03373
1138,5.00843
1139,5.01687
1140,7.00843
1141,10.0084
1142,17.0084
1143,7.01687
1144,5.0253
1145,10.0084
1146,10.0169
1147,13.0084
1148,8.01686
1149,14.0084
1150,8.01686
1151,8.00843
1152,12.0084
1153,10.0084
1154,1.01686
1155,18.0084
1156,7.00843
1157,9.00843
1158,1.00843
1159,1.01686
1160,1.0253
1161,10.0084
1162,3.01687
1163,3.0253
1164,2.03373
1165,1.04216
1166,7.00843
1167,17.0084
1168,8.01686
1169,7.0253
1170,7.03373
1171,6.04216
1172,6.05059
1173,5.05903
1174,4.06746
1175,19.0084
1176,12.0169
1177,7.0253
1178,5.03373
1179,8.00843
1180,18.0084
1181,12.0169
1182,7.0253
1183,12.0084
1184,12.0169
1185,10.0253
1186,8.03373
1187,14.0084
1188,14.0169
1189,13.0253
1190,13.0337
1191,1.04216
1192,14.0084
1193,13.0169
1194,1.0253
1195,7.00843
1196,7.01687
1197,1.0253
1198,15.0084
1199,13.0169
1200,5.0253
1201,16.0084
1202,16.0169
1203,14.0253
1204,18.0084
1205,16.0169
1206,7.00843
1207,14.0084
1208,7.01687
1209,2.0253
1210,14.0084
1211,10.0084
1212,20.0084
1213,10.0169
1214,12.0084
1215,1.00843
1216,1.00843
1217,5.00843
1218,18.0084
1219,8.01686
1220,7.0253
1221,8.00843
1222,3.00843
1223,17.0084
1224,10.0169
1225,9.0253
1226,7.03373
1227,8.00843
1228,1.01686
1229,14.0084
1230,1.01686
1231,13.0084
1232,13.0169
1233,3.00843
1234,1.01686
1235,12.0084
1236,12.0169
1237,4.00843
1238,1.01686
1239,1.0253
1240,1.03373
1241,18.0084
1242,10.0169
1243,5.0253
1244,12.0084
1245,3.01687
1246,6.00843
1247,1.01686
1248,1.0253
1249,1.03373
1250,1.04216
1251,7.00843
1252,14.0084
1253,6.01687
1254,3.0253
1255,2.03373
1256,4.00843
1257,6.00843
1258,12.0084
1259,6.01687
1260,5.0253
1261,11.0084
1262,3.01687
1263,12.0084
1264,3.01687
1265,16.0084
1266,14.0169
1267,13.0253
1268,12.0084
1269,5.01687
1270,18.0084
1271,1.01686
1272,17.0084
1273,7.01687
1274,14.0084
1275,13.0169
1276,8.0253
1277,14.0084
1278,5.01687
1279,5.0253
1280,15.0084
1281,5.01687
1282,7.00843
1283,3.01687
1284,5.00843
1285,1.01686
1286,13.0084
1287,10.0169
1288,14.0084
1289,7.01687
1290,5.0253
1291,3.03373
1292,9.00843
1293,1.01686
1294,17.0084
1295,12.0169
1296,1.00843
1297,18.0084
1298,3.01687
1299,3.0253
1300,2.03373
1301,5.00843
1302,5.01687
1303,14.0084
1304,13.0169
1305,16.0084
1306,9.01686
1307,8.0253
1308,8.00843
1309,5.01687
1310,2.0253
1311,10.0084
1312,10.0169
1313,5.00843
1314,5.01687
1315,11.0084
1316,10.0169
1317,15.0084
1318,13.0169
1319,1.0253
1320,1.03373
1321,10.0084
1322,8.00843
1323,10.0084
1324,18.0084
1325,8.01686
1326,7.0253
1327,5.03373
1328,3.04216
1329,1.05059
1330,16.0084
1331,8.01686
1332,10.0084
1333,8.01686
1334,8.0253
1335,10.0084
1336,3.01687
1337,1.00843
1338,14.0084
1339,9.00843
1340,6.01687
1341,4.0253
1342,19.0084
1343,5.01687
1344,1.0253
1345,1.03373
1346,3.00843
1347,2.01687
1348,16.0084
1349,8.00843
1350,6.01687
1351,8.00843
1352,10.0084
1353,1.01686
1354,12.0084
1355,12.0169
1356,11.0253
1357,8.00843
1358,1.01686
1359,1.0253
1360,1.03373
1361,12.0084
1362,8.01686
1363,12.0084
1364,10.0169
1365,16.0084
1366,17.0084
1367,13.0169
1368,7.0253
1369,20.0084
1370,15.0169
1371,5.00843
1372,1.00843
1373,16.0084
1374,17.0084
1375,12.0084
1376,1.00843
1377,20.0084
1378,13.0084
1379,1.00843
1380,15.0084
1381,8.01686
1382,18.0084
1383,16.0084
1384,18.0084
1385,5.00843
1386,5.01687
1387,3.00843
1388,7.00843
1389,7.01687
1390,3.0253
1391,1.03373
1392,8.00843
1393,7.01687
1394,1.00843
1395,1.00843
1396,1.01686
1397,6.00843
1398,3.01687
1399,8.00843
1400,7.01687
1401,3.0253
1402,18.0084
1403,5.01687
1404,12.0084
1405,5.01687
1406,7.00843
1407,7.01687
1408,12.0084
1409,12.0169
1410,8.0253
1411,10.0084
1412,5.00843
1413,14.0084
1414,12.0169
1415,16.0084
1416,3.01687
1417,5.00843
1418,5.00843
1419,2.01687
1420,1.0253
1421,6.00843
1422,15.0084
1423,2.01687
1424,13.0084
1425,12.0084
1426,1.01686
1427,14.0084
1428,10.0169
1429,15.0084
1430,3.01687
1431,10.0084
1432,6.01687
1433,3.0253
1434,3.03373
1435,7.00843
1436,17.0084
1437,8.01686
1438,8.0253
1439,10.0084
1440,7.01687
1441,8.00843
1442,3.01687
1443,1.0253
1444,12.0084
1445,5.01687
1446,17.0084
1447,10.0169
1448,15.0084
1449,8.00843
1450,16.0084
1451,16.0169
1452,6.0253
1453,15.0084
1454,10.0169
1455,3.00843
1456,16.0084
1457,14.0169
1458,12.0253
1459,12.0337
1460,8.04216
1461,5.05059
1462,1.05903
1463,13.0084
1464,3.01687
1465,5.00843
1466,10.0084
1467,8.00843
1468,6.01687
1469,5.00843
1470,7.00843
1471,3.01687
1472,12.0084
1473,18.0084
1474,1.01686
1475,1.00843
1476,5.00843
1477,18.0084
1478,12.0169
1479,3.0253
1480,7.00843
1481,14.0084
1482,8.01686
1483,7.0253
1484,8.00843
1485,7.01687
1486,7.0253
1487,6.03373
1488,8.00843
1489,12.0084
1490,13.0084
1491,3.00843
1492,7.00843
1493,13.0084
1494,8.00843
1495,12.0084
1496,12.0169
1497,7.0253
1498,8.00843
1499,3.00843
1500,16.0084
1501,3.01687
1502,17.0084
1503,13.0084
1504,1.01686
1505,16.0084
1506,7.00843
1507,8.00843
1508,1.01686
1509,8.00843
1510,7.00843
1511,7.01687
1512,16.0084
1513,14.0169
1514,3.0253
1515,16.0084
1516,5.01687
1517,5.0253
1518,5.03373
1519,3.04216
1520,1.05059
1521,7.00843
1522,3.00843
1523,8.00843
1524,10.0084
1525,11.0084
1526,3.01687
1527,12.0084
1528,3.01687
1529,3.0253
1530,19.0084
1531,12.0169
1532,6.0253
1533,14.0084
1534,10.0169
1535,6.0253
1536,10.0084
1537,16.0084
1538,16.0169
1539,1.0253
1540,13.0084
1541,7.01687
1542,17.0084
1543,6.00843
1544,3.01687
1545,1.0253
1546,2.00843
1547,8.00843
1548,1.01686
1549,1.0253
1550,16.0084
1551,14.0169
1552,10.0253
1553,3.03373
1554,16.0084
1555,5.01687
1556,5.0253
1557,12.0084
1558,12.0169
1559,5.0253
1560,5.03373
1561,3.04216
1562,7.00843
1563,5.01687
1564,3.0253
1565,8.00843
1566,3.01687
1567,13.0084
1568,9.01686
1569,8.0253
1570,18.0084
1571,14.0169
1572,10.0253
1573,5.03373
1574,11.0084
1575,10.0169
1576,1.0253
1577,6.00843
1578,13.0084
1579,16.0084
1580,14.0169
1581,14.0253
1582,14.0337
1583,8.04216
1584,8.05059
1585,5.05903
1586,5.06746
1587,3.00843
1588,3.01687
1589,1.0253
1590,7.00843
1591,7.01687
1592,3.0253
1593,9.00843
1594,8.01686
1595,5.00843
1596,10.0084
1597,7.01687
1598,5.0253
1599,7.00843
1600,8.00843
1601,5.01687
1602,1.0253
1603,13.0084
1604,1.01686
1605,14.0084
1606,16.0084
1607,12.0169
1608,16.0084
1609,12.0169
1610,5.0253
1611,13.0084
1612,12.0169
1613,3.0253
1614,1.03373
1615,18.0084
1616,18.0169
1617,18.0253
1618,14.0337
1619,12.0422
1620,3.05059
1621,1.05903
1622,2.00843
1623,1.01686
1624,14.0084
1625,12.0169
1626,10.0253
1627,8.03373
1628,8.04216
1629,10.0084
1630,5.01687
1631,5.0253
1632,17.0084
1633,10.0169
1634,1.0253
1635,1.00843
1636,13.0084
1637,8.01686
1638,8.0253
1639,4.03373
1640,13.0084
1641,9.01686
1642,3.0253
1643,14.0084
1644,14.0169
1645,10.0253
1646,12.0084
1647,17.0084
1648,10.0169
1649,5.0253
1650,4.03373
1651,14.0084
1652,1.01686
1653,1.00843
1654,16.0084
1655,16.0169
1656,14.0253
1657,8.03373
1658,15.0084
1659,18.0084
1660,16.0169
1661,16.0084
1662,7.01687
1663,3.00843
1664,14.0084
1665,14.0169
1666,5.00843
1667,12.0084
1668,1.01686
1669,3.00843
1670,1.01686
1671,14.0084
1672,5.01687
1673,5.0253
1674,12.0084
1675,9.01686
1676,7.00843
1677,14.0084
1678,13.0169
1679,15.0084
1680,10.0084
1681,10.0169
1682,17.0084
1683,12.0084
1684,10.0169
1685,5.00843
1686,7.00843
1687,8.00843
1688,3.00843
1689,14.0084
1690,1.01686
1691,8.00843
1692,8.00843
1693,10.0084
1694,7.01687
1695,1.00843
1696,14.0084
1697,3.00843
1698,20.0084
1699,3.01687
1700,13.0084
1701,12.0169
1702,5.0253
1703,9.00843
1704,7.01687
1705,4.0253
1706,4.03373
1707,7.00843
1708,12.0084
1709,12.0169
1710,5.0253
1711,5.03373
1712,9.00843
1713,7.01687
1714,12.0084
1715,10.0169
1716,7.0253
1717,7.03373
1718,7.04216
1719,8.00843
1720,12.0084
1721,10.0169
1722,9.0253
1723,5.00843
1724,10.0084
1725,16.0084
1726,18.0084
1727,7.01687
1728,14.0084
1729,8.01686
1730,16.0084
1731,16.0084
1732,16.0169
1733,10.0253
1734,7.03373
1735,18.0084
1736,12.0169
1737,4.0253
1738,10.0084
1739,12.0084
1740,10.0169
1741,16.0084
1742,1.01686
1743,1.00843
1744,17.0084
1745,1.01686
1746,1.00843
1747,1.01686
1748,1.0253
1749,5.00843
1750,3.01687
1751,3.00843
1752,3.01687
1753,10.0084
1754,10.0084
1755,5.01687
1756,1.0253
1757,3.00843
1758,1.01686
1759,8.00843
1760,8.01686
1761,8.0253
1762,7.03373
1763,7.04216
1764,7.05059
1765,7.05903
1766,7.06746
1767,7.07589
1768,1.08432
1769,20.0084
1770,8.01686
1771,8.0253
1772,3.03373
1773,17.0084
1774,10.0169
1775,5.0253
1776,5.03373
1777,10.0084
1778,10.0169
1779,16.0084
1780,12.0169
1781,4.0253
1782,10.0084
1783,1.01686
1784,14.0084
1785,10.0169
1786,19.0084
1787,10.0169
1788,16.0084
1789,17.0084
1790,17.0169
1791,5.0253
1792,19.0084
1793,16.0084
1794,10.0084
1795,6.00843
1796,13.0084
1797,8.01686
1798,14.0084
1799,1.01686
1800,1.0253
1801,7.00843
1802,10.0084
1803,5.01687
1804,8.00843
1805,3.00843
1806,3.00843
1807,3.01687
1808,5.00843
1809,3.00843
1810,1.01686
1811,5.00843
1812,18.0084
1813,8.01686
1814,16.0084
1815,14.0169
1816,10.0253
1817,10.0337
1818,1.00843
1819,13.0084
1820,8.01686
1821,3.0253
1822,7.00843
1823,5.00843
1824,14.0084
1825,7.01687
1826,5.0253
1827,8.00843
1828,8.01686
1829,7.0253
1830,1.03373
1831,12.0084
1832,1.00843
1833,13.0084
1834,12.0169
1835,5.0253
1836,6.00843
1837,3.01687
1838,14.0084
1839,3.01687
1840,10.0084
1841,10.0169
1842,7.0253
1843,1.03373
1844,10.0084
1845,3.00843
1846,3.01687
1847,13.0084
1848,10.0169
1849,10.0253
1850,3.03373
1851,7.00843
1852,12.0084
1853,8.01686
1854,16.0084
1855,7.01687
1856,3.0253
1857,10.0084
1858,10.0084
1859,1.01686
1860,16.0084
1861,7.01687
1862,18.0084
1863,13.0084
1864,8.01686
1865,5.0253
1866,13.0084
1867,7.01687
1868,7.0253
1869,14.0084
1870,5.00843
1871,5.01687
1872,8.00843
1873,18.0084
1874,9.00843
1875,5.01687
1876,7.00843
1877,5.01687
1878,13.0084
1879,5.01687
1880,12.0084
1881,14.0084
1882,17.0084
1883,15.0169
1884,7.0253
1885,2.03373
1886,13.0084
1887,10.0169
1888,12.0084
1889,8.00843
1890,16.0084
1891,8.01686
1892,1.0253
1893,1.03373
1894,7.00843
1895,7.00843
1896,3.01687
1897,3.00843
1898,4.00843
1899,14.0084
1900,7.01687
1901,8.00843
1902,6.00843
1903,7.00843
1904,13.0084
1905,13.0169
1906,6.00843
1907,16.0084
1908,16.0169
1909,6.0253
1910,16.0084
1911,7.01687
1912,3.0253
1913,1.00843
1914,9.00843
1915,1.01686
1916,13.0084
1917,2.01687
1918,8.00843
1919,5.01687
1920,3.00843
1921,6.00843
1922,8.00843
1923,7.01687
1924,1.0253
1925,19.0084
1926,3.01687
1927,9.00843
1928,3.01687
1929,19.0084
1930,13.0084
1931,12.0169
1932,12.0084
1933,10.0169
1934,7.0253
1935,14.0084
1936,7.00843
1937,1.01686
1938,1.0253
1939,1.03373
1940,1.04216
1941,18.0084
1942,11.0169
1943,3.0253
1944,19.0084
1945,6.01687
1946,8.00843
1947,6.01687
1948,1.0253
1949,3.00843
1950,11.0084
1951,8.01686
1952,5.00843
1953,12.0084
1954,10.0169
1955,3.0253
1956,19.0084
1957,17.0169
1958,9.0253
1959,10.0084
1960,13.0084
1961,14.0084
1962,3.01687
1963,16.0084
1964,8.01686
1965,16.0084
1966,8.01686
1967,3.0253
1968,18.0084
1969,11.0169
1970,5.0253
1971,12.0084
1972,12.0169
1973,16.0084
1974,8.01686
1975,8.00843
1976,8.01686
1977,8.0253
1978,5.03373
1979,1.04216
1980,12.0084
1981,2.01687
1982,1.0253
1983,12.0084
1984,5.01687
1985,7.00843
1986,7.01687
1987,8.00843
1988,1.00843
1989,20.0084
1990,10.0169
1991,8.0253
1992,8.03373
1993,3.04216
1994,8.00843
1995,7.01687
1996,6.0253
1997,1.03373
1998,7.00843
1999,5.01687
2000,3.0253
2001,12.0084
2002,11.0169
2003,7.0253
2004,7.03373
2005,12.0084
2006,5.01687
2007,5.0253
2008,2.03373
2009,12.0084
2010,14.0084
2011,10.0084
2012,8.01686
2013,8.0253
2014,19.0084
2015,10.0084
2016,10.0169
2017,18.0084
2018,8.01686
2019,12.0084
2020,1.00843
2021,16.0084
2022,6.01687
2023,16.0084
2024,6.01687
2025,5.0253
2026,1.03373
2027,1.04216
2028,5.00843
2029,2.01687
2030,8.00843
2031,8.01686
2032,3.0253
2033,13.0084
2034,12.0084
2035,1.01686
2036,13.0084
2037,8.01686
2038,14.0084
2039,10.0084
2040,13.0084
2041,11.0169
2042,1.0253
2043,12.0084
2044,12.0169
2045,12.0253
2046,5.03373
2047,8.00843
2048,3.01687
2049,20.0084
2050,10.0169
2051,8.0253
2052,8.03373
2053,16.0084
2054,14.0169
2055,8.0253
2056,1.03373
2057,10.0084
2058,18.0084
2059,10.0169
2060,7.0253
2061,9.00843
2062,16.0084
2063,5.01687
2064,5.0253
2065,16.0084
2066,8.01686
2067,7.0253
2068,16.0084
2069,14.0169
2070,13.0253
2071,2.03373
2072,1.04216
2073,14.0084
2074,10.0169
2075,9.0253
2076,1.03373
2077,16.0084
2078,4.01687
2079,3.0253
2080,1.00843
2081,5.00843
2082,2.00843
2083,14.0084
2084,8.01686
2085,7.0253
2086,10.0084
2087,8.00843
2088,4.01687
2089,1.00843
2090,7.00843
2091,3.00843
2092,3.01687
2093,8.00843
2094,8.01686
2095,3.0253
2096,14.0084
2097,10.0169
2098,3.0253
2099,18.0084
2100,10.0169
2101,7.00843
2102,8.00843
2103,8.01686
2104,10.0084
2105,5.01687
2106,8.00843
2107,8.01686
2108,18.0084
2109,6.01687
2110,5.0253
2111,14.0084
2112,8.01686
2113,3.00843
2114,1.01686
2115,12.0084
2116,12.0169
2117,2.0253
2118,16.0084
2119,14.0169
2120,13.0253
2121,10.0337
2122,3.04216
2123,14.0084
2124,14.0169
2125,1.0253
2126,14.0084
2127,13.0169
2128,16.0084
2129,11.0169
2130,5.0253
2131,7.00843
2132,7.01687
2133,8.00843
2134,1.01686
2135,1.00843
2136,16.0084
2137,10.0169
2138,5.0253
2139,17.0084
2140,8.01686
2141,8.0253
2142,18.0084
2143,12.0169
2144,10.0084
2145,1.01686
2146,14.0084
2147,12.0084
2148,1.01686
2149,19.0084
2150,1.00843
2151,19.0084
2152,12.0084
2153,8.00843
2154,5.01687
2155,7.00843
2156,1.00843
2157,10.0084
2158,1.01686
2159,12.0084
2160,8.01686
2161,3.00843
2162,1.00843
2163,10.0084
2164,8.01686
2165,16.0084
2166,14.0084
2167,12.0084
2168,3.01687
2169,5.00843
2170,3.01687
2171,14.0084
2172,7.01687
2173,7.0253
2174,3.03373
2175,7.00843
2176,7.01687
2177,12.0084
2178,8.01686
2179,8.00843
2180,4.00843
2181,10.0084
2182,18.0084
2183,16.0169
2184,19.0084
2185,17.0169
2186,8.0253
2187,15.0084
2188,10.0169
2189,18.0084
2190,8.01686
2191,3.0253
2192,18.0084
2193,12.0169
2194,10.0253
2195,5.00843
2196,9.00843
2197,3.01687
2198,10.0084
2199,17.0084
2200,1.01686
2201,16.0084
2202,16.0084
2203,5.01687
2204,4.0253
2205,3.03373
2206,1.04216
2207,8.00843
2208,3.01687
2209,3.0253
2210,12.0084
2211,5.01687
2212,5.0253
2213,8.00843
2214,8.01686
2215,10.0084
2216,7.01687
2217,6.00843
2218,16.0084
2219,10.0169
2220,10.0084
2221,10.0169
2222,8.0253
2223,1.00843
2224,12.0084
2225,10.0169
2226,13.0084
2227,14.0084
2228,14.0169
2229,10.0253
2230,12.0084
2231,5.01687
2232,5.0253
2233,14.0084
2234,8.01686
2235,16.0084
2236,16.0169
2237,15.0253
2238,13.0337
2239,8.00843
2240,19.0084
2241,18.0084
2242,14.0169
2243,10.0253
2244,3.03373
2245,11.0084
2246,8.01686
2247,14.0084
2248,3.01687
2249,1.00843
2250,20.0084
2251,8.00843
2252,8.01686
2253,3.0253
2254,1.03373
2255,8.00843
2256,8.00843
2257,8.01686
2258,6.0253
2259,1.03373
2260,10.0084
2261,8.01686
2262,1.0253
2263,5.00843
2264,5.01687
2265,13.0084
2266,8.00843
2267,15.0084
2268,11.0084
2269,1.00843
2270,13.0084
2271,3.01687
2272,3.0253
2273,1.03373
2274,18.0084
2275,9.01686
2276,3.00843
2277,8.00843
2278,5.01687
2279,5.0253
2280,6.00843
2281,6.01687
2282,6.0253
2283,1.03373
2284,10.0084
2285,3.00843
2286,20.0084
2287,15.0169
2288,9.0253
2289,16.0084
2290,7.01687
2291,14.0084
2292,13.0169
2293,19.0084
2294,10.0169
2295,12.0084
2296,18.0084
2297,14.0169
2298,8.0253
2299,1.03373
2300,1.04216
2301,18.0084
2302,8.00843
2303,3.01687
2304,1.0253
2305,5.00843
2306,10.0084
2307,8.00843
2308,7.01687
2309,10.0084
2310,8.01686
2311,13.0084
2312,12.0169
2313,12.0253
2314,8.03373
2315,8.04216
2316,10.0084
2317,1.01686
2318,12.0084
2319,8.01686
2320,16.0084
2321,15.0084
2322,18.0084
2323,14.0169
2324,12.0253
2325,5.03373
2326,15.0084
2327,18.0084
2328,9.01686
2329,17.0084
2330,1.01686
2331,1.0253
2332,19.0084
2333,18.0169
2334,6.0253
2335,12.0084
2336,10.0169
2337,5.00843
2338,10.0084
2339,6.01687
2340,5.0253
2341,3.00843
2342,1.01686
2343,12.0084
2344,8.01686
2345,8.0253
2346,16.0084
2347,15.0084
2348,6.01687
2349,5.00843
2350,5.01687
2351,14.0084
2352,14.0169
2353,13.0253
2354,10.0337
2355,16.0084
2356,8.01686
2357,9.00843
2358,8.01686
2359,14.0084
2360,3.01687
2361,8.00843
2362,16.0084
2363,7.01687
2364,5.0253
2365,3.03373
2366,14.0084
2367,5.01687
2368,17.0084
2369,16.0084
2370,12.0169
2371,12.0084
2372,12.0169
2373,15.0084
2374,6.00843
2375,16.0084
2376,14.0169
2377,18.0084
2378,10.0084
2379,8.01686
2380,5.00843
2381,5.01687
2382,3.00843
2383,7.00843
2384,8.00843
2385,8.01686
2386,6.0253
2387,5.03373
2388,5.04216
2389,10.0084
2390,12.0084
2391,3.00843
2392,3.00843
2393,8.00843
2394,10.0084
2395,7.00843
2396,20.0084
2397,8.01686
2398,6.0253
2399,2.00843
2400,1.01686
2401,8.00843
2402,3.01687
2403,1.00843
2404,13.0084
2405,10.0169
2406,10.0253
2407,8.03373
2408,3.04216
2409,14.0084
2410,12.0169
2411,7.0253
2412,3.03373
2413,5.00843
2414,19.0084
2415,9.01686
2416,5.0253
2417,11.0084
2418,10.0169
2419,10.0253
2420,6.00843
2421,18.0084
2422,7.01687
2423,8.00843
2424,16.0084
2425,12.0169
2426,12.0253
2427,10.0337
2428,9.04216
2429,7.05059
2430,16.0084
2431,16.0169
2432,12.0253
2433,14.0084
2434,13.0169
2435,12.0253
2436,9.03373
2437,8.04216
2438,16.0084
2439,15.0169
2440,12.0253
2441,5.03373
2442,16.0084
2443,7.00843
2444,18.0084
2445,1.01686
2446,18.0084
2447,18.0169
2448,16.0253
2449,6.03373
2450,1.04216
2451,3.00843
2452,5.00843
2453,1.01686
2454,6.00843
2455,8.00843
2456,8.01686
2457,3.0253
2458,6.00843
2459,1.01686
2460,12.0084
2461,12.0169
2462,12.0253
2463,10.0337
2464,10.0422
2465,5.05059
2466,13.0084
2467,7.01687
2468,2.0253
2469,1.03373
2470,13.0084
2471,8.00843
2472,1.01686
2473,10.0084
2474,16.0084
2475,8.01686
2476,8.00843
2477,1.01686
2478,17.0084
2479,8.01686
2480,8.0253
2481,8.03373
2482,5.00843
2483,6.00843
2484,17.0084
2485,8.01686
2486,1.00843
2487,17.0084
2488,10.0169
2489,12.0084
2490,5.01687
2491,5.00843
2492,5.01687
2493,5.0253
2494,8.00843
2495,1.00843
2496,14.0084
2497,15.0084
2498,5.00843
2499,11.0084
2500,10.0169
2501,1.00843
2502,16.0084
2503,14.0169
2504,8.0253
2505,16.0084
2506,20.0084
2507,12.0169
2508,10.0253
2509,1.00843
2510,14.0084
2511,8.01686
2512,3.0253
2513,13.0084
2514,3.01687
2515,10.0084
2516,10.0169
2517,7.0253
2518,5.03373
2519,2.04216
2520,10.0084
2521,1.00843
2522,11.0084
2523,3.00843
2524,7.00843
2525,6.01687
2526,8.00843
2527,7.00843
2528,8.00843
2529,1.01686
2530,13.0084
2531,8.00843
2532,16.0084
2533,14.0084
2534,8.00843
2535,17.0084
2536,16.0169
2537,14.0084
2538,8.01686
2539,7.00843
2540,7.00843
2541,8.00843
2542,5.01687
2543,10.0084
2544,1.01686
2545,10.0084
2546,5.00843
2547,1.00843
2548,7.00843
2549,6.01687
2550,18.0084
2551,14.0169
2552,5.0253
2553,14.0084
2554,8.01686
2555,3.0253
2556,3.03373
2557,3.04216
2558,9.00843
2559,7.01687
2560,4.0253
2561,12.0084
2562,5.01687
2563,14.0084
2564,14.0169
2565,8.0253
2566,5.00843
2567,1.01686
2568,1.0253
2569,18.0084
2570,1.01686
2571,14.0084
2572,14.0084
2573,14.0084
2574,3.01687
2575,6.00843
2576,1.00843
2577,16.0084
2578,9.01686
2579,1.0253
2580,1.00843
2581,3.00843
2582,2.01687
2583,7.00843
2584,12.0084
2585,1.01686
2586,1.0253
2587,14.0084
2588,1.01686
2589,18.0084
2590,12.0169
2591,3.0253
2592,8.00843
2593,5.00843
2594,5.01687
2595,3.0253
2596,12.0084
2597,10.0084
2598,10.0169
2599,10.0253
2600,10.0337
2601,10.0422
2602,11.0084
2603,11.0169
2604,12.0084
2605,1.01686
2606,10.0084
2607,5.01687
2608,15.0084
2609,16.0084
2610,14.0169
2611,7.0253
2612,5.00843
2613,3.01687
2614,1.0253
2615,1.00843
2616,8.00843
2617,9.00843
2618,8.01686
2619,3.0253
2620,4.00843
2621,3.01687
2622,1.00843
2623,1.00843
2624,5.00843
2625,14.0084
2626,18.0084
2627,18.0169
2628,12.0253
2629,6.00843
2630,14.0084
2631,5.01687
2632,14.0084
2633,10.0169
2634,18.0084
2635,12.0084
2636,12.0169
2637,7.00843
2638,6.01687
2639,1.0253
2640,13.0084
2641,3.01687
2642,14.0084
2643,10.0169
2644,13.0084
2645,5.01687
2646,5.0253
2647,3.03373
2648,1.04216
2649,8.00843
2650,6.01687
2651,8.00843
2652,4.01687
2653,12.0084
2654,5.01687
2655,10.0084
2656,10.0169
2657,3.00843
2658,12.0084
2659,12.0169
2660,5.00843
2661,1.01686
2662,3.00843
2663,12.0084
2664,12.0169
2665,10.0084
2666,7.01687
2667,7.0253
2668,14.0084
2669,8.01686
2670,6.00843
2671,12.0084
2672,7.00843
2673,10.0084
2674,18.0084
2675,8.01686
2676,13.0084
2677,3.01687
2678,18.0084
2679,8.00843
2680,1.01686
2681,18.0084
2682,13.0084
2683,8.01686
2684,6.00843
2685,2.00843
2686,14.0084
2687,12.0084
2688,8.01686
2689,7.0253
2690,7.03373
2691,7.04216
2692,8.00843
2693,7.00843
2694,10.0084
2695,10.0169
2696,3.0253
2697,16.0084
2698,2.01687
2699,6.00843
2700,14.0084
2701,14.0169
2702,18.0084
2703,16.0169
2704,5.0253
2705,8.00843
2706,1.01686
2707,3.00843
2708,3.01687
2709,2.0253
2710,15.0084
2711,12.0084
2712,12.0169
2713,12.0253
2714,10.0337
2715,4.00843
2716,1.00843
2717,13.0084
2718,8.01686
2719,16.0084
2720,8.01686
2721,7.0253
2722,7.00843
2723,18.0084
2724,16.0169
2725,10.0253
2726,8.03373
2727,3.04216
2728,10.0084
2729,13.0084
2730,7.01687
2731,1.00843
2732,7.00843
2733,7.01687
2734,3.0253
2735,18.0084
2736,18.0169
2737,3.0253
2738,10.0084
2739,5.01687
2740,10.0084
2741,6.01687
2742,6.0253
2743,3.03373
2744,1.04216
2745,1.05059
2746,13.0084
2747,7.01687
2748,12.0084
2749,18.0084
2750,16.0169
2751,7.0253
2752,3.03373
2753,18.0084
2754,1.00843
2755,1.00843
2756,7.00843
2757,5.01687
2758,11.0084
2759,1.01686
2760,18.0084
2761,3.00843
2762,7.00843
2763,5.01687
2764,2.0253
2765,1.03373
2766,16.0084
2767,5.01687
2768,16.0084
2769,10.0169
2770,12.0084
2771,5.01687
2772,12.0084
2773,12.0169
2774,18.0084
2775,15.0169
2776,14.0253
2777,10.0337
2778,8.04216
2779,3.05059
2780,12.0084
2781,9.01686
2782,13.0084
2783,9.00843
2784,7.00843
2785,5.01687
2786,5.0253
2787,3.03373
2788,10.0084
2789,3.01687
2790,12.0084
2791,10.0084
2792,12.0084
2793,1.01686
2794,1.0253
2795,1.03373
2796,3.00843
2797,1.01686
2798,1.0253
2799,12.0084
2800,12.0169
2801,16.0084
2802,1.01686
2803,13.0084
2804,3.01687
2805,17.0084
2806,16.0169
2807,5.0253
2808,12.0084
2809,14.0084
2810,8.01686
2811,7.0253
2812,7.03373
2813,8.00843
2814,12.0084
2815,8.00843
2816,12.0084
2817,14.0084
2818,10.0084
2819,15.0084
2820,17.0084
2821,16.0169
2822,8.0253
2823,17.0084
2824,5.01687
2825,5.0253
2826,17.0084
2827,10.0169
2828,8.00843
2829,10.0084
2830,8.01686
2831,5.0253
2832,14.0084
2833,11.0084
2834,10.0169
2835,5.00843
2836,5.01687
2837,13.0084
2838,16.0084
2839,14.0169
2840,9.00843
2841,16.0084
2842,10.0169
2843,13.0084
2844,15.0084
2845,14.0084
2846,7.01687
2847,7.0253
2848,7.03373
2849,1.04216
2850,12.0084
2851,8.01686
2852,19.0084
2853,8.01686
2854,8.00843
2855,12.0084
2856,13.0084
2857,13.0169
2858,10.0253
2859,8.03373
2860,14.0084
2861,9.01686
2862,8.00843
2863,1.01686
2864,18.0084
2865,15.0169
2866,9.0253
2867,1.00843
2868,5.00843
2869,8.00843
2870,12.0084
2871,5.00843
2872,1.00843
2873,6.00843
2874,19.0084
2875,3.01687
2876,3.00843
2877,1.00843
2878,12.0084
2879,7.01687
2880,15.0084
2881,15.0169
2882,8.0253
2883,9.00843
2884,8.00843
2885,8.01686
2886,5.0253
2887,3.03373
2888,3.04216
2889,2.05059
2890,14.0084
2891,14.0169
2892,17.0084
2893,8.01686
2894,8.0253
2895,5.03373
2896,14.0084
2897,16.0084
2898,14.0169
2899,14.0253
2900,10.0337
2901,8.04216
2902,7.05059
2903,5.05903
2904,14.0084
2905,17.0084
2906,8.01686
2907,8.0253
2908,1.03373
2909,16.0084
2910,8.01686
2911,8.0253
2912,1.03373
2913,1.00843
2914,1.01686
2915,8.00843
2916,8.01686
2917,8.0253
2918,12.0084
2919,12.0084
2920,1.01686
2921,15.0084
2922,15.0169
2923,8.0253
2924,8.00843
2925,8.01686
2926,18.0084
2927,10.0169
2928,18.0084
2929,12.0084
2930,13.0084
2931,2.01687
2932,6.00843
2933,12.0084
2934,12.0169
2935,12.0253
2936,8.03373
2937,8.04216
2938,6.05059
2939,17.0084
2940,8.01686
2941,6.0253
2942,14.0084
2943,19.0084
2944,8.01686
2945,7.0253
2946,6.03373
2947,1.04216
2948,10.0084
2949,9.01686
2950,7.0253
2951,3.03373
2952,1.04216
2953,1.00843
2954,16.0084
2955,12.0084
2956,12.0169
2957,3.0253
2958,1.03373
2959,12.0084
2960,1.01686
2961,10.0084
2962,7.00843
2963,2.01687
2964,18.0084
2965,14.0169
2966,6.0253
2967,7.00843
2968,8.00843
2969,6.01687
2970,4.0253
2971,2.00843
2972,16.0084
2973,12.0169
2974,1.0253
2975,1.03373
2976,5.00843
2977,14.0084
2978,14.0169
2979,19.0084
2980,7.01687
2981,2.0253
2982,13.0084
2983,9.01686
2984,1.0253
2985,12.0084
2986,12.0169
2987,6.0253
2988,2.03373
2989,1.04216
2990,1.05059
2991,18.0084
2992,10.0169
2993,10.0253
2994,2.03373
2995,8.00843
2996,8.01686
2997,10.0084
2998,9.01686
2999,6.0253
3000,5.03373
3001,16.0084
3002,6.01687
3003,7.00843
3004,7.01687
3005,8.00843
3006,7.01687
3007,3.0253
3008,13.0084
3009,12.0169
3010,8.0253
3011,1.03373
3012,10.0084
3013,10.0084
3014,10.0169
3015,8.0253
3016,7.03373
3017,1.04216
3018,12.0084
3019,10.0084
3020,5.01687
3021,3.0253
3022,14.0084
3023,13.0169
3024,5.0253
3025,14.0084
3026,14.0169
3027,12.0253
3028,3.03373
3029,12.0084
3030,8.01686
3031,16.0084
3032,14.0169
3033,12.0253
3034,9.03373
3035,8.04216
3036,7.05059
3037,5.05903
3038,18.0084
3039,18.0169
3040,19.0084
3041,13.0169
3042,12.0253
3043,8.03373
3044,8.04216
3045,1.05059
3046,16.0084
3047,13.0169
3048,11.0084
3049,3.01687
3050,18.0084
3051,13.0169
3052,12.0253
3053,2.03373
3054,14.0084
3055,3.01687
3056,1.00843
3057,8.00843
3058,18.0084
3059,8.01686
3060,7.0253
3061,15.0084
3062,10.0169
3063,3.0253
3064,2.03373
3065,2.04216
3066,5.00843
3067,8.00843
3068,4.01687
3069,1.0253
3070,8.00843
3071,5.01687
3072,19.0084
3073,7.01687
3074,3.0253
3075,1.03373
3076,8.00843
3077,5.01687
3078,5.0253
3079,3.00843
3080,1.01686
3081,1.0253
3082,8.00843
3083,16.0084
3084,12.0169
3085,9.00843
3086,7.01687
3087,5.0253
3088,8.00843
3089,5.01687
3090,16.0084
3091,16.0169
3092,14.0253
3093,10.0337
3094,20.0084
3095,17.0169
3096,14.0253
3097,5.03373
3098,2.04216
3099,12.0084
3100,10.0084
3101,18.0084
3102,12.0169
3103,17.0084
3104,17.0169
3105,8.00843
3106,16.0084
3107,18.0084
3108,6.00843
3109,14.0084
3110,14.0169
3111,12.0253
3112,1.03373
3113,12.0084
3114,5.01687
3115,1.0253
3116,13.0084
3117,18.0084
3118,16.0084
3119,17.0084
3120,18.0084
3121,6.01687
3122,1.00843
3123,1.01686
3124,14.0084
3125,1.01686
3126,1.0253
3127,3.00843
3128,13.0084
3129,8.01686
3130,5.0253
3131,8.00843
3132,3.00843
3133,10.0084
3134,10.0169
3135,8.0253
3136,1.03373
3137,20.0084
3138,10.0084
3139,9.01686
3140,8.00843
3141,1.01686
3142,15.0084
3143,5.01687
3144,5.0253
3145,16.0084
3146,1.01686
3147,14.0084
3148,8.01686
3149,7.00843
3150,9.00843
3151,8.01686
3152,6.0253
3153,10.0084
3154,7.01687
3155,18.0084
3156,16.0084
3157,12.0169
3158,12.0253
3159,7.00843
3160,16.0084
3161,12.0084
3162,5.00843
3163,1.01686
3164,1.0253
3165,12.0084
3166,17.0084
3167,13.0169
3168,12.0253
3169,6.00843
3170,14.0084
3171,18.0084
3172,5.01687
3173,8.00843
3174,1.00843
3175,14.0084
3176,5.01687
3177,5.0253
3178,10.0084
3179,1.01686
3180,6.00843
3181,4.00843
3182,4.01687
3183,14.0084
3184,1.01686
3185,10.0084
3186,14.0084
3187,10.0169
3188,5.0253
3189,13.0084
3190,12.0084
3191,12.0169
3192,5.0253
3193,10.0084
3194,7.01687
3195,8.00843
3196,13.0084
3197,13.0084
3198,14.0084
3199,1.01686
3200,1.0253
3201,16.0084
3202,7.01687
3203,1.0253
3204,8.00843
3205,8.01686
3206,16.0084
3207,10.0084
3208,3.01687
3209,3.0253
3210,3.00843
3211,13.0084
3212,14.0084
3213,5.01687
3214,5.00843
3215,10.0084
3216,10.0084
3217,3.01687
3218,1.0253
3219,14.0084
3220,12.0169
3221,9.0253
3222,16.0084
3223,14.0169
3224,6.0253
3225,3.03373
3226,8.00843
3227,18.0084
3228,5.01687
3229,17.0084
3230,14.0169
3231,8.0253
3232,18.0084
3233,8.01686
3234,8.0253
3235,8.03373
3236,16.0084
3237,12.0169
3238,5.0253
3239,10.0084
3240,12.0084
3241,4.00843
3242,14.0084
3243,19.0084
3244,8.01686
3245,5.0253
3246,3.03373
3247,1.00843
3248,19.0084
3249,9.01686
3250,1.0253
3251,3.00843
3252,1.01686
3253,1.0253
3254,1.03373
3255,3.00843
3256,14.0084
3257,8.01686
3258,10.0084
3259,14.0084
3260,12.0169
3261,12.0253
3262,5.03373
3263,5.04216
3264,14.0084
3265,13.0169
3266,3.0253
3267,18.0084
3268,7.01687
3269,1.0253
3270,9.00843
3271,8.01686
3272,8.0253
3273,8.03373
3274,18.0084
3275,15.0169
3276,14.0084
3277,10.0169
3278,8.0253
3279,13.0084
3280,5.01687
3281,5.0253
3282,1.03373
3283,18.0084
3284,14.0169
3285,14.0253
3286,12.0337
3287,13.0084
3288,7.01687
3289,3.0253
3290,16.0084
3291,14.0169
3292,6.00843
3293,16.0084
3294,5.01687
3295,7.00843
3296,14.0084
3297,8.01686
3298,8.0253
3299,7.03373
3300,5.04216
3301,5.00843
3302,18.0084
3303,10.0169
3304,8.0253
3305,3.03373
3306,16.0084
3307,8.01686
3308,8.0253
3309,3.03373
3310,1.04216
3311,18.0084
3312,14.0084
3313,1.00843
3314,5.00843
3315,5.00843
3316,3.01687
3317,1.0253
3318,14.0084
3319,14.0084
3320,10.0169
3321,8.0253
3322,7.03373
3323,5.04216
3324,18.0084
3325,7.01687
3326,3.00843
3327,16.0084
3328,3.01687
3329,3.0253
3330,4.00843
3331,7.00843
3332,5.01687
3333,5.0253
3334,5.03373
3335,14.0084
3336,13.0169
3337,7.0253
3338,8.00843
3339,7.01687
3340,2.0253
3341,13.0084
3342,1.01686
3343,10.0084
3344,6.01687
3345,6.0253
3346,3.03373
3347,9.00843
3348,16.0084
3349,14.0169
3350,10.0084
3351,2.00843
3352,1.01686
3353,14.0084
3354,1.01686
3355,1.0253
3356,14.0084
3357,15.0084
3358,12.0169
3359,5.0253
3360,3.03373
3361,14.0084
3362,8.01686
3363,3.0253
3364,3.03373
3365,2.04216
3366,8.00843
3367,8.01686
3368,17.0084
3369,13.0169
3370,7.0253
3371,6.03373
3372,3.04216
3373,12.0084
3374,8.01686
3375,7.00843
3376,5.01687
3377,12.0084
3378,8.01686
3379,12.0084
3380,17.0084
3381,16.0084
3382,16.0169
3383,5.00843
3384,16.0084
3385,13.0169
3386,12.0253
3387,17.0084
3388,7.01687
3389,7.0253
3390,8.00843
3391,1.01686
3392,16.0084
3393,2.00843
3394,1.01686
3395,5.00843
3396,5.01687
3397,3.0253
3398,14.0084
3399,14.0084
3400,12.0169
3401,5.0253
3402,3.03373
3403,20.0084
3404,5.00843
3405,12.0084
3406,12.0169
3407,12.0253
3408,10.0337
3409,1.04216
3410,12.0084
3411,10.0169
3412,1.0253
3413,1.03373
3414,5.00843
3415,14.0084
3416,16.0084
3417,9.01686
3418,5.00843
3419,10.0084
3420,10.0169
3421,7.0253
3422,3.03373
3423,14.0084
3424,12.0084
3425,16.0084
3426,14.0084
3427,12.0169
3428,12.0084
3429,19.0084
3430,12.0169
3431,10.0253
3432,5.03373
3433,5.04216
3434,2.05059
3435,7.00843
3436,16.0084
3437,16.0169
3438,9.0253
3439,2.00843
3440,12.0084
3441,10.0169
3442,7.0253
3443,6.03373
3444,10.0084
3445,5.01687
3446,8.00843
3447,16.0084
3448,8.01686
3449,7.0253
3450,7.03373
3451,8.00843
3452,13.0084
3453,11.0169
3454,17.0084
3455,5.01687
3456,5.0253
3457,1.03373
3458,14.0084
3459,7.00843
3460,5.01687
3461,15.0084
3462,10.0169
3463,8.0253
3464,8.03373
3465,8.04216
3466,16.0084
3467,3.01687
3468,1.0253
3469,1.03373
3470,17.0084
3471,1.01686
3472,18.0084
3473,3.01687
3474,1.0253
3475,19.0084
3476,5.01687
3477,3.0253
3478,3.03373
3479,8.00843
3480,1.01686
3481,14.0084
3482,14.0169
3483,14.0253
3484,6.03373
3485,2.04216
3486,10.0084
3487,18.0084
3488,10.0169
3489,15.0084
3490,8.01686
3491,8.0253
3492,1.03373
3493,20.0084
3494,9.01686
3495,8.0253
3496,11.0084
3497,5.00843
3498,15.0084
3499,1.01686
3500,16.0084
3501,10.0169
3502,10.0253
3503,3.03373
3504,16.0084
3505,8.01686
3506,18.0084
3507,2.00843
3508,18.0084
3509,3.00843
3510,3.01687
3511,18.0084
3512,1.01686
3513,8.00843
3514,5.01687
3515,7.00843
3516,8.00843
3517,7.00843
3518,8.00843
3519,8.01686
3520,4.00843
3521,3.00843
3522,1.01686
3523,14.0084
3524,11.0169
3525,5.00843
3526,18.0084
3527,13.0169
3528,8.0253
3529,8.00843
3530,1.01686
3531,8.00843
3532,5.01687
3533,1.00843
3534,13.0084
3535,12.0169
3536,6.0253
3537,2.03373
3538,1.04216
3539,18.0084
3540,5.01687
3541,12.0084
3542,5.01687
3543,5.00843
3544,1.01686
3545,8.00843
3546,8.01686
3547,7.0253
3548,6.03373
3549,3.04216
3550,1.05059
3551,9.00843
3552,5.01687
3553,5.0253
3554,3.03373
3555,3.04216
3556,10.0084
3557,1.00843
3558,10.0084
3559,8.01686
3560,6.0253
3561,8.00843
3562,3.01687
3563,7.00843
3564,13.0084
3565,14.0084
3566,14.0169
3567,8.0253
3568,5.03373
3569,10.0084
3570,5.00843
3571,3.01687
3572,17.0084
3573,3.01687
3574,18.0084
3575,12.0084
3576,12.0169
3577,6.0253
3578,3.00843
3579,12.0084
3580,10.0169
3581,10.0253
3582,16.0084
3583,16.0084
3584,14.0169
3585,10.0253
3586,12.0084
3587,10.0169
3588,1.0253
3589,8.00843
3590,1.01686
3591,10.0084
3592,8.01686
3593,7.0253
3594,7.03373
3595,16.0084
3596,1.01686
3597,12.0084
3598,7.01687
3599,12.0084
3600,6.01687
3601,3.0253
3602,12.0084
3603,18.0084
3604,11.0169
3605,16.0084
3606,14.0169
3607,8.0253
3608,3.03373
3609,8.00843
3610,10.0084
3611,7.01687
3612,2.0253
3613,1.03373
3614,3.00843
3615,14.0084
3616,12.0169
3617,8.0253
3618,7.03373
3619,1.04216
3620,1.05059
3621,10.0084
3622,3.01687
3623,3.0253
3624,16.0084
3625,3.01687
3626,3.0253
3627,1.03373
3628,12.0084
3629,5.01687
3630,5.00843
3631,3.01687
3632,12.0084
3633,16.0084
3634,7.01687
3635,7.00843
3636,14.0084
3637,12.0169
3638,8.0253
3639,8.03373
3640,7.04216
3641,10.0084
3642,8.01686
3643,13.0084
3644,5.01687
3645,1.00843
3646,17.0084
3647,7.01687
3648,18.0084
3649,13.0169
3650,8.0253
3651,3.03373
3652,5.00843
3653,5.00843
3654,5.01687
3655,1.0253
3656,16.0084
3657,16.0084
3658,7.01687
3659,3.0253
3660,13.0084
3661,8.01686
3662,8.0253
3663,5.00843
3664,15.0084
3665,1.01686
3666,1.0253
3667,1.03373
3668,10.0084
3669,7.01687
3670,6.0253
3671,14.0084
3672,1.01686
3673,13.0084
3674,18.0084
3675,14.0169
3676,14.0253
3677,5.03373
3678,10.0084
3679,8.01686
3680,1.0253
3681,1.03373
3682,14.0084
3683,13.0169
3684,3.0253
3685,7.00843
3686,3.01687
3687,17.0084
3688,14.0169
3689,14.0253
3690,6.03373
3691,9.00843
3692,1.01686
3693,1.0253
3694,1.00843
3695,5.00843
3696,16.0084
3697,5.01687
3698,10.0084
3699,3.01687
3700,8.00843
3701,5.00843
3702,5.01687
3703,18.0084
3704,9.00843
3705,12.0084
3706,8.00843
3707,8.01686
3708,7.0253
3709,15.0084
3710,10.0169
3711,8.00843
3712,13.0084
3713,10.0169
3714,8.0253
3715,5.03373
3716,1.04216
3717,1.05059
3718,1.00843
3719,8.00843
3720,7.01687
3721,3.0253
3722,5.00843
3723,1.01686
3724,8.00843
3725,8.01686
3726,18.0084
3727,8.01686
3728,15.0084
3729,10.0169
3730,10.0253
3731,3.00843
3732,1.00843
3733,3.00843
3734,3.00843
3735,3.01687
3736,1.0253
3737,3.00843
3738,2.01687
3739,3.00843
3740,17.0084
3741,16.0169
3742,5.00843
3743,5.01687
3744,8.00843
3745,1.01686
3746,10.0084
3747,8.01686
3748,10.0084
3749,7.01687
3750,9.00843
3751,8.00843
3752,5.01687
3753,5.0253
3754,16.0084
3755,13.0169
3756,12.0253
3757,12.0337
3758,10.0422
3759,8.05059
3760,14.0084
3761,12.0169
3762,16.0084
3763,13.0169
3764,13.0253
3765,10.0337
3766,10.0422
3767,5.05059
3768,1.00843
3769,12.0084
3770,8.01686
3771,1.0253
3772,17.0084
3773,1.01686
3774,6.00843
3775,16.0084
3776,6.01687
3777,16.0084
3778,10.0169
3779,8.0253
3780,7.00843
3781,7.01687
3782,10.0084
3783,8.01686
3784,8.0253
3785,10.0084
3786,10.0169
3787,5.0253
3788,6.00843
3789,1.01686
3790,2.00843
3791,12.0084
3792,5.00843
3793,5.00843
3794,1.01686
3795,9.00843
3796,1.00843
3797,3.00843
3798,1.01686
3799,11.0084
3800,5.01687
3801,3.00843
3802,13.0084
3803,1.01686
3804,13.0084
3805,6.01687
3806,9.00843
3807,16.0084
3808,12.0169
3809,12.0084
3810,3.01687
3811,1.0253
3812,1.03373
3813,1.04216
3814,18.0084
3815,12.0169
3816,12.0253
3817,5.03373
3818,5.04216
3819,13.0084
3820,8.01686
3821,5.0253
3822,3.03373
3823,8.00843
3824,8.00843
3825,1.01686
3826,1.0253
3827,16.0084
3828,8.00843
3829,8.01686
3830,1.00843
3831,1.01686
3832,14.0084
3833,10.0169
3834,10.0253
3835,2.03373
3836,1.04216
3837,17.0084
3838,16.0084
3839,13.0169
3840,18.0084
3841,10.0169
3842,10.0253
3843,7.00843
3844,8.00843
3845,8.00843
3846,1.01686
3847,10.0084
3848,10.0084
3849,6.00843
3850,3.01687
3851,3.00843
3852,3.01687
3853,19.0084
3854,18.0169
3855,17.0253
3856,5.00843
3857,2.00843
3858,7.00843
3859,8.00843
3860,16.0084
3861,10.0169
3862,1.0253
3863,5.00843
3864,11.0084
3865,13.0084
3866,10.0084
3867,8.00843
3868,3.01687
3869,3.0253
3870,16.0084
3871,20.0084
3872,8.01686
3873,5.0253
3874,3.03373
3875,1.04216
3876,10.0084
3877,5.00843
3878,14.0084
3879,12.0169
3880,7.00843
3881,8.00843
3882,8.01686
3883,7.0253
3884,1.03373
3885,12.0084
3886,9.01686
3887,13.0084
3888,12.0169
3889,3.0253
3890,12.0084
3891,3.00843
3892,4.00843
3893,3.00843
3894,1.01686
3895,8.00843
3896,3.01687
3897,18.0084
3898,13.0169
3899,10.0253
3900,11.0084
3901,10.0169
3902,5.0253
3903,10.0084
3904,18.0084
3905,1.01686
3906,3.00843
3907,18.0084
3908,5.01687
3909,5.00843
3910,2.01687
3911,4.00843
3912,5.00843
3913,1.01686
3914,14.0084
3915,7.01687
3916,1.0253
3917,7.00843
3918,12.0084
3919,3.00843
3920,18.0084
3921,7.01687
3922,3.00843
3923,1.01686
3924,1.0253
3925,15.0084
3926,1.01686
3927,1.0253
3928,3.00843
3929,16.0084
3930,10.0169
3931,3.0253
3932,1.03373
3933,1.04216
3934,12.0084
3935,10.0169
3936,7.0253
3937,11.0084
3938,3.01687
3939,19.0084
3940,14.0169
3941,12.0253
3942,12.0337
3943,9.04216
3944,7.05059
3945,7.05903
3946,6.06746
3947,1.07589
3948,12.0084
3949,7.01687
3950,8.00843
3951,5.00843
3952,10.0084
3953,8.01686
3954,1.0253
3955,14.0084
3956,7.01687
3957,12.0084
3958,12.0169
3959,4.0253
3960,16.0084
3961,10.0169
3962,1.0253
3963,14.0084
3964,19.0084
3965,14.0169
3966,8.0253
3967,12.0084
3968,2.01687
3969,3.00843
3970,17.0084
3971,16.0169
3972,7.0253
3973,3.03373
3974,1.04216
3975,3.00843
3976,19.0084
3977,12.0169
3978,18.0084
3979,1.01686
3980,3.00843
3981,9.00843
3982,14.0084
3983,8.01686
3984,5.0253
3985,5.03373
3986,8.00843
3987,8.01686
3988,13.0084
3989,5.01687
3990,1.00843
3991,16.0084
3992,1.01686
3993,17.0084
3994,17.0084
3995,7.01687
3996,5.0253
3997,3.03373
3998,13.0084
3999,5.01687
4000,5.00843
4001,7.00843
4002,7.01687
4003,14.0084
4004,7.01687
4005,1.0253
4006,9.00843
4007,3.01687
4008,8.00843
4009,5.01687
4010,18.0084
4011,3.01687
4012,14.0084
4013,12.0169
4014,7.0253
4015,3.03373
4016,2.00843
4017,1.01686
4018,8.00843
4019,5.00843
4020,18.0084
4021,14.0169
4022,20.0084
4023,16.0084
4024,10.0169
4025,14.0084
4026,10.0169
4027,1.0253
4028,1.03373
4029,13.0084
4030,12.0169
4031,6.0253
4032,5.03373
4033,12.0084
4034,6.01687
4035,4.0253
4036,16.0084
4037,9.01686
4038,10.0084
4039,8.01686
4040,17.0084
4041,8.01686
4042,14.0084
4043,12.0169
4044,17.0084
4045,16.0084
4046,1.01686
4047,15.0084
4048,13.0169
4049,18.0084
4050,16.0169
4051,1.0253
4052,10.0084
4053,10.0169
4054,6.0253
4055,14.0084
4056,18.0084
4057,5.01687
4058,13.0084
4059,13.0169
4060,8.0253
4061,3.03373
4062,14.0084
4063,10.0169
4064,9.00843
4065,7.01687
4066,14.0084
4067,12.0169
4068,5.0253
4069,5.03373
4070,5.04216
4071,14.0084
4072,14.0169
4073,7.0253
4074,10.0084
4075,8.01686
4076,14.0084
4077,10.0084
4078,12.0084
4079,14.0084
4080,12.0169
4081,5.0253
4082,3.00843
4083,1.01686
4084,1.0253
4085,16.0084
4086,12.0169
4087,12.0253
4088,8.03373
4089,17.0084
4090,8.01686
4091,11.0084
4092,7.01687
4093,1.0253
4094,7.00843
4095,5.01687
4096,3.0253
4097,7.00843
4098,1.01686
4099,8.00843
4100,7.01687
4101,5.0253
4102,9.00843
4103,10.0084
4104,3.01687
4105,7.00843
4106,13.0084
4107,17.0084
4108,10.0084
4109,9.01686
4110,14.0084
4111,1.01686
4112,15.0084
4113,14.0084
4114,13.0169
4115,5.0253
4116,2.03373
4117,10.0084
4118,13.0084
4119,8.01686
4120,4.00843
4121,8.00843
4122,8.01686
4123,7.0253
4124,12.0084
4125,1.01686
4126,9.00843
4127,1.01686
4128,12.0084
4129,10.0084
4130,18.0084
4131,5.01687
4132,9.00843
4133,18.0084
4134,8.01686
4135,5.00843
4136,14.0084
4137,5.01687
4138,3.0253
4139,1.00843
4140,12.0084
4141,1.01686
4142,10.0084
4143,14.0084
4144,10.0169
4145,8.0253
4146,7.03373
4147,3.04216
4148,1.00843
4149,5.00843
4150,15.0084
4151,7.01687
4152,7.0253
4153,14.0084
4154,14.0169
4155,9.0253
4156,3.03373
4157,5.00843
4158,11.0084
4159,12.0084
4160,7.01687
4161,7.00843
4162,14.0084
4163,8.01686
4164,2.0253
4165,10.0084
4166,10.0169
4167,10.0253
4168,1.03373
4169,8.00843
4170,8.01686
4171,8.00843
4172,3.01687
4173,13.0084
4174,10.0169
4175,8.0253
4176,3.00843
4177,16.0084
4178,10.0084
4179,8.01686
4180,1.0253
4181,12.0084
4182,14.0084
4183,5.00843
4184,15.0084
4185,5.01687
4186,5.0253
4187,1.03373
4188,14.0084
4189,12.0169
4190,1.0253
4191,18.0084
4192,16.0169
4193,8.0253
4194,1.03373
4195,1.04216
4196,14.0084
4197,18.0084
4198,12.0169
4199,5.0253
4200,5.03373
4201,16.0084
4202,7.01687
4203,6.0253
4204,14.0084
4205,10.0084
4206,1.01686
4207,17.0084
4208,12.0169
4209,2.0253
4210,6.00843
4211,7.00843
4212,18.0084
4213,16.0169
4214,6.0253
4215,14.0084
4216,6.00843
4217,18.0084
4218,12.0169
4219,9.0253
4220,10.0084
4221,8.01686
4222,1.0253
4223,7.00843
4224,17.0084
4225,16.0084
4226,13.0169
4227,12.0084
4228,5.01687
4229,3.0253
4230,12.0084
4231,10.0169
4232,7.0253
4233,14.0084
4234,14.0169
4235,12.0253
4236,3.03373
4237,14.0084
4238,10.0084
4239,7.00843
4240,1.01686
4241,1.0253
4242,1.03373
4243,18.0084
4244,13.0169
4245,10.0253
4246,8.03373
4247,3.04216
4248,10.0084
4249,18.0084
4250,12.0084
4251,7.01687
4252,5.0253
4253,7.00843
4254,7.01687
4255,5.0253
4256,5.03373
4257,14.0084
4258,12.0169
4259,8.0253
4260,5.03373
4261,10.0084
4262,10.0084
4263,1.00843
4264,10.0084
4265,1.01686
4266,14.0084
4267,6.01687
4268,8.00843
4269,16.0084
4270,14.0169
4271,1.0253
4272,7.00843
4273,18.0084
4274,7.01687
4275,5.0253
4276,6.00843
4277,12.0084
4278,7.01687
4279,1.0253
4280,2.00843
4281,16.0084
4282,12.0169
4283,11.0253
4284,8.03373
4285,12.0084
4286,5.01687
4287,5.0253
4288,5.00843
4289,11.0084
4290,7.01687
4291,10.0084
4292,10.0169
4293,8.0253
4294,8.03373
4295,8.04216
4296,3.00843
4297,1.00843
4298,10.0084
4299,5.00843
4300,5.01687
4301,16.0084
4302,10.0084
4303,10.0169
4304,7.0253
4305,1.03373
4306,19.0084
4307,16.0169
4308,8.00843
4309,5.01687
4310,5.0253
4311,1.03373
4312,1.00843
4313,14.0084
4314,8.01686
4315,18.0084
4316,14.0169
4317,14.0253
4318,7.00843
4319,6.01687
4320,6.0253
4321,14.0084
4322,1.01686
4323,12.0084
4324,13.0084
4325,7.00843
4326,5.01687
4327,2.0253
4328,15.0084
4329,7.01687
4330,3.0253
4331,12.0084
4332,16.0084
4333,14.0169
4334,10.0253
4335,10.0337
4336,8.04216
4337,7.05059
4338,5.05903
4339,3.06746
4340,3.07589
4341,14.0084
4342,18.0084
4343,5.01687
4344,16.0084
4345,13.0169
4346,12.0253
4347,10.0337
4348,9.04216
4349,8.05059
4350,1.05903
4351,12.0084
4352,3.00843
4353,15.0084
4354,12.0169
4355,8.0253
4356,8.03373
4357,2.04216
4358,15.0084
4359,15.0084
4360,2.01687
4361,12.0084
4362,8.01686
4363,3.0253
4364,1.03373
4365,7.00843
4366,20.0084
4367,8.01686
4368,8.0253
4369,8.03373
4370,10.0084
4371,16.0084
4372,14.0169
4373,12.0084
4374,8.01686
4375,6.0253
4376,3.03373
4377,18.0084
4378,9.00843
4379,8.01686
4380,5.0253
4381,1.00843
4382,15.0084
4383,13.0169
4384,9.00843
4385,19.0084
4386,1.01686
4387,3.00843
4388,2.01687
4389,20.0084
4390,13.0169
4391,3.0253
4392,5.00843
4393,5.01687
4394,1.0253
4395,8.00843
4396,7.01687
4397,3.0253
4398,1.03373
4399,1.04216
4400,3.00843
4401,17.0084
4402,3.01687
4403,1.0253
4404,12.0084
4405,10.0169
4406,18.0084
4407,8.01686
4408,16.0084
4409,16.0169
4410,10.0253
4411,2.03373
4412,1.04216
4413,5.00843
4414,5.01687
4415,14.0084
4416,17.0084
4417,15.0169
4418,7.0253
4419,16.0084
4420,1.01686
4421,18.0084
4422,10.0169
4423,20.0084
4424,18.0169
4425,10.0253
4426,10.0337
4427,9.04216
4428,6.05059
4429,8.00843
4430,1.01686
4431,12.0084
4432,10.0169
4433,5.0253
4434,12.0084
4435,2.01687
4436,3.00843
4437,15.0084
4438,14.0169
4439,9.0253
4440,8.03373
4441,2.04216
4442,18.0084
4443,17.0084
4444,16.0169
4445,10.0253
4446,11.0084
4447,8.01686
4448,7.0253
4449,18.0084
4450,7.01687
4451,10.0084
4452,1.01686
4453,10.0084
4454,14.0084
4455,3.01687
4456,2.0253
4457,12.0084
4458,1.01686
4459,13.0084
4460,8.01686
4461,12.0084
4462,18.0084
4463,9.01686
4464,13.0084
4465,13.0169
4466,7.00843
4467,10.0084
4468,14.0084
4469,7.01687
4470,7.0253
4471,14.0084
4472,1.01686
4473,1.00843
4474,16.0084
4475,14.0169
4476,12.0084
4477,12.0169
4478,5.0253
4479,3.03373
4480,3.00843
4481,18.0084
4482,1.01686
4483,8.00843
4484,7.01687
4485,7.00843
4486,7.01687
4487,17.0084
4488,16.0169
4489,10.0253
4490,12.0084
4491,1.01686
4492,13.0084
4493,2.01687
4494,7.00843
4495,20.0084
4496,13.0169
4497,8.00843
4498,5.01687
4499,6.00843
4500,3.00843
4501,3.01687
4502,17.0084
4503,12.0169
4504,12.0253
4505,10.0084
4506,17.0084
4507,16.0169
4508,7.0253
4509,7.03373
4510,4.00843
4511,1.01686
4512,18.0084
4513,5.01687
4514,12.0084
4515,10.0169
4516,3.0253
4517,3.03373
4518,11.0084
4519,5.01687
4520,18.0084
4521,3.00843
4522,16.0084
4523,10.0169
4524,12.0084
4525,12.0084
4526,7.00843
4527,9.00843
4528,6.01687
4529,16.0084
4530,12.0169
4531,10.0253
4532,7.03373
4533,10.0084
4534,10.0169
4535,3.0253
4536,8.00843
4537,18.0084
4538,4.01687
4539,1.0253
4540,5.00843
4541,2.01687
4542,12.0084
4543,10.0169
4544,7.0253
4545,6.03373
4546,12.0084
4547,8.01686
4548,5.0253
4549,1.03373
4550,18.0084
4551,14.0169
4552,16.0084
4553,3.01687
4554,12.0084
4555,7.00843
4556,5.01687
4557,5.0253
4558,18.0084
4559,14.0084
4560,5.01687
4561,20.0084
4562,20.0169
4563,16.0253
4564,8.03373
4565,16.0084
4566,13.0169
4567,14.0084
4568,14.0169
4569,13.0253
4570,3.03373
4571,2.04216
4572,19.0084
4573,18.0169
4574,11.0253
4575,3.00843
4576,10.0084
4577,8.01686
4578,5.0253
4579,10.0084
4580,3.01687
4581,10.0084
4582,10.0169
4583,5.0253
4584,15.0084
4585,1.01686
4586,20.0084
4587,8.01686
4588,17.0084
4589,10.0169
4590,3.00843
4591,18.0084
4592,14.0169
4593,12.0253
4594,9.03373
4595,5.04216
4596,5.05059
4597,5.05903
4598,2.06746
4599,10.0084
4600,10.0169
4601,19.0084
4602,14.0169
4603,1.00843
4604,8.00843
4605,6.01687
4606,3.00843
4607,15.0084
4608,10.0169
4609,10.0084
4610,1.00843
4611,14.0084
4612,5.01687
4613,1.0253
4614,12.0084
4615,12.0084
4616,14.0084
4617,8.01686
4618,8.0253
4619,1.03373
4620,2.00843
4621,16.0084
4622,10.0169
4623,10.0253
4624,6.03373
4625,1.04216
4626,18.0084
4627,13.0169
4628,9.0253
4629,12.0084
4630,5.01687
4631,4.0253
4632,3.03373
4633,5.00843
4634,7.00843
4635,5.01687
4636,3.0253
4637,13.0084
4638,7.01687
4639,17.0084
4640,10.0169
4641,10.0253
4642,8.03373
4643,10.0084
4644,1.01686
4645,7.00843
4646,14.0084
4647,10.0169
4648,3.0253
4649,3.03373
4650,1.04216
4651,10.0084
4652,13.0084
4653,13.0084
4654,18.0084
4655,18.0169
4656,8.0253
4657,6.03373
4658,7.00843
4659,1.01686
4660,12.0084
4661,5.00843
4662,5.00843
4663,5.01687
4664,1.0253
4665,5.00843
4666,1.00843
4667,17.0084
4668,10.0169
4669,8.0253
4670,6.00843
4671,5.01687
4672,3.0253
4673,5.00843
4674,3.00843
4675,3.00843
4676,18.0084
4677,10.0169
4678,8.0253
4679,1.00843
4680,14.0084
4681,14.0084
4682,12.0169
4683,8.00843
4684,16.0084
4685,12.0169
4686,1.00843
4687,14.0084
4688,12.0169
4689,12.0253
4690,12.0084
4691,2.01687
4692,14.0084
4693,4.01687
4694,17.0084
4695,5.01687
4696,8.00843
4697,10.0084
4698,8.01686
4699,7.00843
4700,12.0084
4701,8.00843
4702,3.01687
4703,3.0253
4704,1.03373
4705,18.0084
4706,10.0169
4707,7.0253
4708,12.0084
4709,8.00843
4710,7.00843
4711,1.01686
4712,1.0253
4713,1.03373
4714,1.04216
4715,18.0084
4716,13.0169
4717,10.0253
4718,10.0337
4719,3.04216
4720,18.0084
4721,2.01687
4722,12.0084
4723,5.01687
4724,1.0253
4725,13.0084
4726,13.0169
4727,7.0253
4728,19.0084
4729,12.0169
4730,7.0253
4731,14.0084
4732,17.0084
4733,9.01686
4734,6.0253
4735,5.03373
4736,2.04216
4737,18.0084
4738,9.00843
4739,7.01687
4740,1.0253
4741,12.0084
4742,10.0169
4743,14.0084
4744,14.0169
4745,10.0253
4746,1.03373
4747,12.0084
4748,12.0169
4749,10.0253
4750,10.0337
4751,13.0084
4752,8.01686
4753,1.0253
4754,14.0084
4755,20.0084
4756,14.0169
4757,18.0084
4758,10.0169
4759,8.0253
4760,18.0084
4761,7.00843
4762,3.01687
4763,10.0084
4764,10.0169
4765,7.0253
4766,12.0084
4767,6.00843
4768,1.01686
4769,1.00843
4770,8.00843
4771,5.01687
4772,18.0084
4773,13.0169
4774,10.0253
4775,7.00843
4776,3.01687
4777,8.00843
4778,7.00843
4779,1.01686
4780,8.00843
4781,4.01687
4782,5.00843
4783,10.0084
4784,7.00843
4785,3.00843
4786,3.01687
4787,3.0253
4788,10.0084
4789,5.01687
4790,12.0084
4791,3.00843
4792,1.01686
4793,14.0084
4794,1.01686
4795,3.00843
4796,14.0084
4797,5.01687
4798,4.0253
4799,3.03373
4800,17.0084
4801,5.01687
4802,5.0253
4803,1.03373
4804,12.0084
4805,6.01687
4806,5.0253
4807,12.0084
4808,12.0169
4809,8.0253
4810,7.03373
4811,13.0084
4812,8.01686
4813,8.00843
4814,3.01687
4815,1.0253
4816,1.03373
4817,17.0084
4818,3.00843
4819,10.0084
4820,10.0084
4821,8.00843
4822,6.01687
4823,9.00843
4824,7.00843
4825,17.0084
4826,10.0169
4827,17.0084
4828,15.0169
4829,8.0253
4830,1.00843
4831,12.0084
4832,12.0169
4833,3.0253
4834,12.0084
4835,8.01686
4836,7.00843
4837,5.01687
4838,5.00843
4839,7.00843
4840,8.00843
4841,12.0084
4842,9.01686
4843,3.0253
4844,3.03373
4845,10.0084
4846,16.0084
4847,12.0169
4848,10.0253
4849,1.00843
4850,13.0084
4851,7.01687
4852,14.0084
4853,1.01686
4854,10.0084
4855,10.0169
4856,4.00843
4857,1.01686
4858,1.0253
4859,12.0084
4860,13.0084
4861,15.0084
4862,16.0084
4863,8.00843
4864,5.00843
4865,5.00843
4866,8.00843
4867,7.01687
4868,14.0084
4869,10.0169
4870,1.0253
4871,13.0084
4872,1.00843
4873,15.0084
4874,10.0084
4875,9.00843
4876,8.01686
4877,5.0253
4878,12.0084
4879,10.0084
4880,5.01687
4881,12.0084
4882,12.0084
4883,15.0084
4884,5.01687
4885,5.0253
4886,3.03373
4887,1.04216
4888,1.05059
4889,10.0084
4890,3.00843
4891,18.0084
4892,13.0169
4893,13.0253
4894,12.0337
4895,6.00843
4896,6.01687
4897,7.00843
4898,1.01686
4899,8.00843
4900,8.01686
4901,3.0253
4902,9.00843
4903,3.01687
4904,1.0253
4905,1.03373
4906,10.0084
4907,13.0084
4908,13.0169
4909,5.0253
4910,5.03373
4911,3.04216
4912,3.05059
4913,16.0084
4914,5.01687
4915,5.0253
4916,14.0084
4917,13.0169
4918,6.0253
4919,5.03373
4920,16.0084
4921,8.01686
4922,17.0084
4923,10.0169
4924,1.0253
4925,16.0084
4926,5.01687
4927,12.0084
4928,10.0169
4929,10.0253
4930,12.0084
4931,13.0084
4932,14.0084
4933,7.01687
4934,16.0084
4935,14.0169
4936,17.0084
4937,16.0169
4938,9.0253
4939,16.0084
4940,16.0169
4941,18.0084
4942,12.0084
4943,5.01687
4944,1.00843
4945,7.00843
4946,3.01687
4947,1.0253
4948,1.03373
4949,1.04216
4950,9.00843
4951,1.01686
4952,6.00843
4953,5.01687
4954,7.00843
4955,5.01687
4956,14.0084
4957,5.01687
4958,14.0084
4959,6.01687
4960,6.0253
4961,11.0084
4962,10.0169
4963,3.0253
4964,18.0084
4965,16.0169
4966,14.0084
4967,13.0169
4968,8.00843
4969,7.00843
4970,9.00843
4971,14.0084
4972,8.00843
4973,1.01686
4974,16.0084
4975,20.0084
4976,3.01687
4977,18.0084
4978,1.01686
4979,3.00843
4980,1.01686
4981,6.00843
4982,4.01687
4983,7.00843
4984,7.01687
4985,7.0253
4986,4.03373
4987,1.04216
4988,1.00843
4989,10.0084
4990,1.01686
4991,5.00843
4992,3.01687
4993,6.00843
4994,6.01687
4995,5.0253
4996,3.03373
4997,19.0084
4998,14.0169
4999,14.0253
5000,14.0337
5001,13.0422
5002,12.0506
5003,12.059
5004,7.06746
5005,8.00843
5006,17.0084
5007,10.0169
5008,10.0253
5009,10.0337
5010,3.04216
5011,3.05059
5012,18.0084
5013,16.0084
5014,12.0169
5015,10.0253
5016,10.0084
5017,5.01687
5018,1.0253
5019,15.0084
5020,14.0169
5021,7.0253
5022,6.03373
5023,8.00843
5024,6.00843
5025,3.01687
5026,14.0084
5027,10.0169
5028,10.0253
5029,8.03373
5030,1.04216
5031,6.00843
5032,5.01687
5033,7.00843
5034,7.01687
5035,7.00843
5036,5.01687
5037,5.0253
5038,5.03373
5039,12.0084
5040,5.01687
5041,14.0084
5042,17.0084
5043,19.0084
5044,17.0169
5045,12.0084
5046,8.01686
5047,14.0084
5048,4.01687
5049,3.0253
5050,3.00843
5051,17.0084
5052,14.0169
5053,9.0253
5054,16.0084
5055,6.01687
5056,8.00843
5057,10.0084
5058,3.01687
5059,10.0084
5060,7.01687
5061,7.0253
5062,3.03373
5063,9.00843
5064,16.0084
5065,14.0169
5066,8.00843
5067,10.0084
5068,9.01686
5069,12.0084
5070,1.00843
5071,19.0084
5072,16.0169
5073,3.0253
5074,10.0084
5075,10.0169
5076,6.0253
5077,3.00843
5078,8.00843
5079,5.01687
5080,2.0253
5081,12.0084
5082,16.0084
5083,10.0169
5084,10.0253
5085,3.03373
5086,3.04216
5087,16.0084
5088,5.01687
5089,10.0084
5090,10.0169
5091,7.0253
5092,8.00843
5093,5.01687
5094,1.0253
5095,16.0084
5096,13.0169
5097,10.0084
5098,10.0169
5099,1.0253
5100,6.00843
5101,1.01686
5102,1.00843
5103,10.0084
5104,8.01686
5105,8.0253
5106,3.03373
5107,10.0084
5108,1.01686
5109,5.00843
5110,1.01686
5111,20.0084
5112,16.0169
5113,8.0253
5114,12.0084
5115,15.0084
5116,7.01687
5117,5.0253
5118,10.0084
5119,13.0084
5120,7.01687
5121,7.0253
5122,3.00843
5123,1.01686
5124,1.0253
5125,1.00843
5126,14.0084
5127,12.0169
5128,8.0253
5129,3.03373
5130,12.0084
5131,12.0169
5132,4.0253
5133,8.00843
5134,7.01687
5135,18.0084
5136,1.00843
5137,10.0084
5138,1.01686
5139,20.0084
5140,12.0169
5141,1.00843
5142,13.0084
5143,5.01687
5144,20.0084
5145,18.0169
5146,7.00843
5147,10.0084
5148,3.01687
5149,13.0084
5150,12.0084
5151,9.01686
5152,1.0253
5153,9.00843
5154,7.01687
5155,1.0253
5156,19.0084
5157,3.01687
5158,2.0253
5159,15.0084
5160,14.0169
5161,7.0253
5162,3.03373
5163,17.0084
5164,10.0169
5165,10.0253
5166,8.03373
5167,5.04216
5168,5.05059
5169,2.05903
5170,17.0084
5171,9.01686
5172,5.0253
5173,2.03373
5174,10.0084
5175,13.0084
5176,13.0169
5177,5.0253
5178,8.00843
5179,8.01686
5180,4.0253
5181,12.0084
5182,3.01687
5183,3.0253
5184,3.03373
5185,20.0084
5186,12.0169
5187,8.0253
5188,16.0084
5189,7.00843
5190,8.00843
5191,3.01687
5192,9.00843
5193,17.0084
5194,10.0169
5195,10.0253
5196,3.03373
5197,1.04216
5198,1.05059
5199,8.00843
5200,8.01686
5201,6.0253
5202,18.0084
5203,3.01687
5204,5.00843
5205,5.00843
5206,8.00843
5207,7.01687
5208,16.0084
5209,13.0169
5210,13.0253
5211,8.03373
5212,5.04216
5213,8.00843
5214,16.0084
5215,16.0169
5216,1.0253
5217,13.0084
5218,12.0084
5219,8.01686
5220,5.0253
5221,14.0084
5222,8.01686
5223,15.0084
5224,5.01687
5225,15.0084
5226,5.01687
5227,8.00843
5228,2.01687
5229,18.0084
5230,12.0169
5231,12.0253
5232,3.03373
5233,3.04216
5234,13.0084
5235,5.01687
5236,1.0253
5237,1.03373
5238,1.04216
5239,8.00843
5240,10.0084
5241,1.00843
5242,5.00843
5243,1.00843
5244,5.00843
5245,9.00843
5246,2.01687
5247,10.0084
5248,8.00843
5249,12.0084
5250,5.01687
5251,5.0253
5252,3.03373
5253,17.0084
5254,18.0084
5255,17.0169
5256,5.0253
5257,19.0084
5258,3.01687
5259,12.0084
5260,12.0084
5261,11.0169
5262,8.0253
5263,12.0084
5264,1.01686
5265,1.0253
5266,10.0084
5267,5.00843
5268,16.0084
5269,8.00843
5270,6.01687
5271,16.0084
5272,12.0169
5273,14.0084
5274,1.00843
5275,15.0084
5276,5.00843
5277,16.0084
5278,18.0084
5279,16.0169
5280,2.00843
5281,12.0084
5282,18.0084
5283,7.01687
5284,16.0084
5285,5.01687
5286,1.0253
5287,8.00843
5288,8.00843
5289,5.00843
5290,5.01687
5291,13.0084
5292,9.01686
5293,8.0253
5294,3.03373
5295,5.00843
5296,5.01687
5297,10.0084
5298,8.01686
5299,19.0084
5300,14.0169
5301,14.0253
5302,10.0337
5303,7.04216
5304,7.05059
5305,7.05903
5306,1.00843
5307,16.0084
5308,15.0084
5309,5.01687
5310,12.0084
5311,5.01687
5312,5.0253
5313,13.0084
5314,10.0169
5315,5.0253
5316,8.00843
5317,1.01686
5318,1.0253
5319,1.03373
5320,20.0084
5321,14.0169
5322,8.0253
5323,2.03373
5324,16.0084
5325,16.0169
5326,3.0253
5327,13.0084
5328,12.0169
5329,10.0084
5330,7.00843
5331,7.00843
5332,7.00843
5333,18.0084
5334,3.01687
5335,18.0084
5336,8.01686
5337,1.0253
5338,14.0084
5339,5.01687
5340,7.00843
5341,16.0084
5342,8.01686
5343,3.0253
5344,8.00843
5345,1.01686
5346,10.0084
5347,10.0169
5348,9.0253
5349,18.0084
5350,17.0169
5351,8.0253
5352,3.03373
5353,12.0084
5354,12.0084
5355,8.01686
5356,4.00843
5357,16.0084
5358,13.0169
5359,5.0253
5360,1.00843
5361,18.0084
5362,12.0169
5363,14.0084
5364,15.0084
5365,14.0169
5366,6.0253
5367,5.00843
5368,1.00843
5369,13.0084
5370,18.0084
5371,11.0169
5372,10.0253
5373,5.03373
5374,10.0084
5375,14.0084
5376,12.0169
5377,18.0084
5378,8.01686
5379,1.0253
5380,1.03373
5381,15.0084
5382,12.0084
5383,5.01687
5384,3.00843
5385,3.01687
5386,3.0253
5387,9.00843
5388,10.0084
5389,2.00843
5390,10.0084
5391,8.01686
5392,16.0084
5393,10.0169
5394,8.0253
5395,12.0084
5396,10.0169
5397,18.0084
5398,15.0169
5399,10.0253
5400,10.0337
5401,1.00843
5402,1.01686
5403,1.0253
5404,6.00843
5405,14.0084
5406,7.01687
5407,3.0253
5408,3.03373
5409,1.04216
5410,1.05059
5411,12.0084
5412,5.00843
5413,4.01687
5414,1.0253
5415,13.0084
5416,3.01687
5417,18.0084
5418,12.0169
5419,5.0253
5420,3.03373
5421,10.0084
5422,8.01686
5423,5.0253
5424,5.03373
5425,10.0084
5426,7.01687
5427,5.0253
5428,2.03373
5429,5.00843
5430,1.01686
5431,12.0084
5432,3.01687
5433,16.0084
5434,12.0084
5435,8.01686
5436,1.00843
5437,15.0084
5438,8.01686
5439,5.0253
5440,3.03373
5441,3.04216
5442,18.0084
5443,14.0169
5444,5.00843
5445,12.0084
5446,6.01687
5447,19.0084
5448,1.01686
5449,9.00843
5450,9.01686
5451,8.0253
5452,17.0084
5453,5.01687
5454,3.0253
5455,3.00843
5456,12.0084
5457,6.01687
5458,5.00843
5459,1.00843
5460,18.0084
5461,10.0084
5462,1.01686
5463,14.0084
5464,5.01687
5465,12.0084
5466,1.01686
5467,12.0084
5468,16.0084
5469,13.0169
5470,8.0253
5471,5.00843
5472,17.0084
5473,14.0169
5474,10.0084
5475,8.01686
5476,1.00843
5477,3.00843
5478,10.0084
5479,5.01687
5480,1.0253
5481,1.03373
5482,13.0084
5483,7.01687
5484,10.0084
5485,5.01687
5486,5.0253
5487,1.03373
5488,3.00843
5489,1.01686
5490,1.0253
5491,14.0084
5492,7.00843
5493,5.01687
5494,5.0253
5495,5.03373
5496,12.0084
5497,6.01687
5498,3.0253
5499,18.0084
5500,6.01687
5501,10.0084
5502,8.01686
5503,1.0253
5504,9.00843
5505,12.0084
5506,10.0169
5507,19.0084
5508,12.0169
5509,2.0253
5510,2.03373
5511,3.00843
5512,13.0084
5513,12.0169
5514,8.0253
5515,18.0084
5516,8.01686
5517,1.0253
5518,16.0084
5519,8.01686
5520,7.0253
5521,8.00843
5522,1.00843
5523,7.00843
5524,12.0084
5525,8.01686
5526,8.00843
5527,2.01687
5528,2.0253
5529,5.00843
5530,1.01686
5531,18.0084
5532,5.01687
5533,5.00843
5534,14.0084
5535,10.0169
5536,6.0253
5537,10.0084
5538,10.0169
5539,12.0084
5540,12.0169
5541,9.0253
5542,7.00843
5543,16.0084
5544,17.0084
5545,16.0169
5546,8.0253
5547,8.03373
5548,17.0084
5549,10.0169
5550,5.0253
5551,17.0084
5552,10.0169
5553,12.0084
5554,16.0084
5555,15.0084
5556,5.00843
5557,14.0084
5558,8.01686
5559,14.0084
5560,1.01686
5561,1.00843
5562,13.0084
5563,3.01687
5564,5.00843
5565,20.0084
5566,9.01686
5567,5.0253
5568,5.03373
5569,16.0084
5570,16.0169
5571,13.0253
5572,10.0337
5573,7.04216
5574,7.00843
5575,12.0084
5576,18.0084
5577,16.0169
5578,14.0084
5579,5.01687
5580,16.0084
5581,16.0169
5582,1.0253
5583,16.0084
5584,8.00843
5585,5.01687
5586,13.0084
5587,9.00843
5588,11.0084
5589,8.00843
5590,1.01686
5591,2.00843
5592,5.00843
5593,13.0084
5594,8.01686
5595,14.0084
5596,16.0084
5597,7.00843
5598,10.0084
5599,8.01686
5600,5.00843
5601,3.01687
5602,7.00843
5603,11.0084
5604,10.0084
5605,7.00843
5606,5.01687
5607,14.0084
5608,13.0169
5609,1.00843
5610,12.0084
5611,10.0169
5612,8.0253
5613,3.00843
5614,3.01687
5615,12.0084
5616,10.0169
5617,7.0253
5618,8.00843
5619,8.00843
5620,8.00843
5621,8.01686
5622,8.0253
5623,14.0084
5624,3.01687
5625,5.00843
5626,5.01687
5627,18.0084
5628,12.0169
5629,3.0253
5630,18.0084
5631,1.00843
5632,1.01686
5633,18.0084
5634,15.0169
5635,12.0253
5636,12.0337
5637,5.00843
5638,3.00843
5639,9.00843
5640,7.01687
5641,1.00843
5642,14.0084
5643,16.0084
5644,5.01687
5645,1.0253
5646,1.03373
5647,18.0084
5648,19.0084
5649,14.0084
5650,8.00843
5651,3.00843
5652,1.01686
5653,1.0253
5654,14.0084
5655,10.0084
5656,5.01687
5657,3.0253
5658,8.00843
5659,3.01687
5660,8.00843
5661,7.01687
5662,8.00843
5663,1.00843
5664,1.01686
5665,13.0084
5666,7.01687
5667,7.0253
5668,14.0084
5669,1.01686
5670,1.0253
5671,4.00843
5672,4.01687
5673,1.0253
5674,8.00843
5675,5.01687
5676,5.0253
5677,2.03373
5678,14.0084
5679,10.0169
5680,3.0253
5681,3.00843
5682,16.0084
5683,8.01686
5684,20.0084
5685,15.0084
5686,8.01686
5687,3.0253
5688,8.00843
5689,8.01686
5690,1.0253
5691,12.0084
5692,10.0169
5693,8.0253
5694,18.0084
5695,10.0169
5696,10.0253
5697,2.03373
5698,14.0084
5699,1.01686
5700,13.0084
5701,12.0169
5702,5.0253
5703,1.03373
5704,16.0084
5705,13.0169
5706,3.00843
5707,18.0084
5708,16.0169
5709,12.0253
5710,12.0337
5711,6.04216
5712,16.0084
5713,6.00843
5714,8.00843
5715,12.0084
5716,8.01686
5717,20.0084
5718,1.01686
5719,13.0084
5720,8.00843
5721,8.00843
5722,14.0084
5723,14.0169
5724,15.0084
5725,15.0169
5726,3.0253
5727,18.0084
5728,19.0084
5729,7.01687
5730,8.00843
5731,3.00843
5732,14.0084
5733,12.0169
5734,8.0253
5735,1.03373
5736,1.04216
5737,18.0084
5738,5.01687
5739,8.00843
5740,1.00843
5741,1.00843
5742,14.0084
5743,3.01687
5744,12.0084
5745,5.00843
5746,5.01687
5747,10.0084
5748,15.0084
5749,16.0084
5750,7.01687
5751,3.0253
5752,2.00843
5753,6.00843
5754,4.01687
5755,3.0253
5756,13.0084
5757,10.0084
5758,8.01686
5759,7.0253
5760,6.03373
5761,5.04216
5762,2.05059
5763,8.00843
5764,2.00843
5765,10.0084
5766,5.01687
5767,1.0253
5768,1.03373
5769,6.00843
5770,5.01687
5771,7.00843
5772,8.00843
5773,3.01687
5774,5.00843
5775,5.00843
5776,7.00843
5777,6.01687
5778,1.0253
5779,16.0084
5780,8.01686
5781,8.0253
5782,3.03373
5783,1.04216
5784,1.05059
5785,1.05903
5786,1.06746
5787,16.0084
5788,8.01686
5789,2.0253
5790,2.03373
5791,1.04216
5792,17.0084
5793,14.0169
5794,12.0084
5795,5.01687
5796,5.0253
5797,1.03373
5798,8.00843
5799,3.01687
5800,14.0084
5801,10.0169
5802,6.0253
5803,6.03373
5804,1.04216
5805,8.00843
5806,2.00843
5807,6.00843
5808,5.01687
5809,5.0253
5810,1.03373
5811,18.0084
5812,6.01687
5813,1.0253
5814,14.0084
5815,12.0169
5816,12.0253
5817,13.0084
5818,8.01686
5819,2.0253
5820,15.0084
5821,14.0169
5822,6.0253
5823,10.0084
5824,10.0169
5825,11.0084
5826,19.0084
5827,15.0169
5828,14.0253
5829,7.03373
5830,10.0084
5831,16.0084
5832,14.0169
5833,10.0084
5834,19.0084
5835,10.0169
5836,7.00843
5837,8.00843
5838,3.00843
5839,1.00843
5840,1.01686
5841,3.00843
5842,8.00843
5843,3.01687
5844,14.0084
5845,10.0169
5846,5.00843
5847,1.01686
5848,8.00843
5849,8.01686
5850,9.00843
5851,1.01686
5852,1.0253
5853,16.0084
5854,10.0169
5855,5.0253
5856,13.0084
5857,8.01686
5858,1.0253
5859,14.0084
5860,13.0169
5861,8.0253
5862,1.03373
5863,1.04216
5864,16.0084
5865,7.01687
5866,7.0253
5867,3.03373
5868,3.04216
5869,8.00843
5870,5.00843
5871,1.01686
5872,1.0253
5873,8.00843
5874,10.0084
5875,8.00843
5876,1.01686
5877,1.00843
5878,7.00843
5879,18.0084
5880,8.01686
5881,5.00843
5882,12.0084
5883,17.0084
5884,13.0169
5885,6.0253
5886,1.03373
5887,1.04216
5888,8.00843
5889,1.00843
5890,16.0084
5891,9.01686
5892,5.00843
5893,5.01687
5894,1.00843
5895,2.00843
5896,8.00843
5897,1.01686
5898,1.0253
5899,4.00843
5900,10.0084
5901,5.01687
5902,20.0084
5903,9.01686
5904,8.0253
5905,7.03373
5906,3.00843
5907,12.0084
5908,8.01686
5909,8.0253
5910,5.00843
5911,20.0084
5912,16.0169
5913,10.0084
5914,8.01686
5915,5.00843
5916,5.01687
5917,3.00843
5918,2.01687
5919,7.00843
5920,7.01687
5921,3.0253
5922,1.03373
5923,5.00843
5924,3.01687
5925,1.0253
5926,16.0084
5927,10.0169
5928,14.0084
5929,12.0169
5930,8.0253
5931,6.03373
5932,5.04216
5933,12.0084
5934,15.0084
5935,3.00843
5936,17.0084
5937,12.0169
5938,6.0253
5939,5.03373
5940,12.0084
5941,3.01687
5942,7.00843
5943,5.00843
5944,12.0084
5945,5.01687
5946,5.0253
5947,3.03373
5948,1.04216
5949,1.00843
5950,13.0084
5951,20.0084
5952,8.01686
5953,8.0253
5954,8.03373
5955,8.04216
5956,3.05059
5957,1.05903
5958,16.0084
5959,14.0169
5960,5.00843
5961,12.0084
5962,12.0169
5963,1.0253
5964,19.0084
5965,13.0169
5966,10.0253
5967,13.0084
5968,13.0169
5969,7.00843
5970,8.00843
5971,8.01686
5972,8.0253
5973,5.00843
5974,5.01687
5975,7.00843
5976,1.00843
5977,15.0084
5978,5.00843
5979,12.0084
5980,5.01687
5981,18.0084
5982,1.01686
5983,2.00843
5984,9.00843
5985,1.01686
5986,1.0253
5987,13.0084
5988,3.01687
5989,8.00843
5990,6.01687
5991,13.0084
5992,8.01686
5993,16.0084
5994,6.00843
5995,1.01686
5996,1.0253
5997,16.0084
5998,18.0084
5999,3.01687
6000,18.0084
6001,12.0169
6002,12.0253
6003,5.00843
6004,14.0084
6005,1.01686
6006,14.0084
6007,11.0169
6008,7.0253
6009,18.0084
6010,17.0169
6011,8.0253
6012,12.0084
6013,6.01687
6014,17.0084
6015,7.01687
6016,5.0253
6017,13.0084
6018,10.0169
6019,5.00843
6020,3.01687
6021,1.00843
6022,14.0084
6023,5.01687
6024,14.0084
6025,12.0169
6026,11.0253
6027,19.0084
6028,10.0169
6029,5.0253
6030,1.03373
6031,12.0084
6032,7.00843
6033,7.01687
6034,17.0084
6035,15.0169
6036,14.0084
6037,8.01686
6038,8.0253
6039,12.0084
6040,6.01687
6041,18.0084
6042,8.01686
6043,3.0253
6044,1.03373
6045,13.0084
6046,11.0169
6047,13.0084
6048,1.01686
6049,10.0084
6050,15.0084
6051,12.0169
6052,17.0084
6053,13.0169
6054,12.0253
6055,6.03373
6056,5.04216
6057,3.00843
6058,4.00843
6059,10.0084
6060,1.01686
6061,10.0084
6062,8.01686
6063,8.00843
6064,1.01686
6065,6.00843
6066,8.00843
6067,8.01686
6068,5.0253
6069,16.0084
6070,15.0169
6071,12.0253
6072,12.0337
6073,8.04216
6074,3.05059
6075,7.00843
6076,18.0084
6077,18.0169
6078,14.0253
6079,14.0337
6080,10.0422
6081,5.05059
6082,8.00843
6083,6.01687
6084,12.0084
6085,1.01686
6086,10.0084
6087,7.01687
6088,3.00843
6089,12.0084
6090,8.01686
6091,18.0084
6092,12.0169
6093,10.0253
6094,7.03373
6095,5.04216
6096,14.0084
6097,14.0169
6098,18.0084
6099,17.0084
6100,16.0169
6101,1.0253
6102,12.0084
6103,14.0084
6104,10.0169
6105,6.0253
6106,5.03373
6107,2.04216
6108,12.0084
6109,3.01687
6110,16.0084
6111,5.01687
6112,5.0253
6113,1.03373
6114,1.04216
6115,1.05059
6116,5.00843
6117,5.01687
6118,10.0084
6119,6.01687
6120,16.0084
6121,10.0169
6122,8.0253
6123,16.0084
6124,12.0169
6125,1.0253
6126,7.00843
6127,15.0084
6128,5.01687
6129,14.0084
6130,5.01687
6131,17.0084
6132,15.0169
6133,13.0253
6134,7.03373
6135,5.04216
6136,14.0084
6137,5.01687
6138,1.0253
6139,1.03373
6140,15.0084
6141,14.0169
6142,8.0253
6143,1.00843
6144,1.01686
6145,17.0084
6146,9.01686
6147,1.0253
6148,18.0084
6149,10.0169
6150,1.0253
6151,13.0084
6152,12.0169
6153,5.0253
6154,12.0084
6155,10.0169
6156,8.0253
6157,5.00843
6158,5.01687
6159,16.0084
6160,17.0084
6161,10.0169
6162,12.0084
6163,1.01686
6164,18.0084
6165,16.0084
6166,1.00843
6167,8.00843
6168,16.0084
6169,5.01687
6170,5.00843
6171,12.0084
6172,12.0169
6173,16.0084
6174,14.0169
6175,8.0253
6176,14.0084
6177,8.01686
6178,7.00843
6179,5.01687
6180,14.0084
6181,12.0084
6182,12.0169
6183,7.0253
6184,12.0084
6185,8.01686
6186,3.00843
6187,1.01686
6188,5.00843
6189,18.0084
6190,17.0169
6191,19.0084
6192,3.01687
6193,8.00843
6194,8.01686
6195,8.0253
6196,9.00843
6197,5.01687
6198,1.00843
6199,7.00843
6200,12.0084
6201,5.01687
6202,3.00843
6203,15.0084
6204,8.00843
6205,5.01687
6206,6.00843
6207,18.0084
6208,17.0169
6209,14.0253
6210,10.0337
6211,6.00843
6212,19.0084
6213,10.0169
6214,9.0253
6215,10.0084
6216,5.01687
6217,12.0084
6218,3.01687
6219,7.00843
6220,8.00843
6221,2.01687
6222,10.0084
6223,1.00843
6224,3.00843
6225,3.00843
6226,5.00843
6227,5.01687
6228,5.00843
6229,8.00843
6230,7.01687
6231,1.0253
6232,10.0084
6233,8.01686
6234,7.0253
6235,10.0084
6236,8.01686
6237,8.0253
6238,5.03373
6239,7.00843
6240,16.0084
6241,5.01687
6242,3.0253
6243,2.03373
6244,4.00843
6245,5.00843
6246,2.00843
6247,3.00843
6248,8.00843
6249,8.01686
6250,8.0253
6251,19.0084
6252,12.0169
6253,12.0253
6254,3.03373
6255,15.0084
6256,5.01687
6257,1.0253
6258,17.0084
6259,10.0169
6260,10.0253
6261,12.0084
6262,12.0169
6263,8.0253
6264,6.03373
6265,6.04216
6266,16.0084
6267,13.0169
6268,4.0253
6269,1.00843
6270,1.01686
6271,16.0084
6272,8.01686
6273,7.0253
6274,12.0084
6275,12.0169
6276,3.0253
6277,1.03373
6278,1.04216
6279,14.0084
6280,16.0084
6281,12.0169
6282,3.0253
6283,12.0084
6284,10.0169
6285,7.0253
6286,1.03373
6287,10.0084
6288,7.01687
6289,1.0253
6290,18.0084
6291,18.0169
6292,10.0253
6293,5.00843
6294,12.0084
6295,8.01686
6296,19.0084
6297,8.00843
6298,5.01687
6299,12.0084
6300,1.01686
6301,3.00843
6302,7.00843
6303,7.01687
6304,5.00843
6305,8.00843
6306,15.0084
6307,7.01687
6308,3.0253
6309,1.03373
6310,8.00843
6311,2.01687
6312,10.0084
6313,3.01687
6314,3.0253
6315,10.0084
6316,5.00843
6317,18.0084
6318,10.0084
6319,14.0084
6320,14.0169
6321,12.0253
6322,8.03373
6323,18.0084
6324,8.01686
6325,16.0084
6326,6.01687
6327,5.00843
6328,8.00843
6329,6.01687
6330,3.0253
6331,12.0084
6332,5.00843
6333,1.00843
6334,1.01686
6335,12.0084
6336,12.0169
6337,2.0253
6338,2.03373
6339,8.00843
6340,3.01687
6341,13.0084
6342,8.01686
6343,1.0253
6344,15.0084
6345,6.01687
6346,5.0253
6347,13.0084
6348,3.01687
6349,18.0084
6350,8.01686
6351,3.0253
6352,3.03373
6353,16.0084
6354,8.01686
6355,18.0084
6356,7.00843
6357,1.01686
6358,8.00843
6359,5.01687
6360,12.0084
6361,12.0169
6362,8.0253
6363,16.0084
6364,16.0084
6365,5.01687
6366,4.0253
6367,4.03373
6368,5.00843
6369,13.0084
6370,5.01687
6371,16.0084
6372,13.0169
6373,5.0253
6374,16.0084
6375,3.00843
6376,3.01687
6377,7.00843
6378,1.01686
6379,1.00843
6380,19.0084
6381,13.0169
6382,12.0253
6383,17.0084
6384,16.0169
6385,10.0253
6386,15.0084
6387,15.0169
6388,8.00843
6389,8.01686
6390,8.00843
6391,5.01687
6392,18.0084
6393,16.0169
6394,9.0253
6395,8.00843
6396,1.01686
6397,8.00843
6398,7.01687
6399,8.00843
6400,12.0084
6401,15.0084
6402,18.0084
6403,12.0169
6404,12.0253
6405,3.00843
6406,14.0084
6407,11.0169
6408,1.0253
6409,12.0084
6410,11.0169
6411,13.0084
6412,12.0169
6413,3.0253
6414,1.03373
6415,13.0084
6416,1.01686
6417,14.0084
6418,3.01687
6419,11.0084
6420,9.01686
6421,18.0084
6422,5.01687
6423,5.0253
6424,1.00843
6425,8.00843
6426,8.01686
6427,7.0253
6428,18.0084
6429,12.0169
6430,10.0084
6431,7.01687
6432,17.0084
6433,11.0169
6434,11.0253
6435,8.03373
6436,5.04216
6437,5.05059
6438,1.05903
6439,18.0084
6440,10.0169
6441,10.0084
6442,9.01686
6443,7.0253
6444,1.03373
6445,10.0084
6446,18.0084
6447,8.01686
6448,17.0084
6449,10.0169
6450,6.0253
6451,5.03373
6452,18.0084
6453,1.00843
6454,16.0084
6455,13.0169
6456,13.0253
6457,1.03373
6458,12.0084
6459,8.00843
6460,18.0084
6461,10.0084
6462,5.01687
6463,7.00843
6464,18.0084
6465,9.01686
6466,1.0253
6467,10.0084
6468,3.01687
6469,1.0253
6470,12.0084
6471,20.0084
6472,3.01687
6473,1.0253
6474,6.00843
6475,3.01687
6476,3.0253
6477,14.0084
6478,13.0169
6479,6.0253
6480,5.03373
6481,14.0084
6482,8.01686
6483,18.0084
6484,9.00843
6485,8.01686
6486,3.00843
6487,8.00843
6488,5.00843
6489,5.01687
6490,3.0253
6491,6.00843
6492,1.00843
6493,12.0084
6494,14.0084
6495,14.0169
6496,3.0253
6497,17.0084
6498,8.01686
6499,1.0253
6500,1.00843
6501,2.00843
6502,16.0084
6503,12.0084
6504,14.0084
6505,7.01687
6506,12.0084
6507,2.01687
6508,12.0084
6509,8.00843
6510,3.01687
6511,14.0084
6512,8.00843
6513,5.01687
6514,16.0084
6515,11.0169
6516,10.0253
6517,1.03373
6518,13.0084
6519,7.01687
6520,8.00843
6521,8.01686
6522,5.00843
6523,10.0084
6524,14.0084
6525,7.01687
6526,5.00843
6527,8.00843
6528,18.0084
6529,6.01687
6530,1.0253
6531,1.03373
6532,14.0084
6533,16.0084
6534,7.01687
6535,8.00843
6536,8.00843
6537,1.01686
6538,13.0084
6539,8.01686
6540,18.0084
6541,14.0169
6542,10.0253
6543,5.03373
6544,1.04216
6545,1.00843
6546,9.00843
6547,5.01687
6548,6.00843
6549,12.0084
6550,20.0084
6551,10.0169
6552,8.0253
6553,14.0084
6554,14.0084
6555,10.0169
6556,16.0084
6557,12.0169
6558,8.0253
6559,7.03373
6560,1.04216
6561,8.00843
6562,16.0084
6563,10.0169
6564,8.0253
6565,12.0084
6566,6.00843
6567,7.00843
6568,4.00843
6569,7.00843
6570,7.00843
6571,1.00843
6572,2.00843
6573,1.01686
6574,8.00843
6575,5.01687
6576,10.0084
6577,6.00843
6578,5.01687
6579,5.0253
6580,1.03373
6581,12.0084
6582,3.01687
6583,3.00843
6584,1.01686
6585,8.00843
6586,8.01686
6587,7.0253
6588,5.03373
6589,14.0084
6590,13.0084
6591,8.01686
6592,8.00843
6593,3.01687
6594,10.0084
6595,13.0084
6596,6.01687
6597,15.0084
6598,12.0084
6599,15.0084
6600,16.0084
6601,16.0169
6602,5.0253
6603,3.03373
6604,2.04216
6605,1.05059
6606,3.00843
6607,5.00843
6608,5.01687
6609,2.0253
6610,8.00843
6611,15.0084
6612,1.01686
6613,3.00843
6614,8.00843
6615,3.01687
6616,1.0253
6617,1.03373
6618,10.0084
6619,1.01686
6620,1.0253
6621,1.03373
6622,1.04216
6623,1.05059
6624,1.05903
6625,15.0084
6626,5.01687
6627,1.0253
6628,14.0084
6629,12.0169
6630,9.0253
6631,3.03373
6632,3.04216
6633,1.05059
6634,13.0084
6635,14.0084
6636,8.01686
6637,5.0253
6638,5.03373
6639,3.04216
6640,8.00843
6641,7.01687
6642,16.0084
6643,14.0169
6644,12.0253
6645,8.03373
6646,8.04216
6647,6.05059
6648,5.00843
6649,15.0084
6650,10.0169
6651,3.0253
6652,1.03373
6653,1.04216
6654,16.0084
6655,10.0169
6656,14.0084
6657,10.0169
6658,5.00843
6659,3.01687
6660,8.00843
6661,1.01686
6662,8.00843
6663,8.01686
6664,4.0253
6665,13.0084
6666,19.0084
6667,8.01686
6668,12.0084
6669,12.0169
6670,5.0253
6671,18.0084
6672,12.0169
6673,5.0253
6674,5.03373
6675,3.04216
6676,12.0084
6677,2.01687
6678,3.00843
6679,8.00843
6680,2.01687
6681,14.0084
6682,20.0084
6683,14.0084
6684,5.01687
6685,17.0084
6686,5.01687
6687,3.00843
6688,8.00843
6689,8.01686
6690,7.00843
6691,8.00843
6692,2.01687
6693,14.0084
6694,12.0084
6695,8.01686
6696,8.0253
6697,10.0084
6698,8.01686
6699,2.00843
6700,1.01686
6701,10.0084
6702,3.01687
6703,2.0253
6704,5.00843
6705,1.01686
6706,14.0084
6707,5.00843
6708,3.01687
6709,6.00843
6710,8.00843
6711,5.01687
6712,7.00843
6713,7.00843
6714,15.0084
6715,14.0169
6716,12.0084
6717,12.0084
6718,10.0084
6719,8.01686
6720,20.0084
6721,14.0169
6722,10.0253
6723,1.03373
6724,3.00843
6725,12.0084
6726,5.01687
6727,12.0084
6728,13.0084
6729,7.01687
6730,10.0084
6731,8.01686
6732,7.0253
6733,14.0084
6734,8.01686
6735,7.00843
6736,4.01687
6737,10.0084
6738,12.0084
6739,14.0084
6740,13.0084
6741,7.01687
6742,5.0253
6743,7.00843
6744,1.01686
6745,10.0084
6746,10.0084
6747,7.01687
6748,5.0253
6749,5.03373
6750,5.00843
6751,5.01687
6752,5.0253
6753,5.03373
6754,3.04216
6755,6.00843
6756,9.00843
6757,5.01687
6758,18.0084
6759,10.0169
6760,13.0084
6761,9.01686
6762,10.0084
6763,7.00843
6764,5.01687
6765,7.00843
6766,5.01687
6767,9.00843
6768,7.01687
6769,16.0084
6770,16.0169
6771,8.0253
6772,1.03373
6773,3.00843
6774,10.0084
6775,10.0169
6776,3.0253
6777,1.03373
6778,15.0084
6779,5.01687
6780,13.0084
6781,13.0084
6782,3.01687
6783,14.0084
6784,9.01686
6785,8.0253
6786,8.03373
6787,3.04216
6788,1.00843
6789,16.0084
6790,10.0084
6791,7.01687
6792,12.0084
6793,5.01687
6794,12.0084
6795,14.0084
6796,17.0084
6797,16.0169
6798,6.0253
6799,18.0084
6800,16.0169
6801,13.0084
6802,13.0084
6803,10.0084
6804,17.0084
6805,5.00843
6806,15.0084
6807,8.00843
6808,8.01686
6809,1.0253
6810,12.0084
6811,1.01686
6812,12.0084
6813,5.00843
6814,5.01687
6815,5.0253
6816,5.03373
6817,2.04216
6818,5.00843
6819,5.00843
6820,3.00843
6821,8.00843
6822,8.00843
6823,4.01687
6824,15.0084
6825,7.01687
6826,10.0084
6827,7.00843
6828,1.01686
6829,16.0084
6830,11.0169
6831,8.0253
6832,1.03373
6833,13.0084
6834,3.01687
6835,15.0084
6836,10.0169
6837,4.0253
6838,8.00843
6839,12.0084
6840,1.01686
6841,16.0084
6842,11.0169
6843,8.00843
6844,7.01687
6845,1.0253
6846,13.0084
6847,11.0169
6848,9.0253
6849,14.0084
6850,12.0169
6851,12.0253
6852,8.03373
6853,1.04216
6854,5.00843
6855,2.01687
6856,10.0084
6857,7.01687
6858,1.0253
6859,13.0084
6860,8.01686
6861,5.0253
6862,5.00843
6863,16.0084
6864,8.01686
6865,3.0253
6866,14.0084
6867,11.0169
6868,8.0253
6869,19.0084
6870,8.01686
6871,7.0253
6872,3.03373
6873,1.00843
6874,8.00843
6875,14.0084
6876,14.0084
6877,8.01686
6878,8.0253
6879,1.03373
6880,16.0084
6881,10.0084
6882,2.01687
6883,5.00843
6884,3.01687
6885,10.0084
6886,3.00843
6887,3.01687
6888,1.0253
6889,1.03373
6890,10.0084
6891,7.01687
6892,1.0253
6893,10.0084
6894,8.00843
6895,7.01687
6896,1.0253
6897,13.0084
6898,5.01687
6899,1.0253
6900,18.0084
6901,12.0169
6902,3.0253
6903,3.03373
6904,15.0084
6905,14.0169
6906,14.0253
6907,8.03373
6908,20.0084
6909,16.0169
6910,14.0253
6911,13.0337
6912,10.0422
6913,3.05059
6914,2.00843
6915,1.01686
6916,18.0084
6917,6.01687
6918,19.0084
6919,16.0169
6920,5.0253
6921,1.03373
6922,1.04216
6923,1.05059
6924,4.00843
6925,16.0084
6926,12.0169
6927,5.00843
6928,1.01686
6929,18.0084
6930,16.0084
6931,8.01686
6932,8.0253
6933,3.03373
6934,16.0084
6935,16.0169
6936,14.0253
6937,8.00843
6938,5.01687
6939,12.0084
6940,12.0169
6941,12.0253
6942,2.03373
6943,10.0084
6944,16.0084
6945,8.00843
6946,16.0084
6947,10.0169
6948,17.0084
6949,5.00843
6950,7.00843
6951,5.00843
6952,5.00843
6953,10.0084
6954,7.01687
6955,7.0253
6956,7.03373
6957,8.00843
6958,8.01686
6959,1.0253
6960,1.03373
6961,1.04216
6962,7.00843
6963,12.0084
6964,8.01686
6965,6.0253
6966,18.0084
6967,5.01687
6968,14.0084
6969,8.00843
6970,3.01687
6971,15.0084
6972,8.01686
6973,8.0253
6974,6.03373
6975,10.0084
6976,7.01687
6977,8.00843
6978,19.0084
6979,13.0169
6980,13.0084
6981,13.0169
6982,8.0253
6983,8.03373
6984,8.04216
6985,7.00843
6986,12.0084
6987,10.0169
6988,16.0084
6989,16.0169
6990,9.0253
6991,14.0084
6992,10.0169
6993,7.0253
6994,1.03373
6995,18.0084
6996,14.0169
6997,12.0253
6998,3.00843
6999,14.0084
7000,5.01687
7001,5.0253
7002,17.0084
7003,13.0169
7004,18.0084
7005,12.0084
7006,14.0084
7007,8.01686
7008,7.0253
7009,1.03373
7010,1.04216
7011,1.05059
7012,2.00843
7013,14.0084
7014,1.00843
7015,1.01686
7016,1.0253
7017,14.0084
7018,5.01687
7019,17.0084
7020,15.0169
7021,8.0253
7022,6.03373
7023,6.04216
7024,19.0084
7025,17.0169
7026,13.0253
7027,8.03373
7028,5.04216
7029,5.00843
7030,5.00843
7031,2.01687
7032,16.0084
7033,10.0169
7034,8.00843
7035,20.0084
7036,7.00843
7037,1.01686
7038,16.0084
7039,12.0169
7040,8.0253
7041,18.0084
7042,5.00843
7043,5.01687
7044,12.0084
7045,7.01687
7046,18.0084
7047,16.0169
7048,13.0253
7049,3.03373
7050,12.0084
7051,6.01687
7052,17.0084
7053,12.0084
7054,3.00843
7055,5.00843
7056,17.0084
7057,4.01687
7058,3.0253
7059,8.00843
7060,18.0084
7061,15.0169
7062,14.0253
7063,3.00843
7064,3.01687
7065,1.0253
7066,1.03373
7067,4.00843
7068,3.01687
7069,2.0253
7070,1.03373
7071,13.0084
7072,2.01687
7073,10.0084
7074,3.01687
7075,13.0084
7076,8.00843
7077,10.0084
7078,10.0169
7079,8.0253
7080,7.03373
7081,10.0084
7082,8.01686
7083,7.0253
7084,5.03373
7085,1.04216
7086,1.05059
7087,1.05903
7088,12.0084
7089,8.01686
7090,2.0253
7091,12.0084
7092,11.0169
7093,10.0253
7094,3.03373
7095,3.04216
7096,3.05059
7097,3.05903
7098,1.00843
7099,9.00843
7100,16.0084
7101,3.01687
7102,9.00843
7103,9.01686
7104,12.0084
7105,10.0084
7106,12.0084
7107,12.0169
7108,6.0253
7109,3.03373
7110,13.0084
7111,12.0169
7112,7.0253
7113,13.0084
7114,1.01686
7115,20.0084
7116,13.0169
7117,6.00843
7118,5.00843
7119,5.00843
7120,14.0084
7121,10.0169
7122,8.0253
7123,18.0084
7124,19.0084
7125,3.01687
7126,1.0253
7127,3.00843
7128,1.01686
7129,12.0084
7130,8.01686
7131,7.0253
7132,5.00843
7133,10.0084
7134,1.01686
7135,6.00843
7136,18.0084
7137,12.0169
7138,15.0084
7139,10.0169
7140,8.00843
7141,1.01686
7142,3.00843
7143,17.0084
7144,8.01686
7145,9.00843
7146,6.00843
7147,5.00843
7148,5.00843
7149,13.0084
7150,8.01686
7151,16.0084
7152,14.0169
7153,14.0253
7154,3.03373
7155,12.0084
7156,5.01687
7157,1.0253
7158,8.00843
7159,5.01687
7160,14.0084
7161,8.00843
7162,8.01686
7163,3.00843
7164,3.01687
7165,17.0084
7166,13.0169
7167,18.0084
7168,1.01686
7169,12.0084
7170,5.01687
7171,15.0084
7172,9.01686
7173,1.0253
7174,16.0084
7175,16.0169
7176,5.0253
7177,13.0084
7178,1.01686
7179,1.00843
7180,1.01686
7181,5.00843
7182,1.01686
7183,20.0084
7184,18.0169
7185,14.0253
7186,12.0084
7187,7.01687
7188,14.0084
7189,8.00843
7190,7.01687
7191,19.0084
7192,13.0084
7193,10.0169
7194,7.0253
7195,8.00843
7196,5.01687
7197,14.0084
7198,13.0169
7199,14.0084
7200,14.0169
7201,10.0253
7202,8.03373
7203,7.04216
7204,15.0084
7205,8.01686
7206,14.0084
7207,9.01686
7208,1.0253
7209,18.0084
7210,15.0169
7211,10.0253
7212,10.0337
7213,12.0084
7214,20.0084
7215,15.0169
7216,12.0253
7217,10.0084
7218,8.01686
7219,8.0253
7220,10.0084
7221,17.0084
7222,16.0169
7223,9.0253
7224,7.03373
7225,12.0084
7226,7.01687
7227,5.0253
7228,5.00843
7229,1.01686
7230,8.00843
7231,8.01686
7232,6.0253
7233,18.0084
7234,5.01687
7235,10.0084
7236,8.00843
7237,5.01687
7238,14.0084
7239,10.0169
7240,5.0253
7241,6.00843
7242,1.01686
7243,14.0084
7244,5.00843
7245,3.01687
7246,18.0084
7247,5.01687
7248,1.0253
7249,12.0084
7250,7.01687
7251,20.0084
7252,18.0084
7253,20.0084
7254,10.0169
7255,9.0253
7256,1.03373
7257,1.04216
7258,5.00843
7259,3.01687
7260,16.0084
7261,5.01687
7262,4.0253
7263,3.03373
7264,3.04216
7265,1.05059
7266,1.00843
7267,2.00843
7268,12.0084
7269,5.01687
7270,8.00843
7271,13.0084
7272,10.0169
7273,9.0253
7274,17.0084
7275,10.0169
7276,12.0084
7277,8.00843
7278,9.00843
7279,6.01687
7280,8.00843
7281,8.01686
7282,1.0253
7283,12.0084
7284,12.0084
7285,12.0084
7286,10.0169
7287,12.0084
7288,8.01686
7289,14.0084
7290,7.00843
7291,5.01687
7292,5.0253
7293,14.0084
7294,14.0084
7295,10.0084
7296,1.01686
7297,1.0253
7298,1.03373
7299,9.00843
7300,12.0084
7301,7.00843
7302,5.01687
7303,16.0084
7304,5.00843
7305,9.00843
7306,8.01686
7307,8.0253
7308,15.0084
7309,8.00843
7310,5.01687
7311,1.0253
7312,20.0084
7313,3.01687
7314,1.0253
7315,4.00843
7316,14.0084
7317,8.01686
7318,5.0253
7319,18.0084
7320,8.00843
7321,6.01687
7322,2.0253
7323,16.0084
7324,12.0169
7325,12.0253
7326,3.03373
7327,3.04216
7328,1.05059
7329,18.0084
7330,10.0169
7331,10.0253
7332,8.03373
7333,8.04216
7334,5.05059
7335,3.05903
7336,18.0084
7337,5.01687
7338,12.0084
7339,10.0169
7340,10.0253
7341,5.03373
7342,20.0084
7343,10.0169
7344,8.0253
7345,7.03373
7346,7.04216
7347,7.05059
7348,14.0084
7349,12.0169
7350,3.00843
7351,14.0084
7352,10.0169
7353,10.0253
7354,20.0084
7355,16.0169
7356,14.0253
7357,12.0337
7358,18.0084
7359,12.0169
7360,12.0253
7361,12.0084
7362,19.0084
7363,12.0169
7364,7.0253
7365,14.0084
7366,14.0169
7367,3.00843
7368,7.00843
7369,13.0084
7370,4.01687
7371,1.00843
7372,14.0084
7373,8.01686
7374,10.0084
7375,1.01686
7376,5.00843
7377,7.00843
7378,8.00843
7379,8.01686
7380,5.0253
7381,9.00843
7382,7.01687
7383,18.0084
7384,1.01686
7385,16.0084
7386,8.01686
7387,12.0084
7388,12.0169
7389,10.0253
7390,8.03373
7391,3.04216
7392,14.0084
7393,7.01687
7394,7.00843
7395,16.0084
7396,8.01686
7397,1.0253
7398,1.03373
7399,17.0084
7400,5.01687
7401,1.0253
7402,11.0084
7403,10.0084
7404,20.0084
7405,20.0169
7406,14.0084
7407,14.0169
7408,1.0253
7409,18.0084
7410,9.00843
7411,7.01687
7412,7.00843
7413,3.01687
7414,18.0084
7415,1.01686
7416,1.0253
7417,10.0084
7418,8.01686
7419,11.0084
7420,10.0169
7421,8.0253
7422,14.0084
7423,6.01687
7424,6.00843
7425,5.00843
7426,5.00843
7427,1.00843
7428,12.0084
7429,10.0169
7430,20.0084
7431,15.0169
7432,12.0253
7433,12.0337
7434,6.00843
7435,7.00843
7436,3.01687
7437,8.00843
7438,3.01687
7439,18.0084
7440,19.0084
7441,8.01686
7442,7.0253
7443,1.03373
7444,14.0084
7445,14.0169
7446,5.0253
7447,16.0084
7448,16.0169
7449,6.0253
7450,5.03373
7451,5.04216
7452,5.05059
7453,1.05903
7454,20.0084
7455,13.0169
7456,10.0253
7457,7.03373
7458,6.04216
7459,3.00843
7460,9.00843
7461,6.00843
7462,1.01686
7463,14.0084
7464,7.01687
7465,8.00843
7466,8.01686
7467,7.0253
7468,18.0084
7469,12.0169
7470,12.0253
7471,10.0084
7472,12.0084
7473,10.0169
7474,10.0084
7475,8.00843
7476,13.0084
7477,10.0169
7478,10.0253
7479,8.00843
7480,1.01686
7481,15.0084
7482,7.01687
7483,16.0084
7484,2.00843
7485,6.00843
7486,5.01687
7487,7.00843
7488,18.0084
7489,8.01686
7490,1.00843
7491,8.00843
7492,3.00843
7493,16.0084
7494,1.01686
7495,3.00843
7496,9.00843
7497,7.01687
7498,3.0253
7499,15.0084
7500,18.0084
7501,17.0169
7502,1.0253
7503,8.00843
7504,12.0084
7505,13.0084
7506,10.0084
7507,15.0084
7508,1.01686
7509,1.0253
7510,10.0084
7511,4.00843
7512,1.01686
7513,5.00843
7514,5.01687
7515,11.0084
7516,8.01686
7517,1.00843
7518,10.0084
7519,8.01686
7520,3.0253
7521,1.03373
7522,18.0084
7523,14.0169
7524,14.0253
7525,9.03373
7526,8.04216
7527,1.05059
7528,1.05903
7529,16.0084
7530,5.01687
7531,5.0253
7532,2.03373
7533,12.0084
7534,6.01687
7535,3.0253
7536,1.00843
7537,1.01686
7538,5.00843
7539,1.01686
7540,7.00843
7541,18.0084
7542,8.01686
7543,3.0253
7544,5.00843
7545,8.00843
7546,8.01686
7547,3.0253
7548,16.0084
7549,6.00843
7550,18.0084
7551,8.01686
7552,7.0253
7553,5.03373
7554,5.04216
7555,16.0084
7556,8.01686
7557,6.0253
7558,20.0084
7559,5.01687
7560,1.0253
7561,8.00843
7562,3.00843
7563,14.0084
7564,3.01687
7565,2.0253
7566,17.0084
7567,7.01687
7568,18.0084
7569,8.01686
7570,12.0084
7571,1.01686
7572,1.0253
7573,2.00843
7574,17.0084
7575,1.01686
7576,1.0253
7577,1.03373
7578,18.0084
7579,10.0169
7580,19.0084
7581,8.01686
7582,10.0084
7583,8.01686
7584,7.0253
7585,16.0084
7586,8.01686
7587,6.0253
7588,14.0084
7589,10.0169
7590,12.0084
7591,3.01687
7592,14.0084
7593,12.0169
7594,19.0084
7595,3.01687
7596,14.0084
7597,4.01687
7598,5.00843
7599,1.00843
7600,18.0084
7601,6.01687
7602,1.0253
7603,1.03373
7604,16.0084
7605,8.00843
7606,5.01687
7607,19.0084
7608,14.0084
7609,10.0169
7610,5.0253
7611,1.03373
7612,1.04216
7613,14.0084
7614,14.0169
7615,7.0253
7616,3.03373
7617,17.0084
7618,5.01687
7619,5.0253
7620,16.0084
7621,8.01686
7622,8.0253
7623,8.00843
7624,4.01687
7625,3.0253
7626,13.0084
7627,13.0169
7628,9.0253
7629,5.03373
7630,3.04216
7631,10.0084
7632,10.0169
7633,5.0253
7634,7.00843
7635,7.01687
7636,5.0253
7637,5.03373
7638,3.00843
7639,14.0084
7640,14.0169
7641,10.0253
7642,8.03373
7643,5.04216
7644,15.0084
7645,14.0169
7646,7.0253
7647,6.03373
7648,5.04216
7649,7.00843
7650,14.0084
7651,12.0169
7652,12.0253
7653,18.0084
7654,16.0084
7655,14.0169
7656,14.0084
7657,10.0084
7658,8.00843
7659,3.01687
7660,3.0253
7661,3.03373
7662,1.04216
7663,5.00843
7664,5.01687
7665,2.0253
7666,16.0084
7667,17.0084
7668,10.0169
7669,2.0253
7670,5.00843
7671,1.01686
7672,7.00843
7673,1.01686
7674,8.00843
7675,8.01686
7676,7.0253
7677,5.03373
7678,1.04216
7679,6.00843
7680,17.0084
7681,12.0169
7682,5.00843
7683,10.0084
7684,8.01686
7685,1.00843
7686,1.01686
7687,1.00843
7688,20.0084
7689,11.0169
7690,9.0253
7691,1.00843
7692,17.0084
7693,13.0169
7694,1.0253
7695,13.0084
7696,8.00843
7697,18.0084
7698,12.0169
7699,16.0084
7700,18.0084
7701,14.0169
7702,10.0253
7703,10.0337
7704,5.04216
7705,12.0084
7706,5.00843
7707,3.01687
7708,3.00843
7709,1.01686
7710,13.0084
7711,8.00843
7712,8.01686
7713,8.0253
7714,7.00843
7715,14.0084
7716,10.0169
7717,10.0253
7718,1.00843
7719,5.00843
7720,1.01686
7721,12.0084
7722,10.0169
7723,5.0253
7724,5.03373
7725,18.0084
7726,13.0169
7727,3.0253
7728,12.0084
7729,10.0169
7730,10.0253
7731,1.03373
7732,10.0084
7733,5.01687
7734,3.00843
7735,10.0084
7736,8.01686
7737,8.0253
7738,8.03373
7739,5.04216
7740,5.05059
7741,2.05903
7742,14.0084
7743,18.0084
7744,10.0169
7745,10.0253
7746,7.03373
7747,18.0084
7748,1.00843
7749,14.0084
7750,14.0169
7751,14.0253
7752,12.0084
7753,5.01687
7754,3.0253
7755,1.03373
7756,3.00843
7757,1.01686
7758,6.00843
7759,5.01687
7760,15.0084
7761,5.01687
7762,1.00843
7763,1.01686
7764,8.00843
7765,7.01687
7766,19.0084
7767,8.01686
7768,5.00843
7769,12.0084
7770,1.01686
7771,13.0084
7772,12.0169
7773,12.0084
7774,16.0084
7775,16.0084
7776,14.0169
7777,14.0253
7778,16.0084
7779,13.0084
7780,7.00843
7781,1.01686
7782,8.00843
7783,14.0084
7784,3.00843
7785,1.00843
7786,13.0084
7787,5.01687
7788,14.0084
7789,7.01687
7790,8.00843
7791,8.01686
7792,8.0253
7793,10.0084
7794,8.00843
7795,10.0084
7796,10.0169
7797,8.0253
7798,14.0084
7799,8.01686
7800,5.0253
7801,17.0084
7802,15.0169
7803,12.0253
7804,5.03373
7805,18.0084
7806,13.0169
7807,1.0253
7808,18.0084
7809,18.0084
7810,3.00843
7811,14.0084
7812,16.0084
7813,9.01686
7814,6.0253
7815,5.03373
7816,16.0084
7817,5.01687
7818,10.0084
7819,8.01686
7820,7.0253
7821,1.03373
7822,8.00843
7823,8.01686
7824,5.0253
7825,1.00843
7826,10.0084
7827,14.0084
7828,10.0169
7829,1.00843
7830,17.0084
7831,2.01687
7832,10.0084
7833,8.01686
7834,15.0084
7835,1.01686
7836,15.0084
7837,18.0084
7838,18.0169
7839,12.0253
7840,10.0337
7841,5.04216
7842,12.0084
7843,3.01687
7844,3.0253
7845,8.00843
7846,8.01686
7847,16.0084
7848,10.0169
7849,8.00843
7850,5.01687
7851,14.0084
7852,6.01687
7853,8.00843
7854,8.01686
7855,5.0253
7856,12.0084
7857,12.0169
7858,9.0253
7859,17.0084
7860,7.01687
7861,1.0253
7862,5.00843
7863,5.01687
7864,12.0084
7865,17.0084
7866,7.01687
7867,3.0253
7868,12.0084
7869,12.0169
7870,3.0253
7871,10.0084
7872,10.0169
7873,3.0253
7874,14.0084
7875,12.0084
7876,9.01686
7877,7.0253
7878,7.03373
7879,7.04216
7880,14.0084
7881,17.0084
7882,5.01687
7883,9.00843
7884,2.01687
7885,17.0084
7886,12.0084
7887,18.0084
7888,14.0169
7889,13.0253
7890,3.03373
7891,16.0084
7892,15.0169
7893,18.0084
7894,16.0169
7895,16.0253
7896,7.03373
7897,18.0084
7898,18.0084
7899,18.0169
7900,8.0253
7901,8.03373
7902,8.04216
7903,1.05059
7904,14.0084
7905,14.0169
7906,16.0084
7907,5.00843
7908,14.0084
7909,16.0084
7910,16.0169
7911,13.0253
7912,4.00843
7913,5.00843
7914,12.0084
7915,10.0169
7916,6.0253
7917,13.0084
7918,14.0084
7919,14.0169
7920,14.0253
7921,8.03373
7922,9.00843
7923,8.01686
7924,1.0253
7925,1.03373
7926,18.0084
7927,12.0084
7928,12.0169
7929,12.0253
7930,13.0084
7931,10.0169
7932,5.0253
7933,5.03373
7934,14.0084
7935,3.00843
7936,8.00843
7937,9.00843
7938,9.01686
7939,18.0084
7940,1.01686
7941,19.0084
7942,12.0169
7943,1.0253
7944,1.03373
7945,7.00843
7946,4.01687
7947,3.0253
7948,3.03373
7949,1.04216
7950,5.00843
7951,5.01687
7952,7.00843
7953,6.01687
7954,3.0253
7955,16.0084
7956,3.00843
7957,18.0084
7958,16.0084
7959,10.0084
7960,10.0084
7961,20.0084
7962,10.0084
7963,8.00843
7964,18.0084
7965,16.0084
7966,12.0169
7967,15.0084
7968,1.01686
7969,16.0084
7970,5.01687
7971,2.0253
7972,2.00843
7973,8.00843
7974,12.0084
7975,9.01686
7976,5.0253
7977,2.00843
7978,8.00843
7979,1.01686
7980,2.00843
7981,10.0084
7982,14.0084
7983,10.0169
7984,2.00843
7985,3.00843
7986,3.01687
7987,3.0253
7988,2.03373
7989,16.0084
7990,14.0169
7991,8.0253
7992,5.03373
7993,1.04216
7994,10.0084
7995,8.01686
7996,5.0253
7997,8.00843
7998,8.01686
7999,7.0253
8000,5.03373
8001,3.00843
8002,1.00843
8003,8.00843
8004,16.0084
8005,12.0169
8006,7.0253
8007,5.03373
8008,14.0084
8009,8.01686
8010,7.0253
8011,5.03373
8012,5.04216
8013,12.0084
8014,8.01686
8015,6.0253
8016,1.00843
8017,16.0084
8018,8.01686
8019,3.0253
8020,18.0084
8021,16.0169
8022,9.0253
8023,3.03373
8024,17.0084
8025,7.01687
8026,5.0253
8027,12.0084
8028,14.0084
8029,8.01686
8030,5.0253
8031,1.03373
8032,8.00843
8033,18.0084
8034,3.01687
8035,16.0084
8036,10.0169
8037,11.0084
8038,5.01687
8039,13.0084
8040,3.01687
8041,18.0084
8042,16.0169
8043,15.0253
8044,12.0337
8045,16.0084
8046,1.00843
8047,20.0084
8048,16.0084
8049,12.0169
8050,5.0253
8051,1.00843
8052,5.00843
8053,9.00843
8054,1.01686
8055,18.0084
8056,12.0169
8057,7.0253
8058,3.00843
8059,12.0084
8060,5.01687
8061,14.0084
8062,3.01687
8063,12.0084
8064,8.01686
8065,13.0084
8066,10.0169
8067,8.00843
8068,3.01687
8069,5.00843
8070,12.0084
8071,12.0169
8072,9.0253
8073,8.03373
8074,7.04216
8075,1.05059
8076,5.00843
8077,1.01686
8078,14.0084
8079,13.0169
8080,10.0253
8081,10.0337
8082,15.0084
8083,10.0169
8084,13.0084
8085,19.0084
8086,18.0169
8087,19.0084
8088,13.0169
8089,10.0253
8090,3.03373
8091,2.04216
8092,8.00843
8093,7.01687
8094,5.0253
8095,9.00843
8096,14.0084
8097,3.00843
8098,7.00843
8099,5.01687
8100,3.0253
8101,1.03373
8102,14.0084
8103,10.0169
8104,5.0253
8105,5.03373
8106,12.0084
8107,10.0169
8108,7.0253
8109,9.00843
8110,18.0084
8111,5.01687
8112,13.0084
8113,16.0084
8114,10.0169
8115,10.0253
8116,1.03373
8117,12.0084
8118,10.0084
8119,14.0084
8120,10.0084
8121,7.01687
8122,1.0253
8123,1.03373
8124,12.0084
8125,3.01687
8126,3.0253
8127,3.00843
8128,3.01687
8129,13.0084
8130,5.01687
8131,5.0253
8132,10.0084
8133,5.01687
8134,14.0084
8135,12.0169
8136,1.00843
8137,8.00843
8138,1.01686
8139,2.00843
8140,17.0084
8141,10.0169
8142,8.0253
8143,5.03373
8144,3.00843
8145,1.00843
8146,1.01686
8147,10.0084
8148,8.00843
8149,8.00843
8150,5.01687
8151,10.0084
8152,10.0169
8153,9.00843
8154,12.0084
8155,4.01687
8156,3.0253
8157,5.00843
8158,13.0084
8159,17.0084
8160,13.0169
8161,8.0253
8162,3.03373
8163,1.04216
8164,12.0084
8165,18.0084
8166,8.01686
8167,3.0253
8168,3.03373
8169,16.0084
8170,7.00843
8171,8.00843
8172,10.0084
8173,10.0169
8174,1.00843
8175,1.01686
8176,7.00843
8177,20.0084
8178,13.0169
8179,11.0253
8180,1.03373
8181,1.04216
8182,14.0084
8183,15.0084
8184,10.0169
8185,3.0253
8186,8.00843
8187,8.01686
8188,12.0084
8189,7.01687
8190,7.0253
8191,5.03373
8192,6.00843
8193,14.0084
8194,12.0084
8195,12.0169
8196,3.0253
8197,16.0084
8198,16.0169
8199,1.0253
8200,18.0084
8201,10.0169
8202,1.0253
8203,14.0084
8204,13.0084
8205,3.00843
8206,3.00843
8207,10.0084
8208,5.01687
8209,3.0253
8210,1.03373
8211,12.0084
8212,12.0169
8213,3.0253
8214,5.00843
8215,15.0084
8216,11.0169
8217,6.00843
8218,5.00843
8219,12.0084
8220,1.01686
8221,13.0084
8222,10.0169
8223,5.00843
8224,5.01687
8225,1.0253
8226,6.00843
8227,5.01687
8228,14.0084
8229,7.01687
8230,18.0084
8231,6.01687
8232,2.0253
8233,19.0084
8234,3.01687
8235,3.0253
8236,10.0084
8237,8.01686
8238,1.0253
8239,5.00843
8240,6.00843
8241,8.00843
8242,7.01687
8243,5.0253
8244,1.03373
8245,10.0084
8246,8.01686
8247,8.0253
8248,8.03373
8249,5.04216
8250,5.05059
8251,18.0084
8252,10.0084
8253,7.00843
8254,12.0084
8255,5.00843
8256,5.00843
8257,1.01686
8258,16.0084
8259,13.0169
8260,10.0253
8261,13.0084
8262,3.01687
8263,18.0084
8264,14.0169
8265,4.0253
8266,14.0084
8267,1.01686
8268,18.0084
8269,17.0169
8270,7.0253
8271,1.00843
8272,5.00843
8273,7.00843
8274,7.01687
8275,8.00843
8276,8.01686
8277,5.00843
8278,10.0084
8279,8.01686
8280,16.0084
8281,13.0084
8282,7.00843
8283,2.01687
8284,16.0084
8285,1.01686
8286,5.00843
8287,10.0084
8288,19.0084
8289,18.0169
8290,12.0253
8291,1.03373
8292,19.0084
8293,12.0169
8294,8.0253
8295,5.03373
8296,3.04216
8297,3.00843
8298,12.0084
8299,8.01686
8300,5.0253
8301,7.00843
8302,14.0084
8303,8.01686
8304,7.0253
8305,3.03373
8306,18.0084
8307,8.01686
8308,4.0253
8309,5.00843
8310,3.00843
8311,18.0084
8312,12.0169
8313,13.0084
8314,10.0169
8315,10.0253
8316,5.00843
8317,18.0084
8318,15.0169
8319,7.0253
8320,1.00843
8321,14.0084
8322,8.01686
8323,8.0253
8324,16.0084
8325,3.01687
8326,12.0084
8327,18.0084
8328,1.01686
8329,1.0253
8330,2.00843
8331,10.0084
8332,10.0169
8333,3.0253
8334,3.03373
8335,3.04216
8336,8.00843
8337,5.01687
8338,5.0253
8339,1.03373
8340,13.0084
8341,1.01686
8342,12.0084
8343,7.00843
8344,18.0084
8345,16.0169
8346,13.0253
8347,1.03373
8348,10.0084
8349,8.01686
8350,5.00843
8351,1.01686
8352,16.0084
8353,16.0169
8354,1.00843
8355,5.00843
8356,3.01687
8357,16.0084
8358,7.01687
8359,1.0253
8360,1.00843
8361,1.01686
8362,10.0084
8363,8.01686
8364,14.0084
8365,1.01686
8366,1.0253
8367,7.00843
8368,7.01687
8369,14.0084
8370,8.00843
8371,7.01687
8372,3.0253
8373,3.03373
8374,7.00843
8375,7.00843
8376,8.00843
8377,3.01687
8378,9.00843
8379,3.01687
8380,16.0084
8381,15.0169
8382,10.0253
8383,12.0084
8384,10.0169
8385,5.0253
8386,16.0084
8387,6.01687
8388,17.0084
8389,16.0084
8390,15.0169
8391,9.0253
8392,18.0084
8393,8.00843
8394,13.0084
8395,12.0169
8396,3.00843
8397,12.0084
8398,12.0169
8399,5.00843
8400,3.01687
8401,7.00843
8402,8.00843
8403,10.0084
8404,10.0169
8405,12.0084
8406,7.00843
8407,14.0084
8408,12.0169
8409,8.0253
8410,5.03373
8411,14.0084
8412,1.01686
8413,1.00843
8414,1.01686
8415,15.0084
8416,3.01687
8417,1.0253
8418,14.0084
8419,9.01686
8420,12.0084
8421,8.01686
8422,16.0084
8423,9.01686
8424,7.0253
8425,13.0084
8426,13.0084
8427,8.01686
8428,1.0253
8429,9.00843
8430,15.0084
8431,16.0084
8432,14.0084
8433,8.01686
8434,10.0084
8435,1.01686
8436,10.0084
8437,12.0084
8438,7.01687
8439,3.0253
8440,3.03373
8441,3.04216
8442,16.0084
8443,12.0084
8444,6.01687
8445,5.0253
8446,12.0084
8447,12.0169
8448,5.0253
8449,8.00843
8450,7.01687
8451,6.0253
8452,3.03373
8453,1.04216
8454,8.00843
8455,8.01686
8456,8.0253
8457,9.00843
8458,5.01687
8459,1.0253
8460,1.03373
8461,1.04216
8462,14.0084
8463,14.0169
8464,12.0253
8465,9.03373
8466,6.04216
8467,3.00843
8468,3.01687
8469,12.0084
8470,12.0169
8471,4.0253
8472,12.0084
8473,8.01686
8474,14.0084
8475,14.0169
8476,10.0253
8477,11.0084
8478,7.01687
8479,1.0253
8480,16.0084
8481,8.01686
8482,8.0253
8483,5.03373
8484,18.0084
8485,17.0169
8486,18.0084
8487,14.0169
8488,7.0253
8489,1.00843
8490,9.00843
8491,8.00843
8492,1.01686
8493,3.00843
8494,3.01687
8495,3.0253
8496,1.03373
8497,19.0084
8498,12.0169
8499,16.0084
8500,18.0084
8501,9.01686
8502,6.0253
8503,8.00843
8504,3.01687
8505,10.0084
8506,1.00843
8507,18.0084
8508,10.0169
8509,18.0084
8510,17.0169
8511,8.0253
8512,18.0084
8513,12.0169
8514,20.0084
8515,8.01686
8516,1.0253
8517,1.03373
8518,17.0084
8519,10.0084
8520,14.0084
8521,7.01687
8522,3.0253
8523,7.00843
8524,1.01686
8525,7.00843
8526,3.01687
8527,17.0084
8528,10.0169
8529,9.0253
8530,8.00843
8531,1.01686
8532,1.0253
8533,12.0084
8534,12.0169
8535,10.0253
8536,10.0337
8537,3.04216
8538,7.00843
8539,18.0084
8540,5.01687
8541,14.0084
8542,3.00843
8543,16.0084
8544,16.0169
8545,20.0084
8546,1.01686
8547,18.0084
8548,14.0169
8549,8.0253
8550,5.03373
8551,1.04216
8552,13.0084
8553,8.01686
8554,13.0084
8555,11.0084
8556,1.01686
8557,3.00843
8558,1.01686
8559,4.00843
8560,2.00843
8561,1.01686
8562,3.00843
8563,14.0084
8564,12.0169
8565,5.0253
8566,8.00843
8567,6.01687
8568,5.0253
8569,7.00843
8570,2.01687
8571,4.00843
8572,14.0084
8573,1.01686
8574,14.0084
8575,14.0169
8576,3.0253
8577,7.00843
8578,16.0084
8579,5.01687
8580,3.00843
8581,2.01687
8582,1.0253
8583,3.00843
8584,8.00843
8585,5.00843
8586,10.0084
8587,6.01687
8588,1.0253
8589,8.00843
8590,2.00843
8591,17.0084
8592,16.0084
8593,15.0169
8594,10.0253
8595,13.0084
8596,20.0084
8597,18.0169
8598,14.0253
8599,15.0084
8600,1.01686
8601,18.0084
8602,16.0169
8603,14.0253
8604,1.03373
8605,1.04216
8606,12.0084
8607,10.0084
8608,8.01686
8609,1.0253
8610,13.0084
8611,10.0084
8612,5.01687
8613,18.0084
8614,15.0169
8615,10.0253
8616,18.0084
8617,12.0169
8618,8.0253
8619,7.03373
8620,16.0084
8621,14.0084
8622,14.0169
8623,10.0253
8624,10.0337
8625,1.04216
8626,8.00843
8627,5.01687
8628,12.0084
8629,7.00843
8630,13.0084
8631,9.01686
8632,8.0253
8633,14.0084
8634,8.00843
8635,1.00843
8636,3.00843
8637,7.00843
8638,6.00843
8639,5.00843
8640,5.01687
8641,12.0084
8642,8.00843
8643,3.01687
8644,10.0084
8645,12.0084
8646,8.01686
8647,2.0253
8648,3.00843
8649,19.0084
8650,15.0084
8651,5.01687
8652,5.0253
8653,12.0084
8654,7.01687
8655,5.00843
8656,5.00843
8657,13.0084
8658,10.0084
8659,8.01686
8660,1.0253
8661,12.0084
8662,2.01687
8663,7.00843
8664,12.0084
8665,2.01687
8666,10.0084
8667,15.0084
8668,10.0169
8669,10.0084
8670,14.0084
8671,5.01687
8672,1.0253
8673,10.0084
8674,3.01687
8675,15.0084
8676,7.01687
8677,14.0084
8678,5.01687
8679,10.0084
8680,6.01687
8681,8.00843
8682,16.0084
8683,5.01687
8684,13.0084
8685,6.01687
8686,3.0253
8687,14.0084
8688,8.01686
8689,7.0253
8690,3.00843
8691,1.01686
8692,9.00843
8693,7.01687
8694,1.0253
8695,10.0084
8696,5.01687
8697,1.00843
8698,13.0084
8699,7.01687
8700,4.0253
8701,16.0084
8702,12.0169
8703,5.0253
8704,13.0084
8705,13.0169
8706,7.00843
8707,5.01687
8708,1.0253
8709,18.0084
8710,7.01687
8711,16.0084
8712,14.0084
8713,5.01687
8714,16.0084
8715,11.0084
8716,18.0084
8717,1.01686
8718,14.0084
8719,8.01686
8720,5.0253
8721,3.03373
8722,5.00843
8723,18.0084
8724,16.0169
8725,18.0084
8726,10.0169
8727,8.0253
8728,6.03373
8729,5.00843
8730,3.01687
8731,3.0253
8732,3.03373
8733,13.0084
8734,13.0084
8735,7.01687
8736,14.0084
8737,8.00843
8738,13.0084
8739,7.00843
8740,7.00843
8741,11.0084
8742,7.01687
8743,20.0084
8744,12.0084
8745,4.01687
8746,8.00843
8747,5.01687
8748,1.0253
8749,15.0084
8750,14.0169
8751,13.0253
8752,1.03373
8753,1.04216
8754,8.00843
8755,6.01687
8756,3.0253
8757,10.0084
8758,12.0084
8759,5.01687
8760,20.0084
8761,10.0169
8762,15.0084
8763,8.01686
8764,13.0084
8765,8.01686
8766,1.00843
8767,10.0084
8768,15.0084
8769,1.01686
8770,12.0084
8771,2.01687
8772,3.00843
8773,1.01686
8774,15.0084
8775,5.01687
8776,3.0253
8777,1.03373
8778,16.0084
8779,12.0169
8780,5.0253
8781,5.00843
8782,18.0084
8783,15.0169
8784,3.0253
8785,14.0084
8786,7.01687
8787,10.0084
8788,6.01687
8789,1.0253
8790,7.00843
8791,6.01687
8792,8.00843
8793,8.01686
8794,5.0253
8795,14.0084
8796,10.0169
8797,10.0084
8798,1.01686
8799,10.0084
8800,5.00843
8801,1.01686
8802,14.0084
8803,8.01686
8804,1.0253
8805,3.00843
8806,3.01687
8807,17.0084
8808,13.0169
8809,5.0253
8810,16.0084
8811,16.0169
8812,14.0084
8813,12.0084
8814,1.01686
8815,2.00843
8816,1.00843
8817,16.0084
8818,1.00843
8819,8.00843
8820,5.01687
8821,12.0084
8822,15.0084
8823,14.0169
8824,12.0084
8825,1.00843
8826,8.00843
8827,6.01687
8828,12.0084
8829,12.0169
8830,8.0253
8831,7.03373
8832,15.0084
8833,12.0084
8834,2.01687
8835,12.0084
8836,12.0084
8837,3.01687
8838,1.0253
8839,12.0084
8840,6.01687
8841,7.00843
8842,5.01687
8843,14.0084
8844,12.0169
8845,8.0253
8846,2.00843
8847,10.0084
8848,18.0084
8849,9.01686
8850,5.0253
8851,1.03373
8852,13.0084
8853,8.01686
8854,1.0253
8855,1.03373
8856,20.0084
8857,10.0169
8858,10.0253
8859,2.03373
8860,8.00843
8861,14.0084
8862,6.00843
8863,16.0084
8864,8.01686
8865,1.0253
8866,7.00843
8867,13.0084
8868,13.0169
8869,13.0253
8870,3.03373
8871,3.04216
8872,2.05059
8873,14.0084
8874,14.0169
8875,10.0253
8876,16.0084
8877,15.0169
8878,18.0084
8879,18.0084
8880,18.0169
8881,13.0253
8882,12.0084
8883,10.0169
8884,1.0253
8885,16.0084
8886,12.0169
8887,19.0084
8888,12.0169
8889,14.0084
8890,13.0169
8891,3.00843
8892,2.01687
8893,3.00843
8894,18.0084
8895,7.00843
8896,1.01686
8897,7.00843
8898,13.0084
8899,8.01686
8900,8.00843
8901,3.01687
8902,1.0253
8903,10.0084
8904,8.01686
8905,5.0253
8906,2.03373
8907,5.00843
8908,14.0084
8909,12.0169
8910,5.00843
8911,3.01687
8912,3.0253
8913,8.00843
8914,5.01687
8915,18.0084
8916,1.01686
8917,18.0084
8918,13.0169
8919,8.0253
8920,3.03373
8921,11.0084
8922,15.0084
8923,15.0169
8924,5.00843
8925,6.00843
8926,14.0084
8927,5.01687
8928,8.00843
8929,8.01686
8930,14.0084
8931,10.0169
8932,10.0253
8933,18.0084
8934,5.01687
8935,5.0253
8936,16.0084
8937,9.01686
8938,16.0084
8939,7.01687
8940,18.0084
8941,4.00843
8942,3.00843
8943,1.00843
8944,10.0084
8945,8.01686
8946,10.0084
8947,2.01687
8948,12.0084
8949,8.01686
8950,1.0253
8951,8.00843
8952,5.01687
8953,1.0253
8954,12.0084
8955,8.00843
8956,1.01686
8957,8.00843
8958,2.01687
8959,9.00843
8960,8.01686
8961,12.0084
8962,5.00843
8963,8.00843
8964,5.01687
8965,18.0084
8966,10.0169
8967,10.0084
8968,8.01686
8969,8.0253
8970,8.03373
8971,8.04216
8972,5.05059
8973,13.0084
8974,18.0084
8975,14.0169
8976,14.0084
8977,8.01686
8978,7.0253
8979,12.0084
8980,13.0084
8981,5.01687
8982,3.0253
8983,13.0084
8984,5.01687
8985,5.0253
8986,5.00843
8987,1.00843
8988,18.0084
8989,18.0084
8990,10.0169
8991,5.0253
8992,3.03373
8993,3.04216
8994,2.00843
8995,3.00843
8996,16.0084
8997,9.01686
8998,3.0253
8999,1.03373
9000,8.00843
9001,16.0084
9002,12.0169
9003,8.0253
9004,8.00843
9005,8.01686
9006,4.0253
9007,13.0084
9008,8.01686
9009,5.00843
9010,4.00843
9011,8.00843
9012,9.00843
9013,9.01686
9014,8.0253
9015,8.03373
9016,13.0084
9017,12.0169
9018,5.0253
9019,12.0084
9020,8.01686
9021,13.0084
9022,3.01687
9023,17.0084
9024,15.0084
9025,13.0169
9026,5.0253
9027,16.0084
9028,16.0169
9029,16.0253
9030,12.0337
9031,10.0422
9032,10.0084
9033,5.01687
9034,18.0084
9035,18.0169
9036,14.0084
9037,12.0084
9038,5.01687
9039,12.0084
9040,8.01686
9041,13.0084
9042,3.01687
9043,20.0084
9044,12.0169
9045,3.00843
9046,1.01686
9047,5.00843
9048,5.01687
9049,18.0084
9050,1.00843
9051,9.00843
9052,1.01686
9053,13.0084
9054,10.0169
9055,8.0253
9056,17.0084
9057,12.0169
9058,12.0253
9059,10.0337
9060,18.0084
9061,5.01687
9062,6.00843
9063,10.0084
9064,1.00843
9065,17.0084
9066,2.00843
9067,12.0084
9068,1.01686
9069,14.0084
9070,6.00843
9071,1.00843
9072,1.01686
9073,3.00843
9074,7.00843
9075,16.0084
9076,8.01686
9077,5.0253
9078,5.03373
9079,5.04216
9080,1.00843
9081,12.0084
9082,10.0169
9083,1.00843
9084,10.0084
9085,16.0084
9086,12.0169
9087,12.0084
9088,14.0084
9089,13.0169
9090,1.00843
9091,1.01686
9092,14.0084
9093,16.0084
9094,14.0084
9095,4.01687
9096,1.0253
9097,14.0084
9098,7.01687
9099,5.0253
9100,8.00843
9101,16.0084
9102,10.0084
9103,2.01687
9104,6.00843
9105,8.00843
9106,8.00843
9107,4.01687
9108,3.0253
9109,1.03373
9110,12.0084
9111,3.01687
9112,20.0084
9113,5.01687
9114,5.0253
9115,12.0084
9116,8.01686
9117,7.0253
9118,5.03373
9119,1.04216
9120,1.05059
9121,3.00843
9122,1.01686
9123,16.0084
9124,12.0169
9125,16.0084
9126,8.01686
9127,20.0084
9128,10.0084
9129,10.0084
9130,7.01687
9131,5.0253
9132,3.03373
9133,10.0084
9134,8.00843
9135,3.01687
9136,14.0084
9137,12.0169
9138,12.0253
9139,10.0337
9140,8.00843
9141,8.01686
9142,14.0084
9143,14.0169
9144,12.0253
9145,3.03373
9146,1.04216
9147,1.05059
9148,10.0084
9149,3.00843
9150,8.00843
9151,4.01687
9152,13.0084
9153,5.01687
9154,11.0084
9155,14.0084
9156,12.0169
9157,3.0253
9158,18.0084
9159,11.0169
9160,8.0253
9161,8.03373
9162,14.0084
9163,5.01687
9164,1.0253
9165,13.0084
9166,10.0169
9167,5.0253
9168,1.03373
9169,11.0084
9170,7.01687
9171,1.0253
9172,7.00843
9173,2.01687
9174,1.0253
9175,8.00843
9176,3.00843
9177,12.0084
9178,12.0169
9179,8.0253
9180,3.00843
9181,12.0084
9182,9.01686
9183,8.0253
9184,5.03373
9185,3.04216
9186,3.05059
9187,3.05903
9188,1.06746
9189,16.0084
9190,10.0169
9191,16.0084
9192,13.0169
9193,12.0253
9194,10.0337
9195,3.04216
9196,17.0084
9197,13.0169
9198,12.0253
9199,8.03373
9200,5.04216
9201,12.0084
9202,5.01687
9203,5.0253
9204,16.0084
9205,17.0084
9206,10.0169
9207,10.0084
9208,7.01687
9209,7.00843
9210,3.01687
9211,5.00843
9212,5.01687
9213,5.00843
9214,3.01687
9215,1.00843
9216,14.0084
9217,7.00843
9218,10.0084
9219,7.00843
9220,10.0084
9221,11.0084
9222,10.0169
9223,10.0253
9224,3.03373
9225,5.00843
9226,7.00843
9227,12.0084
9228,12.0084
9229,10.0169
9230,3.00843
9231,16.0084
9232,16.0084
9233,3.00843
9234,20.0084
9235,14.0084
9236,12.0084
9237,2.01687
9238,1.0253
9239,8.00843
9240,8.01686
9241,8.0253
9242,6.03373
9243,1.04216
9244,3.00843
9245,5.00843
9246,14.0084
9247,5.01687
9248,5.00843
9249,1.01686
9250,1.00843
9251,5.00843
9252,12.0084
9253,13.0084
9254,10.0169
9255,8.0253
9256,12.0084
9257,1.01686
9258,1.0253
9259,18.0084
9260,9.01686
9261,6.0253
9262,6.03373
9263,7.00843
9264,7.01687
9265,3.0253
9266,18.0084
9267,18.0169
9268,13.0084
9269,7.00843
9270,7.01687
9271,8.00843
9272,8.01686
9273,8.0253
9274,13.0084
9275,9.01686
9276,12.0084
9277,16.0084
9278,5.01687
9279,5.0253
9280,7.00843
9281,18.0084
9282,18.0084
9283,2.01687
9284,13.0084
9285,8.01686
9286,4.0253
9287,1.03373
9288,15.0084
9289,5.01687
9290,5.00843
9291,1.01686
9292,8.00843
9293,7.01687
9294,7.0253
9295,7.03373
9296,6.04216
9297,5.05059
9298,5.00843
9299,5.00843
9300,5.00843
9301,12.0084
9302,10.0169
9303,13.0084
9304,10.0169
9305,10.0253
9306,8.03373
9307,2.04216
9308,1.05059
9309,14.0084
9310,14.0169
9311,8.0253
9312,1.03373
9313,14.0084
9314,8.01686
9315,11.0084
9316,5.01687
9317,3.0253
9318,7.00843
9319,5.01687
9320,9.00843
9321,6.01687
9322,10.0084
9323,1.01686
9324,16.0084
9325,10.0169
9326,10.0253
9327,20.0084
9328,18.0169
9329,17.0253
9330,14.0337
9331,12.0422
9332,8.05059
9333,6.05903
9334,12.0084
9335,10.0169
9336,10.0253
9337,14.0084
9338,13.0169
9339,12.0084
9340,7.01687
9341,13.0084
9342,13.0169
9343,12.0253
9344,10.0337
9345,16.0084
9346,13.0169
9347,10.0253
9348,8.00843
9349,1.01686
9350,1.0253
9351,3.00843
9352,3.00843
9353,7.00843
9354,8.00843
9355,8.01686
9356,8.0253
9357,3.03373
9358,10.0084
9359,10.0169
9360,5.0253
9361,17.0084
9362,7.01687
9363,8.00843
9364,1.01686
9365,14.0084
9366,13.0169
9367,12.0084
9368,1.01686
9369,3.00843
9370,5.00843
9371,14.0084
9372,8.01686
9373,7.0253
9374,4.03373
9375,2.04216
9376,12.0084
9377,1.00843
9378,19.0084
9379,16.0169
9380,8.0253
9381,12.0084
9382,5.01687
9383,6.00843
9384,16.0084
9385,9.00843
9386,8.01686
9387,18.0084
9388,10.0169
9389,12.0084
9390,1.00843
9391,13.0084
9392,15.0084
9393,8.00843
9394,1.00843
9395,12.0084
9396,7.00843
9397,3.00843
9398,10.0084
9399,9.01686
9400,8.0253
9401,1.00843
9402,13.0084
9403,8.01686
9404,16.0084
9405,12.0169
9406,10.0084
9407,3.01687
9408,1.00843
9409,1.00843
9410,1.01686
9411,17.0084
9412,5.01687
9413,18.0084
9414,7.01687
9415,8.00843
9416,8.01686
9417,3.0253
9418,1.03373
9419,6.00843
9420,6.01687
9421,5.00843
9422,1.01686
9423,8.00843
9424,5.01687
9425,3.0253
9426,8.00843
9427,3.00843
9428,10.0084
9429,8.01686
9430,1.0253
9431,17.0084
9432,10.0169
9433,3.0253
9434,7.00843
9435,12.0084
9436,5.00843
9437,5.01687
9438,14.0084
9439,10.0169
9440,6.0253
9441,7.00843
9442,17.0084
9443,16.0169
9444,16.0253
9445,8.03373
9446,20.0084
9447,7.01687
9448,13.0084
9449,10.0169
9450,10.0253
9451,9.03373
9452,7.00843
9453,1.01686
9454,1.0253
9455,13.0084
9456,13.0169
9457,8.00843
9458,16.0084
9459,14.0169
9460,9.0253
9461,5.03373
9462,16.0084
9463,1.01686
9464,1.00843
9465,1.01686
9466,1.0253
9467,18.0084
9468,16.0084
9469,20.0084
9470,5.01687
9471,11.0084
9472,2.01687
9473,16.0084
9474,5.01687
9475,8.00843
9476,5.00843
9477,8.00843
9478,12.0084
9479,7.01687
9480,17.0084
9481,6.00843
9482,17.0084
9483,16.0169
9484,8.0253
9485,8.03373
9486,12.0084
9487,1.00843
9488,1.01686
9489,7.00843
9490,18.0084
9491,12.0169
9492,3.0253
9493,18.0084
9494,5.01687
9495,1.0253
9496,1.00843
9497,6.00843
9498,5.01687
9499,8.00843
9500,5.00843
9501,10.0084
9502,8.01686
9503,7.0253
9504,8.00843
9505,1.01686
9506,12.0084
9507,12.0169
9508,10.0253
9509,6.03373
9510,3.00843
9511,10.0084
9512,10.0169
9513,1.0253
9514,12.0084
9515,9.01686
9516,13.0084
9517,7.01687
9518,13.0084
9519,1.01686
9520,8.00843
9521,16.0084
9522,7.01687
9523,1.0253
9524,6.00843
9525,1.01686
9526,3.00843
9527,20.0084
9528,19.0169
9529,8.0253
9530,12.0084
9531,15.0084
9532,2.01687
9533,10.0084
9534,5.00843
9535,1.01686
9536,10.0084
9537,3.00843
9538,13.0084
9539,8.01686
9540,8.00843
9541,8.00843
9542,10.0084
9543,8.01686
9544,18.0084
9545,6.01687
9546,16.0084
9547,13.0084
9548,7.01687
9549,1.00843
9550,17.0084
9551,1.01686
9552,6.00843
9553,5.01687
9554,6.00843
9555,14.0084
9556,8.01686
9557,8.0253
9558,9.00843
9559,8.00843
9560,8.01686
9561,8.0253
9562,1.03373
9563,18.0084
9564,12.0169
9565,8.0253
9566,5.00843
9567,1.01686
9568,12.0084
9569,12.0169
9570,10.0253
9571,7.03373
9572,14.0084
9573,14.0169
9574,12.0253
9575,17.0084
9576,2.01687
9577,18.0084
9578,14.0084
9579,12.0169
9580,8.00843
9581,1.01686
9582,12.0084
9583,6.01687
9584,12.0084
9585,18.0084
9586,1.01686
9587,5.00843
9588,5.01687
9589,1.0253
9590,15.0084
9591,5.01687
9592,1.0253
9593,5.00843
9594,5.01687
9595,19.0084
9596,8.00843
9597,1.01686
9598,5.00843
9599,13.0084
9600,11.0169
9601,8.0253
9602,1.03373
9603,14.0084
9604,20.0084
9605,13.0169
9606,14.0084
9607,5.00843
9608,1.00843
9609,16.0084
9610,5.00843
9611,5.01687
9612,13.0084
9613,7.01687
9614,7.0253
9615,1.03373
9616,8.00843
9617,8.01686
9618,1.0253
9619,10.0084
9620,10.0169
9621,18.0084
9622,15.0169
9623,13.0253
9624,10.0337
9625,5.04216
9626,12.0084
9627,13.0084
9628,10.0169
9629,11.0084
9630,10.0169
9631,8.0253
9632,8.03373
9633,7.04216
9634,14.0084
9635,1.01686
9636,1.0253
9637,10.0084
9638,3.01687
9639,1.00843
9640,14.0084
9641,6.01687
9642,4.0253
9643,10.0084
9644,5.01687
9645,1.0253
9646,17.0084
9647,10.0084
9648,18.0084
9649,17.0169
9650,7.0253
9651,3.00843
9652,6.00843
9653,10.0084
9654,14.0084
9655,18.0084
9656,15.0169
9657,5.00843
9658,13.0084
9659,13.0169
9660,6.0253
9661,14.0084
9662,10.0169
9663,1.0253
9664,1.03373
9665,1.00843
9666,1.01686
9667,10.0084
9668,3.01687
9669,1.00843
9670,8.00843
9671,4.01687
9672,5.00843
9673,2.01687
9674,5.00843
9675,12.0084
9676,8.01686
9677,3.0253
9678,10.0084
9679,19.0084
9680,8.00843
9681,8.01686
9682,3.0253
9683,3.03373
9684,8.00843
9685,3.01687
9686,12.0084
9687,6.01687
9688,5.00843
9689,12.0084
9690,12.0169
9691,1.0253
9692,13.0084
9693,1.01686
9694,14.0084
9695,5.00843
9696,18.0084
9697,12.0169
9698,8.00843
9699,6.01687
9700,14.0084
9701,12.0169
9702,7.0253
9703,8.00843
9704,11.0084
9705,10.0169
9706,4.0253
9707,18.0084
9708,5.01687
9709,5.0253
9710,5.03373
9711,13.0084
9712,8.01686
9713,5.0253
9714,5.00843
9715,8.00843
9716,10.0084
9717,10.0084
9718,5.01687
9719,5.0253
9720,1.03373
9721,7.00843
9722,1.01686
9723,8.00843
9724,2.01687
9725,17.0084
9726,16.0169
9727,8.0253
9728,5.00843
9729,2.01687
9730,10.0084
9731,8.00843
9732,8.01686
9733,8.00843
9734,7.00843
9735,8.00843
9736,20.0084
9737,17.0169
9738,1.00843
9739,7.00843
9740,16.0084
9741,12.0169
9742,5.0253
9743,5.03373
9744,3.04216
9745,1.05059
9746,14.0084
9747,12.0084
9748,1.01686
9749,1.0253
9750,14.0084
9751,14.0084
9752,16.0084
9753,10.0169
9754,8.0253
9755,5.03373
9756,5.04216
9757,19.0084
9758,7.01687
9759,7.0253
9760,3.03373
9761,8.00843
9762,7.01687
9763,3.0253
9764,1.00843
9765,17.0084
9766,9.01686
9767,14.0084
9768,10.0169
9769,1.00843
9770,10.0084
9771,2.01687
9772,8.00843
9773,6.01687
9774,5.0253
9775,3.03373
9776,10.0084
9777,10.0084
9778,5.01687
9779,5.0253
9780,11.0084
9781,10.0084
9782,7.01687
9783,9.00843
9784,16.0084
9785,5.01687
9786,12.0084
9787,12.0169
9788,8.0253
9789,6.03373
9790,18.0084
9791,14.0169
9792,6.0253
9793,4.03373
9794,16.0084
9795,14.0169
9796,11.0253
9797,5.03373
9798,16.0084
9799,6.01687
9800,12.0084
9801,10.0169
9802,7.0253
9803,16.0084
9804,3.01687
9805,10.0084
9806,1.01686
9807,5.00843
9808,16.0084
9809,1.01686
9810,18.0084
9811,5.01687
9812,5.00843
9813,17.0084
9814,1.01686
9815,7.00843
9816,7.01687
9817,5.0253
9818,6.00843
9819,1.01686
9820,18.0084
9821,7.01687
9822,1.0253
9823,19.0084
9824,16.0169
9825,16.0253
9826,12.0337
9827,12.0084
9828,12.0084
9829,10.0169
9830,8.0253
9831,7.00843
9832,10.0084
9833,13.0084
9834,11.0169
9835,10.0253
9836,9.03373
9837,12.0084
9838,8.00843
9839,3.01687
9840,12.0084
9841,2.01687
9842,5.00843
9843,3.01687
9844,12.0084
9845,4.01687
9846,20.0084
9847,19.0169
9848,8.0253
9849,14.0084
9850,9.00843
9851,1.01686
9852,12.0084
9853,10.0169
9854,8.00843
9855,12.0084
9856,16.0084
9857,8.00843
9858,14.0084
9859,10.0169
9860,12.0084
9861,1.00843
9862,3.00843
9863,17.0084
9864,1.01686
9865,18.0084
9866,8.01686
9867,1.00843
9868,13.0084
9869,3.01687
9870,3.0253
9871,1.00843
9872,10.0084
9873,1.01686
9874,19.0084
9875,10.0084
9876,8.01686
9877,5.0253
9878,12.0084
9879,10.0084
9880,5.01687
9881,6.00843
9882,17.0084
9883,12.0169
9884,12.0084
9885,17.0084
9886,10.0084
9887,3.00843
9888,15.0084
9889,10.0084
9890,7.01687
9891,14.0084
9892,5.01687
9893,6.00843
9894,7.00843
9895,8.00843
9896,7.01687
9897,8.00843
9898,7.01687
9899,14.0084
9900,5.01687
9901,5.0253
9902,10.0084
9903,5.01687
9904,12.0084
9905,8.01686
9906,7.0253
9907,10.0084
9908,10.0084
9909,7.01687
9910,3.00843
9911,5.00843
9912,5.00843
9913,5.01687
9914,18.0084
9915,17.0169
9916,10.0253
9917,8.03373
9918,6.04216
9919,13.0084
9920,8.00843
9921,8.01686
9922,3.0253
9923,8.00843
9924,16.0084
9925,14.0169
9926,10.0253
9927,10.0337
9928,10.0422
9929,16.0084
9930,13.0084
9931,10.0169
9932,3.0253
9933,16.0084
9934,14.0169
9935,12.0253
9936,12.0337
9937,10.0422
9938,1.05059
9939,17.0084
9940,17.0169
9941,14.0253
9942,3.00843
9943,17.0084
9944,14.0169
9945,12.0253
9946,5.00843
9947,14.0084
9948,5.01687
9949,17.0084
9950,8.01686
9951,16.0084
9952,1.01686
9953,1.0253
9954,12.0084
9955,10.0169
9956,7.00843
9957,20.0084
9958,16.0169
9959,16.0253
9960,10.0337
9961,1.04216
9962,11.0084
9963,7.00843
9964,4.01687
9965,7.00843
9966,7.00843
9967,3.01687
9968,8.00843
9969,15.0084
9970,12.0169
9971,10.0253
9972,7.03373
9973,8.00843
9974,7.00843
9975,3.01687
9976,1.0253
9977,14.0084
9978,16.0084
9979,14.0169
9980,14.0253
9981,7.00843
9982,6.01687
9983,12.0084
9984,12.0084
9985,1.01686
9986,5.00843
9987,17.0084
9988,8.01686
9989,1.0253
9990,8.00843
9991,5.01687
9992,3.0253
9993,12.0084
9994,9.01686
9995,8.0253
9996,10.0084
9997,10.0169
9998,9.0253
9999,3.00843
10000,1.01686
10001,17.0084
10002,10.0169
10003,8.00843
10004,5.01687
10005,1.0253
10006,1.03373
10007,8.00843
10008,7.00843
10009,5.01687
10010,10.0084
10011,10.0169
10012,8.0253
10013,12.0084
10014,5.01687
10015,12.0084
10016,7.01687
10017,9.00843
10018,8.01686
10019,13.0084
10020,10.0169
10021,12.0084
10022,8.01686
10023,5.00843
10024,1.00843
10025,1.01686
10026,8.00843
10027,2.01687
10028,9.00843
10029,7.01687
10030,18.0084
10031,6.01687
10032,1.00843
10033,13.0084
10034,12.0169
10035,6.0253
10036,3.00843
10037,1.00843
10038,1.00843
10039,1.00843
10040,8.00843
10041,6.01687
10042,3.00843
10043,3.00843
10044,18.0084
10045,13.0169
10046,14.0084
10047,8.01686
10048,6.0253
10049,5.03373
10050,16.0084
10051,16.0084
10052,14.0169
10053,14.0084
10054,7.01687
10055,4.0253
10056,1.03373
10057,18.0084
10058,7.01687
10059,2.0253
10060,10.0084
10061,9.01686
10062,8.0253
10063,5.03373
10064,16.0084
10065,14.0169
10066,5.0253
10067,15.0084
10068,10.0084
10069,3.01687
10070,3.0253
10071,15.0084
10072,18.0084
10073,7.00843
10074,6.00843
10075,5.01687
10076,1.0253
10077,10.0084
10078,11.0084
10079,8.00843
10080,3.00843
10081,3.01687
10082,6.00843
10083,7.00843
10084,10.0084
10085,18.0084
10086,14.0169
10087,13.0253
10088,6.03373
10089,9.00843
10090,8.00843
10091,1.01686
10092,16.0084
10093,8.01686
10094,6.0253
10095,2.03373
10096,9.00843
10097,7.01687
10098,17.0084
10099,1.01686
10100,4.00843
10101,12.0084
10102,12.0169
10103,14.0084
10104,13.0169
10105,8.0253
10106,5.03373
10107,1.04216
10108,1.05059
10109,18.0084
10110,13.0169
10111,5.0253
10112,16.0084
10113,5.01687
10114,3.0253
10115,19.0084
10116,18.0169
10117,1.0253
10118,1.03373
10119,8.00843
10120,12.0084
10121,11.0169
10122,5.0253
10123,3.03373
10124,13.0084
10125,10.0169
10126,8.0253
10127,8.03373
10128,14.0084
10129,5.01687
10130,15.0084
10131,7.01687
10132,7.00843
10133,1.01686
10134,10.0084
10135,8.01686
10136,1.0253
10137,18.0084
10138,14.0169
10139,10.0253
10140,3.03373
10141,1.04216
10142,14.0084
10143,15.0084
10144,14.0169
10145,12.0253
10146,11.0337
10147,6.04216
10148,5.05059
10149,20.0084
10150,16.0169
10151,12.0253
10152,14.0084
10153,10.0169
10154,8.0253
10155,14.0084
10156,10.0084
10157,10.0169
10158,10.0084
10159,4.00843
10160,18.0084
10161,13.0084
10162,8.01686
10163,8.00843
10164,3.01687
10165,14.0084
10166,8.01686
10167,6.00843
10168,10.0084
10169,5.01687
10170,18.0084
10171,5.01687
10172,1.0253
10173,14.0084
10174,8.01686
10175,6.0253
10176,1.03373
10177,10.0084
10178,5.00843
10179,3.01687
10180,16.0084
10181,8.01686
10182,1.0253
10183,1.03373
10184,16.0084
10185,8.01686
10186,1.0253
10187,10.0084
10188,5.01687
10189,8.00843
10190,1.01686
10191,18.0084
10192,3.01687
10193,10.0084
10194,10.0169
10195,8.0253
10196,1.03373
10197,11.0084
10198,10.0169
10199,10.0253
10200,12.0084
10201,10.0169
10202,8.0253
10203,7.00843
10204,3.01687
10205,14.0084
10206,10.0169
10207,13.0084
10208,7.01687
10209,7.00843
10210,8.00843
10211,8.01686
10212,8.0253
10213,3.03373
10214,10.0084
10215,7.01687
10216,5.0253
10217,10.0084
10218,10.0169
10219,3.0253
10220,12.0084
10221,10.0169
10222,14.0084
10223,4.00843
10224,1.01686
10225,12.0084
10226,8.00843
10227,5.01687
10228,3.0253
10229,20.0084
10230,14.0169
10231,10.0253
10232,3.03373
10233,12.0084
10234,1.01686
10235,16.0084
10236,6.01687
10237,5.0253
10238,18.0084
10239,8.01686
10240,5.0253
10241,14.0084
10242,5.01687
10243,1.0253
10244,1.03373
10245,10.0084
10246,10.0169
10247,7.00843
10248,12.0084
10249,12.0169
10250,5.0253
10251,1.03373
10252,15.0084
10253,10.0169
10254,13.0084
10255,8.01686
10256,16.0084
10257,3.01687
10258,7.00843
10259,10.0084
10260,5.01687
10261,10.0084
10262,12.0084
10263,10.0169
10264,1.0253
10265,7.00843
10266,10.0084
10267,8.01686
10268,15.0084
10269,5.01687
10270,1.00843
10271,18.0084
10272,8.01686
10273,7.00843
10274,3.01687
10275,5.00843
10276,20.0084
10277,19.0169
10278,12.0253
10279,3.00843
10280,1.01686
10281,13.0084
10282,8.01686
10283,1.00843
10284,13.0084
10285,7.01687
10286,5.0253
10287,3.03373
10288,5.00843
10289,3.01687
10290,13.0084
10291,10.0084
10292,10.0169
10293,8.0253
10294,5.03373
10295,10.0084
10296,9.01686
10297,1.0253
10298,13.0084
10299,13.0084
10300,13.0169
10301,5.0253
10302,3.03373
10303,3.04216
10304,14.0084
10305,7.01687
10306,5.0253
10307,13.0084
10308,10.0169
10309,8.0253
10310,5.03373
10311,5.04216
10312,5.05059
10313,5.05903
10314,6.00843
10315,6.01687
10316,12.0084
10317,5.01687
10318,5.0253
10319,1.03373
10320,8.00843
10321,6.01687
10322,14.0084
10323,12.0169
10324,5.0253
10325,17.0084
10326,18.0084
10327,8.01686
10328,1.0253
10329,14.0084
10330,14.0169
10331,8.0253
10332,19.0084
10333,18.0084
10334,16.0169
10335,12.0253
10336,12.0084
10337,8.01686
10338,1.0253
10339,5.00843
10340,2.01687
10341,14.0084
10342,8.01686
10343,6.0253
10344,14.0084
10345,15.0084
10346,8.01686
10347,17.0084
10348,12.0169
10349,17.0084
10350,15.0169
10351,18.0084
10352,13.0169
10353,2.0253
10354,7.00843
10355,19.0084
10356,4.01687
10357,15.0084
10358,12.0084
10359,12.0169
10360,3.00843
10361,18.0084
10362,18.0084
10363,7.01687
10364,5.00843
10365,18.0084
10366,1.01686
10367,17.0084
10368,5.01687
10369,20.0084
10370,13.0169
10371,13.0253
10372,7.00843
10373,6.00843
10374,16.0084
10375,12.0169
10376,12.0253
10377,8.00843
10378,3.01687
10379,5.00843
10380,8.00843
10381,6.01687
10382,6.00843
10383,1.01686
10384,15.0084
10385,8.01686
10386,12.0084
10387,17.0084
10388,6.01687
10389,7.00843
10390,3.01687
10391,8.00843
10392,13.0084
10393,8.00843
10394,1.00843
10395,12.0084
10396,14.0084
10397,5.00843
10398,5.01687
10399,10.0084
10400,9.01686
10401,3.0253
10402,3.03373
10403,18.0084
10404,7.01687
10405,7.0253
10406,7.03373
10407,8.00843
10408,1.01686
10409,1.0253
10410,18.0084
10411,16.0169
10412,12.0253
10413,10.0337
10414,8.00843
10415,1.01686
10416,5.00843
10417,16.0084
10418,14.0169
10419,10.0253
10420,8.03373
10421,3.04216
10422,8.00843
10423,17.0084
10424,3.01687
10425,8.00843
10426,18.0084
10427,6.01687
10428,1.0253
10429,19.0084
10430,13.0169
10431,13.0253
10432,7.03373
10433,6.04216
10434,17.0084
10435,17.0169
10436,12.0084
10437,12.0169
10438,1.0253
10439,16.0084
10440,10.0169
10441,10.0253
10442,3.03373
10443,7.00843
10444,12.0084
10445,5.01687
10446,5.0253
10447,12.0084
10448,5.01687
10449,9.00843
10450,7.01687
10451,5.0253
10452,5.00843
10453,16.0084
10454,8.01686
10455,8.0253
10456,8.03373
10457,7.04216
10458,5.05059
10459,7.00843
10460,7.01687
10461,5.0253
10462,1.03373
10463,3.00843
10464,12.0084
10465,7.01687
10466,1.0253
10467,10.0084
10468,8.01686
10469,5.00843
10470,17.0084
10471,14.0169
10472,5.0253
10473,8.00843
10474,1.01686
10475,1.0253
10476,16.0084
10477,7.01687
10478,18.0084
10479,8.01686
10480,7.00843
10481,18.0084
10482,19.0084
10483,14.0169
10484,13.0253
10485,5.03373
10486,1.04216
10487,16.0084
10488,9.01686
10489,6.0253
10490,16.0084
10491,7.01687
10492,7.0253
10493,3.03373
10494,14.0084
10495,12.0169
10496,7.0253
10497,5.03373
10498,7.00843
10499,10.0084
10500,5.01687
10501,7.00843
10502,7.00843
10503,14.0084
10504,9.01686
10505,8.0253
10506,3.03373
10507,14.0084
10508,10.0169
10509,1.00843
10510,5.00843
10511,8.00843
10512,8.01686
10513,10.0084
10514,10.0084
10515,2.00843
10516,13.0084
10517,1.01686
10518,5.00843
10519,6.00843
10520,3.01687
10521,12.0084
10522,8.01686
10523,8.00843
10524,16.0084
10525,1.01686
10526,19.0084
10527,16.0169
10528,14.0253
10529,8.03373
10530,3.04216
10531,18.0084
10532,3.01687
10533,12.0084
10534,10.0169
10535,3.00843
10536,6.00843
10537,1.01686
10538,1.0253
10539,13.0084
10540,5.01687
10541,17.0084
10542,16.0169
10543,14.0253
10544,7.00843
10545,4.01687
10546,1.0253
10547,17.0084
10548,5.01687
10549,10.0084
10550,6.01687
10551,1.0253
10552,1.03373
10553,10.0084
10554,1.01686
10555,3.00843
10556,13.0084
10557,8.01686
10558,3.0253
10559,8.00843
10560,8.01686
10561,14.0084
10562,15.0084
10563,18.0084
10564,8.01686
10565,10.0084
10566,10.0084
10567,8.01686
10568,1.0253
10569,14.0084
10570,6.01687
10571,2.00843
10572,7.00843
10573,3.01687
10574,14.0084
10575,18.0084
10576,8.01686
10577,1.0253
10578,5.00843
10579,3.01687
10580,8.00843
10581,8.01686
10582,14.0084
10583,10.0169
10584,3.0253
10585,8.00843
10586,9.00843
10587,2.01687
10588,10.0084
10589,10.0169
10590,8.00843
10591,3.01687
10592,12.0084
10593,12.0169
10594,10.0253
10595,14.0084
10596,5.01687
10597,12.0084
10598,12.0169
10599,20.0084
10600,13.0084
10601,8.00843
10602,6.01687
10603,1.0253
10604,15.0084
10605,5.01687
10606,19.0084
10607,13.0084
10608,13.0084
10609,3.01687
10610,16.0084
10611,14.0169
10612,10.0253
10613,8.03373
10614,6.04216
10615,15.0084
10616,12.0169
10617,10.0253
10618,5.03373
10619,1.00843
10620,8.00843
10621,8.01686
10622,1.0253
10623,18.0084
10624,5.01687
10625,1.0253
10626,12.0084
10627,10.0169
10628,7.0253
10629,8.00843
10630,3.01687
10631,3.0253
10632,8.00843
10633,12.0084
10634,10.0169
10635,3.0253
10636,8.00843
10637,18.0084
10638,15.0084
10639,12.0169
10640,8.0253
10641,16.0084
10642,14.0169
10643,14.0253
10644,13.0084
10645,18.0084
10646,16.0169
10647,12.0084
10648,10.0169
10649,10.0253
10650,1.03373
10651,13.0084
10652,13.0169
10653,14.0084
10654,14.0169
10655,18.0084
10656,3.01687
10657,3.0253
10658,12.0084
10659,5.01687
10660,1.00843
10661,20.0084
10662,7.01687
10663,8.00843
10664,3.01687
10665,7.00843
10666,16.0084
10667,8.01686
10668,5.0253
10669,1.03373
10670,7.00843
10671,5.01687
10672,3.00843
10673,10.0084
10674,5.01687
10675,12.0084
10676,6.01687
10677,3.0253
10678,2.03373
10679,16.0084
10680,14.0169
10681,12.0253
10682,1.03373
10683,1.04216
10684,19.0084
10685,6.01687
10686,8.00843
10687,5.01687
10688,3.0253
10689,16.0084
10690,14.0169
10691,8.0253
10692,13.0084
10693,10.0169
10694,8.0253
10695,3.03373
10696,3.04216
10697,14.0084
10698,10.0169
10699,10.0253
10700,1.03373
10701,12.0084
10702,17.0084
10703,16.0169
10704,14.0084
10705,9.01686
10706,4.0253
10707,18.0084
10708,15.0169
10709,14.0253
10710,13.0337
10711,10.0422
10712,10.0506
10713,5.05903
10714,9.00843
10715,8.01686
10716,16.0084
10717,12.0169
10718,10.0253
10719,6.03373
10720,18.0084
10721,17.0169
10722,13.0253
10723,8.03373
10724,1.04216
10725,14.0084
10726,9.01686
10727,12.0084
10728,11.0169
10729,10.0253
10730,18.0084
10731,15.0169
10732,8.0253
10733,16.0084
10734,14.0169
10735,7.0253
10736,16.0084
10737,1.00843
10738,8.00843
10739,1.01686
10740,3.00843
10741,10.0084
10742,1.00843
10743,1.00843
10744,17.0084
10745,14.0169
10746,3.0253
10747,8.00843
10748,3.01687
10749,10.0084
10750,10.0169
10751,10.0084
10752,3.00843
10753,3.01687
10754,16.0084
10755,8.01686
10756,13.0084
10757,12.0169
10758,4.00843
10759,1.01686
10760,12.0084
10761,7.01687
10762,5.0253
10763,10.0084
10764,8.01686
10765,16.0084
10766,10.0169
10767,1.0253
10768,5.00843
10769,4.01687
10770,18.0084
10771,8.01686
10772,3.0253
10773,1.00843
10774,18.0084
10775,17.0169
10776,15.0253
10777,14.0337
10778,3.04216
10779,1.05059
10780,10.0084
10781,3.01687
10782,12.0084
10783,6.01687
10784,5.0253
10785,1.03373
10786,14.0084
10787,12.0169
10788,7.0253
10789,7.03373
10790,1.04216
10791,7.00843
10792,14.0084
10793,11.0169
10794,5.0253
10795,3.03373
10796,10.0084
10797,8.01686
10798,10.0084
10799,5.01687
10800,5.00843
10801,18.0084
10802,13.0084
10803,1.01686
10804,18.0084
10805,10.0169
10806,16.0084
10807,10.0169
10808,10.0253
10809,8.03373
10810,15.0084
10811,12.0169
10812,14.0084
10813,12.0169
10814,12.0084
10815,8.00843
10816,5.01687
10817,3.00843
10818,10.0084
10819,7.01687
10820,1.0253
10821,5.00843
10822,8.00843
10823,1.01686
10824,14.0084
10825,8.01686
10826,1.0253
10827,1.03373
10828,1.04216
10829,12.0084
10830,6.00843
10831,13.0084
10832,10.0084
10833,1.01686
10834,20.0084
10835,16.0169
10836,14.0253
10837,13.0337
10838,5.04216
10839,14.0084
10840,12.0169
10841,2.0253
10842,16.0084
10843,8.01686
10844,3.0253
10845,3.03373
10846,14.0084
10847,14.0169
10848,8.0253
10849,6.03373
10850,18.0084
10851,8.01686
10852,3.0253
10853,2.03373
10854,1.04216
10855,19.0084
10856,16.0169
10857,17.0084
10858,14.0169
10859,7.0253
10860,6.03373
10861,8.00843
10862,7.01687
10863,20.0084
10864,14.0169
10865,8.0253
10866,5.03373
10867,10.0084
10868,7.01687
10869,5.0253
10870,5.03373
10871,10.0084
10872,14.0084
10873,5.00843
10874,16.0084
10875,14.0169
10876,11.0253
10877,7.00843
10878,1.01686
10879,3.00843
10880,18.0084
10881,18.0169
10882,16.0084
10883,11.0169
10884,7.0253
10885,3.03373
10886,3.04216
10887,7.00843
10888,1.01686
10889,2.00843
10890,20.0084
10891,20.0169
10892,7.0253
10893,16.0084
10894,10.0169
10895,8.0253
10896,1.03373
10897,11.0084
10898,5.01687
10899,12.0084
10900,12.0084
10901,13.0084
10902,11.0169
10903,18.0084
10904,16.0084
10905,1.01686
10906,13.0084
10907,5.01687
10908,3.0253
10909,3.03373
10910,2.04216
10911,18.0084
10912,5.01687
10913,1.0253
10914,5.00843
10915,7.00843
10916,10.0084
10917,9.01686
10918,8.0253
10919,8.03373
10920,10.0084
10921,12.0084
10922,10.0169
10923,9.0253
10924,1.03373
10925,12.0084
10926,3.01687
10927,15.0084
10928,10.0084
10929,5.01687
10930,20.0084
10931,16.0169
10932,20.0084
10933,5.01687
10934,1.0253
10935,10.0084
10936,1.01686
10937,12.0084
10938,12.0169
10939,13.0084
10940,15.0084
10941,1.01686
10942,8.00843
10943,3.01687
10944,5.00843
10945,2.01687
10946,11.0084
10947,10.0169
10948,3.0253
10949,3.03373
10950,1.04216
10951,18.0084
10952,10.0169
10953,5.00843
10954,5.01687
10955,12.0084
10956,8.01686
10957,8.0253
10958,3.03373
10959,1.04216
10960,1.00843
10961,8.00843
10962,6.01687
10963,3.0253
10964,3.03373
10965,13.0084
10966,4.01687
10967,3.0253
10968,3.03373
10969,10.0084
10970,5.01687
10971,11.0084
10972,9.01686
10973,6.0253
10974,5.03373
10975,1.04216
10976,14.0084
10977,12.0169
10978,2.0253
10979,15.0084
10980,8.01686
10981,8.0253
10982,8.00843
10983,8.01686
10984,8.0253
10985,15.0084
10986,12.0169
10987,6.0253
10988,11.0084
10989,11.0169
10990,10.0253
10991,10.0337
10992,7.04216
10993,7.05059
10994,6.05903
10995,8.00843
10996,3.01687
10997,12.0084
10998,12.0169
10999,11.0253
11000,1.03373
11001,16.0084
11002,10.0169
11003,10.0253
11004,15.0084
11005,14.0169
11006,14.0253
11007,1.03373
11008,14.0084
11009,14.0169
11010,12.0253
11011,12.0337
11012,15.0084
11013,7.01687
11014,5.0253
11015,16.0084
11016,17.0084
11017,20.0084
11018,10.0169
11019,17.0084
11020,20.0084
11021,3.01687
11022,11.0084
11023,11.0169
11024,12.0084
11025,12.0169
11026,10.0253
11027,12.0084
11028,10.0169
11029,10.0253
11030,1.00843
11031,16.0084
11032,9.01686
11033,1.00843
11034,16.0084
11035,3.00843
11036,18.0084
11037,16.0169
11038,7.0253
11039,15.0084
11040,11.0169
11041,1.0253
11042,1.03373
11043,1.00843
11044,3.00843
11045,6.00843
11046,5.00843
11047,5.01687
11048,9.00843
11049,12.0084
11050,8.01686
11051,3.0253
11052,18.0084
11053,9.01686
11054,13.0084
11055,14.0084
11056,12.0169
11057,13.0084
11058,7.01687
11059,6.00843
11060,5.01687
11061,3.0253
11062,1.03373
11063,1.04216
11064,17.0084
11065,15.0169
11066,18.0084
11067,5.01687
11068,4.00843
11069,12.0084
11070,5.01687
11071,18.0084
11072,8.01686
11073,7.0253
11074,4.00843
11075,10.0084
11076,10.0169
11077,10.0084
11078,5.01687
11079,3.00843
11080,10.0084
11081,9.00843
11082,7.00843
11083,2.00843
11084,18.0084
11085,13.0084
11086,5.01687
11087,1.0253
11088,8.00843
11089,3.01687
11090,14.0084
11091,1.01686
11092,9.00843
11093,7.01687
11094,5.0253
11095,11.0084
11096,8.01686
11097,10.0084
11098,1.00843
11099,10.0084
11100,3.01687
11101,20.0084
11102,16.0169
11103,13.0253
11104,3.03373
11105,12.0084
11106,5.01687
11107,1.0253
11108,11.0084
11109,16.0084
11110,16.0169
11111,1.0253
11112,1.03373
11113,8.00843
11114,1.01686
11115,8.00843
11116,8.01686
11117,3.0253
11118,3.03373
11119,10.0084
11120,8.01686
11121,12.0084
11122,5.01687
11123,5.0253
11124,5.03373
11125,1.04216
11126,1.05059
11127,6.00843
11128,7.00843
11129,5.01687
11130,3.0253
11131,1.03373
11132,8.00843
11133,2.01687
11134,1.0253
11135,16.0084
11136,10.0169
11137,9.0253
11138,5.03373
11139,1.04216
11140,14.0084
11141,10.0169
11142,10.0253
11143,10.0337
11144,12.0084
11145,12.0169
11146,1.0253
11147,1.03373
11148,5.00843
11149,14.0084
11150,14.0169
11151,14.0253
11152,14.0337
11153,13.0422
11154,10.0506
11155,12.0084
11156,1.01686
11157,12.0084
11158,12.0169
11159,8.0253
11160,5.03373
11161,17.0084
11162,10.0169
11163,8.00843
11164,1.01686
11165,16.0084
11166,12.0169
11167,17.0084
11168,10.0169
11169,16.0084
11170,16.0169
11171,14.0253
11172,2.00843
11173,1.01686
11174,14.0084
11175,9.00843
11176,5.01687
11177,10.0084
11178,8.01686
11179,8.0253
11180,12.0084
11181,12.0084
11182,5.01687
11183,5.0253
11184,8.00843
11185,8.00843
11186,8.00843
11187,6.01687
11188,7.00843
11189,9.00843
11190,8.01686
11191,8.0253
11192,3.03373
11193,1.04216
11194,12.0084
11195,13.0084
11196,17.0084
11197,19.0084
11198,6.01687
11199,8.00843
11200,3.01687
11201,3.0253
11202,17.0084
11203,7.01687
11204,3.0253
11205,1.00843
11206,12.0084
11207,9.00843
11208,3.01687
11209,12.0084
11210,10.0169
11211,2.00843
11212,16.0084
11213,13.0169
11214,7.0253
11215,7.03373
11216,5.04216
11217,1.05059
11218,8.00843
11219,18.0084
11220,16.0169
11221,15.0253
11222,19.0084
11223,18.0084
11224,15.0169
11225,5.0253
11226,13.0084
11227,13.0169
11228,10.0253
11229,7.03373
11230,2.04216
11231,14.0084
11232,18.0084
11233,14.0084
11234,12.0084
11235,5.01687
11236,15.0084
11237,6.01687
11238,6.0253
11239,5.03373
11240,12.0084
11241,1.01686
11242,8.00843
11243,4.01687
11244,9.00843
11245,7.00843
11246,10.0084
11247,1.00843
11248,1.01686
11249,14.0084
11250,14.0169
11251,10.0253
11252,7.03373
11253,3.04216
11254,2.05059
11255,14.0084
11256,10.0169
11257,5.0253
11258,3.03373
11259,8.00843
11260,7.00843
11261,10.0084
11262,5.00843
11263,5.01687
11264,13.0084
11265,7.01687
11266,7.0253
11267,10.0084
11268,8.01686
11269,5.00843
11270,3.01687
11271,3.0253
11272,14.0084
11273,12.0169
11274,3.00843
11275,17.0084
11276,7.01687
11277,5.0253
11278,8.00843
11279,8.01686
11280,19.0084
11281,16.0169
11282,14.0084
11283,8.01686
11284,8.00843
11285,12.0084
11286,10.0169
11287,2.00843
11288,8.00843
11289,5.00843
11290,5.00843
11291,12.0084
11292,9.01686
11293,4.0253
11294,8.00843
11295,20.0084
11296,9.00843
11297,3.00843
11298,12.0084
11299,6.01687
11300,16.0084
11301,5.01687
11302,1.0253
11303,6.00843
11304,9.00843
11305,5.01687
11306,16.0084
11307,17.0084
11308,17.0169
11309,6.0253
11310,5.03373
11311,1.00843
11312,10.0084
11313,8.01686
11314,15.0084
11315,6.01687
11316,2.00843
11317,8.00843
11318,8.01686
11319,3.0253
11320,3.03373
11321,3.04216
11322,3.05059
11323,6.00843
11324,4.01687
11325,17.0084
11326,17.0169
11327,13.0253
11328,5.03373
11329,5.04216
11330,20.0084
11331,17.0084
11332,12.0169
11333,9.0253
11334,6.03373
11335,15.0084
11336,10.0169
11337,8.0253
11338,10.0084
11339,8.01686
11340,18.0084
11341,12.0169
11342,17.0084
11343,16.0169
11344,12.0084
11345,1.01686
11346,13.0084
11347,3.01687
11348,13.0084
11349,5.00843
11350,1.01686
11351,15.0084
11352,3.00843
11353,10.0084
11354,8.01686
11355,8.0253
11356,5.00843
11357,10.0084
11358,3.01687
11359,1.00843
11360,14.0084
11361,14.0169
11362,10.0253
11363,10.0337
11364,10.0084
11365,7.00843
11366,10.0084
11367,7.01687
11368,12.0084
11369,9.01686
11370,8.0253
11371,7.03373
11372,13.0084
11373,12.0169
11374,12.0253
11375,1.03373
11376,14.0084
11377,10.0169
11378,10.0253
11379,1.03373
11380,5.00843
11381,3.01687
11382,13.0084
11383,1.01686
11384,8.00843
11385,8.01686
11386,5.0253
11387,13.0084
11388,13.0169
11389,6.0253
11390,10.0084
11391,8.01686
11392,7.0253
11393,7.03373
11394,9.00843
11395,12.0084
11396,12.0169
11397,12.0084
11398,8.01686
11399,19.0084
11400,13.0169
11401,12.0084
11402,5.01687
11403,14.0084
11404,11.0084
11405,10.0169
11406,12.0084
11407,16.0084
11408,1.00843
11409,2.00843
11410,1.01686
11411,19.0084
11412,16.0169
11413,7.00843
11414,6.01687
11415,3.0253
11416,6.00843
11417,6.00843
11418,13.0084
11419,10.0169
11420,5.0253
11421,8.00843
11422,3.00843
11423,10.0084
11424,8.00843
11425,7.01687
11426,13.0084
11427,17.0084
11428,8.01686
11429,8.0253
11430,7.03373
11431,10.0084
11432,5.01687
11433,16.0084
11434,14.0169
11435,3.0253
11436,3.03373
11437,16.0084
11438,16.0169
11439,1.0253
11440,12.0084
11441,8.01686
11442,1.0253
11443,18.0084
11444,14.0169
11445,17.0084
11446,3.01687
11447,14.0084
11448,10.0169
11449,10.0084
11450,8.01686
11451,1.0253
11452,17.0084
11453,18.0084
11454,10.0169
11455,8.0253
11456,3.03373
11457,5.00843
11458,18.0084
11459,4.01687
11460,2.0253
11461,16.0084
11462,9.01686
11463,8.0253
11464,8.03373
11465,7.04216
11466,18.0084
11467,1.01686
11468,16.0084
11469,14.0169
11470,8.0253
11471,19.0084
11472,9.01686
11473,5.0253
11474,3.03373
11475,10.0084
11476,8.00843
11477,8.00843
11478,1.01686
11479,7.00843
11480,7.01687
11481,13.0084
11482,7.01687
11483,7.0253
11484,14.0084
11485,5.01687
11486,10.0084
11487,8.01686
11488,6.0253
11489,18.0084
11490,1.01686
11491,12.0084
11492,8.01686
11493,14.0084
11494,13.0169
11495,9.0253
11496,15.0084
11497,8.01686
11498,5.0253
11499,15.0084
11500,6.01687
11501,5.0253
11502,5.03373
11503,5.04216
11504,17.0084
11505,12.0169
11506,7.0253
11507,8.00843
11508,18.0084
11509,8.01686
11510,15.0084
11511,10.0169
11512,10.0253
11513,9.03373
11514,16.0084
11515,10.0169
11516,1.00843
11517,3.00843
11518,14.0084
11519,13.0169
11520,12.0253
11521,1.03373
11522,18.0084
11523,14.0169
11524,14.0253
11525,15.0084
11526,16.0084
11527,1.01686
11528,18.0084
11529,17.0169
11530,12.0253
11531,2.00843
11532,3.00843
11533,7.00843
11534,7.00843
11535,1.00843
11536,10.0084
11537,10.0169
11538,1.0253
11539,13.0084
11540,12.0169
11541,10.0084
11542,18.0084
11543,18.0084
11544,12.0169
11545,6.00843
11546,8.00843
11547,7.01687
11548,2.0253
11549,12.0084
11550,16.0084
11551,12.0084
11552,6.01687
11553,6.0253
11554,1.03373
11555,13.0084
11556,12.0169
11557,4.0253
11558,3.03373
11559,3.04216
11560,13.0084
11561,8.01686
11562,3.0253
11563,14.0084
11564,1.01686
11565,10.0084
11566,5.01687
11567,3.00843
11568,10.0084
11569,3.00843
11570,12.0084
11571,9.00843
11572,13.0084
11573,10.0084
11574,8.01686
11575,3.0253
11576,18.0084
11577,1.01686
11578,8.00843
11579,3.01687
11580,14.0084
11581,12.0169
11582,7.00843
11583,10.0084
11584,10.0169
11585,1.0253
11586,8.00843
11587,1.01686
11588,7.00843
11589,6.01687
11590,1.0253
11591,1.03373
11592,9.00843
11593,8.01686
11594,3.0253
11595,3.03373
11596,13.0084
11597,20.0084
11598,10.0169
11599,10.0253
11600,1.03373
11601,8.00843
11602,1.00843
11603,6.00843
11604,1.01686
11605,13.0084
11606,1.00843
11607,14.0084
11608,12.0169
11609,17.0084
11610,8.01686
11611,18.0084
11612,7.00843
11613,1.01686
11614,1.0253
11615,1.00843
11616,3.00843
11617,3.00843
11618,7.00843
11619,12.0084
11620,1.01686
11621,1.0253
11622,1.03373
11623,16.0084
11624,7.01687
11625,2.0253
11626,3.00843
11627,10.0084
11628,14.0084
11629,6.01687
11630,1.0253
11631,1.03373
11632,1.04216
11633,13.0084
11634,5.01687
11635,8.00843
11636,3.01687
11637,10.0084
11638,12.0084
11639,12.0169
11640,12.0084
11641,12.0169
11642,12.0253
11643,8.03373
11644,7.04216
11645,8.00843
11646,5.01687
11647,5.0253
11648,15.0084
11649,10.0169
11650,7.0253
11651,1.03373
11652,4.00843
11653,10.0084
11654,14.0084
11655,14.0169
11656,14.0253
11657,20.0084
11658,15.0169
11659,1.00843
11660,14.0084
11661,12.0169
11662,1.0253
11663,14.0084
11664,10.0169
11665,16.0084
11666,14.0169
11667,9.00843
11668,3.00843
11669,1.01686
11670,15.0084
11671,15.0084
11672,2.01687
11673,1.0253
11674,10.0084
11675,1.01686
11676,3.00843
11677,8.00843
11678,5.00843
11679,3.01687
11680,8.00843
11681,13.0084
11682,8.01686
11683,14.0084
11684,1.01686
11685,5.00843
11686,1.01686
11687,8.00843
11688,16.0084
11689,7.01687
11690,8.00843
11691,8.01686
11692,5.00843
11693,10.0084
11694,5.00843
11695,18.0084
11696,1.01686
11697,12.0084
11698,18.0084
11699,8.01686
11700,3.0253
11701,1.03373
11702,14.0084
11703,1.01686
11704,5.00843
11705,18.0084
11706,17.0084
11707,8.01686
11708,1.0253
11709,10.0084
11710,12.0084
11711,10.0084
11712,10.0169
11713,15.0084
11714,8.01686
11715,5.0253
11716,1.03373
11717,17.0084
11718,7.01687
11719,5.0253
11720,18.0084
11721,18.0169
11722,13.0253
11723,12.0084
11724,7.01687
11725,10.0084
11726,17.0084
11727,14.0169
11728,12.0253
11729,12.0084
11730,17.0084
11731,13.0169
11732,5.0253
11733,20.0084
11734,20.0169
11735,14.0253
11736,14.0337
11737,3.04216
11738,1.05059
11739,14.0084
11740,16.0084
11741,16.0169
11742,2.0253
11743,16.0084
11744,18.0084
11745,10.0169
11746,8.0253
11747,13.0084
11748,8.00843
11749,6.00843
11750,17.0084
11751,15.0084
11752,13.0169
11753,1.0253
11754,12.0084
11755,7.01687
11756,5.0253
11757,14.0084
11758,13.0084
11759,9.01686
11760,5.0253
11761,5.00843
11762,1.00843
11763,1.00843
11764,3.00843
11765,1.01686
11766,7.00843
11767,3.00843
11768,18.0084
11769,12.0169
11770,10.0253
11771,16.0084
11772,5.01687
11773,8.00843
11774,8.01686
11775,1.0253
11776,8.00843
11777,5.00843
11778,18.0084
11779,10.0169
11780,5.0253
11781,3.03373
11782,8.00843
11783,14.0084
11784,7.01687
11785,7.0253
11786,5.03373
11787,1.00843
11788,1.01686
11789,10.0084
11790,10.0169
11791,10.0253
11792,8.00843
11793,7.01687
11794,6.0253
11795,18.0084
11796,10.0169
11797,3.0253
11798,12.0084
11799,7.01687
11800,7.0253
11801,7.03373
11802,5.04216
11803,2.05059
11804,1.05903
11805,3.00843
11806,1.01686
11807,18.0084
11808,3.01687
11809,16.0084
11810,5.01687
11811,10.0084
11812,10.0169
11813,9.0253
11814,12.0084
11815,13.0084
11816,10.0169
11817,7.0253
11818,16.0084
11819,16.0084
11820,2.01687
11821,10.0084
11822,13.0084
11823,5.00843
11824,7.00843
11825,2.01687
11826,1.0253
11827,10.0084
11828,1.01686
11829,3.00843
11830,8.00843
11831,7.00843
11832,3.01687
11833,1.0253
11834,12.0084
11835,7.00843
11836,7.01687
11837,5.0253
11838,5.03373
11839,8.00843
11840,8.01686
11841,8.00843
11842,8.00843
11843,7.01687
11844,1.0253
11845,8.00843
11846,16.0084
11847,12.0084
11848,12.0169
11849,10.0253
11850,8.03373
11851,1.04216
11852,14.0084
11853,9.01686
11854,13.0084
11855,8.00843
11856,5.01687
11857,12.0084
11858,1.01686
11859,17.0084
11860,16.0169
11861,15.0253
11862,1.03373
11863,9.00843
11864,7.01687
11865,5.0253
11866,10.0084
11867,1.01686
11868,14.0084
11869,12.0169
11870,12.0253
11871,3.03373
11872,5.00843
11873,11.0084
11874,5.00843
11875,16.0084
11876,5.00843
11877,12.0084
11878,5.01687
11879,10.0084
11880,5.00843
11881,15.0084
11882,10.0084
11883,7.01687
11884,3.0253
11885,12.0084
11886,7.01687
11887,10.0084
11888,8.00843
11889,14.0084
11890,14.0084
11891,7.01687
11892,12.0084
11893,13.0084
11894,9.00843
11895,1.00843
11896,8.00843
11897,14.0084
11898,2.00843
11899,10.0084
11900,3.01687
11901,15.0084
11902,12.0169
11903,8.0253
11904,9.00843
11905,8.01686
11906,7.00843
11907,1.01686
11908,10.0084
11909,8.01686
11910,5.0253
11911,5.03373
11912,12.0084
11913,3.00843
11914,16.0084
11915,18.0084
11916,16.0169
11917,8.0253
11918,8.03373
11919,16.0084
11920,16.0169
11921,12.0084
11922,9.01686
11923,8.0253
11924,1.03373
11925,16.0084
11926,3.00843
11927,14.0084
11928,8.01686
11929,1.00843
11930,8.00843
11931,7.01687
11932,18.0084
11933,7.01687
11934,7.0253
11935,16.0084
11936,11.0169
11937,10.0253
11938,7.00843
11939,2.01687
11940,12.0084
11941,3.01687
11942,1.0253
11943,10.0084
11944,5.01687
11945,7.00843
11946,14.0084
11947,15.0084
11948,13.0169
11949,5.0253
11950,5.03373
11951,5.04216
11952,5.05059
11953,18.0084
11954,12.0169
11955,8.0253
11956,8.03373
11957,18.0084
11958,14.0169
11959,1.0253
11960,10.0084
11961,10.0169
11962,10.0084
11963,1.01686
11964,12.0084
11965,1.00843
11966,17.0084
11967,12.0084
11968,7.01687
11969,3.0253
11970,1.03373
11971,5.00843
11972,1.01686
11973,12.0084
11974,10.0169
11975,5.0253
11976,6.00843
11977,18.0084
11978,9.01686
11979,7.0253
11980,3.00843
11981,2.00843
11982,2.00843
11983,1.01686
11984,1.0253
11985,19.0084
11986,8.01686
11987,5.0253
11988,1.03373
11989,17.0084
11990,10.0169
11991,14.0084
11992,14.0169
11993,7.0253
11994,12.0084
11995,8.01686
11996,3.0253
11997,6.00843
11998,12.0084
11999,18.0084
12000,12.0169
12001,1.0253
12002,14.0084
12003,5.01687
12004,1.00843
12005,18.0084
12006,10.0084
12007,1.01686
12008,1.0253
12009,2.00843
12010,1.01686
12011,13.0084
12012,3.01687
12013,15.0084
12014,6.01687
12015,11.0084
12016,12.0084
12017,9.00843
12018,8.01686
12019,3.00843
12020,11.0084
12021,12.0084
12022,12.0169
12023,12.0253
12024,2.03373
12025,16.0084
12026,12.0169
12027,8.00843
12028,16.0084
12029,8.00843
12030,13.0084
12031,12.0084
12032,12.0169
12033,8.0253
12034,8.03373
12035,8.04216
12036,3.00843
12037,1.00843
12038,5.00843
12039,6.00843
12040,11.0084
12041,7.01687
12042,7.0253
12043,16.0084
12044,10.0084
12045,5.01687
12046,5.00843
12047,1.01686
12048,12.0084
12049,11.0169
12050,3.0253
12051,13.0084
12052,2.00843
12053,5.00843
12054,3.01687
12055,9.00843
12056,1.00843
12057,1.01686
12058,14.0084
12059,10.0084
12060,5.01687
12061,12.0084
12062,12.0084
12063,10.0169
12064,1.0253
12065,16.0084
12066,5.00843
12067,18.0084
12068,16.0084
12069,3.01687
12070,8.00843
12071,13.0084
12072,9.01686
12073,1.0253
12074,1.03373
12075,16.0084
12076,9.00843
12077,16.0084
12078,7.01687
12079,3.0253
12080,3.03373
12081,13.0084
12082,3.01687
12083,10.0084
12084,6.01687
12085,1.0253
12086,8.00843
12087,1.00843
12088,10.0084
12089,10.0169
12090,11.0084
12091,5.01687
12092,6.00843
12093,6.01687
12094,12.0084
12095,7.01687
12096,5.00843
12097,3.01687
12098,14.0084
12099,9.01686
12100,5.0253
12101,1.03373
12102,16.0084
12103,6.01687
12104,12.0084
12105,8.01686
12106,8.00843
12107,5.01687
12108,1.0253
12109,7.00843
12110,5.01687
12111,3.0253
12112,3.00843
12113,8.00843
12114,1.01686
12115,1.0253
12116,13.0084
12117,8.01686
12118,18.0084
12119,1.01686
12120,10.0084
12121,8.01686
12122,8.0253
12123,5.00843
12124,12.0084
12125,10.0169
12126,7.00843
12127,1.01686
12128,1.0253
12129,14.0084
12130,13.0084
12131,13.0169
12132,9.0253
12133,8.03373
12134,3.04216
12135,16.0084
12136,5.01687
12137,3.0253
12138,1.00843
12139,18.0084
12140,13.0169
12141,1.0253
12142,7.00843
12143,16.0084
12144,13.0169
12145,9.00843
12146,3.01687
12147,18.0084
12148,8.01686
12149,8.0253
12150,18.0084
12151,10.0169
12152,6.0253
12153,12.0084
12154,16.0084
12155,12.0169
12156,16.0084
12157,11.0084
12158,15.0084
12159,9.01686
12160,8.0253
12161,3.03373
12162,14.0084
12163,10.0169
12164,8.0253
12165,18.0084
12166,19.0084
12167,14.0169
12168,18.0084
12169,14.0084
12170,3.00843
12171,1.01686
12172,12.0084
12173,3.01687
12174,5.00843
12175,9.00843
12176,1.01686
12177,5.00843
12178,8.00843
12179,14.0084
12180,5.01687
12181,15.0084
12182,14.0169
12183,8.0253
12184,8.00843
12185,8.01686
12186,3.0253
12187,16.0084
12188,3.01687
12189,13.0084
12190,12.0169
12191,12.0084
12192,15.0084
12193,16.0084
12194,7.01687
12195,3.0253
12196,6.00843
12197,10.0084
12198,8.00843
12199,3.01687
12200,16.0084
12201,10.0084
12202,3.01687
12203,13.0084
12204,4.01687
12205,1.00843
12206,1.01686
12207,19.0084
12208,11.0084
12209,5.01687
12210,8.00843
12211,16.0084
12212,9.01686
12213,7.0253
12214,6.03373
12215,6.00843
12216,3.01687
12217,12.0084
12218,10.0084
12219,16.0084
12220,10.0084
12221,7.00843
12222,5.01687
12223,5.0253
12224,3.03373
12225,8.00843
12226,5.01687
12227,5.0253
12228,1.00843
12229,13.0084
12230,14.0084
12231,11.0169
12232,3.0253
12233,14.0084
12234,10.0169
12235,5.00843
12236,5.01687
12237,7.00843
12238,18.0084
12239,5.01687
12240,5.0253
12241,1.03373
12242,1.04216
12243,1.05059
12244,3.00843
12245,18.0084
12246,3.01687
12247,12.0084
12248,12.0084
12249,12.0169
12250,9.0253
12251,3.03373
12252,10.0084
12253,5.00843
12254,3.01687
12255,10.0084
12256,17.0084
12257,14.0084
12258,10.0169
12259,3.0253
12260,14.0084
12261,8.00843
12262,20.0084
12263,5.01687
12264,14.0084
12265,13.0169
12266,7.0253
12267,8.00843
12268,7.01687
12269,5.0253
12270,5.00843
12271,7.00843
12272,1.01686
12273,10.0084
12274,5.01687
12275,1.0253
12276,5.00843
12277,5.01687
12278,2.0253
12279,16.0084
12280,8.01686
12281,9.00843
12282,5.01687
12283,18.0084
12284,3.01687
12285,12.0084
12286,7.01687
12287,7.0253
12288,13.0084
12289,8.01686
12290,5.0253
12291,5.03373
12292,10.0084
12293,7.01687
12294,1.0253
12295,1.03373
12296,1.04216
12297,10.0084
12298,10.0084
12299,8.01686
12300,12.0084
12301,10.0084
12302,14.0084
12303,7.01687
12304,5.0253
12305,1.00843
12306,20.0084
12307,14.0084
12308,4.01687
12309,16.0084
12310,16.0169
12311,10.0253
12312,8.03373
12313,12.0084
12314,16.0084
12315,3.01687
12316,8.00843
12317,14.0084
12318,3.01687
12319,2.0253
12320,10.0084
12321,3.01687
12322,10.0084
12323,1.00843
12324,9.00843
12325,1.01686
12326,5.00843
12327,7.00843
12328,7.01687
12329,3.00843
12330,3.01687
12331,7.00843
12332,1.01686
12333,16.0084
12334,10.0169
12335,7.0253
12336,5.03373
12337,5.04216
12338,1.05059
12339,1.05903
12340,9.00843
12341,13.0084
12342,12.0169
12343,9.0253
12344,7.03373
12345,1.04216
12346,18.0084
12347,8.01686
12348,1.00843
12349,18.0084
12350,15.0169
12351,12.0253
12352,10.0337
12353,7.04216
12354,14.0084
12355,8.01686
12356,8.0253
12357,7.03373
12358,15.0084
12359,5.01687
12360,5.0253
12361,8.00843
12362,2.00843
12363,18.0084
12364,8.00843
12365,18.0084
12366,14.0169
12367,7.0253
12368,2.03373
12369,10.0084
12370,7.01687
12371,12.0084
12372,8.01686
12373,1.0253
12374,12.0084
12375,8.01686
12376,12.0084
12377,1.01686
12378,8.00843
12379,1.01686
12380,13.0084
12381,14.0084
12382,8.00843
12383,1.01686
12384,8.00843
12385,1.01686
12386,18.0084
12387,15.0084
12388,3.01687
12389,5.00843
12390,5.01687
12391,4.0253
12392,7.00843
12393,5.01687
12394,2.0253
12395,1.00843
12396,8.00843
12397,2.01687
12398,16.0084
12399,14.0169
12400,9.0253
12401,8.03373
12402,10.0084
12403,13.0084
12404,3.01687
12405,8.00843
12406,3.00843
12407,1.01686
12408,1.00843
12409,1.01686
12410,10.0084
12411,1.01686
12412,14.0084
12413,5.01687
12414,19.0084
12415,13.0169
12416,15.0084
12417,1.01686
12418,16.0084
12419,6.01687
12420,1.00843
12421,5.00843
12422,10.0084
12423,14.0084
12424,10.0169
12425,5.0253
12426,18.0084
12427,10.0169
12428,7.00843
12429,12.0084
12430,5.00843
12431,13.0084
12432,8.00843
12433,8.00843
12434,3.01687
12435,1.0253
12436,8.00843
12437,8.00843
12438,3.01687
12439,12.0084
12440,9.01686
12441,2.0253
12442,18.0084
12443,9.01686
12444,5.00843
12445,12.0084
12446,12.0169
12447,12.0253
12448,8.00843
12449,14.0084
12450,14.0169
12451,10.0253
12452,3.03373
12453,8.00843
12454,10.0084
12455,1.00843
12456,1.01686
12457,1.0253
12458,5.00843
12459,12.0084
12460,6.01687
12461,18.0084
12462,7.01687
12463,18.0084
12464,3.01687
12465,12.0084
12466,8.01686
12467,5.0253
12468,10.0084
12469,4.01687
12470,1.00843
12471,8.00843
12472,8.01686
12473,5.0253
12474,1.00843
12475,12.0084
12476,10.0169
12477,7.0253
12478,15.0084
12479,8.01686
12480,12.0084
12481,12.0169
12482,10.0084
12483,8.01686
12484,5.0253
12485,14.0084
12486,8.01686
12487,3.0253
12488,16.0084
12489,13.0169
12490,13.0253
12491,1.03373
12492,11.0084
12493,10.0169
12494,13.0084
12495,13.0169
12496,8.0253
12497,12.0084
12498,14.0084
12499,13.0169
12500,18.0084
12501,15.0084
12502,5.01687
12503,17.0084
12504,5.01687
12505,5.0253
12506,10.0084
12507,3.00843
12508,14.0084
12509,12.0169
12510,16.0084
12511,6.00843
12512,7.00843
12513,8.00843
12514,12.0084
12515,7.00843
12516,7.00843
12517,8.00843
12518,14.0084
12519,2.01687
12520,7.00843
12521,16.0084
12522,12.0169
12523,7.0253
12524,6.00843
12525,16.0084
12526,15.0169
12527,8.00843
12528,8.01686
12529,8.0253
12530,8.00843
12531,18.0084
12532,11.0084
12533,20.0084
12534,1.00843
12535,5.00843
12536,1.01686
12537,7.00843
12538,7.01687
12539,1.00843
12540,1.01686
12541,1.0253
12542,2.00843
12543,20.0084
12544,9.01686
12545,6.00843
12546,3.01687
12547,6.00843
12548,3.01687
12549,6.00843
12550,7.00843
12551,1.01686
12552,14.0084
12553,8.01686
12554,8.0253
12555,8.03373
12556,5.04216
12557,9.00843
12558,7.01687
12559,10.0084
12560,9.00843
12561,9.01686
12562,1.00843
12563,13.0084
12564,12.0169
12565,10.0253
12566,3.03373
12567,15.0084
12568,10.0169
12569,10.0253
12570,6.03373
12571,1.04216
12572,18.0084
12573,14.0169
12574,5.0253
12575,2.03373
12576,2.04216
12577,1.05059
12578,18.0084
12579,3.00843
12580,1.01686
12581,9.00843
12582,1.00843
12583,7.00843
12584,3.01687
12585,1.0253
12586,11.0084
12587,1.00843
12588,1.01686
12589,19.0084
12590,7.01687
12591,5.0253
12592,17.0084
12593,3.01687
12594,8.00843
12595,13.0084
12596,2.01687
12597,7.00843
12598,7.00843
12599,7.01687
12600,12.0084
12601,10.0084
12602,8.01686
12603,5.0253
12604,5.03373
12605,7.00843
12606,19.0084
12607,5.01687
12608,1.0253
12609,1.03373
12610,16.0084
12611,12.0169
12612,3.0253
12613,8.00843
12614,1.01686
12615,5.00843
12616,16.0084
12617,10.0169
12618,8.00843
12619,3.01687
12620,7.00843
12621,8.00843
12622,8.01686
12623,5.00843
12624,9.00843
12625,7.01687
12626,8.00843
12627,14.0084
12628,14.0169
12629,9.0253
12630,1.03373
12631,16.0084
12632,7.00843
12633,5.00843
12634,8.00843
12635,8.00843
12636,8.00843
12637,10.0084
12638,7.01687
12639,10.0084
12640,3.01687
12641,3.0253
12642,13.0084
12643,7.01687
12644,8.00843
12645,5.01687
12646,5.0253
12647,16.0084
12648,5.01687
12649,9.00843
12650,5.01687
12651,5.0253
12652,12.0084
12653,7.01687
12654,1.0253
12655,11.0084
12656,7.01687
12657,11.0084
12658,12.0084
12659,12.0169
12660,10.0253
12661,1.03373
12662,8.00843
12663,8.01686
12664,7.0253
12665,5.00843
12666,1.01686
12667,13.0084
12668,10.0169
12669,1.0253
12670,17.0084
12671,16.0169
12672,8.0253
12673,5.03373
12674,18.0084
12675,18.0169
12676,8.0253
12677,8.03373
12678,15.0084
12679,8.01686
12680,7.0253
12681,1.03373
12682,5.00843
12683,3.01687
12684,10.0084
12685,14.0084
12686,11.0169
12687,7.0253
12688,18.0084
12689,12.0169
12690,8.0253
12691,8.03373
12692,7.04216
12693,1.00843
12694,15.0084
12695,1.01686
12696,1.0253
12697,12.0084
12698,18.0084
12699,14.0084
12700,7.01687
12701,3.00843
12702,1.01686
12703,14.0084
12704,8.01686
12705,12.0084
12706,6.01687
12707,1.00843
12708,14.0084
12709,14.0169
12710,8.00843
12711,16.0084
12712,8.00843
12713,16.0084
12714,12.0169
12715,18.0084
12716,12.0169
12717,10.0253
12718,10.0337
12719,3.04216
12720,18.0084
12721,3.00843
12722,3.01687
12723,18.0084
12724,13.0169
12725,7.0253
12726,1.00843
12727,1.01686
12728,3.00843
12729,5.00843
12730,3.01687
12731,1.0253
12732,20.0084
12733,5.01687
12734,7.00843
12735,6.01687
12736,6.00843
12737,3.01687
12738,14.0084
12739,11.0084
12740,7.01687
12741,12.0084
12742,12.0169
12743,8.0253
12744,18.0084
12745,12.0169
12746,14.0084
12747,5.01687
12748,5.0253
12749,1.00843
12750,13.0084
12751,7.01687
12752,18.0084
12753,18.0169
12754,4.00843
12755,1.00843
12756,8.00843
12757,12.0084
12758,10.0169
12759,1.0253
12760,1.03373
12761,18.0084
12762,13.0169
12763,5.00843
12764,15.0084
12765,1.01686
12766,10.0084
12767,6.01687
12768,11.0084
12769,7.01687
12770,3.0253
12771,18.0084
12772,12.0169
12773,9.0253
12774,1.03373
12775,10.0084
12776,11.0084
12777,19.0084
12778,8.01686
12779,14.0084
12780,8.01686
12781,1.0253
12782,14.0084
12783,1.00843
12784,14.0084
12785,12.0169
12786,17.0084
12787,17.0084
12788,13.0169
12789,7.00843
12790,1.01686
12791,14.0084
12792,8.01686
12793,3.0253
12794,5.00843
12795,5.01687
12796,10.0084
12797,10.0169
12798,6.0253
12799,10.0084
12800,7.01687
12801,7.0253
12802,16.0084
12803,15.0169
12804,13.0253
12805,8.03373
12806,5.04216
12807,12.0084
12808,1.01686
12809,16.0084
12810,10.0169
12811,10.0084
12812,9.00843
12813,8.01686
12814,13.0084
12815,14.0084
12816,14.0169
12817,10.0253
12818,10.0337
12819,8.04216
12820,12.0084
12821,1.01686
12822,16.0084
12823,13.0169
12824,2.0253
12825,3.00843
12826,18.0084
12827,15.0084
12828,12.0169
12829,7.0253
12830,3.00843
12831,12.0084
12832,7.01687
12833,7.0253
12834,10.0084
12835,8.01686
12836,5.0253
12837,1.03373
12838,6.00843
12839,10.0084
12840,10.0169
12841,10.0253
12842,8.00843
12843,5.01687
12844,2.0253
12845,12.0084
12846,12.0169
12847,12.0253
12848,12.0337
12849,5.04216
12850,3.05059
12851,3.05903
12852,8.00843
12853,7.01687
12854,16.0084
12855,14.0169
12856,8.0253
12857,5.03373
12858,5.04216
12859,5.05059
12860,16.0084
12861,10.0169
12862,5.0253
12863,8.00843
12864,8.01686
12865,18.0084
12866,18.0169
12867,18.0253
12868,1.03373
12869,19.0084
12870,8.01686
12871,1.0253
12872,1.03373
12873,13.0084
12874,6.01687
12875,7.00843
12876,7.01687
12877,3.0253
12878,18.0084
12879,8.01686
12880,1.0253
12881,6.00843
12882,1.01686
12883,1.0253
12884,12.0084
12885,10.0169
12886,8.00843
12887,3.01687
12888,16.0084
12889,16.0169
12890,9.0253
12891,9.03373
12892,4.04216
12893,10.0084
12894,10.0169
12895,10.0253
12896,11.0084
12897,6.01687
12898,12.0084
12899,3.01687
12900,1.0253
12901,13.0084
12902,10.0169
12903,8.0253
12904,8.03373
12905,5.04216
12906,14.0084
12907,12.0169
12908,5.0253
12909,11.0084
12910,10.0169
12911,18.0084
12912,1.01686
12913,12.0084
12914,12.0169
12915,8.0253
12916,2.03373
12917,16.0084
12918,16.0084
12919,8.01686
12920,1.0253
12921,13.0084
12922,10.0084
12923,3.01687
12924,14.0084
12925,13.0169
12926,8.0253
12927,8.03373
12928,1.04216
12929,8.00843
12930,14.0084
12931,10.0169
12932,10.0253
12933,7.03373
12934,3.04216
12935,8.00843
12936,3.01687
12937,18.0084
12938,17.0169
12939,12.0253
12940,5.03373
12941,8.00843
12942,1.01686
12943,10.0084
12944,10.0169
12945,13.0084
12946,12.0084
12947,5.01687
12948,16.0084
12949,14.0084
12950,6.00843
12951,3.00843
12952,1.01686
12953,17.0084
12954,19.0084
12955,13.0084
12956,13.0084
12957,8.01686
12958,7.0253
12959,2.03373
12960,8.00843
12961,6.01687
12962,5.0253
12963,14.0084
12964,5.01687
12965,8.00843
12966,8.01686
12967,8.0253
12968,12.0084
12969,12.0169
12970,10.0253
12971,8.00843
12972,3.01687
12973,8.00843
12974,12.0084
12975,5.01687
12976,9.00843
12977,8.01686
12978,7.0253
12979,8.00843
12980,19.0084
12981,10.0169
12982,12.0084
12983,3.01687
12984,12.0084
12985,18.0084
12986,18.0169
12987,18.0253
12988,15.0337
12989,8.04216
12990,3.05059
12991,14.0084
12992,8.01686
12993,6.0253
12994,10.0084
12995,3.00843
12996,5.00843
12997,1.00843
12998,14.0084
12999,8.01686
13000,5.0253
13001,5.03373
13002,5.04216
13003,5.05059
13004,8.00843
13005,7.00843
13006,6.01687
13007,14.0084
13008,7.01687
13009,8.00843
13010,8.01686
13011,7.0253
13012,8.00843
13013,6.01687
13014,1.0253
13015,12.0084
13016,19.0084
13017,16.0169
13018,14.0253
13019,5.00843
13020,18.0084
13021,14.0169
13022,3.00843
13023,7.00843
13024,3.01687
13025,6.00843
13026,10.0084
13027,10.0169
13028,5.0253
13029,14.0084
13030,12.0084
13031,9.01686
13032,1.0253
13033,10.0084
13034,14.0084
13035,9.00843
13036,1.01686
13037,7.00843
13038,5.01687
13039,10.0084
13040,10.0169
13041,5.0253
13042,1.03373
13043,18.0084
13044,8.00843
13045,13.0084
13046,7.00843
13047,1.01686
13048,15.0084
13049,8.00843
13050,5.00843
13051,4.01687
13052,3.00843
13053,5.00843
13054,20.0084
13055,7.01687
13056,14.0084
13057,1.01686
13058,8.00843
13059,12.0084
13060,7.00843
13061,5.01687
13062,14.0084
13063,12.0169
13064,8.00843
13065,9.00843
13066,2.01687
13067,16.0084
13068,9.01686
13069,12.0084
13070,18.0084
13071,13.0169
13072,16.0084
13073,5.00843
13074,8.00843
13075,18.0084
13076,11.0084
13077,8.01686
13078,6.0253
13079,5.00843
13080,1.01686
13081,1.0253
13082,1.03373
13083,10.0084
13084,12.0084
13085,7.01687
13086,1.0253
13087,1.03373
13088,1.04216
13089,8.00843
13090,13.0084
13091,9.00843
13092,18.0084
13093,5.01687
13094,3.00843
13095,1.01686
13096,1.0253
13097,9.00843
13098,7.01687
13099,11.0084
13100,1.01686
13101,18.0084
13102,3.01687
13103,8.00843
13104,18.0084
13105,2.01687
13106,1.00843
13107,1.01686
13108,5.00843
13109,3.01687
13110,8.00843
13111,8.01686
13112,9.00843
13113,5.01687
13114,19.0084
13115,17.0169
13116,3.0253
13117,7.00843
13118,16.0084
13119,12.0169
13120,12.0084
13121,5.01687
13122,17.0084
13123,8.01686
13124,1.00843
13125,16.0084
13126,16.0084
13127,13.0169
13128,13.0253
13129,5.00843
13130,5.01687
13131,18.0084
13132,5.01687
13133,7.00843
13134,7.00843
13135,5.01687
13136,10.0084
13137,10.0169
13138,8.0253
13139,12.0084
13140,10.0169
13141,3.0253
13142,9.00843
13143,9.01686
13144,5.00843
13145,1.01686
13146,5.00843
13147,3.00843
13148,18.0084
13149,1.01686
13150,10.0084
13151,7.01687
13152,1.0253
13153,1.03373
13154,8.00843
13155,8.01686
13156,1.00843
13157,3.00843
13158,12.0084
13159,10.0084
13160,6.01687
13161,5.0253
13162,8.00843
13163,6.01687
13164,13.0084
13165,7.01687
13166,14.0084
13167,18.0084
13168,10.0169
13169,3.00843
13170,5.00843
13171,12.0084
13172,7.01687
13173,6.0253
13174,1.00843
13175,17.0084
13176,7.00843
13177,3.01687
13178,17.0084
13179,14.0169
13180,14.0253
13181,12.0084
13182,7.01687
13183,2.00843
13184,1.00843
13185,13.0084
13186,10.0169
13187,8.0253
13188,8.03373
13189,12.0084
13190,5.01687
13191,3.0253
13192,3.03373
13193,10.0084
13194,3.01687
13195,3.0253
13196,10.0084
13197,20.0084
13198,16.0169
13199,12.0253
13200,7.03373
13201,14.0084
13202,15.0084
13203,9.01686
13204,1.0253
13205,12.0084
13206,8.01686
13207,16.0084
13208,1.01686
13209,1.0253
13210,1.03373
13211,8.00843
13212,3.01687
13213,10.0084
13214,5.01687
13215,20.0084
13216,15.0169
13217,13.0253
13218,12.0337
13219,10.0422
13220,10.0506
13221,5.05903
13222,16.0084
13223,1.01686
13224,10.0084
13225,8.00843
13226,18.0084
13227,10.0169
13228,10.0253
13229,8.00843
13230,17.0084
13231,11.0169
13232,5.0253
13233,12.0084
13234,11.0169
13235,10.0253
13236,7.00843
13237,7.01687
13238,5.0253
13239,18.0084
13240,18.0084
13241,12.0169
13242,2.0253
13243,1.03373
13244,15.0084
13245,3.01687
13246,16.0084
13247,1.01686
13248,10.0084
13249,8.01686
13250,8.0253
13251,5.03373
13252,16.0084
13253,6.01687
13254,7.00843
13255,7.01687
13256,8.00843
13257,8.01686
13258,5.0253
13259,12.0084
13260,1.01686
13261,1.0253
13262,13.0084
13263,8.01686
13264,3.0253
13265,10.0084
13266,5.00843
13267,12.0084
13268,1.01686
13269,12.0084
13270,10.0169
13271,10.0253
13272,8.00843
13273,5.01687
13274,9.00843
13275,9.01686
13276,3.00843
13277,1.00843
13278,12.0084
13279,10.0169
13280,1.0253
13281,16.0084
13282,18.0084
13283,11.0169
13284,5.0253
13285,7.00843
13286,12.0084
13287,10.0169
13288,6.0253
13289,3.03373
13290,18.0084
13291,1.01686
13292,12.0084
13293,14.0084
13294,14.0169
13295,18.0084
13296,7.00843
13297,5.01687
13298,1.0253
13299,1.03373
13300,16.0084
13301,18.0084
13302,3.01687
13303,2.0253
13304,10.0084
13305,10.0169
13306,10.0084
13307,7.01687
13308,5.0253
13309,4.03373
13310,8.00843
13311,8.01686
13312,1.00843
13313,1.01686
13314,18.0084
13315,8.01686
13316,8.0253
13317,7.03373
13318,1.04216
13319,16.0084
13320,3.01687
13321,3.0253
13322,16.0084
13323,10.0169
13324,7.0253
13325,18.0084
13326,1.01686
13327,14.0084
13328,8.01686
13329,1.0253
13330,16.0084
13331,13.0169
13332,1.00843
13333,1.00843
13334,18.0084
13335,10.0169
13336,16.0084
13337,1.00843
13338,17.0084
13339,13.0169
13340,12.0253
13341,1.03373
13342,13.0084
13343,12.0169
13344,2.0253
13345,18.0084
13346,15.0169
13347,9.0253
13348,6.03373
13349,5.04216
13350,3.00843
13351,3.01687
13352,1.0253
13353,5.00843
13354,1.01686
13355,19.0084
13356,17.0169
13357,8.00843
13358,8.00843
13359,8.01686
13360,3.0253
13361,6.00843
13362,1.01686
13363,5.00843
13364,14.0084
13365,12.0084
13366,5.01687
13367,10.0084
13368,18.0084
13369,9.01686
13370,19.0084
13371,18.0169
13372,11.0084
13373,10.0169
13374,8.0253
13375,3.00843
13376,3.01687
13377,13.0084
13378,4.01687
13379,3.0253
13380,1.00843
13381,16.0084
13382,13.0169
13383,10.0253
13384,3.03373
13385,14.0084
13386,8.01686
13387,7.0253
13388,1.03373
13389,1.04216
13390,18.0084
13391,8.01686
13392,3.0253
13393,1.03373
13394,9.00843
13395,3.00843
13396,3.01687
13397,8.00843
13398,7.00843
13399,1.00843
13400,17.0084
13401,8.01686
13402,10.0084
13403,12.0084
13404,11.0169
13405,5.0253
13406,10.0084
13407,14.0084
13408,1.01686
13409,7.00843
13410,2.01687
13411,3.00843
13412,3.01687
13413,12.0084
13414,7.00843
13415,14.0084
13416,7.01687
13417,12.0084
13418,10.0169
13419,8.0253
13420,12.0084
13421,1.01686
13422,5.00843
13423,5.01687
13424,12.0084
13425,7.01687
13426,1.00843
13427,5.00843
13428,5.01687
13429,16.0084
13430,10.0169
13431,10.0253
13432,8.03373
13433,3.04216
13434,1.00843
13435,8.00843
13436,18.0084
13437,1.01686
13438,14.0084
13439,10.0169
13440,7.0253
13441,4.03373
13442,12.0084
13443,8.01686
13444,8.0253
13445,14.0084
13446,12.0169
13447,8.0253
13448,17.0084
13449,16.0169
13450,2.0253
13451,17.0084
13452,8.01686
13453,8.0253
13454,15.0084
13455,9.00843
13456,13.0084
13457,10.0169
13458,1.0253
13459,15.0084
13460,6.01687
13461,5.00843
13462,3.00843
13463,18.0084
13464,18.0169
13465,12.0253
13466,19.0084
13467,16.0169
13468,10.0084
13469,7.01687
13470,1.0253
13471,18.0084
13472,9.01686
13473,7.00843
13474,1.01686
13475,19.0084
13476,3.01687
13477,1.0253
13478,10.0084
13479,10.0084
13480,10.0169
13481,1.0253
13482,18.0084
13483,12.0084
13484,12.0169
13485,10.0084
13486,8.01686
13487,8.0253
13488,1.03373
13489,5.00843
13490,10.0084
13491,10.0169
13492,16.0084
13493,5.01687
13494,5.00843
13495,20.0084
13496,14.0084
13497,5.01687
13498,10.0084
13499,10.0169
13500,1.0253
13501,16.0084
13502,16.0169
13503,5.00843
13504,12.0084
13505,10.0169
13506,1.0253
13507,3.00843
13508,3.01687
13509,1.0253
13510,16.0084
13511,14.0169
13512,7.0253
13513,7.00843
13514,3.01687
13515,3.0253
13516,8.00843
13517,10.0084
13518,7.01687
13519,5.0253
13520,5.00843
13521,8.00843
13522,7.01687
13523,13.0084
13524,8.01686
13525,8.0253
13526,5.03373
13527,1.04216
13528,14.0084
13529,14.0169
13530,5.0253
13531,16.0084
13532,15.0169
13533,8.0253
13534,5.03373
13535,5.04216
13536,14.0084
13537,1.00843
13538,8.00843
13539,19.0084
13540,8.01686
13541,5.0253
13542,1.00843
13543,14.0084
13544,10.0169
13545,1.0253
13546,6.00843
13547,5.01687
13548,1.00843
13549,1.01686
13550,17.0084
13551,15.0084
13552,5.01687
13553,5.0253
13554,12.0084
13555,7.01687
13556,1.0253
13557,18.0084
13558,8.01686
13559,8.0253
13560,5.03373
13561,1.04216
13562,9.00843
13563,1.01686
13564,1.0253
13565,5.00843
13566,3.00843
13567,8.00843
13568,6.00843
13569,17.0084
13570,18.0084
13571,10.0169
13572,8.0253
13573,13.0084
13574,17.0084
13575,5.01687
13576,12.0084
13577,12.0169
13578,6.0253
13579,13.0084
13580,13.0169
13581,8.00843
13582,1.01686
13583,1.0253
13584,10.0084
13585,10.0169
13586,10.0084
13587,1.01686
13588,1.00843
13589,12.0084
13590,1.00843
13591,14.0084
13592,13.0169
13593,1.0253
13594,8.00843
13595,6.01687
13596,18.0084
13597,5.01687
13598,19.0084
13599,13.0169
13600,10.0253
13601,7.03373
13602,1.04216
13603,14.0084
13604,10.0084
13605,8.01686
13606,3.0253
13607,10.0084
13608,9.01686
13609,14.0084
13610,2.00843
13611,1.01686
13612,16.0084
13613,15.0169
13614,12.0253
13615,10.0337
13616,7.04216
13617,2.00843
13618,14.0084
13619,3.01687
13620,14.0084
13621,13.0169
13622,6.0253
13623,1.03373
13624,8.00843
13625,3.01687
13626,2.0253
13627,5.00843
13628,1.00843
13629,18.0084
13630,12.0169
13631,12.0253
13632,12.0084
13633,16.0084
13634,14.0169
13635,6.0253
13636,1.00843
13637,14.0084
13638,12.0169
13639,14.0084
13640,12.0169
13641,7.0253
13642,1.03373
13643,10.0084
13644,10.0169
13645,1.0253
13646,18.0084
13647,10.0169
13648,20.0084
13649,12.0169
13650,8.0253
13651,7.03373
13652,12.0084
13653,16.0084
13654,16.0169
13655,14.0253
13656,8.03373
13657,14.0084
13658,10.0169
13659,8.0253
13660,3.03373
13661,3.04216
13662,14.0084
13663,12.0084
13664,16.0084
13665,12.0169
13666,5.0253
13667,1.03373
13668,7.00843
13669,15.0084
13670,12.0169
13671,8.0253
13672,8.03373
13673,8.00843
13674,1.01686
13675,5.00843
13676,1.01686
13677,5.00843
13678,10.0084
13679,7.01687
13680,7.0253
13681,3.03373
13682,3.00843
13683,10.0084
13684,10.0169
13685,8.00843
13686,17.0084
13687,8.01686
13688,8.0253
13689,5.03373
13690,1.04216
13691,4.00843
13692,8.00843
13693,1.01686
13694,12.0084
13695,10.0169
13696,1.00843
13697,5.00843
13698,5.01687
13699,5.0253
13700,14.0084
13701,12.0169
13702,7.0253
13703,6.03373
13704,16.0084
13705,14.0169
13706,7.0253
13707,8.00843
13708,8.01686
13709,5.0253
13710,1.03373
13711,1.04216
13712,19.0084
13713,18.0169
13714,14.0253
13715,10.0084
13716,10.0084
13717,7.01687
13718,16.0084
13719,10.0084
13720,1.01686
13721,17.0084
13722,16.0169
13723,16.0253
13724,16.0337
13725,17.0084
13726,1.01686
13727,2.00843
13728,16.0084
13729,3.01687
13730,17.0084
13731,14.0169
13732,8.0253
13733,13.0084
13734,1.01686
13735,7.00843
13736,7.01687
13737,8.00843
13738,8.01686
13739,8.0253
13740,6.03373
13741,5.00843
13742,20.0084
13743,16.0169
13744,10.0253
13745,11.0084
13746,12.0084
13747,12.0169
13748,7.0253
13749,3.00843
13750,3.01687
13751,15.0084
13752,10.0169
13753,3.0253
13754,16.0084
13755,14.0169
13756,12.0253
13757,8.03373
13758,8.04216
13759,2.05059
13760,12.0084
13761,7.01687
13762,7.0253
13763,5.03373
13764,13.0084
13765,2.01687
13766,16.0084
13767,6.01687
13768,5.0253
13769,10.0084
13770,8.01686
13771,7.0253
13772,8.00843
13773,8.01686
13774,8.0253
13775,3.03373
13776,3.04216
13777,1.05059
13778,1.05903
13779,12.0084
13780,18.0084
13781,18.0169
13782,13.0253
13783,14.0084
13784,12.0169
13785,7.0253
13786,5.03373
13787,20.0084
13788,14.0169
13789,3.0253
13790,10.0084
13791,17.0084
13792,16.0169
13793,13.0253
13794,18.0084
13795,17.0169
13796,14.0084
13797,12.0169
13798,8.0253
13799,18.0084
13800,12.0084
13801,14.0084
13802,6.01687
13803,3.00843
13804,8.00843
13805,8.00843
13806,8.01686
13807,1.0253
13808,14.0084
13809,3.00843
13810,1.01686
13811,12.0084
13812,5.01687
13813,8.00843
13814,5.01687
13815,5.00843
13816,5.01687
13817,14.0084
13818,6.01687
13819,1.00843
13820,12.0084
13821,8.01686
13822,2.0253
13823,13.0084
13824,10.0169
13825,10.0084
13826,7.01687
13827,8.00843
13828,3.01687
13829,12.0084
13830,5.00843
13831,3.01687
13832,18.0084
13833,14.0169
13834,14.0253
13835,12.0337
13836,12.0422
13837,12.0084
13838,18.0084
13839,17.0169
13840,7.0253
13841,3.03373
13842,10.0084
13843,8.01686
13844,1.0253
13845,1.03373
13846,1.04216
13847,5.00843
13848,15.0084
13849,12.0084
13850,1.00843
13851,1.01686
13852,16.0084
13853,3.00843
13854,1.01686
13855,1.0253
13856,5.00843
13857,8.00843
13858,5.01687
13859,14.0084
13860,12.0169
13861,3.0253
13862,10.0084
13863,8.01686
13864,8.0253
13865,14.0084
13866,9.01686
13867,12.0084
13868,7.01687
13869,7.0253
13870,18.0084
13871,15.0169
13872,12.0253
13873,10.0337
13874,16.0084
13875,12.0084
13876,15.0084
13877,13.0169
13878,10.0253
13879,15.0084
13880,15.0169
13881,16.0084
13882,1.00843
13883,8.00843
13884,5.00843
13885,10.0084
13886,8.01686
13887,12.0084
13888,12.0169
13889,3.0253
13890,10.0084
13891,1.01686
13892,16.0084
13893,8.01686
13894,6.00843
13895,18.0084
13896,6.01687
13897,6.00843
13898,5.01687
13899,1.0253
13900,12.0084
13901,10.0084
13902,7.00843
13903,14.0084
13904,5.01687
13905,5.0253
13906,8.00843
13907,5.01687
13908,10.0084
13909,10.0169
13910,7.0253
13911,6.03373
13912,8.00843
13913,7.01687
13914,7.00843
13915,8.00843
13916,14.0084
13917,12.0169
13918,5.00843
13919,4.01687
13920,16.0084
13921,6.01687
13922,8.00843
13923,10.0084
13924,5.01687
13925,14.0084
13926,5.00843
13927,1.00843
13928,13.0084
13929,3.01687
13930,20.0084
13931,13.0169
13932,8.0253
13933,2.00843
13934,16.0084
13935,6.01687
13936,12.0084
13937,3.00843
13938,3.01687
13939,12.0084
13940,1.01686
13941,8.00843
13942,1.00843
13943,5.00843
13944,5.00843
13945,7.00843
13946,7.01687
13947,7.0253
13948,10.0084
13949,8.01686
13950,6.0253
13951,6.03373
13952,16.0084
13953,1.01686
13954,1.0253
13955,2.00843
13956,13.0084
13957,1.01686
13958,19.0084
13959,14.0169
13960,13.0253
13961,15.0084
13962,13.0169
13963,7.0253
13964,1.03373
13965,18.0084
13966,16.0169
13967,8.0253
13968,8.03373
13969,8.04216
13970,8.05059
13971,2.05903
13972,17.0084
13973,3.01687
13974,10.0084
13975,10.0169
13976,17.0084
13977,3.01687
13978,4.00843
13979,4.01687
13980,13.0084
13981,13.0169
13982,5.0253
13983,18.0084
13984,5.01687
13985,5.0253
13986,17.0084
13987,5.00843
13988,4.01687
13989,14.0084
13990,12.0169
13991,8.0253
13992,12.0084
13993,10.0169
13994,6.0253
13995,14.0084
13996,7.01687
13997,2.0253
13998,1.03373
13999,12.0084
14000,20.0084
14001,6.01687
14002,1.0253
14003,13.0084
14004,10.0169
14005,10.0253
14006,12.0084
14007,12.0169
14008,18.0084
14009,7.01687
14010,7.0253
14011,5.03373
14012,1.04216
14013,8.00843
14014,6.01687
14015,18.0084
14016,8.00843
14017,8.01686
14018,6.0253
14019,12.0084
14020,10.0169
14021,10.0084
14022,17.0084
14023,14.0169
14024,14.0253
14025,8.03373
14026,16.0084
14027,1.01686
14028,5.00843
14029,3.01687
14030,1.0253
14031,8.00843
14032,7.00843
14033,14.0084
14034,18.0084
14035,7.01687
14036,13.0084
14037,12.0169
14038,5.0253
14039,14.0084
14040,1.01686
14041,5.00843
14042,3.01687
14043,18.0084
14044,14.0169
14045,10.0084
14046,8.01686
14047,3.0253
14048,1.03373
14049,1.04216
14050,1.05059
14051,8.00843
14052,7.01687
14053,13.0084
14054,8.01686
14055,3.0253
14056,3.03373
14057,19.0084
14058,9.01686
14059,1.00843
14060,6.00843
14061,6.01687
14062,6.0253
14063,12.0084
14064,7.01687
14065,1.0253
14066,14.0084
14067,10.0169
14068,8.0253
14069,8.03373
14070,4.04216
14071,12.0084
14072,10.0084
14073,10.0169
14074,7.00843
14075,12.0084
14076,12.0169
14077,2.0253
14078,16.0084
14079,10.0084
14080,16.0084
14081,1.01686
14082,18.0084
14083,12.0169
14084,10.0253
14085,3.03373
14086,13.0084
14087,8.01686
14088,5.0253
14089,14.0084
14090,14.0169
14091,13.0084
14092,18.0084
14093,16.0084
14094,5.01687
14095,5.0253
14096,1.03373
14097,1.04216
14098,12.0084
14099,1.01686
14100,12.0084
14101,3.01687
14102,3.0253
14103,3.03373
14104,1.00843
14105,15.0084
14106,10.0169
14107,8.0253
14108,5.03373
14109,5.04216
14110,3.05059
14111,1.05903
14112,14.0084
14113,9.01686
14114,2.0253
14115,1.03373
14116,1.04216
14117,7.00843
14118,7.01687
14119,7.0253
14120,5.03373
14121,1.04216
14122,8.00843
14123,1.01686
14124,5.00843
14125,3.00843
14126,11.0084
14127,12.0084
14128,12.0169
14129,12.0253
14130,8.03373
14131,13.0084
14132,8.01686
14133,5.0253
14134,12.0084
14135,16.0084
14136,10.0169
14137,10.0253
14138,14.0084
14139,8.00843
14140,1.01686
14141,1.0253
14142,14.0084
14143,2.01687
14144,13.0084
14145,6.01687
14146,3.0253
14147,3.03373
14148,12.0084
14149,3.01687
14150,5.00843
14151,20.0084
14152,9.01686
14153,9.0253
14154,6.03373
14155,5.04216
14156,7.00843
14157,3.01687
14158,3.0253
14159,7.00843
14160,8.00843
14161,8.01686
14162,1.0253
14163,8.00843
14164,8.01686
14165,6.0253
14166,7.00843
14167,12.0084
14168,8.01686
14169,8.0253
14170,4.03373
14171,13.0084
14172,9.01686
14173,10.0084
14174,3.01687
14175,14.0084
14176,12.0169
14177,4.0253
14178,18.0084
14179,16.0084
14180,15.0169
14181,5.0253
14182,3.03373
14183,16.0084
14184,3.01687
14185,17.0084
14186,14.0169
14187,1.0253
14188,18.0084
14189,1.00843
14190,5.00843
14191,14.0084
14192,8.00843
14193,1.01686
14194,16.0084
14195,8.01686
14196,14.0084
14197,14.0169
14198,1.0253
14199,5.00843
14200,16.0084
14201,12.0169
14202,10.0253
14203,8.03373
14204,14.0084
14205,10.0169
14206,1.0253
14207,14.0084
14208,12.0084
14209,7.01687
14210,1.0253
14211,10.0084
14212,9.00843
14213,1.01686
14214,8.00843
14215,3.01687
14216,1.0253
14217,1.00843
14218,14.0084
14219,5.01687
14220,5.0253
14221,8.00843
14222,6.01687
14223,12.0084
14224,8.01686
14225,8.00843
14226,19.0084
14227,13.0169
14228,1.0253
14229,1.03373
14230,14.0084
14231,13.0169
14232,14.0084
14233,12.0169
14234,8.0253
14235,1.00843
14236,13.0084
14237,13.0169
14238,10.0253
14239,5.03373
14240,5.04216
14241,1.05059
14242,20.0084
14243,14.0169
14244,14.0253
14245,10.0337
14246,6.04216
14247,4.05059
14248,2.05903
14249,7.00843
14250,6.01687
14251,3.0253
14252,8.00843
14253,8.01686
14254,8.0253
14255,18.0084
14256,18.0084
14257,10.0169
14258,8.0253
14259,7.03373
14260,3.04216
14261,11.0084
14262,10.0169
14263,7.0253
14264,12.0084
14265,10.0169
14266,8.0253
14267,1.00843
14268,14.0084
14269,14.0169
14270,12.0084
14271,1.01686
14272,16.0084
14273,14.0169
14274,12.0253
14275,12.0337
14276,12.0422
14277,8.05059
14278,15.0084
14279,13.0169
14280,16.0084
14281,13.0084
14282,3.01687
14283,12.0084
14284,7.01687
14285,16.0084
14286,4.01687
14287,1.0253
14288,1.03373
14289,7.00843
14290,5.00843
14291,10.0084
14292,3.00843
14293,12.0084
14294,8.00843
14295,8.01686
14296,5.0253
14297,8.00843
14298,12.0084
14299,17.0084
14300,14.0169
14301,10.0253
14302,14.0084
14303,5.01687
14304,2.0253
14305,7.00843
14306,1.01686
14307,17.0084
14308,14.0169
14309,7.00843
14310,10.0084
14311,16.0084
14312,12.0084
14313,1.01686
14314,1.0253
14315,11.0084
14316,5.01687
14317,12.0084
14318,5.01687
14319,8.00843
14320,7.01687
14321,1.0253
14322,11.0084
14323,10.0084
14324,1.00843
14325,1.01686
14326,8.00843
14327,3.01687
14328,7.00843
14329,6.01687
14330,5.00843
14331,18.0084
14332,6.01687
14333,1.0253
14334,8.00843
14335,1.01686
14336,1.00843
14337,20.0084
14338,8.01686
14339,8.00843
14340,8.00843
14341,3.01687
14342,9.00843
14343,7.01687
14344,14.0084
14345,3.01687
14346,10.0084
14347,7.01687
14348,3.0253
14349,1.00843
14350,12.0084
14351,14.0084
14352,12.0169
14353,1.0253
14354,12.0084
14355,9.01686
14356,18.0084
14357,13.0169
14358,8.0253
14359,1.03373
14360,14.0084
14361,5.00843
14362,3.01687
14363,18.0084
14364,10.0169
14365,12.0084
14366,14.0084
14367,8.00843
14368,10.0084
14369,8.00843
14370,1.01686
14371,8.00843
14372,1.01686
14373,2.00843
14374,3.00843
14375,3.01687
14376,13.0084
14377,8.01686
14378,9.00843
14379,14.0084
14380,8.01686
14381,12.0084
14382,8.01686
14383,8.0253
14384,1.03373
14385,1.00843
14386,10.0084
14387,10.0169
14388,12.0084
14389,8.01686
14390,8.0253
14391,7.03373
14392,3.04216
14393,13.0084
14394,12.0169
14395,8.0253
14396,5.03373
14397,2.04216
14398,14.0084
14399,7.01687
14400,14.0084
14401,10.0169
14402,7.0253
14403,3.03373
14404,18.0084
14405,16.0084
14406,13.0169
14407,9.00843
14408,8.01686
14409,3.0253
14410,7.00843
14411,5.00843
14412,10.0084
14413,6.01687
14414,12.0084
14415,10.0169
14416,1.0253
14417,8.00843
14418,12.0084
14419,10.0084
14420,18.0084
14421,5.01687
14422,5.00843
14423,14.0084
14424,1.01686
14425,16.0084
14426,14.0169
14427,10.0084
14428,1.01686
14429,1.00843
14430,5.00843
14431,3.01687
14432,2.0253
14433,12.0084
14434,12.0169
14435,3.00843
14436,14.0084
14437,8.01686
14438,8.0253
14439,8.03373
14440,1.04216
14441,16.0084
14442,14.0169
14443,14.0253
14444,9.03373
14445,10.0084
14446,10.0169
14447,7.0253
14448,1.03373
14449,12.0084
14450,1.01686
14451,1.0253
14452,1.03373
14453,10.0084
14454,7.00843
14455,3.01687
14456,16.0084
14457,13.0169
14458,12.0253
14459,8.03373
14460,7.04216
14461,5.05059
14462,14.0084
14463,1.00843
14464,1.01686
14465,8.00843
14466,7.01687
14467,7.0253
14468,7.03373
14469,12.0084
14470,12.0084
14471,18.0084
14472,13.0169
14473,3.0253
14474,7.00843
14475,15.0084
14476,8.01686
14477,18.0084
14478,18.0169
14479,10.0253
14480,10.0337
14481,10.0422
14482,3.05059
14483,1.05903
14484,18.0084
14485,7.01687
14486,5.0253
14487,14.0084
14488,3.01687
14489,8.00843
14490,8.01686
14491,7.0253
14492,8.00843
14493,8.01686
14494,1.0253
14495,8.00843
14496,3.00843
14497,3.01687
14498,1.0253
14499,10.0084
14500,7.01687
14501,3.0253
14502,2.03373
14503,18.0084
14504,12.0169
14505,3.00843
14506,5.00843
14507,14.0084
14508,12.0169
14509,8.0253
14510,15.0084
14511,13.0169
14512,7.0253
14513,10.0084
14514,17.0084
14515,5.01687
14516,5.00843
14517,1.01686
14518,12.0084
14519,7.01687
14520,5.00843
14521,8.00843
14522,14.0084
14523,10.0169
14524,19.0084
14525,8.01686
14526,12.0084
14527,9.01686
14528,5.0253
14529,1.03373
14530,10.0084
14531,3.00843
14532,12.0084
14533,7.01687
14534,8.00843
14535,10.0084
14536,4.01687
14537,5.00843
14538,5.01687
14539,5.0253
14540,7.00843
14541,5.00843
14542,1.01686
14543,1.0253
14544,10.0084
14545,7.01687
14546,2.0253
14547,12.0084
14548,9.00843
14549,9.01686
14550,5.00843
14551,20.0084
14552,14.0169
14553,3.0253
14554,17.0084
14555,16.0169
14556,14.0084
14557,8.00843
14558,8.01686
14559,11.0084
14560,3.01687
14561,1.00843
14562,16.0084
14563,3.01687
14564,1.0253
14565,5.00843
14566,18.0084
14567,10.0169
14568,12.0084
14569,5.00843
14570,10.0084
14571,10.0084
14572,10.0169
14573,13.0084
14574,13.0084
14575,12.0169
14576,5.0253
14577,3.00843
14578,15.0084
14579,3.01687
14580,7.00843
14581,1.01686
14582,16.0084
14583,5.01687
14584,13.0084
14585,5.00843
14586,6.00843
14587,1.01686
14588,1.0253
14589,8.00843
14590,7.01687
14591,1.0253
14592,1.03373
14593,1.00843
14594,10.0084
14595,6.00843
14596,14.0084
14597,1.00843
14598,18.0084
14599,10.0084
14600,5.01687
14601,3.0253
14602,10.0084
14603,5.01687
14604,8.00843
14605,3.01687
14606,14.0084
14607,12.0169
14608,9.0253
14609,9.03373
14610,14.0084
14611,2.01687
14612,10.0084
14613,1.01686
14614,11.0084
14615,5.01687
14616,19.0084
14617,8.01686
14618,3.0253
14619,14.0084
14620,1.00843
14621,1.00843
14622,13.0084
14623,6.01687
14624,18.0084
14625,11.0169
14626,8.00843
14627,5.01687
14628,6.00843
14629,1.01686
14630,1.0253
14631,20.0084
14632,18.0169
14633,11.0253
14634,3.03373
14635,2.04216
14636,14.0084
14637,8.01686
14638,8.0253
14639,6.03373
14640,18.0084
14641,18.0084
14642,10.0084
14643,20.0084
14644,5.01687
14645,8.00843
14646,17.0084
14647,13.0169
14648,8.00843
14649,3.01687
14650,1.00843
14651,13.0084
14652,7.01687
14653,7.0253
14654,1.03373
14655,18.0084
14656,1.01686
14657,8.00843
14658,1.00843
14659,8.00843
14660,5.00843
14661,18.0084
14662,13.0169
14663,5.0253
14664,7.00843
14665,8.00843
14666,8.01686
14667,16.0084
14668,8.01686
14669,8.0253
14670,5.03373
14671,14.0084
14672,5.01687
14673,2.00843
14674,1.01686
14675,3.00843
14676,13.0084
14677,12.0169
14678,9.0253
14679,5.00843
14680,1.01686
14681,16.0084
14682,5.01687
14683,8.00843
14684,8.01686
14685,7.0253
14686,14.0084
14687,14.0169
14688,7.0253
14689,7.03373
14690,12.0084
14691,8.01686
14692,7.0253
14693,9.00843
14694,12.0084
14695,2.01687
14696,12.0084
14697,5.00843
14698,1.01686
14699,14.0084
14700,12.0084
14701,8.01686
14702,3.0253
14703,14.0084
14704,1.01686
14705,18.0084
14706,5.01687
14707,8.00843
14708,3.01687
14709,4.00843
14710,4.01687
14711,14.0084
14712,10.0169
14713,8.0253
14714,5.03373
14715,1.00843
14716,5.00843
14717,8.00843
14718,6.01687
14719,1.00843
14720,5.00843
14721,12.0084
14722,12.0169
14723,14.0084
14724,13.0169
14725,9.00843
14726,7.01687
14727,15.0084
14728,6.00843
14729,5.01687
14730,8.00843
14731,7.01687
14732,7.0253
14733,6.03373
14734,5.04216
14735,17.0084
14736,1.01686
14737,2.00843
14738,10.0084
14739,11.0084
14740,1.01686
14741,14.0084
14742,13.0169
14743,7.0253
14744,3.00843
14745,3.01687
14746,1.0253
14747,16.0084
14748,16.0169
14749,17.0084
14750,5.01687
14751,16.0084
14752,9.00843
14753,7.01687
14754,18.0084
14755,8.01686
14756,7.0253
14757,5.00843
14758,7.00843
14759,4.00843
14760,18.0084
14761,8.01686
14762,8.0253
14763,5.03373
14764,5.04216
14765,8.00843
14766,10.0084
14767,7.01687
14768,7.0253
14769,16.0084
14770,7.00843
14771,4.00843
14772,3.01687
14773,17.0084
14774,7.01687
14775,3.0253
14776,13.0084
14777,13.0169
14778,13.0253
14779,18.0084
14780,1.01686
14781,1.0253
14782,7.00843
14783,17.0084
14784,10.0169
14785,3.0253
14786,10.0084
14787,1.01686
14788,5.00843
14789,5.01687
14790,20.0084
14791,14.0169
14792,13.0253
14793,3.03373
14794,18.0084
14795,8.01686
14796,2.0253
14797,2.03373
14798,1.04216
14799,1.00843
14800,7.00843
14801,3.01687
14802,1.0253
14803,8.00843
14804,7.01687
14805,6.00843
14806,14.0084
14807,13.0169
14808,5.00843
14809,20.0084
14810,14.0169
14811,13.0253
14812,3.00843
14813,3.01687
14814,3.0253
14815,3.03373
14816,1.04216
14817,2.00843
14818,19.0084
14819,5.01687
14820,5.0253
14821,3.03373
14822,1.04216
14823,19.0084
14824,5.01687
14825,12.0084
14826,6.01687
14827,5.0253
14828,5.03373
14829,1.04216
14830,8.00843
14831,8.01686
14832,6.0253
14833,10.0084
14834,8.01686
14835,1.0253
14836,10.0084
14837,7.01687
14838,7.0253
14839,13.0084
14840,3.01687
14841,2.0253
14842,1.00843
14843,13.0084
14844,1.00843
14845,9.00843
14846,14.0084
14847,17.0084
14848,10.0169
14849,9.0253
14850,1.03373
14851,19.0084
14852,10.0169
14853,16.0084
14854,5.00843
14855,7.00843
14856,10.0084
14857,1.01686
14858,6.00843
14859,5.01687
14860,4.00843
14861,14.0084
14862,9.01686
14863,8.00843
14864,6.01687
14865,1.0253
14866,7.00843
14867,1.01686
14868,8.00843
14869,5.00843
14870,5.01687
14871,1.0253
14872,8.00843
14873,8.01686
14874,12.0084
14875,10.0169
14876,10.0253
14877,14.0084
14878,15.0084
14879,13.0169
14880,12.0253
14881,7.03373
14882,1.04216
14883,3.00843
14884,16.0084
14885,18.0084
14886,5.01687
14887,1.0253
14888,18.0084
14889,14.0169
14890,16.0084
14891,14.0169
14892,15.0084
14893,12.0169
14894,8.0253
14895,8.03373
14896,1.04216
14897,16.0084
14898,18.0084
14899,18.0084
14900,10.0169
14901,7.00843
14902,5.01687
14903,3.0253
14904,18.0084
14905,1.01686
14906,7.00843
14907,7.01687
14908,5.0253
14909,7.00843
14910,4.01687
14911,10.0084
14912,12.0084
14913,7.01687
14914,6.00843
14915,14.0084
14916,5.00843
14917,5.00843
14918,3.01687
14919,1.0253
14920,1.03373
14921,17.0084
14922,8.00843
14923,7.01687
14924,18.0084
14925,15.0169
14926,16.0084
14927,8.01686
14928,11.0084
14929,12.0084
14930,8.00843
14931,1.01686
14932,18.0084
14933,1.01686
14934,18.0084
14935,14.0169
14936,18.0084
14937,16.0084
14938,12.0169
14939,7.0253
14940,10.0084
14941,7.00843
14942,8.00843
14943,12.0084
14944,12.0169
14945,12.0084
14946,14.0084
14947,3.01687
14948,14.0084
14949,14.0169
14950,5.0253
14951,12.0084
14952,8.01686
14953,10.0084
14954,8.00843
14955,1.01686
14956,1.00843
14957,1.00843
14958,10.0084
14959,10.0169
14960,2.0253
14961,1.03373
14962,3.00843
14963,8.00843
14964,9.00843
14965,5.01687
14966,16.0084
14967,14.0169
14968,9.0253
14969,8.03373
14970,3.00843
14971,13.0084
14972,8.00843
14973,10.0084
14974,3.00843
14975,14.0084
14976,5.01687
14977,5.00843
14978,5.01687
14979,16.0084
14980,14.0169
14981,13.0084
14982,10.0169
14983,5.0253
14984,1.00843
14985,12.0084
14986,1.01686
14987,5.00843
14988,1.01686
14989,9.00843
14990,14.0084
14991,8.01686
14992,2.0253
14993,7.00843
14994,6.01687
14995,5.0253
14996,18.0084
14997,16.0169
14998,10.0253
14999,1.03373
15000,12.0084
15001,8.01686
15002,8.0253
15003,4.03373
15004,12.0084
15005,12.0169
15006,10.0253
15007,16.0084
15008,3.00843
15009,14.0084
15010,13.0169
15011,12.0253
15012,10.0337
15013,7.04216
15014,8.00843
15015,19.0084
15016,12.0169
15017,7.00843
15018,5.01687
15019,10.0084
15020,1.01686
15021,12.0084
15022,8.01686
15023,1.0253
15024,3.00843
15025,15.0084
15026,17.0084
15027,8.01686
15028,12.0084
15029,18.0084
15030,8.01686
15031,14.0084
15032,8.00843
15033,8.01686
15034,3.0253
15035,4.00843
15036,3.01687
15037,1.00843
15038,12.0084
15039,16.0084
15040,2.00843
15041,1.01686
15042,18.0084
15043,7.01687
15044,7.0253
15045,1.03373
15046,1.04216
15047,8.00843
15048,7.01687
15049,16.0084
15050,1.01686
15051,8.00843
15052,20.0084
15053,10.0169
15054,10.0253
15055,5.03373
15056,10.0084
15057,5.00843
15058,5.00843
15059,6.00843
15060,16.0084
15061,6.01687
15062,18.0084
15063,3.01687
15064,3.0253
15065,3.03373
15066,18.0084
15067,18.0169
15068,10.0253
15069,19.0084
15070,7.01687
15071,10.0084
15072,7.00843
15073,14.0084
15074,13.0169
15075,13.0253
15076,5.03373
15077,9.00843
15078,6.01687
15079,1.0253
15080,8.00843
15081,1.01686
15082,18.0084
15083,11.0169
15084,10.0253
15085,10.0337
15086,1.04216
15087,18.0084
15088,13.0169
15089,12.0253
15090,14.0084
15091,14.0169
15092,5.0253
15093,17.0084
15094,14.0169
15095,12.0253
15096,5.03373
15097,15.0084
15098,8.01686
15099,8.0253
15100,8.03373
15101,18.0084
15102,18.0084
15103,16.0169
15104,10.0253
15105,3.03373
15106,16.0084
15107,12.0169
15108,18.0084
15109,12.0169
15110,14.0084
15111,12.0169
15112,3.0253
15113,10.0084
15114,7.01687
15115,5.0253
15116,12.0084
15117,7.01687
15118,1.00843
15119,1.00843
15120,5.00843
15121,7.00843
15122,3.01687
15123,8.00843
15124,8.01686
15125,1.0253
15126,10.0084
15127,5.01687
15128,5.0253
15129,18.0084
15130,10.0169
15131,1.0253
15132,12.0084
15133,12.0169
15134,12.0253
15135,12.0337
15136,8.04216
15137,7.05059
15138,1.05903
15139,12.0084
15140,16.0084
15141,2.01687
15142,15.0084
15143,15.0169
15144,15.0253
15145,15.0337
15146,7.04216
15147,14.0084
15148,16.0084
15149,6.01687
15150,18.0084
15151,14.0169
15152,13.0084
15153,8.01686
15154,6.0253
15155,3.00843
15156,1.00843
15157,14.0084
15158,8.01686
15159,5.0253
15160,1.03373
15161,13.0084
15162,10.0169
15163,6.0253
15164,3.03373
15165,12.0084
15166,8.01686
15167,8.00843
15168,8.01686
15169,8.0253
15170,7.03373
15171,5.04216
15172,1.05059
15173,1.00843
15174,1.01686
15175,5.00843
15176,10.0084
15177,3.01687
15178,10.0084
15179,1.00843
15180,1.01686
15181,16.0084
15182,12.0169
15183,12.0253
15184,7.03373
15185,4.04216
15186,16.0084
15187,8.01686
15188,8.0253
15189,18.0084
15190,5.00843
15191,10.0084
15192,6.01687
15193,2.0253
15194,12.0084
15195,3.01687
15196,1.0253
15197,8.00843
15198,8.00843
15199,5.01687
15200,3.0253
15201,1.00843
15202,9.00843
15203,7.01687
15204,5.00843
15205,19.0084
15206,18.0169
15207,13.0253
15208,8.00843
15209,7.01687
15210,6.00843
15211,16.0084
15212,16.0169
15213,7.0253
15214,12.0084
15215,10.0169
15216,8.0253
15217,3.03373
15218,3.04216
15219,1.05059
15220,12.0084
15221,10.0169
15222,9.0253
15223,8.03373
15224,7.04216
15225,1.05059
15226,10.0084
15227,10.0169
15228,13.0084
15229,8.00843
15230,7.01687
15231,8.00843
15232,8.01686
15233,5.0253
15234,1.03373
15235,7.00843
15236,1.01686
15237,8.00843
15238,1.00843
15239,12.0084
15240,13.0084
15241,8.01686
15242,7.0253
15243,19.0084
15244,12.0169
15245,8.0253
15246,10.0084
15247,7.01687
15248,14.0084
15249,1.01686
15250,3.00843
15251,1.01686
15252,13.0084
15253,7.00843
15254,9.00843
15255,9.01686
15256,8.0253
15257,3.03373
15258,13.0084
15259,14.0084
15260,7.01687
15261,2.0253
15262,2.00843
15263,1.00843
15264,1.00843
15265,17.0084
15266,17.0169
15267,14.0084
15268,16.0084
15269,11.0169
15270,8.0253
15271,8.03373
15272,5.04216
15273,14.0084
15274,7.00843
15275,5.00843
15276,16.0084
15277,3.01687
15278,2.0253
15279,16.0084
15280,14.0169
15281,10.0253
15282,3.03373
15283,2.00843
15284,16.0084
15285,1.01686
15286,18.0084
15287,5.01687
15288,1.0253
15289,5.00843
15290,10.0084
15291,8.01686
15292,1.0253
15293,8.00843
15294,7.01687
15295,1.0253
15296,12.0084
15297,6.01687
15298,3.0253
15299,1.03373
15300,13.0084
15301,7.01687
15302,3.0253
15303,11.0084
15304,5.01687
15305,3.0253
15306,3.03373
15307,5.00843
15308,16.0084
15309,16.0169
15310,5.0253
15311,7.00843
15312,7.01687
15313,13.0084
15314,5.01687
15315,1.0253
15316,12.0084
15317,8.01686
15318,15.0084
15319,14.0169
15320,10.0253
15321,10.0337
15322,9.04216
15323,5.05059
15324,5.05903
15325,8.00843
15326,16.0084
15327,10.0169
15328,3.0253
15329,12.0084
15330,8.01686
15331,20.0084
15332,20.0084
15333,14.0169
15334,12.0084
15335,12.0169
15336,6.0253
15337,1.03373
15338,17.0084
15339,16.0169
15340,1.0253
15341,16.0084
15342,16.0169
15343,5.0253
15344,10.0084
15345,5.01687
15346,1.0253
15347,18.0084
15348,5.01687
15349,16.0084
15350,8.01686
15351,8.0253
15352,8.03373
15353,3.04216
15354,3.00843
15355,15.0084
15356,13.0169
15357,6.0253
15358,5.03373
15359,1.04216
15360,1.05059
15361,20.0084
15362,10.0169
15363,7.0253
15364,10.0084
15365,10.0084
15366,10.0169
15367,4.0253
15368,19.0084
15369,7.01687
15370,5.0253
15371,1.03373
15372,18.0084
15373,10.0084
15374,1.01686
15375,5.00843
15376,1.01686
15377,13.0084
15378,15.0084
15379,8.00843
15380,5.01687
15381,1.0253
15382,13.0084
15383,2.01687
15384,10.0084
15385,7.01687
15386,8.00843
15387,8.01686
15388,3.0253
15389,16.0084
15390,9.01686
15391,1.00843
15392,10.0084
15393,8.01686
15394,1.0253
15395,16.0084
15396,12.0169
15397,1.0253
15398,2.00843
15399,10.0084
15400,7.01687
15401,7.00843
15402,5.01687
15403,2.0253
15404,15.0084
15405,8.01686
15406,1.00843
15407,16.0084
15408,10.0169
15409,14.0084
15410,9.01686
15411,8.0253
15412,7.03373
15413,6.04216
15414,1.05059
15415,18.0084
15416,12.0169
15417,12.0253
15418,10.0337
15419,7.04216
15420,14.0084
15421,10.0084
15422,8.01686
15423,3.00843
15424,16.0084
15425,12.0169
15426,9.00843
15427,16.0084
15428,10.0169
15429,10.0253
15430,10.0337
15431,8.04216
15432,8.05059
15433,8.05903
15434,8.06746
15435,7.00843
15436,12.0084
15437,8.01686
15438,14.0084
15439,9.01686
15440,19.0084
15441,14.0169
15442,5.00843
15443,1.01686
15444,12.0084
15445,12.0169
15446,20.0084
15447,17.0169
15448,13.0253
15449,7.03373
15450,5.04216
15451,3.05059
15452,3.05903
15453,18.0084
15454,14.0169
15455,8.0253
15456,1.03373
15457,16.0084
15458,16.0169
15459,10.0253
15460,8.03373
15461,6.04216
15462,5.00843
15463,1.01686
15464,3.00843
15465,10.0084
15466,3.00843
15467,8.00843
15468,10.0084
15469,10.0169
15470,3.0253
15471,1.00843
15472,5.00843
15473,8.00843
15474,1.01686
15475,1.0253
15476,14.0084
15477,9.01686
15478,3.0253
15479,5.00843
15480,16.0084
15481,14.0169
15482,9.0253
15483,10.0084
15484,8.00843
15485,7.01687
15486,18.0084
15487,8.01686
15488,19.0084
15489,13.0169
15490,10.0253
15491,9.03373
15492,1.04216
15493,1.05059
15494,10.0084
15495,5.01687
15496,10.0084
15497,5.01687
15498,3.0253
15499,14.0084
15500,7.01687
15501,20.0084
15502,15.0169
15503,14.0253
15504,14.0084
15505,9.01686
15506,16.0084
15507,10.0169
15508,5.00843
15509,1.01686
15510,1.0253
15511,18.0084
15512,3.01687
15513,14.0084
15514,8.01686
15515,3.0253
15516,13.0084
15517,5.00843
15518,16.0084
15519,6.01687
15520,5.0253
15521,1.03373
15522,16.0084
15523,8.00843
15524,8.01686
15525,7.0253
15526,1.03373
15527,10.0084
15528,10.0169
15529,8.0253
15530,7.03373
15531,10.0084
15532,15.0084
15533,14.0169
15534,14.0084
15535,5.00843
15536,17.0084
15537,13.0169
15538,12.0253
15539,11.0337
15540,12.0084
15541,10.0169
15542,1.0253
15543,1.03373
15544,14.0084
15545,5.01687
15546,5.0253
15547,10.0084
15548,3.01687
15549,18.0084
15550,5.01687
15551,16.0084
15552,3.01687
15553,16.0084
15554,8.00843
15555,8.01686
15556,4.0253
15557,5.00843
15558,1.00843
15559,12.0084
15560,12.0169
15561,1.0253
15562,7.00843
15563,8.00843
15564,6.01687
15565,3.0253
15566,7.00843
15567,9.00843
15568,4.01687
15569,4.0253
15570,1.03373
15571,8.00843
15572,20.0084
15573,6.01687
15574,12.0084
15575,10.0169
15576,10.0084
15577,10.0169
15578,16.0084
15579,12.0169
15580,3.0253
15581,1.03373
15582,12.0084
15583,7.01687
15584,3.0253
15585,8.00843
15586,5.00843
15587,1.01686
15588,1.0253
15589,8.00843
15590,5.01687
15591,5.0253
15592,1.03373
15593,18.0084
15594,18.0169
15595,13.0253
15596,3.03373
15597,3.04216
15598,18.0084
15599,10.0169
15600,8.00843
15601,5.01687
15602,3.0253
15603,16.0084
15604,8.01686
15605,7.00843
15606,7.01687
15607,10.0084
15608,12.0084
15609,10.0169
15610,9.0253
15611,13.0084
15612,1.00843
15613,1.01686
15614,1.00843
15615,16.0084
15616,16.0169
15617,13.0253
15618,7.03373
15619,12.0084
15620,10.0169
15621,14.0084
15622,12.0169
15623,8.0253
15624,8.03373
15625,10.0084
15626,12.0084
15627,6.01687
15628,10.0084
15629,7.01687
15630,5.0253
15631,18.0084
15632,10.0169
15633,8.0253
15634,12.0084
15635,12.0169
15636,5.0253
15637,1.03373
15638,14.0084
15639,5.01687
15640,5.0253
15641,10.0084
15642,8.00843
15643,8.00843
15644,5.01687
15645,17.0084
15646,3.00843
15647,18.0084
15648,5.01687
15649,8.00843
15650,8.01686
15651,1.0253
15652,12.0084
15653,1.01686
15654,12.0084
15655,16.0084
15656,13.0169
15657,5.0253
15658,5.00843
15659,1.01686
15660,16.0084
15661,17.0084
15662,8.00843
15663,7.01687
15664,6.0253
15665,1.03373
15666,19.0084
15667,13.0169
15668,6.00843
15669,1.00843
15670,1.01686
15671,1.0253
15672,2.00843
15673,1.01686
15674,3.00843
15675,3.01687
15676,8.00843
15677,1.00843
15678,7.00843
15679,7.01687
15680,7.0253
15681,1.03373
15682,20.0084
15683,17.0169
15684,7.0253
15685,8.00843
15686,5.01687
15687,10.0084
15688,10.0169
15689,10.0253
15690,10.0337
15691,5.04216
15692,1.05059
15693,10.0084
15694,7.01687
15695,3.0253
15696,1.03373
15697,12.0084
15698,12.0169
15699,7.0253
15700,12.0084
15701,7.01687
15702,8.00843
15703,16.0084
15704,1.00843
15705,14.0084
15706,3.00843
15707,10.0084
15708,8.01686
15709,7.0253
15710,5.03373
15711,3.04216
15712,1.00843
15713,18.0084
15714,10.0169
15715,8.0253
15716,5.03373
15717,8.00843
15718,16.0084
15719,15.0169
15720,15.0253
15721,14.0337
15722,10.0422
15723,8.05059
15724,10.0084
15725,17.0084
15726,12.0084
15727,1.00843
15728,1.00843
15729,15.0084
15730,6.00843
15731,6.01687
15732,3.0253
15733,1.00843
15734,7.00843
15735,13.0084
15736,1.00843
15737,3.00843
15738,3.01687
15739,18.0084
15740,7.01687
15741,8.00843
15742,17.0084
15743,4.01687
15744,1.0253
15745,5.00843
15746,14.0084
15747,10.0169
15748,8.00843
15749,8.00843
15750,8.01686
15751,6.0253
15752,12.0084
15753,5.01687
15754,4.0253
15755,17.0084
15756,12.0169
15757,8.00843
15758,8.01686
15759,5.0253
15760,10.0084
15761,9.01686
15762,14.0084
15763,9.01686
15764,8.0253
15765,7.03373
15766,3.04216
15767,14.0084
15768,11.0169
15769,9.0253
15770,18.0084
15771,16.0169
15772,12.0253
15773,10.0084
15774,10.0169
15775,12.0084
15776,12.0084
15777,15.0084
15778,7.01687
15779,5.0253
15780,19.0084
15781,14.0169
15782,5.0253
15783,3.03373
15784,18.0084
15785,18.0169
15786,1.0253
15787,14.0084
15788,8.01686
15789,12.0084
15790,1.00843
15791,1.01686
15792,14.0084
15793,13.0169
15794,10.0253
15795,8.03373
15796,3.04216
15797,8.00843
15798,12.0084
15799,8.01686
15800,12.0084
15801,7.01687
15802,6.0253
15803,14.0084
15804,1.01686
15805,15.0084
15806,8.01686
15807,1.0253
15808,13.0084
15809,8.01686
15810,2.0253
15811,16.0084
15812,7.01687
15813,2.0253
15814,18.0084
15815,3.01687
15816,12.0084
15817,5.01687
15818,5.0253
15819,5.03373
15820,5.04216
15821,5.05059
15822,13.0084
15823,7.01687
15824,18.0084
15825,1.01686
15826,10.0084
15827,17.0084
15828,10.0169
15829,5.0253
15830,5.03373
15831,3.04216
15832,18.0084
15833,5.01687
15834,1.0253
15835,13.0084
15836,8.01686
15837,14.0084
15838,14.0169
15839,14.0253
15840,15.0084
15841,10.0169
15842,7.0253
15843,8.00843
15844,1.00843
15845,8.00843
15846,8.01686
15847,10.0084
15848,9.01686
15849,13.0084
15850,5.01687
15851,1.0253
15852,12.0084
15853,12.0169
15854,13.0084
15855,12.0169
15856,5.0253
15857,13.0084
15858,20.0084
15859,5.01687
15860,10.0084
15861,8.00843
15862,7.00843
15863,1.01686
15864,8.00843
15865,18.0084
15866,14.0169
15867,13.0253
15868,1.03373
15869,1.00843
15870,17.0084
15871,12.0169
15872,8.00843
15873,9.00843
15874,17.0084
15875,10.0169
15876,5.0253
15877,3.03373
15878,12.0084
15879,5.01687
15880,5.0253
15881,10.0084
15882,6.01687
15883,3.0253
15884,3.03373
15885,13.0084
15886,5.01687
15887,1.0253
15888,14.0084
15889,14.0169
15890,3.00843
15891,2.01687
15892,10.0084
15893,8.01686
15894,7.00843
15895,4.01687
15896,3.0253
15897,1.03373
15898,1.04216
15899,1.05059
15900,12.0084
15901,1.01686
15902,1.0253
15903,14.0084
15904,12.0169
15905,12.0253
15906,1.03373
15907,16.0084
15908,7.01687
15909,10.0084
15910,8.01686
15911,18.0084
15912,12.0084
15913,5.01687
15914,5.0253
15915,10.0084
15916,1.01686
15917,1.0253
15918,14.0084
15919,7.01687
15920,1.0253
15921,20.0084
15922,15.0169
15923,10.0253
15924,8.03373
15925,8.04216
15926,8.05059
15927,1.05903
15928,10.0084
15929,20.0084
15930,18.0169
15931,16.0084
15932,15.0169
15933,14.0253
15934,7.03373
15935,8.00843
15936,9.00843
15937,6.00843
15938,2.00843
15939,12.0084
15940,18.0084
15941,7.01687
15942,5.0253
15943,5.03373
15944,5.04216
15945,13.0084
15946,10.0169
15947,8.0253
15948,5.03373
15949,3.04216
15950,3.00843
15951,8.00843
15952,5.00843
15953,1.01686
15954,14.0084
15955,14.0169
15956,5.0253
15957,19.0084
15958,10.0169
15959,8.0253
15960,7.03373
15961,19.0084
15962,5.01687
15963,3.0253
15964,16.0084
15965,11.0169
15966,10.0253
15967,7.00843
15968,7.01687
15969,7.0253
15970,3.03373
15971,8.00843
15972,1.00843
15973,1.01686
15974,1.00843
15975,11.0084
15976,12.0084
15977,10.0169
15978,7.0253
15979,13.0084
15980,5.01687
15981,15.0084
15982,3.01687
15983,15.0084
15984,12.0084
15985,5.01687
15986,10.0084
15987,14.0084
15988,15.0084
15989,16.0084
15990,5.01687
15991,3.0253
15992,8.00843
15993,8.01686
15994,7.00843
15995,7.01687
15996,8.00843
15997,8.01686
15998,7.00843
15999,10.0084
16000,8.01686
16001,8.0253
16002,3.03373
16003,16.0084
16004,10.0169
16005,13.0084
16006,16.0084
16007,12.0084
16008,4.01687
16009,3.0253
16010,3.03373
16011,3.00843
16012,6.00843
16013,5.01687
16014,2.0253
16015,19.0084
16016,16.0084
16017,12.0169
16018,8.0253
16019,8.00843
16020,12.0084
16021,13.0084
16022,13.0084
16023,13.0169
16024,12.0253
16025,12.0337
16026,3.04216
16027,3.00843
16028,7.00843
16029,18.0084
16030,8.01686
16031,5.0253
16032,8.00843
16033,8.00843
16034,8.01686
16035,7.0253
16036,6.00843
16037,12.0084
16038,8.00843
16039,1.01686
16040,15.0084
16041,10.0169
16042,10.0253
16043,18.0084
16044,16.0169
16045,18.0084
16046,12.0084
16047,9.01686
16048,7.0253
16049,3.03373
16050,8.00843
16051,13.0084
16052,14.0084
16053,1.01686
16054,8.00843
16055,5.01687
16056,3.0253
16057,1.03373
16058,1.04216
16059,17.0084
16060,8.01686
16061,5.00843
16062,17.0084
16063,16.0169
16064,13.0253
16065,1.03373
16066,3.00843
16067,8.00843
16068,8.01686
16069,8.00843
16070,5.01687
16071,5.0253
16072,5.03373
16073,3.04216
16074,10.0084
16075,2.01687
16076,7.00843
16077,14.0084
16078,10.0169
16079,18.0084
16080,8.00843
16081,12.0084
16082,7.01687
16083,4.0253
16084,1.00843
16085,2.00843
16086,13.0084
16087,5.01687
16088,8.00843
16089,6.01687
16090,10.0084
16091,18.0084
16092,14.0169
16093,8.0253
16094,6.03373
16095,6.04216
16096,13.0084
16097,10.0169
16098,10.0253
16099,8.03373
16100,18.0084
16101,10.0169
16102,8.0253
16103,8.03373
16104,5.04216
16105,2.05059
16106,3.00843
16107,16.0084
16108,12.0169
16109,7.0253
16110,7.03373
16111,14.0084
16112,14.0084
16113,14.0169
16114,9.0253
16115,3.03373
16116,19.0084
16117,19.0169
16118,10.0253
16119,14.0084
16120,8.01686
16121,2.0253
16122,12.0084
16123,6.01687
16124,16.0084
16125,14.0169
16126,14.0253
16127,8.03373
16128,16.0084
16129,9.00843
16130,7.01687
16131,7.00843
16132,14.0084
16133,20.0084
16134,10.0169
16135,5.0253
16136,12.0084
16137,3.01687
16138,13.0084
16139,8.01686
16140,8.0253
16141,10.0084
16142,3.00843
16143,3.01687
16144,1.0253
16145,17.0084
16146,12.0169
16147,8.0253
16148,10.0084
16149,10.0169
16150,5.0253
16151,5.03373
16152,14.0084
16153,14.0169
16154,10.0253
16155,13.0084
16156,6.01687
16157,10.0084
16158,17.0084
16159,12.0169
16160,10.0084
16161,10.0169
16162,10.0084
16163,5.01687
16164,4.0253
16165,3.03373
16166,1.00843
16167,14.0084
16168,14.0084
16169,8.00843
16170,5.01687
16171,1.0253
16172,8.00843
16173,10.0084
16174,8.01686
16175,5.0253
16176,10.0084
16177,8.01686
16178,6.0253
16179,15.0084
16180,10.0169
16181,10.0253
16182,3.03373
16183,10.0084
16184,12.0084
16185,16.0084
16186,13.0084
16187,5.01687
16188,5.0253
16189,17.0084
16190,1.01686
16191,19.0084
16192,3.00843
16193,3.01687
16194,9.00843
16195,8.00843
16196,8.01686
16197,7.0253
16198,8.00843
16199,18.0084
16200,4.01687
16201,1.0253
16202,1.00843
16203,3.00843
16204,2.01687
16205,14.0084
16206,14.0169
16207,6.00843
16208,5.01687
16209,3.00843
16210,14.0084
16211,1.01686
16212,5.00843
16213,4.00843
16214,8.00843
16215,1.00843
16216,15.0084
16217,10.0169
16218,8.0253
16219,3.00843
16220,12.0084
16221,13.0084
16222,19.0084
16223,12.0169
16224,12.0253
16225,7.00843
16226,7.01687
16227,1.0253
16228,17.0084
16229,16.0169
16230,14.0084
16231,12.0169
16232,10.0253
16233,18.0084
16234,19.0084
16235,5.01687
16236,14.0084
16237,5.01687
16238,7.00843
16239,6.01687
16240,5.0253
16241,10.0084
16242,10.0169
16243,18.0084
16244,13.0169
16245,3.00843
16246,14.0084
16247,10.0169
16248,1.0253
16249,14.0084
16250,13.0169
16251,14.0084
16252,6.01687
16253,6.0253
16254,7.00843
16255,14.0084
16256,8.01686
16257,1.0253
16258,18.0084
16259,2.01687
16260,1.0253
16261,16.0084
16262,12.0169
16263,5.0253
16264,5.03373
16265,5.04216
16266,12.0084
16267,4.01687
16268,19.0084
16269,14.0169
16270,5.0253
16271,5.03373
16272,3.04216
16273,13.0084
16274,12.0169
16275,16.0084
16276,7.01687
16277,8.00843
16278,8.01686
16279,3.0253
16280,18.0084
16281,16.0169
16282,12.0253
16283,10.0337
16284,10.0422
16285,5.05059
16286,3.05903
16287,8.00843
16288,10.0084
16289,10.0169
16290,5.0253
16291,5.03373
16292,8.00843
16293,6.01687
16294,14.0084
16295,12.0169
16296,5.0253
16297,14.0084
16298,8.01686
16299,14.0084
16300,17.0084
16301,15.0169
16302,10.0253
16303,8.03373
16304,8.00843
16305,20.0084
16306,7.01687
16307,16.0084
16308,14.0169
16309,14.0253
16310,8.03373
16311,8.04216
16312,16.0084
16313,13.0169
16314,7.0253
16315,18.0084
16316,10.0169
16317,1.0253
16318,14.0084
16319,5.01687
16320,12.0084
16321,1.01686
16322,19.0084
16323,10.0169
16324,18.0084
16325,18.0169
16326,12.0253
16327,10.0337
16328,3.04216
16329,15.0084
16330,16.0084
16331,5.01687
16332,5.0253
16333,14.0084
16334,1.01686
16335,15.0084
16336,8.01686
16337,8.0253
16338,10.0084
16339,8.01686
16340,10.0084
16341,9.01686
16342,1.0253
16343,17.0084
16344,8.01686
16345,7.0253
16346,12.0084
16347,12.0169
16348,8.00843
16349,8.01686
16350,14.0084
16351,1.01686
16352,1.0253
16353,16.0084
16354,6.01687
16355,16.0084
16356,3.01687
16357,18.0084
16358,1.01686
16359,7.00843
16360,5.01687
16361,3.0253
16362,16.0084
16363,16.0169
16364,13.0253
16365,10.0084
16366,18.0084
16367,17.0169
16368,12.0084
16369,10.0169
16370,8.0253
16371,5.00843
16372,3.01687
16373,17.0084
16374,12.0169
16375,10.0253
16376,8.03373
16377,7.00843
16378,16.0084
16379,15.0169
16380,1.0253
16381,16.0084
16382,10.0169
16383,8.0253
16384,19.0084
16385,18.0169
16386,12.0253
16387,10.0337
16388,10.0422
16389,12.0084
16390,10.0169
16391,1.0253
16392,1.03373
16393,2.00843
16394,10.0084
16395,8.01686
16396,3.0253
16397,1.03373
16398,1.04216
16399,16.0084
16400,12.0084
16401,10.0169
16402,5.0253
16403,5.03373
16404,3.04216
16405,3.05059
16406,16.0084
16407,16.0169
16408,3.0253
16409,16.0084
16410,16.0169
16411,7.0253
16412,5.03373
16413,5.04216
16414,1.05059
16415,8.00843
16416,8.01686
16417,14.0084
16418,14.0169
16419,8.0253
16420,3.00843
16421,14.0084
16422,10.0169
16423,10.0253
16424,8.03373
16425,8.04216
16426,7.05059
16427,18.0084
16428,14.0084
16429,7.01687
16430,15.0084
16431,12.0169
16432,12.0253
16433,8.03373
16434,14.0084
16435,3.00843
16436,8.00843
16437,10.0084
16438,7.00843
16439,7.01687
16440,8.00843
16441,5.01687
16442,12.0084
16443,8.01686
16444,2.00843
16445,16.0084
16446,18.0084
16447,10.0169
16448,7.00843
16449,13.0084
16450,5.01687
16451,3.0253
16452,3.00843
16453,5.00843
16454,5.00843
16455,1.01686
16456,9.00843
16457,1.01686
16458,8.00843
16459,8.01686
16460,8.00843
16461,8.01686
16462,5.00843
16463,5.01687
16464,5.00843
16465,1.01686
16466,1.0253
16467,12.0084
16468,13.0084
16469,13.0084
16470,4.01687
16471,1.0253
16472,14.0084
16473,5.01687
16474,15.0084
16475,8.01686
16476,10.0084
16477,16.0084
16478,14.0169
16479,20.0084
16480,12.0084
16481,9.00843
16482,5.00843
16483,18.0084
16484,8.00843
16485,8.01686
16486,5.00843
16487,8.00843
16488,8.01686
16489,5.0253
16490,12.0084
16491,12.0169
16492,8.0253
16493,16.0084
16494,13.0169
16495,5.00843
16496,1.01686
16497,10.0084
16498,16.0084
16499,10.0169
16500,1.00843
16501,1.00843
16502,5.00843
16503,13.0084
16504,10.0084
16505,10.0169
16506,18.0084
16507,13.0084
16508,16.0084
16509,8.00843
16510,7.01687
16511,18.0084
16512,17.0169
16513,8.0253
16514,19.0084
16515,18.0084
16516,5.00843
16517,20.0084
16518,8.00843
16519,7.01687
16520,7.0253
16521,8.00843
16522,1.01686
16523,7.00843
16524,8.00843
16525,5.01687
16526,3.0253
16527,12.0084
16528,10.0169
16529,1.0253
16530,14.0084
16531,14.0169
16532,10.0253
16533,6.03373
16534,16.0084
16535,5.01687
16536,3.0253
16537,3.03373
16538,17.0084
16539,18.0084
16540,1.00843
16541,20.0084
16542,18.0169
16543,1.0253
16544,8.00843
16545,1.01686
16546,9.00843
16547,5.01687
16548,3.0253
16549,12.0084
16550,10.0169
16551,3.0253
16552,7.00843
16553,8.00843
16554,3.01687
16555,7.00843
16556,7.01687
16557,10.0084
16558,8.01686
16559,8.0253
16560,12.0084
16561,5.01687
16562,3.0253
16563,8.00843
16564,6.01687
16565,14.0084
16566,3.00843
16567,3.01687
16568,2.0253
16569,7.00843
16570,7.01687
16571,3.0253
16572,10.0084
16573,8.01686
16574,5.0253
16575,1.03373
16576,18.0084
16577,5.01687
16578,18.0084
16579,12.0084
16580,17.0084
16581,10.0169
16582,8.00843
16583,16.0084
16584,16.0169
16585,16.0253
16586,17.0084
16587,8.01686
16588,18.0084
16589,18.0169
16590,8.0253
16591,3.03373
16592,3.04216
16593,1.00843
16594,14.0084
16595,5.01687
16596,1.0253
16597,5.00843
16598,7.00843
16599,5.00843
16600,8.00843
16601,8.01686
16602,6.0253
16603,14.0084
16604,10.0169
16605,5.0253
16606,10.0084
16607,1.01686
16608,2.00843
16609,12.0084
16610,10.0169
16611,18.0084
16612,17.0169
16613,7.0253
16614,7.00843
16615,7.00843
16616,16.0084
16617,8.01686
16618,1.0253
16619,17.0084
16620,1.01686
16621,18.0084
16622,18.0169
16623,12.0253
16624,11.0337
16625,13.0084
16626,13.0084
16627,3.01687
16628,5.00843
16629,16.0084
16630,17.0084
16631,1.01686
16632,5.00843
16633,10.0084
16634,18.0084
16635,10.0169
16636,8.0253
16637,1.03373
16638,1.00843
16639,1.01686
16640,9.00843
16641,3.00843
16642,1.00843
16643,16.0084
16644,7.00843
16645,1.00843
16646,12.0084
16647,8.01686
16648,3.00843
16649,3.01687
16650,10.0084
16651,16.0084
16652,3.01687
16653,18.0084
16654,14.0084
16655,8.01686
16656,1.0253
16657,15.0084
16658,10.0169
16659,6.0253
16660,10.0084
16661,14.0084
16662,8.01686
16663,2.0253
16664,18.0084
16665,12.0169
16666,6.00843
16667,5.01687
16668,12.0084
16669,8.01686
16670,5.0253
16671,8.00843
16672,8.01686
16673,5.0253
16674,9.00843
16675,1.01686
16676,8.00843
16677,7.01687
16678,5.0253
16679,2.03373
16680,10.0084
16681,9.01686
16682,8.00843
16683,8.01686
16684,5.0253
16685,6.00843
16686,14.0084
16687,14.0169
16688,10.0253
16689,4.03373
16690,15.0084
16691,8.00843
16692,8.01686
16693,17.0084
16694,13.0169
16695,8.0253
16696,7.03373
16697,3.04216
16698,18.0084
16699,10.0169
16700,19.0084
16701,14.0084
16702,9.01686
16703,20.0084
16704,10.0169
16705,1.00843
16706,1.01686
16707,1.0253
16708,17.0084
16709,5.01687
16710,16.0084
16711,7.01687
16712,3.0253
16713,1.03373
16714,10.0084
16715,4.01687
16716,18.0084
16717,3.01687
16718,7.00843
16719,18.0084
16720,7.01687
16721,3.00843
16722,20.0084
16723,10.0169
16724,3.0253
16725,2.03373
16726,10.0084
16727,6.01687
16728,5.00843
16729,13.0084
16730,8.00843
16731,16.0084
16732,15.0169
16733,16.0084
16734,1.01686
16735,17.0084
16736,18.0084
16737,6.00843
16738,3.00843
16739,7.00843
16740,10.0084
16741,3.00843
16742,1.01686
16743,8.00843
16744,7.01687
16745,8.00843
16746,8.01686
16747,11.0084
16748,8.01686
16749,5.0253
16750,5.03373
16751,5.04216
16752,5.05059
16753,13.0084
16754,12.0169
16755,8.00843
16756,12.0084
16757,3.01687
16758,15.0084
16759,7.01687
16760,17.0084
16761,10.0169
16762,9.0253
16763,5.03373
16764,10.0084
16765,8.01686
16766,6.00843
16767,16.0084
16768,8.01686
16769,8.00843
16770,14.0084
16771,13.0084
16772,10.0084
16773,3.01687
16774,3.0253
16775,3.00843
16776,18.0084
16777,10.0169
16778,13.0084
16779,5.01687
16780,12.0084
16781,10.0169
16782,3.0253
16783,11.0084
16784,16.0084
16785,8.01686
16786,1.0253
16787,14.0084
16788,1.01686
16789,18.0084
16790,10.0169
16791,8.00843
16792,12.0084
16793,1.01686
16794,1.0253
16795,10.0084
16796,8.00843
16797,4.00843
16798,7.00843
16799,17.0084
16800,4.01687
16801,17.0084
16802,10.0169
16803,8.0253
16804,18.0084
16805,8.00843
16806,10.0084
16807,14.0084
16808,12.0169
16809,13.0084
16810,12.0084
16811,8.00843
16812,16.0084
16813,7.00843
16814,3.01687
16815,8.00843
16816,19.0084
16817,14.0169
16818,19.0084
16819,18.0169
16820,18.0084
16821,3.00843
16822,16.0084
16823,9.00843
16824,5.01687
16825,5.0253
16826,1.03373
16827,1.00843
16828,14.0084
16829,3.01687
16830,3.0253
16831,3.03373
16832,2.04216
16833,8.00843
16834,16.0084
16835,10.0169
16836,6.00843
16837,1.01686
16838,3.00843
16839,8.00843
16840,3.01687
16841,5.00843
16842,10.0084
16843,8.01686
16844,12.0084
16845,12.0169
16846,18.0084
16847,14.0084
16848,13.0169
16849,12.0253
16850,3.00843
16851,16.0084
16852,7.01687
16853,17.0084
16854,3.01687
16855,16.0084
16856,3.01687
16857,1.0253
16858,10.0084
16859,3.01687
16860,7.00843
16861,6.00843
16862,1.01686
16863,12.0084
16864,3.01687
16865,3.0253
16866,15.0084
16867,10.0169
16868,5.00843
16869,5.01687
16870,5.0253
16871,9.00843
16872,16.0084
16873,10.0169
16874,7.0253
16875,7.03373
16876,3.04216
16877,2.05059
16878,8.00843
16879,13.0084
16880,12.0169
16881,12.0253
16882,8.03373
16883,5.00843
16884,1.01686
16885,14.0084
16886,5.01687
16887,12.0084
16888,3.01687
16889,1.0253
16890,13.0084
16891,2.01687
16892,18.0084
16893,18.0169
16894,16.0253
16895,15.0337
16896,15.0422
16897,10.0506
16898,16.0084
16899,16.0169
16900,8.00843
16901,19.0084
16902,10.0084
16903,9.01686
16904,9.0253
16905,8.03373
16906,3.04216
16907,16.0084
16908,7.01687
16909,8.00843
16910,13.0084
16911,7.00843
16912,1.01686
16913,10.0084
16914,6.01687
16915,3.0253
16916,2.03373
16917,2.04216
16918,15.0084
16919,17.0084
16920,8.01686
16921,3.0253
16922,2.00843
16923,2.00843
16924,12.0084
16925,9.01686
16926,5.00843
16927,3.01687
16928,14.0084
16929,10.0169
16930,1.00843
16931,16.0084
16932,3.01687
16933,14.0084
16934,3.00843
16935,3.01687
16936,9.00843
16937,5.00843
16938,5.00843
16939,3.00843
16940,3.01687
16941,1.0253
16942,4.00843
16943,1.01686
16944,6.00843
16945,17.0084
16946,3.01687
16947,5.00843
16948,5.00843
16949,12.0084
16950,12.0169
16951,12.0084
16952,10.0169
16953,8.0253
16954,5.03373
16955,2.00843
16956,1.01686
16957,16.0084
16958,14.0169
16959,11.0253
16960,12.0084
16961,16.0084
16962,12.0169
16963,12.0253
16964,1.03373
16965,14.0084
16966,13.0169
16967,8.0253
16968,16.0084
16969,6.01687
16970,5.0253
16971,5.03373
16972,5.04216
16973,3.05059
16974,15.0084
16975,1.01686
16976,5.00843
16977,10.0084
16978,3.01687
16979,2.0253
16980,1.03373
16981,9.00843
16982,3.01687
16983,3.0253
16984,8.00843
16985,8.01686
16986,8.0253
16987,12.0084
16988,12.0084
16989,12.0169
16990,9.0253
16991,1.03373
16992,9.00843
16993,16.0084
16994,13.0169
16995,1.0253
16996,1.00843
16997,12.0084
16998,1.01686
16999,10.0084
17000,8.01686
17001,8.0253
17002,5.00843
17003,1.00843
17004,1.01686
17005,5.00843
17006,14.0084
17007,18.0084
17008,14.0169
17009,8.0253
17010,4.03373
17011,1.04216
17012,1.05059
17013,1.05903
17014,20.0084
17015,6.01687
17016,14.0084
17017,1.01686
17018,14.0084
17019,12.0169
17020,10.0253
17021,1.03373
17022,10.0084
17023,8.01686
17024,1.0253
17025,16.0084
17026,8.01686
17027,1.0253
17028,1.00843
17029,16.0084
17030,18.0084
17031,10.0169
17032,5.0253
17033,12.0084
17034,16.0084
17035,16.0169
17036,10.0084
17037,19.0084
17038,12.0084
17039,8.01686
17040,8.0253
17041,16.0084
17042,14.0169
17043,13.0084
17044,5.01687
17045,1.0253
17046,8.00843
17047,14.0084
17048,18.0084
17049,1.01686
17050,3.00843
17051,3.00843
17052,9.00843
17053,2.00843
17054,16.0084
17055,3.00843
17056,16.0084
17057,5.01687
17058,17.0084
17059,1.01686
17060,10.0084
17061,10.0169
17062,7.0253
17063,18.0084
17064,12.0084
17065,9.01686
17066,10.0084
17067,10.0169
17068,7.0253
17069,8.00843
17070,8.01686
17071,10.0084
17072,12.0084
17073,8.01686
17074,8.0253
17075,19.0084
17076,16.0169
17077,2.00843
17078,16.0084
17079,3.01687
17080,18.0084
17081,4.01687
17082,1.00843
17083,20.0084
17084,16.0169
17085,16.0253
17086,13.0084
17087,8.00843
17088,18.0084
17089,16.0169
17090,13.0253
17091,10.0084
17092,12.0084
17093,12.0084
17094,12.0169
17095,12.0253
17096,12.0084
17097,7.01687
17098,14.0084
17099,9.01686
17100,3.0253
17101,2.03373
17102,10.0084
17103,5.00843
17104,5.01687
17105,3.0253
17106,12.0084
17107,5.01687
17108,19.0084
17109,13.0169
17110,8.0253
17111,8.03373
17112,8.04216
17113,3.05059
17114,5.00843
17115,16.0084
17116,10.0169
17117,5.0253
17118,1.03373
17119,14.0084
17120,7.01687
17121,6.0253
17122,12.0084
17123,10.0169
17124,19.0084
17125,9.01686
17126,12.0084
17127,10.0084
17128,3.00843
17129,7.00843
17130,3.01687
17131,10.0084
17132,16.0084
17133,7.01687
17134,16.0084
17135,20.0084
17136,5.01687
17137,5.0253
17138,13.0084
17139,8.01686
17140,3.0253
17141,10.0084
17142,1.01686
17143,8.00843
17144,13.0084
17145,12.0169
17146,3.0253
17147,14.0084
17148,8.01686
17149,5.0253
17150,3.03373
17151,6.00843
17152,2.01687
17153,16.0084
17154,17.0084
17155,16.0084
17156,10.0084
17157,3.01687
17158,3.0253
17159,2.03373
17160,5.00843
17161,11.0084
17162,14.0084
17163,7.01687
17164,16.0084
17165,12.0169
17166,5.0253
17167,12.0084
17168,12.0169
17169,9.00843
17170,12.0084
17171,12.0169
17172,11.0253
17173,18.0084
17174,13.0169
17175,3.0253
17176,12.0084
17177,8.00843
17178,3.01687
17179,1.0253
17180,1.03373
17181,15.0084
17182,14.0169
17183,13.0253
17184,1.03373
17185,1.04216
17186,10.0084
17187,10.0169
17188,10.0253
17189,3.03373
17190,2.04216
17191,1.05059
17192,7.00843
17193,2.00843
17194,2.01687
17195,19.0084
17196,10.0169
17197,10.0253
17198,7.03373
17199,1.04216
17200,16.0084
17201,8.01686
17202,14.0084
17203,7.01687
17204,2.0253
17205,10.0084
17206,8.01686
17207,20.0084
17208,18.0169
17209,16.0253
17210,12.0337
17211,12.0422
17212,10.0506
17213,18.0084
17214,13.0084
17215,12.0169
17216,12.0253
17217,3.03373
17218,14.0084
17219,8.01686
17220,5.0253
17221,2.03373
17222,20.0084
17223,16.0169
17224,8.00843
17225,20.0084
17226,16.0169
17227,7.0253
17228,8.00843
17229,1.01686
17230,1.00843
17231,16.0084
17232,6.01687
17233,18.0084
17234,18.0169
17235,7.00843
17236,4.01687
17237,1.0253
17238,5.00843
17239,5.01687
17240,16.0084
17241,7.00843
17242,3.01687
17243,10.0084
17244,5.01687
17245,5.00843
17246,5.01687
17247,5.0253
17248,3.03373
17249,10.0084
17250,10.0169
17251,1.0253
17252,1.03373
17253,7.00843
17254,7.00843
17255,6.01687
17256,3.0253
17257,10.0084
17258,1.01686
17259,5.00843
17260,1.01686
17261,16.0084
17262,8.00843
17263,8.01686
17264,9.00843
17265,16.0084
17266,16.0169
17267,10.0253
17268,10.0337
17269,17.0084
17270,8.01686
17271,3.0253
17272,3.00843
17273,1.00843
17274,18.0084
17275,5.01687
17276,8.00843
17277,1.01686
17278,18.0084
17279,8.01686
17280,17.0084
17281,1.01686
17282,1.00843
17283,9.00843
17284,3.01687
17285,14.0084
17286,1.00843
17287,8.00843
17288,8.01686
17289,12.0084
17290,10.0169
17291,16.0084
17292,16.0084
17293,14.0169
17294,12.0253
17295,1.03373
17296,1.04216
17297,3.00843
17298,17.0084
17299,14.0169
17300,8.00843
17301,7.01687
17302,2.0253
17303,18.0084
17304,8.00843
17305,1.01686
17306,8.00843
17307,7.01687
17308,15.0084
17309,16.0084
17310,14.0169
17311,10.0253
17312,1.03373
17313,8.00843
17314,18.0084
17315,3.01687
17316,14.0084
17317,8.01686
17318,8.0253
17319,5.03373
17320,1.04216
17321,20.0084
17322,19.0169
17323,1.0253
17324,6.00843
17325,1.01686
17326,16.0084
17327,15.0169
17328,12.0253
17329,10.0337
17330,10.0422
17331,14.0084
17332,17.0084
17333,5.01687
17334,1.0253
17335,12.0084
17336,12.0169
17337,3.0253
17338,3.03373
17339,1.04216
17340,3.00843
17341,14.0084
17342,14.0169
17343,1.0253
17344,15.0084
17345,6.01687
17346,12.0084
17347,7.01687
17348,3.0253
17349,8.00843
17350,10.0084
17351,17.0084
17352,16.0169
17353,13.0084
17354,12.0169
17355,6.0253
17356,5.00843
17357,16.0084
17358,4.00843
17359,7.00843
17360,5.01687
17361,18.0084
17362,17.0084
17363,8.01686
17364,8.0253
17365,10.0084
17366,10.0169
17367,8.0253
17368,8.03373
17369,1.00843
17370,13.0084
17371,12.0169
17372,7.0253
17373,13.0084
17374,13.0169
17375,7.0253
17376,1.03373
17377,5.00843
17378,5.01687
17379,5.0253
17380,14.0084
17381,8.01686
17382,7.0253
17383,10.0084
17384,8.01686
17385,8.0253
17386,18.0084
17387,8.01686
17388,15.0084
17389,10.0169
17390,10.0253
17391,8.00843
17392,8.01686
17393,1.0253
17394,10.0084
17395,10.0169
17396,4.0253
17397,3.03373
17398,14.0084
17399,5.01687
17400,4.0253
17401,7.00843
17402,3.01687
17403,17.0084
17404,20.0084
17405,14.0169
17406,12.0253
17407,7.03373
17408,5.04216
17409,13.0084
17410,8.01686
17411,16.0084
17412,1.01686
17413,20.0084
17414,20.0169
17415,16.0253
17416,10.0337
17417,10.0422
17418,10.0506
17419,7.00843
17420,7.01687
17421,14.0084
17422,12.0084
17423,5.01687
17424,1.0253
17425,8.00843
17426,5.01687
17427,13.0084
17428,8.01686
17429,18.0084
17430,3.01687
17431,18.0084
17432,10.0169
17433,8.0253
17434,10.0084
17435,8.00843
17436,8.00843
17437,16.0084
17438,16.0084
17439,9.01686
17440,3.0253
17441,12.0084
17442,8.01686
17443,7.0253
17444,8.00843
17445,8.01686
17446,5.0253
17447,5.03373
17448,10.0084
17449,20.0084
17450,5.01687
17451,12.0084
17452,3.00843
17453,10.0084
17454,8.01686
17455,3.0253
17456,5.00843
17457,5.01687
17458,13.0084
17459,10.0169
17460,10.0084
17461,5.01687
17462,1.0253
17463,7.00843
17464,13.0084
17465,5.01687
17466,12.0084
17467,12.0169
17468,8.0253
17469,1.03373
17470,15.0084
17471,10.0169
17472,8.0253
17473,19.0084
17474,16.0169
17475,5.00843
17476,14.0084
17477,2.01687
17478,7.00843
17479,3.01687
17480,8.00843
17481,7.01687
17482,5.00843
17483,3.01687
17484,3.0253
17485,1.03373
17486,1.00843
17487,12.0084
17488,8.01686
17489,1.0253
17490,10.0084
17491,7.01687
17492,14.0084
17493,14.0169
17494,1.0253
17495,12.0084
17496,1.00843
17497,20.0084
17498,8.01686
17499,5.0253
17500,5.03373
17501,7.00843
17502,2.01687
17503,1.0253
17504,15.0084
17505,14.0169
17506,10.0084
17507,3.01687
17508,10.0084
17509,7.00843
17510,8.00843
17511,11.0084
17512,8.01686
17513,12.0084
17514,8.01686
17515,1.0253
17516,14.0084
17517,3.01687
17518,10.0084
17519,9.00843
17520,7.01687
17521,16.0084
17522,8.01686
17523,18.0084
17524,16.0084
17525,12.0169
17526,16.0084
17527,12.0169
17528,8.00843
17529,10.0084
17530,6.01687
17531,1.00843
17532,1.01686
17533,3.00843
17534,14.0084
17535,3.00843
17536,4.00843
17537,5.00843
17538,5.01687
17539,1.0253
17540,8.00843
17541,2.01687
17542,2.0253
17543,1.03373
17544,14.0084
17545,5.01687
17546,3.0253
17547,1.03373
17548,1.04216
17549,1.05059
17550,5.00843
17551,10.0084
17552,6.01687
17553,18.0084
17554,11.0169
17555,1.0253
17556,12.0084
17557,14.0084
17558,10.0084
17559,5.01687
17560,12.0084
17561,6.01687
17562,3.0253
17563,1.03373
17564,14.0084
17565,12.0169
17566,10.0253
17567,18.0084
17568,16.0169
17569,1.0253
17570,17.0084
17571,6.01687
17572,13.0084
17573,12.0169
17574,3.0253
17575,14.0084
17576,3.01687
17577,14.0084
17578,9.01686
17579,8.0253
17580,5.03373
17581,8.00843
17582,5.01687
17583,3.00843
17584,12.0084
17585,9.01686
17586,3.0253
17587,8.00843
17588,7.01687
17589,14.0084
17590,14.0169
17591,5.0253
17592,1.03373
17593,5.00843
17594,16.0084
17595,14.0169
17596,1.0253
17597,13.0084
17598,12.0169
17599,5.0253
17600,3.03373
17601,1.04216
17602,19.0084
17603,18.0169
17604,8.0253
17605,1.03373
17606,12.0084
17607,8.01686
17608,4.0253
17609,6.00843
17610,3.01687
17611,7.00843
17612,7.01687
17613,16.0084
17614,1.01686
17615,10.0084
17616,1.00843
17617,16.0084
17618,14.0084
17619,14.0169
17620,12.0253
17621,5.03373
17622,8.00843
17623,1.01686
17624,5.00843
17625,3.00843
17626,15.0084
17627,5.01687
17628,12.0084
17629,18.0084
17630,12.0169
17631,10.0084
17632,3.01687
17633,7.00843
17634,3.01687
17635,1.0253
17636,16.0084
17637,8.01686
17638,18.0084
17639,10.0169
17640,8.0253
17641,8.00843
17642,5.01687
17643,1.0253
17644,1.03373
17645,10.0084
17646,3.01687
17647,10.0084
17648,9.00843
17649,3.01687
17650,1.00843
17651,10.0084
17652,14.0084
17653,8.01686
17654,5.00843
17655,1.00843
17656,16.0084
17657,16.0169
17658,15.0253
17659,10.0337
17660,10.0084
17661,5.01687
17662,18.0084
17663,10.0084
17664,5.00843
17665,1.01686
17666,15.0084
17667,12.0169
17668,1.0253
17669,1.03373
17670,6.00843
17671,5.01687
17672,2.0253
17673,5.00843
17674,3.01687
17675,3.0253
17676,7.00843
17677,7.01687
17678,10.0084
17679,6.01687
17680,7.00843
17681,7.01687
17682,5.0253
17683,5.03373
17684,8.00843
17685,6.01687
17686,15.0084
17687,12.0169
17688,5.0253
17689,10.0084
17690,13.0084
17691,8.01686
17692,6.0253
17693,1.03373
17694,8.00843
17695,17.0084
17696,14.0169
17697,14.0253
17698,12.0337
17699,10.0422
17700,1.05059
17701,3.00843
17702,1.01686
17703,1.0253
17704,14.0084
17705,12.0169
17706,7.0253
17707,14.0084
17708,8.00843
17709,10.0084
17710,8.01686
17711,1.0253
17712,5.00843
17713,19.0084
17714,12.0169
17715,1.0253
17716,1.03373
17717,5.00843
17718,10.0084
17719,7.01687
17720,1.0253
17721,16.0084
17722,16.0084
17723,10.0169
17724,3.00843
17725,14.0084
17726,7.01687
17727,3.0253
17728,18.0084
17729,5.01687
17730,18.0084
17731,5.01687
17732,8.00843
17733,8.00843
17734,14.0084
17735,8.01686
17736,8.0253
17737,8.03373
17738,5.00843
17739,1.01686
17740,1.00843
17741,10.0084
17742,10.0169
17743,10.0084
17744,6.01687
17745,18.0084
17746,5.01687
17747,5.00843
17748,5.00843
17749,8.00843
17750,16.0084
17751,8.01686
17752,17.0084
17753,8.00843
17754,5.00843
17755,3.01687
17756,4.00843
17757,13.0084
17758,5.01687
17759,5.0253
17760,5.03373
17761,14.0084
17762,3.01687
17763,1.00843
17764,5.00843
17765,14.0084
17766,7.01687
17767,3.0253
17768,10.0084
17769,7.01687
17770,8.00843
17771,12.0084
17772,12.0169
17773,12.0084
17774,7.01687
17775,4.0253
17776,13.0084
17777,1.01686
17778,5.00843
17779,8.00843
17780,12.0084
17781,12.0084
17782,12.0169
17783,10.0084
17784,3.01687
17785,16.0084
17786,10.0169
17787,8.0253
17788,7.03373
17789,1.00843
17790,8.00843
17791,7.01687
17792,12.0084
17793,5.01687
17794,14.0084
17795,2.01687
17796,19.0084
17797,1.00843
17798,7.00843
17799,1.01686
17800,1.0253
17801,18.0084
17802,12.0084
17803,6.01687
17804,14.0084
17805,10.0169
17806,5.0253
17807,5.03373
17808,9.00843
17809,8.01686
17810,9.00843
17811,5.01687
17812,3.0253
17813,10.0084
17814,8.01686
17815,9.00843
17816,1.01686
17817,1.00843
17818,7.00843
17819,12.0084
17820,12.0169
17821,13.0084
17822,5.01687
17823,1.0253
17824,1.03373
17825,1.04216
17826,1.05059
17827,1.00843
17828,6.00843
17829,12.0084
17830,7.01687
17831,5.00843
17832,5.01687
17833,10.0084
17834,15.0084
17835,15.0169
17836,2.0253
17837,2.03373
17838,3.00843
17839,3.01687
17840,14.0084
17841,13.0169
17842,10.0253
17843,5.03373
17844,5.04216
17845,5.05059
17846,2.05903
17847,12.0084
17848,8.00843
17849,1.00843
17850,10.0084
17851,7.01687
17852,3.0253
17853,16.0084
17854,11.0169
17855,10.0253
17856,1.03373
17857,9.00843
17858,5.01687
17859,14.0084
17860,10.0084
17861,8.01686
17862,3.0253
17863,16.0084
17864,8.00843
17865,5.01687
17866,3.0253
17867,13.0084
17868,7.01687
17869,6.0253
17870,18.0084
17871,6.01687
17872,2.0253
17873,10.0084
17874,10.0169
17875,10.0084
17876,7.01687
17877,8.00843
17878,6.01687
17879,12.0084
17880,1.01686
17881,13.0084
17882,18.0084
17883,16.0169
17884,3.0253
17885,5.00843
17886,5.01687
17887,12.0084
17888,5.01687
17889,1.0253
17890,3.00843
17891,1.01686
17892,9.00843
17893,12.0084
17894,10.0169
17895,8.00843
17896,16.0084
17897,16.0084
17898,12.0169
17899,12.0253
17900,10.0337
17901,7.04216
17902,1.05059
17903,8.00843
17904,16.0084
17905,8.01686
17906,2.0253
17907,16.0084
17908,1.00843
17909,12.0084
17910,3.01687
17911,2.0253
17912,1.03373
17913,1.00843
17914,1.01686
17915,1.0253
17916,12.0084
17917,3.00843
17918,8.00843
17919,5.01687
17920,1.00843
17921,10.0084
17922,7.01687
17923,5.0253
17924,8.00843
17925,1.01686
17926,1.00843
17927,1.01686
17928,20.0084
17929,18.0169
17930,3.00843
17931,12.0084
17932,18.0084
17933,1.01686
17934,1.0253
17935,14.0084
17936,8.01686
17937,10.0084
17938,5.00843
17939,17.0084
17940,12.0169
17941,8.0253
17942,7.03373
17943,13.0084
17944,13.0169
17945,8.0253
17946,16.0084
17947,8.01686
17948,16.0084
17949,10.0169
17950,8.0253
17951,15.0084
17952,8.01686
17953,20.0084
17954,12.0169
17955,5.0253
17956,1.03373
17957,3.00843
17958,16.0084
17959,16.0084
17960,12.0169
17961,8.0253
17962,18.0084
17963,18.0084
17964,17.0084
17965,8.00843
17966,1.00843
17967,12.0084
17968,1.01686
17969,2.00843
17970,1.01686
17971,7.00843
17972,4.00843
17973,8.00843
17974,3.01687
17975,16.0084
17976,1.00843
17977,1.01686
17978,1.0253
17979,13.0084
17980,7.00843
17981,4.01687
17982,12.0084
17983,17.0084
17984,8.01686
17985,5.0253
17986,14.0084
17987,3.01687
17988,5.00843
17989,3.01687
17990,19.0084
17991,12.0169
17992,7.0253
17993,8.00843
17994,8.01686
17995,5.0253
17996,1.03373
17997,14.0084
17998,11.0169
17999,10.0253
18000,12.0084
18001,10.0169
18002,13.0084
18003,18.0084
18004,10.0084
18005,16.0084
18006,15.0169
18007,9.0253
18008,17.0084
18009,10.0169
18010,1.0253
18011,14.0084
18012,12.0169
18013,3.0253
18014,14.0084
18015,1.01686
18016,16.0084
18017,10.0169
18018,15.0084
18019,9.01686
18020,4.00843
18021,16.0084
18022,8.00843
18023,7.01687
18024,9.00843
18025,7.01687
18026,9.00843
18027,5.01687
18028,5.0253
18029,7.00843
18030,1.00843
18031,6.00843
18032,19.0084
18033,14.0084
18034,1.01686
18035,12.0084
18036,14.0084
18037,12.0169
18038,12.0253
18039,18.0084
18040,18.0169
18041,13.0253
18042,1.03373
18043,1.04216
18044,19.0084
18045,3.01687
18046,3.0253
18047,2.03373
18048,3.00843
18049,19.0084
18050,19.0084
18051,1.01686
18052,8.00843
18053,8.01686
18054,10.0084
18055,5.01687
18056,5.0253
18057,10.0084
18058,1.00843
18059,12.0084
18060,12.0169
18061,1.0253
18062,1.03373
18063,1.04216
18064,13.0084
18065,1.01686
18066,1.0253
18067,15.0084
18068,8.01686
18069,16.0084
18070,15.0169
18071,11.0253
18072,4.03373
18073,10.0084
18074,10.0169
18075,9.0253
18076,3.03373
18077,2.04216
18078,8.00843
18079,13.0084
18080,12.0169
18081,12.0253
18082,11.0337
18083,7.04216
18084,6.05059
18085,7.00843
18086,20.0084
18087,20.0169
18088,16.0253
18089,15.0337
18090,14.0422
18091,8.05059
18092,8.05903
18093,7.06746
18094,7.07589
18095,13.0084
18096,3.01687
18097,1.0253
18098,2.00843
18099,13.0084
18100,12.0169
18101,19.0084
18102,5.01687
18103,13.0084
18104,12.0169
18105,7.0253
18106,1.03373
18107,2.00843
18108,1.01686
18109,8.00843
18110,5.00843
18111,12.0084
18112,7.00843
18113,1.00843
18114,15.0084
18115,7.00843
18116,1.01686
18117,10.0084
18118,12.0084
18119,1.01686
18120,3.00843
18121,14.0084
18122,13.0169
18123,3.0253
18124,8.00843
18125,5.01687
18126,16.0084
18127,7.00843
18128,1.01686
18129,10.0084
18130,5.00843
18131,12.0084
18132,13.0084
18133,10.0169
18134,5.0253
18135,10.0084
18136,10.0169
18137,1.0253
18138,7.00843
18139,18.0084
18140,8.01686
18141,7.00843
18142,2.01687
18143,13.0084
18144,7.00843
18145,7.01687
18146,10.0084
18147,10.0169
18148,1.0253
18149,14.0084
18150,13.0169
18151,8.0253
18152,1.03373
18153,9.00843
18154,13.0084
18155,10.0169
18156,5.0253
18157,1.03373
18158,3.00843
18159,13.0084
18160,2.01687
18161,13.0084
18162,13.0084
18163,9.00843
18164,8.01686
18165,8.0253
18166,12.0084
18167,16.0084
18168,16.0169
18169,13.0253
18170,8.03373
18171,14.0084
18172,15.0084
18173,3.01687
18174,16.0084
18175,8.00843
18176,7.01687
18177,5.0253
18178,3.03373
18179,3.04216
18180,16.0084
18181,4.01687
18182,2.00843
18183,1.01686
18184,1.00843
18185,10.0084
18186,8.01686
18187,8.0253
18188,1.03373
18189,2.00843
18190,12.0084
18191,12.0169
18192,12.0253
18193,12.0337
18194,10.0422
18195,7.05059
18196,1.05903
18197,9.00843
18198,16.0084
18199,7.00843
18200,14.0084
18201,12.0169
18202,18.0084
18203,14.0169
18204,12.0253
18205,8.03373
18206,12.0084
18207,10.0169
18208,12.0084
18209,10.0169
18210,1.00843
18211,7.00843
18212,3.01687
18213,17.0084
18214,8.00843
18215,7.01687
18216,3.00843
18217,8.00843
18218,8.01686
18219,7.00843
18220,5.01687
18221,3.0253
18222,8.00843
18223,8.01686
18224,7.0253
18225,7.00843
18226,14.0084
18227,9.01686
18228,15.0084
18229,8.01686
18230,8.00843
18231,8.01686
18232,9.00843
18233,12.0084
18234,18.0084
18235,17.0169
18236,16.0253
18237,12.0084
18238,9.01686
18239,10.0084
18240,8.01686
18241,5.0253
18242,4.03373
18243,5.00843
18244,16.0084
18245,20.0084
18246,16.0084
18247,3.01687
18248,13.0084
18249,6.01687
18250,12.0084
18251,12.0169
18252,12.0084
18253,17.0084
18254,3.01687
18255,3.0253
18256,15.0084
18257,1.01686
18258,1.0253
18259,19.0084
18260,16.0169
18261,10.0253
18262,20.0084
18263,3.01687
18264,4.00843
18265,8.00843
18266,14.0084
18267,1.01686
18268,1.0253
18269,8.00843
18270,8.01686
18271,17.0084
18272,8.01686
18273,20.0084
18274,18.0169
18275,18.0253
18276,5.03373
18277,5.04216
18278,8.00843
18279,5.01687
18280,8.00843
18281,15.0084
18282,14.0169
18283,9.0253
18284,5.03373
18285,5.04216
18286,14.0084
18287,10.0169
18288,7.0253
18289,5.03373
18290,12.0084
18291,8.01686
18292,13.0084
18293,3.01687
18294,10.0084
18295,8.01686
18296,16.0084
18297,16.0084
18298,16.0169
18299,14.0253
18300,12.0337
18301,8.04216
18302,1.05059
18303,18.0084
18304,17.0169
18305,1.0253
18306,14.0084
18307,9.01686
18308,5.00843
18309,17.0084
18310,8.01686
18311,18.0084
18312,12.0169
18313,3.0253
18314,1.03373
18315,19.0084
18316,14.0084
18317,10.0084
18318,2.01687
18319,10.0084
18320,1.01686
18321,8.00843
18322,3.01687
18323,7.00843
18324,3.00843
18325,20.0084
18326,5.01687
18327,4.0253
18328,3.03373
18329,12.0084
18330,7.01687
18331,10.0084
18332,10.0084
18333,8.01686
18334,14.0084
18335,16.0084
18336,8.01686
18337,7.0253
18338,7.03373
18339,1.04216
18340,13.0084
18341,10.0169
18342,3.0253
18343,5.00843
18344,12.0084
18345,10.0169
18346,8.0253
18347,6.00843
18348,18.0084
18349,16.0169
18350,10.0253
18351,5.00843
18352,5.01687
18353,6.00843
18354,10.0084
18355,10.0169
18356,7.00843
18357,14.0084
18358,14.0169
18359,13.0253
18360,16.0084
18361,19.0084
18362,20.0084
18363,18.0169
18364,16.0253
18365,18.0084
18366,13.0169
18367,7.0253
18368,18.0084
18369,7.01687
18370,10.0084
18371,13.0084
18372,12.0169
18373,5.0253
18374,1.00843
18375,1.00843
18376,1.01686
18377,1.0253
18378,3.00843
18379,7.00843
18380,3.00843
18381,5.00843
18382,20.0084
18383,10.0169
18384,7.0253
18385,5.03373
18386,1.00843
18387,8.00843
18388,10.0084
18389,8.01686
18390,5.0253
18391,5.03373
18392,5.04216
18393,9.00843
18394,18.0084
18395,12.0169
18396,3.00843
18397,12.0084
18398,18.0084
18399,10.0169
18400,8.0253
18401,5.03373
18402,3.00843
18403,15.0084
18404,5.01687
18405,18.0084
18406,5.01687
18407,16.0084
18408,18.0084
18409,17.0169
18410,10.0253
18411,7.03373
18412,7.04216
18413,1.05059
18414,1.05903
18415,16.0084
18416,8.01686
18417,5.0253
18418,12.0084
18419,3.01687
18420,10.0084
18421,3.01687
18422,13.0084
18423,1.01686
18424,8.00843
18425,10.0084
18426,10.0084
18427,8.00843
18428,8.01686
18429,10.0084
18430,10.0169
18431,20.0084
18432,18.0169
18433,1.00843
18434,7.00843
18435,14.0084
18436,6.01687
18437,16.0084
18438,8.01686
18439,8.0253
18440,20.0084
18441,13.0169
18442,12.0253
18443,1.00843
18444,1.01686
18445,13.0084
18446,1.01686
18447,15.0084
18448,12.0084
18449,12.0084
18450,1.01686
18451,1.00843
18452,1.01686
18453,7.00843
18454,3.01687
18455,5.00843
18456,10.0084
18457,8.01686
18458,8.0253
18459,5.03373
18460,2.04216
18461,14.0084
18462,7.01687
18463,12.0084
18464,7.00843
18465,7.01687
18466,1.0253
18467,9.00843
18468,6.01687
18469,16.0084
18470,12.0169
18471,10.0253
18472,7.03373
18473,13.0084
18474,12.0169
18475,10.0253
18476,15.0084
18477,5.01687
18478,1.0253
18479,14.0084
18480,14.0169
18481,12.0253
18482,16.0084
18483,15.0084
18484,12.0169
18485,16.0084
18486,16.0169
18487,5.0253
18488,5.03373
18489,19.0084
18490,13.0084
18491,5.01687
18492,16.0084
18493,12.0169
18494,6.0253
18495,17.0084
18496,2.00843
18497,8.00843
18498,8.01686
18499,6.0253
18500,1.03373
18501,10.0084
18502,3.01687
18503,7.00843
18504,2.01687
18505,12.0084
18506,7.01687
18507,5.0253
18508,18.0084
18509,6.01687
18510,1.0253
18511,16.0084
18512,7.01687
18513,3.0253
18514,10.0084
18515,3.01687
18516,2.0253
18517,6.00843
18518,7.00843
18519,18.0084
18520,18.0169
18521,8.0253
18522,8.03373
18523,5.00843
18524,15.0084
18525,5.00843
18526,20.0084
18527,8.01686
18528,16.0084
18529,13.0169
18530,7.00843
18531,7.01687
18532,7.0253
18533,20.0084
18534,11.0169
18535,11.0253
18536,9.03373
18537,1.04216
18538,9.00843
18539,3.01687
18540,10.0084
18541,1.01686
18542,5.00843
18543,18.0084
18544,16.0169
18545,14.0253
18546,14.0337
18547,13.0422
18548,12.0506
18549,5.05903
18550,16.0084
18551,10.0084
18552,6.01687
18553,7.00843
18554,1.01686
18555,1.0253
18556,14.0084
18557,16.0084
18558,17.0084
18559,8.01686
18560,8.0253
18561,10.0084
18562,3.01687
18563,8.00843
18564,12.0084
18565,11.0169
18566,3.00843
18567,8.00843
18568,10.0084
18569,1.01686
18570,15.0084
18571,8.01686
18572,5.00843
18573,8.00843
18574,3.01687
18575,16.0084
18576,8.01686
18577,18.0084
18578,5.01687
18579,5.0253
18580,1.03373
18581,3.00843
18582,16.0084
18583,8.00843
18584,5.01687
18585,5.00843
18586,13.0084
18587,10.0169
18588,16.0084
18589,8.01686
18590,1.00843
18591,7.00843
18592,1.01686
18593,14.0084
18594,13.0169
18595,16.0084
18596,6.00843
18597,10.0084
18598,20.0084
18599,12.0169
18600,7.0253
18601,14.0084
18602,9.01686
18603,4.0253
18604,3.03373
18605,7.00843
18606,8.00843
18607,7.01687
18608,5.00843
18609,2.01687
18610,17.0084
18611,14.0169
18612,18.0084
18613,13.0084
18614,12.0169
18615,8.0253
18616,3.03373
18617,1.04216
18618,14.0084
18619,16.0084
18620,14.0169
18621,3.0253
18622,3.03373
18623,11.0084
18624,6.01687
18625,3.0253
18626,1.00843
18627,8.00843
18628,8.01686
18629,5.0253
18630,10.0084
18631,8.01686
18632,8.0253
18633,17.0084
18634,12.0169
18635,12.0084
18636,17.0084
18637,5.01687
18638,14.0084
18639,3.00843
18640,1.00843
18641,20.0084
18642,8.01686
18643,1.0253
18644,6.00843
18645,5.01687
18646,3.0253
18647,14.0084
18648,7.01687
18649,1.0253
18650,1.03373
18651,14.0084
18652,13.0169
18653,6.0253
18654,6.03373
18655,6.00843
18656,14.0084
18657,8.01686
18658,5.0253
18659,4.03373
18660,1.04216
18661,5.00843
18662,10.0084
18663,1.01686
18664,1.0253
18665,14.0084
18666,8.01686
18667,5.0253
18668,2.03373
18669,1.04216
18670,17.0084
18671,15.0169
18672,12.0253
18673,8.03373
18674,6.04216
18675,1.05059
18676,9.00843
18677,7.01687
18678,14.0084
18679,1.01686
18680,1.0253
18681,10.0084
18682,6.01687
18683,13.0084
18684,7.01687
18685,8.00843
18686,10.0084
18687,2.00843
18688,8.00843
18689,3.01687
18690,8.00843
18691,1.01686
18692,10.0084
18693,5.01687
18694,5.0253
18695,10.0084
18696,7.01687
18697,3.0253
18698,1.03373
18699,16.0084
18700,5.01687
18701,3.0253
18702,2.03373
18703,12.0084
18704,3.01687
18705,17.0084
18706,8.01686
18707,16.0084
18708,15.0169
18709,5.0253
18710,2.00843
18711,12.0084
18712,6.01687
18713,16.0084
18714,8.00843
18715,3.00843
18716,19.0084
18717,1.01686
18718,1.00843
18719,16.0084
18720,14.0169
18721,1.0253
18722,12.0084
18723,10.0169
18724,12.0084
18725,10.0169
18726,1.00843
18727,10.0084
18728,18.0084
18729,8.01686
18730,16.0084
18731,7.00843
18732,1.01686
18733,15.0084
18734,10.0169
18735,1.00843
18736,12.0084
18737,5.01687
18738,3.0253
18739,15.0084
18740,5.00843
18741,8.00843
18742,6.01687
18743,5.0253
18744,6.00843
18745,1.01686
18746,10.0084
18747,10.0084
18748,5.01687
18749,10.0084
18750,10.0169
18751,5.00843
18752,5.01687
18753,13.0084
18754,15.0084
18755,7.01687
18756,5.0253
18757,3.03373
18758,11.0084
18759,8.01686
18760,3.0253
18761,10.0084
18762,12.0084
18763,16.0084
18764,1.01686
18765,18.0084
18766,10.0169
18767,9.0253
18768,5.03373
18769,1.00843
18770,18.0084
18771,8.00843
18772,1.01686
18773,9.00843
18774,18.0084
18775,12.0169
18776,5.00843
18777,8.00843
18778,1.01686
18779,16.0084
18780,14.0169
18781,1.0253
18782,14.0084
18783,10.0169
18784,3.0253
18785,16.0084
18786,12.0084
18787,8.01686
18788,5.00843
18789,8.00843
18790,15.0084
18791,12.0169
18792,14.0084
18793,5.00843
18794,11.0084
18795,1.00843
18796,8.00843
18797,8.01686
18798,16.0084
18799,3.01687
18800,10.0084
18801,11.0084
18802,1.01686
18803,11.0084
18804,1.01686
18805,8.00843
18806,7.01687
18807,3.0253
18808,3.03373
18809,8.00843
18810,3.01687
18811,3.0253
18812,8.00843
18813,8.00843
18814,8.01686
18815,13.0084
18816,8.01686
18817,11.0084
18818,5.00843
18819,1.00843
18820,1.01686
18821,1.0253
18822,16.0084
18823,3.00843
18824,3.01687
18825,6.00843
18826,3.01687
18827,3.0253
18828,3.03373
18829,5.00843
18830,8.00843
18831,7.01687
18832,10.0084
18833,3.01687
18834,17.0084
18835,7.01687
18836,4.0253
18837,3.03373
18838,14.0084
18839,8.01686
18840,5.0253
18841,1.03373
18842,10.0084
18843,10.0169
18844,9.0253
18845,8.03373
18846,13.0084
18847,12.0084
18848,12.0084
18849,5.01687
18850,1.0253
18851,1.03373
18852,16.0084
18853,16.0169
18854,13.0253
18855,13.0084
18856,6.00843
18857,5.01687
18858,7.00843
18859,17.0084
18860,14.0169
18861,14.0253
18862,14.0337
18863,8.00843
18864,5.00843
18865,10.0084
18866,20.0084
18867,16.0169
18868,13.0084
18869,2.01687
18870,18.0084
18871,3.01687
18872,1.00843
18873,8.00843
18874,18.0084
18875,2.01687
18876,8.00843
18877,1.00843
18878,3.00843
18879,1.01686
18880,12.0084
18881,8.01686
18882,5.0253
18883,10.0084
18884,6.01687
18885,16.0084
18886,10.0169
18887,8.00843
18888,5.01687
18889,5.0253
18890,13.0084
18891,14.0084
18892,12.0084
18893,10.0084
18894,5.00843
18895,3.00843
18896,18.0084
18897,5.00843
18898,1.01686
18899,1.00843
18900,1.01686
18901,14.0084
18902,8.01686
18903,6.0253
18904,3.03373
18905,9.00843
18906,1.00843
18907,10.0084
18908,6.01687
18909,3.0253
18910,1.03373
18911,7.00843
18912,7.01687
18913,8.00843
18914,8.01686
18915,8.0253
18916,3.03373
18917,10.0084
18918,10.0169
18919,3.0253
18920,13.0084
18921,3.01687
18922,2.0253
18923,1.03373
18924,13.0084
18925,5.01687
18926,14.0084
18927,5.01687
18928,10.0084
18929,1.01686
18930,14.0084
18931,14.0169
18932,8.0253
18933,10.0084
18934,7.01687
18935,18.0084
18936,8.01686
18937,8.00843
18938,5.01687
18939,8.00843
18940,5.01687
18941,12.0084
18942,6.01687
18943,10.0084
18944,13.0084
18945,8.01686
18946,7.0253
18947,16.0084
18948,13.0084
18949,10.0169
18950,13.0084
18951,15.0084
18952,10.0169
18953,6.0253
18954,5.03373
18955,6.00843
18956,5.01687
18957,3.0253
18958,1.03373
18959,18.0084
18960,8.01686
18961,5.0253
18962,3.03373
18963,15.0084
18964,14.0169
18965,8.0253
18966,5.03373
18967,3.04216
18968,16.0084
18969,3.00843
18970,17.0084
18971,10.0169
18972,7.00843
18973,3.01687
18974,14.0084
18975,14.0169
18976,3.0253
18977,13.0084
18978,8.01686
18979,7.0253
18980,3.03373
18981,3.04216
18982,16.0084
18983,8.01686
18984,5.0253
18985,5.00843
18986,1.01686
18987,13.0084
18988,9.01686
18989,7.0253
18990,7.03373
18991,8.00843
18992,8.01686
18993,7.0253
18994,3.03373
18995,9.00843
18996,1.01686
18997,10.0084
18998,10.0169
18999,1.00843
19000,7.00843
19001,11.0084
19002,1.01686
19003,17.0084
19004,10.0084
19005,5.01687
19006,5.00843
19007,1.01686
19008,17.0084
19009,2.01687
19010,1.0253
19011,18.0084
19012,8.01686
19013,8.00843
19014,13.0084
19015,8.00843
19016,7.01687
19017,7.0253
19018,5.03373
19019,12.0084
19020,8.01686
19021,8.0253
19022,8.00843
19023,7.01687
19024,7.0253
19025,12.0084
19026,8.01686
19027,5.00843
19028,18.0084
19029,8.01686
19030,14.0084
19031,13.0169
19032,11.0253
19033,9.03373
19034,5.04216
19035,10.0084
19036,8.01686
19037,7.00843
19038,1.01686
19039,16.0084
19040,14.0169
19041,12.0253
19042,5.00843
19043,5.01687
19044,5.0253
19045,1.03373
19046,1.04216
19047,1.00843
19048,10.0084
19049,20.0084
19050,12.0169
19051,13.0084
19052,8.01686
19053,8.00843
19054,1.01686
19055,14.0084
19056,17.0084
19057,5.01687
19058,18.0084
19059,16.0169
19060,5.0253
19061,5.03373
19062,5.04216
19063,12.0084
19064,7.01687
19065,13.0084
19066,13.0169
19067,1.00843
19068,10.0084
19069,10.0084
19070,10.0169
19071,10.0253
19072,5.03373
19073,5.04216
19074,18.0084
19075,13.0084
19076,13.0169
19077,8.0253
19078,1.03373
19079,10.0084
19080,3.01687
19081,1.00843
19082,8.00843
19083,3.00843
19084,19.0084
19085,7.01687
19086,20.0084
19087,10.0169
19088,8.0253
19089,8.03373
19090,1.04216
19091,17.0084
19092,10.0169
19093,7.0253
19094,1.03373
19095,14.0084
19096,14.0169
19097,8.0253
19098,3.00843
19099,20.0084
19100,8.01686
19101,9.00843
19102,18.0084
19103,9.01686
19104,16.0084
19105,8.00843
19106,1.01686
19107,14.0084
19108,8.01686
19109,1.0253
19110,1.03373
19111,10.0084
19112,10.0169
19113,13.0084
19114,5.00843
19115,10.0084
19116,10.0169
19117,3.0253
19118,19.0084
19119,1.00843
19120,1.01686
19121,10.0084
19122,1.01686
19123,15.0084
19124,10.0169
19125,3.0253
19126,12.0084
19127,13.0084
19128,12.0169
19129,5.0253
19130,5.03373
19131,11.0084
19132,7.00843
19133,3.01687
19134,8.00843
19135,1.01686
19136,17.0084
19137,16.0169
19138,1.0253
19139,15.0084
19140,10.0169
19141,7.0253
19142,18.0084
19143,10.0169
19144,2.0253
19145,8.00843
19146,7.01687
19147,2.00843
19148,1.01686
19149,12.0084
19150,8.01686
19151,5.0253
19152,6.00843
19153,13.0084
19154,7.01687
19155,1.0253
19156,12.0084
19157,8.01686
19158,5.0253
19159,12.0084
19160,11.0169
19161,6.00843
19162,8.00843
19163,7.00843
19164,3.00843
19165,19.0084
19166,8.00843
19167,10.0084
19168,8.00843
19169,5.01687
19170,3.00843
19171,12.0084
19172,7.01687
19173,5.00843
19174,13.0084
19175,5.00843
19176,7.00843
19177,20.0084
19178,2.01687
19179,1.0253
19180,8.00843
19181,10.0084
19182,18.0084
19183,20.0084
19184,16.0169
19185,12.0253
19186,3.03373
19187,14.0084
19188,8.01686
19189,7.0253
19190,20.0084
19191,16.0169
19192,10.0253
19193,5.03373
19194,14.0084
19195,10.0169
19196,10.0253
19197,10.0337
19198,1.00843
19199,12.0084
19200,1.00843
19201,1.01686
19202,8.00843
19203,5.01687
19204,3.00843
19205,1.00843
19206,19.0084
19207,13.0084
19208,10.0169
19209,10.0253
19210,3.03373
19211,1.04216
19212,7.00843
19213,2.01687
19214,10.0084
19215,3.01687
19216,3.0253
19217,13.0084
19218,5.00843
19219,3.01687
19220,3.0253
19221,6.00843
19222,9.00843
19223,7.01687
19224,7.0253
19225,5.03373
19226,8.00843
19227,7.01687
19228,6.0253
19229,13.0084
19230,10.0169
19231,15.0084
19232,8.01686
19233,16.0084
19234,10.0169
19235,9.0253
19236,9.03373
19237,10.0084
19238,10.0169
19239,3.0253
19240,1.03373
19241,14.0084
19242,14.0084
19243,16.0084
19244,16.0169
19245,6.0253
19246,14.0084
19247,14.0169
19248,1.0253
19249,1.03373
19250,15.0084
19251,7.01687
19252,3.0253
19253,16.0084
19254,12.0169
19255,17.0084
19256,12.0169
19257,1.0253
19258,18.0084
19259,6.01687
19260,6.0253
19261,13.0084
19262,6.01687
19263,1.0253
19264,18.0084
19265,10.0084
19266,10.0169
19267,2.0253
19268,1.00843
19269,8.00843
19270,3.01687
19271,3.0253
19272,18.0084
19273,13.0084
19274,3.00843
19275,15.0084
19276,8.01686
19277,5.00843
19278,8.00843
19279,7.00843
19280,12.0084
19281,12.0169
19282,2.0253
19283,1.03373
19284,10.0084
19285,10.0169
19286,6.0253
19287,1.03373
19288,8.00843
19289,1.01686
19290,15.0084
19291,14.0169
19292,8.0253
19293,13.0084
19294,5.01687
19295,13.0084
19296,1.01686
19297,14.0084
19298,8.01686
19299,8.0253
19300,7.03373
19301,7.04216
19302,12.0084
19303,12.0169
19304,12.0253
19305,16.0084
19306,8.01686
19307,18.0084
19308,13.0169
19309,13.0084
19310,3.01687
19311,13.0084
19312,1.00843
19313,14.0084
19314,11.0169
19315,8.0253
19316,5.03373
19317,4.00843
19318,16.0084
19319,13.0169
19320,3.0253
19321,10.0084
19322,1.01686
19323,12.0084
19324,5.01687
19325,5.0253
19326,3.03373
19327,2.04216
19328,3.00843
19329,8.00843
19330,5.00843
19331,14.0084
19332,8.00843
19333,5.01687
19334,8.00843
19335,3.01687
19336,10.0084
19337,1.01686
19338,1.0253
19339,12.0084
19340,12.0084
19341,12.0169
19342,4.00843
19343,5.00843
19344,7.00843
19345,5.00843
19346,5.01687
19347,7.00843
19348,3.01687
19349,16.0084
19350,8.01686
19351,8.0253
19352,20.0084
19353,1.01686
19354,14.0084
19355,7.00843
19356,4.01687
19357,12.0084
19358,9.01686
19359,16.0084
19360,16.0169
19361,10.0253
19362,6.03373
19363,16.0084
19364,14.0169
19365,17.0084
19366,8.01686
19367,8.0253
19368,6.03373
19369,5.04216
19370,1.00843
19371,13.0084
19372,8.01686
19373,7.0253
19374,1.03373
19375,1.04216
19376,14.0084
19377,10.0169
19378,5.0253
19379,16.0084
19380,3.01687
19381,16.0084
19382,14.0084
19383,12.0169
19384,17.0084
19385,7.01687
19386,12.0084
19387,6.01687
19388,15.0084
19389,8.01686
19390,5.0253
19391,5.03373
19392,1.04216
19393,10.0084
19394,10.0084
19395,5.01687
19396,7.00843
19397,18.0084
19398,16.0169
19399,5.0253
19400,5.03373
19401,5.04216
19402,1.05059
19403,7.00843
19404,3.01687
19405,12.0084
19406,10.0169
19407,4.0253
19408,15.0084
19409,13.0169
19410,14.0084
19411,12.0169
19412,8.00843
19413,8.01686
19414,8.0253
19415,12.0084
19416,12.0169
19417,3.00843
19418,7.00843
19419,1.01686
19420,8.00843
19421,12.0084
19422,14.0084
19423,7.01687
19424,4.0253
19425,3.03373
19426,2.04216
19427,7.00843
19428,1.01686
19429,8.00843
19430,8.01686
19431,15.0084
19432,10.0084
19433,7.01687
19434,5.0253
19435,3.03373
19436,4.00843
19437,12.0084
19438,8.01686
19439,13.0084
19440,5.01687
19441,9.00843
19442,1.01686
19443,3.00843
19444,17.0084
19445,18.0084
19446,17.0084
19447,2.01687
19448,5.00843
19449,18.0084
19450,12.0169
19451,1.00843
19452,7.00843
19453,5.01687
19454,1.0253
19455,3.00843
19456,3.01687
19457,3.00843
19458,14.0084
19459,12.0169
19460,2.0253
19461,14.0084
19462,9.01686
19463,5.0253
19464,5.03373
19465,15.0084
19466,16.0084
19467,15.0169
19468,11.0253
19469,5.00843
19470,5.01687
19471,10.0084
19472,10.0169
19473,16.0084
19474,16.0169
19475,16.0084
19476,3.01687
19477,14.0084
19478,14.0169
19479,18.0084
19480,14.0169
19481,16.0084
19482,15.0169
19483,1.00843
19484,15.0084
19485,18.0084
19486,16.0084
19487,8.01686
19488,1.0253
19489,12.0084
19490,10.0084
19491,5.01687
19492,1.0253
19493,1.03373
19494,13.0084
19495,10.0169
19496,8.00843
19497,2.01687
19498,7.00843
19499,5.01687
19500,8.00843
19501,3.01687
19502,16.0084
19503,8.01686
19504,9.00843
19505,10.0084
19506,8.00843
19507,7.01687
19508,1.0253
19509,13.0084
19510,10.0169
19511,4.0253
19512,1.03373
19513,1.04216
19514,3.00843
19515,8.00843
19516,16.0084
19517,16.0169
19518,7.0253
19519,15.0084
19520,8.01686
19521,16.0084
19522,20.0084
19523,10.0169
19524,8.0253
19525,20.0084
19526,9.01686
19527,10.0084
19528,7.01687
19529,1.00843
19530,2.00843
19531,1.00843
19532,8.00843
19533,18.0084
19534,12.0169
19535,10.0253
19536,3.03373
19537,3.04216
19538,1.05059
19539,5.00843
19540,20.0084
19541,14.0169
19542,5.0253
19543,12.0084
19544,1.01686
19545,1.0253
19546,7.00843
19547,5.00843
19548,5.01687
19549,18.0084
19550,6.01687
19551,8.00843
19552,5.01687
19553,12.0084
19554,8.01686
19555,6.0253
19556,18.0084
19557,8.00843
19558,8.01686
19559,3.0253
19560,2.03373
19561,7.00843
19562,1.01686
19563,18.0084
19564,10.0169
19565,8.0253
19566,12.0084
19567,19.0084
19568,13.0169
19569,8.0253
19570,7.03373
19571,10.0084
19572,8.01686
19573,1.00843
19574,1.01686
19575,1.00843
19576,16.0084
19577,20.0084
19578,14.0084
19579,18.0084
19580,8.01686
19581,7.00843
19582,1.00843
19583,12.0084
19584,10.0169
19585,12.0084
19586,13.0084
19587,13.0169
19588,12.0084
19589,7.00843
19590,7.01687
19591,12.0084
19592,8.01686
19593,18.0084
19594,9.01686
19595,9.0253
19596,5.03373
19597,16.0084
19598,10.0169
19599,8.0253
19600,8.03373
19601,8.04216
19602,12.0084
19603,11.0169
19604,16.0084
19605,8.01686
19606,10.0084
19607,3.01687
19608,14.0084
19609,10.0169
19610,10.0253
19611,10.0337
19612,12.0084
19613,1.01686
19614,16.0084
19615,13.0169
19616,6.0253
19617,20.0084
19618,14.0169
19619,7.0253
19620,3.03373
19621,18.0084
19622,18.0169
19623,15.0084
19624,10.0169
19625,5.0253
19626,1.03373
19627,17.0084
19628,17.0169
19629,16.0253
19630,12.0337
19631,3.04216
19632,9.00843
19633,3.01687
19634,10.0084
19635,5.00843
19636,16.0084
19637,8.00843
19638,5.01687
19639,14.0084
19640,5.01687
19641,10.0084
19642,8.00843
19643,16.0084
19644,18.0084
19645,10.0169
19646,16.0084
19647,7.01687
19648,1.00843
19649,1.01686
19650,15.0084
19651,12.0169
19652,7.0253
19653,5.03373
19654,8.00843
19655,13.0084
19656,14.0084
19657,14.0084
19658,19.0084
19659,8.00843
19660,5.01687
19661,18.0084
19662,12.0084
19663,5.01687
19664,2.00843
19665,1.01686
19666,8.00843
19667,5.01687
19668,2.0253
19669,1.03373
19670,16.0084
19671,10.0169
19672,3.0253
19673,3.03373
19674,7.00843
19675,7.01687
19676,5.0253
19677,5.00843
19678,5.01687
19679,1.0253
19680,1.03373
19681,13.0084
19682,8.01686
19683,7.0253
19684,1.03373
19685,1.04216
19686,8.00843
19687,8.00843
19688,3.00843
19689,18.0084
19690,18.0169
19691,5.0253
19692,18.0084
19693,15.0084
19694,7.01687
19695,16.0084
19696,14.0169
19697,14.0253
19698,8.03373
19699,12.0084
19700,10.0169
19701,10.0084
19702,1.01686
19703,19.0084
19704,18.0084
19705,8.01686
19706,14.0084
19707,3.01687
19708,8.00843
19709,8.01686
19710,7.0253
19711,5.00843
19712,17.0084
19713,10.0169
19714,10.0253
19715,10.0337
19716,3.04216
19717,3.05059
19718,9.00843
19719,7.01687
19720,13.0084
19721,10.0169
19722,11.0084
19723,5.01687
19724,5.0253
19725,5.00843
19726,7.00843
19727,2.00843
19728,1.01686
19729,1.00843
19730,16.0084
19731,1.00843
19732,17.0084
19733,10.0169
19734,16.0084
19735,16.0084
19736,10.0169
19737,16.0084
19738,8.01686
19739,10.0084
19740,16.0084
19741,10.0169
19742,10.0253
19743,12.0084
19744,10.0169
19745,5.0253
19746,5.03373
19747,16.0084
19748,13.0169
19749,1.00843
19750,6.00843
19751,5.01687
19752,2.0253
19753,7.00843
19754,1.01686
19755,14.0084
19756,7.01687
19757,5.0253
19758,5.03373
19759,5.04216
19760,5.00843
19761,1.01686
19762,1.0253
19763,1.03373
19764,19.0084
19765,10.0169
19766,7.0253
19767,5.03373
19768,16.0084
19769,7.01687
19770,6.0253
19771,1.03373
19772,12.0084
19773,10.0169
19774,7.0253
19775,3.03373
19776,13.0084
19777,13.0169
19778,8.0253
19779,5.03373
19780,1.04216
19781,1.05059
19782,5.00843
19783,13.0084
19784,8.01686
19785,7.0253
19786,10.0084
19787,10.0169
19788,14.0084
19789,14.0084
19790,14.0169
19791,13.0253
19792,8.03373
19793,10.0084
19794,12.0084
19795,7.00843
19796,7.01687
19797,1.0253
19798,1.03373
19799,17.0084
19800,5.01687
19801,16.0084
19802,18.0084
19803,17.0169
19804,1.0253
19805,1.03373
19806,18.0084
19807,12.0169
19808,5.00843
19809,3.01687
19810,3.0253
19811,8.00843
19812,8.01686
19813,7.0253
19814,7.00843
19815,7.01687
19816,3.0253
19817,7.00843
19818,7.00843
19819,5.01687
19820,5.0253
19821,9.00843
19822,7.01687
19823,1.0253
19824,8.00843
19825,3.00843
19826,12.0084
19827,10.0169
19828,5.0253
19829,5.03373
19830,3.00843
19831,12.0084
19832,7.01687
19833,5.0253
19834,16.0084
19835,10.0169
19836,8.0253
19837,8.03373
19838,1.04216
19839,10.0084
19840,5.01687
19841,3.0253
19842,10.0084
19843,2.01687
19844,10.0084
19845,8.01686
19846,8.00843
19847,5.01687
19848,2.0253
19849,6.00843
19850,13.0084
19851,8.01686
19852,8.00843
19853,3.01687
19854,3.00843
19855,3.01687
19856,18.0084
19857,5.01687
19858,14.0084
19859,7.01687
19860,5.0253
19861,3.00843
19862,10.0084
19863,7.01687
19864,16.0084
19865,8.01686
19866,1.0253
19867,18.0084
19868,9.01686
19869,1.0253
19870,8.00843
19871,5.01687
19872,11.0084
19873,6.01687
19874,5.00843
19875,5.01687
19876,1.00843
19877,14.0084
19878,7.01687
19879,3.0253
19880,1.03373
19881,1.04216
19882,1.05059
19883,8.00843
19884,5.01687
19885,3.0253
19886,5.00843
19887,3.01687
19888,3.0253
19889,1.03373
19890,4.00843
19891,7.00843
19892,7.01687
19893,5.0253
19894,8.00843
19895,8.01686
19896,10.0084
19897,10.0169
19898,9.0253
19899,1.03373
19900,10.0084
19901,10.0169
19902,5.0253
19903,11.0084
19904,8.01686
19905,3.0253
19906,13.0084
19907,13.0169
19908,13.0253
19909,8.00843
19910,5.01687
19911,15.0084
19912,1.01686
19913,16.0084
19914,6.01687
19915,2.0253
19916,1.03373
19917,13.0084
19918,3.01687
19919,8.00843
19920,12.0084
19921,13.0084
19922,3.00843
19923,12.0084
19924,8.00843
19925,20.0084
19926,10.0084
19927,4.00843
19928,12.0084
19929,1.01686
19930,1.0253
19931,1.03373
19932,18.0084
19933,15.0169
19934,12.0253
19935,10.0337
19936,2.04216
19937,13.0084
19938,8.01686
19939,3.0253
19940,3.03373
19941,5.00843
19942,5.00843
19943,7.00843
19944,12.0084
19945,8.01686
19946,14.0084
19947,9.01686
19948,9.0253
19949,8.00843
19950,8.01686
19951,10.0084
19952,8.01686
19953,3.0253
19954,12.0084
19955,12.0169
19956,5.0253
19957,13.0084
19958,5.01687
19959,5.0253
19960,3.03373
19961,14.0084
19962,12.0169
19963,5.0253
19964,3.00843
19965,7.00843
19966,18.0084
19967,8.00843
19968,10.0084
19969,8.01686
19970,7.0253
19971,8.00843
19972,6.01687
19973,2.0253
19974,5.00843
19975,1.01686
19976,8.00843
19977,5.01687
19978,3.0253
19979,14.0084
19980,18.0084
19981,10.0084
19982,8.01686
19983,5.0253
19984,17.0084
19985,13.0169
19986,12.0253
19987,8.03373
19988,7.04216
19989,3.05059
19990,7.00843
19991,4.01687
19992,16.0084
19993,11.0084
19994,3.01687
19995,1.0253
19996,18.0084
19997,8.01686
19998,2.0253
19999,8.00843
20000,5.01687
20001,18.0084
20002,3.01687
20003,5.00843
20004,5.01687
20005,16.0084
20006,12.0169
20007,8.0253
20008,14.0084
20009,13.0169
20010,7.0253
20011,16.0084
20012,10.0169
20013,1.0253
20014,1.03373
20015,1.04216
20016,14.0084
20017,1.00843
20018,16.0084
20019,13.0169
20020,12.0084
20021,10.0169
20022,10.0253
20023,5.03373
20024,7.00843
20025,3.01687
20026,12.0084
20027,12.0169
20028,19.0084
20029,12.0169
20030,1.0253
20031,16.0084
20032,9.01686
20033,16.0084
20034,10.0169
20035,10.0253
20036,1.03373
20037,3.00843
20038,7.00843
20039,5.01687
20040,14.0084
20041,12.0169
20042,5.0253
20043,15.0084
20044,10.0169
20045,8.0253
20046,8.00843
20047,8.00843
20048,8.00843
20049,1.01686
20050,3.00843
20051,1.01686
20052,1.0253
20053,14.0084
20054,3.01687
20055,1.0253
20056,5.00843
20057,12.0084
20058,7.01687
20059,6.0253
20060,2.03373
20061,1.04216
20062,7.00843
20063,7.01687
20064,6.0253
20065,3.03373
20066,1.04216
20067,8.00843
20068,7.01687
20069,5.0253
20070,8.00843
20071,1.01686
20072,1.0253
20073,1.03373
20074,7.00843
20075,3.01687
20076,10.0084
20077,8.01686
20078,8.0253
20079,3.00843
20080,10.0084
20081,5.01687
20082,12.0084
20083,3.01687
20084,3.0253
20085,12.0084
20086,10.0169
20087,8.0253
20088,15.0084
20089,12.0169
20090,18.0084
20091,16.0169
20092,12.0253
20093,12.0084
20094,8.01686
20095,10.0084
20096,19.0084
20097,6.01687
20098,8.00843
20099,10.0084
20100,8.00843
20101,10.0084
20102,17.0084
20103,16.0084
20104,14.0169
20105,10.0084
20106,10.0169
20107,1.0253
20108,2.00843
20109,2.01687
20110,3.00843
20111,1.00843
20112,10.0084
20113,2.01687
20114,13.0084
20115,8.01686
20116,10.0084
20117,7.00843
20118,17.0084
20119,5.00843
20120,14.0084
20121,8.01686
20122,7.0253
20123,17.0084
20124,12.0169
20125,8.0253
20126,10.0084
20127,8.01686
20128,5.0253
20129,3.03373
20130,18.0084
20131,7.00843
20132,10.0084
20133,3.00843
20134,15.0084
20135,8.00843
20136,1.00843
20137,12.0084
20138,10.0169
20139,6.00843
20140,3.01687
20141,16.0084
20142,1.01686
20143,8.00843
20144,8.01686
20145,12.0084
20146,1.00843
20147,10.0084
20148,8.01686
20149,7.0253
20150,3.03373
20151,5.00843
20152,10.0084
20153,1.01686
20154,1.00843
20155,9.00843
20156,7.01687
20157,3.0253
20158,8.00843
20159,5.00843
20160,1.01686
20161,18.0084
20162,10.0169
20163,18.0084
20164,10.0084
20165,5.01687
20166,3.0253
20167,16.0084
20168,5.00843
20169,16.0084
20170,6.01687
20171,9.00843
20172,7.01687
20173,1.0253
20174,13.0084
20175,7.01687
20176,16.0084
20177,10.0169
20178,8.0253
20179,8.03373
20180,6.00843
20181,5.01687
20182,1.0253
20183,17.0084
20184,4.01687
20185,3.0253
20186,12.0084
20187,10.0169
20188,1.0253
20189,1.03373
20190,1.00843
20191,14.0084
20192,10.0169
20193,6.0253
20194,7.00843
20195,12.0084
20196,7.01687
20197,8.00843
20198,5.01687
20199,8.00843
20200,3.01687
20201,12.0084
20202,5.01687
20203,12.0084
20204,5.01687
20205,5.0253
20206,5.00843
20207,1.01686
20208,11.0084
20209,2.01687
20210,1.0253
20211,12.0084
20212,15.0084
20213,14.0084
20214,14.0169
20215,10.0253
20216,3.03373
20217,3.04216
20218,8.00843
20219,8.01686
20220,7.0253
20221,7.03373
20222,5.04216
20223,1.05059
20224,1.05903
20225,1.06746
20226,7.00843
20227,3.01687
20228,15.0084
20229,15.0169
20230,10.0253
20231,5.00843
20232,12.0084
20233,9.01686
20234,7.0253
20235,12.0084
20236,8.01686
20237,5.0253
20238,5.00843
20239,5.01687
20240,1.0253
20241,12.0084
20242,10.0084
20243,10.0169
20244,8.0253
20245,10.0084
20246,18.0084
20247,6.01687
20248,12.0084
20249,7.01687
20250,3.00843
20251,2.01687
20252,1.00843
20253,1.01686
20254,1.0253
20255,1.03373
20256,13.0084
20257,7.01687
20258,9.00843
20259,10.0084
20260,7.01687
20261,3.0253
20262,1.03373
20263,19.0084
20264,8.01686
20265,2.0253
20266,12.0084
20267,7.01687
20268,1.0253
20269,10.0084
20270,10.0169
20271,6.0253
20272,12.0084
20273,10.0169
20274,1.0253
20275,8.00843
20276,18.0084
20277,8.01686
20278,6.00843
20279,19.0084
20280,5.01687
20281,13.0084
20282,13.0084
20283,12.0084
20284,7.01687
20285,17.0084
20286,12.0169
20287,5.0253
20288,1.03373
20289,12.0084
20290,10.0169
20291,1.0253
20292,12.0084
20293,6.01687
20294,2.0253
20295,7.00843
20296,3.01687
20297,8.00843
20298,1.01686
20299,10.0084
20300,8.01686
20301,5.0253
20302,1.00843
20303,1.01686
20304,1.0253
20305,12.0084
20306,7.01687
20307,8.00843
20308,15.0084
20309,3.01687
20310,12.0084
20311,10.0169
20312,5.0253
20313,5.03373
20314,8.00843
20315,5.01687
20316,5.0253
20317,1.03373
20318,16.0084
20319,8.01686
20320,7.0253
20321,8.00843
20322,8.01686
20323,3.0253
20324,3.03373
20325,3.04216
20326,14.0084
20327,10.0084
20328,7.01687
20329,3.00843
20330,12.0084
20331,8.01686
20332,7.0253
20333,5.03373
20334,7.00843
20335,5.01687
20336,7.00843
20337,5.00843
20338,14.0084
20339,20.0084
20340,13.0169
20341,18.0084
20342,1.01686
20343,1.0253
20344,10.0084
20345,3.01687
20346,3.0253
20347,15.0084
20348,2.01687
20349,6.00843
20350,2.01687
20351,1.0253
20352,9.00843
20353,8.01686
20354,8.0253
20355,8.03373
20356,12.0084
20357,17.0084
20358,3.01687
20359,12.0084
20360,12.0169
20361,12.0084
20362,12.0169
20363,5.0253
20364,5.03373
20365,5.04216
20366,1.05059
20367,19.0084
20368,10.0084
20369,10.0169
20370,12.0084
20371,7.00843
20372,7.01687
20373,3.0253
20374,7.00843
20375,6.00843
20376,12.0084
20377,6.00843
20378,5.00843
20379,1.00843
20380,19.0084
20381,12.0084
20382,3.00843
20383,1.01686
20384,5.00843
20385,5.01687
20386,10.0084
20387,14.0084
20388,14.0169
20389,19.0084
20390,17.0084
20391,8.01686
20392,5.00843
20393,16.0084
20394,10.0169
20395,12.0084
20396,12.0169
20397,5.0253
20398,13.0084
20399,10.0169
20400,12.0084
20401,11.0169
20402,1.0253
20403,1.03373
20404,6.00843
20405,3.01687
20406,16.0084
20407,14.0169
20408,5.0253
20409,12.0084
20410,8.01686
20411,5.00843
20412,1.01686
20413,10.0084
20414,14.0084
20415,10.0169
20416,8.0253
20417,19.0084
20418,12.0169
20419,5.0253
20420,6.00843
20421,1.01686
20422,16.0084
20423,14.0169
20424,10.0253
20425,8.03373
20426,8.04216
20427,7.05059
20428,6.05903
20429,12.0084
20430,8.01686
20431,9.00843
20432,8.01686
20433,10.0084
20434,1.01686
20435,5.00843
20436,1.01686
20437,3.00843
20438,2.01687
20439,13.0084
20440,8.01686
20441,14.0084
20442,9.00843
20443,3.01687
20444,11.0084
20445,6.01687
20446,6.0253
20447,12.0084
20448,5.01687
20449,5.0253
20450,15.0084
20451,17.0084
20452,8.01686
20453,5.0253
20454,10.0084
20455,8.01686
20456,12.0084
20457,12.0169
20458,12.0253
20459,10.0337
20460,1.04216
20461,1.00843
20462,14.0084
20463,14.0169
20464,12.0253
20465,15.0084
20466,5.01687
20467,4.0253
20468,3.03373
20469,14.0084
20470,5.01687
20471,1.0253
20472,1.03373
20473,16.0084
20474,13.0169
20475,18.0084
20476,1.01686
20477,10.0084
20478,8.01686
20479,5.00843
20480,5.01687
20481,14.0084
20482,18.0084
20483,7.01687
20484,1.0253
20485,12.0084
20486,5.01687
20487,5.0253
20488,3.03373
20489,1.04216
20490,14.0084
20491,9.01686
20492,14.0084
20493,10.0169
20494,10.0253
20495,3.03373
20496,1.04216
20497,7.00843
20498,2.01687
20499,16.0084
20500,16.0169
20501,8.0253
20502,10.0084
20503,3.01687
20504,18.0084
20505,18.0169
20506,19.0084
20507,10.0169
20508,8.0253
20509,8.03373
20510,2.04216
20511,17.0084
20512,12.0169
20513,1.00843
20514,16.0084
20515,8.01686
20516,1.0253
20517,7.00843
20518,8.00843
20519,8.01686
20520,8.00843
20521,5.01687
20522,2.00843
20523,12.0084
20524,16.0084
20525,9.01686
20526,3.0253
20527,14.0084
20528,14.0169
20529,12.0253
20530,6.03373
20531,2.04216
20532,1.00843
20533,12.0084
20534,8.01686
20535,6.0253
20536,1.03373
20537,5.00843
20538,3.01687
20539,3.0253
20540,3.03373
20541,14.0084
20542,10.0169
20543,8.0253
20544,8.03373
20545,8.04216
20546,5.00843
20547,5.01687
20548,10.0084
20549,5.01687
20550,1.0253
20551,17.0084
20552,14.0084
20553,12.0169
20554,12.0253
20555,8.03373
20556,8.04216
20557,1.05059
20558,13.0084
20559,5.01687
20560,16.0084
20561,7.00843
20562,5.01687
20563,1.0253
20564,1.03373
20565,16.0084
20566,15.0084
20567,10.0169
20568,8.0253
20569,3.03373
20570,16.0084
20571,15.0169
20572,7.00843
20573,3.01687
20574,12.0084
20575,12.0169
20576,5.0253
20577,8.00843
20578,7.01687
20579,5.0253
20580,5.03373
20581,3.04216
20582,16.0084
20583,10.0169
20584,8.00843
20585,16.0084
20586,16.0169
20587,12.0084
20588,18.0084
20589,15.0169
20590,5.0253
20591,16.0084
20592,14.0169
20593,1.0253
20594,13.0084
20595,10.0169
20596,1.0253
20597,18.0084
20598,3.01687
20599,2.0253
20600,19.0084
20601,3.01687
20602,10.0084
20603,4.01687
20604,6.00843
20605,8.00843
20606,1.01686
20607,19.0084
20608,8.01686
20609,8.0253
20610,7.03373
20611,20.0084
20612,10.0084
20613,3.01687
20614,5.00843
20615,12.0084
20616,12.0084
20617,5.01687
20618,18.0084
20619,10.0084
20620,8.01686
20621,18.0084
20622,9.01686
20623,20.0084
20624,16.0169
20625,3.0253
20626,14.0084
20627,2.01687
20628,3.00843
20629,14.0084
20630,11.0169
20631,10.0084
20632,5.01687
20633,12.0084
20634,10.0169
20635,5.0253
20636,4.03373
20637,4.04216
20638,18.0084
20639,1.01686
20640,12.0084
20641,3.01687
20642,16.0084
20643,10.0169
20644,5.0253
20645,5.03373
20646,16.0084
20647,11.0169
20648,13.0084
20649,10.0169
20650,14.0084
20651,14.0169
20652,9.00843
20653,6.01687
20654,10.0084
20655,3.01687
20656,16.0084
20657,8.00843
20658,7.01687
20659,1.0253
20660,1.00843
20661,16.0084
20662,10.0084
20663,7.01687
20664,13.0084
20665,12.0169
20666,5.0253
20667,12.0084
20668,10.0169
20669,6.0253
20670,1.03373
20671,18.0084
20672,5.01687
20673,16.0084
20674,8.01686
20675,12.0084
20676,1.01686
20677,2.00843
20678,2.01687
20679,3.00843
20680,3.01687
20681,1.0253
20682,1.00843
20683,14.0084
20684,14.0169
20685,8.0253
20686,3.03373
20687,3.04216
20688,1.05059
20689,3.00843
20690,8.00843
20691,8.01686
20692,8.0253
20693,5.03373
20694,5.04216
20695,18.0084
20696,1.01686
20697,1.00843
20698,8.00843
20699,1.01686
20700,1.00843
20701,14.0084
20702,10.0169
20703,8.0253
20704,7.00843
20705,5.01687
20706,3.0253
20707,7.00843
20708,16.0084
20709,8.01686
20710,7.0253
20711,5.03373
20712,8.00843
20713,8.01686
20714,8.0253
20715,10.0084
20716,10.0169
20717,10.0253
20718,10.0337
20719,7.04216
20720,5.05059
20721,17.0084
20722,12.0169
20723,9.00843
20724,1.01686
20725,14.0084
20726,10.0169
20727,1.0253
20728,14.0084
20729,13.0169
20730,14.0084
20731,4.01687
20732,12.0084
20733,12.0169
20734,18.0084
20735,15.0169
20736,12.0253
20737,7.03373
20738,14.0084
20739,8.01686
20740,8.0253
20741,5.03373
20742,5.04216
20743,1.05059
20744,1.05903
20745,15.0084
20746,16.0084
20747,3.01687
20748,17.0084
20749,7.01687
20750,7.0253
20751,1.03373
20752,12.0084
20753,11.0169
20754,9.00843
20755,6.01687
20756,20.0084
20757,10.0169
20758,8.0253
20759,7.03373
20760,11.0084
20761,3.01687
20762,10.0084
20763,1.01686
20764,13.0084
20765,5.01687
20766,18.0084
20767,7.01687
20768,3.0253
20769,1.00843
20770,8.00843
20771,2.01687
20772,18.0084
20773,17.0169
20774,18.0084
20775,10.0169
20776,8.0253
20777,5.03373
20778,15.0084
20779,14.0169
20780,12.0253
20781,11.0337
20782,6.04216
20783,10.0084
20784,14.0084
20785,13.0169
20786,12.0084
20787,3.01687
20788,13.0084
20789,14.0084
20790,1.00843
20791,1.01686
20792,1.0253
20793,18.0084
20794,1.01686
20795,19.0084
20796,5.00843
20797,7.00843
20798,13.0084
20799,12.0169
20800,8.0253
20801,12.0084
20802,10.0169
20803,8.0253
20804,7.03373
20805,11.0084
20806,8.01686
20807,1.0253
20808,14.0084
20809,9.01686
20810,12.0084
20811,6.00843
20812,5.01687
20813,7.00843
20814,5.01687
20815,1.0253
20816,1.03373
20817,16.0084
20818,12.0169
20819,8.0253
20820,4.03373
20821,14.0084
20822,13.0169
20823,1.0253
20824,12.0084
20825,8.00843
20826,1.01686
20827,12.0084
20828,12.0169
20829,5.0253
20830,8.00843
20831,5.01687
20832,17.0084
20833,12.0169
20834,10.0084
20835,10.0169
20836,17.0084
20837,16.0169
20838,8.0253
20839,7.03373
20840,5.04216
20841,17.0084
20842,12.0169
20843,5.0253
20844,5.03373
20845,1.00843
20846,13.0084
20847,10.0169
20848,8.0253
20849,3.03373
20850,8.00843
20851,5.01687
20852,3.0253
20853,8.00843
20854,7.01687
20855,3.0253
20856,14.0084
20857,18.0084
20858,10.0169
20859,8.0253
20860,8.03373
20861,19.0084
20862,9.01686
20863,7.0253
20864,9.00843
20865,8.01686
20866,8.0253
20867,5.03373
20868,1.04216
20869,7.00843
20870,5.01687
20871,8.00843
20872,6.01687
20873,3.0253
20874,16.0084
20875,16.0169
20876,12.0253
20877,7.03373
20878,7.04216
20879,1.05059
20880,10.0084
20881,8.01686
20882,10.0084
20883,9.01686
20884,3.0253
20885,3.03373
20886,20.0084
20887,10.0169
20888,5.0253
20889,16.0084
20890,5.01687
20891,5.0253
20892,5.03373
20893,3.04216
20894,1.05059
20895,12.0084
20896,5.01687
20897,18.0084
20898,8.01686
20899,7.0253
20900,8.00843
20901,9.00843
20902,10.0084
20903,17.0084
20904,3.01687
20905,12.0084
20906,12.0169
20907,12.0253
20908,10.0337
20909,1.00843
20910,18.0084
20911,14.0169
20912,5.0253
20913,15.0084
20914,10.0169
20915,1.0253
20916,7.00843
20917,1.01686
20918,1.0253
20919,18.0084
20920,15.0084
20921,10.0169
20922,8.00843
20923,6.00843
20924,3.01687
20925,14.0084
20926,10.0169
20927,7.0253
20928,7.03373
20929,14.0084
20930,8.01686
20931,8.0253
20932,14.0084
20933,11.0169
20934,7.0253
20935,17.0084
20936,5.01687
20937,12.0084
20938,15.0084
20939,12.0084
20940,8.01686
20941,14.0084
20942,10.0169
20943,1.0253
20944,3.00843
20945,1.01686
20946,17.0084
20947,14.0084
20948,14.0169
20949,8.0253
20950,5.03373
20951,1.04216
20952,16.0084
20953,8.00843
20954,20.0084
20955,4.01687
20956,8.00843
20957,6.00843
20958,15.0084
20959,8.00843
20960,8.01686
20961,17.0084
20962,14.0169
20963,2.0253
20964,16.0084
20965,12.0084
20966,12.0169
20967,12.0253
20968,7.00843
20969,15.0084
20970,14.0169
20971,5.0253
20972,8.00843
20973,5.01687
20974,16.0084
20975,8.00843
20976,3.01687
20977,18.0084
20978,6.00843
20979,5.01687
20980,10.0084
20981,17.0084
20982,8.01686
20983,6.00843
20984,18.0084
20985,12.0084
20986,13.0084
20987,19.0084
20988,8.00843
20989,7.01687
20990,5.00843
20991,17.0084
20992,7.00843
20993,7.01687
20994,1.0253
20995,1.03373
20996,8.00843
20997,3.00843
20998,3.01687
20999,1.0253
21000,5.00843
21001,16.0084
21002,5.01687
21003,1.0253
21004,7.00843
21005,3.01687
21006,7.00843
21007,16.0084
21008,6.01687
21009,10.0084
21010,6.01687
21011,11.0084
21012,10.0084
21013,7.01687
21014,6.0253
21015,1.00843
21016,8.00843
21017,5.01687
21018,1.00843
21019,1.00843
21020,12.0084
21021,3.01687
21022,5.00843
21023,4.01687
21024,1.00843
21025,6.00843
21026,3.01687
21027,10.0084
21028,5.01687
21029,1.0253
21030,8.00843
21031,18.0084
21032,12.0169
21033,1.0253
21034,20.0084
21035,10.0169
21036,3.0253
21037,3.03373
21038,7.00843
21039,10.0084
21040,5.01687
21041,8.00843
21042,16.0084
21043,3.01687
21044,1.0253
21045,3.00843
21046,1.01686
21047,17.0084
21048,5.00843
21049,5.00843
21050,5.01687
21051,6.00843
21052,6.01687
21053,7.00843
21054,1.01686
21055,18.0084
21056,8.01686
21057,8.0253
21058,9.00843
21059,10.0084
21060,10.0169
21061,1.0253
21062,10.0084
21063,3.00843
21064,2.01687
21065,8.00843
21066,4.01687
21067,15.0084
21068,14.0169
21069,11.0253
21070,5.00843
21071,1.00843
21072,3.00843
21073,18.0084
21074,20.0084
21075,10.0084
21076,3.01687
21077,12.0084
21078,10.0084
21079,13.0084
21080,5.00843
21081,14.0084
21082,5.00843
21083,8.00843
21084,13.0084
21085,6.00843
21086,3.00843
21087,9.00843
21088,12.0084
21089,13.0084
21090,12.0084
21091,14.0084
21092,10.0169
21093,6.0253
21094,1.00843
21095,17.0084
21096,4.00843
21097,1.01686
21098,8.00843
21099,5.01687
21100,1.0253
21101,1.00843
21102,1.01686
21103,8.00843
21104,3.01687
21105,3.0253
21106,15.0084
21107,15.0169
21108,1.00843
21109,6.00843
21110,1.01686
21111,1.0253
21112,18.0084
21113,12.0169
21114,12.0084
21115,3.01687
21116,1.0253
21117,8.00843
21118,10.0084
21119,13.0084
21120,10.0169
21121,7.00843
21122,18.0084
21123,12.0169
21124,19.0084
21125,10.0169
21126,1.0253
21127,10.0084
21128,12.0084
21129,10.0169
21130,18.0084
21131,18.0084
21132,14.0169
21133,14.0253
21134,14.0337
21135,13.0422
21136,6.00843
21137,3.01687
21138,7.00843
21139,8.00843
21140,5.01687
21141,3.0253
21142,5.00843
21143,3.01687
21144,15.0084
21145,1.01686
21146,8.00843
21147,5.01687
21148,5.0253
21149,1.00843
21150,18.0084
21151,1.01686
21152,12.0084
21153,8.01686
21154,8.0253
21155,3.03373
21156,9.00843
21157,5.01687
21158,5.0253
21159,1.03373
21160,10.0084
21161,3.01687
21162,17.0084
21163,14.0169
21164,6.00843
21165,1.01686
21166,16.0084
21167,10.0084
21168,18.0084
21169,12.0169
21170,12.0253
21171,14.0084
21172,18.0084
21173,14.0169
21174,12.0253
21175,5.03373
21176,16.0084
21177,12.0169
21178,8.0253
21179,8.03373
21180,8.04216
21181,4.05059
21182,1.05903
21183,1.00843
21184,3.00843
21185,3.01687
21186,5.00843
21187,17.0084
21188,8.01686
21189,5.0253
21190,18.0084
21191,13.0169
21192,5.0253
21193,8.00843
21194,1.00843
21195,16.0084
21196,12.0169
21197,9.0253
21198,7.03373
21199,5.04216
21200,1.00843
21201,2.00843
21202,1.01686
21203,3.00843
21204,3.01687
21205,16.0084
21206,8.00843
21207,5.01687
21208,10.0084
21209,3.01687
21210,8.00843
21211,8.01686
21212,18.0084
21213,12.0169
21214,3.00843
21215,14.0084
21216,7.01687
21217,10.0084
21218,8.01686
21219,20.0084
21220,14.0169
21221,14.0253
21222,16.0084
21223,1.01686
21224,5.00843
21225,1.00843
21226,10.0084
21227,8.01686
21228,12.0084
21229,10.0169
21230,8.0253
21231,7.03373
21232,5.00843
21233,5.00843
21234,3.01687
21235,10.0084
21236,16.0084
21237,14.0169
21238,7.0253
21239,19.0084
21240,10.0084
21241,2.01687
21242,18.0084
21243,1.01686
21244,5.00843
21245,8.00843
21246,1.01686
21247,10.0084
21248,10.0169
21249,16.0084
21250,12.0169
21251,7.0253
21252,12.0084
21253,8.01686
21254,14.0084
21255,12.0169
21256,17.0084
21257,7.01687
21258,16.0084
21259,7.00843
21260,8.00843
21261,3.01687
21262,1.0253
21263,3.00843
21264,6.00843
21265,5.00843
21266,3.01687
21267,1.0253
21268,10.0084
21269,18.0084
21270,5.01687
21271,1.0253
21272,1.03373
21273,10.0084
21274,1.00843
21275,8.00843
21276,5.01687
21277,4.0253
21278,1.03373
21279,7.00843
21280,8.00843
21281,19.0084
21282,17.0084
21283,14.0169
21284,12.0253
21285,10.0337
21286,8.00843
21287,5.01687
21288,1.0253
21289,1.03373
21290,14.0084
21291,12.0169
21292,7.00843
21293,5.01687
21294,5.0253
21295,17.0084
21296,16.0169
21297,12.0253
21298,20.0084
21299,8.01686
21300,8.0253
21301,5.03373
21302,9.00843
21303,5.01687
21304,10.0084
21305,10.0169
21306,7.0253
21307,10.0084
21308,8.01686
21309,12.0084
21310,1.00843
21311,14.0084
21312,8.00843
21313,13.0084
21314,5.01687
21315,3.00843
21316,1.01686
21317,8.00843
21318,10.0084
21319,3.01687
21320,18.0084
21321,1.01686
21322,1.0253
21323,10.0084
21324,12.0084
21325,16.0084
21326,8.00843
21327,16.0084
21328,3.01687
21329,1.00843
21330,9.00843
21331,5.01687
21332,14.0084
21333,12.0084
21334,16.0084
21335,17.0084
21336,18.0084
21337,16.0084
21338,10.0084
21339,1.01686
21340,7.00843
21341,6.00843
21342,6.00843
21343,5.01687
21344,17.0084
21345,5.00843
21346,12.0084
21347,18.0084
21348,14.0169
21349,8.0253
21350,9.00843
21351,7.01687
21352,7.0253
21353,3.03373
21354,8.00843
21355,1.01686
21356,1.00843
21357,8.00843
21358,12.0084
21359,16.0084
21360,1.01686
21361,8.00843
21362,8.01686
21363,1.00843
21364,8.00843
21365,1.01686
21366,3.00843
21367,3.00843
21368,4.00843
21369,5.00843
21370,10.0084
21371,8.01686
21372,6.0253
21373,5.03373
21374,10.0084
21375,6.01687
21376,10.0084
21377,10.0169
21378,1.00843
21379,7.00843
21380,7.01687
21381,16.0084
21382,10.0169
21383,8.0253
21384,3.03373
21385,14.0084
21386,14.0169
21387,9.0253
21388,2.03373
21389,1.04216
21390,10.0084
21391,16.0084
21392,3.01687
21393,14.0084
21394,6.01687
21395,5.0253
21396,12.0084
21397,1.01686
21398,17.0084
21399,14.0169
21400,10.0084
21401,8.00843
21402,8.01686
21403,12.0084
21404,14.0084
21405,6.00843
21406,16.0084
21407,1.01686
21408,20.0084
21409,1.01686
21410,1.0253
21411,19.0084
21412,15.0169
21413,10.0253
21414,12.0084
21415,1.00843
21416,8.00843
21417,10.0084
21418,10.0169
21419,10.0253
21420,5.00843
21421,1.01686
21422,1.0253
21423,7.00843
21424,3.00843
21425,10.0084
21426,6.01687
21427,1.0253
21428,16.0084
21429,6.01687
21430,8.00843
21431,8.01686
21432,3.0253
21433,3.03373
21434,1.04216
21435,8.00843
21436,5.00843
21437,3.01687
21438,12.0084
21439,18.0084
21440,13.0169
21441,7.00843
21442,7.01687
21443,15.0084
21444,10.0084
21445,10.0169
21446,18.0084
21447,14.0169
21448,8.0253
21449,14.0084
21450,18.0084
21451,13.0169
21452,3.00843
21453,16.0084
21454,1.01686
21455,12.0084
21456,8.01686
21457,1.0253
21458,5.00843
21459,3.00843
21460,1.00843
21461,5.00843
21462,5.01687
21463,1.0253
21464,7.00843
21465,7.00843
21466,5.00843
21467,10.0084
21468,7.01687
21469,8.00843
21470,8.01686
21471,16.0084
21472,14.0169
21473,8.0253
21474,8.03373
21475,10.0084
21476,1.01686
21477,10.0084
21478,16.0084
21479,15.0169
21480,12.0253
21481,1.03373
21482,12.0084
21483,18.0084
21484,15.0169
21485,1.0253
21486,11.0084
21487,10.0169
21488,8.0253
21489,12.0084
21490,18.0084
21491,3.01687
21492,14.0084
21493,15.0084
21494,8.01686
21495,1.0253
21496,10.0084
21497,7.01687
21498,5.0253
21499,10.0084
21500,3.01687
21501,4.00843
21502,2.01687
21503,12.0084
21504,1.01686
21505,17.0084
21506,16.0169
21507,13.0253
21508,8.03373
21509,8.04216
21510,8.05059
21511,2.05903
21512,7.00843
21513,7.01687
21514,10.0084
21515,1.01686
21516,1.0253
21517,16.0084
21518,6.00843
21519,5.01687
21520,1.0253
21521,3.00843
21522,15.0084
21523,5.00843
21524,5.01687
21525,10.0084
21526,7.00843
21527,7.01687
21528,3.0253
21529,2.03373
21530,1.04216
21531,12.0084
21532,3.01687
21533,18.0084
21534,10.0169
21535,10.0253
21536,3.03373
21537,6.00843
21538,4.01687
21539,8.00843
21540,8.00843
21541,3.01687
21542,1.0253
21543,19.0084
21544,15.0169
21545,14.0253
21546,12.0337
21547,5.04216
21548,5.00843
21549,3.01687
21550,3.0253
21551,1.03373
21552,10.0084
21553,5.00843
21554,18.0084
21555,18.0169
21556,8.0253
21557,1.00843
21558,1.01686
21559,1.0253
21560,12.0084
21561,10.0169
21562,8.0253
21563,10.0084
21564,7.01687
21565,3.0253
21566,12.0084
21567,10.0169
21568,5.00843
21569,5.01687
21570,20.0084
21571,14.0169
21572,10.0253
21573,3.03373
21574,14.0084
21575,8.01686
21576,5.0253
21577,5.03373
21578,5.04216
21579,2.05059
21580,13.0084
21581,18.0084
21582,18.0169
21583,16.0253
21584,10.0337
21585,7.00843
21586,1.00843
21587,15.0084
21588,10.0169
21589,10.0253
21590,20.0084
21591,9.01686
21592,7.0253
21593,1.03373
21594,8.00843
21595,1.00843
21596,5.00843
21597,1.01686
21598,8.00843
21599,8.01686
21600,7.0253
21601,3.03373
21602,1.04216
21603,7.00843
21604,7.00843
21605,7.01687
21606,1.0253
21607,12.0084
21608,9.01686
21609,5.00843
21610,14.0084
21611,9.00843
21612,3.01687
21613,17.0084
21614,12.0084
21615,7.00843
21616,9.00843
21617,16.0084
21618,15.0169
21619,13.0084
21620,12.0169
21621,5.0253
21622,5.03373
21623,10.0084
21624,3.01687
21625,3.0253
21626,20.0084
21627,8.01686
21628,5.0253
21629,4.03373
21630,1.00843
21631,8.00843
21632,7.01687
21633,3.00843
21634,18.0084
21635,12.0169
21636,3.0253
21637,3.03373
21638,1.04216
21639,16.0084
21640,7.01687
21641,3.0253
21642,7.00843
21643,5.01687
21644,3.0253
21645,16.0084
21646,14.0169
21647,6.0253
21648,1.03373
21649,18.0084
21650,9.01686
21651,8.0253
21652,8.03373
21653,12.0084
21654,10.0169
21655,12.0084
21656,10.0169
21657,13.0084
21658,12.0169
21659,7.0253
21660,1.00843
21661,16.0084
21662,14.0169
21663,8.0253
21664,5.00843
21665,18.0084
21666,14.0169
21667,15.0084
21668,12.0169
21669,3.00843
21670,5.00843
21671,1.01686
21672,16.0084
21673,12.0169
21674,8.0253
21675,3.00843
21676,18.0084
21677,7.01687
21678,1.0253
21679,13.0084
21680,10.0084
21681,7.00843
21682,14.0084
21683,8.01686
21684,8.0253
21685,7.03373
21686,6.04216
21687,12.0084
21688,3.01687
21689,8.00843
21690,8.01686
21691,1.0253
21692,16.0084
21693,5.01687
21694,2.0253
21695,1.03373
21696,1.04216
21697,1.05059
21698,8.00843
21699,9.00843
21700,5.01687
21701,15.0084
21702,10.0084
21703,5.01687
21704,12.0084
21705,6.01687
21706,5.00843
21707,1.01686
21708,9.00843
21709,8.00843
21710,7.00843
21711,12.0084
21712,2.01687
21713,10.0084
21714,1.01686
21715,10.0084
21716,10.0169
21717,7.00843
21718,3.00843
21719,1.00843
21720,8.00843
21721,8.00843
21722,12.0084
21723,3.01687
21724,5.00843
21725,16.0084
21726,7.01687
21727,14.0084
21728,8.01686
21729,10.0084
21730,12.0084
21731,5.01687
21732,1.0253
21733,15.0084
21734,14.0169
21735,3.00843
21736,16.0084
21737,7.00843
21738,5.01687
21739,18.0084
21740,6.01687
21741,2.0253
21742,12.0084
21743,5.01687
21744,3.0253
21745,1.03373
21746,8.00843
21747,16.0084
21748,14.0169
21749,8.0253
21750,5.03373
21751,15.0084
21752,5.01687
21753,5.00843
21754,12.0084
21755,12.0169
21756,3.00843
21757,10.0084
21758,7.01687
21759,5.0253
21760,5.00843
21761,3.01687
21762,16.0084
21763,6.01687
21764,1.0253
21765,5.00843
21766,5.01687
21767,5.0253
21768,2.03373
21769,16.0084
21770,10.0169
21771,8.0253
21772,8.03373
21773,11.0084
21774,10.0169
21775,16.0084
21776,12.0169
21777,12.0253
21778,13.0084
21779,12.0169
21780,12.0084
21781,8.00843
21782,14.0084
21783,15.0084
21784,7.00843
21785,17.0084
21786,1.01686
21787,19.0084
21788,18.0169
21789,18.0253
21790,14.0337
21791,5.04216
21792,1.05059
21793,5.00843
21794,3.01687
21795,14.0084
21796,7.00843
21797,3.01687
21798,2.00843
21799,1.01686
21800,2.00843
21801,12.0084
21802,7.01687
21803,5.0253
21804,1.03373
21805,12.0084
21806,8.01686
21807,6.0253
21808,7.00843
21809,5.01687
21810,1.0253
21811,10.0084
21812,5.01687
21813,3.0253
21814,5.00843
21815,4.01687
21816,10.0084
21817,10.0169
21818,8.0253
21819,13.0084
21820,11.0169
21821,6.0253
21822,8.00843
21823,6.01687
21824,3.0253
21825,6.00843
21826,5.01687
21827,5.0253
21828,5.03373
21829,7.00843
21830,3.01687
21831,14.0084
21832,13.0169
21833,7.00843
21834,7.01687
21835,10.0084
21836,10.0169
21837,10.0253
21838,8.03373
21839,8.00843
21840,5.01687
21841,15.0084
21842,14.0169
21843,9.0253
21844,13.0084
21845,7.01687
21846,14.0084
21847,8.01686
21848,8.0253
21849,5.03373
21850,2.00843
21851,1.01686
21852,5.00843
21853,3.01687
21854,13.0084
21855,20.0084
21856,14.0169
21857,8.0253
21858,10.0084
21859,5.01687
21860,2.0253
21861,8.00843
21862,3.01687
21863,12.0084
21864,10.0084
21865,5.01687
21866,5.00843
21867,5.01687
21868,6.00843
21869,14.0084
21870,12.0169
21871,8.0253
21872,7.03373
21873,10.0084
21874,9.01686
21875,3.0253
21876,16.0084
21877,14.0169
21878,18.0084
21879,12.0169
21880,3.0253
21881,5.00843
21882,3.00843
21883,3.00843
21884,12.0084
21885,7.01687
21886,16.0084
21887,12.0169
21888,13.0084
21889,14.0084
21890,17.0084
21891,20.0084
21892,10.0169
21893,2.0253
21894,1.00843
21895,20.0084
21896,14.0169
21897,8.0253
21898,6.03373
21899,4.04216
21900,17.0084
21901,16.0084
21902,3.01687
21903,3.0253
21904,1.03373
21905,10.0084
21906,8.00843
21907,5.00843
21908,1.00843
21909,13.0084
21910,13.0084
21911,3.00843
21912,3.01687
21913,3.0253
21914,3.03373
21915,1.04216
21916,7.00843
21917,3.01687
21918,16.0084
21919,14.0169
21920,5.0253
21921,12.0084
21922,16.0084
21923,7.01687
21924,8.00843
21925,8.01686
21926,1.0253
21927,10.0084
21928,1.01686
21929,1.0253
21930,3.00843
21931,15.0084
21932,10.0169
21933,20.0084
21934,1.01686
21935,14.0084
21936,13.0169
21937,10.0253
21938,10.0337
21939,17.0084
21940,13.0169
21941,13.0253
21942,3.03373
21943,15.0084
21944,16.0084
21945,5.01687
21946,5.0253
21947,18.0084
21948,10.0169
21949,1.0253
21950,20.0084
21951,7.01687
21952,18.0084
21953,18.0169
21954,7.0253
21955,6.03373
21956,15.0084
21957,9.01686
21958,16.0084
21959,16.0169
21960,12.0253
21961,10.0337
21962,18.0084
21963,14.0169
21964,7.0253
21965,1.03373
21966,3.00843
21967,14.0084
21968,17.0084
21969,12.0169
21970,8.0253
21971,1.00843
21972,10.0084
21973,1.01686
21974,12.0084
21975,5.01687
21976,5.0253
21977,1.03373
21978,10.0084
21979,7.01687
21980,3.0253
21981,8.00843
21982,16.0084
21983,10.0084
21984,8.00843
21985,8.01686
21986,7.0253
21987,8.00843
21988,18.0084
21989,14.0169
21990,14.0253
21991,15.0084
21992,5.01687
21993,16.0084
21994,15.0169
21995,12.0253
21996,12.0337
21997,17.0084
21998,8.01686
21999,14.0084
22000,10.0084
22001,1.01686
22002,1.00843
22003,5.00843
22004,18.0084
22005,18.0169
22006,7.0253
22007,11.0084
22008,7.01687
22009,8.00843
22010,6.01687
22011,6.0253
22012,17.0084
22013,12.0084
22014,12.0169
22015,12.0253
22016,15.0084
22017,12.0169
22018,7.0253
22019,1.03373
22020,1.04216
22021,5.00843
22022,1.01686
22023,3.00843
22024,8.00843
22025,8.01686
22026,18.0084
22027,17.0169
22028,17.0253
22029,12.0337
22030,5.04216
22031,18.0084
22032,12.0084
22033,8.01686
22034,8.0253
22035,6.03373
22036,15.0084
22037,5.01687
22038,10.0084
22039,10.0169
22040,7.00843
22041,3.01687
22042,10.0084
22043,1.00843
22044,8.00843
22045,8.01686
22046,1.0253
22047,17.0084
22048,12.0169
22049,1.0253
22050,10.0084
22051,8.00843
22052,18.0084
22053,16.0169
22054,7.0253
22055,5.03373
22056,8.00843
22057,8.01686
22058,7.0253
22059,5.03373
22060,16.0084
22061,16.0169
22062,7.0253
22063,7.03373
22064,5.04216
22065,10.0084
22066,8.01686
22067,18.0084
22068,10.0169
22069,10.0084
22070,6.01687
22071,16.0084
22072,12.0169
22073,10.0253
22074,10.0337
22075,8.00843
22076,8.01686
22077,6.00843
22078,1.01686
22079,8.00843
22080,7.01687
22081,2.0253
22082,15.0084
22083,6.01687
22084,15.0084
22085,18.0084
22086,18.0169
22087,14.0253
22088,14.0337
22089,18.0084
22090,3.01687
22091,13.0084
22092,12.0169
22093,1.0253
22094,1.03373
22095,14.0084
22096,5.01687
22097,14.0084
22098,16.0084
22099,2.01687
22100,1.00843
22101,1.01686
22102,16.0084
22103,7.01687
22104,3.0253
22105,10.0084
22106,8.01686
22107,5.0253
22108,5.03373
22109,20.0084
22110,7.00843
22111,3.00843
22112,11.0084
22113,10.0169
22114,12.0084
22115,1.01686
22116,3.00843
22117,1.01686
22118,1.0253
22119,14.0084
22120,14.0084
22121,7.00843
22122,20.0084
22123,10.0169
22124,5.0253
22125,13.0084
22126,18.0084
22127,8.01686
22128,1.0253
22129,8.00843
22130,5.01687
22131,1.00843
22132,1.01686
22133,12.0084
22134,5.01687
22135,1.0253
22136,1.03373
22137,14.0084
22138,12.0169
22139,20.0084
22140,16.0169
22141,10.0253
22142,8.03373
22143,1.04216
22144,1.05059
22145,15.0084
22146,10.0169
22147,7.0253
22148,5.03373
22149,4.04216
22150,17.0084
22151,3.01687
22152,3.0253
22153,2.03373
22154,5.00843
22155,13.0084
22156,8.01686
22157,5.0253
22158,7.00843
22159,6.01687
22160,1.0253
22161,7.00843
22162,6.01687
22163,11.0084
22164,9.01686
22165,8.0253
22166,3.03373
22167,12.0084
22168,3.01687
22169,2.0253
22170,18.0084
22171,1.01686
22172,5.00843
22173,5.01687
22174,6.00843
22175,5.01687
22176,3.0253
22177,16.0084
22178,7.01687
22179,5.0253
22180,5.03373
22181,18.0084
22182,18.0169
22183,14.0253
22184,13.0337
22185,8.04216
22186,7.00843
22187,8.00843
22188,18.0084
22189,18.0169
22190,12.0253
22191,6.03373
22192,2.04216
22193,20.0084
22194,18.0169
22195,12.0253
22196,3.03373
22197,20.0084
22198,5.01687
22199,1.0253
22200,13.0084
22201,10.0169
22202,6.0253
22203,3.00843
22204,3.01687
22205,1.0253
22206,8.00843
22207,8.01686
22208,8.0253
22209,18.0084
22210,15.0169
22211,5.0253
22212,5.03373
22213,6.00843
22214,5.00843
22215,1.00843
22216,17.0084
22217,16.0169
22218,8.00843
22219,4.01687
22220,1.00843
22221,8.00843
22222,13.0084
22223,12.0084
22224,8.01686
22225,1.0253
22226,5.00843
22227,16.0084
22228,14.0169
22229,5.0253
22230,3.00843
22231,8.00843
22232,8.01686
22233,8.0253
22234,8.03373
22235,7.04216
22236,12.0084
22237,10.0169
22238,6.00843
22239,14.0084
22240,14.0169
22241,10.0253
22242,7.03373
22243,12.0084
22244,8.01686
22245,16.0084
22246,7.01687
22247,5.00843
22248,5.00843
22249,5.00843
22250,4.01687
22251,10.0084
22252,18.0084
22253,10.0169
22254,15.0084
22255,10.0169
22256,8.0253
22257,8.03373
22258,9.00843
22259,12.0084
22260,11.0169
22261,8.0253
22262,12.0084
22263,10.0169
22264,5.0253
22265,1.03373
22266,13.0084
22267,18.0084
22268,15.0169
22269,17.0084
22270,18.0084
22271,3.00843
22272,1.00843
22273,8.00843
22274,1.01686
22275,16.0084
22276,14.0169
22277,10.0253
22278,7.03373
22279,10.0084
22280,1.01686
22281,18.0084
22282,2.01687
22283,5.00843
22284,13.0084
22285,12.0084
22286,7.01687
22287,14.0084
22288,14.0169
22289,14.0253
22290,1.03373
22291,3.00843
22292,3.01687
22293,16.0084
22294,14.0169
22295,11.0253
22296,10.0084
22297,10.0169
22298,8.00843
22299,12.0084
22300,10.0169
22301,7.0253
22302,17.0084
22303,13.0084
22304,3.01687
22305,3.00843
22306,12.0084
22307,5.01687
22308,18.0084
22309,18.0169
22310,17.0253
22311,7.00843
22312,10.0084
22313,10.0169
22314,1.0253
22315,1.03373
22316,10.0084
22317,1.00843
22318,5.00843
22319,3.01687
22320,18.0084
22321,16.0169
22322,18.0084
22323,10.0169
22324,9.0253
22325,1.03373
22326,5.00843
22327,5.01687
22328,5.00843
22329,14.0084
22330,12.0169
22331,8.0253
22332,7.03373
22333,8.00843
22334,5.01687
22335,10.0084
22336,8.00843
22337,8.00843
22338,5.01687
22339,17.0084
22340,15.0169
22341,12.0253
22342,6.03373
22343,7.00843
22344,16.0084
22345,8.01686
22346,8.0253
22347,8.03373
22348,3.04216
22349,3.00843
22350,16.0084
22351,12.0169
22352,1.0253
22353,12.0084
22354,7.01687
22355,13.0084
22356,10.0169
22357,14.0084
22358,12.0169
22359,1.0253
22360,1.03373
22361,18.0084
22362,15.0169
22363,16.0084
22364,12.0169
22365,7.0253
22366,5.00843
22367,18.0084
22368,18.0169
22369,18.0253
22370,7.03373
22371,1.04216
22372,20.0084
22373,17.0169
22374,12.0084
22375,10.0084
22376,8.01686
22377,17.0084
22378,13.0169
22379,12.0253
22380,13.0084
22381,13.0169
22382,10.0253
22383,8.03373
22384,8.04216
22385,12.0084
22386,8.01686
22387,1.00843
22388,8.00843
22389,3.01687
22390,14.0084
22391,10.0084
22392,5.01687
22393,5.0253
22394,3.03373
22395,9.00843
22396,1.01686
22397,5.00843
22398,8.00843
22399,3.01687
22400,14.0084
22401,8.01686
22402,9.00843
22403,5.00843
22404,3.01687
22405,9.00843
22406,12.0084
22407,5.01687
22408,3.0253
22409,16.0084
22410,7.01687
22411,18.0084
22412,5.01687
22413,2.0253
22414,8.00843
22415,14.0084
22416,12.0084
22417,12.0084
22418,12.0169
22419,10.0253
22420,1.03373
22421,17.0084
22422,20.0084
22423,13.0084
22424,5.01687
22425,13.0084
22426,8.01686
22427,18.0084
22428,10.0169
22429,2.0253
22430,13.0084
22431,7.01687
22432,7.0253
22433,8.00843
22434,8.01686
22435,11.0084
22436,10.0169
22437,6.0253
22438,12.0084
22439,10.0169
22440,4.0253
22441,12.0084
22442,13.0084
22443,8.01686
22444,14.0084
22445,3.01687
22446,1.00843
22447,9.00843
22448,5.01687
22449,1.0253
22450,1.03373
22451,18.0084
22452,12.0169
22453,8.00843
22454,10.0084
22455,7.00843
22456,18.0084
22457,1.01686
22458,6.00843
22459,1.01686
22460,10.0084
22461,9.00843
22462,1.00843
22463,13.0084
22464,5.01687
22465,3.0253
22466,1.03373
22467,14.0084
22468,1.01686
22469,13.0084
22470,8.01686
22471,5.0253
22472,3.03373
22473,15.0084
22474,12.0169
22475,5.0253
22476,5.03373
22477,8.00843
22478,8.00843
22479,7.01687
22480,18.0084
22481,12.0169
22482,10.0253
22483,13.0084
22484,13.0084
22485,8.00843
22486,16.0084
22487,10.0169
22488,10.0084
22489,12.0084
22490,3.01687
22491,17.0084
22492,6.01687
22493,6.00843
22494,8.00843
22495,7.01687
22496,16.0084
22497,3.00843
22498,3.01687
22499,13.0084
22500,14.0084
22501,5.00843
22502,13.0084
22503,8.01686
22504,7.0253
22505,7.00843
22506,5.00843
22507,10.0084
22508,5.01687
22509,20.0084
22510,19.0169
22511,3.0253
22512,8.00843
22513,4.01687
22514,14.0084
22515,13.0169
22516,13.0253
22517,10.0337
22518,14.0084
22519,6.01687
22520,12.0084
22521,10.0169
22522,5.0253
22523,1.03373
22524,16.0084
22525,18.0084
22526,4.01687
22527,3.0253
22528,3.03373
22529,18.0084
22530,13.0169
22531,8.0253
22532,8.03373
22533,3.00843
22534,16.0084
22535,7.01687
22536,8.00843
22537,8.01686
22538,5.0253
22539,1.00843
22540,10.0084
22541,5.00843
22542,9.00843
22543,5.01687
22544,1.0253
22545,18.0084
22546,12.0169
22547,10.0084
22548,1.01686
22549,16.0084
22550,13.0169
22551,8.0253
22552,16.0084
22553,16.0169
22554,5.00843
22555,5.01687
22556,5.0253
22557,18.0084
22558,6.01687
22559,1.0253
22560,5.00843
22561,18.0084
22562,11.0169
22563,10.0253
22564,1.00843
22565,10.0084
22566,8.01686
22567,5.0253
22568,16.0084
22569,14.0169
22570,8.0253
22571,13.0084
22572,12.0169
22573,11.0084
22574,8.01686
22575,8.0253
22576,5.03373
22577,1.04216
22578,1.05059
22579,16.0084
22580,14.0169
22581,12.0084
22582,12.0169
22583,7.0253
22584,10.0084
22585,8.00843
22586,7.00843
22587,16.0084
22588,12.0169
22589,8.0253
22590,12.0084
22591,7.01687
22592,5.0253
22593,1.03373
22594,11.0084
22595,12.0084
22596,8.01686
22597,13.0084
22598,8.00843
22599,1.01686
22600,14.0084
22601,10.0169
22602,3.0253
22603,3.03373
22604,11.0084
22605,3.01687
22606,17.0084
22607,14.0169
22608,3.0253
22609,6.00843
22610,1.01686
22611,5.00843
22612,1.01686
22613,7.00843
22614,6.01687
22615,8.00843
22616,10.0084
22617,5.01687
22618,18.0084
22619,14.0169
22620,10.0084
22621,3.01687
22622,1.0253
22623,8.00843
22624,12.0084
22625,14.0084
22626,10.0169
22627,18.0084
22628,16.0169
22629,10.0253
22630,10.0337
22631,17.0084
22632,13.0169
22633,5.0253
22634,5.03373
22635,8.00843
22636,1.01686
22637,5.00843
22638,3.00843
22639,2.00843
22640,5.00843
22641,1.00843
22642,18.0084
22643,5.00843
22644,3.01687
22645,12.0084
22646,10.0084
22647,5.01687
22648,1.0253
22649,11.0084
22650,6.01687
22651,12.0084
22652,16.0084
22653,3.01687
22654,8.00843
22655,18.0084
22656,5.01687
22657,3.0253
22658,1.03373
22659,1.04216
22660,11.0084
22661,17.0084
22662,9.01686
22663,8.0253
22664,9.00843
22665,5.01687
22666,5.0253
22667,12.0084
22668,10.0169
22669,7.0253
22670,12.0084
22671,12.0084
22672,8.01686
22673,7.0253
22674,10.0084
22675,10.0169
22676,12.0084
22677,12.0169
22678,5.0253
22679,1.03373
22680,1.04216
22681,8.00843
22682,2.01687
22683,7.00843
22684,3.01687
22685,3.0253
22686,18.0084
22687,14.0169
22688,3.0253
22689,1.00843
22690,1.00843
22691,8.00843
22692,8.01686
22693,1.0253
22694,12.0084
22695,9.01686
22696,16.0084
22697,8.01686
22698,12.0084
22699,8.01686
22700,14.0084
22701,10.0169
22702,1.0253
22703,5.00843
22704,2.01687
22705,2.0253
22706,17.0084
22707,8.01686
22708,10.0084
22709,10.0169
22710,11.0084
22711,5.01687
22712,20.0084
22713,12.0169
22714,17.0084
22715,16.0084
22716,14.0169
22717,13.0253
22718,12.0084
22719,16.0084
22720,1.01686
22721,13.0084
22722,8.00843
22723,5.01687
22724,1.00843
22725,1.01686
22726,5.00843
22727,1.01686
22728,10.0084
22729,16.0084
22730,12.0084
22731,10.0084
22732,7.01687
22733,14.0084
22734,8.01686
22735,6.0253
22736,4.03373
22737,5.00843
22738,8.00843
22739,5.01687
22740,8.00843
22741,7.01687
22742,15.0084
22743,7.01687
22744,12.0084
22745,12.0169
22746,8.0253
22747,14.0084
22748,5.00843
22749,5.01687
22750,5.0253
22751,14.0084
22752,10.0169
22753,3.0253
22754,1.03373
22755,5.00843
22756,12.0084
22757,10.0169
22758,7.00843
22759,7.01687
22760,3.0253
22761,8.00843
22762,7.01687
22763,2.00843
22764,13.0084
22765,2.01687
22766,5.00843
22767,3.01687
22768,12.0084
22769,11.0169
22770,3.0253
22771,10.0084
22772,12.0084
22773,8.01686
22774,9.00843
22775,15.0084
22776,1.00843
22777,2.00843
22778,12.0084
22779,8.01686
22780,7.0253
22781,18.0084
22782,10.0169
22783,5.0253
22784,10.0084
22785,4.01687
22786,14.0084
22787,12.0169
22788,3.00843
22789,1.00843
22790,15.0084
22791,9.01686
22792,9.0253
22793,1.03373
22794,16.0084
22795,10.0169
22796,10.0253
22797,10.0337
22798,7.04216
22799,16.0084
22800,16.0084
22801,2.01687
22802,9.00843
22803,5.01687
22804,14.0084
22805,7.01687
22806,15.0084
22807,1.01686
22808,8.00843
22809,1.01686
22810,8.00843
22811,18.0084
22812,8.00843
22813,20.0084
22814,7.01687
22815,14.0084
22816,5.01687
22817,1.00843
22818,16.0084
22819,1.01686
22820,12.0084
22821,3.01687
22822,3.0253
22823,9.00843
22824,1.00843
22825,15.0084
22826,8.01686
22827,18.0084
22828,7.01687
22829,7.0253
22830,7.03373
22831,8.00843
22832,1.01686
22833,12.0084
22834,7.01687
22835,7.0253
22836,10.0084
22837,10.0169
22838,3.0253
22839,3.03373
22840,12.0084
22841,12.0169
22842,12.0084
22843,14.0084
22844,13.0169
22845,8.00843
22846,12.0084
22847,3.01687
22848,18.0084
22849,4.01687
22850,19.0084
22851,12.0169
22852,5.0253
22853,5.00843
22854,8.00843
22855,5.00843
22856,17.0084
22857,13.0169
22858,10.0253
22859,18.0084
22860,4.01687
22861,3.0253
22862,17.0084
22863,12.0169
22864,10.0253
22865,14.0084
22866,13.0169
22867,9.00843
22868,1.01686
22869,15.0084
22870,5.00843
22871,3.01687
22872,3.0253
22873,16.0084
22874,10.0169
22875,10.0253
22876,14.0084
22877,8.00843
22878,7.01687
22879,7.0253
22880,16.0084
22881,8.01686
22882,5.0253
22883,5.00843
22884,1.01686
22885,10.0084
22886,8.01686
22887,2.0253
22888,17.0084
22889,12.0169
22890,8.0253
22891,5.00843
22892,18.0084
22893,16.0169
22894,7.0253
22895,16.0084
22896,4.00843
22897,17.0084
22898,14.0169
22899,7.0253
22900,5.03373
22901,7.00843
22902,1.01686
22903,14.0084
22904,12.0169
22905,1.0253
22906,1.03373
22907,7.00843
22908,5.01687
22909,5.0253
22910,16.0084
22911,5.01687
22912,17.0084
22913,8.01686
22914,8.0253
22915,5.03373
22916,8.00843
22917,8.01686
22918,14.0084
22919,12.0169
22920,5.0253
22921,8.00843
22922,15.0084
22923,10.0169
22924,14.0084
22925,8.01686
22926,5.0253
22927,3.03373
22928,2.04216
22929,14.0084
22930,4.01687
22931,14.0084
22932,7.01687
22933,12.0084
22934,1.01686
22935,1.0253
22936,17.0084
22937,12.0169
22938,12.0084
22939,8.01686
22940,8.0253
22941,3.03373
22942,18.0084
22943,14.0084
22944,5.01687
22945,5.0253
22946,4.03373
22947,12.0084
22948,6.01687
22949,16.0084
22950,3.01687
22951,1.0253
22952,14.0084
22953,14.0169
22954,8.0253
22955,8.03373
22956,15.0084
22957,18.0084
22958,8.01686
22959,8.0253
22960,14.0084
22961,13.0169
22962,6.0253
22963,15.0084
22964,16.0084
22965,5.01687
22966,16.0084
22967,15.0169
22968,13.0253
22969,12.0337
22970,10.0084
22971,5.00843
22972,2.01687
22973,16.0084
22974,12.0169
22975,16.0084
22976,3.00843
22977,3.01687
22978,7.00843
22979,5.01687
22980,1.0253
22981,18.0084
22982,7.01687
22983,18.0084
22984,9.01686
22985,8.0253
22986,7.03373
22987,7.04216
22988,5.05059
22989,12.0084
22990,10.0169
22991,16.0084
22992,14.0169
22993,6.0253
22994,12.0084
22995,12.0169
22996,14.0084
22997,1.01686
22998,14.0084
22999,12.0169
23000,7.0253
23001,16.0084
23002,18.0084
23003,5.01687
23004,3.00843
23005,3.01687
23006,8.00843
23007,7.01687
23008,18.0084
23009,7.01687
23010,3.0253
23011,5.00843
23012,1.01686
23013,10.0084
23014,11.0084
23015,8.01686
23016,16.0084
23017,8.01686
23018,8.00843
23019,8.01686
23020,13.0084
23021,18.0084
23022,12.0169
23023,10.0253
23024,12.0084
23025,8.01686
23026,8.0253
23027,13.0084
23028,10.0169
23029,8.0253
23030,2.03373
23031,1.04216
23032,8.00843
23033,2.01687
23034,2.0253
23035,15.0084
23036,8.01686
23037,17.0084
23038,13.0084
23039,8.01686
23040,5.0253
23041,14.0084
23042,7.00843
23043,3.01687
23044,8.00843
23045,18.0084
23046,10.0169
23047,1.0253
23048,7.00843
23049,12.0084
23050,14.0084
23051,10.0169
23052,5.0253
23053,5.03373
23054,12.0084
23055,4.01687
23056,1.0253
23057,1.00843
23058,10.0084
23059,5.01687
23060,1.0253
23061,8.00843
23062,3.01687
23063,13.0084
23064,7.01687
23065,10.0084
23066,8.01686
23067,5.0253
23068,19.0084
23069,6.01687
23070,1.0253
23071,12.0084
23072,10.0084
23073,16.0084
23074,8.01686
23075,7.0253
23076,3.03373
23077,17.0084
23078,10.0169
23079,13.0084
23080,10.0169
23081,5.0253
23082,3.03373
23083,1.04216
23084,14.0084
23085,1.00843
23086,16.0084
23087,17.0084
23088,16.0169
23089,5.0253
23090,10.0084
23091,8.01686
23092,13.0084
23093,18.0084
23094,14.0169
23095,7.0253
23096,6.03373
23097,7.00843
23098,15.0084
23099,12.0169
23100,13.0084
23101,8.01686
23102,11.0084
23103,14.0084
23104,12.0169
23105,8.0253
23106,18.0084
23107,12.0169
23108,3.00843
23109,3.01687
23110,9.00843
23111,2.00843
23112,1.01686
23113,5.00843
23114,20.0084
23115,3.01687
23116,8.00843
23117,12.0084
23118,17.0084
23119,16.0169
23120,1.0253
23121,8.00843
23122,10.0084
23123,1.01686
23124,12.0084
23125,8.01686
23126,7.0253
23127,3.00843
23128,13.0084
23129,10.0169
23130,10.0253
23131,3.00843
23132,3.01687
23133,3.0253
23134,16.0084
23135,12.0169
23136,8.00843
23137,7.01687
23138,1.0253
23139,9.00843
23140,18.0084
23141,16.0084
23142,12.0169
23143,12.0253
23144,9.00843
23145,7.01687
23146,3.0253
23147,16.0084
23148,18.0084
23149,10.0169
23150,13.0084
23151,12.0169
23152,14.0084
23153,10.0169
23154,12.0084
23155,2.01687
23156,17.0084
23157,14.0169
23158,10.0253
23159,1.03373
23160,2.00843
23161,16.0084
23162,17.0084
23163,8.01686
23164,5.00843
23165,7.00843
23166,1.01686
23167,12.0084
23168,8.01686
23169,8.0253
23170,3.00843
23171,16.0084
23172,15.0169
23173,8.0253
23174,5.03373
23175,1.04216
23176,13.0084
23177,12.0169
23178,12.0253
23179,9.03373
23180,2.04216
23181,1.05059
23182,7.00843
23183,16.0084
23184,14.0169
23185,5.0253
23186,10.0084
23187,1.01686
23188,7.00843
23189,5.01687
23190,13.0084
23191,20.0084
23192,8.00843
23193,16.0084
23194,18.0084
23195,15.0169
23196,16.0084
23197,12.0169
23198,18.0084
23199,17.0084
23200,12.0169
23201,16.0084
23202,13.0169
23203,5.0253
23204,3.03373
23205,1.00843
23206,1.01686
23207,18.0084
23208,5.01687
23209,2.0253
23210,16.0084
23211,14.0169
23212,6.0253
23213,3.03373
23214,16.0084
23215,12.0169
23216,5.0253
23217,1.03373
23218,8.00843
23219,3.01687
23220,8.00843
23221,13.0084
23222,7.01687
23223,16.0084
23224,12.0169
23225,8.0253
23226,11.0084
23227,9.01686
23228,10.0084
23229,16.0084
23230,14.0169
23231,8.0253
23232,1.00843
23233,8.00843
23234,3.00843
23235,3.00843
23236,3.01687
23237,8.00843
23238,10.0084
23239,10.0169
23240,3.0253
23241,2.03373
23242,7.00843
23243,3.01687
23244,12.0084
23245,8.01686
23246,12.0084
23247,12.0169
23248,8.00843
23249,12.0084
23250,10.0169
23251,12.0084
23252,7.01687
23253,3.0253
23254,7.00843
23255,5.00843
23256,2.01687
23257,17.0084
23258,11.0169
23259,10.0253
23260,14.0084
23261,12.0169
23262,5.0253
23263,12.0084
23264,10.0169
23265,9.0253
23266,8.03373
23267,8.04216
23268,10.0084
23269,8.01686
23270,7.0253
23271,5.03373
23272,10.0084
23273,7.01687
23274,13.0084
23275,3.01687
23276,12.0084
23277,3.01687
23278,3.0253
23279,5.00843
23280,1.01686
23281,1.0253
23282,18.0084
23283,5.01687
23284,3.0253
23285,19.0084
23286,14.0084
23287,5.01687
23288,5.0253
23289,5.03373
23290,16.0084
23291,6.01687
23292,12.0084
23293,12.0169
23294,1.0253
23295,1.03373
23296,10.0084
23297,5.00843
23298,1.01686
23299,12.0084
23300,18.0084
23301,5.01687
23302,10.0084
23303,6.01687
23304,2.00843
23305,8.00843
23306,9.00843
23307,10.0084
23308,5.01687
23309,12.0084
23310,5.01687
23311,12.0084
23312,10.0169
23313,1.0253
23314,1.03373
23315,3.00843
23316,16.0084
23317,13.0084
23318,3.01687
23319,18.0084
23320,12.0169
23321,8.00843
23322,5.01687
23323,5.0253
23324,2.03373
23325,1.04216
23326,1.05059
23327,10.0084
23328,10.0169
23329,6.0253
23330,1.03373
23331,10.0084
23332,5.01687
23333,1.0253
23334,1.03373
23335,18.0084
23336,5.00843
23337,13.0084
23338,10.0169
23339,6.0253
23340,8.00843
23341,8.01686
23342,5.0253
23343,8.00843
23344,6.01687
23345,4.0253
23346,13.0084
23347,7.01687
23348,7.0253
23349,1.03373
23350,18.0084
23351,17.0169
23352,16.0084
23353,12.0169
23354,9.0253
23355,10.0084
23356,8.01686
23357,2.0253
23358,13.0084
23359,13.0169
23360,13.0253
23361,8.03373
23362,3.04216
23363,16.0084
23364,14.0169
23365,9.0253
23366,1.03373
23367,16.0084
23368,14.0169
23369,13.0253
23370,5.03373
23371,5.04216
23372,14.0084
23373,6.01687
23374,17.0084
23375,12.0169
23376,14.0084
23377,14.0169
23378,8.0253
23379,5.03373
23380,9.00843
23381,20.0084
23382,10.0169
23383,4.0253
23384,3.00843
23385,12.0084
23386,1.00843
23387,1.01686
23388,20.0084
23389,14.0169
23390,1.0253
23391,1.03373
23392,9.00843
23393,8.01686
23394,3.0253
23395,10.0084
23396,8.00843
23397,12.0084
23398,12.0169
23399,5.0253
23400,9.00843
23401,14.0084
23402,7.01687
23403,5.00843
23404,1.01686
23405,12.0084
23406,13.0084
23407,1.00843
23408,4.00843
23409,13.0084
23410,14.0084
23411,6.01687
23412,13.0084
23413,1.01686
23414,3.00843
23415,3.01687
23416,1.0253
23417,5.00843
23418,5.00843
23419,4.01687
23420,15.0084
23421,5.01687
23422,6.00843
23423,6.01687
23424,1.0253
23425,20.0084
23426,12.0169
23427,7.0253
23428,8.00843
23429,8.01686
23430,12.0084
23431,2.01687
23432,10.0084
23433,10.0169
23434,10.0253
23435,8.03373
23436,8.04216
23437,12.0084
23438,11.0169
23439,14.0084
23440,8.00843
23441,8.01686
23442,16.0084
23443,1.00843
23444,15.0084
23445,3.00843
23446,3.00843
23447,1.01686
23448,1.0253
23449,12.0084
23450,1.01686
23451,8.00843
23452,1.01686
23453,12.0084
23454,1.00843
23455,10.0084
23456,5.00843
23457,12.0084
23458,12.0169
23459,5.0253
23460,14.0084
23461,13.0169
23462,15.0084
23463,10.0084
23464,13.0084
23465,12.0169
23466,6.0253
23467,3.03373
23468,1.04216
23469,8.00843
23470,1.01686
23471,16.0084
23472,16.0169
23473,5.0253
23474,4.03373
23475,19.0084
23476,5.01687
23477,14.0084
23478,8.00843
23479,16.0084
23480,14.0169
23481,12.0253
23482,8.03373
23483,3.04216
23484,3.05059
23485,8.00843
23486,5.01687
23487,7.00843
23488,12.0084
23489,8.01686
23490,1.0253
23491,2.00843
23492,12.0084
23493,10.0084
23494,15.0084
23495,13.0084
23496,8.01686
23497,1.0253
23498,16.0084
23499,3.01687
23500,10.0084
23501,6.00843
23502,5.01687
23503,13.0084
23504,16.0084
23505,13.0169
23506,5.0253
23507,9.00843
23508,18.0084
23509,18.0169
23510,16.0253
23511,14.0337
23512,13.0422
23513,5.05059
23514,1.05903
23515,14.0084
23516,10.0084
23517,3.01687
23518,11.0084
23519,10.0169
23520,8.00843
23521,12.0084
23522,12.0169
23523,12.0253
23524,9.03373
23525,8.04216
23526,14.0084
23527,1.01686
23528,11.0084
23529,20.0084
23530,16.0169
23531,8.00843
23532,14.0084
23533,5.00843
23534,8.00843
23535,9.00843
23536,3.00843
23537,8.00843
23538,12.0084
23539,5.01687
23540,5.00843
23541,1.01686
23542,14.0084
23543,8.00843
23544,5.01687
23545,15.0084
23546,14.0169
23547,10.0253
23548,15.0084
23549,5.01687
23550,5.0253
23551,3.03373
23552,1.04216
23553,8.00843
23554,6.01687
23555,10.0084
23556,9.01686
23557,1.00843
23558,1.01686
23559,12.0084
23560,12.0169
23561,3.0253
23562,1.00843
23563,12.0084
23564,16.0084
23565,5.01687
23566,18.0084
23567,6.01687
23568,13.0084
23569,12.0169
23570,12.0253
23571,1.03373
23572,18.0084
23573,1.00843
23574,17.0084
23575,3.01687
23576,3.0253
23577,14.0084
23578,15.0084
23579,13.0169
23580,8.0253
23581,16.0084
23582,12.0084
23583,14.0084
23584,6.01687
23585,16.0084
23586,1.01686
23587,16.0084
23588,12.0084
23589,8.01686
23590,8.0253
23591,1.03373
23592,1.04216
23593,2.00843
23594,16.0084
23595,10.0169
23596,8.0253
23597,3.03373
23598,10.0084
23599,8.01686
23600,8.0253
23601,8.03373
23602,4.04216
23603,8.00843
23604,7.01687
23605,8.00843
23606,14.0084
23607,8.01686
23608,6.0253
23609,1.03373
23610,9.00843
23611,16.0084
23612,2.01687
23613,2.0253
23614,12.0084
23615,5.01687
23616,6.00843
23617,1.01686
23618,7.00843
23619,5.01687
23620,18.0084
23621,7.01687
23622,7.0253
23623,15.0084
23624,7.01687
23625,5.0253
23626,8.00843
23627,8.01686
23628,18.0084
23629,18.0169
23630,12.0084
23631,12.0169
23632,10.0253
23633,12.0084
23634,1.01686
23635,3.00843
23636,8.00843
23637,8.01686
23638,5.00843
23639,1.01686
23640,17.0084
23641,12.0169
23642,14.0084
23643,6.01687
23644,8.00843
23645,10.0084
23646,15.0084
23647,1.01686
23648,11.0084
23649,2.01687
23650,8.00843
23651,3.01687
23652,13.0084
23653,1.01686
23654,14.0084
23655,12.0169
23656,11.0253
23657,1.03373
23658,16.0084
23659,4.01687
23660,8.00843
23661,5.01687
23662,17.0084
23663,13.0169
23664,8.00843
23665,6.01687
23666,17.0084
23667,1.00843
23668,14.0084
23669,5.01687
23670,1.0253
23671,14.0084
23672,8.01686
23673,1.00843
23674,18.0084
23675,3.01687
23676,3.0253
23677,18.0084
23678,5.00843
23679,10.0084
23680,12.0084
23681,10.0169
23682,7.0253
23683,7.03373
23684,6.04216
23685,3.05059
23686,13.0084
23687,8.01686
23688,18.0084
23689,8.01686
23690,7.0253
23691,5.03373
23692,18.0084
23693,13.0084
23694,12.0169
23695,12.0253
23696,10.0337
23697,8.04216
23698,8.05059
23699,10.0084
23700,1.01686
23701,3.00843
23702,16.0084
23703,3.01687
23704,3.0253
23705,3.03373
23706,3.04216
23707,14.0084
23708,6.00843
23709,10.0084
23710,7.01687
23711,8.00843
23712,8.01686
23713,10.0084
23714,5.01687
23715,2.0253
23716,12.0084
23717,6.01687
23718,20.0084
23719,14.0084
23720,16.0084
23721,5.01687
23722,3.0253
23723,8.00843
23724,7.01687
23725,5.0253
23726,18.0084
23727,10.0169
23728,18.0084
23729,10.0169
23730,10.0084
23731,9.01686
23732,16.0084
23733,7.01687
23734,10.0084
23735,10.0169
23736,3.0253
23737,1.00843
23738,5.00843
23739,5.01687
23740,5.00843
23741,3.01687
23742,12.0084
23743,8.01686
23744,5.0253
23745,5.03373
23746,3.04216
23747,8.00843
23748,15.0084
23749,5.01687
23750,8.00843
23751,8.01686
23752,1.0253
23753,1.03373
23754,9.00843
23755,8.01686
23756,5.0253
23757,1.03373
23758,7.00843
23759,1.00843
23760,12.0084
23761,12.0169
23762,8.0253
23763,1.03373
23764,16.0084
23765,14.0084
23766,1.01686
23767,1.0253
23768,7.00843
23769,5.01687
23770,5.0253
23771,18.0084
23772,13.0084
23773,1.01686
23774,15.0084
23775,7.01687
23776,8.00843
23777,8.01686
23778,14.0084
23779,12.0084
23780,5.01687
23781,3.00843
23782,14.0084
23783,18.0084
23784,2.01687
23785,8.00843
23786,1.01686
23787,15.0084
23788,13.0169
23789,10.0253
23790,7.03373
23791,9.00843
23792,3.01687
23793,3.0253
23794,5.00843
23795,19.0084
23796,8.00843
23797,8.01686
23798,8.00843
23799,2.01687
23800,3.00843
23801,3.00843
23802,14.0084
23803,8.01686
23804,8.0253
23805,13.0084
23806,10.0084
23807,8.01686
23808,2.0253
23809,6.00843
23810,2.01687
23811,18.0084
23812,6.00843
23813,9.00843
23814,1.01686
23815,18.0084
23816,12.0169
23817,7.0253
23818,3.00843
23819,12.0084
23820,1.00843
23821,1.01686
23822,15.0084
23823,12.0169
23824,8.0253
23825,9.00843
23826,14.0084
23827,12.0084
23828,8.00843
23829,7.00843
23830,5.01687
23831,9.00843
23832,7.01687
23833,10.0084
23834,5.01687
23835,4.0253
23836,17.0084
23837,12.0169
23838,18.0084
23839,16.0084
23840,7.00843
23841,16.0084
23842,1.01686
23843,12.0084
23844,7.01687
23845,6.0253
23846,3.03373
23847,8.00843
23848,3.01687
23849,10.0084
23850,10.0084
23851,5.00843
23852,8.00843
23853,1.01686
23854,18.0084
23855,1.01686
23856,10.0084
23857,16.0084
23858,14.0169
23859,5.0253
23860,5.03373
23861,1.04216
23862,17.0084
23863,3.01687
23864,12.0084
23865,8.01686
23866,8.0253
23867,7.03373
23868,5.04216
23869,3.05059
23870,8.00843
23871,7.01687
23872,3.0253
23873,1.03373
23874,14.0084
23875,16.0084
23876,6.01687
23877,8.00843
23878,7.01687
23879,10.0084
23880,5.01687
23881,5.0253
23882,14.0084
23883,12.0169
23884,14.0084
23885,11.0169
23886,7.0253
23887,10.0084
23888,8.01686
23889,8.0253
23890,1.03373
23891,18.0084
23892,16.0169
23893,5.0253
23894,14.0084
23895,3.01687
23896,14.0084
23897,3.01687
23898,1.0253
23899,19.0084
23900,16.0169
23901,16.0253
23902,12.0337
23903,12.0422
23904,12.0506
23905,10.059
23906,16.0084
23907,16.0169
23908,13.0253
23909,9.00843
23910,3.00843
23911,7.00843
23912,5.00843
23913,18.0084
23914,18.0169
23915,12.0084
23916,8.00843
23917,10.0084
23918,3.01687
23919,15.0084
23920,3.01687
23921,8.00843
23922,8.01686
23923,1.0253
23924,1.03373
23925,14.0084
23926,10.0169
23927,9.0253
23928,5.03373
23929,18.0084
23930,18.0169
23931,10.0253
23932,3.03373
23933,13.0084
23934,1.00843
23935,13.0084
23936,12.0169
23937,5.0253
23938,3.00843
23939,13.0084
23940,8.01686
23941,18.0084
23942,1.00843
23943,3.00843
23944,1.00843
23945,16.0084
23946,14.0169
23947,1.00843
23948,18.0084
23949,1.00843
23950,3.00843
23951,1.01686
23952,10.0084
23953,4.01687
23954,1.0253
23955,12.0084
23956,8.00843
23957,18.0084
23958,18.0169
23959,1.0253
23960,14.0084
23961,1.01686
23962,18.0084
23963,1.01686
23964,8.00843
23965,8.00843
23966,14.0084
23967,3.01687
23968,1.0253
23969,2.00843
23970,14.0084
23971,8.01686
23972,7.00843
23973,8.00843
23974,5.00843
23975,14.0084
23976,1.01686
23977,1.0253
23978,1.03373
23979,17.0084
23980,14.0169
23981,8.0253
23982,5.03373
23983,12.0084
23984,5.01687
23985,3.0253
23986,12.0084
23987,6.01687
23988,12.0084
23989,8.01686
23990,8.0253
23991,8.00843
23992,8.01686
23993,1.0253
23994,7.00843
23995,2.01687
23996,10.0084
23997,8.01686
23998,3.0253
23999,9.00843
24000,13.0084
24001,8.01686
24002,18.0084
24003,12.0084
24004,5.01687
24005,20.0084
24006,13.0169
24007,8.0253
24008,5.03373
24009,5.04216
24010,3.05059
24011,16.0084
24012,5.01687
24013,5.0253
24014,8.00843
24015,7.01687
24016,1.0253
24017,16.0084
24018,10.0169
24019,5.0253
24020,20.0084
24021,17.0169
24022,8.0253
24023,1.03373
24024,17.0084
24025,12.0084
24026,1.01686
24027,14.0084
24028,1.00843
24029,1.01686
24030,14.0084
24031,3.00843
24032,3.01687
24033,13.0084
24034,10.0169
24035,8.0253
24036,5.03373
24037,19.0084
24038,16.0169
24039,14.0084
24040,5.01687
24041,7.00843
24042,14.0084
24043,9.00843
24044,1.01686
24045,1.0253
24046,8.00843
24047,12.0084
24048,10.0169
24049,16.0084
24050,13.0169
24051,5.0253
24052,18.0084
24053,12.0169
24054,8.0253
24055,1.03373
24056,14.0084
24057,15.0084
24058,5.01687
24059,5.00843
24060,12.0084
24061,10.0169
24062,7.0253
24063,13.0084
24064,8.01686
24065,8.0253
24066,6.03373
24067,12.0084
24068,5.01687
24069,1.0253
24070,16.0084
24071,1.01686
24072,14.0084
24073,8.01686
24074,8.0253
24075,5.03373
24076,15.0084
24077,8.01686
24078,3.0253
24079,15.0084
24080,15.0169
24081,10.0253
24082,3.03373
24083,8.00843
24084,8.01686
24085,6.0253
24086,6.03373
24087,3.04216
24088,18.0084
24089,8.00843
24090,4.01687
24091,1.0253
24092,15.0084
24093,12.0084
24094,12.0169
24095,9.00843
24096,1.01686
24097,1.0253
24098,1.03373
24099,12.0084
24100,13.0084
24101,10.0169
24102,1.00843
24103,1.01686
24104,8.00843
24105,2.01687
24106,14.0084
24107,10.0084
24108,3.01687
24109,16.0084
24110,14.0084
24111,9.01686
24112,1.0253
24113,1.03373
24114,10.0084
24115,10.0084
24116,10.0084
24117,10.0169
24118,8.0253
24119,1.00843
24120,10.0084
24121,8.01686
24122,15.0084
24123,3.01687
24124,1.0253
24125,1.03373
24126,5.00843
24127,3.01687
24128,14.0084
24129,18.0084
24130,10.0169
24131,7.0253
24132,12.0084
24133,17.0084
24134,12.0169
24135,18.0084
24136,16.0169
24137,2.0253
24138,8.00843
24139,8.01686
24140,1.0253
24141,5.00843
24142,16.0084
24143,12.0169
24144,10.0253
24145,7.03373
24146,1.04216
24147,7.00843
24148,12.0084
24149,8.01686
24150,8.00843
24151,7.00843
24152,3.01687
24153,8.00843
24154,10.0084
24155,5.01687
24156,5.0253
24157,8.00843
24158,17.0084
24159,8.01686
24160,1.00843
24161,1.01686
24162,1.0253
24163,12.0084
24164,3.00843
24165,3.01687
24166,13.0084
24167,5.01687
24168,5.00843
24169,5.01687
24170,14.0084
24171,2.01687
24172,1.0253
24173,1.03373
24174,16.0084
24175,10.0169
24176,7.0253
24177,3.03373
24178,3.04216
24179,8.00843
24180,8.01686
24181,2.0253
24182,14.0084
24183,6.00843
24184,5.01687
24185,14.0084
24186,4.01687
24187,12.0084
24188,5.01687
24189,9.00843
24190,8.01686
24191,5.0253
24192,14.0084
24193,10.0169
24194,10.0253
24195,8.03373
24196,3.04216
24197,15.0084
24198,10.0169
24199,10.0253
24200,10.0337
24201,5.04216
24202,12.0084
24203,6.01687
24204,12.0084
24205,12.0169
24206,14.0084
24207,8.01686
24208,7.0253
24209,7.03373
24210,20.0084
24211,19.0169
24212,17.0253
24213,16.0084
24214,10.0084
24215,3.01687
24216,20.0084
24217,18.0169
24218,16.0253
24219,5.03373
24220,16.0084
24221,14.0169
24222,5.0253
24223,5.03373
24224,16.0084
24225,14.0169
24226,10.0253
24227,12.0084
24228,8.01686
24229,7.0253
24230,10.0084
24231,1.01686
24232,1.00843
24233,19.0084
24234,13.0169
24235,13.0253
24236,7.00843
24237,16.0084
24238,13.0169
24239,8.0253
24240,16.0084
24241,13.0169
24242,7.0253
24243,10.0084
24244,8.01686
24245,3.0253
24246,1.03373
24247,17.0084
24248,10.0169
24249,13.0084
24250,12.0169
24251,5.00843
24252,8.00843
24253,3.01687
24254,3.0253
24255,1.03373
24256,17.0084
24257,17.0084
24258,13.0084
24259,6.01687
24260,18.0084
24261,16.0169
24262,1.0253
24263,1.00843
24264,1.00843
24265,16.0084
24266,15.0169
24267,12.0084
24268,7.01687
24269,18.0084
24270,8.01686
24271,19.0084
24272,10.0084
24273,1.01686
24274,4.00843
24275,12.0084
24276,1.00843
24277,17.0084
24278,8.01686
24279,3.00843
24280,8.00843
24281,10.0084
24282,3.01687
24283,15.0084
24284,14.0169
24285,11.0253
24286,3.00843
24287,14.0084
24288,12.0169
24289,9.0253
24290,5.00843
24291,13.0084
24292,10.0169
24293,16.0084
24294,12.0169
24295,8.0253
24296,7.03373
24297,13.0084
24298,10.0169
24299,18.0084
24300,7.01687
24301,10.0084
24302,8.01686
24303,1.00843
24304,16.0084
24305,10.0169
24306,13.0084
24307,12.0169
24308,12.0253
24309,5.03373
24310,6.00843
24311,1.00843
24312,17.0084
24313,8.01686
24314,9.00843
24315,3.01687
24316,10.0084
24317,10.0169
24318,8.0253
24319,12.0084
24320,2.00843
24321,14.0084
24322,17.0084
24323,18.0084
24324,1.00843
24325,15.0084
24326,16.0084
24327,1.01686
24328,1.0253
24329,8.00843
24330,7.00843
24331,8.00843
24332,20.0084
24333,14.0084
24334,3.01687
24335,14.0084
24336,14.0169
24337,1.0253
24338,16.0084
24339,12.0169
24340,1.0253
24341,5.00843
24342,1.01686
24343,5.00843
24344,16.0084
24345,13.0169
24346,14.0084
24347,8.01686
24348,2.00843
24349,14.0084
24350,14.0084
24351,18.0084
24352,1.00843
24353,19.0084
24354,18.0084
24355,12.0084
24356,5.00843
24357,2.01687
24358,1.0253
24359,1.03373
24360,5.00843
24361,1.01686
24362,7.00843
24363,9.00843
24364,12.0084
24365,10.0169
24366,5.0253
24367,12.0084
24368,8.01686
24369,7.0253
24370,7.03373
24371,8.00843
24372,9.00843
24373,8.01686
24374,1.0253
24375,1.03373
24376,1.04216
24377,14.0084
24378,5.01687
24379,1.0253
24380,12.0084
24381,12.0169
24382,8.0253
24383,12.0084
24384,12.0169
24385,5.0253
24386,5.03373
24387,14.0084
24388,6.01687
24389,5.0253
24390,5.03373
24391,2.04216
24392,18.0084
24393,16.0169
24394,16.0253
24395,7.03373
24396,3.04216
24397,17.0084
24398,8.01686
24399,3.0253
24400,17.0084
24401,16.0169
24402,9.0253
24403,5.03373
24404,19.0084
24405,10.0169
24406,1.0253
24407,12.0084
24408,10.0084
24409,18.0084
24410,5.01687
24411,16.0084
24412,4.01687
24413,5.00843
24414,5.01687
24415,18.0084
24416,13.0084
24417,11.0084
24418,1.01686
24419,5.00843
24420,12.0084
24421,3.00843
24422,8.00843
24423,6.01687
24424,5.00843
24425,12.0084
24426,10.0084
24427,10.0084
24428,2.01687
24429,6.00843
24430,4.01687
24431,3.0253
24432,16.0084
24433,12.0169
24434,12.0253
24435,5.00843
24436,18.0084
24437,1.01686
24438,10.0084
24439,8.01686
24440,12.0084
24441,9.01686
24442,18.0084
24443,5.01687
24444,10.0084
24445,7.00843
24446,2.01687
24447,1.0253
24448,5.00843
24449,18.0084
24450,18.0084
24451,6.01687
24452,5.0253
24453,6.00843
24454,3.01687
24455,11.0084
24456,1.01686
24457,1.0253
24458,14.0084
24459,10.0169
24460,18.0084
24461,18.0169
24462,13.0253
24463,12.0337
24464,10.0422
24465,5.00843
24466,8.00843
24467,8.00843
24468,7.01687
24469,16.0084
24470,10.0084
24471,5.01687
24472,12.0084
24473,10.0169
24474,13.0084
24475,9.00843
24476,14.0084
24477,1.01686
24478,14.0084
24479,7.01687
24480,10.0084
24481,10.0084
24482,5.01687
24483,4.0253
24484,3.03373
24485,1.04216
24486,20.0084
24487,7.01687
24488,6.0253
24489,5.03373
24490,5.04216
24491,16.0084
24492,14.0169
24493,8.0253
24494,8.03373
24495,7.04216
24496,8.00843
24497,10.0084
24498,10.0169
24499,9.0253
24500,8.03373
24501,2.04216
24502,1.05059
24503,12.0084
24504,9.01686
24505,1.0253
24506,6.00843
24507,1.01686
24508,10.0084
24509,14.0084
24510,12.0169
24511,8.0253
24512,6.03373
24513,16.0084
24514,14.0169
24515,14.0253
24516,8.03373
24517,16.0084
24518,18.0084
24519,13.0084
24520,1.01686
24521,1.0253
24522,1.00843
24523,5.00843
24524,7.00843
24525,7.01687
24526,3.0253
24527,1.03373
24528,12.0084
24529,5.01687
24530,2.0253
24531,7.00843
24532,14.0084
24533,8.01686
24534,5.0253
24535,10.0084
24536,3.01687
24537,1.0253
24538,18.0084
24539,1.01686
24540,1.0253
24541,3.00843
24542,10.0084
24543,5.00843
24544,5.01687
24545,17.0084
24546,6.01687
24547,1.00843
24548,16.0084
24549,8.01686
24550,7.0253
24551,7.03373
24552,12.0084
24553,3.00843
24554,2.01687
24555,1.0253
24556,2.00843
24557,2.01687
24558,16.0084
24559,1.01686
24560,12.0084
24561,10.0169
24562,8.0253
24563,8.03373
24564,7.04216
24565,7.05059
24566,5.05903
24567,1.06746
24568,2.00843
24569,3.00843
24570,5.00843
24571,1.01686
24572,7.00843
24573,8.00843
24574,7.01687
24575,8.00843
24576,8.01686
24577,1.0253
24578,17.0084
24579,10.0169
24580,17.0084
24581,6.01687
24582,3.0253
24583,1.03373
24584,12.0084
24585,14.0084
24586,13.0169
24587,6.0253
24588,18.0084
24589,7.00843
24590,5.01687
24591,8.00843
24592,8.00843
24593,1.01686
24594,19.0084
24595,10.0169
24596,10.0253
24597,14.0084
24598,7.00843
24599,1.01686
24600,14.0084
24601,8.01686
24602,14.0084
24603,12.0169
24604,8.0253
24605,7.03373
24606,3.04216
24607,19.0084
24608,18.0169
24609,10.0253
24610,8.03373
24611,6.04216
24612,15.0084
24613,12.0169
24614,1.0253
24615,3.00843
24616,1.00843
24617,14.0084
24618,10.0084
24619,5.01687
24620,1.0253
24621,13.0084
24622,8.01686
24623,8.0253
24624,8.03373
24625,6.04216
24626,1.05059
24627,12.0084
24628,15.0084
24629,14.0084
24630,10.0169
24631,10.0253
24632,16.0084
24633,7.01687
24634,9.00843
24635,4.01687
24636,17.0084
24637,5.01687
24638,7.00843
24639,5.01687
24640,18.0084
24641,13.0169
24642,18.0084
24643,18.0169
24644,8.0253
24645,9.00843
24646,8.01686
24647,16.0084
24648,10.0169
24649,10.0253
24650,6.03373
24651,8.00843
24652,1.01686
24653,1.0253
24654,14.0084
24655,12.0169
24656,12.0253
24657,14.0084
24658,3.01687
24659,8.00843
24660,5.01687
24661,1.0253
24662,6.00843
24663,8.00843
24664,5.00843
24665,2.00843
24666,5.00843
24667,5.01687
24668,12.0084
24669,8.01686
24670,3.0253
24671,13.0084
24672,5.01687
24673,8.00843
24674,17.0084
24675,12.0169
24676,3.0253
24677,14.0084
24678,5.01687
24679,15.0084
24680,1.01686
24681,19.0084
24682,10.0169
24683,7.0253
24684,5.03373
24685,16.0084
24686,6.01687
24687,1.0253
24688,18.0084
24689,18.0169
24690,6.0253
24691,6.03373
24692,1.00843
24693,3.00843
24694,2.00843
24695,1.01686
24696,15.0084
24697,9.01686
24698,5.0253
24699,8.00843
24700,8.01686
24701,10.0084
24702,8.01686
24703,3.0253
24704,16.0084
24705,13.0169
24706,8.00843
24707,5.01687
24708,16.0084
24709,12.0169
24710,10.0253
24711,10.0084
24712,8.01686
24713,10.0084
24714,18.0084
24715,14.0169
24716,12.0253
24717,8.03373
24718,6.00843
24719,16.0084
24720,13.0169
24721,7.0253
24722,16.0084
24723,5.01687
24724,5.0253
24725,13.0084
24726,11.0169
24727,16.0084
24728,12.0169
24729,7.0253
24730,1.03373
24731,13.0084
24732,1.01686
24733,1.0253
24734,1.03373
24735,18.0084
24736,7.01687
24737,2.0253
24738,15.0084
24739,16.0084
24740,3.01687
24741,10.0084
24742,8.00843
24743,3.01687
24744,3.00843
24745,10.0084
24746,16.0084
24747,10.0084
24748,6.01687
24749,16.0084
24750,10.0169
24751,7.0253
24752,1.03373
24753,20.0084
24754,17.0169
24755,5.00843
24756,5.01687
24757,3.0253
24758,14.0084
24759,3.01687
24760,16.0084
24761,8.01686
24762,5.0253
24763,2.00843
24764,7.00843
24765,5.01687
24766,5.00843
24767,10.0084
24768,9.01686
24769,8.0253
24770,8.00843
24771,6.01687
24772,3.0253
24773,12.0084
24774,7.01687
24775,5.0253
24776,1.03373
24777,12.0084
24778,8.01686
24779,6.0253
24780,1.03373
24781,12.0084
24782,1.01686
24783,8.00843
24784,8.01686
24785,10.0084
24786,3.01687
24787,10.0084
24788,18.0084
24789,6.01687
24790,18.0084
24791,8.01686
24792,7.0253
24793,7.03373
24794,16.0084
24795,9.01686
24796,8.0253
24797,10.0084
24798,5.01687
24799,16.0084
24800,10.0169
24801,8.0253
24802,8.03373
24803,3.04216
24804,16.0084
24805,11.0169
24806,7.00843
24807,8.00843
24808,1.01686
24809,6.00843
24810,8.00843
24811,8.00843
24812,1.00843
24813,13.0084
24814,8.01686
24815,2.00843
24816,1.01686
24817,9.00843
24818,8.01686
24819,3.0253
24820,14.0084
24821,1.01686
24822,16.0084
24823,5.01687
24824,14.0084
24825,8.01686
24826,8.0253
24827,10.0084
24828,8.01686
24829,5.0253
24830,8.00843
24831,4.01687
24832,12.0084
24833,10.0169
24834,16.0084
24835,12.0084
24836,7.01687
24837,16.0084
24838,1.01686
24839,14.0084
24840,16.0084
24841,13.0084
24842,8.01686
24843,7.00843
24844,7.00843
24845,5.00843
24846,5.01687
24847,8.00843
24848,3.01687
24849,1.00843
24850,1.01686
24851,5.00843
24852,18.0084
24853,14.0169
24854,12.0253
24855,12.0337
24856,10.0084
24857,16.0084
24858,14.0169
24859,7.0253
24860,6.03373
24861,15.0084
24862,4.01687
24863,18.0084
24864,16.0169
24865,10.0253
24866,1.03373
24867,10.0084
24868,1.01686
24869,14.0084
24870,14.0169
24871,13.0253
24872,10.0337
24873,10.0084
24874,10.0169
24875,15.0084
24876,5.01687
24877,13.0084
24878,12.0084
24879,8.01686
24880,8.00843
24881,3.01687
24882,20.0084
24883,2.01687
24884,1.00843
24885,12.0084
24886,8.01686
24887,16.0084
24888,8.01686
24889,1.00843
24890,1.01686
24891,12.0084
24892,3.01687
24893,14.0084
24894,8.01686
24895,10.0084
24896,14.0084
24897,6.01687
24898,5.0253
24899,1.03373
24900,3.00843
24901,6.00843
24902,3.01687
24903,16.0084
24904,3.01687
24905,8.00843
24906,2.01687
24907,12.0084
24908,5.01687
24909,5.0253
24910,11.0084
24911,8.00843
24912,16.0084
24913,8.01686
24914,16.0084
24915,16.0169
24916,13.0253
24917,12.0084
24918,12.0169
24919,10.0253
24920,8.03373
24921,15.0084
24922,8.01686
24923,3.0253
24924,8.00843
24925,20.0084
24926,14.0169
24927,14.0253
24928,8.00843
24929,7.01687
24930,5.0253
24931,16.0084
24932,16.0084
24933,12.0169
24934,9.0253
24935,5.03373
24936,18.0084
24937,17.0169
24938,4.0253
24939,13.0084
24940,3.01687
24941,16.0084
24942,8.01686
24943,1.0253
24944,11.0084
24945,12.0084
24946,12.0169
24947,8.00843
24948,5.01687
24949,1.0253
24950,15.0084
24951,15.0084
24952,7.01687
24953,14.0084
24954,8.01686
24955,5.00843
24956,12.0084
24957,14.0084
24958,13.0169
24959,12.0253
24960,5.03373
24961,1.04216
24962,3.00843
24963,4.00843
24964,16.0084
24965,3.01687
24966,18.0084
24967,14.0169
24968,10.0253
24969,3.03373
24970,16.0084
24971,5.01687
24972,5.0253
24973,13.0084
24974,8.01686
24975,6.0253
24976,10.0084
24977,7.01687
24978,12.0084
24979,12.0169
24980,10.0253
24981,16.0084
24982,3.01687
24983,1.0253
24984,14.0084
24985,4.01687
24986,15.0084
24987,1.01686
24988,14.0084
24989,12.0084
24990,7.01687
24991,14.0084
24992,8.01686
24993,8.0253
24994,5.03373
24995,9.00843
24996,10.0084
24997,10.0169
24998,10.0253
24999,10.0337
25000,7.00843
25001,1.01686
25002,12.0084
25003,8.01686
25004,15.0084
25005,10.0169
25006,18.0084
25007,3.01687
25008,5.00843
25009,14.0084
25010,10.0169
25011,16.0084
25012,13.0169
25013,3.0253
25014,2.03373
25015,18.0084
25016,12.0169
25017,7.00843
25018,5.01687
25019,10.0084
25020,5.01687
25021,7.00843
25022,1.01686
25023,7.00843
25024,7.01687
25025,14.0084
25026,15.0084
25027,14.0169
25028,10.0253
25029,5.03373
25030,7.00843
25031,20.0084
25032,19.0169
25033,12.0253
25034,8.00843
25035,8.00843
25036,1.01686
25037,12.0084
25038,8.01686
25039,3.00843
25040,3.01687
25041,1.00843
25042,12.0084
25043,19.0084
25044,7.01687
25045,4.00843
25046,1.01686
25047,1.00843
25048,1.01686
25049,1.0253
25050,14.0084
25051,8.00843
25052,8.00843
25053,3.00843
25054,3.01687
25055,1.0253
25056,1.03373
25057,14.0084
25058,10.0169
25059,15.0084
25060,8.01686
25061,3.0253
25062,3.03373
25063,3.04216
25064,2.05059
25065,13.0084
25066,5.01687
25067,3.0253
25068,12.0084
25069,7.01687
25070,12.0084
25071,16.0084
25072,14.0169
25073,8.0253
25074,8.03373
25075,5.04216
25076,16.0084
25077,14.0169
25078,13.0084
25079,3.01687
25080,10.0084
25081,7.01687
25082,5.00843
25083,14.0084
25084,14.0084
25085,1.01686
25086,3.00843
25087,14.0084
25088,5.00843
25089,1.01686
25090,1.0253
25091,12.0084
25092,9.01686
25093,14.0084
25094,8.01686
25095,1.00843
25096,16.0084
25097,1.01686
25098,14.0084
25099,17.0084
25100,13.0169
25101,5.00843
25102,5.00843
25103,12.0084
25104,12.0084
25105,8.01686
25106,16.0084
25107,9.01686
25108,7.0253
25109,5.00843
25110,3.01687
25111,8.00843
25112,12.0084
25113,12.0169
25114,13.0084
25115,8.01686
25116,2.0253
25117,14.0084
25118,14.0084
25119,10.0169
25120,5.00843
25121,5.01687
25122,4.0253
25123,1.03373
25124,8.00843
25125,6.01687
25126,17.0084
25127,16.0169
25128,14.0253
25129,7.03373
25130,18.0084
25131,8.01686
25132,9.00843
25133,3.01687
25134,17.0084
25135,11.0169
25136,10.0253
25137,1.03373
25138,11.0084
25139,8.01686
25140,8.0253
25141,5.03373
25142,9.00843
25143,1.01686
25144,14.0084
25145,8.01686
25146,8.0253
25147,7.03373
25148,3.04216
25149,20.0084
25150,12.0169
25151,10.0253
25152,7.03373
25153,5.04216
25154,5.05059
25155,12.0084
25156,19.0084
25157,18.0169
25158,10.0253
25159,8.03373
25160,13.0084
25161,12.0169
25162,10.0253
25163,9.00843
25164,8.01686
25165,20.0084
25166,14.0169
25167,12.0253
25168,1.03373
25169,4.00843
25170,3.00843
25171,5.00843
25172,2.01687
25173,1.0253
25174,16.0084
25175,7.01687
25176,10.0084
25177,5.01687
25178,5.0253
25179,12.0084
25180,8.01686
25181,13.0084
25182,10.0169
25183,5.0253
25184,5.00843
25185,3.01687
25186,1.00843
25187,8.00843
25188,8.01686
25189,8.0253
25190,17.0084
25191,13.0169
25192,12.0253
25193,10.0084
25194,10.0169
25195,8.00843
25196,8.01686
25197,1.0253
25198,18.0084
25199,5.01687
25200,5.0253
25201,1.03373
25202,1.04216
25203,14.0084
25204,7.01687
25205,12.0084
25206,5.00843
25207,3.01687
25208,6.00843
25209,15.0084
25210,8.01686
25211,7.0253
25212,8.00843
25213,6.01687
25214,11.0084
25215,8.01686
25216,1.0253
25217,1.03373
25218,9.00843
25219,16.0084
25220,5.01687
25221,3.0253
25222,16.0084
25223,14.0169
25224,13.0253
25225,8.00843
25226,7.01687
25227,14.0084
25228,1.01686
25229,16.0084
25230,12.0169
25231,7.0253
25232,12.0084
25233,12.0169
25234,18.0084
25235,12.0169
25236,11.0253
25237,5.03373
25238,7.00843
25239,16.0084
25240,8.00843
25241,1.01686
25242,17.0084
25243,10.0169
25244,12.0084
25245,10.0169
25246,10.0253
25247,5.03373
25248,5.04216
25249,3.05059
25250,16.0084
25251,8.01686
25252,1.0253
25253,12.0084
25254,13.0084
25255,14.0084
25256,15.0084
25257,8.01686
25258,16.0084
25259,12.0169
25260,10.0084
25261,7.00843
25262,20.0084
25263,14.0084
25264,13.0169
25265,5.0253
25266,3.00843
25267,1.01686
25268,7.00843
25269,16.0084
25270,3.01687
25271,1.0253
25272,12.0084
25273,12.0084
25274,10.0169
25275,5.0253
25276,3.03373
25277,17.0084
25278,15.0084
25279,10.0169
25280,13.0084
25281,10.0169
25282,12.0084
25283,12.0169
25284,8.0253
25285,13.0084
25286,3.01687
25287,3.00843
25288,1.01686
25289,5.00843
25290,12.0084
25291,5.01687
25292,3.0253
25293,6.00843
25294,1.01686
25295,1.0253
25296,8.00843
25297,15.0084
25298,14.0169
25299,8.0253
25300,3.03373
25301,3.04216
25302,7.00843
25303,7.01687
25304,7.0253
25305,3.03373
25306,10.0084
25307,8.01686
25308,1.0253
25309,1.03373
25310,13.0084
25311,1.01686
25312,5.00843
25313,8.00843
25314,8.01686
25315,3.0253
25316,9.00843
25317,10.0084
25318,10.0169
25319,9.0253
25320,5.00843
25321,15.0084
25322,12.0169
25323,10.0253
25324,2.03373
25325,14.0084
25326,8.01686
25327,8.0253
25328,14.0084
25329,19.0084
25330,16.0169
25331,1.0253
25332,17.0084
25333,12.0084
25334,1.01686
25335,14.0084
25336,8.01686
25337,3.00843
25338,19.0084
25339,10.0169
25340,8.0253
25341,3.03373
25342,3.00843
25343,14.0084
25344,12.0169
25345,12.0253
25346,9.03373
25347,15.0084
25348,6.01687
25349,5.0253
25350,16.0084
25351,5.01687
25352,1.0253
25353,7.00843
25354,7.01687
25355,16.0084
25356,9.01686
25357,1.0253
25358,14.0084
25359,8.01686
25360,5.00843
25361,10.0084
25362,3.01687
25363,16.0084
25364,5.01687
25365,1.0253
25366,16.0084
25367,5.01687
25368,12.0084
25369,20.0084
25370,7.01687
25371,16.0084
25372,16.0169
25373,5.0253
25374,18.0084
25375,2.01687
25376,5.00843
25377,2.01687
25378,12.0084
25379,8.01686
25380,8.0253
25381,5.00843
25382,3.00843
25383,13.0084
25384,1.01686
25385,14.0084
25386,7.00843
25387,1.01686
25388,14.0084
25389,12.0169
25390,12.0253
25391,7.03373
25392,2.04216
25393,1.05059
25394,3.00843
25395,4.00843
25396,7.00843
25397,3.01687
25398,8.00843
25399,17.0084
25400,18.0084
25401,10.0169
25402,10.0084
25403,10.0169
25404,10.0253
25405,13.0084
25406,1.01686
25407,14.0084
25408,12.0169
25409,12.0253
25410,7.03373
25411,5.04216
25412,12.0084
25413,10.0084
25414,18.0084
25415,3.01687
25416,1.0253
25417,12.0084
25418,8.01686
25419,3.0253
25420,5.00843
25421,5.01687
25422,10.0084
25423,7.01687
25424,5.0253
25425,1.03373
25426,13.0084
25427,12.0169
25428,6.0253
25429,1.03373
25430,1.00843
25431,8.00843
25432,3.01687
25433,14.0084
25434,5.01687
25435,16.0084
25436,10.0169
25437,12.0084
25438,8.01686
25439,7.0253
25440,7.03373
25441,8.00843
25442,8.01686
25443,10.0084
25444,10.0169
25445,16.0084
25446,16.0084
25447,16.0084
25448,13.0169
25449,13.0084
25450,10.0169
25451,14.0084
25452,5.01687
25453,17.0084
25454,12.0169
25455,12.0253
25456,8.00843
25457,5.00843
25458,5.01687
25459,3.0253
25460,16.0084
25461,10.0169
25462,17.0084
25463,7.01687
25464,7.0253
25465,1.03373
25466,8.00843
25467,9.00843
25468,13.0084
25469,3.00843
25470,17.0084
25471,6.01687
25472,1.0253
25473,18.0084
25474,13.0169
25475,12.0253
25476,17.0084
25477,3.01687
25478,3.0253
25479,16.0084
25480,1.01686
25481,1.0253
25482,12.0084
25483,7.01687
25484,5.0253
25485,5.03373
25486,3.04216
25487,17.0084
25488,8.01686
25489,1.0253
25490,17.0084
25491,12.0169
25492,5.0253
25493,10.0084
25494,10.0169
25495,6.0253
25496,13.0084
25497,15.0084
25498,8.01686
25499,2.0253
25500,6.00843
25501,12.0084
25502,10.0169
25503,10.0253
25504,6.03373
25505,15.0084
25506,10.0169
25507,12.0084
25508,13.0084
25509,7.00843
25510,14.0084
25511,18.0084
25512,9.01686
25513,7.0253
25514,3.03373
25515,14.0084
25516,12.0084
25517,10.0169
25518,10.0084
25519,18.0084
25520,13.0169
25521,12.0084
25522,7.01687
25523,16.0084
25524,6.00843
25525,8.00843
25526,10.0084
25527,9.00843
25528,5.00843
25529,18.0084
25530,5.00843
25531,15.0084
25532,7.01687
25533,5.0253
25534,3.03373
25535,9.00843
25536,6.01687
25537,5.0253
25538,3.03373
25539,10.0084
25540,8.00843
25541,10.0084
25542,10.0169
25543,1.00843
25544,3.00843
25545,3.01687
25546,1.0253
25547,10.0084
25548,4.01687
25549,3.0253
25550,5.00843
25551,5.01687
25552,12.0084
25553,7.01687
25554,5.0253
25555,5.03373
25556,1.04216
25557,8.00843
25558,9.00843
25559,7.01687
25560,5.0253
25561,1.03373
25562,12.0084
25563,10.0169
25564,7.0253
25565,12.0084
25566,11.0169
25567,17.0084
25568,12.0169
25569,8.0253
25570,6.03373
25571,5.04216
25572,12.0084
25573,15.0084
25574,10.0169
25575,16.0084
25576,12.0084
25577,3.01687
25578,18.0084
25579,12.0169
25580,12.0084
25581,12.0169
25582,5.00843
25583,3.01687
25584,5.00843
25585,1.01686
25586,1.0253
25587,2.00843
25588,8.00843
25589,19.0084
25590,7.01687
25591,10.0084
25592,8.01686
25593,8.0253
25594,11.0084
25595,6.01687
25596,8.00843
25597,3.01687
25598,1.0253
25599,7.00843
25600,4.01687
25601,13.0084
25602,7.00843
25603,12.0084
25604,5.01687
25605,8.00843
25606,8.01686
25607,10.0084
25608,1.00843
25609,14.0084
25610,12.0084
25611,14.0084
25612,5.00843
25613,8.00843
25614,3.00843
25615,2.00843
25616,10.0084
25617,8.01686
25618,5.0253
25619,3.00843
25620,9.00843
25621,8.00843
25622,7.01687
25623,10.0084
25624,7.01687
25625,14.0084
25626,3.00843
25627,15.0084
25628,5.00843
25629,15.0084
25630,7.00843
25631,1.01686
25632,10.0084
25633,10.0169
25634,12.0084
25635,2.01687
25636,18.0084
25637,4.01687
25638,1.0253
25639,12.0084
25640,12.0084
25641,7.01687
25642,8.00843
25643,18.0084
25644,9.01686
25645,10.0084
25646,10.0169
25647,5.0253
25648,12.0084
25649,7.01687
25650,7.0253
25651,8.00843
25652,10.0084
25653,1.01686
25654,17.0084
25655,14.0084
25656,12.0169
25657,14.0084
25658,14.0169
25659,3.0253
25660,14.0084
25661,11.0169
25662,7.0253
25663,13.0084
25664,12.0169
25665,8.0253
25666,13.0084
25667,10.0169
25668,14.0084
25669,8.01686
25670,12.0084
25671,1.01686
25672,17.0084
25673,3.01687
25674,3.0253
25675,1.00843
25676,17.0084
25677,7.00843
25678,3.01687
25679,3.00843
25680,17.0084
25681,8.00843
25682,1.01686
25683,7.00843
25684,5.01687
25685,12.0084
25686,6.01687
25687,1.0253
25688,1.03373
25689,6.00843
25690,18.0084
25691,15.0169
25692,5.0253
25693,1.03373
25694,8.00843
25695,16.0084
25696,10.0169
25697,5.0253
25698,1.00843
25699,5.00843
25700,1.01686
25701,2.00843
25702,7.00843
25703,1.01686
25704,5.00843
25705,5.01687
25706,10.0084
25707,8.00843
25708,7.01687
25709,14.0084
25710,8.01686
25711,17.0084
25712,3.01687
25713,3.00843
25714,1.00843
25715,1.01686
25716,19.0084
25717,13.0169
25718,10.0253
25719,17.0084
25720,18.0084
25721,5.01687
25722,2.0253
25723,13.0084
25724,15.0084
25725,10.0169
25726,5.0253
25727,6.00843
25728,9.00843
25729,3.01687
25730,8.00843
25731,14.0084
25732,6.00843
25733,1.01686
25734,6.00843
25735,12.0084
25736,5.01687
25737,5.0253
25738,7.00843
25739,1.01686
25740,1.0253
25741,18.0084
25742,16.0169
25743,16.0253
25744,14.0337
25745,7.04216
25746,7.00843
25747,1.01686
25748,5.00843
25749,8.00843
25750,3.00843
25751,3.01687
25752,12.0084
25753,5.00843
25754,17.0084
25755,17.0169
25756,16.0253
25757,14.0337
25758,12.0422
25759,15.0084
25760,13.0084
25761,8.01686
25762,5.00843
25763,8.00843
25764,12.0084
25765,5.00843
25766,1.01686
25767,1.0253
25768,12.0084
25769,3.01687
25770,1.0253
25771,1.03373
25772,1.04216
25773,17.0084
25774,17.0169
25775,3.0253
25776,1.03373
25777,16.0084
25778,14.0084
25779,7.01687
25780,7.0253
25781,9.00843
25782,9.01686
25783,5.0253
25784,5.03373
25785,1.00843
25786,20.0084
25787,2.01687
25788,10.0084
25789,10.0169
25790,5.00843
25791,1.01686
25792,14.0084
25793,13.0084
25794,1.01686
25795,14.0084
25796,5.01687
25797,3.0253
25798,7.00843
25799,6.01687
25800,3.0253
25801,8.00843
25802,2.01687
25803,10.0084
25804,9.01686
25805,3.0253
25806,10.0084
25807,7.01687
25808,6.0253
25809,7.00843
25810,6.00843
25811,3.01687
25812,3.0253
25813,3.03373
25814,12.0084
25815,7.01687
25816,3.0253
25817,10.0084
25818,5.01687
25819,5.0253
25820,2.03373
25821,16.0084
25822,12.0084
25823,10.0169
25824,8.0253
25825,8.03373
25826,5.04216
25827,3.05059
25828,8.00843
25829,1.01686
25830,8.00843
25831,6.01687
25832,10.0084
25833,7.01687
25834,3.0253
25835,14.0084
25836,9.01686
25837,7.0253
25838,1.03373
25839,1.04216
25840,12.0084
25841,10.0169
25842,19.0084
25843,14.0169
25844,12.0253
25845,8.03373
25846,4.04216
25847,1.05059
25848,1.05903
25849,16.0084
25850,8.01686
25851,8.0253
25852,8.03373
25853,16.0084
25854,12.0169
25855,13.0084
25856,10.0169
25857,11.0084
25858,5.01687
25859,5.0253
25860,17.0084
25861,7.01687
25862,16.0084
25863,13.0084
25864,8.01686
25865,8.0253
25866,7.00843
25867,5.01687
25868,19.0084
25869,10.0169
25870,8.0253
25871,5.03373
25872,5.04216
25873,5.05059
25874,20.0084
25875,6.01687
25876,16.0084
25877,1.01686
25878,13.0084
25879,8.01686
25880,5.0253
25881,3.03373
25882,10.0084
25883,1.01686
25884,3.00843
25885,12.0084
25886,12.0084
25887,8.00843
25888,8.01686
25889,5.0253
25890,15.0084
25891,14.0169
25892,16.0084
25893,5.01687
25894,14.0084
25895,13.0169
25896,3.0253
25897,12.0084
25898,1.01686
25899,1.0253
25900,20.0084
25901,6.01687
25902,1.0253
25903,8.00843
25904,5.00843
25905,1.01686
25906,1.0253
25907,16.0084
25908,3.00843
25909,3.01687
25910,5.00843
25911,5.01687
25912,14.0084
25913,10.0169
25914,7.0253
25915,8.00843
25916,8.01686
25917,8.0253
25918,7.03373
25919,1.04216
25920,12.0084
25921,1.01686
25922,18.0084
25923,16.0169
25924,13.0253
25925,13.0337
25926,7.04216
25927,4.05059
25928,8.00843
25929,7.01687
25930,12.0084
25931,12.0169
25932,8.00843
25933,14.0084
25934,9.01686
25935,1.0253
25936,5.00843
25937,12.0084
25938,19.0084
25939,14.0169
25940,5.0253
25941,8.00843
25942,15.0084
25943,12.0169
25944,1.0253
25945,1.03373
25946,1.04216
25947,1.05059
25948,14.0084
25949,13.0169
25950,2.0253
25951,17.0084
25952,14.0084
25953,11.0084
25954,10.0169
25955,10.0253
25956,12.0084
25957,18.0084
25958,6.01687
25959,14.0084
25960,8.01686
25961,8.0253
25962,8.03373
25963,2.04216
25964,19.0084
25965,3.01687
25966,10.0084
25967,10.0169
25968,12.0084
25969,5.01687
25970,1.0253
25971,12.0084
25972,6.01687
25973,9.00843
25974,17.0084
25975,3.01687
25976,18.0084
25977,8.01686
25978,5.0253
25979,5.03373
25980,4.00843
25981,10.0084
25982,1.01686
25983,18.0084
25984,1.01686
25985,5.00843
25986,10.0084
25987,8.01686
25988,13.0084
25989,1.01686
25990,12.0084
25991,8.01686
25992,12.0084
25993,11.0169
25994,5.0253
25995,1.03373
25996,16.0084
25997,7.00843
25998,5.00843
25999,16.0084
26000,10.0084
26001,10.0169
26002,8.0253
26003,3.03373
26004,1.04216
26005,5.00843
26006,3.01687
26007,3.00843
26008,5.00843
26009,13.0084
26010,8.01686
26011,7.0253
26012,5.03373
26013,6.00843
26014,18.0084
26015,14.0169
26016,1.0253
26017,17.0084
26018,10.0169
26019,13.0084
26020,3.01687
26021,1.0253
26022,12.0084
26023,20.0084
26024,16.0169
26025,8.0253
26026,14.0084
26027,18.0084
26028,10.0169
26029,10.0253
26030,1.03373
26031,6.00843
26032,1.01686
26033,5.00843
26034,2.01687
26035,1.0253
26036,1.03373
26037,1.04216
26038,16.0084
26039,10.0169
26040,3.0253
26041,2.03373
26042,1.04216
26043,10.0084
26044,10.0169
26045,1.0253
26046,18.0084
26047,18.0084
26048,3.00843
26049,6.00843
26050,8.00843
26051,5.01687
26052,10.0084
26053,10.0169
26054,10.0253
26055,6.03373
26056,17.0084
26057,16.0169
26058,14.0253
26059,15.0084
26060,10.0169
26061,7.00843
26062,4.01687
26063,14.0084
26064,1.01686
26065,3.00843
26066,1.01686
26067,14.0084
26068,1.01686
26069,1.0253
26070,1.03373
26071,8.00843
26072,3.01687
26073,3.0253
26074,3.00843
26075,1.01686
26076,5.00843
26077,4.01687
26078,20.0084
26079,10.0169
26080,7.0253
26081,5.03373
26082,12.0084
26083,16.0084
26084,12.0169
26085,8.0253
26086,7.03373
26087,1.04216
26088,13.0084
26089,8.01686
26090,8.0253
26091,6.03373
26092,3.04216
26093,16.0084
26094,16.0084
26095,16.0169
26096,15.0253
26097,5.00843
26098,1.01686
26099,1.0253
26100,12.0084
26101,3.01687
26102,13.0084
26103,12.0169
26104,12.0253
26105,15.0084
26106,14.0169
26107,12.0253
26108,12.0337
26109,8.04216
26110,1.05059
26111,1.05903
26112,1.06746
26113,16.0084
26114,16.0169
26115,19.0084
26116,17.0169
26117,12.0253
26118,20.0084
26119,12.0169
26120,8.0253
26121,8.03373
26122,5.04216
26123,1.05059
26124,2.00843
26125,14.0084
26126,6.01687
26127,1.0253
26128,8.00843
26129,7.01687
26130,12.0084
26131,10.0169
26132,5.00843
26133,7.00843
26134,7.00843
26135,1.01686
26136,10.0084
26137,12.0084
26138,12.0084
26139,5.01687
26140,1.00843
26141,8.00843
26142,3.00843
26143,3.01687
26144,12.0084
26145,7.00843
26146,7.00843
26147,8.00843
26148,8.01686
26149,5.0253
26150,1.03373
26151,10.0084
26152,1.01686
26153,4.00843
26154,3.01687
26155,16.0084
26156,1.00843
26157,4.00843
26158,1.00843
26159,10.0084
26160,10.0169
26161,13.0084
26162,16.0084
26163,14.0169
26164,17.0084
26165,16.0169
26166,7.0253
26167,3.03373
26168,10.0084
26169,8.01686
26170,6.0253
26171,3.03373
26172,1.04216
26173,12.0084
26174,3.00843
26175,3.01687
26176,13.0084
26177,6.00843
26178,5.01687
26179,9.00843
26180,10.0084
26181,1.00843
26182,11.0084
26183,10.0169
26184,17.0084
26185,12.0169
26186,3.0253
26187,11.0084
26188,12.0084
26189,12.0169
26190,9.0253
26191,3.03373
26192,1.04216
26193,3.00843
26194,8.00843
26195,18.0084
26196,14.0169
26197,8.0253
26198,9.00843
26199,7.01687
26200,10.0084
26201,10.0169
26202,8.0253
26203,8.03373
26204,14.0084
26205,13.0169
26206,1.00843
26207,8.00843
26208,7.01687
26209,15.0084
26210,8.01686
26211,3.0253
26212,3.03373
26213,13.0084
26214,3.01687
26215,7.00843
26216,8.00843
26217,8.01686
26218,8.0253
26219,8.03373
26220,1.04216
26221,8.00843
26222,4.01687
26223,12.0084
26224,5.00843
26225,19.0084
26226,5.01687
26227,3.00843
26228,3.01687
26229,14.0084
26230,4.00843
26231,3.01687
26232,1.0253
26233,10.0084
26234,8.01686
26235,8.0253
26236,12.0084
26237,12.0084
26238,13.0084
26239,3.01687
26240,8.00843
26241,10.0084
26242,8.01686
26243,7.0253
26244,12.0084
26245,20.0084
26246,7.01687
26247,3.0253
26248,8.00843
26249,5.01687
26250,5.00843
26251,5.01687
26252,15.0084
26253,7.01687
26254,7.0253
26255,12.0084
26256,3.00843
26257,5.00843
26258,5.01687
26259,5.0253
26260,10.0084
26261,1.01686
26262,2.00843
26263,3.00843
26264,3.01687
26265,3.0253
26266,18.0084
26267,3.01687
26268,5.00843
26269,6.00843
26270,5.00843
26271,10.0084
26272,7.00843
26273,1.00843
26274,1.01686
26275,1.0253
26276,14.0084
26277,8.00843
26278,8.01686
26279,7.0253
26280,1.03373
26281,1.04216
26282,1.05059
26283,16.0084
26284,14.0169
26285,3.0253
26286,3.00843
26287,3.01687
26288,14.0084
26289,10.0169
26290,5.0253
26291,5.03373
26292,1.04216
26293,8.00843
26294,5.01687
26295,10.0084
26296,10.0084
26297,10.0169
26298,7.0253
26299,3.03373
26300,7.00843
26301,8.00843
26302,6.01687
26303,13.0084
26304,10.0169
26305,16.0084
26306,14.0169
26307,8.0253
26308,14.0084
26309,12.0169
26310,5.0253
26311,1.03373
26312,14.0084
26313,13.0169
26314,3.00843
26315,12.0084
26316,4.00843
26317,1.01686
26318,5.00843
26319,1.00843
26320,17.0084
26321,1.01686
26322,1.00843
26323,19.0084
26324,18.0169
26325,13.0253
26326,8.03373
26327,5.04216
26328,10.0084
26329,3.01687
26330,10.0084
26331,9.01686
26332,1.0253
26333,12.0084
26334,12.0169
26335,1.0253
26336,17.0084
26337,12.0169
26338,12.0253
26339,17.0084
26340,5.01687
26341,3.0253
26342,5.00843
26343,15.0084
26344,6.01687
26345,10.0084
26346,9.01686
26347,8.0253
26348,5.03373
26349,10.0084
26350,1.01686
26351,14.0084
26352,10.0169
26353,16.0084
26354,5.01687
26355,14.0084
26356,7.01687
26357,12.0084
26358,8.01686
26359,16.0084
26360,8.01686
26361,3.00843
26362,1.00843
26363,18.0084
26364,16.0084
26365,15.0169
26366,9.0253
26367,5.03373
26368,17.0084
26369,1.00843
26370,2.00843
26371,5.00843
26372,5.01687
26373,1.0253
26374,8.00843
26375,6.01687
26376,3.00843
26377,12.0084
26378,8.01686
26379,1.0253
26380,9.00843
26381,5.01687
26382,1.0253
26383,6.00843
26384,18.0084
26385,8.00843
26386,16.0084
26387,14.0169
26388,13.0253
26389,12.0337
26390,16.0084
26391,5.01687
26392,1.0253
26393,2.00843
26394,16.0084
26395,3.01687
26396,17.0084
26397,12.0169
26398,12.0253
26399,14.0084
26400,5.01687
26401,5.0253
26402,16.0084
26403,3.01687
26404,12.0084
26405,12.0169
26406,8.0253
26407,9.00843
26408,5.00843
26409,10.0084
26410,8.00843
26411,7.00843
26412,5.01687
26413,3.0253
26414,3.03373
26415,7.00843
26416,7.01687
26417,7.0253
26418,19.0084
26419,8.01686
26420,8.0253
26421,12.0084
26422,9.01686
26423,3.0253
26424,13.0084
26425,14.0084
26426,14.0169
26427,12.0253
26428,19.0084
26429,14.0169
26430,7.0253
26431,16.0084
26432,9.00843
26433,17.0084
26434,10.0169
26435,5.0253
26436,3.03373
26437,1.04216
26438,3.00843
26439,1.01686
26440,1.0253
26441,19.0084
26442,14.0084
26443,14.0169
26444,8.0253
26445,3.00843
26446,12.0084
26447,8.00843
26448,7.01687
26449,1.0253
26450,7.00843
26451,1.01686
26452,12.0084
26453,13.0084
26454,6.01687
26455,3.0253
26456,3.03373
26457,13.0084
26458,1.01686
26459,5.00843
26460,6.00843
26461,17.0084
26462,15.0084
26463,8.01686
26464,5.0253
26465,20.0084
26466,18.0169
26467,9.0253
26468,4.03373
26469,5.00843
26470,18.0084
26471,8.01686
26472,5.00843
26473,8.00843
26474,6.01687
26475,6.0253
26476,2.03373
26477,14.0084
26478,14.0169
26479,6.0253
26480,3.03373
26481,14.0084
26482,20.0084
26483,14.0169
26484,1.0253
26485,12.0084
26486,7.01687
26487,1.0253
26488,2.00843
26489,8.00843
26490,10.0084
26491,8.01686
26492,1.0253
26493,9.00843
26494,7.01687
26495,7.0253
26496,7.00843
26497,1.01686
26498,12.0084
26499,6.01687
26500,14.0084
26501,1.00843
26502,17.0084
26503,18.0084
26504,18.0169
26505,7.0253
26506,12.0084
26507,5.01687
26508,1.0253
26509,14.0084
26510,6.01687
26511,3.0253
26512,15.0084
26513,6.01687
26514,3.0253
26515,12.0084
26516,5.01687
26517,3.0253
26518,12.0084
26519,1.01686
26520,12.0084
26521,10.0169
26522,16.0084
26523,13.0084
26524,18.0084
26525,10.0169
26526,2.0253
26527,6.00843
26528,3.01687
26529,12.0084
26530,10.0084
26531,13.0084
26532,12.0169
26533,8.0253
26534,8.00843
26535,1.01686
26536,10.0084
26537,1.01686
26538,15.0084
26539,14.0169
26540,1.0253
26541,10.0084
26542,10.0169
26543,1.0253
26544,14.0084
26545,13.0169
26546,10.0253
26547,10.0337
26548,5.00843
26549,13.0084
26550,8.01686
26551,6.0253
26552,6.03373
26553,1.04216
26554,14.0084
26555,8.01686
26556,4.0253
26557,15.0084
26558,8.01686
26559,8.0253
26560,20.0084
26561,17.0169
26562,10.0253
26563,5.03373
26564,11.0084
26565,8.01686
26566,1.0253
26567,18.0084
26568,12.0169
26569,12.0253
26570,10.0337
26571,7.04216
26572,1.05059
26573,10.0084
26574,3.01687
26575,10.0084
26576,5.01687
26577,1.0253
26578,17.0084
26579,18.0084
26580,18.0169
26581,8.0253
26582,12.0084
26583,18.0084
26584,14.0084
26585,14.0084
26586,3.01687
26587,3.0253
26588,10.0084
26589,5.01687
26590,5.00843
26591,7.00843
26592,5.01687
26593,1.00843
26594,1.01686
26595,10.0084
26596,10.0169
26597,8.0253
26598,3.00843
26599,10.0084
26600,3.01687
26601,5.00843
26602,15.0084
26603,16.0084
26604,7.01687
26605,5.0253
26606,17.0084
26607,14.0169
26608,7.00843
26609,14.0084
26610,10.0169
26611,8.0253
26612,15.0084
26613,14.0169
26614,11.0253
26615,16.0084
26616,16.0084
26617,15.0169
26618,17.0084
26619,14.0084
26620,18.0084
26621,15.0169
26622,7.0253
26623,18.0084
26624,7.01687
26625,17.0084
26626,8.01686
26627,12.0084
26628,7.00843
26629,1.00843
26630,14.0084
26631,1.01686
26632,13.0084
26633,6.01687
26634,5.0253
26635,3.03373
26636,14.0084
26637,14.0169
26638,7.0253
26639,8.00843
26640,1.01686
26641,7.00843
26642,3.01687
26643,18.0084
26644,8.01686
26645,1.0253
26646,16.0084
26647,12.0169
26648,8.0253
26649,9.00843
26650,1.01686
26651,1.00843
26652,1.01686
26653,8.00843
26654,8.01686
26655,5.0253
26656,16.0084
26657,6.01687
26658,3.0253
26659,18.0084
26660,17.0169
26661,16.0253
26662,14.0337
26663,10.0422
26664,8.05059
26665,7.05903
26666,5.06746
26667,1.07589
26668,8.00843
26669,6.00843
26670,16.0084
26671,8.00843
26672,8.01686
26673,7.0253
26674,6.00843
26675,16.0084
26676,20.0084
26677,7.01687
26678,5.0253
26679,12.0084
26680,8.01686
26681,3.0253
26682,15.0084
26683,13.0169
26684,13.0253
26685,7.03373
26686,7.04216
26687,8.00843
26688,5.01687
26689,3.0253
26690,12.0084
26691,5.01687
26692,3.0253
26693,14.0084
26694,13.0169
26695,12.0253
26696,5.03373
26697,17.0084
26698,14.0169
26699,7.00843
26700,8.00843
26701,8.01686
26702,4.0253
26703,14.0084
26704,8.01686
26705,5.0253
26706,2.03373
26707,10.0084
26708,3.01687
26709,16.0084
26710,12.0169
26711,8.0253
26712,7.03373
26713,20.0084
26714,8.01686
26715,5.0253
26716,1.00843
26717,1.01686
26718,10.0084
26719,3.01687
26720,8.00843
26721,1.00843
26722,10.0084
26723,17.0084
26724,4.01687
26725,1.0253
26726,7.00843
26727,5.01687
26728,8.00843
26729,8.01686
26730,1.0253
26731,1.03373
26732,6.00843
26733,13.0084
26734,12.0169
26735,12.0253
26736,11.0084
26737,9.01686
26738,8.00843
26739,8.00843
26740,9.00843
26741,10.0084
26742,10.0169
26743,7.0253
26744,7.03373
26745,12.0084
26746,11.0169
26747,8.0253
26748,7.03373
26749,1.04216
26750,16.0084
26751,16.0084
26752,12.0169
26753,14.0084
26754,14.0169
26755,14.0253
26756,10.0337
26757,11.0084
26758,16.0084
26759,12.0169
26760,19.0084
26761,8.01686
26762,6.0253
26763,10.0084
26764,10.0169
26765,8.00843
26766,9.00843
26767,14.0084
26768,3.01687
26769,1.0253
26770,14.0084
26771,7.01687
26772,1.0253
26773,12.0084
26774,13.0084
26775,5.00843
26776,10.0084
26777,5.01687
26778,1.0253
26779,12.0084
26780,2.01687
26781,1.0253
26782,12.0084
26783,8.01686
26784,7.0253
26785,2.03373
26786,19.0084
26787,8.01686
26788,6.00843
26789,5.01687
26790,5.0253
26791,5.03373
26792,5.04216
26793,1.05059
26794,14.0084
26795,7.01687
26796,8.00843
26797,10.0084
26798,14.0084
26799,11.0169
26800,3.0253
26801,18.0084
26802,5.01687
26803,1.0253
26804,8.00843
26805,6.01687
26806,3.0253
26807,2.03373
26808,15.0084
26809,6.00843
26810,5.01687
26811,17.0084
26812,15.0169
26813,5.0253
26814,7.00843
26815,7.01687
26816,20.0084
26817,14.0169
26818,9.0253
26819,7.03373
26820,3.04216
26821,5.00843
26822,5.00843
26823,5.00843
26824,3.00843
26825,14.0084
26826,1.01686
26827,5.00843
26828,3.00843
26829,3.01687
26830,14.0084
26831,5.01687
26832,14.0084
26833,6.01687
26834,16.0084
26835,14.0169
26836,5.0253
26837,2.03373
26838,18.0084
26839,15.0169
26840,9.0253
26841,8.03373
26842,1.00843
26843,10.0084
26844,7.00843
26845,3.01687
26846,14.0084
26847,16.0084
26848,10.0169
26849,5.0253
26850,10.0084
26851,10.0169
26852,8.0253
26853,4.03373
26854,1.04216
26855,1.05059
26856,12.0084
26857,1.01686
26858,12.0084
26859,8.01686
26860,3.0253
26861,11.0084
26862,3.01687
26863,16.0084
26864,8.01686
26865,5.0253
26866,1.03373
26867,10.0084
26868,10.0084
26869,11.0084
26870,7.00843
26871,10.0084
26872,17.0084
26873,6.01687
26874,1.0253
26875,14.0084
26876,10.0169
26877,12.0084
26878,12.0084
26879,5.01687
26880,5.0253
26881,5.03373
26882,1.04216
26883,14.0084
26884,6.01687
26885,1.0253
26886,7.00843
26887,1.01686
26888,3.00843
26889,8.00843
26890,1.01686
26891,7.00843
26892,18.0084
26893,9.01686
26894,8.0253
26895,7.03373
26896,7.00843
26897,3.01687
26898,2.00843
26899,12.0084
26900,3.01687
26901,16.0084
26902,12.0169
26903,5.0253
26904,1.03373
26905,13.0084
26906,18.0084
26907,16.0169
26908,10.0084
26909,15.0084
26910,12.0169
26911,5.0253
26912,1.03373
26913,18.0084
26914,8.01686
26915,5.00843
26916,10.0084
26917,8.00843
26918,7.01687
26919,6.0253
26920,18.0084
26921,16.0169
26922,8.0253
26923,7.03373
26924,3.04216
26925,3.05059
26926,10.0084
26927,17.0084
26928,15.0169
26929,14.0253
26930,8.03373
26931,3.00843
26932,1.01686
26933,5.00843
26934,3.01687
26935,18.0084
26936,12.0169
26937,9.00843
26938,14.0084
26939,6.01687
26940,8.00843
26941,12.0084
26942,10.0169
26943,3.00843
26944,14.0084
26945,3.01687
26946,20.0084
26947,3.00843
26948,1.00843
26949,1.01686
26950,5.00843
26951,3.00843
26952,8.00843
26953,8.01686
26954,7.0253
26955,1.03373
26956,14.0084
26957,3.00843
26958,12.0084
26959,8.01686
26960,8.0253
26961,7.00843
26962,17.0084
26963,14.0084
26964,8.01686
26965,10.0084
26966,10.0169
26967,9.00843
26968,4.01687
26969,3.0253
26970,15.0084
26971,5.01687
26972,19.0084
26973,8.00843
26974,2.01687
26975,16.0084
26976,8.01686
26977,8.0253
26978,8.03373
26979,5.04216
26980,5.05059
26981,5.05903
26982,10.0084
26983,16.0084
26984,10.0169
26985,3.0253
26986,10.0084
26987,8.01686
26988,5.00843
26989,5.01687
26990,13.0084
26991,10.0169
26992,3.0253
26993,1.03373
26994,12.0084
26995,3.01687
26996,1.00843
26997,10.0084
26998,9.01686
26999,6.0253
27000,12.0084
27001,7.01687
27002,1.0253
27003,10.0084
27004,6.01687
27005,7.00843
27006,16.0084
27007,14.0169
27008,9.0253
27009,16.0084
27010,14.0169
27011,13.0084
27012,1.01686
27013,12.0084
27014,1.00843
27015,18.0084
27016,19.0084
27017,11.0169
27018,2.0253
27019,8.00843
27020,8.01686
27021,8.00843
27022,5.01687
27023,5.00843
27024,8.00843
27025,3.01687
27026,7.00843
27027,5.01687
27028,5.00843
27029,1.00843
27030,8.00843
27031,7.01687
27032,1.0253
27033,18.0084
27034,13.0084
27035,9.01686
27036,1.0253
27037,2.00843
27038,12.0084
27039,5.00843
27040,2.00843
27041,5.00843
27042,10.0084
27043,10.0169
27044,7.0253
27045,6.03373
27046,7.00843
27047,8.00843
27048,2.01687
27049,12.0084
27050,10.0169
27051,10.0253
27052,10.0337
27053,10.0422
27054,8.05059
27055,8.05903
27056,3.06746
27057,1.07589
27058,3.00843
27059,5.00843
27060,11.0084
27061,1.00843
27062,14.0084
27063,13.0169
27064,8.0253
27065,7.03373
27066,7.04216
27067,1.00843
27068,1.01686
27069,6.00843
27070,1.01686
27071,18.0084
27072,12.0169
27073,5.0253
27074,2.03373
27075,7.00843
27076,8.00843
27077,16.0084
27078,20.0084
27079,8.01686
27080,8.0253
27081,12.0084
27082,7.01687
27083,7.0253
27084,10.0084
27085,8.01686
27086,7.00843
27087,1.00843
27088,1.01686
27089,13.0084
27090,10.0169
27091,3.0253
27092,3.03373
27093,14.0084
27094,7.01687
27095,16.0084
27096,12.0169
27097,12.0084
27098,10.0084
27099,14.0084
27100,8.01686
27101,19.0084
27102,10.0084
27103,2.01687
27104,10.0084
27105,1.01686
27106,1.00843
27107,13.0084
27108,1.01686
27109,8.00843
27110,15.0084
27111,1.00843
27112,8.00843
27113,2.01687
27114,1.00843
27115,13.0084
27116,5.01687
27117,3.0253
27118,19.0084
27119,8.01686
27120,1.00843
27121,7.00843
27122,3.01687
27123,10.0084
27124,10.0169
27125,12.0084
27126,12.0169
27127,6.0253
27128,16.0084
27129,10.0169
27130,7.0253
27131,5.03373
27132,8.00843
27133,5.00843
27134,1.00843
27135,6.00843
27136,1.01686
27137,13.0084
27138,5.00843
27139,4.01687
27140,15.0084
27141,4.01687
27142,3.0253
27143,16.0084
27144,7.01687
27145,8.00843
27146,6.01687
27147,16.0084
27148,10.0084
27149,1.01686
27150,1.00843
27151,1.01686
27152,5.00843
27153,12.0084
27154,8.00843
27155,5.00843
27156,16.0084
27157,5.01687
27158,17.0084
27159,6.01687
27160,1.0253
27161,10.0084
27162,18.0084
27163,12.0169
27164,13.0084
27165,7.01687
27166,18.0084
27167,6.01687
27168,2.0253
27169,15.0084
27170,9.01686
27171,8.0253
27172,1.03373
27173,12.0084
27174,3.01687
27175,12.0084
27176,13.0084
27177,5.01687
27178,4.0253
27179,1.03373
27180,13.0084
27181,5.01687
27182,1.0253
27183,1.03373
27184,16.0084
27185,8.01686
27186,7.0253
27187,18.0084
27188,18.0169
27189,20.0084
27190,10.0169
27191,5.0253
27192,10.0084
27193,1.01686
27194,1.00843
27195,10.0084
27196,5.01687
27197,3.0253
27198,2.03373
27199,16.0084
27200,14.0169
27201,3.0253
27202,8.00843
27203,14.0084
27204,12.0169
27205,8.00843
27206,8.01686
27207,8.0253
27208,7.00843
27209,8.00843
27210,10.0084
27211,10.0169
27212,7.0253
27213,13.0084
27214,8.00843
27215,16.0084
27216,10.0169
27217,3.0253
27218,11.0084
27219,5.01687
27220,1.0253
27221,8.00843
27222,6.01687
27223,5.0253
27224,6.00843
27225,3.01687
27226,10.0084
27227,1.01686
27228,14.0084
27229,7.01687
27230,3.0253
27231,3.00843
27232,2.01687
27233,2.0253
27234,8.00843
27235,3.01687
27236,13.0084
27237,8.01686
27238,1.0253
27239,16.0084
27240,14.0169
27241,13.0253
27242,12.0337
27243,7.04216
27244,5.05059
27245,12.0084
27246,6.01687
27247,3.0253
27248,12.0084
27249,11.0169
27250,7.0253
27251,8.00843
27252,8.01686
27253,8.0253
27254,8.03373
27255,8.04216
27256,9.00843
27257,10.0084
27258,10.0169
27259,13.0084
27260,11.0169
27261,8.0253
27262,7.03373
27263,13.0084
27264,13.0169
27265,6.0253
27266,5.03373
27267,5.04216
27268,16.0084
27269,14.0169
27270,10.0253
27271,12.0084
27272,1.00843
27273,2.00843
27274,7.00843
27275,4.00843
27276,1.01686
27277,7.00843
27278,5.01687
27279,5.0253
27280,5.03373
27281,15.0084
27282,14.0084
27283,7.01687
27284,8.00843
27285,13.0084
27286,20.0084
27287,10.0169
27288,10.0253
27289,4.03373
27290,1.04216
27291,10.0084
27292,8.01686
27293,12.0084
27294,14.0084
27295,5.01687
27296,5.0253
27297,1.03373
27298,1.04216
27299,1.05059
27300,1.05903
27301,7.00843
27302,5.01687
27303,12.0084
27304,3.01687
27305,12.0084
27306,19.0084
27307,12.0169
27308,6.0253
27309,14.0084
27310,7.01687
27311,7.0253
27312,7.03373
27313,5.04216
27314,12.0084
27315,6.01687
27316,6.0253
27317,9.00843
27318,19.0084
27319,7.01687
27320,5.00843
27321,3.01687
27322,12.0084
27323,6.01687
27324,13.0084
27325,12.0169
27326,10.0253
27327,7.03373
27328,5.04216
27329,14.0084
27330,15.0084
27331,15.0169
27332,12.0253
27333,12.0337
27334,14.0084
27335,7.01687
27336,7.00843
27337,16.0084
27338,16.0169
27339,5.0253
27340,12.0084
27341,8.01686
27342,1.0253
27343,14.0084
27344,19.0084
27345,15.0169
27346,1.00843
27347,16.0084
27348,11.0169
27349,16.0084
27350,3.00843
27351,1.01686
27352,1.0253
27353,7.00843
27354,20.0084
27355,1.00843
27356,14.0084
27357,3.00843
27358,1.01686
27359,1.00843
27360,8.00843
27361,16.0084
27362,10.0169
27363,1.0253
27364,7.00843
27365,11.0084
27366,8.01686
27367,12.0084
27368,8.01686
27369,1.0253
27370,10.0084
27371,1.01686
27372,16.0084
27373,12.0169
27374,12.0253
27375,5.03373
27376,17.0084
27377,17.0169
27378,12.0253
27379,10.0337
27380,13.0084
27381,8.01686
27382,19.0084
27383,16.0084
27384,16.0169
27385,13.0253
27386,12.0337
27387,1.04216
27388,1.05059
27389,17.0084
27390,2.01687
27391,18.0084
27392,7.01687
27393,7.0253
27394,12.0084
27395,8.01686
27396,1.00843
27397,18.0084
27398,6.01687
27399,12.0084
27400,12.0169
27401,7.0253
27402,13.0084
27403,10.0169
27404,5.0253
27405,1.03373
27406,14.0084
27407,1.01686
27408,8.00843
27409,2.01687
27410,8.00843
27411,8.01686
27412,1.00843
27413,1.00843
27414,14.0084
27415,7.01687
27416,5.0253
27417,8.00843
27418,3.01687
27419,7.00843
27420,1.00843
27421,12.0084
27422,17.0084
27423,17.0084
27424,10.0169
27425,8.0253
27426,1.00843
27427,7.00843
27428,8.00843
27429,4.01687
27430,9.00843
27431,8.01686
27432,5.0253
27433,15.0084
27434,3.01687
27435,16.0084
27436,13.0169
27437,1.0253
27438,12.0084
27439,10.0169
27440,7.0253
27441,8.00843
27442,3.01687
27443,14.0084
27444,10.0169
27445,10.0253
27446,7.03373
27447,5.00843
27448,12.0084
27449,12.0084
27450,12.0169
27451,8.0253
27452,18.0084
27453,1.00843
27454,10.0084
27455,8.01686
27456,3.0253
27457,3.03373
27458,19.0084
27459,14.0169
27460,20.0084
27461,18.0169
27462,12.0253
27463,1.03373
27464,18.0084
27465,14.0169
27466,10.0253
27467,1.03373
27468,14.0084
27469,12.0169
27470,8.00843
27471,10.0084
27472,5.00843
27473,7.00843
27474,13.0084
27475,8.01686
27476,1.0253
27477,15.0084
27478,17.0084
27479,8.00843
27480,9.00843
27481,4.01687
27482,7.00843
27483,7.01687
27484,12.0084
27485,8.01686
27486,7.0253
27487,5.00843
27488,1.00843
27489,7.00843
27490,14.0084
27491,14.0169
27492,1.0253
27493,15.0084
27494,5.01687
27495,3.0253
27496,12.0084
27497,1.00843
27498,14.0084
27499,8.01686
27500,6.0253
27501,18.0084
27502,7.01687
27503,14.0084
27504,3.01687
27505,13.0084
27506,18.0084
27507,8.01686
27508,12.0084
27509,1.01686
27510,14.0084
27511,5.01687
27512,5.0253
27513,3.00843
27514,13.0084
27515,13.0084
27516,8.01686
27517,1.0253
27518,12.0084
27519,1.01686
27520,10.0084
27521,8.01686
27522,6.00843
27523,1.01686
27524,8.00843
27525,13.0084
27526,6.01687
27527,17.0084
27528,10.0169
27529,10.0253
27530,5.03373
27531,7.00843
27532,12.0084
27533,12.0169
27534,5.0253
27535,14.0084
27536,14.0169
27537,7.0253
27538,5.03373
27539,5.04216
27540,11.0084
27541,10.0169
27542,8.0253
27543,18.0084
27544,16.0169
27545,12.0253
27546,1.03373
27547,12.0084
27548,14.0084
27549,5.01687
27550,14.0084
27551,8.01686
27552,3.0253
27553,10.0084
27554,5.01687
27555,17.0084
27556,17.0169
27557,12.0253
27558,3.03373
27559,3.00843
27560,10.0084
27561,5.01687
27562,1.0253
27563,17.0084
27564,6.01687
27565,20.0084
27566,18.0169
27567,8.0253
27568,8.03373
27569,12.0084
27570,12.0169
27571,1.0253
27572,7.00843
27573,3.01687
27574,1.0253
27575,1.03373
27576,12.0084
27577,13.0084
27578,7.01687
27579,13.0084
27580,5.01687
27581,10.0084
27582,7.01687
27583,18.0084
27584,8.01686
27585,8.0253
27586,9.00843
27587,8.01686
27588,8.0253
27589,7.03373
27590,8.00843
27591,12.0084
27592,8.01686
27593,20.0084
27594,19.0169
27595,18.0084
27596,10.0169
27597,5.0253
27598,3.03373
27599,18.0084
27600,5.01687
27601,10.0084
27602,10.0169
27603,16.0084
27604,5.01687
27605,20.0084
27606,8.01686
27607,5.0253
27608,8.00843
27609,7.00843
27610,1.00843
27611,12.0084
27612,1.01686
27613,18.0084
27614,12.0169
27615,10.0253
27616,8.03373
27617,13.0084
27618,8.01686
27619,3.0253
27620,10.0084
27621,1.01686
27622,1.0253
27623,15.0084
27624,3.01687
27625,5.00843
27626,3.01687
27627,8.00843
27628,5.01687
27629,18.0084
27630,1.01686
27631,3.00843
27632,8.00843
27633,8.01686
27634,7.0253
27635,3.03373
27636,3.04216
27637,1.05059
27638,16.0084
27639,15.0169
27640,7.0253
27641,3.00843
27642,1.01686
27643,17.0084
27644,10.0084
27645,5.01687
27646,8.00843
27647,8.01686
27648,8.0253
27649,9.00843
27650,9.01686
27651,7.0253
27652,10.0084
27653,10.0169
27654,8.0253
27655,20.0084
27656,17.0169
27657,10.0253
27658,13.0084
27659,12.0169
27660,10.0084
27661,15.0084
27662,2.01687
27663,1.0253
27664,16.0084
27665,13.0084
27666,17.0084
27667,13.0084
27668,10.0169
27669,3.0253
27670,14.0084
27671,8.01686
27672,10.0084
27673,10.0169
27674,15.0084
27675,13.0169
27676,13.0253
27677,7.03373
27678,8.00843
27679,11.0084
27680,2.01687
27681,14.0084
27682,7.00843
27683,1.01686
27684,2.00843
27685,1.01686
27686,8.00843
27687,1.01686
27688,18.0084
27689,3.00843
27690,1.01686
27691,1.00843
27692,5.00843
27693,1.00843
27694,14.0084
27695,8.01686
27696,3.0253
27697,13.0084
27698,10.0084
27699,7.01687
27700,5.0253
27701,2.03373
27702,8.00843
27703,8.00843
27704,10.0084
27705,9.01686
27706,8.0253
27707,8.03373
27708,14.0084
27709,14.0169
27710,8.0253
27711,12.0084
27712,12.0169
27713,12.0253
27714,3.03373
27715,18.0084
27716,8.01686
27717,6.0253
27718,4.03373
27719,12.0084
27720,10.0169
27721,6.0253
27722,5.03373
27723,5.04216
27724,3.05059
27725,9.00843
27726,8.01686
27727,6.0253
27728,7.00843
27729,12.0084
27730,8.01686
27731,8.0253
27732,7.03373
27733,14.0084
27734,10.0169
27735,8.0253
27736,15.0084
27737,3.01687
27738,1.00843
27739,18.0084
27740,13.0169
27741,5.0253
27742,3.03373
27743,5.00843
27744,3.01687
27745,1.0253
27746,18.0084
27747,16.0169
27748,8.0253
27749,6.03373
27750,6.04216
27751,5.05059
27752,15.0084
27753,10.0169
27754,5.0253
27755,1.03373
27756,14.0084
27757,10.0169
27758,8.0253
27759,8.03373
27760,7.04216
27761,8.00843
27762,7.01687
27763,13.0084
27764,8.01686
27765,8.0253
27766,19.0084
27767,11.0169
27768,9.0253
27769,7.03373
27770,1.04216
27771,1.05059
27772,16.0084
27773,13.0169
27774,12.0253
27775,10.0337
27776,8.04216
27777,5.05059
27778,16.0084
27779,11.0169
27780,6.0253
27781,18.0084
27782,14.0169
27783,14.0253
27784,12.0337
27785,12.0422
27786,12.0506
27787,12.059
27788,8.06746
27789,7.07589
27790,16.0084
27791,8.01686
27792,5.00843
27793,15.0084
27794,5.01687
27795,12.0084
27796,18.0084
27797,17.0169
27798,15.0253
27799,7.00843
27800,1.00843
27801,1.01686
27802,16.0084
27803,10.0084
27804,14.0084
27805,12.0084
27806,16.0084
27807,16.0169
27808,5.00843
27809,17.0084
27810,1.00843
27811,8.00843
27812,8.01686
27813,8.0253
27814,5.03373
27815,1.04216
27816,9.00843
27817,8.01686
27818,8.0253
27819,10.0084
27820,10.0169
27821,4.0253
27822,12.0084
27823,8.00843
27824,5.01687
27825,5.00843
27826,3.01687
27827,17.0084
27828,16.0169
27829,12.0253
27830,5.03373
27831,1.04216
27832,2.00843
27833,1.01686
27834,8.00843
27835,8.01686
27836,13.0084
27837,1.01686
27838,16.0084
27839,10.0169
27840,10.0253
27841,10.0337
27842,6.04216
27843,5.05059
27844,14.0084
27845,14.0169
27846,5.0253
27847,10.0084
27848,17.0084
27849,5.01687
27850,3.0253
27851,9.00843
27852,15.0084
27853,12.0169
27854,10.0253
27855,8.03373
27856,13.0084
27857,5.01687
27858,3.0253
27859,1.03373
27860,14.0084
27861,12.0169
27862,10.0253
27863,12.0084
27864,10.0084
27865,1.01686
27866,15.0084
27867,15.0169
27868,6.0253
27869,18.0084
27870,18.0169
27871,5.0253
27872,1.03373
27873,1.04216
27874,6.00843
27875,3.01687
27876,6.00843
27877,3.01687
27878,19.0084
27879,14.0169
27880,12.0253
27881,12.0337
27882,20.0084
27883,12.0169
27884,8.0253
27885,18.0084
27886,18.0169
27887,8.0253
27888,3.00843
27889,10.0084
27890,16.0084
27891,13.0169
27892,14.0084
27893,1.01686
27894,12.0084
27895,12.0169
27896,8.0253
27897,8.03373
27898,16.0084
27899,13.0169
27900,18.0084
27901,8.00843
27902,14.0084
27903,8.01686
27904,6.0253
27905,7.00843
27906,12.0084
27907,16.0084
27908,10.0169
27909,1.0253
27910,10.0084
27911,9.01686
27912,1.00843
27913,13.0084
27914,6.00843
27915,5.00843
27916,10.0084
27917,3.00843
27918,5.00843
27919,5.01687
27920,12.0084
27921,5.01687
27922,14.0084
27923,1.01686
27924,17.0084
27925,15.0169
27926,1.0253
27927,4.00843
27928,1.01686
27929,5.00843
27930,2.00843
27931,13.0084
27932,7.01687
27933,3.0253
27934,3.03373
27935,13.0084
27936,5.01687
27937,5.0253
27938,1.03373
27939,6.00843
27940,18.0084
27941,1.01686
27942,12.0084
27943,13.0084
27944,5.01687
27945,14.0084
27946,14.0169
27947,8.0253
27948,5.00843
27949,1.01686
27950,7.00843
27951,3.01687
27952,1.0253
27953,14.0084
27954,12.0169
27955,8.0253
27956,5.03373
27957,1.04216
27958,1.05059
27959,18.0084
27960,3.01687
27961,12.0084
27962,10.0169
27963,8.0253
27964,1.03373
27965,5.00843
27966,14.0084
27967,10.0169
27968,6.0253
27969,17.0084
27970,19.0084
27971,9.01686
27972,8.0253
27973,10.0084
27974,10.0084
27975,10.0169
27976,6.0253
27977,3.03373
27978,3.04216
27979,11.0084
27980,13.0084
27981,1.01686
27982,5.00843
27983,3.01687
27984,1.0253
27985,8.00843
27986,8.00843
27987,6.01687
27988,10.0084
27989,13.0084
27990,13.0084
27991,12.0169
27992,12.0253
27993,2.03373
27994,1.04216
27995,7.00843
27996,1.01686
27997,8.00843
27998,3.00843
27999,5.00843
28000,5.01687
28001,7.00843
28002,6.01687
28003,6.0253
28004,1.03373
28005,9.00843
28006,7.01687
28007,6.0253
28008,3.03373
28009,10.0084
28010,10.0169
28011,2.0253
28012,12.0084
28013,5.01687
28014,20.0084
28015,7.01687
28016,1.0253
28017,16.0084
28018,5.00843
28019,5.01687
28020,12.0084
28021,5.00843
28022,8.00843
28023,3.00843
28024,1.01686
28025,7.00843
28026,3.01687
28027,3.0253
28028,10.0084
28029,8.01686
28030,3.0253
28031,10.0084
28032,3.01687
28033,16.0084
28034,1.01686
28035,1.00843
28036,18.0084
28037,15.0084
28038,11.0084
28039,17.0084
28040,12.0169
28041,5.0253
28042,3.03373
28043,10.0084
28044,7.01687
28045,8.00843
28046,3.01687
28047,8.00843
28048,16.0084
28049,1.01686
28050,1.0253
28051,10.0084
28052,7.00843
28053,7.00843
28054,1.01686
28055,5.00843
28056,19.0084
28057,3.01687
28058,7.00843
28059,5.01687
28060,14.0084
28061,5.01687
28062,16.0084
28063,3.01687
28064,15.0084
28065,18.0084
28066,12.0169
28067,12.0084
28068,13.0084
28069,7.00843
28070,17.0084
28071,3.01687
28072,1.00843
28073,8.00843
28074,3.00843
28075,18.0084
28076,7.00843
28077,7.00843
28078,10.0084
28079,5.00843
28080,10.0084
28081,5.01687
28082,1.00843
28083,18.0084
28084,13.0169
28085,13.0253
28086,8.03373
28087,20.0084
28088,10.0169
28089,20.0084
28090,4.00843
28091,5.00843
28092,18.0084
28093,9.01686
28094,8.0253
28095,1.03373
28096,15.0084
28097,8.01686
28098,7.0253
28099,7.03373
28100,7.04216
28101,10.0084
28102,14.0084
28103,13.0084
28104,12.0084
28105,12.0169
28106,5.0253
28107,16.0084
28108,10.0169
28109,5.0253
28110,4.03373
28111,14.0084
28112,10.0169
28113,5.0253
28114,14.0084
28115,16.0084
28116,12.0084
28117,12.0084
28118,10.0084
28119,2.00843
28120,13.0084
28121,1.01686
28122,16.0084
28123,15.0084
28124,16.0084
28125,7.01687
28126,3.00843
28127,1.01686
28128,7.00843
28129,6.01687
28130,3.0253
28131,12.0084
28132,8.01686
28133,3.0253
28134,8.00843
28135,8.01686
28136,6.00843
28137,3.01687
28138,7.00843
28139,5.01687
28140,12.0084
28141,6.01687
28142,11.0084
28143,14.0084
28144,12.0169
28145,8.0253
28146,8.03373
28147,16.0084
28148,4.01687
28149,7.00843
28150,5.01687
28151,1.00843
28152,3.00843
28153,13.0084
28154,3.01687
28155,1.0253
28156,3.00843
28157,16.0084
28158,13.0169
28159,8.00843
28160,18.0084
28161,3.01687
28162,7.00843
28163,10.0084
28164,3.01687
28165,10.0084
28166,8.01686
28167,3.0253
28168,1.03373
28169,1.04216
28170,12.0084
28171,4.00843
28172,14.0084
28173,10.0084
28174,11.0084
28175,8.01686
28176,18.0084
28177,8.01686
28178,8.0253
28179,8.03373
28180,14.0084
28181,5.01687
28182,1.0253
28183,1.03373
28184,12.0084
28185,10.0169
28186,5.0253
28187,1.03373
28188,12.0084
28189,13.0084
28190,13.0169
28191,14.0084
28192,8.01686
28193,14.0084
28194,5.01687
28195,5.0253
28196,19.0084
28197,16.0169
28198,6.0253
28199,14.0084
28200,1.00843
28201,10.0084
28202,8.01686
28203,8.00843
28204,18.0084
28205,15.0169
28206,10.0253
28207,13.0084
28208,10.0169
28209,1.0253
28210,12.0084
28211,8.01686
28212,8.0253
28213,13.0084
28214,7.01687
28215,3.0253
28216,1.03373
28217,1.04216
28218,16.0084
28219,14.0169
28220,7.0253
28221,17.0084
28222,3.01687
28223,17.0084
28224,16.0169
28225,12.0253
28226,10.0337
28227,5.04216
28228,16.0084
28229,13.0169
28230,13.0253
28231,10.0337
28232,6.04216
28233,5.05059
28234,8.00843
28235,12.0084
28236,10.0169
28237,16.0084
28238,10.0169
28239,7.0253
28240,2.03373
28241,1.04216
28242,18.0084
28243,16.0169
28244,10.0253
28245,10.0337
28246,10.0422
28247,10.0506
28248,10.059
28249,8.06746
28250,8.07589
28251,12.0084
28252,8.01686
28253,1.0253
28254,13.0084
28255,7.01687
28256,16.0084
28257,16.0084
28258,2.01687
28259,20.0084
28260,5.01687
28261,14.0084
28262,10.0084
28263,8.01686
28264,17.0084
28265,5.01687
28266,5.0253
28267,5.03373
28268,1.00843
28269,1.01686
28270,9.00843
28271,10.0084
28272,5.01687
28273,3.0253
28274,14.0084
28275,8.00843
28276,7.01687
28277,12.0084
28278,1.00843
28279,1.01686
28280,1.0253
28281,14.0084
28282,12.0169
28283,10.0253
28284,8.03373
28285,1.04216
28286,16.0084
28287,7.01687
28288,1.0253
28289,6.00843
28290,15.0084
28291,3.01687
28292,18.0084
28293,13.0084
28294,13.0169
28295,7.0253
28296,1.03373
28297,1.00843
28298,19.0084
28299,5.01687
28300,3.0253
28301,1.03373
28302,18.0084
28303,10.0169
28304,13.0084
28305,1.00843
28306,9.00843
28307,2.00843
28308,9.00843
28309,10.0084
28310,2.00843
28311,15.0084
28312,8.01686
28313,7.0253
28314,5.00843
28315,1.01686
28316,20.0084
28317,8.01686
28318,10.0084
28319,11.0084
28320,8.00843
28321,7.01687
28322,8.00843
28323,5.01687
28324,1.0253
28325,13.0084
28326,7.01687
28327,18.0084
28328,15.0169
28329,2.00843
28330,18.0084
28331,7.01687
28332,5.00843
28333,14.0084
28334,10.0084
28335,1.01686
28336,10.0084
28337,5.00843
28338,3.01687
28339,3.0253
28340,13.0084
28341,5.01687
28342,1.0253
28343,10.0084
28344,1.01686
28345,7.00843
28346,3.00843
28347,3.01687
28348,10.0084
28349,8.01686
28350,18.0084
28351,14.0169
28352,11.0253
28353,7.00843
28354,12.0084
28355,8.01686
28356,8.0253
28357,1.03373
28358,18.0084
28359,13.0169
28360,10.0253
28361,16.0084
28362,5.01687
28363,3.0253
28364,3.00843
28365,8.00843
28366,5.01687
28367,9.00843
28368,8.01686
28369,1.00843
28370,5.00843
28371,5.01687
28372,1.0253
28373,1.03373
28374,10.0084
28375,10.0169
28376,5.0253
28377,3.00843
28378,5.00843
28379,1.01686
28380,14.0084
28381,1.01686
28382,8.00843
28383,8.01686
28384,13.0084
28385,13.0169
28386,5.0253
28387,17.0084
28388,13.0169
28389,10.0253
28390,15.0084
28391,15.0169
28392,19.0084
28393,8.01686
28394,8.0253
28395,7.00843
28396,7.01687
28397,7.0253
28398,14.0084
28399,8.01686
28400,16.0084
28401,16.0084
28402,5.01687
28403,18.0084
28404,13.0169
28405,5.00843
28406,1.01686
28407,14.0084
28408,1.01686
28409,5.00843
28410,12.0084
28411,10.0169
28412,7.0253
28413,1.03373
28414,13.0084
28415,7.01687
28416,3.00843
28417,5.00843
28418,7.00843
28419,18.0084
28420,14.0084
28421,8.01686
28422,5.0253
28423,15.0084
28424,10.0169
28425,7.0253
28426,1.03373
28427,2.00843
28428,8.00843
28429,8.01686
28430,8.0253
28431,5.03373
28432,5.04216
28433,1.05059
28434,9.00843
28435,17.0084
28436,10.0169
28437,1.0253
28438,12.0084
28439,3.01687
28440,19.0084
28441,10.0169
28442,5.0253
28443,1.00843
28444,14.0084
28445,8.00843
28446,14.0084
28447,17.0084
28448,8.01686
28449,16.0084
28450,1.00843
28451,5.00843
28452,3.01687
28453,16.0084
28454,5.01687
28455,14.0084
28456,1.01686
28457,1.0253
28458,1.00843
28459,12.0084
28460,7.01687
28461,10.0084
28462,8.01686
28463,18.0084
28464,5.01687
28465,3.0253
28466,5.00843
28467,5.01687
28468,11.0084
28469,18.0084
28470,8.01686
28471,8.00843
28472,7.01687
28473,7.0253
28474,7.03373
28475,10.0084
28476,1.01686
28477,1.0253
28478,17.0084
28479,10.0169
28480,10.0253
28481,5.03373
28482,17.0084
28483,3.01687
28484,1.0253
28485,12.0084
28486,2.01687
28487,8.00843
28488,1.00843
28489,12.0084
28490,6.00843
28491,14.0084
28492,12.0169
28493,10.0253
28494,7.03373
28495,18.0084
28496,18.0169
28497,1.0253
28498,14.0084
28499,19.0084
28500,15.0169
28501,7.0253
28502,2.00843
28503,1.01686
28504,8.00843
28505,3.00843
28506,1.00843
28507,1.01686
28508,16.0084
28509,8.01686
28510,4.0253
28511,12.0084
28512,3.01687
28513,10.0084
28514,5.01687
28515,1.0253
28516,6.00843
28517,13.0084
28518,8.01686
28519,8.0253
28520,8.03373
28521,2.04216
28522,7.00843
28523,14.0084
28524,8.01686
28525,7.00843
28526,12.0084
28527,8.01686
28528,8.0253
28529,12.0084
28530,10.0169
28531,10.0253
28532,8.03373
28533,3.00843
28534,1.01686
28535,10.0084
28536,10.0169
28537,13.0084
28538,13.0084
28539,8.01686
28540,8.0253
28541,14.0084
28542,14.0169
28543,7.00843
28544,18.0084
28545,16.0169
28546,14.0084
28547,12.0169
28548,12.0253
28549,1.03373
28550,16.0084
28551,3.00843
28552,6.00843
28553,5.01687
28554,5.00843
28555,1.01686
28556,16.0084
28557,14.0169
28558,10.0253
28559,1.03373
28560,19.0084
28561,9.01686
28562,8.0253
28563,8.03373
28564,20.0084
28565,20.0169
28566,3.0253
28567,8.00843
28568,3.00843
28569,10.0084
28570,8.01686
28571,7.0253
28572,14.0084
28573,18.0084
28574,11.0084
28575,3.01687
28576,1.0253
28577,5.00843
28578,14.0084
28579,14.0169
28580,16.0084
28581,10.0084
28582,10.0084
28583,5.01687
28584,5.0253
28585,12.0084
28586,9.01686
28587,12.0084
28588,14.0084
28589,12.0169
28590,1.00843
28591,15.0084
28592,16.0084
28593,13.0169
28594,5.0253
28595,20.0084
28596,12.0169
28597,4.0253
28598,14.0084
28599,14.0169
28600,10.0084
28601,7.01687
28602,10.0084
28603,1.00843
28604,1.01686
28605,5.00843
28606,19.0084
28607,12.0169
28608,15.0084
28609,1.00843
28610,5.00843
28611,5.01687
28612,1.0253
28613,8.00843
28614,7.01687
28615,3.00843
28616,3.01687
28617,10.0084
28618,1.01686
28619,1.0253
28620,19.0084
28621,9.01686
28622,8.00843
28623,8.01686
28624,3.0253
28625,13.0084
28626,10.0169
28627,7.0253
28628,16.0084
28629,14.0084
28630,12.0169
28631,12.0253
28632,5.03373
28633,3.04216
28634,17.0084
28635,10.0169
28636,10.0084
28637,10.0169
28638,1.0253
28639,14.0084
28640,3.01687
28641,17.0084
28642,12.0169
28643,10.0253
28644,8.03373
28645,3.04216
28646,13.0084
28647,12.0084
28648,7.01687
28649,1.00843
28650,1.01686
28651,8.00843
28652,8.01686
28653,1.0253
28654,1.03373
28655,8.00843
28656,18.0084
28657,2.00843
28658,16.0084
28659,12.0169
28660,6.00843
28661,5.00843
28662,11.0084
28663,7.01687
28664,18.0084
28665,20.0084
28666,10.0084
28667,10.0169
28668,14.0084
28669,1.01686
28670,13.0084
28671,2.01687
28672,17.0084
28673,3.01687
28674,20.0084
28675,2.01687
28676,10.0084
28677,3.01687
28678,7.00843
28679,3.01687
28680,2.00843
28681,8.00843
28682,6.01687
28683,5.0253
28684,5.03373
28685,1.04216
28686,12.0084
28687,10.0169
28688,4.0253
28689,12.0084
28690,5.01687
28691,3.0253
28692,8.00843
28693,7.01687
28694,14.0084
28695,8.01686
28696,8.0253
28697,14.0084
28698,14.0169
28699,12.0253
28700,8.03373
28701,1.04216
28702,16.0084
28703,15.0169
28704,13.0253
28705,10.0337
28706,10.0422
28707,16.0084
28708,14.0169
28709,11.0253
28710,10.0337
28711,7.04216
28712,8.00843
28713,7.01687
28714,7.0253
28715,10.0084
28716,8.01686
28717,8.0253
28718,8.03373
28719,12.0084
28720,9.01686
28721,10.0084
28722,3.01687
28723,14.0084
28724,8.01686
28725,17.0084
28726,12.0169
28727,18.0084
28728,3.00843
28729,18.0084
28730,7.01687
28731,8.00843
28732,7.01687
28733,7.0253
28734,1.03373
28735,15.0084
28736,12.0169
28737,8.0253
28738,8.03373
28739,18.0084
28740,16.0169
28741,8.00843
28742,8.01686
28743,14.0084
28744,8.01686
28745,1.0253
28746,10.0084
28747,10.0169
28748,5.00843
28749,5.01687
28750,5.00843
28751,1.01686
28752,18.0084
28753,1.00843
28754,3.00843
28755,20.0084
28756,11.0084
28757,13.0084
28758,10.0169
28759,7.00843
28760,3.01687
28761,5.00843
28762,5.01687
28763,13.0084
28764,8.00843
28765,13.0084
28766,8.00843
28767,16.0084
28768,12.0169
28769,1.0253
28770,1.03373
28771,3.00843
28772,3.00843
28773,7.00843
28774,5.01687
28775,6.00843
28776,18.0084
28777,8.01686
28778,8.0253
28779,8.03373
28780,1.04216
28781,18.0084
28782,10.0084
28783,10.0169
28784,7.0253
28785,20.0084
28786,5.01687
28787,13.0084
28788,14.0084
28789,14.0084
28790,8.00843
28791,8.01686
28792,1.00843
28793,5.00843
28794,14.0084
28795,1.00843
28796,16.0084
28797,16.0169
28798,13.0253
28799,7.03373
28800,17.0084
28801,5.01687
28802,1.0253
28803,1.03373
28804,5.00843
28805,7.00843
28806,1.01686
28807,8.00843
28808,8.01686
28809,6.0253
28810,5.03373
28811,5.04216
28812,3.05059
28813,8.00843
28814,5.01687
28815,3.0253
28816,12.0084
28817,8.01686
28818,7.0253
28819,8.00843
28820,10.0084
28821,1.01686
28822,13.0084
28823,10.0169
28824,18.0084
28825,14.0169
28826,13.0253
28827,12.0337
28828,1.00843
28829,14.0084
28830,7.01687
28831,18.0084
28832,20.0084
28833,12.0169
28834,12.0253
28835,19.0084
28836,19.0169
28837,16.0084
28838,12.0169
28839,12.0253
28840,1.03373
28841,19.0084
28842,12.0169
28843,20.0084
28844,1.01686
28845,5.00843
28846,5.01687
28847,5.00843
28848,5.01687
28849,8.00843
28850,5.00843
28851,5.01687
28852,10.0084
28853,12.0084
28854,1.00843
28855,8.00843
28856,5.01687
28857,13.0084
28858,8.01686
28859,3.0253
28860,3.03373
28861,3.04216
28862,8.00843
28863,6.01687
28864,6.0253
28865,1.03373
28866,8.00843
28867,8.01686
28868,6.0253
28869,11.0084
28870,9.01686
28871,8.0253
28872,8.03373
28873,10.0084
28874,10.0084
28875,8.01686
28876,18.0084
28877,16.0084
28878,16.0169
28879,8.0253
28880,8.00843
28881,8.01686
28882,12.0084
28883,9.00843
28884,1.01686
28885,1.0253
28886,15.0084
28887,5.01687
28888,14.0084
28889,16.0084
28890,7.01687
28891,3.0253
28892,1.03373
28893,18.0084
28894,18.0169
28895,14.0084
28896,6.01687
28897,7.00843
28898,1.00843
28899,1.01686
28900,10.0084
28901,7.01687
28902,2.00843
28903,12.0084
28904,5.01687
28905,6.00843
28906,16.0084
28907,12.0169
28908,10.0084
28909,8.01686
28910,10.0084
28911,13.0084
28912,14.0084
28913,14.0169
28914,5.0253
28915,18.0084
28916,12.0169
28917,12.0253
28918,3.03373
28919,8.00843
28920,5.01687
28921,17.0084
28922,9.01686
28923,5.0253
28924,7.00843
28925,1.00843
28926,13.0084
28927,13.0169
28928,9.0253
28929,1.00843
28930,1.01686
28931,18.0084
28932,3.01687
28933,3.0253
28934,4.00843
28935,5.00843
28936,9.00843
28937,8.01686
28938,8.00843
28939,14.0084
28940,14.0169
28941,7.0253
28942,5.03373
28943,10.0084
28944,8.01686
28945,8.0253
28946,8.00843
28947,8.00843
28948,8.01686
28949,9.00843
28950,12.0084
28951,1.01686
28952,15.0084
28953,3.00843
28954,3.00843
28955,1.01686
28956,1.0253
28957,8.00843
28958,1.01686
28959,20.0084
28960,7.01687
28961,10.0084
28962,10.0169
28963,12.0084
28964,12.0169
28965,13.0084
28966,12.0169
28967,8.0253
28968,5.03373
28969,12.0084
28970,8.01686
28971,5.00843
28972,3.01687
28973,3.0253
28974,3.03373
28975,8.00843
28976,5.01687
28977,1.0253
28978,18.0084
28979,6.01687
28980,8.00843
28981,18.0084
28982,8.01686
28983,8.00843
28984,1.01686
28985,13.0084
28986,1.01686
28987,1.0253
28988,10.0084
28989,13.0084
28990,10.0084
28991,16.0084
28992,12.0169
28993,1.00843
28994,1.00843
28995,1.00843
28996,14.0084
28997,8.01686
28998,2.00843
28999,10.0084
29000,9.01686
29001,3.0253
29002,8.00843
29003,14.0084
29004,8.01686
29005,14.0084
29006,9.00843
29007,5.01687
29008,1.0253
29009,14.0084
29010,1.01686
29011,15.0084
29012,13.0169
29013,12.0253
29014,17.0084
29015,16.0169
29016,16.0253
29017,14.0337
29018,8.00843
29019,8.00843
29020,6.01687
29021,5.0253
29022,7.00843
29023,18.0084
29024,10.0169
29025,10.0253
29026,10.0337
29027,14.0084
29028,7.00843
29029,14.0084
29030,1.01686
29031,3.00843
29032,1.01686
29033,3.00843
29034,18.0084
29035,18.0169
29036,16.0253
29037,18.0084
29038,7.00843
29039,3.01687
29040,10.0084
29041,5.01687
29042,5.0253
29043,5.03373
29044,10.0084
29045,8.01686
29046,8.0253
29047,10.0084
29048,1.01686
29049,5.00843
29050,13.0084
29051,10.0169
29052,5.0253
29053,14.0084
29054,9.01686
29055,3.0253
29056,5.00843
29057,7.00843
29058,18.0084
29059,8.01686
29060,12.0084
29061,10.0084
29062,1.01686
29063,15.0084
29064,2.01687
29065,10.0084
29066,5.00843
29067,14.0084
29068,6.00843
29069,1.00843
29070,10.0084
29071,10.0169
29072,1.0253
29073,1.00843
29074,20.0084
29075,12.0169
29076,8.00843
29077,3.00843
29078,10.0084
29079,1.00843
29080,1.01686
29081,12.0084
29082,8.01686
29083,2.0253
29084,12.0084
29085,7.01687
29086,7.0253
29087,3.03373
29088,3.04216
29089,10.0084
29090,6.01687
29091,9.00843
29092,12.0084
29093,13.0084
29094,7.01687
29095,14.0084
29096,14.0169
29097,12.0253
29098,3.03373
29099,1.00843
29100,13.0084
29101,1.01686
29102,13.0084
29103,12.0084
29104,3.01687
29105,6.00843
29106,5.01687
29107,5.0253
29108,5.03373
29109,12.0084
29110,8.01686
29111,12.0084
29112,5.00843
29113,10.0084
29114,6.01687
29115,1.0253
29116,1.03373
29117,12.0084
29118,12.0169
29119,3.00843
29120,13.0084
29121,6.01687
29122,17.0084
29123,8.00843
29124,8.01686
29125,12.0084
29126,10.0084
29127,2.01687
29128,7.00843
29129,7.01687
29130,9.00843
29131,5.01687
29132,14.0084
29133,8.01686
29134,4.0253
29135,7.00843
29136,12.0084
29137,5.00843
29138,1.00843
29139,12.0084
29140,10.0169
29141,8.0253
29142,6.00843
29143,19.0084
29144,7.00843
29145,1.00843
29146,1.01686
29147,1.0253
29148,13.0084
29149,5.01687
29150,10.0084
29151,10.0169
29152,3.0253
29153,3.03373
29154,20.0084
29155,5.00843
29156,5.01687
29157,5.0253
29158,5.03373
29159,1.04216
29160,6.00843
29161,3.01687
29162,18.0084
29163,7.01687
29164,8.00843
29165,5.01687
29166,5.0253
29167,1.00843
29168,10.0084
29169,7.01687
29170,1.0253
29171,11.0084
29172,11.0169
29173,8.0253
29174,8.03373
29175,1.04216
29176,12.0084
29177,12.0169
29178,13.0084
29179,3.01687
29180,12.0084
29181,1.01686
29182,16.0084
29183,13.0169
29184,12.0253
29185,10.0337
29186,7.04216
29187,3.00843
29188,3.01687
29189,18.0084
29190,10.0169
29191,5.0253
29192,5.03373
29193,1.00843
29194,18.0084
29195,19.0084
29196,12.0169
29197,16.0084
29198,8.01686
29199,8.0253
29200,7.03373
29201,3.04216
29202,10.0084
29203,8.01686
29204,8.0253
29205,16.0084
29206,12.0169
29207,12.0253
29208,11.0337
29209,5.04216
29210,10.0084
29211,16.0084
29212,8.01686
29213,2.0253
29214,9.00843
29215,3.01687
29216,3.0253
29217,8.00843
29218,5.01687
29219,2.0253
29220,20.0084
29221,10.0169
29222,18.0084
29223,17.0169
29224,14.0253
29225,7.03373
29226,7.04216
29227,12.0084
29228,1.01686
29229,1.0253
29230,8.00843
29231,1.01686
29232,17.0084
29233,3.01687
29234,18.0084
29235,12.0084
29236,12.0169
29237,5.0253
29238,13.0084
29239,7.00843
29240,7.01687
29241,18.0084
29242,14.0169
29243,12.0253
29244,2.00843
29245,16.0084
29246,5.01687
29247,5.0253
29248,11.0084
29249,16.0084
29250,10.0169
29251,8.00843
29252,8.01686
29253,20.0084
29254,8.01686
29255,19.0084
29256,10.0169
29257,16.0084
29258,10.0169
29259,10.0253
29260,10.0337
29261,7.04216
29262,18.0084
29263,12.0169
29264,1.00843
29265,14.0084
29266,14.0169
29267,7.00843
29268,3.01687
29269,15.0084
29270,12.0169
29271,7.0253
29272,17.0084
29273,1.01686
29274,20.0084
29275,10.0169
29276,1.0253
29277,8.00843
29278,12.0084
29279,1.01686
29280,7.00843
29281,3.01687
29282,13.0084
29283,8.01686
29284,8.00843
29285,12.0084
29286,3.01687
29287,1.0253
29288,1.03373
29289,16.0084
29290,16.0169
29291,14.0084
29292,3.01687
29293,11.0084
29294,3.01687
29295,3.0253
29296,3.03373
29297,12.0084
29298,1.01686
29299,10.0084
29300,3.01687
29301,1.0253
29302,1.03373
29303,12.0084
29304,7.01687
29305,5.0253
29306,10.0084
29307,6.00843
29308,5.01687
29309,13.0084
29310,12.0169
29311,10.0253
29312,3.03373
29313,1.04216
29314,1.05059
29315,2.00843
29316,20.0084
29317,14.0169
29318,12.0253
29319,1.03373
29320,14.0084
29321,10.0084
29322,10.0169
29323,10.0253
29324,9.03373
29325,14.0084
29326,10.0169
29327,10.0253
29328,8.03373
29329,8.04216
29330,8.05059
29331,1.00843
29332,17.0084
29333,12.0169
29334,8.0253
29335,8.03373
29336,6.04216
29337,14.0084
29338,7.01687
29339,3.0253
29340,12.0084
29341,8.01686
29342,8.0253
29343,16.0084
29344,13.0169
29345,5.0253
29346,17.0084
29347,10.0169
29348,5.00843
29349,17.0084
29350,1.01686
29351,1.00843
29352,18.0084
29353,5.00843
29354,5.01687
29355,18.0084
29356,3.00843
29357,18.0084
29358,18.0169
29359,1.00843
29360,10.0084
29361,8.00843
29362,2.00843
29363,1.01686
29364,16.0084
29365,14.0169
29366,6.0253
29367,1.03373
29368,10.0084
29369,13.0084
29370,5.01687
29371,3.00843
29372,15.0084
29373,4.00843
29374,10.0084
29375,5.01687
29376,1.0253
29377,14.0084
29378,1.01686
29379,10.0084
29380,14.0084
29381,10.0169
29382,8.0253
29383,5.03373
29384,5.00843
29385,14.0084
29386,10.0169
29387,18.0084
29388,5.01687
29389,1.0253
29390,5.00843
29391,1.00843
29392,13.0084
29393,15.0084
29394,14.0169
29395,12.0253
29396,12.0337
29397,3.04216
29398,3.05059
29399,10.0084
29400,5.01687
29401,13.0084
29402,7.01687
29403,5.0253
29404,7.00843
29405,7.01687
29406,3.0253
29407,8.00843
29408,12.0084
29409,18.0084
29410,7.00843
29411,7.01687
29412,15.0084
29413,12.0169
29414,10.0253
29415,8.03373
29416,5.04216
29417,1.05059
29418,5.00843
29419,3.01687
29420,8.00843
29421,5.01687
29422,14.0084
29423,7.01687
29424,6.00843
29425,14.0084
29426,10.0169
29427,10.0253
29428,8.03373
29429,3.00843
29430,3.01687
29431,1.0253
29432,1.03373
29433,12.0084
29434,5.00843
29435,5.01687
29436,12.0084
29437,5.00843
29438,15.0084
29439,8.01686
29440,16.0084
29441,18.0084
29442,16.0169
29443,10.0084
29444,8.01686
29445,17.0084
29446,13.0169
29447,12.0253
29448,12.0337
29449,3.00843
29450,1.01686
29451,14.0084
29452,8.00843
29453,1.01686
29454,17.0084
29455,7.00843
29456,7.01687
29457,3.0253
29458,14.0084
29459,18.0084
29460,13.0169
29461,12.0253
29462,10.0337
29463,1.04216
29464,1.05059
29465,14.0084
29466,8.01686
29467,5.0253
29468,12.0084
29469,16.0084
29470,10.0169
29471,5.0253
29472,3.03373
29473,10.0084
29474,7.00843
29475,5.01687
29476,5.0253
29477,5.03373
29478,5.04216
29479,13.0084
29480,8.01686
29481,8.0253
29482,4.03373
29483,7.00843
29484,5.01687
29485,15.0084
29486,8.01686
29487,1.0253
29488,5.00843
29489,6.00843
29490,6.01687
29491,9.00843
29492,8.00843
29493,16.0084
29494,13.0169
29495,3.0253
29496,7.00843
29497,1.01686
29498,6.00843
29499,12.0084
29500,5.00843
29501,3.01687
29502,1.0253
29503,11.0084
29504,3.01687
29505,15.0084
29506,9.01686
29507,16.0084
29508,10.0169
29509,8.00843
29510,7.01687
29511,18.0084
29512,16.0169
29513,18.0084
29514,5.00843
29515,5.01687
29516,5.0253
29517,5.03373
29518,3.04216
29519,20.0084
29520,14.0169
29521,12.0253
29522,8.03373
29523,3.00843
29524,14.0084
29525,8.01686
29526,5.0253
29527,13.0084
29528,10.0169
29529,10.0084
29530,12.0084
29531,18.0084
29532,18.0169
29533,14.0084
29534,8.01686
29535,1.00843
29536,10.0084
29537,3.01687
29538,3.0253
29539,18.0084
29540,5.01687
29541,3.0253
29542,5.00843
29543,18.0084
29544,7.01687
29545,15.0084
29546,1.01686
29547,8.00843
29548,8.00843
29549,5.01687
29550,10.0084
29551,5.01687
29552,12.0084
29553,8.01686
29554,6.0253
29555,5.03373
29556,7.00843
29557,18.0084
29558,15.0169
29559,13.0084
29560,7.01687
29561,10.0084
29562,1.00843
29563,5.00843
29564,2.01687
29565,13.0084
29566,12.0169
29567,3.0253
29568,19.0084
29569,18.0169
29570,5.0253
29571,1.03373
29572,7.00843
29573,1.01686
29574,1.0253
29575,17.0084
29576,20.0084
29577,17.0169
29578,1.0253
29579,12.0084
29580,10.0169
29581,9.0253
29582,7.03373
29583,13.0084
29584,13.0084
29585,10.0169
29586,5.0253
29587,1.03373
29588,1.00843
29589,1.01686
29590,1.0253
29591,14.0084
29592,5.01687
29593,1.00843
29594,5.00843
29595,10.0084
29596,8.01686
29597,10.0084
29598,12.0084
29599,10.0169
29600,8.0253
29601,8.00843
29602,8.01686
29603,3.0253
29604,15.0084
29605,8.01686
29606,1.0253
29607,16.0084
29608,12.0084
29609,7.01687
29610,2.0253
29611,8.00843
29612,8.01686
29613,10.0084
29614,7.01687
29615,16.0084
29616,13.0169
29617,12.0253
29618,3.03373
29619,9.00843
29620,18.0084
29621,14.0169
29622,12.0253
29623,10.0084
29624,11.0084
29625,3.00843
29626,11.0084
29627,6.01687
29628,16.0084
29629,16.0169
29630,18.0084
29631,12.0084
29632,9.01686
29633,2.00843
29634,8.00843
29635,8.01686
29636,16.0084
29637,10.0169
29638,18.0084
29639,7.00843
29640,5.01687
29641,7.00843
29642,1.01686
29643,1.0253
29644,1.00843
29645,7.00843
29646,6.01687
29647,3.0253
29648,1.00843
29649,5.00843
29650,9.00843
29651,3.01687
29652,7.00843
29653,18.0084
29654,12.0169
29655,12.0084
29656,10.0169
29657,10.0084
29658,8.01686
29659,7.0253
29660,2.03373
29661,12.0084
29662,12.0169
29663,12.0253
29664,8.03373
29665,6.04216
29666,18.0084
29667,18.0169
29668,12.0253
29669,8.00843
29670,20.0084
29671,16.0169
29672,9.0253
29673,8.00843
29674,8.01686
29675,7.0253
29676,7.03373
29677,2.04216
29678,12.0084
29679,12.0169
29680,12.0253
29681,9.03373
29682,7.04216
29683,1.00843
29684,14.0084
29685,15.0084
29686,10.0169
29687,12.0084
29688,7.01687
29689,2.0253
29690,5.00843
29691,2.00843
29692,14.0084
29693,7.01687
29694,5.0253
29695,12.0084
29696,6.00843
29697,4.01687
29698,1.0253
29699,18.0084
29700,20.0084
29701,9.01686
29702,8.00843
29703,5.00843
29704,6.00843
29705,1.01686
29706,1.00843
29707,8.00843
29708,13.0084
29709,10.0084
29710,16.0084
29711,18.0084
29712,12.0169
29713,8.0253
29714,10.0084
29715,16.0084
29716,8.01686
29717,5.0253
29718,5.03373
29719,5.04216
29720,1.05059
29721,7.00843
29722,10.0084
29723,10.0084
29724,10.0169
29725,7.00843
29726,7.01687
29727,5.0253
29728,13.0084
29729,5.01687
29730,7.00843
29731,8.00843
29732,7.01687
29733,6.0253
29734,5.03373
29735,16.0084
29736,7.00843
29737,18.0084
29738,18.0084
29739,12.0169
29740,10.0084
29741,1.01686
29742,8.00843
29743,1.00843
29744,16.0084
29745,14.0169
29746,14.0084
29747,5.01687
29748,1.0253
29749,1.00843
29750,10.0084
29751,5.01687
29752,8.00843
29753,3.01687
29754,7.00843
29755,10.0084
29756,5.01687
29757,1.0253
29758,8.00843
29759,8.00843
29760,13.0084
29761,8.01686
29762,8.0253
29763,8.03373
29764,10.0084
29765,1.00843
29766,3.00843
29767,1.01686
29768,1.0253
29769,2.00843
29770,2.01687
29771,15.0084
29772,1.01686
29773,1.0253
29774,14.0084
29775,6.01687
29776,4.0253
29777,8.00843
29778,7.01687
29779,16.0084
29780,6.01687
29781,19.0084
29782,8.01686
29783,7.0253
29784,20.0084
29785,10.0169
29786,10.0253
29787,8.03373
29788,1.04216
29789,1.00843
29790,8.00843
29791,3.00843
29792,10.0084
29793,1.01686
29794,8.00843
29795,12.0084
29796,3.01687
29797,12.0084
29798,1.01686
29799,5.00843
29800,5.01687
29801,3.0253
29802,12.0084
29803,4.01687
29804,6.00843
29805,6.00843
29806,5.01687
29807,13.0084
29808,8.01686
29809,14.0084
29810,10.0084
29811,14.0084
29812,7.01687
29813,14.0084
29814,15.0084
29815,7.01687
29816,1.0253
29817,1.03373
29818,14.0084
29819,4.01687
29820,5.00843
29821,3.01687
29822,16.0084
29823,10.0169
29824,5.00843
29825,8.00843
29826,6.01687
29827,7.00843
29828,12.0084
29829,10.0169
29830,10.0084
29831,14.0084
29832,16.0084
29833,12.0169
29834,13.0084
29835,16.0084
29836,16.0169
29837,1.0253
29838,19.0084
29839,1.01686
29840,5.00843
29841,10.0084
29842,9.00843
29843,16.0084
29844,13.0169
29845,8.00843
29846,1.00843
29847,10.0084
29848,3.01687
29849,11.0084
29850,1.00843
29851,16.0084
29852,16.0169
29853,8.0253
29854,8.03373
29855,17.0084
29856,14.0169
29857,7.0253
29858,12.0084
29859,10.0084
29860,10.0169
29861,16.0084
29862,15.0169
29863,10.0253
29864,13.0084
29865,3.00843
29866,1.00843
29867,3.00843
29868,9.00843
29869,18.0084
29870,1.01686
29871,1.0253
29872,8.00843
29873,1.01686
29874,9.00843
29875,17.0084
29876,10.0169
29877,5.00843
29878,12.0084
29879,1.01686
29880,16.0084
29881,13.0169
29882,10.0253
29883,7.03373
29884,7.04216
29885,4.05059
29886,7.00843
29887,1.00843
29888,16.0084
29889,10.0169
29890,4.0253
29891,7.00843
29892,5.01687
29893,5.0253
29894,3.03373
29895,1.04216
29896,18.0084
29897,1.01686
29898,8.00843
29899,16.0084
29900,10.0084
29901,2.00843
29902,12.0084
29903,3.01687
29904,12.0084
29905,3.01687
29906,3.0253
29907,8.00843
29908,5.01687
29909,5.0253
29910,1.03373
29911,1.04216
29912,20.0084
29913,9.01686
29914,6.00843
29915,5.01687
29916,14.0084
29917,3.01687
29918,5.00843
29919,18.0084
29920,10.0169
29921,12.0084
29922,10.0169
29923,10.0253
29924,1.03373
29925,1.04216
29926,8.00843
29927,11.0084
29928,14.0084
29929,12.0169
29930,6.00843
29931,14.0084
29932,1.01686
29933,16.0084
29934,14.0084
29935,3.01687
29936,12.0084
29937,3.01687
29938,1.00843
29939,12.0084
29940,6.01687
29941,5.00843
29942,5.01687
29943,14.0084
29944,6.01687
29945,5.0253
29946,3.03373
29947,3.04216
29948,5.00843
29949,16.0084
29950,14.0169
29951,5.0253
29952,14.0084
29953,13.0169
29954,10.0084
29955,10.0169
29956,10.0084
29957,5.01687
29958,2.0253
29959,18.0084
29960,7.01687
29961,7.0253
29962,12.0084
29963,10.0169
29964,3.00843
29965,6.00843
29966,2.00843
29967,7.00843
29968,12.0084
29969,5.01687
29970,10.0084
29971,12.0084
29972,9.01686
29973,1.0253
29974,5.00843
29975,10.0084
29976,8.00843
29977,8.00843
29978,16.0084
29979,10.0169
29980,10.0253
29981,12.0084
29982,12.0084
29983,5.00843
29984,6.00843
29985,5.01687
29986,13.0084
29987,8.01686
29988,18.0084
29989,16.0169
29990,3.0253
29991,5.00843
29992,17.0084
29993,13.0084
29994,7.01687
29995,3.0253
29996,8.00843
29997,5.01687
29998,4.0253
29999,7.00843
30000,7.01687
30001,16.0084
30002,2.01687
30003,16.0084
30004,7.01687
30005,3.0253
30006,18.0084
30007,7.01687
30008,5.0253
30009,12.0084
30010,8.01686
30011,1.0253
30012,7.00843
30013,12.0084
30014,10.0169
30015,18.0084
30016,8.00843
30017,8.01686
30018,3.0253
30019,10.0084
30020,8.01686
30021,7.0253
30022,1.03373
30023,10.0084
30024,3.00843
30025,9.00843
30026,13.0084
30027,5.01687
30028,1.00843
30029,1.01686
30030,2.00843
30031,17.0084
30032,16.0169
30033,11.0253
30034,3.03373
30035,8.00843
30036,1.01686
30037,12.0084
30038,1.01686
30039,3.00843
30040,4.00843
30041,8.00843
30042,3.01687
30043,1.00843
30044,12.0084
30045,13.0084
30046,12.0169
30047,10.0253
30048,6.00843
30049,12.0084
30050,6.01687
30051,16.0084
30052,16.0169
30053,8.00843
30054,6.01687
30055,10.0084
30056,3.01687
30057,10.0084
30058,12.0084
30059,2.01687
30060,18.0084
30061,3.01687
30062,20.0084
30063,12.0169
30064,1.0253
30065,15.0084
30066,4.01687
30067,16.0084
30068,7.00843
30069,6.01687
30070,1.0253
30071,7.00843
30072,10.0084
30073,10.0169
30074,8.0253
30075,12.0084
30076,8.01686
30077,6.0253
30078,1.03373
30079,12.0084
30080,12.0169
30081,12.0253
30082,7.03373
30083,14.0084
30084,14.0169
30085,14.0253
30086,12.0084
30087,10.0084
30088,10.0169
30089,2.0253
30090,14.0084
30091,8.00843
30092,15.0084
30093,7.01687
30094,1.0253
30095,3.00843
30096,2.01687
30097,2.0253
30098,13.0084
30099,8.01686
30100,3.0253
30101,1.03373
30102,8.00843
30103,10.0084
30104,5.01687
30105,5.0253
30106,2.03373
30107,14.0084
30108,1.01686
30109,7.00843
30110,7.01687
30111,16.0084
30112,16.0169
30113,16.0253
30114,3.03373
30115,9.00843
30116,15.0084
30117,18.0084
30118,10.0169
30119,8.0253
30120,5.03373
30121,1.04216
30122,10.0084
30123,14.0084
30124,9.01686
30125,8.0253
30126,10.0084
30127,8.01686
30128,5.0253
30129,16.0084
30130,13.0084
30131,8.00843
30132,16.0084
30133,1.01686
30134,7.00843
30135,7.01687
30136,18.0084
30137,3.01687
30138,18.0084
30139,10.0169
30140,8.0253
30141,7.03373
30142,5.04216
30143,3.05059
30144,3.05903
30145,6.00843
30146,6.01687
30147,5.00843
30148,18.0084
30149,8.01686
30150,8.0253
30151,8.03373
30152,5.04216
30153,17.0084
30154,10.0169
30155,14.0084
30156,14.0169
30157,8.0253
30158,1.03373
30159,15.0084
30160,8.00843
30161,8.01686
30162,2.0253
30163,1.03373
30164,1.04216
30165,3.00843
30166,1.01686
30167,3.00843
30168,1.01686
30169,5.00843
30170,5.01687
30171,5.0253
30172,4.03373
30173,7.00843
30174,5.01687
30175,8.00843
30176,6.01687
30177,8.00843
30178,5.01687
30179,1.0253
30180,7.00843
30181,10.0084
30182,10.0169
30183,7.0253
30184,3.03373
30185,10.0084
30186,8.01686
30187,10.0084
30188,10.0169
30189,5.0253
30190,12.0084
30191,8.00843
30192,8.01686
30193,16.0084
30194,16.0084
30195,12.0084
30196,8.01686
30197,20.0084
30198,10.0084
30199,5.01687
30200,1.0253
30201,1.03373
30202,19.0084
30203,18.0084
30204,3.01687
30205,19.0084
30206,19.0169
30207,13.0253
30208,20.0084
30209,12.0084
30210,5.01687
30211,15.0084
30212,1.00843
30213,1.01686
30214,1.0253
30215,1.03373
30216,1.04216
30217,1.05059
30218,6.00843
30219,2.01687
30220,19.0084
30221,10.0169
30222,9.00843
30223,3.01687
30224,16.0084
30225,5.01687
30226,5.0253
30227,5.03373
30228,14.0084
30229,12.0169
30230,18.0084
30231,7.01687
30232,8.00843
30233,1.01686
30234,20.0084
30235,18.0169
30236,12.0253
30237,12.0084
30238,10.0169
30239,8.00843
30240,12.0084
30241,12.0169
30242,10.0084
30243,12.0084
30244,5.01687
30245,5.0253
30246,16.0084
30247,1.01686
30248,10.0084
30249,18.0084
30250,8.00843
30251,12.0084
30252,8.01686
30253,18.0084
30254,14.0084
30255,10.0084
30256,8.00843
30257,8.01686
30258,1.0253
30259,10.0084
30260,3.01687
30261,3.00843
30262,3.00843
30263,1.00843
30264,14.0084
30265,8.01686
30266,8.0253
30267,7.03373
30268,13.0084
30269,7.01687
30270,10.0084
30271,3.01687
30272,1.0253
30273,1.03373
30274,12.0084
30275,12.0169
30276,17.0084
30277,12.0169
30278,8.0253
30279,9.00843
30280,7.01687
30281,15.0084
30282,18.0084
30283,1.00843
30284,14.0084
30285,8.00843
30286,5.01687
30287,13.0084
30288,8.01686
30289,8.0253
30290,15.0084
30291,10.0169
30292,3.0253
30293,3.03373
30294,16.0084
30295,3.01687
30296,15.0084
30297,1.01686
30298,14.0084
30299,7.01687
30300,10.0084
30301,14.0084
30302,10.0169
30303,10.0084
30304,16.0084
30305,15.0084
30306,7.01687
30307,9.00843
30308,8.01686
30309,7.0253
30310,5.03373
30311,5.04216
30312,1.05059
30313,7.00843
30314,1.01686
30315,1.0253
30316,10.0084
30317,12.0084
30318,9.01686
30319,18.0084
30320,13.0169
30321,12.0253
30322,5.03373
30323,15.0084
30324,6.01687
30325,8.00843
30326,8.01686
30327,8.00843
30328,8.01686
30329,18.0084
30330,1.01686
30331,18.0084
30332,3.01687
30333,13.0084
30334,7.00843
30335,8.00843
30336,16.0084
30337,16.0169
30338,8.0253
30339,15.0084
30340,10.0084
30341,7.00843
30342,7.01687
30343,12.0084
30344,6.01687
30345,19.0084
30346,7.01687
30347,3.0253
30348,17.0084
30349,14.0169
30350,10.0253
30351,19.0084
30352,13.0169
30353,5.0253
30354,3.03373
30355,19.0084
30356,12.0169
30357,10.0253
30358,8.03373
30359,15.0084
30360,8.01686
30361,16.0084
30362,16.0169
30363,9.0253
30364,10.0084
30365,1.01686
30366,1.0253
30367,1.03373
30368,16.0084
30369,5.01687
30370,5.0253
30371,14.0084
30372,14.0084
30373,7.01687
30374,5.0253
30375,10.0084
30376,1.01686
30377,10.0084
30378,7.01687
30379,7.0253
30380,14.0084
30381,11.0169
30382,1.00843
30383,14.0084
30384,13.0169
30385,12.0253
30386,2.03373
30387,5.00843
30388,1.01686
30389,12.0084
30390,12.0169
30391,1.0253
30392,14.0084
30393,15.0084
30394,5.00843
30395,8.00843
30396,7.01687
30397,5.0253
30398,8.00843
30399,8.01686
30400,14.0084
30401,8.01686
30402,1.0253
30403,15.0084
30404,1.00843
30405,14.0084
30406,7.01687
30407,1.0253
30408,1.03373
30409,8.00843
30410,8.01686
30411,10.0084
30412,8.00843
30413,7.01687
30414,14.0084
30415,6.00843
30416,6.01687
30417,16.0084
30418,14.0169
30419,13.0253
30420,7.03373
30421,8.00843
30422,8.01686
30423,10.0084
30424,19.0084
30425,10.0169
30426,17.0084
30427,7.01687
30428,5.0253
30429,18.0084
30430,10.0169
30431,16.0084
30432,5.00843
30433,5.00843
30434,3.01687
30435,3.0253
30436,10.0084
30437,10.0169
30438,20.0084
30439,6.01687
30440,1.0253
30441,9.00843
30442,12.0084
30443,3.01687
30444,3.0253
30445,3.03373
30446,4.00843
30447,5.00843
30448,5.01687
30449,16.0084
30450,1.00843
30451,15.0084
30452,15.0084
30453,8.01686
30454,8.0253
30455,8.03373
30456,5.04216
30457,5.05059
30458,3.00843
30459,12.0084
30460,5.01687
30461,6.00843
30462,1.01686
30463,8.00843
30464,5.01687
30465,14.0084
30466,14.0169
30467,14.0253
30468,10.0337
30469,18.0084
30470,12.0169
30471,16.0084
30472,10.0169
30473,10.0253
30474,7.03373
30475,5.04216
30476,14.0084
30477,8.01686
30478,3.0253
30479,1.03373
30480,9.00843
30481,7.01687
30482,10.0084
30483,5.01687
30484,12.0084
30485,12.0169
30486,7.0253
30487,3.03373
30488,19.0084
30489,19.0169
30490,13.0253
30491,12.0337
30492,7.04216
30493,5.05059
30494,10.0084
30495,16.0084
30496,10.0169
30497,7.0253
30498,12.0084
30499,10.0169
30500,13.0084
30501,10.0169
30502,18.0084
30503,1.01686
30504,3.00843
30505,15.0084
30506,10.0169
30507,10.0084
30508,13.0084
30509,8.01686
30510,13.0084
30511,10.0084
30512,14.0084
30513,14.0169
30514,12.0253
30515,14.0084
30516,17.0084
30517,9.00843
30518,3.01687
30519,18.0084
30520,8.01686
30521,3.0253
30522,13.0084
30523,13.0169
30524,8.0253
30525,7.03373
30526,10.0084
30527,3.01687
30528,16.0084
30529,10.0084
30530,10.0169
30531,12.0084
30532,8.01686
30533,16.0084
30534,13.0169
30535,8.0253
30536,14.0084
30537,16.0084
30538,1.01686
30539,1.00843
30540,18.0084
30541,17.0084
30542,16.0169
30543,8.0253
30544,5.00843
30545,5.01687
30546,5.0253
30547,8.00843
30548,7.01687
30549,8.00843
30550,3.01687
30551,10.0084
30552,8.01686
30553,8.0253
30554,10.0084
30555,8.01686
30556,14.0084
30557,12.0169
30558,8.0253
30559,20.0084
30560,15.0084
30561,15.0169
30562,13.0253
30563,6.03373
30564,1.04216
30565,16.0084
30566,18.0084
30567,14.0169
30568,1.0253
30569,5.00843
30570,14.0084
30571,14.0169
30572,1.00843
30573,8.00843
30574,1.01686
30575,1.0253
30576,16.0084
30577,2.00843
30578,1.01686
30579,1.0253
30580,2.00843
30581,2.01687
30582,10.0084
30583,18.0084
30584,5.01687
30585,5.0253
30586,6.00843
30587,7.00843
30588,6.01687
30589,17.0084
30590,14.0169
30591,8.0253
30592,8.03373
30593,8.04216
30594,7.05059
30595,1.05903
30596,1.06746
30597,8.00843
30598,11.0084
30599,10.0169
30600,7.0253
30601,10.0084
30602,5.00843
30603,14.0084
30604,12.0169
30605,14.0084
30606,14.0169
30607,14.0253
30608,13.0337
30609,10.0422
30610,8.05059
30611,1.05903
30612,15.0084
30613,8.01686
30614,8.0253
30615,16.0084
30616,16.0169
30617,10.0253
30618,1.00843
30619,1.01686
30620,5.00843
30621,1.01686
30622,16.0084
30623,12.0169
30624,12.0253
30625,5.00843
30626,4.00843
30627,1.00843
30628,10.0084
30629,10.0084
30630,8.01686
30631,8.0253
30632,3.03373
30633,1.00843
30634,13.0084
30635,8.00843
30636,7.01687
30637,3.0253
30638,12.0084
30639,8.01686
30640,13.0084
30641,16.0084
30642,12.0169
30643,19.0084
30644,15.0084
30645,1.00843
30646,10.0084
30647,3.01687
30648,4.00843
30649,5.00843
30650,7.00843
30651,3.01687
30652,6.00843
30653,12.0084
30654,12.0169
30655,8.0253
30656,1.03373
30657,14.0084
30658,12.0169
30659,13.0084
30660,10.0169
30661,5.00843
30662,15.0084
30663,6.01687
30664,3.00843
30665,2.01687
30666,1.0253
30667,17.0084
30668,5.01687
30669,3.0253
30670,18.0084
30671,12.0169
30672,3.0253
30673,1.03373
30674,1.04216
30675,5.00843
30676,12.0084
30677,12.0169
30678,7.0253
30679,13.0084
30680,5.01687
30681,14.0084
30682,14.0169
30683,8.0253
30684,15.0084
30685,15.0169
30686,12.0253
30687,12.0337
30688,12.0084
30689,17.0084
30690,1.01686
30691,8.00843
30692,8.01686
30693,14.0084
30694,10.0084
30695,2.01687
30696,5.00843
30697,17.0084
30698,14.0169
30699,7.0253
30700,5.03373
30701,1.04216
30702,8.00843
30703,10.0084
30704,7.00843
30705,5.01687
30706,1.0253
30707,1.00843
30708,18.0084
30709,12.0169
30710,9.0253
30711,8.03373
30712,1.04216
30713,3.00843
30714,3.01687
30715,1.0253
30716,14.0084
30717,9.01686
30718,7.0253
30719,3.03373
30720,1.04216
30721,1.05059
30722,15.0084
30723,12.0169
30724,1.0253
30725,5.00843
30726,12.0084
30727,5.01687
30728,3.00843
30729,8.00843
30730,1.01686
30731,5.00843
30732,5.01687
30733,5.0253
30734,10.0084
30735,7.01687
30736,7.00843
30737,7.01687
30738,7.0253
30739,13.0084
30740,10.0169
30741,1.0253
30742,1.00843
30743,20.0084
30744,8.01686
30745,5.0253
30746,5.03373
30747,13.0084
30748,7.00843
30749,5.01687
30750,1.0253
30751,1.03373
30752,1.04216
30753,13.0084
30754,9.00843
30755,16.0084
30756,13.0169
30757,10.0253
30758,8.03373
30759,8.04216
30760,8.05059
30761,15.0084
30762,6.01687
30763,6.0253
30764,5.03373
30765,5.04216
30766,5.05059
30767,12.0084
30768,10.0169
30769,7.0253
30770,3.03373
30771,12.0084
30772,12.0169
30773,12.0253
30774,7.03373
30775,5.04216
30776,16.0084
30777,8.01686
30778,8.0253
30779,7.00843
30780,14.0084
30781,10.0169
30782,10.0253
30783,10.0337
30784,11.0084
30785,12.0084
30786,12.0169
30787,5.0253
30788,1.00843
30789,4.00843
30790,17.0084
30791,17.0169
30792,18.0084
30793,8.01686
30794,12.0084
30795,12.0084
30796,10.0169
30797,14.0084
30798,14.0169
30799,5.0253
30800,1.03373
30801,7.00843
30802,3.00843
30803,13.0084
30804,1.01686
30805,18.0084
30806,14.0169
30807,3.00843
30808,10.0084
30809,3.00843
30810,1.01686
30811,1.0253
30812,14.0084
30813,15.0084
30814,8.01686
30815,8.0253
30816,1.03373
30817,10.0084
30818,3.01687
30819,14.0084
30820,1.01686
30821,12.0084
30822,9.00843
30823,8.01686
30824,3.0253
30825,12.0084
30826,8.00843
30827,5.01687
30828,16.0084
30829,14.0169
30830,12.0253
30831,1.03373
30832,10.0084
30833,8.01686
30834,7.0253
30835,7.03373
30836,7.04216
30837,16.0084
30838,8.01686
30839,3.0253
30840,12.0084
30841,1.01686
30842,1.0253
30843,13.0084
30844,5.01687
30845,19.0084
30846,10.0169
30847,5.0253
30848,1.03373
30849,3.00843
30850,8.00843
30851,8.00843
30852,6.01687
30853,5.0253
30854,3.03373
30855,13.0084
30856,9.01686
30857,1.0253
30858,8.00843
30859,8.01686
30860,8.0253
30861,7.03373
30862,12.0084
30863,8.01686
30864,8.0253
30865,7.03373
30866,14.0084
30867,10.0169
30868,10.0253
30869,3.03373
30870,15.0084
30871,12.0169
30872,14.0084
30873,17.0084
30874,17.0169
30875,1.00843
30876,16.0084
30877,8.00843
30878,3.00843
30879,12.0084
30880,8.01686
30881,16.0084
30882,2.01687
30883,14.0084
30884,1.01686
30885,16.0084
30886,9.01686
30887,3.00843
30888,18.0084
30889,5.01687
30890,5.00843
30891,5.00843
30892,4.01687
30893,8.00843
30894,8.01686
30895,3.0253
30896,1.03373
30897,8.00843
30898,1.00843
30899,18.0084
30900,11.0169
30901,9.0253
30902,7.03373
30903,5.04216
30904,1.05059
30905,14.0084
30906,2.01687
30907,1.0253
30908,3.00843
30909,13.0084
30910,2.01687
30911,5.00843
30912,8.00843
30913,5.01687
30914,8.00843
30915,1.01686
30916,10.0084
30917,9.01686
30918,7.0253
30919,17.0084
30920,12.0169
30921,10.0253
30922,6.03373
30923,14.0084
30924,10.0169
30925,16.0084
30926,12.0169
30927,7.00843
30928,1.01686
30929,13.0084
30930,8.01686
30931,1.00843
30932,11.0084
30933,7.01687
30934,18.0084
30935,12.0169
30936,9.0253
30937,3.03373
30938,1.04216
30939,13.0084
30940,6.01687
30941,2.0253
30942,5.00843
30943,3.01687
30944,15.0084
30945,14.0169
30946,14.0253
30947,14.0337
30948,12.0422
30949,8.05059
30950,1.05903
30951,1.06746
30952,13.0084
30953,5.00843
30954,3.01687
30955,3.0253
30956,6.00843
30957,4.01687
30958,5.00843
30959,5.01687
30960,1.00843
30961,12.0084
30962,5.01687
30963,17.0084
30964,13.0169
30965,1.0253
30966,5.00843
30967,20.0084
30968,13.0169
30969,5.0253
30970,12.0084
30971,3.01687
30972,10.0084
30973,14.0084
30974,9.01686
30975,18.0084
30976,16.0169
30977,16.0084
30978,9.01686
30979,16.0084
30980,10.0084
30981,11.0084
30982,17.0084
30983,10.0169
30984,5.0253
30985,3.03373
30986,8.00843
30987,5.01687
30988,1.0253
30989,1.03373
30990,7.00843
30991,10.0084
30992,3.01687
30993,3.0253
30994,1.00843
30995,1.00843
30996,6.00843
30997,3.01687
30998,1.0253
30999,14.0084
31000,10.0169
31001,2.0253
31002,7.00843
31003,3.01687
31004,3.0253
31005,1.03373
31006,12.0084
31007,8.01686
31008,8.0253
31009,10.0084
31010,8.01686
31011,8.0253
31012,1.03373
31013,5.00843
31014,16.0084
31015,14.0169
31016,8.0253
31017,10.0084
31018,9.01686
31019,8.0253
31020,3.03373
31021,8.00843
31022,10.0084
31023,14.0084
31024,12.0169
31025,10.0253
31026,20.0084
31027,13.0169
31028,18.0084
31029,8.01686
31030,18.0084
31031,14.0169
31032,8.0253
31033,19.0084
31034,12.0169
31035,5.0253
31036,15.0084
31037,18.0084
31038,15.0084
31039,14.0169
31040,10.0253
31041,1.03373
31042,17.0084
31043,12.0084
31044,10.0169
31045,5.00843
31046,18.0084
31047,12.0169
31048,16.0084
31049,3.00843
31050,12.0084
31051,5.00843
31052,8.00843
31053,7.01687
31054,3.0253
31055,1.00843
31056,1.00843
31057,10.0084
31058,13.0084
31059,5.01687
31060,12.0084
31061,7.01687
31062,10.0084
31063,9.01686
31064,10.0084
31065,5.01687
31066,5.0253
31067,5.03373
31068,5.00843
31069,12.0084
31070,1.00843
31071,12.0084
31072,18.0084
31073,16.0084
31074,1.01686
31075,7.00843
31076,1.01686
31077,13.0084
31078,10.0169
31079,3.00843
31080,3.01687
31081,8.00843
31082,14.0084
31083,8.01686
31084,7.0253
31085,5.03373
31086,5.04216
31087,7.00843
31088,14.0084
31089,12.0169
31090,9.0253
31091,9.03373
31092,10.0084
31093,4.01687
31094,1.00843
31095,12.0084
31096,3.01687
31097,14.0084
31098,13.0169
31099,8.0253
31100,18.0084
31101,5.01687
31102,19.0084
31103,18.0169
31104,5.00843
31105,18.0084
31106,8.01686
31107,8.00843
31108,5.01687
31109,10.0084
31110,8.01686
31111,8.0253
31112,5.03373
31113,2.04216
31114,2.05059
31115,15.0084
31116,7.01687
31117,3.0253
31118,1.03373
31119,14.0084
31120,5.01687
31121,13.0084
31122,8.01686
31123,3.0253
31124,20.0084
31125,14.0169
31126,10.0253
31127,8.00843
31128,3.00843
31129,5.00843
31130,7.00843
31131,3.01687
31132,7.00843
31133,10.0084
31134,5.01687
31135,12.0084
31136,1.01686
31137,16.0084
31138,9.01686
31139,20.0084
31140,9.01686
31141,8.00843
31142,3.01687
31143,9.00843
31144,10.0084
31145,5.01687
31146,1.0253
31147,13.0084
31148,10.0169
31149,8.0253
31150,8.03373
31151,3.04216
31152,1.05059
31153,1.05903
31154,14.0084
31155,1.00843
31156,16.0084
31157,7.00843
31158,17.0084
31159,6.01687
31160,2.0253
31161,16.0084
31162,14.0169
31163,7.0253
31164,10.0084
31165,6.01687
31166,7.00843
31167,8.00843
31168,1.01686
31169,18.0084
31170,18.0169
31171,9.0253
31172,8.03373
31173,8.04216
31174,1.05059
31175,1.05903
31176,5.00843
31177,7.00843
31178,7.01687
31179,17.0084
31180,8.01686
31181,8.0253
31182,8.03373
31183,2.04216
31184,1.00843
31185,3.00843
31186,8.00843
31187,8.01686
31188,1.0253
31189,11.0084
31190,14.0084
31191,8.01686
31192,3.0253
31193,10.0084
31194,13.0084
31195,1.01686
31196,1.00843
31197,10.0084
31198,10.0169
31199,16.0084
31200,13.0169
31201,5.0253
31202,16.0084
31203,14.0169
31204,9.0253
31205,7.00843
31206,1.01686
31207,1.0253
31208,17.0084
31209,15.0169
31210,12.0084
31211,3.01687
31212,3.0253
31213,2.03373
31214,1.04216
31215,10.0084
31216,9.01686
31217,3.00843
31218,16.0084
31219,16.0169
31220,17.0084
31221,15.0169
31222,1.0253
31223,14.0084
31224,10.0084
31225,8.01686
31226,12.0084
31227,5.01687
31228,5.0253
31229,10.0084
31230,3.01687
31231,3.0253
31232,5.00843
31233,3.00843
31234,3.01687
31235,3.00843
31236,15.0084
31237,11.0169
31238,8.0253
31239,10.0084
31240,1.01686
31241,7.00843
31242,5.01687
31243,19.0084
31244,12.0169
31245,3.0253
31246,14.0084
31247,14.0169
31248,12.0084
31249,6.01687
31250,14.0084
31251,9.01686
31252,3.0253
31253,16.0084
31254,8.01686
31255,5.0253
31256,5.03373
31257,1.04216
31258,20.0084
31259,8.01686
31260,5.0253
31261,5.03373
31262,1.04216
31263,16.0084
31264,12.0169
31265,10.0253
31266,7.03373
31267,10.0084
31268,8.01686
31269,8.00843
31270,8.01686
31271,1.0253
31272,12.0084
31273,3.01687
31274,16.0084
31275,12.0169
31276,7.0253
31277,5.03373
31278,8.00843
31279,1.01686
31280,1.0253
31281,13.0084
31282,12.0169
31283,10.0253
31284,10.0084
31285,8.01686
31286,8.0253
31287,20.0084
31288,15.0169
31289,12.0253
31290,10.0337
31291,7.04216
31292,17.0084
31293,16.0169
31294,13.0253
31295,12.0337
31296,1.04216
31297,1.00843
31298,1.00843
31299,20.0084
31300,8.01686
31301,12.0084
31302,3.01687
31303,14.0084
31304,12.0169
31305,3.0253
31306,5.00843
31307,1.01686
31308,18.0084
31309,1.01686
31310,2.00843
31311,3.00843
31312,3.00843
31313,1.01686
31314,5.00843
31315,5.01687
31316,3.0253
31317,13.0084
31318,10.0169
31319,1.00843
31320,10.0084
31321,2.01687
31322,1.00843
31323,12.0084
31324,10.0169
31325,19.0084
31326,15.0169
31327,5.0253
31328,16.0084
31329,7.01687
31330,7.00843
31331,15.0084
31332,1.01686
31333,5.00843
31334,8.00843
31335,6.01687
31336,8.00843
31337,6.01687
31338,12.0084
31339,12.0084
31340,20.0084
31341,13.0169
31342,14.0084
31343,14.0169
31344,12.0253
31345,12.0337
31346,3.04216
31347,8.00843
31348,7.01687
31349,5.0253
31350,16.0084
31351,9.01686
31352,6.0253
31353,7.00843
31354,11.0084
31355,8.01686
31356,12.0084
31357,1.01686
31358,13.0084
31359,14.0084
31360,5.01687
31361,1.0253
31362,16.0084
31363,19.0084
31364,12.0169
31365,5.0253
31366,4.03373
31367,1.04216
31368,14.0084
31369,10.0169
31370,8.0253
31371,6.03373
31372,18.0084
31373,12.0084
31374,12.0169
31375,12.0253
31376,8.03373
31377,7.04216
31378,5.05059
31379,4.05903
31380,20.0084
31381,17.0169
31382,16.0253
31383,15.0337
31384,18.0084
31385,10.0169
31386,8.0253
31387,1.00843
31388,12.0084
31389,1.01686
31390,1.0253
31391,13.0084
31392,14.0084
31393,10.0169
31394,3.0253
31395,14.0084
31396,13.0169
31397,10.0253
31398,5.03373
31399,5.04216
31400,1.05059
31401,14.0084
31402,6.01687
31403,5.0253
31404,2.03373
31405,15.0084
31406,13.0169
31407,16.0084
31408,8.01686
31409,8.0253
31410,19.0084
31411,18.0169
31412,16.0253
31413,15.0337
31414,5.04216
31415,5.05059
31416,5.05903
31417,1.06746
31418,18.0084
31419,6.01687
31420,12.0084
31421,11.0169
31422,7.0253
31423,5.03373
31424,5.04216
31425,12.0084
31426,14.0084
31427,14.0084
31428,7.01687
31429,7.0253
31430,8.00843
31431,5.01687
31432,5.0253
31433,13.0084
31434,17.0084
31435,7.01687
31436,8.00843
31437,1.01686
31438,1.0253
31439,1.03373
31440,7.00843
31441,5.01687
31442,3.0253
31443,1.03373
31444,20.0084
31445,7.01687
31446,18.0084
31447,14.0169
31448,14.0253
31449,12.0337
31450,9.04216
31451,5.05059
31452,1.05903
31453,1.00843
31454,20.0084
31455,16.0169
31456,16.0253
31457,16.0337
31458,1.04216
31459,1.05059
31460,17.0084
31461,12.0169
31462,8.00843
31463,8.01686
31464,1.0253
31465,8.00843
31466,6.01687
31467,2.0253
31468,10.0084
31469,14.0084
31470,13.0084
31471,14.0084
31472,12.0169
31473,8.0253
31474,6.03373
31475,1.04216
31476,20.0084
31477,14.0169
31478,12.0253
31479,8.03373
31480,10.0084
31481,1.01686
31482,14.0084
31483,10.0084
31484,18.0084
31485,14.0169
31486,13.0084
31487,14.0084
31488,3.01687
31489,12.0084
31490,5.01687
31491,12.0084
31492,7.01687
31493,6.0253
31494,14.0084
31495,7.01687
31496,7.0253
31497,7.03373
31498,8.00843
31499,8.01686
31500,13.0084
31501,10.0084
31502,10.0169
31503,5.00843
31504,16.0084
31505,5.01687
31506,16.0084
31507,7.01687
31508,5.0253
31509,18.0084
31510,12.0169
31511,8.0253
31512,12.0084
31513,1.01686
31514,14.0084
31515,12.0084
31516,8.01686
31517,7.0253
31518,5.00843
31519,7.00843
31520,7.00843
31521,15.0084
31522,5.01687
31523,3.0253
31524,5.00843
31525,14.0084
31526,19.0084
31527,1.00843
31528,3.00843
31529,1.01686
31530,5.00843
31531,5.00843
31532,2.01687
31533,3.00843
31534,18.0084
31535,6.00843
31536,5.01687
31537,10.0084
31538,6.01687
31539,2.0253
31540,1.03373
31541,2.00843
31542,1.01686
31543,6.00843
31544,3.01687
31545,1.0253
31546,1.03373
31547,14.0084
31548,7.01687
31549,7.0253
31550,1.03373
31551,8.00843
31552,8.00843
31553,3.01687
31554,10.0084
31555,7.01687
31556,8.00843
31557,15.0084
31558,13.0169
31559,5.0253
31560,1.03373
31561,1.04216
31562,13.0084
31563,8.01686
31564,14.0084
31565,3.01687
31566,12.0084
31567,14.0084
31568,6.00843
31569,6.01687
31570,12.0084
31571,8.00843
31572,6.01687
31573,16.0084
31574,10.0084
31575,7.01687
31576,6.0253
31577,8.00843
31578,1.01686
31579,12.0084
31580,6.00843
31581,16.0084
31582,12.0084
31583,18.0084
31584,13.0169
31585,3.00843
31586,12.0084
31587,10.0169
31588,12.0084
31589,12.0084
31590,10.0169
31591,5.00843
31592,5.01687
31593,5.0253
31594,15.0084
31595,12.0169
31596,10.0253
31597,3.00843
31598,13.0084
31599,7.01687
31600,3.0253
31601,5.00843
31602,7.00843
31603,5.01687
31604,16.0084
31605,10.0169
31606,7.0253
31607,6.03373
31608,1.04216
31609,7.00843
31610,7.01687
31611,1.0253
31612,14.0084
31613,14.0084
31614,12.0169
31615,8.0253
31616,11.0084
31617,9.01686
31618,8.0253
31619,12.0084
31620,4.01687
31621,1.00843
31622,16.0084
31623,12.0169
31624,5.0253
31625,6.00843
31626,3.01687
31627,3.0253
31628,18.0084
31629,8.00843
31630,8.01686
31631,5.0253
31632,12.0084
31633,8.01686
31634,8.0253
31635,5.03373
31636,8.00843
31637,13.0084
31638,1.01686
31639,1.0253
31640,1.03373
31641,1.04216
31642,1.05059
31643,10.0084
31644,5.01687
31645,1.0253
31646,15.0084
31647,16.0084
31648,1.01686
31649,15.0084
31650,8.00843
31651,8.01686
31652,8.0253
31653,10.0084
31654,7.01687
31655,12.0084
31656,1.01686
31657,5.00843
31658,8.00843
31659,13.0084
31660,11.0169
31661,16.0084
31662,10.0169
31663,10.0253
31664,1.00843
31665,18.0084
31666,1.01686
31667,1.0253
31668,17.0084
31669,15.0169
31670,18.0084
31671,12.0084
31672,1.00843
31673,1.01686
31674,1.0253
31675,2.00843
31676,3.00843
31677,12.0084
31678,12.0169
31679,8.0253
31680,5.03373
31681,5.00843
31682,13.0084
31683,2.01687
31684,7.00843
31685,12.0084
31686,8.01686
31687,10.0084
31688,18.0084
31689,10.0169
31690,10.0253
31691,10.0337
31692,7.04216
31693,5.05059
31694,12.0084
31695,12.0169
31696,8.0253
31697,15.0084
31698,4.01687
31699,3.0253
31700,9.00843
31701,9.01686
31702,5.0253
31703,3.03373
31704,9.00843
31705,8.01686
31706,5.0253
31707,17.0084
31708,9.01686
31709,9.0253
31710,8.03373
31711,8.04216
31712,7.05059
31713,18.0084
31714,8.01686
31715,3.0253
31716,10.0084
31717,8.01686
31718,8.0253
31719,1.03373
31720,12.0084
31721,12.0169
31722,5.0253
31723,5.03373
31724,16.0084
31725,10.0169
31726,10.0253
31727,18.0084
31728,7.01687
31729,1.0253
31730,1.00843
31731,1.00843
31732,14.0084
31733,14.0169
31734,10.0253
31735,7.03373
31736,16.0084
31737,15.0169
31738,12.0253
31739,1.03373
31740,19.0084
31741,18.0169
31742,6.0253
31743,5.03373
31744,1.04216
31745,14.0084
31746,13.0169
31747,7.00843
31748,10.0084
31749,7.00843
31750,8.00843
31751,1.01686
31752,1.0253
31753,12.0084
31754,10.0169
31755,9.0253
31756,5.03373
31757,10.0084
31758,6.01687
31759,6.0253
31760,1.03373
31761,1.04216
31762,12.0084
31763,7.01687
31764,18.0084
31765,12.0169
31766,8.0253
31767,8.03373
31768,5.04216
31769,5.05059
31770,17.0084
31771,10.0169
31772,10.0084
31773,8.01686
31774,3.0253
31775,9.00843
31776,16.0084
31777,14.0169
31778,12.0253
31779,12.0337
31780,7.04216
31781,1.05059
31782,16.0084
31783,12.0169
31784,3.0253
31785,3.03373
31786,2.04216
31787,20.0084
31788,6.01687
31789,18.0084
31790,17.0084
31791,15.0169
31792,15.0253
31793,1.03373
31794,15.0084
31795,3.01687
31796,3.0253
31797,14.0084
31798,3.01687
31799,18.0084
31800,8.01686
31801,5.0253
31802,17.0084
31803,5.01687
31804,2.0253
31805,2.03373
31806,1.04216
31807,1.05059
31808,20.0084
31809,17.0169
31810,2.0253
31811,1.03373
31812,1.04216
31813,1.05059
31814,18.0084
31815,16.0169
31816,12.0253
31817,10.0337
31818,8.04216
31819,8.05059
31820,3.05903
31821,12.0084
31822,9.01686
31823,8.0253
31824,5.03373
31825,5.04216
31826,10.0084
31827,9.01686
31828,17.0084
31829,13.0169
31830,8.0253
31831,7.03373
31832,14.0084
31833,13.0084
31834,12.0169
31835,8.0253
31836,7.03373
31837,16.0084
31838,12.0084
31839,10.0169
31840,10.0084
31841,8.01686
31842,14.0084
31843,10.0169
31844,5.0253
31845,5.03373
31846,3.00843
31847,1.01686
31848,15.0084
31849,14.0084
31850,10.0169
31851,9.00843
31852,7.01687
31853,7.0253
31854,18.0084
31855,15.0169
31856,12.0253
31857,10.0337
31858,9.00843
31859,8.01686
31860,12.0084
31861,10.0169
31862,8.0253
31863,1.03373
31864,10.0084
31865,9.01686
31866,3.0253
31867,10.0084
31868,16.0084
31869,7.00843
31870,14.0084
31871,5.01687
31872,1.00843
31873,10.0084
31874,7.01687
31875,8.00843
31876,18.0084
31877,18.0169
31878,10.0084
31879,1.00843
31880,14.0084
31881,5.01687
31882,14.0084
31883,12.0169
31884,9.0253
31885,7.03373
31886,3.04216
31887,1.05059
31888,1.00843
31889,1.01686
31890,10.0084
31891,7.01687
31892,12.0084
31893,8.01686
31894,5.0253
31895,1.03373
31896,1.04216
31897,10.0084
31898,5.01687
31899,8.00843
31900,16.0084
31901,11.0169
31902,1.0253
31903,13.0084
31904,11.0169
31905,8.0253
31906,1.03373
31907,5.00843
31908,20.0084
31909,18.0084
31910,16.0169
31911,17.0084
31912,7.01687
31913,7.0253
31914,6.03373
31915,1.04216
31916,9.00843
31917,8.01686
31918,13.0084
31919,8.01686
31920,10.0084
31921,7.01687
31922,5.00843
31923,1.01686
31924,1.0253
31925,8.00843
31926,8.01686
31927,7.00843
31928,7.01687
31929,8.00843
31930,5.01687
31931,6.00843
31932,16.0084
31933,1.01686
31934,1.0253
31935,1.03373
31936,12.0084
31937,12.0169
31938,12.0084
31939,10.0169
31940,13.0084
31941,13.0169
31942,8.0253
31943,14.0084
31944,6.01687
31945,16.0084
31946,13.0169
31947,11.0253
31948,13.0084
31949,19.0084
31950,14.0169
31951,10.0253
31952,8.03373
31953,8.04216
31954,16.0084
31955,10.0084
31956,13.0084
31957,12.0169
31958,15.0084
31959,14.0169
31960,12.0253
31961,17.0084
31962,16.0169
31963,14.0253
31964,5.00843
31965,10.0084
31966,10.0169
31967,5.0253
31968,1.03373
31969,15.0084
31970,7.00843
31971,8.00843
31972,3.01687
31973,12.0084
31974,10.0169
31975,8.0253
31976,1.03373
31977,15.0084
31978,10.0169
31979,6.0253
31980,1.03373
31981,16.0084
31982,1.01686
31983,1.0253
31984,1.03373
31985,12.0084
31986,10.0169
31987,1.0253
31988,13.0084
31989,8.01686
31990,4.0253
31991,6.00843
31992,5.01687
31993,5.0253
31994,14.0084
31995,14.0169
31996,10.0084
31997,7.01687
31998,5.0253
31999,3.00843
32000,2.01687
32001,10.0084
32002,7.01687
32003,8.00843
32004,7.01687
32005,14.0084
32006,16.0084
32007,15.0169
32008,5.0253
32009,7.00843
32010,7.01687
32011,4.0253
32012,1.03373
32013,8.00843
32014,12.0084
32015,5.00843
32016,20.0084
32017,7.01687
32018,5.0253
32019,7.00843
32020,18.0084
32021,8.01686
32022,8.0253
32023,14.0084
32024,8.01686
32025,8.0253
32026,7.03373
32027,1.04216
32028,18.0084
32029,10.0169
32030,5.0253
32031,6.00843
32032,5.01687
32033,10.0084
32034,12.0084
32035,10.0169
32036,1.0253
32037,1.03373
32038,1.04216
32039,3.00843
32040,16.0084
32041,1.01686
32042,10.0084
32043,5.01687
32044,5.00843
32045,10.0084
32046,13.0084
32047,17.0084
32048,7.01687
32049,10.0084
32050,9.00843
32051,9.01686
32052,16.0084
32053,7.00843
32054,3.01687
32055,3.0253
32056,16.0084
32057,20.0084
32058,19.0169
32059,7.0253
32060,8.00843
32061,5.01687
32062,1.0253
32063,9.00843
32064,3.01687
32065,7.00843
32066,18.0084
32067,8.01686
32068,8.0253
32069,5.03373
32070,1.04216
32071,1.05059
32072,7.00843
32073,3.01687
32074,10.0084
32075,7.00843
32076,13.0084
32077,12.0169
32078,14.0084
32079,14.0169
32080,10.0253
32081,8.03373
32082,7.04216
32083,8.00843
32084,2.01687
32085,1.0253
32086,15.0084
32087,10.0169
32088,3.0253
32089,12.0084
32090,5.01687
32091,1.0253
32092,18.0084
32093,13.0169
32094,5.0253
32095,5.03373
32096,18.0084
32097,10.0084
32098,3.01687
32099,1.0253
32100,16.0084
32101,9.01686
32102,8.0253
32103,8.03373
32104,1.04216
32105,7.00843
32106,3.01687
32107,8.00843
32108,12.0084
32109,16.0084
32110,9.01686
32111,8.00843
32112,15.0084
32113,12.0169
32114,12.0253
32115,10.0337
32116,12.0084
32117,11.0169
32118,10.0253
32119,18.0084
32120,1.01686
32121,18.0084
32122,10.0169
32123,12.0084
32124,1.01686
32125,2.00843
32126,18.0084
32127,16.0169
32128,18.0084
32129,9.01686
32130,6.00843
32131,3.01687
32132,2.00843
32133,1.01686
32134,14.0084
32135,7.01687
32136,3.0253
32137,10.0084
32138,17.0084
32139,5.01687
32140,3.0253
32141,14.0084
32142,7.01687
32143,8.00843
32144,8.01686
32145,18.0084
32146,18.0084
32147,1.00843
32148,11.0084
32149,1.01686
32150,14.0084
32151,14.0169
32152,13.0084
32153,13.0169
32154,12.0253
32155,10.0084
32156,1.01686
32157,6.00843
32158,5.01687
32159,1.0253
32160,1.03373
32161,10.0084
32162,8.01686
32163,8.0253
32164,5.03373
32165,9.00843
32166,5.01687
32167,1.0253
32168,9.00843
32169,7.01687
32170,12.0084
32171,12.0169
32172,10.0253
32173,7.03373
32174,8.00843
32175,7.01687
32176,5.0253
32177,3.03373
32178,8.00843
32179,3.00843
32180,14.0084
32181,8.01686
32182,13.0084
32183,6.01687
32184,5.0253
32185,1.03373
32186,1.00843
32187,8.00843
32188,3.01687
32189,16.0084
32190,12.0169
32191,8.0253
32192,3.03373
32193,15.0084
32194,8.01686
32195,18.0084
32196,16.0169
32197,1.0253
32198,1.00843
32199,10.0084
32200,8.01686
32201,13.0084
32202,8.01686
32203,6.0253
32204,6.03373
32205,14.0084
32206,10.0169
32207,8.0253
32208,8.03373
32209,8.04216
32210,8.05059
32211,7.05903
32212,16.0084
32213,7.01687
32214,17.0084
32215,16.0169
32216,14.0253
32217,7.03373
32218,13.0084
32219,12.0084
32220,12.0169
32221,12.0253
32222,3.03373
32223,11.0084
32224,19.0084
32225,16.0169
32226,14.0084
32227,8.01686
32228,17.0084
32229,1.00843
32230,5.00843
32231,3.01687
32232,1.0253
32233,3.00843
32234,5.00843
32235,5.01687
32236,14.0084
32237,7.00843
32238,7.01687
32239,7.0253
32240,16.0084
32241,13.0084
32242,9.01686
32243,18.0084
32244,12.0084
32245,8.00843
32246,16.0084
32247,14.0169
32248,12.0253
32249,5.03373
32250,3.00843
32251,8.00843
32252,12.0084
32253,8.01686
32254,3.0253
32255,1.03373
32256,18.0084
32257,14.0084
32258,5.01687
32259,10.0084
32260,13.0084
32261,13.0169
32262,8.00843
32263,12.0084
32264,4.01687
32265,20.0084
32266,7.00843
32267,16.0084
32268,8.01686
32269,7.0253
32270,1.03373
32271,1.00843
32272,19.0084
32273,16.0169
32274,14.0084
32275,15.0084
32276,15.0169
32277,10.0253
32278,3.00843
32279,1.01686
32280,2.00843
32281,1.00843
32282,5.00843
32283,1.00843
32284,8.00843
32285,8.00843
32286,4.01687
32287,2.0253
32288,1.03373
32289,5.00843
32290,1.00843
32291,5.00843
32292,1.01686
32293,1.00843
32294,1.01686
32295,1.0253
32296,8.00843
32297,8.01686
32298,14.0084
32299,1.01686
32300,14.0084
32301,8.01686
32302,18.0084
32303,16.0169
32304,12.0253
32305,8.03373
32306,8.04216
32307,7.05059
32308,5.05903
32309,5.06746
32310,10.0084
32311,6.00843
32312,1.01686
32313,16.0084
32314,13.0169
32315,10.0253
32316,16.0084
32317,12.0169
32318,11.0253
32319,16.0084
32320,12.0169
32321,9.0253
32322,2.03373
32323,1.00843
32324,1.01686
32325,1.0253
32326,1.03373
32327,12.0084
32328,5.00843
32329,2.01687
32330,14.0084
32331,14.0169
32332,3.0253
32333,8.00843
32334,16.0084
32335,16.0169
32336,12.0253
32337,8.03373
32338,7.04216
32339,5.05059
32340,1.05903
32341,10.0084
32342,8.01686
32343,7.0253
32344,1.03373
32345,14.0084
32346,7.01687
32347,12.0084
32348,8.01686
32349,8.0253
32350,1.03373
32351,5.00843
32352,5.01687
32353,10.0084
32354,8.01686
32355,6.0253
32356,6.03373
32357,12.0084
32358,8.01686
32359,1.0253
32360,13.0084
32361,8.00843
32362,8.01686
32363,14.0084
32364,12.0084
32365,10.0169
32366,8.0253
32367,5.00843
32368,19.0084
32369,19.0169
32370,8.0253
32371,15.0084
32372,13.0169
32373,6.00843
32374,2.01687
32375,1.0253
32376,8.00843
32377,3.01687
32378,16.0084
32379,4.00843
32380,2.01687
32381,18.0084
32382,16.0169
32383,17.0084
32384,10.0169
32385,8.0253
32386,8.03373
32387,7.04216
32388,5.05059
32389,5.05903
32390,14.0084
32391,5.00843
32392,3.01687
32393,14.0084
32394,16.0084
32395,14.0169
32396,7.00843
32397,8.00843
32398,18.0084
32399,10.0084
32400,7.01687
32401,3.0253
32402,14.0084
32403,12.0169
32404,8.00843
32405,5.01687
32406,12.0084
32407,19.0084
32408,12.0169
32409,4.0253
32410,18.0084
32411,11.0169
32412,10.0084
32413,7.01687
32414,13.0084
32415,7.01687
32416,5.0253
32417,9.00843
32418,8.01686
32419,10.0084
32420,12.0084
32421,7.00843
32422,16.0084
32423,5.01687
32424,5.0253
32425,10.0084
32426,10.0169
32427,10.0253
32428,10.0337
32429,5.00843
32430,20.0084
32431,17.0169
32432,12.0253
32433,3.03373
32434,8.00843
32435,3.01687
32436,5.00843
32437,5.00843
32438,5.01687
32439,1.0253
32440,1.03373
32441,1.04216
32442,18.0084
32443,15.0169
32444,1.00843
32445,9.00843
32446,8.01686
32447,8.0253
32448,10.0084
32449,5.01687
32450,11.0084
32451,3.00843
32452,1.01686
32453,12.0084
32454,5.01687
32455,14.0084
32456,1.01686
32457,5.00843
32458,3.01687
32459,1.0253
32460,8.00843
32461,16.0084
32462,10.0084
32463,10.0169
32464,1.0253
32465,9.00843
32466,16.0084
32467,14.0169
32468,18.0084
32469,4.00843
32470,8.00843
32471,7.01687
32472,9.00843
32473,8.00843
32474,12.0084
32475,12.0169
32476,12.0084
32477,10.0169
32478,5.0253
32479,13.0084
32480,13.0169
32481,3.00843
32482,16.0084
32483,12.0169
32484,8.0253
32485,16.0084
32486,1.01686
32487,1.00843
32488,18.0084
32489,3.00843
32490,12.0084
32491,8.01686
32492,8.0253
32493,16.0084
32494,10.0169
32495,16.0084
32496,8.01686
32497,5.00843
32498,5.00843
32499,1.01686
32500,1.0253
32501,18.0084
32502,18.0169
32503,3.0253
32504,16.0084
32505,10.0084
32506,3.01687
32507,3.0253
32508,10.0084
32509,5.00843
32510,5.01687
32511,5.0253
32512,6.00843
32513,6.01687
32514,1.00843
32515,8.00843
32516,1.01686
32517,14.0084
32518,11.0084
32519,16.0084
32520,8.01686
32521,7.0253
32522,1.03373
32523,1.00843
32524,9.00843
32525,19.0084
32526,10.0169
32527,8.0253
32528,5.00843
32529,20.0084
32530,10.0169
32531,3.0253
32532,14.0084
32533,14.0169
32534,9.0253
32535,8.03373
32536,8.04216
32537,7.05059
32538,8.00843
32539,5.00843
32540,2.00843
32541,8.00843
32542,12.0084
32543,8.01686
32544,5.00843
32545,3.01687
32546,10.0084
32547,6.01687
32548,18.0084
32549,14.0169
32550,7.0253
32551,1.00843
32552,16.0084
32553,14.0084
32554,8.00843
32555,18.0084
32556,13.0169
32557,1.0253
32558,7.00843
32559,12.0084
32560,10.0084
32561,16.0084
32562,18.0084
32563,8.00843
32564,5.01687
32565,3.00843
32566,1.00843
32567,1.00843
32568,18.0084
32569,12.0084
32570,7.00843
32571,7.01687
32572,1.00843
32573,11.0084
32574,11.0169
32575,8.00843
32576,13.0084
32577,3.01687
32578,5.00843
32579,15.0084
32580,5.00843
32581,3.01687
32582,1.0253
32583,8.00843
32584,3.01687
32585,10.0084
32586,12.0084
32587,5.01687
32588,15.0084
32589,8.01686
32590,14.0084
32591,1.01686
32592,14.0084
32593,8.01686
32594,2.0253
32595,10.0084
32596,8.01686
32597,7.0253
32598,2.03373
32599,18.0084
32600,12.0084
32601,13.0084
32602,7.01687
32603,8.00843
32604,14.0084
32605,18.0084
32606,14.0169
32607,16.0084
32608,18.0084
32609,1.01686
32610,18.0084
32611,18.0084
32612,8.01686
32613,4.0253
32614,9.00843
32615,14.0084
32616,1.01686
32617,5.00843
32618,3.01687
32619,1.0253
32620,1.03373
32621,16.0084
32622,8.00843
32623,3.01687
32624,6.00843
32625,13.0084
32626,12.0084
32627,7.01687
32628,16.0084
32629,12.0169
32630,1.00843
32631,14.0084
32632,2.01687
32633,18.0084
32634,13.0169
32635,7.00843
32636,18.0084
32637,11.0169
32638,11.0253
32639,5.00843
32640,5.00843
32641,8.00843
32642,5.01687
32643,5.00843
32644,17.0084
32645,10.0169
32646,13.0084
32647,2.00843
32648,14.0084
32649,12.0169
32650,15.0084
32651,18.0084
32652,16.0169
32653,12.0084
32654,3.01687
32655,13.0084
32656,12.0169
32657,8.00843
32658,3.00843
32659,18.0084
32660,1.01686
32661,2.00843
32662,1.01686
32663,10.0084
32664,8.01686
32665,1.0253
32666,1.03373
32667,1.04216
32668,2.00843
32669,1.01686
32670,8.00843
32671,3.01687
32672,18.0084
32673,7.01687
32674,14.0084
32675,5.01687
32676,5.0253
32677,11.0084
32678,8.00843
32679,1.01686
32680,13.0084
32681,8.01686
32682,8.0253
32683,8.03373
32684,7.00843
32685,15.0084
32686,12.0169
32687,10.0253
32688,10.0337
32689,10.0422
32690,16.0084
32691,13.0084
32692,15.0084
32693,14.0169
32694,14.0253
32695,7.03373
32696,1.04216
32697,10.0084
32698,16.0084
32699,1.01686
32700,13.0084
32701,10.0169
32702,10.0253
32703,1.03373
32704,18.0084
32705,17.0169
32706,13.0253
32707,18.0084
32708,16.0169
32709,5.0253
32710,7.00843
32711,14.0084
32712,7.01687
32713,15.0084
32714,14.0169
32715,8.0253
32716,17.0084
32717,13.0169
32718,9.0253
32719,5.03373
32720,3.00843
32721,17.0084
32722,4.01687
32723,1.0253
32724,8.00843
32725,8.01686
32726,5.0253
32727,14.0084
32728,1.01686
32729,17.0084
32730,12.0169
32731,6.0253
32732,3.03373
32733,1.00843
32734,16.0084
32735,8.01686
32736,8.0253
32737,8.03373
32738,15.0084
32739,7.00843
32740,16.0084
32741,6.01687
32742,12.0084
32743,8.01686
32744,8.0253
32745,1.03373
32746,1.04216
32747,16.0084
32748,16.0169
32749,8.0253
32750,12.0084
32751,16.0084
32752,13.0084
32753,1.01686
32754,18.0084
32755,8.00843
32756,8.01686
32757,2.0253
32758,1.03373
32759,5.00843
32760,1.01686
32761,14.0084
32762,3.01687
32763,3.00843
32764,3.01687
32765,1.0253
32766,12.0084
32767,12.0169
32768,8.0253
32769,1.03373
32770,12.0084
32771,5.01687
32772,10.0084
32773,11.0084
32774,7.01687
32775,7.0253
32776,7.03373
32777,1.04216
32778,10.0084
32779,10.0169
32780,5.0253
32781,5.00843
32782,3.01687
32783,18.0084
32784,18.0169
32785,12.0084
32786,12.0169
32787,12.0253
32788,10.0084
32789,5.01687
32790,14.0084
32791,3.01687
32792,18.0084
32793,16.0169
32794,8.00843
32795,1.01686
32796,1.0253
32797,1.03373
32798,18.0084
32799,12.0169
32800,1.00843
32801,12.0084
32802,5.01687
32803,16.0084
32804,12.0169
32805,10.0084
32806,4.00843
32807,3.01687
32808,12.0084
32809,10.0169
32810,13.0084
32811,13.0169
32812,5.0253
32813,1.03373
32814,6.00843
32815,1.01686
32816,15.0084
32817,8.01686
32818,7.0253
32819,8.00843
32820,3.01687
32821,2.0253
32822,5.00843
32823,12.0084
32824,1.01686
32825,1.0253
32826,8.00843
32827,8.01686
32828,8.00843
32829,8.01686
32830,18.0084
32831,10.0169
32832,3.0253
32833,10.0084
32834,1.00843
32835,7.00843
32836,7.01687
32837,18.0084
32838,10.0084
32839,15.0084
32840,4.01687
32841,17.0084
32842,12.0169
32843,9.0253
32844,8.00843
32845,8.01686
32846,12.0084
32847,12.0169
32848,5.00843
32849,16.0084
32850,8.01686
32851,9.00843
32852,18.0084
32853,10.0169
32854,3.00843
32855,15.0084
32856,3.01687
32857,16.0084
32858,1.00843
32859,8.00843
32860,1.00843
32861,16.0084
32862,8.00843
32863,6.00843
32864,17.0084
32865,16.0169
32866,1.00843
32867,12.0084
32868,12.0084
32869,7.01687
32870,3.0253
32871,12.0084
32872,5.01687
32873,5.0253
32874,4.03373
32875,5.00843
32876,18.0084
32877,14.0169
32878,8.0253
32879,7.03373
32880,16.0084
32881,9.01686
32882,10.0084
32883,8.01686
32884,8.00843
32885,13.0084
32886,10.0169
32887,7.00843
32888,8.00843
32889,5.01687
32890,5.0253
32891,16.0084
32892,10.0169
32893,10.0084
32894,14.0084
32895,5.01687
32896,3.0253
32897,5.00843
32898,5.00843
32899,1.01686
32900,8.00843
32901,5.01687
32902,5.0253
32903,3.03373
32904,1.04216
32905,10.0084
32906,8.01686
32907,8.0253
32908,3.03373
32909,1.04216
32910,12.0084
32911,10.0169
32912,1.0253
32913,9.00843
32914,9.00843
32915,14.0084
32916,14.0169
32917,13.0253
32918,11.0337
32919,8.04216
32920,8.05059
32921,1.05903
32922,8.00843
32923,5.01687
32924,3.0253
32925,14.0084
32926,12.0169
32927,10.0253
32928,10.0337
32929,14.0084
32930,16.0084
32931,14.0169
32932,6.0253
32933,17.0084
32934,13.0169
32935,9.0253
32936,8.03373
32937,16.0084
32938,14.0169
32939,14.0084
32940,13.0169
32941,10.0253
32942,16.0084
32943,8.01686
32944,3.0253
32945,2.03373
32946,1.04216
32947,19.0084
32948,18.0169
32949,10.0253
32950,3.03373
32951,3.04216
32952,3.05059
32953,12.0084
32954,5.01687
32955,16.0084
32956,8.01686
32957,13.0084
32958,12.0084
32959,8.01686
32960,5.0253
32961,9.00843
32962,8.01686
32963,11.0084
32964,10.0169
32965,1.0253
32966,7.00843
32967,10.0084
32968,6.01687
32969,5.00843
32970,3.01687
32971,17.0084
32972,5.01687
32973,8.00843
32974,1.00843
32975,5.00843
32976,5.00843
32977,5.01687
32978,14.0084
32979,13.0169
32980,1.0253
32981,5.00843
32982,16.0084
32983,8.01686
32984,3.0253
32985,1.00843
32986,18.0084
32987,8.01686
32988,5.0253
32989,5.03373
32990,8.00843
32991,6.01687
32992,7.00843
32993,16.0084
32994,12.0169
32995,10.0253
32996,8.03373
32997,8.04216
32998,14.0084
32999,1.01686
33000,1.0253
33001,17.0084
33002,5.01687
33003,13.0084
33004,5.01687
33005,3.0253
33006,17.0084
33007,12.0169
33008,8.0253
33009,7.03373
33010,7.04216
33011,6.05059
33012,3.05903
33013,7.00843
33014,5.01687
33015,6.00843
33016,16.0084
33017,11.0169
33018,1.0253
33019,19.0084
33020,6.01687
33021,14.0084
33022,13.0169
33023,12.0253
33024,16.0084
33025,15.0084
33026,16.0084
33027,7.01687
33028,6.00843
33029,16.0084
33030,7.01687
33031,3.0253
33032,16.0084
33033,14.0169
33034,10.0253
33035,6.00843
33036,5.01687
33037,3.0253
33038,6.00843
33039,1.01686
33040,1.0253
33041,15.0084
33042,12.0169
33043,5.0253
33044,8.00843
33045,5.01687
33046,12.0084
33047,1.01686
33048,14.0084
33049,1.01686
33050,1.0253
33051,13.0084
33052,8.01686
33053,20.0084
33054,17.0169
33055,10.0253
33056,10.0337
33057,7.04216
33058,8.00843
33059,12.0084
33060,19.0084
33061,8.01686
33062,1.0253
33063,18.0084
33064,18.0084
33065,10.0169
33066,9.0253
33067,6.00843
33068,17.0084
33069,16.0169
33070,18.0084
33071,15.0169
33072,17.0084
33073,10.0084
33074,1.01686
33075,17.0084
33076,6.01687
33077,1.0253
33078,18.0084
33079,10.0169
33080,3.00843
33081,11.0084
33082,8.01686
33083,1.00843
33084,4.00843
33085,16.0084
33086,5.01687
33087,14.0084
33088,14.0169
33089,8.0253
33090,8.03373
33091,5.00843
33092,13.0084
33093,13.0169
33094,12.0253
33095,3.03373
33096,14.0084
33097,7.01687
33098,7.0253
33099,16.0084
33100,12.0169
33101,8.0253
33102,15.0084
33103,13.0169
33104,10.0253
33105,9.03373
33106,19.0084
33107,13.0169
33108,10.0253
33109,5.03373
33110,4.04216
33111,14.0084
33112,8.01686
33113,1.0253
33114,1.03373
33115,12.0084
33116,18.0084
33117,4.01687
33118,15.0084
33119,1.01686
33120,13.0084
33121,5.01687
33122,12.0084
33123,3.01687
33124,2.0253
33125,14.0084
33126,3.01687
33127,3.0253
33128,16.0084
33129,5.01687
33130,1.0253
33131,3.00843
33132,3.01687
33133,3.0253
33134,10.0084
33135,8.01686
33136,5.0253
33137,17.0084
33138,5.01687
33139,12.0084
33140,5.01687
33141,8.00843
33142,7.01687
33143,3.0253
33144,11.0084
33145,10.0084
33146,10.0169
33147,15.0084
33148,10.0169
33149,18.0084
33150,12.0169
33151,16.0084
33152,1.00843
33153,18.0084
33154,12.0084
33155,2.01687
33156,12.0084
33157,8.00843
33158,19.0084
33159,6.01687
33160,5.0253
33161,15.0084
33162,9.00843
33163,16.0084
33164,8.01686
33165,1.0253
33166,5.00843
33167,5.01687
33168,5.00843
33169,3.00843
33170,13.0084
33171,12.0084
33172,10.0169
33173,7.0253
33174,7.03373
33175,3.00843
33176,3.01687
33177,1.0253
33178,10.0084
33179,18.0084
33180,10.0169
33181,1.0253
33182,1.03373
33183,5.00843
33184,12.0084
33185,10.0169
33186,6.0253
33187,12.0084
33188,5.00843
33189,8.00843
33190,10.0084
33191,6.01687
33192,1.00843
33193,12.0084
33194,13.0084
33195,12.0169
33196,13.0084
33197,15.0084
33198,5.00843
33199,19.0084
33200,3.01687
33201,18.0084
33202,4.01687
33203,12.0084
33204,10.0169
33205,8.00843
33206,5.01687
33207,1.0253
33208,8.00843
33209,16.0084
33210,8.00843
33211,1.01686
33212,18.0084
33213,14.0084
33214,13.0169
33215,12.0084
33216,15.0084
33217,8.01686
33218,5.0253
33219,1.03373
33220,8.00843
33221,3.01687
33222,16.0084
33223,3.01687
33224,12.0084
33225,8.01686
33226,8.0253
33227,5.03373
33228,3.04216
33229,3.05059
33230,3.00843
33231,8.00843
33232,1.01686
33233,1.0253
33234,1.03373
33235,5.00843
33236,12.0084
33237,13.0084
33238,13.0084
33239,16.0084
33240,16.0169
33241,5.0253
33242,6.00843
33243,12.0084
33244,7.01687
33245,7.0253
33246,7.03373
33247,6.04216
33248,5.05059
33249,7.00843
33250,18.0084
33251,1.01686
33252,14.0084
33253,3.01687
33254,13.0084
33255,8.01686
33256,1.0253
33257,7.00843
33258,16.0084
33259,10.0169
33260,5.0253
33261,7.00843
33262,16.0084
33263,13.0169
33264,10.0253
33265,5.03373
33266,18.0084
33267,8.01686
33268,1.0253
33269,8.00843
33270,8.01686
33271,4.00843
33272,8.00843
33273,10.0084
33274,16.0084
33275,7.01687
33276,10.0084
33277,7.01687
33278,8.00843
33279,1.01686
33280,1.0253
33281,2.00843
33282,10.0084
33283,6.01687
33284,5.0253
33285,1.00843
33286,10.0084
33287,14.0084
33288,14.0169
33289,14.0084
33290,1.01686
33291,17.0084
33292,17.0169
33293,14.0253
33294,10.0337
33295,16.0084
33296,8.01686
33297,1.0253
33298,8.00843
33299,13.0084
33300,14.0084
33301,14.0169
33302,7.00843
33303,5.01687
33304,18.0084
33305,16.0169
33306,8.0253
33307,17.0084
33308,17.0169
33309,5.00843
33310,1.01686
33311,8.00843
33312,3.00843
33313,2.00843
33314,1.01686
33315,5.00843
33316,20.0084
33317,20.0169
33318,15.0253
33319,1.00843
33320,10.0084
33321,8.01686
33322,5.0253
33323,8.00843
33324,1.00843
33325,8.00843
33326,10.0084
33327,10.0084
33328,8.01686
33329,8.0253
33330,3.00843
33331,10.0084
33332,10.0169
33333,3.0253
33334,12.0084
33335,10.0169
33336,5.00843
33337,18.0084
33338,16.0169
33339,12.0253
33340,16.0084
33341,9.00843
33342,8.01686
33343,14.0084
33344,7.00843
33345,18.0084
33346,11.0169
33347,10.0253
33348,2.00843
33349,1.01686
33350,10.0084
33351,10.0169
33352,7.00843
33353,5.01687
33354,3.0253
33355,9.00843
33356,8.00843
33357,5.01687
33358,1.0253
33359,5.00843
33360,15.0084
33361,7.00843
33362,17.0084
33363,1.01686
33364,10.0084
33365,7.00843
33366,3.01687
33367,1.0253
33368,15.0084
33369,1.00843
33370,19.0084
33371,10.0169
33372,1.0253
33373,1.03373
33374,16.0084
33375,8.00843
33376,8.01686
33377,5.0253
33378,15.0084
33379,6.01687
33380,5.0253
33381,8.00843
33382,6.01687
33383,7.00843
33384,13.0084
33385,10.0169
33386,14.0084
33387,12.0169
33388,10.0253
33389,10.0337
33390,7.04216
33391,10.0084
33392,8.01686
33393,16.0084
33394,14.0169
33395,13.0253
33396,12.0337
33397,5.04216
33398,13.0084
33399,8.01686
33400,8.0253
33401,1.03373
33402,10.0084
33403,17.0084
33404,3.01687
33405,12.0084
33406,5.01687
33407,5.00843
33408,5.01687
33409,19.0084
33410,3.01687
33411,7.00843
33412,16.0084
33413,16.0084
33414,10.0169
33415,18.0084
33416,5.00843
33417,2.01687
33418,14.0084
33419,13.0169
33420,13.0253
33421,12.0337
33422,8.04216
33423,1.05059
33424,1.05903
33425,1.06746
33426,18.0084
33427,1.00843
33428,18.0084
33429,1.01686
33430,14.0084
33431,6.01687
33432,16.0084
33433,12.0169
33434,12.0253
33435,1.03373
33436,7.00843
33437,15.0084
33438,10.0169
33439,8.0253
33440,3.03373
33441,18.0084
33442,14.0084
33443,3.01687
33444,9.00843
33445,1.00843
33446,1.01686
33447,12.0084
33448,7.01687
33449,10.0084
33450,8.00843
33451,2.00843
33452,1.01686
33453,14.0084
33454,10.0084
33455,8.00843
33456,6.01687
33457,13.0084
33458,1.01686
33459,1.0253
33460,12.0084
33461,7.01687
33462,5.00843
33463,3.01687
33464,3.0253
33465,2.00843
33466,5.00843
33467,7.00843
33468,1.01686
33469,6.00843
33470,9.00843
33471,7.01687
33472,1.0253
33473,15.0084
33474,3.01687
33475,5.00843
33476,1.00843
33477,16.0084
33478,12.0084
33479,8.00843
33480,15.0084
33481,10.0084
33482,1.00843
33483,10.0084
33484,16.0084
33485,18.0084
33486,15.0169
33487,2.0253
33488,3.00843
33489,3.01687
33490,14.0084
33491,8.00843
33492,1.01686
33493,2.00843
33494,1.00843
33495,18.0084
33496,8.01686
33497,14.0084
33498,8.00843
33499,6.01687
33500,5.0253
33501,8.00843
33502,5.01687
33503,8.00843
33504,14.0084
33505,8.01686
33506,2.0253
33507,10.0084
33508,9.01686
33509,7.00843
33510,12.0084
33511,8.01686
33512,15.0084
33513,12.0169
33514,7.0253
33515,12.0084
33516,6.01687
33517,8.00843
33518,5.01687
33519,16.0084
33520,19.0084
33521,18.0084
33522,15.0169
33523,5.0253
33524,16.0084
33525,8.00843
33526,8.01686
33527,8.0253
33528,8.03373
33529,3.04216
33530,12.0084
33531,10.0169
33532,5.0253
33533,1.03373
33534,16.0084
33535,12.0084
33536,1.01686
33537,5.00843
33538,14.0084
33539,5.01687
33540,13.0084
33541,12.0169
33542,19.0084
33543,7.01687
33544,1.00843
33545,1.01686
33546,8.00843
33547,10.0084
33548,3.01687
33549,3.0253
33550,14.0084
33551,8.00843
33552,5.00843
33553,10.0084
33554,6.01687
33555,18.0084
33556,8.01686
33557,18.0084
33558,10.0084
33559,8.01686
33560,15.0084
33561,3.01687
33562,12.0084
33563,12.0169
33564,17.0084
33565,13.0084
33566,5.01687
33567,5.0253
33568,14.0084
33569,7.01687
33570,7.00843
33571,7.01687
33572,1.0253
33573,18.0084
33574,8.01686
33575,5.0253
33576,3.03373
33577,3.04216
33578,10.0084
33579,10.0169
33580,3.00843
33581,7.00843
33582,1.01686
33583,9.00843
33584,18.0084
33585,16.0169
33586,5.0253
33587,1.03373
33588,10.0084
33589,7.01687
33590,8.00843
33591,8.01686
33592,5.0253
33593,1.03373
33594,1.00843
33595,16.0084
33596,5.01687
33597,3.0253
33598,3.03373
33599,3.04216
33600,16.0084
33601,12.0169
33602,1.0253
33603,1.03373
33604,1.04216
33605,18.0084
33606,16.0169
33607,8.0253
33608,8.03373
33609,12.0084
33610,8.01686
33611,5.0253
33612,3.03373
33613,14.0084
33614,8.01686
33615,8.00843
33616,3.01687
33617,9.00843
33618,8.01686
33619,8.0253
33620,3.03373
33621,10.0084
33622,11.0084
33623,8.01686
33624,3.00843
33625,10.0084
33626,6.01687
33627,10.0084
33628,7.01687
33629,16.0084
33630,14.0169
33631,12.0253
33632,12.0084
33633,8.00843
33634,5.01687
33635,18.0084
33636,8.01686
33637,16.0084
33638,7.01687
33639,6.0253
33640,5.00843
33641,12.0084
33642,3.01687
33643,3.0253
33644,16.0084
33645,1.01686
33646,14.0084
33647,13.0169
33648,6.0253
33649,20.0084
33650,1.01686
33651,15.0084
33652,5.00843
33653,3.01687
33654,14.0084
33655,13.0169
33656,14.0084
33657,14.0169
33658,6.0253
33659,13.0084
33660,12.0169
33661,12.0253
33662,9.03373
33663,14.0084
33664,13.0169
33665,10.0084
33666,5.00843
33667,7.00843
33668,6.00843
33669,4.00843
33670,10.0084
33671,5.01687
33672,5.0253
33673,1.03373
33674,7.00843
33675,7.01687
33676,2.00843
33677,19.0084
33678,14.0169
33679,9.0253
33680,16.0084
33681,10.0169
33682,16.0084
33683,13.0169
33684,13.0253
33685,9.03373
33686,15.0084
33687,6.01687
33688,10.0084
33689,1.01686
33690,7.00843
33691,20.0084
33692,1.01686
33693,1.00843
33694,17.0084
33695,3.01687
33696,18.0084
33697,18.0169
33698,18.0253
33699,6.03373
33700,5.00843
33701,5.01687
33702,7.00843
33703,10.0084
33704,8.01686
33705,7.00843
33706,7.01687
33707,6.0253
33708,8.00843
33709,14.0084
33710,13.0169
33711,13.0253
33712,10.0337
33713,14.0084
33714,3.01687
33715,1.0253
33716,14.0084
33717,13.0169
33718,16.0084
33719,13.0169
33720,1.00843
33721,8.00843
33722,5.01687
33723,5.0253
33724,2.03373
33725,10.0084
33726,8.01686
33727,8.0253
33728,16.0084
33729,1.01686
33730,10.0084
33731,8.01686
33732,5.0253
33733,5.03373
33734,12.0084
33735,2.01687
33736,18.0084
33737,16.0084
33738,10.0084
33739,1.01686
33740,14.0084
33741,18.0084
33742,8.01686
33743,8.0253
33744,3.03373
33745,1.04216
33746,13.0084
33747,13.0169
33748,8.0253
33749,7.03373
33750,2.04216
33751,19.0084
33752,7.01687
33753,10.0084
33754,4.01687
33755,4.0253
33756,5.00843
33757,17.0084
33758,12.0169
33759,8.0253
33760,5.03373
33761,1.04216
33762,8.00843
33763,3.01687
33764,8.00843
33765,1.01686
33766,10.0084
33767,12.0084
33768,10.0169
33769,3.0253
33770,3.03373
33771,12.0084
33772,5.01687
33773,4.0253
33774,13.0084
33775,12.0169
33776,5.0253
33777,3.00843
33778,16.0084
33779,8.00843
33780,8.01686
33781,1.00843
33782,10.0084
33783,10.0169
33784,8.00843
33785,3.01687
33786,3.00843
33787,12.0084
33788,5.01687
33789,6.00843
33790,1.01686
33791,16.0084
33792,16.0169
33793,8.0253
33794,5.03373
33795,5.04216
33796,3.00843
33797,19.0084
33798,19.0169
33799,5.0253
33800,12.0084
33801,6.01687
33802,16.0084
33803,1.01686
33804,1.0253
33805,12.0084
33806,11.0169
33807,14.0084
33808,14.0169
33809,13.0084
33810,12.0084
33811,12.0169
33812,8.0253
33813,1.00843
33814,14.0084
33815,8.01686
33816,1.0253
33817,5.00843
33818,5.00843
33819,20.0084
33820,1.00843
33821,7.00843
33822,1.00843
33823,12.0084
33824,7.01687
33825,4.0253
33826,14.0084
33827,17.0084
33828,7.00843
33829,5.01687
33830,1.0253
33831,1.03373
33832,1.04216
33833,8.00843
33834,8.01686
33835,1.0253
33836,7.00843
33837,10.0084
33838,1.01686
33839,1.0253
33840,1.03373
33841,10.0084
33842,7.01687
33843,6.0253
33844,5.03373
33845,12.0084
33846,7.01687
33847,6.0253
33848,3.03373
33849,5.00843
33850,5.01687
33851,15.0084
33852,6.01687
33853,16.0084
33854,10.0169
33855,8.0253
33856,7.03373
33857,14.0084
33858,13.0169
33859,9.0253
33860,6.03373
33861,13.0084
33862,5.01687
33863,11.0084
33864,12.0084
33865,1.01686
33866,1.0253
33867,16.0084
33868,16.0169
33869,1.0253
33870,8.00843
33871,10.0084
33872,10.0169
33873,3.00843
33874,3.01687
33875,9.00843
33876,7.01687
33877,5.0253
33878,1.00843
33879,1.01686
33880,18.0084
33881,8.01686
33882,5.0253
33883,1.03373
33884,1.04216
33885,18.0084
33886,14.0169
33887,2.0253
33888,18.0084
33889,14.0169
33890,5.0253
33891,3.03373
33892,6.00843
33893,6.01687
33894,3.00843
33895,12.0084
33896,10.0169
33897,8.0253
33898,8.03373
33899,3.04216
33900,17.0084
33901,8.01686
33902,8.0253
33903,1.03373
33904,12.0084
33905,10.0169
33906,5.0253
33907,5.03373
33908,6.00843
33909,6.01687
33910,1.0253
33911,10.0084
33912,1.01686
33913,15.0084
33914,15.0169
33915,13.0253
33916,5.03373
33917,5.04216
33918,1.05059
33919,1.05903
33920,13.0084
33921,13.0084
33922,10.0169
33923,5.0253
33924,11.0084
33925,8.01686
33926,8.0253
33927,8.03373
33928,3.04216
33929,2.05059
33930,7.00843
33931,18.0084
33932,10.0169
33933,5.0253
33934,10.0084
33935,7.01687
33936,20.0084
33937,14.0169
33938,13.0253
33939,2.03373
33940,9.00843
33941,3.00843
33942,3.00843
33943,14.0084
33944,18.0084
33945,18.0084
33946,18.0169
33947,18.0084
33948,8.01686
33949,10.0084
33950,7.01687
33951,3.00843
33952,6.00843
33953,14.0084
33954,14.0169
33955,12.0253
33956,7.03373
33957,10.0084
33958,8.00843
33959,5.01687
33960,16.0084
33961,1.01686
33962,1.0253
33963,1.03373
33964,12.0084
33965,10.0084
33966,8.01686
33967,5.0253
33968,14.0084
33969,9.01686
33970,1.00843
33971,12.0084
33972,10.0084
33973,7.01687
33974,3.0253
33975,5.00843
33976,3.01687
33977,2.0253
33978,6.00843
33979,3.01687
33980,7.00843
33981,5.01687
33982,8.00843
33983,8.01686
33984,12.0084
33985,7.01687
33986,6.00843
33987,1.00843
33988,9.00843
33989,14.0084
33990,1.01686
33991,15.0084
33992,14.0169
33993,8.00843
33994,14.0084
33995,6.01687
33996,5.00843
33997,12.0084
33998,6.00843
33999,7.00843
34000,1.00843
34001,6.00843
34002,5.01687
34003,14.0084
34004,8.01686
34005,10.0084
34006,7.01687
34007,3.0253
34008,1.03373
34009,12.0084
34010,5.00843
34011,1.01686
34012,2.00843
34013,16.0084
34014,10.0169
34015,3.0253
34016,6.00843
34017,3.01687
34018,15.0084
34019,7.01687
34020,7.00843
34021,14.0084
34022,12.0084
34023,1.01686
34024,1.0253
34025,13.0084
34026,10.0169
34027,10.0253
34028,7.03373
34029,1.04216
34030,3.00843
34031,2.01687
34032,5.00843
34033,3.01687
34034,6.00843
34035,16.0084
34036,7.01687
34037,7.0253
34038,5.03373
34039,1.00843
34040,10.0084
34041,13.0084
34042,8.01686
34043,5.0253
34044,5.03373
34045,5.04216
34046,5.05059
34047,1.05903
34048,10.0084
34049,7.01687
34050,6.0253
34051,6.03373
34052,5.04216
34053,5.05059
34054,7.00843
34055,16.0084
34056,16.0169
34057,5.0253
34058,9.00843
34059,5.01687
34060,1.0253
34061,14.0084
34062,3.01687
34063,1.0253
34064,13.0084
34065,11.0169
34066,3.0253
34067,12.0084
34068,8.01686
34069,14.0084
34070,13.0169
34071,1.0253
34072,10.0084
34073,10.0084
34074,3.01687
34075,7.00843
34076,7.01687
34077,7.0253
34078,1.00843
34079,17.0084
34080,14.0169
34081,1.0253
34082,19.0084
34083,15.0169
34084,8.0253
34085,16.0084
34086,14.0169
34087,12.0253
34088,18.0084
34089,18.0169
34090,10.0253
34091,7.03373
34092,19.0084
34093,8.01686
34094,14.0084
34095,12.0169
34096,12.0253
34097,7.03373
34098,8.00843
34099,13.0084
34100,1.01686
34101,1.0253
34102,14.0084
34103,1.00843
34104,12.0084
34105,5.01687
34106,19.0084
34107,1.01686
34108,1.0253
34109,1.03373
34110,1.04216
34111,1.00843
34112,3.00843
34113,10.0084
34114,9.01686
34115,5.00843
34116,14.0084
34117,12.0169
34118,15.0084
34119,13.0169
34120,8.0253
34121,3.03373
34122,1.04216
34123,1.00843
34124,13.0084
34125,5.01687
34126,5.0253
34127,3.03373
34128,12.0084
34129,7.00843
34130,17.0084
34131,8.01686
34132,3.0253
34133,1.03373
34134,12.0084
34135,10.0169
34136,3.0253
34137,1.03373
34138,1.04216
34139,17.0084
34140,10.0084
34141,3.01687
34142,3.0253
34143,13.0084
34144,13.0169
34145,3.0253
34146,17.0084
34147,18.0084
34148,18.0084
34149,5.01687
34150,10.0084
34151,9.00843
34152,8.00843
34153,1.01686
34154,5.00843
34155,12.0084
34156,1.01686
34157,1.0253
34158,1.03373
34159,1.00843
34160,12.0084
34161,3.01687
34162,8.00843
34163,14.0084
34164,10.0169
34165,9.0253
34166,7.03373
34167,5.04216
34168,6.00843
34169,7.00843
34170,19.0084
34171,12.0169
34172,5.0253
34173,13.0084
34174,13.0169
34175,1.0253
34176,11.0084
34177,10.0169
34178,1.0253
34179,16.0084
34180,4.01687
34181,3.00843
34182,18.0084
34183,16.0169
34184,5.0253
34185,8.00843
34186,6.01687
34187,12.0084
34188,2.00843
34189,1.01686
34190,17.0084
34191,10.0169
34192,8.0253
34193,19.0084
34194,13.0169
34195,13.0084
34196,14.0084
34197,13.0084
34198,14.0084
34199,18.0084
34200,8.01686
34201,1.0253
34202,18.0084
34203,1.01686
34204,11.0084
34205,5.00843
34206,10.0084
34207,10.0169
34208,9.0253
34209,7.00843
34210,3.00843
34211,1.00843
34212,9.00843
34213,3.01687
34214,16.0084
34215,16.0084
34216,17.0084
34217,17.0169
34218,18.0084
34219,14.0169
34220,20.0084
34221,12.0169
34222,10.0084
34223,18.0084
34224,12.0084
34225,3.01687
34226,6.00843
34227,2.01687
34228,1.00843
34229,7.00843
34230,8.00843
34231,7.01687
34232,5.0253
34233,4.03373
34234,5.00843
34235,5.01687
34236,3.00843
34237,18.0084
34238,12.0169
34239,5.0253
34240,3.00843
34241,1.01686
34242,10.0084
34243,7.01687
34244,3.0253
34245,8.00843
34246,10.0084
34247,2.00843
34248,7.00843
34249,5.01687
34250,14.0084
34251,5.01687
34252,5.00843
34253,5.01687
34254,1.0253
34255,1.03373
34256,16.0084
34257,14.0169
34258,12.0253
34259,5.03373
34260,1.04216
34261,7.00843
34262,1.01686
34263,8.00843
34264,7.01687
34265,3.0253
34266,5.00843
34267,8.00843
34268,1.01686
34269,16.0084
34270,13.0169
34271,10.0253
34272,5.03373
34273,1.00843
34274,10.0084
34275,5.01687
34276,1.0253
34277,20.0084
34278,3.01687
34279,3.00843
34280,8.00843
34281,5.01687
34282,16.0084
34283,14.0169
34284,2.00843
34285,8.00843
34286,8.01686
34287,5.0253
34288,16.0084
34289,10.0084
34290,10.0169
34291,5.00843
34292,18.0084
34293,5.01687
34294,8.00843
34295,7.00843
34296,5.01687
34297,13.0084
34298,16.0084
34299,1.01686
34300,9.00843
34301,10.0084
34302,8.00843
34303,5.01687
34304,19.0084
34305,16.0169
34306,5.00843
34307,19.0084
34308,1.01686
34309,14.0084
34310,7.00843
34311,14.0084
34312,14.0169
34313,10.0253
34314,7.03373
34315,15.0084
34316,5.01687
34317,12.0084
34318,11.0169
34319,10.0253
34320,1.03373
34321,7.00843
34322,1.00843
34323,9.00843
34324,3.01687
34325,1.00843
34326,12.0084
34327,7.01687
34328,18.0084
34329,12.0169
34330,1.0253
34331,10.0084
34332,10.0169
34333,10.0253
34334,9.00843
34335,6.01687
34336,7.00843
34337,1.00843
34338,1.01686
34339,18.0084
34340,8.01686
34341,14.0084
34342,12.0169
34343,12.0253
34344,7.03373
34345,1.00843
34346,13.0084
34347,8.01686
34348,6.0253
34349,3.00843
34350,3.01687
34351,6.00843
34352,8.00843
34353,7.01687
34354,8.00843
34355,9.00843
34356,12.0084
34357,8.00843
34358,8.01686
34359,5.0253
34360,5.00843
34361,5.01687
34362,1.0253
34363,2.00843
34364,1.01686
34365,8.00843
34366,1.01686
34367,3.00843
34368,3.01687
34369,18.0084
34370,3.01687
34371,2.0253
34372,9.00843
34373,6.01687
34374,6.0253
34375,17.0084
34376,8.01686
34377,15.0084
34378,8.00843
34379,1.01686
34380,18.0084
34381,18.0169
34382,20.0084
34383,18.0169
34384,16.0253
34385,16.0084
34386,1.00843
34387,8.00843
34388,8.00843
34389,8.00843
34390,1.01686
34391,9.00843
34392,10.0084
34393,11.0084
34394,5.01687
34395,7.00843
34396,5.01687
34397,10.0084
34398,16.0084
34399,14.0169
34400,10.0253
34401,5.03373
34402,16.0084
34403,1.01686
34404,3.00843
34405,17.0084
34406,10.0169
34407,12.0084
34408,5.01687
34409,5.0253
34410,4.03373
34411,1.04216
34412,8.00843
34413,14.0084
34414,7.01687
34415,5.0253
34416,8.00843
34417,9.00843
34418,10.0084
34419,20.0084
34420,11.0169
34421,10.0253
34422,18.0084
34423,12.0169
34424,8.00843
34425,13.0084
34426,17.0084
34427,5.01687
34428,5.0253
34429,7.00843
34430,5.00843
34431,5.00843
34432,1.00843
34433,1.00843
34434,10.0084
34435,1.01686
34436,7.00843
34437,12.0084
34438,12.0084
34439,4.01687
34440,14.0084
34441,14.0084
34442,8.01686
34443,7.0253
34444,16.0084
34445,10.0169
34446,5.0253
34447,10.0084
34448,10.0169
34449,8.0253
34450,7.03373
34451,3.00843
34452,16.0084
34453,12.0084
34454,12.0084
34455,5.01687
34456,13.0084
34457,6.00843
34458,16.0084
34459,7.01687
34460,18.0084
34461,8.01686
34462,5.0253
34463,5.03373
34464,1.04216
34465,10.0084
34466,2.01687
34467,1.0253
34468,7.00843
34469,6.01687
34470,5.0253
34471,8.00843
34472,8.01686
34473,8.0253
34474,14.0084
34475,7.01687
34476,1.0253
34477,10.0084
34478,10.0169
34479,10.0253
34480,12.0084
34481,7.00843
34482,8.00843
34483,16.0084
34484,1.01686
34485,16.0084
34486,5.01687
34487,1.0253
34488,10.0084
34489,5.01687
34490,1.0253
34491,9.00843
34492,7.01687
34493,14.0084
34494,7.01687
34495,13.0084
34496,13.0084
34497,8.01686
34498,14.0084
34499,8.00843
34500,1.01686
34501,13.0084
34502,5.01687
34503,7.00843
34504,17.0084
34505,17.0169
34506,8.0253
34507,3.03373
34508,8.00843
34509,7.01687
34510,7.0253
34511,5.03373
34512,8.00843
34513,8.00843
34514,5.01687
34515,1.00843
34516,16.0084
34517,5.01687
34518,1.0253
34519,8.00843
34520,1.01686
34521,8.00843
34522,3.01687
34523,16.0084
34524,16.0169
34525,12.0253
34526,5.03373
34527,5.04216
34528,3.00843
34529,1.00843
34530,18.0084
34531,8.01686
34532,7.0253
34533,3.00843
34534,1.01686
34535,13.0084
34536,10.0084
34537,8.01686
34538,12.0084
34539,15.0084
34540,20.0084
34541,18.0169
34542,16.0253
34543,11.0337
34544,8.04216
34545,1.00843
34546,16.0084
34547,5.00843
34548,1.00843
34549,19.0084
34550,15.0169
34551,7.0253
34552,3.03373
34553,1.00843
34554,8.00843
34555,5.01687
34556,5.0253
34557,20.0084
34558,17.0169
34559,10.0253
34560,8.00843
34561,8.01686
34562,2.0253
34563,8.00843
34564,1.01686
34565,12.0084
34566,11.0169
34567,7.0253
34568,3.00843
34569,9.00843
34570,16.0084
34571,5.01687
34572,18.0084
34573,14.0169
34574,12.0253
34575,12.0337
34576,12.0422
34577,17.0084
34578,15.0169
34579,13.0253
34580,12.0337
34581,2.04216
34582,8.00843
34583,3.01687
34584,12.0084
34585,13.0084
34586,12.0169
34587,7.0253
34588,19.0084
34589,8.01686
34590,8.0253
34591,18.0084
34592,9.01686
34593,5.00843
34594,16.0084
34595,13.0169
34596,12.0253
34597,8.03373
34598,16.0084
34599,10.0169
34600,7.0253
34601,1.03373
34602,14.0084
34603,14.0169
34604,16.0084
34605,3.00843
34606,8.00843
34607,3.01687
34608,19.0084
34609,7.01687
34610,3.0253
34611,9.00843
34612,7.01687
34613,3.00843
34614,5.00843
34615,2.01687
34616,1.0253
34617,10.0084
34618,7.01687
34619,2.0253
34620,8.00843
34621,1.01686
34622,14.0084
34623,5.00843
34624,10.0084
34625,6.01687
34626,5.0253
34627,7.00843
34628,1.01686
34629,18.0084
34630,16.0169
34631,12.0084
34632,9.01686
34633,8.0253
34634,16.0084
34635,10.0169
34636,1.0253
34637,17.0084
34638,16.0169
34639,13.0253
34640,12.0337
34641,13.0084
34642,12.0169
34643,12.0253
34644,7.03373
34645,15.0084
34646,11.0169
34647,8.00843
34648,8.00843
34649,17.0084
34650,16.0169
34651,2.0253
34652,12.0084
34653,7.00843
34654,5.01687
34655,18.0084
34656,20.0084
34657,19.0169
34658,12.0253
34659,3.03373
34660,2.04216
34661,5.00843
34662,1.01686
34663,8.00843
34664,8.00843
34665,3.00843
34666,12.0084
34667,16.0084
34668,10.0169
34669,10.0084
34670,7.01687
34671,2.00843
34672,13.0084
34673,11.0169
34674,5.0253
34675,1.03373
34676,1.04216
34677,14.0084
34678,7.01687
34679,16.0084
34680,15.0169
34681,7.0253
34682,16.0084
34683,5.01687
34684,5.0253
34685,3.03373
34686,16.0084
34687,7.00843
34688,8.00843
34689,5.01687
34690,1.0253
34691,1.03373
34692,3.00843
34693,10.0084
34694,6.00843
34695,4.01687
34696,3.0253
34697,13.0084
34698,8.01686
34699,7.0253
34700,3.03373
34701,1.04216
34702,14.0084
34703,10.0169
34704,5.0253
34705,15.0084
34706,5.01687
34707,18.0084
34708,3.01687
34709,1.0253
34710,18.0084
34711,12.0169
34712,17.0084
34713,16.0084
34714,7.01687
34715,7.0253
34716,14.0084
34717,12.0169
34718,8.00843
34719,13.0084
34720,12.0169
34721,10.0253
34722,14.0084
34723,15.0084
34724,8.00843
34725,3.01687
34726,1.0253
34727,1.03373
34728,10.0084
34729,5.01687
34730,1.0253
34731,7.00843
34732,8.00843
34733,5.01687
34734,16.0084
34735,12.0169
34736,10.0253
34737,10.0337
34738,8.04216
34739,1.05059
34740,10.0084
34741,14.0084
34742,3.01687
34743,3.00843
34744,17.0084
34745,1.01686
34746,10.0084
34747,6.01687
34748,1.0253
34749,3.00843
34750,5.00843
34751,5.01687
34752,3.0253
34753,7.00843
34754,1.01686
34755,16.0084
34756,16.0084
34757,10.0084
34758,15.0084
34759,12.0169
34760,14.0084
34761,9.00843
34762,12.0084
34763,8.00843
34764,14.0084
34765,7.00843
34766,7.01687
34767,5.0253
34768,5.03373
34769,7.00843
34770,14.0084
34771,8.01686
34772,8.0253
34773,10.0084
34774,3.01687
34775,3.0253
34776,3.03373
34777,10.0084
34778,8.01686
34779,7.0253
34780,8.00843
34781,3.01687
34782,3.0253
34783,16.0084
34784,10.0169
34785,18.0084
34786,18.0169
34787,10.0253
34788,10.0337
34789,7.00843
34790,5.00843
34791,1.00843
34792,3.00843
34793,16.0084
34794,1.01686
34795,18.0084
34796,1.01686
34797,20.0084
34798,3.01687
34799,1.0253
34800,8.00843
34801,18.0084
34802,10.0169
34803,17.0084
34804,10.0169
34805,1.00843
34806,1.01686
34807,14.0084
34808,5.01687
34809,7.00843
34810,14.0084
34811,18.0084
34812,10.0084
34813,8.01686
34814,3.0253
34815,3.03373
34816,3.04216
34817,16.0084
34818,6.01687
34819,3.0253
34820,14.0084
34821,8.01686
34822,8.0253
34823,8.00843
34824,14.0084
34825,7.01687
34826,1.00843
34827,12.0084
34828,5.01687
34829,15.0084
34830,16.0084
34831,10.0169
34832,1.00843
34833,6.00843
34834,3.01687
34835,5.00843
34836,7.00843
34837,2.01687
34838,1.0253
34839,8.00843
34840,8.00843
34841,10.0084
34842,10.0084
34843,8.01686
34844,4.0253
34845,12.0084
34846,1.01686
34847,1.0253
34848,12.0084
34849,7.01687
34850,12.0084
34851,12.0169
34852,8.0253
34853,14.0084
34854,11.0169
34855,8.0253
34856,17.0084
34857,11.0169
34858,8.0253
34859,1.03373
34860,1.04216
34861,18.0084
34862,1.01686
34863,16.0084
34864,5.01687
34865,20.0084
34866,15.0169
34867,1.0253
34868,12.0084
34869,7.01687
34870,7.00843
34871,1.01686
34872,14.0084
34873,5.01687
34874,10.0084
34875,6.01687
34876,3.0253
34877,16.0084
34878,13.0169
34879,1.0253
34880,7.00843
34881,8.00843
34882,1.01686
34883,16.0084
34884,10.0169
34885,10.0253
34886,8.03373
34887,5.04216
34888,1.05059
34889,1.05903
34890,10.0084
34891,7.01687
34892,5.00843
34893,15.0084
34894,13.0169
34895,12.0253
34896,12.0337
34897,6.04216
34898,19.0084
34899,14.0169
34900,13.0253
34901,13.0337
34902,15.0084
34903,8.01686
34904,8.0253
34905,15.0084
34906,12.0169
34907,8.0253
34908,16.0084
34909,10.0169
34910,18.0084
34911,16.0169
34912,12.0084
34913,12.0169
34914,8.0253
34915,7.03373
34916,1.00843
34917,20.0084
34918,10.0169
34919,5.0253
34920,16.0084
34921,13.0169
34922,8.0253
34923,8.00843
34924,8.01686
34925,3.0253
34926,1.03373
34927,12.0084
34928,12.0169
34929,1.0253
34930,14.0084
34931,12.0169
34932,7.0253
34933,8.00843
34934,1.01686
34935,1.0253
34936,9.00843
34937,8.01686
34938,17.0084
34939,6.00843
34940,5.00843
34941,12.0084
34942,1.01686
34943,10.0084
34944,12.0084
34945,10.0169
34946,19.0084
34947,5.01687
34948,14.0084
34949,12.0169
34950,6.0253
34951,1.03373
34952,9.00843
34953,18.0084
34954,3.01687
34955,5.00843
34956,5.01687
34957,12.0084
34958,6.01687
34959,14.0084
34960,7.01687
34961,7.0253
34962,7.03373
34963,8.00843
34964,8.01686
34965,16.0084
34966,8.00843
34967,1.00843
34968,3.00843
34969,1.01686
34970,10.0084
34971,8.01686
34972,3.0253
34973,8.00843
34974,16.0084
34975,16.0169
34976,18.0084
34977,14.0169
34978,14.0253
34979,1.03373
34980,14.0084
34981,8.01686
34982,10.0084
34983,5.01687
34984,15.0084
34985,12.0084
34986,8.01686
34987,12.0084
34988,16.0084
34989,10.0084
34990,16.0084
34991,10.0084
34992,1.01686
34993,12.0084
34994,5.01687
34995,6.00843
34996,3.01687
34997,13.0084
34998,8.01686
34999,5.00843
35000,10.0084
35001,12.0084
35002,10.0169
35003,7.0253
35004,5.00843
35005,1.01686
35006,1.0253
35007,6.00843
35008,2.01687
35009,3.00843
35010,15.0084
35011,5.01687
35012,12.0084
35013,6.01687
35014,15.0084
35015,5.01687
35016,1.0253
35017,15.0084
35018,18.0084
35019,3.01687
35020,1.0253
35021,12.0084
35022,10.0169
35023,3.0253
35024,7.00843
35025,8.00843
35026,10.0084
35027,8.00843
35028,7.01687
35029,1.0253
35030,16.0084
35031,8.01686
35032,2.0253
35033,9.00843
35034,8.00843
35035,12.0084
35036,7.01687
35037,14.0084
35038,10.0084
35039,1.01686
35040,3.00843
35041,1.01686
35042,16.0084
35043,16.0169
35044,12.0253
35045,4.03373
35046,3.00843
35047,1.01686
35048,12.0084
35049,10.0169
35050,3.00843
35051,2.01687
35052,14.0084
35053,8.01686
35054,9.00843
35055,18.0084
35056,16.0169
35057,8.0253
35058,7.00843
35059,1.01686
35060,12.0084
35061,12.0169
35062,13.0084
35063,8.01686
35064,16.0084
35065,10.0169
35066,8.0253
35067,8.03373
35068,3.04216
35069,1.05059
35070,15.0084
35071,14.0169
35072,11.0253
35073,10.0337
35074,10.0422
35075,7.05059
35076,17.0084
35077,12.0169
35078,7.0253
35079,18.0084
35080,3.01687
35081,3.0253
35082,1.03373
35083,12.0084
35084,12.0169
35085,14.0084
35086,17.0084
35087,10.0169
35088,3.0253
35089,19.0084
35090,14.0169
35091,7.0253
35092,10.0084
35093,10.0169
35094,1.0253
35095,6.00843
35096,6.01687
35097,4.00843
35098,17.0084
35099,16.0084
35100,16.0169
35101,7.0253
35102,8.00843
35103,8.01686
35104,3.00843
35105,5.00843
35106,3.00843
35107,13.0084
35108,5.01687
35109,14.0084
35110,10.0169
35111,13.0084
35112,9.01686
35113,3.0253
35114,12.0084
35115,13.0084
35116,16.0084
35117,12.0169
35118,10.0253
35119,7.03373
35120,1.04216
35121,8.00843
35122,9.00843
35123,2.01687
35124,1.00843
35125,14.0084
35126,5.01687
35127,6.00843
35128,8.00843
35129,1.00843
35130,20.0084
35131,10.0169
35132,3.0253
35133,12.0084
35134,7.01687
35135,5.0253
35136,3.03373
35137,13.0084
35138,3.01687
35139,1.0253
35140,13.0084
35141,14.0084
35142,14.0169
35143,7.00843
35144,19.0084
35145,16.0169
35146,12.0253
35147,18.0084
35148,6.01687
35149,7.00843
35150,3.01687
35151,10.0084
35152,8.01686
35153,3.0253
35154,20.0084
35155,8.01686
35156,1.0253
35157,18.0084
35158,13.0169
35159,6.0253
35160,14.0084
35161,3.01687
35162,8.00843
35163,20.0084
35164,8.01686
35165,1.0253
35166,4.00843
35167,7.00843
35168,5.01687
35169,11.0084
35170,7.01687
35171,1.0253
35172,13.0084
35173,10.0169
35174,8.0253
35175,2.03373
35176,13.0084
35177,3.01687
35178,14.0084
35179,10.0169
35180,1.0253
35181,16.0084
35182,8.01686
35183,1.0253
35184,1.03373
35185,9.00843
35186,16.0084
35187,7.01687
35188,5.0253
35189,3.03373
35190,1.04216
35191,4.00843
35192,3.00843
35193,1.00843
35194,5.00843
35195,5.01687
35196,2.0253
35197,16.0084
35198,13.0169
35199,12.0253
35200,7.03373
35201,1.04216
35202,10.0084
35203,7.01687
35204,11.0084
35205,5.01687
35206,13.0084
35207,3.01687
35208,12.0084
35209,8.01686
35210,1.0253
35211,16.0084
35212,15.0169
35213,14.0253
35214,13.0084
35215,14.0084
35216,12.0169
35217,18.0084
35218,18.0169
35219,3.0253
35220,3.03373
35221,3.04216
35222,1.05059
35223,7.00843
35224,18.0084
35225,7.01687
35226,1.0253
35227,18.0084
35228,20.0084
35229,8.01686
35230,14.0084
35231,7.01687
35232,14.0084
35233,10.0169
35234,16.0084
35235,7.01687
35236,1.0253
35237,9.00843
35238,6.01687
35239,5.00843
35240,2.01687
35241,16.0084
35242,14.0169
35243,1.00843
35244,18.0084
35245,14.0169
35246,8.0253
35247,17.0084
35248,8.01686
35249,6.0253
35250,3.03373
35251,16.0084
35252,10.0169
35253,8.0253
35254,7.03373
35255,17.0084
35256,10.0084
35257,10.0084
35258,8.01686
35259,14.0084
35260,1.01686
35261,1.0253
35262,12.0084
35263,5.01687
35264,13.0084
35265,13.0169
35266,11.0253
35267,8.00843
35268,5.01687
35269,1.0253
35270,10.0084
35271,8.01686
35272,5.0253
35273,3.03373
35274,10.0084
35275,6.01687
35276,3.0253
35277,1.00843
35278,8.00843
35279,1.01686
35280,1.0253
35281,6.00843
35282,8.00843
35283,1.01686
35284,8.00843
35285,13.0084
35286,10.0169
35287,6.00843
35288,6.01687
35289,12.0084
35290,12.0169
35291,2.0253
35292,16.0084
35293,14.0084
35294,12.0169
35295,10.0253
35296,8.03373
35297,5.00843
35298,8.00843
35299,13.0084
35300,12.0169
35301,12.0253
35302,8.03373
35303,12.0084
35304,8.01686
35305,7.0253
35306,1.00843
35307,1.01686
35308,1.00843
35309,1.01686
35310,6.00843
35311,3.01687
35312,3.00843
35313,8.00843
35314,8.01686
35315,7.00843
35316,7.01687
35317,5.0253
35318,5.03373
35319,9.00843
35320,5.01687
35321,12.0084
35322,10.0169
35323,18.0084
35324,8.01686
35325,10.0084
35326,15.0084
35327,13.0169
35328,16.0084
35329,14.0169
35330,12.0253
35331,5.03373
35332,13.0084
35333,12.0169
35334,1.0253
35335,16.0084
35336,16.0169
35337,8.00843
35338,3.01687
35339,14.0084
35340,1.01686
35341,3.00843
35342,16.0084
35343,5.00843
35344,14.0084
35345,3.00843
35346,10.0084
35347,12.0084
35348,10.0169
35349,8.00843
35350,14.0084
35351,14.0169
35352,10.0253
35353,8.00843
35354,6.01687
35355,17.0084
35356,12.0169
35357,10.0084
35358,8.01686
35359,6.0253
35360,1.03373
35361,13.0084
35362,19.0084
35363,10.0169
35364,1.0253
35365,10.0084
35366,10.0169
35367,1.0253
35368,18.0084
35369,10.0169
35370,5.0253
35371,5.03373
35372,5.04216
35373,16.0084
35374,7.01687
35375,1.0253
35376,8.00843
35377,8.01686
35378,18.0084
35379,10.0169
35380,9.0253
35381,4.03373
35382,1.04216
35383,5.00843
35384,5.01687
35385,5.0253
35386,13.0084
35387,5.01687
35388,13.0084
35389,12.0169
35390,10.0084
35391,8.01686
35392,16.0084
35393,14.0169
35394,10.0253
35395,8.03373
35396,5.04216
35397,11.0084
35398,7.01687
35399,16.0084
35400,1.00843
35401,1.01686
35402,15.0084
35403,14.0169
35404,16.0084
35405,10.0169
35406,10.0253
35407,1.03373
35408,18.0084
35409,14.0169
35410,5.0253
35411,16.0084
35412,15.0169
35413,12.0253
35414,18.0084
35415,13.0169
35416,20.0084
35417,9.01686
35418,5.0253
35419,1.00843
35420,1.01686
35421,1.0253
35422,1.03373
35423,9.00843
35424,8.01686
35425,14.0084
35426,5.00843
35427,5.00843
35428,5.01687
35429,3.0253
35430,3.03373
35431,1.04216
35432,1.05059
35433,5.00843
35434,5.01687
35435,1.0253
35436,16.0084
35437,8.01686
35438,7.0253
35439,5.03373
35440,18.0084
35441,10.0169
35442,10.0253
35443,1.03373
35444,15.0084
35445,8.01686
35446,5.00843
35447,13.0084
35448,12.0169
35449,12.0253
35450,10.0337
35451,8.04216
35452,11.0084
35453,11.0169
35454,10.0084
35455,12.0084
35456,8.01686
35457,17.0084
35458,14.0169
35459,7.0253
35460,18.0084
35461,12.0169
35462,12.0253
35463,5.03373
35464,5.04216
35465,17.0084
35466,5.00843
35467,1.01686
35468,1.0253
35469,18.0084
35470,17.0169
35471,8.0253
35472,1.00843
35473,1.01686
35474,10.0084
35475,5.01687
35476,3.0253
35477,5.00843
35478,3.00843
35479,8.00843
35480,5.01687
35481,2.0253
35482,12.0084
35483,8.01686
35484,3.0253
35485,14.0084
35486,10.0169
35487,10.0253
35488,5.03373
35489,12.0084
35490,5.01687
35491,7.00843
35492,7.01687
35493,6.0253
35494,3.03373
35495,12.0084
35496,10.0169
35497,10.0253
35498,14.0084
35499,14.0169
35500,14.0084
35501,8.01686
35502,7.0253
35503,5.03373
35504,5.00843
35505,1.01686
35506,5.00843
35507,7.00843
35508,4.01687
35509,20.0084
35510,12.0169
35511,8.0253
35512,8.03373
35513,1.04216
35514,11.0084
35515,10.0169
35516,9.0253
35517,7.03373
35518,5.04216
35519,5.05059
35520,20.0084
35521,8.01686
35522,1.0253
35523,12.0084
35524,8.01686
35525,10.0084
35526,8.01686
35527,7.0253
35528,15.0084
35529,12.0169
35530,1.0253
35531,16.0084
35532,10.0084
35533,7.01687
35534,3.00843
35535,1.01686
35536,13.0084
35537,14.0084
35538,10.0169
35539,7.0253
35540,16.0084
35541,15.0169
35542,8.0253
35543,16.0084
35544,9.01686
35545,8.0253
35546,9.00843
35547,6.01687
35548,1.0253
35549,1.03373
35550,13.0084
35551,5.00843
35552,14.0084
35553,8.01686
35554,8.00843
35555,7.01687
35556,5.0253
35557,7.00843
35558,1.00843
35559,20.0084
35560,12.0169
35561,16.0084
35562,7.01687
35563,5.0253
35564,5.03373
35565,18.0084
35566,17.0169
35567,10.0084
35568,6.01687
35569,5.0253
35570,18.0084
35571,8.00843
35572,8.01686
35573,5.0253
35574,10.0084
35575,5.01687
35576,3.0253
35577,17.0084
35578,5.01687
35579,1.00843
35580,1.01686
35581,14.0084
35582,8.01686
35583,3.00843
35584,10.0084
35585,5.01687
35586,1.00843
35587,8.00843
35588,1.01686
35589,1.0253
35590,13.0084
35591,14.0084
35592,10.0169
35593,3.0253
35594,12.0084
35595,10.0084
35596,3.01687
35597,3.0253
35598,18.0084
35599,12.0084
35600,5.01687
35601,1.0253
35602,1.03373
35603,6.00843
35604,9.00843
35605,12.0084
35606,1.01686
35607,13.0084
35608,8.00843
35609,3.01687
35610,16.0084
35611,12.0169
35612,1.0253
35613,15.0084
35614,14.0169
35615,14.0253
35616,1.03373
35617,18.0084
35618,17.0169
35619,16.0253
35620,8.00843
35621,3.01687
35622,1.00843
35623,14.0084
35624,3.00843
35625,1.00843
35626,10.0084
35627,3.01687
35628,15.0084
35629,14.0169
35630,13.0253
35631,7.03373
35632,18.0084
35633,8.01686
35634,16.0084
35635,6.01687
35636,1.0253
35637,3.00843
35638,3.01687
35639,3.0253
35640,14.0084
35641,3.01687
35642,1.0253
35643,5.00843
35644,1.01686
35645,3.00843
35646,1.01686
35647,8.00843
35648,12.0084
35649,9.00843
35650,5.01687
35651,14.0084
35652,8.00843
35653,3.01687
35654,5.00843
35655,3.00843
35656,5.00843
35657,7.00843
35658,1.01686
35659,1.0253
35660,3.00843
35661,15.0084
35662,13.0169
35663,3.0253
35664,14.0084
35665,10.0084
35666,6.01687
35667,6.0253
35668,16.0084
35669,3.01687
35670,16.0084
35671,3.01687
35672,1.0253
35673,1.03373
35674,14.0084
35675,10.0169
35676,9.0253
35677,1.03373
35678,3.00843
35679,1.01686
35680,17.0084
35681,17.0169
35682,5.0253
35683,1.03373
35684,12.0084
35685,5.01687
35686,16.0084
35687,7.01687
35688,7.0253
35689,6.03373
35690,10.0084
35691,8.01686
35692,1.0253
35693,10.0084
35694,5.01687
35695,1.0253
35696,13.0084
35697,13.0169
35698,10.0253
35699,12.0084
35700,12.0169
35701,8.0253
35702,19.0084
35703,6.01687
35704,5.0253
35705,1.00843
35706,18.0084
35707,5.01687
35708,5.0253
35709,17.0084
35710,1.01686
35711,14.0084
35712,12.0169
35713,12.0253
35714,6.03373
35715,1.04216
35716,16.0084
35717,14.0169
35718,13.0253
35719,5.03373
35720,1.04216
35721,17.0084
35722,14.0169
35723,8.0253
35724,8.03373
35725,19.0084
35726,1.01686
35727,16.0084
35728,18.0084
35729,14.0084
35730,8.01686
35731,12.0084
35732,1.01686
35733,8.00843
35734,7.00843
35735,6.01687
35736,6.0253
35737,10.0084
35738,7.01687
35739,5.0253
35740,3.03373
35741,7.00843
35742,1.01686
35743,8.00843
35744,3.01687
35745,2.0253
35746,9.00843
35747,5.00843
35748,14.0084
35749,1.01686
35750,12.0084
35751,5.00843
35752,3.01687
35753,2.0253
35754,14.0084
35755,16.0084
35756,15.0169
35757,8.0253
35758,5.03373
35759,15.0084
35760,12.0169
35761,12.0084
35762,20.0084
35763,12.0169
35764,10.0253
35765,13.0084
35766,10.0169
35767,5.00843
35768,5.01687
35769,6.00843
35770,4.01687
35771,1.0253
35772,13.0084
35773,12.0169
35774,1.0253
35775,14.0084
35776,8.01686
35777,7.0253
35778,3.03373
35779,8.00843
35780,1.01686
35781,18.0084
35782,15.0169
35783,1.0253
35784,15.0084
35785,12.0169
35786,8.0253
35787,7.03373
35788,6.04216
35789,8.00843
35790,12.0084
35791,7.01687
35792,12.0084
35793,12.0169
35794,1.0253
35795,7.00843
35796,8.00843
35797,3.01687
35798,15.0084
35799,14.0169
35800,14.0084
35801,14.0169
35802,1.00843
35803,12.0084
35804,7.01687
35805,14.0084
35806,5.01687
35807,6.00843
35808,8.00843
35809,14.0084
35810,14.0084
35811,10.0169
35812,8.0253
35813,5.03373
35814,8.00843
35815,1.01686
35816,1.0253
35817,1.00843
35818,14.0084
35819,5.00843
35820,1.01686
35821,16.0084
35822,16.0169
35823,3.00843
35824,5.00843
35825,10.0084
35826,1.00843
35827,2.00843
35828,11.0084
35829,13.0084
35830,3.00843
35831,15.0084
35832,16.0084
35833,13.0169
35834,16.0084
35835,3.01687
35836,3.00843
35837,17.0084
35838,5.01687
35839,12.0084
35840,7.01687
35841,3.0253
35842,16.0084
35843,12.0084
35844,10.0169
35845,8.00843
35846,7.00843
35847,10.0084
35848,11.0084
35849,7.01687
35850,1.0253
35851,7.00843
35852,12.0084
35853,8.01686
35854,8.00843
35855,13.0084
35856,10.0169
35857,7.0253
35858,7.03373
35859,5.04216
35860,14.0084
35861,14.0169
35862,6.0253
35863,6.03373
35864,5.04216
35865,12.0084
35866,10.0169
35867,17.0084
35868,16.0169
35869,8.0253
35870,14.0084
35871,10.0169
35872,7.00843
35873,5.00843
35874,14.0084
35875,7.01687
35876,2.0253
35877,10.0084
35878,10.0169
35879,2.0253
35880,1.03373
35881,16.0084
35882,1.01686
35883,16.0084
35884,16.0084
35885,5.01687
35886,14.0084
35887,6.01687
35888,7.00843
35889,5.01687
35890,8.00843
35891,1.00843
35892,1.01686
35893,11.0084
35894,10.0169
35895,13.0084
35896,7.01687
35897,3.0253
35898,3.03373
35899,7.00843
35900,6.01687
35901,15.0084
35902,3.01687
35903,6.00843
35904,15.0084
35905,6.01687
35906,18.0084
35907,8.01686
35908,5.0253
35909,4.03373
35910,3.04216
35911,18.0084
35912,7.00843
35913,10.0084
35914,13.0084
35915,5.01687
35916,13.0084
35917,1.01686
35918,6.00843
35919,14.0084
35920,8.01686
35921,18.0084
35922,1.01686
35923,7.00843
35924,3.01687
35925,12.0084
35926,3.01687
35927,3.0253
35928,14.0084
35929,3.01687
35930,6.00843
35931,3.01687
35932,16.0084
35933,7.01687
35934,3.0253
35935,6.00843
35936,18.0084
35937,1.01686
35938,18.0084
35939,8.01686
35940,11.0084
35941,8.00843
35942,5.01687
35943,20.0084
35944,10.0169
35945,3.0253
35946,14.0084
35947,7.01687
35948,5.0253
35949,10.0084
35950,1.01686
35951,1.0253
35952,1.03373
35953,12.0084
35954,8.01686
35955,8.0253
35956,5.03373
35957,1.04216
35958,3.00843
35959,2.01687
35960,13.0084
35961,5.01687
35962,5.0253
35963,5.03373
35964,5.04216
35965,3.05059
35966,3.05903
35967,3.06746
35968,15.0084
35969,8.01686
35970,12.0084
35971,12.0169
35972,20.0084
35973,8.01686
35974,8.0253
35975,8.00843
35976,17.0084
35977,1.01686
35978,8.00843
35979,5.01687
35980,17.0084
35981,14.0169
35982,17.0084
35983,12.0169
35984,5.0253
35985,1.03373
35986,16.0084
35987,14.0169
35988,12.0253
35989,18.0084
35990,3.01687
35991,3.0253
35992,10.0084
35993,10.0169
35994,7.0253
35995,16.0084
35996,14.0169
35997,1.0253
35998,10.0084
35999,8.01686
36000,1.0253
36001,8.00843
36002,20.0084
36003,10.0169
36004,20.0084
36005,5.01687
36006,3.0253
36007,3.00843
36008,1.00843
36009,1.01686
36010,14.0084
36011,14.0084
36012,1.00843
36013,18.0084
36014,16.0169
36015,15.0253
36016,8.00843
36017,14.0084
36018,2.01687
36019,8.00843
36020,1.01686
36021,14.0084
36022,3.01687
36023,6.00843
36024,6.01687
36025,3.0253
36026,1.03373
36027,11.0084
36028,5.00843
36029,12.0084
36030,1.01686
36031,14.0084
36032,14.0169
36033,12.0253
36034,5.03373
36035,10.0084
36036,1.01686
36037,12.0084
36038,7.01687
36039,5.0253
36040,5.03373
36041,15.0084
36042,5.01687
36043,3.0253
36044,13.0084
36045,11.0169
36046,7.0253
36047,1.03373
36048,12.0084
36049,8.01686
36050,8.0253
36051,8.03373
36052,5.04216
36053,20.0084
36054,12.0084
36055,12.0084
36056,13.0084
36057,12.0169
36058,10.0253
36059,7.00843
36060,1.00843
36061,8.00843
36062,8.01686
36063,1.0253
36064,10.0084
36065,11.0084
36066,1.01686
36067,8.00843
36068,14.0084
36069,14.0084
36070,5.00843
36071,5.00843
36072,8.00843
36073,7.00843
36074,12.0084
36075,10.0169
36076,5.0253
36077,6.00843
36078,5.01687
36079,5.0253
36080,10.0084
36081,5.01687
36082,15.0084
36083,17.0084
36084,13.0169
36085,13.0253
36086,13.0084
36087,5.00843
36088,2.01687
36089,16.0084
36090,8.01686
36091,8.00843
36092,3.01687
36093,16.0084
36094,10.0084
36095,8.01686
36096,1.0253
36097,1.03373
36098,7.00843
36099,7.01687
36100,12.0084
36101,8.01686
36102,3.0253
36103,7.00843
36104,18.0084
36105,5.01687
36106,7.00843
36107,5.00843
36108,9.00843
36109,2.00843
36110,7.00843
36111,6.01687
36112,8.00843
36113,5.01687
36114,1.0253
36115,1.03373
36116,10.0084
36117,10.0084
36118,5.01687
36119,10.0084
36120,3.01687
36121,13.0084
36122,12.0169
36123,7.0253
36124,5.00843
36125,1.01686
36126,1.0253
36127,3.00843
36128,1.01686
36129,12.0084
36130,8.01686
36131,12.0084
36132,8.01686
36133,8.0253
36134,5.03373
36135,5.04216
36136,1.05059
36137,1.05903
36138,18.0084
36139,7.00843
36140,5.01687
36141,16.0084
36142,15.0084
36143,14.0084
36144,9.01686
36145,5.0253
36146,18.0084
36147,12.0169
36148,8.0253
36149,13.0084
36150,1.01686
36151,20.0084
36152,8.01686
36153,10.0084
36154,5.01687
36155,10.0084
36156,20.0084
36157,6.01687
36158,14.0084
36159,13.0169
36160,7.0253
36161,1.03373
36162,14.0084
36163,11.0169
36164,8.0253
36165,16.0084
36166,8.01686
36167,12.0084
36168,16.0084
36169,1.01686
36170,10.0084
36171,15.0084
36172,16.0084
36173,3.00843
36174,8.00843
36175,7.01687
36176,1.0253
36177,8.00843
36178,3.01687
36179,20.0084
36180,1.01686
36181,5.00843
36182,1.01686
36183,4.00843
36184,12.0084
36185,15.0084
36186,8.01686
36187,6.0253
36188,3.03373
36189,7.00843
36190,3.00843
36191,3.01687
36192,1.0253
36193,8.00843
36194,6.01687
36195,20.0084
36196,12.0169
36197,7.0253
36198,5.03373
36199,1.04216
36200,1.00843
36201,8.00843
36202,8.00843
36203,20.0084
36204,12.0084
36205,16.0084
36206,7.00843
36207,18.0084
36208,3.01687
36209,16.0084
36210,17.0084
36211,8.01686
36212,5.00843
36213,8.00843
36214,5.01687
36215,7.00843
36216,5.01687
36217,8.00843
36218,16.0084
36219,12.0084
36220,15.0084
36221,12.0169
36222,10.0253
36223,8.03373
36224,2.04216
36225,2.05059
36226,18.0084
36227,5.01687
36228,10.0084
36229,5.01687
36230,1.0253
36231,16.0084
36232,14.0169
36233,14.0084
36234,8.01686
36235,1.0253
36236,1.00843
36237,18.0084
36238,5.00843
36239,18.0084
36240,18.0169
36241,16.0253
36242,8.03373
36243,6.04216
36244,5.05059
36245,8.00843
36246,1.01686
36247,14.0084
36248,1.01686
36249,1.0253
36250,1.03373
36251,5.00843
36252,3.00843
36253,5.00843
36254,5.00843
36255,14.0084
36256,14.0169
36257,8.0253
36258,10.0084
36259,7.01687
36260,3.0253
36261,1.03373
36262,1.04216
36263,7.00843
36264,7.01687
36265,14.0084
36266,5.01687
36267,3.0253
36268,3.03373
36269,5.00843
36270,20.0084
36271,15.0169
36272,11.0253
36273,8.03373
36274,10.0084
36275,17.0084
36276,8.01686
36277,8.0253
36278,7.03373
36279,6.04216
36280,20.0084
36281,7.01687
36282,7.00843
36283,12.0084
36284,13.0084
36285,10.0169
36286,8.0253
36287,1.03373
36288,14.0084
36289,2.01687
36290,15.0084
36291,12.0169
36292,8.00843
36293,1.01686
36294,1.00843
36295,8.00843
36296,5.01687
36297,4.0253
36298,1.03373
36299,7.00843
36300,3.01687
36301,17.0084
36302,7.01687
36303,5.0253
36304,1.03373
36305,7.00843
36306,1.01686
36307,6.00843
36308,5.01687
36309,10.0084
36310,10.0169
36311,5.0253
36312,8.00843
36313,7.01687
36314,14.0084
36315,10.0169
36316,7.00843
36317,10.0084
36318,6.01687
36319,14.0084
36320,14.0169
36321,7.0253
36322,5.03373
36323,10.0084
36324,5.01687
36325,3.0253
36326,3.03373
36327,8.00843
36328,12.0084
36329,7.01687
36330,10.0084
36331,11.0084
36332,3.01687
36333,3.0253
36334,8.00843
36335,1.01686
36336,16.0084
36337,14.0169
36338,14.0084
36339,8.01686
36340,3.00843
36341,14.0084
36342,18.0084
36343,13.0084
36344,7.01687
36345,5.0253
36346,8.00843
36347,5.01687
36348,8.00843
36349,1.01686
36350,7.00843
36351,3.01687
36352,12.0084
36353,11.0169
36354,8.0253
36355,13.0084
36356,12.0169
36357,10.0084
36358,6.01687
36359,1.00843
36360,18.0084
36361,13.0169
36362,10.0084
36363,12.0084
36364,10.0084
36365,5.01687
36366,12.0084
36367,8.01686
36368,3.0253
36369,1.00843
36370,13.0084
36371,19.0084
36372,13.0169
36373,3.0253
36374,3.03373
36375,16.0084
36376,5.00843
36377,1.00843
36378,1.01686
36379,8.00843
36380,14.0084
36381,10.0169
36382,3.0253
36383,5.00843
36384,3.01687
36385,1.0253
36386,3.00843
36387,8.00843
36388,7.01687
36389,7.0253
36390,3.03373
36391,14.0084
36392,14.0169
36393,8.0253
36394,1.00843
36395,7.00843
36396,10.0084
36397,16.0084
36398,12.0169
36399,11.0253
36400,13.0084
36401,1.00843
36402,1.01686
36403,16.0084
36404,16.0169
36405,16.0253
36406,15.0337
36407,7.04216
36408,1.05059
36409,10.0084
36410,9.00843
36411,8.00843
36412,14.0084
36413,6.01687
36414,5.0253
36415,1.03373
36416,7.00843
36417,10.0084
36418,3.01687
36419,3.0253
36420,18.0084
36421,3.01687
36422,1.0253
36423,19.0084
36424,12.0169
36425,8.00843
36426,12.0084
36427,1.01686
36428,1.0253
36429,14.0084
36430,9.01686
36431,3.00843
36432,2.01687
36433,5.00843
36434,16.0084
36435,12.0169
36436,3.0253
36437,3.03373
36438,13.0084
36439,8.00843
36440,5.01687
36441,10.0084
36442,9.01686
36443,7.00843
36444,17.0084
36445,8.01686
36446,8.0253
36447,8.03373
36448,1.04216
36449,18.0084
36450,17.0084
36451,12.0169
36452,16.0084
36453,13.0084
36454,8.01686
36455,1.00843
36456,1.01686
36457,15.0084
36458,14.0084
36459,3.01687
36460,5.00843
36461,3.01687
36462,12.0084
36463,10.0169
36464,6.0253
36465,1.03373
36466,12.0084
36467,12.0084
36468,3.01687
36469,1.00843
36470,10.0084
36471,8.00843
36472,18.0084
36473,13.0084
36474,10.0169
36475,16.0084
36476,14.0084
36477,19.0084
36478,8.01686
36479,8.00843
36480,18.0084
36481,18.0169
36482,13.0253
36483,1.03373
36484,20.0084
36485,8.01686
36486,5.0253
36487,18.0084
36488,2.01687
36489,1.0253
36490,1.00843
36491,5.00843
36492,8.00843
36493,5.01687
36494,5.0253
36495,5.00843
36496,20.0084
36497,10.0169
36498,10.0253
36499,7.00843
36500,15.0084
36501,3.01687
36502,12.0084
36503,15.0084
36504,5.01687
36505,1.0253
36506,16.0084
36507,14.0169
36508,14.0253
36509,1.03373
36510,14.0084
36511,12.0169
36512,1.0253
36513,16.0084
36514,13.0169
36515,10.0253
36516,3.03373
36517,19.0084
36518,15.0169
36519,7.0253
36520,14.0084
36521,1.01686
36522,7.00843
36523,17.0084
36524,19.0084
36525,18.0169
36526,14.0253
36527,1.03373
36528,10.0084
36529,8.01686
36530,6.0253
36531,16.0084
36532,14.0169
36533,16.0084
36534,4.01687
36535,5.00843
36536,10.0084
36537,3.01687
36538,8.00843
36539,7.01687
36540,7.0253
36541,1.03373
36542,12.0084
36543,9.00843
36544,5.01687
36545,3.0253
36546,14.0084
36547,8.01686
36548,6.0253
36549,4.03373
36550,8.00843
36551,8.00843
36552,16.0084
36553,7.00843
36554,14.0084
36555,1.01686
36556,14.0084
36557,12.0169
36558,1.0253
36559,12.0084
36560,3.01687
36561,17.0084
36562,14.0169
36563,19.0084
36564,16.0169
36565,16.0084
36566,5.01687
36567,1.0253
36568,17.0084
36569,8.01686
36570,17.0084
36571,12.0084
36572,10.0169
36573,18.0084
36574,7.00843
36575,1.01686
36576,13.0084
36577,8.01686
36578,8.0253
36579,3.00843
36580,3.01687
36581,10.0084
36582,10.0169
36583,12.0084
36584,8.01686
36585,14.0084
36586,10.0169
36587,10.0253
36588,7.00843
36589,5.01687
36590,14.0084
36591,8.01686
36592,8.0253
36593,1.03373
36594,3.00843
36595,1.01686
36596,12.0084
36597,2.01687
36598,1.00843
36599,5.00843
36600,3.01687
36601,16.0084
36602,5.01687
36603,1.0253
36604,18.0084
36605,6.01687
36606,5.0253
36607,10.0084
36608,7.01687
36609,7.0253
36610,16.0084
36611,10.0084
36612,10.0084
36613,5.00843
36614,8.00843
36615,14.0084
36616,13.0169
36617,12.0253
36618,12.0337
36619,10.0084
36620,14.0084
36621,12.0169
36622,11.0253
36623,10.0337
36624,1.04216
36625,12.0084
36626,3.00843
36627,5.00843
36628,18.0084
36629,5.00843
36630,3.01687
36631,8.00843
36632,3.01687
36633,3.00843
36634,8.00843
36635,10.0084
36636,6.01687
36637,5.0253
36638,5.03373
36639,3.04216
36640,1.05059
36641,12.0084
36642,9.01686
36643,8.0253
36644,3.03373
36645,14.0084
36646,13.0169
36647,10.0253
36648,1.03373
36649,9.00843
36650,8.00843
36651,5.01687
36652,5.0253
36653,12.0084
36654,5.00843
36655,1.01686
36656,8.00843
36657,5.01687
36658,20.0084
36659,13.0169
36660,3.00843
36661,1.01686
36662,1.0253
36663,13.0084
36664,3.01687
36665,14.0084
36666,16.0084
36667,5.01687
36668,5.0253
36669,12.0084
36670,12.0169
36671,1.0253
36672,1.03373
36673,14.0084
36674,1.01686
36675,1.0253
36676,10.0084
36677,10.0169
36678,12.0084
36679,3.01687
36680,3.0253
36681,12.0084
36682,8.01686
36683,5.0253
36684,3.00843
36685,9.00843
36686,16.0084
36687,8.01686
36688,9.00843
36689,8.01686
36690,8.0253
36691,3.03373
36692,8.00843
36693,1.01686
36694,1.0253
36695,16.0084
36696,1.01686
36697,7.00843
36698,5.01687
36699,3.0253
36700,17.0084
36701,14.0169
36702,5.0253
36703,2.03373
36704,1.04216
36705,5.00843
36706,3.01687
36707,7.00843
36708,8.00843
36709,10.0084
36710,9.01686
36711,1.0253
36712,10.0084
36713,8.01686
36714,13.0084
36715,5.01687
36716,20.0084
36717,8.01686
36718,7.0253
36719,5.03373
36720,10.0084
36721,8.01686
36722,16.0084
36723,8.01686
36724,18.0084
36725,10.0169
36726,12.0084
36727,12.0169
36728,8.0253
36729,14.0084
36730,5.00843
36731,1.01686
36732,16.0084
36733,3.01687
36734,19.0084
36735,1.01686
36736,9.00843
36737,14.0084
36738,3.01687
36739,3.0253
36740,8.00843
36741,8.00843
36742,6.01687
36743,8.00843
36744,6.01687
36745,1.0253
36746,5.00843
36747,5.01687
36748,8.00843
36749,12.0084
36750,8.01686
36751,8.0253
36752,1.03373
36753,10.0084
36754,16.0084
36755,8.01686
36756,17.0084
36757,7.01687
36758,1.00843
36759,1.01686
36760,2.00843
36761,17.0084
36762,10.0169
36763,3.0253
36764,4.00843
36765,17.0084
36766,5.01687
36767,15.0084
36768,8.01686
36769,8.0253
36770,6.03373
36771,1.04216
36772,17.0084
36773,7.01687
36774,7.0253
36775,8.00843
36776,3.01687
36777,10.0084
36778,10.0169
36779,8.0253
36780,8.03373
36781,20.0084
36782,12.0084
36783,10.0169
36784,13.0084
36785,18.0084
36786,17.0084
36787,18.0084
36788,16.0169
36789,19.0084
36790,19.0169
36791,18.0084
36792,20.0084
