seq_num,delay_ms
0,1.00843
1,1.00843
2,3.00843
3,3.01687
4,3.0253
5,3.03373
6,1.04216
7,5.00843
8,5.01687
9,5.0253
10,8.00843
11,10.0084
12,1.01686
13,12.0084
14,8.01686
15,8.0253
16,2.03373
17,7.00843
18,1.01686
19,10.0084
20,8.01686
21,5.0253
22,15.0084
23,8.01686
24,5.0253
25,12.0084
26,12.0169
27,10.0253
28,5.03373
29,8.00843
30,7.01687
31,8.00843
32,2.01687
33,13.0084
34,8.01686
35,8.0253
36,16.0084
37,14.0169
38,11.0084
39,9.01686
40,7.00843
41,15.0084
42,10.0169
43,7.0253
44,14.0084
45,3.00843
46,3.01687
47,1.0253
48,3.00843
49,13.0084
50,10.0169
51,10.0253
52,3.00843
53,1.01686
54,1.0253
55,3.00843
56,9.00843
57,8.01686
58,10.0084
59,5.01687
60,5.0253
61,8.00843
62,13.0084
63,9.01686
64,8.0253
65,8.03373
66,8.04216
67,3.05059
68,6.00843
69,5.00843
70,8.00843
71,1.01686
72,14.0084
73,12.0169
74,8.0253
75,7.03373
76,10.0084
77,12.0084
78,10.0169
79,5.0253
80,2.03373
81,10.0084
82,3.01687
83,18.0084
84,18.0169
85,7.0253
86,15.0084
87,12.0169
88,12.0253
89,8.03373
90,16.0084
91,3.00843
92,12.0084
93,8.01686
94,18.0084
95,14.0169
96,8.0253
97,5.00843
98,1.01686
99,12.0084
100,16.0084
101,8.01686
102,1.00843
103,15.0084
104,15.0169
105,12.0253
106,4.00843
107,1.01686
108,20.0084
109,6.01687
110,8.00843
111,5.00843
112,7.00843
113,10.0084
114,14.0084
115,13.0169
116,1.0253
117,18.0084
118,8.01686
119,13.0084
120,10.0169
121,3.0253
122,12.0084
123,4.01687
124,10.0084
125,16.0084
126,14.0169
127,10.0084
128,8.01686
129,8.00843
130,1.00843
131,3.00843
132,12.0084
133,1.00843
134,6.00843
135,1.00843
136,12.0084
137,14.0084
138,7.01687
139,5.00843
140,17.0084
141,6.01687
142,3.0253
143,2.03373
144,8.00843
145,20.0084
146,6.01687
147,8.00843
148,7.00843
149,6.01687
150,7.00843
151,7.01687
152,1.0253
153,1.03373
154,13.0084
155,12.0169
156,8.0253
157,7.00843
158,3.01687
159,10.0084
160,7.01687
161,12.0084
162,14.0084
163,7.01687
164,7.0253
165,14.0084
166,8.01686
167,8.0253
168,8.03373
169,1.00843
170,5.00843
171,1.01686
172,20.0084
173,8.00843
174,9.00843
175,8.01686
176,3.0253
177,1.03373
178,19.0084
179,5.01687
180,12.0084
181,1.01686
182,9.00843
183,8.01686
184,5.0253
185,10.0084
186,5.01687
187,12.0084
188,12.0169
189,8.00843
190,12.0084
191,12.0169
192,5.0253
193,6.00843
194,5.00843
195,1.01686
196,15.0084
197,12.0169
198,10.0253
199,19.0084
200,8.01686
201,8.00843
202,1.01686
203,15.0084
204,5.01687
205,12.0084
206,14.0084
207,14.0084
208,10.0169
209,6.0253
210,7.00843
211,7.01687
212,3.0253
213,1.00843
214,1.01686
215,17.0084
216,12.0169
217,8.0253
218,15.0084
219,4.01687
220,3.0253
221,18.0084
222,2.00843
223,14.0084
224,8.01686
225,6.0253
226,7.00843
227,5.01687
228,1.00843
229,15.0084
230,1.00843
231,12.0084
232,8.01686
233,8.0253
234,1.00843
235,8.00843
236,7.01687
237,7.0253
238,14.0084
239,8.01686
240,8.0253
241,3.03373
242,10.0084
243,9.01686
244,8.0253
245,10.0084
246,10.0169
247,5.0253
248,12.0084
249,16.0084
250,1.01686
251,15.0084
252,13.0169
253,14.0084
254,1.01686
255,20.0084
256,16.0084
257,18.0084
258,16.0084
259,2.01687
260,8.00843
261,1.01686
262,17.0084
263,8.01686
264,7.0253
265,8.00843
266,12.0084
267,10.0169
268,20.0084
269,12.0084
270,3.01687
271,8.00843
272,8.01686
273,5.0253
274,12.0084
275,10.0169
276,7.0253
277,3.03373
278,8.00843
279,8.01686
280,9.00843
281,10.0084
282,13.0084
283,12.0084
284,10.0169
285,1.00843
286,8.00843
287,9.00843
288,5.01687
289,3.0253
290,14.0084
291,6.01687
292,6.0253
293,6.03373
294,14.0084
295,11.0169
296,14.0084
297,7.00843
298,3.01687
299,11.0084
300,8.01686
301,5.0253
302,3.03373
303,5.00843
304,5.01687
305,18.0084
306,12.0169
307,2.0253
308,1.03373
309,8.00843
310,1.01686
311,10.0084
312,1.01686
313,20.0084
314,7.01687
315,10.0084
316,3.00843
317,3.01687
318,15.0084
319,10.0169
320,4.0253
321,6.00843
322,5.01687
323,5.0253
324,8.00843
325,12.0084
326,8.01686
327,7.0253
328,6.03373
329,5.04216
330,3.05059
331,10.0084
332,20.0084
333,14.0084
334,13.0084
335,13.0084
336,10.0169
337,8.0253
338,1.03373
339,7.00843
340,7.01687
341,18.0084
342,8.01686
343,8.0253
344,5.00843
345,5.00843
346,10.0084
347,8.01686
348,13.0084
349,5.01687
350,7.00843
351,5.00843
352,1.01686
353,10.0084
354,2.00843
355,12.0084
356,8.01686
357,14.0084
358,5.00843
359,11.0084
360,18.0084
361,2.01687
362,2.0253
363,3.00843
364,12.0084
365,4.01687
366,7.00843
367,14.0084
368,16.0084
369,16.0084
370,14.0169
371,12.0084
372,12.0169
373,10.0253
374,5.03373
375,18.0084
376,4.01687
377,18.0084
378,16.0169
379,12.0253
380,13.0084
381,1.01686
382,14.0084
383,8.01686
384,3.0253
385,12.0084
386,16.0084
387,14.0084
388,10.0169
389,10.0084
390,13.0084
391,4.01687
392,5.00843
393,6.00843
394,5.01687
395,2.0253
396,12.0084
397,14.0084
398,10.0169
399,8.00843
400,7.00843
401,1.01686
402,18.0084
403,12.0084
404,5.01687
405,1.0253
406,8.00843
407,1.01686
408,3.00843
409,7.00843
410,7.01687
411,4.0253
412,8.00843
413,17.0084
414,1.00843
415,1.00843
416,18.0084
417,10.0169
418,8.0253
419,8.03373
420,1.04216
421,10.0084
422,18.0084
423,14.0169
424,10.0253
425,8.03373
426,8.04216
427,3.05059
428,18.0084
429,10.0169
430,1.0253
431,18.0084
432,16.0169
433,15.0253
434,12.0337
435,3.04216
436,7.00843
437,6.01687
438,5.0253
439,16.0084
440,5.01687
441,8.00843
442,7.01687
443,16.0084
444,7.01687
445,10.0084
446,20.0084
447,18.0169
448,13.0253
449,18.0084
450,3.01687
451,1.00843
452,3.00843
453,8.00843
454,1.00843
455,8.00843
456,5.01687
457,19.0084
458,3.00843
459,12.0084
460,5.00843
461,16.0084
462,14.0169
463,8.0253
464,6.03373
465,5.04216
466,16.0084
467,8.00843
468,1.01686
469,10.0084
470,1.01686
471,1.0253
472,18.0084
473,12.0169
474,10.0253
475,15.0084
476,14.0084
477,17.0084
478,14.0169
479,5.0253
480,8.00843
481,7.00843
482,13.0084
483,7.01687
484,13.0084
485,12.0169
486,6.0253
487,8.00843
488,8.01686
489,10.0084
490,3.01687
491,10.0084
492,7.01687
493,16.0084
494,16.0169
495,12.0253
496,3.03373
497,19.0084
498,15.0084
499,6.01687
500,15.0084
501,12.0084
502,5.00843
503,5.01687
504,5.0253
505,3.03373
506,20.0084
507,6.01687
508,7.00843
509,7.01687
510,1.00843
511,9.00843
512,8.00843
513,5.00843
514,10.0084
515,7.00843
516,5.01687
517,10.0084
518,16.0084
519,14.0169
520,12.0084
521,9.01686
522,4.00843
523,20.0084
524,5.01687
525,5.0253
526,1.00843
527,1.01686
528,8.00843
529,8.00843
530,7.01687
531,3.00843
532,2.01687
533,16.0084
534,8.00843
535,1.01686
536,18.0084
537,12.0169
538,1.0253
539,8.00843
540,3.01687
541,10.0084
542,8.01686
543,7.0253
544,10.0084
545,5.01687
546,12.0084
547,10.0084
548,8.00843
549,10.0084
550,10.0169
551,3.0253
552,18.0084
553,12.0169
554,10.0253
555,8.03373
556,8.00843
557,9.00843
558,12.0084
559,3.01687
560,8.00843
561,4.01687
562,8.00843
563,16.0084
564,7.01687
565,1.0253
566,8.00843
567,7.01687
568,7.0253
569,6.03373
570,10.0084
571,4.01687
572,20.0084
573,14.0169
574,5.0253
575,4.03373
576,12.0084
577,11.0169
578,7.00843
579,5.01687
580,5.0253
581,8.00843
582,7.01687
583,1.0253
584,19.0084
585,7.01687
586,8.00843
587,8.01686
588,3.00843
589,10.0084
590,18.0084
591,5.01687
592,12.0084
593,3.01687
594,14.0084
595,8.00843
596,5.00843
597,3.01687
598,10.0084
599,18.0084
600,1.01686
601,14.0084
602,7.00843
603,14.0084
604,12.0169
605,5.0253
606,20.0084
607,12.0169
608,10.0253
609,3.03373
610,12.0084
611,12.0084
612,5.01687
613,1.00843
614,12.0084
615,19.0084
616,12.0084
617,1.01686
618,10.0084
619,13.0084
620,10.0169
621,18.0084
622,12.0169
623,10.0253
624,1.03373
625,15.0084
626,16.0084
627,13.0084
628,2.01687
629,1.0253
630,1.03373
631,14.0084
632,1.01686
633,12.0084
634,5.01687
635,1.0253
636,16.0084
637,5.00843
638,1.01686
639,8.00843
640,8.00843
641,3.01687
642,1.0253
643,8.00843
644,5.00843
645,13.0084
646,16.0084
647,8.01686
648,4.00843
649,2.01687
650,15.0084
651,15.0169
652,13.0253
653,8.03373
654,3.04216
655,12.0084
656,5.01687
657,3.0253
658,2.03373
659,16.0084
660,14.0169
661,14.0253
662,1.03373
663,8.00843
664,7.01687
665,8.00843
666,6.01687
667,7.00843
668,8.00843
669,5.01687
670,5.0253
671,3.00843
672,18.0084
673,15.0169
674,13.0253
675,12.0337
676,7.04216
677,3.05059
678,16.0084
679,1.01686
680,16.0084
681,10.0169
682,15.0084
683,14.0084
684,10.0169
685,8.0253
686,17.0084
687,10.0169
688,5.0253
689,1.03373
690,8.00843
691,8.01686
692,10.0084
693,3.01687
694,17.0084
695,10.0084
696,6.01687
697,16.0084
698,6.01687
699,8.00843
700,10.0084
701,8.01686
702,6.0253
703,10.0084
704,9.01686
705,7.0253
706,7.03373
707,7.04216
708,7.05059
709,10.0084
710,5.01687
711,1.00843
712,13.0084
713,10.0169
714,5.0253
715,3.03373
716,14.0084
717,2.01687
718,3.00843
719,5.00843
720,3.01687
721,2.00843
722,8.00843
723,7.01687
724,10.0084
725,8.01686
726,8.0253
727,8.03373
728,16.0084
729,14.0169
730,8.0253
731,10.0084
732,3.00843
733,1.01686
734,19.0084
735,13.0169
736,12.0253
737,5.03373
738,3.04216
739,1.05059
740,14.0084
741,6.00843
742,17.0084
743,8.01686
744,8.0253
745,1.03373
746,18.0084
747,12.0084
748,10.0169
749,1.0253
750,20.0084
751,10.0169
752,10.0253
753,5.03373
754,4.04216
755,10.0084
756,2.01687
757,13.0084
758,7.01687
759,18.0084
760,13.0169
761,7.0253
762,2.03373
763,1.00843
764,20.0084
765,1.00843
766,12.0084
767,10.0169
768,7.00843
769,10.0084
770,17.0084
771,12.0169
772,8.0253
773,3.00843
774,1.01686
775,1.0253
776,7.00843
777,7.01687
778,5.0253
779,9.00843
780,5.01687
781,5.0253
782,14.0084
783,10.0169
784,3.0253
785,8.00843
786,5.01687
787,5.00843
788,6.00843
789,1.01686
790,5.00843
791,18.0084
792,18.0169
793,14.0253
794,8.03373
795,19.0084
796,16.0169
797,8.0253
798,7.03373
799,5.04216
800,3.05059
801,8.00843
802,8.01686
803,6.0253
804,10.0084
805,10.0169
806,17.0084
807,16.0169
808,10.0253
809,7.03373
810,6.04216
811,12.0084
812,9.01686
813,1.0253
814,13.0084
815,6.01687
816,1.0253
817,1.03373
818,2.00843
819,18.0084
820,14.0169
821,10.0253
822,14.0084
823,5.00843
824,1.01686
825,8.00843
826,3.01687
827,14.0084
828,12.0169
829,5.0253
830,1.03373
831,10.0084
832,11.0084
833,10.0169
834,8.0253
835,4.03373
836,3.04216
837,1.05059
838,1.05903
839,3.00843
840,18.0084
841,3.01687
842,20.0084
843,10.0169
844,15.0084
845,6.01687
846,5.0253
847,7.00843
848,1.01686
849,8.00843
850,8.01686
851,6.0253
852,3.03373
853,8.00843
854,10.0084
855,6.00843
856,12.0084
857,7.01687
858,6.0253
859,3.03373
860,8.00843
861,7.01687
862,1.00843
863,16.0084
864,12.0169
865,1.00843
866,17.0084
867,16.0169
868,6.0253
869,18.0084
870,16.0169
871,13.0253
872,1.03373
873,10.0084
874,16.0084
875,1.01686
876,10.0084
877,4.00843
878,12.0084
879,12.0169
880,18.0084
881,9.01686
882,3.0253
883,10.0084
884,6.01687
885,8.00843
886,8.01686
887,5.0253
888,6.00843
889,18.0084
890,16.0169
891,12.0253
892,10.0337
893,14.0084
894,10.0169
895,8.0253
896,7.03373
897,1.00843
898,13.0084
899,10.0169
900,15.0084
901,14.0169
902,13.0253
903,8.03373
904,1.04216
905,16.0084
906,12.0169
907,16.0084
908,16.0169
909,16.0253
910,18.0084
911,6.00843
912,1.01686
913,17.0084
914,5.01687
915,3.0253
916,8.00843
917,5.00843
918,1.01686
919,10.0084
920,8.00843
921,3.00843
922,3.01687
923,12.0084
924,12.0169
925,8.0253
926,10.0084
927,10.0169
928,8.0253
929,18.0084
930,5.01687
931,5.0253
932,1.00843
933,17.0084
934,17.0169
935,9.0253
936,12.0084
937,4.00843
938,4.01687
939,8.00843
940,12.0084
941,10.0084
942,12.0084
943,7.00843
944,3.01687
945,3.00843
946,15.0084
947,7.01687
948,5.0253
949,5.00843
950,10.0084
951,2.01687
952,13.0084
953,8.01686
954,8.0253
955,16.0084
956,7.01687
957,5.0253
958,18.0084
959,14.0169
960,12.0084
961,8.01686
962,3.0253
963,12.0084
964,18.0084
965,10.0169
966,1.0253
967,1.03373
968,1.04216
969,13.0084
970,11.0169
971,6.0253
972,14.0084
973,8.01686
974,5.00843
975,3.01687
976,14.0084
977,3.01687
978,5.00843
979,18.0084
980,14.0169
981,13.0253
982,5.03373
983,18.0084
984,9.01686
985,9.00843
986,10.0084
987,19.0084
988,13.0169
989,8.0253
990,14.0084
991,5.01687
992,16.0084
993,13.0169
994,5.0253
995,3.03373
996,1.04216
997,17.0084
998,16.0169
999,14.0253
1000,3.03373
1001,3.04216
1002,3.05059
1003,2.05903
1004,10.0084
1005,7.01687
1006,5.0253
1007,3.00843
1008,3.00843
1009,8.00843
1010,7.01687
1011,7.00843
1012,10.0084
1013,7.01687
1014,5.0253
1015,5.03373
1016,5.04216
1017,6.00843
1018,15.0084
1019,8.01686
1020,1.0253
1021,1.03373
1022,8.00843
1023,8.01686
1024,1.0253
1025,3.00843
1026,6.00843
1027,3.01687
1028,10.0084
1029,4.01687
1030,8.00843
1031,1.01686
1032,18.0084
1033,7.01687
1034,3.0253
1035,8.00843
1036,9.00843
1037,6.00843
1038,6.00843
1039,3.01687
1040,18.0084
1041,12.0084
1042,13.0084
1043,12.0084
1044,7.01687
1045,1.00843
1046,1.01686
1047,1.0253
1048,1.03373
1049,3.00843
1050,1.00843
1051,12.0084
1052,16.0084
1053,7.01687
1054,13.0084
1055,5.01687
1056,5.0253
1057,3.03373
1058,1.04216
1059,2.00843
1060,5.00843
1061,3.01687
1062,16.0084
1063,12.0169
1064,5.0253
1065,7.00843
1066,12.0084
1067,8.01686
1068,6.0253
1069,3.03373
1070,9.00843
1071,7.01687
1072,3.0253
1073,9.00843
1074,3.01687
1075,14.0084
1076,12.0169
1077,10.0253
1078,5.00843
1079,3.01687
1080,12.0084
1081,14.0084
1082,14.0169
1083,8.0253
1084,8.03373
1085,6.04216
1086,1.05059
1087,1.00843
1088,13.0084
1089,10.0169
1090,7.0253
1091,17.0084
1092,13.0169
1093,1.0253
1094,1.03373
1095,18.0084
1096,12.0169
1097,19.0084
1098,8.01686
1099,8.0253
1100,3.03373
1101,14.0084
1102,10.0169
1103,7.0253
1104,15.0084
1105,1.01686
1106,1.0253
1107,16.0084
1108,8.00843
1109,16.0084
1110,13.0169
1111,18.0084
1112,15.0169
1113,15.0253
1114,13.0337
1115,8.04216
1116,7.05059
1117,18.0084
1118,16.0169
1119,14.0253
1120,10.0337
1121,8.04216
1122,7.05059
1123,17.0084
1124,11.0169
1125,10.0084
1126,5.01687
1127,18.0084
1128,1.00843
1129,19.0084
1130,15.0084
1131,12.0169
1132,10.0253
1133,10.0337
1134,17.0084
1135,5.01687
1136,3.0253
1137,1.00843
1138,1.01686
1139,16.0084
1140,5.00843
1141,15.0084
1142,7.01687
1143,5.0253
1144,8.00843
1145,1.01686
1146,14.0084
1147,14.0169
1148,13.0253
1149,10.0084
1150,18.0084
1151,10.0084
1152,8.01686
1153,16.0084
1154,13.0169
1155,10.0253
1156,10.0337
1157,1.00843
1158,1.01686
1159,16.0084
1160,14.0169
1161,1.0253
1162,16.0084
1163,8.01686
1164,3.0253
1165,18.0084
1166,18.0169
1167,1.00843
1168,16.0084
1169,5.00843
1170,8.00843
1171,5.00843
1172,3.01687
1173,18.0084
1174,18.0084
1175,3.01687
1176,20.0084
1177,12.0169
1178,2.00843
1179,10.0084
1180,20.0084
1181,14.0169
1182,1.0253
1183,14.0084
1184,10.0169
1185,16.0084
1186,8.01686
1187,3.0253
1188,9.00843
1189,8.00843
1190,7.01687
1191,14.0084
1192,10.0169
1193,8.00843
1194,12.0084
1195,8.01686
1196,3.00843
1197,10.0084
1198,2.01687
1199,12.0084
1200,7.01687
1201,3.0253
1202,10.0084
1203,8.01686
1204,5.0253
1205,1.03373
1206,18.0084
1207,14.0169
1208,1.0253
1209,8.00843
1210,12.0084
1211,17.0084
1212,14.0169
1213,7.0253
1214,7.03373
1215,5.04216
1216,16.0084
1217,13.0169
1218,5.00843
1219,16.0084
1220,14.0084
1221,12.0169
1222,12.0253
1223,12.0084
1224,8.00843
1225,10.0084
1226,10.0169
1227,6.0253
1228,17.0084
1229,17.0169
1230,8.0253
1231,14.0084
1232,7.01687
1233,14.0084
1234,13.0169
1235,9.0253
1236,14.0084
1237,10.0169
1238,12.0084
1239,8.01686
1240,3.0253
1241,10.0084
1242,8.01686
1243,5.00843
1244,1.01686
1245,8.00843
1246,1.01686
1247,14.0084
1248,8.01686
1249,8.0253
1250,7.03373
1251,14.0084
1252,8.01686
1253,10.0084
1254,10.0169
1255,4.00843
1256,5.00843
1257,12.0084
1258,7.00843
1259,1.01686
1260,8.00843
1261,3.01687
1262,4.00843
1263,1.01686
1264,7.00843
1265,3.01687
1266,1.0253
1267,14.0084
1268,7.01687
1269,5.00843
1270,8.00843
1271,8.01686
1272,1.0253
1273,19.0084
1274,2.01687
1275,15.0084
1276,12.0169
1277,10.0253
1278,19.0084
1279,17.0169
1280,10.0253
1281,8.03373
1282,10.0084
1283,10.0084
1284,5.01687
1285,13.0084
1286,8.01686
1287,8.0253
1288,3.00843
1289,14.0084
1290,1.01686
1291,1.00843
1292,1.01686
1293,12.0084
1294,19.0084
1295,3.01687
1296,19.0084
1297,1.01686
1298,16.0084
1299,7.01687
1300,8.00843
1301,8.01686
1302,7.0253
1303,6.03373
1304,12.0084
1305,3.01687
1306,10.0084
1307,7.01687
1308,12.0084
1309,14.0084
1310,6.01687
1311,1.0253
1312,20.0084
1313,14.0169
1314,12.0253
1315,8.03373
1316,15.0084
1317,14.0169
1318,8.00843
1319,5.01687
1320,19.0084
1321,6.01687
1322,1.0253
1323,14.0084
1324,20.0084
1325,8.01686
1326,5.0253
1327,8.00843
1328,3.00843
1329,1.01686
1330,18.0084
1331,10.0169
1332,8.0253
1333,3.03373
1334,9.00843
1335,12.0084
1336,12.0169
1337,8.0253
1338,6.03373
1339,1.04216
1340,5.00843
1341,8.00843
1342,13.0084
1343,13.0169
1344,9.0253
1345,9.03373
1346,8.04216
1347,12.0084
1348,10.0169
1349,7.0253
1350,18.0084
1351,5.00843
1352,18.0084
1353,13.0169
1354,3.0253
1355,14.0084
1356,13.0084
1357,12.0084
1358,17.0084
1359,2.01687
1360,19.0084
1361,8.01686
1362,18.0084
1363,5.01687
1364,12.0084
1365,7.01687
1366,7.00843
1367,3.01687
1368,20.0084
1369,16.0084
1370,10.0169
1371,7.0253
1372,8.00843
1373,16.0084
1374,15.0084
1375,1.00843
1376,12.0084
1377,1.01686
1378,1.0253
1379,8.00843
1380,5.01687
1381,1.0253
1382,10.0084
1383,8.01686
1384,10.0084
1385,10.0169
1386,7.0253
1387,13.0084
1388,6.01687
1389,3.0253
1390,12.0084
1391,8.01686
1392,1.0253
1393,1.03373
1394,8.00843
1395,1.01686
1396,14.0084
1397,12.0169
1398,10.0084
1399,8.00843
1400,14.0084
1401,6.01687
1402,14.0084
1403,10.0084
1404,12.0084
1405,18.0084
1406,16.0169
1407,14.0253
1408,15.0084
1409,4.01687
1410,3.00843
1411,18.0084
1412,18.0169
1413,20.0084
1414,7.01687
1415,7.0253
1416,8.00843
1417,8.01686
1418,8.0253
1419,10.0084
1420,10.0169
1421,10.0253
1422,15.0084
1423,5.01687
1424,16.0084
1425,5.01687
1426,1.0253
1427,3.00843
1428,3.01687
1429,6.00843
1430,8.00843
1431,7.01687
1432,5.0253
1433,12.0084
1434,12.0169
1435,8.0253
1436,6.03373
1437,5.04216
1438,5.05059
1439,8.00843
1440,1.00843
1441,14.0084
1442,10.0169
1443,8.0253
1444,5.03373
1445,16.0084
1446,5.00843
1447,5.01687
1448,12.0084
1449,6.01687
1450,1.0253
1451,7.00843
1452,3.01687
1453,3.0253
1454,14.0084
1455,8.01686
1456,1.0253
1457,18.0084
1458,8.01686
1459,16.0084
1460,13.0169
1461,10.0084
1462,8.01686
1463,5.00843
1464,8.00843
1465,7.01687
1466,17.0084
1467,15.0169
1468,16.0084
1469,13.0169
1470,10.0253
1471,5.03373
1472,12.0084
1473,10.0169
1474,3.0253
1475,2.03373
1476,11.0084
1477,3.01687
1478,10.0084
1479,7.00843
1480,16.0084
1481,12.0169
1482,8.00843
1483,6.01687
1484,14.0084
1485,10.0084
1486,3.01687
1487,1.00843
1488,1.01686
1489,14.0084
1490,8.01686
1491,13.0084
1492,5.01687
1493,3.0253
1494,1.03373
1495,10.0084
1496,6.00843
1497,3.01687
1498,16.0084
1499,20.0084
1500,20.0169
1501,19.0253
1502,16.0337
1503,13.0422
1504,6.05059
1505,8.00843
1506,10.0084
1507,8.00843
1508,16.0084
1509,7.01687
1510,1.00843
1511,13.0084
1512,3.01687
1513,3.00843
1514,8.00843
1515,14.0084
1516,12.0169
1517,1.0253
1518,7.00843
1519,14.0084
1520,5.01687
1521,3.00843
1522,7.00843
1523,7.01687
1524,16.0084
1525,8.00843
1526,9.00843
1527,8.01686
1528,5.00843
1529,8.00843
1530,9.00843
1531,1.01686
1532,8.00843
1533,10.0084
1534,7.00843
1535,6.01687
1536,1.00843
1537,1.01686
1538,1.0253
1539,7.00843
1540,1.00843
1541,1.01686
1542,1.00843
1543,3.00843
1544,8.00843
1545,8.01686
1546,8.0253
1547,5.03373
1548,3.04216
1549,3.05059
1550,9.00843
1551,5.01687
1552,6.00843
1553,7.00843
1554,1.01686
1555,10.0084
1556,8.01686
1557,10.0084
1558,9.01686
1559,4.0253
1560,3.03373
1561,3.04216
1562,18.0084
1563,10.0169
1564,7.0253
1565,7.03373
1566,16.0084
1567,6.00843
1568,18.0084
1569,12.0169
1570,1.00843
1571,18.0084
1572,10.0169
1573,18.0084
1574,10.0169
1575,10.0253
1576,8.03373
1577,12.0084
1578,5.01687
1579,13.0084
1580,7.01687
1581,5.0253
1582,11.0084
1583,18.0084
1584,10.0169
1585,8.0253
1586,1.03373
1587,1.04216
1588,3.00843
1589,3.01687
1590,14.0084
1591,12.0084
1592,1.01686
1593,14.0084
1594,5.01687
1595,14.0084
1596,7.01687
1597,7.0253
1598,7.03373
1599,7.04216
1600,6.05059
1601,6.05903
1602,16.0084
1603,16.0169
1604,7.0253
1605,17.0084
1606,8.01686
1607,2.0253
1608,1.03373
1609,10.0084
1610,10.0169
1611,13.0084
1612,7.00843
1613,7.01687
1614,3.0253
1615,1.00843
1616,5.00843
1617,1.01686
1618,1.0253
1619,1.00843
1620,12.0084
1621,4.01687
1622,1.0253
1623,1.03373
1624,10.0084
1625,5.01687
1626,3.0253
1627,8.00843
1628,7.01687
1629,5.0253
1630,1.03373
1631,20.0084
1632,14.0169
1633,8.0253
1634,5.03373
1635,14.0084
1636,13.0169
1637,6.0253
1638,3.03373
1639,1.04216
1640,8.00843
1641,5.01687
1642,5.0253
1643,9.00843
1644,12.0084
1645,12.0169
1646,7.0253
1647,13.0084
1648,13.0169
1649,12.0253
1650,10.0084
1651,14.0084
1652,7.01687
1653,6.00843
1654,18.0084
1655,14.0169
1656,12.0253
1657,12.0337
1658,7.04216
1659,19.0084
1660,14.0084
1661,5.01687
1662,1.0253
1663,13.0084
1664,10.0169
1665,10.0084
1666,10.0169
1667,8.0253
1668,10.0084
1669,7.01687
1670,1.0253
1671,18.0084
1672,9.01686
1673,8.0253
1674,10.0084
1675,1.01686
1676,14.0084
1677,3.00843
1678,10.0084
1679,1.01686
1680,1.0253
1681,8.00843
1682,15.0084
1683,7.01687
1684,6.0253
1685,1.00843
1686,8.00843
1687,8.01686
1688,14.0084
1689,10.0169
1690,1.00843
1691,12.0084
1692,1.01686
1693,14.0084
1694,5.01687
1695,6.00843
1696,16.0084
1697,1.01686
1698,1.0253
1699,9.00843
1700,7.01687
1701,7.0253
1702,12.0084
1703,3.01687
1704,12.0084
1705,8.01686
1706,8.0253
1707,16.0084
1708,8.01686
1709,14.0084
1710,7.01687
1711,2.0253
1712,1.03373
1713,18.0084
1714,15.0169
1715,14.0084
1716,8.00843
1717,3.00843
1718,18.0084
1719,18.0169
1720,8.0253
1721,8.00843
1722,6.01687
1723,1.0253
1724,3.00843
1725,1.00843
1726,8.00843
1727,14.0084
1728,5.00843
1729,3.00843
1730,12.0084
1731,8.00843
1732,17.0084
1733,1.00843
1734,16.0084
1735,6.00843
1736,10.0084
1737,7.00843
1738,1.01686
1739,14.0084
1740,8.00843
1741,8.00843
1742,6.00843
1743,12.0084
1744,12.0169
1745,5.0253
1746,1.00843
1747,1.01686
1748,13.0084
1749,1.01686
1750,2.00843
1751,12.0084
1752,12.0084
1753,8.00843
1754,6.01687
1755,8.00843
1756,5.01687
1757,5.00843
1758,3.01687
1759,2.00843
1760,12.0084
1761,5.01687
1762,3.0253
1763,3.03373
1764,18.0084
1765,12.0169
1766,5.0253
1767,3.03373
1768,10.0084
1769,7.00843
1770,10.0084
1771,10.0084
1772,8.01686
1773,6.0253
1774,10.0084
1775,18.0084
1776,13.0169
1777,13.0253
1778,12.0084
1779,10.0169
1780,20.0084
1781,13.0169
1782,7.0253
1783,1.00843
1784,16.0084
1785,5.00843
1786,16.0084
1787,8.01686
1788,5.0253
1789,9.00843
1790,3.00843
1791,18.0084
1792,7.01687
1793,1.0253
1794,1.03373
1795,8.00843
1796,12.0084
1797,5.01687
1798,5.0253
1799,5.00843
1800,8.00843
1801,8.01686
1802,12.0084
1803,8.01686
1804,17.0084
1805,12.0084
1806,4.01687
1807,15.0084
1808,5.01687
1809,13.0084
1810,6.01687
1811,18.0084
1812,12.0169
1813,2.00843
1814,1.01686
1815,20.0084
1816,16.0169
1817,14.0084
1818,1.01686
1819,18.0084
1820,1.01686
1821,19.0084
1822,18.0169
1823,13.0253
1824,1.03373
1825,1.04216
1826,2.00843
1827,1.01686
1828,19.0084
1829,12.0169
1830,8.0253
1831,8.00843
1832,16.0084
1833,10.0169
1834,10.0253
1835,10.0337
1836,6.04216
1837,5.05059
1838,5.05903
1839,8.00843
1840,8.01686
1841,5.0253
1842,5.03373
1843,1.04216
1844,8.00843
1845,8.01686
1846,8.0253
1847,3.03373
1848,3.04216
1849,1.05059
1850,8.00843
1851,18.0084
1852,14.0169
1853,14.0253
1854,12.0084
1855,5.01687
1856,1.0253
1857,14.0084
1858,14.0084
1859,13.0169
1860,8.0253
1861,8.03373
1862,5.00843
1863,5.01687
1864,3.0253
1865,20.0084
1866,9.01686
1867,7.00843
1868,6.01687
1869,8.00843
1870,8.01686
1871,1.0253
1872,12.0084
1873,19.0084
1874,3.01687
1875,3.0253
1876,20.0084
1877,10.0169
1878,9.0253
1879,3.03373
1880,2.04216
1881,3.00843
1882,18.0084
1883,1.01686
1884,18.0084
1885,14.0169
1886,8.0253
1887,16.0084
1888,5.01687
1889,3.0253
1890,8.00843
1891,1.01686
1892,1.0253
1893,5.00843
1894,1.01686
1895,9.00843
1896,8.01686
1897,5.0253
1898,3.03373
1899,8.00843
1900,5.01687
1901,1.0253
1902,13.0084
1903,6.01687
1904,3.00843
1905,7.00843
1906,2.00843
1907,3.00843
1908,8.00843
1909,1.01686
1910,20.0084
1911,15.0169
1912,13.0253
1913,13.0337
1914,7.04216
1915,7.05059
1916,14.0084
1917,14.0169
1918,10.0253
1919,18.0084
1920,7.01687
1921,7.0253
1922,12.0084
1923,8.01686
1924,8.00843
1925,14.0084
1926,18.0084
1927,8.01686
1928,3.0253
1929,18.0084
1930,15.0084
1931,12.0169
1932,13.0084
1933,13.0084
1934,1.00843
1935,1.01686
1936,12.0084
1937,10.0169
1938,8.0253
1939,1.03373
1940,14.0084
1941,13.0169
1942,12.0253
1943,1.03373
1944,1.00843
1945,12.0084
1946,8.00843
1947,8.00843
1948,7.01687
1949,1.0253
1950,8.00843
1951,8.01686
1952,3.0253
1953,12.0084
1954,5.01687
1955,1.0253
1956,12.0084
1957,12.0169
1958,10.0253
1959,16.0084
1960,14.0169
1961,3.0253
1962,3.03373
1963,1.00843
1964,7.00843
1965,5.01687
1966,14.0084
1967,10.0169
1968,8.0253
1969,6.03373
1970,3.04216
1971,18.0084
1972,5.00843
1973,5.01687
1974,5.00843
1975,8.00843
1976,10.0084
1977,10.0169
1978,8.00843
1979,6.01687
1980,3.00843
1981,1.00843
1982,1.01686
1983,1.0253
1984,1.03373
1985,17.0084
1986,8.01686
1987,3.00843
1988,12.0084
1989,5.01687
1990,7.00843
1991,6.01687
1992,10.0084
1993,8.01686
1994,10.0084
1995,10.0084
1996,10.0169
1997,15.0084
1998,1.01686
1999,12.0084
2000,12.0169
2001,13.0084
2002,14.0084
2003,1.00843
2004,5.00843
2005,17.0084
2006,17.0169
2007,1.00843
2008,5.00843
2009,12.0084
2010,13.0084
2011,5.01687
2012,7.00843
2013,16.0084
2014,8.01686
2015,1.00843
2016,10.0084
2017,8.01686
2018,10.0084
2019,3.01687
2020,10.0084
2021,10.0169
2022,5.00843
2023,8.00843
2024,16.0084
2025,9.00843
2026,8.00843
2027,1.01686
2028,2.00843
2029,12.0084
2030,3.01687
2031,5.00843
2032,3.01687
2033,8.00843
2034,7.01687
2035,3.0253
2036,8.00843
2037,4.01687
2038,1.0253
2039,5.00843
2040,3.01687
2041,1.0253
2042,6.00843
2043,5.01687
2044,5.0253
2045,1.03373
2046,18.0084
2047,7.01687
2048,3.0253
2049,10.0084
2050,5.01687
2051,5.0253
2052,5.03373
2053,7.00843
2054,5.01687
2055,10.0084
2056,8.01686
2057,8.0253
2058,6.03373
2059,4.04216
2060,16.0084
2061,14.0169
2062,5.0253
2063,14.0084
2064,1.01686
2065,13.0084
2066,10.0169
2067,8.00843
2068,12.0084
2069,12.0169
2070,5.0253
2071,13.0084
2072,8.01686
2073,8.0253
2074,15.0084
2075,13.0169
2076,16.0084
2077,6.01687
2078,17.0084
2079,18.0084
2080,10.0169
2081,8.0253
2082,19.0084
2083,1.01686
2084,1.0253
2085,7.00843
2086,10.0084
2087,12.0084
2088,12.0169
2089,10.0253
2090,2.03373
2091,5.00843
2092,14.0084
2093,1.00843
2094,13.0084
2095,3.00843
2096,8.00843
2097,13.0084
2098,13.0169
2099,10.0084
2100,17.0084
2101,10.0169
2102,7.00843
2103,20.0084
2104,12.0169
2105,16.0084
2106,17.0084
2107,5.01687
2108,7.00843
2109,14.0084
2110,9.00843
2111,5.01687
2112,12.0084
2113,16.0084
2114,1.00843
2115,12.0084
2116,5.00843
2117,3.00843
2118,9.00843
2119,7.01687
2120,5.0253
2121,6.00843
2122,5.00843
2123,1.01686
2124,1.0253
2125,1.00843
2126,5.00843
2127,3.01687
2128,18.0084
2129,15.0084
2130,13.0169
2131,5.0253
2132,17.0084
2133,5.00843
2134,1.01686
2135,12.0084
2136,7.01687
2137,5.00843
2138,18.0084
2139,14.0169
2140,10.0253
2141,3.03373
2142,17.0084
2143,17.0169
2144,15.0253
2145,2.03373
2146,20.0084
2147,14.0169
2148,12.0253
2149,7.03373
2150,3.00843
2151,3.00843
2152,8.00843
2153,1.01686
2154,19.0084
2155,14.0169
2156,5.0253
2157,1.03373
2158,1.04216
2159,14.0084
2160,13.0169
2161,7.0253
2162,8.00843
2163,8.01686
2164,8.0253
2165,8.03373
2166,1.04216
2167,18.0084
2168,5.01687
2169,3.0253
2170,18.0084
2171,8.01686
2172,7.0253
2173,10.0084
2174,13.0084
2175,14.0084
2176,13.0084
2177,7.00843
2178,7.01687
2179,5.0253
2180,1.03373
2181,1.04216
2182,14.0084
2183,1.01686
2184,8.00843
2185,10.0084
2186,3.01687
2187,10.0084
2188,2.01687
2189,17.0084
2190,14.0084
2191,14.0169
2192,8.00843
2193,8.01686
2194,18.0084
2195,12.0084
2196,1.00843
2197,7.00843
2198,18.0084
2199,4.01687
2200,7.00843
2201,15.0084
2202,16.0084
2203,5.01687
2204,2.0253
2205,3.00843
2206,3.00843
2207,10.0084
2208,5.01687
2209,1.0253
2210,16.0084
2211,16.0084
2212,16.0169
2213,10.0253
2214,1.03373
2215,8.00843
2216,8.01686
2217,16.0084
2218,8.01686
2219,10.0084
2220,18.0084
2221,5.01687
2222,10.0084
2223,12.0084
2224,10.0084
2225,5.01687
2226,14.0084
2227,10.0084
2228,10.0169
2229,3.00843
2230,3.01687
2231,20.0084
2232,16.0169
2233,16.0253
2234,14.0337
2235,3.04216
2236,16.0084
2237,8.01686
2238,8.0253
2239,8.03373
2240,7.00843
2241,20.0084
2242,9.01686
2243,1.00843
2244,5.00843
2245,2.01687
2246,12.0084
2247,12.0169
2248,5.0253
2249,3.03373
2250,9.00843
2251,17.0084
2252,4.01687
2253,8.00843
2254,1.01686
2255,15.0084
2256,3.01687
2257,8.00843
2258,3.01687
2259,8.00843
2260,8.01686
2261,1.0253
2262,10.0084
2263,1.01686
2264,17.0084
2265,1.01686
2266,5.00843
2267,5.01687
2268,3.0253
2269,12.0084
2270,1.01686
2271,17.0084
2272,14.0169
2273,3.0253
2274,3.03373
2275,16.0084
2276,7.00843
2277,10.0084
2278,8.01686
2279,8.0253
2280,5.03373
2281,8.00843
2282,13.0084
2283,12.0169
2284,8.0253
2285,12.0084
2286,10.0169
2287,14.0084
2288,7.01687
2289,12.0084
2290,9.01686
2291,18.0084
2292,10.0169
2293,16.0084
2294,18.0084
2295,15.0169
2296,10.0253
2297,13.0084
2298,9.00843
2299,4.01687
2300,16.0084
2301,12.0084
2302,5.00843
2303,6.00843
2304,1.01686
2305,1.0253
2306,1.03373
2307,17.0084
2308,8.01686
2309,1.0253
2310,12.0084
2311,1.00843
2312,1.00843
2313,17.0084
2314,10.0084
2315,8.00843
2316,13.0084
2317,10.0169
2318,5.0253
2319,3.00843
2320,3.00843
2321,1.00843
2322,15.0084
2323,3.01687
2324,12.0084
2325,16.0084
2326,3.01687
2327,10.0084
2328,12.0084
2329,5.00843
2330,5.01687
2331,14.0084
2332,15.0084
2333,8.01686
2334,3.00843
2335,3.01687
2336,16.0084
2337,10.0169
2338,5.00843
2339,5.01687
2340,15.0084
2341,14.0169
2342,13.0084
2343,12.0169
2344,7.0253
2345,1.03373
2346,1.04216
2347,16.0084
2348,14.0169
2349,1.0253
2350,10.0084
2351,5.01687
2352,6.00843
2353,14.0084
2354,14.0169
2355,8.0253
2356,7.03373
2357,14.0084
2358,15.0084
2359,5.01687
2360,10.0084
2361,3.01687
2362,19.0084
2363,13.0169
2364,12.0253
2365,18.0084
2366,14.0169
2367,6.0253
2368,5.00843
2369,3.01687
2370,20.0084
2371,10.0169
2372,8.0253
2373,2.03373
2374,8.00843
2375,5.01687
2376,3.0253
2377,10.0084
2378,10.0169
2379,10.0253
2380,8.03373
2381,7.04216
2382,7.05059
2383,8.00843
2384,16.0084
2385,5.01687
2386,1.0253
2387,10.0084
2388,10.0169
2389,18.0084
2390,11.0169
2391,5.0253
2392,3.03373
2393,12.0084
2394,9.01686
2395,15.0084
2396,11.0169
2397,18.0084
2398,16.0169
2399,8.0253
2400,8.03373
2401,5.04216
2402,5.05059
2403,12.0084
2404,18.0084
2405,18.0169
2406,10.0253
2407,10.0337
2408,14.0084
2409,1.01686
2410,6.00843
2411,7.00843
2412,3.01687
2413,3.0253
2414,18.0084
2415,16.0169
2416,5.0253
2417,5.03373
2418,3.04216
2419,7.00843
2420,8.00843
2421,8.01686
2422,7.0253
2423,14.0084
2424,16.0084
2425,13.0169
2426,13.0253
2427,10.0084
2428,6.01687
2429,12.0084
2430,12.0169
2431,3.0253
2432,1.03373
2433,17.0084
2434,14.0084
2435,7.01687
2436,16.0084
2437,16.0169
2438,8.0253
2439,8.03373
2440,2.04216
2441,1.05059
2442,3.00843
2443,17.0084
2444,3.01687
2445,5.00843
2446,14.0084
2447,7.01687
2448,7.0253
2449,5.03373
2450,1.04216
2451,1.05059
2452,5.00843
2453,1.01686
2454,3.00843
2455,8.00843
2456,12.0084
2457,14.0084
2458,10.0169
2459,6.0253
2460,6.03373
2461,7.00843
2462,10.0084
2463,10.0084
2464,13.0084
2465,10.0169
2466,7.0253
2467,12.0084
2468,12.0169
2469,10.0084
2470,1.01686
2471,14.0084
2472,2.01687
2473,2.00843
2474,16.0084
2475,12.0169
2476,6.0253
2477,5.03373
2478,3.04216
2479,3.00843
2480,10.0084
2481,6.01687
2482,1.0253
2483,1.00843
2484,10.0084
2485,8.01686
2486,8.00843
2487,10.0084
2488,10.0169
2489,12.0084
2490,10.0169
2491,8.0253
2492,15.0084
2493,12.0169
2494,12.0253
2495,6.03373
2496,14.0084
2497,14.0169
2498,13.0253
2499,10.0337
2500,10.0422
2501,5.05059
2502,20.0084
2503,15.0169
2504,14.0253
2505,14.0337
2506,9.04216
2507,14.0084
2508,14.0084
2509,8.01686
2510,16.0084
2511,7.01687
2512,19.0084
2513,19.0169
2514,1.0253
2515,13.0084
2516,14.0084
2517,7.01687
2518,8.00843
2519,5.00843
2520,17.0084
2521,10.0169
2522,3.0253
2523,14.0084
2524,11.0169
2525,20.0084
2526,8.01686
2527,13.0084
2528,10.0169
2529,9.0253
2530,7.00843
2531,7.01687
2532,7.00843
2533,1.00843
2534,8.00843
2535,2.01687
2536,1.0253
2537,13.0084
2538,8.01686
2539,13.0084
2540,18.0084
2541,12.0169
2542,5.0253
2543,19.0084
2544,6.01687
2545,1.00843
2546,1.01686
2547,15.0084
2548,8.01686
2549,3.0253
2550,8.00843
2551,3.01687
2552,3.0253
2553,3.03373
2554,10.0084
2555,8.01686
2556,13.0084
2557,1.00843
2558,1.00843
2559,8.00843
2560,6.01687
2561,5.0253
2562,3.03373
2563,1.00843
2564,12.0084
2565,8.01686
2566,7.0253
2567,13.0084
2568,13.0169
2569,5.0253
2570,20.0084
2571,7.01687
2572,7.0253
2573,3.03373
2574,18.0084
2575,14.0169
2576,8.0253
2577,5.00843
2578,1.01686
2579,7.00843
2580,8.00843
2581,11.0084
2582,5.00843
2583,8.00843
2584,7.01687
2585,1.00843
2586,10.0084
2587,8.00843
2588,10.0084
2589,20.0084
2590,12.0169
2591,3.00843
2592,8.00843
2593,13.0084
2594,3.01687
2595,7.00843
2596,1.01686
2597,13.0084
2598,13.0169
2599,15.0084
2600,1.00843
2601,8.00843
2602,20.0084
2603,8.01686
2604,3.00843
2605,3.01687
2606,15.0084
2607,5.00843
2608,13.0084
2609,18.0084
2610,15.0169
2611,7.0253
2612,16.0084
2613,14.0169
2614,10.0253
2615,17.0084
2616,14.0169
2617,8.00843
2618,8.01686
2619,12.0084
2620,7.01687
2621,8.00843
2622,8.01686
2623,16.0084
2624,12.0169
2625,2.0253
2626,5.00843
2627,3.01687
2628,1.0253
2629,1.03373
2630,16.0084
2631,16.0169
2632,7.00843
2633,14.0084
2634,14.0169
2635,8.0253
2636,3.03373
2637,14.0084
2638,10.0169
2639,13.0084
2640,7.01687
2641,16.0084
2642,14.0169
2643,12.0253
2644,10.0337
2645,8.04216
2646,3.00843
2647,1.01686
2648,18.0084
2649,12.0169
2650,15.0084
2651,13.0169
2652,3.0253
2653,12.0084
2654,2.01687
2655,1.0253
2656,15.0084
2657,13.0169
2658,13.0253
2659,5.03373
2660,18.0084
2661,7.01687
2662,5.0253
2663,3.00843
2664,7.00843
2665,18.0084
2666,7.01687
2667,3.0253
2668,8.00843
2669,8.01686
2670,9.00843
2671,8.01686
2672,8.00843
2673,13.0084
2674,12.0084
2675,1.00843
2676,14.0084
2677,13.0169
2678,5.0253
2679,10.0084
2680,3.01687
2681,16.0084
2682,17.0084
2683,7.01687
2684,7.0253
2685,5.03373
2686,18.0084
2687,1.01686
2688,16.0084
2689,13.0084
2690,12.0169
2691,8.0253
2692,8.03373
2693,3.04216
2694,3.05059
2695,18.0084
2696,16.0169
2697,8.0253
2698,12.0084
2699,10.0084
2700,1.01686
2701,16.0084
2702,8.01686
2703,5.0253
2704,1.03373
2705,12.0084
2706,8.01686
2707,5.0253
2708,3.03373
2709,2.04216
2710,12.0084
2711,7.01687
2712,8.00843
2713,5.01687
2714,18.0084
2715,10.0084
2716,2.01687
2717,13.0084
2718,5.00843
2719,19.0084
2720,17.0169
2721,15.0253
2722,1.03373
2723,14.0084
2724,14.0169
2725,10.0253
2726,6.00843
2727,3.00843
2728,13.0084
2729,14.0084
2730,6.01687
2731,3.00843
2732,1.01686
2733,10.0084
2734,10.0084
2735,14.0084
2736,14.0169
2737,12.0084
2738,5.00843
2739,12.0084
2740,1.01686
2741,1.0253
2742,1.03373
2743,11.0084
2744,8.00843
2745,1.01686
2746,16.0084
2747,5.01687
2748,5.0253
2749,4.03373
2750,1.04216
2751,1.05059
2752,1.05903
2753,1.06746
2754,5.00843
2755,3.00843
2756,16.0084
2757,8.01686
2758,5.00843
2759,5.01687
2760,18.0084
2761,7.01687
2762,7.0253
2763,10.0084
2764,8.01686
2765,8.0253
2766,8.03373
2767,5.00843
2768,8.00843
2769,5.01687
2770,8.00843
2771,2.01687
2772,1.0253
2773,3.00843
2774,1.01686
2775,10.0084
2776,7.01687
2777,1.0253
2778,10.0084
2779,19.0084
2780,14.0169
2781,4.0253
2782,3.03373
2783,10.0084
2784,6.01687
2785,5.0253
2786,8.00843
2787,6.01687
2788,20.0084
2789,16.0169
2790,14.0253
2791,12.0337
2792,5.04216
2793,12.0084
2794,10.0169
2795,10.0253
2796,8.03373
2797,2.04216
2798,3.00843
2799,1.01686
2800,12.0084
2801,1.00843
2802,12.0084
2803,12.0084
2804,1.01686
2805,15.0084
2806,8.01686
2807,8.00843
2808,1.01686
2809,10.0084
2810,5.01687
2811,3.0253
2812,19.0084
2813,18.0084
2814,6.01687
2815,13.0084
2816,12.0169
2817,8.0253
2818,8.03373
2819,5.04216
2820,5.05059
2821,8.00843
2822,5.01687
2823,10.0084
2824,8.01686
2825,12.0084
2826,12.0084
2827,18.0084
2828,12.0169
2829,12.0084
2830,20.0084
2831,14.0169
2832,1.0253
2833,16.0084
2834,10.0169
2835,3.0253
2836,18.0084
2837,2.00843
2838,2.01687
2839,14.0084
2840,6.01687
2841,11.0084
2842,3.00843
2843,3.01687
2844,8.00843
2845,7.01687
2846,10.0084
2847,8.01686
2848,8.0253
2849,6.03373
2850,5.04216
2851,1.05059
2852,8.00843
2853,7.01687
2854,1.0253
2855,1.03373
2856,12.0084
2857,8.01686
2858,5.0253
2859,1.03373
2860,7.00843
2861,13.0084
2862,10.0169
2863,8.0253
2864,1.03373
2865,13.0084
2866,1.01686
2867,15.0084
2868,10.0169
2869,8.0253
2870,16.0084
2871,10.0169
2872,7.0253
2873,1.03373
2874,16.0084
2875,16.0169
2876,10.0253
2877,10.0337
2878,8.04216
2879,1.00843
2880,13.0084
2881,12.0084
2882,7.01687
2883,13.0084
2884,1.00843
2885,1.00843
2886,8.00843
2887,3.01687
2888,18.0084
2889,9.01686
2890,14.0084
2891,12.0084
2892,13.0084
2893,13.0084
2894,1.01686
2895,7.00843
2896,1.01686
2897,10.0084
2898,1.01686
2899,12.0084
2900,11.0084
2901,7.00843
2902,7.01687
2903,8.00843
2904,6.01687
2905,8.00843
2906,7.00843
2907,2.01687
2908,1.0253
2909,12.0084
2910,10.0169
2911,3.0253
2912,8.00843
2913,5.01687
2914,1.0253
2915,5.00843
2916,1.01686
2917,16.0084
2918,5.01687
2919,17.0084
2920,5.01687
2921,5.0253
2922,17.0084
2923,12.0169
2924,7.00843
2925,3.01687
2926,1.0253
2927,8.00843
2928,5.00843
2929,8.00843
2930,6.01687
2931,5.0253
2932,4.03373
2933,10.0084
2934,7.01687
2935,1.0253
2936,18.0084
2937,7.01687
2938,6.0253
2939,20.0084
2940,7.01687
2941,5.0253
2942,13.0084
2943,10.0169
2944,5.00843
2945,3.01687
2946,8.00843
2947,5.00843
2948,14.0084
2949,12.0169
2950,12.0253
2951,8.03373
2952,13.0084
2953,7.01687
2954,14.0084
2955,10.0169
2956,9.00843
2957,3.01687
2958,3.0253
2959,3.03373
2960,1.04216
2961,1.05059
2962,12.0084
2963,10.0169
2964,1.0253
2965,1.03373
2966,8.00843
2967,7.01687
2968,4.0253
2969,8.00843
2970,8.01686
2971,8.0253
2972,5.03373
2973,14.0084
2974,10.0169
2975,9.0253
2976,18.0084
2977,16.0169
2978,8.0253
2979,1.00843
2980,18.0084
2981,10.0169
2982,5.00843
2983,5.00843
2984,18.0084
2985,16.0084
2986,16.0084
2987,9.00843
2988,5.01687
2989,20.0084
2990,18.0169
2991,5.00843
2992,5.01687
2993,2.00843
2994,16.0084
2995,10.0169
2996,2.0253
2997,15.0084
2998,3.01687
2999,16.0084
3000,16.0169
3001,1.0253
3002,1.03373
3003,11.0084
3004,8.01686
3005,5.0253
3006,19.0084
3007,15.0169
3008,1.0253
3009,10.0084
3010,6.01687
3011,1.0253
3012,5.00843
3013,16.0084
3014,5.00843
3015,5.01687
3016,13.0084
3017,6.01687
3018,10.0084
3019,3.01687
3020,18.0084
3021,12.0169
3022,10.0253
3023,5.00843
3024,14.0084
3025,10.0169
3026,12.0084
3027,8.01686
3028,1.0253
3029,1.03373
3030,1.00843
3031,7.00843
3032,8.00843
3033,7.01687
3034,5.00843
3035,1.01686
3036,18.0084
3037,16.0169
3038,1.00843
3039,1.01686
3040,1.0253
3041,1.03373
3042,3.00843
3043,3.01687
3044,3.0253
3045,1.03373
3046,14.0084
3047,10.0169
3048,5.00843
3049,5.00843
3050,7.00843
3051,8.00843
3052,3.00843
3053,16.0084
3054,10.0169
3055,13.0084
3056,6.01687
3057,8.00843
3058,7.01687
3059,7.0253
3060,3.03373
3061,10.0084
3062,16.0084
3063,8.00843
3064,14.0084
3065,8.01686
3066,5.0253
3067,10.0084
3068,10.0169
3069,6.0253
3070,3.00843
3071,8.00843
3072,13.0084
3073,8.01686
3074,7.0253
3075,10.0084
3076,8.01686
3077,10.0084
3078,16.0084
3079,8.01686
3080,16.0084
3081,5.00843
3082,13.0084
3083,6.01687
3084,6.00843
3085,9.00843
3086,8.01686
3087,1.0253
3088,14.0084
3089,10.0169
3090,2.0253
3091,5.00843
3092,13.0084
3093,1.01686
3094,14.0084
3095,7.01687
3096,8.00843
3097,5.01687
3098,9.00843
3099,12.0084
3100,10.0169
3101,10.0253
3102,1.03373
3103,18.0084
3104,13.0169
3105,8.0253
3106,5.03373
3107,7.00843
3108,13.0084
3109,12.0084
3110,1.00843
3111,14.0084
3112,12.0084
3113,3.01687
3114,16.0084
3115,16.0084
3116,1.01686
3117,13.0084
3118,6.01687
3119,6.0253
3120,15.0084
3121,20.0084
3122,8.01686
3123,18.0084
3124,10.0084
3125,1.00843
3126,3.00843
3127,14.0084
3128,14.0084
3129,10.0169
3130,10.0253
3131,10.0084
3132,8.01686
3133,5.0253
3134,12.0084
3135,1.01686
3136,18.0084
3137,18.0169
3138,12.0084
3139,20.0084
3140,12.0169
3141,2.0253
3142,13.0084
3143,5.01687
3144,3.0253
3145,7.00843
3146,5.01687
3147,1.0253
3148,3.00843
3149,8.00843
3150,8.00843
3151,5.01687
3152,3.0253
3153,10.0084
3154,5.01687
3155,18.0084
3156,12.0169
3157,10.0253
3158,14.0084
3159,12.0169
3160,1.00843
3161,14.0084
3162,15.0084
3163,3.00843
3164,14.0084
3165,7.00843
3166,3.01687
3167,1.0253
3168,8.00843
3169,15.0084
3170,16.0084
3171,7.01687
3172,5.0253
3173,10.0084
3174,3.01687
3175,1.0253
3176,7.00843
3177,13.0084
3178,1.01686
3179,12.0084
3180,10.0169
3181,9.0253
3182,10.0084
3183,5.01687
3184,12.0084
3185,3.01687
3186,3.0253
3187,5.00843
3188,3.01687
3189,1.0253
3190,4.00843
3191,7.00843
3192,7.01687
3193,7.00843
3194,8.00843
3195,1.01686
3196,8.00843
3197,14.0084
3198,3.01687
3199,12.0084
3200,1.01686
3201,2.00843
3202,18.0084
3203,15.0084
3204,2.01687
3205,16.0084
3206,16.0169
3207,12.0084
3208,1.00843
3209,5.00843
3210,1.01686
3211,19.0084
3212,14.0169
3213,8.0253
3214,8.03373
3215,5.04216
3216,3.05059
3217,3.05903
3218,9.00843
3219,8.00843
3220,2.01687
3221,3.00843
3222,8.00843
3223,8.01686
3224,5.0253
3225,10.0084
3226,2.01687
3227,1.0253
3228,15.0084
3229,10.0169
3230,1.0253
3231,7.00843
3232,17.0084
3233,8.01686
3234,1.0253
3235,1.03373
3236,1.04216
3237,13.0084
3238,7.00843
3239,12.0084
3240,2.01687
3241,1.00843
3242,12.0084
3243,8.01686
3244,9.00843
3245,14.0084
3246,13.0084
3247,1.00843
3248,1.01686
3249,8.00843
3250,3.01687
3251,7.00843
3252,7.01687
3253,20.0084
3254,8.00843
3255,1.00843
3256,5.00843
3257,15.0084
3258,7.01687
3259,3.0253
3260,14.0084
3261,8.01686
3262,8.0253
3263,7.00843
3264,17.0084
3265,14.0169
3266,3.0253
3267,6.00843
3268,18.0084
3269,12.0169
3270,5.0253
3271,5.03373
3272,5.04216
3273,8.00843
3274,8.01686
3275,10.0084
3276,8.01686
3277,3.00843
3278,14.0084
3279,13.0169
3280,10.0253
3281,13.0084
3282,10.0084
3283,13.0084
3284,12.0084
3285,18.0084
3286,12.0169
3287,8.0253
3288,8.00843
3289,6.01687
3290,20.0084
3291,6.01687
3292,6.0253
3293,5.03373
3294,7.00843
3295,2.01687
3296,10.0084
3297,8.01686
3298,7.0253
3299,1.03373
3300,10.0084
3301,9.01686
3302,8.0253
3303,11.0084
3304,14.0084
3305,13.0169
3306,10.0253
3307,10.0337
3308,10.0422
3309,7.05059
3310,7.05903
3311,12.0084
3312,12.0084
3313,5.01687
3314,16.0084
3315,10.0169
3316,1.0253
3317,18.0084
3318,18.0169
3319,1.0253
3320,1.03373
3321,1.04216
3322,13.0084
3323,10.0084
3324,7.01687
3325,7.0253
3326,13.0084
3327,18.0084
3328,12.0169
3329,11.0253
3330,8.03373
3331,1.04216
3332,3.00843
3333,1.01686
3334,8.00843
3335,14.0084
3336,10.0169
3337,15.0084
3338,12.0169
3339,11.0253
3340,20.0084
3341,10.0169
3342,8.0253
3343,3.03373
3344,13.0084
3345,9.01686
3346,3.0253
3347,14.0084
3348,12.0169
3349,8.0253
3350,3.00843
3351,3.01687
3352,5.00843
3353,12.0084
3354,6.01687
3355,16.0084
3356,1.01686
3357,17.0084
3358,7.01687
3359,1.0253
3360,8.00843
3361,3.01687
3362,1.0253
3363,3.00843
3364,5.00843
3365,5.01687
3366,5.00843
3367,1.00843
3368,8.00843
3369,7.01687
3370,6.0253
3371,2.03373
3372,8.00843
3373,1.01686
3374,16.0084
3375,8.00843
3376,12.0084
3377,8.01686
3378,20.0084
3379,14.0084
3380,8.00843
3381,1.01686
3382,6.00843
3383,3.01687
3384,14.0084
3385,8.01686
3386,7.0253
3387,18.0084
3388,8.01686
3389,1.0253
3390,5.00843
3391,3.01687
3392,1.0253
3393,20.0084
3394,16.0169
3395,8.0253
3396,3.03373
3397,1.04216
3398,14.0084
3399,8.00843
3400,8.00843
3401,12.0084
3402,11.0084
3403,7.00843
3404,1.01686
3405,10.0084
3406,7.01687
3407,16.0084
3408,9.01686
3409,5.0253
3410,5.03373
3411,1.04216
3412,16.0084
3413,7.00843
3414,19.0084
3415,14.0169
3416,12.0253
3417,8.03373
3418,4.00843
3419,1.01686
3420,20.0084
3421,5.01687
3422,5.0253
3423,1.03373
3424,8.00843
3425,14.0084
3426,1.01686
3427,12.0084
3428,8.01686
3429,18.0084
3430,18.0169
3431,10.0084
3432,20.0084
3433,13.0169
3434,10.0084
3435,10.0169
3436,8.0253
3437,10.0084
3438,14.0084
3439,14.0169
3440,12.0253
3441,12.0337
3442,12.0422
3443,12.0506
3444,5.00843
3445,14.0084
3446,7.01687
3447,1.0253
3448,1.03373
3449,18.0084
3450,15.0169
3451,10.0084
3452,5.01687
3453,3.0253
3454,3.03373
3455,4.00843
3456,1.00843
3457,6.00843
3458,7.00843
3459,8.00843
3460,8.01686
3461,5.0253
3462,16.0084
3463,10.0084
3464,8.00843
3465,5.01687
3466,12.0084
3467,8.01686
3468,13.0084
3469,14.0084
3470,5.00843
3471,6.00843
3472,12.0084
3473,8.01686
3474,18.0084
3475,1.01686
3476,19.0084
3477,15.0169
3478,13.0253
3479,5.03373
3480,1.04216
3481,8.00843
3482,8.00843
3483,10.0084
3484,1.01686
3485,16.0084
3486,10.0169
3487,8.00843
3488,7.01687
3489,18.0084
3490,12.0169
3491,8.0253
3492,4.00843
3493,7.00843
3494,12.0084
3495,8.01686
3496,16.0084
3497,16.0169
3498,7.0253
3499,1.00843
3500,16.0084
3501,4.00843
3502,17.0084
3503,1.01686
3504,1.00843
3505,3.00843
3506,1.01686
3507,1.0253
3508,8.00843
3509,3.01687
3510,12.0084
3511,7.01687
3512,5.0253
3513,4.03373
3514,12.0084
3515,8.01686
3516,9.00843
3517,6.01687
3518,5.0253
3519,5.03373
3520,11.0084
3521,10.0169
3522,8.0253
3523,10.0084
3524,9.01686
3525,11.0084
3526,6.01687
3527,5.0253
3528,7.00843
3529,3.01687
3530,15.0084
3531,12.0169
3532,3.0253
3533,1.03373
3534,14.0084
3535,13.0169
3536,8.0253
3537,12.0084
3538,18.0084
3539,16.0169
3540,16.0253
3541,12.0337
3542,14.0084
3543,2.01687
3544,3.00843
3545,10.0084
3546,3.01687
3547,13.0084
3548,1.01686
3549,14.0084
3550,8.00843
3551,1.01686
3552,1.00843
3553,1.01686
3554,8.00843
3555,12.0084
3556,10.0169
3557,10.0253
3558,10.0337
3559,14.0084
3560,11.0169
3561,5.0253
3562,3.03373
3563,1.04216
3564,14.0084
3565,6.01687
3566,15.0084
3567,14.0169
3568,5.00843
3569,8.00843
3570,18.0084
3571,10.0169
3572,10.0084
3573,6.01687
3574,5.0253
3575,19.0084
3576,12.0169
3577,12.0253
3578,12.0337
3579,12.0422
3580,8.05059
3581,8.05903
3582,7.06746
3583,7.00843
3584,1.01686
3585,10.0084
3586,13.0084
3587,7.01687
3588,18.0084
3589,1.01686
3590,5.00843
3591,19.0084
3592,3.01687
3593,10.0084
3594,12.0084
3595,8.01686
3596,12.0084
3597,16.0084
3598,13.0084
3599,5.01687
3600,6.00843
3601,9.00843
3602,12.0084
3603,3.01687
3604,1.0253
3605,10.0084
3606,14.0084
3607,6.01687
3608,5.00843
3609,14.0084
3610,14.0169
3611,9.00843
3612,3.01687
3613,10.0084
3614,18.0084
3615,8.01686
3616,5.0253
3617,12.0084
3618,8.01686
3619,1.0253
3620,3.00843
3621,11.0084
3622,5.01687
3623,4.0253
3624,12.0084
3625,2.00843
3626,1.01686
3627,3.00843
3628,3.00843
3629,16.0084
3630,5.01687
3631,4.0253
3632,16.0084
3633,16.0169
3634,7.00843
3635,18.0084
3636,15.0169
3637,7.0253
3638,17.0084
3639,9.01686
3640,8.0253
3641,5.03373
3642,1.04216
3643,1.05059
3644,17.0084
3645,16.0169
3646,12.0253
3647,5.03373
3648,10.0084
3649,3.01687
3650,3.0253
3651,16.0084
3652,12.0169
3653,7.00843
3654,16.0084
3655,8.01686
3656,18.0084
3657,17.0169
3658,10.0253
3659,5.00843
3660,1.01686
3661,1.0253
3662,10.0084
3663,5.00843
3664,3.01687
3665,3.0253
3666,19.0084
3667,15.0169
3668,14.0084
3669,5.01687
3670,18.0084
3671,9.00843
3672,4.00843
3673,12.0084
3674,13.0084
3675,13.0169
3676,3.0253
3677,3.03373
3678,2.00843
3679,3.00843
3680,3.00843
3681,14.0084
3682,12.0084
3683,7.01687
3684,5.0253
3685,12.0084
3686,10.0169
3687,5.0253
3688,10.0084
3689,12.0084
3690,8.01686
3691,15.0084
3692,7.01687
3693,1.0253
3694,1.00843
3695,13.0084
3696,3.01687
3697,6.00843
3698,1.01686
3699,14.0084
3700,12.0084
3701,5.01687
3702,8.00843
3703,5.01687
3704,7.00843
3705,6.01687
3706,2.0253
3707,8.00843
3708,8.01686
3709,18.0084
3710,7.00843
3711,16.0084
3712,6.01687
3713,6.0253
3714,3.03373
3715,15.0084
3716,3.00843
3717,18.0084
3718,8.01686
3719,12.0084
3720,16.0084
3721,13.0169
3722,5.0253
3723,5.03373
3724,5.04216
3725,5.00843
3726,5.01687
3727,7.00843
3728,20.0084
3729,18.0169
3730,16.0253
3731,14.0337
3732,14.0422
3733,7.00843
3734,16.0084
3735,10.0169
3736,1.0253
3737,8.00843
3738,12.0084
3739,8.01686
3740,3.0253
3741,10.0084
3742,3.01687
3743,14.0084
3744,5.01687
3745,16.0084
3746,10.0084
3747,7.01687
3748,18.0084
3749,10.0084
3750,18.0084
3751,7.01687
3752,1.0253
3753,1.00843
3754,12.0084
3755,3.01687
3756,14.0084
3757,5.01687
3758,1.0253
3759,6.00843
3760,18.0084
3761,12.0169
3762,8.00843
3763,5.01687
3764,5.0253
3765,5.03373
3766,1.04216
3767,8.00843
3768,18.0084
3769,7.01687
3770,10.0084
3771,8.01686
3772,8.0253
3773,3.03373
3774,2.04216
3775,13.0084
3776,12.0169
3777,10.0253
3778,10.0337
3779,2.00843
3780,3.00843
3781,18.0084
3782,5.00843
3783,3.01687
3784,3.0253
3785,1.00843
3786,16.0084
3787,10.0169
3788,5.00843
3789,9.00843
3790,16.0084
3791,10.0169
3792,7.0253
3793,8.00843
3794,8.00843
3795,1.00843
3796,8.00843
3797,1.00843
3798,14.0084
3799,7.01687
3800,2.0253
3801,5.00843
3802,6.00843
3803,8.00843
3804,12.0084
3805,14.0084
3806,13.0169
3807,9.0253
3808,14.0084
3809,8.01686
3810,3.0253
3811,1.00843
3812,1.01686
3813,5.00843
3814,4.01687
3815,20.0084
3816,8.01686
3817,19.0084
3818,19.0169
3819,8.00843
3820,3.01687
3821,8.00843
3822,7.00843
3823,8.00843
3824,5.00843
3825,18.0084
3826,12.0084
3827,8.01686
3828,2.0253
3829,1.03373
3830,1.04216
3831,12.0084
3832,5.00843
3833,4.01687
3834,12.0084
3835,8.01686
3836,3.0253
3837,5.00843
3838,5.01687
3839,10.0084
3840,12.0084
3841,8.01686
3842,1.0253
3843,7.00843
3844,8.00843
3845,7.01687
3846,18.0084
3847,12.0169
3848,5.0253
3849,10.0084
3850,6.01687
3851,1.0253
3852,1.03373
3853,15.0084
3854,15.0169
3855,7.0253
3856,8.00843
3857,7.01687
3858,10.0084
3859,10.0169
3860,3.0253
3861,1.00843
3862,16.0084
3863,5.01687
3864,8.00843
3865,8.01686
3866,1.0253
3867,7.00843
3868,3.01687
3869,1.0253
3870,12.0084
3871,8.01686
3872,5.0253
3873,3.03373
3874,2.04216
3875,1.05059
3876,8.00843
3877,14.0084
3878,13.0084
3879,8.01686
3880,8.0253
3881,2.03373
3882,1.04216
3883,1.00843
3884,17.0084
3885,14.0169
3886,9.0253
3887,5.03373
3888,5.04216
3889,10.0084
3890,5.01687
3891,16.0084
3892,16.0169
3893,17.0084
3894,1.01686
3895,18.0084
3896,12.0084
3897,3.01687
3898,3.0253
3899,7.00843
3900,5.01687
3901,8.00843
3902,8.01686
3903,3.0253
3904,1.03373
3905,10.0084
3906,12.0084
3907,11.0169
3908,10.0253
3909,10.0084
3910,8.01686
3911,8.0253
3912,2.03373
3913,10.0084
3914,16.0084
3915,16.0169
3916,7.0253
3917,15.0084
3918,12.0169
3919,18.0084
3920,14.0084
3921,11.0169
3922,14.0084
3923,3.01687
3924,7.00843
3925,18.0084
3926,5.00843
3927,9.00843
3928,1.01686
3929,10.0084
3930,3.01687
3931,14.0084
3932,12.0084
3933,10.0169
3934,7.0253
3935,5.03373
3936,1.00843
3937,17.0084
3938,8.01686
3939,3.0253
3940,2.03373
3941,1.04216
3942,1.05059
3943,3.00843
3944,3.01687
3945,8.00843
3946,5.00843
3947,5.01687
3948,5.00843
3949,8.00843
3950,13.0084
3951,5.01687
3952,14.0084
3953,10.0084
3954,10.0169
3955,3.0253
3956,1.03373
3957,13.0084
3958,12.0169
3959,10.0253
3960,12.0084
3961,12.0169
3962,4.0253
3963,14.0084
3964,8.01686
3965,8.0253
3966,12.0084
3967,1.01686
3968,10.0084
3969,17.0084
3970,17.0169
3971,12.0084
3972,5.01687
3973,1.0253
3974,6.00843
3975,12.0084
3976,8.00843
3977,3.01687
3978,16.0084
3979,10.0084
3980,5.00843
3981,1.01686
3982,20.0084
3983,12.0084
3984,1.00843
3985,2.00843
3986,14.0084
3987,14.0169
3988,12.0253
3989,14.0084
3990,1.01686
3991,1.00843
3992,16.0084
3993,10.0169
3994,7.0253
3995,5.03373
3996,17.0084
3997,16.0084
3998,7.00843
3999,7.01687
4000,3.0253
4001,12.0084
4002,6.01687
4003,1.0253
4004,1.03373
4005,4.00843
4006,3.01687
4007,16.0084
4008,1.00843
4009,1.00843
4010,5.00843
4011,7.00843
4012,17.0084
4013,10.0169
4014,18.0084
4015,18.0084
4016,17.0169
4017,12.0253
4018,6.03373
4019,2.00843
4020,15.0084
4021,12.0169
4022,7.0253
4023,10.0084
4024,12.0084
4025,13.0084
4026,3.01687
4027,1.0253
4028,14.0084
4029,5.01687
4030,5.0253
4031,8.00843
4032,14.0084
4033,10.0169
4034,8.0253
4035,5.03373
4036,17.0084
4037,8.01686
4038,3.0253
4039,12.0084
4040,12.0169
4041,9.0253
4042,5.03373
4043,12.0084
4044,16.0084
4045,1.01686
4046,3.00843
4047,16.0084
4048,10.0169
4049,18.0084
4050,8.01686
4051,5.0253
4052,3.03373
4053,20.0084
4054,2.01687
4055,1.00843
4056,18.0084
4057,15.0169
4058,2.0253
4059,16.0084
4060,3.01687
4061,14.0084
4062,8.01686
4063,16.0084
4064,5.01687
4065,5.0253
4066,12.0084
4067,1.00843
4068,1.00843
4069,13.0084
4070,3.01687
4071,6.00843
4072,8.00843
4073,8.01686
4074,5.00843
4075,12.0084
4076,9.01686
4077,20.0084
4078,18.0169
4079,7.0253
4080,14.0084
4081,12.0169
4082,12.0253
4083,5.03373
4084,1.04216
4085,12.0084
4086,10.0169
4087,16.0084
4088,14.0169
4089,12.0253
4090,10.0337
4091,8.04216
4092,12.0084
4093,9.01686
4094,1.00843
4095,18.0084
4096,14.0169
4097,7.0253
4098,6.03373
4099,18.0084
4100,16.0169
4101,16.0084
4102,6.01687
4103,12.0084
4104,10.0084
4105,8.01686
4106,5.0253
4107,3.03373
4108,1.04216
4109,12.0084
4110,7.01687
4111,8.00843
4112,1.01686
4113,17.0084
4114,7.01687
4115,16.0084
4116,11.0169
4117,9.0253
4118,8.00843
4119,14.0084
4120,8.01686
4121,7.0253
4122,1.03373
4123,10.0084
4124,8.01686
4125,8.00843
4126,8.01686
4127,4.0253
4128,13.0084
4129,14.0084
4130,4.01687
4131,17.0084
4132,14.0169
4133,17.0084
4134,12.0169
4135,6.0253
4136,16.0084
4137,10.0084
4138,1.01686
4139,13.0084
4140,1.00843
4141,1.01686
4142,1.00843
4143,5.00843
4144,5.01687
4145,3.0253
4146,1.03373
4147,10.0084
4148,8.00843
4149,1.00843
4150,7.00843
4151,1.00843
4152,12.0084
4153,8.01686
4154,5.0253
4155,7.00843
4156,16.0084
4157,10.0169
4158,17.0084
4159,1.00843
4160,1.00843
4161,14.0084
4162,8.01686
4163,3.0253
4164,1.03373
4165,11.0084
4166,6.01687
4167,17.0084
4168,10.0169
4169,8.00843
4170,2.01687
4171,14.0084
4172,12.0084
4173,5.01687
4174,1.0253
4175,3.00843
4176,1.01686
4177,14.0084
4178,14.0084
4179,10.0169
4180,6.0253
4181,3.03373
4182,16.0084
4183,7.01687
4184,1.0253
4185,8.00843
4186,18.0084
4187,16.0169
4188,17.0084
4189,13.0169
4190,8.0253
4191,7.03373
4192,1.04216
4193,20.0084
4194,18.0169
4195,9.0253
4196,6.03373
4197,3.04216
4198,17.0084
4199,16.0169
4200,5.0253
4201,16.0084
4202,6.01687
4203,20.0084
4204,12.0169
4205,12.0084
4206,10.0169
4207,8.0253
4208,7.03373
4209,3.04216
4210,1.00843
4211,15.0084
4212,3.01687
4213,10.0084
4214,1.01686
4215,6.00843
4216,5.01687
4217,14.0084
4218,13.0169
4219,8.0253
4220,8.03373
4221,17.0084
4222,7.01687
4223,7.0253
4224,18.0084
4225,13.0169
4226,14.0084
4227,11.0169
4228,16.0084
4229,10.0169
4230,8.0253
4231,16.0084
4232,1.01686
4233,18.0084
4234,5.01687
4235,18.0084
4236,18.0169
4237,5.0253
4238,3.03373
4239,3.04216
4240,1.05059
4241,8.00843
4242,7.01687
4243,6.0253
4244,14.0084
4245,5.01687
4246,3.0253
4247,3.03373
4248,3.00843
4249,17.0084
4250,7.01687
4251,12.0084
4252,12.0169
4253,6.0253
4254,12.0084
4255,1.01686
4256,8.00843
4257,16.0084
4258,14.0169
4259,10.0084
4260,5.01687
4261,14.0084
4262,1.01686
4263,13.0084
4264,2.01687
4265,6.00843
4266,1.01686
4267,11.0084
4268,10.0169
4269,18.0084
4270,6.01687
4271,17.0084
4272,8.00843
4273,1.01686
4274,6.00843
4275,1.01686
4276,18.0084
4277,7.01687
4278,1.0253
4279,1.03373
4280,16.0084
4281,10.0169
4282,8.0253
4283,14.0084
4284,9.01686
4285,5.0253
4286,12.0084
4287,8.01686
4288,8.0253
4289,8.03373
4290,5.04216
4291,18.0084
4292,1.01686
4293,10.0084
4294,10.0169
4295,10.0253
4296,9.03373
4297,8.04216
4298,2.05059
4299,10.0084
4300,8.01686
4301,3.0253
4302,15.0084
4303,1.01686
4304,13.0084
4305,12.0169
4306,8.0253
4307,8.03373
4308,7.04216
4309,12.0084
4310,9.00843
4311,5.01687
4312,10.0084
4313,1.01686
4314,19.0084
4315,7.01687
4316,14.0084
4317,3.00843
4318,16.0084
4319,5.01687
4320,13.0084
4321,19.0084
4322,12.0169
4323,1.00843
4324,12.0084
4325,10.0169
4326,15.0084
4327,16.0084
4328,7.01687
4329,1.0253
4330,3.00843
4331,8.00843
4332,6.01687
4333,18.0084
4334,16.0169
4335,1.00843
4336,7.00843
4337,8.00843
4338,3.01687
4339,6.00843
4340,10.0084
4341,6.01687
4342,8.00843
4343,8.01686
4344,14.0084
4345,7.01687
4346,6.0253
4347,1.00843
4348,3.00843
4349,13.0084
4350,12.0169
4351,3.0253
4352,8.00843
4353,8.01686
4354,5.0253
4355,3.00843
4356,8.00843
4357,5.01687
4358,2.00843
4359,10.0084
4360,10.0169
4361,8.0253
4362,5.03373
4363,2.00843
4364,13.0084
4365,8.01686
4366,7.0253
4367,20.0084
4368,13.0169
4369,7.0253
4370,1.03373
4371,12.0084
4372,8.01686
4373,8.0253
4374,10.0084
4375,3.01687
4376,8.00843
4377,13.0084
4378,12.0169
4379,1.0253
4380,14.0084
4381,7.01687
4382,18.0084
4383,16.0084
4384,12.0169
4385,10.0084
4386,10.0169
4387,1.0253
4388,12.0084
4389,12.0169
4390,7.0253
4391,3.03373
4392,1.00843
4393,1.01686
4394,5.00843
4395,1.01686
4396,1.0253
4397,16.0084
4398,8.00843
4399,8.01686
4400,7.0253
4401,7.03373
4402,7.04216
4403,12.0084
4404,8.01686
4405,8.0253
4406,7.03373
4407,8.00843
4408,7.01687
4409,10.0084
4410,8.01686
4411,1.0253
4412,12.0084
4413,12.0169
4414,11.0084
4415,2.00843
4416,4.00843
4417,14.0084
4418,3.01687
4419,2.0253
4420,14.0084
4421,9.01686
4422,8.0253
4423,6.03373
4424,1.04216
4425,10.0084
4426,3.01687
4427,8.00843
4428,5.01687
4429,5.0253
4430,1.03373
4431,9.00843
4432,5.01687
4433,10.0084
4434,20.0084
4435,14.0169
4436,9.0253
4437,6.03373
4438,3.04216
4439,12.0084
4440,12.0169
4441,7.0253
4442,8.00843
4443,1.01686
4444,8.00843
4445,3.00843
4446,3.01687
4447,8.00843
4448,15.0084
4449,10.0084
4450,17.0084
4451,8.01686
4452,7.0253
4453,7.03373
4454,5.00843
4455,10.0084
4456,10.0169
4457,17.0084
4458,15.0169
4459,8.0253
4460,8.03373
4461,8.04216
4462,16.0084
4463,16.0169
4464,12.0253
4465,3.03373
4466,3.04216
4467,1.05059
4468,10.0084
4469,3.00843
4470,20.0084
4471,20.0169
4472,5.0253
4473,4.03373
4474,3.04216
4475,5.00843
4476,16.0084
4477,12.0084
4478,1.01686
4479,1.00843
4480,5.00843
4481,10.0084
4482,8.01686
4483,1.0253
4484,1.03373
4485,18.0084
4486,11.0169
4487,7.0253
4488,5.03373
4489,1.04216
4490,18.0084
4491,7.01687
4492,18.0084
4493,6.01687
4494,3.0253
4495,9.00843
4496,1.00843
4497,15.0084
4498,12.0169
4499,3.0253
4500,3.03373
4501,14.0084
4502,12.0169
4503,18.0084
4504,5.01687
4505,14.0084
4506,6.01687
4507,10.0084
4508,8.01686
4509,8.0253
4510,14.0084
4511,5.01687
4512,10.0084
4513,8.01686
4514,8.0253
4515,1.00843
4516,10.0084
4517,16.0084
4518,3.01687
4519,2.0253
4520,1.03373
4521,18.0084
4522,5.01687
4523,3.0253
4524,3.03373
4525,18.0084
4526,10.0084
4527,5.01687
4528,5.0253
4529,9.00843
4530,7.01687
4531,9.00843
4532,7.01687
4533,7.0253
4534,7.03373
4535,5.00843
4536,13.0084
4537,10.0169
4538,7.0253
4539,7.03373
4540,7.04216
4541,13.0084
4542,7.01687
4543,17.0084
4544,13.0169
4545,12.0253
4546,12.0337
4547,12.0422
4548,12.0506
4549,8.05903
4550,7.06746
4551,13.0084
4552,6.01687
4553,16.0084
4554,2.01687
4555,17.0084
4556,3.00843
4557,14.0084
4558,14.0169
4559,12.0253
4560,8.03373
4561,7.00843
4562,19.0084
4563,16.0169
4564,1.0253
4565,16.0084
4566,8.01686
4567,18.0084
4568,18.0084
4569,12.0084
4570,5.01687
4571,1.0253
4572,8.00843
4573,1.00843
4574,12.0084
4575,10.0169
4576,8.0253
4577,3.03373
4578,2.04216
4579,1.00843
4580,1.00843
4581,1.00843
4582,1.00843
4583,16.0084
4584,15.0169
4585,8.00843
4586,10.0084
4587,18.0084
4588,3.01687
4589,17.0084
4590,5.01687
4591,5.0253
4592,3.03373
4593,1.04216
4594,14.0084
4595,10.0169
4596,7.00843
4597,1.01686
4598,8.00843
4599,1.00843
4600,11.0084
4601,5.01687
4602,6.00843
4603,14.0084
4604,14.0169
4605,11.0253
4606,5.03373
4607,1.04216
4608,1.05059
4609,8.00843
4610,8.01686
4611,12.0084
4612,9.01686
4613,7.0253
4614,2.03373
4615,16.0084
4616,1.01686
4617,5.00843
4618,13.0084
4619,1.01686
4620,20.0084
4621,13.0169
4622,8.00843
4623,7.00843
4624,7.01687
4625,5.0253
4626,3.03373
4627,3.00843
4628,8.00843
4629,10.0084
4630,1.01686
4631,8.00843
4632,8.00843
4633,8.01686
4634,3.0253
4635,16.0084
4636,14.0169
4637,7.0253
4638,4.03373
4639,5.00843
4640,5.01687
4641,1.00843
4642,1.00843
4643,16.0084
4644,6.01687
4645,1.0253
4646,16.0084
4647,5.01687
4648,1.0253
4649,1.00843
4650,5.00843
4651,7.00843
4652,8.00843
4653,7.01687
4654,1.0253
4655,10.0084
4656,1.01686
4657,13.0084
4658,10.0169
4659,6.0253
4660,3.03373
4661,1.04216
4662,3.00843
4663,12.0084
4664,6.00843
4665,5.01687
4666,5.00843
4667,5.01687
4668,8.00843
4669,4.01687
4670,16.0084
4671,7.01687
4672,6.0253
4673,3.00843
4674,18.0084
4675,10.0084
4676,10.0169
4677,8.0253
4678,2.03373
4679,1.04216
4680,16.0084
4681,14.0084
4682,17.0084
4683,13.0169
4684,12.0253
4685,5.03373
4686,5.00843
4687,6.00843
4688,18.0084
4689,9.01686
4690,8.0253
4691,6.03373
4692,5.04216
4693,12.0084
4694,10.0084
4695,12.0084
4696,13.0084
4697,5.00843
4698,6.00843
4699,16.0084
4700,13.0169
4701,14.0084
4702,1.00843
4703,16.0084
4704,10.0169
4705,10.0253
4706,5.03373
4707,10.0084
4708,19.0084
4709,5.01687
4710,16.0084
4711,1.01686
4712,15.0084
4713,8.01686
4714,18.0084
4715,8.01686
4716,8.0253
4717,3.03373
4718,9.00843
4719,1.01686
4720,1.0253
4721,17.0084
4722,1.00843
4723,8.00843
4724,3.01687
4725,7.00843
4726,6.01687
4727,5.00843
4728,1.01686
4729,1.0253
4730,7.00843
4731,3.01687
4732,1.00843
4733,10.0084
4734,5.01687
4735,5.0253
4736,1.03373
4737,10.0084
4738,7.01687
4739,5.0253
4740,20.0084
4741,8.01686
4742,5.0253
4743,14.0084
4744,13.0169
4745,7.0253
4746,3.03373
4747,3.04216
4748,2.00843
4749,1.00843
4750,8.00843
4751,12.0084
4752,3.01687
4753,3.0253
4754,19.0084
4755,12.0084
4756,17.0084
4757,7.01687
4758,16.0084
4759,8.01686
4760,3.0253
4761,10.0084
4762,6.00843
4763,6.01687
4764,3.0253
4765,14.0084
4766,13.0169
4767,12.0253
4768,10.0084
4769,1.01686
4770,18.0084
4771,8.01686
4772,2.00843
4773,3.00843
4774,12.0084
4775,5.00843
4776,5.01687
4777,9.00843
4778,8.01686
4779,8.00843
4780,18.0084
4781,5.01687
4782,14.0084
4783,10.0169
4784,10.0253
4785,10.0337
4786,5.04216
4787,14.0084
4788,12.0169
4789,8.0253
4790,8.00843
4791,5.01687
4792,3.0253
4793,6.00843
4794,3.01687
4795,8.00843
4796,8.01686
4797,8.0253
4798,7.03373
4799,1.04216
4800,1.05059
4801,16.0084
4802,18.0084
4803,13.0169
4804,13.0253
4805,3.03373
4806,5.00843
4807,5.01687
4808,1.0253
4809,10.0084
4810,1.01686
4811,13.0084
4812,13.0169
4813,5.0253
4814,1.03373
4815,8.00843
4816,9.00843
4817,1.00843
4818,10.0084
4819,8.01686
4820,8.0253
4821,19.0084
4822,8.01686
4823,14.0084
4824,12.0169
4825,10.0253
4826,10.0337
4827,14.0084
4828,8.01686
4829,7.0253
4830,16.0084
4831,16.0169
4832,14.0253
4833,7.03373
4834,5.04216
4835,15.0084
4836,13.0169
4837,14.0084
4838,7.01687
4839,10.0084
4840,7.01687
4841,1.0253
4842,3.00843
4843,12.0084
4844,18.0084
4845,1.01686
4846,8.00843
4847,6.01687
4848,14.0084
4849,6.00843
4850,3.01687
4851,1.0253
4852,15.0084
4853,11.0169
4854,10.0253
4855,8.03373
4856,8.00843
4857,8.00843
4858,8.01686
4859,10.0084
4860,5.00843
4861,2.01687
4862,14.0084
4863,3.01687
4864,18.0084
4865,16.0169
4866,5.0253
4867,20.0084
4868,7.01687
4869,5.00843
4870,4.01687
4871,16.0084
4872,5.00843
4873,5.00843
4874,5.01687
4875,18.0084
4876,3.01687
4877,10.0084
4878,8.01686
4879,7.0253
4880,9.00843
4881,14.0084
4882,14.0084
4883,5.01687
4884,5.00843
4885,12.0084
4886,5.00843
4887,8.00843
4888,8.01686
4889,8.0253
4890,1.03373
4891,1.04216
4892,10.0084
4893,7.00843
4894,16.0084
4895,14.0169
4896,1.0253
4897,1.03373
4898,3.00843
4899,16.0084
4900,16.0169
4901,7.0253
4902,10.0084
4903,8.01686
4904,4.0253
4905,16.0084
4906,16.0169
4907,7.0253
4908,1.00843
4909,1.01686
4910,1.0253
4911,1.03373
4912,13.0084
4913,13.0169
4914,10.0084
4915,3.01687
4916,12.0084
4917,5.01687
4918,5.0253
4919,3.03373
4920,13.0084
4921,6.01687
4922,3.0253
4923,1.00843
4924,12.0084
4925,10.0169
4926,8.0253
4927,5.03373
4928,4.04216
4929,12.0084
4930,12.0169
4931,10.0084
4932,5.01687
4933,12.0084
4934,16.0084
4935,5.01687
4936,17.0084
4937,13.0084
4938,3.00843
4939,12.0084
4940,16.0084
4941,1.01686
4942,1.0253
4943,19.0084
4944,18.0084
4945,19.0084
4946,8.00843
4947,1.01686
4948,7.00843
4949,8.00843
4950,1.00843
4951,8.00843
4952,8.01686
4953,5.0253
4954,17.0084
4955,12.0084
4956,1.01686
4957,8.00843
4958,15.0084
4959,10.0169
4960,1.00843
4961,16.0084
4962,14.0169
4963,4.00843
4964,1.01686
4965,5.00843
4966,5.00843
4967,5.01687
4968,1.0253
4969,14.0084
4970,7.01687
4971,7.0253
4972,6.03373
4973,5.04216
4974,7.00843
4975,3.01687
4976,8.00843
4977,8.01686
4978,5.0253
4979,4.03373
4980,2.00843
4981,12.0084
4982,12.0084
4983,15.0084
4984,14.0169
4985,14.0253
4986,13.0337
4987,12.0084
4988,12.0084
4989,4.01687
4990,12.0084
4991,15.0084
4992,1.01686
4993,8.00843
4994,17.0084
4995,5.00843
4996,10.0084
4997,12.0084
4998,8.01686
4999,18.0084
5000,8.01686
5001,15.0084
5002,12.0169
5003,1.0253
5004,14.0084
5005,17.0084
5006,9.01686
5007,17.0084
5008,10.0169
5009,10.0253
5010,14.0084
5011,3.00843
5012,13.0084
5013,12.0084
5014,8.00843
5015,9.00843
5016,10.0084
5017,3.01687
5018,14.0084
5019,9.01686
5020,1.0253
5021,10.0084
5022,5.00843
5023,17.0084
5024,14.0169
5025,12.0084
5026,5.01687
5027,1.0253
5028,1.03373
5029,16.0084
5030,5.00843
5031,12.0084
5032,10.0169
5033,10.0253
5034,12.0084
5035,7.01687
5036,8.00843
5037,6.01687
5038,10.0084
5039,9.01686
5040,13.0084
5041,3.01687
5042,17.0084
5043,7.01687
5044,5.0253
5045,9.00843
5046,8.01686
5047,16.0084
5048,11.0084
5049,11.0169
5050,16.0084
5051,3.01687
5052,14.0084
5053,1.01686
5054,16.0084
5055,7.00843
5056,7.01687
5057,3.0253
5058,3.03373
5059,5.00843
5060,3.01687
5061,1.00843
5062,5.00843
5063,1.01686
5064,14.0084
5065,10.0169
5066,1.0253
5067,8.00843
5068,14.0084
5069,7.01687
5070,1.0253
5071,1.03373
5072,10.0084
5073,8.01686
5074,8.0253
5075,12.0084
5076,12.0169
5077,3.0253
5078,1.03373
5079,13.0084
5080,1.01686
5081,1.0253
5082,14.0084
5083,5.01687
5084,10.0084
5085,5.01687
5086,17.0084
5087,11.0169
5088,12.0084
5089,8.01686
5090,8.0253
5091,1.03373
5092,18.0084
5093,13.0169
5094,7.0253
5095,1.03373
5096,16.0084
5097,10.0169
5098,3.0253
5099,10.0084
5100,8.01686
5101,5.00843
5102,14.0084
5103,13.0169
5104,11.0253
5105,12.0084
5106,8.00843
5107,14.0084
5108,12.0084
5109,10.0169
5110,8.0253
5111,3.03373
5112,1.04216
5113,13.0084
5114,1.01686
5115,20.0084
5116,13.0169
5117,1.00843
5118,14.0084
5119,5.01687
5120,8.00843
5121,1.00843
5122,18.0084
5123,18.0169
5124,18.0253
5125,16.0084
5126,14.0169
5127,1.0253
5128,1.03373
5129,5.00843
5130,12.0084
5131,8.00843
5132,3.01687
5133,11.0084
5134,10.0169
5135,1.00843
5136,16.0084
5137,12.0169
5138,10.0253
5139,2.03373
5140,16.0084
5141,8.00843
5142,2.01687
5143,1.0253
5144,8.00843
5145,5.01687
5146,5.0253
5147,5.03373
5148,1.04216
5149,2.00843
5150,1.01686
5151,8.00843
5152,1.01686
5153,18.0084
5154,12.0169
5155,12.0253
5156,6.03373
5157,18.0084
5158,18.0084
5159,8.01686
5160,12.0084
5161,12.0169
5162,5.0253
5163,1.03373
5164,8.00843
5165,11.0084
5166,7.01687
5167,2.0253
5168,17.0084
5169,10.0169
5170,8.0253
5171,1.03373
5172,13.0084
5173,10.0169
5174,12.0084
5175,20.0084
5176,13.0084
5177,3.01687
5178,8.00843
5179,1.01686
5180,14.0084
5181,10.0169
5182,3.0253
5183,10.0084
5184,6.00843
5185,5.01687
5186,12.0084
5187,8.01686
5188,20.0084
5189,20.0169
5190,15.0253
5191,14.0084
5192,12.0169
5193,5.00843
5194,1.01686
5195,10.0084
5196,7.01687
5197,15.0084
5198,10.0169
5199,12.0084
5200,10.0169
5201,8.00843
5202,7.01687
5203,13.0084
5204,8.01686
5205,17.0084
5206,3.01687
5207,13.0084
5208,5.00843
5209,1.01686
5210,16.0084
5211,1.01686
5212,18.0084
5213,13.0169
5214,1.0253
5215,12.0084
5216,10.0169
5217,2.0253
5218,3.00843
5219,3.01687
5220,3.0253
5221,10.0084
5222,1.01686
5223,10.0084
5224,8.01686
5225,5.0253
5226,1.03373
5227,8.00843
5228,12.0084
5229,10.0169
5230,8.0253
5231,7.03373
5232,7.04216
5233,1.00843
5234,18.0084
5235,14.0084
5236,11.0169
5237,5.0253
5238,5.03373
5239,1.04216
5240,13.0084
5241,6.01687
5242,5.0253
5243,5.03373
5244,13.0084
5245,10.0169
5246,7.0253
5247,7.03373
5248,1.04216
5249,10.0084
5250,8.01686
5251,8.00843
5252,7.01687
5253,3.00843
5254,8.00843
5255,5.01687
5256,9.00843
5257,6.00843
5258,13.0084
5259,10.0084
5260,7.01687
5261,1.00843
5262,17.0084
5263,12.0169
5264,5.0253
5265,13.0084
5266,12.0169
5267,18.0084
5268,14.0169
5269,13.0253
5270,20.0084
5271,5.00843
5272,5.01687
5273,5.0253
5274,9.00843
5275,1.01686
5276,18.0084
5277,18.0169
5278,14.0084
5279,1.01686
5280,10.0084
5281,7.01687
5282,2.0253
5283,3.00843
5284,14.0084
5285,1.01686
5286,5.00843
5287,3.01687
5288,16.0084
5289,13.0169
5290,20.0084
5291,14.0169
5292,19.0084
5293,10.0084
5294,8.00843
5295,17.0084
5296,20.0084
5297,12.0084
5298,3.00843
5299,1.01686
5300,12.0084
5301,8.01686
5302,5.0253
5303,14.0084
5304,5.01687
5305,3.0253
5306,3.03373
5307,2.04216
5308,7.00843
5309,3.01687
5310,3.0253
5311,3.03373
5312,17.0084
5313,14.0169
5314,12.0253
5315,9.00843
5316,9.01686
5317,1.0253
5318,6.00843
5319,5.01687
5320,8.00843
5321,3.01687
5322,8.00843
5323,7.01687
5324,1.0253
5325,12.0084
5326,8.01686
5327,5.0253
5328,10.0084
5329,8.01686
5330,3.0253
5331,7.00843
5332,7.01687
5333,12.0084
5334,7.01687
5335,12.0084
5336,6.01687
5337,10.0084
5338,5.00843
5339,12.0084
5340,18.0084
5341,10.0169
5342,18.0084
5343,18.0169
5344,12.0253
5345,9.03373
5346,5.04216
5347,3.00843
5348,3.01687
5349,1.00843
5350,1.00843
5351,18.0084
5352,8.01686
5353,1.00843
5354,2.00843
5355,2.01687
5356,16.0084
5357,7.00843
5358,6.01687
5359,7.00843
5360,3.01687
5361,10.0084
5362,9.01686
5363,8.00843
5364,5.01687
5365,5.0253
5366,10.0084
5367,7.01687
5368,7.00843
5369,1.01686
5370,8.00843
5371,8.01686
5372,1.00843
5373,10.0084
5374,13.0084
5375,8.01686
5376,1.0253
5377,20.0084
5378,13.0169
5379,8.00843
5380,8.01686
5381,16.0084
5382,10.0169
5383,5.0253
5384,8.00843
5385,6.01687
5386,6.0253
5387,16.0084
5388,8.01686
5389,1.0253
5390,8.00843
5391,8.01686
5392,4.0253
5393,17.0084
5394,17.0169
5395,14.0253
5396,14.0337
5397,7.04216
5398,18.0084
5399,12.0169
5400,8.0253
5401,18.0084
5402,12.0084
5403,14.0084
5404,18.0084
5405,8.01686
5406,14.0084
5407,3.00843
5408,10.0084
5409,8.00843
5410,18.0084
5411,8.00843
5412,18.0084
5413,7.01687
5414,5.0253
5415,13.0084
5416,16.0084
5417,3.01687
5418,3.0253
5419,14.0084
5420,10.0169
5421,5.0253
5422,1.03373
5423,11.0084
5424,3.00843
5425,3.01687
5426,1.0253
5427,13.0084
5428,6.01687
5429,18.0084
5430,16.0169
5431,8.0253
5432,18.0084
5433,14.0169
5434,5.0253
5435,18.0084
5436,10.0084
5437,8.01686
5438,10.0084
5439,1.01686
5440,6.00843
5441,5.01687
5442,16.0084
5443,1.01686
5444,17.0084
5445,9.01686
5446,3.0253
5447,3.03373
5448,18.0084
5449,16.0084
5450,10.0084
5451,1.01686
5452,11.0084
5453,8.01686
5454,3.0253
5455,18.0084
5456,1.01686
5457,19.0084
5458,10.0169
5459,1.0253
5460,10.0084
5461,7.01687
5462,1.0253
5463,8.00843
5464,5.00843
5465,3.01687
5466,19.0084
5467,14.0169
5468,6.0253
5469,14.0084
5470,7.01687
5471,7.0253
5472,3.03373
5473,1.04216
5474,1.05059
5475,1.05903
5476,12.0084
5477,6.01687
5478,5.0253
5479,2.03373
5480,18.0084
5481,13.0169
5482,8.0253
5483,4.03373
5484,3.04216
5485,9.00843
5486,5.01687
5487,12.0084
5488,10.0169
5489,6.0253
5490,8.00843
5491,18.0084
5492,13.0169
5493,14.0084
5494,14.0169
5495,8.00843
5496,8.01686
5497,17.0084
5498,16.0169
5499,10.0253
5500,16.0084
5501,2.01687
5502,12.0084
5503,5.01687
5504,1.00843
5505,5.00843
5506,5.01687
5507,14.0084
5508,5.01687
5509,2.0253
5510,7.00843
5511,10.0084
5512,10.0084
5513,13.0084
5514,6.01687
5515,12.0084
5516,10.0084
5517,14.0084
5518,14.0169
5519,12.0253
5520,1.00843
5521,16.0084
5522,7.00843
5523,7.01687
5524,3.0253
5525,3.03373
5526,16.0084
5527,12.0169
5528,1.00843
5529,1.00843
5530,1.01686
5531,17.0084
5532,12.0169
5533,8.0253
5534,14.0084
5535,8.01686
5536,16.0084
5537,6.01687
5538,14.0084
5539,14.0169
5540,5.0253
5541,8.00843
5542,6.00843
5543,15.0084
5544,10.0084
5545,8.01686
5546,5.0253
5547,17.0084
5548,10.0169
5549,18.0084
5550,12.0169
5551,6.0253
5552,12.0084
5553,8.01686
5554,8.00843
5555,3.01687
5556,1.0253
5557,14.0084
5558,16.0084
5559,10.0169
5560,1.0253
5561,18.0084
5562,16.0169
5563,1.00843
5564,18.0084
5565,1.01686
5566,1.0253
5567,12.0084
5568,8.01686
5569,7.00843
5570,3.01687
5571,12.0084
5572,12.0169
5573,1.0253
5574,8.00843
5575,10.0084
5576,8.00843
5577,5.01687
5578,3.0253
5579,1.03373
5580,8.00843
5581,7.00843
5582,8.00843
5583,5.01687
5584,9.00843
5585,7.01687
5586,12.0084
5587,7.01687
5588,7.0253
5589,16.0084
5590,10.0169
5591,8.0253
5592,8.03373
5593,6.04216
5594,13.0084
5595,12.0169
5596,7.0253
5597,10.0084
5598,10.0169
5599,1.0253
5600,12.0084
5601,12.0169
5602,5.0253
5603,16.0084
5604,14.0084
5605,20.0084
5606,3.01687
5607,16.0084
5608,16.0169
5609,15.0084
5610,10.0169
5611,10.0084
5612,5.01687
5613,8.00843
5614,1.01686
5615,1.0253
5616,8.00843
5617,10.0084
5618,10.0169
5619,12.0084
5620,7.01687
5621,2.00843
5622,1.01686
5623,1.0253
5624,1.03373
5625,14.0084
5626,8.00843
5627,5.01687
5628,3.0253
5629,3.03373
5630,5.00843
5631,3.01687
5632,13.0084
5633,19.0084
5634,12.0169
5635,7.0253
5636,7.03373
5637,14.0084
5638,5.01687
5639,15.0084
5640,15.0169
5641,10.0253
5642,10.0337
5643,2.04216
5644,8.00843
5645,12.0084
5646,7.00843
5647,4.01687
5648,1.0253
5649,1.03373
5650,15.0084
5651,1.01686
5652,12.0084
5653,10.0169
5654,13.0084
5655,10.0084
5656,10.0084
5657,6.01687
5658,6.0253
5659,3.03373
5660,12.0084
5661,7.01687
5662,7.0253
5663,7.03373
5664,3.04216
5665,8.00843
5666,7.00843
5667,1.00843
5668,10.0084
5669,3.00843
5670,12.0084
5671,1.01686
5672,10.0084
5673,1.01686
5674,15.0084
5675,14.0169
5676,15.0084
5677,12.0169
5678,10.0253
5679,3.03373
5680,1.04216
5681,17.0084
5682,15.0169
5683,5.0253
5684,18.0084
5685,7.01687
5686,3.0253
5687,19.0084
5688,10.0084
5689,8.00843
5690,5.01687
5691,10.0084
5692,7.00843
5693,8.00843
5694,8.01686
5695,14.0084
5696,13.0169
5697,3.0253
5698,1.00843
5699,18.0084
5700,16.0169
5701,12.0084
5702,6.01687
5703,5.0253
5704,14.0084
5705,5.01687
5706,8.00843
5707,1.01686
5708,1.0253
5709,16.0084
5710,8.01686
5711,17.0084
5712,18.0084
5713,12.0169
5714,5.0253
5715,5.00843
5716,14.0084
5717,15.0084
5718,10.0169
5719,10.0253
5720,10.0337
5721,8.04216
5722,8.05059
5723,8.05903
5724,1.06746
5725,15.0084
5726,8.01686
5727,18.0084
5728,10.0169
5729,5.0253
5730,5.03373
5731,12.0084
5732,8.01686
5733,20.0084
5734,20.0169
5735,15.0253
5736,15.0337
5737,12.0422
5738,12.0506
5739,8.05903
5740,7.06746
5741,16.0084
5742,10.0084
5743,8.00843
5744,14.0084
5745,12.0169
5746,3.0253
5747,5.00843
5748,15.0084
5749,3.01687
5750,19.0084
5751,16.0169
5752,11.0253
5753,5.03373
5754,18.0084
5755,1.01686
5756,1.0253
5757,18.0084
5758,2.01687
5759,18.0084
5760,3.01687
5761,13.0084
5762,8.01686
5763,13.0084
5764,6.01687
5765,8.00843
5766,12.0084
5767,7.01687
5768,7.0253
5769,1.03373
5770,14.0084
5771,16.0084
5772,10.0169
5773,10.0084
5774,3.01687
5775,5.00843
5776,12.0084
5777,8.01686
5778,6.0253
5779,3.03373
5780,8.00843
5781,8.01686
5782,8.0253
5783,18.0084
5784,8.01686
5785,10.0084
5786,8.01686
5787,8.0253
5788,3.00843
5789,10.0084
5790,9.01686
5791,12.0084
5792,1.01686
5793,1.0253
5794,12.0084
5795,15.0084
5796,12.0169
5797,3.0253
5798,1.03373
5799,16.0084
5800,14.0169
5801,12.0253
5802,3.03373
5803,3.00843
5804,8.00843
5805,7.01687
5806,16.0084
5807,5.01687
5808,9.00843
5809,8.01686
5810,6.0253
5811,1.03373
5812,18.0084
5813,5.01687
5814,10.0084
5815,9.01686
5816,1.0253
5817,12.0084
5818,8.01686
5819,12.0084
5820,5.01687
5821,3.0253
5822,14.0084
5823,13.0084
5824,2.01687
5825,14.0084
5826,16.0084
5827,15.0169
5828,7.0253
5829,5.03373
5830,3.04216
5831,14.0084
5832,7.01687
5833,14.0084
5834,8.01686
5835,10.0084
5836,14.0084
5837,9.01686
5838,5.0253
5839,3.03373
5840,18.0084
5841,12.0169
5842,10.0253
5843,7.03373
5844,3.04216
5845,2.05059
5846,14.0084
5847,13.0169
5848,5.0253
5849,3.03373
5850,3.04216
5851,2.00843
5852,2.01687
5853,1.0253
5854,13.0084
5855,5.01687
5856,1.0253
5857,3.00843
5858,2.01687
5859,1.0253
5860,14.0084
5861,7.01687
5862,4.0253
5863,3.03373
5864,3.04216
5865,3.05059
5866,16.0084
5867,5.01687
5868,3.0253
5869,16.0084
5870,13.0169
5871,9.0253
5872,5.03373
5873,8.00843
5874,16.0084
5875,9.01686
5876,8.0253
5877,8.03373
5878,7.04216
5879,14.0084
5880,12.0169
5881,7.0253
5882,12.0084
5883,10.0169
5884,18.0084
5885,12.0169
5886,12.0253
5887,12.0337
5888,2.00843
5889,17.0084
5890,14.0169
5891,7.0253
5892,7.03373
5893,7.04216
5894,1.05059
5895,13.0084
5896,8.01686
5897,14.0084
5898,12.0084
5899,10.0169
5900,20.0084
5901,16.0169
5902,12.0253
5903,5.03373
5904,19.0084
5905,7.00843
5906,7.01687
5907,16.0084
5908,14.0169
5909,8.0253
5910,8.03373
5911,8.04216
5912,18.0084
5913,10.0084
5914,10.0169
5915,18.0084
5916,6.01687
5917,13.0084
5918,14.0084
5919,14.0169
5920,5.0253
5921,3.03373
5922,15.0084
5923,3.00843
5924,8.00843
5925,8.01686
5926,5.0253
5927,10.0084
5928,1.01686
5929,17.0084
5930,5.01687
5931,13.0084
5932,1.00843
5933,6.00843
5934,5.01687
5935,1.0253
5936,13.0084
5937,12.0169
5938,5.0253
5939,1.03373
5940,3.00843
5941,1.01686
5942,9.00843
5943,1.01686
5944,8.00843
5945,2.01687
5946,1.0253
5947,14.0084
5948,3.01687
5949,10.0084
5950,3.01687
5951,16.0084
5952,14.0169
5953,13.0253
5954,8.03373
5955,1.04216
5956,1.05059
5957,3.00843
5958,12.0084
5959,9.00843
5960,11.0084
5961,12.0084
5962,7.01687
5963,5.00843
5964,12.0084
5965,8.01686
5966,12.0084
5967,9.00843
5968,8.01686
5969,1.00843
5970,7.00843
5971,3.01687
5972,13.0084
5973,14.0084
5974,13.0084
5975,17.0084
5976,10.0084
5977,9.01686
5978,12.0084
5979,1.01686
5980,8.00843
5981,12.0084
5982,1.00843
5983,8.00843
5984,8.00843
5985,1.01686
5986,1.0253
5987,15.0084
5988,10.0169
5989,10.0253
5990,10.0337
5991,5.04216
5992,6.00843
5993,1.01686
5994,8.00843
5995,7.01687
5996,8.00843
5997,14.0084
5998,7.01687
5999,12.0084
6000,12.0169
6001,10.0253
6002,10.0337
6003,12.0084
6004,5.01687
6005,1.0253
6006,5.00843
6007,14.0084
6008,8.00843
6009,5.01687
6010,5.0253
6011,16.0084
6012,12.0169
6013,12.0253
6014,16.0084
6015,1.01686
6016,12.0084
6017,14.0084
6018,13.0169
6019,1.0253
6020,17.0084
6021,19.0084
6022,3.00843
6023,8.00843
6024,3.01687
6025,9.00843
6026,14.0084
6027,3.01687
6028,1.00843
6029,14.0084
6030,17.0084
6031,1.01686
6032,14.0084
6033,3.01687
6034,12.0084
6035,10.0169
6036,8.0253
6037,5.03373
6038,18.0084
6039,13.0169
6040,12.0084
6041,12.0169
6042,1.0253
6043,8.00843
6044,1.01686
6045,7.00843
6046,5.01687
6047,5.0253
6048,14.0084
6049,13.0169
6050,6.0253
6051,1.03373
6052,14.0084
6053,8.01686
6054,8.0253
6055,10.0084
6056,8.01686
6057,14.0084
6058,10.0169
6059,12.0084
6060,13.0084
6061,8.01686
6062,17.0084
6063,13.0169
6064,13.0253
6065,13.0337
6066,1.04216
6067,14.0084
6068,5.00843
6069,15.0084
6070,10.0169
6071,5.00843
6072,1.01686
6073,18.0084
6074,14.0169
6075,19.0084
6076,10.0169
6077,9.0253
6078,10.0084
6079,10.0169
6080,1.0253
6081,12.0084
6082,12.0169
6083,7.00843
6084,1.01686
6085,1.0253
6086,6.00843
6087,18.0084
6088,9.01686
6089,7.0253
6090,5.03373
6091,1.04216
6092,3.00843
6093,16.0084
6094,6.01687
6095,3.0253
6096,15.0084
6097,5.01687
6098,5.0253
6099,4.03373
6100,10.0084
6101,7.01687
6102,5.0253
6103,14.0084
6104,8.00843
6105,8.01686
6106,12.0084
6107,10.0169
6108,5.0253
6109,8.00843
6110,12.0084
6111,7.01687
6112,15.0084
6113,10.0169
6114,16.0084
6115,1.01686
6116,16.0084
6117,14.0169
6118,1.0253
6119,12.0084
6120,1.01686
6121,18.0084
6122,3.01687
6123,15.0084
6124,16.0084
6125,6.00843
6126,7.00843
6127,5.01687
6128,3.0253
6129,8.00843
6130,12.0084
6131,3.01687
6132,1.0253
6133,14.0084
6134,5.01687
6135,2.0253
6136,14.0084
6137,14.0169
6138,14.0253
6139,12.0337
6140,5.04216
6141,5.05059
6142,5.05903
6143,7.00843
6144,16.0084
6145,8.01686
6146,5.0253
6147,1.03373
6148,1.04216
6149,10.0084
6150,8.00843
6151,3.01687
6152,7.00843
6153,12.0084
6154,10.0169
6155,8.0253
6156,5.03373
6157,6.00843
6158,13.0084
6159,8.01686
6160,8.0253
6161,2.03373
6162,12.0084
6163,1.01686
6164,1.00843
6165,7.00843
6166,2.01687
6167,12.0084
6168,13.0084
6169,11.0084
6170,3.01687
6171,3.0253
6172,16.0084
6173,13.0169
6174,1.0253
6175,1.03373
6176,5.00843
6177,3.00843
6178,7.00843
6179,18.0084
6180,10.0169
6181,5.0253
6182,10.0084
6183,5.01687
6184,18.0084
6185,5.01687
6186,20.0084
6187,16.0169
6188,12.0253
6189,8.03373
6190,5.00843
6191,3.01687
6192,14.0084
6193,7.00843
6194,7.01687
6195,1.00843
6196,1.01686
6197,10.0084
6198,1.01686
6199,16.0084
6200,16.0169
6201,20.0084
6202,2.00843
6203,1.01686
6204,17.0084
6205,7.01687
6206,8.00843
6207,12.0084
6208,1.01686
6209,12.0084
6210,10.0169
6211,8.0253
6212,7.03373
6213,7.04216
6214,6.05059
6215,1.05903
6216,20.0084
6217,3.01687
6218,14.0084
6219,5.01687
6220,3.0253
6221,1.03373
6222,7.00843
6223,5.01687
6224,12.0084
6225,12.0169
6226,6.0253
6227,1.00843
6228,18.0084
6229,18.0169
6230,14.0253
6231,10.0337
6232,9.04216
6233,12.0084
6234,1.01686
6235,14.0084
6236,10.0169
6237,3.0253
6238,14.0084
6239,5.01687
6240,8.00843
6241,19.0084
6242,18.0169
6243,16.0253
6244,10.0084
6245,8.01686
6246,1.00843
6247,5.00843
6248,12.0084
6249,12.0169
6250,8.0253
6251,6.03373
6252,14.0084
6253,10.0169
6254,8.0253
6255,1.03373
6256,12.0084
6257,8.00843
6258,5.01687
6259,8.00843
6260,8.01686
6261,4.0253
6262,10.0084
6263,6.01687
6264,1.0253
6265,10.0084
6266,10.0169
6267,1.0253
6268,3.00843
6269,12.0084
6270,8.01686
6271,1.0253
6272,10.0084
6273,7.01687
6274,5.0253
6275,1.03373
6276,8.00843
6277,17.0084
6278,8.01686
6279,6.0253
6280,1.00843
6281,1.01686
6282,10.0084
6283,20.0084
6284,10.0084
6285,1.01686
6286,14.0084
6287,14.0084
6288,4.01687
6289,15.0084
6290,3.00843
6291,13.0084
6292,10.0169
6293,5.0253
6294,5.00843
6295,16.0084
6296,13.0084
6297,10.0169
6298,7.0253
6299,10.0084
6300,8.01686
6301,14.0084
6302,8.01686
6303,7.0253
6304,18.0084
6305,10.0169
6306,8.0253
6307,10.0084
6308,10.0169
6309,3.0253
6310,1.03373
6311,8.00843
6312,8.01686
6313,12.0084
6314,13.0084
6315,8.00843
6316,7.01687
6317,1.0253
6318,1.03373
6319,10.0084
6320,5.00843
6321,3.01687
6322,16.0084
6323,5.01687
6324,8.00843
6325,8.01686
6326,14.0084
6327,2.01687
6328,10.0084
6329,3.01687
6330,10.0084
6331,14.0084
6332,10.0169
6333,10.0253
6334,5.03373
6335,5.00843
6336,15.0084
6337,14.0084
6338,18.0084
6339,5.01687
6340,18.0084
6341,12.0169
6342,8.0253
6343,3.03373
6344,1.04216
6345,1.05059
6346,11.0084
6347,1.01686
6348,1.0253
6349,1.03373
6350,16.0084
6351,10.0169
6352,5.0253
6353,16.0084
6354,12.0169
6355,18.0084
6356,9.01686
6357,7.0253
6358,7.03373
6359,8.00843
6360,20.0084
6361,12.0169
6362,9.0253
6363,18.0084
6364,3.01687
6365,8.00843
6366,12.0084
6367,1.01686
6368,1.0253
6369,16.0084
6370,3.01687
6371,13.0084
6372,8.01686
6373,13.0084
6374,1.01686
6375,14.0084
6376,7.01687
6377,18.0084
6378,15.0169
6379,8.0253
6380,16.0084
6381,1.01686
6382,5.00843
6383,5.01687
6384,2.00843
6385,1.01686
6386,1.0253
6387,12.0084
6388,14.0084
6389,6.01687
6390,1.00843
6391,1.01686
6392,12.0084
6393,8.00843
6394,8.00843
6395,1.00843
6396,1.01686
6397,4.00843
6398,12.0084
6399,12.0169
6400,8.0253
6401,14.0084
6402,8.01686
6403,7.0253
6404,6.03373
6405,5.00843
6406,8.00843
6407,6.00843
6408,1.01686
6409,7.00843
6410,2.01687
6411,1.0253
6412,8.00843
6413,4.01687
6414,3.00843
6415,1.01686
6416,1.00843
6417,1.01686
6418,14.0084
6419,9.00843
6420,5.01687
6421,3.00843
6422,10.0084
6423,12.0084
6424,7.01687
6425,1.00843
6426,14.0084
6427,8.01686
6428,1.0253
6429,1.03373
6430,14.0084
6431,9.01686
6432,8.0253
6433,3.03373
6434,1.04216
6435,10.0084
6436,9.01686
6437,5.0253
6438,14.0084
6439,3.01687
6440,3.0253
6441,5.00843
6442,5.01687
6443,2.0253
6444,1.03373
6445,18.0084
6446,18.0169
6447,10.0253
6448,7.00843
6449,8.00843
6450,1.01686
6451,1.0253
6452,7.00843
6453,14.0084
6454,10.0169
6455,5.0253
6456,5.03373
6457,14.0084
6458,14.0169
6459,14.0084
6460,14.0169
6461,12.0253
6462,12.0337
6463,9.04216
6464,7.05059
6465,8.00843
6466,8.01686
6467,12.0084
6468,1.01686
6469,19.0084
6470,16.0169
6471,13.0084
6472,12.0169
6473,8.0253
6474,1.03373
6475,10.0084
6476,3.01687
6477,1.0253
6478,16.0084
6479,3.00843
6480,7.00843
6481,7.01687
6482,3.00843
6483,12.0084
6484,6.01687
6485,3.0253
6486,1.03373
6487,1.04216
6488,16.0084
6489,15.0169
6490,5.0253
6491,6.00843
6492,12.0084
6493,10.0169
6494,10.0084
6495,10.0169
6496,9.0253
6497,5.03373
6498,14.0084
6499,10.0169
6500,14.0084
6501,12.0084
6502,10.0169
6503,13.0084
6504,7.00843
6505,1.00843
6506,18.0084
6507,7.01687
6508,3.00843
6509,1.00843
6510,8.00843
6511,10.0084
6512,5.01687
6513,5.0253
6514,1.03373
6515,13.0084
6516,8.01686
6517,14.0084
6518,9.01686
6519,9.00843
6520,1.00843
6521,14.0084
6522,3.01687
6523,14.0084
6524,8.01686
6525,1.0253
6526,5.00843
6527,1.01686
6528,1.0253
6529,1.00843
6530,14.0084
6531,10.0169
6532,3.0253
6533,5.00843
6534,7.00843
6535,5.01687
6536,18.0084
6537,6.01687
6538,16.0084
6539,7.01687
6540,5.0253
6541,10.0084
6542,10.0169
6543,17.0084
6544,1.00843
6545,12.0084
6546,10.0169
6547,5.00843
6548,17.0084
6549,10.0084
6550,8.00843
6551,7.01687
6552,10.0084
6553,3.01687
6554,3.0253
6555,8.00843
6556,1.01686
6557,15.0084
6558,7.00843
6559,5.01687
6560,4.00843
6561,8.00843
6562,5.00843
6563,5.01687
6564,14.0084
6565,8.01686
6566,8.0253
6567,7.03373
6568,7.00843
6569,1.01686
6570,10.0084
6571,8.01686
6572,1.0253
6573,3.00843
6574,12.0084
6575,12.0169
6576,16.0084
6577,16.0169
6578,5.0253
6579,3.03373
6580,1.00843
6581,18.0084
6582,8.01686
6583,7.00843
6584,3.01687
6585,2.0253
6586,1.03373
6587,13.0084
6588,7.01687
6589,10.0084
6590,9.00843
6591,10.0084
6592,10.0169
6593,18.0084
6594,17.0084
6595,10.0169
6596,18.0084
6597,1.01686
6598,12.0084
6599,8.00843
6600,1.00843
6601,1.01686
6602,12.0084
6603,7.01687
6604,19.0084
6605,3.00843
6606,1.01686
6607,3.00843
6608,8.00843
6609,6.00843
6610,11.0084
6611,10.0169
6612,10.0253
6613,7.03373
6614,8.00843
6615,7.01687
6616,7.0253
6617,1.00843
6618,10.0084
6619,10.0169
6620,8.00843
6621,7.00843
6622,14.0084
6623,8.01686
6624,1.00843
6625,8.00843
6626,1.01686
6627,1.0253
6628,18.0084
6629,5.01687
6630,5.0253
6631,3.03373
6632,18.0084
6633,1.01686
6634,8.00843
6635,5.01687
6636,9.00843
6637,8.01686
6638,6.00843
6639,5.01687
6640,5.0253
6641,5.00843
6642,3.01687
6643,9.00843
6644,8.01686
6645,6.0253
6646,18.0084
6647,10.0169
6648,7.0253
6649,3.03373
6650,10.0084
6651,10.0169
6652,8.0253
6653,6.03373
6654,2.04216
6655,13.0084
6656,12.0169
6657,10.0253
6658,10.0337
6659,11.0084
6660,12.0084
6661,13.0084
6662,10.0169
6663,12.0084
6664,5.01687
6665,9.00843
6666,18.0084
6667,18.0169
6668,8.0253
6669,7.03373
6670,3.04216
6671,16.0084
6672,15.0169
6673,8.0253
6674,18.0084
6675,17.0169
6676,3.00843
6677,12.0084
6678,12.0084
6679,8.01686
6680,8.0253
6681,2.03373
6682,3.00843
6683,5.00843
6684,1.01686
6685,16.0084
6686,5.01687
6687,8.00843
6688,7.01687
6689,7.0253
6690,7.03373
6691,3.04216
6692,3.05059
6693,16.0084
6694,10.0169
6695,3.0253
6696,12.0084
6697,8.01686
6698,1.0253
6699,3.00843
6700,17.0084
6701,14.0169
6702,14.0253
6703,12.0084
6704,4.01687
6705,13.0084
6706,20.0084
6707,8.00843
6708,10.0084
6709,8.01686
6710,1.0253
6711,13.0084
6712,12.0169
6713,7.00843
6714,14.0084
6715,8.00843
6716,3.00843
6717,14.0084
6718,16.0084
6719,14.0084
6720,3.00843
6721,2.00843
6722,2.01687
6723,14.0084
6724,14.0169
6725,8.0253
6726,13.0084
6727,5.00843
6728,3.01687
6729,9.00843
6730,7.01687
6731,11.0084
6732,3.00843
6733,3.00843
6734,14.0084
6735,16.0084
6736,16.0169
6737,8.0253
6738,5.03373
6739,3.04216
6740,7.00843
6741,1.01686
6742,12.0084
6743,10.0169
6744,8.0253
6745,6.03373
6746,3.04216
6747,13.0084
6748,7.01687
6749,7.0253
6750,10.0084
6751,13.0084
6752,3.01687
6753,13.0084
6754,8.01686
6755,8.0253
6756,12.0084
6757,10.0169
6758,6.0253
6759,5.03373
6760,16.0084
6761,11.0169
6762,7.00843
6763,1.01686
6764,10.0084
6765,10.0169
6766,18.0084
6767,17.0169
6768,14.0253
6769,8.03373
6770,16.0084
6771,3.01687
6772,16.0084
6773,6.01687
6774,10.0084
6775,16.0084
6776,15.0169
6777,19.0084
6778,14.0169
6779,10.0084
6780,7.00843
6781,1.01686
6782,16.0084
6783,12.0084
6784,5.01687
6785,5.0253
6786,14.0084
6787,8.00843
6788,6.00843
6789,5.00843
6790,10.0084
6791,14.0084
6792,3.01687
6793,11.0084
6794,5.01687
6795,16.0084
6796,16.0169
6797,1.0253
6798,15.0084
6799,8.00843
6800,16.0084
6801,1.01686
6802,10.0084
6803,9.01686
6804,9.0253
6805,3.03373
6806,10.0084
6807,13.0084
6808,5.01687
6809,1.0253
6810,12.0084
6811,8.01686
6812,20.0084
6813,14.0169
6814,12.0253
6815,3.00843
6816,2.01687
6817,14.0084
6818,10.0169
6819,16.0084
6820,8.01686
6821,7.0253
6822,1.00843
6823,14.0084
6824,8.01686
6825,8.0253
6826,2.03373
6827,8.00843
6828,1.01686
6829,7.00843
6830,6.01687
6831,1.0253
6832,1.00843
6833,17.0084
6834,7.01687
6835,8.00843
6836,3.01687
6837,16.0084
6838,9.01686
6839,7.0253
6840,5.03373
6841,12.0084
6842,8.01686
6843,8.0253
6844,5.03373
6845,1.04216
6846,8.00843
6847,2.01687
6848,1.0253
6849,8.00843
6850,3.01687
6851,5.00843
6852,8.00843
6853,4.01687
6854,3.0253
6855,3.03373
6856,16.0084
6857,12.0169
6858,6.0253
6859,13.0084
6860,10.0169
6861,8.0253
6862,7.03373
6863,7.04216
6864,8.00843
6865,14.0084
6866,10.0169
6867,1.0253
6868,16.0084
6869,10.0169
6870,14.0084
6871,6.00843
6872,10.0084
6873,7.01687
6874,20.0084
6875,1.01686
6876,3.00843
6877,1.00843
6878,1.00843
6879,1.01686
6880,8.00843
6881,7.00843
6882,10.0084
6883,8.01686
6884,14.0084
6885,12.0169
6886,8.0253
6887,8.00843
6888,5.01687
6889,7.00843
6890,3.01687
6891,17.0084
6892,1.00843
6893,8.00843
6894,5.01687
6895,7.00843
6896,6.01687
6897,10.0084
6898,3.01687
6899,7.00843
6900,7.01687
6901,15.0084
6902,7.01687
6903,12.0084
6904,12.0169
6905,8.0253
6906,1.03373
6907,8.00843
6908,6.01687
6909,10.0084
6910,1.01686
6911,11.0084
6912,16.0084
6913,12.0084
6914,10.0169
6915,6.0253
6916,13.0084
6917,10.0084
6918,3.00843
6919,12.0084
6920,12.0084
6921,12.0084
6922,1.00843
6923,1.01686
6924,14.0084
6925,7.01687
6926,7.0253
6927,1.03373
6928,10.0084
6929,8.01686
6930,1.0253
6931,5.00843
6932,3.01687
6933,1.0253
6934,12.0084
6935,3.01687
6936,3.0253
6937,2.03373
6938,12.0084
6939,10.0169
6940,8.0253
6941,5.03373
6942,5.04216
6943,5.05059
6944,5.05903
6945,13.0084
6946,8.01686
6947,5.0253
6948,1.03373
6949,7.00843
6950,8.00843
6951,8.01686
6952,8.0253
6953,3.03373
6954,11.0084
6955,8.01686
6956,8.0253
6957,12.0084
6958,3.01687
6959,8.00843
6960,8.00843
6961,7.01687
6962,5.0253
6963,16.0084
6964,10.0084
6965,16.0084
6966,18.0084
6967,17.0169
6968,14.0253
6969,16.0084
6970,10.0169
6971,8.0253
6972,1.03373
6973,16.0084
6974,10.0084
6975,10.0084
6976,10.0084
6977,1.00843
6978,10.0084
6979,17.0084
6980,13.0084
6981,1.01686
6982,3.00843
6983,8.00843
6984,5.01687
6985,1.0253
6986,8.00843
6987,10.0084
6988,5.01687
6989,8.00843
6990,7.01687
6991,1.00843
6992,14.0084
6993,2.00843
6994,1.00843
6995,1.01686
6996,2.00843
6997,3.00843
6998,2.01687
6999,1.0253
7000,10.0084
7001,7.00843
7002,18.0084
7003,7.00843
7004,5.01687
7005,10.0084
7006,10.0169
7007,6.0253
7008,8.00843
7009,8.01686
7010,1.0253
7011,1.03373
7012,10.0084
7013,8.01686
7014,1.0253
7015,1.03373
7016,9.00843
7017,3.01687
7018,12.0084
7019,10.0169
7020,12.0084
7021,5.01687
7022,17.0084
7023,16.0169
7024,14.0253
7025,5.03373
7026,16.0084
7027,16.0169
7028,14.0253
7029,10.0084
7030,10.0169
7031,1.0253
7032,8.00843
7033,3.00843
7034,12.0084
7035,5.01687
7036,5.0253
7037,17.0084
7038,7.00843
7039,17.0084
7040,13.0169
7041,8.0253
7042,8.03373
7043,12.0084
7044,8.01686
7045,8.0253
7046,8.03373
7047,9.00843
7048,5.00843
7049,1.01686
7050,14.0084
7051,13.0169
7052,13.0253
7053,12.0084
7054,10.0084
7055,9.01686
7056,17.0084
7057,13.0084
7058,9.01686
7059,4.0253
7060,14.0084
7061,8.01686
7062,18.0084
7063,1.01686
7064,1.0253
7065,15.0084
7066,6.00843
7067,1.01686
7068,1.00843
7069,5.00843
7070,1.01686
7071,1.00843
7072,5.00843
7073,3.01687
7074,2.0253
7075,1.03373
7076,14.0084
7077,8.01686
7078,8.0253
7079,8.03373
7080,8.04216
7081,5.05059
7082,1.05903
7083,6.00843
7084,16.0084
7085,1.01686
7086,18.0084
7087,5.01687
7088,1.0253
7089,1.03373
7090,1.04216
7091,12.0084
7092,13.0084
7093,7.01687
7094,7.0253
7095,13.0084
7096,10.0169
7097,10.0253
7098,12.0084
7099,9.01686
7100,8.0253
7101,8.03373
7102,5.04216
7103,1.05059
7104,12.0084
7105,10.0169
7106,13.0084
7107,12.0169
7108,10.0253
7109,8.03373
7110,8.04216
7111,7.05059
7112,5.05903
7113,3.06746
7114,19.0084
7115,12.0169
7116,8.0253
7117,5.03373
7118,1.04216
7119,20.0084
7120,20.0169
7121,16.0253
7122,12.0337
7123,6.04216
7124,19.0084
7125,18.0169
7126,12.0253
7127,13.0084
7128,8.01686
7129,19.0084
7130,9.01686
7131,1.0253
7132,14.0084
7133,10.0169
7134,10.0253
7135,1.03373
7136,19.0084
7137,11.0169
7138,12.0084
7139,8.01686
7140,8.0253
7141,13.0084
7142,14.0084
7143,5.01687
7144,13.0084
7145,2.01687
7146,2.0253
7147,1.00843
7148,2.00843
7149,16.0084
7150,12.0169
7151,5.0253
7152,18.0084
7153,12.0169
7154,5.0253
7155,19.0084
7156,10.0169
7157,1.0253
7158,1.03373
7159,8.00843
7160,8.01686
7161,14.0084
7162,12.0169
7163,5.00843
7164,13.0084
7165,9.01686
7166,7.00843
7167,13.0084
7168,14.0084
7169,13.0169
7170,8.0253
7171,5.03373
7172,6.00843
7173,3.01687
7174,12.0084
7175,3.01687
7176,2.0253
7177,18.0084
7178,19.0084
7179,10.0169
7180,2.0253
7181,1.03373
7182,1.04216
7183,15.0084
7184,14.0169
7185,7.0253
7186,13.0084
7187,10.0169
7188,17.0084
7189,14.0169
7190,8.0253
7191,3.03373
7192,14.0084
7193,12.0169
7194,15.0084
7195,12.0084
7196,1.01686
7197,13.0084
7198,14.0084
7199,1.01686
7200,20.0084
7201,5.01687
7202,3.0253
7203,17.0084
7204,17.0169
7205,5.0253
7206,12.0084
7207,1.01686
7208,1.0253
7209,8.00843
7210,1.01686
7211,10.0084
7212,10.0169
7213,2.0253
7214,3.00843
7215,14.0084
7216,3.01687
7217,7.00843
7218,1.01686
7219,13.0084
7220,13.0169
7221,5.0253
7222,10.0084
7223,8.01686
7224,3.0253
7225,12.0084
7226,8.01686
7227,10.0084
7228,5.01687
7229,10.0084
7230,14.0084
7231,13.0169
7232,8.0253
7233,5.00843
7234,18.0084
7235,7.01687
7236,19.0084
7237,12.0169
7238,3.0253
7239,17.0084
7240,13.0169
7241,14.0084
7242,12.0169
7243,9.0253
7244,1.03373
7245,10.0084
7246,3.01687
7247,16.0084
7248,8.01686
7249,1.0253
7250,6.00843
7251,7.00843
7252,5.01687
7253,10.0084
7254,8.01686
7255,12.0084
7256,5.01687
7257,8.00843
7258,12.0084
7259,8.00843
7260,8.01686
7261,2.00843
7262,18.0084
7263,3.01687
7264,5.00843
7265,1.00843
7266,8.00843
7267,1.01686
7268,20.0084
7269,8.00843
7270,7.01687
7271,5.0253
7272,3.03373
7273,10.0084
7274,6.01687
7275,14.0084
7276,7.01687
7277,3.0253
7278,1.03373
7279,18.0084
7280,12.0169
7281,10.0253
7282,8.03373
7283,8.04216
7284,16.0084
7285,1.01686
7286,15.0084
7287,12.0169
7288,10.0253
7289,1.03373
7290,16.0084
7291,7.01687
7292,18.0084
7293,6.01687
7294,17.0084
7295,13.0169
7296,10.0253
7297,5.03373
7298,10.0084
7299,13.0084
7300,7.01687
7301,14.0084
7302,14.0169
7303,15.0084
7304,15.0169
7305,9.0253
7306,9.03373
7307,8.04216
7308,1.00843
7309,14.0084
7310,9.01686
7311,1.0253
7312,16.0084
7313,12.0169
7314,10.0253
7315,16.0084
7316,13.0169
7317,12.0084
7318,8.01686
7319,8.0253
7320,9.00843
7321,10.0084
7322,2.01687
7323,3.00843
7324,14.0084
7325,12.0169
7326,1.0253
7327,4.00843
7328,5.00843
7329,6.00843
7330,12.0084
7331,13.0084
7332,1.00843
7333,8.00843
7334,3.01687
7335,1.0253
7336,8.00843
7337,3.01687
7338,1.0253
7339,1.00843
7340,14.0084
7341,8.00843
7342,20.0084
7343,16.0169
7344,12.0253
7345,5.03373
7346,9.00843
7347,10.0084
7348,3.01687
7349,10.0084
7350,1.01686
7351,1.0253
7352,1.03373
7353,13.0084
7354,1.00843
7355,5.00843
7356,5.01687
7357,14.0084
7358,18.0084
7359,16.0169
7360,12.0084
7361,9.01686
7362,8.0253
7363,1.03373
7364,10.0084
7365,10.0169
7366,3.0253
7367,1.03373
7368,18.0084
7369,10.0169
7370,8.0253
7371,1.03373
7372,10.0084
7373,14.0084
7374,10.0169
7375,4.00843
7376,12.0084
7377,12.0169
7378,9.0253
7379,5.03373
7380,15.0084
7381,7.01687
7382,7.00843
7383,1.01686
7384,8.00843
7385,5.00843
7386,10.0084
7387,17.0084
7388,11.0169
7389,7.0253
7390,18.0084
7391,13.0169
7392,8.00843
7393,1.01686
7394,14.0084
7395,7.01687
7396,16.0084
7397,16.0084
7398,10.0169
7399,10.0253
7400,9.03373
7401,5.00843
7402,14.0084
7403,6.01687
7404,9.00843
7405,16.0084
7406,8.01686
7407,16.0084
7408,5.00843
7409,20.0084
7410,14.0084
7411,10.0169
7412,7.0253
7413,3.03373
7414,9.00843
7415,7.01687
7416,16.0084
7417,16.0169
7418,12.0253
7419,8.03373
7420,7.04216
7421,6.05059
7422,18.0084
7423,14.0169
7424,10.0253
7425,1.00843
7426,1.01686
7427,12.0084
7428,13.0084
7429,9.00843
7430,10.0084
7431,7.00843
7432,16.0084
7433,7.01687
7434,13.0084
7435,1.01686
7436,1.0253
7437,14.0084
7438,5.01687
7439,3.00843
7440,8.00843
7441,13.0084
7442,16.0084
7443,1.01686
7444,10.0084
7445,5.01687
7446,4.0253
7447,3.03373
7448,18.0084
7449,8.01686
7450,5.0253
7451,2.03373
7452,8.00843
7453,8.01686
7454,3.0253
7455,19.0084
7456,10.0169
7457,10.0253
7458,8.03373
7459,10.0084
7460,2.00843
7461,1.00843
7462,14.0084
7463,10.0084
7464,1.01686
7465,10.0084
7466,3.00843
7467,18.0084
7468,16.0169
7469,12.0253
7470,14.0084
7471,3.01687
7472,1.0253
7473,20.0084
7474,14.0169
7475,10.0253
7476,8.03373
7477,7.04216
7478,6.05059
7479,18.0084
7480,7.01687
7481,9.00843
7482,8.01686
7483,8.0253
7484,5.03373
7485,3.04216
7486,10.0084
7487,20.0084
7488,7.01687
7489,14.0084
7490,12.0169
7491,1.0253
7492,15.0084
7493,14.0084
7494,12.0084
7495,7.01687
7496,1.0253
7497,12.0084
7498,5.01687
7499,8.00843
7500,1.01686
7501,14.0084
7502,1.01686
7503,12.0084
7504,5.01687
7505,3.0253
7506,2.03373
7507,13.0084
7508,5.01687
7509,3.0253
7510,1.03373
7511,18.0084
7512,14.0169
7513,14.0084
7514,9.01686
7515,8.0253
7516,3.03373
7517,14.0084
7518,10.0084
7519,8.00843
7520,8.01686
7521,4.00843
7522,1.01686
7523,17.0084
7524,16.0169
7525,12.0253
7526,7.03373
7527,17.0084
7528,8.01686
7529,7.0253
7530,3.03373
7531,1.00843
7532,13.0084
7533,10.0169
7534,10.0084
7535,8.01686
7536,3.0253
7537,3.03373
7538,16.0084
7539,1.01686
7540,1.0253
7541,6.00843
7542,15.0084
7543,7.01687
7544,8.00843
7545,3.01687
7546,14.0084
7547,15.0084
7548,14.0169
7549,13.0253
7550,1.03373
7551,7.00843
7552,13.0084
7553,14.0084
7554,4.01687
7555,1.0253
7556,1.03373
7557,5.00843
7558,2.01687
7559,16.0084
7560,1.00843
7561,1.01686
7562,9.00843
7563,8.01686
7564,8.0253
7565,2.03373
7566,12.0084
7567,1.01686
7568,7.00843
7569,8.00843
7570,8.01686
7571,8.0253
7572,7.00843
7573,18.0084
7574,8.01686
7575,1.0253
7576,12.0084
7577,12.0169
7578,8.00843
7579,20.0084
7580,18.0169
7581,18.0253
7582,10.0084
7583,8.01686
7584,18.0084
7585,12.0169
7586,1.00843
7587,1.01686
7588,3.00843
7589,2.00843
7590,18.0084
7591,5.00843
7592,1.01686
7593,10.0084
7594,18.0084
7595,18.0169
7596,5.0253
7597,3.03373
7598,18.0084
7599,16.0169
7600,10.0253
7601,10.0337
7602,10.0422
7603,9.05059
7604,10.0084
7605,7.01687
7606,14.0084
7607,1.01686
7608,1.0253
7609,1.03373
7610,12.0084
7611,10.0084
7612,1.01686
7613,8.00843
7614,1.01686
7615,1.0253
7616,1.03373
7617,1.04216
7618,18.0084
7619,10.0169
7620,5.0253
7621,16.0084
7622,12.0084
7623,12.0169
7624,12.0253
7625,1.03373
7626,5.00843
7627,5.01687
7628,5.0253
7629,18.0084
7630,7.01687
7631,3.0253
7632,16.0084
7633,8.01686
7634,8.0253
7635,5.03373
7636,3.04216
7637,6.00843
7638,13.0084
7639,3.01687
7640,8.00843
7641,7.01687
7642,12.0084
7643,1.01686
7644,16.0084
7645,14.0169
7646,12.0253
7647,7.03373
7648,3.04216
7649,3.05059
7650,8.00843
7651,5.00843
7652,14.0084
7653,10.0169
7654,18.0084
7655,16.0169
7656,14.0084
7657,7.01687
7658,2.0253
7659,19.0084
7660,1.01686
7661,15.0084
7662,12.0169
7663,1.0253
7664,2.00843
7665,17.0084
7666,14.0169
7667,9.0253
7668,3.03373
7669,13.0084
7670,10.0169
7671,2.0253
7672,12.0084
7673,1.01686
7674,7.00843
7675,12.0084
7676,18.0084
7677,3.01687
7678,1.00843
7679,20.0084
7680,13.0169
7681,12.0253
7682,18.0084
7683,8.00843
7684,3.00843
7685,10.0084
7686,3.01687
7687,1.0253
7688,5.00843
7689,1.01686
7690,1.0253
7691,1.03373
7692,8.00843
7693,5.01687
7694,5.00843
7695,16.0084
7696,14.0169
7697,8.0253
7698,5.00843
7699,5.01687
7700,7.00843
7701,7.01687
7702,12.0084
7703,10.0169
7704,5.0253
7705,20.0084
7706,10.0169
7707,5.00843
7708,14.0084
7709,14.0084
7710,10.0169
7711,8.0253
7712,1.03373
7713,18.0084
7714,10.0169
7715,10.0084
7716,14.0084
7717,5.01687
7718,15.0084
7719,8.01686
7720,5.0253
7721,7.00843
7722,10.0084
7723,8.01686
7724,3.0253
7725,5.00843
7726,3.00843
7727,18.0084
7728,6.01687
7729,19.0084
7730,14.0084
7731,1.00843
7732,9.00843
7733,5.01687
7734,5.0253
7735,1.03373
7736,14.0084
7737,7.00843
7738,6.01687
7739,1.0253
7740,13.0084
7741,12.0169
7742,10.0253
7743,3.00843
7744,18.0084
7745,10.0169
7746,1.00843
7747,14.0084
7748,13.0084
7749,8.00843
7750,2.01687
7751,12.0084
7752,10.0084
7753,7.01687
7754,12.0084
7755,16.0084
7756,13.0169
7757,13.0253
7758,13.0337
7759,5.00843
7760,9.00843
7761,3.01687
7762,2.0253
7763,13.0084
7764,10.0169
7765,5.0253
7766,14.0084
7767,5.01687
7768,1.0253
7769,12.0084
7770,3.01687
7771,7.00843
7772,1.01686
7773,18.0084
7774,10.0169
7775,10.0253
7776,11.0084
7777,8.01686
7778,3.0253
7779,2.03373
7780,1.04216
7781,12.0084
7782,4.01687
7783,14.0084
7784,13.0084
7785,3.01687
7786,7.00843
7787,7.01687
7788,5.00843
7789,5.01687
7790,3.0253
7791,20.0084
7792,13.0169
7793,7.0253
7794,7.03373
7795,8.00843
7796,18.0084
7797,9.01686
7798,7.00843
7799,8.00843
7800,16.0084
7801,14.0084
7802,16.0084
7803,13.0169
7804,7.00843
7805,18.0084
7806,13.0169
7807,10.0253
7808,7.00843
7809,7.00843
7810,1.01686
7811,13.0084
7812,6.01687
7813,3.0253
7814,1.00843
7815,10.0084
7816,8.01686
7817,5.00843
7818,12.0084
7819,7.01687
7820,5.0253
7821,14.0084
7822,6.01687
7823,12.0084
7824,9.01686
7825,8.0253
7826,5.03373
7827,1.04216
7828,8.00843
7829,14.0084
7830,12.0169
7831,7.0253
7832,14.0084
7833,13.0169
7834,12.0084
7835,12.0169
7836,19.0084
7837,1.01686
7838,16.0084
7839,8.01686
7840,3.0253
7841,5.00843
7842,5.01687
7843,5.0253
7844,1.03373
7845,1.00843
7846,1.01686
7847,19.0084
7848,8.01686
7849,8.0253
7850,6.03373
7851,2.04216
7852,7.00843
7853,3.01687
7854,3.0253
7855,7.00843
7856,7.01687
7857,5.0253
7858,5.03373
7859,4.04216
7860,5.00843
7861,8.00843
7862,8.00843
7863,3.01687
7864,13.0084
7865,7.00843
7866,1.01686
7867,16.0084
7868,12.0169
7869,11.0253
7870,8.03373
7871,8.04216
7872,18.0084
7873,10.0169
7874,1.0253
7875,14.0084
7876,12.0169
7877,5.0253
7878,1.03373
7879,13.0084
7880,5.00843
7881,17.0084
7882,14.0084
7883,7.01687
7884,15.0084
7885,10.0169
7886,1.00843
7887,7.00843
7888,5.01687
7889,4.0253
7890,1.00843
7891,5.00843
7892,3.01687
7893,12.0084
7894,7.01687
7895,13.0084
7896,10.0084
7897,10.0169
7898,10.0253
7899,14.0084
7900,5.01687
7901,12.0084
7902,8.01686
7903,8.0253
7904,3.03373
7905,1.00843
7906,8.00843
7907,8.01686
7908,15.0084
7909,10.0169
7910,9.0253
7911,8.00843
7912,1.01686
7913,3.00843
7914,3.01687
7915,3.0253
7916,14.0084
7917,14.0169
7918,15.0084
7919,6.00843
7920,1.00843
7921,1.01686
7922,1.0253
7923,14.0084
7924,3.01687
7925,3.0253
7926,3.00843
7927,8.00843
7928,8.00843
7929,16.0084
7930,10.0169
7931,9.0253
7932,5.03373
7933,12.0084
7934,7.01687
7935,7.0253
7936,12.0084
7937,8.01686
7938,14.0084
7939,14.0169
7940,12.0253
7941,8.03373
7942,10.0084
7943,3.01687
7944,1.0253
7945,12.0084
7946,1.01686
7947,1.0253
7948,3.00843
7949,1.01686
7950,18.0084
7951,5.01687
7952,18.0084
7953,12.0169
7954,7.00843
7955,7.01687
7956,12.0084
7957,3.01687
7958,18.0084
7959,8.01686
7960,7.00843
7961,3.00843
7962,1.01686
7963,3.00843
7964,1.01686
7965,14.0084
7966,2.01687
7967,1.0253
7968,6.00843
7969,15.0084
7970,14.0169
7971,7.0253
7972,7.03373
7973,7.04216
7974,3.05059
7975,16.0084
7976,8.01686
7977,7.0253
7978,3.03373
7979,3.04216
7980,2.05059
7981,2.05903
7982,6.00843
7983,3.01687
7984,19.0084
7985,10.0169
7986,18.0084
7987,14.0169
7988,12.0253
7989,8.03373
7990,12.0084
7991,12.0169
7992,8.0253
7993,12.0084
7994,7.01687
7995,12.0084
7996,3.01687
7997,6.00843
7998,3.01687
7999,3.0253
8000,3.03373
8001,8.00843
8002,7.01687
8003,1.0253
8004,14.0084
8005,8.01686
8006,17.0084
8007,16.0169
8008,15.0253
8009,10.0084
8010,8.01686
8011,5.00843
8012,5.01687
8013,10.0084
8014,1.01686
8015,20.0084
8016,4.01687
8017,1.0253
8018,18.0084
8019,6.01687
8020,1.0253
8021,6.00843
8022,10.0084
8023,7.01687
8024,5.0253
8025,8.00843
8026,8.01686
8027,12.0084
8028,12.0169
8029,9.0253
8030,7.03373
8031,5.04216
8032,3.05059
8033,1.05903
8034,5.00843
8035,17.0084
8036,14.0169
8037,12.0084
8038,5.01687
8039,1.0253
8040,13.0084
8041,5.01687
8042,14.0084
8043,14.0169
8044,14.0253
8045,3.03373
8046,15.0084
8047,7.01687
8048,3.0253
8049,12.0084
8050,12.0084
8051,6.01687
8052,14.0084
8053,3.01687
8054,15.0084
8055,8.01686
8056,4.00843
8057,1.01686
8058,8.00843
8059,14.0084
8060,1.01686
8061,15.0084
8062,12.0169
8063,3.00843
8064,10.0084
8065,10.0169
8066,6.00843
8067,5.01687
8068,3.0253
8069,14.0084
8070,1.01686
8071,20.0084
8072,2.01687
8073,8.00843
8074,3.01687
8075,12.0084
8076,7.01687
8077,5.0253
8078,5.03373
8079,8.00843
8080,3.01687
8081,3.0253
8082,3.03373
8083,3.04216
8084,1.05059
8085,10.0084
8086,6.01687
8087,1.0253
8088,8.00843
8089,8.01686
8090,7.0253
8091,8.00843
8092,7.01687
8093,18.0084
8094,10.0169
8095,10.0253
8096,10.0084
8097,8.01686
8098,10.0084
8099,16.0084
8100,3.01687
8101,1.00843
8102,20.0084
8103,14.0169
8104,10.0084
8105,14.0084
8106,14.0169
8107,14.0253
8108,12.0337
8109,12.0422
8110,18.0084
8111,16.0084
8112,7.01687
8113,6.0253
8114,5.03373
8115,3.00843
8116,12.0084
8117,12.0169
8118,8.0253
8119,5.03373
8120,1.04216
8121,18.0084
8122,7.01687
8123,3.0253
8124,20.0084
8125,14.0169
8126,12.0253
8127,7.03373
8128,13.0084
8129,5.01687
8130,18.0084
8131,10.0169
8132,16.0084
8133,13.0169
8134,13.0084
8135,8.01686
8136,1.0253
8137,18.0084
8138,8.01686
8139,5.0253
8140,1.03373
8141,6.00843
8142,14.0084
8143,5.00843
8144,1.01686
8145,16.0084
8146,12.0169
8147,5.0253
8148,5.03373
8149,1.04216
8150,8.00843
8151,7.01687
8152,7.0253
8153,14.0084
8154,9.00843
8155,18.0084
8156,16.0169
8157,5.0253
8158,19.0084
8159,14.0084
8160,10.0169
8161,5.00843
8162,5.01687
8163,3.0253
8164,16.0084
8165,5.01687
8166,9.00843
8167,3.01687
8168,2.0253
8169,1.03373
8170,1.04216
8171,3.00843
8172,8.00843
8173,10.0084
8174,7.01687
8175,6.0253
8176,14.0084
8177,7.01687
8178,15.0084
8179,7.01687
8180,1.00843
8181,10.0084
8182,5.01687
8183,5.0253
8184,12.0084
8185,12.0084
8186,12.0169
8187,7.0253
8188,1.03373
8189,14.0084
8190,14.0169
8191,1.00843
8192,12.0084
8193,12.0169
8194,10.0253
8195,18.0084
8196,17.0169
8197,18.0084
8198,10.0169
8199,8.0253
8200,1.03373
8201,17.0084
8202,11.0169
8203,17.0084
8204,15.0169
8205,18.0084
8206,1.00843
8207,18.0084
8208,18.0169
8209,1.0253
8210,1.03373
8211,1.04216
8212,1.00843
8213,18.0084
8214,7.01687
8215,1.00843
8216,3.00843
8217,13.0084
8218,1.00843
8219,7.00843
8220,5.00843
8221,18.0084
8222,1.01686
8223,13.0084
8224,8.01686
8225,10.0084
8226,2.00843
8227,8.00843
8228,17.0084
8229,3.00843
8230,3.01687
8231,20.0084
8232,10.0169
8233,7.0253
8234,8.00843
8235,5.01687
8236,19.0084
8237,17.0169
8238,14.0253
8239,10.0337
8240,7.04216
8241,15.0084
8242,6.01687
8243,14.0084
8244,16.0084
8245,16.0169
8246,18.0084
8247,18.0084
8248,14.0084
8249,12.0169
8250,8.00843
8251,16.0084
8252,13.0169
8253,1.00843
8254,1.01686
8255,1.00843
8256,3.00843
8257,3.01687
8258,16.0084
8259,1.00843
8260,6.00843
8261,1.01686
8262,7.00843
8263,5.00843
8264,8.00843
8265,5.00843
8266,10.0084
8267,7.00843
8268,1.01686
8269,13.0084
8270,14.0084
8271,3.01687
8272,1.0253
8273,16.0084
8274,8.01686
8275,16.0084
8276,6.01687
8277,17.0084
8278,14.0169
8279,8.0253
8280,3.03373
8281,8.00843
8282,8.00843
8283,7.01687
8284,7.0253
8285,10.0084
8286,16.0084
8287,7.00843
8288,5.01687
8289,13.0084
8290,1.01686
8291,8.00843
8292,6.01687
8293,1.0253
8294,14.0084
8295,10.0169
8296,3.00843
8297,19.0084
8298,16.0169
8299,3.00843
8300,9.00843
8301,5.01687
8302,20.0084
8303,18.0169
8304,13.0253
8305,7.03373
8306,1.04216
8307,14.0084
8308,8.01686
8309,10.0084
8310,7.01687
8311,6.0253
8312,12.0084
8313,2.00843
8314,14.0084
8315,5.01687
8316,10.0084
8317,5.00843
8318,2.01687
8319,14.0084
8320,5.01687
8321,8.00843
8322,1.00843
8323,1.01686
8324,1.0253
8325,3.00843
8326,16.0084
8327,3.00843
8328,1.01686
8329,8.00843
8330,10.0084
8331,5.01687
8332,3.0253
8333,18.0084
8334,6.01687
8335,3.0253
8336,1.03373
8337,10.0084
8338,1.01686
8339,8.00843
8340,8.01686
8341,8.0253
8342,3.03373
8343,10.0084
8344,6.01687
8345,3.0253
8346,1.03373
8347,1.04216
8348,1.05059
8349,1.05903
8350,8.00843
8351,9.00843
8352,5.01687
8353,5.0253
8354,6.00843
8355,5.01687
8356,10.0084
8357,6.01687
8358,5.0253
8359,5.03373
8360,17.0084
8361,14.0169
8362,14.0253
8363,8.03373
8364,6.04216
8365,1.00843
8366,1.01686
8367,1.0253
8368,16.0084
8369,16.0169
8370,1.0253
8371,10.0084
8372,15.0084
8373,15.0169
8374,13.0084
8375,13.0169
8376,6.0253
8377,5.03373
8378,5.04216
8379,18.0084
8380,13.0169
8381,12.0253
8382,12.0337
8383,12.0422
8384,16.0084
8385,18.0084
8386,18.0169
8387,17.0253
8388,16.0337
8389,1.04216
8390,18.0084
8391,12.0084
8392,12.0169
8393,8.0253
8394,5.00843
8395,5.01687
8396,14.0084
8397,10.0084
8398,7.01687
8399,16.0084
8400,3.01687
8401,14.0084
8402,8.01686
8403,5.0253
8404,1.03373
8405,9.00843
8406,6.01687
8407,18.0084
8408,15.0084
8409,17.0084
8410,10.0169
8411,7.0253
8412,8.00843
8413,1.01686
8414,12.0084
8415,12.0169
8416,5.0253
8417,16.0084
8418,5.01687
8419,5.0253
8420,17.0084
8421,8.01686
8422,17.0084
8423,19.0084
8424,8.01686
8425,1.0253
8426,12.0084
8427,6.01687
8428,2.00843
8429,2.00843
8430,6.00843
8431,3.01687
8432,16.0084
8433,3.00843
8434,2.01687
8435,18.0084
8436,6.01687
8437,3.0253
8438,1.03373
8439,7.00843
8440,16.0084
8441,2.00843
8442,3.00843
8443,17.0084
8444,5.01687
8445,4.0253
8446,3.03373
8447,7.00843
8448,12.0084
8449,5.01687
8450,5.0253
8451,1.03373
8452,1.04216
8453,14.0084
8454,1.01686
8455,9.00843
8456,5.01687
8457,5.00843
8458,15.0084
8459,12.0169
8460,5.0253
8461,5.03373
8462,17.0084
8463,6.01687
8464,5.0253
8465,8.00843
8466,7.01687
8467,14.0084
8468,6.01687
8469,1.0253
8470,1.03373
8471,10.0084
8472,10.0169
8473,10.0253
8474,5.03373
8475,5.04216
8476,3.00843
8477,12.0084
8478,10.0084
8479,1.01686
8480,20.0084
8481,16.0169
8482,15.0253
8483,14.0337
8484,7.00843
8485,1.00843
8486,16.0084
8487,12.0084
8488,2.01687
8489,1.00843
8490,1.01686
8491,1.0253
8492,10.0084
8493,8.01686
8494,6.0253
8495,5.03373
8496,16.0084
8497,5.01687
8498,1.0253
8499,10.0084
8500,5.01687
8501,1.0253
8502,10.0084
8503,8.01686
8504,2.0253
8505,8.00843
8506,8.01686
8507,8.00843
8508,8.01686
8509,2.0253
8510,1.03373
8511,14.0084
8512,8.01686
8513,5.0253
8514,16.0084
8515,16.0084
8516,12.0169
8517,7.0253
8518,13.0084
8519,12.0169
8520,12.0253
8521,10.0337
8522,5.04216
8523,6.00843
8524,5.01687
8525,7.00843
8526,15.0084
8527,12.0169
8528,8.0253
8529,6.03373
8530,16.0084
8531,12.0169
8532,8.0253
8533,8.03373
8534,6.04216
8535,18.0084
8536,10.0169
8537,8.0253
8538,3.00843
8539,3.00843
8540,5.00843
8541,5.01687
8542,5.0253
8543,2.00843
8544,3.00843
8545,2.01687
8546,15.0084
8547,13.0084
8548,5.01687
8549,3.0253
8550,17.0084
8551,9.01686
8552,1.0253
8553,8.00843
8554,18.0084
8555,7.01687
8556,5.0253
8557,5.03373
8558,9.00843
8559,14.0084
8560,10.0169
8561,8.0253
8562,3.03373
8563,16.0084
8564,8.01686
8565,8.0253
8566,12.0084
8567,8.01686
8568,16.0084
8569,12.0169
8570,5.00843
8571,18.0084
8572,12.0169
8573,7.0253
8574,5.03373
8575,12.0084
8576,5.00843
8577,1.00843
8578,18.0084
8579,17.0084
8580,3.01687
8581,16.0084
8582,5.00843
8583,3.00843
8584,2.01687
8585,5.00843
8586,2.01687
8587,1.0253
8588,5.00843
8589,6.00843
8590,5.01687
8591,5.0253
8592,6.00843
8593,12.0084
8594,10.0169
8595,8.0253
8596,6.00843
8597,5.01687
8598,5.00843
8599,17.0084
8600,13.0084
8601,1.01686
8602,14.0084
8603,13.0169
8604,18.0084
8605,5.01687
8606,3.0253
8607,1.00843
8608,14.0084
8609,5.01687
8610,5.00843
8611,16.0084
8612,5.00843
8613,18.0084
8614,5.01687
8615,12.0084
8616,10.0169
8617,10.0084
8618,12.0084
8619,10.0084
8620,10.0169
8621,1.0253
8622,14.0084
8623,12.0169
8624,12.0253
8625,6.03373
8626,15.0084
8627,8.00843
8628,8.01686
8629,3.0253
8630,1.03373
8631,12.0084
8632,5.01687
8633,1.0253
8634,16.0084
8635,13.0169
8636,13.0253
8637,15.0084
8638,16.0084
8639,10.0169
8640,4.0253
8641,14.0084
8642,14.0169
8643,16.0084
8644,12.0084
8645,9.00843
8646,7.00843
8647,14.0084
8648,16.0084
8649,19.0084
8650,3.01687
8651,7.00843
8652,5.01687
8653,5.0253
8654,14.0084
8655,3.01687
8656,3.0253
8657,19.0084
8658,3.01687
8659,8.00843
8660,8.01686
8661,7.0253
8662,6.00843
8663,8.00843
8664,13.0084
8665,10.0169
8666,1.0253
8667,15.0084
8668,10.0084
8669,8.01686
8670,3.0253
8671,3.00843
8672,13.0084
8673,12.0084
8674,15.0084
8675,8.01686
8676,8.0253
8677,10.0084
8678,8.01686
8679,8.0253
8680,10.0084
8681,5.01687
8682,10.0084
8683,1.01686
8684,16.0084
8685,12.0169
8686,12.0253
8687,10.0337
8688,3.04216
8689,1.05059
8690,14.0084
8691,12.0169
8692,7.0253
8693,5.03373
8694,5.00843
8695,1.01686
8696,14.0084
8697,8.01686
8698,1.0253
8699,14.0084
8700,3.01687
8701,12.0084
8702,7.00843
8703,5.01687
8704,5.0253
8705,5.03373
8706,18.0084
8707,13.0084
8708,6.01687
8709,8.00843
8710,8.01686
8711,8.00843
8712,3.01687
8713,1.0253
8714,18.0084
8715,10.0169
8716,10.0253
8717,9.03373
8718,7.04216
8719,17.0084
8720,14.0169
8721,12.0084
8722,12.0169
8723,19.0084
8724,12.0169
8725,10.0253
8726,8.03373
8727,19.0084
8728,5.01687
8729,5.0253
8730,5.03373
8731,5.04216
8732,5.05059
8733,12.0084
8734,16.0084
8735,13.0169
8736,7.0253
8737,7.03373
8738,10.0084
8739,8.01686
8740,8.0253
8741,8.03373
8742,8.04216
8743,1.00843
8744,16.0084
8745,10.0169
8746,1.0253
8747,2.00843
8748,8.00843
8749,14.0084
8750,5.01687
8751,5.0253
8752,1.00843
8753,19.0084
8754,13.0169
8755,9.00843
8756,18.0084
8757,10.0169
8758,8.00843
8759,1.00843
8760,19.0084
8761,14.0169
8762,12.0084
8763,9.01686
8764,1.0253
8765,13.0084
8766,7.00843
8767,17.0084
8768,14.0084
8769,10.0169
8770,3.0253
8771,10.0084
8772,5.01687
8773,16.0084
8774,8.00843
8775,16.0084
8776,8.01686
8777,3.0253
8778,2.00843
8779,5.00843
8780,13.0084
8781,1.01686
8782,1.0253
8783,13.0084
8784,16.0084
8785,10.0169
8786,10.0253
8787,1.03373
8788,14.0084
8789,13.0169
8790,5.00843
8791,10.0084
8792,3.01687
8793,8.00843
8794,8.01686
8795,5.0253
8796,5.00843
8797,5.01687
8798,5.0253
8799,5.03373
8800,3.00843
8801,3.01687
8802,20.0084
8803,14.0169
8804,7.0253
8805,9.00843
8806,8.01686
8807,8.0253
8808,8.03373
8809,10.0084
8810,10.0169
8811,9.0253
8812,2.03373
8813,12.0084
8814,11.0169
8815,9.0253
8816,5.03373
8817,13.0084
8818,12.0169
8819,8.0253
8820,18.0084
8821,14.0084
8822,13.0084
8823,13.0169
8824,12.0253
8825,7.00843
8826,14.0084
8827,8.01686
8828,5.0253
8829,5.00843
8830,3.00843
8831,1.01686
8832,1.0253
8833,12.0084
8834,4.01687
8835,8.00843
8836,5.01687
8837,9.00843
8838,10.0084
8839,8.00843
8840,5.00843
8841,1.01686
8842,3.00843
8843,12.0084
8844,10.0169
8845,4.0253
8846,5.00843
8847,12.0084
8848,12.0169
8849,18.0084
8850,10.0169
8851,19.0084
8852,16.0169
8853,7.0253
8854,14.0084
8855,8.01686
8856,8.0253
8857,8.03373
8858,5.04216
8859,15.0084
8860,13.0084
8861,5.01687
8862,1.00843
8863,12.0084
8864,1.00843
8865,1.00843
8866,1.01686
8867,6.00843
8868,12.0084
8869,10.0169
8870,3.0253
8871,8.00843
8872,1.01686
8873,8.00843
8874,6.00843
8875,7.00843
8876,8.00843
8877,18.0084
8878,8.01686
8879,3.00843
8880,8.00843
8881,8.01686
8882,16.0084
8883,14.0169
8884,3.0253
8885,13.0084
8886,12.0169
8887,10.0253
8888,5.00843
8889,15.0084
8890,10.0169
8891,8.0253
8892,5.03373
8893,1.04216
8894,13.0084
8895,12.0169
8896,10.0253
8897,1.00843
8898,8.00843
8899,18.0084
8900,12.0169
8901,7.0253
8902,7.03373
8903,8.00843
8904,10.0084
8905,5.01687
8906,14.0084
8907,5.01687
8908,18.0084
8909,3.01687
8910,2.00843
8911,20.0084
8912,3.01687
8913,10.0084
8914,14.0084
8915,12.0169
8916,8.0253
8917,6.03373
8918,12.0084
8919,10.0169
8920,13.0084
8921,16.0084
8922,10.0169
8923,7.00843
8924,10.0084
8925,8.01686
8926,9.00843
8927,5.01687
8928,1.0253
8929,16.0084
8930,7.01687
8931,7.0253
8932,8.00843
8933,7.01687
8934,5.0253
8935,5.03373
8936,16.0084
8937,7.01687
8938,18.0084
8939,8.01686
8940,9.00843
8941,8.01686
8942,18.0084
8943,3.01687
8944,16.0084
8945,2.00843
8946,18.0084
8947,7.01687
8948,5.0253
8949,7.00843
8950,1.01686
8951,1.0253
8952,1.03373
8953,16.0084
8954,16.0169
8955,17.0084
8956,3.01687
8957,3.0253
8958,3.03373
8959,5.00843
8960,5.01687
8961,5.00843
8962,5.01687
8963,16.0084
8964,12.0169
8965,12.0253
8966,2.03373
8967,1.04216
8968,8.00843
8969,7.01687
8970,7.0253
8971,6.03373
8972,14.0084
8973,8.01686
8974,8.0253
8975,8.03373
8976,1.04216
8977,10.0084
8978,10.0169
8979,3.0253
8980,3.00843
8981,11.0084
8982,8.01686
8983,12.0084
8984,12.0169
8985,3.0253
8986,1.03373
8987,14.0084
8988,12.0169
8989,15.0084
8990,9.01686
8991,2.00843
8992,18.0084
8993,17.0169
8994,17.0253
8995,5.03373
8996,18.0084
8997,1.01686
8998,10.0084
8999,10.0169
9000,13.0084
9001,8.00843
9002,3.01687
9003,3.0253
9004,8.00843
9005,16.0084
9006,3.01687
9007,16.0084
9008,1.01686
9009,13.0084
9010,12.0169
9011,1.00843
9012,1.01686
9013,7.00843
9014,14.0084
9015,4.00843
9016,1.01686
9017,1.00843
9018,14.0084
9019,12.0169
9020,8.00843
9021,1.01686
9022,8.00843
9023,5.01687
9024,9.00843
9025,3.01687
9026,14.0084
9027,18.0084
9028,1.01686
9029,8.00843
9030,1.01686
9031,16.0084
9032,13.0169
9033,8.0253
9034,3.03373
9035,1.04216
9036,14.0084
9037,10.0169
9038,5.0253
9039,4.03373
9040,3.04216
9041,6.00843
9042,3.01687
9043,5.00843
9044,1.01686
9045,12.0084
9046,12.0169
9047,7.0253
9048,6.03373
9049,8.00843
9050,17.0084
9051,16.0169
9052,8.00843
9053,8.01686
9054,18.0084
9055,17.0169
9056,11.0253
9057,5.03373
9058,14.0084
9059,17.0084
9060,15.0084
9061,14.0169
9062,9.0253
9063,8.03373
9064,8.04216
9065,1.00843
9066,10.0084
9067,8.01686
9068,7.0253
9069,5.03373
9070,13.0084
9071,1.01686
9072,5.00843
9073,16.0084
9074,13.0169
9075,12.0084
9076,1.01686
9077,18.0084
9078,14.0169
9079,10.0253
9080,3.03373
9081,1.04216
9082,1.05059
9083,9.00843
9084,12.0084
9085,10.0169
9086,5.0253
9087,3.03373
9088,1.04216
9089,4.00843
9090,2.01687
9091,12.0084
9092,5.01687
9093,18.0084
9094,7.01687
9095,5.0253
9096,7.00843
9097,16.0084
9098,13.0169
9099,7.0253
9100,7.00843
9101,5.01687
9102,1.0253
9103,10.0084
9104,8.01686
9105,8.00843
9106,7.01687
9107,12.0084
9108,5.01687
9109,5.0253
9110,2.03373
9111,16.0084
9112,12.0169
9113,6.0253
9114,14.0084
9115,10.0169
9116,7.0253
9117,14.0084
9118,16.0084
9119,16.0169
9120,17.0084
9121,15.0084
9122,2.00843
9123,8.00843
9124,3.01687
9125,12.0084
9126,10.0169
9127,10.0253
9128,10.0084
9129,1.01686
9130,1.00843
9131,1.01686
9132,8.00843
9133,1.01686
9134,7.00843
9135,3.01687
9136,3.0253
9137,3.03373
9138,10.0084
9139,10.0169
9140,8.0253
9141,18.0084
9142,8.01686
9143,8.0253
9144,13.0084
9145,10.0169
9146,10.0253
9147,10.0337
9148,8.04216
9149,10.0084
9150,8.01686
9151,5.0253
9152,19.0084
9153,8.01686
9154,5.00843
9155,18.0084
9156,7.01687
9157,5.00843
9158,9.00843
9159,10.0084
9160,10.0169
9161,5.0253
9162,11.0084
9163,5.01687
9164,8.00843
9165,3.01687
9166,7.00843
9167,14.0084
9168,1.00843
9169,16.0084
9170,3.00843
9171,19.0084
9172,16.0169
9173,8.0253
9174,18.0084
9175,5.01687
9176,1.0253
9177,1.03373
9178,18.0084
9179,5.01687
9180,4.0253
9181,3.00843
9182,8.00843
9183,1.01686
9184,1.0253
9185,10.0084
9186,6.01687
9187,5.0253
9188,3.03373
9189,13.0084
9190,1.01686
9191,7.00843
9192,3.01687
9193,1.0253
9194,1.03373
9195,8.00843
9196,8.01686
9197,8.0253
9198,8.00843
9199,3.01687
9200,10.0084
9201,10.0169
9202,10.0084
9203,7.01687
9204,12.0084
9205,7.01687
9206,14.0084
9207,10.0169
9208,8.0253
9209,1.03373
9210,18.0084
9211,20.0084
9212,7.01687
9213,13.0084
9214,2.01687
9215,18.0084
9216,18.0169
9217,3.0253
9218,18.0084
9219,16.0084
9220,17.0084
9221,10.0084
9222,10.0169
9223,18.0084
9224,18.0084
9225,16.0084
9226,14.0169
9227,3.0253
9228,1.03373
9229,12.0084
9230,11.0169
9231,9.0253
9232,12.0084
9233,5.01687
9234,3.0253
9235,14.0084
9236,8.01686
9237,6.00843
9238,6.01687
9239,1.0253
9240,7.00843
9241,8.00843
9242,20.0084
9243,16.0084
9244,12.0169
9245,11.0253
9246,10.0337
9247,6.04216
9248,14.0084
9249,12.0169
9250,12.0253
9251,8.03373
9252,3.04216
9253,2.05059
9254,14.0084
9255,13.0169
9256,8.0253
9257,5.03373
9258,5.04216
9259,1.05059
9260,1.05903
9261,1.06746
9262,10.0084
9263,10.0169
9264,8.00843
9265,8.01686
9266,6.0253
9267,12.0084
9268,7.01687
9269,13.0084
9270,10.0084
9271,12.0084
9272,8.00843
9273,6.01687
9274,18.0084
9275,18.0169
9276,3.0253
9277,18.0084
9278,10.0169
9279,1.0253
9280,16.0084
9281,16.0169
9282,14.0253
9283,1.00843
9284,18.0084
9285,18.0169
9286,5.0253
9287,3.03373
9288,3.04216
9289,18.0084
9290,15.0084
9291,4.01687
9292,20.0084
9293,14.0169
9294,18.0084
9295,6.01687
9296,14.0084
9297,8.01686
9298,7.0253
9299,5.03373
9300,1.00843
9301,10.0084
9302,8.00843
9303,12.0084
9304,11.0169
9305,6.0253
9306,4.03373
9307,3.04216
9308,5.00843
9309,8.00843
9310,5.01687
9311,1.0253
9312,12.0084
9313,10.0169
9314,7.0253
9315,10.0084
9316,5.01687
9317,3.0253
9318,14.0084
9319,12.0169
9320,9.0253
9321,8.03373
9322,10.0084
9323,10.0169
9324,6.0253
9325,16.0084
9326,1.01686
9327,12.0084
9328,8.01686
9329,13.0084
9330,9.01686
9331,1.00843
9332,12.0084
9333,10.0169
9334,10.0253
9335,5.03373
9336,18.0084
9337,18.0169
9338,16.0253
9339,3.03373
9340,1.00843
9341,1.00843
9342,15.0084
9343,10.0084
9344,7.01687
9345,7.0253
9346,1.03373
9347,16.0084
9348,8.01686
9349,10.0084
9350,3.01687
9351,14.0084
9352,11.0169
9353,5.0253
9354,16.0084
9355,8.01686
9356,2.0253
9357,14.0084
9358,8.01686
9359,8.0253
9360,13.0084
9361,5.01687
9362,16.0084
9363,3.00843
9364,14.0084
9365,8.01686
9366,3.0253
9367,8.00843
9368,5.01687
9369,17.0084
9370,17.0169
9371,14.0253
9372,11.0337
9373,1.04216
9374,7.00843
9375,5.01687
9376,1.0253
9377,8.00843
9378,3.01687
9379,2.0253
9380,18.0084
9381,1.01686
9382,16.0084
9383,10.0169
9384,7.0253
9385,12.0084
9386,10.0169
9387,7.0253
9388,16.0084
9389,19.0084
9390,7.01687
9391,17.0084
9392,6.00843
9393,10.0084
9394,1.01686
9395,12.0084
9396,12.0084
9397,1.01686
9398,1.00843
9399,2.00843
9400,7.00843
9401,18.0084
9402,16.0169
9403,7.0253
9404,10.0084
9405,1.01686
9406,14.0084
9407,1.01686
9408,10.0084
9409,3.00843
9410,13.0084
9411,4.01687
9412,1.0253
9413,11.0084
9414,14.0084
9415,12.0084
9416,12.0169
9417,8.0253
9418,8.03373
9419,3.04216
9420,1.00843
9421,1.01686
9422,12.0084
9423,8.01686
9424,10.0084
9425,8.01686
9426,10.0084
9427,5.01687
9428,7.00843
9429,15.0084
9430,19.0084
9431,8.01686
9432,5.0253
9433,8.00843
9434,8.00843
9435,1.01686
9436,13.0084
9437,8.01686
9438,8.0253
9439,5.03373
9440,5.04216
9441,12.0084
9442,5.01687
9443,1.0253
9444,1.03373
9445,1.04216
9446,7.00843
9447,5.00843
9448,8.00843
9449,7.01687
9450,18.0084
9451,10.0169
9452,10.0253
9453,8.03373
9454,8.04216
9455,5.05059
9456,6.00843
9457,3.01687
9458,16.0084
9459,10.0169
9460,5.0253
9461,10.0084
9462,10.0084
9463,7.01687
9464,16.0084
9465,16.0169
9466,14.0253
9467,3.03373
9468,11.0084
9469,16.0084
9470,6.01687
9471,6.0253
9472,5.03373
9473,3.04216
9474,18.0084
9475,15.0084
9476,10.0169
9477,18.0084
9478,10.0084
9479,3.01687
9480,1.0253
9481,13.0084
9482,5.01687
9483,1.0253
9484,10.0084
9485,8.01686
9486,5.0253
9487,3.03373
9488,20.0084
9489,6.01687
9490,4.0253
9491,1.03373
9492,16.0084
9493,9.01686
9494,5.0253
9495,5.03373
9496,19.0084
9497,12.0169
9498,20.0084
9499,15.0169
9500,10.0253
9501,8.03373
9502,3.04216
9503,12.0084
9504,5.01687
9505,17.0084
9506,10.0084
9507,7.01687
9508,1.0253
9509,6.00843
9510,3.01687
9511,1.00843
9512,16.0084
9513,12.0084
9514,5.01687
9515,7.00843
9516,14.0084
9517,14.0169
9518,10.0253
9519,8.03373
9520,5.04216
9521,5.05059
9522,5.05903
9523,18.0084
9524,1.01686
9525,7.00843
9526,7.01687
9527,12.0084
9528,12.0169
9529,11.0253
9530,1.03373
9531,12.0084
9532,17.0084
9533,14.0169
9534,14.0253
9535,15.0084
9536,15.0169
9537,14.0253
9538,12.0337
9539,16.0084
9540,14.0169
9541,2.0253
9542,12.0084
9543,11.0169
9544,12.0084
9545,1.01686
9546,8.00843
9547,7.01687
9548,12.0084
9549,12.0169
9550,10.0253
9551,10.0337
9552,8.04216
9553,18.0084
9554,12.0084
9555,8.01686
9556,1.0253
9557,14.0084
9558,12.0084
9559,5.01687
9560,18.0084
9561,3.01687
9562,16.0084
9563,12.0169
9564,8.0253
9565,5.03373
9566,20.0084
9567,7.01687
9568,18.0084
9569,16.0169
9570,5.0253
9571,1.03373
9572,1.04216
9573,7.00843
9574,5.01687
9575,16.0084
9576,15.0169
9577,13.0084
9578,10.0169
9579,10.0253
9580,3.03373
9581,14.0084
9582,14.0084
9583,20.0084
9584,8.00843
9585,8.01686
9586,15.0084
9587,8.01686
9588,3.0253
9589,5.00843
9590,10.0084
9591,10.0169
9592,7.0253
9593,8.00843
9594,5.01687
9595,5.0253
9596,1.03373
9597,14.0084
9598,1.01686
9599,18.0084
9600,1.00843
9601,10.0084
9602,15.0084
9603,10.0169
9604,18.0084
9605,16.0169
9606,1.0253
9607,3.00843
9608,13.0084
9609,8.01686
9610,5.00843
9611,1.01686
9612,7.00843
9613,7.00843
9614,12.0084
9615,8.01686
9616,5.0253
9617,5.00843
9618,7.00843
9619,7.00843
9620,5.00843
9621,5.01687
9622,5.0253
9623,5.03373
9624,1.04216
9625,13.0084
9626,13.0169
9627,6.0253
9628,18.0084
9629,10.0169
9630,7.0253
9631,5.03373
9632,18.0084
9633,1.01686
9634,1.0253
9635,1.03373
9636,5.00843
9637,2.01687
9638,10.0084
9639,10.0169
9640,10.0253
9641,3.03373
9642,3.04216
9643,2.05059
9644,7.00843
9645,4.01687
9646,8.00843
9647,13.0084
9648,10.0169
9649,2.0253
9650,16.0084
9651,14.0084
9652,10.0169
9653,8.00843
9654,7.01687
9655,14.0084
9656,12.0084
9657,3.01687
9658,2.00843
9659,17.0084
9660,8.01686
9661,3.0253
9662,8.00843
9663,12.0084
9664,10.0169
9665,8.0253
9666,5.03373
9667,2.04216
9668,12.0084
9669,7.00843
9670,15.0084
9671,9.01686
9672,14.0084
9673,2.00843
9674,18.0084
9675,20.0084
9676,13.0169
9677,12.0253
9678,20.0084
9679,7.00843
9680,1.01686
9681,7.00843
9682,1.00843
9683,18.0084
9684,1.01686
9685,3.00843
9686,1.01686
9687,8.00843
9688,7.00843
9689,9.00843
9690,5.01687
9691,5.0253
9692,3.03373
9693,8.00843
9694,13.0084
9695,10.0169
9696,1.0253
9697,5.00843
9698,3.01687
9699,3.00843
9700,1.01686
9701,16.0084
9702,16.0169
9703,13.0084
9704,10.0169
9705,12.0084
9706,5.01687
9707,13.0084
9708,8.01686
9709,1.0253
9710,3.00843
9711,1.01686
9712,14.0084
9713,12.0169
9714,9.00843
9715,6.01687
9716,1.0253
9717,18.0084
9718,16.0169
9719,10.0253
9720,1.03373
9721,3.00843
9722,1.01686
9723,7.00843
9724,5.01687
9725,2.00843
9726,14.0084
9727,8.01686
9728,7.00843
9729,7.01687
9730,7.0253
9731,5.03373
9732,18.0084
9733,12.0169
9734,10.0253
9735,8.03373
9736,10.0084
9737,10.0084
9738,8.01686
9739,13.0084
9740,12.0169
9741,12.0253
9742,1.03373
9743,1.00843
9744,20.0084
9745,3.00843
9746,12.0084
9747,10.0169
9748,18.0084
9749,5.01687
9750,14.0084
9751,1.01686
9752,13.0084
9753,8.01686
9754,1.0253
9755,1.00843
9756,12.0084
9757,3.01687
9758,2.0253
9759,13.0084
9760,13.0169
9761,14.0084
9762,15.0084
9763,15.0169
9764,1.00843
9765,7.00843
9766,5.01687
9767,3.00843
9768,18.0084
9769,8.01686
9770,5.0253
9771,12.0084
9772,13.0084
9773,8.01686
9774,8.0253
9775,8.03373
9776,19.0084
9777,8.01686
9778,1.0253
9779,10.0084
9780,3.01687
9781,1.0253
9782,12.0084
9783,8.01686
9784,1.0253
9785,19.0084
9786,15.0169
9787,10.0084
9788,17.0084
9789,10.0169
9790,9.0253
9791,2.03373
9792,1.04216
9793,18.0084
9794,18.0169
9795,7.0253
9796,3.03373
9797,13.0084
9798,1.01686
9799,16.0084
9800,5.01687
9801,4.00843
9802,13.0084
9803,8.01686
9804,10.0084
9805,16.0084
9806,10.0169
9807,8.00843
9808,12.0084
9809,7.01687
9810,6.00843
9811,16.0084
9812,1.00843
9813,15.0084
9814,16.0084
9815,8.01686
9816,10.0084
9817,19.0084
9818,3.01687
9819,10.0084
9820,1.01686
9821,13.0084
9822,3.01687
9823,12.0084
9824,1.01686
9825,16.0084
9826,11.0084
9827,11.0169
9828,1.0253
9829,7.00843
9830,8.00843
9831,8.01686
9832,1.00843
9833,16.0084
9834,14.0084
9835,8.00843
9836,9.00843
9837,1.00843
9838,10.0084
9839,5.01687
9840,3.0253
9841,7.00843
9842,5.01687
9843,2.00843
9844,5.00843
9845,10.0084
9846,7.01687
9847,5.0253
9848,5.00843
9849,10.0084
9850,2.01687
9851,3.00843
9852,13.0084
9853,10.0169
9854,8.0253
9855,7.03373
9856,5.04216
9857,1.05059
9858,14.0084
9859,1.01686
9860,15.0084
9861,10.0169
9862,1.0253
9863,1.00843
9864,1.00843
9865,13.0084
9866,7.01687
9867,8.00843
9868,8.01686
9869,13.0084
9870,10.0169
9871,10.0084
9872,7.01687
9873,7.0253
9874,16.0084
9875,11.0084
9876,12.0084
9877,16.0084
9878,14.0084
9879,10.0169
9880,1.00843
9881,18.0084
9882,14.0169
9883,3.0253
9884,18.0084
9885,5.01687
9886,14.0084
9887,1.00843
9888,6.00843
9889,3.00843
9890,3.01687
9891,18.0084
9892,14.0084
9893,8.00843
9894,1.01686
9895,14.0084
9896,9.01686
9897,7.0253
9898,2.00843
9899,8.00843
9900,12.0084
9901,2.01687
9902,10.0084
9903,10.0084
9904,5.01687
9905,12.0084
9906,10.0169
9907,6.0253
9908,5.03373
9909,5.04216
9910,7.00843
9911,1.01686
9912,1.0253
9913,20.0084
9914,18.0169
9915,8.0253
9916,8.03373
9917,8.04216
9918,8.05059
9919,3.05903
9920,5.00843
9921,4.01687
9922,18.0084
9923,12.0084
9924,7.00843
9925,17.0084
9926,8.01686
9927,8.0253
9928,12.0084
9929,10.0169
9930,9.0253
9931,7.03373
9932,7.04216
9933,1.05059
9934,1.05903
9935,16.0084
9936,1.01686
9937,1.0253
9938,12.0084
9939,12.0169
9940,12.0253
9941,12.0337
9942,3.04216
9943,13.0084
9944,13.0169
9945,8.00843
9946,8.01686
9947,10.0084
9948,1.01686
9949,5.00843
9950,8.00843
9951,18.0084
9952,17.0169
9953,6.0253
9954,1.00843
9955,14.0084
9956,12.0169
9957,12.0253
9958,12.0084
9959,14.0084
9960,18.0084
9961,9.01686
9962,16.0084
9963,12.0084
9964,8.00843
9965,1.01686
9966,18.0084
9967,10.0084
9968,8.01686
9969,10.0084
9970,8.00843
9971,1.01686
9972,16.0084
9973,12.0169
9974,5.00843
9975,14.0084
9976,13.0084
9977,7.01687
9978,7.0253
9979,18.0084
9980,16.0169
9981,9.00843
9982,1.01686
9983,17.0084
9984,16.0169
9985,6.0253
9986,13.0084
9987,5.01687
9988,1.0253
9989,14.0084
9990,2.01687
9991,14.0084
9992,4.01687
9993,14.0084
9994,12.0169
9995,5.0253
9996,8.00843
9997,3.00843
9998,19.0084
9999,12.0169
10000,8.0253
10001,2.03373
10002,6.00843
10003,17.0084
10004,6.01687
10005,5.0253
10006,2.03373
10007,12.0084
10008,12.0169
10009,1.0253
10010,2.00843
10011,14.0084
10012,6.00843
10013,7.00843
10014,3.01687
10015,1.0253
10016,19.0084
10017,5.01687
10018,2.0253
10019,14.0084
10020,12.0084
10021,8.01686
10022,1.0253
10023,9.00843
10024,1.00843
10025,1.00843
10026,3.00843
10027,2.00843
10028,1.01686
10029,1.00843
10030,20.0084
10031,8.01686
10032,8.0253
10033,14.0084
10034,9.00843
10035,8.00843
10036,8.00843
10037,6.01687
10038,7.00843
10039,5.01687
10040,17.0084
10041,6.01687
10042,8.00843
10043,7.01687
10044,12.0084
10045,12.0169
10046,7.0253
10047,12.0084
10048,7.00843
10049,3.00843
10050,16.0084
10051,6.01687
10052,8.00843
10053,8.01686
10054,8.0253
10055,8.03373
10056,14.0084
10057,13.0169
10058,10.0253
10059,3.03373
10060,5.00843
10061,13.0084
10062,7.01687
10063,12.0084
10064,1.01686
10065,3.00843
10066,1.00843
10067,10.0084
10068,5.01687
10069,13.0084
10070,7.00843
10071,7.01687
10072,6.0253
10073,5.03373
10074,1.00843
10075,8.00843
10076,8.01686
10077,1.0253
10078,9.00843
10079,3.01687
10080,14.0084
10081,10.0169
10082,10.0253
10083,8.03373
10084,6.04216
10085,1.05059
10086,17.0084
10087,11.0169
10088,10.0084
10089,19.0084
10090,16.0169
10091,6.0253
10092,5.03373
10093,5.00843
10094,5.01687
10095,1.0253
10096,17.0084
10097,16.0169
10098,10.0253
10099,17.0084
10100,8.01686
10101,18.0084
10102,12.0169
10103,3.0253
10104,18.0084
10105,5.00843
10106,15.0084
10107,9.00843
10108,5.01687
10109,1.0253
10110,17.0084
10111,10.0169
10112,9.00843
10113,20.0084
10114,16.0169
10115,12.0084
10116,8.00843
10117,3.00843
10118,8.00843
10119,12.0084
10120,14.0084
10121,1.01686
10122,1.0253
10123,5.00843
10124,5.00843
10125,5.01687
10126,1.0253
10127,1.03373
10128,16.0084
10129,7.01687
10130,1.0253
10131,17.0084
10132,8.01686
10133,8.0253
10134,10.0084
10135,3.00843
10136,1.01686
10137,5.00843
10138,3.01687
10139,19.0084
10140,12.0169
10141,8.00843
10142,8.00843
10143,8.01686
10144,8.0253
10145,5.00843
10146,5.00843
10147,14.0084
10148,13.0169
10149,13.0253
10150,5.03373
10151,7.00843
10152,1.00843
10153,17.0084
10154,14.0169
10155,14.0253
10156,17.0084
10157,12.0169
10158,10.0253
10159,10.0084
10160,19.0084
10161,13.0169
10162,15.0084
10163,10.0169
10164,8.0253
10165,3.03373
10166,16.0084
10167,8.01686
10168,1.0253
10169,14.0084
10170,1.01686
10171,12.0084
10172,8.01686
10173,16.0084
10174,17.0084
10175,16.0169
10176,8.00843
10177,8.01686
10178,1.0253
10179,9.00843
10180,10.0084
10181,10.0169
10182,8.00843
10183,6.01687
10184,12.0084
10185,13.0084
10186,8.01686
10187,1.0253
10188,18.0084
10189,7.00843
10190,19.0084
10191,17.0084
10192,3.01687
10193,10.0084
10194,6.00843
10195,3.01687
10196,10.0084
10197,1.01686
10198,5.00843
10199,6.00843
10200,2.01687
10201,8.00843
10202,8.01686
10203,5.0253
10204,8.00843
10205,8.01686
10206,10.0084
10207,14.0084
10208,14.0084
10209,8.01686
10210,14.0084
10211,8.01686
10212,1.0253
10213,5.00843
10214,16.0084
10215,15.0169
10216,18.0084
10217,13.0169
10218,3.0253
10219,1.03373
10220,14.0084
10221,12.0084
10222,5.00843
10223,7.00843
10224,3.00843
10225,10.0084
10226,5.01687
10227,7.00843
10228,16.0084
10229,5.01687
10230,8.00843
10231,8.01686
10232,3.0253
10233,7.00843
10234,10.0084
10235,5.01687
10236,18.0084
10237,11.0169
10238,5.0253
10239,17.0084
10240,1.01686
10241,1.0253
10242,10.0084
10243,7.01687
10244,12.0084
10245,7.01687
10246,8.00843
10247,8.01686
10248,7.0253
10249,1.03373
10250,1.04216
10251,10.0084
10252,8.00843
10253,18.0084
10254,13.0169
10255,8.0253
10256,8.00843
10257,8.01686
10258,5.0253
10259,5.03373
10260,15.0084
10261,12.0169
10262,7.0253
10263,2.00843
10264,12.0084
10265,18.0084
10266,1.00843
10267,16.0084
10268,14.0169
10269,20.0084
10270,10.0084
10271,5.00843
10272,1.01686
10273,12.0084
10274,12.0169
10275,1.0253
10276,18.0084
10277,18.0169
10278,8.0253
10279,13.0084
10280,12.0169
10281,1.0253
10282,7.00843
10283,2.01687
10284,8.00843
10285,8.00843
10286,3.01687
10287,17.0084
10288,10.0169
10289,10.0253
10290,1.03373
10291,14.0084
10292,8.01686
10293,12.0084
10294,6.01687
10295,7.00843
10296,1.01686
10297,11.0084
10298,2.01687
10299,17.0084
10300,12.0084
10301,10.0084
10302,8.01686
10303,17.0084
10304,16.0169
10305,8.0253
10306,8.00843
10307,18.0084
10308,1.01686
10309,18.0084
10310,18.0169
10311,1.00843
10312,14.0084
10313,5.01687
10314,3.0253
10315,12.0084
10316,5.01687
10317,16.0084
10318,1.01686
10319,18.0084
10320,14.0169
10321,9.0253
10322,6.03373
10323,10.0084
10324,7.01687
10325,3.0253
10326,1.03373
10327,17.0084
10328,8.01686
10329,7.0253
10330,6.03373
10331,13.0084
10332,7.01687
10333,6.0253
10334,5.03373
10335,13.0084
10336,6.01687
10337,12.0084
10338,13.0084
10339,8.01686
10340,8.0253
10341,8.00843
10342,16.0084
10343,14.0084
10344,18.0084
10345,11.0169
10346,14.0084
10347,10.0084
10348,10.0169
10349,3.0253
10350,1.00843
10351,1.00843
10352,1.01686
10353,18.0084
10354,1.01686
10355,1.00843
10356,5.00843
10357,7.00843
10358,1.01686
10359,1.0253
10360,19.0084
10361,7.00843
10362,8.00843
10363,1.01686
10364,4.00843
10365,1.01686
10366,3.00843
10367,7.00843
10368,14.0084
10369,8.01686
10370,5.0253
10371,7.00843
10372,8.00843
10373,7.01687
10374,1.0253
10375,10.0084
10376,8.01686
10377,2.0253
10378,20.0084
10379,14.0169
10380,10.0253
10381,1.00843
10382,14.0084
10383,8.00843
10384,7.01687
10385,7.0253
10386,10.0084
10387,19.0084
10388,10.0169
10389,6.0253
10390,3.03373
10391,19.0084
10392,1.01686
10393,2.00843
10394,1.00843
10395,20.0084
10396,12.0169
10397,10.0253
10398,1.03373
10399,1.04216
10400,14.0084
10401,7.00843
10402,8.00843
10403,5.01687
10404,1.0253
10405,1.03373
10406,18.0084
10407,12.0169
10408,10.0253
10409,7.03373
10410,6.04216
10411,1.05059
10412,1.05903
10413,10.0084
10414,6.01687
10415,8.00843
10416,14.0084
10417,5.01687
10418,1.0253
10419,18.0084
10420,18.0169
10421,10.0253
10422,6.03373
10423,5.04216
10424,1.00843
10425,1.01686
10426,14.0084
10427,8.01686
10428,15.0084
10429,13.0169
10430,12.0253
10431,9.03373
10432,5.04216
10433,14.0084
10434,14.0169
10435,5.0253
10436,2.03373
10437,1.04216
10438,17.0084
10439,11.0169
10440,7.0253
10441,12.0084
10442,12.0169
10443,7.0253
10444,7.03373
10445,5.04216
10446,13.0084
10447,8.01686
10448,3.0253
10449,3.03373
10450,3.04216
10451,14.0084
10452,13.0169
10453,7.0253
10454,11.0084
10455,16.0084
10456,12.0169
10457,17.0084
10458,16.0169
10459,10.0253
10460,14.0084
10461,15.0084
10462,12.0169
10463,6.0253
10464,13.0084
10465,14.0084
10466,8.01686
10467,8.0253
10468,7.03373
10469,8.00843
10470,16.0084
10471,12.0169
10472,8.0253
10473,17.0084
10474,1.01686
10475,1.0253
10476,10.0084
10477,16.0084
10478,14.0084
10479,7.00843
10480,3.01687
10481,3.0253
10482,5.00843
10483,3.01687
10484,7.00843
10485,5.01687
10486,5.0253
10487,6.00843
10488,16.0084
10489,10.0169
10490,10.0253
10491,12.0084
10492,18.0084
10493,6.01687
10494,1.0253
10495,18.0084
10496,14.0169
10497,10.0084
10498,18.0084
10499,5.01687
10500,5.0253
10501,18.0084
10502,7.01687
10503,6.0253
10504,3.03373
10505,16.0084
10506,13.0084
10507,1.01686
10508,7.00843
10509,5.00843
10510,13.0084
10511,1.00843
10512,5.00843
10513,1.01686
10514,5.00843
10515,13.0084
10516,8.01686
10517,17.0084
10518,16.0169
10519,5.0253
10520,12.0084
10521,10.0084
10522,10.0169
10523,4.00843
10524,16.0084
10525,3.01687
10526,2.0253
10527,10.0084
10528,10.0084
10529,8.01686
10530,1.0253
10531,1.03373
10532,7.00843
10533,2.01687
10534,1.0253
10535,3.00843
10536,3.01687
10537,3.0253
10538,14.0084
10539,14.0169
10540,11.0253
10541,1.00843
10542,8.00843
10543,8.01686
10544,8.0253
10545,2.03373
10546,5.00843
10547,3.01687
10548,17.0084
10549,18.0084
10550,14.0169
10551,10.0084
10552,8.01686
10553,7.0253
10554,3.00843
10555,12.0084
10556,5.01687
10557,12.0084
10558,12.0169
10559,12.0253
10560,12.0337
10561,8.04216
10562,10.0084
10563,19.0084
10564,5.01687
10565,1.0253
10566,16.0084
10567,16.0169
10568,16.0253
10569,10.0337
10570,5.04216
10571,1.05059
10572,14.0084
10573,18.0084
10574,17.0169
10575,12.0253
10576,8.03373
10577,2.04216
10578,13.0084
10579,7.01687
10580,5.0253
10581,6.00843
10582,1.01686
10583,10.0084
10584,10.0169
10585,7.00843
10586,14.0084
10587,12.0169
10588,12.0253
10589,12.0337
10590,8.04216
10591,14.0084
10592,13.0169
10593,5.0253
10594,5.00843
10595,3.00843
10596,8.00843
10597,3.01687
10598,4.00843
10599,3.01687
10600,10.0084
10601,10.0169
10602,8.0253
10603,3.03373
10604,5.00843
10605,5.00843
10606,7.00843
10607,1.01686
10608,13.0084
10609,10.0084
10610,8.01686
10611,12.0084
10612,13.0084
10613,3.00843
10614,1.01686
10615,1.0253
10616,13.0084
10617,8.00843
10618,8.00843
10619,10.0084
10620,7.01687
10621,14.0084
10622,10.0169
10623,4.0253
10624,1.00843
10625,1.01686
10626,16.0084
10627,12.0169
10628,12.0253
10629,9.03373
10630,8.04216
10631,6.05059
10632,5.05903
10633,19.0084
10634,8.01686
10635,5.0253
10636,16.0084
10637,16.0169
10638,14.0084
10639,10.0169
10640,1.00843
10641,14.0084
10642,10.0169
10643,5.00843
10644,6.00843
10645,3.01687
10646,1.0253
10647,14.0084
10648,14.0169
10649,19.0084
10650,19.0169
10651,9.0253
10652,3.03373
10653,10.0084
10654,9.01686
10655,8.0253
10656,6.03373
10657,16.0084
10658,3.00843
10659,1.00843
10660,1.01686
10661,20.0084
10662,14.0169
10663,12.0253
10664,9.03373
10665,12.0084
10666,1.00843
10667,18.0084
10668,5.00843
10669,7.00843
10670,1.01686
10671,8.00843
10672,14.0084
10673,5.00843
10674,12.0084
10675,8.01686
10676,6.00843
10677,5.01687
10678,12.0084
10679,11.0169
10680,1.0253
10681,3.00843
10682,14.0084
10683,16.0084
10684,10.0169
10685,12.0084
10686,12.0084
10687,8.00843
10688,8.01686
10689,10.0084
10690,7.01687
10691,8.00843
10692,18.0084
10693,16.0169
10694,12.0253
10695,14.0084
10696,6.01687
10697,3.0253
10698,1.03373
10699,16.0084
10700,10.0169
10701,4.0253
10702,14.0084
10703,3.01687
10704,3.0253
10705,3.03373
10706,1.04216
10707,1.05059
10708,6.00843
10709,4.00843
10710,8.00843
10711,3.01687
10712,1.0253
10713,16.0084
10714,10.0169
10715,3.00843
10716,18.0084
10717,14.0169
10718,12.0253
10719,12.0337
10720,5.00843
10721,12.0084
10722,12.0169
10723,12.0084
10724,1.01686
10725,1.0253
10726,10.0084
10727,8.00843
10728,5.01687
10729,5.0253
10730,7.00843
10731,1.00843
10732,1.01686
10733,8.00843
10734,1.01686
10735,3.00843
10736,14.0084
10737,11.0169
10738,12.0084
10739,8.01686
10740,8.0253
10741,7.03373
10742,1.04216
10743,10.0084
10744,5.01687
10745,7.00843
10746,1.00843
10747,1.01686
10748,13.0084
10749,8.01686
10750,8.0253
10751,14.0084
10752,10.0169
10753,10.0084
10754,10.0169
10755,6.00843
10756,1.01686
10757,12.0084
10758,10.0169
10759,14.0084
10760,10.0169
10761,8.0253
10762,8.03373
10763,6.00843
10764,3.01687
10765,5.00843
10766,5.01687
10767,17.0084
10768,14.0169
10769,5.0253
10770,3.03373
10771,8.00843
10772,3.01687
10773,8.00843
10774,8.01686
10775,10.0084
10776,5.01687
10777,1.00843
10778,7.00843
10779,5.00843
10780,16.0084
10781,10.0169
10782,3.00843
10783,16.0084
10784,3.01687
10785,5.00843
10786,12.0084
10787,7.00843
10788,2.00843
10789,1.01686
10790,7.00843
10791,8.00843
10792,12.0084
10793,1.00843
10794,10.0084
10795,2.01687
10796,1.0253
10797,1.03373
10798,10.0084
10799,8.00843
10800,5.00843
10801,14.0084
10802,1.00843
10803,1.01686
10804,14.0084
10805,12.0169
10806,1.0253
10807,1.03373
10808,9.00843
10809,3.01687
10810,3.0253
10811,7.00843
10812,11.0084
10813,5.01687
10814,18.0084
10815,14.0169
10816,6.0253
10817,1.03373
10818,13.0084
10819,3.01687
10820,14.0084
10821,8.01686
10822,5.0253
10823,3.03373
10824,15.0084
10825,10.0084
10826,8.01686
10827,8.00843
10828,8.01686
10829,7.0253
10830,6.03373
10831,3.04216
10832,18.0084
10833,12.0169
10834,12.0253
10835,10.0337
10836,13.0084
10837,8.01686
10838,7.0253
10839,13.0084
10840,8.01686
10841,8.0253
10842,7.00843
10843,10.0084
10844,12.0084
10845,11.0169
10846,3.0253
10847,13.0084
10848,10.0169
10849,14.0084
10850,14.0169
10851,10.0253
10852,20.0084
10853,10.0169
10854,9.0253
10855,5.03373
10856,17.0084
10857,1.01686
10858,18.0084
10859,2.01687
10860,1.0253
10861,7.00843
10862,4.01687
10863,16.0084
10864,9.01686
10865,3.0253
10866,1.03373
10867,1.04216
10868,1.00843
10869,5.00843
10870,8.00843
10871,3.01687
10872,10.0084
10873,8.01686
10874,1.00843
10875,8.00843
10876,8.01686
10877,10.0084
10878,5.01687
10879,18.0084
10880,16.0084
10881,16.0169
10882,8.0253
10883,17.0084
10884,8.01686
10885,13.0084
10886,15.0084
10887,7.00843
10888,13.0084
10889,14.0084
10890,10.0169
10891,3.0253
10892,10.0084
10893,12.0084
10894,3.00843
10895,5.00843
10896,2.00843
10897,6.00843
10898,10.0084
10899,1.01686
10900,19.0084
10901,8.01686
10902,8.00843
10903,3.01687
10904,12.0084
10905,1.01686
10906,3.00843
10907,1.01686
10908,7.00843
10909,5.00843
10910,3.01687
10911,1.0253
10912,10.0084
10913,5.01687
10914,11.0084
10915,6.01687
10916,5.0253
10917,1.03373
10918,1.04216
10919,12.0084
10920,3.01687
10921,13.0084
10922,13.0169
10923,7.0253
10924,5.03373
10925,8.00843
10926,7.01687
10927,8.00843
10928,18.0084
10929,1.01686
10930,12.0084
10931,12.0169
10932,12.0253
10933,10.0337
10934,16.0084
10935,15.0169
10936,2.0253
10937,8.00843
10938,16.0084
10939,12.0169
10940,3.00843
10941,7.00843
10942,5.01687
10943,16.0084
10944,6.01687
10945,5.0253
10946,12.0084
10947,18.0084
10948,12.0084
10949,10.0169
10950,8.0253
10951,5.00843
10952,10.0084
10953,3.01687
10954,18.0084
10955,16.0169
10956,18.0084
10957,7.01687
10958,5.00843
10959,18.0084
10960,10.0169
10961,19.0084
10962,12.0169
10963,14.0084
10964,10.0169
10965,15.0084
10966,1.01686
10967,19.0084
10968,12.0169
10969,1.0253
10970,13.0084
10971,10.0169
10972,9.0253
10973,8.00843
10974,8.01686
10975,7.0253
10976,12.0084
10977,4.01687
10978,8.00843
10979,14.0084
10980,12.0169
10981,8.0253
10982,19.0084
10983,20.0084
10984,8.01686
10985,17.0084
10986,7.01687
10987,18.0084
10988,1.01686
10989,16.0084
10990,3.00843
10991,6.00843
10992,6.01687
10993,8.00843
10994,18.0084
10995,10.0169
10996,8.0253
10997,10.0084
10998,2.01687
10999,1.0253
11000,15.0084
11001,13.0169
11002,11.0253
11003,8.03373
11004,1.04216
11005,13.0084
11006,6.00843
11007,5.01687
11008,1.0253
11009,17.0084
11010,5.01687
11011,1.0253
11012,16.0084
11013,13.0169
11014,12.0253
11015,12.0337
11016,7.04216
11017,5.05059
11018,8.00843
11019,6.01687
11020,8.00843
11021,7.01687
11022,7.0253
11023,10.0084
11024,8.01686
11025,1.0253
11026,1.00843
11027,14.0084
11028,13.0169
11029,12.0253
11030,10.0337
11031,1.00843
11032,20.0084
11033,8.01686
11034,18.0084
11035,5.01687
11036,10.0084
11037,10.0169
11038,2.0253
11039,18.0084
11040,17.0169
11041,3.00843
11042,18.0084
11043,5.01687
11044,5.0253
11045,13.0084
11046,13.0169
11047,14.0084
11048,14.0169
11049,8.00843
11050,16.0084
11051,14.0169
11052,8.0253
11053,18.0084
11054,12.0169
11055,12.0253
11056,5.03373
11057,17.0084
11058,15.0169
11059,1.0253
11060,12.0084
11061,14.0084
11062,8.00843
11063,8.00843
11064,1.01686
11065,1.0253
11066,7.00843
11067,14.0084
11068,5.01687
11069,16.0084
11070,7.01687
11071,13.0084
11072,10.0169
11073,10.0084
11074,8.00843
11075,8.01686
11076,18.0084
11077,18.0169
11078,10.0253
11079,10.0337
11080,16.0084
11081,8.00843
11082,14.0084
11083,14.0084
11084,14.0169
11085,10.0253
11086,7.00843
11087,1.00843
11088,17.0084
11089,18.0084
11090,14.0084
11091,7.01687
11092,3.0253
11093,6.00843
11094,7.00843
11095,7.01687
11096,15.0084
11097,8.01686
11098,14.0084
11099,12.0169
11100,6.0253
11101,3.03373
11102,2.04216
11103,1.05059
11104,10.0084
11105,7.01687
11106,16.0084
11107,16.0169
11108,14.0084
11109,9.01686
11110,6.0253
11111,18.0084
11112,14.0169
11113,13.0253
11114,8.03373
11115,6.04216
11116,12.0084
11117,8.01686
11118,16.0084
11119,18.0084
11120,15.0169
11121,2.0253
11122,1.00843
11123,16.0084
11124,1.01686
11125,14.0084
11126,1.01686
11127,5.00843
11128,16.0084
11129,16.0169
11130,1.0253
11131,17.0084
11132,3.00843
11133,3.01687
11134,17.0084
11135,16.0169
11136,7.00843
11137,5.01687
11138,8.00843
11139,10.0084
11140,8.00843
11141,13.0084
11142,3.01687
11143,10.0084
11144,5.01687
11145,5.00843
11146,1.01686
11147,18.0084
11148,8.01686
11149,9.00843
11150,1.00843
11151,8.00843
11152,15.0084
11153,5.01687
11154,3.0253
11155,3.03373
11156,5.00843
11157,1.01686
11158,7.00843
11159,8.00843
11160,8.01686
11161,1.00843
11162,11.0084
11163,13.0084
11164,7.00843
11165,5.01687
11166,3.0253
11167,13.0084
11168,5.00843
11169,1.01686
11170,1.0253
11171,1.03373
11172,1.04216
11173,16.0084
11174,10.0169
11175,5.0253
11176,5.03373
11177,3.04216
11178,7.00843
11179,3.01687
11180,8.00843
11181,1.01686
11182,10.0084
11183,3.00843
11184,8.00843
11185,8.01686
11186,8.0253
11187,8.03373
11188,5.00843
11189,5.01687
11190,2.0253
11191,6.00843
11192,1.01686
11193,14.0084
11194,12.0169
11195,10.0084
11196,8.01686
11197,10.0084
11198,10.0169
11199,3.0253
11200,8.00843
11201,7.01687
11202,6.0253
11203,6.03373
11204,16.0084
11205,10.0084
11206,8.01686
11207,18.0084
11208,14.0169
11209,14.0253
11210,7.03373
11211,12.0084
11212,12.0169
11213,10.0253
11214,3.03373
11215,1.04216
11216,18.0084
11217,12.0169
11218,1.0253
11219,15.0084
11220,5.01687
11221,16.0084
11222,14.0169
11223,7.0253
11224,17.0084
11225,13.0169
11226,12.0253
11227,8.03373
11228,18.0084
11229,18.0169
11230,5.0253
11231,8.00843
11232,20.0084
11233,9.01686
11234,1.0253
11235,14.0084
11236,14.0169
11237,12.0253
11238,9.03373
11239,10.0084
11240,15.0084
11241,15.0084
11242,1.01686
11243,10.0084
11244,6.00843
11245,3.01687
11246,2.0253
11247,1.03373
11248,1.04216
11249,19.0084
11250,3.01687
11251,13.0084
11252,12.0084
11253,5.01687
11254,13.0084
11255,5.00843
11256,1.00843
11257,18.0084
11258,12.0169
11259,3.0253
11260,1.03373
11261,6.00843
11262,3.01687
11263,11.0084
11264,10.0084
11265,9.01686
11266,20.0084
11267,8.00843
11268,8.01686
11269,8.0253
11270,12.0084
11271,3.01687
11272,7.00843
11273,2.01687
11274,9.00843
11275,5.01687
11276,13.0084
11277,8.00843
11278,17.0084
11279,17.0169
11280,5.0253
11281,3.03373
11282,1.04216
11283,14.0084
11284,9.01686
11285,7.0253
11286,10.0084
11287,5.01687
11288,1.0253
11289,15.0084
11290,8.00843
11291,5.01687
11292,6.00843
11293,2.01687
11294,10.0084
11295,12.0084
11296,11.0169
11297,3.0253
11298,18.0084
11299,8.01686
11300,14.0084
11301,10.0169
11302,9.0253
11303,10.0084
11304,8.01686
11305,1.00843
11306,1.01686
11307,1.0253
11308,13.0084
11309,12.0169
11310,8.00843
11311,8.01686
11312,3.0253
11313,1.03373
11314,15.0084
11315,17.0084
11316,5.01687
11317,5.0253
11318,18.0084
11319,12.0169
11320,6.0253
11321,8.00843
11322,7.01687
11323,13.0084
11324,14.0084
11325,7.01687
11326,11.0084
11327,5.01687
11328,15.0084
11329,6.01687
11330,1.00843
11331,16.0084
11332,10.0169
11333,2.0253
11334,8.00843
11335,1.01686
11336,17.0084
11337,6.01687
11338,14.0084
11339,13.0084
11340,6.01687
11341,8.00843
11342,15.0084
11343,5.00843
11344,17.0084
11345,10.0169
11346,10.0253
11347,6.00843
11348,5.01687
11349,3.00843
11350,8.00843
11351,3.00843
11352,11.0084
11353,12.0084
11354,13.0084
11355,15.0084
11356,8.01686
11357,14.0084
11358,14.0169
11359,3.0253
11360,1.03373
11361,1.04216
11362,1.05059
11363,3.00843
11364,17.0084
11365,14.0084
11366,7.01687
11367,5.0253
11368,5.03373
11369,5.04216
11370,5.05059
11371,7.00843
11372,1.01686
11373,1.0253
11374,1.00843
11375,1.01686
11376,1.00843
11377,1.01686
11378,5.00843
11379,1.01686
11380,16.0084
11381,14.0169
11382,14.0253
11383,6.03373
11384,5.04216
11385,5.05059
11386,3.00843
11387,8.00843
11388,6.01687
11389,3.0253
11390,1.03373
11391,1.00843
11392,7.00843
11393,2.01687
11394,19.0084
11395,8.00843
11396,5.01687
11397,7.00843
11398,19.0084
11399,13.0169
11400,1.00843
11401,1.01686
11402,8.00843
11403,3.01687
11404,2.0253
11405,11.0084
11406,10.0169
11407,5.0253
11408,3.03373
11409,16.0084
11410,3.01687
11411,1.0253
11412,1.03373
11413,7.00843
11414,5.01687
11415,5.0253
11416,5.03373
11417,3.04216
11418,13.0084
11419,8.01686
11420,9.00843
11421,8.01686
11422,7.0253
11423,5.03373
11424,1.04216
11425,15.0084
11426,8.01686
11427,12.0084
11428,10.0169
11429,2.0253
11430,8.00843
11431,14.0084
11432,14.0169
11433,13.0253
11434,20.0084
11435,13.0169
11436,14.0084
11437,14.0084
11438,14.0169
11439,14.0253
11440,16.0084
11441,16.0169
11442,10.0253
11443,5.00843
11444,1.01686
11445,17.0084
11446,12.0084
11447,2.01687
11448,16.0084
11449,14.0084
11450,13.0084
11451,7.00843
11452,1.01686
11453,9.00843
11454,6.01687
11455,14.0084
11456,18.0084
11457,20.0084
11458,16.0169
11459,13.0253
11460,8.00843
11461,1.00843
11462,17.0084
11463,8.01686
11464,8.00843
11465,8.01686
11466,3.00843
11467,11.0084
11468,5.01687
11469,12.0084
11470,12.0169
11471,5.0253
11472,18.0084
11473,12.0169
11474,10.0084
11475,12.0084
11476,2.01687
11477,17.0084
11478,14.0084
11479,12.0084
11480,3.01687
11481,5.00843
11482,1.00843
11483,8.00843
11484,1.00843
11485,8.00843
11486,8.00843
11487,7.01687
11488,7.0253
11489,3.03373
11490,4.00843
11491,1.01686
11492,8.00843
11493,5.01687
11494,5.0253
11495,2.03373
11496,1.00843
11497,7.00843
11498,8.00843
11499,10.0084
11500,16.0084
11501,10.0169
11502,8.00843
11503,8.01686
11504,5.00843
11505,20.0084
11506,9.00843
11507,8.01686
11508,5.0253
11509,10.0084
11510,1.01686
11511,13.0084
11512,12.0169
11513,12.0253
11514,12.0337
11515,1.04216
11516,1.05059
11517,13.0084
11518,1.01686
11519,14.0084
11520,7.01687
11521,7.0253
11522,3.03373
11523,7.00843
11524,6.00843
11525,5.01687
11526,5.00843
11527,1.01686
11528,16.0084
11529,18.0084
11530,1.01686
11531,8.00843
11532,10.0084
11533,7.01687
11534,16.0084
11535,12.0169
11536,8.0253
11537,1.00843
11538,3.00843
11539,1.01686
11540,16.0084
11541,8.01686
11542,3.0253
11543,5.00843
11544,18.0084
11545,17.0169
11546,8.0253
11547,8.00843
11548,16.0084
11549,9.01686
11550,12.0084
11551,12.0169
11552,5.00843
11553,5.01687
11554,12.0084
11555,1.01686
11556,13.0084
11557,13.0169
11558,7.0253
11559,1.03373
11560,14.0084
11561,5.01687
11562,5.0253
11563,1.03373
11564,7.00843
11565,12.0084
11566,8.01686
11567,1.0253
11568,7.00843
11569,7.00843
11570,6.00843
11571,10.0084
11572,8.01686
11573,7.0253
11574,11.0084
11575,10.0169
11576,5.0253
11577,12.0084
11578,13.0084
11579,10.0169
11580,10.0253
11581,10.0337
11582,1.04216
11583,1.05059
11584,1.05903
11585,3.00843
11586,3.01687
11587,3.0253
11588,2.03373
11589,1.04216
11590,17.0084
11591,8.01686
11592,1.0253
11593,1.00843
11594,5.00843
11595,5.00843
11596,7.00843
11597,7.00843
11598,16.0084
11599,12.0169
11600,10.0253
11601,10.0337
11602,8.04216
11603,7.00843
11604,1.00843
11605,2.00843
11606,1.01686
11607,1.0253
11608,16.0084
11609,12.0169
11610,15.0084
11611,10.0169
11612,3.0253
11613,2.03373
11614,16.0084
11615,5.01687
11616,5.0253
11617,1.03373
11618,16.0084
11619,5.00843
11620,10.0084
11621,7.01687
11622,8.00843
11623,3.01687
11624,9.00843
11625,7.00843
11626,5.01687
11627,14.0084
11628,12.0169
11629,12.0084
11630,12.0169
11631,1.0253
11632,8.00843
11633,18.0084
11634,9.01686
11635,8.0253
11636,16.0084
11637,12.0169
11638,15.0084
11639,5.01687
11640,1.00843
11641,18.0084
11642,17.0084
11643,16.0169
11644,3.0253
11645,7.00843
11646,7.01687
11647,16.0084
11648,14.0169
11649,3.0253
11650,8.00843
11651,16.0084
11652,12.0084
11653,18.0084
11654,16.0169
11655,13.0253
11656,7.03373
11657,10.0084
11658,8.01686
11659,3.0253
11660,3.03373
11661,5.00843
11662,1.01686
11663,1.0253
11664,2.00843
11665,6.00843
11666,3.01687
11667,3.0253
11668,1.03373
11669,8.00843
11670,4.01687
11671,4.0253
11672,16.0084
11673,8.01686
11674,8.0253
11675,5.03373
11676,9.00843
11677,6.01687
11678,14.0084
11679,7.01687
11680,3.0253
11681,14.0084
11682,8.01686
11683,20.0084
11684,8.01686
11685,8.0253
11686,1.03373
11687,14.0084
11688,10.0169
11689,10.0253
11690,6.03373
11691,14.0084
11692,11.0169
11693,5.0253
11694,12.0084
11695,10.0169
11696,3.0253
11697,20.0084
11698,13.0169
11699,5.0253
11700,5.03373
11701,1.04216
11702,18.0084
11703,13.0169
11704,3.0253
11705,3.03373
11706,10.0084
11707,7.01687
11708,7.0253
11709,7.03373
11710,1.04216
11711,16.0084
11712,8.01686
11713,5.0253
11714,14.0084
11715,8.01686
11716,6.0253
11717,1.03373
11718,10.0084
11719,7.01687
11720,1.00843
11721,1.01686
11722,1.0253
11723,12.0084
11724,12.0169
11725,10.0253
11726,2.03373
11727,10.0084
11728,1.01686
11729,18.0084
11730,12.0169
11731,8.0253
11732,12.0084
11733,12.0169
11734,12.0253
11735,3.03373
11736,16.0084
11737,13.0169
11738,14.0084
11739,12.0169
11740,1.0253
11741,20.0084
11742,13.0169
11743,12.0253
11744,1.03373
11745,16.0084
11746,17.0084
11747,15.0169
11748,8.0253
11749,1.03373
11750,16.0084
11751,9.01686
11752,13.0084
11753,6.01687
11754,6.0253
11755,18.0084
11756,7.01687
11757,5.0253
11758,3.03373
11759,18.0084
11760,8.00843
11761,10.0084
11762,8.01686
11763,7.0253
11764,7.00843
11765,10.0084
11766,9.01686
11767,1.0253
11768,20.0084
11769,14.0084
11770,14.0084
11771,12.0169
11772,5.0253
11773,3.03373
11774,8.00843
11775,3.01687
11776,1.0253
11777,16.0084
11778,5.01687
11779,8.00843
11780,3.01687
11781,1.00843
11782,1.01686
11783,16.0084
11784,13.0169
11785,10.0084
11786,10.0169
11787,5.0253
11788,12.0084
11789,8.00843
11790,13.0084
11791,10.0169
11792,7.0253
11793,3.03373
11794,3.04216
11795,8.00843
11796,3.00843
11797,12.0084
11798,12.0169
11799,7.0253
11800,3.00843
11801,18.0084
11802,5.00843
11803,7.00843
11804,5.01687
11805,5.0253
11806,5.03373
11807,5.04216
11808,15.0084
11809,15.0169
11810,19.0084
11811,8.01686
11812,8.0253
11813,5.03373
11814,3.04216
11815,1.00843
11816,5.00843
11817,10.0084
11818,12.0084
11819,7.01687
11820,1.00843
11821,14.0084
11822,12.0084
11823,3.01687
11824,13.0084
11825,1.00843
11826,18.0084
11827,12.0169
11828,3.0253
11829,3.03373
11830,16.0084
11831,9.01686
11832,8.0253
11833,5.00843
11834,5.00843
11835,12.0084
11836,12.0169
11837,6.0253
11838,1.03373
11839,9.00843
11840,8.01686
11841,8.0253
11842,7.03373
11843,7.04216
11844,1.05059
11845,5.00843
11846,3.01687
11847,10.0084
11848,8.01686
11849,3.0253
11850,5.00843
11851,5.01687
11852,5.0253
11853,12.0084
11854,3.01687
11855,13.0084
11856,8.00843
11857,14.0084
11858,14.0084
11859,8.01686
11860,18.0084
11861,14.0169
11862,15.0084
11863,1.01686
11864,16.0084
11865,1.01686
11866,18.0084
11867,5.00843
11868,3.00843
11869,8.00843
11870,10.0084
11871,8.01686
11872,7.00843
11873,3.01687
11874,1.0253
11875,1.03373
11876,3.00843
11877,10.0084
11878,14.0084
11879,5.01687
11880,13.0084
11881,12.0169
11882,12.0253
11883,15.0084
11884,10.0169
11885,7.0253
11886,5.03373
11887,18.0084
11888,1.01686
11889,7.00843
11890,16.0084
11891,12.0169
11892,12.0253
11893,10.0337
11894,8.04216
11895,14.0084
11896,2.01687
11897,10.0084
11898,13.0084
11899,8.01686
11900,12.0084
11901,16.0084
11902,7.01687
11903,3.0253
11904,17.0084
11905,15.0169
11906,12.0253
11907,8.03373
11908,8.04216
11909,1.05059
11910,18.0084
11911,16.0169
11912,9.00843
11913,8.00843
11914,7.01687
11915,14.0084
11916,18.0084
11917,13.0169
11918,5.0253
11919,13.0084
11920,16.0084
11921,13.0169
11922,10.0253
11923,14.0084
11924,12.0169
11925,11.0253
11926,10.0337
11927,17.0084
11928,12.0169
11929,14.0084
11930,14.0169
11931,2.00843
11932,8.00843
11933,8.00843
11934,7.01687
11935,7.0253
11936,1.03373
11937,1.00843
11938,12.0084
11939,3.01687
11940,18.0084
11941,10.0169
11942,14.0084
11943,13.0169
11944,7.0253
11945,1.03373
11946,10.0084
11947,10.0084
11948,11.0084
11949,5.01687
11950,3.0253
11951,2.03373
11952,12.0084
11953,8.01686
11954,3.0253
11955,7.00843
11956,16.0084
11957,8.01686
11958,6.0253
11959,5.03373
11960,5.04216
11961,1.05059
11962,9.00843
11963,6.01687
11964,8.00843
11965,5.01687
11966,5.0253
11967,12.0084
11968,7.01687
11969,7.0253
11970,7.03373
11971,3.00843
11972,3.01687
11973,1.0253
11974,8.00843
11975,15.0084
11976,4.01687
11977,1.0253
11978,1.03373
11979,5.00843
11980,5.01687
11981,14.0084
11982,14.0169
11983,7.00843
11984,16.0084
11985,17.0084
11986,11.0084
11987,10.0169
11988,10.0253
11989,4.00843
11990,16.0084
11991,18.0084
11992,18.0169
11993,13.0253
11994,13.0084
11995,2.01687
11996,15.0084
11997,5.01687
11998,12.0084
11999,1.00843
12000,7.00843
12001,7.01687
12002,8.00843
12003,5.01687
12004,1.0253
12005,1.03373
12006,15.0084
12007,10.0084
12008,3.01687
12009,1.0253
12010,13.0084
12011,3.01687
12012,2.00843
12013,8.00843
12014,8.01686
12015,16.0084
12016,7.00843
12017,10.0084
12018,8.01686
12019,8.0253
12020,18.0084
12021,12.0169
12022,10.0253
12023,6.00843
12024,12.0084
12025,14.0084
12026,6.01687
12027,12.0084
12028,8.01686
12029,8.0253
12030,5.03373
12031,17.0084
12032,6.01687
12033,18.0084
12034,1.00843
12035,12.0084
12036,18.0084
12037,12.0169
12038,18.0084
12039,12.0084
12040,3.01687
12041,3.0253
12042,1.03373
12043,9.00843
12044,3.00843
12045,5.00843
12046,3.00843
12047,1.00843
12048,3.00843
12049,1.01686
12050,1.0253
12051,1.03373
12052,14.0084
12053,10.0169
12054,8.00843
12055,16.0084
12056,5.01687
12057,5.00843
12058,5.01687
12059,3.0253
12060,8.00843
12061,7.01687
12062,7.0253
12063,3.03373
12064,9.00843
12065,8.01686
12066,7.0253
12067,8.00843
12068,8.01686
12069,6.00843
12070,10.0084
12071,10.0169
12072,6.0253
12073,5.03373
12074,5.00843
12075,14.0084
12076,10.0169
12077,13.0084
12078,13.0169
12079,13.0084
12080,6.01687
12081,20.0084
12082,10.0169
12083,7.0253
12084,1.00843
12085,20.0084
12086,10.0169
12087,16.0084
12088,8.01686
12089,5.0253
12090,3.03373
12091,1.00843
12092,18.0084
12093,7.01687
12094,5.0253
12095,8.00843
12096,3.01687
12097,2.0253
12098,16.0084
12099,15.0169
12100,10.0253
12101,8.03373
12102,3.04216
12103,3.05059
12104,3.05903
12105,3.06746
12106,10.0084
12107,3.01687
12108,1.0253
12109,12.0084
12110,10.0169
12111,10.0253
12112,5.03373
12113,3.04216
12114,8.00843
12115,8.01686
12116,8.0253
12117,16.0084
12118,14.0169
12119,12.0253
12120,16.0084
12121,13.0169
12122,10.0084
12123,8.01686
12124,3.00843
12125,1.01686
12126,17.0084
12127,8.01686
12128,8.0253
12129,10.0084
12130,9.01686
12131,1.0253
12132,18.0084
12133,8.01686
12134,1.0253
12135,5.00843
12136,3.01687
12137,3.0253
12138,3.03373
12139,16.0084
12140,1.00843
12141,1.00843
12142,2.00843
12143,18.0084
12144,8.01686
12145,6.0253
12146,4.03373
12147,12.0084
12148,8.01686
12149,5.0253
12150,10.0084
12151,6.01687
12152,14.0084
12153,7.01687
12154,15.0084
12155,17.0084
12156,8.01686
12157,10.0084
12158,16.0084
12159,10.0084
12160,1.01686
12161,16.0084
12162,10.0084
12163,7.00843
12164,7.01687
12165,19.0084
12166,14.0169
12167,8.00843
12168,3.01687
12169,3.0253
12170,20.0084
12171,12.0169
12172,10.0253
12173,8.00843
12174,7.01687
12175,1.0253
12176,12.0084
12177,12.0084
12178,8.00843
12179,8.01686
12180,14.0084
12181,8.01686
12182,10.0084
12183,10.0084
12184,7.01687
12185,3.0253
12186,3.03373
12187,3.04216
12188,15.0084
12189,14.0169
12190,10.0253
12191,1.00843
12192,14.0084
12193,1.01686
12194,18.0084
12195,16.0169
12196,10.0253
12197,1.03373
12198,20.0084
12199,18.0169
12200,8.0253
12201,3.03373
12202,5.00843
12203,14.0084
12204,5.00843
12205,16.0084
12206,9.01686
12207,5.0253
12208,5.03373
12209,3.04216
12210,10.0084
12211,7.01687
12212,1.0253
12213,11.0084
12214,8.01686
12215,8.0253
12216,3.03373
12217,17.0084
12218,7.01687
12219,3.0253
12220,15.0084
12221,14.0169
12222,10.0253
12223,10.0337
12224,3.04216
12225,12.0084
12226,16.0084
12227,18.0084
12228,9.01686
12229,18.0084
12230,8.00843
12231,13.0084
12232,10.0084
12233,5.00843
12234,3.01687
12235,5.00843
12236,14.0084
12237,1.01686
12238,20.0084
12239,18.0169
12240,8.0253
12241,1.03373
12242,12.0084
12243,3.01687
12244,8.00843
12245,8.01686
12246,8.0253
12247,10.0084
12248,8.00843
12249,7.01687
12250,7.0253
12251,3.03373
12252,12.0084
12253,8.01686
12254,8.0253
12255,8.03373
12256,5.00843
12257,10.0084
12258,5.01687
12259,1.0253
12260,12.0084
12261,8.01686
12262,8.0253
12263,5.03373
12264,19.0084
12265,14.0169
12266,3.0253
12267,12.0084
12268,10.0169
12269,3.0253
12270,17.0084
12271,13.0169
12272,18.0084
12273,12.0169
12274,14.0084
12275,12.0084
12276,16.0084
12277,10.0169
12278,1.00843
12279,8.00843
12280,16.0084
12281,11.0169
12282,3.0253
12283,5.00843
12284,5.01687
12285,1.00843
12286,8.00843
12287,8.01686
12288,3.00843
12289,16.0084
12290,10.0169
12291,8.00843
12292,12.0084
12293,6.01687
12294,13.0084
12295,10.0169
12296,1.0253
12297,1.03373
12298,1.04216
12299,8.00843
12300,7.01687
12301,2.0253
12302,16.0084
12303,15.0169
12304,16.0084
12305,10.0169
12306,10.0084
12307,10.0169
12308,8.0253
12309,12.0084
12310,8.01686
12311,1.0253
12312,10.0084
12313,7.01687
12314,7.0253
12315,3.03373
12316,13.0084
12317,14.0084
12318,5.01687
12319,16.0084
12320,12.0169
12321,10.0253
12322,6.03373
12323,16.0084
12324,8.01686
12325,8.0253
12326,17.0084
12327,14.0169
12328,8.0253
12329,3.03373
12330,18.0084
12331,16.0169
12332,8.0253
12333,7.03373
12334,18.0084
12335,1.00843
12336,16.0084
12337,8.00843
12338,3.01687
12339,8.00843
12340,2.01687
12341,1.0253
12342,1.03373
12343,1.00843
12344,20.0084
12345,3.01687
12346,12.0084
12347,5.01687
12348,5.0253
12349,1.03373
12350,5.00843
12351,6.00843
12352,15.0084
12353,8.01686
12354,1.00843
12355,5.00843
12356,5.01687
12357,10.0084
12358,5.01687
12359,12.0084
12360,8.01686
12361,12.0084
12362,6.00843
12363,5.01687
12364,15.0084
12365,13.0084
12366,17.0084
12367,18.0084
12368,10.0169
12369,1.0253
12370,12.0084
12371,9.01686
12372,12.0084
12373,18.0084
12374,17.0084
12375,14.0169
12376,2.0253
12377,1.00843
12378,8.00843
12379,3.00843
12380,7.00843
12381,7.00843
12382,1.01686
12383,17.0084
12384,2.01687
12385,10.0084
12386,3.01687
12387,7.00843
12388,3.01687
12389,15.0084
12390,1.01686
12391,13.0084
12392,1.01686
12393,2.00843
12394,12.0084
12395,8.01686
12396,3.0253
12397,13.0084
12398,5.00843
12399,3.01687
12400,5.00843
12401,8.00843
12402,6.01687
12403,5.0253
12404,1.03373
12405,10.0084
12406,7.01687
12407,2.00843
12408,15.0084
12409,1.01686
12410,3.00843
12411,1.01686
12412,1.0253
12413,7.00843
12414,4.01687
12415,3.00843
12416,14.0084
12417,4.01687
12418,8.00843
12419,7.01687
12420,14.0084
12421,12.0169
12422,8.0253
12423,10.0084
12424,7.01687
12425,4.0253
12426,1.03373
12427,1.04216
12428,1.00843
12429,18.0084
12430,12.0169
12431,12.0253
12432,5.03373
12433,3.04216
12434,1.05059
12435,1.05903
12436,1.06746
12437,13.0084
12438,13.0169
12439,10.0253
12440,10.0337
12441,10.0422
12442,8.05059
12443,2.05903
12444,12.0084
12445,5.01687
12446,5.0253
12447,12.0084
12448,8.01686
12449,5.0253
12450,16.0084
12451,8.01686
12452,16.0084
12453,16.0169
12454,1.0253
12455,16.0084
12456,12.0169
12457,12.0253
12458,8.03373
12459,3.04216
12460,9.00843
12461,14.0084
12462,14.0169
12463,6.00843
12464,16.0084
12465,8.01686
12466,5.0253
12467,16.0084
12468,8.01686
12469,1.00843
12470,18.0084
12471,17.0169
12472,16.0253
12473,18.0084
12474,18.0169
12475,8.0253
12476,3.03373
12477,17.0084
12478,20.0084
12479,5.01687
12480,12.0084
12481,8.01686
12482,3.0253
12483,17.0084
12484,11.0084
12485,8.01686
12486,4.00843
12487,10.0084
12488,3.01687
12489,3.0253
12490,1.03373
12491,8.00843
12492,6.01687
12493,5.0253
12494,8.00843
12495,5.01687
12496,13.0084
12497,12.0169
12498,7.0253
12499,6.03373
12500,13.0084
12501,7.01687
12502,2.0253
12503,1.03373
12504,10.0084
12505,10.0169
12506,8.0253
12507,5.00843
12508,5.01687
12509,1.0253
12510,9.00843
12511,5.00843
12512,15.0084
12513,13.0169
12514,10.0253
12515,8.03373
12516,6.04216
12517,5.00843
12518,2.01687
12519,19.0084
12520,10.0169
12521,2.0253
12522,10.0084
12523,9.01686
12524,5.0253
12525,12.0084
12526,12.0169
12527,1.0253
12528,18.0084
12529,14.0084
12530,12.0169
12531,14.0084
12532,14.0169
12533,11.0253
12534,15.0084
12535,5.01687
12536,17.0084
12537,1.01686
12538,19.0084
12539,10.0169
12540,15.0084
12541,3.00843
12542,14.0084
12543,12.0084
12544,1.01686
12545,14.0084
12546,3.01687
12547,17.0084
12548,7.01687
12549,6.0253
12550,16.0084
12551,7.01687
12552,10.0084
12553,15.0084
12554,12.0084
12555,8.01686
12556,5.0253
12557,1.03373
12558,15.0084
12559,5.01687
12560,1.0253
12561,3.00843
12562,3.01687
12563,16.0084
12564,3.00843
12565,10.0084
12566,5.01687
12567,10.0084
12568,8.00843
12569,7.01687
12570,13.0084
12571,10.0169
12572,10.0253
12573,8.03373
12574,18.0084
12575,10.0084
12576,10.0084
12577,16.0084
12578,14.0169
12579,18.0084
12580,14.0169
12581,2.0253
12582,1.03373
12583,1.04216
12584,14.0084
12585,8.01686
12586,8.0253
12587,9.00843
12588,8.01686
12589,3.0253
12590,14.0084
12591,8.01686
12592,3.0253
12593,12.0084
12594,5.01687
12595,5.0253
12596,1.03373
12597,16.0084
12598,10.0169
12599,12.0084
12600,12.0169
12601,8.0253
12602,9.00843
12603,3.01687
12604,3.00843
12605,3.00843
12606,3.01687
12607,1.0253
12608,14.0084
12609,10.0169
12610,8.0253
12611,3.03373
12612,1.04216
12613,1.05059
12614,1.05903
12615,18.0084
12616,14.0169
12617,3.0253
12618,1.03373
12619,8.00843
12620,3.01687
12621,8.00843
12622,7.01687
12623,5.00843
12624,10.0084
12625,7.00843
12626,1.01686
12627,1.0253
12628,12.0084
12629,8.01686
12630,8.0253
12631,10.0084
12632,8.01686
12633,12.0084
12634,12.0169
12635,10.0253
12636,12.0084
12637,18.0084
12638,14.0169
12639,4.0253
12640,18.0084
12641,13.0169
12642,10.0253
12643,7.03373
12644,1.04216
12645,18.0084
12646,14.0169
12647,14.0253
12648,8.03373
12649,6.00843
12650,3.01687
12651,18.0084
12652,17.0169
12653,8.0253
12654,10.0084
12655,8.01686
12656,8.0253
12657,12.0084
12658,7.00843
12659,12.0084
12660,6.01687
12661,3.0253
12662,16.0084
12663,15.0084
12664,3.01687
12665,3.0253
12666,16.0084
12667,7.01687
12668,2.0253
12669,12.0084
12670,5.01687
12671,1.0253
12672,1.03373
12673,9.00843
12674,8.01686
12675,5.0253
12676,2.03373
12677,4.00843
12678,3.01687
12679,5.00843
12680,6.00843
12681,5.01687
12682,3.0253
12683,15.0084
12684,1.00843
12685,1.01686
12686,9.00843
12687,9.00843
12688,7.01687
12689,14.0084
12690,8.01686
12691,8.0253
12692,13.0084
12693,8.00843
12694,7.01687
12695,13.0084
12696,5.01687
12697,16.0084
12698,13.0169
12699,1.0253
12700,15.0084
12701,18.0084
12702,7.01687
12703,12.0084
12704,3.00843
12705,13.0084
12706,2.00843
12707,2.00843
12708,1.01686
12709,1.0253
12710,8.00843
12711,1.01686
12712,8.00843
12713,1.00843
12714,1.01686
12715,10.0084
12716,9.00843
12717,5.01687
12718,3.0253
12719,14.0084
12720,6.01687
12721,15.0084
12722,16.0084
12723,3.01687
12724,3.0253
12725,1.03373
12726,10.0084
12727,10.0169
12728,5.0253
12729,5.03373
12730,1.04216
12731,16.0084
12732,12.0084
12733,5.01687
12734,8.00843
12735,14.0084
12736,9.01686
12737,8.0253
12738,7.03373
12739,1.04216
12740,10.0084
12741,5.01687
12742,16.0084
12743,1.00843
12744,12.0084
12745,7.01687
12746,13.0084
12747,14.0084
12748,8.01686
12749,8.0253
12750,3.03373
12751,18.0084
12752,10.0169
12753,8.0253
12754,12.0084
12755,12.0169
12756,1.0253
12757,16.0084
12758,2.01687
12759,5.00843
12760,2.01687
12761,12.0084
12762,1.00843
12763,16.0084
12764,8.01686
12765,8.0253
12766,10.0084
12767,5.01687
12768,16.0084
12769,8.00843
12770,5.01687
12771,5.0253
12772,17.0084
12773,2.01687
12774,12.0084
12775,5.00843
12776,4.01687
12777,7.00843
12778,16.0084
12779,5.01687
12780,8.00843
12781,5.00843
12782,10.0084
12783,16.0084
12784,12.0169
12785,18.0084
12786,11.0169
12787,14.0084
12788,20.0084
12789,16.0169
12790,12.0253
12791,5.03373
12792,8.00843
12793,5.01687
12794,17.0084
12795,10.0169
12796,10.0253
12797,7.00843
12798,3.01687
12799,5.00843
12800,17.0084
12801,5.01687
12802,7.00843
12803,8.00843
12804,1.01686
12805,18.0084
12806,13.0084
12807,3.01687
12808,3.0253
12809,1.00843
12810,14.0084
12811,12.0169
12812,1.0253
12813,16.0084
12814,18.0084
12815,6.00843
12816,6.01687
12817,1.0253
12818,6.00843
12819,10.0084
12820,8.01686
12821,8.00843
12822,8.01686
12823,3.0253
12824,5.00843
12825,18.0084
12826,14.0169
12827,10.0253
12828,7.03373
12829,12.0084
12830,8.01686
12831,9.00843
12832,1.01686
12833,1.00843
12834,10.0084
12835,10.0169
12836,10.0253
12837,12.0084
12838,8.01686
12839,18.0084
12840,1.01686
12841,13.0084
12842,2.01687
12843,1.0253
12844,5.00843
12845,8.00843
12846,12.0084
12847,10.0084
12848,3.01687
12849,12.0084
12850,14.0084
12851,3.00843
12852,9.00843
12853,18.0084
12854,14.0169
12855,10.0253
12856,3.03373
12857,7.00843
12858,16.0084
12859,7.01687
12860,17.0084
12861,16.0084
12862,10.0169
12863,2.0253
12864,8.00843
12865,3.01687
12866,7.00843
12867,4.01687
12868,4.0253
12869,18.0084
12870,8.01686
12871,5.0253
12872,1.03373
12873,1.04216
12874,6.00843
12875,6.01687
12876,16.0084
12877,8.01686
12878,7.0253
12879,1.00843
12880,14.0084
12881,10.0084
12882,14.0084
12883,14.0169
12884,5.0253
12885,1.03373
12886,13.0084
12887,8.01686
12888,13.0084
12889,10.0169
12890,3.0253
12891,20.0084
12892,14.0169
12893,18.0084
12894,18.0169
12895,8.0253
12896,7.03373
12897,5.00843
12898,17.0084
12899,2.00843
12900,2.00843
12901,1.01686
12902,11.0084
12903,10.0169
12904,3.0253
12905,18.0084
12906,12.0169
12907,7.0253
12908,3.03373
12909,7.00843
12910,5.01687
12911,15.0084
12912,8.01686
12913,8.0253
12914,16.0084
12915,10.0169
12916,12.0084
12917,3.01687
12918,12.0084
12919,5.01687
12920,1.0253
12921,1.03373
12922,10.0084
12923,8.01686
12924,3.0253
12925,16.0084
12926,8.01686
12927,8.0253
12928,8.03373
12929,8.04216
12930,1.05059
12931,1.05903
12932,18.0084
12933,10.0169
12934,10.0253
12935,10.0337
12936,7.04216
12937,5.05059
12938,12.0084
12939,16.0084
12940,8.01686
12941,5.0253
12942,18.0084
12943,10.0084
12944,10.0169
12945,7.0253
12946,18.0084
12947,16.0169
12948,14.0253
12949,8.03373
12950,7.04216
12951,10.0084
12952,1.01686
12953,14.0084
12954,10.0169
12955,12.0084
12956,12.0169
12957,5.00843
12958,5.00843
12959,1.01686
12960,14.0084
12961,16.0084
12962,5.01687
12963,17.0084
12964,18.0084
12965,17.0169
12966,9.0253
12967,2.03373
12968,18.0084
12969,12.0084
12970,7.01687
12971,1.00843
12972,14.0084
12973,16.0084
12974,1.01686
12975,2.00843
12976,1.01686
12977,12.0084
12978,3.01687
12979,1.00843
12980,16.0084
12981,8.01686
12982,14.0084
12983,7.01687
12984,7.0253
12985,1.03373
12986,3.00843
12987,12.0084
12988,1.01686
12989,1.00843
12990,1.01686
12991,1.0253
12992,12.0084
12993,5.00843
12994,14.0084
12995,1.01686
12996,18.0084
12997,7.01687
12998,7.0253
12999,6.03373
13000,7.00843
13001,5.01687
13002,18.0084
13003,15.0169
13004,10.0253
13005,9.03373
13006,8.04216
13007,5.05059
13008,10.0084
13009,3.01687
13010,4.00843
13011,3.01687
13012,8.00843
13013,3.01687
13014,12.0084
13015,14.0084
13016,5.01687
13017,8.00843
13018,8.01686
13019,14.0084
13020,1.01686
13021,15.0084
13022,1.00843
13023,1.01686
13024,3.00843
13025,1.01686
13026,9.00843
13027,7.01687
13028,5.0253
13029,5.00843
13030,12.0084
13031,10.0169
13032,14.0084
13033,12.0169
13034,12.0084
13035,12.0169
13036,2.0253
13037,16.0084
13038,6.00843
13039,12.0084
13040,10.0169
13041,7.00843
13042,7.01687
13043,5.0253
13044,8.00843
13045,3.01687
13046,3.0253
13047,10.0084
13048,3.00843
13049,17.0084
13050,13.0169
13051,12.0253
13052,8.03373
13053,6.04216
13054,18.0084
13055,14.0169
13056,14.0084
13057,10.0169
13058,10.0253
13059,9.03373
13060,18.0084
13061,12.0084
13062,5.01687
13063,1.0253
13064,17.0084
13065,18.0084
13066,1.01686
13067,15.0084
13068,5.01687
13069,3.0253
13070,17.0084
13071,5.01687
13072,14.0084
13073,10.0169
13074,3.0253
13075,12.0084
13076,8.00843
13077,13.0084
13078,6.01687
13079,5.0253
13080,1.03373
13081,1.04216
13082,9.00843
13083,1.01686
13084,10.0084
13085,3.01687
13086,3.0253
13087,12.0084
13088,10.0084
13089,17.0084
13090,12.0169
13091,10.0084
13092,6.01687
13093,2.00843
13094,8.00843
13095,1.00843
13096,1.01686
13097,1.0253
13098,10.0084
13099,8.01686
13100,8.0253
13101,3.03373
13102,12.0084
13103,8.01686
13104,5.0253
13105,8.00843
13106,3.01687
13107,13.0084
13108,10.0169
13109,8.0253
13110,14.0084
13111,13.0084
13112,3.01687
13113,18.0084
13114,8.01686
13115,8.0253
13116,1.03373
13117,1.00843
13118,10.0084
13119,8.01686
13120,9.00843
13121,8.00843
13122,5.00843
13123,1.00843
13124,14.0084
13125,12.0169
13126,10.0084
13127,8.01686
13128,6.00843
13129,12.0084
13130,9.01686
13131,14.0084
13132,1.01686
13133,10.0084
13134,5.01687
13135,10.0084
13136,6.01687
13137,16.0084
13138,14.0084
13139,3.00843
13140,10.0084
13141,10.0169
13142,10.0253
13143,8.03373
13144,7.04216
13145,3.00843
13146,3.01687
13147,8.00843
13148,12.0084
13149,5.01687
13150,14.0084
13151,1.01686
13152,1.0253
13153,13.0084
13154,3.01687
13155,3.0253
13156,3.03373
13157,17.0084
13158,16.0084
13159,14.0169
13160,5.0253
13161,12.0084
13162,2.01687
13163,18.0084
13164,3.01687
13165,12.0084
13166,6.00843
13167,5.01687
13168,12.0084
13169,12.0084
13170,3.01687
13171,2.0253
13172,13.0084
13173,12.0169
13174,1.00843
13175,1.01686
13176,7.00843
13177,3.01687
13178,1.0253
13179,1.03373
13180,1.04216
13181,13.0084
13182,4.01687
13183,14.0084
13184,8.01686
13185,18.0084
13186,16.0169
13187,18.0084
13188,16.0169
13189,1.00843
13190,4.00843
13191,10.0084
13192,16.0084
13193,12.0084
13194,12.0169
13195,5.0253
13196,3.03373
13197,3.04216
13198,13.0084
13199,10.0084
13200,5.01687
13201,2.0253
13202,17.0084
13203,13.0084
13204,8.00843
13205,8.01686
13206,8.0253
13207,6.03373
13208,1.00843
13209,1.01686
13210,16.0084
13211,8.01686
13212,8.0253
13213,2.03373
13214,9.00843
13215,3.01687
13216,3.0253
13217,3.03373
13218,2.04216
13219,1.05059
13220,10.0084
13221,10.0169
13222,10.0253
13223,8.03373
13224,5.04216
13225,5.00843
13226,1.01686
13227,16.0084
13228,1.01686
13229,1.0253
13230,7.00843
13231,12.0084
13232,12.0169
13233,12.0253
13234,15.0084
13235,14.0169
13236,14.0253
13237,9.03373
13238,5.04216
13239,5.05059
13240,3.00843
13241,18.0084
13242,12.0169
13243,7.0253
13244,6.03373
13245,7.00843
13246,18.0084
13247,8.01686
13248,14.0084
13249,9.01686
13250,7.0253
13251,10.0084
13252,1.01686
13253,16.0084
13254,9.01686
13255,1.0253
13256,12.0084
13257,18.0084
13258,14.0169
13259,6.0253
13260,18.0084
13261,5.01687
13262,12.0084
13263,15.0084
13264,3.01687
13265,1.0253
13266,5.00843
13267,1.01686
13268,12.0084
13269,3.01687
13270,1.0253
13271,14.0084
13272,1.00843
13273,1.01686
13274,12.0084
13275,8.01686
13276,8.0253
13277,3.03373
13278,3.04216
13279,18.0084
13280,9.01686
13281,8.0253
13282,3.03373
13283,12.0084
13284,5.01687
13285,10.0084
13286,7.01687
13287,5.0253
13288,12.0084
13289,10.0169
13290,10.0253
13291,7.03373
13292,8.00843
13293,7.01687
13294,7.0253
13295,8.00843
13296,12.0084
13297,3.01687
13298,18.0084
13299,8.01686
13300,6.0253
13301,1.03373
13302,5.00843
13303,1.00843
13304,10.0084
13305,16.0084
13306,16.0169
13307,3.0253
13308,17.0084
13309,18.0084
13310,8.01686
13311,10.0084
13312,1.01686
13313,10.0084
13314,5.01687
13315,10.0084
13316,5.01687
13317,12.0084
13318,8.01686
13319,3.0253
13320,3.03373
13321,16.0084
13322,8.01686
13323,8.00843
13324,8.01686
13325,18.0084
13326,10.0169
13327,10.0253
13328,10.0337
13329,3.04216
13330,14.0084
13331,14.0169
13332,5.0253
13333,3.03373
13334,18.0084
13335,15.0169
13336,14.0253
13337,13.0337
13338,5.04216
13339,5.05059
13340,5.05903
13341,14.0084
13342,10.0169
13343,10.0253
13344,10.0337
13345,3.00843
13346,1.01686
13347,7.00843
13348,6.01687
13349,16.0084
13350,7.00843
13351,18.0084
13352,16.0084
13353,16.0169
13354,5.0253
13355,14.0084
13356,14.0169
13357,8.0253
13358,14.0084
13359,8.01686
13360,16.0084
13361,16.0169
13362,1.00843
13363,3.00843
13364,13.0084
13365,5.01687
13366,3.00843
13367,8.00843
13368,17.0084
13369,1.01686
13370,19.0084
13371,12.0169
13372,5.0253
13373,1.00843
13374,15.0084
13375,7.01687
13376,6.0253
13377,13.0084
13378,10.0169
13379,1.0253
13380,1.03373
13381,5.00843
13382,3.01687
13383,6.00843
13384,14.0084
13385,9.01686
13386,9.0253
13387,8.00843
13388,5.01687
13389,1.0253
13390,10.0084
13391,15.0084
13392,10.0169
13393,7.0253
13394,7.03373
13395,14.0084
13396,8.01686
13397,15.0084
13398,13.0169
13399,10.0253
13400,16.0084
13401,18.0084
13402,3.00843
13403,12.0084
13404,12.0169
13405,5.0253
13406,5.03373
13407,1.04216
13408,10.0084
13409,5.00843
13410,5.01687
13411,3.0253
13412,6.00843
13413,3.01687
13414,3.0253
13415,8.00843
13416,5.01687
13417,8.00843
13418,7.01687
13419,12.0084
13420,12.0084
13421,10.0169
13422,16.0084
13423,10.0169
13424,1.0253
13425,14.0084
13426,5.01687
13427,3.0253
13428,3.03373
13429,14.0084
13430,13.0169
13431,12.0253
13432,8.03373
13433,7.00843
13434,5.01687
13435,5.0253
13436,12.0084
13437,10.0169
13438,9.00843
13439,7.01687
13440,8.00843
13441,8.00843
13442,10.0084
13443,11.0084
13444,3.01687
13445,12.0084
13446,7.01687
13447,13.0084
13448,5.01687
13449,1.0253
13450,16.0084
13451,14.0169
13452,3.0253
13453,1.03373
13454,15.0084
13455,7.01687
13456,5.0253
13457,5.03373
13458,8.00843
13459,3.01687
13460,1.0253
13461,1.03373
13462,1.04216
13463,4.00843
13464,2.01687
13465,18.0084
13466,12.0169
13467,8.0253
13468,7.03373
13469,3.04216
13470,12.0084
13471,10.0169
13472,7.0253
13473,5.03373
13474,13.0084
13475,8.01686
13476,8.0253
13477,7.03373
13478,5.00843
13479,10.0084
13480,1.01686
13481,9.00843
13482,1.01686
13483,8.00843
13484,8.01686
13485,18.0084
13486,11.0169
13487,3.00843
13488,20.0084
13489,14.0084
13490,12.0084
13491,10.0169
13492,5.0253
13493,8.00843
13494,7.01687
13495,19.0084
13496,8.01686
13497,7.0253
13498,1.03373
13499,18.0084
13500,18.0169
13501,18.0253
13502,12.0084
13503,10.0169
13504,8.0253
13505,7.03373
13506,1.04216
13507,3.00843
13508,14.0084
13509,14.0169
13510,12.0253
13511,3.03373
13512,1.04216
13513,1.00843
13514,16.0084
13515,16.0084
13516,5.00843
13517,5.01687
13518,10.0084
13519,18.0084
13520,12.0169
13521,12.0253
13522,10.0337
13523,14.0084
13524,15.0084
13525,12.0084
13526,3.01687
13527,15.0084
13528,5.00843
13529,3.01687
13530,5.00843
13531,1.00843
13532,3.00843
13533,10.0084
13534,8.00843
13535,1.00843
13536,1.01686
13537,1.0253
13538,10.0084
13539,1.01686
13540,1.00843
13541,5.00843
13542,3.01687
13543,3.0253
13544,1.03373
13545,13.0084
13546,6.00843
13547,9.00843
13548,8.01686
13549,10.0084
13550,18.0084
13551,16.0084
13552,5.01687
13553,1.0253
13554,1.03373
13555,1.04216
13556,7.00843
13557,16.0084
13558,16.0084
13559,10.0169
13560,10.0253
13561,11.0084
13562,1.01686
13563,20.0084
13564,13.0084
13565,6.01687
13566,14.0084
13567,11.0084
13568,6.00843
13569,18.0084
13570,8.00843
13571,12.0084
13572,16.0084
13573,2.01687
13574,12.0084
13575,18.0084
13576,12.0169
13577,3.0253
13578,3.03373
13579,15.0084
13580,13.0084
13581,7.01687
13582,3.00843
13583,2.01687
13584,1.0253
13585,1.03373
13586,7.00843
13587,8.00843
13588,12.0084
13589,8.01686
13590,8.00843
13591,8.01686
13592,7.0253
13593,8.00843
13594,5.01687
13595,1.00843
13596,16.0084
13597,12.0084
13598,1.00843
13599,20.0084
13600,7.01687
13601,8.00843
13602,1.01686
13603,1.0253
13604,13.0084
13605,6.01687
13606,6.0253
13607,19.0084
13608,10.0169
13609,3.0253
13610,12.0084
13611,11.0169
13612,10.0253
13613,14.0084
13614,7.01687
13615,6.0253
13616,13.0084
13617,12.0169
13618,10.0253
13619,5.00843
13620,16.0084
13621,1.00843
13622,5.00843
13623,2.01687
13624,14.0084
13625,3.01687
13626,1.0253
13627,3.00843
13628,14.0084
13629,7.00843
13630,7.01687
13631,6.0253
13632,1.03373
13633,16.0084
13634,16.0169
13635,8.0253
13636,7.03373
13637,5.04216
13638,5.05059
13639,10.0084
13640,10.0084
13641,8.01686
13642,5.0253
13643,7.00843
13644,12.0084
13645,10.0169
13646,7.0253
13647,10.0084
13648,1.01686
13649,12.0084
13650,13.0084
13651,9.01686
13652,8.0253
13653,12.0084
13654,12.0169
13655,11.0253
13656,18.0084
13657,12.0169
13658,13.0084
13659,8.01686
13660,17.0084
13661,14.0169
13662,3.0253
13663,10.0084
13664,1.01686
13665,12.0084
13666,5.01687
13667,6.00843
13668,5.00843
13669,1.00843
13670,20.0084
13671,6.01687
13672,8.00843
13673,8.01686
13674,9.00843
13675,12.0084
13676,15.0084
13677,15.0084
13678,7.01687
13679,5.0253
13680,3.03373
13681,3.00843
13682,13.0084
13683,1.01686
13684,1.0253
13685,1.03373
13686,8.00843
13687,3.01687
13688,3.00843
13689,1.01686
13690,5.00843
13691,5.00843
13692,11.0084
13693,12.0084
13694,10.0084
13695,1.00843
13696,16.0084
13697,1.00843
13698,17.0084
13699,8.01686
13700,10.0084
13701,10.0169
13702,5.0253
13703,3.03373
13704,1.04216
13705,1.05059
13706,5.00843
13707,5.00843
13708,1.01686
13709,1.0253
13710,8.00843
13711,5.01687
13712,1.0253
13713,9.00843
13714,8.01686
13715,6.0253
13716,16.0084
13717,9.01686
13718,7.0253
13719,7.03373
13720,16.0084
13721,14.0169
13722,18.0084
13723,12.0084
13724,1.01686
13725,1.0253
13726,10.0084
13727,15.0084
13728,12.0169
13729,10.0253
13730,8.03373
13731,6.04216
13732,18.0084
13733,10.0169
13734,20.0084
13735,17.0169
13736,3.0253
13737,3.03373
13738,1.04216
13739,18.0084
13740,19.0084
13741,12.0169
13742,3.0253
13743,5.00843
13744,5.00843
13745,5.01687
13746,13.0084
13747,8.01686
13748,7.00843
13749,5.01687
13750,17.0084
13751,10.0169
13752,1.00843
13753,5.00843
13754,5.01687
13755,3.0253
13756,12.0084
13757,8.01686
13758,3.0253
13759,1.03373
13760,10.0084
13761,7.00843
13762,5.01687
13763,16.0084
13764,12.0169
13765,10.0253
13766,8.03373
13767,14.0084
13768,13.0169
13769,15.0084
13770,12.0169
13771,8.0253
13772,1.00843
13773,1.00843
13774,10.0084
13775,2.00843
13776,5.00843
13777,1.01686
13778,5.00843
13779,5.01687
13780,3.0253
13781,10.0084
13782,10.0084
13783,1.01686
13784,1.0253
13785,1.03373
13786,1.04216
13787,12.0084
13788,12.0169
13789,3.0253
13790,12.0084
13791,10.0169
13792,2.00843
13793,8.00843
13794,10.0084
13795,10.0169
13796,10.0253
13797,3.03373
13798,1.00843
13799,20.0084
13800,7.00843
13801,16.0084
13802,14.0169
13803,13.0253
13804,13.0337
13805,1.04216
13806,3.00843
13807,2.00843
13808,12.0084
13809,13.0084
13810,1.01686
13811,16.0084
13812,6.01687
13813,5.0253
13814,1.00843
13815,1.01686
13816,5.00843
13817,3.01687
13818,3.0253
13819,14.0084
13820,16.0084
13821,8.00843
13822,5.01687
13823,16.0084
13824,16.0169
13825,12.0084
13826,12.0169
13827,16.0084
13828,12.0169
13829,10.0253
13830,1.03373
13831,16.0084
13832,14.0169
13833,14.0253
13834,14.0337
13835,8.00843
13836,16.0084
13837,12.0084
13838,8.00843
13839,14.0084
13840,10.0169
13841,3.00843
13842,18.0084
13843,14.0169
13844,14.0253
13845,7.03373
13846,2.04216
13847,7.00843
13848,7.01687
13849,9.00843
13850,8.01686
13851,10.0084
13852,9.01686
13853,6.0253
13854,5.03373
13855,1.04216
13856,1.05059
13857,16.0084
13858,12.0084
13859,8.01686
13860,8.0253
13861,7.00843
13862,16.0084
13863,3.01687
13864,14.0084
13865,12.0169
13866,7.0253
13867,7.03373
13868,6.04216
13869,12.0084
13870,7.01687
13871,1.0253
13872,1.03373
13873,8.00843
13874,6.01687
13875,10.0084
13876,7.01687
13877,16.0084
13878,9.00843
13879,5.01687
13880,10.0084
13881,6.01687
13882,3.0253
13883,3.03373
13884,1.04216
13885,1.05059
13886,14.0084
13887,3.00843
13888,6.00843
13889,6.01687
13890,16.0084
13891,7.01687
13892,5.0253
13893,16.0084
13894,9.01686
13895,12.0084
13896,13.0084
13897,8.01686
13898,3.0253
13899,10.0084
13900,9.00843
13901,15.0084
13902,12.0169
13903,17.0084
13904,4.01687
13905,18.0084
13906,15.0169
13907,8.0253
13908,19.0084
13909,12.0169
13910,1.0253
13911,1.03373
13912,16.0084
13913,3.01687
13914,10.0084
13915,10.0169
13916,8.0253
13917,1.00843
13918,19.0084
13919,3.01687
13920,15.0084
13921,8.01686
13922,5.0253
13923,5.03373
13924,1.00843
13925,18.0084
13926,18.0169
13927,5.0253
13928,12.0084
13929,3.01687
13930,3.0253
13931,3.03373
13932,5.00843
13933,5.01687
13934,5.00843
13935,9.00843
13936,16.0084
13937,7.01687
13938,2.0253
13939,8.00843
13940,18.0084
13941,17.0169
13942,1.00843
13943,12.0084
13944,11.0169
13945,5.00843
13946,14.0084
13947,10.0169
13948,8.0253
13949,15.0084
13950,10.0169
13951,7.0253
13952,16.0084
13953,1.01686
13954,18.0084
13955,12.0169
13956,5.0253
13957,18.0084
13958,6.01687
13959,3.00843
13960,20.0084
13961,2.01687
13962,1.0253
13963,3.00843
13964,18.0084
13965,17.0169
13966,19.0084
13967,14.0169
13968,12.0084
13969,7.01687
13970,8.00843
13971,7.01687
13972,8.00843
13973,8.01686
13974,7.0253
13975,10.0084
13976,10.0084
13977,10.0084
13978,10.0169
13979,16.0084
13980,12.0169
13981,7.00843
13982,1.01686
13983,14.0084
13984,3.01687
13985,15.0084
13986,14.0169
13987,14.0253
13988,14.0337
13989,12.0422
13990,5.00843
13991,5.01687
13992,14.0084
13993,3.01687
13994,7.00843
13995,7.01687
13996,12.0084
13997,3.01687
13998,13.0084
13999,8.01686
14000,10.0084
14001,5.00843
14002,5.01687
14003,1.00843
14004,10.0084
14005,8.01686
14006,8.00843
14007,8.01686
14008,10.0084
14009,10.0169
14010,3.0253
14011,1.03373
14012,1.04216
14013,16.0084
14014,14.0169
14015,8.0253
14016,1.00843
14017,18.0084
14018,12.0169
14019,12.0253
14020,20.0084
14021,19.0169
14022,18.0253
14023,13.0337
14024,9.04216
14025,6.05059
14026,15.0084
14027,13.0084
14028,18.0084
14029,7.01687
14030,7.0253
14031,18.0084
14032,13.0169
14033,8.0253
14034,1.00843
14035,14.0084
14036,12.0169
14037,3.0253
14038,1.03373
14039,8.00843
14040,3.00843
14041,10.0084
14042,1.01686
14043,1.0253
14044,11.0084
14045,10.0169
14046,14.0084
14047,7.01687
14048,17.0084
14049,1.01686
14050,18.0084
14051,10.0169
14052,5.0253
14053,12.0084
14054,3.01687
14055,11.0084
14056,7.00843
14057,17.0084
14058,7.00843
14059,8.00843
14060,1.01686
14061,10.0084
14062,10.0169
14063,8.00843
14064,7.01687
14065,3.0253
14066,17.0084
14067,12.0169
14068,1.00843
14069,15.0084
14070,5.01687
14071,16.0084
14072,9.01686
14073,2.0253
14074,17.0084
14075,10.0169
14076,19.0084
14077,8.00843
14078,10.0084
14079,9.01686
14080,9.0253
14081,18.0084
14082,7.01687
14083,3.0253
14084,16.0084
14085,13.0169
14086,9.00843
14087,7.01687
14088,1.0253
14089,1.03373
14090,5.00843
14091,16.0084
14092,1.01686
14093,18.0084
14094,16.0084
14095,11.0169
14096,7.00843
14097,15.0084
14098,8.00843
14099,12.0084
14100,12.0169
14101,9.0253
14102,17.0084
14103,1.01686
14104,1.00843
14105,10.0084
14106,3.01687
14107,15.0084
14108,6.01687
14109,7.00843
14110,2.00843
14111,13.0084
14112,10.0169
14113,18.0084
14114,14.0169
14115,12.0253
14116,7.03373
14117,5.00843
14118,10.0084
14119,8.00843
14120,5.01687
14121,16.0084
14122,5.01687
14123,18.0084
14124,17.0169
14125,4.0253
14126,18.0084
14127,16.0169
14128,2.0253
14129,16.0084
14130,20.0084
14131,14.0169
14132,1.0253
14133,3.00843
14134,16.0084
14135,12.0169
14136,12.0253
14137,1.03373
14138,5.00843
14139,18.0084
14140,8.01686
14141,7.00843
14142,12.0084
14143,10.0169
14144,9.0253
14145,19.0084
14146,7.00843
14147,14.0084
14148,14.0169
14149,8.00843
14150,18.0084
14151,18.0084
14152,7.01687
14153,1.0253
14154,1.03373
14155,19.0084
14156,5.01687
14157,3.0253
14158,20.0084
14159,1.01686
14160,5.00843
14161,1.00843
14162,8.00843
14163,5.01687
14164,16.0084
14165,7.01687
14166,7.0253
14167,12.0084
14168,1.01686
14169,12.0084
14170,7.00843
14171,1.00843
14172,1.01686
14173,5.00843
14174,10.0084
14175,10.0169
14176,5.0253
14177,18.0084
14178,12.0084
14179,12.0169
14180,10.0253
14181,10.0337
14182,18.0084
14183,16.0169
14184,10.0253
14185,8.03373
14186,14.0084
14187,7.01687
14188,3.00843
14189,13.0084
14190,1.01686
14191,1.0253
14192,1.03373
14193,1.04216
14194,1.00843
14195,12.0084
14196,8.01686
14197,3.0253
14198,20.0084
14199,16.0169
14200,5.0253
14201,5.00843
14202,18.0084
14203,1.01686
14204,19.0084
14205,7.01687
14206,5.0253
14207,8.00843
14208,1.01686
14209,8.00843
14210,5.01687
14211,8.00843
14212,5.01687
14213,3.0253
14214,5.00843
14215,1.01686
14216,10.0084
14217,5.01687
14218,5.0253
14219,13.0084
14220,3.01687
14221,14.0084
14222,1.01686
14223,20.0084
14224,16.0169
14225,8.0253
14226,8.03373
14227,7.04216
14228,3.05059
14229,14.0084
14230,12.0169
14231,17.0084
14232,10.0169
14233,3.0253
14234,18.0084
14235,5.00843
14236,13.0084
14237,10.0169
14238,17.0084
14239,1.00843
14240,1.01686
14241,2.00843
14242,10.0084
14243,3.00843
14244,5.00843
14245,16.0084
14246,10.0084
14247,9.00843
14248,5.01687
14249,5.0253
14250,1.03373
14251,19.0084
14252,12.0169
14253,12.0253
14254,10.0337
14255,6.00843
14256,16.0084
14257,16.0169
14258,15.0253
14259,5.03373
14260,1.04216
14261,13.0084
14262,10.0169
14263,1.0253
14264,18.0084
14265,12.0169
14266,12.0253
14267,8.03373
14268,18.0084
14269,14.0084
14270,11.0169
14271,10.0253
14272,7.00843
14273,5.01687
14274,8.00843
14275,3.01687
14276,8.00843
14277,8.01686
14278,9.00843
14279,5.01687
14280,20.0084
14281,17.0169
14282,8.0253
14283,7.03373
14284,3.00843
14285,16.0084
14286,8.00843
14287,7.01687
14288,1.0253
14289,3.00843
14290,13.0084
14291,8.01686
14292,1.0253
14293,8.00843
14294,10.0084
14295,9.01686
14296,8.0253
14297,1.00843
14298,1.01686
14299,12.0084
14300,5.01687
14301,5.0253
14302,1.00843
14303,7.00843
14304,5.00843
14305,3.01687
14306,1.0253
14307,6.00843
14308,5.00843
14309,5.01687
14310,7.00843
14311,8.00843
14312,8.01686
14313,8.0253
14314,8.03373
14315,8.00843
14316,13.0084
14317,7.01687
14318,3.0253
14319,18.0084
14320,16.0169
14321,7.0253
14322,5.03373
14323,16.0084
14324,8.01686
14325,8.0253
14326,5.03373
14327,1.04216
14328,5.00843
14329,1.00843
14330,16.0084
14331,16.0084
14332,14.0084
14333,14.0169
14334,15.0084
14335,8.01686
14336,7.0253
14337,9.00843
14338,5.00843
14339,1.01686
14340,16.0084
14341,6.01687
14342,14.0084
14343,16.0084
14344,1.01686
14345,6.00843
14346,5.01687
14347,5.00843
14348,12.0084
14349,1.01686
14350,14.0084
14351,12.0169
14352,8.0253
14353,20.0084
14354,8.00843
14355,7.01687
14356,15.0084
14357,1.00843
14358,12.0084
14359,3.00843
14360,1.01686
14361,14.0084
14362,12.0169
14363,1.00843
14364,14.0084
14365,13.0084
14366,3.00843
14367,1.01686
14368,5.00843
14369,1.01686
14370,10.0084
14371,3.01687
14372,1.0253
14373,3.00843
14374,13.0084
14375,10.0169
14376,10.0253
14377,8.03373
14378,7.04216
14379,15.0084
14380,10.0169
14381,12.0084
14382,7.01687
14383,15.0084
14384,1.01686
14385,14.0084
14386,14.0169
14387,14.0253
14388,10.0337
14389,8.04216
14390,8.00843
14391,8.01686
14392,3.0253
14393,12.0084
14394,10.0084
14395,6.01687
14396,1.00843
14397,14.0084
14398,8.00843
14399,1.01686
14400,1.0253
14401,8.00843
14402,10.0084
14403,16.0084
14404,12.0169
14405,8.0253
14406,8.03373
14407,5.04216
14408,5.05059
14409,3.05903
14410,8.00843
14411,7.01687
14412,1.0253
14413,12.0084
14414,8.01686
14415,9.00843
14416,14.0084
14417,16.0084
14418,13.0169
14419,6.0253
14420,1.03373
14421,14.0084
14422,18.0084
14423,15.0169
14424,9.0253
14425,16.0084
14426,5.01687
14427,12.0084
14428,17.0084
14429,15.0169
14430,6.0253
14431,7.00843
14432,5.01687
14433,10.0084
14434,8.01686
14435,6.0253
14436,9.00843
14437,15.0084
14438,10.0169
14439,10.0253
14440,3.03373
14441,16.0084
14442,16.0084
14443,14.0169
14444,5.0253
14445,11.0084
14446,3.01687
14447,17.0084
14448,9.00843
14449,7.00843
14450,10.0084
14451,5.01687
14452,1.0253
14453,12.0084
14454,3.01687
14455,3.0253
14456,5.00843
14457,14.0084
14458,12.0169
14459,7.0253
14460,7.03373
14461,10.0084
14462,8.00843
14463,18.0084
14464,12.0169
14465,10.0253
14466,14.0084
14467,10.0169
14468,2.0253
14469,3.00843
14470,1.01686
14471,10.0084
14472,1.01686
14473,10.0084
14474,7.01687
14475,5.0253
14476,13.0084
14477,10.0169
14478,5.0253
14479,1.03373
14480,3.00843
14481,10.0084
14482,3.01687
14483,13.0084
14484,8.01686
14485,1.0253
14486,14.0084
14487,10.0169
14488,1.0253
14489,1.00843
14490,1.01686
14491,17.0084
14492,13.0169
14493,12.0253
14494,13.0084
14495,7.01687
14496,1.0253
14497,3.00843
14498,3.01687
14499,17.0084
14500,1.01686
14501,1.0253
14502,1.03373
14503,13.0084
14504,10.0169
14505,1.0253
14506,16.0084
14507,6.01687
14508,3.0253
14509,14.0084
14510,8.01686
14511,3.0253
14512,17.0084
14513,17.0169
14514,6.0253
14515,7.00843
14516,1.01686
14517,18.0084
14518,13.0169
14519,8.0253
14520,8.03373
14521,5.04216
14522,1.05059
14523,11.0084
14524,3.01687
14525,10.0084
14526,8.00843
14527,7.01687
14528,7.00843
14529,1.01686
14530,11.0084
14531,5.01687
14532,14.0084
14533,11.0169
14534,10.0253
14535,3.03373
14536,3.04216
14537,3.05059
14538,8.00843
14539,14.0084
14540,7.01687
14541,7.0253
14542,15.0084
14543,13.0169
14544,11.0253
14545,7.00843
14546,5.01687
14547,20.0084
14548,8.01686
14549,8.0253
14550,8.03373
14551,8.04216
14552,16.0084
14553,12.0169
14554,1.0253
14555,13.0084
14556,6.00843
14557,1.01686
14558,12.0084
14559,13.0084
14560,7.01687
14561,5.0253
14562,19.0084
14563,10.0084
14564,1.00843
14565,5.00843
14566,3.01687
14567,18.0084
14568,18.0169
14569,10.0084
14570,4.01687
14571,1.00843
14572,12.0084
14573,20.0084
14574,13.0169
14575,3.0253
14576,14.0084
14577,12.0169
14578,16.0084
14579,12.0169
14580,10.0253
14581,5.03373
14582,2.04216
14583,8.00843
14584,19.0084
14585,1.00843
14586,10.0084
14587,7.00843
14588,4.01687
14589,12.0084
14590,10.0169
14591,10.0253
14592,7.03373
14593,5.04216
14594,5.05059
14595,1.05903
14596,5.00843
14597,5.01687
14598,5.0253
14599,14.0084
14600,12.0084
14601,10.0169
14602,8.0253
14603,19.0084
14604,13.0084
14605,11.0169
14606,14.0084
14607,14.0169
14608,10.0253
14609,8.03373
14610,3.04216
14611,15.0084
14612,1.00843
14613,1.00843
14614,5.00843
14615,3.00843
14616,3.00843
14617,12.0084
14618,6.01687
14619,7.00843
14620,14.0084
14621,10.0169
14622,8.0253
14623,8.03373
14624,8.04216
14625,7.05059
14626,16.0084
14627,16.0084
14628,16.0169
14629,10.0253
14630,8.03373
14631,10.0084
14632,12.0084
14633,12.0169
14634,10.0084
14635,10.0169
14636,3.0253
14637,8.00843
14638,14.0084
14639,3.01687
14640,16.0084
14641,13.0169
14642,13.0253
14643,16.0084
14644,8.00843
14645,7.01687
14646,11.0084
14647,3.01687
14648,2.0253
14649,1.03373
14650,15.0084
14651,10.0084
14652,16.0084
14653,10.0169
14654,3.0253
14655,1.00843
14656,1.01686
14657,1.0253
14658,1.03373
14659,8.00843
14660,2.01687
14661,1.00843
14662,1.01686
14663,14.0084
14664,5.00843
14665,3.01687
14666,1.0253
14667,8.00843
14668,12.0084
14669,6.01687
14670,8.00843
14671,8.01686
14672,7.0253
14673,1.00843
14674,8.00843
14675,5.01687
14676,5.0253
14677,10.0084
14678,10.0169
14679,5.0253
14680,16.0084
14681,10.0169
14682,5.0253
14683,8.00843
14684,1.01686
14685,13.0084
14686,12.0169
14687,10.0253
14688,14.0084
14689,10.0169
14690,18.0084
14691,17.0169
14692,14.0253
14693,10.0337
14694,18.0084
14695,10.0169
14696,13.0084
14697,8.01686
14698,18.0084
14699,9.01686
14700,1.0253
14701,13.0084
14702,7.01687
14703,7.0253
14704,14.0084
14705,16.0084
14706,8.01686
14707,1.00843
14708,19.0084
14709,8.01686
14710,17.0084
14711,4.01687
14712,1.0253
14713,12.0084
14714,8.01686
14715,5.0253
14716,1.03373
14717,8.00843
14718,8.01686
14719,7.0253
14720,3.03373
14721,3.04216
14722,1.05059
14723,8.00843
14724,5.01687
14725,1.00843
14726,15.0084
14727,15.0169
14728,18.0084
14729,5.01687
14730,1.0253
14731,1.03373
14732,2.00843
14733,12.0084
14734,10.0169
14735,9.0253
14736,13.0084
14737,6.01687
14738,7.00843
14739,12.0084
14740,16.0084
14741,8.01686
14742,16.0084
14743,14.0169
14744,1.0253
14745,1.03373
14746,10.0084
14747,10.0169
14748,7.0253
14749,3.00843
14750,1.01686
14751,8.00843
14752,5.01687
14753,8.00843
14754,7.01687
14755,7.0253
14756,8.00843
14757,17.0084
14758,16.0169
14759,13.0253
14760,3.03373
14761,12.0084
14762,10.0169
14763,9.0253
14764,8.00843
14765,7.01687
14766,8.00843
14767,14.0084
14768,13.0169
14769,8.0253
14770,9.00843
14771,15.0084
14772,10.0169
14773,18.0084
14774,6.01687
14775,1.0253
14776,7.00843
14777,3.00843
14778,1.01686
14779,12.0084
14780,10.0169
14781,8.0253
14782,1.00843
14783,1.01686
14784,7.00843
14785,1.01686
14786,3.00843
14787,8.00843
14788,18.0084
14789,10.0169
14790,6.0253
14791,8.00843
14792,8.00843
14793,8.01686
14794,8.00843
14795,17.0084
14796,14.0169
14797,13.0253
14798,5.03373
14799,18.0084
14800,18.0169
14801,12.0253
14802,1.03373
14803,3.00843
14804,2.01687
14805,5.00843
14806,5.01687
14807,16.0084
14808,14.0169
14809,12.0084
14810,12.0084
14811,5.01687
14812,5.0253
14813,7.00843
14814,9.00843
14815,2.01687
14816,13.0084
14817,8.00843
14818,2.00843
14819,1.00843
14820,3.00843
14821,8.00843
14822,6.00843
14823,19.0084
14824,7.01687
14825,1.00843
14826,8.00843
14827,2.00843
14828,1.01686
14829,1.00843
14830,5.00843
14831,1.01686
14832,5.00843
14833,6.00843
14834,5.01687
14835,3.0253
14836,8.00843
14837,7.01687
14838,3.0253
14839,2.03373
14840,11.0084
14841,8.01686
14842,8.0253
14843,8.03373
14844,7.04216
14845,1.05059
14846,1.00843
14847,1.01686
14848,10.0084
14849,6.01687
14850,18.0084
14851,10.0169
14852,10.0253
14853,1.03373
14854,12.0084
14855,10.0169
14856,10.0253
14857,8.03373
14858,7.04216
14859,3.00843
14860,18.0084
14861,14.0169
14862,3.0253
14863,10.0084
14864,7.00843
14865,1.01686
14866,16.0084
14867,17.0084
14868,16.0169
14869,2.00843
14870,1.01686
14871,17.0084
14872,6.00843
14873,5.01687
14874,1.0253
14875,2.00843
14876,14.0084
14877,3.01687
14878,3.0253
14879,1.03373
14880,7.00843
14881,1.01686
14882,5.00843
14883,5.01687
14884,10.0084
14885,8.00843
14886,18.0084
14887,8.01686
14888,8.00843
14889,7.01687
14890,7.0253
14891,7.03373
14892,3.04216
14893,8.00843
14894,8.01686
14895,5.0253
14896,5.03373
14897,1.04216
14898,9.00843
14899,8.01686
14900,8.0253
14901,6.03373
14902,1.04216
14903,10.0084
14904,10.0169
14905,12.0084
14906,7.00843
14907,2.01687
14908,14.0084
14909,12.0169
14910,19.0084
14911,17.0084
14912,12.0169
14913,14.0084
14914,14.0169
14915,1.0253
14916,18.0084
14917,14.0169
14918,1.0253
14919,12.0084
14920,8.00843
14921,12.0084
14922,7.01687
14923,7.00843
14924,9.00843
14925,8.01686
14926,2.00843
14927,2.01687
14928,9.00843
14929,18.0084
14930,6.01687
14931,6.0253
14932,8.00843
14933,4.01687
14934,14.0084
14935,8.01686
14936,6.00843
14937,6.01687
14938,3.0253
14939,17.0084
14940,16.0169
14941,7.0253
14942,5.03373
14943,5.04216
14944,11.0084
14945,9.01686
14946,7.0253
14947,3.03373
14948,7.00843
14949,8.00843
14950,5.01687
14951,16.0084
14952,9.01686
14953,3.0253
14954,10.0084
14955,8.01686
14956,1.0253
14957,17.0084
14958,14.0084
14959,14.0169
14960,5.00843
14961,14.0084
14962,6.01687
14963,1.0253
14964,1.00843
14965,4.00843
14966,5.00843
14967,1.01686
14968,1.0253
14969,16.0084
14970,2.01687
14971,1.0253
14972,17.0084
14973,8.01686
14974,8.0253
14975,14.0084
14976,4.01687
14977,3.0253
14978,9.00843
14979,5.01687
14980,12.0084
14981,7.01687
14982,7.0253
14983,7.03373
14984,7.00843
14985,1.01686
14986,14.0084
14987,9.00843
14988,7.01687
14989,2.00843
14990,5.00843
14991,1.01686
14992,1.00843
14993,11.0084
14994,14.0084
14995,11.0169
14996,10.0253
14997,7.03373
14998,13.0084
14999,20.0084
15000,12.0169
15001,1.0253
15002,1.00843
15003,12.0084
15004,3.01687
15005,12.0084
15006,4.01687
15007,3.0253
15008,14.0084
15009,12.0169
15010,10.0253
15011,8.00843
15012,8.01686
15013,1.0253
15014,17.0084
15015,14.0169
15016,14.0253
15017,10.0337
15018,10.0422
15019,2.05059
15020,8.00843
15021,8.00843
15022,5.00843
15023,14.0084
15024,6.00843
15025,6.00843
15026,14.0084
15027,7.00843
15028,3.01687
15029,1.0253
15030,16.0084
15031,3.01687
15032,7.00843
15033,8.00843
15034,13.0084
15035,13.0169
15036,10.0253
15037,7.03373
15038,7.00843
15039,5.01687
15040,5.0253
15041,10.0084
15042,9.01686
15043,7.0253
15044,14.0084
15045,7.01687
15046,8.00843
15047,12.0084
15048,10.0169
15049,14.0084
15050,8.01686
15051,5.0253
15052,1.03373
15053,14.0084
15054,11.0169
15055,3.0253
15056,3.03373
15057,3.04216
15058,12.0084
15059,15.0084
15060,19.0084
15061,10.0169
15062,8.0253
15063,10.0084
15064,12.0084
15065,12.0169
15066,13.0084
15067,8.00843
15068,3.01687
15069,1.0253
15070,10.0084
15071,5.01687
15072,12.0084
15073,12.0084
15074,11.0169
15075,10.0253
15076,3.03373
15077,3.04216
15078,3.05059
15079,3.05903
15080,7.00843
15081,1.01686
15082,17.0084
15083,16.0169
15084,13.0253
15085,12.0337
15086,1.04216
15087,15.0084
15088,8.01686
15089,8.00843
15090,8.01686
15091,5.0253
15092,3.03373
15093,19.0084
15094,10.0169
15095,12.0084
15096,12.0169
15097,5.0253
15098,18.0084
15099,6.01687
15100,12.0084
15101,12.0169
15102,12.0253
15103,12.0337
15104,8.00843
15105,15.0084
15106,12.0169
15107,10.0253
15108,8.03373
15109,10.0084
15110,4.01687
15111,14.0084
15112,12.0169
15113,16.0084
15114,12.0169
15115,8.0253
15116,16.0084
15117,16.0169
15118,5.00843
15119,12.0084
15120,8.01686
15121,6.0253
15122,3.03373
15123,15.0084
15124,12.0084
15125,8.01686
15126,14.0084
15127,12.0084
15128,10.0169
15129,1.00843
15130,18.0084
15131,2.01687
15132,1.0253
15133,5.00843
15134,3.01687
15135,3.0253
15136,3.00843
15137,5.00843
15138,8.00843
15139,7.00843
15140,3.01687
15141,10.0084
15142,12.0084
15143,10.0084
15144,10.0169
15145,7.00843
15146,1.00843
15147,18.0084
15148,15.0084
15149,10.0084
15150,5.01687
15151,12.0084
15152,17.0084
15153,8.01686
15154,3.00843
15155,12.0084
15156,18.0084
15157,10.0169
15158,2.0253
15159,1.03373
15160,1.04216
15161,13.0084
15162,8.01686
15163,7.0253
15164,14.0084
15165,8.01686
15166,3.00843
15167,10.0084
15168,6.01687
15169,18.0084
15170,1.01686
15171,1.0253
15172,7.00843
15173,3.01687
15174,3.00843
15175,10.0084
15176,8.01686
15177,5.0253
15178,1.03373
15179,1.04216
15180,14.0084
15181,5.01687
15182,20.0084
15183,7.01687
15184,9.00843
15185,3.01687
15186,1.00843
15187,7.00843
15188,17.0084
15189,12.0169
15190,12.0253
15191,7.03373
15192,8.00843
15193,13.0084
15194,10.0169
15195,7.0253
15196,15.0084
15197,15.0169
15198,3.0253
15199,2.00843
15200,5.00843
15201,18.0084
15202,19.0084
15203,6.01687
15204,8.00843
15205,3.01687
15206,14.0084
15207,13.0084
15208,5.01687
15209,1.0253
15210,1.03373
15211,16.0084
15212,7.00843
15213,7.01687
15214,17.0084
15215,8.01686
15216,14.0084
15217,10.0169
15218,8.0253
15219,10.0084
15220,11.0084
15221,5.00843
15222,5.00843
15223,14.0084
15224,5.00843
15225,5.01687
15226,1.0253
15227,3.00843
15228,14.0084
15229,19.0084
15230,8.00843
15231,17.0084
15232,1.00843
15233,10.0084
15234,8.01686
15235,1.0253
15236,3.00843
15237,8.00843
15238,8.01686
15239,3.0253
15240,5.00843
15241,16.0084
15242,8.01686
15243,16.0084
15244,16.0169
15245,7.0253
15246,7.03373
15247,7.04216
15248,8.00843
15249,8.01686
15250,16.0084
15251,10.0084
15252,3.01687
15253,6.00843
15254,8.00843
15255,5.01687
15256,8.00843
15257,16.0084
15258,17.0084
15259,12.0169
15260,8.00843
15261,1.01686
15262,10.0084
15263,3.00843
15264,17.0084
15265,1.00843
15266,7.00843
15267,7.01687
15268,16.0084
15269,8.01686
15270,8.0253
15271,5.03373
15272,3.00843
15273,10.0084
15274,5.01687
15275,8.00843
15276,6.01687
15277,1.0253
15278,1.00843
15279,1.01686
15280,10.0084
15281,10.0084
15282,6.00843
15283,1.01686
15284,6.00843
15285,1.01686
15286,16.0084
15287,10.0169
15288,9.0253
15289,7.03373
15290,18.0084
15291,10.0169
15292,1.0253
15293,14.0084
15294,10.0169
15295,12.0084
15296,14.0084
15297,16.0084
15298,13.0169
15299,1.0253
15300,3.00843
15301,1.01686
15302,1.0253
15303,8.00843
15304,20.0084
15305,1.01686
15306,1.0253
15307,5.00843
15308,5.01687
15309,1.0253
15310,3.00843
15311,15.0084
15312,10.0169
15313,7.0253
15314,12.0084
15315,7.01687
15316,7.0253
15317,10.0084
15318,10.0169
15319,1.0253
15320,3.00843
15321,14.0084
15322,12.0169
15323,5.0253
15324,16.0084
15325,1.00843
15326,15.0084
15327,14.0169
15328,8.0253
15329,20.0084
15330,12.0169
15331,1.00843
15332,16.0084
15333,16.0169
15334,12.0253
15335,16.0084
15336,10.0084
15337,5.01687
15338,3.0253
15339,1.03373
15340,1.04216
15341,12.0084
15342,3.00843
15343,1.01686
15344,12.0084
15345,8.01686
15346,3.0253
15347,14.0084
15348,12.0169
15349,8.0253
15350,7.03373
15351,6.00843
15352,16.0084
15353,15.0169
15354,7.0253
15355,3.03373
15356,8.00843
15357,5.00843
15358,5.01687
15359,5.00843
15360,1.01686
15361,15.0084
15362,13.0169
15363,8.0253
15364,7.03373
15365,12.0084
15366,8.01686
15367,8.0253
15368,5.03373
15369,17.0084
15370,12.0169
15371,12.0253
15372,3.03373
15373,1.04216
15374,16.0084
15375,10.0169
15376,10.0253
15377,3.03373
15378,1.04216
15379,3.00843
15380,3.01687
15381,5.00843
15382,1.01686
15383,12.0084
15384,5.01687
15385,1.0253
15386,12.0084
15387,8.01686
15388,7.0253
15389,8.00843
15390,10.0084
15391,11.0084
15392,3.01687
15393,3.0253
15394,4.00843
15395,15.0084
15396,13.0169
15397,9.0253
15398,1.03373
15399,18.0084
15400,14.0084
15401,14.0169
15402,3.0253
15403,1.00843
15404,1.01686
15405,1.0253
15406,10.0084
15407,7.01687
15408,5.0253
15409,14.0084
15410,9.01686
15411,6.0253
15412,16.0084
15413,14.0084
15414,14.0084
15415,5.01687
15416,5.0253
15417,2.03373
15418,12.0084
15419,5.01687
15420,14.0084
15421,1.01686
15422,14.0084
15423,10.0169
15424,3.0253
15425,9.00843
15426,3.01687
15427,13.0084
15428,7.01687
15429,1.0253
15430,9.00843
15431,10.0084
15432,5.00843
15433,3.01687
15434,18.0084
15435,12.0169
15436,8.00843
15437,3.00843
15438,10.0084
15439,10.0169
15440,8.00843
15441,14.0084
15442,2.01687
15443,9.00843
15444,3.00843
15445,12.0084
15446,8.01686
15447,8.0253
15448,15.0084
15449,10.0169
15450,10.0084
15451,1.00843
15452,16.0084
15453,8.01686
15454,7.0253
15455,5.03373
15456,12.0084
15457,8.01686
15458,7.0253
15459,16.0084
15460,12.0169
15461,5.0253
15462,18.0084
15463,7.01687
15464,14.0084
15465,3.01687
15466,1.0253
15467,14.0084
15468,4.01687
15469,4.0253
15470,17.0084
15471,5.01687
15472,7.00843
15473,8.00843
15474,18.0084
15475,8.01686
15476,3.0253
15477,1.03373
15478,16.0084
15479,14.0169
15480,8.0253
15481,10.0084
15482,10.0169
15483,1.00843
15484,8.00843
15485,16.0084
15486,8.00843
15487,3.01687
15488,7.00843
15489,15.0084
15490,10.0169
15491,8.0253
15492,19.0084
15493,16.0169
15494,3.0253
15495,15.0084
15496,13.0169
15497,10.0253
15498,5.00843
15499,8.00843
15500,14.0084
15501,5.01687
15502,1.0253
15503,8.00843
15504,5.01687
15505,8.00843
15506,11.0084
15507,8.00843
15508,13.0084
15509,8.01686
15510,10.0084
15511,10.0169
15512,8.0253
15513,7.03373
15514,19.0084
15515,1.01686
15516,16.0084
15517,12.0169
15518,12.0084
15519,8.00843
15520,13.0084
15521,14.0084
15522,12.0084
15523,12.0169
15524,8.0253
15525,15.0084
15526,13.0169
15527,5.0253
15528,10.0084
15529,5.01687
15530,13.0084
15531,10.0169
15532,2.0253
15533,16.0084
15534,8.00843
15535,5.01687
15536,10.0084
15537,8.00843
15538,16.0084
15539,14.0169
15540,7.0253
15541,12.0084
15542,16.0084
15543,9.01686
15544,8.00843
15545,6.00843
15546,10.0084
15547,1.01686
15548,8.00843
15549,18.0084
15550,10.0169
15551,9.0253
15552,11.0084
15553,8.01686
15554,6.00843
15555,13.0084
15556,5.01687
15557,1.0253
15558,11.0084
15559,5.00843
15560,4.01687
15561,13.0084
15562,13.0084
15563,5.01687
15564,1.00843
15565,5.00843
15566,3.01687
15567,8.00843
15568,3.00843
15569,20.0084
15570,7.01687
15571,10.0084
15572,8.01686
15573,5.0253
15574,5.03373
15575,5.04216
15576,7.00843
15577,4.01687
15578,5.00843
15579,3.01687
15580,6.00843
15581,5.01687
15582,10.0084
15583,10.0169
15584,14.0084
15585,8.01686
15586,8.0253
15587,8.03373
15588,10.0084
15589,5.00843
15590,1.00843
15591,13.0084
15592,10.0169
15593,8.0253
15594,8.03373
15595,14.0084
15596,18.0084
15597,8.00843
15598,14.0084
15599,13.0169
15600,3.0253
15601,16.0084
15602,5.01687
15603,17.0084
15604,5.01687
15605,5.0253
15606,18.0084
15607,10.0169
15608,5.0253
15609,8.00843
15610,6.00843
15611,3.00843
15612,12.0084
15613,16.0084
15614,16.0169
15615,10.0253
15616,16.0084
15617,3.01687
15618,17.0084
15619,15.0169
15620,9.0253
15621,3.03373
15622,2.04216
15623,20.0084
15624,1.01686
15625,8.00843
15626,5.00843
15627,5.01687
15628,6.00843
15629,5.01687
15630,14.0084
15631,14.0169
15632,5.0253
15633,14.0084
15634,8.01686
15635,16.0084
15636,6.01687
15637,3.0253
15638,10.0084
15639,19.0084
15640,5.01687
15641,18.0084
15642,18.0169
15643,12.0253
15644,12.0337
15645,14.0084
15646,10.0084
15647,6.01687
15648,12.0084
15649,10.0084
15650,10.0084
15651,10.0169
15652,14.0084
15653,8.01686
15654,7.0253
15655,12.0084
15656,12.0169
15657,2.00843
15658,10.0084
15659,1.01686
15660,1.0253
15661,12.0084
15662,16.0084
15663,6.01687
15664,5.0253
15665,3.03373
15666,6.00843
15667,3.01687
15668,2.00843
15669,8.00843
15670,8.00843
15671,8.01686
15672,8.00843
15673,12.0084
15674,5.01687
15675,11.0084
15676,10.0169
15677,13.0084
15678,16.0084
15679,12.0169
15680,1.00843
15681,18.0084
15682,7.01687
15683,7.0253
15684,14.0084
15685,12.0169
15686,5.0253
15687,3.03373
15688,8.00843
15689,8.00843
15690,5.01687
15691,5.0253
15692,12.0084
15693,5.00843
15694,20.0084
15695,14.0084
15696,3.01687
15697,14.0084
15698,5.01687
15699,1.0253
15700,1.03373
15701,1.04216
15702,5.00843
15703,7.00843
15704,7.01687
15705,14.0084
15706,11.0169
15707,8.0253
15708,3.03373
15709,3.04216
15710,18.0084
15711,1.01686
15712,8.00843
15713,8.01686
15714,14.0084
15715,16.0084
15716,7.01687
15717,5.0253
15718,3.03373
15719,1.04216
15720,1.00843
15721,12.0084
15722,10.0169
15723,3.0253
15724,3.03373
15725,3.04216
15726,15.0084
15727,10.0084
15728,12.0084
15729,12.0169
15730,1.0253
15731,10.0084
15732,8.01686
15733,8.0253
15734,8.03373
15735,8.04216
15736,8.05059
15737,8.05903
15738,7.06746
15739,18.0084
15740,1.01686
15741,1.0253
15742,1.03373
15743,16.0084
15744,12.0169
15745,6.00843
15746,1.01686
15747,1.0253
15748,1.03373
15749,1.04216
15750,14.0084
15751,18.0084
15752,5.01687
15753,5.0253
15754,16.0084
15755,10.0084
15756,8.00843
15757,8.01686
15758,5.0253
15759,1.03373
15760,3.00843
15761,20.0084
15762,10.0169
15763,5.0253
15764,1.00843
15765,13.0084
15766,8.01686
15767,14.0084
15768,14.0169
15769,14.0253
15770,14.0337
15771,5.04216
15772,3.05059
15773,1.05903
15774,10.0084
15775,10.0169
15776,10.0253
15777,7.03373
15778,16.0084
15779,8.01686
15780,8.0253
15781,18.0084
15782,18.0084
15783,6.01687
15784,12.0084
15785,10.0169
15786,8.0253
15787,8.03373
15788,16.0084
15789,14.0169
15790,13.0253
15791,7.03373
15792,18.0084
15793,8.01686
15794,12.0084
15795,3.01687
15796,8.00843
15797,6.01687
15798,3.0253
15799,17.0084
15800,7.00843
15801,5.01687
15802,5.0253
15803,5.03373
15804,15.0084
15805,7.01687
15806,7.0253
15807,5.03373
15808,12.0084
15809,8.01686
15810,1.0253
15811,3.00843
15812,12.0084
15813,3.01687
15814,18.0084
15815,13.0169
15816,13.0253
15817,14.0084
15818,3.01687
15819,16.0084
15820,13.0169
15821,17.0084
15822,10.0169
15823,8.0253
15824,5.03373
15825,5.04216
15826,1.05059
15827,1.05903
15828,17.0084
15829,14.0169
15830,10.0253
15831,10.0337
15832,5.04216
15833,8.00843
15834,8.01686
15835,8.00843
15836,5.01687
15837,1.0253
15838,14.0084
15839,5.01687
15840,20.0084
15841,7.01687
15842,6.0253
15843,13.0084
15844,9.00843
15845,9.01686
15846,5.0253
15847,12.0084
15848,10.0169
15849,7.0253
15850,6.03373
15851,10.0084
15852,10.0169
15853,12.0084
15854,20.0084
15855,13.0169
15856,1.00843
15857,10.0084
15858,10.0169
15859,8.00843
15860,18.0084
15861,14.0169
15862,12.0253
15863,12.0337
15864,7.04216
15865,13.0084
15866,11.0169
15867,8.0253
15868,1.03373
15869,1.00843
15870,15.0084
15871,3.01687
15872,1.0253
15873,10.0084
15874,10.0169
15875,6.00843
15876,1.01686
15877,16.0084
15878,7.01687
15879,7.0253
15880,14.0084
15881,13.0169
15882,8.0253
15883,1.03373
15884,1.04216
15885,8.00843
15886,7.01687
15887,1.0253
15888,9.00843
15889,12.0084
15890,12.0169
15891,12.0084
15892,8.01686
15893,5.0253
15894,5.03373
15895,8.00843
15896,6.01687
15897,10.0084
15898,11.0084
15899,8.01686
15900,8.0253
15901,7.03373
15902,16.0084
15903,8.01686
15904,5.0253
15905,13.0084
15906,10.0169
15907,17.0084
15908,15.0169
15909,12.0253
15910,14.0084
15911,13.0084
15912,10.0169
15913,8.00843
15914,5.00843
15915,8.00843
15916,7.01687
15917,16.0084
15918,8.00843
15919,1.01686
15920,10.0084
15921,16.0084
15922,16.0169
15923,20.0084
15924,9.01686
15925,7.0253
15926,3.03373
15927,3.04216
15928,10.0084
15929,7.00843
15930,8.00843
15931,7.01687
15932,7.0253
15933,14.0084
15934,14.0169
15935,4.00843
15936,3.01687
15937,3.0253
15938,14.0084
15939,8.01686
15940,10.0084
15941,9.01686
15942,5.0253
15943,12.0084
15944,8.01686
15945,10.0084
15946,7.00843
15947,10.0084
15948,1.01686
15949,4.00843
15950,1.01686
15951,1.00843
15952,14.0084
15953,3.01687
15954,15.0084
15955,14.0169
15956,12.0253
15957,10.0337
15958,8.00843
15959,5.01687
15960,16.0084
15961,12.0084
15962,7.01687
15963,10.0084
15964,8.01686
15965,5.0253
15966,7.00843
15967,3.01687
15968,7.00843
15969,7.01687
15970,3.0253
15971,20.0084
15972,18.0169
15973,5.0253
15974,1.03373
15975,14.0084
15976,17.0084
15977,16.0169
15978,12.0253
15979,1.03373
15980,10.0084
15981,5.01687
15982,17.0084
15983,11.0169
15984,15.0084
15985,16.0084
15986,1.01686
15987,18.0084
15988,10.0169
15989,3.0253
15990,11.0084
15991,12.0084
15992,12.0169
15993,10.0253
15994,8.00843
15995,6.01687
15996,19.0084
15997,1.01686
15998,1.0253
15999,18.0084
16000,15.0169
16001,13.0253
16002,10.0337
16003,8.04216
16004,8.05059
16005,16.0084
16006,3.01687
16007,1.0253
16008,12.0084
16009,12.0169
16010,12.0253
16011,10.0084
16012,3.01687
16013,3.0253
16014,20.0084
16015,17.0169
16016,15.0253
16017,14.0084
16018,1.01686
16019,10.0084
16020,8.01686
16021,10.0084
16022,8.00843
16023,12.0084
16024,8.00843
16025,7.01687
16026,8.00843
16027,1.01686
16028,18.0084
16029,13.0169
16030,8.0253
16031,1.03373
16032,1.00843
16033,1.01686
16034,7.00843
16035,1.01686
16036,1.0253
16037,12.0084
16038,8.01686
16039,1.0253
16040,1.03373
16041,9.00843
16042,5.00843
16043,5.00843
16044,5.01687
16045,10.0084
16046,10.0169
16047,14.0084
16048,12.0169
16049,10.0253
16050,14.0084
16051,14.0084
16052,14.0169
16053,11.0253
16054,10.0337
16055,12.0084
16056,15.0084
16057,14.0084
16058,14.0169
16059,16.0084
16060,10.0084
16061,8.01686
16062,1.0253
16063,18.0084
16064,5.01687
16065,19.0084
16066,15.0084
16067,14.0169
16068,8.0253
16069,7.00843
16070,7.01687
16071,9.00843
16072,1.01686
16073,10.0084
16074,4.00843
16075,8.00843
16076,7.01687
16077,1.00843
16078,1.01686
16079,18.0084
16080,18.0169
16081,1.0253
16082,16.0084
16083,2.01687
16084,16.0084
16085,16.0169
16086,18.0084
16087,5.01687
16088,2.00843
16089,6.00843
16090,1.00843
16091,16.0084
16092,11.0169
16093,3.00843
16094,12.0084
16095,18.0084
16096,15.0084
16097,10.0169
16098,1.0253
16099,8.00843
16100,8.01686
16101,10.0084
16102,4.00843
16103,10.0084
16104,5.01687
16105,16.0084
16106,1.01686
16107,8.00843
16108,5.01687
16109,1.0253
16110,14.0084
16111,1.01686
16112,10.0084
16113,7.01687
16114,12.0084
16115,12.0084
16116,1.01686
16117,1.0253
16118,1.03373
16119,1.04216
16120,1.05059
16121,18.0084
16122,5.01687
16123,17.0084
16124,14.0169
16125,6.0253
16126,3.03373
16127,3.04216
16128,3.05059
16129,1.05903
16130,1.06746
16131,15.0084
16132,12.0169
16133,5.00843
16134,10.0084
16135,8.01686
16136,1.0253
16137,2.00843
16138,1.01686
16139,1.0253
16140,20.0084
16141,13.0169
16142,8.0253
16143,8.03373
16144,5.00843
16145,18.0084
16146,10.0169
16147,8.0253
16148,5.03373
16149,4.04216
16150,3.05059
16151,5.00843
16152,12.0084
16153,8.00843
16154,3.01687
16155,1.0253
16156,10.0084
16157,9.01686
16158,7.0253
16159,10.0084
16160,8.01686
16161,16.0084
16162,5.01687
16163,12.0084
16164,14.0084
16165,10.0169
16166,16.0084
16167,12.0169
16168,10.0253
16169,7.03373
16170,3.00843
16171,14.0084
16172,3.01687
16173,18.0084
16174,13.0169
16175,12.0253
16176,18.0084
16177,14.0169
16178,8.0253
16179,15.0084
16180,2.01687
16181,12.0084
16182,11.0169
16183,3.0253
16184,18.0084
16185,5.01687
16186,1.0253
16187,2.00843
16188,8.00843
16189,18.0084
16190,16.0169
16191,8.0253
16192,8.03373
16193,1.00843
16194,15.0084
16195,10.0084
16196,3.01687
16197,1.0253
16198,7.00843
16199,14.0084
16200,16.0084
16201,10.0169
16202,9.00843
16203,7.01687
16204,3.0253
16205,18.0084
16206,8.01686
16207,1.00843
16208,17.0084
16209,15.0169
16210,7.0253
16211,1.03373
16212,12.0084
16213,3.01687
16214,12.0084
16215,7.01687
16216,8.00843
16217,8.01686
16218,16.0084
16219,11.0084
16220,16.0084
16221,8.01686
16222,17.0084
16223,14.0084
16224,13.0084
16225,12.0084
16226,8.01686
16227,14.0084
16228,12.0084
16229,8.01686
16230,8.0253
16231,17.0084
16232,1.01686
16233,5.00843
16234,7.00843
16235,6.01687
16236,8.00843
16237,5.00843
16238,1.01686
16239,13.0084
16240,10.0169
16241,12.0084
16242,3.01687
16243,7.00843
16244,12.0084
16245,16.0084
16246,7.01687
16247,12.0084
16248,8.01686
16249,12.0084
16250,18.0084
16251,8.00843
16252,6.00843
16253,10.0084
16254,10.0084
16255,1.00843
16256,5.00843
16257,3.01687
16258,2.0253
16259,5.00843
16260,3.01687
16261,8.00843
16262,1.01686
16263,12.0084
16264,10.0169
16265,5.0253
16266,10.0084
16267,1.00843
16268,10.0084
16269,9.00843
16270,3.01687
16271,3.0253
16272,12.0084
16273,10.0169
16274,7.0253
16275,16.0084
16276,8.01686
16277,5.0253
16278,5.03373
16279,18.0084
16280,16.0169
16281,14.0253
16282,12.0337
16283,1.04216
16284,13.0084
16285,2.01687
16286,16.0084
16287,13.0169
16288,1.0253
16289,17.0084
16290,12.0169
16291,14.0084
16292,13.0169
16293,10.0253
16294,14.0084
16295,1.01686
16296,18.0084
16297,12.0169
16298,7.0253
16299,19.0084
16300,14.0169
16301,5.0253
16302,8.00843
16303,8.01686
16304,3.0253
16305,20.0084
16306,10.0084
16307,5.01687
16308,5.0253
16309,17.0084
16310,8.00843
16311,14.0084
16312,8.00843
16313,3.01687
16314,6.00843
16315,3.01687
16316,2.0253
16317,18.0084
16318,3.01687
16319,10.0084
16320,2.01687
16321,17.0084
16322,2.01687
16323,14.0084
16324,12.0169
16325,5.0253
16326,1.03373
16327,16.0084
16328,16.0084
16329,7.00843
16330,7.01687
16331,7.0253
16332,8.00843
16333,6.00843
16334,18.0084
16335,15.0169
16336,10.0253
16337,10.0337
16338,10.0422
16339,7.05059
16340,5.05903
16341,5.06746
16342,14.0084
16343,12.0084
16344,9.01686
16345,5.0253
16346,1.03373
16347,13.0084
16348,10.0169
16349,10.0084
16350,6.00843
16351,1.01686
16352,1.0253
16353,16.0084
16354,13.0169
16355,12.0253
16356,2.03373
16357,1.04216
16358,3.00843
16359,18.0084
16360,18.0169
16361,5.0253
16362,3.03373
16363,1.00843
16364,10.0084
16365,5.01687
16366,7.00843
16367,6.01687
16368,9.00843
16369,8.01686
16370,6.0253
16371,14.0084
16372,7.01687
16373,1.00843
16374,13.0084
16375,12.0169
16376,12.0253
16377,12.0337
16378,10.0422
16379,13.0084
16380,3.01687
16381,6.00843
16382,5.01687
16383,1.0253
16384,11.0084
16385,7.01687
16386,6.0253
16387,18.0084
16388,7.01687
16389,1.00843
16390,15.0084
16391,17.0084
16392,3.00843
16393,10.0084
16394,6.01687
16395,14.0084
16396,12.0169
16397,1.00843
16398,3.00843
16399,3.00843
16400,18.0084
16401,5.00843
16402,18.0084
16403,7.00843
16404,7.01687
16405,5.0253
16406,18.0084
16407,8.01686
16408,8.0253
16409,6.03373
16410,2.04216
16411,1.05059
16412,1.05903
16413,10.0084
16414,2.01687
16415,14.0084
16416,10.0169
16417,4.00843
16418,19.0084
16419,1.00843
16420,14.0084
16421,10.0169
16422,10.0084
16423,7.00843
16424,13.0084
16425,5.01687
16426,13.0084
16427,10.0169
16428,5.0253
16429,15.0084
16430,12.0169
16431,10.0084
16432,14.0084
16433,10.0169
16434,6.0253
16435,10.0084
16436,10.0169
16437,10.0253
16438,1.00843
16439,12.0084
16440,12.0169
16441,17.0084
16442,13.0169
16443,18.0084
16444,12.0169
16445,3.0253
16446,18.0084
16447,18.0084
16448,6.01687
16449,15.0084
16450,8.01686
16451,14.0084
16452,1.01686
16453,13.0084
16454,16.0084
16455,5.01687
16456,1.00843
16457,14.0084
16458,1.01686
16459,8.00843
16460,18.0084
16461,17.0169
16462,16.0253
16463,16.0337
16464,11.0084
16465,8.01686
16466,3.0253
16467,1.03373
16468,1.04216
16469,1.05059
16470,7.00843
16471,15.0084
16472,1.00843
16473,10.0084
16474,10.0169
16475,5.0253
16476,12.0084
16477,9.01686
16478,12.0084
16479,1.01686
16480,1.0253
16481,3.00843
16482,12.0084
16483,10.0169
16484,18.0084
16485,8.01686
16486,5.0253
16487,9.00843
16488,9.01686
16489,7.00843
16490,5.01687
16491,14.0084
16492,12.0084
16493,1.00843
16494,16.0084
16495,14.0084
16496,3.00843
16497,6.00843
16498,7.00843
16499,3.01687
16500,1.00843
16501,8.00843
16502,8.01686
16503,5.0253
16504,13.0084
16505,14.0084
16506,14.0084
16507,12.0169
16508,14.0084
16509,5.01687
16510,17.0084
16511,2.01687
16512,3.00843
16513,1.01686
16514,16.0084
16515,7.01687
16516,5.00843
16517,18.0084
16518,7.01687
16519,2.0253
16520,13.0084
16521,11.0169
16522,8.0253
16523,5.03373
16524,7.00843
16525,12.0084
16526,9.01686
16527,7.0253
16528,3.03373
16529,3.04216
16530,10.0084
16531,8.01686
16532,13.0084
16533,15.0084
16534,12.0084
16535,11.0169
16536,20.0084
16537,14.0084
16538,8.01686
16539,1.0253
16540,16.0084
16541,14.0169
16542,14.0253
16543,9.00843
16544,5.00843
16545,14.0084
16546,10.0084
16547,5.01687
16548,10.0084
16549,1.01686
16550,7.00843
16551,16.0084
16552,3.01687
16553,1.00843
16554,1.00843
16555,1.00843
16556,1.01686
16557,1.00843
16558,8.00843
16559,5.01687
16560,8.00843
16561,10.0084
16562,8.00843
16563,12.0084
16564,14.0084
16565,16.0084
16566,16.0169
16567,3.0253
16568,3.03373
16569,1.00843
16570,1.01686
16571,10.0084
16572,1.01686
16573,10.0084
16574,10.0169
16575,2.0253
16576,1.03373
16577,5.00843
16578,9.00843
16579,8.01686
16580,1.0253
16581,16.0084
16582,14.0169
16583,12.0253
16584,2.03373
16585,16.0084
16586,10.0084
16587,7.01687
16588,3.00843
16589,4.00843
16590,18.0084
16591,14.0169
16592,14.0253
16593,8.03373
16594,14.0084
16595,1.01686
16596,15.0084
16597,15.0169
16598,10.0084
16599,7.01687
16600,4.0253
16601,1.00843
16602,5.00843
16603,12.0084
16604,14.0084
16605,14.0169
16606,5.0253
16607,5.03373
16608,14.0084
16609,8.01686
16610,5.0253
16611,16.0084
16612,19.0084
16613,10.0169
16614,8.0253
16615,18.0084
16616,12.0169
16617,12.0253
16618,1.03373
16619,16.0084
16620,11.0169
16621,10.0253
16622,1.03373
16623,14.0084
16624,9.01686
16625,14.0084
16626,13.0084
16627,8.01686
16628,16.0084
16629,10.0169
16630,14.0084
16631,8.01686
16632,5.0253
16633,5.03373
16634,18.0084
16635,16.0169
16636,8.0253
16637,6.03373
16638,16.0084
16639,12.0084
16640,9.01686
16641,18.0084
16642,13.0169
16643,18.0084
16644,7.00843
16645,18.0084
16646,9.01686
16647,1.00843
16648,15.0084
16649,1.00843
16650,3.00843
16651,1.00843
16652,8.00843
16653,10.0084
16654,3.01687
16655,17.0084
16656,8.01686
16657,8.0253
16658,7.03373
16659,5.04216
16660,20.0084
16661,14.0169
16662,1.0253
16663,8.00843
16664,5.01687
16665,2.0253
16666,12.0084
16667,14.0084
16668,14.0084
16669,10.0169
16670,13.0084
16671,8.01686
16672,1.0253
16673,5.00843
16674,16.0084
16675,6.01687
16676,18.0084
16677,14.0169
16678,14.0253
16679,10.0337
16680,1.04216
16681,12.0084
16682,12.0169
16683,12.0253
16684,10.0337
16685,1.04216
16686,2.00843
16687,5.00843
16688,13.0084
16689,10.0169
16690,7.0253
16691,8.00843
16692,7.01687
16693,7.00843
16694,5.01687
16695,6.00843
16696,10.0084
16697,10.0084
16698,18.0084
16699,17.0169
16700,13.0253
16701,7.03373
16702,8.00843
16703,17.0084
16704,4.01687
16705,6.00843
16706,5.01687
16707,5.0253
16708,1.03373
16709,12.0084
16710,8.01686
16711,12.0084
16712,10.0084
16713,8.01686
16714,10.0084
16715,8.01686
16716,3.0253
16717,8.00843
16718,17.0084
16719,1.01686
16720,18.0084
16721,11.0169
16722,8.0253
16723,2.03373
16724,1.04216
16725,12.0084
16726,8.01686
16727,3.0253
16728,13.0084
16729,10.0169
16730,5.00843
16731,5.01687
16732,1.0253
16733,1.00843
16734,8.00843
16735,8.01686
16736,9.00843
16737,17.0084
16738,14.0169
16739,11.0253
16740,10.0084
16741,5.01687
16742,16.0084
16743,6.01687
16744,1.0253
16745,14.0084
16746,16.0084
16747,14.0169
16748,1.0253
16749,1.03373
16750,10.0084
16751,5.01687
16752,5.00843
16753,8.00843
16754,7.01687
16755,7.00843
16756,5.01687
16757,4.0253
16758,20.0084
16759,12.0169
16760,1.0253
16761,7.00843
16762,1.01686
16763,14.0084
16764,5.01687
16765,12.0084
16766,10.0169
16767,1.0253
16768,12.0084
16769,8.01686
16770,5.0253
16771,3.03373
16772,1.04216
16773,15.0084
16774,11.0169
16775,14.0084
16776,7.01687
16777,10.0084
16778,2.01687
16779,13.0084
16780,2.01687
16781,5.00843
16782,1.01686
16783,10.0084
16784,8.01686
16785,1.0253
16786,7.00843
16787,10.0084
16788,8.01686
16789,3.0253
16790,7.00843
16791,15.0084
16792,6.01687
16793,8.00843
16794,1.01686
16795,1.0253
16796,1.03373
16797,10.0084
16798,10.0169
16799,14.0084
16800,7.01687
16801,3.0253
16802,12.0084
16803,12.0169
16804,8.0253
16805,2.03373
16806,9.00843
16807,10.0084
16808,8.01686
16809,14.0084
16810,14.0169
16811,14.0253
16812,16.0084
16813,12.0169
16814,10.0253
16815,9.03373
16816,1.04216
16817,20.0084
16818,1.01686
16819,12.0084
16820,12.0169
16821,12.0084
16822,8.01686
16823,7.0253
16824,5.03373
16825,16.0084
16826,14.0169
16827,12.0084
16828,8.01686
16829,1.0253
16830,8.00843
16831,8.00843
16832,12.0084
16833,1.00843
16834,14.0084
16835,14.0169
16836,7.0253
16837,7.00843
16838,16.0084
16839,16.0169
16840,8.0253
16841,8.03373
16842,8.04216
16843,5.05059
16844,5.05903
16845,17.0084
16846,9.00843
16847,8.01686
16848,12.0084
16849,8.01686
16850,1.0253
16851,8.00843
16852,3.01687
16853,9.00843
16854,3.01687
16855,5.00843
16856,1.01686
16857,16.0084
16858,18.0084
16859,1.01686
16860,9.00843
16861,2.01687
16862,10.0084
16863,7.01687
16864,18.0084
16865,15.0169
16866,8.00843
16867,13.0084
16868,1.01686
16869,1.0253
16870,1.03373
16871,17.0084
16872,6.00843
16873,2.01687
16874,17.0084
16875,6.01687
16876,3.0253
16877,5.00843
16878,12.0084
16879,3.01687
16880,5.00843
16881,9.00843
16882,7.00843
16883,7.01687
16884,7.0253
16885,13.0084
16886,12.0169
16887,10.0253
16888,12.0084
16889,9.01686
16890,1.00843
16891,10.0084
16892,16.0084
16893,6.01687
16894,1.00843
16895,16.0084
16896,10.0169
16897,7.0253
16898,15.0084
16899,12.0084
16900,7.01687
16901,8.00843
16902,8.01686
16903,7.0253
16904,18.0084
16905,12.0084
16906,3.01687
16907,14.0084
16908,10.0084
16909,3.00843
16910,13.0084
16911,14.0084
16912,7.01687
16913,3.00843
16914,1.00843
16915,1.01686
16916,8.00843
16917,15.0084
16918,16.0084
16919,6.01687
16920,3.00843
16921,5.00843
16922,3.01687
16923,3.0253
16924,3.03373
16925,8.00843
16926,7.01687
16927,2.0253
16928,5.00843
16929,5.01687
16930,3.0253
16931,3.03373
16932,10.0084
16933,3.01687
16934,10.0084
16935,12.0084
16936,10.0169
16937,6.0253
16938,5.03373
16939,3.04216
16940,20.0084
16941,12.0169
16942,12.0253
16943,8.00843
16944,3.01687
16945,13.0084
16946,8.01686
16947,8.00843
16948,17.0084
16949,16.0084
16950,10.0169
16951,18.0084
16952,7.01687
16953,7.0253
16954,1.03373
16955,18.0084
16956,18.0169
16957,12.0253
16958,5.03373
16959,6.00843
16960,3.01687
16961,8.00843
16962,3.01687
16963,5.00843
16964,1.01686
16965,10.0084
16966,3.01687
16967,3.0253
16968,1.03373
16969,16.0084
16970,14.0169
16971,7.0253
16972,1.03373
16973,1.04216
16974,3.00843
16975,3.01687
16976,7.00843
16977,7.01687
16978,10.0084
16979,3.01687
16980,2.0253
16981,12.0084
16982,5.01687
16983,15.0084
16984,16.0084
16985,1.00843
16986,12.0084
16987,10.0084
16988,10.0169
16989,10.0253
16990,6.03373
16991,12.0084
16992,10.0169
16993,13.0084
16994,6.01687
16995,1.0253
16996,8.00843
16997,1.01686
16998,1.0253
16999,1.03373
17000,10.0084
17001,10.0169
17002,7.00843
17003,6.00843
17004,10.0084
17005,1.01686
17006,8.00843
17007,8.01686
17008,9.00843
17009,8.01686
17010,1.0253
17011,10.0084
17012,5.01687
17013,2.0253
17014,11.0084
17015,7.00843
17016,5.01687
17017,9.00843
17018,8.01686
17019,6.0253
17020,14.0084
17021,7.00843
17022,18.0084
17023,16.0169
17024,14.0084
17025,2.00843
17026,1.01686
17027,12.0084
17028,7.01687
17029,1.0253
17030,13.0084
17031,5.01687
17032,5.0253
17033,1.03373
17034,7.00843
17035,8.00843
17036,1.01686
17037,1.0253
17038,1.03373
17039,1.04216
17040,5.00843
17041,14.0084
17042,12.0084
17043,5.01687
17044,14.0084
17045,10.0169
17046,10.0253
17047,10.0337
17048,16.0084
17049,14.0169
17050,14.0253
17051,7.03373
17052,1.04216
17053,8.00843
17054,8.01686
17055,5.0253
17056,1.00843
17057,8.00843
17058,7.01687
17059,12.0084
17060,16.0084
17061,10.0084
17062,9.01686
17063,1.0253
17064,16.0084
17065,1.01686
17066,5.00843
17067,3.00843
17068,8.00843
17069,7.01687
17070,17.0084
17071,8.01686
17072,5.0253
17073,1.03373
17074,1.04216
17075,15.0084
17076,5.01687
17077,3.00843
17078,1.00843
17079,8.00843
17080,8.01686
17081,5.0253
17082,14.0084
17083,14.0084
17084,8.01686
17085,20.0084
17086,13.0169
17087,8.00843
17088,7.01687
17089,5.0253
17090,5.00843
17091,14.0084
17092,16.0084
17093,14.0169
17094,17.0084
17095,14.0169
17096,1.00843
17097,14.0084
17098,12.0169
17099,9.00843
17100,13.0084
17101,5.00843
17102,7.00843
17103,3.01687
17104,3.00843
17105,3.01687
17106,10.0084
17107,8.01686
17108,1.00843
17109,3.00843
17110,13.0084
17111,12.0084
17112,8.01686
17113,1.00843
17114,10.0084
17115,3.00843
17116,12.0084
17117,15.0084
17118,14.0169
17119,8.0253
17120,6.03373
17121,7.00843
17122,18.0084
17123,8.01686
17124,8.0253
17125,8.03373
17126,3.00843
17127,1.00843
17128,1.01686
17129,3.00843
17130,3.00843
17131,7.00843
17132,6.01687
17133,11.0084
17134,10.0169
17135,5.0253
17136,7.00843
17137,13.0084
17138,10.0084
17139,10.0169
17140,1.0253
17141,20.0084
17142,16.0169
17143,14.0253
17144,1.03373
17145,17.0084
17146,14.0169
17147,8.0253
17148,8.03373
17149,8.04216
17150,18.0084
17151,5.01687
17152,5.0253
17153,1.03373
17154,16.0084
17155,1.01686
17156,8.00843
17157,7.01687
17158,7.0253
17159,3.03373
17160,5.00843
17161,10.0084
17162,9.01686
17163,8.0253
17164,6.03373
17165,5.04216
17166,1.05059
17167,14.0084
17168,10.0169
17169,6.0253
17170,3.03373
17171,18.0084
17172,7.01687
17173,7.00843
17174,10.0084
17175,10.0169
17176,3.0253
17177,18.0084
17178,18.0169
17179,13.0084
17180,12.0084
17181,8.01686
17182,5.0253
17183,1.03373
17184,16.0084
17185,1.01686
17186,14.0084
17187,7.01687
17188,5.0253
17189,8.00843
17190,16.0084
17191,8.01686
17192,2.0253
17193,1.03373
17194,9.00843
17195,19.0084
17196,10.0169
17197,8.00843
17198,8.01686
17199,6.0253
17200,3.03373
17201,3.04216
17202,14.0084
17203,16.0084
17204,8.01686
17205,6.0253
17206,5.03373
17207,5.04216
17208,15.0084
17209,12.0169
17210,13.0084
17211,11.0169
17212,3.00843
17213,13.0084
17214,8.01686
17215,5.00843
17216,1.00843
17217,1.00843
17218,12.0084
17219,8.00843
17220,7.00843
17221,3.00843
17222,1.01686
17223,12.0084
17224,3.00843
17225,8.00843
17226,8.01686
17227,5.0253
17228,14.0084
17229,14.0169
17230,13.0084
17231,10.0169
17232,16.0084
17233,3.01687
17234,2.0253
17235,16.0084
17236,14.0169
17237,7.0253
17238,7.00843
17239,16.0084
17240,10.0084
17241,5.00843
17242,1.00843
17243,5.00843
17244,13.0084
17245,5.00843
17246,3.01687
17247,8.00843
17248,6.01687
17249,5.00843
17250,6.00843
17251,5.01687
17252,4.00843
17253,20.0084
17254,10.0169
17255,8.0253
17256,3.03373
17257,14.0084
17258,7.01687
17259,6.0253
17260,14.0084
17261,12.0084
17262,17.0084
17263,17.0169
17264,18.0084
17265,8.01686
17266,14.0084
17267,3.01687
17268,1.0253
17269,7.00843
17270,3.01687
17271,3.0253
17272,17.0084
17273,16.0169
17274,5.00843
17275,4.01687
17276,3.0253
17277,3.03373
17278,3.04216
17279,14.0084
17280,11.0169
17281,3.00843
17282,12.0084
17283,10.0169
17284,2.0253
17285,3.00843
17286,13.0084
17287,10.0169
17288,16.0084
17289,15.0169
17290,8.00843
17291,16.0084
17292,8.01686
17293,8.0253
17294,18.0084
17295,3.00843
17296,1.00843
17297,5.00843
17298,3.01687
17299,3.0253
17300,8.00843
17301,1.01686
17302,16.0084
17303,19.0084
17304,19.0169
17305,3.0253
17306,5.00843
17307,10.0084
17308,8.00843
17309,8.00843
17310,8.01686
17311,13.0084
17312,17.0084
17313,10.0169
17314,1.00843
17315,12.0084
17316,17.0084
17317,8.01686
17318,14.0084
17319,6.01687
17320,3.00843
17321,7.00843
17322,18.0084
17323,16.0169
17324,13.0253
17325,14.0084
17326,10.0084
17327,3.00843
17328,1.01686
17329,1.0253
17330,16.0084
17331,14.0084
17332,5.01687
17333,3.0253
17334,3.03373
17335,16.0084
17336,14.0169
17337,16.0084
17338,5.01687
17339,1.0253
17340,1.03373
17341,1.04216
17342,14.0084
17343,2.01687
17344,18.0084
17345,7.01687
17346,7.0253
17347,7.03373
17348,3.04216
17349,3.05059
17350,2.05903
17351,15.0084
17352,10.0169
17353,8.0253
17354,8.03373
17355,13.0084
17356,20.0084
17357,11.0084
17358,8.00843
17359,8.01686
17360,15.0084
17361,13.0169
17362,2.00843
17363,11.0084
17364,8.01686
17365,1.0253
17366,16.0084
17367,5.00843
17368,1.01686
17369,14.0084
17370,4.01687
17371,5.00843
17372,1.00843
17373,17.0084
17374,16.0169
17375,8.0253
17376,3.03373
17377,2.00843
17378,8.00843
17379,3.01687
17380,14.0084
17381,6.01687
17382,1.0253
17383,13.0084
17384,10.0169
17385,2.0253
17386,8.00843
17387,8.00843
17388,3.01687
17389,19.0084
17390,13.0169
17391,14.0084
17392,13.0084
17393,8.00843
17394,3.01687
17395,19.0084
17396,17.0169
17397,12.0084
17398,19.0084
17399,13.0169
17400,8.00843
17401,1.01686
17402,5.00843
17403,16.0084
17404,14.0169
17405,8.0253
17406,1.03373
17407,17.0084
17408,7.01687
17409,1.0253
17410,15.0084
17411,9.01686
17412,3.0253
17413,12.0084
17414,5.01687
17415,1.0253
17416,1.03373
17417,16.0084
17418,2.00843
17419,1.00843
17420,5.00843
17421,5.01687
17422,8.00843
17423,8.01686
17424,8.00843
17425,5.01687
17426,18.0084
17427,6.01687
17428,5.0253
17429,5.00843
17430,8.00843
17431,8.01686
17432,3.0253
17433,3.03373
17434,12.0084
17435,5.01687
17436,12.0084
17437,12.0169
17438,10.0253
17439,8.03373
17440,14.0084
17441,8.01686
17442,1.0253
17443,1.03373
17444,16.0084
17445,15.0169
17446,12.0253
17447,1.03373
17448,18.0084
17449,16.0169
17450,13.0253
17451,13.0337
17452,8.04216
17453,18.0084
17454,18.0084
17455,8.01686
17456,1.0253
17457,20.0084
17458,16.0169
17459,12.0253
17460,18.0084
17461,18.0169
17462,15.0253
17463,5.03373
17464,5.04216
17465,5.05059
17466,1.00843
17467,7.00843
17468,7.01687
17469,7.0253
17470,18.0084
17471,18.0169
17472,8.0253
17473,10.0084
17474,10.0084
17475,14.0084
17476,16.0084
17477,18.0084
17478,14.0169
17479,3.0253
17480,8.00843
17481,8.01686
17482,7.00843
17483,9.00843
17484,3.01687
17485,3.0253
17486,13.0084
17487,14.0084
17488,8.00843
17489,7.01687
17490,3.0253
17491,12.0084
17492,3.01687
17493,1.0253
17494,17.0084
17495,16.0169
17496,12.0253
17497,7.03373
17498,5.00843
17499,5.01687
17500,1.0253
17501,8.00843
17502,7.01687
17503,3.0253
17504,1.03373
17505,14.0084
17506,10.0169
17507,3.0253
17508,15.0084
17509,7.01687
17510,16.0084
17511,12.0169
17512,8.0253
17513,5.03373
17514,1.04216
17515,13.0084
17516,7.01687
17517,3.0253
17518,4.00843
17519,14.0084
17520,12.0169
17521,9.0253
17522,7.03373
17523,7.04216
17524,1.05059
17525,10.0084
17526,10.0169
17527,5.0253
17528,6.00843
17529,5.01687
17530,10.0084
17531,13.0084
17532,13.0169
17533,8.0253
17534,8.03373
17535,8.00843
17536,13.0084
17537,8.00843
17538,13.0084
17539,17.0084
17540,5.01687
17541,3.00843
17542,1.00843
17543,1.01686
17544,1.0253
17545,13.0084
17546,3.01687
17547,3.0253
17548,19.0084
17549,16.0169
17550,8.0253
17551,8.03373
17552,4.04216
17553,2.05059
17554,16.0084
17555,10.0169
17556,10.0084
17557,8.01686
17558,18.0084
17559,7.01687
17560,6.0253
17561,12.0084
17562,20.0084
17563,12.0084
17564,10.0084
17565,13.0084
17566,16.0084
17567,1.00843
17568,14.0084
17569,12.0169
17570,5.0253
17571,1.00843
17572,1.01686
17573,8.00843
17574,4.01687
17575,3.0253
17576,1.03373
17577,8.00843
17578,7.01687
17579,3.0253
17580,1.03373
17581,18.0084
17582,8.01686
17583,7.0253
17584,1.03373
17585,1.04216
17586,1.05059
17587,17.0084
17588,6.01687
17589,2.0253
17590,5.00843
17591,20.0084
17592,13.0169
17593,13.0253
17594,8.03373
17595,8.04216
17596,7.05059
17597,5.05903
17598,13.0084
17599,8.01686
17600,14.0084
17601,11.0169
17602,8.0253
17603,8.03373
17604,7.04216
17605,1.05059
17606,9.00843
17607,5.01687
17608,12.0084
17609,10.0169
17610,14.0084
17611,5.01687
17612,14.0084
17613,13.0169
17614,12.0253
17615,5.03373
17616,3.00843
17617,3.00843
17618,12.0084
17619,18.0084
17620,12.0169
17621,5.0253
17622,3.03373
17623,19.0084
17624,8.01686
17625,4.0253
17626,3.03373
17627,1.04216
17628,19.0084
17629,6.01687
17630,3.0253
17631,8.00843
17632,13.0084
17633,9.00843
17634,7.01687
17635,5.00843
17636,1.01686
17637,11.0084
17638,5.01687
17639,10.0084
17640,9.01686
17641,8.0253
17642,3.03373
17643,8.00843
17644,17.0084
17645,3.01687
17646,1.0253
17647,1.03373
17648,16.0084
17649,2.01687
17650,2.0253
17651,1.03373
17652,17.0084
17653,16.0169
17654,5.0253
17655,4.03373
17656,15.0084
17657,1.01686
17658,19.0084
17659,10.0169
17660,1.00843
17661,12.0084
17662,8.01686
17663,8.0253
17664,12.0084
17665,14.0084
17666,10.0169
17667,5.0253
17668,14.0084
17669,13.0169
17670,19.0084
17671,18.0169
17672,16.0253
17673,14.0337
17674,12.0422
17675,15.0084
17676,18.0084
17677,12.0169
17678,5.0253
17679,1.00843
17680,1.01686
17681,14.0084
17682,10.0169
17683,7.0253
17684,15.0084
17685,15.0169
17686,8.0253
17687,3.03373
17688,16.0084
17689,14.0169
17690,12.0084
17691,10.0169
17692,7.0253
17693,12.0084
17694,5.01687
17695,5.0253
17696,13.0084
17697,1.01686
17698,10.0084
17699,10.0169
17700,8.00843
17701,13.0084
17702,5.01687
17703,1.0253
17704,14.0084
17705,13.0084
17706,16.0084
17707,12.0169
17708,14.0084
17709,5.01687
17710,5.0253
17711,1.00843
17712,19.0084
17713,16.0169
17714,16.0253
17715,12.0337
17716,8.00843
17717,10.0084
17718,8.01686
17719,8.00843
17720,5.01687
17721,11.0084
17722,11.0169
17723,1.00843
17724,8.00843
17725,14.0084
17726,8.01686
17727,4.00843
17728,3.01687
17729,1.0253
17730,20.0084
17731,17.0169
17732,8.0253
17733,5.03373
17734,5.00843
17735,12.0084
17736,18.0084
17737,12.0169
17738,8.0253
17739,2.00843
17740,13.0084
17741,10.0169
17742,3.0253
17743,6.00843
17744,15.0084
17745,9.01686
17746,8.00843
17747,3.01687
17748,14.0084
17749,5.01687
17750,5.0253
17751,10.0084
17752,8.01686
17753,5.00843
17754,1.01686
17755,10.0084
17756,10.0169
17757,8.0253
17758,5.03373
17759,10.0084
17760,16.0084
17761,12.0169
17762,8.00843
17763,7.01687
17764,7.0253
17765,7.03373
17766,12.0084
17767,6.01687
17768,18.0084
17769,14.0169
17770,12.0253
17771,5.00843
17772,18.0084
17773,13.0084
17774,5.01687
17775,13.0084
17776,15.0084
17777,14.0169
17778,5.0253
17779,5.03373
17780,6.00843
17781,17.0084
17782,7.01687
17783,8.00843
17784,8.01686
17785,5.0253
17786,5.00843
17787,10.0084
17788,10.0169
17789,5.0253
17790,3.03373
17791,12.0084
17792,1.01686
17793,13.0084
17794,1.01686
17795,15.0084
17796,14.0169
17797,12.0253
17798,16.0084
17799,15.0169
17800,15.0253
17801,7.03373
17802,20.0084
17803,13.0084
17804,3.00843
17805,15.0084
17806,5.01687
17807,12.0084
17808,5.01687
17809,7.00843
17810,7.01687
17811,3.0253
17812,10.0084
17813,1.01686
17814,1.00843
17815,10.0084
17816,17.0084
17817,11.0169
17818,8.0253
17819,8.00843
17820,3.01687
17821,16.0084
17822,5.01687
17823,4.00843
17824,19.0084
17825,13.0169
17826,13.0253
17827,7.03373
17828,7.00843
17829,1.01686
17830,13.0084
17831,1.01686
17832,16.0084
17833,13.0169
17834,10.0084
17835,1.01686
17836,13.0084
17837,1.01686
17838,12.0084
17839,8.01686
17840,5.00843
17841,5.01687
17842,3.0253
17843,14.0084
17844,5.00843
17845,5.01687
17846,3.0253
17847,3.03373
17848,13.0084
17849,12.0084
17850,6.01687
17851,1.0253
17852,7.00843
17853,5.01687
17854,18.0084
17855,14.0084
17856,1.01686
17857,12.0084
17858,12.0169
17859,16.0084
17860,5.01687
17861,12.0084
17862,9.00843
17863,14.0084
17864,14.0169
17865,14.0253
17866,7.03373
17867,13.0084
17868,8.01686
17869,5.0253
17870,18.0084
17871,15.0084
17872,5.01687
17873,18.0084
17874,10.0169
17875,3.00843
17876,14.0084
17877,4.01687
17878,14.0084
17879,6.00843
17880,16.0084
17881,16.0169
17882,16.0084
17883,3.01687
17884,1.0253
17885,12.0084
17886,15.0084
17887,13.0169
17888,10.0084
17889,8.01686
17890,13.0084
17891,13.0169
17892,14.0084
17893,10.0169
17894,16.0084
17895,15.0169
17896,13.0253
17897,5.03373
17898,1.04216
17899,16.0084
17900,5.01687
17901,2.0253
17902,14.0084
17903,8.01686
17904,1.00843
17905,14.0084
17906,13.0084
17907,8.01686
17908,8.0253
17909,7.03373
17910,16.0084
17911,13.0169
17912,12.0084
17913,2.01687
17914,1.0253
17915,14.0084
17916,3.01687
17917,15.0084
17918,10.0169
17919,16.0084
17920,5.01687
17921,1.0253
17922,16.0084
17923,20.0084
17924,10.0169
17925,7.0253
17926,10.0084
17927,5.01687
17928,3.0253
17929,17.0084
17930,8.00843
17931,1.01686
17932,1.00843
17933,8.00843
17934,7.01687
17935,9.00843
17936,8.01686
17937,5.0253
17938,1.03373
17939,5.00843
17940,14.0084
17941,8.01686
17942,1.0253
17943,17.0084
17944,12.0169
17945,13.0084
17946,9.01686
17947,7.0253
17948,3.03373
17949,10.0084
17950,1.01686
17951,3.00843
17952,1.01686
17953,12.0084
17954,8.01686
17955,13.0084
17956,3.01687
17957,3.0253
17958,4.00843
17959,1.01686
17960,19.0084
17961,5.01687
17962,3.00843
17963,3.01687
17964,17.0084
17965,8.01686
17966,5.00843
17967,5.01687
17968,12.0084
17969,10.0169
17970,9.0253
17971,18.0084
17972,16.0169
17973,14.0253
17974,10.0337
17975,10.0422
17976,7.05059
17977,5.05903
17978,1.06746
17979,16.0084
17980,12.0169
17981,12.0253
17982,12.0084
17983,14.0084
17984,13.0169
17985,13.0253
17986,10.0337
17987,5.04216
17988,5.05059
17989,5.05903
17990,16.0084
17991,12.0169
17992,12.0253
17993,4.03373
17994,16.0084
17995,17.0084
17996,14.0169
17997,18.0084
17998,18.0169
17999,18.0253
18000,18.0337
18001,18.0422
18002,15.0506
18003,16.0084
18004,1.01686
18005,8.00843
18006,5.01687
18007,1.0253
18008,14.0084
18009,1.01686
18010,8.00843
18011,1.00843
18012,1.01686
18013,5.00843
18014,1.00843
18015,15.0084
18016,6.00843
18017,12.0084
18018,12.0169
18019,8.00843
18020,6.01687
18021,3.0253
18022,15.0084
18023,12.0084
18024,11.0169
18025,9.0253
18026,1.03373
18027,12.0084
18028,7.00843
18029,2.01687
18030,7.00843
18031,14.0084
18032,1.01686
18033,5.00843
18034,10.0084
18035,10.0169
18036,1.0253
18037,14.0084
18038,7.01687
18039,6.0253
18040,8.00843
18041,8.01686
18042,8.0253
18043,1.03373
18044,13.0084
18045,14.0084
18046,1.00843
18047,9.00843
18048,16.0084
18049,14.0084
18050,8.01686
18051,1.0253
18052,5.00843
18053,3.00843
18054,3.01687
18055,1.0253
18056,1.03373
18057,17.0084
18058,12.0169
18059,7.00843
18060,3.01687
18061,8.00843
18062,14.0084
18063,5.01687
18064,3.0253
18065,6.00843
18066,3.01687
18067,3.0253
18068,16.0084
18069,7.01687
18070,18.0084
18071,17.0169
18072,8.0253
18073,8.03373
18074,10.0084
18075,7.00843
18076,7.01687
18077,15.0084
18078,13.0169
18079,7.00843
18080,5.01687
18081,16.0084
18082,13.0169
18083,13.0253
18084,12.0084
18085,10.0084
18086,16.0084
18087,13.0084
18088,8.00843
18089,5.00843
18090,13.0084
18091,6.01687
18092,3.00843
18093,17.0084
18094,1.01686
18095,3.00843
18096,18.0084
18097,13.0169
18098,12.0253
18099,6.03373
18100,5.00843
18101,4.00843
18102,12.0084
18103,9.01686
18104,5.0253
18105,3.00843
18106,1.01686
18107,1.00843
18108,12.0084
18109,14.0084
18110,11.0169
18111,3.0253
18112,6.00843
18113,1.01686
18114,1.0253
18115,20.0084
18116,6.01687
18117,8.00843
18118,5.01687
18119,5.0253
18120,5.03373
18121,7.00843
18122,8.00843
18123,8.01686
18124,7.0253
18125,11.0084
18126,8.01686
18127,1.0253
18128,10.0084
18129,5.01687
18130,12.0084
18131,12.0169
18132,8.00843
18133,8.01686
18134,14.0084
18135,9.01686
18136,3.0253
18137,14.0084
18138,7.01687
18139,7.00843
18140,5.00843
18141,12.0084
18142,10.0169
18143,3.00843
18144,5.00843
18145,1.01686
18146,18.0084
18147,16.0169
18148,14.0084
18149,3.01687
18150,7.00843
18151,7.01687
18152,10.0084
18153,4.01687
18154,10.0084
18155,1.01686
18156,1.0253
18157,15.0084
18158,7.01687
18159,8.00843
18160,4.01687
18161,10.0084
18162,7.00843
18163,8.00843
18164,8.01686
18165,5.0253
18166,17.0084
18167,14.0169
18168,1.0253
18169,15.0084
18170,14.0169
18171,20.0084
18172,16.0084
18173,16.0169
18174,16.0253
18175,14.0337
18176,8.04216
18177,1.05059
18178,13.0084
18179,1.00843
18180,1.01686
18181,8.00843
18182,3.00843
18183,7.00843
18184,5.01687
18185,16.0084
18186,17.0084
18187,18.0084
18188,14.0084
18189,13.0169
18190,8.0253
18191,12.0084
18192,16.0084
18193,1.00843
18194,7.00843
18195,5.01687
18196,3.0253
18197,3.03373
18198,5.00843
18199,15.0084
18200,12.0084
18201,16.0084
18202,8.01686
18203,2.0253
18204,14.0084
18205,10.0169
18206,7.0253
18207,8.00843
18208,5.01687
18209,13.0084
18210,13.0084
18211,1.01686
18212,8.00843
18213,7.01687
18214,15.0084
18215,12.0169
18216,5.0253
18217,3.03373
18218,15.0084
18219,13.0169
18220,10.0253
18221,1.03373
18222,5.00843
18223,5.01687
18224,3.0253
18225,18.0084
18226,15.0169
18227,15.0253
18228,7.03373
18229,12.0084
18230,9.01686
18231,8.0253
18232,6.03373
18233,1.00843
18234,16.0084
18235,13.0169
18236,12.0253
18237,7.03373
18238,1.04216
18239,16.0084
18240,8.00843
18241,10.0084
18242,6.01687
18243,19.0084
18244,15.0169
18245,7.0253
18246,10.0084
18247,8.00843
18248,3.01687
18249,12.0084
18250,15.0084
18251,14.0084
18252,6.01687
18253,4.0253
18254,3.03373
18255,13.0084
18256,12.0169
18257,5.0253
18258,3.00843
18259,2.01687
18260,1.0253
18261,17.0084
18262,10.0169
18263,3.0253
18264,14.0084
18265,12.0084
18266,1.01686
18267,9.00843
18268,9.00843
18269,10.0084
18270,6.00843
18271,3.00843
18272,12.0084
18273,14.0084
18274,3.01687
18275,7.00843
18276,7.01687
18277,7.0253
18278,2.03373
18279,1.04216
18280,1.05059
18281,12.0084
18282,3.01687
18283,3.0253
18284,17.0084
18285,15.0169
18286,11.0253
18287,5.00843
18288,5.01687
18289,3.0253
18290,3.00843
18291,3.00843
18292,15.0084
18293,5.00843
18294,3.01687
18295,3.0253
18296,3.00843
18297,13.0084
18298,15.0084
18299,7.01687
18300,5.0253
18301,6.00843
18302,18.0084
18303,7.01687
18304,7.0253
18305,3.03373
18306,1.04216
18307,8.00843
18308,7.01687
18309,1.0253
18310,7.00843
18311,10.0084
18312,6.01687
18313,3.0253
18314,3.03373
18315,1.04216
18316,12.0084
18317,12.0169
18318,12.0253
18319,5.03373
18320,14.0084
18321,6.01687
18322,14.0084
18323,5.01687
18324,1.0253
18325,16.0084
18326,8.01686
18327,8.0253
18328,7.00843
18329,1.01686
18330,16.0084
18331,10.0169
18332,8.0253
18333,5.00843
18334,1.01686
18335,18.0084
18336,15.0169
18337,5.0253
18338,5.03373
18339,17.0084
18340,16.0169
18341,1.0253
18342,17.0084
18343,13.0084
18344,14.0084
18345,8.01686
18346,5.0253
18347,1.03373
18348,6.00843
18349,7.00843
18350,17.0084
18351,8.01686
18352,8.0253
18353,8.03373
18354,7.00843
18355,7.01687
18356,5.0253
18357,15.0084
18358,9.01686
18359,8.0253
18360,7.03373
18361,15.0084
18362,9.01686
18363,14.0084
18364,10.0169
18365,8.0253
18366,3.03373
18367,13.0084
18368,10.0169
18369,5.0253
18370,7.00843
18371,3.00843
18372,5.00843
18373,18.0084
18374,17.0169
18375,8.0253
18376,1.03373
18377,1.04216
18378,5.00843
18379,5.01687
18380,3.0253
18381,3.00843
18382,8.00843
18383,5.01687
18384,10.0084
18385,8.00843
18386,8.01686
18387,8.0253
18388,14.0084
18389,13.0169
18390,12.0253
18391,10.0084
18392,18.0084
18393,12.0084
18394,16.0084
18395,18.0084
18396,18.0084
