{
  "distribution": "normal",
  "parameters": {
    "inferred_mean": 10.11107347959184,
    "inferred_std": 2.0313877396699684
  },
  "num_samples": 980,
  "statistics": {
    "mean": 10.11107347959184,
    "std": 2.0313877396699684,
    "min": 3.16921,
    "max": 16.36,
    "median": 10.0691,
    "q25": 8.7699925,
    "q75": 11.471924999999999
  },
  "normal_params": {
    "mean": 10.11107347959184,
    "variance": 4.126536148881464,
    "std": 2.0313877396699684
  }
}