{
  "distribution": "normal",
  "parameters": {
    "inferred_mean": 9.942700100000001,
    "inferred_std": 2.0200856625878494
  },
  "num_samples": 100,
  "statistics": {
    "mean": 9.942700100000001,
    "std": 2.0200856625878494,
    "min": 4.78466,
    "max": 15.3377,
    "median": 9.741515,
    "q25": 8.690405,
    "q75": 11.479325
  },
  "normal_params": {
    "mean": 9.942700100000001,
    "variance": 4.08074608419299,
    "std": 2.0200856625878494
  }
}