seq_num,delay_ms
0,40.9103
1,39.1975
2,39.8402
3,40.655
4,37.4792
5,41.0245
6,39.7099
7,42.0252
8,39.1922
9,39.8216
10,42.2656
11,39.8305
12,38.2928
13,38.2786
14,38.64
15,37.9579
16,42.1339
17,42.0055
18,42.4483
19,37.9987
20,42.4346
21,41.7706
22,40.3793
23,41.5367
24,40.8984
25,40.7984
26,37.0653
27,41.2917
28,41.0469
29,39.2023
30,39.2535
31,42.0044
32,41.573
33,38.6005
34,43.7995
35,38.7478
36,38.9073
37,40.7079
38,37.5084
39,38.6219
40,40.9513
41,41.7185
42,41.3303
43,45.3617
44,39.8405
45,39.6638
46,39.248
47,39.9426
48,39.9044
49,38.5049
50,40.1123
51,36.2125
52,40.7305
53,38.1314
54,38.4143
55,37.9156
56,39.5485
57,39.1828
58,40.3638
59,39.38
60,41.4634
61,35.0887
62,40.4048
63,41.9028
64,38.5538
65,41.3125
66,39.8885
67,43.5332
68,36.5051
69,38.812
70,37.7457
71,40.4402
72,37.4449
73,41.6543
74,41.475
75,40.0839
76,41.1144
77,38.3498
78,37.223
79,39.6907
80,40.887
81,40.2828
82,41.9843
83,41.8129
84,41.0509
85,39.4952
86,39.6322
87,42.6109
88,37.8791
89,39.964
90,44.4895
91,43.6753
92,43.4796
93,40.5929
94,41.9709
95,39.5651
96,36.1507
97,36.4583
98,41.5146
99,40.7424
100,40.3086
101,39.5978
102,41.4031
103,39.199
104,36.4482
105,39.5114
106,38.2957
107,41.27
108,38.9193
109,42.8359
110,40.3896
111,41.7332
112,40.8959
113,40.2802
114,39.4539
115,37.4382
116,41.1427
117,39.6626
118,42.7435
119,43.311
120,38.5811
121,35.3508
122,41.6035
123,40.9738
124,38.5351
125,39.7737
126,39.8662
127,36.6019
128,41.6281
129,41.0119
130,38.6884
131,39.9227
132,40.2141
133,39.8783
134,40.5302
135,39.9489
136,41.1463
137,42.0138
138,37.1171
139,42.3292
140,38.6055
141,40.4654
142,40.5948
143,38.6647
144,40.5478
145,37.9702
146,39.1409
147,35.7748
148,38.5015
149,44.5557
150,38.9291
151,36.726
152,37.9338
153,40.2149
154,42.6314
155,39.6881
156,40.2618
157,38.2438
158,37.7087
159,38.815
160,40.3379
161,39.7799
162,46.1046
163,42.9175
164,38.3473
165,40.3712
166,39.8137
167,41.1753
168,40.1417
169,40.7508
170,36.102
171,38.798
172,38.6728
173,43.0874
174,38.3027
175,41.5441
176,43.4155
177,39.7507
178,40.7512
179,41.3535
180,40.6596
181,37.1324
182,39.7612
183,41.3128
184,41.8953
185,38.6284
186,38.9867
187,40.3519
188,36.7408
189,41.4358
190,39.1602
191,39.0722
192,37.9602
193,41.5564
194,38.1296
195,38.4208
196,40.9563
197,40.7048
198,38.6242
199,42.7424
200,42.6233
201,41.8333
202,41.3587
203,39.6958
204,39.7616
205,37.9905
206,40.573
207,41.7323
208,41.3774
209,41.5171
210,39.5738
211,37.9349
212,41.9319
213,42.8208
214,42.9118
215,39.1008
216,41.9384
217,38.3272
218,37.1177
219,43.959
220,42.3721
221,38.1978
222,38.129
223,37.8467
224,42.5109
225,40.641
226,38.3576
227,41.1579
228,38.7766
229,39.3617
230,42.3436
231,38.0216
232,37.3906
233,39.0162
234,37.0135
235,39.4183
236,41.0009
237,38.2289
238,38.1695
239,41.4871
240,38.8981
241,38.9997
242,41.2514
243,41.8366
244,41.5638
245,41.4449
246,36.7129
247,37.2853
248,38.79
249,40.6194
250,41.3385
251,41.9077
252,38.4932
253,38.8942
254,42.5648
255,38.9909
256,41.6425
257,40.7982
258,41.3687
259,42.1628
260,38.0121
261,41.3019
262,39.4995
263,44.801
264,39.3955
265,39.6554
266,39.6695
267,40.9597
268,40.0435
269,42.4215
270,39.7439
271,38.6216
272,42.9835
273,36.3462
274,39.5732
275,38.2726
276,38.2635
277,41.1365
278,38.9584
279,42.9324
280,46.111
281,41.9814
282,39.1202
283,43.3913
284,40.1546
285,38.4352
286,43.3165
287,41.1537
288,37.6504
289,39.3894
290,43.731
291,37.6292
292,37.1616
293,36.6953
294,37.9466
295,40.5622
296,38.6528
297,39.9313
298,40.6587
299,40.8366
300,40.8708
301,42.9153
302,37.2564
303,37.7179
304,38.8314
305,36.3915
306,41.0651
307,39.4972
308,39.5614
309,39.3682
310,42.1031
311,42.9625
312,39.8289
313,40.8677
314,40.763
315,39.6342
316,39.5308
317,39.1794
318,39.8911
319,37.9899
320,41.8656
321,39.7361
322,40.3549
323,39.8132
324,40.7025
325,40.8418
326,42.3157
327,44.8378
328,40.931
329,39.381
330,39.06
331,39.1101
332,41.4733
333,39.1539
334,46.0869
335,41.4632
336,42.1653
337,40.1423
338,42.5269
339,40.8865
340,40.8102
341,35.9873
342,37.4098
343,40.3908
344,37.5923
345,40.7611
346,42.593
347,41.1782
348,40.8685
349,39.5176
350,42.1845
351,37.8239
352,41.7676
353,38.8498
354,40.4216
355,37.0041
356,38.281
357,43.2927
358,37.95
359,40.9453
360,44.1088
361,39.489
362,42.3018
363,39.523
364,40.3009
365,40.1463
366,37.4071
367,36.7695
368,36.411
369,40.2594
370,38.6327
371,39.148
372,41.8682
373,39.4731
374,38.2561
375,38.9944
376,39.2249
377,39.2136
378,41.6738
379,38.7719
380,37.2607
381,39.4823
382,41.8478
383,41.1391
384,40.0901
385,42.7926
386,38.6087
387,38.0629
388,39.8802
389,42.6378
390,38.0926
391,37.7868
392,40.5934
393,43.1636
394,40.117
395,39.0878
396,39.3876
397,40.5585
398,39.7406
399,40.1227
400,38.0686
401,42.8721
402,39.8082
403,41.6286
404,40.9423
405,39.4528
406,37.1846
407,41.4677
408,39.425
409,37.5366
410,42.0904
411,37.2077
412,38.9804
413,38.606
414,40.5668
415,41.6942
416,42.3095
417,41.1966
418,40.1176
419,36.664
420,38.5362
421,41.2047
422,38.9934
423,41.8125
424,39.8029
425,39.2443
426,39.0084
427,42.4551
428,40.6177
429,41.1533
430,37.5091
431,41.8768
432,37.7742
433,40.4702
434,40.9287
435,41.1167
436,40.5342
437,41.9599
438,38.421
439,40.5766
440,36.2678
441,40.8275
442,44.6861
443,39.7248
444,41.512
445,38.6363
446,40.136
447,41.9634
448,39.7195
449,41.5388
450,42.3775
451,40.8983
452,39.9526
453,39.0572
454,42.1522
455,37.1597
456,40.0563
457,41.2621
458,39.1302
459,42.2785
460,40.945
461,40.2087
462,41.4158
463,41.3226
464,40.0552
465,41.8155
466,38.8553
467,37.401
468,39.9992
469,38.5054
470,41.3452
471,35.8516
472,40.3027
473,37.8794
474,40.6471
475,38.7873
476,42.0204
477,37.8774
478,42.3492
479,36.9826
480,40.8022
481,38.1911
482,39.8747
483,38.1306
484,42.0592
485,41.9248
486,42.0871
487,39.3734
488,40.339
489,42.1831
490,37.6699
491,37.6624
492,40.1366
493,43.1835
494,38.1993
495,39.7317
496,39.9825
497,39.0788
498,41.5107
499,38.9204
500,38.8593
501,37.6793
502,41.012
503,39.926
504,37.9752
505,39.4139
506,41.4176
507,39.3447
508,37.36
509,43.1696
510,39.577
511,39.1724
512,40.448
513,38.1909
514,39.2865
515,39.7972
516,37.963
517,40.0569
518,41.9122
519,39.4261
520,45.0662
521,42.6713
522,38.2881
523,41.923
524,36.5705
525,39.7517
526,44.2781
527,39.6554
528,41.5357
529,36.162
530,39.127
531,41.926
532,37.8026
533,43.6612
534,39.3031
535,42.3831
536,37.357
537,41.7409
538,36.9019
539,36.3654
540,41.7081
541,41.6264
542,39.7111
543,40.5483
544,38.1618
545,39.8216
546,39.3331
547,40.3559
548,41.4761
549,45.2202
550,41.5417
551,45.4282
552,38.6976
553,37.4522
554,37.8018
555,38.5157
556,41.7308
557,38.6777
558,38.8218
559,40.7886
560,40.9551
561,43.541
562,38.3359
563,39.3348
564,36.3614
565,42.447
566,41.7303
567,40.2207
568,41.6487
569,39.6934
570,42.067
571,41.4637
572,38.7417
573,39.9608
574,37.5587
575,41.0742
576,37.3868
577,39.4141
578,38.1446
579,40.8202
580,38.1076
581,41.6908
582,40.255
583,41.4796
584,43.9481
585,41.334
586,42.1107
587,37.3634
588,39.8492
589,38.0203
590,39.1155
591,42.4632
592,38.7182
593,39.2171
594,39.2493
595,40.114
596,39.8671
597,39.3794
598,41.0826
599,39.0744
600,40.6435
601,37.9291
602,37.3789
603,40.141
604,37.061
605,41.0594
606,40.4929
607,41.3237
608,40.9288
609,40.1494
610,37.3277
611,41.3124
612,37.2523
613,37.2161
614,39.6164
615,39.3434
616,42.0089
617,41.968
618,42.2457
619,38.5338
620,44.8685
621,40.9098
622,36.4139
623,40.9069
624,38.6197
625,42.3069
626,36.431
627,35.7318
628,44.6783
629,39.4175
630,37.9529
631,39.2118
632,38.7083
633,37.5871
634,38.8235
635,39.8648
636,40.5833
637,40.3084
638,41.4342
639,35.7959
640,41.6908
641,43.4735
642,38.4125
643,37.7987
644,37.8836
645,37.9377
646,42.7987
647,39.4548
648,43.7733
649,39.3579
650,40.3574
651,39.4199
652,37.3847
653,39.1321
654,40.9812
655,41.7671
656,38.1203
657,40.5523
658,42.1671
659,36.25
660,38.6144
661,39.145
662,38.777
663,39.9989
664,43.3272
665,41.1783
666,38.7826
667,42.0441
668,38.7325
669,42.6192
670,39.4291
671,40.1869
672,41.9421
673,41.4514
674,37.5148
675,38.4134
676,39.1767
677,41.1885
678,35.8666
679,39.7616
680,40.1684
681,39.3837
682,37.9532
683,42.8865
684,39.7223
685,37.9049
686,42.7429
687,43.544
688,39.7376
689,40.6978
690,40.5676
691,39.7281
692,38.738
693,40.7637
694,40.8586
695,42.4163
696,38.4879
697,38.9364
698,39.4057
699,38.6904
700,40.0311
701,39.6536
702,39.0885
703,41.0795
704,44.134
705,41.0687
706,39.3562
707,39.0598
708,38.5148
709,39.4587
710,37.1392
711,39.8476
712,42.3167
713,39.9353
714,42.1982
715,39.0271
716,43.6916
717,42.395
718,40.5457
719,40.5899
720,35.4656
721,42.5073
722,39.5407
723,42.3552
724,41.8892
725,40.0248
726,41.6309
727,38.7917
728,37.3263
729,41.9821
730,40.8866
731,39.3646
732,41.8024
733,39.2606
734,41.552
735,38.0926
736,40.8997
737,44.4831
738,39.2038
739,37.3598
740,40.6732
741,45.4138
742,40.5009
743,39.9318
744,37.5337
745,40.2659
746,43.46
747,45.3661
748,40.7569
749,38.5683
750,39.9171
751,44.3233
752,42.695
753,39.4001
754,40.8338
755,38.6172
756,40.4475
757,41.6732
758,41.3014
759,41.7279
760,39.1378
761,43.1602
762,41.6632
763,38.5969
764,37.8615
765,43.097
766,40.8829
767,41.2577
768,37.8632
769,39.708
770,40.4033
771,43.0981
772,37.8061
773,41.9229
774,43.2241
775,37.8861
776,39.7916
777,39.5648
778,38.9002
779,41.6792
780,40.2431
781,38.268
782,42.6088
783,39.2925
784,41.8529
785,42.526
786,44.1836
787,43.8157
788,40.0387
789,38.6931
790,38.3184
791,39.2258
792,39.0516
793,36.5333
794,37.6322
795,41.8774
796,40.2014
797,41.4863
798,40.7566
799,39.8469
800,43.6273
801,37.9521
802,40.1269
803,41.299
804,40.9774
805,39.2098
806,39.6188
807,40.966
808,37.469
809,40.9076
810,41.0111
811,38.5532
812,39.9908
813,39.8994
814,38.3709
815,38.1148
816,40.7497
817,39.9879
818,41.8709
819,39.098
820,38.2599
821,42.9364
822,40.9084
823,39.0706
824,40.2921
825,41.4029
826,41.9702
827,39.982
828,37.0291
829,41.1907
830,37.4183
831,40.0766
832,41.4376
833,40.1225
834,40.45
835,41.1903
836,41.0761
837,38.6165
838,41.139
839,41.7473
840,41.7873
841,38.1863
842,39.3509
843,37.2148
844,37.4659
845,39.4256
846,33.8789
847,40.9888
848,37.46
849,35.1977
850,41.057
851,39.9004
852,39.9761
853,41.1793
854,39.0997
855,41.4083
856,39.0008
857,39.6054
858,40.5405
859,40.7935
860,35.9193
861,43.9983
862,36.2242
863,38.297
864,40.2554
865,39.5114
866,41.2418
867,40.4021
868,38.051
869,37.0834
870,40.0425
871,39.3761
872,37.8815
873,44.2001
874,38.5149
875,42.5701
876,38.1115
877,39.2898
878,39.1443
879,42.1068
880,43.1342
881,42.7642
882,37.9638
883,41.384
884,40.2008
885,39.2911
886,42.6015
887,40.2727
888,39.8624
889,39.6215
890,40.3635
891,41.2878
892,42.1203
893,41.8395
894,37.7656
895,41.4997
896,40.0121
897,42.3944
898,41.0033
899,40.0759
900,41.988
901,42.2647
902,39.1663
903,40.3621
904,41.2274
905,39.8429
906,44.4209
907,37.482
908,41.694
909,39.0019
910,41.7168
911,39.3641
912,40.4681
913,36.7394
914,39.9048
915,40.3227
916,37.7852
917,42.6306
918,41.4658
919,38.8082
920,41.817
921,42.1035
922,40.1811
923,44.2068
924,37.0132
925,42.3488
926,38.3734
927,40.1136
928,41.2791
929,37.6053
930,37.8438
931,36.6292
932,39.0192
933,45.0354
934,40.5909
935,39.9101
936,41.7306
937,39.3851
938,39.2786
939,39.4764
940,40.9483
941,43.2086
942,39.4499
943,39.7339
944,40.811
945,39.092
946,41.6695
947,38.7461
948,40.477
949,43.4659
950,43.4382
951,44.2307
952,38.005
953,41.4577
954,41.6498
955,38.1394
956,40.0374
957,36.0398
958,38.3235
959,45.1332
960,38.5787
961,38.4304
962,40.5315
963,42.53
964,41.7328
965,38.1761
966,42.5636
967,38.9914
968,36.175
969,36.8737
970,40.8653
971,39.4234
972,40.422
973,39.9922
974,41.1178
975,38.97
976,42.539
977,37.0436
978,42.0838
979,37.9144
980,39.8031
981,39.227
982,39.3928
983,36.3371
984,40.701
985,38.5369
986,40.882
987,36.0265
988,41.9512
989,39.5827
990,40.438
991,39.2417
992,40.3205
993,38.4992
994,39.7338
995,41.4106
996,41.8798
997,39.3322
998,38.1298
999,34.2237
1000,38.8692
1001,39.3041
1002,40.9329
1003,40.116
1004,39.9121
1005,42.4021
1006,39.9221
1007,41.4118
1008,35.3875
1009,40.1361
1010,42.4524
1011,40.4479
1012,40.6293
1013,38.3451
1014,44.6146
1015,40.3307
1016,39.3127
1017,40.7282
1018,39.1198
1019,40.3203
1020,39.0907
1021,40.751
1022,41.1373
1023,43.6313
1024,42.2849
1025,37.5895
1026,39.0153
1027,35.0085
1028,37.854
1029,41.7869
1030,39.5219
1031,37.302
1032,40.8779
1033,38.0322
1034,41.1108
1035,38.4593
1036,35.1193
1037,37.9647
1038,38.6834
1039,40.4814
1040,43.351
1041,38.8499
1042,40.7267
1043,39.3499
1044,38.7347
1045,37.1155
1046,42.9575
1047,39.7715
1048,43.294
1049,39.1481
1050,44.7154
1051,39.6336
1052,39.7475
1053,42.3341
1054,42.8245
1055,38.4938
1056,43.9086
1057,40.0334
1058,39.1837
1059,38.4269
1060,40.883
1061,43.4758
1062,35.7199
1063,41.0677
1064,41.2003
1065,42.7574
1066,39.7437
1067,41.1227
1068,40.4246
1069,40.0536
1070,39.2848
1071,41.2341
1072,37.3278
1073,41.4078
1074,39.9964
1075,41.9882
1076,42.2275
1077,39.6
1078,41.6341
1079,37.8505
1080,38.6136
1081,36.9118
1082,38.5027
1083,37.5489
1084,39.4132
1085,39.3425
1086,38.9964
1087,43.4206
1088,40.1246
1089,43.7465
1090,41.6731
1091,37.6761
1092,37.238
1093,36.8359
1094,41.3555
1095,37.3609
1096,39.7176
1097,36.5889
1098,39.3378
1099,40.1527
1100,36.7373
1101,34.9157
1102,39.0144
1103,38.9157
1104,39.398
1105,42.9087
1106,40.4553
1107,41.0531
1108,38.635
1109,38.9498
1110,36.0133
1111,42.1087
1112,44.1863
1113,37.5189
1114,41.4474
1115,38.2701
1116,39.13
1117,38.9767
1118,39.0183
1119,40.6942
1120,39.0344
1121,38.4314
1122,40.8744
1123,38.6384
1124,40.1125
1125,42.4226
1126,40.7036
1127,39.8719
1128,40.185
1129,39.2575
1130,39.5728
1131,38.774
1132,38.7477
1133,41.7143
1134,41.1812
1135,41.7767
1136,44.5109
1137,42.7875
1138,39.8268
1139,39.9877
1140,40.6736
1141,39.1317
1142,40.9148
1143,41.6949
1144,38.2231
1145,38.691
1146,37.6799
1147,38.1028
1148,40.2374
1149,40.4532
1150,39.8177
1151,45.2702
1152,41.3848
1153,36.1931
1154,40.4345
1155,40.4431
1156,40.4935
1157,37.5001
1158,39.5845
1159,40.0109
1160,42.5435
1161,37.0561
1162,37.2664
1163,38.6919
1164,42.7751
1165,42.0203
1166,43.1069
1167,40.0434
1168,38.8331
1169,39.7649
1170,37.6706
1171,42.7024
1172,39.5323
1173,42.8818
1174,43.5258
1175,42.0941
1176,41.519
1177,38.2089
1178,36.4332
1179,41.2398
1180,40.9127
1181,43.1726
1182,41.7612
1183,37.0697
1184,37.2223
1185,39.7354
1186,38.5569
1187,41.5003
1188,36.6986
1189,43.9884
1190,37.6261
1191,41.2835
1192,38.8842
1193,39.2038
1194,41.7474
1195,38.0529
1196,39.5499
1197,39.5432
1198,40.7705
1199,41.8973
1200,41.4158
1201,40.6165
1202,41.3524
1203,38.2639
1204,41.3361
1205,38.6844
1206,37.3973
1207,43.0089
1208,42.9356
1209,41.1152
1210,41.7918
1211,38.8393
1212,37.3555
1213,41.0588
1214,42.9313
1215,42.3098
1216,38.9611
1217,39.7417
1218,39.8929
1219,38.2065
1220,38.7266
1221,39.2769
1222,37.838
1223,35.3446
1224,42.7132
1225,40.7155
1226,38.2737
1227,38.9395
1228,41.5397
1229,37.5595
1230,44.7497
1231,39.0359
1232,43.2368
1233,41.0504
1234,41.585
1235,40.1275
1236,39.1841
1237,38.42
1238,39.6708
1239,41.5759
1240,40.4594
1241,40.2389
1242,41.3137
1243,45.2491
1244,44.7322
1245,44.5546
1246,37.5904
1247,40.5078
1248,39.9174
1249,41.4692
1250,40.0192
1251,41.1777
1252,40.2088
1253,40.1362
1254,40.5038
1255,38.7646
1256,41.1585
1257,45.4644
1258,41.5353
1259,40.1837
1260,39.0236
1261,38.312
1262,40.6994
1263,36.1457
1264,41.1895
1265,40.7273
1266,42.7494
1267,44.2337
1268,35.4316
1269,34.8769
1270,40.4475
1271,37.4797
1272,37.7906
1273,39.9831
1274,38.133
1275,42.4368
1276,39.5854
1277,41.1194
1278,39.5579
1279,39.6011
1280,37.6449
1281,43.7045
1282,39.9893
1283,41.5841
1284,38.8171
1285,39.3148
1286,36.2121
1287,40.7814
1288,43.716
1289,40.6567
1290,39.0596
1291,45.9246
1292,41.5763
1293,40.0209
1294,42.903
1295,36.5597
1296,40.8908
1297,41.0314
1298,39.0477
1299,37.7133
1300,38.9047
1301,38.4978
1302,38.8534
1303,42.8842
1304,39.1031
1305,42.3557
1306,40.4879
1307,38.7051
1308,42.9062
1309,42.9173
1310,39.8078
1311,39.7696
1312,39.1131
1313,41.1383
1314,41.2157
1315,37.7907
1316,45.6331
1317,38.2501
1318,41.7962
1319,45.2784
1320,41.3729
1321,41.7487
1322,40.7762
1323,38.8929
1324,42.6773
1325,40.0073
1326,43.1754
1327,40.4407
1328,39.8813
1329,37.6078
1330,44.778
1331,35.2584
1332,38.3465
1333,39.0346
1334,46.2401
1335,41.4407
1336,37.6387
1337,40.258
1338,41.6446
1339,39.059
1340,44.5972
1341,39.0092
1342,40.1947
1343,40.7692
1344,37.0642
1345,43.1411
1346,37.764
1347,39.5081
1348,41.9587
1349,40.1548
1350,39.5754
1351,40.2247
1352,44.4074
1353,40.7887
1354,40.6681
1355,41.7724
1356,38.6948
1357,42.5337
1358,42.7003
1359,39.2353
1360,40.0407
1361,38.9546
1362,36.7445
1363,40.069
1364,39.4377
1365,38.2282
1366,37.0425
1367,35.3528
1368,40.9519
1369,40.4942
1370,40.9968
1371,37.9256
1372,41.3097
1373,43.8806
1374,37.5511
1375,37.6434
1376,40.451
1377,40.9886
1378,39.3981
1379,43.3135
1380,39.3009
1381,42.3962
1382,41.2171
1383,37.0864
1384,41.3613
1385,36.1155
1386,39.0781
1387,38.7078
1388,38.127
1389,39.8172
1390,43.56
1391,41.2554
1392,40.7477
1393,39.5777
1394,39.1342
1395,39.633
1396,41.4022
1397,39.508
1398,40.2018
1399,41.8499
1400,38.6005
1401,38.651
1402,42.7447
1403,39.0483
1404,39.1196
1405,39.006
1406,40.4982
1407,39.4594
1408,40.0556
1409,40.4392
1410,41.0051
1411,38.4961
1412,36.5766
1413,38.067
1414,40.2999
1415,38.1763
1416,40.9144
1417,41.3335
1418,40.1835
1419,40.9059
1420,39.1198
1421,36.7999
1422,41.086
1423,42.3111
1424,39.2218
1425,40.4405
1426,38.4457
1427,39.4886
1428,40.6413
1429,37.1637
1430,40.7749
1431,41.8719
1432,41.9111
1433,38.3458
1434,39.9314
1435,39.4094
1436,39.4279
1437,40.8098
1438,39.3169
1439,41.6059
1440,42.232
1441,37.7555
1442,36.8322
1443,41.444
1444,41.8008
1445,40.8512
1446,39.1039
1447,37.5974
1448,43.0009
1449,40.3918
1450,38.0426
1451,39.7795
1452,40.0913
1453,37.1984
1454,41.4341
1455,38.5743
1456,42.0809
1457,39.8132
1458,39.2462
1459,41.4897
1460,38.4624
1461,38.166
1462,35.5507
1463,37.5939
1464,41.5943
1465,39.9955
1466,39.5711
1467,41.591
1468,39.2551
1469,40.7437
1470,41.563
1471,42.4819
1472,39.3065
1473,39.5771
1474,39.683
1475,36.5794
1476,39.281
1477,37.8607
1478,39.8053
1479,40.227
1480,41.7005
1481,37.2192
1482,39.2835
1483,38.1625
1484,37.9347
1485,38.5561
1486,42.1256
1487,37.9311
1488,39.3311
1489,40.2194
1490,40.713
1491,37.7471
1492,37.3713
1493,39.6392
1494,39.4637
1495,41.188
1496,39.8565
1497,41.1455
1498,39.0592
1499,40.5322
1500,39.6075
1501,39.2581
1502,40.4233
1503,39.0938
1504,44.0767
1505,39.1325
1506,37.4478
1507,39.4603
1508,40.5046
1509,36.7806
1510,40.7277
1511,38.9018
1512,40.3331
1513,41.7286
1514,40.4263
1515,42.471
1516,37.5382
1517,36.7036
1518,40.9235
1519,38.6667
1520,37.0223
1521,40.0167
1522,40.2151
1523,39.6029
1524,37.7215
1525,40.3726
1526,38.4679
1527,42.293
1528,36.6794
1529,38.2691
1530,39.0116
1531,41.5636
1532,38.9044
1533,38.8729
1534,40.5263
1535,39.8698
1536,40.9415
1537,39.542
1538,43.3282
1539,40.1402
1540,40.0788
1541,38.8836
1542,39.1852
1543,36.2206
1544,40.6524
1545,41.2592
1546,43.6824
1547,39.0637
1548,37.1783
1549,39.2194
1550,38.6966
1551,39.4183
1552,41.6529
1553,40.8623
1554,45.0101
1555,37.4099
1556,38.0996
1557,39.3437
1558,40.4027
1559,41.835
1560,38.4235
1561,36.6619
1562,39.3544
1563,40.3202
1564,41.8149
1565,41.5529
1566,41.2964
1567,40.097
1568,42.111
1569,42.7539
1570,42.5318
1571,40.7608
1572,40.2203
1573,43.0373
1574,43.7451
1575,39.9436
1576,40.9555
1577,39.0244
1578,40.5984
1579,42.0964
1580,38.4951
1581,42.908
1582,37.4748
1583,37.0455
1584,44.205
1585,38.2393
1586,40.207
1587,38.1787
1588,40.1631
1589,40.0845
1590,41.4686
1591,43.6104
1592,38.9796
1593,42.7268
1594,43.4272
1595,41.572
1596,41.6906
1597,41.0443
1598,39.9631
1599,40.9197
1600,39.1478
1601,40.0666
1602,40.8127
1603,39.3177
1604,41.5575
1605,42.4144
1606,38.1627
1607,40.0598
1608,38.7884
1609,38.5391
1610,40.9079
1611,37.4141
1612,40.5327
1613,39.5516
1614,39.8652
1615,41.8726
1616,42.9738
1617,43.0617
1618,38.2967
1619,38.1301
1620,40.4744
1621,43.7116
1622,37.0733
1623,39.2621
1624,36.5216
1625,38.8619
1626,38.4276
1627,38.9793
1628,41.3474
1629,38.5023
1630,39.8111
1631,41.2967
1632,43.0895
1633,39.323
1634,38.5257
1635,40.1812
1636,43.4285
1637,44.1765
1638,39.5803
1639,41.7361
1640,39.5524
1641,39.5267
1642,41.6473
1643,34.9071
1644,37.2365
1645,40.0674
1646,39.7714
1647,40.666
1648,39.1379
1649,38.7494
1650,36.3323
1651,40.9927
1652,42.0164
1653,41.2282
1654,41.9222
1655,36.9207
1656,40.301
1657,38.6567
1658,36.4313
1659,40.477
1660,40.5938
1661,38.4267
1662,40.7536
1663,38.7014
1664,40.1643
1665,39.2161
1666,40.1508
1667,40.5747
1668,42.3639
1669,39.5221
1670,41.2708
1671,36.5413
1672,40.7352
1673,40.2827
1674,42.4622
1675,38.406
1676,38.7959
1677,41.3442
1678,39.0488
1679,38.9283
1680,41.0464
1681,40.0819
1682,40.1741
1683,39.7259
1684,39.8437
1685,39.4508
1686,40.114
1687,39.0835
1688,40.0954
1689,39.3501
1690,39.9009
1691,40.9331
1692,43.1417
1693,38.7784
1694,41.491
1695,41.7364
1696,43.5097
1697,38.9596
1698,37.3308
1699,35.7196
1700,41.034
1701,38.4823
1702,35.951
1703,40.0318
1704,37.6887
1705,39.5875
1706,43.3789
1707,42.5255
1708,35.6244
1709,39.7493
1710,43.4439
1711,40.2625
1712,39.5182
1713,39.2032
1714,42.8903
1715,43.8946
1716,34.2139
1717,41.0534
1718,39.8634
1719,39.5563
1720,39.2807
1721,38.2701
1722,37.4388
1723,37.2887
1724,39.0489
1725,40.6647
1726,39.9918
1727,40.5723
1728,42.0135
1729,39.0246
1730,42.6434
1731,38.6669
1732,41.5621
1733,37.8129
1734,37.9298
1735,39.6596
1736,38.3742
1737,37.4417
1738,40.9432
1739,38.9645
1740,39.3539
1741,38.483
1742,41.6816
1743,38.9778
1744,39.3427
1745,42.1448
1746,42.1436
1747,39.5493
1748,44.4516
1749,40.6728
1750,38.04
1751,39.5337
1752,37.2043
1753,37.013
1754,41.9988
1755,39.5775
1756,37.7477
1757,36.689
1758,39.0939
1759,40.249
1760,38.9894
1761,41.2347
1762,40.6282
1763,44.1446
1764,39.5761
1765,37.0465
1766,38.837
1767,41.5474
1768,41.0035
1769,41.8155
1770,41.1522
1771,39.1933
1772,40.7269
1773,38.5236
1774,39.9966
1775,36.1945
1776,41.3106
1777,39.6496
1778,39.4331
1779,39.2797
1780,41.7632
1781,34.756
1782,37.8988
1783,38.5427
1784,45.4809
1785,37.1594
1786,37.2234
1787,39.3289
1788,40.0641
1789,39.7649
1790,40.1462
1791,39.6589
1792,37.8501
1793,40.8227
1794,43.9441
1795,37.6891
1796,43.6509
1797,38.8678
1798,41.1298
1799,38.172
1800,41.0006
1801,40.9995
1802,43.3441
1803,37.8632
1804,38.8082
1805,38.6885
1806,41.5309
1807,39.7751
1808,37.3795
1809,40.6383
1810,41.0649
1811,41.2308
1812,38.8364
1813,41.0262
1814,41.9295
1815,36.6798
1816,40.3931
1817,41.9287
1818,43.6074
1819,43.0211
1820,40.5524
1821,42.2418
1822,40.0518
1823,41.224
1824,40.5383
1825,39.3318
1826,40.243
1827,39.1827
1828,39.3671
1829,38.3974
1830,39.1145
1831,37.8669
1832,38.8424
1833,40.9638
1834,39.8346
1835,42.1966
1836,39.3303
1837,41.7217
1838,37.9355
1839,41.3563
1840,41.0957
1841,41.373
1842,36.7559
1843,39.8635
1844,38.9434
1845,41.8521
1846,40.816
1847,37.9086
1848,42.3488
1849,41.2247
1850,39.9505
1851,42.2953
1852,42.8011
1853,41.7923
1854,41.3859
1855,36.6574
1856,43.4954
1857,35.7319
1858,41.6422
1859,39.4468
1860,37.8022
1861,38.8605
1862,37.4879
1863,40.0162
1864,42.1551
1865,42.0994
1866,40.7147
1867,39.2512
1868,39.9963
1869,43.3158
1870,38.0479
1871,41.2483
1872,40.7805
1873,39.0987
1874,37.6024
1875,38.8992
1876,41.3905
1877,40.3831
1878,40.3112
1879,43.7115
1880,39.9367
1881,38.7261
1882,41.7663
1883,39.5577
1884,40.2872
1885,40.638
1886,40.0363
1887,38.6487
1888,34.9962
1889,41.9211
1890,39.8399
1891,40.8477
1892,41.6976
1893,39.5951
1894,37.5463
1895,42.3889
1896,42.0374
1897,41.0509
1898,42.1251
1899,41.4053
1900,42.6164
1901,38.3054
1902,39.8425
1903,38.3913
1904,42.3853
1905,37.3085
1906,42.0366
1907,38.3815
1908,40.2464
1909,39.2256
1910,40.2569
1911,36.8608
1912,37.2018
1913,40.6986
1914,38.9362
1915,38.7062
1916,38.7257
1917,38.0426
1918,41.2783
1919,39.0926
1920,38.92
1921,42.5066
1922,41.6501
1923,38.7828
1924,40.935
1925,42.1446
1926,38.1329
1927,41.3838
1928,47.2146
1929,40.773
1930,38.7581
1931,39.1598
1932,41.7918
1933,40.0141
1934,41.5975
1935,40.9176
1936,39.8303
1937,38.9301
1938,36.8001
1939,43.3264
1940,42.0806
1941,39.5066
1942,45.1547
1943,42.7189
1944,40.6846
1945,38.7816
1946,41.1382
1947,40.0196
1948,38.3634
1949,39.5449
1950,40.7471
1951,38.2512
1952,38.0609
1953,43.6829
1954,40.2311
1955,40.4977
1956,40.7781
1957,37.2965
1958,41.7326
1959,40.9051
1960,39.6314
1961,41.0266
1962,39.0036
1963,37.2427
1964,41.8919
1965,41.3693
1966,37.145
1967,41.4148
1968,36.2651
1969,37.7418
1970,42.3392
1971,38.9498
1972,37.0848
1973,38.553
1974,39.4836
1975,41.0737
1976,39.0347
1977,44.1031
1978,40.7346
1979,44.5814
1980,41.488
1981,41.2044
1982,40.7911
1983,39.7054
1984,37.4169
1985,40.9172
1986,41.0528
1987,41.8696
1988,35.9211
1989,39.8138
1990,44.0183
1991,42.8514
1992,39.0601
1993,36.6038
1994,37.4324
1995,39.5496
1996,37.3023
1997,41.1859
1998,36.9363
1999,40.8218
2000,39.8608
2001,41.2332
2002,38.6887
2003,39.5071
2004,40.7069
2005,38.4201
2006,37.0228
2007,43.3447
2008,35.5517
2009,40.401
2010,39.9298
2011,39.515
2012,41.8311
2013,38.1238
2014,41.4245
2015,38.3173
2016,37.2536
2017,43.7133
2018,41.302
2019,43.6626
2020,39.1842
2021,40.8045
2022,37.0596
2023,35.8726
2024,40.8799
2025,42.7559
2026,37.9445
2027,39.637
2028,41.242
2029,40.8015
2030,36.5483
2031,41.5228
2032,41.3857
2033,40.8213
2034,38.3784
2035,44.0605
2036,35.4281
2037,38.5914
2038,41.3942
2039,42.8915
2040,37.2084
2041,40.9178
2042,39.7315
2043,38.5289
2044,38.3908
2045,38.9468
2046,41.4495
2047,37.7424
2048,37.0816
2049,39.0574
2050,36.0015
2051,43.2625
2052,38.1611
2053,43.0943
2054,40.2808
2055,37.8217
2056,40.4546
2057,36.4344
2058,38.8029
2059,38.5194
2060,39.414
2061,37.0592
2062,40.9377
2063,42.4948
2064,39.151
2065,37.8582
2066,40.7884
2067,40.0964
2068,37.6711
2069,38.8756
2070,41.494
2071,43.8932
2072,39.5461
2073,41.8205
2074,42.6657
2075,37.1406
2076,40.0267
2077,40.3858
2078,40.3372
2079,40.2112
2080,42.6546
2081,37.5554
2082,38.6566
2083,43.7965
2084,43.8793
2085,43.1637
2086,37.5569
2087,39.5924
2088,43.4372
2089,39.3173
2090,40.458
2091,40.6539
2092,37.6512
2093,40.0998
2094,41.1174
2095,38.98
2096,39.8593
2097,39.3943
2098,38.5255
2099,36.5007
2100,41.2501
2101,40.5393
2102,39.2578
2103,39.4252
2104,41.0335
2105,41.1423
2106,38.7996
2107,38.1511
2108,41.5366
2109,39.2258
2110,41.6351
2111,38.9758
2112,41.794
2113,40.1883
2114,38.1138
2115,38.9945
2116,46.1038
2117,40.0901
2118,37.7917
2119,37.6741
2120,42.5011
2121,39.1391
2122,38.0201
2123,39.4484
2124,38.3185
2125,40.1471
2126,37.7787
2127,43.6567
2128,39.1015
2129,40.6304
2130,40.5293
2131,39.3235
2132,38.6978
2133,37.2647
2134,40.3606
2135,40.6397
2136,38.789
2137,39.3941
2138,41.767
2139,39.8526
2140,40.4069
2141,40.1769
2142,43.3823
2143,40.5301
2144,39.2352
2145,41.0349
2146,38.4561
2147,37.3922
2148,39.3567
2149,37.5567
2150,40.3127
2151,40.994
2152,38.1796
2153,42.7043
2154,36.6594
2155,40.7014
2156,41.7744
2157,37.7692
2158,44.1241
2159,40.801
2160,38.0485
2161,39.2083
2162,39.5337
2163,36.783
2164,40.0934
2165,42.3491
2166,38.7411
2167,37.9325
2168,41.3151
2169,38.3665
2170,44.0663
2171,40.1618
2172,36.9499
2173,40.3543
2174,41.7134
2175,40.386
2176,36.6254
2177,40.8444
2178,42.2064
2179,43.5497
2180,40.2471
2181,40.9936
2182,40.8302
2183,41.5328
2184,41.1217
2185,41.5011
2186,38.1356
2187,38.4671
2188,38.1252
2189,39.7739
2190,38.0899
2191,41.2594
2192,37.0038
2193,38.9575
2194,43.0395
2195,40.0676
2196,38.3482
2197,38.2297
2198,43.6025
2199,38.9147
2200,38.6129
2201,40.8855
2202,40.8184
2203,37.7969
2204,42.4168
2205,41.1349
2206,41.5865
2207,46.863
2208,39.7004
2209,39.4826
2210,38.741
2211,40.1385
2212,39.6787
2213,43.1755
2214,36.7818
2215,38.2022
2216,38.6551
2217,38.4373
2218,38.6728
2219,40.6859
2220,40.48
2221,38.9527
2222,40.7438
2223,40.9161
2224,41.6177
2225,37.6403
2226,38.1933
2227,42.9323
2228,38.5396
2229,42.9761
2230,41.538
2231,40.767
2232,41.9217
2233,38.1614
2234,41.103
2235,40.4999
2236,40.8279
2237,39.1356
2238,40.7437
2239,40.6436
2240,40.3595
2241,45.4573
2242,43.0309
2243,41.8806
2244,40.8298
2245,38.9277
2246,39.8193
2247,37.9108
2248,37.2103
2249,40.8741
2250,40.997
2251,39.7338
2252,39.1458
2253,41.7742
2254,39.924
2255,41.8572
2256,37.6371
2257,42.5113
2258,39.1522
2259,39.8908
2260,39.2227
2261,37.7258
2262,42.9219
2263,39.1917
2264,39.1452
2265,38.6814
2266,39.529
2267,39.2939
2268,39.8912
2269,40.0057
2270,39.6507
2271,39.0367
2272,41.5733
2273,41.4861
2274,42.0645
2275,40.0324
2276,40.7128
2277,39.841
2278,42.1285
2279,37.2712
2280,39.4536
2281,41.3343
2282,39.484
2283,39.6112
2284,38.211
2285,38.7864
2286,40.0141
2287,40.4844
2288,42.0017
2289,37.4387
2290,40.5696
2291,38.8503
2292,39.2924
2293,35.0486
2294,38.9444
2295,44.4911
2296,41.3328
2297,35.9771
2298,42.4779
2299,40.3622
2300,41.6404
2301,42.8133
2302,42.9525
2303,39.9962
2304,44.2241
2305,38.4045
2306,41.8903
2307,42.6367
2308,43.6427
2309,39.2564
2310,35.9674
2311,39.1018
2312,40.4601
2313,41.2716
2314,41.775
2315,41.9456
2316,38.8716
2317,40.8053
2318,37.1153
2319,44.007
2320,37.8534
2321,37.6998
2322,37.9885
2323,41.722
2324,40.1339
2325,39.6838
2326,41.2621
2327,37.3956
2328,40.6881
2329,42.7336
2330,39.7712
2331,36.0891
2332,40.1243
2333,44.0822
2334,41.1174
2335,37.5624
2336,36.6991
2337,39.1149
2338,39.1261
2339,38.7282
2340,40.7641
2341,37.5172
2342,39.6207
2343,39.297
2344,39.0546
2345,39.1213
2346,41.7561
2347,36.4185
2348,39.5588
2349,39.065
2350,41.5302
2351,37.5593
2352,39.5549
2353,37.8723
2354,38.396
2355,41.9368
2356,39.5137
2357,37.436
2358,41.5623
2359,41.1026
2360,41.6294
2361,37.5812
2362,39.1383
2363,41.4084
2364,35.717
2365,40.1032
2366,40.3163
2367,43.6261
2368,42.1687
2369,40.3739
2370,40.6057
2371,42.229
2372,42.156
2373,41.2167
2374,41.8977
2375,37.8125
2376,41.212
2377,38.8375
2378,42.9325
2379,40.1794
2380,41.0234
2381,38.7009
2382,39.4872
2383,40.4082
2384,42.5604
2385,40.0352
2386,35.6764
2387,38.0226
2388,39.9215
2389,42.1952
2390,39.4866
2391,43.5788
2392,40.6327
2393,38.2072
2394,39.5074
2395,37.0673
2396,37.9668
2397,40.4341
2398,39.429
2399,37.9442
2400,39.8748
2401,39.2627
2402,41.612
2403,40.1571
2404,36.8161
2405,36.7371
2406,38.7929
2407,37.4251
2408,38.4554
2409,40.1846
2410,39.1662
2411,40.1078
2412,43.2146
2413,40.7173
2414,38.1057
2415,35.143
2416,40.9315
2417,39.4385
2418,39.0197
2419,39.7975
2420,36.7548
2421,39.0899
2422,39.3439
2423,37.8383
2424,35.9605
2425,36.9037
2426,42.1866
2427,39.8187
2428,39.7346
2429,41.53
2430,41.04
2431,39.197
2432,42.8022
2433,38.4798
2434,40.331
2435,43.6306
2436,42.4654
2437,41.857
2438,37.298
2439,43.4309
2440,43.0535
2441,40.336
2442,41.724
2443,36.1215
2444,40.2006
2445,37.2337
2446,40.273
2447,40.7905
2448,37.4391
2449,43.2376
2450,38.7209
2451,41.2465
2452,40.9933
2453,43.4142
2454,37.9386
2455,42.1169
2456,40.0413
2457,44.0982
2458,38.2576
2459,37.0348
2460,37.2498
2461,34.4585
2462,37.545
2463,43.0089
2464,38.5004
2465,38.4207
2466,41.7841
2467,41.8649
2468,36.7248
2469,40.6261
2470,38.3618
2471,39.6338
2472,36.3023
2473,40.9933
2474,40.7832
2475,42.0655
2476,36.6703
2477,37.5052
2478,41.0708
2479,38.3842
2480,43.0239
2481,40.325
2482,41.6355
2483,41.2781
2484,38.012
2485,41.1763
2486,38.0762
2487,43.7713
2488,37.6606
2489,41.6343
2490,40.2724
2491,37.5306
2492,41.3271
2493,42.0572
2494,38.9614
2495,45.4339
2496,38.0105
2497,41.7931
2498,38.476
2499,37.611
2500,38.9999
2501,41.4304
2502,42.3619
2503,39.9175
2504,39.2743
2505,36.8235
2506,41.8594
2507,40.2627
2508,42.6575
2509,39.2623
2510,37.2148
2511,40.2098
2512,40.4927
2513,40.3789
2514,42.6725
2515,35.1947
2516,39.243
2517,39.6083
2518,39.3866
2519,39.4832
2520,36.9923
2521,39.2991
2522,38.9805
2523,39.1193
2524,37.2043
2525,42.6139
2526,38.9994
2527,40.0791
2528,38.9619
2529,40.5671
2530,36.8986
2531,39.4573
2532,44.924
2533,41.7311
2534,41.9395
2535,38.9177
2536,38.7895
2537,42.429
2538,40.0799
2539,45.423
2540,43.7963
2541,41.1653
2542,40.1133
2543,43.9772
2544,42.2594
2545,41.1292
2546,41.7476
2547,37.5557
2548,39.0436
2549,41.2005
2550,39.9515
2551,39.9325
2552,40.9414
2553,41.7778
2554,37.7368
2555,42.6719
2556,40.0722
2557,40.6917
2558,41.4189
2559,40.9316
2560,37.1891
2561,39.5625
2562,39.7063
2563,38.9465
2564,41.7151
2565,39.5914
2566,35.3178
2567,40.9404
2568,41.7759
2569,41.6649
2570,42.7041
2571,40.5928
2572,41.4072
2573,42.2911
2574,43.7366
2575,37.2784
2576,38.5649
2577,42.261
2578,42.2429
2579,41.001
2580,41.0046
2581,40.1778
2582,36.8401
2583,40.6848
2584,40.4117
2585,41.1965
2586,39.4063
2587,36.9222
2588,38.0957
2589,39.3937
2590,39.1738
2591,41.6282
2592,42.2139
2593,38.941
2594,40.681
2595,41.1581
2596,38.8255
2597,40.1044
2598,37.5957
2599,41.5101
2600,41.974
2601,39.2873
2602,42.276
2603,43.2177
2604,41.8778
2605,40.018
2606,39.6651
2607,40.9894
2608,40.4387
2609,44.7361
2610,39.6902
2611,40.7262
2612,37.4183
2613,39.2946
2614,39.2051
2615,37.1084
2616,41.1418
2617,41.0768
2618,41.5331
2619,41.9282
2620,38.2231
2621,39.5835
2622,38.4337
2623,38.3754
2624,42.1285
2625,42.6011
2626,39.5887
2627,42.5688
2628,39.3467
2629,39.1662
2630,40.4368
2631,39.8566
2632,38.5609
2633,39.272
2634,43.0096
2635,41.3179
2636,38.5658
2637,37.0162
2638,41.0061
2639,39.2632
2640,36.2842
2641,39.5404
2642,41.8124
2643,39.4067
2644,38.5867
2645,42.954
2646,43.3036
2647,42.7298
2648,41.9907
2649,38.2387
2650,40.3741
2651,38.9561
2652,42.4059
2653,37.9621
2654,38.2778
2655,40.7568
2656,39.7338
2657,39.4785
2658,40.7636
2659,39.7985
2660,39.1825
2661,38.5715
2662,40.2795
2663,43.1772
2664,40.0544
2665,41.393
2666,41.1028
2667,38.014
2668,40.9399
2669,41.4415
2670,43.2889
2671,38.2013
2672,38.6306
2673,42.8282
2674,43.7524
2675,40.4046
2676,38.3596
2677,39.4089
2678,41.1331
2679,40.223
2680,38.3576
2681,39.4263
2682,41.2975
2683,41.7344
2684,41.8589
2685,42.399
2686,36.4502
2687,38.6864
2688,36.801
2689,37.6374
2690,37.7879
2691,39.9227
2692,35.1408
2693,40.1025
2694,44.8904
2695,37.8583
2696,41.4965
2697,42.7431
2698,40.6136
2699,43.618
2700,39.3279
2701,36.1587
2702,40.6441
2703,40.525
2704,38.416
2705,38.0784
2706,40.2187
2707,38.2154
2708,40.4688
2709,35.8832
2710,37.5976
2711,39.1824
2712,38.1193
2713,39.0546
2714,41.8241
2715,41.5133
2716,39.9668
2717,38.3122
2718,43.9016
2719,42.7928
2720,37.5587
2721,38.6067
2722,43.2189
2723,38.7204
2724,37.025
2725,41.4593
2726,39.1225
2727,40.7308
2728,39.3458
2729,41.9613
2730,38.2641
2731,42.9298
2732,40.8384
2733,41.3071
2734,41.0201
2735,37.4816
2736,41.7025
2737,41.5642
2738,42.4041
2739,37.1956
2740,42.4954
2741,41.1322
2742,38.8536
2743,42.0226
2744,39.1025
2745,41.8121
2746,38.6564
2747,37.8951
2748,40.1357
2749,37.3017
2750,39.3393
2751,39.0006
2752,36.4724
2753,39.3231
2754,40.7072
2755,42.9795
2756,41.0001
2757,38.354
2758,43.7419
2759,40.6032
2760,37.6775
2761,41.5988
2762,37.2117
2763,39.2055
2764,40.5515
2765,43.6767
2766,39.8937
2767,37.2786
2768,43.3213
2769,39.3452
2770,39.7809
2771,43.7855
2772,37.6315
2773,39.2826
2774,40.3141
2775,40.7841
2776,42.4545
2777,39.505
2778,37.1298
2779,42.0772
2780,38.0483
2781,39.4971
2782,37.7402
2783,38.8513
2784,40.6338
2785,40.1954
2786,39.2847
2787,40.827
2788,35.0869
2789,42.5697
2790,39.2087
2791,39.3175
2792,40.572
2793,43.7254
2794,36.1783
2795,40.6568
2796,37.9327
2797,40.9734
2798,38.707
2799,44.1937
2800,41.5196
2801,43.459
2802,40.5948
2803,38.64
2804,40.3238
2805,40.0664
2806,38.3328
2807,41.4168
2808,39.1689
2809,43.2349
2810,42.3941
2811,37.5631
2812,39.1991
2813,43.9741
2814,38.5141
2815,40.1538
2816,40.0392
2817,38.7255
2818,40.2549
2819,39.2831
2820,39.1644
2821,44.0378
2822,39.9538
2823,39.9958
2824,40.7007
2825,38.4174
2826,39.5059
2827,40.6532
2828,39.6036
2829,38.3157
2830,40.9497
2831,43.5271
2832,40.4487
2833,38.9777
2834,39.3519
2835,40.791
2836,39.4581
2837,39.876
2838,38.0606
2839,37.0933
2840,41.549
2841,35.3073
2842,43.2593
2843,42.4137
2844,44.2913
2845,39.1628
2846,39.8421
2847,43.3471
2848,40.1472
2849,39.2149
2850,39.9633
2851,39.4666
2852,41.5934
2853,42.2558
2854,36.4532
2855,40.3686
2856,40.7225
2857,40.138
2858,40.2187
2859,42.5177
2860,44.1963
2861,39.5989
2862,37.8307
2863,37.9415
2864,42.4424
2865,40.8822
2866,42.6587
2867,42.0837
2868,38.9067
2869,40.5908
2870,37.7493
2871,40.5264
2872,38.1586
2873,40.5579
2874,39.5974
2875,40.0363
2876,41.39
2877,38.9904
2878,37.9602
2879,40.7844
2880,40.3889
2881,41.0903
2882,36.7188
2883,38.5357
2884,39.5274
2885,41.6915
2886,39.23
2887,41.0069
2888,40.6274
2889,41.1605
2890,36.2837
2891,40.6537
2892,37.3545
2893,39.0206
2894,39.0605
2895,37.6343
2896,41.3198
2897,37.0036
2898,41.0275
2899,38.3674
2900,39.9526
2901,40.6049
2902,40.7101
2903,41.0049
2904,39.9634
2905,42.2543
2906,35.0893
2907,39.6509
2908,36.8567
2909,36.4014
2910,42.7455
2911,40.8539
2912,39.1576
2913,44.9297
2914,40.1176
2915,40.0426
2916,40.1256
2917,38.5693
2918,36.7839
2919,42.598
2920,38.2949
2921,41.0448
2922,39.1469
2923,36.8191
2924,41.4374
2925,41.7056
2926,41.437
2927,38.8313
2928,37.4962
2929,36.2546
2930,41.2563
2931,37.8921
2932,39.0022
2933,41.7359
2934,38.3851
2935,39.5628
2936,41.6201
2937,39.2974
2938,43.2882
2939,41.4211
2940,42.4955
2941,39.4859
2942,40.8445
2943,39.8706
2944,38.5428
2945,42.0368
2946,41.5527
2947,42.5463
2948,37.5278
2949,39.0285
2950,39.3864
2951,40.7399
2952,45.6132
2953,38.8534
2954,41.6311
2955,38.3952
2956,40.8031
2957,42.2508
2958,41.5051
2959,37.8916
2960,37.1877
2961,39.4602
2962,39.3125
2963,40.235
2964,38.3286
2965,38.982
2966,44.4172
2967,40.5541
2968,39.3961
2969,38.6448
2970,40.8716
2971,39.5076
2972,41.5099
2973,38.6631
2974,37.8413
2975,37.1967
2976,37.6493
2977,38.9809
2978,40.5314
2979,43.7187
2980,39.0587
2981,38.2094
2982,40.2823
2983,37.3896
2984,40.6404
2985,38.3489
2986,40.7897
2987,42.6685
2988,41.7231
2989,38.2254
2990,40.1063
2991,39.3028
2992,37.2071
2993,39.7846
2994,40.5339
2995,40.2028
2996,38.7158
2997,37.7333
2998,37.5636
2999,41.0053
3000,34.8536
3001,42.0327
3002,40.8135
3003,39.6141
3004,41.2354
3005,45.7786
3006,38.3739
3007,41.1231
3008,37.8422
3009,42.216
3010,42.7009
3011,39.0213
3012,41.1068
3013,36.6044
3014,37.2188
3015,38.4448
3016,39.5091
3017,39.013
3018,42.0535
3019,38.0351
3020,42.9573
3021,35.6948
3022,39.7036
3023,35.2165
3024,38.8462
3025,38.8373
3026,42.9192
3027,41.3162
3028,37.2317
3029,37.7644
3030,40.8412
3031,39.9698
3032,44.3042
3033,40.3481
3034,37.2828
3035,41.1541
3036,41.7544
3037,41.2923
3038,40.7584
3039,39.5889
3040,41.8475
3041,37.648
3042,41.0375
3043,43.0296
3044,38.6007
3045,37.2782
3046,38.1436
3047,40.2275
3048,41.3565
3049,45.1082
3050,37.4984
3051,42.1821
3052,41.0484
3053,39.7276
3054,39.1189
3055,38.4949
3056,42.5163
3057,42.803
3058,41.2712
3059,41.2415
3060,41.8322
3061,38.5921
3062,35.6614
3063,39.4186
3064,41.6913
3065,38.0915
3066,39.679
3067,37.3589
3068,39.3439
3069,40.1583
3070,38.5874
3071,37.9099
3072,40.3824
3073,38.3323
3074,39.4007
3075,43.9418
3076,40.2958
3077,41.0938
3078,40.2605
3079,40.3972
3080,42.2837
3081,40.7423
3082,40.8657
3083,35.3384
3084,41.5376
3085,40.7194
3086,40.7636
3087,40.1181
3088,41.4269
3089,40.9503
3090,40.6297
3091,39.3865
3092,37.3963
3093,41.0024
3094,40.0144
3095,39.0323
3096,37.9186
3097,38.0607
3098,36.0383
3099,40.5384
3100,38.3242
3101,37.7259
3102,41.5333
3103,33.7783
3104,41.1198
3105,39.9011
3106,39.3353
3107,43.7325
3108,41.3387
3109,38.5578
3110,38.4533
3111,39.2011
3112,38.6217
3113,42.4569
3114,37.7825
3115,39.2425
3116,38.7757
3117,41.2107
3118,44.6592
3119,40.0953
3120,44.4168
3121,38.0446
3122,40.5756
3123,40.1156
3124,41.1581
3125,38.6304
3126,35.3238
3127,36.5144
3128,36.1755
3129,34.8207
3130,39.303
3131,38.431
3132,34.8544
3133,40.3607
3134,37.8151
3135,38.036
3136,43.4368
3137,41.6402
3138,43.9001
3139,42.4884
3140,40.0806
3141,41.6719
3142,40.7175
3143,39.4262
3144,39.8258
3145,40.814
3146,39.5618
3147,37.8116
3148,41.2861
3149,42.3559
3150,39.2344
3151,38.5043
3152,39.5276
3153,41.3824
3154,39.2415
3155,40.0808
3156,42.4313
3157,37.826
3158,41.1107
3159,38.8073
3160,41.3888
3161,40.2241
3162,39.7241
3163,42.732
3164,38.0696
3165,40.2026
3166,42.3698
3167,39.3712
3168,37.541
3169,40.0927
3170,43.8714
3171,38.0873
3172,38.7963
3173,40.563
3174,40.1848
3175,40.6519
3176,39.7019
3177,41.8943
3178,40.8913
3179,43.4681
3180,38.9011
3181,38.9137
3182,39.589
3183,42.9109
3184,37.5455
3185,35.8042
3186,38.79
3187,40.2361
3188,41.0354
3189,38.4489
3190,41.9865
3191,41.7773
3192,38.6598
3193,41.6304
3194,38.294
3195,39.4174
3196,41.3633
3197,41.0438
3198,38.6265
3199,35.7178
3200,37.4408
3201,41.1986
3202,37.8559
3203,38.4021
3204,39.6787
3205,36.3973
3206,38.4883
3207,37.4603
3208,37.7895
3209,37.6872
3210,39.7731
3211,39.6982
3212,36.2706
3213,39.5099
3214,42.9493
3215,39.166
3216,39.8838
3217,43.4168
3218,40.157
3219,40.2457
3220,40.3365
3221,37.5487
3222,42.9633
3223,38.0175
3224,38.2329
3225,35.5852
3226,39.1308
3227,40.2383
3228,39.9265
3229,42.8785
3230,36.2801
3231,38.489
3232,38.1629
3233,37.3959
3234,42.583
3235,38.1227
3236,40.0725
3237,36.7219
3238,45.4239
3239,39.1676
3240,39.9057
3241,39.2739
3242,37.1013
3243,43.3335
3244,42.5743
3245,41.6796
3246,41.5367
3247,38.9747
3248,36.8302
3249,38.824
3250,42.8738
3251,40.0142
3252,38.4558
3253,41.177
3254,39.5303
3255,40.0003
3256,38.7228
3257,40.8825
3258,42.1181
3259,42.6714
3260,39.032
3261,42.2457
3262,41.6199
3263,42.7119
3264,40.0261
3265,37.3003
3266,41.4536
3267,41.1634
3268,39.7481
3269,40.1601
3270,37.6854
3271,39.2802
3272,41.3859
3273,41.4327
3274,40.5577
3275,42.372
3276,38.7394
3277,36.6234
3278,40.3405
3279,43.1171
3280,38.845
3281,43.4354
3282,44.4476
3283,43.9824
3284,42.8732
3285,41.1414
3286,40.6519
3287,41.5836
3288,39.6144
3289,38.9343
3290,38.7586
3291,42.8103
3292,40.4277
3293,40.2302
3294,37.2517
3295,36.8832
3296,40.0602
3297,37.6161
3298,37.586
3299,39.142
3300,39.574
3301,43.5065
3302,42.6979
3303,40.7956
3304,37.2551
3305,41.187
3306,37.2197
3307,40.3946
3308,41.582
3309,41.9872
3310,40.585
3311,41.1284
3312,39.2777
3313,40.6568
3314,39.6862
3315,45.1565
3316,40.5817
3317,40.9894
3318,42.2768
3319,37.3904
3320,38.7674
3321,41.3617
3322,37.692
3323,41.4197
3324,41.0423
3325,41.4498
3326,41.509
3327,41.2784
3328,41.9001
3329,42.1748
3330,36.5434
3331,40.1627
3332,37.7791
3333,39.4785
3334,39.0125
3335,39.0026
3336,40.065
3337,36.2716
3338,42.2252
3339,37.9439
3340,37.5606
3341,41.582
3342,44.0617
3343,40.9641
3344,43.2426
3345,41.161
3346,37.5048
3347,39.5241
3348,40.6017
3349,39.8357
3350,38.7837
3351,44.4313
3352,41.6885
3353,36.5257
3354,37.571
3355,38.5578
3356,40.1227
3357,40.6039
3358,40.4115
3359,41.6803
3360,39.9963
3361,40.8418
3362,41.2426
3363,39.2027
3364,39.9407
3365,36.7433
3366,37.6769
3367,38.5662
3368,39.4165
3369,40.0711
3370,37.9983
3371,37.3683
3372,42.1482
3373,38.2781
3374,39.1009
3375,43.2594
3376,38.7212
3377,39.6503
3378,40.9218
3379,38.8064
3380,39.3183
3381,38.7698
3382,39.2954
3383,43.0276
3384,41.0839
3385,42.4436
3386,40.3637
3387,41.6777
3388,40.0864
3389,38.4016
3390,36.8192
3391,38.0822
3392,35.9205
3393,38.8587
3394,38.9141
3395,41.0263
3396,42.8453
3397,37.4977
3398,34.3635
3399,37.7982
3400,39.8024
3401,39.447
3402,37.971
3403,41.7903
3404,38.1184
3405,38.551
3406,36.8003
3407,41.2457
3408,46.4322
3409,42.2547
3410,39.763
3411,43.4466
3412,40.3464
3413,37.7811
3414,39.2851
3415,42.4972
3416,37.9398
3417,42.6549
3418,37.4087
3419,42.3878
3420,40.6094
3421,39.5662
3422,39.6289
3423,38.5317
3424,37.7734
3425,39.5192
3426,39.7603
3427,41.9864
3428,39.317
3429,38.9715
3430,38.8442
3431,42.1451
3432,40.7161
3433,40.3573
3434,42.7359
3435,35.8813
3436,41.5626
3437,42.0795
3438,38.41
3439,38.9038
3440,37.1213
3441,36.6416
3442,41.0996
3443,35.4895
3444,42.5987
3445,38.9138
3446,40.9505
3447,39.6887
3448,39.6366
3449,38.6098
3450,38.1339
3451,38.8208
3452,39.3651
3453,43.2325
3454,42.7024
3455,40.3346
3456,37.6528
3457,39.953
3458,39.8001
3459,38.7945
3460,37.4741
3461,41.645
3462,40.9643
3463,39.8901
3464,39.7397
3465,42.4976
3466,38.7042
3467,38.9796
3468,38.3891
3469,42.5416
3470,40.2273
3471,40.3728
3472,37.3173
3473,42.4884
3474,39.78
3475,39.9527
3476,43.6126
3477,42.7069
3478,37.2702
3479,40.617
3480,38.0547
3481,41.4294
3482,38.5797
3483,41.7747
3484,37.7182
3485,33.1561
3486,38.2189
3487,41.5706
3488,38.738
3489,40.6885
3490,41.4245
3491,40.7027
3492,40.8944
3493,44.0679
3494,44.357
3495,40.8696
3496,40.5012
3497,44.053
3498,43.5142
3499,39.6435
3500,42.074
3501,41.385
3502,34.9955
3503,39.8567
3504,39.0122
3505,39.4387
3506,42.5668
3507,43.1366
3508,40.9554
3509,39.4178
3510,38.169
3511,41.5709
3512,39.2802
3513,42.0868
3514,39.4629
3515,41.018
3516,38.1892
3517,43.8689
3518,38.8259
3519,39.3579
3520,38.7287
3521,40.141
3522,41.8304
3523,37.0459
3524,39.848
3525,39.0844
3526,39.5706
3527,37.7085
3528,41.4249
3529,35.9948
3530,38.1047
3531,42.147
3532,38.753
3533,36.9688
3534,40.1272
3535,37.6098
3536,41.5942
3537,42.312
3538,37.9485
3539,38.259
3540,40.5979
3541,39.2659
3542,38.3098
3543,40.6788
3544,38.2237
3545,39.3138
3546,38.5105
3547,42.972
3548,40.5703
3549,39.8184
3550,38.7308
3551,41.3212
3552,39.152
3553,39.8454
3554,41.021
3555,41.7843
3556,39.9356
3557,39.4902
3558,38.8806
3559,39.6499
3560,41.9021
3561,39.3551
3562,35.6749
3563,42.2911
3564,35.6039
3565,37.6229
3566,45.0428
3567,39.1648
3568,41.202
3569,36.4358
3570,39.7941
3571,38.7176
3572,43.0583
3573,40.1658
3574,39.9058
3575,41.4716
3576,39.9853
3577,39.2589
3578,41.3839
3579,43.2109
3580,37.3487
3581,39.9714
3582,36.2182
3583,37.0941
3584,37.8305
3585,39.3422
3586,39.1397
3587,44.4394
3588,42.4839
3589,38.8373
3590,44.3207
3591,40.2087
3592,38.3041
3593,40.4368
3594,40.0405
3595,35.9548
3596,41.1292
3597,38.2907
3598,43.6409
3599,37.9613
3600,37.731
3601,39.7493
3602,42.1872
3603,40.5613
3604,39.6621
3605,42.2628
3606,39.2118
3607,37.0879
3608,40.003
3609,42.1481
3610,38.5658
3611,40.9947
3612,38.828
3613,42.2548
3614,40.247
3615,37.1471
3616,39.1781
3617,38.8853
3618,39.2157
3619,38.4913
3620,39.0931
3621,42.2374
3622,38.6708
3623,41.0231
3624,38.6812
3625,39.6659
3626,40.0185
3627,40.0994
3628,39.2119
3629,40.211
3630,38.9715
3631,43.3412
3632,38.7049
3633,43.1163
3634,38.7812
3635,38.3064
3636,40.75
3637,40.5163
3638,39.5068
3639,40.3102
3640,40.5572
3641,41.4734
3642,40.2256
3643,39.1583
3644,40.2289
3645,39.3547
3646,41.833
3647,37.4574
3648,39.2702
3649,38.2562
3650,38.6443
3651,41.1313
3652,40.1226
3653,44.2024
3654,39.5848
3655,35.2752
3656,41.8904
3657,42.9145
3658,39.8509
3659,38.7629
3660,37.9215
3661,43.3457
3662,41.233
3663,34.2237
3664,45.5966
3665,39.8685
3666,38.2981
3667,41.2759
3668,37.9899
3669,41.256
3670,38.2801
3671,42.1362
3672,40.6805
3673,43.2879
3674,42.7199
3675,39.178
3676,40.892
3677,39.3903
3678,42.3369
3679,38.6199
3680,42.2965
3681,37.7169
3682,41.1495
3683,42.854
3684,41.0241
3685,38.4694
3686,37.8941
3687,39.5642
3688,38.6057
3689,43.8413
3690,35.4217
3691,40.3058
3692,41.8474
3693,37.4333
3694,40.3478
3695,40.1263
3696,41.5656
3697,38.9384
3698,41.862
3699,38.1724
3700,38.3199
3701,41.2802
3702,38.0764
3703,40.6741
3704,41.0431
3705,39.1683
3706,41.1874
3707,40.3173
3708,40.2038
3709,42.5489
3710,41.5598
3711,38.9267
3712,40.6609
3713,39.4098
3714,38.2003
3715,40.6655
3716,40.2754
3717,40.5211
3718,36.2573
3719,38.8037
3720,39.6936
3721,44.4697
3722,38.7748
3723,37.5864
3724,39.7924
3725,43.2429
3726,39.87
3727,39.6326
3728,41.4641
3729,40.6239
3730,41.2278
3731,39.0921
3732,39.8213
3733,39.8674
3734,42.1578
3735,40.4776
3736,38.7474
3737,39.4096
3738,38.1536
3739,39.2907
3740,38.6465
3741,41.2907
3742,39.3903
3743,41.8222
3744,43.4502
3745,40.347
3746,36.4092
3747,37.3029
3748,40.286
3749,41.5646
3750,40.4916
3751,38.2592
3752,44.0093
3753,44.0876
3754,38.4564
3755,40.4754
3756,38.0067
3757,41.4021
3758,38.8959
3759,40.6557
3760,38.3297
3761,43.666
3762,40.7691
3763,36.7366
3764,38.336
3765,39.3412
3766,40.1745
3767,43.866
3768,40.0775
3769,43.1827
3770,41.732
3771,35.5925
3772,40.0762
3773,43.7474
3774,43.6029
3775,39.5254
3776,36.5731
3777,41.1795
3778,38.2493
3779,35.6837
3780,40.3639
3781,40.6284
3782,39.2892
3783,35.5463
3784,39.1169
3785,39.5876
3786,43.1786
3787,40.4632
3788,38.5511
3789,41.3804
3790,39.4278
3791,37.8917
3792,40.686
3793,37.0943
3794,36.8638
3795,36.5826
3796,41.6853
3797,40.8511
3798,41.0026
3799,42.1556
3800,40.1303
3801,39.6841
3802,36.9969
3803,41.092
3804,40.384
3805,39.9746
3806,40.6706
3807,40.4088
3808,36.9316
3809,34.5082
3810,40.2339
3811,40.8612
3812,43.5945
3813,41.176
3814,36.36
3815,42.4486
3816,38.0392
3817,38.1947
3818,39.7765
3819,42.6813
3820,40.6684
3821,38.4613
3822,39.6068
3823,37.7069
3824,41.146
3825,39.1139
3826,38.8857
3827,39.6299
3828,40.1575
3829,40.6133
3830,42.0556
3831,40.695
3832,42.7761
3833,41.3722
3834,41.0587
3835,37.7497
3836,39.7811
3837,39.199
3838,38.6819
3839,42.0274
3840,39.3652
3841,42.6846
3842,41.9552
3843,39.6161
3844,37.2599
3845,40.8231
3846,39.1187
3847,39.8345
3848,38.761
3849,37.9363
3850,40.2105
3851,42.4503
3852,39.1359
3853,38.2518
3854,37.8579
3855,38.8696
3856,41.2326
3857,39.3468
3858,38.4141
3859,41.9682
3860,36.3906
3861,39.9851
3862,41.4886
3863,38.9202
3864,40.3028
3865,38.5798
3866,42.3083
3867,39.2423
3868,37.514
3869,40.8738
3870,38.9885
3871,38.9588
3872,42.2476
3873,41.7292
3874,40.0554
3875,41.3163
3876,38.7817
3877,43.4425
3878,41.1909
3879,39.2925
3880,43.4037
3881,38.37
3882,39.4778
3883,37.5704
3884,41.093
3885,37.6303
3886,39.6652
3887,39.2397
3888,39.7715
3889,42.5321
3890,40.9248
3891,38.068
3892,39.9841
3893,39.6623
3894,39.9163
3895,39.9121
3896,36.0169
3897,38.7984
3898,39.7177
3899,42.4548
3900,41.4809
3901,40.938
3902,41.0035
3903,39.8522
3904,39.965
3905,37.1856
3906,43.6028
3907,40.4214
3908,38.7429
3909,39.7428
3910,36.8174
3911,41.5094
3912,38.7922
3913,41.4773
3914,41.6547
3915,44.2039
3916,42.8136
3917,43.9718
3918,43.0703
3919,40.1937
3920,38.719
3921,42.2987
3922,40.6066
3923,40.2193
3924,40.052
3925,41.3948
3926,38.2676
3927,36.3757
3928,39.0098
3929,38.8335
3930,41.3065
3931,39.9438
3932,40.6121
3933,40.1492
3934,43.523
3935,40.3167
3936,42.378
3937,38.7752
3938,42.8638
3939,41.2207
3940,42.5026
3941,42.7045
3942,39.754
3943,38.287
3944,40.9332
3945,38.1185
3946,39.7464
3947,39.5068
3948,39.7368
3949,37.9311
3950,39.1024
3951,40.8593
3952,39.9717
3953,39.0099
3954,39.5551
3955,40.2939
3956,41.3132
3957,39.4284
3958,40.2644
3959,42.0038
3960,39.0152
3961,39.6468
3962,39.8905
3963,35.5913
3964,39.7295
3965,41.6208
3966,42.9369
3967,37.8926
3968,39.8553
3969,39.3442
3970,38.2886
3971,44.8429
3972,41.4679
3973,39.0504
3974,42.8926
3975,41.9877
3976,39.2785
3977,42.1886
3978,38.7905
3979,40.3894
3980,39.2305
3981,41.0609
3982,45.1124
3983,38.2975
3984,38.3644
3985,39.9247
3986,40.2364
3987,44.3659
3988,42.1519
3989,42.8134
3990,42.8657
3991,39.4027
3992,36.6786
3993,40.3201
3994,40.889
3995,39.5075
3996,37.7981
3997,36.9496
3998,45.1425
3999,40.8473
4000,40.4437
4001,39.2961
4002,39.2832
4003,43.0106
4004,40.079
4005,39.1335
4006,39.0892
4007,38.8999
4008,40.5732
4009,44.0989
4010,40.3765
4011,39.6383
4012,40.2441
4013,40.534
4014,37.4193
4015,40.7551
4016,39.5318
4017,39.5021
4018,39.8394
4019,42.0137
4020,38.9622
4021,38.2799
4022,40.9935
4023,37.9548
4024,40.6026
4025,40.5445
4026,42.3673
4027,40.4995
4028,41.5852
4029,39.847
4030,41.1328
4031,41.1974
4032,42.8199
4033,41.5354
4034,39.2093
4035,39.7617
4036,42.7862
4037,38.8306
4038,41.0271
4039,38.1823
4040,34.8785
4041,40.4918
4042,44.5501
4043,42.1863
4044,37.3364
4045,42.2313
4046,38.1
4047,42.2897
4048,39.3235
4049,38.7974
4050,42.543
4051,40.8071
4052,40.6234
4053,37.9459
4054,41.127
4055,46.0524
4056,41.6284
4057,39.5407
4058,41.9315
4059,36.224
4060,38.5915
4061,39.5224
4062,38.6984
4063,40.8166
4064,39.7537
4065,41.1084
4066,42.5729
4067,39.8229
4068,40.0981
4069,41.1224
4070,40.0876
4071,38.9754
4072,39.5703
4073,43.3264
4074,40.7538
4075,43.073
4076,39.5094
4077,41.5112
4078,38.053
4079,39.7357
4080,40.2705
4081,38.7808
4082,38.2042
4083,39.4665
4084,37.2837
4085,36.4252
4086,37.3379
4087,38.3922
4088,41.6856
4089,39.1577
4090,40.6825
4091,39.5245
4092,37.8366
4093,39.4261
4094,39.3851
4095,39.3184
4096,41.2401
4097,42.1242
4098,41.5369
4099,35.6409
4100,39.3185
4101,39.5038
4102,41.1799
4103,40.0552
4104,41.3836
4105,40.2368
4106,36.8313
4107,39.8959
4108,43.3211
4109,43.2959
4110,40.2915
4111,38.9428
4112,39.1332
4113,37.7596
4114,38.4837
4115,43.2118
4116,37.6852
4117,40.0369
4118,37.4927
4119,39.7656
4120,41.6428
4121,41.3633
4122,40.2008
4123,40.8117
4124,39.3974
4125,44.6093
4126,36.4318
4127,42.8698
4128,41.644
4129,41.2117
4130,40.9459
4131,43.1077
4132,40.211
4133,39.5216
4134,39.6543
4135,37.847
4136,40.6848
4137,37.286
4138,38.7476
4139,40.8714
4140,38.3809
4141,40.4483
4142,41.0259
4143,42.9165
4144,41.4151
4145,41.5905
4146,42.4351
4147,37.3589
4148,40.2739
4149,41.7073
4150,38.7396
4151,42.5624
4152,37.308
4153,41.9967
4154,40.2746
4155,40.6767
4156,40.2353
4157,42.7262
4158,43.7528
4159,39.9572
4160,36.6666
4161,38.447
4162,39.6972
4163,37.9914
4164,42.3718
4165,39.5433
4166,43.1749
4167,41.4578
4168,41.8294
4169,37.3798
4170,36.3349
4171,40.1125
4172,40.1301
4173,40.1822
4174,40.8172
4175,42.4458
4176,38.5858
4177,40.0645
4178,39.7952
4179,38.9157
4180,42.5093
4181,39.9536
4182,39.133
4183,39.9946
4184,41.1639
4185,43.5502
4186,40.0039
4187,42.0835
4188,41.6122
4189,40.3508
4190,39.7448
4191,40.8824
4192,40.2807
4193,39.3476
4194,46.0266
4195,39.6202
4196,40.4961
4197,39.7717
4198,43.2981
4199,39.7525
4200,39.6813
4201,41.8454
4202,45.5362
4203,36.0641
4204,41.3434
4205,33.5929
4206,41.4843
4207,41.2198
4208,41.3744
4209,39.0929
4210,39.8156
4211,39.4638
4212,45.9811
4213,42.7889
4214,39.5676
4215,40.7855
4216,38.8247
4217,43.9054
4218,41.0486
4219,38.9386
4220,41.6202
4221,38.3558
4222,40.1923
4223,37.3957
4224,40.6381
4225,44.1151
4226,42.4042
4227,39.1614
4228,40.5323
4229,39.1906
4230,38.0171
4231,38.0854
4232,37.3901
4233,44.9625
4234,41.1663
4235,37.1963
4236,40.5615
4237,39.615
4238,40.7801
4239,37.7214
4240,39.7002
4241,42.1487
4242,40.2777
4243,39.8731
4244,40.5429
4245,42.5714
4246,38.5038
4247,40.4426
4248,38.6958
4249,37.3479
4250,42.7353
4251,41.2157
4252,37.8944
4253,39.9245
4254,42.0151
4255,40.4658
4256,40.915
4257,38.0409
4258,39.2753
4259,40.7379
4260,39.6201
4261,36.5916
4262,39.831
4263,38.8295
4264,37.1634
4265,40.0075
4266,40.4681
4267,37.7072
4268,42.7126
4269,39.812
4270,39.1836
4271,38.8641
4272,42.8668
4273,36.3882
4274,39.45
4275,40.4669
4276,40.8561
4277,40.4908
4278,40.0352
4279,41.6239
4280,40.1082
4281,42.4861
4282,40.2054
4283,43.6576
4284,42.4898
4285,41.2747
4286,39.1429
4287,43.2818
4288,40.255
4289,39.599
4290,39.294
4291,41.7372
4292,40.1441
4293,42.7602
4294,38.1935
4295,38.1493
4296,46.1199
4297,41.5896
4298,38.9638
4299,41.4177
4300,40.2474
4301,43.1623
4302,44.2699
4303,37.3353
4304,39.2633
4305,39.607
4306,42.8153
4307,39.3107
4308,41.7576
4309,41.994
4310,39.924
4311,38.2049
4312,39.16
4313,40.6432
4314,40.1957
4315,40.3379
4316,40.8679
4317,35.7067
4318,39.2572
4319,41.2891
4320,41.9527
4321,38.014
4322,41.813
4323,42.4594
4324,39.9745
4325,36.3794
4326,37.0941
4327,42.3221
4328,38.7755
4329,42.5458
4330,41.4899
4331,37.2347
4332,44.4609
4333,39.2282
4334,40.4623
4335,38.4686
4336,41.0049
4337,35.4651
4338,39.8761
4339,40.695
4340,40.5209
4341,42.549
4342,40.1887
4343,38.6685
4344,43.3685
4345,42.7367
4346,38.3754
4347,40.3183
4348,38.2374
4349,40.1179
4350,40.6312
4351,36.2843
4352,41.8503
4353,41.5225
4354,39.4709
4355,38.43
4356,41.2954
4357,37.6561
4358,40.7471
4359,43.6567
4360,40.3064
4361,38.4564
4362,42.797
4363,42.9268
4364,37.5537
4365,41.6541
4366,41.7868
4367,37.9385
4368,43.2302
4369,39.6259
4370,41.1772
4371,40.08
4372,39.4153
4373,38.1533
4374,42.363
4375,42.4159
4376,39.1422
4377,39.6527
4378,37.2395
4379,42.3237
4380,41.2007
4381,38.7564
4382,41.853
4383,36.0032
4384,41.3392
4385,37.412
4386,41.3141
4387,42.4838
4388,39.1443
4389,40.8832
4390,41.8762
4391,39.6875
4392,39.9765
4393,39.7513
4394,41.5684
4395,40.2263
4396,35.4847
4397,38.3635
4398,33.6804
4399,39.1573
4400,41.3418
4401,37.5772
4402,37.255
4403,36.4346
4404,40.0339
4405,37.4613
4406,42.7421
4407,39.5777
4408,38.1128
4409,41.8264
4410,39.2458
4411,40.0578
4412,42.2802
4413,40.8962
4414,41.4546
4415,38.1922
4416,40.5507
4417,37.5319
4418,39.0648
4419,42.8184
4420,40.8852
4421,42.4823
4422,42.149
4423,39.4769
4424,41.9053
4425,40.468
4426,36.5439
4427,39.4169
4428,39.6813
4429,38.7865
4430,41.1086
4431,43.4956
4432,41.1324
4433,40.4001
4434,39.7961
4435,40.0071
4436,41.8215
4437,39.9568
4438,42.1564
4439,38.7303
4440,40.5544
4441,41.2703
4442,41.3797
4443,38.2417
4444,43.2527
4445,40.4147
4446,37.3252
4447,40.2535
4448,36.8451
4449,41.6044
4450,40.1309
4451,40.8605
4452,39.8817
4453,44.2312
4454,42.5191
4455,39.6179
4456,36.7029
4457,40.9411
4458,38.4201
4459,38.4293
4460,36.5711
4461,43.6806
4462,38.1334
4463,36.1894
4464,45.5134
4465,39.674
4466,41.8381
4467,40.9189
4468,40.3048
4469,41.2163
4470,42.44
4471,42.2897
4472,39.1248
4473,40.6258
4474,39.8049
4475,43.7393
4476,41.4182
4477,37.5526
4478,39.165
4479,37.9818
4480,41.4274
4481,38.3599
4482,42.1919
4483,44.718
4484,39.5008
4485,38.9858
4486,39.9202
4487,40.0533
4488,42.3821
4489,41.4514
4490,38.1137
4491,40.076
4492,41.5755
4493,39.3698
4494,39.8686
4495,41.2185
4496,41.9081
4497,39.0173
4498,41.2603
4499,41.9096
4500,41.5282
4501,37.8072
4502,38.525
4503,40.5912
4504,36.4285
4505,42.2707
4506,37.7793
4507,37.531
4508,40.3479
4509,41.7277
4510,41.2633
4511,41.3983
4512,37.0222
4513,38.7884
4514,38.6474
4515,37.9811
4516,38.9731
4517,40.4906
4518,39.6933
4519,40.6304
4520,39.9739
4521,40.5524
4522,39.3343
4523,41.1615
4524,38.0311
4525,37.0866
4526,40.5952
4527,36.2969
4528,41.818
4529,45.098
4530,37.7547
4531,40.708
4532,39.8754
4533,36.9811
4534,38.9194
4535,40.7393
4536,38.4196
4537,42.3071
4538,43.1069
4539,39.1669
4540,38.0996
4541,40.0703
4542,39.0624
4543,39.0117
4544,38.5771
4545,38.4383
4546,39.0987
4547,40.9868
4548,40.3806
4549,42.8786
4550,38.8785
4551,41.9216
4552,37.292
4553,41.4355
4554,41.8571
4555,39.1565
4556,42.3839
4557,36.2146
4558,40.0122
4559,37.4187
4560,40.8867
4561,37.9932
4562,41.8675
4563,42.0642
4564,37.9825
4565,41.4458
4566,39.7524
4567,38.5403
4568,39.5216
4569,38.8306
4570,38.3686
4571,40.3502
4572,40.8906
4573,40.3051
4574,40.8321
4575,39.4396
4576,43.8068
4577,41.2602
4578,40.3414
4579,38.8575
4580,40.0068
4581,42.3445
4582,37.3358
4583,39.8579
4584,40.9661
4585,38.3998
4586,38.5593
4587,38.0359
4588,39.7406
4589,39.9295
4590,39.4093
4591,40.7089
4592,41.0252
4593,41.0947
4594,38.293
4595,42.5387
4596,40.4988
4597,42.4601
4598,39.7151
4599,44.6627
4600,40.3635
4601,40.5958
4602,43.6339
4603,39.8875
4604,39.5581
4605,38.2552
4606,37.9092
4607,39.5558
4608,40.1168
4609,38.3747
4610,39.8771
4611,36.9035
4612,40.3599
4613,40.6734
4614,42.6993
4615,42.8525
4616,39.5788
4617,40.5863
4618,43.6709
4619,38.8546
4620,43.045
4621,40.6139
4622,40.6125
4623,36.762
4624,35.9614
4625,40.9285
4626,37.2308
4627,42.9894
4628,41.9722
4629,38.3696
4630,40.227
4631,44.199
4632,41.5065
4633,39.3577
4634,38.5577
4635,40.8285
4636,41.5069
4637,36.9676
4638,42.8578
4639,38.3424
4640,40.5429
4641,36.6563
4642,38.3756
4643,42.2263
4644,40.0126
4645,40.8685
4646,40.8346
4647,40.924
4648,45.6274
4649,36.3935
4650,42.1884
4651,38.5259
4652,39.0353
4653,39.1585
4654,37.2782
4655,41.3599
4656,39.3407
4657,38.7552
4658,38.9456
4659,40.8632
4660,40.1389
4661,37.6938
4662,39.0282
4663,40.6165
4664,42.0751
4665,38.9863
4666,38.3156
4667,38.2967
4668,40.0349
4669,40.5571
4670,41.1817
4671,39.0045
4672,41.1058
4673,42.3088
4674,40.0445
4675,42.5486
4676,37.6032
4677,39.6963
4678,42.1847
4679,43.3384
4680,39.8677
4681,39.3759
4682,41.3644
4683,40.3257
4684,34.4521
4685,37.7577
4686,40.0817
4687,39.7161
4688,43.5649
4689,45.6087
4690,41.4614
4691,38.8863
4692,43.073
4693,40.669
4694,39.0274
4695,37.7552
4696,43.1011
4697,36.425
4698,39.5117
4699,37.6385
4700,42.183
4701,41.1354
4702,40.521
4703,42.1136
4704,40.8709
4705,41.2123
4706,42.7512
4707,39.4025
4708,38.3547
4709,41.4184
4710,41.5144
4711,41.7991
4712,39.8279
4713,39.111
4714,39.4536
4715,39.4916
4716,38.002
4717,41.5771
4718,38.4702
4719,40.5063
4720,37.2914
4721,41.7806
4722,39.1504
4723,43.3162
4724,40.6924
4725,36.0103
4726,42.1242
4727,41.179
4728,39.93
4729,38.8039
4730,40.0358
4731,41.3408
4732,38.5222
4733,41.0347
4734,36.3479
4735,43.9553
4736,41.6356
4737,44.5197
4738,39.5393
4739,40.1769
4740,34.1795
4741,39.0683
4742,39.8751
4743,38.0527
4744,41.0278
4745,39.7836
4746,43.79
4747,41.5895
4748,38.934
4749,41.3537
4750,36.6342
4751,38.4544
4752,41.311
4753,39.4285
4754,40.5149
4755,39.6865
4756,38.0459
4757,39.6978
4758,38.4119
4759,39.7997
4760,37.6146
4761,42.2941
4762,38.2502
4763,38.4978
4764,38.4822
4765,38.8411
4766,40.7522
4767,39.7154
4768,40.3833
4769,37.7159
4770,38.3237
4771,40.4056
4772,40.4409
4773,41.4236
4774,41.1885
4775,42.9435
4776,40.5332
4777,41.6
4778,44.0615
4779,39.8948
4780,40.835
4781,41.4756
4782,38.4727
4783,40.9961
4784,41.9622
4785,41.9122
4786,40.1035
4787,40.5441
4788,40.6706
4789,38.8791
4790,39.9258
4791,40.2065
4792,35.7473
4793,43.3412
4794,38.5366
4795,40.4246
4796,38.9172
4797,39.6222
4798,40.8727
4799,39.4868
4800,38.5908
4801,41.7691
4802,40.0908
4803,39.6351
4804,38.1759
4805,38.9444
4806,39.4331
4807,38.0771
4808,39.5041
4809,40.5874
4810,39.7123
4811,39.4933
4812,39.6389
4813,40.8936
4814,40.1402
4815,42.1324
4816,38.728
4817,40.4229
4818,38.9733
4819,41.8999
4820,43.8188
4821,40.3923
4822,37.7273
4823,42.2638
4824,43.2962
4825,39.3229
4826,38.7005
4827,38.1037
4828,36.4046
4829,41.6548
4830,38.4266
4831,39.1013
4832,40.4752
4833,39.9839
4834,41.3273
4835,39.6091
4836,39.4494
4837,40.4927
4838,43.9706
4839,38.1137
4840,40.0071
4841,39.4662
4842,41.1435
4843,39.5725
4844,38.7271
4845,39.0982
4846,37.654
4847,40.5738
4848,40.4946
4849,40.3699
4850,38.5445
4851,43.2946
4852,39.8227
4853,40.464
4854,38.1008
4855,39.8932
4856,40.5751
4857,45.4755
4858,39.6895
4859,38.213
4860,40.5061
4861,40.0509
4862,39.7078
4863,42.4896
4864,40.6753
4865,43.9598
4866,41.9165
4867,41.5758
4868,36.859
4869,40.5075
4870,39.0882
4871,39.5625
4872,38.9093
4873,39.9449
4874,38.8758
4875,40.2085
4876,39.4926
4877,39.9939
4878,40.0837
4879,39.4282
4880,39.7841
4881,47.954
4882,38.0649
4883,40.2754
4884,39.6963
4885,41.2381
4886,39.2245
4887,36.3294
4888,40.5818
4889,37.4475
4890,34.6183
4891,40.1162
4892,42.9074
4893,38.3537
4894,39.8419
4895,36.9859
4896,40.2173
4897,37.0867
4898,40.3982
4899,42.5186
4900,35.6047
4901,39.5328
4902,41.3047
4903,36.5207
4904,40.2077
4905,39.5931
4906,38.1923
4907,41.4858
4908,41.7687
4909,41.9795
4910,40.5602
4911,40.0831
4912,44.0349
4913,39.7537
4914,43.0876
4915,42.149
4916,38.0652
4917,38.8288
4918,38.2716
4919,38.3914
4920,39.1152
4921,39.5307
4922,43.491
4923,37.2602
4924,39.6179
4925,37.4852
4926,42.4432
4927,38.3527
4928,37.493
4929,36.1501
4930,42.9243
4931,38.3044
4932,43.4614
4933,42.8627
4934,34.9345
4935,40.5791
4936,37.3298
4937,40.2203
4938,41.9841
4939,43.1451
4940,41.3023
4941,42.4992
4942,40.1833
4943,37.7038
4944,41.3774
4945,38.984
4946,40.7389
4947,38.9374
4948,41.4393
4949,42.0533
4950,39.9265
4951,42.6224
4952,37.618
4953,42.9211
4954,43.9954
4955,41.6887
4956,43.1189
4957,38.7485
4958,39.3302
4959,38.2649
4960,42.7582
4961,35.6815
4962,40.0371
4963,42.7387
4964,40.127
4965,40.0483
4966,37.5582
4967,42.0137
4968,39.7097
4969,41.2153
4970,33.9251
4971,40.7027
4972,39.9137
4973,41.0149
4974,37.7567
4975,41.9958
4976,39.2331
4977,43.5475
4978,41.4481
4979,44.0081
4980,38.3921
4981,39.2357
4982,42.4715
4983,38.9048
4984,38.0675
4985,41.8445
4986,39.8953
4987,40.9361
4988,38.0148
4989,38.2035
4990,36.2577
4991,41.6008
4992,40.2219
4993,39.7997
4994,42.2675
4995,40.4747
4996,39.4375
4997,39.443
4998,39.8968
4999,38.6704
5000,38.0792
5001,39.3585
5002,41.6742
5003,40.7382
5004,42.2168
5005,42.1838
5006,39.3586
5007,43.8826
5008,42.6622
5009,39.017
5010,38.9416
5011,38.1187
5012,41.6504
5013,43.1777
5014,37.7455
5015,37.0569
5016,38.2793
5017,39.4023
5018,42.7445
5019,41.1694
5020,41.7844
5021,41.7149
5022,39.3449
5023,42.7582
5024,37.0404
5025,41.3601
5026,38.6281
5027,40.6138
5028,41.6878
5029,41.0442
5030,42.3029
5031,34.9866
5032,41.2381
5033,38.1775
5034,37.7493
5035,40.4055
5036,38.0219
5037,40.3715
5038,41.8056
5039,41.9443
5040,40.4928
5041,40.6363
5042,41.3562
5043,38.6707
5044,38.8786
5045,35.5336
5046,38.9642
5047,40.1493
5048,40.2791
5049,41.3187
5050,40.4209
5051,41.2208
5052,37.7951
5053,39.5035
5054,39.774
5055,36.0794
5056,34.9553
5057,40.9324
5058,41.8522
5059,39.9299
5060,41.3679
5061,43.0499
5062,40.5226
5063,37.0827
5064,37.1778
5065,38.4916
5066,40.3888
5067,39.6819
5068,41.4394
5069,38.741
5070,39.4031
5071,40.1788
5072,41.3875
5073,40.8732
5074,35.5573
5075,39.4488
5076,39.1882
5077,40.1598
5078,39.0428
5079,40.9173
5080,40.0413
5081,40.2463
5082,40.1925
5083,37.342
5084,42.7495
5085,40.0661
5086,38.2571
5087,42.1734
5088,42.9026
5089,36.8671
5090,44.9533
5091,41.6259
5092,37.6945
5093,39.5285
5094,40.2149
5095,39.5144
5096,38.0162
5097,43.4973
5098,38.3808
5099,37.3096
5100,39.3901
5101,36.3851
5102,40.5685
5103,40.2908
5104,43.0781
5105,37.9294
5106,40.1945
5107,40.12
5108,38.8037
5109,40.8642
5110,41.5485
5111,37.6129
5112,38.3574
5113,40.9701
5114,38.2902
5115,37.9758
5116,36.6708
5117,43.5748
5118,41.1968
5119,44.6916
5120,38.5367
5121,39.5705
5122,37.4795
5123,42.2954
5124,36.5187
5125,39.6144
5126,40.7435
5127,37.4166
5128,36.6453
5129,39.3358
5130,43.3379
5131,37.5929
5132,38.9503
5133,41.6212
5134,40.7953
5135,40.9111
5136,37.8001
5137,38.0114
5138,34.2507
5139,36.6578
5140,41.5013
5141,38.6786
5142,39.371
5143,35.9105
5144,42.4097
5145,38.6956
5146,41.5228
5147,39.343
5148,40.2953
5149,42.7518
5150,42.7077
5151,39.7871
5152,38.6372
5153,41.8949
5154,39.7117
5155,41.5624
5156,41.8244
5157,40.1211
5158,40.0923
5159,38.7542
5160,40.5715
5161,41.8726
5162,39.5275
5163,40.8696
5164,36.8962
5165,40.4119
5166,40.0569
5167,40.3647
5168,41.8197
5169,41.8859
5170,40.9302
5171,42.0447
5172,39.0293
5173,36.8742
5174,39.5219
5175,38.8736
5176,38.9285
5177,39.2537
5178,38.3012
5179,39.4557
5180,38.8366
5181,38.535
5182,38.9383
5183,38.657
5184,41.6311
5185,39.5311
5186,41.8096
5187,40.3142
5188,41.4026
5189,37.8453
5190,40.8551
5191,39.0237
5192,42.5151
5193,40.5527
5194,40.6008
5195,41.912
5196,37.2934
5197,41.6313
5198,42.1601
5199,37.6444
5200,41.6911
5201,42.0324
5202,38.74
5203,39.6863
5204,37.9212
5205,36.234
5206,41.0477
5207,40.4018
5208,41.7538
5209,41.9404
5210,36.1248
5211,36.8434
5212,41.409
5213,42.1291
5214,38.99
5215,43.6533
5216,39.3438
5217,40.2483
5218,38.2023
5219,40.0621
5220,41.1828
5221,42.0261
5222,39.4212
5223,37.2917
5224,39.8495
5225,42.6583
5226,38.7417
5227,40.0458
5228,43.1849
5229,38.8387
5230,40.9744
5231,42.935
5232,36.656
5233,35.6411
5234,40.6239
5235,41.4556
5236,40.7138
5237,38.9818
5238,36.9356
5239,39.435
5240,38.7847
5241,39.362
5242,42.0129
5243,41.1778
5244,39.0803
5245,39.7828
5246,38.3804
5247,38.726
5248,35.8474
5249,38.4269
5250,38.6062
5251,42.3939
5252,39.0386
5253,42.328
5254,39.829
5255,38.8336
5256,37.8665
5257,37.7935
5258,41.378
5259,38.5786
5260,37.2489
5261,41.7686
5262,34.9593
5263,40.1777
5264,37.7058
5265,39.2687
5266,40.9769
5267,40.1003
5268,40.9784
5269,42.7916
5270,41.6112
5271,39.5739
5272,41.46
5273,36.7656
5274,41.041
5275,43.9414
5276,38.9793
5277,38.0904
5278,37.1419
5279,39.4165
5280,34.8668
5281,40.138
5282,39.9368
5283,40.6766
5284,41.8396
5285,39.4375
5286,39.8655
5287,42.6196
5288,43.0541
5289,39.1747
5290,40.3233
5291,43.8734
5292,39.6822
5293,35.43
5294,35.5285
5295,38.61
5296,37.8135
5297,39.8628
5298,40.0143
5299,38.4576
5300,40.716
5301,36.5823
5302,38.4981
5303,40.4284
5304,36.904
5305,37.588
5306,41.9353
5307,36.9913
5308,35.3468
5309,40.2174
5310,35.9642
5311,42.9418
5312,40.7189
5313,38.9296
5314,40.6484
5315,41.8548
5316,38.957
5317,41.7448
5318,40.7062
5319,39.5178
5320,38.8115
5321,39.6769
5322,43.1197
5323,43.7788
5324,38.1953
5325,40.4901
5326,41.2173
5327,39.1987
5328,39.4592
5329,38.325
5330,39.8882
5331,38.7546
5332,38.5872
5333,42.7825
5334,42.1324
5335,38.5016
5336,40.0669
5337,39.6629
5338,40.9682
5339,37.2694
5340,37.0941
5341,44.9112
5342,35.1613
5343,39.8009
5344,40.8965
5345,41.37
5346,37.8114
5347,40.6569
5348,41.2415
5349,40.4742
5350,36.8693
5351,41.3165
5352,37.1257
5353,38.2901
5354,37.6207
5355,41.0954
5356,38.4997
5357,44.2494
5358,40.7014
5359,42.0975
5360,42.1764
5361,42.4269
5362,38.3331
5363,38.5006
5364,42.6794
5365,41.3038
5366,43.567
5367,43.9405
5368,39.9245
5369,41.8165
5370,38.5003
5371,39.4505
5372,40.8308
5373,41.6948
5374,41.7517
5375,40.1515
5376,43.3094
5377,42.3828
5378,43.7028
5379,39.1027
5380,41.4702
5381,42.9614
5382,41.2266
5383,39.9864
5384,40.6949
5385,38.3924
5386,38.737
5387,39.5485
5388,43.1259
5389,41.0308
5390,41.5565
5391,40.0341
5392,39.9312
5393,38.2801
5394,39.2582
5395,43.025
5396,38.4488
5397,39.3386
5398,44.6909
5399,37.7924
5400,38.0316
5401,40.5079
5402,38.7582
5403,43.2789
5404,40.7877
5405,37.2999
5406,40.8511
5407,38.9329
5408,42.4676
5409,37.0272
5410,38.9504
5411,40.7112
5412,41.0768
5413,37.4971
5414,38.7937
5415,43.5014
5416,40.1298
5417,37.0024
5418,42.3331
5419,39.1516
5420,38.2624
5421,38.3067
5422,39.0303
5423,41.2689
5424,40.8903
5425,41.6265
5426,41.7225
5427,39.0767
5428,39.4083
5429,40.6329
5430,41.7199
5431,37.309
5432,38.7292
5433,42.0339
5434,37.4925
5435,46.8947
5436,37.1143
5437,38.0559
5438,41.3325
5439,38.7007
5440,39.1782
5441,39.7435
5442,39.4442
5443,41.5181
5444,40.0065
5445,44.0269
5446,37.1928
5447,40.0941
5448,38.7873
5449,40.6181
5450,37.7579
5451,40.1009
5452,37.7688
5453,38.5433
5454,37.0954
5455,42.2323
5456,38.0674
5457,41.3938
5458,42.3541
5459,36.5316
5460,41.0016
5461,37.8181
5462,40.0787
5463,41.857
5464,41.0621
5465,37.3666
5466,37.376
5467,44.5474
5468,37.8239
5469,42.3185
5470,38.8494
5471,39.9102
5472,36.1728
5473,41.1392
5474,36.684
5475,40.2324
5476,39.2116
5477,40.3
5478,41.3601
5479,37.7808
5480,38.3398
5481,41.1606
5482,41.6412
5483,40.1562
5484,40.679
5485,39.1515
5486,42.8759
5487,39.0028
5488,46.0308
5489,40.8951
5490,43.0918
5491,37.0084
5492,41.703
5493,38.8516
5494,36.306
5495,40.2798
5496,40.9315
5497,41.996
5498,40.7935
5499,41.1058
5500,39.3139
5501,41.4148
5502,42.334
5503,43.4699
5504,41.8814
5505,37.908
5506,40.622
5507,40.1269
5508,43.6076
5509,41.1288
5510,41.7539
5511,39.3985
5512,38.6788
5513,38.1012
5514,39.6245
5515,40.4757
5516,39.6475
5517,41.007
5518,39.9895
5519,40.0156
5520,39.8833
5521,42.8164
5522,43.9761
5523,37.9785
5524,43.1358
5525,39.4687
5526,36.8445
5527,38.1567
5528,40.246
5529,39.9035
5530,39.0937
5531,38.0472
5532,39.7816
5533,38.0477
5534,41.3605
5535,36.4403
5536,35.5593
5537,41.5824
5538,40.9868
5539,39.4985
5540,40.325
5541,39.8051
5542,37.6067
5543,33.3497
5544,41.4235
5545,41.1917
5546,37.0768
5547,40.4405
5548,39.8861
5549,41.656
5550,40.275
5551,43.7619
5552,39.427
5553,40.7925
5554,38.9406
5555,38.4957
5556,39.4434
5557,37.8372
5558,42.8393
5559,39.3071
5560,36.2455
5561,40.9495
5562,41.8965
5563,41.3205
5564,40.4495
5565,40.0605
5566,40.7433
5567,36.6276
5568,39.1014
5569,40.2789
5570,38.9179
5571,40.039
5572,38.7151
5573,40.299
5574,39.9941
5575,39.871
5576,35.1841
5577,40.3116
5578,39.6615
5579,39.2931
5580,43.0961
5581,40.9416
5582,38.1944
5583,41.6522
5584,39.4796
5585,42.6807
5586,38.299
5587,43.6496
5588,38.7369
5589,41.3187
5590,37.0134
5591,40.9115
5592,39.8255
5593,39.3957
5594,39.9762
5595,42.3746
5596,43.9473
5597,40.8216
5598,41.752
5599,44.8572
5600,38.7307
5601,40.4572
5602,42.3062
5603,40.7512
5604,37.2661
5605,41.4843
5606,43.6786
5607,40.8674
5608,42.3475
5609,36.4197
5610,37.3512
5611,41.4806
5612,38.7676
5613,36.5012
5614,37.6492
5615,37.0757
5616,36.3595
5617,40.0239
5618,41.7298
5619,44.8507
5620,41.9221
5621,41.498
5622,41.3329
5623,39.2506
5624,39.2159
5625,36.2072
5626,40.3675
5627,39.5263
5628,36.5126
5629,38.9813
5630,41.559
5631,39.2963
5632,42.3075
5633,37.105
5634,42.404
5635,41.8939
5636,43.4617
5637,43.2197
5638,41.1446
5639,42.1784
5640,36.2912
5641,44.3291
5642,41.5707
5643,37.3988
5644,40.9598
5645,39.4165
5646,36.8097
5647,40.327
5648,37.7823
5649,38.6233
5650,39.146
5651,37.7627
5652,37.8839
5653,44.0736
5654,38.3663
5655,40.0607
5656,36.5483
5657,42.6392
5658,39.0381
5659,39.5084
5660,42.7163
5661,38.8769
5662,39.4888
5663,40.7926
5664,41.4755
5665,40.7639
5666,41.0408
5667,38.4636
5668,36.1813
5669,38.7726
5670,41.7116
5671,42.3353
5672,40.8188
5673,41.4541
5674,39.2551
5675,38.5877
5676,41.087
5677,40.0673
5678,41.4578
5679,42.898
5680,40.8971
5681,37.3755
5682,37.7036
5683,39.4951
5684,42.748
5685,37.732
5686,41.0374
5687,41.156
5688,42.9486
5689,38.5079
5690,39.9191
5691,41.6414
5692,39.1696
5693,38.8744
5694,38.0539
5695,43.7486
5696,41.8351
5697,35.8039
5698,38.1616
5699,38.1579
5700,41.4262
5701,39.0972
5702,38.8629
5703,42.9863
5704,39.0621
5705,42.6009
5706,40.2051
5707,36.5218
5708,42.4935
5709,40.8326
5710,41.6553
5711,39.4439
5712,41.6258
5713,42.5352
5714,39.1207
5715,42.6501
5716,39.5556
5717,41.885
5718,41.9877
5719,40.9964
5720,37.9688
5721,37.7616
5722,41.0463
5723,41.145
5724,39.1654
5725,38.0653
5726,39.0455
5727,38.4972
5728,40.0389
5729,38.9026
5730,37.0795
5731,41.3853
5732,39.3421
5733,41.154
5734,36.6143
5735,39.4329
5736,40.4627
5737,38.4401
5738,38.8377
5739,39.1377
5740,42.4198
5741,41.3539
5742,40.4017
5743,39.2573
5744,37.8786
5745,42.6758
5746,39.3126
5747,36.8081
5748,43.0113
5749,41.1832
5750,37.1573
5751,38.8602
5752,45.8869
5753,41.0577
5754,40.0851
5755,40.51
5756,39.5861
5757,37.3548
5758,38.5371
5759,43.4371
5760,42.8904
5761,40.4167
5762,38.8528
5763,38.4309
5764,38.337
5765,40.5464
5766,43.0602
5767,41.4632
5768,40.3846
5769,40.4867
5770,41.5772
5771,37.8615
5772,42.9467
5773,40.1583
5774,41.5065
5775,38.7038
5776,41.299
5777,38.1697
5778,38.1312
5779,41.6682
5780,37.1981
5781,44.0051
5782,41.1727
5783,39.2556
5784,42.8651
5785,41.4345
5786,41.4184
5787,39.7218
5788,40.1763
5789,40.1189
5790,39.8069
5791,34.0347
5792,34.9754
5793,39.2762
5794,39.1507
5795,40.9516
5796,40.6886
5797,42.8438
5798,37.9975
5799,39.8561
5800,43.236
5801,42.8196
5802,40.8925
5803,43.2211
5804,40.4785
5805,40.2781
5806,36.3734
5807,40.3947
5808,42.0407
5809,39.1673
5810,41.3886
5811,36.741
5812,41.1204
5813,39.5192
5814,38.7316
5815,39.8486
5816,37.9231
5817,42.8336
5818,41.3669
5819,40.0648
5820,39.8699
5821,41.0921
5822,37.6662
5823,38.3189
5824,38.533
5825,37.9139
5826,40.7422
5827,38.7785
5828,38.7745
5829,39.1274
5830,37.6199
5831,37.7104
5832,41.065
5833,37.2051
5834,42.6596
5835,41.5702
5836,41.2165
5837,38.6217
5838,38.8795
5839,43.6273
5840,39.1017
5841,39.9687
5842,43.1275
5843,41.5466
5844,39.8564
5845,36.2038
5846,37.6276
5847,43.8888
5848,38.2061
5849,40.6041
5850,39.1176
5851,38.0479
5852,39.1371
5853,43.6796
5854,43.4935
5855,37.5157
5856,42.1532
5857,44.8942
5858,37.9624
5859,42.0442
5860,37.8431
5861,40.6953
5862,36.9461
5863,40.122
5864,39.5332
5865,40.4918
5866,38.4446
5867,39.2427
5868,40.4118
5869,38.3206
5870,40.2983
5871,39.6403
5872,40.3126
5873,37.4756
5874,40.0919
5875,42.8106
5876,39.7987
5877,41.1803
5878,37.7384
5879,40.0799
5880,40.7463
5881,36.8811
5882,35.0752
5883,40.4685
5884,40.9042
5885,41.1749
5886,39.1817
5887,42.0678
5888,37.7891
5889,40.8026
5890,40.565
5891,39.1199
5892,40.6042
5893,42.0305
5894,41.7426
5895,39.1733
5896,39.3391
5897,38.4788
5898,42.5569
5899,38.6617
5900,40.1438
5901,44.254
5902,37.5865
5903,39.3546
5904,40.2744
5905,40.1338
5906,37.994
5907,40.8008
5908,39.7145
5909,40.9701
5910,41.3423
5911,39.9464
5912,39.2544
5913,38.4861
5914,40.7451
5915,42.0331
5916,39.9842
5917,38.83
5918,39.0853
5919,37.5869
5920,42.285
5921,40.2659
5922,37.1764
5923,31.8147
5924,36.0973
5925,37.8537
5926,42.9064
5927,39.832
5928,36.6598
5929,41.2511
5930,38.3863
5931,42.851
5932,41.4948
5933,40.1526
5934,35.0944
5935,40.0702
5936,41.7152
5937,36.3741
5938,42.3631
5939,39.8869
5940,37.8848
5941,43.0135
5942,37.7392
5943,38.7273
5944,38.6543
5945,41.9589
5946,38.7211
5947,38.8596
5948,40.4152
5949,41.6077
5950,39.7076
5951,39.456
5952,41.0475
5953,42.9183
5954,38.7188
5955,39.9493
5956,39.5131
5957,41.2891
5958,38.5133
5959,40.0292
5960,40.6375
5961,33.6138
5962,37.8148
5963,39.4455
5964,39.0619
5965,40.5224
5966,39.0079
5967,42.0885
5968,39.6652
5969,36.7202
5970,44.3408
5971,41.6051
5972,39.6563
5973,39.8809
5974,44.0286
5975,41.4245
5976,44.8576
5977,42.2701
5978,41.2061
5979,39.2806
5980,40.1923
5981,39.8807
5982,40.3915
5983,37.0349
5984,38.3106
5985,36.2738
5986,41.251
5987,38.7045
5988,39.9417
5989,39.3412
5990,39.2228
5991,42.2321
5992,38.9944
5993,40.1161
5994,38.0397
5995,38.9361
5996,41.5311
5997,42.1058
5998,40.9524
5999,39.2005
6000,40.1172
6001,45.2248
6002,41.2664
6003,37.9415
6004,37.1572
6005,42.2185
6006,35.4409
6007,41.8139
6008,38.574
6009,39.4779
6010,39.6963
6011,40.5656
6012,37.3282
6013,42.3325
6014,40.3594
6015,42.2627
6016,39.6871
6017,36.2045
6018,39.6726
6019,39.7293
6020,42.7241
6021,43.4433
6022,39.6855
6023,37.2162
6024,44.2079
6025,40.6364
6026,43.6043
6027,38.2686
6028,40.1906
6029,40.8535
6030,41.0092
6031,39.0646
6032,35.1238
6033,38.7926
6034,40.0019
6035,42.1575
6036,42.7777
6037,37.0406
6038,41.0587
6039,40.7091
6040,39.7438
6041,41.6236
6042,42.3289
6043,37.7696
6044,42.533
6045,41.3796
6046,42.3874
6047,37.4284
6048,39.4227
6049,40.7624
6050,40.8425
6051,41.0581
6052,39.612
6053,41.3341
6054,40.174
6055,40.0729
6056,42.7385
6057,41.4659
6058,40.1636
6059,39.9052
6060,39.451
6061,40.1988
6062,39.5095
6063,39.8695
6064,39.6612
6065,40.1775
6066,38.3567
6067,36.5403
6068,43.0142
6069,39.9659
6070,39.355
6071,41.1735
6072,37.7341
6073,37.2338
6074,37.0418
6075,40.5301
6076,38.7526
6077,37.71
6078,41.197
6079,37.92
6080,41.7913
6081,41.4099
6082,40.6774
6083,38.1494
6084,41.9333
6085,38.9629
6086,40.7284
6087,39.7035
6088,40.8327
6089,38.3949
6090,36.3441
6091,40.7953
6092,41.1396
6093,39.2575
6094,37.8159
6095,39.5608
6096,42.1853
6097,42.0579
6098,43.1008
6099,39.8254
6100,37.4391
6101,37.3545
6102,35.7138
6103,39.6601
6104,38.1418
6105,38.9885
6106,44.2863
6107,40.0129
6108,42.2677
6109,37.6543
6110,41.9451
6111,38.2398
6112,39.9866
6113,38.4386
6114,38.8746
6115,39.0135
6116,37.6727
6117,42.4997
6118,40.5517
6119,39.4696
6120,43.9654
6121,39.3538
6122,39.3118
6123,41.843
6124,40.5329
6125,43.298
6126,38.0107
6127,37.9945
6128,42.8189
6129,37.3398
6130,40.8827
6131,40.2757
6132,39.0912
6133,41.9909
6134,37.1176
6135,39.834
6136,40.0074
6137,39.4119
6138,36.6173
6139,37.271
6140,38.5978
6141,40.2258
6142,41.3783
6143,40.4553
6144,42.3574
6145,41.0714
6146,43.0805
6147,41.3712
6148,44.4922
6149,38.2969
6150,40.8608
6151,41.3618
6152,39.5852
6153,40.7938
6154,38.4102
6155,41.2673
6156,37.9111
6157,37.6297
6158,38.0235
6159,39.9453
6160,39.7682
6161,38.9994
6162,40.2993
6163,37.8566
6164,40.5034
6165,37.4612
6166,39.7858
6167,39.8604
6168,37.7215
6169,42.1509
6170,39.2557
6171,43.3657
6172,40.6017
6173,40.3122
6174,40.8071
6175,40.8403
6176,39.3831
6177,40.0678
6178,42.6767
6179,39.1713
6180,41.0534
6181,39.4381
6182,40.0427
6183,38.8686
6184,36.6613
6185,39.5243
6186,39.3862
6187,41.7422
6188,39.9308
6189,39.8866
6190,37.3057
6191,41.5732
6192,39.7212
6193,38.6781
6194,43.8709
6195,39.6779
6196,40.7942
6197,39.7742
6198,39.4453
6199,39.6131
6200,40.4257
6201,37.5485
6202,37.6904
6203,37.5789
6204,38.2122
6205,32.7908
6206,42.8503
6207,38.4351
6208,36.5009
6209,40.7005
6210,41.4639
6211,36.4561
6212,40.8927
6213,42.0829
6214,37.3838
6215,43.3257
6216,39.0623
6217,43.1096
6218,42.0435
6219,38.1649
6220,39.985
6221,38.7873
6222,35.5947
6223,40.1543
6224,39.9747
6225,42.0222
6226,38.3732
6227,41.6956
6228,41.3903
6229,39.0861
6230,38.0925
6231,42.3553
6232,41.5068
6233,39.9878
6234,40.8911
6235,37.391
6236,39.6043
6237,41.0935
6238,39.4464
6239,40.8818
6240,43.9269
6241,42.5393
6242,35.1978
6243,39.4393
6244,37.7668
6245,41.6822
6246,42.9711
6247,37.492
6248,40.5739
6249,42.3858
6250,39.3171
6251,38.5584
6252,38.9886
6253,42.12
6254,38.2891
6255,39.7981
6256,39.8226
6257,39.8211
6258,44.7386
6259,40.3011
6260,41.4092
6261,42.0843
6262,39.2388
6263,37.7754
6264,39.1388
6265,39.6455
6266,42.5484
6267,42.7737
6268,43.3669
6269,42.6673
6270,38.1576
6271,42.3089
6272,40.4118
6273,40.3762
6274,37.8233
6275,40.9957
6276,41.3891
6277,38.8198
6278,40.2639
6279,36.5714
6280,39.6148
6281,42.5486
6282,40.6558
6283,36.4195
6284,41.3111
6285,44.912
6286,40.6517
6287,40.7037
6288,40.8155
6289,40.2772
6290,39.2127
6291,40.7417
6292,40.1351
6293,40.442
6294,37.4393
6295,39.3731
6296,39.5877
6297,40.1389
6298,40.1678
6299,41.5904
6300,40.774
6301,36.0635
6302,41.0705
6303,40.0372
6304,39.7005
6305,36.3589
6306,42.176
6307,39.3209
6308,37.0466
6309,36.5119
6310,39.021
6311,41.458
6312,37.3631
6313,42.3166
6314,38.6541
6315,39.4166
6316,37.8023
6317,41.1086
6318,42.1094
6319,41.0661
6320,39.5611
6321,34.6894
6322,37.0079
6323,39.0449
6324,43.9998
6325,41.056
6326,38.3485
6327,41.6805
6328,42.1272
6329,37.1109
6330,39.7708
6331,39.6497
6332,39.9707
6333,38.4928
6334,39.9733
6335,39.3563
6336,41.9006
6337,36.5519
6338,41.1784
6339,42.6914
6340,40.7892
6341,39.9405
6342,38.2614
6343,39.4028
6344,42.2928
6345,40.8338
6346,40.6327
6347,38.1741
6348,41.6308
6349,40.7786
6350,39.6313
6351,39.7571
6352,37.7714
6353,36.5377
6354,37.0119
6355,37.1153
6356,42.1642
6357,38.0726
6358,41.934
6359,41.0545
6360,39.5327
6361,37.4994
6362,40.9026
6363,38.0217
6364,42.5091
6365,40.5905
6366,38.2272
6367,40.9845
6368,41.4033
6369,40.5685
6370,40.1706
6371,38.9725
6372,39.3833
6373,44.3476
6374,39.3804
6375,42.6571
6376,43.5191
6377,37.6059
6378,39.0666
6379,42.3163
6380,39.2513
6381,38.1051
6382,39.1886
6383,41.7622
6384,39.842
6385,40.1475
6386,41.0593
6387,40.9421
6388,38.6209
6389,37.4679
6390,39.4708
6391,40.0235
6392,43.4297
6393,38.8201
6394,41.5507
6395,37.2842
6396,41.4083
6397,36.1245
6398,40.0439
6399,41.4765
6400,42.0837
6401,39.653
6402,38.7157
6403,39.862
6404,38.9482
6405,41.0992
6406,39.3042
6407,38.5983
6408,37.9518
6409,36.7718
6410,39.7554
6411,38.8116
6412,42.4275
6413,39.6397
6414,40.9325
6415,38.3505
6416,40.5145
6417,37.7796
6418,35.9104
6419,35.3832
6420,40.8954
6421,40.5294
6422,39.0805
6423,37.8919
6424,38.5422
6425,39.3892
6426,38.6343
6427,39.6285
6428,41.9511
6429,42.2194
6430,38.6498
6431,41.0536
6432,40.8149
6433,40.5902
6434,40.1225
6435,40.1594
6436,45.9362
6437,37.872
6438,39.4145
6439,38.4076
6440,41.9687
6441,37.2171
6442,43.3154
6443,39.5809
6444,41.8727
6445,39.1637
6446,41.3633
6447,34.0744
6448,40.538
6449,40.963
6450,40.8727
6451,42.4042
6452,38.3118
6453,39.9304
6454,39.8515
6455,37.8182
6456,35.973
6457,42.2164
6458,41.2233
6459,37.3912
6460,34.0249
6461,38.9482
6462,41.7667
6463,39.8495
6464,40.1794
6465,39.2949
6466,43.2132
6467,41.683
6468,39.2906
6469,39.1678
6470,45.1715
6471,39.823
6472,40.4878
6473,41.8615
6474,39.6095
6475,40.9055
6476,36.5595
6477,42.2663
6478,37.6045
6479,38.5818
6480,41.1087
6481,38.6182
6482,41.6465
6483,41.6663
6484,43.9776
6485,40.5053
6486,40.2871
6487,41.9525
6488,40.9561
6489,41.2409
6490,39.015
6491,43.6787
6492,41.0242
6493,40.6846
6494,40.1376
6495,43.8548
6496,39.3335
6497,34.8427
6498,40.8317
6499,39.9482
6500,40.2863
6501,41.6736
6502,40.5854
6503,37.1616
6504,40.1181
6505,42.7843
6506,39.2686
6507,40.1087
6508,41.2359
6509,43.7183
6510,39.7284
6511,41.8657
6512,40.33
6513,42.5508
6514,36.6031
6515,39.4117
6516,35.5893
6517,38.2331
6518,35.3433
6519,42.8669
6520,37.6489
6521,40.3655
6522,45.2576
6523,42.0691
6524,40.4156
6525,39.4833
6526,42.9661
6527,41.7344
6528,40.5713
6529,41.1822
6530,39.2311
6531,38.5929
6532,35.5995
6533,41.589
6534,38.1615
6535,35.6819
6536,35.7975
6537,38.9815
6538,43.7449
6539,43.831
6540,39.7238
6541,39.4117
6542,38.5822
6543,38.6916
6544,42.2195
6545,37.5239
6546,43.0574
6547,40.2338
6548,41.3659
6549,39.8668
6550,39.6762
6551,40.1714
6552,37.9118
6553,43.0166
6554,42.1615
6555,40.7032
6556,37.7728
6557,42.2298
6558,39.9357
6559,37.7396
6560,38.589
6561,36.0789
6562,39.3898
6563,41.7582
6564,39.746
6565,41.477
6566,40.649
6567,40.2143
6568,40.3565
6569,37.5823
6570,38.6154
6571,40.2521
6572,40.1176
6573,42.5438
6574,39.3089
6575,38.9829
6576,40.5395
6577,41.7255
6578,35.3995
6579,36.6125
6580,38.3244
6581,40.3289
6582,43.0699
6583,40.9342
6584,42.9183
6585,39.2066
6586,41.9739
6587,36.3606
6588,42.0093
6589,40.9704
6590,41.1782
6591,41.8986
6592,34.6713
6593,42.5099
6594,39.7052
6595,38.5651
6596,41.4641
6597,37.0874
6598,37.1181
6599,40.0172
6600,37.8617
6601,38.8676
6602,41.4274
6603,39.9649
6604,40.4023
6605,39.552
6606,43.2476
6607,43.2768
6608,41.6773
6609,40.5254
6610,43.6041
6611,43.589
6612,41.0784
6613,38.3294
6614,39.596
6615,42.8967
6616,39.9614
6617,42.6141
6618,43.0012
6619,37.413
6620,40.3343
6621,39.5513
6622,40.7321
6623,44.15
6624,40.6213
6625,38.5718
6626,39.2422
6627,39.3447
6628,39.7508
6629,39.3962
6630,39.5072
6631,40.2784
6632,37.131
6633,41.517
6634,37.512
6635,40.4822
6636,39.9477
6637,41.9002
6638,37.3483
6639,39.5784
6640,38.931
6641,39.1239
6642,37.4739
6643,37.1878
6644,41.0961
6645,39.6226
6646,38.6963
6647,38.4187
6648,44.4798
6649,39.1687
6650,40.1903
6651,36.9491
6652,36.3439
6653,41.0812
6654,41.2783
6655,37.7935
6656,40.5021
6657,42.8191
6658,41.5305
6659,41.1194
6660,40.8875
6661,40.8358
6662,42.2322
6663,41.4801
6664,40.5836
6665,37.3848
6666,39.6233
6667,38.8182
6668,39.5811
6669,42.0422
6670,39.834
6671,40.9303
6672,38.2035
6673,39.2698
6674,40.7352
6675,42.7026
6676,38.0093
6677,37.0342
6678,38.8953
6679,38.093
6680,39.6249
6681,39.5794
6682,41.6737
6683,36.6894
6684,38.1291
6685,41.8232
6686,39.691
6687,41.3945
6688,39.6039
6689,40.76
6690,41.8234
6691,39.4617
6692,36.9665
6693,40.25
6694,37.7741
6695,36.9322
6696,36.3794
6697,40.1776
6698,40.8588
6699,39.4512
6700,42.2714
6701,38.5668
6702,41.0138
6703,39.1989
6704,43.4321
6705,41.5221
6706,37.0931
6707,37.5913
6708,42.3878
6709,41.07
6710,40.1873
6711,39.1766
6712,40.4704
6713,39.6918
6714,41.4612
6715,40.3881
6716,42.2891
6717,43.8742
6718,39.6918
6719,39.0235
6720,41.0644
6721,38.4003
6722,40.5532
6723,42.7632
6724,42.5612
6725,40.6947
6726,39.5727
6727,41.8447
6728,37.0598
6729,42.1134
6730,46.1668
6731,41.2556
6732,40.8331
6733,36.5982
6734,39.2072
6735,38.3306
6736,42.7877
6737,38.5632
6738,41.1463
6739,41.9716
6740,37.7416
6741,37.6458
6742,36.9696
6743,42.3946
6744,39.4901
6745,39.6072
6746,39.5989
6747,41.6589
6748,38.403
6749,38.4938
6750,39.5845
6751,34.3512
6752,42.0139
6753,39.0718
6754,38.7155
6755,40.4937
6756,39.7638
6757,38.4371
6758,39.189
6759,41.5
6760,44.5614
6761,38.545
6762,36.1637
6763,38.7231
6764,37.6165
6765,41.3352
6766,37.6599
6767,38.1731
6768,40.5283
6769,36.9223
6770,39.7901
6771,38.4585
6772,41.4949
6773,39.4086
6774,38.8189
6775,40.433
6776,44.1672
6777,39.6093
6778,41.9173
6779,40.177
6780,41.069
6781,42.4137
6782,40.9793
6783,37.2836
6784,42.6221
6785,39.4058
6786,39.6812
6787,43.2647
6788,39.4512
6789,39.8896
6790,40.2222
6791,41.9598
6792,36.8364
6793,40.6767
6794,40.0993
6795,41.8996
6796,42.1216
6797,39.7962
6798,36.9744
6799,40.0693
6800,38.9423
6801,40.5566
6802,39.2013
6803,39.1859
6804,38.947
6805,44.0568
6806,36.8757
6807,38.1219
6808,41.2722
6809,38.9213
6810,41.0999
6811,43.8215
6812,37.3991
6813,38.268
6814,37.367
6815,40.0762
6816,40.236
6817,42.0173
6818,39.7909
6819,38.2043
6820,38.393
6821,42.0243
6822,40.9024
6823,40.7522
6824,39.119
6825,40.691
6826,41.8469
6827,40.3223
6828,37.4114
6829,43.8259
6830,39.3658
6831,40.5107
6832,39.4951
6833,36.963
6834,39.9122
6835,40.402
6836,41.8037
6837,45.3746
6838,42.535
6839,42.4803
6840,41.0278
6841,38.3554
6842,35.693
6843,41.5165
6844,38.3094
6845,38.1361
6846,37.3797
6847,38.3733
6848,39.3398
6849,38.4604
6850,39.9372
6851,40.5653
6852,42.6424
6853,40.5948
6854,40.9246
6855,39.1226
6856,40.1559
6857,41.0296
6858,42.546
6859,43.1358
6860,39.7062
6861,40.5198
6862,40.2084
6863,38.2778
6864,41.1087
6865,44.2947
6866,41.5072
6867,46.446
6868,42.573
6869,39.7503
6870,40.4031
6871,41.2452
6872,40.3173
6873,44.3421
6874,38.0639
6875,39.2688
6876,41.4247
6877,40.9578
6878,38.7958
6879,40.3908
6880,40.428
6881,41.9662
6882,42.538
6883,37.5214
6884,41.4085
6885,38.4896
6886,42.4804
6887,37.3126
6888,40.9276
6889,39.7241
6890,39.5959
6891,36.2439
6892,39.8565
6893,41.6786
6894,36.6585
6895,39.2426
6896,39.3352
6897,36.0646
6898,41.9484
6899,43.4248
6900,40.6935
6901,41.5262
6902,39.8256
6903,41.3724
6904,41.4357
6905,44.0451
6906,40.4358
6907,39.8167
6908,40.3363
6909,40.4299
6910,39.8958
6911,37.6581
6912,41.6821
6913,38.9061
6914,40.0976
6915,39.1646
6916,39.0958
6917,39.1128
6918,39.8425
6919,39.2834
6920,40.6844
6921,42.0418
6922,37.7147
6923,39.5575
6924,42.2415
6925,41.3292
6926,42.5672
6927,42.002
6928,40.7169
6929,41.6347
6930,38.1643
6931,40.0246
6932,39.9304
6933,39.2315
6934,37.9704
6935,42.4621
6936,39.3667
6937,38.7954
6938,41.012
6939,37.1704
6940,38.4425
6941,39.5576
6942,41.106
6943,40.3151
6944,38.393
6945,39.8694
6946,37.49
6947,34.1762
6948,40.0838
6949,40.6562
6950,37.868
6951,40.5605
6952,41.7289
6953,35.7308
6954,39.2791
6955,37.2492
6956,43.185
6957,39.9731
6958,41.4755
6959,41.5153
6960,43.1848
6961,38.8208
6962,44.0619
6963,39.2056
6964,41.9643
6965,39.4857
6966,43.3458
6967,39.6462
6968,43.8489
6969,41.6119
6970,44.485
6971,41.0185
6972,39.8072
6973,39.6584
6974,40.4318
6975,39.9585
6976,38.1772
6977,36.945
6978,40.3706
6979,39.7173
6980,41.3833
6981,40.8938
6982,39.3607
6983,44.2839
6984,42.0454
6985,38.8879
6986,36.8996
6987,39.4558
6988,41.9854
6989,37.7667
6990,41.8689
6991,41.3694
6992,43.4466
6993,41.4917
6994,39.8336
6995,40.3335
6996,39.1755
6997,41.549
6998,39.5495
6999,37.8373
7000,39.1687
7001,41.0716
7002,37.7159
7003,39.3892
7004,47.2942
7005,40.3893
7006,40.8686
7007,41.3595
7008,40.4627
7009,39.1654
7010,37.7557
7011,36.9963
7012,42.5732
7013,39.366
7014,40.5886
7015,38.436
7016,42.0344
7017,38.2985
7018,42.7321
7019,37.0823
7020,38.1017
7021,41.8454
7022,37.7954
7023,39.8529
7024,39.1138
7025,37.39
7026,40.1132
7027,41.7182
7028,38.8938
7029,42.2443
7030,39.6932
7031,44.6369
7032,37.9336
7033,39.7546
7034,42.0774
7035,38.9935
7036,36.3918
7037,38.144
7038,39.182
7039,42.3327
7040,39.0031
7041,36.504
7042,40.9481
7043,39.0722
7044,36.1277
7045,40.4088
7046,38.1478
7047,37.1673
7048,40.8039
7049,42.1942
7050,37.9603
7051,40.371
7052,43.2535
7053,39.7064
7054,42.8539
7055,37.0532
7056,43.8186
7057,38.1343
7058,41.5106
7059,43.2367
7060,40.5156
7061,42.6268
7062,39.9827
7063,42.5504
7064,42.1155
7065,42.2577
7066,37.7088
7067,42.2781
7068,36.1558
7069,41.1492
7070,38.56
7071,37.6738
7072,38.4937
7073,41.2927
7074,40.2335
7075,40.3498
7076,40.2587
7077,40.2925
7078,39.7303
7079,41.7209
7080,38.7116
7081,39.8866
7082,40.8453
7083,42.0815
7084,40.1744
7085,43.7362
7086,37.4498
7087,39.7874
7088,37.9175
7089,41.5748
7090,40.1169
7091,39.5385
7092,42.4195
7093,42.1987
7094,38.1744
7095,40.4742
7096,39.1178
7097,42.1648
7098,41.7287
7099,39.7318
7100,35.8456
7101,44.7911
7102,37.5989
7103,37.2297
7104,44.2701
7105,41.4726
7106,37.1274
7107,40.4588
7108,43.6091
7109,38.0959
7110,40.4149
7111,38.3949
7112,42.0375
7113,39.6148
7114,39.4854
7115,37.8987
7116,39.9004
7117,41.7624
7118,42.302
7119,39.0863
7120,36.3288
7121,39.0713
7122,42.1753
7123,42.3029
7124,39.0357
7125,40.04
7126,39.8178
7127,40.2742
7128,39.8066
7129,40.9397
7130,36.7104
7131,40.5746
7132,36.9358
7133,39.3759
7134,40.8807
7135,38.4811
7136,37.9221
7137,38.6394
7138,35.7607
7139,38.821
7140,37.5361
7141,35.9725
7142,39.7335
7143,40.6374
7144,39.2341
7145,38.0737
7146,34.5604
7147,39.6119
7148,41.4881
7149,39.9473
7150,42.5282
7151,45.462
7152,37.6913
7153,44.387
7154,40.5478
7155,37.3481
7156,39.2097
7157,40.3759
7158,42.8842
7159,39.029
7160,40.8493
7161,40.0564
7162,42.3101
7163,38.4376
7164,40.6652
7165,40.5288
7166,39.9831
7167,38.8088
7168,36.6672
7169,37.7823
7170,37.1464
7171,37.1134
7172,37.4246
7173,40.3132
7174,41.3721
7175,39.9129
7176,38.0212
7177,42.6079
7178,40.5063
7179,39.5633
7180,39.4625
7181,39.6052
7182,40.8448
7183,41.0379
7184,43.3723
7185,41.6847
7186,39.1384
7187,42.116
7188,40.0101
7189,41.0344
7190,38.6269
7191,40.7947
7192,41.9244
7193,39.4501
7194,39.5185
7195,42.3604
7196,39.6344
7197,40.6993
7198,37.7323
7199,42.6286
7200,39.2538
7201,38.3638
7202,41.7585
7203,41.2826
7204,38.88
7205,41.2891
7206,43.4143
7207,39.921
7208,36.8778
7209,39.3586
7210,41.1822
7211,37.8367
7212,42.1956
7213,40.2943
7214,39.5609
7215,34.3393
7216,41.0055
7217,43.2229
7218,39.7963
7219,42.3676
7220,40.705
7221,40.6729
7222,38.7083
7223,45.0402
7224,41.0486
7225,39.6908
7226,40.4949
7227,38.9745
7228,38.6943
7229,38.6775
7230,36.5298
7231,42.5056
7232,44.0879
7233,37.7323
7234,40.0412
7235,39.8235
7236,43.365
7237,40.8025
7238,40.8496
7239,39.5655
7240,39.4584
7241,44.6308
7242,42.3933
7243,39.6016
7244,38.9672
7245,43.9459
7246,40.976
7247,39.467
7248,37.1257
7249,38.476
7250,42.8096
7251,35.4595
7252,41.2091
7253,41.8182
7254,41.119
7255,42.9907
7256,42.4813
7257,40.6076
7258,44.1286
7259,38.6021
7260,40.7549
7261,39.199
7262,41.0625
7263,37.3264
7264,39.8298
7265,39.9549
7266,36.6238
7267,42.7912
7268,41.9705
7269,39.2277
7270,37.6551
7271,39.3921
7272,39.0409
7273,39.1892
7274,39.2903
7275,41.1807
7276,38.7402
7277,40.9901
7278,43.0762
7279,38.9312
7280,38.3313
7281,39.7726
7282,41.9792
7283,38.5863
7284,37.5958
7285,40.9991
7286,41.1759
7287,40.7723
7288,40.2355
7289,37.823
7290,44.1077
7291,39.0746
7292,41.6842
7293,40.1751
7294,40.972
7295,42.0471
7296,39.6546
7297,42.9232
7298,37.9912
7299,41.3782
7300,38.1913
7301,39.9137
7302,39.0722
7303,37.119
7304,43.6907
7305,38.9398
7306,38.8373
7307,39.5661
7308,36.223
7309,41.1208
7310,39.6715
7311,39.0733
7312,41.4119
7313,40.6522
7314,35.0544
7315,41.2719
7316,34.9361
7317,34.957
7318,42.8137
7319,43.5963
7320,36.6478
7321,37.5467
7322,41.16
7323,39.0855
7324,38.8953
7325,41.1777
7326,39.8024
7327,40.8679
7328,43.2625
7329,38.4955
7330,45.3782
7331,38.0555
7332,39.921
7333,38.1515
7334,38.4198
7335,42.7809
7336,38.1583
7337,41.3607
7338,41.7576
7339,41.2504
7340,37.0979
7341,39.3196
7342,39.8383
7343,42.8644
7344,40.8604
7345,38.31
7346,41.6815
7347,36.6805
7348,42.0353
7349,43.2123
7350,42.0036
7351,37.9672
7352,41.4825
7353,38.3859
7354,39.7235
7355,39.5062
7356,41.2629
7357,39.327
7358,39.991
7359,40.8488
7360,42.4325
7361,43.5593
7362,36.5458
7363,37.8318
7364,37.2005
7365,42.6166
7366,41.2763
7367,40.4166
7368,39.1109
7369,41.7811
7370,41.9932
7371,39.8517
7372,39.9989
7373,40.5937
7374,38.8883
7375,40.727
7376,43.458
7377,39.4001
7378,39.8652
7379,43.7364
7380,43.0702
7381,40.7861
7382,39.8936
7383,42.6831
7384,41.3382
7385,39.6161
7386,40.4107
7387,39.7965
7388,38.8369
7389,39.1356
7390,43.1972
7391,41.3849
7392,41.5802
7393,40.3839
7394,42.7713
7395,40.852
7396,41.6393
7397,40.946
7398,37.4171
7399,41.8539
7400,37.6251
7401,38.4747
7402,38.5753
7403,39.4272
7404,43.4757
7405,38.1234
7406,39.5473
7407,41.3222
7408,40.1939
7409,41.9708
7410,40.08
7411,41.5601
7412,39.8819
7413,41.3411
7414,39.6282
7415,43.4171
7416,42.4869
7417,39.9918
7418,40.0723
7419,41.5136
7420,40.4836
7421,38.7904
7422,37.9874
7423,39.9699
7424,40.9364
7425,42.862
7426,41.0014
7427,38.4681
7428,37.4976
7429,43.0316
7430,43.4368
7431,43.4768
7432,38.2301
7433,43.1546
7434,39.687
7435,38.1343
7436,41.4901
7437,42.793
7438,37.1661
7439,42.1841
7440,38.3864
7441,39.1158
7442,43.0211
7443,38.2369
7444,38.3652
7445,38.8456
7446,40.0974
7447,40.9403
7448,37.5541
7449,41.2428
7450,40.8982
7451,41.9628
7452,41.0072
7453,37.9056
7454,41.5505
7455,40.2127
7456,42.147
7457,36.032
7458,39.2599
7459,38.8329
7460,37.6452
7461,43.8034
7462,39.6921
7463,39.691
7464,42.1855
7465,41.7021
7466,38.5956
7467,36.2342
7468,42.5652
7469,38.2919
7470,41.3378
7471,36.5312
7472,39.9033
7473,37.7725
7474,38.6237
7475,37.9414
7476,42.8635
7477,43.4712
7478,38.9877
7479,42.3877
7480,40.4539
7481,41.7959
7482,42.4512
7483,39.136
7484,41.9812
7485,38.6522
7486,40.4595
7487,41.7304
7488,40.6809
7489,38.5662
7490,37.8818
7491,39.1591
7492,38.9336
7493,35.8295
7494,41.1991
7495,43.288
7496,36.4739
7497,41.4601
7498,40.7634
7499,39.5621
7500,38.9557
7501,39.0177
7502,39.8921
7503,42.981
7504,43.6777
7505,39.2362
7506,41.179
7507,38.3536
7508,39.3461
7509,40.6994
7510,42.9112
7511,39.4137
7512,39.8231
7513,36.1236
7514,39.3391
7515,36.386
7516,38.3294
7517,36.6014
7518,40.9501
7519,45.75
7520,35.5603
7521,39.4617
7522,38.1063
7523,40.1508
7524,40.0942
7525,40.1315
7526,38.3785
7527,40.2736
7528,45.8305
7529,40.7131
7530,39.3725
7531,42.4955
7532,38.3895
7533,36.7777
7534,41.6252
7535,34.9957
7536,40.169
7537,38.9011
7538,40.7742
7539,42.4062
7540,42.4996
7541,41.1128
7542,39.5721
7543,39.8137
7544,42.2959
7545,41.6507
7546,39.5762
7547,37.0593
7548,40.7382
7549,41.5651
7550,39.4884
7551,41.7568
7552,42.1088
7553,41.8124
7554,39.4087
7555,40.4174
7556,41.5592
7557,40.966
7558,38.517
7559,41.2451
7560,40.4066
7561,39.5138
7562,42.3519
7563,37.9554
7564,41.4632
7565,41.5491
7566,36.8384
7567,38.5271
7568,35.4818
7569,40.9787
7570,40.5214
7571,41.9223
7572,39.3437
7573,40.0469
7574,42.1743
7575,38.6075
7576,41.226
7577,39.2229
7578,39.7485
7579,36.9584
7580,41.7449
7581,39.5126
7582,38.7034
7583,39.2315
7584,36.9678
7585,40.7367
7586,36.7106
7587,39.6763
7588,41.8219
7589,40.8978
7590,39.6116
7591,38.6559
7592,39.4959
7593,42.1853
7594,36.3199
7595,33.5704
7596,40.624
7597,38.7107
7598,38.3686
7599,43.0402
7600,39.0013
7601,41.9174
7602,39.8178
7603,41.4433
7604,39.2553
7605,40.007
7606,37.1296
7607,40.5368
7608,40.6301
7609,38.2837
7610,34.8585
7611,44.0263
7612,40.8107
7613,40.6181
7614,40.3786
7615,38.1632
7616,38.6948
7617,41.4013
7618,42.2728
7619,39.8327
7620,38.3143
7621,43.5624
7622,39.9704
7623,43.1101
7624,39.8457
7625,39.3835
7626,41.0448
7627,42.8656
7628,40.8562
7629,43.6802
7630,41.7273
7631,42.0952
7632,40.9015
7633,43.8619
7634,43.7359
7635,38.1544
7636,41.1085
7637,41.017
7638,38.8694
7639,38.1943
7640,40.6111
7641,38.3188
7642,40.5034
7643,40.5249
7644,37.6215
7645,40.6889
7646,40.2912
7647,43.0709
7648,40.5797
7649,42.1538
7650,40.1082
7651,42.753
7652,38.1494
7653,42.581
7654,37.4008
7655,41.7277
7656,43.6785
7657,39.9165
7658,42.0441
7659,40.6156
7660,39.5446
7661,37.5199
7662,42.0528
7663,39.9117
7664,40.4886
7665,43.444
7666,39.6717
7667,41.1134
7668,42.6882
7669,40.353
7670,32.9099
7671,39.027
7672,34.6618
7673,37.8755
7674,39.4324
7675,41.0887
7676,41.1022
7677,43.5383
7678,39.4642
7679,40.9056
7680,38.6185
7681,41.8171
7682,37.0804
7683,41.3809
7684,41.2831
7685,38.8493
7686,39.499
7687,38.3152
7688,39.0149
7689,39.0194
7690,41.9437
7691,37.5681
7692,38.3178
7693,42.8097
7694,39.1916
7695,37.3827
7696,40.5856
7697,40.5363
7698,40.9736
7699,38.0687
7700,39.7456
7701,42.2117
7702,39.3232
7703,39.4821
7704,39.4321
7705,43.0412
7706,40.8618
7707,43.1727
7708,40.5153
7709,41.9508
7710,36.9877
7711,41.2859
7712,39.0503
7713,38.3333
7714,38.1193
7715,39.4494
7716,35.9938
7717,43.3163
7718,36.5174
7719,41.4295
7720,38.4854
7721,44.9541
7722,40.5008
7723,38.2236
7724,41.7048
7725,43.1747
7726,40.4389
7727,41.2071
7728,41.771
7729,43.5175
7730,37.9048
7731,40.8855
7732,41.0003
7733,37.9569
7734,42.0889
7735,38.6794
7736,42.963
7737,42.5166
7738,38.3732
7739,38.8043
7740,39.8189
7741,38.8578
7742,41.6454
7743,37.8064
7744,35.9849
7745,41.4216
7746,38.3131
7747,38.5811
7748,38.2562
7749,42.1593
7750,41.5191
7751,39.6266
7752,41.9198
7753,37.8464
7754,42.1201
7755,37.9288
7756,38.8933
7757,40.5441
7758,41.4437
7759,40.735
7760,39.5142
7761,41.2679
7762,40.1017
7763,35.0561
7764,40.2264
7765,38.3883
7766,38.0974
7767,40.1939
7768,40.0376
7769,41.0435
7770,42.4316
7771,37.8645
7772,37.4566
7773,37.2488
7774,39.2639
7775,39.7186
7776,39.5707
7777,40.6902
7778,40.122
7779,38.5784
7780,37.9511
7781,40.4505
7782,38.1944
7783,40.2425
7784,36.339
7785,39.8795
7786,39.261
7787,43.0938
7788,41.7355
7789,39.1021
7790,37.4027
7791,39.0096
7792,39.0306
7793,41.8258
7794,39.2506
7795,39.7034
7796,42.2807
7797,40.4749
7798,41.8671
7799,39.1575
7800,36.7661
7801,40.7157
7802,40.6034
7803,41.8084
7804,39.5594
7805,41.0085
7806,42.4276
7807,40.0023
7808,40.5196
7809,40.4563
7810,42.4006
7811,41.8564
7812,41.3768
7813,39.8002
7814,40.436
7815,39.908
7816,38.3504
7817,39.1067
7818,39.3464
7819,37.6846
7820,40.2558
7821,39.2061
7822,40.5284
7823,38.4238
7824,43.7627
7825,39.6797
7826,40.9672
7827,42.4574
7828,41.8987
7829,39.1361
7830,40.5503
7831,44.4723
7832,38.226
7833,41.239
7834,38.2442
7835,41.7024
7836,39.9025
7837,37.7734
7838,39.2025
7839,41.6276
7840,41.6838
7841,41.8254
7842,38.5082
7843,40.5984
7844,43.6341
7845,41.2092
7846,40.7247
7847,42.8962
7848,41.8154
7849,36.3843
7850,42.6379
7851,42.513
7852,37.724
7853,43.0963
7854,43.3063
7855,37.64
7856,40.4718
7857,41.0253
7858,40.5277
7859,39.9169
7860,36.1135
7861,38.6302
7862,41.1555
7863,38.9861
7864,38.6072
7865,37.6487
7866,41.8016
7867,39.1252
7868,39.0456
7869,42.1447
7870,43.4689
7871,40.0142
7872,36.2905
7873,40.6891
7874,36.7072
7875,35.7869
7876,40.5357
7877,38.7405
7878,42.0462
7879,39.6582
7880,38.2472
7881,39.965
7882,36.5077
7883,41.8471
7884,39.7467
7885,39.9921
7886,39.5064
7887,38.4377
7888,37.4065
7889,40.4691
7890,37.4305
7891,39.2307
7892,40.823
7893,38.3091
7894,40.5646
7895,41.1852
7896,38.8999
7897,40.0235
7898,36.7822
7899,37.5847
7900,39.6727
7901,41.9283
7902,41.5967
7903,38.3437
7904,39.7538
7905,40.668
7906,37.8157
7907,38.8786
7908,37.1572
7909,43.3683
7910,39.9227
7911,37.1839
7912,39.0406
7913,45.2054
7914,41.8165
7915,41.1151
7916,38.5663
7917,39.6263
7918,40.9021
7919,37.7481
7920,35.4209
7921,38.3902
7922,38.0637
7923,39.0565
7924,40.982
7925,39.6218
7926,40.0622
7927,42.1969
7928,40.9751
7929,38.6326
7930,38.3231
7931,44.3617
7932,42.7295
7933,38.6694
7934,39.0521
7935,36.9393
7936,38.6231
7937,37.6359
7938,40.0443
7939,39.084
7940,39.8889
7941,40.0818
7942,39.8277
7943,39.1182
7944,40.9355
7945,41.9288
7946,38.3664
7947,41.0033
7948,37.2589
7949,40.4524
7950,39.048
7951,40.4994
7952,40.8631
7953,38.0799
7954,40.7436
7955,42.6735
7956,46.9628
7957,43.2539
7958,39.4693
7959,41.4438
7960,44.2267
7961,42.4377
7962,35.9811
7963,40.3228
7964,41.6066
7965,43.0348
7966,38.5309
7967,43.6145
7968,42.6811
7969,40.5623
7970,41.1535
7971,38.6897
7972,42.3157
7973,37.2588
7974,43.234
7975,40.3633
7976,40.2971
7977,43.0997
7978,36.7763
7979,43.337
7980,41.6595
7981,39.2681
7982,42.9131
7983,42.015
7984,40.4608
7985,36.6961
7986,40.2982
7987,40.1937
7988,38.3811
7989,41.9804
7990,38.881
7991,40.3455
7992,39.0887
7993,40.1636
7994,39.8761
7995,37.7442
7996,38.9615
7997,38.2524
7998,38.0993
7999,40.4085
8000,41.0189
8001,40.4103
8002,38.869
8003,39.1846
8004,38.5913
8005,41.9787
8006,43.0564
8007,44.4247
8008,41.2628
8009,36.5027
8010,42.128
8011,43.5492
8012,44.4449
8013,42.1366
8014,40.7503
8015,40.7425
8016,39.9856
8017,44.4358
8018,39.6995
8019,40.3363
8020,36.8592
8021,38.7318
8022,42.3793
8023,39.8432
8024,38.7849
8025,38.7136
8026,39.3289
8027,42.1326
8028,43.3535
8029,39.1164
8030,42.5598
8031,39.675
8032,44.8727
8033,42.133
8034,41.4806
8035,40.6551
8036,40.7805
8037,40.8662
8038,43.3275
8039,41.7278
8040,35.3689
8041,41.3229
8042,37.8963
8043,41.4988
8044,36.911
8045,39.9758
8046,43.7276
8047,38.3427
8048,37.6767
8049,35.7959
8050,41.7966
8051,39.636
8052,40.2996
8053,42.6925
8054,38.8011
8055,41.5389
8056,38.3035
8057,37.4679
8058,43.2636
8059,40.2312
8060,39.5847
8061,37.9132
8062,41.9191
8063,39.8972
8064,41.0248
8065,42.0052
8066,38.2179
8067,39.7089
8068,38.2368
8069,42.7118
8070,38.5055
8071,44.5517
8072,39.514
8073,39.955
8074,41.5542
8075,38.0482
8076,39.6168
8077,41.7507
8078,40.1306
8079,42.29
8080,35.9682
8081,38.6792
8082,38.2565
8083,43.1365
8084,41.2003
8085,39.8418
8086,41.7747
8087,40.9165
8088,39.8585
8089,37.4417
8090,38.3324
8091,40.4698
8092,43.1771
8093,38.0346
8094,42.799
8095,39.5352
8096,39.725
8097,42.4834
8098,41.6341
8099,40.8823
8100,38.0196
8101,39.6557
8102,41.1125
8103,41.2734
8104,38.9859
8105,41.9877
8106,40.9221
8107,42.1009
8108,38.1705
8109,43.5464
8110,35.3615
8111,37.1604
8112,38.553
8113,41.1101
8114,38.6725
8115,39.1958
8116,36.6057
8117,38.3366
8118,35.0962
8119,38.3564
8120,41.6007
8121,37.3226
8122,36.8758
8123,38.0378
8124,39.5904
8125,38.6127
8126,41.5479
8127,40.0046
8128,34.5943
8129,37.4223
8130,39.5181
8131,41.3154
8132,38.3571
8133,41.3538
8134,36.653
8135,41.9055
8136,37.8174
8137,37.3951
8138,38.854
8139,39.3697
8140,38.0051
8141,39.6627
8142,43.2792
8143,42.6352
8144,43.1042
8145,42.0583
8146,40.1719
8147,39.451
8148,38.9484
8149,40.1261
8150,41.3475
8151,44.9009
8152,36.551
8153,40.6948
8154,38.9164
8155,44.2499
8156,39.3012
8157,39.702
8158,42.0682
8159,41.8193
8160,38.9444
8161,41.1788
8162,38.4553
8163,41.29
8164,40.1437
8165,37.9921
8166,39.3948
8167,38.4914
8168,42.2499
8169,44.3319
8170,40.3297
8171,41.285
8172,41.1223
8173,42.2701
8174,38.2468
8175,45.9354
8176,38.5426
8177,40.6625
8178,39.9561
8179,40.7244
8180,41.6174
8181,39.9628
8182,36.8395
8183,38.476
8184,37.0681
8185,39.7112
8186,36.9754
8187,38.0428
8188,41.2503
8189,39.9481
8190,41.4317
8191,43.79
8192,39.0678
8193,42.9449
8194,38.9467
8195,37.3649
8196,36.2439
8197,42.7919
8198,39.3432
8199,43.7597
8200,38.6621
8201,38.7169
8202,36.741
8203,40.8902
8204,38.0487
8205,39.1344
8206,41.5041
8207,37.6859
8208,44.7699
8209,40.4452
8210,40.0606
8211,40.3676
8212,40.7188
8213,39.6627
8214,37.956
8215,40.2951
8216,40.1021
8217,37.9624
8218,41.005
8219,40.1491
8220,37.2777
8221,38.34
8222,38.9188
8223,42.1974
8224,42.1365
8225,36.6618
8226,38.71
8227,39.3878
8228,43.7524
8229,42.0789
8230,42.1819
8231,41.269
8232,38.0918
8233,39.6276
8234,40.0103
8235,40.9037
8236,40.9592
8237,37.4142
8238,41.4702
8239,42.5197
8240,42.9194
8241,42.7018
8242,35.8466
8243,42.3924
8244,40.7329
8245,36.6239
8246,38.6555
8247,41.3315
8248,40.5603
8249,39.0318
8250,39.2397
8251,40.6596
8252,37.2816
8253,41.0367
8254,37.6667
8255,41.6304
8256,44.1595
8257,41.6464
8258,36.9556
8259,40.7443
8260,36.3169
8261,40.7227
8262,38.1869
8263,41.1606
8264,39.1231
8265,41.5476
8266,41.929
8267,38.6456
8268,44.1174
8269,39.2521
8270,38.6404
8271,37.3573
8272,39.5542
8273,39.9632
8274,41.3113
8275,40.6822
8276,39.8894
8277,35.6307
8278,42.2219
8279,40.2644
8280,37.6448
8281,39.4409
8282,37.8664
8283,40.8246
8284,39.6817
8285,41.698
8286,41.4887
8287,37.4141
8288,42.2436
8289,38.9357
8290,38.4201
8291,42.1012
8292,38.2328
8293,41.0403
8294,39.1065
8295,39.5969
8296,41.8425
8297,41.1157
8298,39.0709
8299,39.622
8300,37.4296
8301,40.9222
8302,38.8823
8303,38.7734
8304,42.524
8305,40.0653
8306,42.2407
8307,41.471
8308,44.8235
8309,39.5404
8310,40.4801
8311,39.98
8312,40.4407
8313,39.206
8314,41.7902
8315,40.2212
8316,39.3325
8317,37.9758
8318,39.0599
8319,40.9219
8320,39.5429
8321,39.2919
8322,41.1529
8323,40.2691
8324,40.2583
8325,38.0945
8326,44.0374
8327,38.5641
8328,37.5103
8329,40.4244
8330,40.3695
8331,39.3008
8332,41.0666
8333,42.4272
8334,43.9958
8335,41.0661
8336,37.1334
8337,41.0913
8338,38.1387
8339,40.6203
8340,39.7697
8341,36.1856
8342,37.863
8343,38.462
8344,40.496
8345,35.2426
8346,42.0837
8347,42.0041
8348,41.3274
8349,39.257
8350,40.2578
8351,39.8405
8352,38.6624
8353,42.9414
8354,41.2717
8355,39.6111
8356,39.9687
8357,42.2766
8358,42.6919
8359,36.1958
8360,42.9479
8361,39.2569
8362,39.9375
8363,38.8263
8364,39.3154
8365,43.3931
8366,40.6943
8367,42.6483
8368,36.4984
8369,41.6415
8370,40.0187
8371,39.4834
8372,42.4223
8373,40.1214
8374,38.1692
8375,39.1553
8376,40.6045
8377,41.7308
8378,37.5402
8379,39.7283
8380,40.8351
8381,37.8452
8382,36.7739
8383,38.2663
8384,41.527
8385,41.2803
8386,43.1748
8387,40.5314
8388,40.8763
8389,40.8394
8390,42.0223
8391,39.1393
8392,38.486
8393,41.6619
8394,45.3643
8395,40.2395
8396,44.3467
8397,36.2523
8398,41.4159
8399,42.0732
8400,40.3227
8401,44.8381
8402,42.9207
8403,37.1539
8404,40.7858
8405,38.5198
8406,38.469
8407,37.1191
8408,39.5045
8409,35.5066
8410,41.8434
8411,37.959
8412,41.7938
8413,37.9334
8414,36.3376
8415,40.9299
8416,42.5997
8417,42.4643
8418,44.4843
8419,43.8105
8420,41.3634
8421,37.4851
8422,39.8021
8423,36.3937
8424,40.791
8425,42.3071
8426,41.9963
8427,39.882
8428,41.2765
8429,36.9158
8430,40.1525
8431,39.8319
8432,38.7702
8433,41.2111
8434,42.9219
8435,45.1567
8436,44.6956
8437,38.7705
8438,44.0528
8439,36.0201
8440,38.7244
8441,43.2817
8442,36.6992
8443,40.4761
8444,39.9999
8445,39.528
8446,40.6805
8447,42.8467
8448,37.2372
8449,41.0703
8450,34.8157
8451,40.8408
8452,39.2794
8453,41.2451
8454,36.3567
8455,38.893
8456,35.3954
8457,43.7689
8458,39.8649
8459,38.46
8460,40.613
8461,42.8788
8462,41.8611
8463,40.944
8464,38.6559
8465,39.1084
8466,39.4429
8467,38.3179
8468,41.9636
8469,39.3716
8470,39.7621
8471,40.4276
8472,37.8338
8473,40.0393
8474,38.9824
8475,41.6925
8476,37.8933
8477,40.8212
8478,41.5139
8479,40.4653
8480,40.6976
8481,38.357
8482,42.1133
8483,38.8601
8484,44.3919
8485,39.712
8486,40.4602
8487,40.6748
8488,43.807
8489,42.493
8490,38.8718
8491,39.7612
8492,43.9339
8493,37.8888
8494,41.5776
8495,40.0573
8496,39.9029
8497,38.07
8498,40.5772
8499,40.9296
8500,39.4846
8501,42.3455
8502,40.1575
8503,44.2936
8504,36.9425
8505,41.0246
8506,37.9819
8507,38.1143
8508,45.2519
8509,38.5754
8510,42.4137
8511,35.8083
8512,38.8045
8513,40.2828
8514,42.328
8515,38.1718
8516,40.5584
8517,38.9036
8518,42.2202
8519,36.3228
8520,38.2243
8521,35.8662
8522,40.6841
8523,43.681
8524,40.4212
8525,41.9406
8526,39.4383
8527,42.363
8528,41.5876
8529,37.7258
8530,38.093
8531,38.6787
8532,38.7801
8533,38.8356
8534,42.0408
8535,40.8045
8536,39.9288
8537,39.5612
8538,39.3101
8539,40.0802
8540,40.7923
8541,41.1346
8542,38.194
8543,40.8258
8544,43.302
8545,40.7687
8546,41.247
8547,38.73
8548,41.6548
8549,36.9631
8550,40.1673
8551,40.139
8552,37.8377
8553,37.457
8554,42.5781
8555,39.7513
8556,40.4659
8557,36.5287
8558,38.7793
8559,41.4629
8560,41.0659
8561,40.6248
8562,42.1019
8563,37.6126
8564,41.4595
8565,41.1338
8566,39.8692
8567,39.8801
8568,40.6048
8569,39.1414
8570,40.1127
8571,40.1509
8572,43.032
8573,40.0844
8574,37.5563
8575,40.7728
8576,41.1261
8577,39.8383
8578,37.4784
8579,39.4509
8580,38.751
8581,38.8432
8582,37.5079
8583,38.5707
8584,43.7015
8585,41.8116
8586,38.1478
8587,40.696
8588,41.7476
8589,43.7963
8590,41.3798
8591,40.138
8592,41.6566
8593,41.8037
8594,42.3113
8595,41.2751
8596,40.7044
8597,40.8152
8598,37.3969
8599,43.4485
8600,42.7554
8601,40.7215
8602,41.6795
8603,39.1797
8604,39.3768
8605,40.9744
8606,41.6895
8607,42.6463
8608,41.0782
8609,39.9371
8610,39.8654
8611,36.9756
8612,39.1477
8613,37.9855
8614,39.7843
8615,42.2716
8616,40.3454
8617,39.2963
8618,38.7452
8619,40.7625
8620,38.108
8621,38.8991
8622,40.8268
8623,42.5829
8624,38.567
8625,40.6152
8626,42.4535
8627,38.0287
8628,36.3194
8629,37.0064
8630,41.6108
8631,42.3363
8632,40.8902
8633,39.4936
8634,40.2272
8635,38.1856
8636,41.9233
8637,38.9418
8638,42.184
8639,39.4776
8640,39.3733
8641,41.2731
8642,38.3375
8643,41.2361
8644,40.6871
8645,44.0313
8646,38.522
8647,38.8342
8648,42.1882
8649,39.4964
8650,39.6813
8651,43.8852
8652,37.7672
8653,37.1449
8654,39.2271
8655,42.9237
8656,39.9547
8657,38.0823
8658,42.6742
8659,38.6319
8660,38.1889
8661,37.814
8662,42.2262
8663,38.7463
8664,41.6459
8665,39.4466
8666,41.3428
8667,42.4769
8668,37.6201
8669,39.4481
8670,38.3937
8671,40.534
8672,42.1996
8673,38.2582
8674,40.222
8675,41.0352
8676,41.7751
8677,39.8301
8678,43.4685
8679,37.9779
8680,37.6574
8681,38.3596
8682,40.5645
8683,36.3919
8684,39.4032
8685,42.5986
8686,41.5946
8687,41.5708
8688,43.6682
8689,41.8477
8690,38.5273
8691,38.561
8692,39.5348
8693,38.4611
8694,39.6319
8695,39.9194
8696,42.7778
8697,39.8006
8698,40.2686
8699,40.0223
8700,39.6212
8701,39.6803
8702,39.566
8703,45.0947
8704,39.1172
8705,38.404
8706,40.6502
8707,41.8064
8708,36.679
8709,41.6277
8710,38.879
8711,39.9557
8712,41.284
8713,38.1728
8714,38.0306
8715,40.6323
8716,39.0331
8717,41.3038
8718,40.5075
8719,39.4682
8720,40.242
8721,41.6637
8722,38.8158
8723,37.3347
8724,39.7906
8725,37.7021
8726,39.3561
8727,37.4105
8728,38.7731
8729,38.9239
8730,41.5195
8731,41.2499
8732,41.3287
8733,37.7097
8734,40.5116
8735,39.5553
8736,39.6882
8737,41.93
8738,39.6976
8739,39.6738
8740,40.2826
8741,38.1261
8742,39.3407
8743,40.5387
8744,38.4671
8745,44.0829
8746,39.2015
8747,37.5221
8748,41.0028
8749,42.7063
8750,39.0545
8751,40.9137
8752,42.1194
8753,40.4852
8754,39.7552
8755,40.0618
8756,39.5847
8757,43.3687
8758,34.5863
8759,40.225
8760,39.6899
8761,38.552
8762,40.1051
8763,40.2118
8764,39.5418
8765,42.2956
8766,38.192
8767,41.0562
8768,41.0691
8769,38.7083
8770,38.0845
8771,36.324
8772,42.1364
8773,43.4354
8774,42.8631
8775,42.4462
8776,35.7373
8777,40.346
8778,40.4373
8779,39.8354
8780,44.6468
8781,37.56
8782,39.2606
8783,36.6946
8784,41.2253
8785,40.7403
8786,38.8886
8787,39.3162
8788,41.2542
8789,39.1438
8790,40.508
8791,43.3546
8792,40.9206
8793,36.2265
8794,41.4924
8795,40.9676
8796,41.3239
8797,40.0892
8798,40.5238
8799,40.1722
8800,41.5025
8801,38.7722
8802,42.6362
8803,37.5756
8804,41.4782
8805,41.3408
8806,39.7193
8807,36.2919
8808,40.6691
8809,39.7262
8810,41.2826
8811,37.9229
8812,39.8774
8813,43.7106
8814,42.5831
8815,38.6157
8816,37.9768
8817,39.971
8818,41.9914
8819,39.6606
8820,39.5313
8821,38.7537
8822,40.7316
8823,37.9972
8824,39.1615
8825,40.9822
8826,39.942
8827,36.6135
8828,41.7585
8829,41.5513
8830,40.728
8831,37.6842
8832,37.9476
8833,39.591
8834,35.9341
8835,40.8683
8836,39.8747
8837,39.8303
8838,42.6034
8839,37.2583
8840,39.7374
8841,42.63
8842,35.7805
8843,41.8032
8844,38.465
8845,40.3995
8846,36.6032
8847,39.7587
8848,40.1546
8849,44.2065
8850,41.4226
8851,42.2862
8852,42.2428
8853,38.6848
8854,40.7664
8855,40.7581
8856,39.1744
8857,38.1018
8858,40.5666
8859,37.804
8860,40.6801
8861,37.6836
8862,38.5591
8863,41.4774
8864,38.4263
8865,39.4368
8866,40.3032
8867,41.4945
8868,39.3038
8869,42.6776
8870,36.8605
8871,38.4586
8872,36.6832
8873,39.8703
8874,40.2216
8875,40.0243
8876,41.2775
8877,38.9725
8878,40.7346
8879,39.4405
8880,36.1102
8881,36.6424
8882,36.9775
8883,42.8
8884,39.1319
8885,39.773
8886,39.1386
8887,39.3998
8888,40.5999
8889,41.5639
8890,41.3566
8891,42.1458
8892,45.0278
8893,38.9446
8894,40.8902
8895,40.6268
8896,38.9146
8897,43.6487
8898,43.9151
8899,37.1426
8900,40.8216
8901,40.2548
8902,40.9562
8903,41.9347
8904,40.0004
8905,38.1194
8906,42.6401
8907,40.2022
8908,39.5058
8909,41.4035
8910,38.287
8911,38.4893
8912,38.9795
8913,38.5504
8914,42.0278
8915,38.7115
8916,39.7221
8917,37.4108
8918,43.902
8919,36.526
8920,41.4054
8921,42.9483
8922,37.6515
8923,39.7804
8924,41.7046
8925,37.4713
8926,41.5675
8927,39.0812
8928,41.5589
8929,43.3355
8930,42.5579
8931,40.9084
8932,40.0737
8933,41.5285
8934,39.8229
8935,38.433
8936,40.5343
8937,40.6687
8938,41.0961
8939,40.258
8940,41.3152
8941,41.4548
8942,44.0168
8943,42.7653
8944,39.3674
8945,39.3126
8946,39.21
8947,36.0392
8948,40.0846
8949,37.8263
8950,40.2473
8951,37.2719
8952,41.3862
8953,35.0686
8954,40.4135
8955,40.4864
8956,42.372
8957,42.1628
8958,40.9201
8959,37.4196
8960,38.2379
8961,41.6056
8962,36.7146
8963,39.4768
8964,39.4667
8965,38.8886
8966,38.7539
8967,44.1457
8968,39.826
8969,39.0709
8970,42.7549
8971,39.0347
8972,40.7758
8973,39.0071
8974,40.5861
8975,37.7259
8976,39.7719
8977,38.0969
8978,41.5319
8979,38.0211
8980,39.2091
8981,40.7038
8982,41.1816
8983,41.1942
8984,39.3327
8985,39.951
8986,39.8762
8987,37.5145
8988,42.1741
8989,38.0151
8990,39.77
8991,41.1175
8992,42.5834
8993,40.5745
8994,41.6188
8995,38.4055
8996,39.5643
8997,38.705
8998,40.3785
8999,39.8092
9000,38.9411
9001,42.1624
9002,39.3801
9003,40.9808
9004,38.4875
9005,41.2389
9006,39.1391
9007,38.7726
9008,38.3491
9009,39.4092
9010,43.8584
9011,34.9164
9012,40.8493
9013,41.4572
9014,38.7309
9015,38.5067
9016,39.9407
9017,38.2901
9018,41.2552
9019,36.2313
9020,40.9778
9021,41.7708
9022,37.8793
9023,38.6088
9024,41.7948
9025,38.1272
9026,39.1834
9027,36.8058
9028,41.237
9029,38.2787
9030,40.0357
9031,43.0243
9032,43.4182
9033,40.0397
9034,41.1832
9035,38.7432
9036,41.5968
9037,39.136
9038,40.0602
9039,42.2553
9040,41.5865
9041,40.5276
9042,41.7071
9043,36.9231
9044,38.8147
9045,38.6765
9046,41.1897
9047,38.4186
9048,39.1072
9049,39.8025
9050,38.3485
9051,39.6563
9052,38.8639
9053,38.9666
9054,40.3431
9055,39.6955
9056,41.2958
9057,40.7085
9058,36.4316
9059,41.0878
9060,42.4766
9061,39.5325
9062,42.3054
9063,40.5683
9064,39.3892
9065,38.4663
9066,42.8566
9067,41.7603
9068,38.0669
9069,41.74
9070,38.913
9071,40.0475
9072,39.2815
9073,41.3341
9074,40.7609
9075,40.9843
9076,39.8161
9077,36.8294
9078,39.4486
9079,40.5477
9080,42.3503
9081,36.5794
9082,36.1266
9083,39.005
9084,39.701
9085,37.1213
9086,40.4216
9087,40.4176
9088,41.6351
9089,43.3224
9090,41.2716
9091,38.0485
9092,41.1424
9093,41.561
9094,41.7492
9095,37.2522
9096,39.9794
9097,38.9059
9098,41.3703
9099,40.9384
9100,40.9631
9101,38.9399
9102,42.9424
9103,41.4917
9104,40.4063
9105,36.0935
9106,39.4284
9107,36.0875
9108,38.7502
9109,35.7428
9110,41.8495
9111,39.0989
9112,41.1841
9113,42.3397
9114,43.9139
9115,37.9742
9116,38.3108
9117,40.4174
9118,39.7032
9119,45.6392
9120,38.2863
9121,41.4122
9122,40.3672
9123,39.6615
9124,37.4297
9125,39.5745
9126,41.98
9127,38.3351
9128,39.6753
9129,41.156
9130,38.3294
9131,38.4453
9132,41.9575
9133,38.8862
9134,41.365
9135,35.8605
9136,42.954
9137,34.6807
9138,39.6414
9139,40.8434
9140,36.0505
9141,40.6704
9142,41.4092
9143,40.371
9144,43.2416
9145,36.3007
9146,36.8451
9147,38.579
9148,41.7739
9149,42.1453
9150,38.8618
9151,37.4328
9152,42.5128
9153,40.3858
9154,41.8254
9155,43.5785
9156,40.8558
9157,39.9079
9158,40.1914
9159,39.3565
9160,38.2518
9161,43.1259
9162,42.4053
9163,40.0689
9164,43.0108
9165,40.8578
9166,38.9211
9167,40.9566
9168,41.3817
9169,44.5211
9170,37.9966
9171,40.1974
9172,41.2007
9173,41.2715
9174,39.5462
9175,37.121
9176,44.011
9177,40.2295
9178,38.8201
9179,39.7346
9180,42.5353
9181,41.2819
9182,43.1995
9183,37.7387
9184,36.9409
9185,40.8068
9186,38.3535
9187,39.5269
9188,39.8488
9189,37.8718
9190,39.009
9191,39.5307
9192,40.257
9193,41.272
9194,38.7389
9195,40.5769
9196,39.4208
9197,39.4055
9198,42.9417
9199,40.4853
9200,41.1399
9201,37.7705
9202,39.7168
9203,40.969
9204,36.8052
9205,39.9932
9206,38.4622
9207,42.1072
9208,37.9411
9209,40.7392
9210,38.4605
9211,43.1382
9212,43.8318
9213,37.9528
9214,42.6156
9215,41.6451
9216,38.7836
9217,38.9933
9218,41.3821
9219,38.4878
9220,40.3061
9221,40.7963
9222,42.5449
9223,44.9116
9224,40.2827
9225,41.5495
9226,38.4196
9227,39.7177
9228,38.3268
9229,40.8436
9230,39.0204
9231,39.219
9232,39.9638
9233,40.5547
9234,41.2456
9235,40.5155
9236,40.5749
9237,37.3809
9238,40.2011
9239,40.5993
9240,41.0218
9241,37.9287
9242,41.6964
9243,39.0988
9244,37.0654
9245,39.4174
9246,39.0889
9247,43.4099
9248,38.0288
9249,38.5645
9250,41.6654
9251,38.1545
9252,39.777
9253,39.7587
9254,36.1889
9255,41.2215
9256,40.1417
9257,39.876
9258,41.7868
9259,34.6874
9260,36.7624
9261,39.3114
9262,42.5635
9263,37.2475
9264,39.7453
9265,41.7115
9266,40.1563
9267,39.2744
9268,41.9511
9269,41.5286
9270,38.7255
9271,35.5726
9272,41.7443
9273,36.1914
9274,39.9046
9275,38.9835
9276,39.9205
9277,37.5692
9278,39.9553
9279,37.6093
9280,40.966
9281,40.75
9282,39.8141
9283,38.4026
9284,39.2725
9285,41.521
9286,39.8781
9287,39.5621
9288,43.8181
9289,40.5422
9290,43.0133
9291,41.4961
9292,38.3877
9293,37.4984
9294,42.0703
9295,39.0471
9296,42.2828
9297,41.9041
9298,39.4685
9299,42.5519
9300,41.6072
9301,42.9659
9302,39.1776
9303,40.1612
9304,38.3115
9305,38.9578
9306,38.7356
9307,39.2234
9308,39.7658
9309,39.6824
9310,41.2711
9311,40.5898
9312,39.3422
9313,41.5874
9314,37.0988
9315,44.5782
9316,38.4418
9317,43.5757
9318,42.6189
9319,39.0381
9320,42.028
9321,43.1797
9322,38.7193
9323,37.7536
9324,42.8512
9325,36.6307
9326,39.9
9327,36.7642
9328,38.2483
9329,39.1736
9330,43.9035
9331,43.2011
9332,39.7255
9333,40.1951
9334,41.1752
9335,43.9686
9336,41.6867
9337,39.981
9338,43.5322
9339,40.902
9340,37.099
9341,37.081
9342,38.883
9343,39.7329
9344,37.8509
9345,36.2774
9346,38.7277
9347,42.0348
9348,41.6519
9349,43.9866
9350,41.6694
9351,39.0013
9352,43.65
9353,40.1899
9354,40.6131
9355,39.5577
9356,38.8238
9357,40.2691
9358,41.5311
9359,40.6578
9360,39.149
9361,36.3435
9362,43.3375
9363,39.5438
9364,40.3793
9365,44.1521
9366,38.4361
9367,40.8983
9368,38.4732
9369,39.7283
9370,41.8993
9371,40.625
9372,36.9998
9373,42.1502
9374,40.6801
9375,40.9908
9376,36.8541
9377,39.2527
9378,40.5129
9379,38.3295
9380,41.1004
9381,40.4781
9382,39.5755
9383,40.202
9384,40.087
9385,43.3392
9386,41.2883
9387,40.3556
9388,39.8234
9389,44.2566
9390,37.9969
9391,39.4295
9392,37.6346
9393,42.3914
9394,40.3049
9395,39.8345
9396,36.9374
9397,39.6629
9398,40.5348
9399,38.4181
9400,40.3752
9401,39.8688
9402,38.7162
9403,38.6788
9404,34.2984
9405,39.5158
9406,41.3166
9407,37.9778
9408,42.1195
9409,38.8153
9410,35.0549
9411,39.7424
9412,39.861
9413,40.8731
9414,41.5256
9415,41.1922
9416,41.5428
9417,39.2458
9418,45.041
9419,36.8186
9420,41.3362
9421,41.1438
9422,38.4349
9423,37.9184
9424,41.6156
9425,42.2227
9426,42.6662
9427,42.65
9428,38.3897
9429,40.997
9430,39.7489
9431,39.5655
9432,35.936
9433,40.1085
9434,38.1144
9435,42.3425
9436,40.6668
9437,38.4069
9438,40.2807
9439,40.9373
9440,40.891
9441,39.8947
9442,36.8316
9443,41.5009
9444,38.7991
9445,37.7432
9446,42.5483
9447,42.5382
9448,39.9403
9449,33.9729
9450,37.2617
9451,39.746
9452,37.5653
9453,38.0436
9454,38.3373
9455,43.5663
9456,40.8979
9457,41.9535
9458,37.6364
9459,39.484
9460,41.459
9461,39.9115
9462,40.5575
9463,38.1424
9464,37.3344
9465,42.1721
9466,41.1057
9467,42.8822
9468,40.5068
9469,43.8074
9470,44.2158
9471,40.7308
9472,38.7409
9473,40.775
9474,35.9256
9475,40.5288
9476,40.6132
9477,40.1425
9478,41.9856
9479,37.9697
9480,38.9893
9481,39.0141
9482,36.9722
9483,38.0051
9484,39.6329
9485,44.3415
9486,41.2021
9487,42.2732
9488,40.3666
9489,39.1027
9490,39.0905
9491,42.5052
9492,41.0684
9493,38.2404
9494,40.4899
9495,39.7578
9496,38.5358
9497,36.5289
9498,40.9949
9499,39.3811
9500,42.9867
9501,41.1266
9502,41.5666
9503,38.617
9504,40.3957
9505,38.926
9506,40.808
9507,41.0405
9508,37.3593
9509,39.4851
9510,40.2062
9511,41.0799
9512,41.425
9513,41.3453
9514,39.3204
9515,39.5789
9516,41.9156
9517,38.8418
9518,40.3805
9519,44.8425
9520,42.4268
9521,38.7708
9522,44.121
9523,43.4906
9524,35.9261
9525,41.4958
9526,39.9314
9527,37.9873
9528,37.8083
9529,40.0698
9530,38.5663
9531,35.8373
9532,40.0959
9533,41.699
9534,38.2382
9535,45.2173
9536,39.3671
9537,39.8275
9538,37.7744
9539,42.0361
9540,38.2044
9541,40.6723
9542,36.8801
9543,42.3529
9544,39.115
9545,38.4356
9546,40.5216
9547,39.4422
9548,36.2056
9549,39.7946
9550,41.6394
9551,42.6554
9552,37.5779
9553,39.5819
9554,40.5202
9555,43.4229
9556,40.1967
9557,41.1992
9558,39.6948
9559,41.2958
9560,39.5883
9561,38.1229
9562,41.6308
9563,37.5709
9564,40.8024
9565,38.4286
9566,37.422
9567,35.405
9568,44.9847
9569,40.6592
9570,38.7156
9571,42.324
9572,39.0873
9573,41.5695
9574,42.9931
9575,41.3388
9576,42.795
9577,38.9055
9578,41.1691
9579,39.1217
9580,37.4028
9581,40.2458
9582,39.8906
9583,40.0667
9584,40.5349
9585,42.9845
9586,40.8852
9587,40.2432
9588,40.1052
9589,40.1117
9590,38.3773
9591,40.1831
9592,40.068
9593,39.9169
9594,41.5794
9595,43.7243
9596,41.7216
9597,41.1405
9598,41.6538
9599,41.9895
9600,40.0788
9601,37.2506
9602,39.0309
9603,41.4774
9604,40.5522
9605,41.0299
9606,41.4214
9607,38.513
9608,39.8696
9609,41.4137
9610,40.7448
9611,41.8563
9612,42.1167
9613,41.501
9614,38.4073
9615,36.4983
9616,41.0339
9617,38.6099
9618,37.6128
9619,38.865
9620,41.0099
9621,38.5832
9622,39.9658
9623,40.1606
9624,39.7723
9625,40.0619
9626,37.3291
9627,41.4992
9628,38.5696
9629,36.3772
9630,41.6778
9631,41.8226
9632,39.9351
9633,40.3373
9634,38.2289
9635,44.2054
9636,38.4916
9637,42.1454
9638,37.7046
9639,42.2671
9640,42.7335
9641,41.8758
9642,40.4493
9643,36.1684
9644,37.7442
9645,38.5821
9646,42.291
9647,41.5378
9648,41.7781
9649,39.7607
9650,39.402
9651,39.9947
9652,38.9752
9653,40.4701
9654,39.8622
9655,39.0916
9656,39.3479
9657,40.6806
9658,37.4534
9659,40.9345
9660,39.8214
9661,40.8975
9662,40.2603
9663,40.6711
9664,36.9308
9665,38.9685
9666,34.3613
9667,42.6333
9668,41.9207
9669,39.9846
9670,36.1241
9671,40.2883
9672,42.0438
9673,41.0133
9674,45.905
9675,38.7069
9676,41.5786
9677,40.1666
9678,43.8386
9679,37.4272
9680,41.2441
9681,41.7995
9682,39.8604
9683,37.706
9684,38.3234
9685,37.9123
9686,41.2571
9687,37.2966
9688,43.1557
9689,39.3678
9690,40.9782
9691,40.2096
9692,39.7283
9693,41.3359
9694,40.4835
9695,40.0053
9696,42.548
9697,36.5422
9698,41.7949
9699,41.0075
9700,39.7206
9701,43.6704
9702,40.5283
9703,38.0221
9704,41.3577
9705,42.829
9706,39.3623
9707,37.2102
9708,39.1159
9709,38.3697
9710,42.6445
9711,41.768
9712,43.7011
9713,39.0561
9714,38.7946
9715,37.7483
9716,37.4292
9717,44.6748
9718,40.321
9719,40.8564
9720,41.2991
9721,39.6309
9722,41.8937
9723,40.61
9724,39.9291
9725,42.6656
9726,42.7761
9727,37.8712
9728,41.6371
9729,41.05
9730,41.3843
9731,40.6557
9732,40.6086
9733,42.9602
9734,41.0531
9735,38.304
9736,40.654
9737,42.211
9738,39.3608
9739,40.7294
9740,39.4752
9741,39.1316
9742,38.0732
9743,42.3148
9744,38.5921
9745,40.0221
9746,40.1613
9747,40.0228
9748,38.0382
9749,39.6683
9750,38.5237
9751,38.5035
9752,39.2778
9753,41.6822
9754,42.9161
9755,38.4262
9756,37.8831
9757,38.7096
9758,36.0434
9759,39.4544
9760,39.4549
9761,36.2621
9762,36.6377
9763,35.4839
9764,40.7332
9765,39.7954
9766,40.7865
9767,43.4735
9768,38.7457
9769,38.7808
9770,42.9937
9771,36.9904
9772,39.1763
9773,39.2462
9774,40.8814
9775,39.5684
9776,41.4024
9777,37.2058
9778,40.1953
9779,42.5246
9780,39.6538
9781,36.6836
9782,39.1992
9783,37.6644
9784,39.1878
9785,39.8672
9786,37.9871
9787,37.1667
9788,45.0288
9789,41.6394
9790,39.6483
9791,40.6145
9792,38.2025
9793,38.8958
9794,44.7157
9795,38.435
9796,41.0215
9797,38.8172
9798,38.3466
9799,35.8842
9800,43.1851
9801,39.9885
9802,39.0658
9803,39.0491
9804,38.0893
9805,37.4218
9806,42.4853
9807,40.1271
9808,41.7046
9809,36.9525
9810,39.3368
9811,40.1244
9812,41.2828
9813,41.7836
9814,39.6112
9815,39.883
9816,40.7667
9817,40.9142
9818,42.8815
9819,38.1457
9820,36.5224
9821,37.6252
9822,43.8152
9823,41.2222
9824,37.9034
9825,41.874
9826,42.3763
9827,43.7646
9828,41.6048
9829,34.809
9830,40.9296
9831,37.1125
9832,42.0419
9833,40.9068
9834,38.424
9835,41.3258
9836,39.5666
9837,42.8275
9838,39.5708
9839,45.4677
9840,41.4496
9841,43.3074
9842,39.0493
9843,39.717
9844,43.6599
9845,40.8696
9846,39.375
9847,37.1718
9848,38.3366
9849,42.0168
9850,39.2568
9851,41.3203
9852,36.4336
9853,40.2485
9854,39.7507
9855,40.1244
9856,40.9033
9857,38.8609
9858,41.0339
9859,43.0961
9860,40.4293
9861,39.6427
9862,36.4442
9863,41.3941
9864,39.0171
9865,41.3341
9866,42.6142
9867,42.2475
9868,38.6138
9869,40.5966
9870,37.4769
9871,41.3602
9872,40.6689
9873,39.4113
9874,40.9219
9875,38.221
9876,39.5902
9877,40.4385
9878,38.8658
9879,41.4787
9880,40.2613
9881,39.3644
9882,38.9067
9883,43.1834
9884,40.865
9885,37.0215
9886,41.4921
9887,38.871
9888,43.2731
9889,39.6114
9890,39.3653
9891,38.886
9892,38.6084
9893,45.5481
9894,39.0536
9895,40.356
9896,38.4896
9897,40.6501
9898,37.0389
9899,38.5697
9900,42.3709
9901,38.4505
9902,37.1796
9903,41.2153
9904,42.755
9905,40.2943
9906,44.3571
9907,39.7785
9908,42.6523
9909,39.2569
9910,37.6675
9911,42.2315
9912,41.9337
9913,42.4695
9914,41.9115
9915,40.697
9916,42.8557
9917,39.2407
9918,39.943
9919,40.248
9920,40.5887
9921,42.7945
9922,35.8967
9923,43.9981
9924,42.4578
9925,40.765
9926,41.4712
9927,38.7525
9928,41.4664
9929,39.4641
9930,39.7375
9931,41.7837
9932,40.4229
9933,39.9859
9934,42.53
9935,41.1685
9936,39.2178
9937,40.4128
9938,36.9754
9939,41.1808
9940,39.0632
9941,38.7347
9942,41.6923
9943,38.9227
9944,40.019
9945,39.2791
9946,43.354
9947,39.2862
9948,39.0336
9949,39.8668
9950,38.3261
9951,40.6413
9952,43.0333
9953,41.8286
9954,36.8571
9955,41.2322
9956,35.8302
9957,38.7475
9958,44.2393
9959,41.971
9960,39.7011
9961,42.4137
9962,38.7315
9963,42.0724
9964,40.9343
9965,38.8915
9966,42.0945
9967,41.1539
9968,38.4287
9969,42.4282
9970,40.0378
9971,37.5461
9972,41.2733
9973,36.4005
9974,40.1226
9975,37.4893
9976,37.3765
9977,38.6376
9978,41.0546
9979,38.4566
9980,39.7987
9981,42.5817
9982,41.8919
9983,37.9075
9984,39.5637
9985,39.7198
9986,37.7865
9987,45.9915
9988,44.2392
9989,40.8562
9990,42.1492
9991,39.8595
9992,42.0959
9993,40.0696
9994,35.5998
9995,45.3359
9996,39.8405
9997,38.5156
9998,41.6211
9999,40.8917
10000,37.8016
10001,39.7141
10002,42.3076
10003,39.0725
10004,35.9316
10005,42.6014
10006,37.1841
10007,39.3554
10008,36.9217
10009,40.2995
10010,38.3634
10011,38.3233
10012,38.547
10013,36.8463
10014,38.8679
10015,41.4816
10016,42.2582
10017,41.0351
10018,39.7407
10019,41.0329
10020,37.5749
10021,40.6181
10022,38.8454
10023,41.0131
10024,40.0917
10025,40.5096
10026,40.4413
10027,42.7196
10028,41.502
10029,43.0508
10030,40.743
10031,39.0987
10032,37.8053
10033,41.9551
10034,39.6985
10035,39.2983
10036,43.7166
10037,40.4033
10038,43.6585
10039,41.43
10040,40.4738
10041,37.0214
10042,38.8056
10043,38.762
10044,38.4377
10045,38.1293
10046,40.1801
10047,36.5842
10048,38.1328
10049,44.4441
10050,38.4422
10051,36.6383
10052,39.722
10053,39.7104
10054,36.9623
10055,40.4234
10056,40.5531
10057,40.2513
10058,42.5994
10059,44.3369
10060,39.7619
10061,39.2758
10062,40.9864
10063,37.9463
10064,37.6029
10065,35.0238
10066,40.1692
10067,34.4884
10068,34.8434
10069,39.9612
10070,39.4841
10071,37.3715
10072,38.5436
10073,41.8965
10074,39.6059
10075,40.5235
10076,39.5009
10077,40.0083
10078,39.5674
10079,43.8467
10080,43.8103
10081,40.1111
10082,39.3043
10083,41.5352
10084,40.7103
10085,40.5848
10086,43.0246
10087,38.781
10088,39.0726
10089,37.4997
10090,39.4989
10091,39.5709
10092,39.0421
10093,38.5846
10094,36.1275
10095,40.3076
10096,38.5706
10097,36.0902
10098,39.4079
10099,40.7625
10100,40.8575
10101,36.655
10102,41.273
10103,38.5606
10104,38.5027
10105,40.4196
10106,40.6452
10107,41.2635
10108,39.3187
10109,38.0628
10110,39.7924
10111,39.4424
10112,40.0362
10113,38.1663
10114,40.3337
10115,40.284
10116,39.2536
10117,38.1167
10118,37.7243
10119,36.7664
10120,43.6467
10121,41.1996
10122,40.8932
10123,41.5174
10124,40.3286
10125,39.6471
10126,39.9462
10127,38.7267
10128,35.5853
10129,41.6436
10130,35.0653
10131,44.1033
10132,41.7903
10133,40.0597
10134,44.5907
10135,40.327
10136,39.7629
10137,39.8965
10138,36.7381
10139,39.6133
10140,39.3739
10141,39.3089
10142,42.4216
10143,36.5361
10144,42.9968
10145,42.6369
10146,38.0766
10147,40.4569
10148,42.3367
10149,38.2305
10150,40.1448
10151,40.4664
10152,37.8942
10153,39.4068
10154,41.3535
10155,38.6196
10156,38.1706
10157,43.1836
10158,39.4642
10159,41.4965
10160,39.0497
10161,38.5128
10162,39.0444
10163,42.3284
10164,41.9506
10165,38.0252
10166,40.7599
10167,38.3899
10168,40.5511
10169,37.6315
10170,40.2929
10171,40.929
10172,38.3784
10173,38.5306
10174,38.8556
10175,41.6303
10176,37.1716
10177,41.4856
10178,40.5145
10179,37.9155
10180,38.6875
10181,38.5921
10182,40.0765
10183,42.0897
10184,37.1856
10185,36.6386
10186,40.0253
10187,39.7602
10188,41.3239
10189,40.2188
10190,41.1354
10191,41.5714
10192,42.499
10193,41.4044
10194,37.344
10195,38.7791
10196,36.8794
10197,40.8363
10198,39.9642
10199,43.65
10200,37.5399
10201,39.6888
10202,40.1424
10203,38.8217
10204,41.5356
10205,40.8777
10206,39.2915
10207,38.734
10208,42.1532
10209,37.2405
10210,39.7824
10211,43.1483
10212,41.4928
10213,39.0018
10214,41.3443
10215,42.131
10216,40.0756
10217,39.8105
10218,40.9137
10219,42.2098
10220,43.6457
10221,38.2635
10222,40.8105
10223,41.5475
10224,40.771
10225,36.8484
10226,41.147
10227,42.5673
10228,35.7748
10229,41.8773
10230,39.8394
10231,41.5336
10232,39.6374
10233,40.8569
10234,38.7765
10235,37.5585
10236,39.3495
10237,41.3481
10238,35.718
10239,36.7205
10240,42.1439
10241,42.0873
10242,38.867
10243,40.5405
10244,40.4393
10245,42.9561
10246,39.1268
10247,42.4065
10248,42.515
10249,38.2841
10250,40.7749
10251,43.426
10252,38.9658
10253,40.6078
10254,39.4357
10255,40.3725
10256,40.9477
10257,40.5137
10258,43.2471
10259,41.3858
10260,39.9143
10261,39.4483
10262,38.9875
10263,43.1369
10264,35.3664
10265,39.6117
10266,41.0181
10267,39.6481
10268,37.3216
10269,35.4722
10270,38.1759
10271,41.6858
10272,39.4545
10273,39.4108
10274,39.9975
10275,40.325
10276,41.8196
10277,45.2453
10278,40.8782
10279,38.136
10280,40.7032
10281,40.9414
10282,42.4983
10283,41.7431
10284,37.6093
10285,36.3172
10286,37.944
10287,37.9249
10288,40.0401
10289,36.2353
10290,40.7506
10291,38.5128
10292,36.609
10293,41.2161
10294,39.2568
10295,40.8491
10296,35.9737
10297,40.0911
10298,39.5385
10299,37.8019
10300,39.1279
10301,37.6208
10302,40.5257
10303,40.2899
10304,40.7176
10305,39.9862
10306,38.6088
10307,40.8243
10308,41.0891
10309,41.2116
10310,39.1727
10311,41.9169
10312,44.6972
10313,42.457
10314,41.2498
10315,42.891
10316,39.8782
10317,38.2722
10318,39.2778
10319,36.6598
10320,37.8519
10321,42.4538
10322,38.6311
10323,38.6858
10324,43.0165
10325,39.5799
10326,35.7827
10327,40.2604
10328,38.5743
10329,43.2225
10330,38.7279
10331,36.121
10332,38.9309
10333,41.1943
10334,43.6107
10335,42.2871
10336,38.4881
10337,42.8446
10338,37.733
10339,40.9695
10340,41.2994
10341,38.2083
10342,42.7153
10343,40.699
10344,36.9364
10345,38.47
10346,38.1748
10347,42.1027
10348,40.9428
10349,41.1723
10350,38.0592
10351,38.3554
10352,42.5047
10353,41.3861
10354,32.9794
10355,39.9967
10356,42.3199
10357,41.0858
10358,39.6851
10359,36.4281
10360,40.8342
10361,39.0165
10362,40.5859
10363,39.1298
10364,37.6161
10365,37.5734
10366,40.7694
10367,41.927
10368,43.3871
10369,36.5481
10370,42.4598
10371,39.1731
10372,40.4689
10373,35.8993
10374,39.737
10375,39.5927
10376,36.1712
10377,41.3373
10378,39.8572
10379,40.5353
10380,38.955
10381,38.1589
10382,42.5103
10383,42.1897
10384,39.9937
10385,36.4115
10386,42.226
10387,40.1979
10388,45.1247
10389,42.3677
10390,40.8058
10391,37.6075
10392,39.7396
10393,41.8728
10394,40.3784
10395,41.5957
10396,43.3081
10397,41.5333
10398,41.8184
10399,35.5523
10400,37.4286
10401,40.5391
10402,40.8578
10403,41.5356
10404,38.1028
10405,42.9817
10406,43.7622
10407,37.9825
10408,38.1568
10409,38.1095
10410,39.6961
10411,39.8476
10412,38.2536
10413,39.292
10414,38.2684
10415,40.4669
10416,42.1551
10417,41.0307
10418,40.8551
10419,37.3683
10420,41.5356
10421,37.6576
10422,39.5039
10423,40.4395
10424,38.3379
10425,42.5619
10426,40.8008
10427,42.0387
10428,39.1571
10429,38.2146
10430,38.8483
10431,41.1229
10432,41.2839
10433,41.091
10434,37.9477
10435,42.7917
10436,40.0961
10437,39.293
10438,39.0221
10439,39.4978
10440,39.0591
10441,36.9504
10442,40.9596
10443,41.8448
10444,39.0616
10445,40.3637
10446,40.7446
10447,42.8572
10448,43.4798
10449,40.7791
10450,41.416
10451,41.486
10452,40.6219
10453,39.652
10454,39.8207
10455,39.8512
10456,40.7919
10457,43.9174
10458,38.2002
10459,37.791
10460,39.5766
10461,44.998
10462,41.5383
10463,39.0027
10464,39.3167
10465,41.48
10466,40.7913
10467,38.8813
10468,37.9177
10469,40.1923
10470,42.6756
10471,41.3642
10472,37.6748
10473,39.5436
10474,42.02
10475,37.6187
10476,38.6718
10477,45.2209
10478,38.1397
10479,40.6802
10480,38.038
10481,39.6539
10482,38.7592
10483,39.0759
10484,41.3438
10485,38.1456
10486,34.5218
10487,39.5767
10488,43.2823
10489,40.6801
10490,40.7578
10491,39.0011
10492,36.5658
10493,42.871
10494,40.6536
10495,43.2058
10496,42.2375
10497,40.197
10498,43.1549
10499,41.262
10500,39.9192
10501,40.4132
10502,39.4082
10503,40.8935
10504,43.1108
10505,42.7983
10506,35.3549
10507,39.27
10508,41.8298
10509,41.9099
10510,37.1873
10511,42.1657
10512,42.6462
10513,39.0369
10514,41.1556
10515,39.5933
10516,39.6744
10517,39.9202
10518,42.7107
10519,41.368
10520,40.2091
10521,40.77
10522,41.938
10523,38.0561
10524,40.8363
10525,39.9619
10526,37.6454
10527,40.7967
10528,41.0535
10529,39.6547
10530,39.5737
10531,36.535
10532,38.7384
10533,39.725
10534,44.2096
10535,41.3526
10536,40.8882
10537,39.4708
10538,38.9461
10539,40.1489
10540,37.1092
10541,43.8346
10542,43.8853
10543,39.8453
10544,42.5182
10545,40.2438
10546,40.9775
10547,40.8696
10548,39.8137
10549,37.452
10550,39.4081
10551,39.03
10552,38.3993
10553,36.5199
10554,38.8976
10555,40.1329
10556,42.9376
10557,40.2292
10558,39.2212
10559,40.4131
10560,41.5596
10561,42.393
10562,42.2936
10563,43.0792
10564,37.8068
10565,41.8528
10566,38.4912
10567,38.9971
10568,39.349
10569,39.6604
10570,39.1493
10571,39.4902
10572,39.8022
10573,40.0998
10574,40.7606
10575,43.117
10576,39.3045
10577,39.0027
10578,34.4526
10579,39.9763
10580,43.389
10581,37.722
10582,39.3154
10583,42.2057
10584,42.1843
10585,40.4723
10586,39.4059
10587,40.9367
10588,38.3848
10589,40.7185
10590,42.7382
10591,38.266
10592,40.1602
10593,38.0452
10594,42.1011
10595,39.1271
10596,40.8092
10597,40.9485
10598,43.165
10599,38.881
10600,38.4617
10601,42.4933
10602,40.3332
10603,40.0331
10604,37.3536
10605,42.7403
10606,37.0105
10607,38.7116
10608,39.1393
10609,44.3363
10610,38.4027
10611,40.8165
10612,39.3529
10613,40.6167
10614,38.0864
10615,41.0228
10616,39.708
10617,41.7126
10618,38.7038
10619,40.7482
10620,38.6542
10621,40.8272
10622,40.2672
10623,37.9769
10624,39.4885
10625,38.0598
10626,37.5706
10627,38.3932
10628,40.4731
10629,40.5897
10630,39.4675
10631,45.1185
10632,37.9563
10633,41.6513
10634,42.5002
10635,38.9525
10636,42.9794
10637,36.6724
10638,43.1782
10639,39.895
10640,37.3381
10641,41.548
10642,43.7318
10643,40.2529
10644,37.7374
10645,41.6445
10646,41.3228
10647,39.5317
10648,40.8197
10649,40.8858
10650,39.1922
10651,42.5626
10652,40.0139
10653,38.7876
10654,39.3945
10655,39.5343
10656,40.618
10657,42.1155
10658,34.9191
10659,38.3213
10660,41.9102
10661,42.3076
10662,38.9459
10663,40.7252
10664,41.507
10665,39.9309
10666,38.2564
10667,41.1906
10668,40.6115
10669,39.756
10670,38.0822
10671,40.3782
10672,36.6326
10673,42.4905
10674,36.8021
10675,35.2568
10676,41.8513
10677,38.5698
10678,38.9152
10679,42.1433
10680,41.8161
10681,41.7662
10682,40.1504
10683,42.3039
10684,41.6916
10685,40.5669
10686,44.2789
10687,40.4644
10688,40.9104
10689,37.8603
10690,40.826
10691,36.9063
10692,41.853
10693,39.53
10694,39.1701
10695,37.4338
10696,40.405
10697,37.4186
10698,41.9013
10699,40.5022
10700,42.4141
10701,42.9625
10702,40.2009
10703,39.8504
10704,38.3523
10705,40.6915
10706,38.8784
10707,42.2282
10708,43.2971
10709,41.3953
10710,42.495
10711,39.4102
10712,40.6068
10713,39.7352
10714,43.052
10715,39.1419
10716,37.4811
10717,41.3315
10718,38.5454
10719,38.6629
10720,38.0285
10721,38.8217
10722,39.4895
10723,44.3798
10724,40.0245
10725,40.6772
10726,40.7304
10727,41.29
10728,43.3907
10729,41.1596
10730,41.9492
10731,37.7535
10732,41.0581
10733,41.174
10734,37.5904
10735,41.9805
10736,37.8809
10737,37.9435
10738,40.0469
10739,44.1137
10740,39.5772
10741,44.3397
10742,40.9183
10743,38.633
10744,40.2626
10745,39.4246
10746,36.7488
10747,38.8052
10748,38.8917
10749,40.2984
10750,39.1289
10751,40.0523
10752,40.757
10753,38.5584
10754,44.0923
10755,43.3187
10756,41.3579
10757,39.513
10758,41.3397
10759,37.8453
10760,40.0973
10761,42.3475
10762,41.6703
10763,42.0831
10764,42.4853
10765,40.176
10766,39.6689
10767,39.2649
10768,40.8397
10769,38.6635
10770,41.0946
10771,41.2448
10772,40.7967
10773,40.716
10774,37.1782
10775,41.1193
10776,38.8774
10777,41.7005
10778,40.0327
10779,40.973
10780,37.6072
10781,39.3297
10782,40.757
10783,37.5475
10784,40.2177
10785,39.7453
10786,41.6727
10787,39.1818
10788,40.0137
10789,37.9963
10790,42.3584
10791,39.1809
10792,39.2642
10793,40.6634
10794,39.184
10795,43.6242
10796,40.2192
10797,40.3001
10798,41.2009
10799,38.6016
10800,41.1065
10801,43.4892
10802,42.6638
10803,37.4794
10804,41.3364
10805,44.2403
10806,44.7161
10807,42.2227
10808,42.2588
10809,39.5885
10810,38.2086
10811,43.8733
10812,43.8292
10813,39.2483
10814,40.1377
10815,38.712
10816,42.1443
10817,38.4792
10818,40.7187
10819,41.8674
10820,42.3923
10821,40.9717
10822,37.27
10823,41.9603
10824,40.9314
10825,38.5549
10826,39.6489
10827,40.6781
10828,40.9839
10829,41.6965
10830,39.6048
10831,40.5482
10832,39.862
10833,41.2469
10834,37.4867
10835,41.9196
10836,38.057
10837,39.0371
10838,39.6574
10839,41.2757
10840,39.6999
10841,41.3643
10842,40.3327
10843,38.2849
10844,35.097
10845,41.3863
10846,39.907
10847,40.7797
10848,42.436
10849,41.9314
10850,38.8191
10851,42.4318
10852,39.1289
10853,42.8813
10854,41.5817
10855,42.0187
10856,39.7087
10857,38.0539
10858,37.4826
10859,39.7221
10860,40.6891
10861,41.013
10862,41.2078
10863,42.0135
10864,41.3716
10865,41.7411
10866,43.3833
10867,39.3916
10868,39.8767
10869,41.4456
10870,42.8712
10871,41.5919
10872,39.6149
10873,36.336
10874,39.1283
10875,39.7446
10876,38.7887
10877,38.7497
10878,41.3028
10879,37.1978
10880,40.3468
10881,41.0583
10882,39.8851
10883,40.0879
10884,41.4859
10885,40.4202
10886,37.6194
10887,41.9469
10888,41.6006
10889,41.227
10890,38.8091
10891,39.8704
10892,36.4075
10893,40.6125
10894,40.5553
10895,39.0052
10896,40.9184
10897,39.7893
10898,39.5903
10899,41.9347
10900,38.7949
10901,41.4625
10902,43.5371
10903,43.7069
10904,38.9389
10905,36.0933
10906,36.1816
10907,40.3935
10908,38.7689
10909,39.0219
10910,39.224
10911,42.5957
10912,42.089
10913,39.1095
10914,41.3887
10915,39.419
10916,39.2413
10917,39.998
10918,39.0817
10919,33.7539
10920,39.3285
10921,35.3597
10922,40.2384
10923,39.9903
10924,41.7285
10925,43.5944
10926,37.3154
10927,40.5892
10928,40.5184
10929,44.2553
10930,41.9347
10931,38.3757
10932,40.1488
10933,38.0164
10934,38.7648
10935,43.6977
10936,43.2052
10937,37.3086
10938,41.5354
10939,38.094
10940,37.8348
10941,40.5952
10942,41.092
10943,39.8693
10944,38.7631
10945,39.2091
10946,40.455
10947,41.6305
10948,40.5881
10949,39.5571
10950,43.8702
10951,33.2866
10952,41.0922
10953,42.7404
10954,42.3678
10955,37.4521
10956,41.6334
10957,41.2009
10958,42.2919
10959,40.1993
10960,38.9388
10961,40.0343
10962,39.7261
10963,39.1205
10964,38.5698
10965,41.0251
10966,39.419
10967,36.7637
10968,40.7576
10969,43.3153
10970,35.6736
10971,41.6377
10972,38.7367
10973,40.7301
10974,41.818
10975,37.5795
10976,38.7107
10977,39.0529
10978,41.6711
10979,38.7883
10980,37.9725
10981,38.4245
10982,41.8583
10983,40.3748
10984,38.547
10985,36.5322
10986,36.3117
10987,37.1279
10988,40.6785
10989,38.4764
10990,40.7515
10991,39.9437
10992,35.8543
10993,43.1275
10994,40.2146
10995,37.9945
10996,39.8979
10997,36.0205
10998,42.256
10999,39.9214
11000,42.9086
11001,39.1782
11002,41.2042
11003,40.1078
11004,40.8724
11005,40.5895
11006,39.2208
11007,40.4376
11008,41.8571
11009,40.9212
11010,40.3255
11011,39.0898
11012,39.4563
11013,37.4967
11014,43.2048
11015,39.7703
11016,42.0168
11017,39.7037
11018,38.8026
11019,38.743
11020,38.8117
11021,39.5109
11022,35.8425
11023,39.2405
11024,35.4778
11025,41.0415
11026,42.6056
11027,42.3159
11028,40.6243
11029,38.5596
11030,38.7511
11031,37.7351
11032,41.9801
11033,44.4725
11034,38.6379
11035,36.3912
11036,37.0231
11037,37.9095
11038,40.5208
11039,38.5598
11040,44.4116
11041,35.3298
11042,39.4373
11043,42.2191
11044,42.4723
11045,37.2344
11046,38.2324
11047,40.071
11048,40.8901
11049,38.0137
11050,35.9611
11051,41.2238
11052,36.3168
11053,39.7311
11054,40.0673
11055,39.1358
11056,42.3434
11057,42.1848
11058,42.4383
11059,39.6608
11060,42.7788
11061,42.2066
11062,35.5473
11063,37.1554
11064,38.6873
11065,39.511
11066,41.0353
11067,36.8554
11068,38.4367
11069,41.4277
11070,39.36
11071,43.3461
11072,42.9207
11073,40.1656
11074,39.8512
11075,39.8857
11076,40.8775
11077,36.5636
11078,34.6946
11079,38.1424
11080,38.1118
11081,40.7811
11082,38.0519
11083,37.2534
11084,40.2272
11085,43.7153
11086,39.6198
11087,38.6502
11088,40.6222
11089,41.265
11090,39.8574
11091,38.7778
11092,43.8612
11093,41.9989
11094,39.6127
11095,39.0914
11096,38.3234
11097,40.2082
11098,38.9213
11099,40.8718
11100,41.5911
11101,42.135
11102,40.0475
11103,39.705
11104,38.6438
11105,39.5253
11106,41.2057
11107,41.3611
11108,38.9154
11109,42.3007
11110,38.9926
11111,40.8999
11112,40.0545
11113,39.5403
11114,39.8395
11115,39.2315
11116,39.4588
11117,39.2841
11118,38.687
11119,35.6239
11120,41.4573
11121,38.6459
11122,40.351
11123,37.2675
11124,41.8469
11125,43.3211
11126,42.6205
11127,40.0651
11128,40.547
11129,42.1674
11130,37.9684
11131,40.3071
11132,40.9975
11133,42.2617
11134,40.9606
11135,41.7154
11136,37.258
11137,40.4009
11138,43.8157
11139,40.6602
11140,45.3202
11141,40.6461
11142,40.0763
11143,41.1545
11144,44.6482
11145,39.8087
11146,39.347
11147,34.6616
11148,42.463
11149,39.8171
11150,43.2492
11151,41.9111
11152,40.3988
11153,39.7622
11154,40.908
11155,43.9483
11156,38.144
11157,40.4243
11158,44.5329
11159,41.6417
11160,41.6113
11161,42.5325
11162,39.854
11163,40.7527
11164,38.6636
11165,38.7672
11166,40.3721
11167,41.214
11168,39.3389
11169,38.8572
11170,44.2062
11171,33.2289
11172,37.2701
11173,39.7111
11174,40.2516
11175,40.1747
11176,41.7286
11177,42.963
11178,39.411
11179,41.3721
11180,41.8462
11181,41.5994
11182,41.3644
11183,43.3462
11184,41.0985
11185,39.6905
11186,36.8209
11187,40.7433
11188,39.9559
11189,38.7779
11190,36.5728
11191,39.0313
11192,38.1515
11193,41.5364
11194,40.06
11195,40.8564
11196,39.3585
11197,37.0499
11198,40.4892
11199,38.6173
11200,39.16
11201,36.4489
11202,37.2839
11203,38.3746
11204,41.1735
11205,42.583
11206,38.9239
11207,42.5582
11208,37.7946
11209,37.94
11210,41.2105
11211,44.2355
11212,40.2212
11213,41.92
11214,39.4226
11215,40.9617
11216,37.3169
11217,39.9399
11218,42.6574
11219,40.2077
11220,39.4563
11221,42.6492
11222,39.9772
11223,40.8548
11224,39.0457
11225,37.6925
11226,40.7494
11227,39.9077
11228,42.2225
11229,38.2439
11230,42.6897
11231,43.2224
11232,38.5135
11233,42.8408
11234,38.5196
11235,37.2543
11236,37.2954
11237,41.0575
11238,38.2485
11239,36.0042
11240,40.9004
11241,40.5585
11242,39.6348
11243,39.7564
11244,37.4228
11245,42.276
11246,38.7544
11247,40.3396
11248,38.423
11249,39.3738
11250,37.4723
11251,41.9282
11252,39.061
11253,42.1245
11254,40.8316
11255,41.2165
11256,39.1449
11257,41.77
11258,40.276
11259,37.5405
11260,42.2193
11261,40.1317
11262,39.0503
11263,41.187
11264,40.849
11265,37.316
11266,37.704
11267,39.9145
11268,36.4976
11269,39.0706
11270,38.5721
11271,42.2442
11272,37.9297
11273,42.4096
11274,38.4058
11275,40.5129
11276,36.7906
11277,41.2733
11278,37.6458
11279,40.6616
11280,40.1145
11281,39.993
11282,39.0903
11283,42.298
11284,42.806
11285,39.7942
11286,39.081
11287,39.0747
11288,39.7769
11289,39.554
11290,37.0669
11291,42.0074
11292,38.0948
11293,41.7738
11294,38.5324
11295,40.7972
11296,39.9693
11297,41.8767
11298,41.4355
11299,41.1604
11300,35.9611
11301,38.6199
11302,41.8807
11303,36.4887
11304,39.2928
11305,39.4752
11306,37.556
11307,38.6475
11308,40.8095
11309,36.9762
11310,36.0196
11311,42.4552
11312,38.5286
11313,40.1577
11314,41.8193
11315,42.3124
11316,40.4783
11317,39.1419
11318,42.1514
11319,38.2171
11320,37.0456
11321,36.1654
11322,40.0901
11323,37.4399
11324,36.8692
11325,43.0045
11326,40.6896
11327,36.5867
11328,39.2354
11329,40.5545
11330,42.3136
11331,40.7441
11332,37.3753
11333,37.633
11334,41.9025
11335,39.7342
11336,42.1695
11337,40.5873
11338,37.4427
11339,38.384
11340,41.7355
11341,38.954
11342,36.9406
11343,39.9499
11344,41.6234
11345,43.0444
11346,39.6777
11347,40.3624
11348,41.3593
11349,43.9959
11350,40.9697
11351,38.7137
11352,38.5572
11353,40.0472
11354,40.0803
11355,41.2547
11356,40.6686
11357,40.8885
11358,39.8548
11359,41.7485
11360,43.5334
11361,40.3925
11362,37.9149
11363,36.6076
11364,40.9403
11365,40.7366
11366,37.3718
11367,42.0877
11368,40.6608
11369,46.2043
11370,39.0672
11371,45.4304
11372,41.9174
11373,37.793
11374,41.3386
11375,36.3717
11376,42.6191
11377,38.3146
11378,42.4006
11379,41.3302
11380,37.2628
11381,39.5575
11382,37.0322
11383,41.7321
11384,39.0936
11385,39.2427
11386,41.6945
11387,38.3058
11388,38.9101
11389,42.7374
11390,39.6109
11391,40.5981
11392,38.0184
11393,43.1374
11394,34.1287
11395,41.5806
11396,43.4674
11397,39.5898
11398,39.2888
11399,38.2874
11400,45.8755
11401,37.9204
11402,37.7132
11403,38.4802
11404,39.4109
11405,37.5973
11406,40.7332
11407,40.2292
11408,41.1278
11409,39.0627
11410,41.5007
11411,40.4434
11412,43.4504
11413,39.8683
11414,39.5067
11415,39.4225
11416,40.3703
11417,37.7173
11418,42.7215
11419,39.5067
11420,40.0915
11421,41.6553
11422,42.5895
11423,36.1522
11424,41.0804
11425,40.1934
11426,40.1193
11427,38.3697
11428,39.4605
11429,43.0795
11430,40.9694
11431,38.9306
11432,39.4285
11433,42.6506
11434,38.7782
11435,41.1227
11436,42.0988
11437,42.1368
11438,39.0315
11439,42.2602
11440,39.7238
11441,39.3632
11442,41.4173
11443,37.2388
11444,42.2808
11445,39.7285
11446,41.8665
11447,41.3073
11448,41.3565
11449,39.3906
11450,38.6088
11451,39.2368
11452,38.6415
11453,37.451
11454,41.3919
11455,40.3089
11456,38.7145
11457,41.8097
11458,40.9041
11459,39.9781
11460,41.1584
11461,40.985
11462,37.9563
11463,38.6079
11464,42.4589
11465,39.9807
11466,39.2391
11467,40.5166
11468,40.5657
11469,44.6036
11470,40.5346
11471,40.3657
11472,41.3786
11473,36.5747
11474,41.6985
11475,43.7979
11476,38.9411
11477,39.6011
11478,39.3591
11479,39.2537
11480,44.0719
11481,41.2757
11482,38.4759
11483,43.0074
11484,38.4734
11485,41.0823
11486,38.2207
11487,42.224
11488,38.194
11489,45.1022
11490,40.5978
11491,37.4538
11492,37.6038
11493,37.7047
11494,41.1201
11495,39.6945
11496,43.4636
11497,43.6803
11498,41.5178
11499,39.6787
11500,39.8443
11501,40.1309
11502,39.9112
11503,39.1411
11504,39.5508
11505,37.7513
11506,38.6885
11507,41.569
11508,44.3816
11509,39.9081
11510,42.405
11511,40.0464
11512,38.7922
11513,40.6118
11514,41.313
11515,37.8552
11516,43.254
11517,41.9407
11518,40.3495
11519,40.2545
11520,40.5432
11521,42.9869
11522,37.4116
11523,39.2342
11524,40.6921
11525,38.7547
11526,40.877
11527,39.4963
11528,41.9118
11529,40.7994
11530,40.9466
11531,43.995
11532,43.1062
11533,38.2797
11534,38.2627
11535,41.9594
11536,39.3435
11537,41.3454
11538,43.2058
11539,39.8892
11540,39.3966
11541,41.1738
11542,40.756
11543,39.6094
11544,39.5005
11545,37.4064
11546,39.7404
11547,36.7761
11548,38.1384
11549,40.1069
11550,41.8818
11551,37.695
11552,40.5081
11553,40.7746
11554,40.8081
11555,42.4367
11556,39.9089
11557,40.1833
11558,37.1493
11559,39.0508
11560,36.215
11561,39.9801
11562,40.0754
11563,41.3397
11564,39.8938
11565,39.3461
11566,38.8238
11567,40.5848
11568,42.2389
11569,42.6192
11570,40.2011
11571,38.859
11572,41.275
11573,37.951
11574,40.4899
11575,36.313
11576,40.9569
11577,38.3526
11578,43.1437
11579,42.2485
11580,37.8008
11581,41.1533
11582,40.6549
11583,39.1339
11584,39.2708
11585,37.0133
11586,38.3695
11587,36.0527
11588,37.598
11589,36.4234
11590,38.3189
11591,37.4085
11592,39.9532
11593,42.5722
11594,39.0179
11595,41.7228
11596,40.4973
11597,38.9397
11598,43.1202
11599,36.2109
11600,40.7132
11601,42.6014
11602,42.2527
11603,38.9836
11604,42.2136
11605,45.0435
11606,40.5562
11607,39.7148
11608,41.4718
11609,41.8018
11610,39.8277
11611,39.3109
11612,40.1856
11613,41.7946
11614,39.1389
11615,40.5804
11616,41.7454
11617,40.659
11618,42.9439
11619,39.8372
11620,38.641
11621,39.6893
11622,41.3296
11623,35.8176
11624,40.1131
11625,39.5732
11626,39.2227
11627,43.7085
11628,43.8995
11629,39.5548
11630,40.5407
11631,38.5132
11632,36.1017
11633,38.9706
11634,37.927
11635,41.4727
11636,44.3022
11637,39.4366
11638,42.5328
11639,42.2374
11640,39.255
11641,43.4517
11642,40.2667
11643,38.5022
11644,42.016
11645,41.5053
11646,36.8504
11647,38.3395
11648,39.4352
11649,42.4325
11650,37.4924
11651,43.2802
11652,39.6141
11653,39.7328
11654,41.5294
11655,39.8017
11656,39.4312
11657,41.1481
11658,39.6022
11659,37.8699
11660,37.6259
11661,40.9416
11662,41.0273
11663,38.1622
11664,41.1295
11665,41.3457
11666,39.3741
11667,42.0087
11668,39.0461
11669,36.4951
11670,41.2722
11671,39.9045
11672,38.4001
11673,42.7754
11674,38.1489
11675,36.2065
11676,40.8508
11677,39.0303
11678,39.3094
11679,35.7273
11680,38.6959
11681,43.4839
11682,40.0976
11683,42.1908
11684,35.9095
11685,41.3666
11686,39.3728
11687,40.1236
11688,38.1764
11689,39.0558
11690,41.1693
11691,43.5083
11692,39.14
11693,39.566
11694,38.514
11695,39.2452
11696,37.3291
11697,38.9465
11698,39.1236
11699,39.6591
11700,41.3571
11701,39.7216
11702,38.1008
11703,40.7972
11704,39.5931
11705,39.4173
11706,38.9376
11707,39.6538
11708,45.0036
11709,41.0549
11710,40.5484
11711,38.187
11712,39.7034
11713,40.0843
11714,38.4019
11715,39.001
11716,38.7362
11717,41.5782
11718,39.5806
11719,41.5838
11720,37.6718
11721,37.3178
11722,39.9284
11723,42.0315
11724,41.7092
11725,43.4653
11726,41.2431
11727,39.0133
11728,40.9127
11729,39.6906
11730,37.5358
11731,39.7098
11732,39.2096
11733,41.8321
11734,45.4879
11735,41.8095
11736,40.3365
11737,38.9687
11738,42.4999
11739,40.9194
11740,41.8233
11741,41.4251
11742,37.7868
11743,41.9347
11744,41.6957
11745,44.5364
11746,40.5704
11747,39.3316
11748,37.7951
11749,41.6396
11750,40.4757
11751,41.5957
11752,39.5083
11753,40.1478
11754,37.1042
11755,40.6971
11756,32.1716
11757,41.8437
11758,40.8495
11759,39.7293
11760,40.553
11761,41.6631
11762,44.1185
11763,39.838
11764,40.2159
11765,43.6946
11766,39.4949
11767,39.942
11768,41.2668
11769,39.6001
11770,36.9639
11771,37.8448
11772,41.1546
11773,35.3464
11774,36.3015
11775,39.0982
11776,40.2578
11777,42.0733
11778,42.2139
11779,40.2989
11780,41.7287
11781,40.8888
11782,37.1808
11783,38.5078
11784,42.5537
11785,40.8516
11786,43.8395
11787,42.0222
11788,38.572
11789,38.3291
11790,39.7855
11791,36.5373
11792,40.6624
11793,40.7584
11794,40.2341
11795,36.9446
11796,39.4487
11797,41.6055
11798,38.273
11799,40.0047
11800,39.2556
11801,38.3779
11802,36.3611
11803,34.825
11804,41.8097
11805,37.8353
11806,39.8989
11807,38.9128
11808,39.0822
11809,41.4182
11810,42.0961
11811,38.5205
11812,41.8944
11813,37.5716
11814,41.8938
11815,40.4102
11816,39.9369
11817,41.7537
11818,42.6966
11819,37.517
11820,39.8983
11821,36.7527
11822,40.492
11823,44.2481
11824,40.6097
11825,39.4678
11826,40.4527
11827,41.3624
11828,41.1873
11829,38.4195
11830,38.2749
11831,37.6131
11832,41.4496
11833,43.6941
11834,41.685
11835,43.6713
11836,40.2438
11837,38.2666
11838,39.48
11839,42.0049
11840,39.2342
11841,42.6088
11842,41.3709
11843,38.505
11844,37.8156
11845,39.0682
11846,38.3249
11847,38.6499
11848,35.9613
11849,36.1144
11850,37.0403
11851,40.6922
11852,45.3331
11853,42.4987
11854,37.9629
11855,37.0185
11856,44.4446
11857,42.1267
11858,42.2498
11859,38.186
11860,40.7983
11861,42.141
11862,42.7046
11863,39.8014
11864,35.5885
11865,37.4562
11866,37.3005
11867,39.4339
11868,42.3174
11869,39.7703
11870,43.6229
11871,40.7477
11872,37.1398
11873,39.9515
11874,40.2278
11875,40.2124
11876,39.1457
11877,40.6451
11878,43.6376
11879,40.9632
11880,39.8577
11881,38.9582
11882,40.3543
11883,38.2355
11884,39.8239
11885,41.7129
11886,40.0438
11887,40.9972
11888,39.5674
11889,39.3956
11890,42.5867
11891,40.1795
11892,41.1935
11893,37.8526
11894,38.9659
11895,41.4256
11896,43.5913
11897,37.5088
11898,38.5079
11899,37.5084
11900,40.3593
11901,39.9039
11902,42.7724
11903,41.7222
11904,39.1048
11905,41.0047
11906,42.0139
11907,36.9119
11908,42.7228
11909,44.3025
11910,38.0838
11911,41.2011
11912,40.5548
11913,39.642
11914,39.2521
11915,41.5946
11916,37.9145
11917,37.702
11918,42.5159
11919,37.666
11920,39.9667
11921,41.3586
11922,36.1691
11923,42.417
11924,39.7639
11925,40.7709
11926,40.2579
11927,40.916
11928,38.9771
11929,42.9754
11930,40.7265
11931,41.7941
11932,37.847
11933,38.9254
11934,36.3179
11935,44.4899
11936,38.8382
11937,40.3876
11938,40.6144
11939,38.7738
11940,42.6801
11941,39.7179
11942,42.3469
11943,40.3705
11944,40.9871
11945,38.2114
11946,39.2905
11947,40.2634
11948,39.6394
11949,39.5479
11950,35.813
11951,38.5965
11952,43.3338
11953,41.119
11954,36.9599
11955,43.5337
11956,38.5969
11957,40.2073
11958,38.5321
11959,39.0706
11960,41.2098
11961,40.4039
11962,42.4605
11963,39.0936
11964,41.4426
11965,39.237
11966,42.3934
11967,39.4921
11968,41.4248
11969,42.0646
11970,42.0357
11971,38.9226
11972,40.5651
11973,40.2696
11974,39.9053
11975,39.9723
11976,38.599
11977,41.6428
11978,39.7306
11979,39.573
11980,35.4983
11981,37.2321
11982,39.6743
11983,39.2899
11984,40.8838
11985,40.2023
11986,38.8565
11987,41.7025
11988,41.9493
11989,37.6763
11990,41.6954
11991,36.8971
11992,38.7409
11993,41.4073
11994,38.1851
11995,39.4015
11996,37.378
11997,38.0578
11998,37.7591
11999,39.9979
12000,39.0523
12001,39.7725
12002,39.9518
12003,41.3777
12004,39.1966
12005,42.7482
12006,37.1153
12007,41.7813
12008,41.0191
12009,38.4665
12010,37.9646
12011,41.3419
12012,41.9147
12013,37.2217
12014,40.1625
12015,42.0171
12016,41.1115
12017,43.9049
12018,39.4819
12019,37.7376
12020,39.7124
12021,41.4252
12022,38.0084
12023,40.8907
12024,38.6102
12025,36.5828
12026,37.5711
12027,37.7458
12028,40.9152
12029,38.882
12030,40.0025
12031,41.1164
12032,40.5529
12033,39.663
12034,39.7303
12035,40.8028
12036,41.0008
12037,41.5135
12038,42.0105
12039,38.4971
12040,37.402
12041,39.949
12042,44.0343
12043,40.3736
12044,42.3973
12045,43.2379
12046,42.4097
12047,37.201
12048,42.1317
12049,39.8957
12050,41.0561
12051,39.3305
12052,41.7709
12053,37.9112
12054,41.0716
12055,43.4606
12056,41.1438
12057,43.4744
12058,38.0641
12059,36.6112
12060,41.0193
12061,41.5232
12062,42.8926
12063,41.1274
12064,38.485
12065,45.2278
12066,37.4486
12067,36.0749
12068,41.279
12069,40.5989
12070,38.0173
12071,41.465
12072,40.7853
12073,38.1504
12074,39.0413
12075,41.3351
12076,37.3658
12077,40.6191
12078,39.084
12079,40.653
12080,38.2713
12081,39.9363
12082,37.1054
12083,40.8528
12084,39.354
12085,35.467
12086,40.762
12087,38.2853
12088,39.1618
12089,41.0106
12090,43.105
12091,43.9899
12092,38.7517
12093,40.7863
12094,36.5536
12095,37.5119
12096,41.8452
12097,41.8694
12098,43.561
12099,40.201
12100,42.1955
12101,40.437
12102,38.396
12103,39.9283
12104,38.7977
12105,40.648
12106,38.1521
12107,41.176
12108,42.4288
12109,41.6196
12110,39.5496
12111,39.297
12112,41.3615
12113,42.1755
12114,43.3873
12115,42.275
12116,40.3344
12117,39.4808
12118,40.4014
12119,41.3572
12120,40.7242
12121,39.2015
12122,40.2967
12123,38.2038
12124,38.3658
12125,43.2977
12126,43.1024
12127,41.6387
12128,41.4799
12129,40.4376
12130,45.8949
12131,38.2133
12132,38.2174
12133,44.2894
12134,36.2234
12135,40.6392
12136,41.8915
12137,39.3414
12138,42.1037
12139,38.1794
12140,36.2536
12141,40.0802
12142,42.7887
12143,45.1878
12144,39.8619
12145,42.2422
12146,40.1941
12147,40.095
12148,39.4163
12149,39.9378
12150,40.6654
12151,41.6311
12152,41.6798
12153,36.6271
12154,39.0713
12155,43.6908
12156,40.4762
12157,39.6543
12158,40.2587
12159,38.9319
12160,39.3161
12161,40.4296
12162,38.7295
12163,38.775
12164,39.8545
12165,37.2
12166,41.1024
12167,41.3005
12168,40.9232
12169,39.3889
12170,37.454
12171,39.263
12172,39.9219
12173,42.4
12174,38.6115
12175,41.0498
12176,41.5298
12177,41.1489
12178,41.1959
12179,38.5419
12180,39.4064
12181,38.0443
12182,40.8607
12183,35.0862
12184,45.7557
12185,38.59
12186,45.4046
12187,41.7154
12188,41.3598
12189,40.1188
12190,38.5854
12191,41.6835
12192,36.9364
12193,40.2612
12194,41.4832
12195,42.1233
12196,43.0648
12197,38.2281
12198,40.2891
12199,39.2341
12200,39.3561
12201,38.3681
12202,41.0332
12203,38.0558
12204,36.5728
12205,39.8787
12206,38.8725
12207,40.438
12208,40.921
12209,46.0061
12210,39.2718
12211,37.8337
12212,36.5407
12213,40.104
12214,40.9897
12215,38.9633
12216,39.8968
12217,40.2061
12218,39.7374
12219,39.5536
12220,39.2227
12221,41.8337
12222,37.6413
12223,39.115
12224,41.121
12225,38.9812
12226,41.8991
12227,36.7564
12228,40.9831
12229,40.494
12230,39.9698
12231,41.6374
12232,39.1718
12233,42.243
12234,39.1337
12235,40.6483
12236,43.1096
12237,41.9003
12238,40.557
12239,39.5904
12240,41.0599
12241,39.0218
12242,39.7926
12243,37.9062
12244,41.1519
12245,39.2318
12246,37.4569
12247,39.2287
12248,41.3331
12249,38.9331
12250,43.5466
12251,42.2334
12252,39.0916
12253,36.9969
12254,40.6048
12255,37.8663
12256,36.5357
12257,37.3557
12258,41.232
12259,39.9344
12260,38.3198
12261,38.454
12262,39.6815
12263,41.1849
12264,41.1958
12265,39.8867
12266,42.5413
12267,38.0281
12268,38.4242
12269,39.766
12270,43.4871
12271,42.6872
12272,38.814
12273,42.5547
12274,37.0943
12275,42.7798
12276,44.0528
12277,40.0298
12278,46.3051
12279,42.2906
12280,38.4943
12281,40.2956
12282,40.7158
12283,36.8644
12284,40.3412
12285,38.7053
12286,40.4333
12287,41.9926
12288,38.8948
12289,38.368
12290,41.7984
12291,36.808
12292,39.3312
12293,44.6475
12294,44.6907
12295,39.2543
12296,38.0603
12297,39.5848
12298,43.5749
12299,40.5591
12300,38.8484
12301,41.9738
12302,42.2721
12303,41.0293
12304,40.7102
12305,37.2099
12306,43.7867
12307,39.5236
12308,41.0667
12309,41.2357
12310,40.4155
12311,40.5221
12312,41.1838
12313,45.0003
12314,39.3974
12315,40.7594
12316,42.5442
12317,41.1567
12318,35.9149
12319,37.647
12320,42.3074
12321,40.5352
12322,39.5844
12323,37.9306
12324,40.7529
12325,40.3878
12326,39.2062
12327,41.8645
12328,38.3446
12329,38.1943
12330,42.1186
12331,39.089
12332,43.0508
12333,37.5809
12334,40.607
12335,38.5678
12336,39.5857
12337,37.9609
12338,42.3768
12339,41.7772
12340,41.5794
12341,38.8407
12342,41.3388
12343,39.82
12344,36.7096
12345,39.3106
12346,40.5102
12347,39.4843
12348,40.7762
12349,40.9239
12350,44.2554
12351,36.7519
12352,38.6078
12353,38.5346
12354,43.0687
12355,37.946
12356,42.993
12357,38.8076
12358,41.1934
12359,39.2782
12360,41.0797
12361,38.3334
12362,38.4943
12363,39.3941
12364,42.901
12365,40.3606
12366,40.1874
12367,40.3371
12368,41.6153
12369,38.2197
12370,40.9303
12371,39.4329
12372,41.5801
12373,41.3069
12374,34.8936
12375,39.6935
12376,40.5332
12377,40.0318
12378,44.0336
12379,40.7465
12380,40.2065
12381,40.1416
12382,40.6685
12383,44.5944
12384,38.8342
12385,39.3329
12386,39.3969
12387,35.6725
12388,42.9314
12389,38.7624
12390,40.5124
12391,39.6988
12392,39.9544
12393,39.996
12394,45.1668
12395,41.3307
12396,43.7355
12397,41.4702
12398,37.4321
12399,38.8265
12400,40.742
12401,35.8997
12402,41.1908
12403,39.1535
12404,40.2178
12405,38.157
12406,42.1151
12407,43.4078
12408,38.5381
12409,38.9537
12410,37.425
12411,40.0492
12412,39.0972
12413,41.0466
12414,40.8917
12415,37.4594
12416,40.7599
12417,41.3702
12418,42.0123
12419,41.6001
12420,40.0649
12421,40.6398
12422,41.3359
12423,38.7636
12424,39.924
12425,40.3659
12426,39.7577
12427,38.3994
12428,40.2923
12429,36.9032
12430,40.1108
12431,36.9759
12432,38.4715
12433,39.7935
12434,42.1911
12435,44.1741
12436,40.2884
12437,39.4992
12438,37.8386
12439,38.2216
12440,38.1882
12441,40.6744
12442,41.1284
12443,40.8278
12444,40.3331
12445,39.3027
12446,39.381
12447,44.0191
12448,38.5721
12449,40.5244
12450,42.6899
12451,40.0405
12452,38.3207
12453,42.5427
12454,41.3114
12455,42.0949
12456,39.331
12457,43.4288
12458,36.5292
12459,39.6596
12460,39.5627
12461,41.7829
12462,41.2685
12463,39.8281
12464,42.8669
12465,40.3523
12466,39.9354
12467,37.4645
12468,42.9163
12469,39.5375
12470,38.4224
12471,38.4554
12472,46.2614
12473,37.1002
12474,36.4411
12475,39.2064
12476,41.4861
12477,40.6549
12478,38.2879
12479,39.8558
12480,39.5729
12481,39.9933
12482,38.352
12483,39.9848
12484,39.646
12485,36.6673
12486,41.0102
12487,42.0407
12488,40.5565
12489,37.6793
12490,40.6137
12491,39.5726
12492,40.0709
12493,38.6441
12494,38.1396
12495,40.3312
12496,38.9688
12497,38.374
12498,42.3236
12499,42.5061
12500,40.1011
12501,41.2481
12502,39.6699
12503,36.883
12504,44.2446
12505,39.0076
12506,40.1288
12507,38.5585
12508,39.7121
12509,40.2191
12510,39.7646
12511,38.0097
12512,42.6838
12513,40.1207
12514,39.8972
12515,40.8627
12516,38.9534
12517,42.1711
12518,39.2974
12519,44.1606
12520,41.27
12521,36.224
12522,40.3966
12523,39.9893
12524,41.4256
12525,41.487
12526,36.523
12527,39.6695
12528,41.2024
12529,41.8363
12530,38.4276
12531,37.6546
12532,39.8434
12533,39.8358
12534,39.361
12535,41.1514
12536,40.2032
12537,43.2639
12538,40.083
12539,38.1378
12540,44.343
12541,38.2173
12542,38.928
12543,40.1965
12544,38.3889
12545,40.1969
12546,39.6764
12547,41.2807
12548,37.7886
12549,38.8286
12550,39.9703
12551,39.8239
12552,40.0437
12553,42.9318
12554,41.165
12555,39.237
12556,38.2056
12557,36.0231
12558,36.5815
12559,41.1492
12560,36.3922
12561,35.9251
12562,37.562
12563,38.4424
12564,41.0108
12565,40.9894
12566,35.9773
12567,40.681
12568,39.9529
12569,38.7854
12570,40.3845
12571,41.3409
12572,43.8587
12573,38.0386
12574,45.4703
12575,44.6177
12576,38.5752
12577,38.9067
12578,40.4332
12579,42.559
12580,39.2538
12581,39.7661
12582,41.2569
12583,39.4612
12584,39.2502
12585,42.4588
12586,39.8907
12587,39.0273
12588,38.7926
12589,43.2627
12590,41.4352
12591,41.3218
12592,42.4951
12593,38.8873
12594,38.9057
12595,37.9879
12596,41.4005
12597,37.2244
12598,40.2756
12599,42.6367
12600,41.0121
12601,39.877
12602,39.9005
12603,38.3538
12604,41.275
12605,38.9314
12606,40.2476
12607,43.1104
12608,41.8038
12609,39.6767
12610,38.9756
12611,38.7383
12612,38.6794
12613,35.8361
12614,40.3222
12615,38.7896
12616,36.9876
12617,43.44
12618,39.0961
12619,41.0541
12620,37.6761
12621,37.6424
12622,38.06
12623,37.6862
12624,37.9732
12625,37.6402
12626,40.782
12627,39.3767
12628,36.7445
12629,41.3123
12630,42.3178
12631,37.6608
12632,40.1072
12633,43.8519
12634,39.3303
12635,38.353
12636,39.2147
12637,39.4761
12638,41.8447
12639,38.1498
12640,39.3069
12641,40.163
12642,39.3022
12643,38.4975
12644,37.3994
12645,41.6789
12646,38.6681
12647,40.8587
12648,39.7805
12649,37.4274
12650,40.8359
12651,37.6235
12652,41.0201
12653,40.2941
12654,40.2611
12655,39.385
12656,39.6642
12657,40.2355
12658,38.9641
12659,42.0171
12660,40.6082
12661,38.1799
12662,40.7575
12663,40.1176
12664,42.8153
12665,41.3894
12666,41.5595
12667,39.8704
12668,38.8932
12669,35.0936
12670,39.1515
12671,39.5631
12672,40.1579
12673,40.017
12674,39.1361
12675,37.9674
12676,41.0232
12677,39.1414
12678,36.2954
12679,37.8175
12680,40.416
12681,41.3602
12682,35.9612
12683,42.0102
12684,39.6537
12685,42.9133
12686,40.9372
12687,39.9329
12688,41.9238
12689,41.1771
12690,39.5028
12691,40.0991
12692,36.0927
12693,38.1684
12694,42.367
12695,38.2744
12696,39.9272
12697,37.4251
12698,44.4628
12699,42.1541
12700,37.1792
12701,39.746
12702,39.2881
12703,39.2707
12704,39.807
12705,38.0767
12706,42.0382
12707,40.0071
12708,40.4044
12709,38.3232
12710,44.9701
12711,37.9366
12712,38.9148
12713,39.4562
12714,41.271
12715,36.8513
12716,41.2395
12717,35.3713
12718,38.2318
12719,43.2697
12720,38.1365
12721,38.7033
12722,41.7463
12723,38.2434
12724,40.9247
12725,39.7754
12726,37.4955
12727,38.2508
12728,41.3696
12729,42.3871
12730,39.043
12731,42.5655
12732,36.1714
12733,37.89
12734,41.0518
12735,36.7312
12736,39.6306
12737,41.006
12738,42.9807
12739,37.5397
12740,39.9244
12741,38.3643
12742,39.1309
12743,41.3777
12744,39.592
12745,40.9864
12746,41.2802
12747,43.6509
12748,36.6974
12749,41.5413
12750,42.4624
12751,43.602
12752,42.1351
12753,40.8475
12754,38.1473
12755,39.1994
12756,38.4107
12757,35.0552
12758,39.6827
12759,40.4984
12760,39.7482
12761,40.0625
12762,39.2736
12763,40.7925
12764,40.323
12765,40.6311
12766,38.7509
12767,36.652
12768,40.0677
12769,37.8168
12770,36.9027
12771,36.2804
12772,40.218
12773,40.5045
12774,40.6323
12775,39.0135
12776,41.8496
12777,38.8172
12778,42.8805
12779,42.4743
12780,40.6661
12781,39.6849
12782,41.8216
12783,41.3991
12784,42.5596
12785,40.2728
12786,41.6542
12787,39.2574
12788,39.5961
12789,41.3283
12790,38.8792
12791,39.395
12792,44.3036
12793,39.4102
12794,37.3854
12795,39.2625
12796,38.3838
12797,40.6926
12798,41.8023
12799,35.6747
12800,38.7162
12801,39.3447
12802,38.7018
12803,39.4985
12804,40.9904
12805,40.4943
12806,36.8947
12807,40.9411
12808,37.0161
12809,39.631
12810,38.3749
12811,40.4768
12812,37.1576
12813,42.6376
12814,39.3812
12815,40.8487
12816,38.9145
12817,39.6806
12818,38.8195
12819,39.2123
12820,41.0582
12821,38.7335
12822,39.792
12823,39.4364
12824,37.0853
12825,42.0974
12826,35.5372
12827,36.9255
12828,40.7036
12829,37.8927
12830,36.6903
12831,39.0779
12832,39.4582
12833,39.0246
12834,41.2438
12835,38.6323
12836,37.9592
12837,39.7375
12838,43.9182
12839,39.8769
12840,37.3971
12841,41.8824
12842,42.4259
12843,41.3148
12844,38.7778
12845,40.6796
12846,39.4473
12847,41.855
12848,37.052
12849,38.7106
12850,40.696
12851,39.8089
12852,37.9334
12853,40.2582
12854,37.7726
12855,34.7216
12856,38.859
12857,41.9468
12858,40.336
12859,41.6701
12860,39.3631
12861,37.8335
12862,39.8108
12863,37.4819
12864,40.3885
12865,37.9006
12866,39.1054
12867,37.7524
12868,37.8861
12869,43.4721
12870,38.6188
12871,40.9048
12872,42.9237
12873,40.3483
12874,38.0745
12875,43.2223
12876,42.1371
12877,40.5184
12878,37.9717
12879,39.8907
12880,41.4161
12881,38.103
12882,40.8161
12883,40.8432
12884,37.8381
12885,39.3995
12886,38.2671
12887,42.5083
12888,40.0362
12889,39.9725
12890,41.3921
12891,41.6546
12892,38.4345
12893,39.0318
12894,38.3652
12895,41.7559
12896,41.5214
12897,41.166
12898,39.9527
12899,42.7332
12900,38.2967
12901,37.3468
12902,39.9749
12903,42.0584
12904,37.8666
12905,41.2364
12906,40.419
12907,39.6276
12908,40.4273
12909,40.6381
12910,40.0687
12911,38.0253
12912,38.0851
12913,43.9284
12914,37.6208
12915,41.9606
12916,39.593
12917,39.6587
12918,40.6538
12919,43.7232
12920,38.3264
12921,40.6073
12922,39.4442
12923,41.4421
12924,40.0633
12925,40.3964
12926,42.4679
12927,40.6452
12928,43.7971
12929,41.6137
12930,41.0014
12931,43.4968
12932,38.7525
12933,41.2086
12934,37.6668
12935,39.8183
12936,43.5222
12937,43.2657
12938,40.8229
12939,39.5159
12940,40.2885
12941,35.9978
12942,37.7081
12943,41.5883
12944,39.6268
12945,39.6033
12946,34.8948
12947,40.7599
12948,43.556
12949,45.3057
12950,37.2956
12951,42.6368
12952,41.4781
12953,39.8423
12954,40.6941
12955,38.5405
12956,36.8338
12957,41.5898
12958,43.1896
12959,38.8284
12960,42.4527
12961,41.8983
12962,39.2029
12963,36.5954
12964,41.6343
12965,38.7869
12966,40.2645
12967,40.0682
12968,41.5583
12969,38.3915
12970,35.6476
12971,36.9821
12972,39.2449
12973,42.3254
12974,36.0526
12975,38.048
12976,40.3991
12977,34.6616
12978,39.6289
12979,40.2075
12980,37.1448
12981,38.383
12982,43.2981
12983,39.0492
12984,42.1432
12985,45.505
12986,38.8219
12987,38.5926
12988,41.9705
12989,37.5689
12990,43.3329
12991,40.389
12992,43.57
12993,39.7944
12994,38.6452
12995,41.5401
12996,40.0068
12997,37.4605
12998,42.5094
12999,40.9036
13000,38.8191
13001,37.6805
13002,42.2295
13003,38.3906
13004,37.1723
13005,41.2455
13006,42.5138
13007,35.9793
13008,45.4351
13009,41.0988
13010,41.6261
13011,38.5479
13012,39.3768
13013,40.2665
13014,40.0149
13015,40.8108
13016,39.6415
13017,43.5745
13018,40.399
13019,39.0362
13020,38.8268
13021,41.4349
13022,39.3452
13023,41.7688
13024,41.8578
13025,42.1533
13026,41.2179
13027,40.0413
13028,39.1108
13029,40.4332
13030,37.9508
13031,39.5174
13032,38.0309
13033,40.5354
13034,38.5829
13035,38.8328
13036,36.6776
13037,40.0588
13038,38.8869
13039,43.1426
13040,35.7264
13041,40.1452
13042,39.7887
13043,43.5177
13044,38.4505
13045,38.6736
13046,37.8533
13047,38.7978
13048,39.9702
13049,40.1377
13050,40.993
13051,40.3693
13052,39.6554
13053,41.8055
13054,41.6063
13055,40.0662
13056,39.0225
13057,39.9752
13058,38.6654
13059,38.324
13060,38.2678
13061,41.4485
13062,38.8704
13063,44.067
13064,41.0331
13065,37.2258
13066,43.8224
13067,40.8212
13068,39.6611
13069,38.9332
13070,40.8775
13071,41.5751
13072,40.5947
13073,36.9197
13074,39.7194
13075,37.6396
13076,36.9229
13077,41.3329
13078,37.9661
13079,38.709
13080,41.1939
13081,38.1598
13082,43.3748
13083,36.604
13084,38.3105
13085,42.6616
13086,40.6519
13087,43.2691
13088,41.4374
13089,38.5273
13090,41.2589
13091,39.3068
13092,39.0234
13093,44.0545
13094,39.4431
13095,40.0419
13096,38.1884
13097,38.4124
13098,40.0457
13099,41.9385
13100,40.4319
13101,40.3764
13102,39.7188
13103,40.7618
13104,41.2135
13105,38.696
13106,39.5723
13107,39.4556
13108,40.3044
13109,42.3761
13110,40.3609
13111,43.2656
13112,37.9203
13113,42.623
13114,37.7717
13115,39.8123
13116,41.1114
13117,39.4264
13118,39.3364
13119,39.433
13120,42.8957
13121,42.4502
13122,40.0045
13123,39.7155
13124,35.7835
13125,41.022
13126,40.9999
13127,38.2813
13128,38.3857
13129,39.8529
13130,41.4232
13131,40.8047
13132,40.3194
13133,39.6259
13134,41.283
13135,39.7664
13136,42.1509
13137,41.8837
13138,38.921
13139,44.3362
13140,41.6001
13141,41.4608
13142,39.4174
13143,41.8765
13144,39.144
13145,41.1261
13146,40.7395
13147,42.3801
13148,41.0267
13149,39.6004
13150,39.8707
13151,39.9609
13152,39.2716
13153,39.0868
13154,41.1843
13155,40.2407
13156,43.289
13157,40.7499
13158,40.0929
13159,40.0926
13160,35.6217
13161,40.789
13162,39.1889
13163,43.0226
13164,39.7936
13165,39.9253
13166,38.3895
13167,40.4538
13168,39.7552
13169,37.579
13170,40.4318
13171,42.9991
13172,37.2389
13173,38.9964
13174,42.1676
13175,40.2319
13176,37.6732
13177,38.1116
13178,40.3255
13179,40.7499
13180,38.218
13181,37.4822
13182,41.1563
13183,42.2994
13184,39.8642
13185,40.0509
13186,42.2269
13187,40.9223
13188,41.9329
13189,35.9102
13190,37.0638
13191,40.7258
13192,41.0358
13193,37.3295
13194,37.7973
13195,38.872
13196,41.8245
13197,39.8749
13198,39.5274
13199,39.668
13200,41.8672
13201,38.7868
13202,40.3679
13203,40.637
13204,39.9604
13205,40.5215
13206,39.1617
13207,42.7709
13208,40.7649
13209,37.8889
13210,39.5287
13211,42.9796
13212,39.686
13213,44.0231
13214,42.5967
13215,36.2059
13216,39.7428
13217,42.1876
13218,37.722
13219,40.9889
13220,37.6144
13221,39.784
13222,38.4759
13223,43.0617
13224,39.4753
13225,41.6938
13226,39.8026
13227,41.1622
13228,42.995
13229,37.5497
13230,42.5393
13231,40.9202
13232,39.8071
13233,41.7541
13234,39.0644
13235,39.118
13236,40.4165
13237,39.1166
13238,42.6355
13239,42.3972
13240,40.3393
13241,39.9001
13242,37.5981
13243,39.6635
13244,39.9191
13245,42.0296
13246,39.5786
13247,38.4711
13248,43.0372
13249,40.3517
13250,40.8702
13251,39.3765
13252,42.3634
13253,43.0208
13254,43.5335
13255,37.7376
13256,41.0319
13257,38.2063
13258,42.3005
13259,39.8383
13260,41.2913
13261,41.9948
13262,40.9373
13263,37.0907
13264,38.6853
13265,40.7729
13266,37.3891
13267,38.2014
13268,41.6
13269,44.0306
13270,43.0337
13271,38.9208
13272,40.2963
13273,41.0475
13274,42.6894
13275,38.2712
13276,39.5962
13277,37.8033
13278,40.9842
13279,39.5932
13280,39.8253
13281,43
13282,37.7457
13283,41.8376
13284,40.9055
13285,40.7174
13286,42.7199
13287,36.6829
13288,38.4582
13289,40.5804
13290,38.8643
13291,38.9976
13292,38.3084
13293,41.9299
13294,41.8292
13295,40.1128
13296,38.4026
13297,40.037
13298,44.5168
13299,41.0838
13300,41.8105
13301,41.4477
13302,41.2238
13303,40.1813
13304,41.5504
13305,39.2137
13306,37.1042
13307,40.4214
13308,40.0534
13309,42.4836
13310,41.6483
13311,39.4013
13312,39.9244
13313,39.9764
13314,41.1459
13315,41.4234
13316,43.0752
13317,37.1168
13318,40.7749
13319,39.1754
13320,40.6565
13321,36.942
13322,38.7947
13323,38.0097
13324,39.9758
13325,38.6283
13326,39.6338
13327,37.3125
13328,40.4832
13329,41.0073
13330,36.176
13331,38.7671
13332,40.9209
13333,39.5247
13334,38.5544
13335,40.6452
13336,43.6802
13337,40.1203
13338,37.9323
13339,38.4491
13340,38.8407
13341,39.4157
13342,38.2602
13343,40.3569
13344,38.2473
13345,39.8121
13346,40.2558
13347,41.9715
13348,39.1348
13349,40.1632
13350,36.1686
13351,41.6025
13352,38.2965
13353,40.9557
13354,39.9799
13355,38.0014
13356,40.5021
13357,38.1962
13358,38.1795
13359,37.2868
13360,45.8009
13361,43.8593
13362,39.8565
13363,38.0605
13364,40.5033
13365,38.5502
13366,41.0936
13367,38.4333
13368,36.028
13369,38.1216
13370,40.0405
13371,36.9874
13372,38.7058
13373,40.7524
13374,39.2547
13375,38.2213
13376,39.616
13377,41.7978
13378,40.2639
13379,35.7574
13380,42.8376
13381,36.5911
13382,41.3347
13383,38.7259
13384,41.5842
13385,36.5619
13386,42.2315
13387,39.9335
13388,41.4547
13389,37.89
13390,39.0428
13391,37.7542
13392,37.0511
13393,36.7915
13394,39.5782
13395,42.7084
13396,38.8552
13397,38.1562
13398,38.6102
13399,39.6637
13400,40.0316
13401,38.3788
13402,40.6256
13403,43.0942
13404,40.3525
13405,41.0828
13406,37.5858
13407,38.3541
13408,40.9131
13409,41.8098
13410,35.443
13411,42.6029
13412,40.0351
13413,37.0096
13414,36.5234
13415,38.4177
13416,39.6698
13417,35.0111
13418,39.9558
13419,39.7194
13420,37.5414
13421,39.2667
13422,39.3069
13423,38.8479
13424,40.1941
13425,43.9097
13426,43.4628
13427,40.2215
13428,41.3245
13429,40.9964
13430,38.304
13431,39.3813
13432,40.9957
13433,41.4756
13434,39.8988
13435,40.8179
13436,39.9723
13437,40.9183
13438,39.6492
13439,42.3
13440,40.6189
13441,39.4328
13442,43.3175
13443,40.4051
13444,38.8586
13445,39.9011
13446,36.8977
13447,42.8918
13448,39.5964
13449,39.2914
13450,38.1271
13451,39.6079
13452,38.3511
13453,38.5255
13454,37.4473
13455,39.542
13456,42.395
13457,39.6508
13458,42.9613
13459,40.4051
13460,41.8836
13461,39.993
13462,40.6145
13463,40.2694
13464,41.452
13465,41.1647
13466,39.3693
13467,41.8898
13468,38.5314
13469,39.7165
13470,37.9014
13471,41.6451
13472,38.3124
13473,39.4949
13474,36.5667
13475,36.2492
13476,37.5469
13477,41.8059
13478,36.9328
13479,39.2813
13480,40.5398
13481,38.6553
13482,37.8864
13483,42.1521
13484,42.3504
13485,39.2184
13486,38.2595
13487,41.9551
13488,43.7858
13489,37.3221
13490,38.9796
13491,39.8299
13492,41.3794
13493,38.8311
13494,42.2226
13495,39.363
13496,37.38
13497,38.1737
13498,35.5261
13499,40.5907
13500,40.0646
13501,40.5196
13502,39.3344
13503,41.876
13504,38.1957
13505,36.9122
13506,39.6479
13507,44.0367
13508,37.9864
13509,38.4614
13510,38.9944
13511,42.2141
13512,41.2926
13513,39.8351
13514,35.5215
13515,42.5879
13516,41.9522
13517,39.7872
13518,39.2001
13519,37.4998
13520,40.0677
13521,38.4175
13522,40.252
13523,40.0965
13524,36.3774
13525,41.114
13526,40.4443
13527,41.1951
13528,38.9971
13529,37.7971
13530,39.7403
13531,39.864
13532,40.0018
13533,39.5502
13534,41.752
13535,38.898
13536,39.8125
13537,41.9348
13538,42.2409
13539,39.9147
13540,41.0695
13541,40.1001
13542,37.6567
13543,41.175
13544,34.5706
13545,42.675
13546,40.8597
13547,39.3737
13548,39.4015
13549,38.3241
13550,40.9327
13551,39.616
13552,39.9417
13553,36.9852
13554,40.9363
13555,37.9234
13556,44.95
13557,38.1635
13558,37.959
13559,42.8103
13560,42.9562
13561,39.5815
13562,38.9614
13563,37.5363
13564,43.0042
13565,39.5961
13566,38.6074
13567,39.426
13568,43.1798
13569,42.7582
13570,38.1065
13571,37.7716
13572,39.3937
13573,38.6879
13574,43.0784
13575,39.4867
13576,35.5481
13577,40.3684
13578,37.0623
13579,42.1953
13580,40.9363
13581,38.8774
13582,40.5294
13583,40.2222
13584,39.2996
13585,38.7445
13586,39.6068
13587,43.4385
13588,42.0696
13589,40.7075
13590,38.5472
13591,42.6621
13592,41.5806
13593,43.4647
13594,41.5819
13595,38.982
13596,37.3858
13597,40.3246
13598,40.5468
13599,43.4848
13600,39.0491
13601,39.0345
13602,40.0401
13603,41.1221
13604,42.3346
13605,41.5522
13606,41.8379
13607,41.2707
13608,39.6656
13609,37.7755
13610,42.159
13611,40.821
13612,43.018
13613,39.7486
13614,38.4446
13615,41.5198
13616,40.5332
13617,38.9424
13618,38.4653
13619,42.6708
13620,38.3895
13621,41.0003
13622,43.2873
13623,42.6723
13624,41.5513
13625,42.3875
13626,39.5771
13627,37.628
13628,38.4452
13629,41.4321
13630,41.3332
13631,36.2538
13632,39.2751
13633,43.6377
13634,41.3119
13635,38.6959
13636,43.8696
13637,40.7786
13638,41.9454
13639,42.0055
13640,40.5783
13641,39.8474
13642,40.9066
13643,40.8195
13644,37.1933
13645,37.5066
13646,36.1195
13647,41.1032
13648,44.5834
13649,37.0353
13650,40.19
13651,36.0597
13652,34.9631
13653,37.7238
13654,42.9046
13655,38.2342
13656,35.8294
13657,43.466
13658,40.0677
13659,35.2105
13660,38.3142
13661,41.7183
13662,40.5239
13663,35.7828
13664,41.1809
13665,39.2354
13666,41.5824
13667,39.4181
13668,39.3476
13669,38.9203
13670,37.3535
13671,39.8576
13672,40.1649
13673,42.1851
13674,36.8057
13675,38.9125
13676,41.8979
13677,39.0925
13678,38.4837
13679,39.6003
13680,41.6877
13681,40.1617
13682,37.7676
13683,39.5084
13684,41.6795
13685,37.0297
13686,38.7551
13687,36.7646
13688,40.6932
13689,38.1763
13690,38.7303
13691,36.9241
13692,41.4053
13693,41.2311
13694,37.2558
13695,39.5203
13696,41.7825
13697,36.8911
13698,39.3433
13699,40.4338
13700,42.8687
13701,40.0509
13702,39.1026
13703,44.7829
13704,40.1661
13705,43.6729
13706,40.3319
13707,37.6373
13708,41.5557
13709,41.1556
13710,34.6334
13711,40.6276
13712,36.8802
13713,40.7246
13714,44.0154
13715,42.5915
13716,36.0332
13717,42.3416
13718,40.8035
13719,41.6922
13720,36.1289
13721,45.045
13722,41.0192
13723,41.3279
13724,39.7207
13725,36.5352
13726,42.4642
13727,40.1408
13728,38.7387
13729,39.4542
13730,40.4008
13731,43.7392
13732,38.9393
13733,41.3441
13734,42.1631
13735,41.7732
13736,35.8916
13737,41.3368
13738,40.2723
13739,39.0132
13740,42.0274
13741,42.1541
13742,36.3937
13743,37.5472
13744,40.189
13745,42.5205
13746,41.5881
13747,39.6179
13748,41.595
13749,40.6212
13750,39.1285
13751,37.7057
13752,40.2858
13753,39.8131
13754,37.4394
13755,41.9281
13756,40.4741
13757,37.1219
13758,39.9261
13759,40.1843
13760,40.0164
13761,40.1446
13762,44.0695
13763,37.492
13764,37.3242
13765,39.6756
13766,39.6991
13767,37.95
13768,35.1047
13769,42.821
13770,41.145
13771,40.7657
13772,43.9564
13773,40.1169
13774,40.0504
13775,41.1766
13776,41.9972
13777,34.4738
13778,39.6348
13779,39.7051
13780,40.5608
13781,39.3498
13782,41.9664
13783,39.8455
13784,39.9585
13785,36.6568
13786,39.1208
13787,44.8264
13788,42.1639
13789,42.1653
13790,41.1774
13791,37.4545
13792,40.382
13793,43.8602
13794,38.6514
13795,38.8685
13796,38.4411
13797,42.369
13798,42.6767
13799,41.3271
13800,42.531
13801,41.5645
13802,41.4507
13803,41.336
13804,44.2001
13805,39.5637
13806,40.6354
13807,39.7839
13808,40.1367
13809,38.444
13810,39.3407
13811,41.8868
13812,40.4281
13813,38.539
13814,37.0027
13815,39.69
13816,41.4185
13817,40.0922
13818,40.2447
13819,38.5303
13820,39.6821
13821,41.3629
13822,41.0428
13823,40.8822
13824,37.5664
13825,41.536
13826,39.1219
13827,40.9774
13828,37.0314
13829,40.3959
13830,38.2889
13831,39.9507
13832,40.2636
13833,37.6323
13834,40.7929
13835,41.4199
13836,37.8257
13837,40.8836
13838,41.9503
13839,38.8594
13840,39.8018
13841,38.9014
13842,41.1271
13843,41.5447
13844,41.9531
13845,43.5271
13846,42.4386
13847,41.9632
13848,42.4383
13849,42.7421
13850,35.6188
13851,41.2419
13852,38.6057
13853,39.3478
13854,37.7595
13855,44.9404
13856,39.1796
13857,39.7308
13858,39.0652
13859,40.4331
13860,41.2862
13861,40.6473
13862,41.3137
13863,36.8592
13864,38.225
13865,41.313
13866,40.1359
13867,39.7036
13868,38.4017
13869,39.1061
13870,40.1156
13871,35.8623
13872,41.0534
13873,38.6722
13874,39.6556
13875,39.9445
13876,39.6625
13877,34.7323
13878,36.2973
13879,40.9728
13880,40.3721
13881,42.5314
13882,37.1488
13883,38.1254
13884,38.9125
13885,41.8517
13886,41.4126
13887,39.8992
13888,41.9534
13889,40.2707
13890,39.0395
13891,38.7191
13892,38.1017
13893,44.1965
13894,40.1536
13895,43.4934
13896,40.5238
13897,34.8995
13898,39.5265
13899,39.4841
13900,36.7394
13901,37.7136
13902,38.4787
13903,42.6242
13904,38.4537
13905,41.4931
13906,40.7457
13907,40.7458
13908,39.9662
13909,39.2538
13910,41.3505
13911,40.5923
13912,37.2543
13913,36.844
13914,43.5477
13915,39.708
13916,40.5694
13917,38.7487
13918,39.1946
13919,40.7972
13920,38.6537
13921,38.8144
13922,38.765
13923,35.7753
13924,39.0676
13925,40.6533
13926,41.2966
13927,39.9276
13928,40.4875
13929,38.5434
13930,42.7389
13931,42.6631
13932,37.0013
13933,39.2434
13934,41.4183
13935,40.4536
13936,40.38
13937,40.2945
13938,38.2633
13939,42.4837
13940,39.1355
13941,42.0406
13942,39.4443
13943,41.9289
13944,39.3495
13945,38.1534
13946,37.9143
13947,37.8201
13948,42.9759
13949,40.6185
13950,38.2759
13951,40.9765
13952,39.1139
13953,41.1032
13954,36.8461
13955,43.0177
13956,36.1479
13957,40.2243
13958,38.1056
13959,40.7777
13960,38.5021
13961,39.3117
13962,40.109
13963,41.0617
13964,36.9818
13965,38.8738
13966,37.746
13967,43.4067
13968,38.1225
13969,41.4142
13970,35.5229
13971,40.7991
13972,37.0932
13973,42.0256
13974,39.2029
13975,36.0099
13976,37.4149
13977,41.2548
13978,42.5153
13979,41.6661
13980,37.8251
13981,35.5861
13982,38.8509
13983,41.0504
13984,40.4433
13985,39.5358
13986,36.3806
13987,40.2112
13988,42.685
13989,43.3653
13990,36.6433
13991,40.7187
13992,38.4556
13993,40.8639
13994,38.2699
13995,41.0282
13996,41.1752
13997,44.3788
13998,44.3551
13999,34.7237
14000,41.3071
14001,36.4193
14002,42.4173
14003,39.4342
14004,41.0302
14005,38.5899
14006,40.956
14007,40.0304
14008,38.8235
14009,39.656
14010,39.9658
14011,42.9723
14012,43.0797
14013,43.3815
14014,38.4386
14015,40.7675
14016,44.3642
14017,40.0141
14018,37.9732
14019,39.6586
14020,41.0521
14021,42.3552
14022,41.8028
14023,42.6079
14024,39.3038
14025,39.8064
14026,38.2541
14027,40.8976
14028,43.5566
14029,38.523
14030,37.3067
14031,43.8962
14032,36.8418
14033,39.4496
14034,42.2243
14035,40.564
14036,39.2565
14037,39.7637
14038,43.4977
14039,39.9997
14040,41.0489
14041,38.1955
14042,38.0918
14043,39.311
14044,39.795
14045,41.6198
14046,39.8002
14047,39.4357
14048,38.8755
14049,41.7065
14050,42.5027
14051,40.821
14052,42.0721
14053,38.4746
14054,40.0125
14055,40.1436
14056,40.9327
14057,41.7312
14058,39.3391
14059,40.6505
14060,44.2861
14061,40.3409
14062,40.799
14063,39.4843
14064,38.6474
14065,44.3484
14066,38.6443
14067,40.6534
14068,39.3527
14069,38.9426
14070,42.1049
14071,39.2392
14072,39.6524
14073,38.2962
14074,39.1706
14075,39.3474
14076,41.543
14077,39.8532
14078,40.4979
14079,39.6348
14080,40.2318
14081,41.0105
14082,39.4775
14083,38.5028
14084,42.9071
14085,42.7038
14086,38.0448
14087,40.4913
14088,41.739
14089,40.4114
14090,42.1699
14091,38.074
14092,40.0609
14093,39.339
14094,39.4242
14095,40.4242
14096,39.5637
14097,37.8397
14098,40.5052
14099,36.9624
14100,40.8265
14101,38.2217
14102,43.7934
14103,42.0435
14104,40.4828
14105,33.7926
14106,40.9954
14107,40.86
14108,40.7882
14109,40.7391
14110,38.8348
14111,40.0045
14112,39.5316
14113,40.3877
14114,43.2522
14115,40.2504
14116,41.3268
14117,38.8572
14118,42.1956
14119,41.5788
14120,41.2801
14121,37.6408
14122,36.9178
14123,37.5542
14124,38.5078
14125,39.2608
14126,41.1616
14127,40.8066
14128,40.5973
14129,36.577
14130,39.9624
14131,40.0992
14132,36.5456
14133,42.258
14134,39.1216
14135,41.7453
14136,41.3147
14137,41.5351
14138,41.3183
14139,40.36
14140,35.7621
14141,39.4964
14142,36.9932
14143,37.8929
14144,38.8261
14145,42.7571
14146,41.2618
14147,38.2487
14148,41.1569
14149,40.6771
14150,39.1347
14151,39.9241
14152,40.0827
14153,38.2544
14154,39.4088
14155,39.3409
14156,40.3451
14157,39.7645
14158,42.2013
14159,38.1911
14160,41.4614
14161,41.3216
14162,39.4083
14163,40.8191
14164,41.3798
14165,36.5534
14166,39.475
14167,43.9899
14168,39.0023
14169,38.5181
14170,40.1986
14171,41.2467
14172,39.5296
14173,39.957
14174,39.6599
14175,39.9199
14176,42.2354
14177,40.6658
14178,36.8626
14179,41.4088
14180,40.4457
14181,38.8753
14182,39.8032
14183,36.1459
14184,39.9221
14185,41.5677
14186,39.8222
14187,38.5746
14188,36.4465
14189,40.6033
14190,38.2954
14191,39.9989
14192,38.1211
14193,36.1655
14194,38.0528
14195,41.3595
14196,41.1486
14197,37.6221
14198,37.62
14199,37.0902
14200,38.7604
14201,42.4926
14202,38.6145
14203,40.3044
14204,36.4616
14205,41.0123
14206,39.8415
14207,41.4221
14208,36.4767
14209,38.4923
14210,36.7774
14211,37.2943
14212,41.632
14213,38.0495
14214,39.8852
14215,41.6438
14216,41.6133
14217,39.1749
14218,40.5529
14219,39.1919
14220,40.9329
14221,39.7676
14222,40.2938
14223,42.6631
14224,38.8326
14225,38.4115
14226,40.4763
14227,41.5273
14228,41.0938
14229,41.2531
14230,40.717
14231,40.8263
14232,40.6599
14233,40.3089
14234,41.7089
14235,40.6253
14236,41.3674
14237,38.5672
14238,40.7308
14239,38.3475
14240,37.9544
14241,36.8977
14242,41.2174
14243,42.2291
14244,38.5202
14245,42.3395
14246,41.8575
14247,42.775
14248,39.6312
14249,39.4016
14250,36.4379
14251,41.3321
14252,38.668
14253,38.7355
14254,40.7812
14255,38.9924
14256,37.8585
14257,38.4958
14258,37.5031
14259,40.7864
14260,43.6167
14261,40.0241
14262,35.5724
14263,40.7646
14264,41.1442
14265,37.9347
14266,37.5
14267,40.1255
14268,42.5969
14269,38.6591
14270,38.2961
14271,38.5459
14272,39.1755
14273,38.9103
14274,41.3943
14275,41.0132
14276,38.152
14277,38.31
14278,42.501
14279,39.4833
14280,38.9726
14281,40.6408
14282,42.9796
14283,40.3345
14284,41.828
14285,41.0992
14286,40.029
14287,38.9347
14288,41.6302
14289,37.9425
14290,38.7155
14291,37.5698
14292,41.1883
14293,43.5462
14294,38.8849
14295,39.7287
14296,43.2924
14297,38.2964
14298,35.9908
14299,41.2362
14300,41.8555
14301,41.7552
14302,37.1324
14303,38.6866
14304,39.8748
14305,38.469
14306,43.3338
14307,40.2875
14308,41.7611
14309,43.7517
14310,43.5079
14311,39.4857
14312,38.3228
14313,38.8305
14314,41.9096
14315,39.2265
14316,40.3493
14317,38.7849
14318,41.1193
14319,41.0106
14320,41.9757
14321,38.9069
14322,37.8738
14323,43.3989
14324,42.0072
14325,40.0331
14326,42.7342
14327,39.1488
14328,39.1297
14329,40.1153
14330,41.0799
14331,42.0086
14332,38.8076
14333,43.9601
14334,39.9216
14335,35.6765
14336,38.9698
14337,41.5488
14338,38.0718
14339,38.9127
14340,40.7338
14341,40.1406
14342,39.8173
14343,38.281
14344,36.9502
14345,39.9789
14346,40.6494
14347,38.1234
14348,42.5543
14349,37.9466
14350,39.6568
14351,47.9069
14352,38.1105
14353,40.0058
14354,37.0294
14355,40.2039
14356,38.0217
14357,40.8451
14358,40.1859
14359,40.4982
14360,37.7201
14361,41.6906
14362,41.1959
14363,39.4658
14364,37.7306
14365,39.8379
14366,37.8401
14367,40.1544
14368,39.7607
14369,42.3819
14370,41.2486
14371,41.3622
14372,41.3711
14373,43.2416
14374,39.5518
14375,40.4837
14376,44.8547
14377,39.9515
14378,44.0767
14379,39.3809
14380,40.3578
14381,41.6124
14382,42.7272
14383,42.2826
14384,39.9698
14385,41.6559
14386,39.5334
14387,40.314
14388,40.0278
14389,40.2343
14390,38.7685
14391,38.4019
14392,37.3734
14393,42.1401
14394,35.8863
14395,39.9905
14396,37.6512
14397,40.0165
14398,35.9865
14399,36.4466
14400,40.7636
14401,43.1719
14402,41.1397
14403,41.813
14404,40.4247
14405,42.4309
14406,38.1077
14407,39.7776
14408,40.1069
14409,40.4219
14410,37.8484
14411,41.5755
14412,43.9076
14413,39.5195
14414,34.2975
14415,41.2314
14416,39.8435
14417,41.7267
14418,39.6719
14419,44.6245
14420,36.2793
14421,41.2811
14422,42.3503
14423,40.7501
14424,41.1958
14425,39.716
14426,42.0303
14427,37.7674
14428,39.7669
14429,39.031
14430,43.3898
14431,40.0997
14432,39.9926
14433,39.2715
14434,37.4371
14435,39.4522
14436,42.3331
14437,38.8589
14438,40.4246
14439,38.7903
14440,39.6019
14441,39.9725
14442,41.7525
14443,43.5389
14444,38.3587
14445,40.205
14446,40.1773
14447,41.5781
14448,37.6187
14449,39.4745
14450,40.3993
14451,38.2076
14452,38.1258
14453,39.0429
14454,39.5865
14455,38.1291
14456,38.0271
14457,38.461
14458,40.3776
14459,39.487
14460,40.693
14461,43.6749
14462,41.5118
14463,40.6032
14464,42.2173
14465,38.0214
14466,43.5
14467,38.1924
14468,39.7606
14469,42.9862
14470,39.7819
14471,43.367
14472,39.1868
14473,37.3161
14474,41.742
14475,37.915
14476,44.666
14477,37.9777
14478,41.2888
14479,43.3834
14480,39.9651
14481,39.4428
14482,41.8601
14483,39.6971
14484,40.2612
14485,37.3672
14486,40.5443
14487,41.5959
14488,40.0031
14489,39.9893
14490,38.2743
14491,41.8607
14492,41.0878
14493,38.5443
14494,38.3832
14495,35.6512
14496,37.4718
14497,39.767
14498,41.2402
14499,38.7367
14500,40.1697
14501,43.4758
14502,39.9792
14503,41.2744
14504,40.2898
14505,38.4555
14506,40.7723
14507,35.9939
14508,43.057
14509,38.485
14510,37.1365
14511,36.6519
14512,39.7496
14513,38.5253
14514,38.3983
14515,41.2204
14516,38.4782
14517,40.2596
14518,40.1133
14519,40.1947
14520,38.0379
14521,41.7394
14522,36.2925
14523,39.0441
14524,42.7275
14525,40.7149
14526,43.7676
14527,42.7179
14528,41.172
14529,39.9069
14530,43.6802
14531,40.4566
14532,39.8602
14533,42.8642
14534,40.9572
14535,38.5975
14536,46.0442
14537,40.1007
14538,37.2573
14539,38.3963
14540,42.9988
14541,40.9357
14542,42.3923
14543,39.3161
14544,36.9849
14545,40.6951
14546,41.4589
14547,41.2485
14548,38.2358
14549,39.15
14550,41.4287
14551,40.101
14552,35.9734
14553,38.9754
14554,37.5391
14555,40.8911
14556,41.4766
14557,40.0192
14558,42.0153
14559,40.1973
14560,40.1733
14561,38.4102
14562,38.2909
14563,39.4215
14564,38.2137
14565,41.1075
14566,42.6662
14567,40.8256
14568,37.4811
14569,41.0449
14570,43.8775
14571,39.3198
14572,41.8029
14573,39.7362
14574,37.4006
14575,43.1672
14576,39.3487
14577,39.3272
14578,43.2047
14579,40.4907
14580,37.2761
14581,36.9033
14582,39.5055
14583,41.508
14584,37.5934
14585,37.2335
14586,41.4336
14587,38.6995
14588,38.2782
14589,37.2727
14590,40.5843
14591,38.6163
14592,40.0835
14593,36.3779
14594,41.547
14595,40.9733
14596,41.9798
14597,38.6264
14598,39.6058
14599,39.6451
14600,39.716
14601,40.5805
14602,39.7839
14603,41.046
14604,37.2492
14605,42.489
14606,43.8105
14607,38.9687
14608,34.8249
14609,43.9578
14610,37.9973
14611,37.7293
14612,42.305
14613,38.71
14614,43.2223
14615,42.1439
14616,40.9939
14617,37.6338
14618,38.7824
14619,37.3705
14620,38.5155
14621,41.9587
14622,39.3079
14623,37.2998
14624,37.702
14625,36.6459
14626,36.834
14627,41.3117
14628,39.8131
14629,41.4627
14630,42.5834
14631,39.5073
14632,37.5687
14633,39.8469
14634,38.2341
14635,39.4088
14636,40.7059
14637,40.3043
14638,41.1519
14639,35.7335
14640,37.8497
14641,38.1216
14642,41.0683
14643,38.2421
14644,38.7922
14645,38.4229
14646,39.1775
14647,39.8212
14648,40.772
14649,38.0741
14650,42.0571
14651,37.3998
14652,41.8197
14653,38.3309
14654,38.8686
14655,39.5191
14656,36.7214
14657,40.2774
14658,39.068
14659,38.7737
14660,36.7016
14661,39.0446
14662,36.115
14663,38.5747
14664,38.5431
14665,39.0578
14666,44.542
14667,42.9361
14668,38.3409
14669,41.8926
14670,44.4869
14671,41.1342
14672,38.0014
14673,36.7352
14674,41.6777
14675,42.0847
14676,41.7548
14677,40.7171
14678,40.6827
14679,44.4008
14680,38.986
14681,42.247
14682,39.9786
14683,41.8009
14684,43.1358
14685,43.3753
14686,39.3341
14687,41.9046
14688,38.3375
14689,39.7494
14690,40.7294
14691,42.7004
14692,41.9125
14693,40.2252
14694,37.0369
14695,41.317
14696,39.7887
14697,37.8274
14698,38.6295
14699,38.5842
14700,40.1874
14701,38.3225
14702,36.406
14703,40.9207
14704,37.57
14705,40.4406
14706,39.1224
14707,40.5063
14708,40.1857
14709,38.7592
14710,42.1476
14711,42.0813
14712,38.1987
14713,41.2716
14714,40.635
14715,36.5497
14716,42.8149
14717,34.8104
14718,39.59
14719,38.2096
14720,37.9444
14721,42.1627
14722,41.5036
14723,38.3168
14724,38.806
14725,39.6131
14726,42.0989
14727,37.117
14728,39.2773
14729,40.2026
14730,38.8916
14731,41.8014
14732,38.2651
14733,37.5868
14734,42.8296
14735,37.6016
14736,37.8795
14737,40.9014
14738,40.0072
14739,38.5582
14740,38.8833
14741,38.8361
14742,37.1141
14743,40.9703
14744,41.664
14745,45.8169
14746,40.4374
14747,41.6043
14748,38.1956
14749,41.7895
14750,38.0164
14751,36.9653
14752,39.3849
14753,44.8598
14754,41.047
14755,37.8938
14756,38.502
14757,37.9326
14758,39.7245
14759,41.756
14760,33.4966
14761,38.2578
14762,42.578
14763,41.263
14764,42.413
14765,39.4891
14766,39.2174
14767,42.5679
14768,38.8837
14769,39.8794
14770,40.2162
14771,40.7473
14772,39.8803
14773,39.5437
14774,33.5754
14775,40.3873
14776,42.4404
14777,44.3432
14778,41.7705
14779,42.6734
14780,38.6696
14781,41.1032
14782,40.0172
14783,44.3252
14784,39.2422
14785,40.1655
14786,40.4228
14787,40.7819
14788,37.8446
14789,40.9855
14790,40.168
14791,41.0879
14792,38.8038
14793,38.57
14794,39.3577
14795,39.8549
14796,37.6614
14797,39.0172
14798,39.3933
14799,42.3102
14800,41.1537
14801,37.977
14802,41.7391
14803,38.9385
14804,40.9247
14805,39.1754
14806,41.4546
14807,40.2446
14808,38.2448
14809,41.5038
14810,38.5854
14811,40.6795
14812,39.5568
14813,37.1357
14814,39.5772
14815,41.1364
14816,38.5567
14817,42.1369
14818,39.1754
14819,37.7607
14820,40.0738
14821,40.7262
14822,41.2787
14823,40.2622
14824,42.5626
14825,42.0457
14826,41.5309
14827,39.1772
14828,40.7085
14829,42.6904
14830,39.2358
14831,38.4005
14832,38.3188
14833,39.2287
14834,42.3406
14835,37.1441
14836,40.8031
14837,38.473
14838,42.3016
14839,36.0586
14840,36.9679
14841,41.1607
14842,36.9551
14843,39.8544
14844,42.3166
14845,36.4405
14846,38.3182
14847,41.4155
14848,39.5611
14849,42.7526
14850,40.5406
14851,41.0603
14852,38.9973
14853,38.981
14854,41.99
14855,37.4654
14856,36.7984
14857,35.6876
14858,41.4795
14859,37.5655
14860,38.3223
14861,41.0567
14862,39.7225
14863,38.7277
14864,39.6303
14865,42.7961
14866,42.6582
14867,41.8341
14868,39.599
14869,38.1682
14870,42.8361
14871,41.2461
14872,39.702
14873,37.4219
14874,42.389
14875,38.3746
14876,38.7657
14877,40.2292
14878,41.5281
14879,38.9074
14880,36.9453
14881,40.9932
14882,35.1043
14883,42.8783
14884,39.4905
14885,40.6456
14886,42.202
14887,41.8285
14888,38.6018
14889,39.4457
14890,39.5365
14891,42.3351
14892,41.9511
14893,39.0624
14894,40.9475
14895,40.4255
14896,38.2577
14897,40.62
14898,42.4677
14899,39.3194
14900,42.3466
14901,39.1422
14902,38.3015
14903,38.9898
14904,38.9943
14905,38.5034
14906,41.8146
14907,41.6753
14908,45.3087
14909,40.4949
14910,39.1839
14911,38.0113
14912,43.4633
14913,37.3998
14914,38.4106
14915,40.6718
14916,38.1332
14917,37.992
14918,44.9873
14919,37.9693
14920,39.9468
14921,39.7841
14922,40.0343
14923,37.6553
14924,37.4176
14925,38.1404
14926,40.8463
14927,40.845
14928,42.6547
14929,36.2563
14930,42.5599
14931,40.7222
14932,38.9149
14933,41.1503
14934,41.6375
14935,44.6653
14936,41.2416
14937,37.1456
14938,43.162
14939,37.1239
14940,39.3495
14941,38.7261
14942,37.3939
14943,38.5785
14944,41.2454
14945,38.4294
14946,44.4076
14947,39.7504
14948,38.7368
14949,37.4278
14950,39.7992
14951,40.9752
14952,38.8532
14953,41.0462
14954,39.2097
14955,35.6943
14956,37.519
14957,39.5851
14958,40.0049
14959,39.1261
14960,40.1828
14961,39.3842
14962,40.7788
14963,35.8676
14964,36.573
14965,40.0888
14966,39.6821
14967,44.0662
14968,42.891
14969,39.2761
14970,39.0299
14971,38.1875
14972,34.7913
14973,38.0466
14974,39.0571
14975,40.6327
14976,42.087
14977,38.6838
14978,41.1621
14979,37.1053
14980,36.3302
14981,40.3662
14982,40.5131
14983,41.6679
14984,42.0503
14985,36.3659
14986,35.3097
14987,41.8856
14988,40.9599
14989,40.251
14990,36.5805
14991,39.1294
14992,40.9328
14993,39.835
14994,40.4059
14995,43.5421
14996,39.658
14997,35.9488
14998,41.405
14999,36.635
15000,40.272
15001,43.4199
15002,41.1575
15003,40.798
15004,42.9101
15005,43.3913
15006,39.989
15007,37.037
15008,41.1641
15009,40.2627
15010,41.368
15011,41.6218
15012,40.7711
15013,43.1656
15014,37.5013
15015,41.9464
15016,44.4274
15017,41.1143
15018,40.1606
15019,37.3894
15020,39.0554
15021,40.7974
15022,37.6046
15023,40.1931
15024,40.478
15025,35.5178
15026,41.4542
15027,38.6852
15028,43.2266
15029,38.5113
15030,39.1315
15031,41.3539
15032,38.8129
15033,37.3367
15034,40.8714
15035,41.435
15036,41.5101
15037,41.7254
15038,42.0939
15039,39.0671
15040,40.2067
15041,38.7685
15042,37.8104
15043,42.9605
15044,39.1626
15045,39.6019
15046,39.8859
15047,40.2538
15048,38.8477
15049,41.4512
15050,36.8832
15051,41.5898
15052,40.2977
15053,40.2145
15054,36.3471
15055,38.6763
15056,42.0357
15057,39.9481
15058,39.4863
15059,43.9972
15060,40.0814
15061,39.7707
15062,38.6108
15063,40.9284
15064,44.0664
15065,39.3037
15066,43.1599
15067,37.2526
15068,40.5233
15069,36.5782
15070,43.82
15071,38.9231
15072,38.7954
15073,40.4695
15074,38.0916
15075,38.3855
15076,39.9463
15077,43.7359
15078,34.739
15079,39.0105
15080,43.877
15081,39.7797
15082,41.0133
15083,36.7772
15084,44.1387
15085,39.1764
15086,38.8008
15087,40.5403
15088,41.9323
15089,40.4543
15090,39.9227
15091,40.5536
15092,33.2143
15093,38.6201
15094,39.9514
15095,43.0053
15096,41.553
15097,42.3459
15098,41.4721
15099,37.6979
15100,45.5189
15101,40.5712
15102,38.4562
15103,43.4237
15104,38.8495
15105,42.706
15106,39.556
15107,42.5482
15108,37.5971
15109,41.0027
15110,39.0213
15111,41.2213
15112,40.4091
15113,38.8905
15114,37.4024
15115,41.8003
15116,37.2474
15117,39.1038
15118,39.5949
15119,39.3696
15120,37.1922
15121,41.8003
15122,35.8284
15123,39.8843
15124,37.8034
15125,39.8154
15126,39.8466
15127,38.6113
15128,39.0102
15129,44.09
15130,40.1674
15131,40.7414
15132,38.9363
15133,39.1667
15134,41.3107
15135,39.3271
15136,39.4786
15137,37.9299
15138,36.2601
15139,35.4157
15140,41.4188
15141,40.8337
15142,41.0682
15143,38.7851
15144,39.3865
15145,40.9541
15146,40.5101
15147,42.3139
15148,40.7896
15149,41.2637
15150,40.5086
15151,39.9793
15152,38.8886
15153,42.4271
15154,36.9724
15155,39.7132
15156,37.2975
15157,40.9304
15158,40.3862
15159,41.4126
15160,41.1625
15161,39.3061
15162,44.8968
15163,40.5702
15164,35.8277
15165,39.6329
15166,40.1973
15167,40.2928
15168,35.2206
15169,41.3749
15170,43.8616
15171,39.4749
15172,41.611
15173,38.9326
15174,41.0932
15175,40.6288
15176,40.7888
15177,40.0976
15178,39.8335
15179,38.7279
15180,41.2293
15181,41.0881
15182,39.1371
15183,41.0489
15184,42.9189
15185,44.2252
15186,43.8352
15187,42.3543
15188,38.8028
15189,42.9568
15190,41.9655
15191,39.379
15192,40.5397
15193,37.523
15194,40.3452
15195,39.3836
15196,39.2031
15197,40.8575
15198,39.5067
15199,40.1673
15200,38.6518
15201,42.1646
15202,38.4999
15203,39.5019
15204,41.7781
15205,37.51
15206,38.6989
15207,43.6066
15208,41.3
15209,38.807
15210,40.5007
15211,42.0304
15212,40.6593
15213,40.685
15214,41.9758
15215,40.3475
15216,40.7198
15217,36.6812
15218,36.251
15219,39.4348
15220,38.9597
15221,41.9189
15222,40.1982
15223,44.2056
15224,39.5742
15225,39.0102
15226,38.9853
15227,39.1322
15228,38.9015
15229,39.3705
15230,38.0256
15231,43.189
15232,42.0493
15233,42.8441
15234,40.829
15235,40.6221
15236,39.1649
15237,36.4695
15238,40.7404
15239,43.0482
15240,41.5368
15241,39.163
15242,39.242
15243,43.732
15244,39.8534
15245,42.0249
15246,39.1558
15247,40.1066
15248,36.751
15249,40.3567
15250,38.5577
15251,38.6418
15252,40.5648
15253,40.3633
15254,38.2004
15255,42.8817
15256,38.2736
15257,39.8728
15258,42.4988
15259,39.343
15260,39.6037
15261,39.18
15262,42.511
15263,39.4824
15264,40.8551
15265,38.751
15266,38.3697
15267,39.0192
15268,39.3021
15269,41.839
15270,41.1454
15271,41.6076
15272,40.8853
15273,36.3218
15274,42.5872
15275,38.4323
15276,38.9352
15277,39.6624
15278,39.5175
15279,40.5708
15280,39.8127
15281,40.8976
15282,41.69
15283,39.5952
15284,39.6169
15285,41.4363
15286,41.6258
15287,41.0963
15288,36.511
15289,40.698
15290,40.6593
15291,41.5583
15292,37.7004
15293,39.3069
15294,34.5976
15295,39.5998
15296,40.7106
15297,42.5013
15298,41.1864
15299,39.0609
15300,39.791
15301,38.3705
15302,38.3199
15303,41.3827
15304,41.6342
15305,41.7185
15306,39.4646
15307,36.4821
15308,42.2331
15309,36.8419
15310,39.4049
15311,41.4269
15312,42.784
15313,42.5967
15314,40.2809
15315,38.2641
15316,40.0191
15317,39.8492
15318,39.4913
15319,40.6984
15320,40.3994
15321,44.8469
15322,40.9945
15323,38.1494
15324,39.7066
15325,39.2878
15326,43.013
15327,38.6548
15328,41.0351
15329,42.9614
15330,41.9742
15331,39.8895
15332,41.9783
15333,39.9599
15334,38.2007
15335,44.4193
15336,39.9756
15337,41.3409
15338,41.7904
15339,42.0374
15340,39.8036
15341,42.2101
15342,38.6039
15343,40.0054
15344,38.7984
15345,39.5197
15346,39.7574
15347,41.2481
15348,37.3101
15349,41.1124
15350,44.8023
15351,39.9934
15352,35.3098
15353,41.1413
15354,39.6987
15355,39.048
15356,37.7022
15357,38.4851
15358,40.0976
15359,37.4832
15360,37.0409
15361,39.9607
15362,43.0472
15363,41.2149
15364,40.1382
15365,39.8044
15366,39.0003
15367,40.8665
15368,40.4919
15369,40.2105
15370,40.1912
15371,41.3785
15372,39.7752
15373,40.326
15374,41.535
15375,39.6786
15376,37.5009
15377,41.2019
15378,40.2308
15379,38.995
15380,40.4193
15381,37.9404
15382,38.9732
15383,42.6727
15384,40.0797
15385,37.6881
15386,39.0939
15387,40.5049
15388,40.36
15389,38.4399
15390,40.2763
15391,40.3884
15392,37.8641
15393,40.6986
15394,42.3657
15395,40.4664
15396,40.0731
15397,37.5794
15398,36.8516
15399,38.6689
15400,41.1101
15401,41.4809
15402,42.7593
15403,35.5703
15404,39.2221
15405,40.3717
15406,37.8632
15407,39.5797
15408,36.65
15409,40.7258
15410,38.1487
15411,40.1182
15412,41.2641
15413,39.7005
15414,38.696
15415,37.5257
15416,34.8555
15417,43.8211
15418,41.0655
15419,42.2887
15420,39.7431
15421,37.8638
15422,37.7108
15423,32.9277
15424,40.7879
15425,40.2267
15426,42.856
15427,38.6462
15428,43.5004
15429,39.2778
15430,42.0331
15431,39.5156
15432,38.3035
15433,38.7591
15434,41.7637
15435,38.1193
15436,39.0109
15437,40.3996
15438,38.8821
15439,40.0414
15440,40.8478
15441,40.5956
15442,39.4205
15443,39.723
15444,37.3263
15445,38.064
15446,42.8001
15447,39.3194
15448,37.1365
15449,38.5769
15450,36.7875
15451,41.1763
15452,40.0808
15453,37.984
15454,41.6726
15455,35.9643
15456,40.3423
15457,40.6312
15458,37.3106
15459,35.8014
15460,36.5641
15461,37.8196
15462,41.937
15463,40.6035
15464,37.2642
15465,40.7941
15466,37.813
15467,39.5007
15468,42.6571
15469,42.2652
15470,39.7629
15471,39.0402
15472,35.6221
15473,39.623
15474,40.4422
15475,42.2471
15476,38.0579
15477,42.0213
15478,41.0026
15479,42.664
15480,41.8418
15481,41.0939
15482,36.4398
15483,40.3213
15484,38.4182
15485,39.5525
15486,38.9753
15487,42.551
15488,40.4778
15489,43.42
15490,39.9717
15491,38.6325
15492,40.2576
15493,38.7645
15494,43.9262
15495,41.6417
15496,40.1022
15497,37.313
15498,38.8373
15499,38.1794
15500,41.2448
15501,40.9302
15502,40.9286
15503,38.0449
15504,39.9472
15505,39.0075
15506,39.0395
15507,38.0376
15508,40.3792
15509,42.1673
15510,39.5896
15511,42.619
15512,40.7646
15513,39.2272
15514,38.1916
15515,41.1681
15516,39.3926
15517,36.8229
15518,38.54
15519,40.6058
15520,40.3379
15521,41.3382
15522,40.6479
15523,41.9363
15524,41.5802
15525,39.5096
15526,39.9171
15527,39.2538
15528,39.6607
15529,41.2562
15530,38.7273
15531,39.7139
15532,43.1397
15533,37.4621
15534,41.99
15535,39.2343
15536,40.8733
15537,41.4857
15538,40.0073
15539,38.3061
15540,39.0032
15541,41.0513
15542,39.795
15543,42.9285
15544,44.7634
15545,41.8715
15546,37.5563
15547,37.758
15548,39.7933
15549,39.4648
15550,39.9301
15551,40.8374
15552,44.035
15553,42.2192
15554,41.8591
15555,40.8197
15556,40.1968
15557,45.1513
15558,38.0669
15559,39.2481
15560,39.178
15561,39.9815
15562,40.6723
15563,40.3814
15564,40.3669
15565,38.473
15566,41.2031
15567,38.6489
15568,41.4738
15569,40.856
15570,41.5557
15571,38.4253
15572,37.7696
15573,42.9038
15574,41.1399
15575,37.5187
15576,41.2368
15577,40.3266
15578,39.0023
15579,35.531
15580,40.6721
15581,37.3314
15582,41.8903
15583,39.0418
15584,38.1836
15585,42.3459
15586,38.7514
15587,42.2305
15588,40.7424
15589,41.1233
15590,41.6093
15591,40.4464
15592,38.794
15593,41.7494
15594,38.8889
15595,41.4329
15596,40.8162
15597,40.4806
15598,38.7603
15599,38.931
15600,36.4304
15601,37.0662
15602,40.0238
15603,41.4346
15604,39.1634
15605,38.605
15606,39.7778
15607,38.739
15608,41.7165
15609,40.2611
15610,39.6033
15611,40.784
15612,35.4572
15613,38.4814
15614,35.8492
15615,36.4593
15616,40.5614
15617,39.9969
15618,42.9718
15619,42.124
15620,38.3443
15621,37.5933
15622,39.4841
15623,36.7988
15624,40.2987
15625,40.6032
15626,41.2998
15627,40.081
15628,39.8549
15629,40.4874
15630,41.4076
15631,39.6103
15632,39.421
15633,42.353
15634,40.2036
15635,35.0488
15636,40.1209
15637,39.3037
15638,38.5078
15639,41.0225
15640,40.0223
15641,40.237
15642,36.9307
15643,40.5313
15644,37.7735
15645,40.993
15646,41.6134
15647,42.5911
15648,37.3058
15649,38.7148
15650,40.4317
15651,36.2482
15652,41.0757
15653,41.1454
15654,40.7674
15655,40.0383
15656,40.739
15657,37.4885
15658,38.1301
15659,35.2411
15660,40.0789
15661,39.5526
15662,40.4702
15663,39.5629
15664,42.2822
15665,41.7088
15666,40.8134
15667,35.4067
15668,41.1769
15669,38.1115
15670,38.2423
15671,41.9917
15672,39.0395
15673,40.0948
15674,40.3582
15675,37.3759
15676,39.6065
15677,42.9717
15678,41.8999
15679,39.9456
15680,40.3003
15681,37.8529
15682,40.0233
15683,41.6148
15684,39.7858
15685,39.688
15686,37.2604
15687,39.4798
15688,43.5828
15689,39.8841
15690,39.4662
15691,40.492
15692,40.3849
15693,39.4995
15694,40.6291
15695,38.2774
15696,41.5647
15697,40.5573
15698,37.8937
15699,40.1248
15700,40.5459
15701,43.5233
15702,43.4639
15703,39.6985
15704,41.1763
15705,39.9462
15706,41.6277
15707,38.0714
15708,43.2972
15709,41.4923
15710,40.5329
15711,41.935
15712,36.9735
15713,41.7194
15714,39.0255
15715,38.027
15716,38.856
15717,40.553
15718,42.1519
15719,37.2602
15720,43.9984
15721,38.4727
15722,39.5764
15723,44.1986
15724,37.7932
15725,39.1623
15726,42.3196
15727,36.3083
15728,41.1053
15729,37.0449
15730,39.8923
15731,36.1246
15732,38.169
15733,38.8528
15734,40.188
15735,41.3902
15736,43.5251
15737,43.0928
15738,40.1753
15739,39.6631
15740,36.0668
15741,38.1781
15742,38.7827
15743,38.9449
15744,38.5904
15745,40.8923
15746,42.2077
15747,39.4279
15748,41.621
15749,42.5142
15750,42.3371
15751,36.3392
15752,41.1475
15753,37.0231
15754,42.43
15755,38.1275
15756,39.4876
15757,38.8435
15758,38.5414
15759,38.182
15760,36.3159
15761,38.8164
15762,41.7041
15763,44.563
15764,39.9934
15765,39.0548
15766,41.1724
15767,43.69
15768,40.3355
15769,38.5786
15770,43.2805
15771,38.8481
15772,37.5408
15773,38.5147
15774,37.3066
15775,39.7218
15776,41.6149
15777,39.2043
15778,42.374
15779,39.5142
15780,42.5015
15781,37.9662
15782,39.3822
15783,42.0851
15784,41.8038
15785,35.9849
15786,41.3709
15787,43.0111
15788,42.0544
15789,40.4156
15790,40.1765
15791,39.3815
15792,38.235
15793,39.5473
15794,38.1947
15795,40.1046
15796,38.052
15797,39.1228
15798,41.3577
15799,40.5199
15800,41.0019
15801,40.1707
15802,37.4556
15803,44.7836
15804,37.3184
15805,36.0358
15806,40.5108
15807,41.2589
15808,36.6132
15809,40.6833
15810,42.857
15811,39.9078
15812,41.7701
15813,39.9901
15814,38.3468
15815,41.7674
15816,36.2235
15817,40.2766
15818,41.1547
15819,45.2122
15820,38.0157
15821,41.5928
15822,42.0874
15823,42.1725
15824,42.4307
15825,37.6227
15826,38.7642
15827,38.0922
15828,39.3481
15829,38.2751
15830,40.559
15831,37.3143
15832,40.6461
15833,40.3239
15834,40.33
15835,39.6503
15836,39.7116
15837,42.4377
15838,37.9065
15839,42.0483
15840,45.2751
15841,40.3463
15842,39.8197
15843,41.7991
15844,40.0194
15845,38.4883
15846,40.2916
15847,38.4739
15848,38.1452
15849,38.0164
15850,38.5167
15851,40.909
15852,39.8752
15853,38.525
15854,36.0247
15855,38.7681
15856,40.849
15857,43.3375
15858,43.2681
15859,41.9035
15860,36.7605
15861,40.2811
15862,39.7174
15863,37.0367
15864,35.0718
15865,40.5668
15866,38.8308
15867,38.8404
15868,40.391
15869,45.5015
15870,40.8422
15871,40.5097
15872,37.3552
15873,40.1964
15874,38.7752
15875,42.6064
15876,41.3028
15877,42.043
15878,38.886
15879,36.2039
15880,38.1054
15881,37.9012
15882,41.9688
15883,39.0362
15884,38.4131
15885,35.717
15886,41.5026
15887,38.9027
15888,40.024
15889,41.1209
15890,37.6345
15891,40.8234
15892,42.6444
15893,42.2294
15894,41.2608
15895,39.0628
15896,39.3256
15897,40.8069
15898,46.0274
15899,42.7442
15900,41.4161
15901,40.0345
15902,41.2861
15903,41.7538
15904,40.3899
15905,38.1337
15906,41.6018
15907,39.4648
15908,38.4642
15909,42.2698
15910,43.5413
15911,40.4012
15912,41.0636
15913,41.2052
15914,40.0286
15915,38.6395
15916,42.5662
15917,40.1358
15918,39.9778
15919,40.6966
15920,38.0875
15921,36.2001
15922,40.976
15923,44.7061
15924,40.7698
15925,41.2719
15926,38.3728
15927,42.2504
15928,39.3144
15929,35.4674
15930,38.7065
15931,42.496
15932,40.3518
15933,40.7225
15934,40.7819
15935,45.3088
15936,38.1611
15937,41.1724
15938,37.0748
15939,38.6071
15940,38.9235
15941,42.8033
15942,42.7191
15943,39.6366
15944,39.0192
15945,43.4655
15946,40.0561
15947,41.6017
15948,38.5393
15949,39.2471
15950,40.0838
15951,38.4856
15952,39.3034
15953,38.4906
15954,42.6491
15955,41.3945
15956,38.7064
15957,37.8372
15958,40.1595
15959,37.2877
15960,36.8171
15961,38.638
15962,39.7967
15963,40.2324
15964,41.256
15965,40.5485
15966,40.5798
15967,40.3164
15968,41.3172
15969,37.9992
15970,42.6058
15971,40.9244
15972,38.1015
15973,36.2071
15974,36.5645
15975,41.6056
15976,35.0403
15977,40.0772
15978,41.844
15979,36.8372
15980,38.624
15981,39.1227
15982,39.3581
15983,39.8285
15984,43.9509
15985,40.0201
15986,39.6628
15987,37.5626
15988,36.5187
15989,39.769
15990,43.1255
15991,41.4084
15992,39.7399
15993,38.4996
15994,40.8871
15995,44.558
15996,37.8307
15997,40.2398
15998,41.2624
15999,42.423
16000,40.3778
16001,39.8994
16002,40.5358
16003,42.8106
16004,42.2586
16005,37.9816
16006,41.6884
16007,40.2162
16008,42.338
16009,38.9929
16010,39.4737
16011,38.7035
16012,40.6994
16013,39.0807
16014,34.7837
16015,37.4009
16016,38.5587
16017,42.0202
16018,39.0871
16019,39.0609
16020,40.2964
16021,37.9667
16022,39.0042
16023,40.1283
16024,39.8992
16025,43.2963
16026,39.8271
16027,36.7108
16028,44.6334
16029,38.4889
16030,39.5097
16031,43.8283
16032,35.9168
16033,40.5266
16034,39.1254
16035,41.0773
16036,38.9579
16037,41.4207
16038,38.1021
16039,40.2042
16040,40.9013
16041,40.0868
16042,36.4179
16043,40.1763
16044,37.2911
16045,40.4221
16046,37.2055
16047,42.1895
16048,37.677
16049,41.1227
16050,40.8517
16051,41.2898
16052,38.3306
16053,41.27
16054,39.9308
16055,39.9125
16056,44.0358
16057,41.0451
16058,40.1593
16059,43.643
16060,37.027
16061,41.1061
16062,40.3403
16063,35.8182
16064,38.4192
16065,40.2299
16066,40.749
16067,33.6408
16068,37.7072
16069,41.1676
16070,36.5723
16071,41.6893
16072,34.5229
16073,42.0456
16074,40.3936
16075,41.6532
16076,43.1289
16077,39.6667
16078,36.3321
16079,39.2509
16080,41.1952
16081,40.5372
16082,40.2049
16083,39.7115
16084,42.885
16085,39.1426
16086,39.5782
16087,42.9542
16088,42.0753
16089,38.5135
16090,40.7348
16091,38.0504
16092,39.4674
16093,39.9838
16094,36.5124
16095,40.6154
16096,38.7404
16097,38.3554
16098,38.6177
16099,41.7595
16100,38.9431
16101,38.5404
16102,43.1411
16103,40.5995
16104,41.9139
16105,41.4173
16106,38.6962
16107,42.0363
16108,37.7998
16109,37.8405
16110,41.7965
16111,38.374
16112,41.7126
16113,38.9579
16114,37.4384
16115,38.0678
16116,39.2731
16117,41.1311
16118,39.504
16119,41.9197
16120,38.1195
16121,38.5447
16122,41.1505
16123,39.5465
16124,39.045
16125,40.7791
16126,40.9575
16127,41.4619
16128,42.0803
16129,42.0298
16130,39.7851
16131,40.4739
16132,39.137
16133,40.4245
16134,39.9929
16135,40.3445
16136,42.7214
16137,42.916
16138,42.9939
16139,41.5784
16140,39.8608
16141,38.3915
16142,39.4112
16143,39.3266
16144,42.2824
16145,39.3965
16146,43.9653
16147,43.8976
16148,38.1427
16149,39.2212
16150,37.9308
16151,41.3316
16152,39.2153
16153,39.7056
16154,40.3232
16155,38.2776
16156,38.719
16157,39.4423
16158,39.0311
16159,38.163
16160,40.6641
16161,44.3729
16162,39.8493
16163,46.2867
16164,39.1389
16165,39.9341
16166,37.2337
16167,43.6135
16168,40.9554
16169,42.7367
16170,41.2347
16171,43.8004
16172,38.4309
16173,39.828
16174,38.5248
16175,39.1527
16176,38.7686
16177,36.5649
16178,42.1677
16179,39.0438
16180,39.9354
16181,41.2432
16182,36.1259
16183,39.9561
16184,36.5336
16185,38.1819
16186,41.8452
16187,42.4979
16188,41.0786
16189,40.3354
16190,42.0904
16191,36.9601
16192,38.1794
16193,42.2596
16194,36.8244
16195,39.8104
16196,37.9611
16197,39.0618
16198,40.1925
16199,43.2298
16200,41.1437
16201,41.0305
16202,41.5935
16203,41.3134
16204,44.0158
16205,40.9007
16206,40.4879
16207,43.2637
16208,43.124
16209,40.9658
16210,44.4346
16211,40.759
16212,40.7772
16213,36.369
16214,40.4676
16215,38.7161
16216,39.2915
16217,39.3499
16218,40.709
16219,37.9118
16220,42.1129
16221,41.3709
16222,40.7913
16223,41.2111
16224,40.8378
16225,37.3804
16226,37.9886
16227,34.7225
16228,44.789
16229,41.0653
16230,40.8711
16231,38.6468
16232,38.4889
16233,39.8456
16234,38.7333
16235,39.2538
16236,41.8768
16237,37.6167
16238,37.3585
16239,40.8293
16240,39.5879
16241,41.3103
16242,44.3733
16243,40.6247
16244,41.0117
16245,41.0841
16246,37.3094
16247,41.1417
16248,38.0393
16249,40.7671
16250,39.0233
16251,39.4057
16252,37.394
16253,42.8348
16254,38.5738
16255,41.6003
16256,41.0906
16257,37.5956
16258,39.3229
16259,40.5718
16260,40.0918
16261,38.7845
16262,38.735
16263,41.352
16264,41.6151
16265,40.523
16266,38.207
16267,39.2566
16268,43.0046
16269,39.6585
16270,42.3139
16271,38.6364
16272,39.1157
16273,45.0095
16274,35.9137
16275,39.7571
16276,37.7249
16277,42.2604
16278,41.0036
16279,42.3328
16280,36.8042
16281,41.5803
16282,39.855
16283,44.1208
16284,38.9721
16285,42.697
16286,43.7795
16287,35.8709
16288,43.1757
16289,38.3853
16290,37.1398
16291,40.2717
16292,38.1385
16293,44.6703
16294,39.4661
16295,39.2857
16296,44.9528
16297,38.9488
16298,39.3553
16299,43.893
16300,42.4743
16301,35.3963
16302,39.5163
16303,40.3393
16304,39.7254
16305,41.5091
16306,39.0975
16307,40.9034
16308,33.7663
16309,39.05
16310,41.8354
16311,37.942
16312,44.4525
16313,38.9097
16314,44.4146
16315,41.4127
16316,35.7916
16317,41.2393
16318,41.7549
16319,43.4347
16320,41.0534
16321,39.6541
16322,44.0119
16323,43.2574
16324,39.5215
16325,37.1293
16326,39.1994
16327,40.8679
16328,42.5955
16329,37.9554
16330,39.3051
16331,41.397
16332,39.2534
16333,41.0113
16334,44.0396
16335,37.1708
16336,40.5156
16337,41.8553
16338,39.442
16339,41.7207
16340,40.3451
16341,39.3821
16342,38.6328
16343,40.4106
16344,42.1788
16345,43.2497
16346,40.403
16347,41.451
16348,43.1091
16349,40.1422
16350,41.1582
16351,42.2609
16352,41.9364
16353,41.7892
16354,41.2467
16355,36.504
16356,40.9612
16357,38.4311
16358,40.7207
16359,37.6274
16360,36.1333
16361,43.1183
16362,40.7007
16363,40.4147
16364,40.5625
16365,41.3564
16366,40.6826
16367,42.0225
16368,38.1169
16369,38.7774
16370,40.6745
16371,41.7464
16372,40.9946
16373,38.0104
16374,39.2576
16375,41.6293
16376,42.1929
16377,37.3925
16378,40.0682
16379,41.8276
16380,35.7365
16381,41.5751
16382,39.7983
16383,39.6107
16384,45.0524
16385,38.3168
16386,41.1302
16387,39.6524
16388,36.8778
16389,38.0192
16390,36.22
16391,39.5863
16392,39.6717
16393,36.4727
16394,40.9171
16395,41.3716
16396,39.8909
16397,42.077
16398,42.512
16399,41.9942
16400,38.2183
16401,39.6362
16402,41.5914
16403,39.0626
16404,37.5024
16405,40.9843
16406,41.9295
16407,38.8269
16408,39.0376
16409,42.1656
16410,37.3034
16411,44.4583
16412,38.9147
16413,39.3291
16414,38.499
16415,41.7137
16416,41.1931
16417,42.0205
16418,38.234
16419,37.7293
16420,43.538
16421,41.6273
16422,39.3902
16423,40.3169
16424,38.6867
16425,42.0892
16426,41.1605
16427,38.8403
16428,39.5753
16429,39.5812
16430,37.1586
16431,38.1542
16432,38.0046
16433,39.7333
16434,40.8416
16435,37.1964
16436,38.3031
16437,42.5658
16438,40.2549
16439,39.3782
16440,41.1477
16441,36.6212
16442,38.7615
16443,41.195
16444,41.2276
16445,42.625
16446,42.0245
16447,44.2645
16448,40.0809
16449,40.4152
16450,39.1733
16451,42.4643
16452,39.5878
16453,39.528
16454,39.1739
16455,43.87
16456,41.8261
16457,40.863
16458,38.6198
16459,41.126
16460,37.2668
16461,38.7732
16462,40.0041
16463,39.9773
16464,43.7731
16465,41.5587
16466,39.1622
16467,40.0412
16468,37.5822
16469,39.8188
16470,39.9814
16471,37.4214
16472,37.2381
16473,37.9192
16474,40.5855
16475,38.9814
16476,40.6809
16477,40.2915
16478,40.7626
16479,39.2764
16480,41.0337
16481,39.3005
16482,43.8067
16483,43.2326
16484,39.6694
16485,36.2256
16486,41.4004
16487,40.2392
16488,34.976
16489,40.5207
16490,39.6123
16491,35.2751
16492,38.9247
16493,36.158
16494,40.9919
16495,40.0995
16496,40.1506
16497,41.7984
16498,40.8898
16499,42.5222
16500,40.6299
16501,37.0553
16502,37.1711
16503,41.2921
16504,42.7401
16505,39.2158
16506,39.1033
16507,40.4689
16508,39.9222
16509,41.2595
16510,38.2655
16511,36.5224
16512,44.5463
16513,35.4785
16514,40.0549
16515,42.1189
16516,38.8017
16517,39.4197
16518,37.7256
16519,41.664
16520,37.7284
16521,40.9952
16522,38.9046
16523,41.2547
16524,39.1047
16525,39.9343
16526,39.537
16527,40.3897
16528,42.2891
16529,40.0085
16530,43.719
16531,36.9116
16532,37.142
16533,38.2829
16534,39.1832
16535,41.7745
16536,40.4065
16537,40.3816
16538,45.2027
16539,40.7876
16540,40.1361
16541,40.4041
16542,40.9448
16543,37.8583
16544,42.2725
16545,41.1761
16546,35.2079
16547,39.1344
16548,37.6207
16549,42.3695
16550,39.7706
16551,38.2805
16552,37.6066
16553,37.5006
16554,41.4682
16555,35.3428
16556,40.3531
16557,35.5689
16558,40.1471
16559,38.1034
16560,38.714
16561,36.9342
16562,43.0942
16563,42.2593
16564,38.4212
16565,38.9905
16566,42.1075
16567,43.3696
16568,41.7115
16569,38.107
16570,40.5403
16571,39.1033
16572,39.6088
16573,41.695
16574,41.9038
16575,40.9076
16576,42.0309
16577,40.7348
16578,39.3913
16579,42.7549
16580,38.6081
16581,37.5094
16582,41.121
16583,38.767
16584,42.0931
16585,39.8208
16586,39.0917
16587,34.8938
16588,39.1739
16589,41.2915
16590,40.3682
16591,37.3126
16592,39.2635
16593,40.8063
16594,37.5869
16595,37.1399
16596,41.4278
16597,41.3783
16598,40.5753
16599,42.4271
16600,39.774
16601,39.7047
16602,38.3805
16603,41.7287
16604,40.4797
16605,41.0423
16606,39.1539
16607,39.022
16608,38.7163
16609,40.097
16610,36.6621
16611,39.3656
16612,41.9183
16613,38.5979
16614,39.9992
16615,42.8518
16616,40.5872
16617,40.6883
16618,39.9702
16619,40.8769
16620,35.8217
16621,42.867
16622,36.2686
16623,38.2129
16624,40.4725
16625,39.8552
16626,38.6256
16627,37.8649
16628,39.6983
16629,37.5565
16630,36.0422
16631,39.8004
16632,41.6983
16633,42.0525
16634,38.6174
16635,38.666
16636,36.7181
16637,40.5674
16638,40.098
16639,38.574
16640,36.5104
16641,38.9187
16642,42.1921
16643,38.2735
16644,36.6205
16645,40.6276
16646,39.0823
16647,36.2894
16648,38.9983
16649,41.9575
16650,42.9224
16651,41.886
16652,40.756
16653,41.567
16654,40.6649
16655,36.2701
16656,36.6855
16657,39.652
16658,40.1379
16659,40.852
16660,37.9943
16661,41.7101
16662,39.1407
16663,35.8078
16664,43.2532
16665,39.7405
16666,43.4669
16667,39.3309
16668,40.1143
16669,39.6076
16670,41.5656
16671,39.7936
16672,40.3548
16673,43.6004
16674,40.3652
16675,43.0596
16676,40.2212
16677,40.1822
16678,37.7453
16679,40.2393
16680,39.9241
16681,41.0948
16682,39.4891
16683,38.1282
16684,41.8211
16685,40.1783
16686,37.8988
16687,38.3658
16688,41.0192
16689,41.1165
16690,43.1158
16691,43.0995
16692,43.36
16693,41.6091
16694,42.3657
16695,39.8608
16696,40.7403
16697,40.6477
16698,39.1767
16699,40.4369
16700,44.2871
16701,41.0293
16702,41.4956
16703,38.5409
16704,41.5032
16705,40.39
16706,40.0916
16707,42.4645
16708,36.8573
16709,42.6634
16710,40.3969
16711,39.5262
16712,42.1679
16713,39.2248
16714,40.7557
16715,42.2451
16716,40.1197
16717,41.0057
16718,39.8211
16719,39.4104
16720,38.3214
16721,40.8029
16722,37.9601
16723,41.6741
16724,38.6189
16725,41.559
16726,40.5152
16727,37.4637
16728,35.9237
16729,44.8943
16730,41.1448
16731,37.8887
16732,36.0752
16733,41.5081
16734,39.7695
16735,39.6168
16736,42.918
16737,38.8829
16738,42.944
16739,38.6652
16740,41.9569
16741,40.4819
16742,35.8522
16743,38.2985
16744,38.8115
16745,42.1568
16746,40.0639
16747,38.9135
16748,39.3062
16749,37.5173
16750,42.3111
16751,43.8746
16752,38.1186
16753,43.4389
16754,39.8086
16755,42.2815
16756,40.3485
16757,39.085
16758,42.3785
16759,38.1834
16760,37.7376
16761,37.8587
16762,37.0501
16763,39.4023
16764,42.3223
16765,37.3198
16766,37.7796
16767,37.192
16768,43.7199
16769,40.5836
16770,38.2418
16771,39.9825
16772,39.5327
16773,39.391
16774,38.9826
16775,39.3524
16776,39.7201
16777,36.9199
16778,39.8401
16779,39.857
16780,39.864
16781,41.9647
16782,43.4417
16783,42.788
16784,41.2658
16785,36.7589
16786,40.104
16787,42.5611
16788,41.6389
16789,38.0301
16790,40.0134
16791,40.2237
16792,39.8774
16793,38.617
16794,40.5431
16795,39.5301
16796,41.0002
16797,41.0374
16798,40.6263
16799,38.5873
16800,41.6667
16801,39.4344
16802,35.7586
16803,37.9248
16804,42.9994
16805,38.1706
16806,40.5564
16807,41.3478
16808,36.9317
16809,39.6973
16810,39.2454
16811,38.6332
16812,42.4362
16813,41.1426
16814,43.27
16815,40.2827
16816,39.2363
16817,41.2747
16818,39.2959
16819,41.9341
16820,37.5325
16821,34.2804
16822,40.0592
16823,37.2181
16824,39.7396
16825,41.8712
16826,42.2708
16827,40.2828
16828,38.0028
16829,36.8007
16830,38.6007
16831,39.1684
16832,41.62
16833,38.3646
16834,37.4031
16835,39.6809
16836,42.5797
16837,43.3276
16838,43.2111
16839,39.9092
16840,39.7828
16841,38.4693
16842,40.6979
16843,42.5765
16844,39.0095
16845,41.0359
16846,41.3826
16847,39.5623
16848,40.4315
16849,41.2826
16850,43.9443
16851,39.7807
16852,36.7872
16853,43.1761
16854,40.4089
16855,40.5392
16856,39.4358
16857,40.0881
16858,39.0198
16859,39.6971
16860,38.6845
16861,41.6517
16862,41.2475
16863,40.198
16864,38.9977
16865,39.0298
16866,39.4232
16867,45.0398
16868,40.4268
16869,40.1967
16870,38.8826
16871,36.9103
16872,39.9552
16873,41.8225
16874,39.2211
16875,41.1882
16876,38.3082
16877,40.7336
16878,41.63
16879,37.4698
16880,41.2789
16881,37.746
16882,37.9148
16883,42.3377
16884,40.7743
16885,38.555
16886,39.6886
16887,40.8202
16888,43.5303
16889,37.4743
16890,42.5126
16891,37.9677
16892,39.9845
16893,39.4167
16894,41.544
16895,36.2838
16896,40.6491
16897,39.425
16898,39.8365
16899,39.8048
16900,43.6361
16901,38.8984
16902,39.7739
16903,39.5916
16904,41.6483
16905,42.8949
16906,42.8202
16907,39.6629
16908,39.1899
16909,41.4582
16910,41.8498
16911,42.5055
16912,39.2081
16913,38.7274
16914,40.6506
16915,39.1917
16916,40.4589
16917,37.4581
16918,42.5007
16919,38.9619
16920,41.6285
16921,38.1584
16922,40.3304
16923,41.8461
16924,38.4304
16925,40.8721
16926,40.7005
16927,39.9659
16928,41.6918
16929,40.1461
16930,38.7158
16931,41.2691
16932,35.5527
16933,43.5275
16934,41.2547
16935,40.6621
16936,40.4467
16937,40.5101
16938,40.5917
16939,38.2649
16940,37.5285
16941,41.2131
16942,42.0271
16943,42.4544
16944,37.3517
16945,42.5567
16946,39.4217
16947,38.7812
16948,41.1562
16949,40.3478
16950,39.6985
16951,40.3157
16952,38.2616
16953,41.2322
16954,36.6613
16955,38.4836
16956,38.0853
16957,36.1985
16958,41.658
16959,41.2021
16960,41.5962
16961,39.5802
16962,42.4375
16963,43.4128
16964,40.1448
16965,39.5669
16966,41.9466
16967,44.6541
16968,40.1485
16969,42.4977
16970,39.501
16971,39.4058
16972,40.1607
16973,40.1303
16974,34.5075
16975,40.8535
16976,44.8006
16977,37.989
16978,39.5062
16979,38.0758
16980,39.299
16981,38.599
16982,38.1244
16983,39.2077
16984,39.6767
16985,38.5365
16986,39.6222
16987,40.0569
16988,37.6959
16989,39.5893
16990,40.8497
16991,40.7644
16992,37.7252
16993,40.6263
16994,42.1708
16995,37.8604
16996,41.1858
16997,38.3888
16998,41.5366
16999,38.0964
17000,39.6457
17001,38.2385
17002,43.1979
17003,38.8227
17004,39.6935
17005,42.0031
17006,41.8672
17007,39.9033
17008,37.3152
17009,41.3165
17010,43.0539
17011,40.6605
17012,38.1835
17013,40.1121
17014,38.8562
17015,41.1924
17016,37.341
17017,34.5746
17018,46.6192
17019,41.6019
17020,38.4898
17021,34.531
17022,37.9823
17023,39.9384
17024,41.368
17025,43.3684
17026,41.9154
17027,38.8213
17028,41.6196
17029,39.7356
17030,42.8656
17031,39.6404
17032,39.9901
17033,40.8572
17034,34.7166
17035,40.2393
17036,37.8028
17037,37.6428
17038,44.0184
17039,44.0314
17040,40.2567
17041,44.9427
17042,40.5437
17043,39.8325
17044,42.8184
17045,43.6331
17046,40.8523
17047,41.0818
17048,38.1717
17049,40.6468
17050,35.8731
17051,39.2614
17052,39.3388
17053,34.1768
17054,39.2881
17055,38.3115
17056,43.4513
17057,41.9222
17058,39.5931
17059,41.5577
17060,36.7864
17061,37.8042
17062,38.8559
17063,40.643
17064,38.6354
17065,38.5526
17066,40.5591
17067,41.5398
17068,38.7223
17069,44.1149
17070,40.2386
17071,38.5364
17072,40.311
17073,42.363
17074,43.9477
17075,40.9547
17076,39.562
17077,44.6059
17078,38.0922
17079,43.3202
17080,39.9432
17081,39.2424
17082,39.1749
17083,41.1008
17084,36.8417
17085,39.9228
17086,35.7436
17087,38.6659
17088,39.313
17089,40.3947
17090,40.9306
17091,41.016
17092,40.4786
17093,38.2995
17094,37.9737
17095,39.6299
17096,41.5449
17097,42.2983
17098,38.3622
17099,39.8875
17100,37.8481
17101,41.6452
17102,37.3289
17103,39.1618
17104,41.2312
17105,38.4748
17106,42.5901
17107,41.2726
17108,37.959
17109,39.2727
17110,41.1122
17111,38.6468
17112,41.7297
17113,39.8625
17114,37.0322
17115,40.0273
17116,41.2255
17117,39.6944
17118,40.1756
17119,40.7854
17120,39.6837
17121,38.8933
17122,39.6303
17123,37.6389
17124,40.2175
17125,39.5065
17126,42.7446
17127,40.7247
17128,40.2403
17129,41.2165
17130,38.1499
17131,40.3445
17132,39.7476
17133,39.3194
17134,40.665
17135,40.696
17136,43.0056
17137,42.7443
17138,41.0797
17139,40.2967
17140,40.7188
17141,41.0931
17142,37.95
17143,40.3484
17144,40.2705
17145,41.1367
17146,38.7928
17147,42.4088
17148,40.9751
17149,36.3987
17150,41.3445
17151,42.7822
17152,41.241
17153,41.5722
17154,36.9916
17155,39.7001
17156,40.6041
17157,37.5298
17158,32.3967
17159,39.0408
17160,38.2531
17161,41.4854
17162,40.7977
17163,38.5505
17164,38.3568
17165,42.6705
17166,40.2264
17167,40.9013
17168,43.998
17169,40.965
17170,38.6923
17171,38.3659
17172,42.4532
17173,40.9228
17174,39.248
17175,41.2484
17176,38.9192
17177,38.0141
17178,39.0964
17179,44.585
17180,44.075
17181,43.3676
17182,40.4087
17183,38.1069
17184,40.3781
17185,39.838
17186,39.8747
17187,37.1446
17188,39.6009
17189,44.4656
17190,37.3224
17191,37.1232
17192,40.9759
17193,44.3144
17194,37.2134
17195,43.0285
17196,40.4159
17197,38.6825
17198,41.2952
17199,38.369
17200,39.4453
17201,36.9285
17202,37.3041
17203,40.9219
17204,38.3646
17205,38.5134
17206,39.316
17207,39.3924
17208,40.0899
17209,38.6678
17210,36.9701
17211,42.0561
17212,39.4942
17213,40.8385
17214,40.2902
17215,41.0793
17216,43.4635
17217,39.7581
17218,36.9616
17219,43.1645
17220,44.6247
17221,41.4145
17222,37.6776
17223,39.543
17224,43.4994
17225,42.7325
17226,43.1368
17227,39.4268
17228,37.1056
17229,39.5885
17230,36.4968
17231,40.7599
17232,34.6775
17233,38.8102
17234,44.1689
17235,40.2995
17236,41.7823
17237,42.706
17238,39.992
17239,42.7809
17240,41.4085
17241,42.0065
17242,39.6832
17243,37.9035
17244,39.4407
17245,38.973
17246,40.4885
17247,39.2753
17248,44.8589
17249,39.2786
17250,38.5536
17251,44.4983
17252,39.901
17253,41.259
17254,41.1117
17255,38.6918
17256,39.2079
17257,42.6065
17258,40.5516
17259,38.2579
17260,39.4189
17261,40.0438
17262,41.3105
17263,40.7718
17264,37.7228
17265,38.728
17266,40.2598
17267,33.0956
17268,43.0131
17269,43.0731
17270,38.7642
17271,41.8441
17272,36.016
17273,40.5381
17274,40.1433
17275,41.3379
17276,39.5328
17277,35.8747
17278,38.3895
17279,38.2069
17280,40.1939
17281,39.57
17282,37.7361
17283,41.4674
17284,37.5619
17285,40.895
17286,37.8438
17287,36.067
17288,36.9213
17289,41.5626
17290,43.3718
17291,38.7092
17292,39.763
17293,35.2217
17294,38.9858
17295,39.0049
17296,43.4777
17297,35.5885
17298,40.7475
17299,35.3668
17300,38.4431
17301,40.6183
17302,39.8579
17303,40.9935
17304,39.9565
17305,39.79
17306,39.441
17307,36.7515
17308,39.189
17309,39.0365
17310,38.9644
17311,37.7862
17312,40.133
17313,37.6842
17314,43.8974
17315,37.1639
17316,39.1722
17317,40.1778
17318,37.1848
17319,39.0179
17320,36.6392
17321,38.6127
17322,40.0624
17323,39.4031
17324,42.053
17325,41.7812
17326,40.0898
17327,39.8395
17328,43.2643
17329,35.6417
17330,39.7431
17331,39.5794
17332,34.546
17333,43.0739
17334,38.1865
17335,41.0333
17336,37.1187
17337,40.8775
17338,40.0414
17339,40.281
17340,41.9975
17341,42.212
17342,40.3234
17343,39.764
17344,38.3201
17345,40.4282
17346,39.8477
17347,36.8001
17348,36.6276
17349,38.9037
17350,39.2984
17351,40.7782
17352,37.4732
17353,34.7028
17354,39.584
17355,37.491
17356,38.3564
17357,36.6791
17358,40.4645
17359,38.1239
17360,40.5435
17361,40.5954
17362,38.5066
17363,37.9163
17364,42.9486
17365,42.3569
17366,40.73
17367,37.0973
17368,42.2934
17369,45.4802
17370,39.2168
17371,43.8548
17372,45.0015
17373,39.1581
17374,38.9239
17375,40.0212
17376,39.8525
17377,38.8629
17378,37.7748
17379,40.2671
17380,41.2395
17381,41.3029
17382,40.0531
17383,41.8181
17384,38.2002
17385,42.0456
17386,40.5265
17387,41.3925
17388,40.7877
17389,42.6295
17390,39.5423
17391,41.4841
17392,39.0656
17393,40.0587
17394,44.3267
17395,38.5768
17396,39.6158
17397,40.6074
17398,35.655
17399,40.3311
17400,39.9495
17401,40.4792
17402,41.5779
17403,41.9037
17404,38.2238
17405,42.9685
17406,40.1336
17407,42.6668
17408,35.6996
17409,38.8948
17410,39.801
17411,37.4259
17412,36.7737
17413,39.8034
17414,38.2164
17415,42.1986
17416,40.4334
17417,41.8648
17418,39.6183
17419,45.0007
17420,39.9281
17421,38.1881
17422,40.2101
17423,41.8232
17424,40.9261
17425,42.5294
17426,40.9869
17427,39.9998
17428,41.1296
17429,40.9088
17430,39.3899
17431,37.505
17432,41.9421
17433,44.0814
17434,40.512
17435,43.7303
17436,39.7045
17437,38.928
17438,39.7618
17439,36.2952
17440,37.5172
17441,41.5614
17442,38.4095
17443,41.5752
17444,38.7665
17445,42.8886
17446,38.2294
17447,38.2689
17448,38.0884
17449,41.1497
17450,39.6955
17451,40.7299
17452,37.8275
17453,37.2046
17454,40.4259
17455,39.8994
17456,41.5896
17457,40.2707
17458,37.0897
17459,38.3582
17460,38.6183
17461,40.8441
17462,39.8738
17463,42.4509
17464,43.9932
17465,39.407
17466,40.2903
17467,35.8445
17468,39.5998
17469,37.1366
17470,38.5935
17471,39.2141
17472,36.3775
17473,39.8406
17474,40.7778
17475,42.7791
17476,43.5851
17477,37.351
17478,38.4445
17479,39.9182
17480,39.3271
17481,36.8121
17482,39.9604
17483,38.1016
17484,42.1997
17485,40.1169
17486,37.7852
17487,40.8328
17488,41.538
17489,36.4424
17490,38.6989
17491,41.9748
17492,43.2379
17493,39.308
17494,40.1106
17495,41.0268
17496,42.8527
17497,39.8994
17498,41.3942
17499,38.1203
17500,38.6304
17501,38.6361
17502,41.2497
17503,36.3289
17504,38.5174
17505,39.3793
17506,39.8016
17507,38.7475
17508,38.4764
17509,41.1733
17510,40.3578
17511,40.4765
17512,35.9392
17513,40.7901
17514,41.4435
17515,40.7024
17516,37.9419
17517,41.3017
17518,42.9744
17519,37.2887
17520,40.2522
17521,42.1717
17522,35.5331
17523,37.9698
17524,37.5942
17525,41.1332
17526,45.9312
17527,40.7596
17528,37.307
17529,42.6274
17530,43.2031
17531,37.4673
17532,41.5116
17533,40.3613
17534,40.1254
17535,39.6838
17536,38.9361
17537,40.1693
17538,39.5048
17539,40.8733
17540,38.3654
17541,38.613
17542,39.5749
17543,41.3023
17544,39.5685
17545,41.346
17546,42.4258
17547,41.1286
17548,39.4939
17549,39.9225
17550,37.5325
17551,41.817
17552,39.9642
17553,38.2352
17554,43.549
17555,42.0252
17556,43.9486
17557,38.2164
17558,41.235
17559,40.4947
17560,35.5974
17561,40.0088
17562,37.0022
17563,42.8906
17564,42.1998
17565,38.2602
17566,38.3356
17567,40.5831
17568,38.4975
17569,40.1586
17570,40.7778
17571,37.1013
17572,41.8753
17573,40.2996
17574,43.0624
17575,36.8349
17576,43.0057
17577,40.1907
17578,38.4416
17579,39.3352
17580,41.7049
17581,43.9797
17582,39.1161
17583,39.8571
17584,41.2466
17585,38.7431
17586,39.6803
17587,40.1397
17588,39.8435
17589,39.5779
17590,39.1804
17591,41.4774
17592,38.3711
17593,39.1734
17594,38.9356
17595,41.6704
17596,39.4712
17597,42.7035
17598,41.9584
17599,35.9678
17600,40.3369
17601,41.7284
17602,38.159
17603,37.5003
17604,39.0291
17605,42.0312
17606,40.7015
17607,39.5936
17608,39.1544
17609,40.3125
17610,39.364
17611,38.6076
17612,39.0838
17613,38.337
17614,40.8447
17615,39.4125
17616,40.0107
17617,43.3842
17618,41.4334
17619,41.0536
17620,43.8444
17621,40.5571
17622,39.4124
17623,39.3646
17624,41.5657
17625,43.0377
17626,38.8043
17627,40.7108
17628,41.2492
17629,40.7691
17630,37.0444
17631,38.0516
17632,41.9726
17633,42.867
17634,40.4429
17635,44.3521
17636,40.6335
17637,40.2219
17638,42.8691
17639,40.1443
17640,38.1726
17641,37.1693
17642,38.032
17643,40.8808
17644,39.7828
17645,39.2309
17646,39.7226
17647,41.5696
17648,40.1709
17649,41.8989
17650,35.7911
17651,39.0732
17652,42.9742
17653,37.5553
17654,38.0584
17655,37.8876
17656,37.4983
17657,41.8153
17658,41.1476
17659,39.8538
17660,37.4165
17661,39.2381
17662,40.3792
17663,39.6396
17664,37.3459
17665,43.7262
17666,41.1731
17667,37.7069
17668,40.0398
17669,39.8464
17670,38.5602
17671,40.3588
17672,38.5056
17673,39.1843
17674,38.4405
17675,43.3516
17676,40.6893
17677,41.4802
17678,38.2785
17679,40.5835
17680,41.6186
17681,39.8442
17682,38.1928
17683,41.4582
17684,45.2838
17685,41.8123
17686,38.1404
17687,38.421
17688,40.3486
17689,38.4236
17690,38.1698
17691,42.8624
17692,37.8313
17693,39.714
17694,39.8651
17695,40.1384
17696,40.1115
17697,37.7278
17698,40.7356
17699,39.0722
17700,42.5598
17701,36.0866
17702,40.4161
17703,41.1755
17704,42.7917
17705,42.0456
17706,39.9303
17707,38.5277
17708,36.0243
17709,40.9528
17710,41.3528
17711,39.7009
17712,37.9459
17713,41.25
17714,38.9494
17715,40.0538
17716,39.1723
17717,39.4051
17718,45.2761
17719,40.5139
17720,40.856
17721,36.274
17722,39.6113
17723,40.689
17724,39.5879
17725,37.1005
17726,41.7965
17727,39.4019
17728,37.9051
17729,41.5338
17730,38.8655
17731,43.7105
17732,39.187
17733,40.9635
17734,38.4232
17735,41.1546
17736,39.24
17737,40.0777
17738,38.7797
17739,39.49
17740,39.4945
17741,39.1575
17742,38.278
17743,40.9325
17744,37.6482
17745,40.6373
17746,42.237
17747,40.4426
17748,43.1311
17749,36.5429
17750,39.0467
17751,40.3801
17752,38.2908
17753,35.4017
17754,37.6128
17755,37.4855
17756,37.8474
17757,41.5632
17758,38.732
17759,44.4668
17760,38.1692
17761,39.448
17762,41.1839
17763,41.4853
17764,38.3381
17765,37.3619
17766,39.9786
17767,39.851
17768,39.1255
17769,40.0866
17770,36.0834
17771,40.9338
17772,37.3153
17773,40.1465
17774,36.3673
17775,41.4373
17776,41.308
17777,40.2599
17778,37.9558
17779,37.6863
17780,41.0871
17781,43.4162
17782,40.2065
17783,39.9336
17784,42.101
17785,41.1066
17786,39.0618
17787,39.8386
17788,40.3325
17789,42.4897
17790,44.4324
17791,37.1998
17792,40.4933
17793,39.1211
17794,44.2544
17795,38.0732
17796,38.93
17797,42.8847
17798,37.3236
17799,39.4958
17800,42.6713
17801,38.5452
17802,39.6739
17803,38.6082
17804,38.8632
17805,39.2464
17806,42.2996
17807,38.6325
17808,42.6613
17809,40.9623
17810,36.7985
17811,41.1692
17812,39.4802
17813,40.8668
17814,40.4832
17815,37.0031
17816,38.7257
17817,42.5713
17818,39.1618
17819,39.9003
17820,38.5237
17821,40.3985
17822,41.1841
17823,38.5415
17824,41.4488
17825,39.3101
17826,41.9283
17827,41.9596
17828,41.4223
17829,42.1728
17830,39.9756
17831,42.3454
17832,40.4364
17833,40.4178
17834,41.8603
17835,39.9175
17836,40.1907
17837,41.7775
17838,39.313
17839,40.4217
17840,39.2459
17841,40.5901
17842,40.4875
17843,37.8112
17844,44.3141
17845,39.7284
17846,41.5479
17847,43.6544
17848,40.0815
17849,38.9565
17850,36.9846
17851,39.8624
17852,42.5338
17853,38.7345
17854,39.4543
17855,40.7545
17856,41.6458
17857,39.775
17858,42.6444
17859,42.9044
17860,33.5702
17861,38.6588
17862,40.5471
17863,42.0008
17864,36.6463
17865,37.313
17866,37.8141
17867,37.5369
17868,39.542
17869,40.5935
17870,40.4126
17871,40.5912
17872,41.9166
17873,35.6285
17874,39.273
17875,42.3566
17876,35.8525
17877,37.0553
17878,38.3753
17879,42.3197
17880,40.2008
17881,44.6438
17882,41.0481
17883,36.8122
17884,40.2523
17885,42.5245
17886,41.6634
17887,39.545
17888,41.8757
17889,40.5179
17890,38.0749
17891,42.9858
17892,39.7588
17893,40.3804
17894,40.0577
17895,41.019
17896,41.2844
17897,39.099
17898,38.3245
17899,36.0395
17900,41.4744
17901,39.3761
17902,37.0027
17903,38.8429
17904,39.3112
17905,39.3403
17906,40.6328
17907,45.1926
17908,41.8484
17909,37.785
17910,39.7995
17911,44.0362
17912,42.3569
17913,37.4535
17914,37.9899
17915,41.9618
17916,39.2051
17917,37.6585
17918,36.7762
17919,38.0429
17920,41.1033
17921,38.9568
17922,40.8782
17923,36.6955
17924,39.5515
17925,39.0073
17926,45.8447
17927,41.155
17928,41.9555
17929,39.8255
17930,39.0364
17931,39.6881
17932,39.3174
17933,43.4766
17934,34.8356
17935,38.1201
17936,39.7307
17937,39.9089
17938,39.4103
17939,35.3198
17940,42.7185
17941,38.6728
17942,39.2386
17943,39.5712
17944,40.8996
17945,39.9319
17946,38.5463
17947,38.8854
17948,45.3717
17949,41.1267
17950,39.9792
17951,39.0284
17952,38.008
17953,37.4404
17954,40.8936
17955,39.9865
17956,40.4205
17957,35.379
17958,40.6383
17959,37.4133
17960,40.2977
17961,40.2196
17962,43.1331
17963,40.5946
17964,38.0779
17965,41.4123
17966,39.798
17967,41.3394
17968,40.946
17969,39.7435
17970,41.4232
17971,41.1807
17972,35.5367
17973,40.9491
17974,41.1934
17975,42.0511
17976,44.1336
17977,38.8624
17978,36.5498
17979,40.5014
17980,42.4435
17981,43.7663
17982,37.6201
17983,38.0193
17984,40.5576
17985,39.383
17986,39.2028
17987,41.8767
17988,42.4968
17989,41.6144
17990,40.387
17991,38.7976
17992,37.1334
17993,41.7455
17994,44.5629
17995,40.6884
17996,36.7526
17997,41.9368
17998,38.8865
17999,39.8406
18000,40.4379
18001,42.6079
18002,43.8223
18003,41.6045
18004,40.6954
18005,40.6695
18006,40.2512
18007,38.8095
18008,39.5566
18009,41.9183
18010,43.7177
18011,38.4247
18012,39.9833
18013,37.601
18014,38.8011
18015,37.9512
18016,40.6391
18017,40.2228
18018,39.3776
18019,39.6154
18020,37.6217
18021,40.2694
18022,39.2896
18023,40.5158
18024,39.1036
18025,41.3782
18026,42.0637
18027,41.0559
18028,37.5193
18029,40.4896
18030,38.375
18031,43.517
18032,38.4065
18033,42.0727
18034,40.5295
18035,39.3373
18036,35.7112
18037,41.3364
18038,42.2235
18039,41.4207
18040,39.1583
18041,40.9154
18042,40.0784
18043,41.1438
18044,40.6064
18045,40.0208
18046,39.9009
18047,36.9053
18048,38.9268
18049,45.614
18050,40.5724
18051,43.5038
18052,37.7341
18053,37.5732
18054,39.4234
18055,40.1645
18056,37.7946
18057,41.5945
18058,40.1732
18059,43.9902
18060,41.0265
18061,39.8774
18062,37.5012
18063,40.5974
18064,40.7001
18065,42.1876
18066,37.6956
18067,42.0418
18068,41.4318
18069,39.2618
18070,38.7867
18071,40.4341
18072,43.3948
18073,40.4172
18074,39.7923
18075,37.248
18076,41.0203
18077,38.4343
18078,45.1322
18079,38.4402
18080,41.6437
18081,38.9449
18082,41.3748
18083,38.9902
18084,43.0132
18085,40.6129
18086,39.8682
18087,43.4011
18088,39.8998
18089,40.0388
18090,43.0213
18091,43.9902
18092,39.1146
18093,39.0498
18094,39.9455
18095,40.3983
18096,41.3024
18097,38.0589
18098,39.4505
18099,38.6631
18100,38.8171
18101,38.6309
18102,38.4391
18103,38.2539
18104,41.4673
18105,43.7105
18106,38.8564
18107,37.3032
18108,40.9227
18109,41.6086
18110,39.4969
18111,43.4091
18112,37.6643
18113,36.2389
18114,41.5462
18115,36.3847
18116,40.73
18117,40.1468
18118,40.7331
18119,40.4399
18120,42.5329
18121,36.6083
18122,38.6096
18123,41.1571
18124,41.2294
18125,41.3746
18126,40.7235
18127,36.5275
18128,45.2289
18129,39.2254
18130,36.6656
18131,39.1622
18132,39.0645
18133,38.7376
18134,38.0255
18135,42.1214
18136,36.3114
18137,39.4127
18138,40.9451
18139,40.7202
18140,42.0035
18141,42.4692
18142,45.0572
18143,41.4728
18144,37.9461
18145,42.5734
18146,37.4602
18147,42.1233
18148,40.6719
18149,37.7364
18150,35.7482
18151,38.2733
18152,38.993
18153,42.5166
18154,40.6893
18155,36.0606
18156,38.9213
18157,43.0941
18158,40.5468
18159,39.5704
18160,42.6783
18161,38.2472
18162,42.2848
18163,40.6554
18164,41.2061
18165,40.0838
18166,43.0301
18167,39.6482
18168,39.549
18169,41.5573
18170,38.3482
18171,40.9318
18172,41.9639
18173,39.3652
18174,39.4639
18175,40.0395
18176,40.5261
18177,44.2909
18178,40.2356
18179,40.1378
18180,39.3221
18181,41.2179
18182,39.1622
18183,41.3505
18184,38.8679
18185,41.7248
18186,40.9546
18187,41.5536
18188,40.1279
18189,41.421
18190,41.1157
18191,40.8438
18192,39.3038
18193,43.801
18194,36.4007
18195,38.6688
18196,39.9583
18197,38.8517
18198,37.5403
18199,39.1688
18200,38.0082
18201,43.9396
18202,39.2227
18203,39.7259
18204,40.1595
18205,37.875
18206,44.4363
18207,43.4069
18208,38.481
18209,41.029
18210,38.8411
18211,37.7594
18212,42.5144
18213,41.5222
18214,36.776
18215,39.3277
18216,41.6692
18217,38.1662
18218,44.1032
18219,42.5429
18220,38.9654
18221,41.7905
18222,38.5276
18223,38.0445
18224,34.7264
18225,43.3852
18226,38.8106
18227,39.6503
18228,37.3889
18229,45.2844
18230,39.2308
18231,40.4357
18232,44.0263
18233,39.6902
18234,38.6721
18235,41.5233
18236,37.9281
18237,33.5426
18238,38.3423
18239,35.2832
18240,36.5035
18241,39.5626
18242,42.0704
18243,38.6868
18244,42.1622
18245,39.5529
18246,40.9893
18247,38.1889
18248,37.7715
18249,40.7103
18250,40.504
18251,40.3163
18252,42.1516
18253,41.9427
18254,39.8459
18255,37.3
18256,40.5261
18257,41.1559
18258,40.99
18259,41.8169
18260,42.4692
18261,39.7888
18262,37.934
18263,41.8097
18264,39.5072
18265,43.1308
18266,39.6202
18267,38.6478
18268,41.629
18269,42.557
18270,41.4619
18271,42.1042
18272,42.4793
18273,36.9904
18274,37.3818
18275,40.1803
18276,38.0968
18277,40.3606
18278,39.8353
18279,44.3977
18280,41.4626
18281,40.3266
18282,40.4039
18283,42.43
18284,41.2015
18285,40.5041
18286,41.3753
18287,42.0711
18288,43.2563
18289,44.1934
18290,41.3058
18291,39.2762
18292,40.5591
18293,39.1033
18294,39.9789
18295,38.3337
18296,42.2407
18297,40.3288
18298,38.4842
18299,39.2149
18300,38.002
18301,40.0779
18302,43.5364
18303,39.7624
18304,41.0371
18305,41.0176
18306,38.025
18307,34.5099
18308,37.6604
18309,35.2179
18310,38.9608
18311,37.8554
18312,39.7351
18313,38.7917
18314,43.5268
18315,40.455
18316,37.4133
18317,43.6233
18318,38.6266
18319,41.4496
18320,39.2267
18321,39.8031
18322,38.7611
18323,41.7747
18324,43.6414
18325,40.4801
18326,40.2908
18327,39.7977
18328,37.5298
18329,41.1559
18330,39.1816
18331,43.2272
18332,39.8003
18333,38.0549
18334,40.6988
18335,41.0065
18336,41.1166
18337,40.7129
18338,39.7594
18339,41.2174
18340,39.3238
18341,41.6107
18342,38.7701
18343,40.7013
18344,36.1846
18345,38.2011
18346,38.5852
18347,41.7341
18348,41.6387
18349,40.1162
18350,43.9569
18351,43.4365
18352,40.0234
18353,38.7387
18354,38.775
18355,36.1899
18356,38.6377
18357,36.6596
18358,42.1183
18359,41.6377
18360,37.5417
18361,42.9859
18362,42.2142
18363,36.9219
18364,38.2089
18365,38.8426
18366,42.3777
18367,37.6854
18368,43.2099
18369,38.4958
18370,40.2025
18371,40.5487
18372,36.7686
18373,38.2515
18374,40.1206
18375,40.7784
18376,37.735
18377,32.8578
18378,41.0115
18379,36.6003
18380,35.4366
18381,41.4741
18382,36.7725
18383,37.2261
18384,35.8755
18385,41.5848
18386,37.8267
18387,43.2417
18388,38.8321
18389,37.7024
18390,41.343
18391,40.2279
18392,38.8901
18393,40.9387
18394,39.1511
18395,38.4895
18396,43.8192
18397,37.6486
18398,36.5413
18399,39.8715
18400,39.268
18401,39.2279
18402,41.2735
18403,37.589
18404,41.8458
18405,41.8401
18406,40.3336
18407,40.8768
18408,36.8012
18409,40.0275
18410,38.9213
18411,39.1348
18412,38.23
18413,42.022
18414,41.7044
18415,41.839
18416,36.7544
18417,43.7741
18418,40.0015
18419,39.8974
18420,38.8637
18421,40.6189
18422,36.3883
18423,38.1157
18424,39.7166
18425,43.6759
18426,42.0454
18427,38.9432
18428,41.6691
18429,38.4475
18430,40.4063
18431,39.3522
18432,41.1573
18433,42.3698
18434,39.7093
18435,38.8419
18436,39.3983
18437,37.5059
18438,39.7995
18439,42.9087
18440,42.7356
18441,40.5542
18442,37.2716
18443,44.5024
18444,40.5922
18445,39.2381
18446,38.773
18447,41.4524
18448,38.0978
18449,41.1362
18450,41.0825
18451,40.0844
18452,36.8527
18453,38.9531
18454,40.1278
18455,39.9211
18456,37.0744
18457,40.1782
18458,41.9479
18459,40.0101
18460,41.5714
18461,41.7008
18462,43.5051
18463,42.2146
18464,38.5738
18465,45.7432
18466,40.1523
18467,40.9595
18468,40.9856
18469,38.6753
18470,40.6333
18471,40.0598
18472,37.6923
18473,38.5052
18474,42.4092
18475,40.6535
18476,39.994
18477,38.7056
18478,36.9832
18479,40.0997
18480,38.9418
18481,39.152
18482,42.6437
18483,40.3822
18484,38.5232
18485,41.0515
18486,36.283
18487,41.4314
18488,38.5545
18489,40.0044
18490,41.2882
18491,40.03
18492,34.978
18493,39.3227
18494,36.2093
18495,41.5515
18496,40.2637
18497,42.7872
18498,39.6655
18499,37.9357
18500,39.8094
18501,42.3565
18502,44.128
18503,40.7489
18504,37.0272
18505,38.5285
18506,38.8206
18507,39.6298
18508,39.0743
18509,41.9668
18510,38.1787
18511,39.2592
18512,38.6147
18513,39.2012
18514,36.3582
18515,42.7704
18516,38.9875
18517,38.087
18518,39.4988
18519,39.2018
18520,42.2228
18521,42.4389
18522,39.6372
18523,41.2425
18524,42.9708
18525,40.436
18526,42.2352
18527,37.49
18528,39.7168
18529,39.0456
18530,43.7859
18531,40.2619
18532,38.7264
18533,39.0652
18534,39.612
18535,40.6312
18536,39.3513
18537,38.2891
18538,39.8657
18539,38.0539
18540,35.169
18541,39.4529
18542,40.6823
18543,36.2549
18544,39.8872
18545,39.6621
18546,41.2366
18547,37.1741
18548,40.7822
18549,41.1088
18550,40.0596
18551,41.2552
18552,38.0206
18553,41.913
18554,38.2303
18555,42.4432
18556,36.4567
18557,40.6088
18558,40.6808
18559,37.8601
18560,38.171
18561,40.5715
18562,40.0694
18563,41.2225
18564,39.8326
18565,40.6776
18566,40.3412
18567,41.3232
18568,39.2114
18569,39.3026
18570,39.6735
18571,39.9949
18572,40.07
18573,36.1623
18574,39.423
18575,40.2018
18576,42.4602
18577,35.945
18578,41.8909
18579,39.7117
18580,41.8193
18581,42.1289
18582,38.7086
18583,41.0578
18584,39.9887
18585,41.0298
18586,39.5489
18587,38.1813
18588,41.4469
18589,36.5373
18590,41.5618
18591,36.6759
18592,42.6892
18593,37.3099
18594,38.7118
18595,40.8388
18596,39.8676
18597,35.7732
18598,42.3355
18599,40.6156
18600,41.7079
18601,39.4699
18602,39.3444
18603,40.972
18604,40.8729
18605,39.1914
18606,40.0545
18607,41.5624
18608,36.2088
18609,37.7123
18610,39.0245
18611,41.2883
18612,40.8378
18613,41.5709
18614,37.3217
18615,39.9238
18616,43.7569
18617,38.1952
18618,38.2961
18619,39.5472
18620,39.708
18621,39.2493
18622,39.419
18623,39.7452
18624,40.0948
18625,41.3981
18626,41.7914
18627,40.1482
18628,37.4651
18629,40.8165
18630,38.6575
18631,41.2905
18632,40.0217
18633,37.8681
18634,38.2398
18635,39.9591
18636,40.2794
18637,41.5975
18638,44.2905
18639,40.2875
18640,44.0566
18641,37.9658
18642,38.0727
18643,41.7674
18644,42.5099
18645,43.0719
18646,37.5293
18647,39.5742
18648,40.6215
18649,45.7407
18650,38.8337
18651,38.5096
18652,39.6122
18653,41.0979
18654,42.0458
18655,40.9149
18656,40.0551
18657,40.138
18658,38.6259
18659,40.4971
18660,37.2946
18661,40.5808
18662,41.5748
18663,42.8973
18664,38.4401
18665,43.3852
18666,42.0804
18667,39.2362
18668,40.1688
18669,39.2662
18670,41.6957
18671,38.6706
18672,38.5814
18673,42.0818
18674,38.4188
18675,39.9007
18676,41.7719
18677,38.6783
18678,39.5482
18679,40.8247
18680,40.7174
18681,39.0458
18682,40.1551
18683,41.9951
18684,38.7988
18685,40.7306
18686,41.4415
18687,39.8369
18688,35.8099
18689,41.9777
18690,38.2314
18691,40.4708
18692,36.3869
18693,41.0242
18694,42.02
18695,40.0886
18696,38.7116
18697,41.7755
18698,40.7008
18699,44.0209
18700,39.0707
18701,40.6724
18702,38.1982
18703,38.8823
18704,40.8108
18705,40.7625
18706,40.3158
18707,42.0869
18708,35.7758
18709,34.8481
18710,35.8081
18711,40.9128
18712,39.3405
18713,39.242
18714,39.9615
18715,39.0975
18716,43.7302
18717,39.2942
18718,39.4648
18719,39.9684
18720,42.2736
18721,38.061
18722,44.1726
18723,41.4954
18724,41.7196
18725,42.4845
18726,40.7002
18727,40.7041
18728,39.0688
18729,40.3631
18730,38.4596
18731,42.0816
18732,38.0926
18733,41.4379
18734,40.875
18735,40.1598
18736,37.9237
18737,39.6517
18738,41.6364
18739,41.5592
18740,41.3783
18741,40.7819
18742,36.182
18743,38.6712
18744,38.7986
18745,37.6902
18746,40.8135
18747,40.3443
18748,40.8056
18749,40.0494
18750,39.4065
18751,37.8249
18752,40.2441
18753,37.8825
18754,42.3369
18755,42.1002
18756,38.5203
18757,43.4188
18758,42.2202
18759,42.0613
18760,42.663
18761,40.8268
18762,37.5536
18763,42.1025
18764,41.7606
18765,39.4976
18766,39.8917
18767,39.7364
18768,42.6619
18769,39.9502
18770,37.5782
18771,40.1425
18772,39.9333
18773,37.6039
18774,36.0065
18775,40.1909
18776,39.246
18777,40.6311
18778,41.6654
18779,40.1858
18780,43.5549
18781,43.3964
18782,44.6768
18783,39.2875
18784,39.2728
18785,40.4742
18786,38.2822
18787,39.2821
18788,38.5179
18789,40.1732
18790,37.3139
18791,39.2737
18792,39.4713
18793,37.6263
18794,41.3318
18795,41.4812
18796,42.2961
18797,38.0511
18798,38.7637
18799,40.0327
18800,37.4798
18801,39.1187
18802,41.7825
18803,37.9936
18804,39.7571
18805,40.0818
18806,34.8028
18807,39.6804
18808,44.0179
18809,37.642
18810,41.2523
18811,40.8593
18812,37.0382
18813,39.9979
18814,40.2661
18815,37.3781
18816,41.0537
18817,38.7688
18818,39.9894
18819,36.9218
18820,41.8701
18821,39.7464
18822,37.0746
18823,43.1105
18824,41.6749
18825,36.3422
18826,44.701
18827,42.5445
18828,39.7994
18829,41.2853
18830,40.9127
18831,42.6663
18832,43.7886
18833,39.7718
18834,36.1529
18835,37.6943
18836,40.2349
18837,39.0443
18838,44.2581
18839,39.5472
18840,39.6432
18841,39.7651
18842,40.5875
18843,43.7844
18844,41.4429
18845,39.651
18846,40.1415
18847,42.7375
18848,40.5441
18849,41.3419
18850,40.6715
18851,41.392
18852,34.8965
18853,44.6882
18854,42.4019
18855,39.5343
18856,41.2093
18857,38.8151
18858,38.0382
18859,38.1547
18860,38.4386
18861,41.6577
18862,41.7789
18863,39.1903
18864,40.274
18865,37.7716
18866,36.3285
18867,43.4715
18868,38.1855
18869,38.0175
18870,41.8371
18871,43.6871
18872,42.2718
18873,40.8325
18874,41.0516
18875,40.0927
18876,42.278
18877,42.0404
18878,40.4925
18879,35.0934
18880,40.1415
18881,37.4493
18882,39.9147
18883,39.7634
18884,42.1277
18885,39.2436
18886,39.6655
18887,40.8771
18888,42.7616
18889,37.0238
18890,40.9096
18891,38.1798
18892,39.2376
18893,40.6375
18894,41.1079
18895,37.2419
18896,38.0608
18897,39.7309
18898,39.2852
18899,40.6731
18900,39.6265
18901,37.9477
18902,39.2037
18903,38.4106
18904,37.4252
18905,35.4973
18906,38.2269
18907,38.7895
18908,39.7607
18909,35.3253
18910,40.1908
18911,40.0217
18912,40.6131
18913,41.0772
18914,39.6566
18915,40.5355
18916,37.0446
18917,38.6563
18918,37.9296
18919,41.3949
18920,42.8012
18921,38.212
18922,38.7035
18923,38.6203
18924,40.1885
18925,40.5277
18926,41.3897
18927,40.0606
18928,39.8219
18929,40.1542
18930,42.9752
18931,40.5799
18932,38.9226
18933,41.0276
18934,40.868
18935,41.1415
18936,44.4695
18937,36.7633
18938,43.6715
18939,39.0245
18940,35.8638
18941,41.2576
18942,37.4081
18943,38.671
18944,39.4672
18945,36.2944
18946,38.778
18947,41.2394
18948,43.4974
18949,40.7575
18950,40.6908
18951,37.5267
18952,41.4763
18953,41.7199
18954,39.1952
18955,39.1683
18956,39.7579
18957,38.8645
18958,43.1807
18959,38.4414
18960,41.5915
18961,38.9792
18962,39.6164
18963,39.5887
18964,39.1542
18965,40.1889
18966,41.3824
18967,40.6473
18968,37.9015
18969,37.5916
18970,41.574
18971,40.6695
18972,37.3594
18973,40.8398
18974,43.1348
18975,38.9484
18976,41.6234
18977,37.8785
18978,41.888
18979,39.6234
18980,42.7342
18981,40.2963
18982,39.1447
18983,36.8727
18984,39.2423
18985,41.0315
18986,42.0281
18987,40.1974
18988,43.2044
18989,39.9026
18990,45.815
18991,39.4925
18992,39.9603
18993,42.5525
18994,40.4036
18995,40.2906
18996,40.542
18997,41.5405
18998,38.9427
18999,39.3335
19000,43.1148
19001,43.1573
19002,41.3779
19003,41.1399
19004,39.5878
19005,43.7006
19006,38.0756
19007,40.5529
19008,41.4064
19009,42.5589
19010,44.7521
19011,35.328
19012,39.8652
19013,40.5244
19014,42.217
19015,36.9518
19016,41.4143
19017,36.6215
19018,40.1359
19019,40.0953
19020,36.3538
19021,36.9101
19022,39.965
19023,38.7194
19024,41.1612
19025,43.4017
19026,37.1341
19027,40.6276
19028,38.5687
19029,41.775
19030,41.6863
19031,37.6679
19032,37.4872
19033,42.8173
19034,43.5534
19035,41.5303
19036,44.2631
19037,38.5376
19038,39.3854
19039,35.2089
19040,41.1582
19041,40.5439
19042,39.4069
19043,40.0522
19044,41.5975
19045,42.8417
19046,39.4968
19047,45.1065
19048,39.2337
19049,36.003
19050,40.6263
19051,38.727
19052,38.7426
19053,44.1312
19054,40.1364
19055,39.6784
19056,39.0168
19057,41.2863
19058,39.7794
19059,38.4896
19060,42.2807
19061,42.0082
19062,42.0486
19063,37.9582
19064,39.2978
19065,39.6809
19066,38.4506
19067,39.02
19068,36.6793
19069,39.4387
19070,41.1668
19071,44.7085
19072,37.4517
19073,40.6391
19074,40.8505
19075,40.1108
19076,40.885
19077,40.992
19078,41.3475
19079,41.865
19080,40.7121
19081,40.55
19082,41.01
19083,38.0492
19084,42.5259
19085,40.4334
19086,41.3438
19087,41.1902
19088,38.8551
19089,41.4364
19090,40.6629
19091,42.5646
19092,40.9332
19093,38.0348
19094,36.6477
19095,38.7411
19096,40.7081
19097,41.3286
19098,39.7322
19099,42.1325
19100,41.5216
19101,37.3759
19102,40.2109
19103,39.2841
19104,43.0107
19105,40.6207
19106,39.6793
19107,37.0265
19108,38.8187
19109,39.4975
19110,45.6047
19111,38.4641
19112,43.0329
19113,35.6511
19114,43.1472
19115,37.5793
19116,40.914
19117,44.0911
19118,41.8315
19119,39.5353
19120,38.1868
19121,38.4894
19122,38.9787
19123,39.8781
19124,39.0317
19125,41.6604
19126,40.6408
19127,36.1539
19128,38.2334
19129,41.7223
19130,38.8665
19131,40.9413
19132,37.5039
19133,37.4867
19134,39.1488
19135,40.4413
19136,39.4556
19137,42.8802
19138,40.5805
19139,41.6475
19140,43.7907
19141,41.2903
19142,43.5067
19143,39.3633
19144,43.5161
19145,42.197
19146,42.9366
19147,41.7025
19148,39.8256
19149,38.6341
19150,40.8148
19151,37.2548
19152,39.3511
19153,40.3719
19154,39.771
19155,41.8443
19156,40.4179
19157,39.6644
19158,43.4331
19159,39.6674
19160,37.6737
19161,40.3683
19162,42.4355
19163,42.4951
19164,38.3184
19165,45.1022
19166,41.0603
19167,41.9016
19168,41.8347
19169,39.2873
19170,41.6984
19171,40.9445
19172,40.5137
19173,36.5542
19174,37.5241
19175,45.0341
19176,41.3219
19177,41.0266
19178,39.1498
19179,39.3618
19180,40.7675
19181,38.9521
19182,41.1478
19183,39.1481
19184,41.4765
19185,40.5257
19186,39.4451
19187,39.1531
19188,39.6448
19189,41.3402
19190,38.8967
19191,40.5099
19192,39.5206
19193,39.9082
19194,41.6401
19195,43.0474
19196,39.6811
19197,37.4739
19198,42.1853
19199,40.0096
19200,38.5252
19201,42.1326
19202,43.3924
19203,40.3873
19204,38.4568
19205,37.9063
19206,36.4744
19207,41.219
19208,42.0838
19209,39.6111
19210,38.9565
19211,41.1556
19212,40.49
19213,41.4059
19214,39.5897
19215,36.115
19216,40.3483
19217,39.1421
19218,42.6418
19219,41.6711
19220,40.0607
19221,44.6782
19222,37.2103
19223,43.5037
19224,42.3828
19225,36.9349
19226,41.6783
19227,42.3708
19228,39.275
19229,39.9474
19230,35.3622
19231,39.406
19232,39.5388
19233,41.709
19234,40.8635
19235,41.054
19236,40.0921
19237,40.1198
19238,43.8042
19239,38.7578
19240,43.3144
19241,39.1705
19242,43.8611
19243,38.9321
19244,40.5954
19245,43.5076
19246,38.7478
19247,40.5673
19248,38.3516
19249,42.5465
19250,40.9389
19251,39.2671
19252,39.668
19253,42.6363
19254,37.407
19255,38.0025
19256,40.1004
19257,41.8958
19258,41.58
19259,37.6428
19260,42.6368
19261,41.3118
19262,39.0927
19263,39.5023
19264,42.1543
19265,37.5091
19266,42.2959
19267,38.9982
19268,35.2095
19269,41.1275
19270,42.2391
19271,42.6337
19272,39.7302
19273,41.0234
19274,39.426
19275,40.7601
19276,38.9847
19277,38.3457
19278,44.1044
19279,42.268
19280,39.1957
19281,37.9441
19282,39.2839
19283,41.6317
19284,37.5396
19285,39.7705
19286,41.4269
19287,41.7568
19288,39.5155
19289,40.8359
19290,40.4276
19291,40.5938
19292,40.0958
19293,42.1364
19294,38.6785
19295,40.0631
19296,41.0489
19297,40.6183
19298,40.4386
19299,37.833
19300,39.3835
19301,36.2746
19302,40.392
19303,41.2771
19304,37.3818
19305,39.7685
19306,41.5333
19307,39.2506
19308,40.4711
19309,40.2343
19310,41.5527
19311,40.1485
19312,39.1986
19313,39.0815
19314,42.9951
19315,38.6844
19316,40.5228
19317,40.9679
19318,42.1842
19319,39.7077
19320,39.5756
19321,41.5802
19322,38.3056
19323,40.9862
19324,39.6336
19325,38.9527
19326,39.8248
19327,36.2469
19328,40.9358
19329,39.1246
19330,41.8595
19331,40.9426
19332,37.8376
19333,40.58
19334,39.6325
19335,40.5203
19336,42.8639
19337,44.5567
19338,37.3519
19339,41.7489
19340,41.3192
19341,40.3145
19342,41.918
19343,39.6983
19344,37.2849
19345,39.6999
19346,36.6506
19347,42.0061
19348,44.0353
19349,42.0843
19350,37.5709
19351,38.3311
19352,39.8202
19353,41.191
19354,43.9277
19355,41.1652
19356,36.5018
19357,42.8747
19358,43.4115
19359,42.0548
19360,43.0603
19361,37.6941
19362,40.5534
19363,42.3586
19364,39.1884
19365,40.7734
19366,39.4507
19367,36.8839
19368,43.3073
19369,37.6266
19370,37.9201
19371,39.7935
19372,41.2238
19373,37.7791
19374,38.7752
19375,37.0765
19376,37.9036
19377,42.246
19378,41.4348
19379,39.3859
19380,41.5361
19381,37.8548
19382,37.7167
19383,37.3306
19384,37.7993
19385,38.593
19386,44.4675
19387,42.4895
19388,41.3939
19389,38.9087
19390,40.8722
19391,37.928
19392,40.2238
19393,38.7759
19394,41.2977
19395,37.9816
19396,41.1157
19397,36.4287
19398,41.6261
19399,39.643
19400,37.8006
19401,41.0845
19402,41.2921
19403,39.0298
19404,42.437
19405,38.7014
19406,38.4417
19407,41.5202
19408,40.7425
19409,40.585
19410,43.0654
19411,39.1248
19412,37.1728
19413,42.8554
19414,39.4463
19415,41.4304
19416,39.3663
19417,42.7474
19418,40.7989
19419,43.0665
19420,38.5729
19421,41.6168
19422,38.5695
19423,44.1474
19424,41.1967
19425,40.3226
19426,37.9173
19427,41.0857
19428,37.2791
19429,38.1513
19430,39.7423
19431,38.9768
19432,42.3689
19433,38.7991
19434,36.5702
19435,40.4063
19436,43.7299
19437,44.2969
19438,39.2331
19439,40.5195
19440,40.2383
19441,37.7935
19442,42.408
19443,36.7903
19444,38.5062
19445,40.9882
19446,39.279
19447,36.9082
19448,36.259
19449,41.0682
19450,40.5437
19451,37.4849
19452,39.6675
19453,41.218
19454,39.5418
19455,38.8675
19456,37.1377
19457,42.0123
19458,41.5116
19459,36.8841
19460,39.835
19461,40.6115
19462,38.3618
19463,37.5197
19464,40.1872
19465,41.4521
19466,39.6784
19467,36.1777
19468,37.8004
19469,39.5294
19470,40.0152
19471,41.2566
19472,41.7698
19473,40.2048
19474,37.2397
19475,44.5583
19476,42.3435
19477,43.9548
19478,37.8723
19479,38.0213
19480,35.0786
19481,39.7629
19482,41.4362
19483,38.5705
19484,39.2783
19485,37.8876
19486,39.1627
19487,39.9956
19488,41.4756
19489,42.2847
19490,39.5505
19491,42.1267
19492,39.2764
19493,37.1083
19494,40.3997
19495,37.7267
19496,41.2257
19497,42.4285
19498,37.8906
19499,38.9633
19500,43.5853
19501,38.0404
19502,39.5912
19503,38.4926
19504,38.7414
19505,39.0643
19506,43.7203
19507,41.4175
19508,40.443
19509,40.1111
19510,42.2105
19511,37.6083
19512,39.53
19513,41.3683
19514,40.6512
19515,41.1977
19516,37.9269
19517,37.9924
19518,36.9459
19519,40.7019
19520,40.7917
19521,40.4819
19522,40.1679
19523,39.3316
19524,41.9161
19525,39.3025
19526,43.6722
19527,36.7922
19528,37.5081
19529,38.1925
19530,36.3809
19531,36.8784
19532,41.7472
19533,37.8513
19534,42.0982
19535,43.6456
19536,40.7656
19537,40.0723
19538,39.3439
19539,40.5671
19540,38.7083
19541,42.5428
19542,41.6693
19543,36.3114
19544,41.8262
19545,40.9429
19546,38.1023
19547,39.2569
19548,38.74
19549,38.665
19550,40.1576
19551,40.5809
19552,39.2236
19553,40.264
19554,41.8945
19555,42.4358
19556,39.9374
19557,36.2392
19558,41.7154
19559,40.8936
19560,39.7357
19561,42.4652
19562,40.8498
19563,39.296
19564,36.2826
19565,39.4323
19566,42.3448
19567,42.8143
19568,41.1049
19569,40.908
19570,41.1754
19571,41.1888
19572,39.3784
19573,39.0391
19574,39.5248
19575,38.712
19576,37.5006
19577,37.9943
19578,35.8009
19579,36.9787
19580,38.4116
19581,39.9692
19582,41.0898
19583,42.6977
19584,39.0097
19585,35.8804
19586,37.7699
19587,42.3288
19588,39.0464
19589,41.0775
19590,41.6673
19591,43.1121
19592,36.4725
19593,40.2193
19594,37.7139
19595,43.0681
19596,38.0989
19597,38.2661
19598,44.9694
19599,43.3085
19600,39.7568
19601,40.6967
19602,38.0625
19603,38.6462
19604,40.3432
19605,37.7304
19606,40.2688
19607,41.0781
19608,42.4871
19609,39.1876
19610,41.37
19611,44.5612
19612,40.0366
19613,38.7402
19614,38.8031
19615,40.8421
19616,38.9773
19617,41.1235
19618,38.6112
19619,40.8038
19620,40.4646
19621,38.9161
19622,39.4456
19623,38.1072
19624,39.439
19625,44.3267
19626,36.9791
19627,36.6526
19628,40.9264
19629,38.6617
19630,40.4251
19631,41.0933
19632,36.2607
19633,34.4133
19634,34.8836
19635,37.3321
19636,38.9977
19637,41.0626
19638,42.11
19639,39.0764
19640,37.2875
19641,40.439
19642,40.2473
19643,37.3679
19644,41.0129
19645,41.0874
19646,39.9984
19647,44.2024
19648,39.7836
19649,37.0781
19650,39.5764
19651,38.1208
19652,42.5731
19653,41.3074
19654,42.6634
19655,36.1418
19656,40.4969
19657,36.6215
19658,38.0365
19659,41.6005
19660,40.8382
19661,42.0651
19662,41.0483
19663,42.9604
19664,39.7825
19665,40.613
19666,39.3823
19667,41.822
19668,42.3047
19669,37.4023
19670,42.1592
19671,41.319
19672,42.5326
19673,40.0952
19674,40.3636
19675,44.6953
19676,38.531
19677,40.5258
19678,42.0241
19679,40.8113
19680,39.8376
19681,42.0157
19682,42.5145
19683,41.8601
19684,37.7111
19685,41.4385
19686,39.279
19687,42.5297
19688,41.6481
19689,41.3459
19690,40.0522
19691,40.1581
19692,40.135
19693,40.3117
19694,36.5441
19695,40.6718
19696,38.9367
19697,39.1565
19698,38.2289
19699,40.9918
19700,41.1255
19701,40.3444
19702,39.875
19703,38.0353
19704,41.8898
19705,38.683
19706,43.9825
19707,42.0035
19708,41.5929
19709,41.165
19710,42.166
19711,36.2675
19712,40.7025
19713,36.7056
19714,40.5032
19715,41.1877
19716,43.0323
19717,42.3714
19718,39.6156
19719,40.0403
19720,45.566
19721,40.4163
19722,39.0913
19723,41.7653
19724,40.3006
19725,41.87
19726,39.7731
19727,38.5223
19728,38.2868
19729,43.4997
19730,37.661
19731,39.8764
19732,40.409
19733,40.9443
19734,41.5606
19735,42.3547
19736,40.5956
19737,41.2672
19738,40.8392
19739,37.4701
19740,40.5284
19741,41.4941
19742,41.9587
19743,39.9728
19744,38.862
19745,38.6788
19746,37.5717
19747,41.4515
19748,36.1986
19749,40.8909
19750,40.9989
19751,39.9718
19752,42.2682
19753,41.2262
19754,41.0772
19755,40.4445
19756,42.545
19757,38.2346
19758,39.8676
19759,40.373
19760,40.2163
19761,38.5329
19762,37.6847
19763,42.2272
19764,38.3695
19765,36.841
19766,39.9055
19767,38.2698
19768,38.9728
19769,38.8719
19770,41.4201
19771,41.0304
19772,41.0733
19773,38.5141
19774,36.1645
19775,39.0995
19776,43.6709
19777,42.9436
19778,39.0243
19779,39.3896
19780,39.697
19781,41.3639
19782,40.2146
19783,39.4017
19784,36.2164
19785,43.8342
19786,33.9533
19787,35.3009
19788,39.5032
19789,39.6816
19790,38.223
19791,42.9813
19792,42.1427
19793,41.5303
19794,43.8435
19795,35.5826
19796,42.5689
19797,41.2828
19798,42.5233
19799,39.1153
19800,38.8193
19801,39.4097
19802,38.1418
19803,41.2776
19804,39.1348
19805,38.7633
19806,37.2451
19807,38.767
19808,42.4419
19809,39.6518
19810,38.3882
19811,37.4009
19812,35.9629
19813,38.7502
19814,39.1838
19815,37.1757
19816,39.255
19817,42.1027
19818,44.546
19819,42.3826
19820,41.7047
19821,42.7017
19822,42.2747
19823,41.5065
19824,36.462
19825,43.4563
19826,38.5705
19827,41.2473
19828,42.0871
19829,45.4988
19830,39.004
19831,36.9984
19832,40.1976
19833,37.9394
19834,37.3099
19835,40.871
19836,38.8088
19837,41.9901
19838,42.2666
19839,39.1734
19840,44.6082
19841,40.1699
19842,40.1716
19843,43.1494
19844,39.7783
19845,42.6443
19846,42.3754
19847,39.9061
19848,39.2969
19849,37.0186
19850,36.2682
19851,36.5834
19852,38.4561
19853,41.2457
19854,41.5646
19855,40.3715
19856,38.8173
19857,36.2457
19858,39.6439
19859,37.5189
19860,38.7524
19861,42.4075
19862,40.1598
19863,35.7683
19864,42.5899
19865,39.3984
19866,37.4996
19867,42.1054
19868,40.4011
19869,41.8998
19870,38.4648
19871,38.2431
19872,40.0885
19873,39.3185
19874,37.3553
19875,36.9439
19876,39.8704
19877,40.7769
19878,41.1397
19879,38.571
19880,39.9981
19881,42.6952
19882,40.2573
19883,40.6279
19884,41.4122
19885,42.1675
19886,40.8587
19887,35.8084
19888,42.2317
19889,36.4715
19890,39.423
19891,41.5903
19892,39.9998
19893,40.1303
19894,37.8016
19895,43.3919
19896,42.0717
19897,38.7652
19898,40.4375
19899,44.8878
19900,41.8293
19901,37.475
19902,36.7127
19903,40.2011
19904,41.0642
19905,41.2386
19906,41.4957
19907,40.7651
19908,40.8294
19909,40.5469
19910,37.4342
19911,42.7465
19912,37.8088
19913,43.6462
19914,40.5062
19915,38.8295
19916,41.3195
19917,40.2655
19918,39.302
19919,41.2869
19920,38.3266
19921,42.685
19922,43.603
19923,42.4006
19924,39.6479
19925,40.7339
19926,40.1796
19927,41.5942
19928,37.4431
19929,38.5868
19930,39.4577
19931,37.9173
19932,41.1118
19933,42.2367
19934,37.4413
19935,40.7871
19936,38.8138
19937,40.716
19938,38.7223
19939,42.7227
19940,41.6867
19941,38.4913
19942,39.8384
19943,37.5238
19944,39.7477
19945,37.8683
19946,40.5495
19947,42.2034
19948,39.4664
19949,43.403
19950,37.1401
19951,40.9006
19952,40.4933
19953,40.6012
19954,40.0604
19955,39.7113
19956,35.625
19957,42.807
19958,40.3844
19959,40.3227
19960,42.3446
19961,42.8407
19962,40.9989
19963,38.5882
19964,38.8726
19965,40.1752
19966,37.8749
19967,35.264
19968,40.636
19969,38.1975
19970,42.2292
19971,40.7392
19972,41.3253
19973,36.7593
19974,36.6609
19975,44.482
19976,43.7821
19977,42.209
19978,40.2514
19979,38.2296
19980,38.9409
19981,40.3502
19982,41.511
19983,38.1618
19984,40.2845
19985,44.5714
19986,38.2738
19987,40.3811
19988,37.5357
19989,40.1581
19990,40.096
19991,37.9769
19992,44.3576
19993,42.4924
19994,34.3251
19995,37.5983
19996,39.6348
19997,37.8767
19998,44.5698
19999,41.6845
20000,42.0005
20001,41.5628
20002,40.2412
20003,36.8296
20004,39.2619
20005,39.324
20006,44.4295
20007,40.0821
20008,38.0586
20009,39.887
20010,38.1426
20011,45.3356
20012,38.907
20013,35.938
20014,42.0436
20015,34.9319
20016,41.9676
20017,39.1152
20018,42.9914
20019,38.5063
20020,39.8279
20021,38.9446
20022,41.0875
20023,39.7738
20024,42.9476
20025,40.3778
20026,42.7486
20027,38.1074
20028,39.7018
20029,37.7309
20030,42.1537
20031,37.8668
20032,45.222
20033,42.7762
20034,41.5713
20035,40.4453
20036,38.5224
20037,41.6541
20038,38.3129
20039,41.6364
20040,40.5519
20041,41.6487
20042,38.8454
20043,41.6011
20044,42.1719
20045,40.6827
20046,39.3676
20047,41.5916
20048,39.5403
20049,37.002
20050,40.1785
20051,38.435
20052,40.9485
20053,38.6188
20054,42.9616
20055,41.8391
20056,39.3496
20057,40.7538
20058,37.8172
20059,38.5439
20060,42.1145
20061,40.3336
20062,39.1725
20063,39.9668
20064,43.1306
20065,39.0978
20066,38.5231
20067,39.7536
20068,37.3208
20069,40.3989
20070,35.6211
20071,40.1844
20072,38.2205
20073,40.2064
20074,39.4978
20075,38.3269
20076,39.8325
20077,40.5264
20078,39.0735
20079,42.4032
20080,41.8045
20081,38.4797
20082,40.0575
20083,40.4067
20084,44.2435
20085,38.7991
20086,41.6415
20087,39.9824
20088,37.9578
20089,39.9192
20090,41.5796
20091,40.0422
20092,37.7302
20093,38.3953
20094,38.8734
20095,38.527
20096,40.9804
20097,36.9122
20098,40.9983
20099,42.9453
20100,38.7846
20101,42.0642
20102,40.4406
20103,42.021
20104,40.3637
20105,40.8061
20106,37.7299
20107,40.4404
20108,41.9122
20109,38.2802
20110,37.8777
20111,38.0402
20112,40.2836
20113,36.274
20114,39.9912
20115,38.4643
20116,40.8637
20117,39.2406
20118,36.2719
20119,39.4012
20120,38.5419
20121,42.233
20122,37.4907
20123,46.6806
20124,40.593
20125,39.0087
20126,39.2769
20127,41.9166
20128,40.4492
20129,39.0915
20130,36.5901
20131,38.9773
20132,42.6732
20133,43.0018
20134,42.3207
20135,38.2478
20136,37.6933
20137,39.649
20138,41.1466
20139,40.4733
20140,41.488
20141,37.4611
20142,40.073
20143,39.485
20144,40.6891
20145,38.8814
20146,40.2096
20147,40.7423
20148,43.9776
20149,39.3408
20150,44.203
20151,40.8823
20152,36.4175
20153,40.9123
20154,41.8518
20155,37.4212
20156,35.6573
20157,42.7448
20158,39.3271
20159,39.3874
20160,36.4278
20161,40.7768
20162,43.864
20163,36.9577
20164,39.6012
20165,42.1286
20166,36.6557
20167,40.1433
20168,43.5412
20169,40.7962
20170,41.6806
20171,41.7171
20172,37.6664
20173,44.1017
20174,41.2946
20175,43.2243
20176,42.7978
20177,39.9385
20178,45.4644
20179,42.8048
20180,39.6694
20181,41.1095
20182,40.5618
20183,38.8095
20184,41.1419
20185,36.9754
20186,38.7005
20187,38.5374
20188,41.4167
20189,37.1051
20190,38.6086
20191,39.2473
20192,37.7425
20193,37.5437
20194,37.9148
20195,42.4799
20196,38.903
20197,41.6024
20198,39.8037
20199,40.5343
20200,40.7614
20201,42.1914
20202,41.4158
20203,41.2926
20204,41.8463
20205,42.0504
20206,42.5008
20207,37.3468
20208,38.4672
20209,39.7418
20210,41.0011
20211,39.0571
20212,43.3611
20213,40.8873
20214,40.5358
20215,38.7611
20216,34.1095
20217,38.5822
20218,42.0548
20219,41.0662
20220,41.8098
20221,41.9262
20222,41.5779
20223,41.0665
20224,39.7191
20225,40.3031
20226,41.3193
20227,36.3403
20228,40.3631
20229,39.4932
20230,42.6717
20231,38.9306
20232,38.9696
20233,39.952
20234,37.618
20235,40.1682
20236,37.2012
20237,38.7942
20238,40.9327
20239,40.7715
20240,39.8094
20241,38.8968
20242,39.4293
20243,40.338
20244,41.0779
20245,42.6023
20246,38.8016
20247,41.463
20248,40.3804
20249,38.9882
20250,41.6393
20251,42.2451
20252,41.8923
20253,41.0408
20254,40.0241
20255,37.7339
20256,42.7233
20257,40.7205
20258,39.4663
20259,43.3633
20260,39.2031
20261,39.0045
20262,40.6441
20263,43.7987
20264,39.6347
20265,40.2106
20266,37.4395
20267,45.0845
20268,38.9784
20269,37.5287
20270,40.2186
20271,38.7193
20272,42.4125
20273,38.4188
20274,39.5888
20275,41.5639
20276,41.8557
20277,40.2395
20278,39.8085
20279,41.6868
20280,38.6922
20281,37.6794
20282,39.6003
20283,43.6834
20284,37.3436
20285,37.752
20286,37.2829
20287,38.1113
20288,37.0815
20289,41.3366
20290,40.3998
20291,40.9766
20292,40.7774
20293,41.427
20294,39.2206
20295,43.4344
20296,40.7515
20297,38.9636
20298,44.649
20299,38.528
20300,37.9884
20301,39.2823
20302,40.0615
20303,38.683
20304,40.0008
20305,39.2637
20306,42.1553
20307,38.9503
20308,43.6483
20309,37.2324
20310,34.6479
20311,38.13
20312,37.5248
20313,40.9553
20314,37.5278
20315,41.3138
20316,39.8553
20317,40.7036
20318,39.7974
20319,36.5387
20320,41.0055
20321,41.3682
20322,42.5759
20323,39.4709
20324,36.0633
20325,38.0753
20326,39.8829
20327,40.7837
20328,38.6478
20329,35.7688
20330,41.662
20331,41.611
20332,41.9686
20333,41.2102
20334,40.8849
20335,38.2957
20336,38.81
20337,38.6824
20338,41.1628
20339,38.8641
20340,40.9963
20341,39.1934
20342,38.8811
20343,37.0251
20344,41.0021
20345,38.8732
20346,43.0297
20347,37.5315
20348,37.7842
20349,40.7747
20350,38.2064
20351,41.6401
20352,40.6322
20353,41.8
20354,42.6372
20355,37.4691
20356,39.3936
20357,40.1073
20358,41.1892
20359,36.2576
20360,41.4295
20361,40.4922
20362,41.5361
20363,39.613
20364,42.7651
20365,38.9528
20366,38.7239
20367,38.3718
20368,40.5695
20369,40.9835
20370,37.9533
20371,40.2588
20372,38.871
20373,43.8426
20374,39.855
20375,39.8528
20376,41.7884
20377,40.105
20378,38.9914
20379,40.8277
20380,40.118
20381,41.402
20382,37.6831
20383,39.5293
20384,42.44
20385,41.64
20386,41.888
20387,38.9007
20388,40.7645
20389,39.5682
20390,39.8218
20391,41.0437
20392,39.8059
20393,40.4414
20394,41.2727
20395,40.9605
20396,40.4312
20397,39.3316
20398,36.1652
20399,40.8417
20400,43.2567
20401,40.2842
20402,38.3311
20403,39.1118
20404,37.2044
20405,41.5157
20406,37.5987
20407,42.6561
20408,36.6115
20409,38.1339
20410,37.2393
20411,44.3027
20412,43.3467
20413,39.8732
20414,41.2494
20415,39.5514
20416,38.6361
20417,41.5994
20418,38.2058
20419,38.8935
20420,38.9046
20421,35.7448
20422,37.7769
20423,38.0045
20424,38.8862
20425,39.5593
20426,41.0681
20427,43.0079
20428,38.6574
20429,38.9702
20430,39.4985
20431,42.0384
20432,36.2148
20433,40.7632
20434,37.1232
20435,37.8602
20436,37.4003
20437,39.0374
20438,41.0684
20439,38.0332
20440,42.4324
20441,38.7422
20442,41.0608
20443,38.4218
20444,38.4888
20445,38.9546
20446,41.157
20447,42.3676
20448,38.9785
20449,38.9323
20450,38.2499
20451,41.1198
20452,35.818
20453,37.7023
20454,39.9797
20455,41.576
20456,38.4325
20457,42.6728
20458,37.5689
20459,40.1758
20460,40.7152
20461,37.9539
20462,38.662
20463,41.5645
20464,41.3357
20465,39.3955
20466,42.0836
20467,40.6092
20468,42.3374
20469,39.9418
20470,43.6939
20471,37.5554
20472,40.4032
20473,39.7372
20474,39.3795
20475,39.1647
20476,40.2189
20477,40.953
20478,37.4019
20479,38.5326
20480,42.5551
20481,42.1927
20482,42.2316
20483,36.0458
20484,42.1838
20485,41.1208
20486,38.9972
20487,42.4013
20488,40.7402
20489,40.9821
20490,40.6175
20491,38.8305
20492,42.8046
20493,38.3295
20494,38.3532
20495,40.9503
20496,44.716
20497,39.5348
20498,41.9871
20499,38.4128
20500,40.2932
20501,41.9192
20502,37.1853
20503,38.7562
20504,38.5424
20505,41.795
20506,42.0444
20507,40.8555
20508,39.7166
20509,41.1191
20510,40.8797
20511,37.1129
20512,41.6061
20513,41.3739
20514,42.9317
20515,37.7511
20516,38.6177
20517,42.3
20518,36.6816
20519,38.2914
20520,38.116
20521,40.638
20522,42.8584
20523,39.0106
20524,37.6061
20525,40.3664
20526,37.9204
20527,38.7275
20528,42.8189
20529,37.5671
20530,40.9071
20531,39.5832
20532,43.2677
20533,38.7035
20534,41.8081
20535,39.6225
20536,44.6924
20537,39.7552
20538,42.9383
20539,38.8282
20540,34.7254
20541,40.2361
20542,37.953
20543,39.7432
20544,42.5821
20545,43.0722
20546,40.6627
20547,37.947
20548,44.032
20549,40.5887
20550,40.4349
20551,42.7032
20552,42.9241
20553,42.9126
20554,43.6333
20555,39.0647
20556,39.7206
20557,41.5366
20558,42.1088
20559,36.6588
20560,36.8395
20561,40.4336
20562,40.5449
20563,41.012
20564,36.9295
20565,40.8051
20566,42.3675
20567,37.0429
20568,35.7398
20569,39.8125
20570,38.5978
20571,39.7905
20572,41.3209
20573,40.6239
20574,38.5887
20575,39.5129
20576,41.6118
20577,36.6862
20578,39.7557
20579,39.3127
20580,43.9816
20581,39.3939
20582,41.5338
20583,39.2363
20584,39.9459
20585,39.7158
20586,39.904
20587,39.7854
20588,40.122
20589,38.2214
20590,38.242
20591,43.1045
20592,39.8893
20593,39.2467
20594,40.0301
20595,39.7585
20596,39.9386
20597,40.403
20598,38.2977
20599,36.8993
20600,35.2944
20601,40.0894
20602,37.1205
20603,36.7996
20604,40.0497
20605,40.3202
20606,40.8776
20607,41.9418
20608,40.7505
20609,42.5603
20610,42.383
20611,38.9339
20612,42.0328
20613,36.6519
20614,40.6604
20615,36.8399
20616,41.4823
20617,42.9996
20618,39.3644
20619,40.6136
20620,42.7676
20621,44.508
20622,43.7358
20623,40.5744
20624,37.9584
20625,39.8007
20626,41.6636
20627,42.6784
20628,39.5736
20629,40.5119
20630,37.3779
20631,37.7088
20632,39.227
20633,38.7118
20634,41.3307
20635,41.5321
20636,40.4461
20637,41.4369
20638,41.9462
20639,38.9023
20640,43.5161
20641,39.3149
20642,42.8736
20643,39.7149
20644,38.2256
20645,40.9155
20646,43.1782
20647,36.8071
20648,41.4736
20649,40.457
20650,39.8304
20651,43.1995
20652,39.8168
20653,38.1312
20654,40.3321
20655,38.4784
20656,38.5766
20657,42.1832
20658,39.7211
20659,40.2775
20660,37.5112
20661,40.7993
20662,42.2047
20663,36.198
20664,40.1603
20665,38.3428
20666,39.1757
20667,38.0962
20668,37.7041
20669,41.0888
20670,40.3134
20671,38.611
20672,36.1789
20673,42.7603
20674,39.9458
20675,38.176
20676,36.4324
20677,37.0214
20678,39.555
20679,39.7285
20680,35.9641
20681,41.9513
20682,40.8922
20683,39.9866
20684,40.7443
20685,40.7487
20686,41.2782
20687,37.7327
20688,40.8381
20689,40.6589
20690,41.6535
20691,39.3584
20692,37.5197
20693,36.9781
20694,39.5861
20695,38.1761
20696,39.0382
20697,38.1959
20698,37.4323
20699,41.8154
20700,37.3648
20701,38.3897
20702,38.2657
20703,42.2224
20704,42.3953
20705,40.859
20706,39.9488
20707,42.1867
20708,42.0022
20709,40.8514
20710,39.931
20711,38.726
20712,37.5444
20713,39.4535
20714,41.1762
20715,38.8481
20716,40.321
20717,41.4558
20718,38.192
20719,36.4527
20720,38.6385
20721,41.0073
20722,37.9517
20723,42.7819
20724,40.1832
20725,44.7607
20726,38.1375
20727,42.2552
20728,43.2111
20729,40.3301
20730,32.6344
20731,37.2746
20732,38.9226
20733,38.5457
20734,41.2822
20735,40.9843
20736,41.0568
20737,40.3498
20738,42.7673
20739,41.4653
20740,37.0137
20741,38.1993
20742,41.4763
20743,38.4725
20744,38.18
20745,39.9222
20746,39.3307
20747,40.7149
20748,38.4068
20749,37.1214
20750,41.8867
20751,41.3286
20752,41.9676
20753,39.4092
20754,41.3682
20755,41.0218
20756,41.6718
20757,40.1347
20758,37.7778
20759,39.5515
20760,39.5983
20761,39.3508
20762,40.0027
20763,38.4824
20764,37.2609
20765,39.8001
20766,41.1892
20767,38.7555
20768,38.3841
20769,36.6122
20770,37.8954
20771,41.1688
20772,39.0403
20773,36.6379
20774,41.3387
20775,43.4731
20776,40.6358
20777,39.8456
20778,43.0661
20779,40.2215
20780,41.488
20781,42.6318
20782,40.2605
20783,38.9762
20784,41.4447
20785,39.8075
20786,40.202
20787,40.6243
20788,42.3393
20789,39.1705
20790,41.0893
20791,38.7251
20792,39.7507
20793,40.0822
20794,40.5172
20795,43.8577
20796,40.4652
20797,40.2544
20798,42.7876
20799,38.5207
20800,39.0237
20801,42.6228
20802,43.3416
20803,42.9887
20804,40.6608
20805,40.2246
20806,41.4392
20807,39.0056
20808,38.8716
20809,40.0241
20810,39.8379
20811,39.5141
20812,41.8913
20813,37.5761
20814,40.0402
20815,38.6415
20816,41.4022
20817,39.3839
20818,38.6639
20819,38.1303
20820,35.832
20821,37.9941
20822,39.9703
20823,38.9399
20824,38.9031
20825,36.2184
20826,41.4764
20827,43.3244
20828,40.3846
20829,38.325
20830,42.0718
20831,39.6924
20832,40.2064
20833,40.0502
20834,41.4274
20835,40.9341
20836,39.3176
20837,41.8374
20838,41.5649
20839,36.9634
20840,39.1685
20841,37.9557
20842,41.988
20843,38.3999
20844,40.0161
20845,42.9117
20846,41.4418
20847,40.4637
20848,36.4673
20849,40.7093
20850,35.4631
20851,38.8101
20852,38.2086
20853,40.8441
20854,40.8281
20855,41.0019
20856,41.8596
20857,39.374
20858,41.3302
20859,40.518
20860,37.562
20861,38.9736
20862,39.5675
20863,42.1503
20864,42.5261
20865,37.5756
20866,40.7774
20867,42.8312
20868,40.412
20869,38.541
20870,39.845
20871,44.2718
20872,38.9685
20873,41.723
20874,40.7639
20875,39.249
20876,39.0022
20877,37.5426
20878,41.4289
20879,38.6582
20880,42.1206
20881,40.2817
20882,41.4334
20883,39.7268
20884,40.3361
20885,40.8961
20886,37.2785
20887,42.3629
20888,43.4206
20889,38.1556
20890,38.036
20891,43.2425
20892,42.6092
20893,44.0615
20894,39.3342
20895,37.4347
20896,38.095
20897,35.5731
20898,39.9868
20899,41.854
20900,40.6588
20901,39.8679
20902,38.5208
20903,43.7425
20904,41.6225
20905,39.4853
20906,40.9143
20907,41.4266
20908,36.8893
20909,39.2978
20910,38.4021
20911,40.0499
20912,40.3836
20913,34.4633
20914,41.8874
20915,40.0806
20916,42.6701
20917,42.2041
20918,38.4325
20919,46.453
20920,41.8075
20921,37.1355
20922,39.4504
20923,40.233
20924,37.9441
20925,38.2697
20926,39.3911
20927,41.8502
20928,39.2758
20929,38.3739
20930,39.4681
20931,37.0078
20932,40.0094
20933,37.3298
20934,39.6556
20935,40.5162
20936,39.0984
20937,37.0591
20938,38.5625
20939,40.4864
20940,40.338
20941,41.3261
20942,38.6835
20943,39.1825
20944,36.4476
20945,39.9181
20946,41.6775
20947,42.6986
20948,41.8527
20949,40.0708
20950,40.8894
20951,37.5251
20952,38.4271
20953,39.9399
20954,35.694
20955,39.366
20956,39.3892
20957,39.8347
20958,37.9112
20959,39.0677
20960,39.8556
20961,43.9148
20962,42.056
20963,39.2794
20964,39.6769
20965,37.9532
20966,39.202
20967,41.598
20968,45.1081
20969,42.4372
20970,42.0165
20971,42.8417
20972,37.1391
20973,39.1939
20974,38.9066
20975,36.899
20976,40.851
20977,38.1835
20978,39.565
20979,41.7604
20980,42.0375
20981,39.1936
20982,42.0584
20983,39.5641
20984,41.5652
20985,39.1467
20986,40.8406
20987,40.1841
20988,36.0695
20989,36.7185
20990,41.4017
20991,38.3468
20992,43.3191
20993,40.5848
20994,41.4237
20995,40.4149
20996,40.9412
20997,41.5742
20998,39.016
20999,38.2023
21000,43.126
21001,40.5505
21002,38.5575
21003,39.5731
21004,38.1385
21005,36.658
21006,41.7516
21007,44.2317
21008,40.7831
21009,42.1889
21010,39.9053
21011,37.4021
21012,40.9334
21013,41.2135
21014,43.0846
21015,41.0473
21016,37.5637
21017,43.1584
21018,39.9171
21019,40.0958
21020,37.5762
21021,40.7051
21022,38.7767
21023,38.3524
21024,42.0302
21025,39.7471
21026,39.8864
21027,38.9709
21028,39.2546
21029,39.9866
21030,41.7929
21031,40.1168
21032,35.253
21033,36.5528
21034,37.4828
21035,42.6519
21036,38.2199
21037,40.3614
21038,38.9464
21039,36.113
21040,40.8392
21041,41.419
21042,41.8598
21043,40.8186
21044,40.5328
21045,41.37
21046,36.5493
21047,45.7135
21048,42.1046
21049,40.4283
21050,39.125
21051,38.091
21052,34.9864
21053,38.8767
21054,42.0372
21055,38.0246
21056,39.7782
21057,38.9053
21058,38.6559
21059,43.8528
21060,40.7786
21061,38.3137
21062,37.4668
21063,42.846
21064,44.2647
21065,40.641
21066,36.3039
21067,38.9651
21068,38.3072
21069,37.5466
21070,41.2326
21071,40.6252
21072,39.9433
21073,43.4411
21074,37.8341
21075,42.5999
21076,35.3674
21077,40.5183
21078,42.7121
21079,39.7302
21080,39.0915
21081,39.9704
21082,37.1595
21083,41.3105
21084,43.4562
21085,41.3778
21086,38.5534
21087,39.3179
21088,39.5561
21089,42.2292
21090,40.377
21091,40.4165
21092,39.4217
21093,39.7152
21094,39.593
21095,41.9003
21096,37.5223
21097,38.5174
21098,40.0143
21099,42.4683
21100,39.1945
21101,39.7419
21102,40.0426
21103,39.2277
21104,39.7079
21105,41.7945
21106,41.1643
21107,36.473
21108,42.4178
21109,40.7216
21110,42.8227
21111,44.1866
21112,39.4669
21113,40.6987
21114,38.6803
21115,40.1385
21116,40.9401
21117,39.3667
21118,42.2674
21119,39.5812
21120,42.0949
21121,36.6935
21122,40.2703
21123,39.5459
21124,35.6171
21125,40.7457
21126,38.775
21127,38.6881
21128,37.8943
21129,40.9372
21130,41.1517
21131,39.9903
21132,40.6445
21133,41.5029
21134,38.4288
21135,38.8226
21136,41.2261
21137,41.3143
21138,38.5911
21139,40.5589
21140,41.5536
21141,40.6046
21142,38.9673
21143,37.5628
21144,40.0853
21145,37.1347
21146,41.9947
21147,39.2182
21148,39.7711
21149,36.5043
21150,36.3054
21151,37.573
21152,40.591
21153,37.1117
21154,37.7492
21155,42.8177
21156,41.4244
21157,39.9405
21158,36.6932
21159,37.5712
21160,40.472
21161,40.4303
21162,34.911
21163,39.1568
21164,39.5164
21165,38.4025
21166,38.1259
21167,40.3287
21168,42.1744
21169,41.6967
21170,40.7061
21171,38.4856
21172,36.9558
21173,39.3085
21174,36.9304
21175,42.7629
21176,40.0896
21177,39.6734
21178,41.3063
21179,38.9232
21180,38.2953
21181,40.5686
21182,42.2669
21183,41.6483
21184,38.2273
21185,42.8651
21186,41.8123
21187,43.3279
21188,40.3779
21189,37.3593
21190,44.3981
21191,39.5009
21192,41.4383
21193,41.0196
21194,40.4931
21195,42.1997
21196,39.823
21197,38.3458
21198,38.808
21199,40.8651
21200,40.034
21201,39.8192
21202,40.001
21203,41.8866
21204,37.2637
21205,36.8937
21206,41.043
21207,43.9761
21208,38.8532
21209,40.7824
21210,41.7277
21211,42.2635
21212,41.569
21213,38.1003
21214,38.4962
21215,41.7298
21216,39.6825
21217,39.0298
21218,41.9825
21219,41.5705
21220,41.9168
21221,40.4633
21222,40.929
21223,39.5529
21224,39.4334
21225,39.2056
21226,36.9001
21227,40.9016
21228,41.9086
21229,37.7112
21230,37.8888
21231,41.1857
21232,37.7087
21233,40.0417
21234,38.7769
21235,38.1668
21236,39.1085
21237,38.5093
21238,39.5352
21239,39.5745
21240,38.8313
21241,39.8707
21242,39.7119
21243,39.6426
21244,40.7228
21245,42.0573
21246,41.1762
21247,42.4326
21248,40.8995
21249,38.7759
21250,40.464
21251,39.6669
21252,40.8166
21253,40.2869
21254,38.8818
21255,39.9722
21256,42.2382
21257,39.7854
21258,40.1833
21259,38.8023
21260,40.8908
21261,39.7118
21262,40.5357
21263,39.8935
21264,38.7109
21265,44.7493
21266,37.1415
21267,38.908
21268,39.2363
21269,39.8501
21270,40.0315
21271,40.2898
21272,39.5125
21273,38.8617
21274,39.7061
21275,42.3338
21276,36.6502
21277,38.9493
21278,42.8395
21279,41.9606
21280,36.5892
21281,41.8489
21282,42.6702
21283,40.8373
21284,41.2988
21285,39.6197
21286,39.1898
21287,40.6761
21288,35.1649
21289,36.998
21290,41.5933
21291,41.8102
21292,40.4031
21293,40.6037
21294,41.6979
21295,40.0606
21296,35.0351
21297,36.5085
21298,44.273
21299,38.6818
21300,43.5046
21301,41.7209
21302,41.8143
21303,38.4002
21304,37.8239
21305,42.3888
21306,40.2917
21307,41.43
21308,39.7598
21309,39.8203
21310,39.2585
21311,41.2299
21312,43.9248
21313,40.4828
21314,40.0695
21315,39.3163
21316,38.6348
21317,39.7746
21318,38.1731
21319,41.7271
21320,40.5877
21321,41.1385
21322,38.7587
21323,38.4544
21324,40.5009
21325,41.6225
21326,35.8413
21327,40.6178
21328,37.4042
21329,38.1976
21330,39.9368
21331,38.0799
21332,42.0915
21333,39.4396
21334,35.9766
21335,37.5495
21336,37.7501
21337,35.1329
21338,40.3621
21339,38.6751
21340,43.2242
21341,42.4806
21342,42.4627
21343,36.8172
21344,39.0802
21345,38.6361
21346,38.662
21347,41.5608
21348,43.564
21349,39.5137
21350,38.1589
21351,38.0622
21352,41.1224
21353,38.8144
21354,41.4563
21355,40.3158
21356,43.6193
21357,40.7841
21358,40.8963
21359,37.6892
21360,41.7451
21361,42.9657
21362,40.9308
21363,38.5737
21364,33.4491
21365,39.3471
21366,41.0646
21367,41.5538
21368,41.4493
21369,42.7362
21370,40.2927
21371,45.2963
21372,39.1753
21373,38.3504
21374,40.9893
21375,37.5866
21376,41.5956
21377,39.3048
21378,40.2619
21379,40.0819
21380,40.2412
21381,39.0822
21382,38.7858
21383,39.7673
21384,37.7207
21385,39.8773
21386,36.9413
21387,37.3617
21388,37.7212
21389,39.2413
21390,41.7552
21391,39.245
21392,39.6091
21393,41.5626
21394,40.1104
21395,39.2753
21396,35.9765
21397,41.0041
21398,41.0561
21399,40.2635
21400,41.0304
21401,39.1947
21402,39.9642
21403,41.6566
21404,42.1722
21405,41.1611
21406,40.312
21407,40.4427
21408,37.538
21409,40.6015
21410,37.2228
21411,41.9819
21412,37.0483
21413,41.8118
21414,38.3937
21415,39.6255
21416,36.8569
21417,39.8102
21418,43.3859
21419,39.1898
21420,41.5919
21421,42.8484
21422,40.6056
21423,37.3169
21424,38.9456
21425,40.1602
21426,39.6301
21427,38.5415
21428,40.0729
21429,42.8829
21430,39.6663
21431,43.2632
21432,40.6616
21433,43.1822
21434,38.1475
21435,40.5673
21436,41.4
21437,40.7386
21438,38.1581
21439,41.3233
21440,40.6576
21441,39.5835
21442,45.067
21443,41.2199
21444,43.4142
21445,35.4079
21446,40.5448
21447,40.2622
21448,39.7482
21449,40.3865
21450,43.929
21451,41.6962
21452,39.8538
21453,37.7039
21454,37.9579
21455,40.1509
21456,39.0513
21457,46.1234
21458,40.0246
21459,43.1269
21460,39.5725
21461,42.0954
21462,38.4137
21463,43.999
21464,41.6923
21465,40.4626
21466,39.867
21467,44.3069
21468,42.3072
21469,39.354
21470,38.9393
21471,37.3959
21472,43.8462
21473,39.7894
21474,41.9147
21475,41.507
21476,42.442
21477,41.1789
21478,38.1157
21479,43.6332
21480,37.422
21481,40.676
21482,41.9479
21483,39.9886
21484,42.732
21485,38.9373
21486,40.1902
21487,37.5112
21488,39.1459
21489,40.3334
21490,38.7582
21491,38.8273
21492,40.3303
21493,43.2235
21494,38.5856
21495,41.9845
21496,38.4403
21497,42.0721
21498,39.8846
21499,37.6354
21500,35.8826
21501,36.0153
21502,40.4386
21503,40.4216
21504,39.1497
21505,35.9373
21506,40.8122
21507,43.074
21508,39.5245
21509,38.1892
21510,42.6263
21511,39.1359
21512,37.5611
21513,38.499
21514,44.8923
21515,42.7129
21516,36.9023
21517,41.5499
21518,36.3374
21519,40.2304
21520,41.5515
21521,41.5572
21522,41.9502
21523,41.0253
21524,41.0574
21525,41.2796
21526,40.2592
21527,38.8899
21528,41.2465
21529,39.9243
21530,39.2389
21531,40.3014
21532,39.8529
21533,40.2416
21534,39.6568
21535,38.6481
21536,42.5406
21537,42.1109
21538,37.8132
21539,40.6796
21540,40.3847
21541,37.7596
21542,40.9385
21543,41.107
21544,39.9873
21545,44.1793
21546,43.6279
21547,38.3442
21548,38.93
21549,34.9372
21550,37.1543
21551,38.4377
21552,39.0951
21553,39.0852
21554,37.7786
21555,40.1703
21556,39.8679
21557,40.4673
21558,40.0834
21559,40.6515
21560,41.0772
21561,42.5813
21562,42.2673
21563,41.1175
21564,41.1131
21565,38.0384
21566,40.1967
21567,38.7395
21568,42.872
21569,40.3199
21570,38.2371
21571,39.9442
21572,39.7455
21573,37.199
21574,40.653
21575,39.0721
21576,40.7972
21577,40.1244
21578,40.0609
21579,40.9177
21580,40.9569
21581,38.8182
21582,38.5166
21583,37.4984
21584,42.5654
21585,41.5943
21586,37.9373
21587,41.1539
21588,37.1996
21589,39.4773
21590,38.7227
21591,42.4785
21592,39.1726
21593,42.3833
21594,40.9161
21595,39.1044
21596,42.4416
21597,41.7141
21598,40.4911
21599,42.2627
21600,37.3601
21601,36.3176
21602,40.7376
21603,42.2004
21604,44.0411
21605,38.7491
21606,41.7269
21607,39.2111
21608,41.5867
21609,40.3493
21610,37.6743
21611,41.6187
21612,38.5198
21613,37.7693
21614,40.5491
21615,39.1211
21616,39.7792
21617,42.5364
21618,42.5705
21619,40.8534
21620,38.3136
21621,41.7158
21622,40.5118
21623,39.1836
21624,36.9797
21625,41.7316
21626,39.2982
21627,39.9215
21628,38.8469
21629,39.7329
21630,42.7899
21631,41.7211
21632,39.6494
21633,38.8144
21634,37.7814
21635,38.5238
21636,41.0821
21637,40.1476
21638,40.444
21639,39.3233
21640,39.3337
21641,40.6265
21642,39.164
21643,41.4763
21644,37.2059
21645,43.0356
21646,42.7075
21647,38.8366
21648,41.3705
21649,40.0071
21650,40.0909
21651,41.572
21652,39.7576
21653,40.7906
21654,36.6488
21655,38.829
21656,40.5317
21657,39.0104
21658,38.753
21659,41.5609
21660,42.9077
21661,42.5306
21662,35.2523
21663,40.4481
21664,38.041
21665,42.2685
21666,39.4951
21667,41.5008
21668,40.5504
21669,42.0251
21670,37.7694
21671,44.836
21672,39.2595
21673,39.5402
21674,41.08
21675,38.369
21676,38.536
21677,40.0307
21678,37.6537
21679,42.516
21680,38.2615
21681,39.6901
21682,38.6508
21683,43.2339
21684,43.3485
21685,41.4696
21686,40.472
21687,42.5452
21688,42.7062
21689,38.6215
21690,38.1933
21691,41.9677
21692,43.2644
21693,39.6483
21694,38.5602
21695,41.8901
21696,41.0814
21697,43.0332
21698,39.4306
21699,41.573
21700,37.1347
21701,41.4258
21702,35.7204
21703,38.7112
21704,41.6457
21705,39.365
21706,42.2208
21707,42.2312
21708,36.2607
21709,36.5917
21710,39.1454
21711,42.8351
21712,39.7551
21713,35.4992
21714,42.6065
21715,38.0726
21716,38.5833
21717,40.5827
21718,40.526
21719,39.3036
21720,38.2511
21721,43.05
21722,39.9009
21723,41.9123
21724,39.7996
21725,39.4841
21726,43.1779
21727,38.8114
21728,36.8635
21729,41.6339
21730,41.7048
21731,42.2465
21732,39.6305
21733,39.7892
21734,39.9717
21735,38.9434
21736,41.9852
21737,39.729
21738,39.9633
21739,40.2478
21740,37.865
21741,39.1384
21742,38.206
21743,42.4353
21744,43.1235
21745,41.8059
21746,40.3556
21747,38.7796
21748,43.1881
21749,36.3101
21750,39.8308
21751,40.3926
21752,39.1197
21753,43.015
21754,43.3785
21755,40.9839
21756,41.4719
21757,39.2788
21758,40.0881
21759,41.1778
21760,37.826
21761,40.2
21762,38.6556
21763,38.8586
21764,39.8414
21765,40.3205
21766,41.3963
21767,39.8408
21768,41.2887
21769,38.5816
21770,35.8433
21771,43.6775
21772,38.8867
21773,40.4026
21774,39.9976
21775,40.6932
21776,36.3134
21777,44.5564
21778,40.7634
21779,38.055
21780,39.0594
21781,39.1956
21782,38.4275
21783,42.2907
21784,38.4521
21785,41.8638
21786,41.8231
21787,39.3681
21788,38.6168
21789,40.7632
21790,42.2248
21791,41.4851
21792,36.8092
21793,40.7638
21794,42.4816
21795,42.5808
21796,42.5136
21797,38.8581
21798,39.817
21799,41.2451
21800,39.0175
21801,36.9429
21802,42.5804
21803,40.947
21804,38.9694
21805,39.7102
21806,40.7992
21807,35.7383
21808,40.9369
21809,39.663
21810,40.5674
21811,38.2212
21812,38.0667
21813,38.6287
21814,39.5854
21815,34.645
21816,35.4638
21817,39.6208
21818,40.321
21819,38.2256
21820,39.7907
21821,38.8628
21822,41.9997
21823,41.8476
21824,40.4372
21825,38.4428
21826,39.5588
21827,38.8606
21828,37.9503
21829,36.542
21830,38.5698
21831,41.8901
21832,39.2166
21833,41.28
21834,42.9818
21835,39.4823
21836,39.9075
21837,39.389
21838,40.3231
21839,38.1085
21840,40.2072
21841,40.5078
21842,39.1359
21843,40.6485
21844,38.8748
21845,41.338
21846,38.462
21847,36.1037
21848,42.2902
21849,43.812
21850,40.126
21851,42.5672
21852,41.4361
21853,38.8875
21854,37.7505
21855,42.678
21856,37.3445
21857,38.4539
21858,41.4761
21859,39.8744
21860,42.3166
21861,39.9161
21862,43.9093
21863,41.8681
21864,39.6528
21865,38.809
21866,36.8979
21867,40.545
21868,40.2119
21869,40.8908
21870,44.2861
21871,40.7433
21872,40.0527
21873,42.282
21874,42.8694
21875,42.7979
21876,38.3261
21877,37.66
21878,40.0587
21879,39.2719
21880,41.4207
21881,38.9097
21882,40.1584
21883,40.6138
21884,40.8252
21885,39.3345
21886,36.2301
21887,38.8677
21888,39.3672
21889,38.5708
21890,39.8209
21891,37.2213
21892,41.9457
21893,39.6868
21894,41.3795
21895,40.1035
21896,38.9451
21897,40.4648
21898,40.9776
21899,38.7393
21900,38.4297
21901,39.2951
21902,42.8153
21903,42.2587
21904,37.5028
21905,38.7018
21906,43.4937
21907,40.6235
21908,42.8024
21909,37.8035
21910,39.4479
21911,41.2589
21912,36.9425
21913,39.9842
21914,39.3945
21915,42.2146
21916,40.0801
21917,40.4072
21918,39.7412
21919,38.5916
21920,41.2392
21921,41.7727
21922,39.8083
21923,38.515
21924,43.247
21925,42.9441
21926,41.0131
21927,39.4651
21928,40.1218
21929,36.6433
21930,37.8957
21931,37.703
21932,38.8912
21933,38.5235
21934,41.2401
21935,40.6899
21936,41.5102
21937,40.2052
21938,39.7767
21939,37.3667
21940,37.9373
21941,38.484
21942,38.982
21943,37.2305
21944,42.8285
21945,42.9648
21946,39.1803
21947,42.6217
21948,40.6855
21949,39.966
21950,43.342
21951,38.3889
21952,42.4531
21953,41.6525
21954,38.6987
21955,42.2867
21956,37.585
21957,37.8243
21958,39.3228
21959,41.233
21960,40.249
21961,41.1584
21962,41.1348
21963,36.863
21964,39.9608
21965,41.6953
21966,38.3716
21967,37.5648
21968,36.6592
21969,39.6468
21970,35.5466
21971,41.1339
21972,40.3235
21973,39.2286
21974,40.1343
21975,37.1109
21976,42.2595
21977,41.0977
21978,41.4442
21979,39.7176
21980,36.3323
21981,38.5996
21982,41.425
21983,43.358
21984,41.5872
21985,38.3718
21986,38.3101
21987,40.63
21988,45.5032
21989,41.05
21990,43.0762
21991,35.7738
21992,39.9565
21993,36.4026
21994,38.7678
21995,33.9894
21996,44.1549
21997,42.161
21998,39.0412
21999,38.7844
22000,36.9383
22001,38.4278
22002,39.2159
22003,36.7783
22004,37.9236
22005,35.6973
22006,39.6717
22007,39.6203
22008,36.7343
22009,40.294
22010,40.1255
22011,41.8539
22012,43.0038
22013,42.3664
22014,37.9372
22015,41.9888
22016,42.5039
22017,41.1785
22018,39.9318
22019,39.3993
22020,38.5203
22021,42.0857
22022,37.0601
22023,43.0345
22024,41.0364
22025,42.6086
22026,39.3876
22027,39.5032
22028,37.4158
22029,43.632
22030,38.617
22031,38.0937
22032,42.4566
22033,42.1433
22034,40.0752
22035,40.7345
22036,41.594
22037,38.7345
22038,41.2177
22039,38.7431
22040,41.6269
22041,39.2234
22042,35.0605
22043,37.7529
22044,44.2432
22045,37.8459
22046,41.7377
22047,40.9233
22048,39.8486
22049,41.5138
22050,41.0068
22051,41.5805
22052,37.2506
22053,39.1327
22054,40.7642
22055,39.7246
22056,41.1484
22057,41.8467
22058,38.7928
22059,40.6868
22060,38.9333
22061,40.8576
22062,38.3139
22063,37.5864
22064,39.5943
22065,40.0406
22066,43.0094
22067,37.5806
22068,37.8985
22069,39.8649
22070,38.5171
22071,40.4758
22072,42.092
22073,41.1922
22074,35.4065
22075,39.8508
22076,39.1227
22077,38.8762
22078,34.9789
22079,42.4892
22080,43.805
22081,39.0211
22082,39.925
22083,41.1861
22084,41.6767
22085,42.1455
22086,38.2201
22087,40.5903
22088,37.289
22089,40.12
22090,38.86
22091,43.3374
22092,37.8281
22093,37.5195
22094,41.7012
22095,37.5261
22096,35.4326
22097,37.5671
22098,41.4687
22099,37.2756
22100,39.9466
22101,38.0024
22102,39.2377
22103,39.2059
22104,39.1499
22105,40.5583
22106,41.4819
22107,42.8395
22108,40.0066
22109,44.1551
22110,40.343
22111,38.0544
22112,41.0232
22113,40.1769
22114,37.9034
22115,38.7346
22116,41.117
22117,38.1815
22118,42.66
22119,41.2667
22120,38.1488
22121,43.5937
22122,37.9634
22123,43.6209
22124,39.159
22125,42.1538
22126,39.3714
22127,38.8568
22128,42.6852
22129,42.1985
22130,38.1898
22131,41.4807
22132,39.1293
22133,36.6742
22134,40.171
22135,37.6153
22136,42.4894
22137,43.1129
22138,40.1164
22139,39.1977
22140,41.6496
22141,40.8818
22142,44.0128
22143,41.5705
22144,38.0171
22145,39.1326
22146,39.4986
22147,38.7367
22148,40.4425
22149,39.5838
22150,44.3919
22151,42.1391
22152,35.7741
22153,38.9667
22154,38.2042
22155,43.1171
22156,39.6346
22157,39.1161
22158,41.658
22159,39.6536
22160,38.2146
22161,39.0133
22162,38.6787
22163,42.3286
22164,35.1029
22165,35.6248
22166,38.6108
22167,41.5768
22168,42.2111
22169,39.3943
22170,39.3493
22171,42.2682
22172,37.3744
22173,41.9967
22174,41.484
22175,43.356
22176,40.5796
22177,39.3047
22178,42.1935
22179,41.187
22180,39.3369
22181,41.7155
22182,40.351
22183,43.4395
22184,41.8229
22185,36.4694
22186,42.3768
22187,36.4454
22188,39.867
22189,40.4661
22190,41.1943
22191,42.0902
22192,37.1478
22193,38.2339
22194,41.0075
22195,39.0138
22196,36.6704
22197,41.7067
22198,37.9295
22199,43.5371
22200,40.3746
22201,38.9308
22202,38.6588
22203,41.4245
22204,39.3587
22205,42.6553
22206,39.5485
22207,41.5234
22208,38.9447
22209,42.47
22210,40.3153
22211,38.9147
22212,39.0025
22213,37.8244
22214,40.6934
22215,40.4845
22216,43.8915
22217,40.8401
22218,38.867
22219,39.7586
22220,37.3899
22221,42.4543
22222,41.1316
22223,40.8149
22224,38.6612
22225,38.8923
22226,39.6505
22227,44.2992
22228,40.6944
22229,42.3477
22230,41.2689
22231,36.9624
22232,42.2989
22233,39.0257
22234,39.1764
22235,42.2533
22236,41.6361
22237,40.3229
22238,45.7611
22239,39.7999
22240,41.1716
22241,39.8927
22242,38.1459
22243,36.8742
22244,41.6546
22245,40.4372
22246,42.3091
22247,39.3924
22248,43.509
22249,39.88
22250,39.9757
22251,38.8043
22252,41.9304
22253,41.3875
22254,40.642
22255,39.9405
22256,36.6586
22257,40.9035
22258,40.9471
22259,38.187
22260,41.6441
22261,40.6669
22262,43.3255
22263,38.5791
22264,42.1086
22265,36.9475
22266,42.2594
22267,39.3908
22268,37.7382
22269,41.1935
22270,42.0425
22271,45.3312
22272,35.7143
22273,37.7435
22274,41.481
22275,38.8949
22276,43.6925
22277,41.7628
22278,35.1031
22279,40.7711
22280,37.3565
22281,38.3373
22282,42.1634
22283,38.7732
22284,43.6924
22285,38.6556
22286,40.8458
22287,41.1206
22288,41.6442
22289,35.2996
22290,35.8085
22291,39.3808
22292,40.7407
22293,41.1032
22294,39.6261
22295,38.1853
22296,40.852
22297,39.3358
22298,42.3977
22299,39.5685
22300,41.8795
22301,42.0039
22302,39.7746
22303,35.5834
22304,40.1169
22305,40.0419
22306,39.531
22307,45.7511
22308,37.3311
22309,37.9236
22310,42.9691
22311,40.734
22312,42.2546
22313,40.2372
22314,38.8057
22315,41.2676
22316,41.6971
22317,42.0857
22318,41.6896
22319,40.2821
22320,39.0065
22321,38.2283
22322,42.6133
22323,40.6655
22324,38.7859
22325,40.2868
22326,40.9076
22327,36.2175
22328,40.251
22329,39.5973
22330,39.799
22331,41.9648
22332,38.016
22333,38.388
22334,42.819
22335,41.8051
22336,39.3515
22337,40.1726
22338,41.9927
22339,40.9856
22340,40.5052
22341,40.1239
22342,41.7262
22343,36.6037
22344,38.531
22345,36.9458
22346,36.496
22347,39.7582
22348,38.1076
22349,38.7014
22350,42.2491
22351,37.3312
22352,41.575
22353,38.995
22354,39.7479
22355,37.4155
22356,36.3436
22357,40.6295
22358,39.881
22359,40.2433
22360,37.7387
22361,38.5402
22362,43.2203
22363,43.4277
22364,41.6949
22365,40.3612
22366,46.1283
22367,44.1336
22368,40.1163
22369,38.7648
22370,37.4362
22371,37.367
22372,42.7196
22373,38.812
22374,41.2821
22375,42.7253
22376,37.9922
22377,40.958
22378,41.0388
22379,38.5611
22380,37.4412
22381,36.0777
22382,42.4998
22383,38.6594
22384,41.1071
22385,37.912
22386,37.322
22387,39.36
22388,41.8269
22389,39.275
22390,38.8402
22391,42.3151
22392,36.0089
22393,39.5406
22394,39.4114
22395,38.5665
22396,40.2705
22397,36.5819
22398,42.4825
22399,37.9965
22400,39.5505
22401,38.8813
22402,45.2803
22403,40.0883
22404,41.7435
22405,39.6344
22406,42.635
22407,38.9815
22408,36.4356
22409,35.042
22410,43.5084
22411,38.7236
22412,40.8756
22413,39.493
22414,37.484
22415,40.2447
22416,38.4587
22417,39.8964
22418,39.4608
22419,40.7605
22420,43.8538
22421,37.6729
22422,37.9005
22423,41.3937
22424,38.57
22425,35.9831
22426,40.752
22427,37.9607
22428,40.1585
22429,39.5256
22430,38.2761
22431,39.0358
22432,38.663
22433,45.0936
22434,40.1796
22435,39.6188
22436,39.3379
22437,43.174
22438,40.8007
22439,37.3735
22440,42.4441
22441,40.2562
22442,41.751
22443,41.1322
22444,40.8194
22445,44.2591
22446,42.672
22447,39.4748
22448,41.3177
22449,39.8438
22450,36.0204
22451,41.7172
22452,41.5586
22453,38.7418
22454,37.7748
22455,36.5559
22456,40.4155
22457,39.948
22458,37.8525
22459,39.5615
22460,40.1192
22461,41.1114
22462,41.5127
22463,42.2239
22464,39.5663
22465,38.7425
22466,38.4352
22467,39.681
22468,40.0421
22469,37.8972
22470,38.1559
22471,38.0024
22472,38.4464
22473,39.0278
22474,39.2186
22475,41.6439
22476,36.8241
22477,37.4616
22478,42.4396
22479,39.496
22480,40.3508
22481,40.8352
22482,40.2063
22483,40.1559
22484,39.5671
22485,43.6079
22486,38.653
22487,43.3039
22488,40.5576
22489,39.0575
22490,41.3146
22491,39.5641
22492,43.095
22493,39.6617
22494,37.6982
22495,39.2235
22496,41.8041
22497,39.4217
22498,37.2009
22499,40.3152
22500,38.51
22501,40.5777
22502,37.5184
22503,40.1813
22504,37.9926
22505,42.0702
22506,38.7929
22507,42.2512
22508,41.7924
22509,41.5029
22510,38.4441
22511,39.582
22512,37.0091
22513,41.065
22514,40.2452
22515,37.506
22516,34.8351
22517,41.1895
22518,39.6521
22519,40.3746
22520,40.1406
22521,39.2686
22522,40.8975
22523,38.0075
22524,39.8026
22525,40.6423
22526,39.3806
22527,39.4167
22528,43.5455
22529,41.0386
22530,39.4783
22531,42.494
22532,44.7299
22533,38.226
22534,36.2481
22535,39.4745
22536,45.2353
22537,41.9539
22538,36.6107
22539,38.841
22540,38.1519
22541,38.9569
22542,38.5913
22543,40.1858
22544,41.6811
22545,40.7569
22546,41.9556
22547,42.4068
22548,40.3277
22549,38.4853
22550,41.0786
22551,42.0066
22552,39.2229
22553,37.1209
22554,41.8243
22555,40.0671
22556,36.6659
22557,40.3123
22558,43.2686
22559,42.4547
22560,38.806
22561,40.5409
22562,40.3781
22563,36.8748
22564,37.7081
22565,37.9965
22566,37.8584
22567,40.0937
22568,43.1441
22569,41.5084
22570,40.4012
22571,44.0687
22572,37.6658
22573,42.4836
22574,41.7616
22575,38.1021
22576,42.2547
22577,42.3024
22578,40.893
22579,38.9956
22580,41.8793
22581,38.1095
22582,39.3323
22583,39.3181
22584,37.8218
22585,42.5988
22586,39.6978
22587,40.6041
22588,41.6769
22589,44.1343
22590,40.6121
22591,38.6666
22592,42.9047
22593,39.4886
22594,42.2348
22595,40.2812
22596,38.569
22597,39.345
22598,40.953
22599,41.7566
22600,39.1798
22601,38.0848
22602,37.4448
22603,40.2842
22604,41.758
22605,37.4487
22606,39.0793
22607,38.0925
22608,38.974
22609,42.9575
22610,38.0278
22611,39.967
22612,39.5404
22613,36.9715
22614,40.6834
22615,39.971
22616,41.327
22617,38.9944
22618,37.7446
22619,37.2701
22620,41.2932
22621,37.5758
22622,40.4943
22623,38.5274
22624,41.8279
22625,39.069
22626,39.5548
22627,43.9515
22628,39.8107
22629,40.8365
22630,42.2908
22631,40.4617
22632,43.0704
22633,42.6891
22634,40.3857
22635,36.7331
22636,39.7905
22637,38.8797
22638,38.8492
22639,40.8185
22640,41.28
22641,37.1386
22642,35.242
22643,38.3388
22644,38.7056
22645,42.7659
22646,38.004
22647,39.1991
22648,38.8196
22649,40.9079
22650,41.6204
22651,43.8963
22652,37.3906
22653,39.4105
22654,43.5911
22655,38.5028
22656,37.3356
22657,39.5302
22658,40.4767
22659,39.8347
22660,38.7494
22661,42.3835
22662,38.4184
22663,38.2663
22664,38.3367
22665,41.3541
22666,41.8083
22667,36.9941
22668,42.1924
22669,39.4554
22670,42.8663
22671,37.4374
22672,43.1544
22673,40.3
22674,40.2348
22675,37.3404
22676,43.4307
22677,40.2844
22678,41.3908
22679,41.8091
22680,40.1682
22681,37.3567
22682,40.1762
22683,41.6389
22684,39.4439
22685,42.5688
22686,39.7492
22687,38.4029
22688,40.909
22689,39.8248
22690,40.4692
22691,38.961
22692,40.0971
22693,40.9271
22694,37.2331
22695,41.2903
22696,40.1539
22697,38.0128
22698,38.3483
22699,38.2718
22700,40.1427
22701,39.4246
22702,42.5178
22703,34.1923
22704,41.8994
22705,43.5876
22706,38.0908
22707,44.5334
22708,39.613
22709,41.885
22710,40.1219
22711,36.8971
22712,43.099
22713,37.773
22714,41.2895
22715,39.3009
22716,40.9047
22717,42.0844
22718,40.3863
22719,39.4661
22720,43.3995
22721,39.2657
22722,38.9075
22723,40.8773
22724,41.8801
22725,43.885
22726,42.9516
22727,38.46
22728,40.1096
22729,38.3079
22730,41.6464
22731,39.8544
22732,40.9286
22733,38.372
22734,43.6863
22735,42.4818
22736,40.0059
22737,39.3137
22738,37.9753
22739,37.438
22740,39.4084
22741,38.0088
22742,41.1932
22743,38.3439
22744,43.1394
22745,35.8726
22746,39.0269
22747,38.3685
22748,37.802
22749,37.4709
22750,41.4517
22751,39.6897
22752,41.9224
22753,39.699
22754,39.9114
22755,40.2126
22756,38.0591
22757,41.953
22758,42.9218
22759,39.0777
22760,42.2547
22761,39.892
22762,44.0243
22763,42.7114
22764,39.6561
22765,34.0431
22766,43.4751
22767,36.587
22768,40.1078
22769,43.1357
22770,41.6155
22771,38.1959
22772,41.8651
22773,36.3399
22774,35.7801
22775,41.9026
22776,39.6221
22777,39.9112
22778,43.1728
22779,43.8128
22780,42.9636
22781,40.248
22782,37.5698
22783,40.9068
22784,39.5655
22785,38.6955
22786,40.1469
22787,36.7139
22788,42.3664
22789,41.6101
22790,40.2949
22791,39.0022
22792,38.9076
22793,41.8742
22794,37.9279
22795,40.1959
22796,40.7558
22797,43.2117
22798,40.8733
22799,35.9207
22800,45.4918
22801,40.1365
22802,42.3008
22803,40.4337
22804,41.7453
22805,39.6572
22806,40.3288
22807,41.2912
22808,43.366
22809,38.4572
22810,43.5947
22811,37.4015
22812,39.2255
22813,37.9639
22814,40.2366
22815,41.3832
22816,42.2786
22817,42.54
22818,38.4431
22819,38.7893
22820,39.0865
22821,39.0681
22822,36.7704
22823,40.0979
22824,39.519
22825,40.8113
22826,43.248
22827,40.7787
22828,40.207
22829,40.3025
22830,39.9116
22831,40.6547
22832,38.858
22833,37.7531
22834,40.8238
22835,36.1944
22836,43.7616
22837,40.5339
22838,40.7141
22839,44.4181
22840,41.5523
22841,37.639
22842,41.505
22843,42.3353
22844,41.7161
22845,39.6692
22846,39.9942
22847,40.0614
22848,39.0203
22849,40.1237
22850,45.757
22851,40.9866
22852,37.8103
22853,39.6769
22854,38.2117
22855,38.3956
22856,39.0862
22857,44.0491
22858,38.4164
22859,37.9083
22860,34.708
22861,35.8798
22862,42.2487
22863,40.4007
22864,40.9766
22865,39.1104
22866,38.9125
22867,41.6186
22868,42.0194
22869,42.2168
22870,37.8188
22871,38.8473
22872,40.4847
22873,40.1345
22874,43.1277
22875,40.9302
22876,38.6895
22877,37.5773
22878,39.4572
22879,37.2782
22880,37.0579
22881,38.3177
22882,40.3539
22883,42.094
22884,40.8887
22885,37.4365
22886,42.5979
22887,39.7953
22888,38.1969
22889,42.4413
22890,40.0059
22891,40.8792
22892,40.1994
22893,40.004
22894,39.1362
22895,40.9352
22896,42.7354
22897,41.5498
22898,38.2584
22899,42.1266
22900,37.4533
22901,36.5172
22902,38.3773
22903,40.2088
22904,40.0846
22905,37.0974
22906,41.3144
22907,41.8575
22908,39.07
22909,37.2686
22910,40.5287
22911,39.9492
22912,39.0689
22913,41.177
22914,36.8668
22915,36.0966
22916,38.7827
22917,39.5294
22918,36.2011
22919,39.3265
22920,41.7107
22921,42.0203
22922,39.7517
22923,37.5443
22924,38.7254
22925,43.7482
22926,39.3145
22927,38.9629
22928,44.0853
22929,41.3105
22930,40.1079
22931,38.3967
22932,40.399
22933,42.1694
22934,41.8935
22935,43.2234
22936,44.1311
22937,40.9193
22938,44.8089
22939,37.2322
22940,37.2438
22941,38.4469
22942,38.6656
22943,38.6285
22944,38.3047
22945,40.0987
22946,39.0538
22947,38.2335
22948,42.825
22949,39.275
22950,38.8597
22951,38.2742
22952,42.6971
22953,39.6574
22954,39.2967
22955,40.5046
22956,39.4987
22957,42.8864
22958,40.6963
22959,39.4239
22960,39.8652
22961,39.8674
22962,39.8412
22963,40.9226
22964,37.7525
22965,39.8249
22966,39.0396
22967,41.4689
22968,42.2975
22969,39.8444
22970,42.8224
22971,42.356
22972,42.4444
22973,37.8242
22974,45.1701
22975,36.5588
22976,40.0779
22977,38.4643
22978,40.0272
22979,42.5683
22980,36.083
22981,41.6773
22982,38.7502
22983,38.5637
22984,41.9179
22985,37.6817
22986,39.1648
22987,39.3571
22988,39.6754
22989,40.8756
22990,42.2319
22991,38.5127
22992,38.4291
22993,37.8956
22994,41.73
22995,39.9202
22996,38.1771
22997,41.622
22998,38.7631
22999,38.7778
23000,35.8023
23001,42.0341
23002,40.5024
23003,38.0722
23004,41.8143
23005,37.584
23006,42.1048
23007,39.2604
23008,39.5707
23009,39.6426
23010,44.6439
23011,36.5793
23012,41.9846
23013,40.8133
23014,40.7452
23015,41.6
23016,41.2601
23017,38.6157
23018,36.4046
23019,42.2888
23020,40.436
23021,39.8721
23022,39.3261
23023,39.1727
23024,40.7152
23025,40.6504
23026,40.029
23027,41.9363
23028,42.538
23029,39.8051
23030,39.946
23031,41.8156
23032,42.6197
23033,39.4005
23034,37.1487
23035,42.6523
23036,42.612
23037,41.9638
23038,38.9211
23039,42.7959
23040,36.9079
23041,37.6005
23042,43.8836
23043,42.0876
23044,38.8
23045,39.2206
23046,37.3554
23047,41.6515
23048,41.7366
23049,40.8923
23050,34.2506
23051,40.8501
23052,40.0021
23053,40.4804
23054,43.0621
23055,41.4665
23056,42.3832
23057,38.239
23058,40.4304
23059,37.6485
23060,38.3917
23061,34.7123
23062,38.368
23063,41.338
23064,38.9038
23065,40.5491
23066,41.6519
23067,41.3656
23068,39.1593
23069,40.2026
23070,41.7332
23071,39.4674
23072,39.9894
23073,40.3079
23074,37.6408
23075,40.0935
23076,39.3314
23077,37.3586
23078,40.0627
23079,41.6416
23080,42.546
23081,39.4352
23082,41.7495
23083,38.8382
23084,40.0979
23085,40.2089
23086,42.4662
23087,37.1133
23088,39.3596
23089,40.3093
23090,43.5571
23091,40.5563
23092,40.5516
23093,38.6478
23094,41.7063
23095,41.4755
23096,39.3378
23097,35.4652
23098,38.1843
23099,39.4195
23100,39.4067
23101,38.7528
23102,39.9615
23103,40.5333
23104,39.209
23105,39.2279
23106,39.774
23107,35.2148
23108,40.5554
23109,40.0693
23110,40.9944
23111,39.7058
23112,37.6874
23113,41.1944
23114,39.6187
23115,42.5721
23116,43.6094
23117,39.6523
23118,37.8596
23119,40.8689
23120,39.013
23121,40.9281
23122,42.5719
23123,39.6067
23124,42.2154
23125,38.7493
23126,39.644
23127,41.8343
23128,35.6584
23129,40.9717
23130,38.9486
23131,36.5718
23132,41.2926
23133,36.6246
23134,39.1432
23135,38.4084
23136,43.9089
23137,37.6801
23138,39.8344
23139,43.6839
23140,39.6143
23141,37.9304
23142,37.9945
23143,35.5163
23144,39.2555
23145,41.1994
23146,37.0994
23147,38.8687
23148,36.3907
23149,38.2599
23150,41.961
23151,36.2867
23152,39.16
23153,43.9069
23154,41.9483
23155,37.6182
23156,40.4872
23157,39.572
23158,41.7014
23159,44.3206
23160,39.8043
23161,39.092
23162,41.035
23163,37.3032
23164,37.4318
23165,40.1051
23166,38.0938
23167,37.598
23168,37.2173
23169,41.12
23170,41.4955
23171,41.9257
23172,36.3217
23173,39.6813
23174,38.6722
23175,40.0657
23176,40.0078
23177,37.0904
23178,40.0164
23179,42.7353
23180,40.8967
23181,38.2519
23182,38.2949
23183,36.059
23184,40.6764
23185,39.4834
23186,42.8297
23187,46.6321
23188,38.6468
23189,38.7657
23190,38.4149
23191,41.898
23192,40.8598
23193,39.3898
23194,39.5275
23195,38.4011
23196,42.663
23197,41.0383
23198,38.234
23199,43.1476
23200,40.1622
23201,38.7452
23202,40.1038
23203,38.7151
23204,42.0286
23205,38.3283
23206,40.6317
23207,37.6896
23208,41.6268
23209,42.8537
23210,39.6835
23211,42.1581
23212,36.3512
23213,37.2236
23214,39.3312
23215,39.5934
23216,43.0662
23217,42.356
23218,37.5264
23219,42.8765
23220,42.0476
23221,36.0347
23222,42.7587
23223,40.8179
23224,39.5584
23225,42.5259
23226,41.6379
23227,38.3911
23228,39.6577
23229,39.5429
23230,43.2244
23231,40.4037
23232,41.1676
23233,34.65
23234,40.4319
23235,42.353
23236,41.8511
23237,43.5658
23238,44.8625
23239,39.4953
23240,34.5302
23241,41.1186
23242,38.9999
23243,42.0412
23244,37.6379
23245,37.0477
23246,36.8388
23247,41.2973
23248,37.8298
23249,37.7539
23250,35.5043
23251,42.1122
23252,40.6525
23253,39.1279
23254,38.7796
23255,39.059
23256,36.247
23257,40.1603
23258,42.2032
23259,38.587
23260,38.8019
23261,38.3371
23262,40.6789
23263,37.6979
23264,39.6455
23265,37.6074
23266,42.8847
23267,40.4973
23268,40.3369
23269,37.1151
23270,42.2073
23271,37.949
23272,40.5164
23273,41.1568
23274,41.6331
23275,41.7015
23276,39.512
23277,43.1423
23278,41.7238
23279,39.2392
23280,39.7834
23281,41.2636
23282,39.9735
23283,38.9567
23284,39.5493
23285,41.3896
23286,37.8749
23287,38.4186
23288,35.9758
23289,44.7098
23290,41.0093
23291,39.5116
23292,40.6501
23293,39.9514
23294,37.5165
23295,40.9332
23296,40.5754
23297,40.1976
23298,41.044
23299,41.6948
23300,39.6735
23301,40.4021
23302,39.4562
23303,39.5697
23304,39.2021
23305,39.0106
23306,44.0743
23307,37.9567
23308,39.9512
23309,39.5535
23310,43.2271
23311,43.8746
23312,40.9146
23313,39.0128
23314,38.8085
23315,43.711
23316,39.9844
23317,40.5849
23318,45.7271
23319,38.8072
23320,40.7884
23321,41.5173
23322,40.8292
23323,38.0307
23324,38.1735
23325,42.3694
23326,40.8184
23327,39.4283
23328,39.2472
23329,41.4041
23330,39.3202
23331,42.4249
23332,38.8073
23333,41.0119
23334,40.0333
23335,40.3943
23336,40.3395
23337,42.538
23338,39.8561
23339,39.0861
23340,41.7821
23341,39.6608
23342,38.6345
23343,40.7742
23344,39.9098
23345,42.138
23346,40.3692
23347,42.1989
23348,42.6156
23349,41.6988
23350,41.5591
23351,40.9037
23352,41.076
23353,41.5842
23354,35.7563
23355,42.0541
23356,40.6654
23357,41.8004
23358,36.2869
23359,39.6732
23360,41.2549
23361,43.6316
23362,39.8988
23363,43.307
23364,40.5456
23365,40.6051
23366,38.9389
23367,39.6971
23368,40.4729
23369,41.6432
23370,39.4346
23371,39.1512
23372,41.8178
23373,38.8026
23374,39.5823
23375,39.7448
23376,36.7776
23377,38.3359
23378,37.5775
23379,40.5041
23380,41.4408
23381,38.2698
23382,40.0522
23383,42.0593
23384,40.4058
23385,40.7984
23386,40.881
23387,36.5894
23388,34.0769
23389,38.4176
23390,40.9492
23391,40.1196
23392,39.7261
23393,41.9646
23394,41.3405
23395,40.9438
23396,38.5565
23397,41.1082
23398,37.5417
23399,41.5422
23400,41.5848
23401,36.0411
23402,37.1062
23403,40.302
23404,39.7525
23405,39.4994
23406,40.3637
23407,42.56
23408,42.2095
23409,39.9908
23410,38.0816
23411,37.2842
23412,40.4528
23413,41.34
23414,41.6063
23415,39.6276
23416,42.5448
23417,41.0659
23418,43.3023
23419,40.1599
23420,38.5338
23421,42.6083
23422,38.1629
23423,46.083
23424,38.1678
23425,41.8634
23426,38.2312
23427,40.3862
23428,38.5871
23429,39.9727
23430,40.9178
23431,43.0924
23432,40.9536
23433,39.4283
23434,43.4004
23435,40.0161
23436,40.2219
23437,40.1312
23438,40.9639
23439,38.6916
23440,43.2403
23441,42.1442
23442,41.3309
23443,40.4881
23444,40.2575
23445,40.2903
23446,37.4632
23447,40.1864
23448,42.2435
23449,40.3277
23450,39.8369
23451,37.5355
23452,37.9067
23453,38.3517
23454,42.7378
23455,37.3802
23456,37.7044
23457,39.2922
23458,39.4848
23459,41.0501
23460,36.1539
23461,40.8516
23462,41.7108
23463,39.946
23464,37.4816
23465,39.6132
23466,41.4752
23467,36.4196
23468,39.7172
23469,40.8458
23470,39.1968
23471,41.9815
23472,38.8721
23473,37.6701
23474,39.6133
23475,42.1759
23476,41.2929
23477,37.8351
23478,37.8375
23479,39.285
23480,39.8594
23481,43.1921
23482,41.0872
23483,39.0813
23484,41.9477
23485,41.8849
23486,42.3807
23487,41.5537
23488,39.937
23489,41.3759
23490,41.5497
23491,41.4813
23492,40.307
23493,38.3791
23494,38.9902
23495,40.0546
23496,41.7243
23497,37.8566
23498,38.623
23499,40.4682
23500,40.7009
23501,39.1857
23502,34.7175
23503,39.5474
23504,39.3611
23505,37.9055
23506,42.4915
23507,38.0689
23508,38.7071
23509,41.1399
23510,38.4918
23511,42.3393
23512,38.4481
23513,40.9762
23514,41.9402
23515,38.237
23516,38.58
23517,38.995
23518,37.7618
23519,37.6699
23520,38.5259
23521,43.3952
23522,39.1979
23523,38.0529
23524,38.9879
23525,38.8751
23526,41.6707
23527,39.82
23528,41.6525
23529,39.0334
23530,40.8251
23531,38.7866
23532,41.693
23533,42.2868
23534,39.8988
23535,38.7048
23536,39.9405
23537,37.6231
23538,41.5904
23539,42.3923
23540,36.2472
23541,42.9435
23542,41.3405
23543,42.5691
23544,38.9706
23545,38.9545
23546,43.5956
23547,40.2213
23548,38.7941
23549,40.3332
23550,41.6629
23551,44.6182
23552,39.0439
23553,40.695
23554,37.8864
23555,39.5071
23556,40.4467
23557,39.4579
23558,40.469
23559,41.2638
23560,41.6242
23561,42.8961
23562,40.6813
23563,41.0493
23564,42.5992
23565,38.5741
23566,41.3886
23567,41.6454
23568,38.7497
23569,40.1282
23570,39.8234
23571,40.2355
23572,39.9147
23573,40.5319
23574,41.2038
23575,39.0475
23576,43.6447
23577,34.9841
23578,41.284
23579,37.6753
23580,41.9868
23581,40.9702
23582,39.1895
23583,41.4134
23584,39.1558
23585,43.4481
23586,38.8462
23587,39.4535
23588,39.6246
23589,38.6787
23590,37.5211
23591,37.6768
23592,40.2522
23593,39.3486
23594,41.995
23595,42.1664
23596,36.8324
23597,40.0334
23598,37.8889
23599,42.6149
23600,38.4872
23601,39.8823
23602,40.3472
23603,39.2445
23604,37.6603
23605,37.578
23606,39.2934
23607,40.502
23608,37.4859
23609,37.6169
23610,39.6935
23611,40.3501
23612,43.4515
23613,41.713
23614,43.8409
23615,40.9646
23616,41.1383
23617,40.4339
23618,38.5356
23619,40.8123
23620,43.6257
23621,40.78
23622,42.1843
23623,36.0963
23624,41.8084
23625,42.596
23626,38.9671
23627,41.7601
23628,38.973
23629,37.2502
23630,41.86
23631,38.8398
23632,41.4412
23633,41.5705
23634,37.8407
23635,41.1896
23636,41.9006
23637,42.7943
23638,43.7049
23639,41.7418
23640,41.9354
23641,43.1366
23642,43.9016
23643,38.952
23644,40.4343
23645,40.7225
23646,40.0742
23647,41.5603
23648,39.6501
23649,39.8791
23650,42.0872
23651,40.4472
23652,38.9209
23653,39.5046
23654,40.9505
23655,42.8486
23656,40.0195
23657,36.6326
23658,41.0931
23659,37.3618
23660,42.9514
23661,39.7321
23662,38.5121
23663,38.6871
23664,41.0281
23665,42.0161
23666,39.7048
23667,39.106
23668,40.2642
23669,43.1322
23670,41.6764
23671,37.9789
23672,42.5297
23673,41.7493
23674,38.0872
23675,39.0425
23676,39.0942
23677,37.2746
23678,36.6035
23679,39.2089
23680,41.5358
23681,44.3068
23682,40.0483
23683,42.7621
23684,40.753
23685,43.2807
23686,39.9305
23687,40.9021
23688,43.4592
23689,39.0793
23690,40.6382
23691,39.6689
23692,37.5919
23693,40.5385
23694,37.2791
23695,39.7141
23696,36.7894
23697,41.8509
23698,45.4296
23699,38.3854
23700,38.5811
23701,40.6101
23702,37.0404
23703,41.0064
23704,42.3337
23705,36.9701
23706,37.5655
23707,44.1899
23708,41.1256
23709,39.7732
23710,39.4538
23711,38.0997
23712,43.9646
23713,42.1988
23714,38.1593
23715,40.6379
23716,39.756
23717,40.4232
23718,40.1501
23719,40.2356
23720,39.0617
23721,41.2087
23722,41.3038
23723,40.1278
23724,36.6662
23725,39.4732
23726,42.1758
23727,38.9469
23728,37.8988
23729,39.4867
23730,39.3395
23731,41.1266
23732,39.2794
23733,40.363
23734,38.5514
23735,42.7452
23736,40.2253
23737,41.6936
23738,44.3188
23739,38.224
23740,38.8036
23741,41.244
23742,40.7066
23743,38.1831
23744,39.593
23745,41.9608
23746,43.2746
23747,41.165
23748,42.5888
23749,39.6626
23750,37.8716
23751,38.2743
23752,39.9954
23753,41.8698
23754,39.1497
23755,37.1165
23756,38.1208
23757,41.0381
23758,40.3913
23759,41.9795
23760,41.8433
23761,40.1531
23762,39.5724
23763,37.0509
23764,41.8256
23765,40.6919
23766,40.6306
23767,41.3951
23768,41.6733
23769,35.8492
23770,42.9385
23771,40.7904
23772,39.1633
23773,41.5102
23774,37.9324
23775,41.5074
23776,37.2422
23777,40.1091
23778,37.349
23779,39.4101
23780,38.8764
23781,41.6072
23782,39.2179
23783,39.3543
23784,40.6947
23785,39.2516
23786,41.1997
23787,45.8972
23788,38.9322
23789,42.0202
23790,40.9448
23791,41.707
23792,40.3587
23793,41.4534
23794,39.3568
23795,42.0387
23796,40.2825
23797,38.3697
23798,39.2636
23799,39.6391
23800,37.1307
23801,40.2548
23802,42.8556
23803,40.8003
23804,38.8069
23805,40.7565
23806,41.0467
23807,41.1199
23808,40.9464
23809,42.193
23810,39.3019
23811,43.219
23812,40.0718
23813,38.8981
23814,41.4512
23815,41.9187
23816,37.9503
23817,40.1305
23818,39.4729
23819,38.1619
23820,38.2503
23821,42.0984
23822,39.0956
23823,39.9434
23824,41.7911
23825,40.0695
23826,39.6408
23827,38.4295
23828,39.8421
23829,37.254
23830,40.3671
23831,38.7124
23832,42.4553
23833,43.1677
23834,40.4944
23835,39.1185
23836,37.6563
23837,43.127
23838,39.969
23839,40.5936
23840,37.2753
23841,39.9301
23842,38.2826
23843,36.3787
23844,41.8498
23845,39.2801
23846,41.7326
23847,41.2538
23848,42.3038
23849,39.0568
23850,38.9553
23851,41.2448
23852,39.1
23853,41.494
23854,41.0123
23855,39.9246
23856,38.8502
23857,43.203
23858,40.2553
23859,42.9993
23860,38.5824
23861,41.6561
23862,43.2302
23863,39.2294
23864,39.0384
23865,39.5539
23866,42.8345
23867,41.43
23868,38.1851
23869,40.7051
23870,40.2072
23871,42.2809
23872,38.3491
23873,39.9089
23874,37.6454
23875,41.0208
23876,41.8645
23877,43.2189
23878,39.0386
23879,41.3721
23880,40.5166
23881,42.205
23882,36.3529
23883,36.6408
23884,40.4757
23885,38.1664
23886,41.0638
23887,35.7845
23888,41.6068
23889,39.7558
23890,42.8823
23891,41.778
23892,38.5104
23893,39.646
23894,39.7479
23895,38.1869
23896,35.3614
23897,38.9574
23898,39.6488
23899,39.5934
23900,39.5149
23901,36.9811
23902,38.618
23903,42.7671
23904,36.8076
23905,38.3572
23906,39.7959
23907,37.7953
23908,38.5399
23909,41.9049
23910,41.9107
23911,39.8982
23912,41.8038
23913,39.0523
23914,41.3148
23915,40.1116
23916,39.7688
23917,40.1888
23918,38.3748
23919,34.7564
23920,35.9426
23921,35.0641
23922,42.4661
23923,38.057
23924,40.8547
23925,35.5906
23926,37.0986
23927,36.4815
23928,38.8628
23929,41.9599
23930,38.1363
23931,43.0891
23932,42.1755
23933,38.8164
23934,44.1377
23935,38.3671
23936,39.8062
23937,38.8213
23938,39.7015
23939,38.6879
23940,41.8207
23941,40.7332
23942,37.0749
23943,39.1324
23944,39.0877
23945,40.7137
23946,37.7936
23947,41.7824
23948,39.7921
23949,40.7904
23950,41.4174
23951,34.5136
23952,39.311
23953,39.7508
23954,39.9416
23955,39.6662
23956,40.9162
23957,40.729
23958,40.585
23959,40.7871
23960,36.6941
23961,42.3099
23962,42.2992
23963,39.4874
23964,41.3648
23965,39.9044
23966,41.0775
23967,37.1919
23968,39.1571
23969,37.7146
23970,39.6901
23971,39.644
23972,37.1039
23973,39.9271
23974,43.5216
23975,40.0801
23976,41.416
23977,39.7934
23978,42.0117
23979,41.2816
23980,39.8362
23981,40.6327
23982,41.8744
23983,39.1011
23984,40.8641
23985,39.6336
23986,39.6414
23987,37.9365
23988,41.7803
23989,41.8229
23990,40.7265
23991,39.5482
23992,36.9335
23993,42.1241
23994,40.7058
23995,37.0629
23996,40.6655
23997,34.432
23998,38.4648
23999,39.311
24000,42.9936
24001,37.7371
24002,36.6204
24003,37.4165
24004,42.46
24005,38.6839
24006,42.3804
24007,36.919
24008,39.9053
24009,40.6113
24010,39.0208
24011,40.0354
24012,38.1053
24013,37.4795
24014,40.9443
24015,43.4659
24016,41.8982
24017,39.311
24018,39.898
24019,39.0412
24020,41.3509
24021,39.9991
24022,41.0856
24023,43.3066
24024,39.9005
24025,38.7347
24026,40.1726
24027,39.12
24028,38.741
24029,37.1336
24030,38.8079
24031,40.7209
24032,41.0365
24033,40.5711
24034,39.4914
24035,36.97
24036,36.7777
24037,42.4908
24038,37.1066
24039,43.0074
24040,42.2452
24041,40.0115
24042,42.2187
24043,42.243
24044,39.5594
24045,38.0921
24046,37.6262
24047,38.4088
24048,42.6761
24049,38.1069
24050,38.7415
24051,40.7503
24052,42.4198
24053,38.191
24054,39.5029
24055,38.3948
24056,41.5663
24057,40.1928
24058,38.7877
24059,43.7955
24060,40.0759
24061,39.7437
24062,38.2078
24063,39.8041
24064,42.3278
24065,38.879
24066,41.0415
24067,42.5025
24068,40.1619
24069,41.7771
24070,40.238
24071,37.1017
24072,36.1709
24073,43.2185
24074,39.8226
24075,37.9715
24076,41.3961
24077,41.6127
24078,38.5158
24079,36.0628
24080,41.8902
24081,43.4753
24082,42.4468
24083,39.4832
24084,40.477
24085,41.2752
24086,39.5867
24087,43.4063
24088,42.2333
24089,39.4328
24090,42.5425
24091,41.6489
24092,41.6946
24093,41.7184
24094,36.2152
24095,40.3545
24096,42.8275
24097,41.5098
24098,36.9351
24099,44.7579
24100,43.0509
24101,42.3784
24102,39.7127
24103,39.8641
24104,44.2177
24105,37.1997
24106,41.8346
24107,37.9592
24108,37.9307
24109,39.0104
24110,39.4313
24111,40.3626
24112,39.3566
24113,37.6347
24114,38.4367
24115,41.0544
24116,41.294
24117,39.8492
24118,43.5036
24119,37.7517
24120,38.6439
24121,39.8026
24122,41.4031
24123,42.243
24124,41.396
24125,41.9369
24126,42.3657
24127,42.1705
24128,41.234
24129,43.9734
24130,38.9629
24131,41.8554
24132,39.238
24133,40.3445
24134,38.3582
24135,36.2805
24136,38.4009
24137,41.2458
24138,38.1001
24139,41.9802
24140,38.3798
24141,41.1605
24142,38.608
24143,38.1093
24144,39.8038
24145,39.5397
24146,36.5044
24147,40.7635
24148,35.9736
24149,38.201
24150,38.0194
24151,39.121
24152,37.7614
24153,41.8724
24154,43.9498
24155,40.232
24156,42.1856
24157,37.2608
24158,37.8953
24159,38.1541
24160,38.1484
24161,43.2522
24162,39.6912
24163,38.9234
24164,44.7607
24165,40.3099
24166,41.3516
24167,41.2996
24168,36.0087
24169,42.4757
24170,35.1889
24171,40.9725
24172,41.9099
24173,38.2057
24174,37.3257
24175,37.5868
24176,37.8383
24177,40.1978
24178,40.1735
24179,37.3957
24180,39.358
24181,40.6725
24182,40.4792
24183,42.2441
24184,40.3107
24185,36.3487
24186,42.0173
24187,39.1605
24188,42.0824
24189,39.707
24190,39.9011
24191,39.305
24192,41.2068
24193,37.4506
24194,39.2172
24195,40.9103
24196,38.1384
24197,38.0353
24198,39.8025
24199,39.1159
24200,42.8789
24201,35.7371
24202,38.3833
24203,40.0168
24204,41.5029
24205,40.8555
24206,39.097
24207,37.6216
24208,36.1539
24209,40.8578
24210,39.1108
24211,37.2769
24212,41.9745
24213,38.0654
24214,38.0521
24215,41.1305
24216,39.1697
24217,37.3615
24218,38.4452
24219,38.2263
24220,35.9115
24221,38.7976
24222,38.5237
24223,38.7871
24224,40.9125
24225,42.9859
24226,39.5328
24227,39.2052
24228,41.7779
24229,39.1178
24230,38.031
24231,39.9644
24232,40.0107
24233,44.9789
24234,45.1933
24235,37.8537
24236,39.98
24237,42.6257
24238,40.6117
24239,39.2826
24240,39.9724
24241,42.4021
24242,40.3371
24243,37.3714
24244,39.6794
24245,36.838
24246,40.6048
24247,42.9052
24248,39.1622
24249,41.2921
24250,40.9554
24251,44.5922
24252,39.8769
24253,40.5424
24254,40.9964
24255,41.4785
24256,41.408
24257,40.1645
24258,41.3247
24259,38.1533
24260,38.5958
24261,40.4606
24262,38.6623
24263,42.5468
24264,42.6626
24265,38.6951
24266,40.8182
24267,40.3444
24268,38.1845
24269,37.7594
24270,40.0086
24271,41.6745
24272,35.7328
24273,38.2712
24274,39.7058
24275,44.3863
24276,42.5829
24277,40.1014
24278,38.0404
24279,40.9113
24280,38.3329
24281,37.166
24282,38.1266
24283,38.5332
24284,41.3124
24285,36.3607
24286,40.1536
24287,41.2399
24288,39.4805
24289,34.6228
24290,39.912
24291,43.1697
24292,39.6524
24293,41.2482
24294,43.3306
24295,36.0506
24296,40.2623
24297,41.4168
24298,38.2506
24299,39.0781
24300,39.8404
24301,41.384
24302,42.5371
24303,42.8313
24304,37.1576
24305,43.0688
24306,37.5581
24307,41.2694
24308,43.1335
24309,38.5813
24310,38.39
24311,37.829
24312,40.6828
24313,41.3668
24314,38.27
24315,42.0817
24316,41.9402
24317,36.5064
24318,36.4141
24319,40.2901
24320,41.3376
24321,41.6843
24322,41.5792
24323,39.7474
24324,41.0928
24325,40.2603
24326,36.6387
24327,41.1884
24328,38.2281
24329,38.9013
24330,40.2829
24331,38.4672
24332,41.1834
24333,38.3115
24334,43.4269
24335,41.0845
24336,41.6625
24337,39.5492
24338,39.2377
24339,41.0375
24340,40.4854
24341,42.2096
24342,38.1949
24343,39.1716
24344,43.595
24345,39.0106
24346,42.525
24347,38.985
24348,39.0596
24349,36.8131
24350,38.0647
24351,41.162
24352,44.1509
24353,39.0586
24354,41.2554
24355,36.4457
24356,45.6068
24357,41.1314
24358,39.623
24359,42.3512
24360,45.9345
24361,40.1875
24362,39.9604
24363,39.1374
24364,35.3996
24365,39.1833
24366,39.995
24367,40.6058
24368,38.9303
24369,38.533
24370,40.4505
24371,42.3285
24372,40.311
24373,40.5242
24374,41.0147
24375,39.3441
24376,42.2116
24377,39.4864
24378,37.67
24379,40.8043
24380,39.9412
24381,36.6146
24382,42.024
24383,44.3732
24384,35.5971
24385,40.8495
24386,34.7779
24387,42.6287
24388,39.3298
24389,42.2701
24390,40.4565
24391,37.7616
24392,42.0976
24393,41.1408
24394,37.8844
24395,38.3942
24396,40.0068
24397,41.704
24398,41.6556
24399,40.3862
24400,40.7504
24401,41.0757
24402,37.973
24403,41.5015
24404,40.5095
24405,39.7218
24406,42.9393
24407,39.4121
24408,38.8127
24409,37.8134
24410,38.093
24411,40.5476
24412,41.6008
24413,39.8636
24414,35.9519
24415,40.4961
24416,39.9453
24417,41.5254
24418,43.1334
24419,41.9521
24420,43.8062
24421,37.1504
24422,39.5672
24423,39.0437
24424,40.2837
24425,45.0547
24426,44.396
24427,38.4319
24428,42.0106
24429,36.9697
24430,39.2599
24431,39.3461
24432,42.4962
24433,38.5144
24434,40.0541
24435,42.314
24436,39.5789
24437,45.3622
24438,41.2984
24439,39.7122
24440,43.4972
24441,42.1888
24442,39.7207
24443,41.9678
24444,37.2229
24445,38.6452
24446,39.179
24447,42.5083
24448,37.5134
24449,39.5061
24450,38.2107
24451,40.053
24452,39.8173
24453,37.3093
24454,39.3755
24455,42.2109
24456,40.3618
24457,40.7896
24458,38.6663
24459,38.4521
24460,36.5112
24461,37.0119
24462,41.6872
24463,36.3235
24464,36.9685
24465,42.7422
24466,37.3137
24467,36.9826
24468,38.2337
24469,39.9307
24470,40.114
24471,42.1131
24472,39.478
24473,40.1362
24474,37.0322
24475,39.1333
24476,41.4865
24477,39.4355
24478,37.768
24479,37.4907
24480,43.0377
24481,39.7489
24482,41.3276
24483,40.2809
24484,43.5971
24485,41.1506
24486,42.6839
24487,40.693
24488,39.8637
24489,41.9185
24490,40.9305
24491,37.412
24492,37.5753
24493,37.4271
24494,36.9347
24495,36.7766
24496,41.5142
24497,40.8488
24498,41.9661
24499,43.6544
24500,43.0493
24501,42.2509
24502,44.992
24503,39.3042
24504,39.1292
24505,44.3512
24506,38.4152
24507,39.9038
24508,44.1233
24509,39.9002
24510,39.0691
24511,38.8948
24512,42.8692
24513,40.7783
24514,39.7161
24515,40.5791
24516,35.809
24517,39.6257
24518,40.9354
24519,39.5311
24520,38.7116
24521,40.6081
24522,38.6907
24523,37.9591
24524,41.7653
24525,38.1486
24526,41.4721
24527,42.4565
24528,41.2889
24529,38.9748
24530,41.2082
24531,38.2847
24532,39.8233
24533,41.2653
24534,44.2566
24535,37.5825
24536,37.1234
24537,43.2692
24538,37.7314
24539,38.1643
24540,37.5769
24541,41.5022
24542,39.9228
24543,44.097
24544,40.4
24545,40.3506
24546,41.4511
24547,40.896
24548,39.9454
24549,40.0803
24550,36.3746
24551,37.6582
24552,41.8237
24553,41.3964
24554,40.6512
24555,39.7461
24556,40.2248
24557,40.7454
24558,39.2842
24559,43.3885
24560,40.2845
24561,38.861
24562,40.3058
24563,36.3114
24564,32.8374
24565,44.7088
24566,42.0222
24567,38.2321
24568,40.4336
24569,41.2911
24570,40.3143
24571,39.6976
24572,43.3663
24573,41.8831
24574,40.6019
24575,37.7386
24576,40.7394
24577,39.8953
24578,40.3989
24579,41.7625
24580,37.5456
24581,40.0445
24582,43.9615
24583,40.6577
24584,40.0572
24585,40.0976
24586,35.8326
24587,40.751
24588,41.6563
24589,36.6618
24590,41.5458
24591,39.9661
24592,41.098
24593,37.4728
24594,39.9738
24595,40.3058
24596,40.9204
24597,38.3796
24598,43.539
24599,42.5292
24600,43.2968
24601,42.7748
24602,38.6167
24603,41.717
24604,40.5347
24605,37.9542
24606,40.4009
24607,36.9522
24608,41.7329
24609,43.2712
24610,44.0945
24611,40.6846
24612,40.8404
24613,41.6832
24614,41.1819
24615,43.0278
24616,41.6539
24617,40.9122
24618,40.0602
24619,40.7763
24620,42.0093
24621,34.5502
24622,38.582
24623,37.8269
24624,37.8387
24625,39.1321
24626,39.9976
24627,41.0883
24628,42.518
24629,40.479
24630,39.9683
24631,40.5703
24632,38.5951
24633,40.0424
24634,40.3339
24635,34.9581
24636,38.6194
24637,36.4456
24638,36.4398
24639,40.9554
24640,41.3149
24641,40.7943
24642,38.7147
24643,40.9873
24644,39.3249
24645,37.9859
24646,38.0827
24647,39.4158
24648,41.3453
24649,39.7218
24650,42.2719
24651,39.271
24652,38.3633
24653,40.2564
24654,42.7768
24655,39.3457
24656,38.1728
24657,40.6156
24658,41.3189
24659,40.6467
24660,34.7636
24661,42.4637
24662,39.1071
24663,38.3935
24664,41.7386
24665,39.0872
24666,38.9488
24667,40.1894
24668,41.3749
24669,40.7544
24670,41.3826
24671,39.8188
24672,42.2457
24673,41.3709
24674,35.6547
24675,43.1679
24676,40.7506
24677,38.0688
24678,39.0264
24679,39.9531
24680,39.4913
24681,40.9881
24682,38.3102
24683,37.8719
24684,36.6142
24685,39.9018
24686,36.9434
24687,37.2293
24688,38.2286
24689,40.8392
24690,41.8337
24691,41.8548
24692,38.4472
24693,40.2629
24694,40.9706
24695,43.7299
24696,39.1203
24697,39.885
24698,41.5878
24699,40.7853
24700,37.5866
24701,38.858
24702,40.6459
24703,40.6639
24704,36.333
24705,40.0119
24706,40.3389
24707,38.8398
24708,42.4248
24709,40.1292
24710,39.3883
24711,38.7406
24712,39.9436
24713,37.2639
24714,41.431
24715,40.8246
24716,38.5209
24717,40.1264
24718,41.1868
24719,40.6315
24720,41.003
24721,42.3923
24722,39.801
24723,36.5405
24724,40.3136
24725,40.4762
24726,41.8366
24727,39.4078
24728,39.3766
24729,38.4519
24730,40.8146
24731,38.8983
24732,42.5293
24733,42.2349
24734,42.5697
24735,41.6958
24736,39.0902
24737,40.5079
24738,42.8075
24739,33.257
24740,40.6222
24741,39.3269
24742,39.484
24743,39.7924
24744,39.1066
24745,38.9551
24746,39.0432
24747,37.3815
24748,37.0306
24749,40.6381
24750,41.635
24751,42.5773
24752,42.5831
24753,38.6491
24754,41.9166
24755,40.2967
24756,38.1364
24757,40.6079
24758,43.2556
24759,41.0913
24760,46.02
24761,38.7539
24762,38.6061
24763,41.3832
24764,34.4957
24765,36.5764
24766,40.0777
24767,38.2317
24768,39.8265
24769,39.0353
24770,42.135
24771,39.0287
24772,39.1103
24773,35.4261
24774,39.4883
24775,42.0267
24776,41.6286
24777,40.4912
24778,38.7415
24779,41.0864
24780,38.1127
24781,44.3319
24782,40.9279
24783,38.5759
24784,39.1047
24785,36.9434
24786,40.7244
24787,39.8166
24788,39.4245
24789,36.9946
24790,39.3531
24791,39.3538
24792,42.2342
24793,41.8318
24794,39.2091
24795,39.4532
24796,42.795
24797,39.1609
24798,40.4399
24799,42.4298
24800,36.4178
24801,39.1993
24802,40.5291
24803,40.8206
24804,41.4937
24805,39.5931
24806,39.5537
24807,39.8926
24808,40.0947
24809,43.1553
24810,37.7708
24811,38.0966
24812,40.3001
24813,40.6053
24814,40.9468
24815,40.7197
24816,42.4129
24817,38.1541
24818,39.6491
24819,41.3856
24820,37.2978
24821,41.7603
24822,40.1879
24823,40.1038
24824,40.3975
24825,38.5892
24826,37.6642
24827,41.6237
24828,39.4999
24829,42.7335
24830,36.0777
24831,38.2329
24832,43.2385
24833,37.0826
24834,37.1345
24835,42.6695
24836,38.9743
24837,38.6578
24838,41.2739
24839,39.9609
24840,41.8026
24841,41.888
24842,41.5169
24843,38.4698
24844,40.442
24845,38.9971
24846,42.7445
24847,40.1751
24848,39.3119
24849,38.1327
24850,38.2673
24851,41.1336
24852,39.7629
24853,37.5048
24854,40.1857
24855,40.5333
24856,41.2798
24857,38.6048
24858,40.8498
24859,36.3315
24860,38.3441
24861,39.4826
24862,38.4236
24863,44.1445
24864,42.0471
24865,40.3204
24866,39.0057
24867,37.6263
24868,43.0948
24869,41.7041
24870,39.2141
24871,41.6522
24872,38.3849
24873,39.6626
24874,42.4599
24875,38.9343
24876,41.1808
24877,41.0569
24878,39.4704
24879,38.4955
24880,42.0307
24881,39.7156
24882,41.325
24883,41.0591
24884,42.3155
24885,42.5893
24886,40.2668
24887,39.7866
24888,39.1113
24889,40.2811
24890,40.9689
24891,37.6794
24892,39.2145
24893,39.5319
24894,45.5624
24895,41.3947
24896,38.6705
24897,39.9592
24898,37.0983
24899,40.5357
24900,37.9913
24901,40.303
24902,38.1211
24903,39.2234
24904,39.2437
24905,38.7231
24906,38.6449
24907,39.4129
24908,39.5772
24909,37.717
24910,40.0415
24911,37.8726
24912,40.3326
24913,39.5333
24914,40.6279
24915,39.4844
24916,38.2578
24917,40.3432
24918,38.4721
24919,40.6886
24920,41.8533
24921,39.9721
24922,42.3868
24923,39.2694
24924,39.402
24925,40.8114
24926,43.5697
24927,36.626
24928,38.6011
24929,42.5934
24930,39.3237
24931,43.6847
24932,39.3008
24933,38.5407
24934,40.8264
24935,38.5734
24936,37.5433
24937,37.0458
24938,38.3017
24939,41.5248
24940,42.354
24941,41.4706
24942,40.2634
24943,38.4553
24944,39.6816
24945,35.1293
24946,40.7633
24947,42.4282
24948,37.772
24949,39.8128
24950,39.9677
24951,38.1213
24952,39.2177
24953,42.5418
24954,42.2292
24955,39.3741
24956,35.5484
24957,38.615
24958,39.9565
24959,37.7067
24960,41.7069
24961,40.9722
24962,40.5424
24963,40.1173
24964,38.9099
24965,38.0243
24966,39.4061
24967,42.0794
24968,42.9517
24969,38.4428
24970,39.7006
24971,40.187
24972,40.6548
24973,40.2081
24974,37.7382
24975,39.2112
24976,39.8151
24977,40.5655
24978,39.7771
24979,43.6826
24980,41.8613
24981,39.855
24982,40.0457
24983,42.0273
24984,41.7897
24985,42.1439
24986,40.3604
24987,43.429
24988,38.4602
24989,37.6055
24990,38.169
24991,36.5517
24992,41.0167
24993,38.9725
24994,37.1403
24995,39.6601
24996,36.6844
24997,38.2973
24998,39.4161
24999,39.9606
25000,37.6646
25001,40.3486
25002,42.6255
25003,43.0607
25004,36.3776
25005,37.6336
25006,41.0864
25007,42.1629
25008,42.0192
25009,37.4421
25010,39.3725
25011,39.2339
25012,38.9701
25013,40.6663
25014,36.8759
25015,39.7517
25016,40.6481
25017,39.9415
25018,40.867
25019,39.4914
25020,40.8539
25021,43.3187
25022,39.5513
25023,42.3449
25024,41.2147
25025,43.0425
25026,42.8884
25027,36.8251
25028,40.7199
25029,37.9158
25030,42.1137
25031,41.2285
25032,43.9637
25033,44.0412
25034,41.2459
25035,36.7854
25036,38.1749
25037,41.3931
25038,38.5267
25039,38.2037
25040,36.9571
25041,40.6963
25042,42.889
25043,40.0292
25044,41.5196
25045,35.6005
25046,40.0142
25047,42.63
25048,38.3544
25049,40.9508
25050,43.3387
25051,38.2032
25052,39.7582
25053,38.0176
25054,40.9027
25055,39.903
25056,38.777
25057,39.2147
25058,37.9584
25059,39.3184
25060,40.8988
25061,40.2968
25062,38.0405
25063,41.1023
25064,37.921
25065,41.308
25066,39.2227
25067,39.1257
25068,42.4433
25069,41.0531
25070,37.5772
25071,41.9433
25072,41.1396
25073,40.1266
25074,38.1372
25075,41.2585
25076,39.695
25077,41.3553
25078,38.6161
25079,42.7318
25080,37.5295
25081,41.6184
25082,40.9365
25083,40.9583
25084,39.4354
25085,40.1724
25086,38.3685
25087,38.7815
25088,39.6879
25089,41.117
25090,40.498
25091,39.6932
25092,40.1871
25093,38.2103
25094,40.8268
25095,38.0889
25096,39.9758
25097,35.4558
25098,39.1132
25099,44.6592
25100,41.0468
25101,42.3114
25102,38.7102
25103,43.947
25104,42.3507
25105,35.2283
25106,41.0571
25107,39.9029
25108,40.4875
25109,41.5724
25110,38.2704
25111,39.1403
25112,39.7025
25113,38.0084
25114,41.5343
25115,39.8431
25116,38.0282
25117,39.6645
25118,37.0411
25119,40.2128
25120,38.8042
25121,37.0685
25122,44.8203
25123,39.071
25124,35.8889
25125,45.1637
25126,39.5514
25127,41.1266
25128,42.3649
25129,42.6314
25130,41.3777
25131,37.7839
25132,41.8501
25133,38.2624
25134,40.3472
25135,39.0418
25136,42.7175
25137,39.4134
25138,40.3707
25139,38.2027
25140,40.3414
25141,39.3502
25142,41.8067
25143,40.98
25144,36.7778
25145,39.9379
25146,41.6765
25147,40.0237
25148,42.7256
25149,42.0284
25150,41.0436
25151,39.5764
25152,44.2781
25153,36.6285
25154,37.9241
25155,41.5704
25156,41.4627
25157,40.1322
25158,37.8387
25159,37.6268
25160,35.8064
25161,42.014
25162,40.7048
25163,41.4168
25164,39.8404
25165,35.7303
25166,37.6829
25167,41.8609
25168,40.7576
25169,37.9251
25170,41.1651
25171,36.6766
25172,41.7083
25173,41.2042
25174,40.0262
25175,43.5272
25176,40.2859
25177,41.462
25178,38.9698
25179,38.1608
25180,43.2176
25181,39.7482
25182,41.7679
25183,43.9637
25184,39.7922
25185,41.183
25186,42.1339
25187,43.5571
25188,38.3676
25189,39.3773
25190,39.0582
25191,41.3419
25192,38.8265
25193,39.2939
25194,41.955
25195,40.9701
25196,42.6364
25197,39.8989
25198,39.5931
25199,41.4977
25200,39.357
25201,39.2354
25202,41.9754
25203,39.168
25204,45.2308
25205,40.9966
25206,38.9674
25207,42.9612
25208,42.2321
25209,42.2695
25210,38.5187
25211,39.0959
25212,40.6704
25213,39.4522
25214,43.0992
25215,40.2501
25216,39.1781
25217,40.2926
25218,40.7243
25219,36.4806
25220,40.105
25221,42.9247
25222,39.6929
25223,42.8257
25224,40.0716
25225,43.1509
25226,42.6028
25227,35.8808
25228,41.7887
25229,38.939
25230,38.9455
25231,38.9585
25232,41.3245
25233,40.2493
25234,38.4315
25235,39.2911
25236,38.13
25237,39.3852
25238,38.9703
25239,41.8291
25240,41.0863
25241,44.8768
25242,40.948
25243,40.2183
25244,38.2853
25245,41.737
25246,42.7107
25247,41.2506
25248,41.7977
25249,39.5581
25250,39.9824
25251,39.6649
25252,36.5656
25253,42.5972
25254,40.7226
25255,38.7662
25256,37.5283
25257,39.6892
25258,42.4033
25259,36.6845
25260,42.4643
25261,40.2793
25262,38.3268
25263,39.6626
25264,39.742
25265,38.8138
25266,37.7546
25267,39.308
25268,43.348
25269,39.3264
25270,40.7184
25271,37.0333
25272,43.3218
25273,38.6641
25274,36.7101
25275,40.9999
25276,41.0686
25277,39.7795
25278,39.478
25279,42.4416
25280,39.3777
25281,39.5284
25282,43.0904
25283,39.4792
25284,37.8186
25285,39.4087
25286,44.6252
25287,37.4394
25288,39.2757
25289,40.5785
25290,37.6172
25291,42.3826
25292,41.9366
25293,38.3941
25294,39.8405
25295,41.5155
25296,36.6496
25297,39.4801
25298,42.1628
25299,37.8524
25300,40.0378
25301,40.1769
25302,36.8359
25303,44.3428
25304,42.1712
25305,42.1273
25306,41.0617
25307,42.297
25308,42.4001
25309,40.2414
25310,38.9241
25311,41.7264
25312,38.8581
25313,44.0878
25314,41.1316
25315,40.5481
25316,42.2799
25317,41.42
25318,41.1606
25319,39.8313
25320,39.8432
25321,39.3601
25322,41.3306
25323,39.9736
25324,40.2397
25325,43.8807
25326,37.6366
25327,38.8334
25328,38.411
25329,41.5414
25330,40.1809
25331,42.1946
25332,39.9925
25333,36.5766
25334,40.071
25335,40.2334
25336,41.7267
25337,39.3002
25338,38.4842
25339,41.4266
25340,40.8016
25341,40.0775
25342,39.9374
25343,36.2453
25344,38.1601
25345,38.5419
25346,42.7346
25347,43.5143
25348,40.6309
25349,39.9449
25350,41.057
25351,40.9724
25352,42.5722
25353,39.3279
25354,38.6979
25355,42.9306
25356,38.985
25357,38.0672
25358,41.7343
25359,43.3098
25360,41.0714
25361,39.0644
25362,39.3093
25363,41.8828
25364,39.8846
25365,43.2572
25366,36.1551
25367,41.2512
25368,38.929
25369,41.4667
25370,39.7552
25371,39.2922
25372,40.074
25373,37.6337
25374,39.5461
25375,38.3321
25376,40.7511
25377,40.1424
25378,39.0399
25379,39.7147
25380,42.7317
25381,38.6417
25382,43.0602
25383,37.4526
25384,39.9724
25385,38.3375
25386,39.8461
25387,36.5008
25388,39.0279
25389,37.0877
25390,39.0811
25391,40.4406
25392,40.33
25393,36.3124
25394,41.0691
25395,39.6154
25396,40.9714
25397,37.4495
25398,40.4023
25399,39.2193
25400,41.4303
25401,41.0201
25402,43.5332
25403,37.9593
25404,40.2245
25405,42.1472
25406,42.5583
25407,39.8984
25408,39.1164
25409,37.2401
25410,40.787
25411,39.6092
25412,40.6589
25413,39.5313
25414,36.7822
25415,36.1396
25416,41.7854
25417,39.3435
25418,41.3563
25419,42.4433
25420,41.2748
25421,40.373
25422,42.7953
25423,39.9608
25424,42.7984
25425,41.4873
25426,41.6124
25427,39.4403
25428,37.851
25429,35.3905
25430,40.1429
25431,40.6203
25432,36.7064
25433,35.5162
25434,38.3171
25435,37.348
25436,39.4507
25437,40.6688
25438,39.3026
25439,39.4535
25440,40.0685
25441,45.773
25442,37.8825
25443,41.9893
25444,37.839
25445,39.4426
25446,38.2341
25447,41.0656
25448,39.2065
25449,43.7282
25450,37.7105
25451,40.9901
25452,39.5554
25453,39.7467
25454,38.8729
25455,40.4804
25456,39.187
25457,40.3213
25458,40.6522
25459,38.1651
25460,43.022
25461,39.4603
25462,38.9065
25463,39.896
25464,39.8672
25465,40.9452
25466,37.5282
25467,40.0014
25468,40.4353
25469,39.6624
25470,39.639
25471,40.2616
25472,40.7359
25473,40.1985
25474,39.0588
25475,36.1841
25476,42.9123
25477,39.4647
25478,42.0698
25479,39.288
25480,39.2525
25481,36.9924
25482,42.4571
25483,40.8526
25484,39.6155
25485,39.3377
25486,36.6094
25487,42.3929
25488,40.915
25489,38.7463
25490,41.1632
25491,43.446
25492,40.3536
25493,40.5565
25494,41.6623
25495,37.6675
25496,40.633
25497,40.5606
25498,36.9064
25499,42.5909
25500,40.3832
25501,37.9798
25502,37.5413
25503,41.1809
25504,42.6281
25505,40.4722
25506,40.9855
25507,37.4779
25508,39.3717
25509,36.8259
25510,36.8088
25511,39.8198
25512,38.0669
25513,38.5854
25514,38.7843
25515,38.0632
25516,37.7823
25517,41.9078
25518,36.8454
25519,40.6269
25520,37.8319
25521,39.9526
25522,37.2132
25523,42.2396
25524,39.8705
25525,39.6745
25526,39.8006
25527,39.1963
25528,38.4229
25529,37.4573
25530,39.6568
25531,40.3455
25532,40.5594
25533,38.9752
25534,38.4801
25535,39.1634
25536,37.6247
25537,40.4251
25538,39.8445
25539,37.0827
25540,37.6132
25541,40.7134
25542,38.485
25543,38.6564
25544,39.3823
25545,41.3369
25546,39.5269
25547,40.1853
25548,40.8646
25549,36.3124
25550,40.7334
25551,37.9896
25552,40.4362
25553,40.2123
25554,41.9518
25555,41.0899
25556,39.2352
25557,41.278
25558,40.9268
25559,39.162
25560,40.914
25561,37.981
25562,39.3804
25563,40.191
25564,40.7838
25565,41.0456
25566,40.042
25567,39.1665
25568,40.7245
25569,41.8932
25570,40.0723
25571,40.7986
25572,43.1153
25573,39.9338
25574,37.7486
25575,43.4088
25576,41.954
25577,36.0482
25578,37.4432
25579,42.1279
25580,39.6882
25581,42.5854
25582,38.073
25583,42.4841
25584,42.0736
25585,38.9365
25586,39.1209
25587,40.1357
25588,41.3559
25589,38.8166
25590,40.0828
25591,41.2655
25592,39.2249
25593,39.5835
25594,42.1868
25595,39.1922
25596,40.3302
25597,40.1209
25598,40.5306
25599,36.691
25600,38.8579
25601,38.2958
25602,38.2396
25603,43.0379
25604,39.4979
25605,37.9233
25606,41.1944
25607,40.4024
25608,40.0857
25609,37.2098
25610,40.1675
25611,37.9005
25612,41.0592
25613,38.9289
25614,39.1471
25615,39.601
25616,37.8254
25617,39.7166
25618,38.9543
25619,41.4019
25620,41.2604
25621,37.2028
25622,39.0512
25623,41.1278
25624,39.4598
25625,41.5591
25626,42.0427
25627,36.1038
25628,39.2057
25629,39.2152
25630,38.3962
25631,42.7942
25632,38.9767
25633,41.5358
25634,41.2878
25635,39.6785
25636,41.0835
25637,38.6823
25638,41.9146
25639,41.1251
25640,39.8266
25641,43.4077
25642,39.8347
25643,36.6373
25644,40.2435
25645,40.2216
25646,39.4657
25647,41.7175
25648,40.5549
25649,40.6453
25650,42.7313
25651,42.2573
25652,38.5061
25653,38.9844
25654,37.762
25655,40.5684
25656,40.3575
25657,41.135
25658,39.4987
25659,39.3624
25660,39.0192
25661,38.4784
25662,39.5844
25663,43.4434
25664,37.2218
25665,38.2508
25666,41.159
25667,42.8192
25668,38.2453
25669,37.4225
25670,39.3182
25671,38.6225
25672,38.9547
25673,37.5463
25674,40.5328
25675,43.5124
25676,42.0029
25677,43.1859
25678,39.0487
25679,40.8995
25680,41.9199
25681,39.4077
25682,38.4843
25683,40.4582
25684,40.3634
25685,38.1129
25686,41.3029
25687,42.4535
25688,39.7991
25689,42.431
25690,41.9876
25691,38.5807
25692,39.1634
25693,39.7239
25694,40.5035
25695,41.2016
25696,43.987
25697,38.5428
25698,42.144
25699,40.8334
25700,37.7438
25701,41.8651
25702,39.5985
25703,38.8512
25704,38.1499
25705,36.2903
25706,39.619
25707,38.1136
25708,38.5796
25709,40.1167
25710,42.8556
25711,41.1691
25712,38.914
25713,36.1874
25714,41.2691
25715,41.3041
25716,38.1702
25717,39.5609
25718,42.5361
25719,38.687
25720,36.0886
25721,38.4351
25722,41.84
25723,43.3892
25724,39.1603
25725,36.3419
25726,40.4743
25727,39.9415
25728,38.2537
25729,42.643
25730,37.9927
25731,44.6682
25732,43.0207
25733,38.2294
25734,41.1966
25735,40.8518
25736,39.2983
25737,37.2838
25738,42.2373
25739,41.5648
25740,35.9129
25741,40.3809
25742,40.6854
25743,38.3027
25744,40.4736
25745,36.9123
25746,41.7185
25747,40.5606
25748,38.5884
25749,41.2516
25750,39.545
25751,39.916
25752,43.1579
25753,39.043
25754,44.9986
25755,37.7467
25756,41.5353
25757,41.7206
25758,39.5547
25759,40.7226
25760,42.195
25761,38.5182
25762,40.0817
25763,37.5366
25764,36.9097
25765,40.5464
25766,40.2033
25767,39.9628
25768,39.2419
25769,41.6963
25770,43.6431
25771,42.4589
25772,39.7986
25773,43.3529
25774,38.7937
25775,38.4296
25776,44.2711
25777,39.8951
25778,40.9705
25779,38.8713
25780,40.0345
25781,38.6407
25782,39.4075
25783,38.2813
25784,42.3737
25785,44.1784
25786,43.6431
25787,43.156
25788,38.6381
25789,39.194
25790,40.2661
25791,38.098
25792,39.0772
25793,39.4186
25794,41.8805
25795,41.1403
25796,39.0426
25797,36.0068
25798,43.1144
25799,38.0539
25800,41.3729
25801,41.2922
25802,38.2135
25803,39.7057
25804,39.5134
25805,40.9232
25806,39.6774
25807,39.0864
25808,39.3936
25809,37.3269
25810,41.0632
25811,38.8761
25812,40.3192
25813,40.0206
25814,38.3149
25815,37.6673
25816,41.0589
25817,38.1622
25818,45.1053
25819,37.2855
25820,39.2592
25821,39.0301
25822,45.9203
25823,37.8102
25824,40.71
25825,41.6407
25826,40.7898
25827,38.4701
25828,39.5193
25829,37.9958
25830,38.8916
25831,38.1027
25832,41.5872
25833,42.2348
25834,42.0127
25835,39.2195
25836,36.5388
25837,39.9869
25838,36.7699
25839,42.0346
25840,39.321
25841,37.6593
25842,40.6863
25843,38.3444
25844,40.9441
25845,41.1502
25846,43.032
25847,41.1885
25848,39.559
25849,42.6636
25850,37.7984
25851,40.5253
25852,41.1396
25853,39.932
25854,35.5324
25855,40.5473
25856,40.4957
25857,39.1416
25858,41.0902
25859,39.3416
25860,41.3702
25861,43.1347
25862,43.4678
25863,38.1612
25864,38.9784
25865,41.4618
25866,37.0948
25867,40.2112
25868,34.9934
25869,41.2423
25870,40.7501
25871,38.8029
25872,41.9362
25873,41.2942
25874,37.848
25875,36.9774
25876,39.2877
25877,42.4123
25878,42.6246
25879,39.537
25880,41.8747
25881,42.0284
25882,40.2026
25883,40.0363
25884,41.1774
25885,40.3178
25886,42.1228
25887,39.322
25888,43.9567
25889,37.9773
25890,45.2201
25891,43.7012
25892,47.4815
25893,41.6389
25894,40.1634
25895,42.5868
25896,39.6549
25897,41.0152
25898,44.0524
25899,37.4298
25900,43.0705
25901,44.202
25902,34.6503
25903,39.0309
25904,38.259
25905,38.9066
25906,42.0076
25907,41.3893
25908,42.4902
25909,39.563
25910,42.4247
25911,40.8631
25912,40.0086
25913,38.4454
25914,37.4751
25915,42.0469
25916,41.8272
25917,40.8017
25918,38.1975
25919,39.3825
25920,39.3539
25921,36.6918
25922,40.2125
25923,38.9831
25924,36.0653
25925,40.73
25926,38.7722
25927,41.5549
25928,38.0685
25929,37.9221
25930,42.1897
25931,37.175
25932,41.0899
25933,41.957
25934,37.3801
25935,40.5004
25936,39.7235
25937,40.4121
25938,41.9921
25939,40.1388
25940,41.9579
25941,38.8339
25942,38.606
25943,44.3458
25944,45.5918
25945,38.6815
25946,39.8478
25947,40.8705
25948,42.0795
25949,39.741
25950,40.6561
25951,45.2375
25952,39.4644
25953,40.7213
25954,41.8632
25955,42.2168
25956,40.5036
25957,40.4509
25958,40.5748
25959,37.3332
25960,37.9682
25961,40.4929
25962,40.3327
25963,37.2435
25964,40.9695
25965,39.5727
25966,39.5417
25967,36.8151
25968,38.2003
25969,40.4828
25970,37.9173
25971,39.2098
25972,36.7636
25973,40.4132
25974,41.065
25975,41.3654
25976,39.3906
25977,39.7102
25978,38.1154
25979,41.1107
25980,36.9545
25981,40.2632
25982,40.4775
25983,42.9094
25984,39.4043
25985,39.1084
25986,42.4222
25987,39.3045
25988,39.3543
25989,40.8229
25990,43.6413
25991,43.368
25992,39.2164
25993,40.2234
25994,40.9467
25995,41.7203
25996,37.6647
25997,40.0468
25998,40.1772
25999,44.3896
26000,38.0386
26001,42.9463
26002,36.6568
26003,39.0698
26004,39.9434
26005,41.9275
26006,40.2554
26007,43.2336
26008,37.9207
26009,39.0574
26010,37.0444
26011,36.1125
26012,37.1931
26013,36.7196
26014,39.0614
26015,38.8384
26016,39.8173
26017,37.5933
26018,42.6539
26019,44.4941
26020,36.8753
26021,39.4159
26022,37.5209
26023,42.6085
26024,39.7923
26025,39.357
26026,39.3686
26027,41.8841
26028,43.0902
26029,43.0936
26030,40.9809
26031,40.5894
26032,38.3937
26033,38.7
26034,42.2213
26035,43.3518
26036,37.2508
26037,34.345
26038,38.9515
26039,35.2922
26040,37.8021
26041,38.8853
26042,41.0204
26043,38.9915
26044,39.7133
26045,35.0303
26046,42.6868
26047,42.4704
26048,39.0739
26049,42.1131
26050,38.7075
26051,38.6793
26052,41.233
26053,39.4115
26054,38.5285
26055,41.8002
26056,38.4453
26057,43.5376
26058,42.5157
26059,40.9166
26060,39.7498
26061,38.1225
26062,41.6308
26063,37.1578
26064,36.277
26065,36.564
26066,38.3503
26067,38.3615
26068,40.1039
26069,38.9941
26070,44.9983
26071,39.9506
26072,43.3557
26073,40.0508
26074,39.4642
26075,41.8739
26076,40.0369
26077,41.0192
26078,38.512
26079,39.9745
26080,41.3748
26081,40.862
26082,38.7683
26083,41.9294
26084,42.011
26085,37.4883
26086,40.494
26087,42.0838
26088,44.2153
26089,41.6747
26090,41.3561
26091,40.116
26092,41.0212
26093,38.5903
26094,39.0537
26095,40.3987
26096,43.7431
26097,38.7488
26098,40.1611
26099,39.4179
26100,40.1089
26101,40.8229
26102,42.505
26103,39.0988
26104,39.3272
26105,42.76
26106,42.1496
26107,43.6871
26108,43.4852
26109,38.3778
26110,41.8225
26111,38.2163
26112,42.515
26113,43.5156
26114,41.3769
26115,39.0248
26116,36.0363
26117,37.804
26118,37.9225
26119,42.2928
26120,41.4367
26121,39.9251
26122,36.0974
26123,39.8495
26124,38.761
26125,38.1325
26126,38.7396
26127,42.551
26128,38.4082
26129,43.7674
26130,42.2926
26131,40.1834
26132,40.5527
26133,40.8096
26134,40.7869
26135,42.1338
26136,41.106
26137,39.8635
26138,41.8314
26139,43.0375
26140,37.4114
26141,37.1616
26142,44.3033
26143,37.3818
26144,38.7127
26145,41.2462
26146,40.0269
26147,38.5546
26148,42.3645
26149,41.5911
26150,41.1564
26151,38.7265
26152,42.055
26153,39.6363
26154,38.1732
26155,40.1213
26156,39.5079
26157,37.1017
26158,34.9336
26159,39.191
26160,38.741
26161,42.2518
26162,41.4526
26163,39.9443
26164,39.5422
26165,41.9571
26166,41.0933
26167,38.6996
26168,43.8999
26169,37.8845
26170,41.3878
26171,39.2142
26172,40.2581
26173,37.5708
26174,42.5838
26175,38.696
26176,40.8611
26177,40.5935
26178,41.6229
26179,41.0218
26180,39.7833
26181,36.8957
26182,40.3085
26183,42.278
26184,41.0469
26185,37.8331
26186,36.4242
26187,38.1188
26188,42.6188
26189,40.8233
26190,38.02
26191,38.165
26192,42.6041
26193,39.6785
26194,42.2836
26195,42.3463
26196,39.5437
26197,38.7119
26198,40.7642
26199,40.5749
26200,40.2151
26201,41.9741
26202,39.5503
26203,37.2581
26204,38.8795
26205,40.8739
26206,40.6544
26207,41.7572
26208,38.9972
26209,43.1404
26210,39.9888
26211,39.5021
26212,35.403
26213,38.6862
26214,38.0398
26215,39.3674
26216,38.3289
26217,39.9838
26218,41.6382
26219,41.3712
26220,38.1215
26221,42.2415
26222,38.8009
26223,38.1047
26224,42.0586
26225,39.6718
26226,37.772
26227,41.9352
26228,38.324
26229,39.6232
26230,40.8164
26231,42.5874
26232,43.0747
26233,43.3033
26234,42.6768
26235,40.1756
26236,41.0627
26237,41.3323
26238,40.5739
26239,38.9967
26240,41.0539
26241,40.0441
26242,39.922
26243,37.0651
26244,38.5442
26245,40.7083
26246,42.9987
26247,36.9438
26248,40.4802
26249,41.7737
26250,41.296
26251,43.771
26252,37.9198
26253,41.7527
26254,37.3398
26255,42.577
26256,39.0213
26257,40.4125
26258,38.4992
26259,39.8161
26260,41.5061
26261,38.6342
26262,42.3307
26263,39.7266
26264,38.9655
26265,39.1708
26266,39.2958
26267,41.9881
26268,37.7178
26269,40.028
26270,39.1403
26271,40.3967
26272,37.1342
26273,42.0523
26274,38.6571
26275,43.3654
26276,37.3626
26277,39.1619
26278,39.367
26279,40.8206
26280,37.2021
26281,40.2531
26282,40.7763
26283,39.7402
26284,40.9646
26285,39.0434
26286,40.8648
26287,44.2689
26288,37.9107
26289,42.1824
26290,41.439
26291,33.6508
26292,41.1614
26293,41.3313
26294,40.17
26295,40.7678
26296,37.9982
26297,40.9982
26298,35.9546
26299,41.367
26300,40.0629
26301,38.8923
26302,40.257
26303,40.2456
26304,41.6422
26305,39.6798
26306,41.3683
26307,43.2764
26308,39.1213
26309,40.0606
26310,40.3202
26311,39.6524
26312,36.381
26313,42.9685
26314,37.9303
26315,35.7871
26316,38.3153
26317,39.1528
26318,40.006
26319,39.0567
26320,38.3679
26321,36.5098
26322,39.3133
26323,36.4073
26324,39.3681
26325,42.7091
26326,36.3338
26327,42.1005
26328,40.3995
26329,40.7372
26330,37.222
26331,40.9169
26332,41.3403
26333,39.68
26334,42.7742
26335,40.434
26336,37.3997
26337,40.719
26338,41.4043
26339,38.8826
26340,38.2004
26341,37.449
26342,38.6745
26343,37.2297
26344,41.4531
26345,39.506
26346,39.9906
26347,40.5799
26348,41.0593
26349,37.9558
26350,37.5491
26351,40.9505
26352,41.4588
26353,39.1607
26354,39.2424
26355,41.5739
26356,38.1486
26357,40.827
26358,41.3127
26359,36.4771
26360,42.9725
26361,41.4792
26362,40.8896
26363,35.508
26364,37.0424
26365,37.456
26366,39.968
26367,45.6418
26368,39.8573
26369,39.7049
26370,38.3409
26371,37.0879
26372,42.7728
26373,40.679
26374,39.6029
26375,42.1904
26376,41.113
26377,39.3486
26378,40.047
26379,43.6237
26380,39.8542
26381,35.7746
26382,41.4341
26383,39.7858
26384,43.1464
26385,40.2925
26386,40.0367
26387,39.5721
26388,38.7572
26389,38.6783
26390,39.9835
26391,39.9827
26392,38.9079
26393,40.572
26394,40.0993
26395,41.354
26396,38.0964
26397,42.2954
