seq_num,delay_ms
0,7.45233
1,8.20223
2,9.39445
3,9.5207
4,7.86692
5,10.0222
6,9.14573
7,10.2111
8,9.80153
9,9.90285
10,11.2166
11,8.2068
12,8.26359
13,11.6631
14,10.7255
15,12.3575
16,7.02177
17,12.1863
18,10.68
19,15.5565
20,9.25109
21,9.66423
22,9.68597
23,9.75759
24,9.89143
25,12.1347
26,7.30084
27,8.38616
28,9.12997
29,9.64343
30,12.7469
31,9.81311
32,10.3821
33,13.4046
34,9.1159
35,13.9708
36,10.3129
37,10.4461
38,11.7033
39,9.234
40,8.37689
41,8.51653
42,15.0928
43,7.0769
44,11.6981
45,9.20862
46,8.2577
47,8.68494
48,7.15878
49,10.1057
50,10.6052
51,9.51981
52,8.58507
53,8.65083
54,16.1407
55,7.40176
56,10.5192
57,9.57134
58,8.05384
59,6.34457
60,7.46354
61,8.48401
62,10.4924
63,7.01454
64,11.6311
65,9.74276
66,6.03375
67,10.2686
68,8.75434
69,11.3561
70,10.4117
71,11.5604
72,12.4589
73,12.8263
74,9.0568
75,10.3751
76,10.0061
77,10.2502
78,8.3033
79,7.32493
80,6.29954
81,11.1735
82,10.2107
83,8.31375
84,10.3934
85,7.54074
86,8.7236
87,9.73874
88,10.3913
89,12.5301
90,7.57126
91,10.6153
92,10.6237
93,13.132
94,8.75893
95,11.2852
96,8.51974
97,10.9652
98,12.187
99,16.5724
100,8.68739
101,8.0513
102,11.3028
103,10.3755
104,9.38396
105,7.24193
106,12.1431
107,8.15158
108,10.6409
109,9.87175
110,11.9142
111,9.03447
112,9.1686
113,10.211
114,10.7937
115,9.38528
116,9.23332
117,9.81973
118,8.66436
119,11.3645
120,9.39066
121,9.4248
122,7.70743
123,10.3509
124,8.11478
125,6.22601
126,8.26452
127,7.46146
128,16.5147
129,8.1745
130,8.30616
131,8.39759
132,10.4558
133,9.59816
134,12.9331
135,10.1039
136,10.5984
137,9.85891
138,11.2699
139,6.19399
140,10.7763
141,8.73739
142,13.8946
143,8.76885
144,8.91249
145,8.15873
146,8.89817
147,12.5076
148,9.36019
149,7.73854
150,9.45856
151,10.0868
152,10.4279
153,7.43635
154,12.3284
155,8.42138
156,10.2862
157,10.3134
158,10.5454
159,12.7347
160,8.82454
161,9.03861
162,9.13418
163,9.16117
164,10.3354
165,9.48975
166,9.75788
167,13.0812
168,10.2234
169,10.5188
170,14.6674
171,10.7731
172,9.95478
173,9.40843
174,8.04986
175,9.67218
176,13.2137
177,11.6256
178,9.90937
179,10.0172
180,11.6088
181,8.62823
182,6.89924
183,11.4717
184,9.89518
185,7.19771
186,8.44672
187,13.4701
188,11.4548
189,11.0906
190,8.79329
191,16.6439
192,11.7791
193,9.77296
194,9.32572
195,10.8736
196,8.89967
197,8.52118
198,8.52961
199,12.9678
200,12.5263
201,10.8392
202,9.96833
203,9.23322
204,9.58774
205,11.1195
206,14.1953
207,8.74066
208,9.29404
209,11.5639
210,7.90201
211,9.46504
212,7.93038
213,9.35366
214,12.9729
215,9.98657
216,11.5088
217,14.9571
218,6.24669
219,11.3768
220,8.58581
221,13.9403
222,13.9565
223,14.1514
224,9.17905
225,9.34497
226,9.39187
227,9.81097
228,7.83969
229,9.88927
230,10.1078
231,8.24899
232,11.2398
233,8.81842
234,9.0226
235,10.1647
236,12.4724
237,8.4935
238,10.8492
239,6.95796
240,12.2885
241,7.59911
242,14.7563
243,10.0121
244,8.5662
245,12.5746
246,9.05976
247,10.0722
248,9.52055
249,7.75611
250,8.42999
251,15.2822
252,9.32816
253,11.6061
254,10.3782
255,8.90081
256,9.48963
257,12.6368
258,8.77546
259,11.0738
260,9.13831
261,8.48463
262,10.1918
263,14.2899
264,8.03568
265,8.26717
266,14.8307
267,9.84228
268,11.072
269,7.74904
270,9.22035
271,8.64244
272,8.95288
273,9.28614
274,9.31758
275,9.85229
276,9.27077
277,7.31264
278,11.557
279,10.715
280,11.0816
281,8.19235
282,10.3913
283,8.57182
284,10.9685
285,11.9888
286,9.56643
287,9.90419
288,8.94727
289,13.6348
290,12.0055
291,12.0815
292,16.1973
293,14.2085
294,14.3366
295,8.20693
296,8.54322
297,8.63719
298,8.71166
299,10.9277
300,12.9799
301,13.1711
302,9.24417
303,11.6412
304,9.81751
305,9.9871
306,9.18732
307,11.6495
308,11.7306
309,9.00097
310,13.3943
311,8.63195
312,11.1209
313,7.56768
314,11.8464
315,9.34256
316,12.1359
317,12.2049
318,14.8744
319,8.66576
320,12.8647
321,8.42052
322,9.61647
323,10.7877
324,10.4019
325,11.0347
326,8.13459
327,13.9461
328,7.95595
329,13.3899
330,5.77983
331,13.7911
332,7.97951
333,7.54941
334,11.3262
335,9.56049
336,10.4602
337,6.87903
338,9.64183
339,11.6845
340,8.95802
341,8.761
342,10.9717
343,10.4042
344,10.6697
345,11.033
346,16.054
347,13.0863
348,11.4622
349,11.1065
350,11.3028
351,10.974
352,7.4376
353,8.90015
354,9.45939
355,8.84727
356,11.5755
357,13.4922
358,13.0982
359,15.8228
360,7.21756
361,9.95033
362,7.34432
363,9.52244
364,9.8936
365,11.077
366,8.70108
367,8.04283
368,11.4801
369,11.8202
370,11.1804
371,8.57377
372,10.6572
373,8.79477
374,8.06048
375,16.4481
376,10.2468
377,10.8545
378,6.86556
379,10.1714
380,17.2412
381,10.6223
382,12.6446
383,7.58195
384,10.1163
385,10.2401
386,10.6314
387,14.6682
388,9.10367
389,10.4163
390,12.4946
391,11.1647
392,13.4848
393,9.897
394,14.4539
395,8.90366
396,14.753
397,10.6618
398,7.80506
399,15.8577
400,8.44498
401,9.48646
402,8.75811
403,9.13928
404,10.2029
405,10.9249
406,7.39506
407,7.33083
408,12.6112
409,13.5273
410,9.10257
411,8.28739
412,11.6501
413,10.7987
414,12.614
415,7.66986
416,13.181
417,6.72502
418,10.0802
419,7.47532
420,8.2291
421,7.31423
422,14.5278
423,11.8286
424,9.55842
425,8.18948
426,8.6134
427,8.64489
428,7.68438
429,8.91131
430,7.92516
431,9.96312
432,18.1816
433,9.30435
434,9.3068
435,10.8435
436,9.88104
437,8.09764
438,8.67462
439,9.21714
440,9.57254
441,9.67034
442,12.8667
443,10.1126
444,10.2174
445,12.7735
446,14.8863
447,14.0792
448,8.63408
449,8.59649
450,12.2366
451,8.43447
452,10.5691
453,11.3229
454,8.33805
455,8.58551
456,9.77221
457,10.6204
458,12.8731
459,10.1221
460,10.7582
461,8.38644
462,12.1625
463,11.2237
464,7.59407
465,9.17854
466,8.5296
467,17.57
468,9.37774
469,9.99272
470,10.941
471,10.1583
472,8.58284
473,7.73101
474,9.93731
475,12.3994
476,12.6432
477,7.75029
478,12.2
479,10.4563
480,9.76293
481,10.9882
482,11.0563
483,11.4165
484,12.7237
485,7.12212
486,14.7012
487,8.96611
488,8.57073
489,10.1672
490,13.1067
491,10.5086
492,10.6104
493,9.61879
494,10.7692
495,10.941
496,13.4981
497,9.62321
498,15.7341
499,13.7458
500,11.9629
501,11.7685
502,7.94664
503,8.39709
504,12.3721
505,10.217
506,7.42109
507,8.85994
508,11.9715
509,7.14299
510,12.1964
511,9.70154
512,13.46
513,5.97168
514,11.1793
515,9.40882
516,17.7877
517,12.1693
518,9.55929
519,10.0949
520,7.07138
521,10.7559
522,11.8132
523,9.10297
524,8.57128
525,9.96758
526,9.99591
527,11.4401
528,13.8201
529,10.8476
530,11.5109
531,12.8275
532,14.5835
533,8.93045
534,6.74856
535,7.43456
536,8.62836
537,9.67095
538,9.72978
539,10.1423
540,9.64397
541,10.165
542,11.5226
543,11.7943
544,11.0389
545,11.1173
546,11.1337
547,11.1521
548,11.8671
549,9.03762
550,12.7262
551,7.39931
552,14.8304
553,10.0052
554,10.701
555,10.4491
556,10.7449
557,7.88644
558,9.18786
559,8.43381
560,10.1544
561,9.26751
562,8.48033
563,6.62806
564,8.76656
565,9.04471
566,10.0552
567,6.52705
568,11.7358
569,8.84455
570,10.1145
571,9.45226
572,10.2027
573,9.16948
574,11.3667
575,9.73461
576,10.935
577,15.0212
578,8.77705
579,8.44034
580,9.49355
581,12.7261
582,12.4927
583,10.7593
584,8.54359
585,9.69999
586,11.0734
587,8.46024
588,8.64448
589,9.74869
590,8.85369
591,7.238
592,10.4857
593,12.4939
594,9.97968
595,11.3551
596,12.5354
597,8.11214
598,8.33362
599,7.82742
600,7.77085
601,8.96367
602,10.1414
603,10.2255
604,10.8894
605,12.107
606,11.6801
607,10.7719
608,8.94393
609,11.0449
610,12.4928
611,7.82015
612,12.8799
613,9.07428
614,10.7189
615,9.82139
616,8.16697
617,9.17901
618,10.7695
619,9.31891
620,9.64527
621,10.6941
622,10.9047
623,9.96509
624,13.4492
625,12.6357
626,8.93893
627,9.3072
628,9.95256
629,10.2578
630,10.2742
631,10.4424
632,11.1877
633,11.4744
634,12.3344
635,7.02277
636,9.04972
637,12.3755
638,9.54034
639,9.78338
640,13.6459
641,8.31694
642,9.69089
643,12.6993
644,8.67207
645,6.92354
646,7.18941
647,13.5968
648,13.6316
649,9.27275
650,12.0341
651,14.1132
652,11.1599
653,10.2851
654,6.28634
655,7.41782
656,7.88842
657,7.54642
658,10.1629
659,8.64663
660,8.65506
661,8.75851
662,9.15807
663,9.23921
664,9.4747
665,9.91798
666,9.70144
667,13.2621
668,11.2706
669,12.2886
670,10.8585
671,12.7216
672,7.13669
673,10.1335
674,13.1915
675,10.3751
676,11.6662
677,7.9808
678,12.3162
679,10.4626
680,10.5164
681,8.15534
682,9.27171
683,9.77198
684,10.0521
685,10.1946
686,9.2501
687,8.65409
688,8.66093
689,13.1906
690,9.5035
691,10.3947
692,9.63265
693,12.0192
694,15.236
695,10.4582
696,15.0569
697,13.1176
698,7.63347
699,10.465
700,7.14179
701,7.2976
702,7.59324
703,10.8415
704,13.3008
705,9.25256
706,9.3909
707,10.9827
708,5.29855
709,8.03438
710,7.57299
711,9.81667
712,9.60398
713,9.98745
714,10.5089
715,9.74511
716,11.1247
717,12.5007
718,8.60718
719,11.0708
720,8.44999
721,8.61808
722,8.4636
723,9.62012
724,8.67644
725,9.44691
726,7.49926
727,9.79392
728,9.8985
729,8.2842
730,9.33591
731,10.3664
732,10.7859
733,8.99074
734,11.1952
735,9.61046
736,8.61889
737,9.69
738,9.81854
739,9.83834
740,9.39626
741,7.41591
742,7.9222
743,7.93588
744,8.2526
745,8.55792
746,8.78137
747,9.1459
748,12.203
749,12.4331
750,12.6498
751,12.6999
752,9.07857
753,12.2167
754,9.31507
755,12.3944
756,10.5779
757,10.9853
758,8.3044
759,13.7493
760,14.7841
761,11.8655
762,9.17193
763,10.4669
764,11.6904
765,14.7142
766,11.0045
767,8.04578
768,12.0631
769,10.2053
770,8.4468
771,10.2513
772,7.60316
773,14.2473
774,11.4427
775,6.93577
776,7.46152
777,13.1688
778,8.60683
779,7.67075
780,8.88965
781,9.29505
782,9.39871
783,10.692
784,12.5035
785,11.5898
786,12.5089
787,14.2458
788,14.3897
789,10.4288
790,14.7501
791,9.93539
792,11.1882
793,8.72421
794,7.78174
795,9.9559
796,7.98445
797,14.1298
798,10.6344
799,7.6158
800,11.8089
801,11.8833
802,12.0985
803,8.38524
804,8.91113
805,10.9198
806,8.94272
807,12.9621
808,9.91339
809,10.2601
810,11.8122
811,12.0157
812,9.02417
813,16.6839
814,9.70506
815,9.0224
816,10.7022
817,10.7138
818,8.48808
819,10.7898
820,8.12503
821,9.77558
822,10.8725
823,5.50774
824,6.49576
825,7.05851
826,13.0704
827,9.2484
828,9.46402
829,8.73352
830,9.1643
831,8.5666
832,11.7776
833,10.798
834,13.2233
835,9.56575
836,8.65722
837,7.69289
838,12.879
839,12.9053
840,8.48772
841,11.4243
842,11.6839
843,14.4423
844,11.6143
845,12.8282
846,7.92943
847,8.61506
848,10.292
849,10.4746
850,10.7663
851,13.5843
852,6.82368
853,12.2795
854,8.16248
855,13.3383
856,13.5151
857,8.5832
858,11.9533
859,10.9678
860,11.7098
861,7.86601
862,10.8776
863,7.29349
864,8.43042
865,10.0911
866,11.172
867,10.4052
868,9.54817
869,9.91714
870,11.0119
871,12.0284
872,6.12755
873,10.9955
874,10.6803
875,10.7933
876,10.005
877,8.13095
878,13.4328
879,13.644
880,10.5375
881,10.0813
882,8.1275
883,9.49015
884,8.55552
885,9.72523
886,9.7698
887,9.20332
888,10.3558
889,9.81597
890,10.0886
891,12.317
892,11.4273
893,5.67469
894,7.0337
895,11.0784
896,12.2111
897,10.8452
898,14.4793
899,14.7611
900,12.3279
901,11.3471
902,10.3556
903,10.7429
904,13.3284
905,12.383
906,13.1625
907,12.1717
908,10.4512
909,10.5377
910,10.888
911,10.4866
912,9.09815
913,11.2246
914,8.73736
915,11.7458
916,10.7837
917,11.2801
918,9.28854
919,9.51254
920,14.7306
921,9.12908
922,10.3467
923,10.8753
924,9.66084
925,12.7892
926,11.8289
927,6.87232
928,7.94492
929,10.0866
930,8.21981
931,7.28823
932,10.334
933,13.1588
934,7.52004
935,11.8742
936,11.9276
937,8.94338
938,12.0356
939,8.06791
940,10.5161
941,10.0741
942,9.92323
943,12.1981
944,9.47546
945,12.6201
946,8.86336
947,7.21885
948,14.1675
949,11.1891
950,6.32311
951,6.58098
952,8.51886
953,12.6194
954,8.44519
955,9.12661
956,10.706
957,10.9432
958,6.95782
959,8.49865
960,8.24847
961,9.43696
962,10.9792
963,14.3368
964,7.62311
965,11.9919
966,13.0784
967,14.4338
968,7.71328
969,7.79984
970,8.47754
971,9.54722
972,8.64291
973,7.6644
974,8.86202
975,10.7415
976,9.94795
977,10.1589
978,7.21922
979,14.5987
980,10.0005
981,10.0328
982,7.6225
983,8.44665
984,15.1146
985,12.2889
986,10.4126
987,12.5404
988,8.58177
989,10.2007
990,13.4613
991,11.7058
992,9.34978
993,12.8374
994,13.8857
995,14.3706
996,10.5922
997,6.48031
998,16.6533
999,11.6645
1000,12.3791
1001,10.3791
1002,7.52008
1003,9.95874
1004,11.079
1005,8.48726
1006,8.01303
1007,9.34762
1008,12.8227
1009,9.94093
1010,7.9101
1011,8.98628
1012,9.11237
1013,12.5588
1014,13.0828
1015,8.19694
1016,9.92704
1017,11.8685
1018,11.4849
1019,13.0539
1020,7.10422
1021,6.31865
1022,10.2821
1023,9.10325
1024,9.64808
1025,7.69045
1026,10.8874
1027,9.64192
1028,12.9603
1029,10.43
1030,7.85886
1031,10.895
1032,10.9859
1033,8.38869
1034,8.44114
1035,7.57244
1036,9.74788
1037,12.0859
1038,12.3315
1039,10.9088
1040,6.30985
1041,10.4938
1042,7.47234
1043,7.91814
1044,8.95419
1045,7.96656
1046,10.975
1047,9.01771
1048,9.11704
1049,11.3393
1050,9.91995
1051,12.95
1052,9.04781
1053,12.1341
1054,8.3049
1055,7.33372
1056,7.55528
1057,10.5742
1058,7.9695
1059,9.11668
1060,15.3267
1061,10.4967
1062,11.8235
1063,11.1764
1064,11.4917
1065,13.5394
1066,7.96228
1067,13.306
1068,11.6008
1069,12.9687
1070,14.3145
1071,15.0391
1072,12.8294
1073,16.0974
1074,14.0196
1075,9.51423
1076,8.59005
1077,9.0754
1078,9.08383
1079,7.92024
1080,10.8407
1081,10.9275
1082,11.3493
1083,12.4561
1084,9.58205
1085,10.9316
1086,10.1748
1087,9.94062
1088,9.26497
1089,11.3399
1090,13.3691
1091,10.6812
1092,10.2622
1093,8.67022
1094,7.82344
1095,13.2059
1096,12.2887
1097,11.4846
1098,15.1602
1099,9.08788
1100,14.1049
1101,9.59969
1102,8.6881
1103,7.73892
1104,9.98846
1105,7.65988
1106,11.2702
1107,8.55526
1108,11.6103
1109,9.95145
1110,10.4966
1111,11.0369
1112,8.58808
1113,8.06811
1114,11.479
1115,7.63833
1116,10.5476
1117,10.6117
1118,12.6738
1119,9.72731
1120,12.9632
1121,5.99977
1122,9.46746
1123,6.8498
1124,11.9275
1125,12.058
1126,11.48
1127,9.64989
1128,12.65
1129,10.6775
1130,11.2952
1131,8.74504
1132,9.96613
1133,7.85526
1134,9.07917
1135,5.56047
1136,9.71991
1137,9.95785
1138,12.1967
1139,12.9636
1140,13.0927
1141,9.88725
1142,9.28766
1143,9.38294
1144,13.5941
1145,11.1383
1146,13.2278
1147,8.68656
1148,11.7061
1149,14.0839
1150,8.78515
1151,7.78211
1152,6.44779
1153,9.91374
1154,9.25729
1155,8.48566
1156,10.0921
1157,9.29466
1158,9.58744
1159,11.8569
1160,8.26175
1161,12.6351
1162,13.7197
1163,13.6929
1164,10.3413
1165,10.4027
1166,11.0804
1167,15.6581
1168,12.4971
1169,9.86436
1170,13.165
1171,12.2607
1172,13.3661
1173,11.8757
1174,13.9464
1175,7.86358
1176,10.3287
1177,11.2803
1178,12.1294
1179,10.726
1180,12.6148
1181,9.99741
1182,10.1079
1183,11.8448
1184,7.04268
1185,7.47169
1186,10.4247
1187,12.3249
1188,8.04326
1189,10.974
1190,9.27309
1191,9.49764
1192,11.2755
1193,8.44722
1194,10.6938
1195,10.7587
1196,7.61772
1197,7.68137
1198,9.80411
1199,11.3877
1200,12.0862
1201,7.26649
1202,11.6152
1203,10.7788
1204,8.76572
1205,8.96479
1206,10.7893
1207,6.69588
1208,10.8296
1209,9.50486
1210,12.7764
1211,9.07792
1212,12.1138
1213,9.15861
1214,9.99779
1215,9.7137
1216,10.7457
1217,10.6207
1218,8.90838
1219,10.4785
1220,10.0358
1221,7.60186
1222,15.9717
1223,9.05364
1224,10.5442
1225,13.1108
1226,10.0035
1227,8.37975
1228,7.58958
1229,8.79784
1230,11.8949
1231,7.46993
1232,11.9397
1233,13.4604
1234,6.91594
1235,8.06807
1236,14.4066
1237,11.9538
1238,10.2538
1239,6.45494
1240,10.0027
1241,13.0472
1242,11.2451
1243,9.68262
1244,7.74463
1245,10.7716
1246,11.8981
1247,10.9986
1248,9.238
1249,11.8201
1250,8.1877
1251,8.59496
1252,9.14676
1253,8.25307
1254,9.35138
1255,11.8857
1256,10.4354
1257,12.8405
1258,13.2085
1259,13.7961
1260,11.2589
1261,8.51696
1262,15.6149
1263,15.6393
1264,9.82819
1265,10.886
1266,8.58056
1267,9.41489
1268,8.88609
1269,7.17432
1270,6.74716
1271,8.06023
1272,10.1474
1273,10.3784
1274,8.40004
1275,8.90403
1276,8.09519
1277,11.185
1278,6.84169
1279,10.4352
1280,10.8051
1281,8.8451
1282,10.7267
1283,12.2747
1284,9.86617
1285,10.0478
1286,9.07935
1287,12.2445
1288,12.3009
1289,9.42612
1290,10.4527
1291,7.49104
1292,12.5095
1293,10.7701
1294,11.1542
1295,11.1766
1296,14.4428
1297,8.56894
1298,11.5774
1299,7.17171
1300,11.5257
1301,8.80412
1302,9.42858
1303,9.69115
1304,10.1328
1305,13.1458
1306,10.7552
1307,10.7728
1308,11.5802
1309,9.08559
1310,7.43239
1311,7.92565
1312,7.93408
1313,13.0026
1314,10.1812
1315,7.21235
1316,11.3456
1317,9.74822
1318,7.15673
1319,7.50859
1320,10.5502
1321,11.5734
1322,9.23973
1323,10.063
1324,10.6219
1325,13.9803
1326,17.5103
1327,9.53231
1328,10.7707
1329,10.9932
1330,7.5779
1331,12.0871
1332,9.22231
1333,12.488
1334,7.55935
1335,12.9756
1336,10.5038
1337,7.78357
1338,9.10033
1339,11.3133
1340,9.768
1341,8.16605
1342,8.39174
1343,15.5687
1344,8.27016
1345,8.00536
1346,9.68993
1347,9.85102
1348,10.1849
1349,7.07456
1350,11.0866
1351,9.21613
1352,7.68763
1353,12.6484
1354,10.9199
1355,11.1778
1356,13.9118
1357,6.55599
1358,12.5785
1359,9.70847
1360,10.8884
1361,10.3961
1362,11.6641
1363,9.67258
1364,8.78266
1365,10.9938
1366,15.1742
1367,15.2914
1368,9.06
1369,7.65341
1370,7.66796
1371,9.28377
1372,7.34649
1373,7.67347
1374,12.4653
1375,9.64415
1376,9.75081
1377,10.3293
1378,10.4881
1379,7.97897
1380,11.0228
1381,10.0902
1382,12.0922
1383,10.7036
1384,11.3772
1385,11.1127
1386,9.41762
1387,8.47251
1388,11.5867
1389,12.2096
1390,8.70377
1391,7.75951
1392,8.95241
1393,8.96084
1394,10.0097
1395,10.2189
1396,7.68491
1397,13.8447
1398,9.939
1399,10.9127
1400,10.5859
1401,11.6375
1402,10.081
1403,10.1187
1404,8.28539
1405,10.3034
1406,9.64447
1407,10.6773
1408,10.0127
1409,11.1364
1410,9.49752
1411,11.8444
1412,12.218
1413,12.9287
1414,7.17191
1415,9.44426
1416,9.68165
1417,7.70003
1418,10.5105
1419,10.8184
1420,10.0836
1421,7.42702
1422,7.88577
1423,8.59417
1424,9.71774
1425,13.8403
1426,9.02149
1427,9.13263
1428,11.1955
1429,10.5428
1430,11.8133
1431,11.0094
1432,6.76033
1433,10.1947
1434,13.6883
1435,8.05793
1436,14.3636
1437,9.57195
1438,10.6396
1439,8.73601
1440,11.2056
1441,11.872
1442,7.02241
1443,7.21098
1444,12.3579
1445,11.2564
1446,12.4321
1447,9.50713
1448,11.554
1449,12.0628
1450,9.17514
1451,16.6255
1452,9.41318
1453,8.19738
1454,8.36818
1455,8.65033
1456,9.09136
1457,11.429
1458,10.5554
1459,12.6301
1460,12.4145
1461,9.54937
1462,9.85927
1463,8.2086
1464,10.4193
1465,8.72019
1466,9.82602
1467,11.8093
1468,10.2548
1469,11.497
1470,9.59146
1471,9.65726
1472,7.86216
1473,7.94637
1474,9.19173
1475,10.3504
1476,9.22738
1477,10.7599
1478,8.03457
1479,11.8766
1480,10.1047
1481,8.71059
1482,14.4529
1483,9.69112
1484,11.5868
1485,10.6216
1486,6.66249
1487,12.8366
1488,8.9879
1489,8.99633
1490,11.2461
1491,7.50434
1492,10.029
1493,12.5122
1494,11.4316
1495,10.0925
1496,12.335
1497,11.6309
1498,12.7895
1499,11.8748
1500,12.1968
1501,11.2476
1502,12.5815
1503,8.2613
1504,15.2011
1505,18.0502
1506,9.26613
1507,8.32571
1508,12.738
1509,8.68388
1510,8.1946
1511,10.6829
1512,9.91165
1513,11.057
1514,7.1396
1515,12.3168
1516,13.6662
1517,13.4157
1518,13.3376
1519,14.3376
1520,8.76323
1521,12.187
1522,9.56272
1523,9.08201
1524,10.8752
1525,11.039
1526,10.5479
1527,8.58524
1528,11.5939
1529,9.8245
1530,11.0426
1531,9.09224
1532,8.24447
1533,9.13012
1534,12.0256
1535,11.0076
1536,8.16616
1537,10.0439
1538,10.0969
1539,11.8843
1540,13.4302
1541,7.4485
1542,10.0878
1543,9.84216
1544,9.94839
1545,9.7258
1546,9.82482
1547,8.10162
1548,7.11077
1549,11.5412
1550,10.6452
1551,8.92954
1552,6.05453
1553,10.3769
1554,12.0015
1555,12.0745
1556,11.6533
1557,7.97158
1558,7.72036
1559,8.88893
1560,7.3436
1561,6.63586
1562,9.84894
1563,10.1215
1564,10.1838
1565,11.3726
1566,10.3822
1567,7.78824
1568,11.5065
1569,10.5149
1570,7.52338
1571,11.3659
1572,10.158
1573,7.59349
1574,9.31137
1575,9.35983
1576,11.58
1577,9.73666
1578,13.1077
1579,8.2088
1580,10.9433
1581,9.44814
1582,7.78597
1583,7.53347
1584,7.7031
1585,5.8868
1586,11.9145
1587,7.09654
1588,7.67633
1589,10.7107
1590,8.55588
1591,9.21554
1592,8.39464
1593,12.4072
1594,8.84436
1595,10.8558
1596,6.90135
1597,7.92995
1598,7.36656
1599,10.7367
1600,8.78811
1601,9.88071
1602,9.25479
1603,11.4661
1604,9.95436
1605,9.0129
1606,9.23316
1607,9.69852
1608,10.8078
1609,11.1937
1610,11.3618
1611,15.5925
1612,11.9059
1613,8.25082
1614,14.6676
1615,13.3315
1616,9.67975
1617,7.40645
1618,7.65131
1619,9.39451
1620,8.8786
1621,10.9133
1622,9.61901
1623,12.999
1624,8.13723
1625,8.19501
1626,8.71622
1627,10.7287
1628,12.1635
1629,13.8347
1630,11.0863
1631,8.46781
1632,10.851
1633,7.4709
1634,9.66896
1635,9.92829
1636,10.1581
1637,7.98614
1638,9.22226
1639,11.4512
1640,9.62316
1641,7.16669
1642,7.3434
1643,10.1305
1644,8.18894
1645,8.3941
1646,7.01108
1647,10.0788
1648,9.30303
1649,7.85468
1650,9.87361
1651,11.0104
1652,10.2298
1653,8.31017
1654,8.98351
1655,8.08842
1656,11.1326
1657,12.1981
1658,11.6755
1659,9.03516
1660,7.3023
1661,10.8289
1662,10.8691
1663,8.98711
1664,11.153
1665,7.64399
1666,11.8168
1667,10.3064
1668,9.82861
1669,8.83311
1670,9.33891
1671,11.7511
1672,11.3507
1673,12.5347
1674,8.44534
1675,7.09203
1676,9.73854
1677,9.80519
1678,8.09124
1679,10.1047
1680,10.3091
1681,9.28929
1682,6.39877
1683,11.7791
1684,9.81525
1685,10.9387
1686,9.06232
1687,10.423
1688,10.4927
1689,11.5246
1690,7.18529
1691,9.66234
1692,12.8169
1693,9.04174
1694,9.16553
1695,9.49394
1696,10.0301
1697,9.05881
1698,8.48491
1699,10.6402
1700,11.1758
1701,11.1872
1702,12.5791
1703,12.6982
1704,10.378
1705,11.39
1706,12.4455
1707,11.7449
1708,9.0542
1709,9.10627
1710,10.0708
1711,8.69326
1712,10.4076
1713,12.3712
1714,13.161
1715,10.208
1716,10.0032
1717,7.63249
1718,10.6472
1719,9.74367
1720,11.1868
1721,12.2617
1722,6.54135
1723,7.39514
1724,10.4704
1725,10.7108
1726,10.8002
1727,10.9757
1728,13.1659
1729,13.6595
1730,14.8209
1731,14.2865
1732,7.97784
1733,10.2171
1734,13.5533
1735,8.57791
1736,7.26413
1737,13.4121
1738,10.0218
1739,10.1378
1740,10.7587
1741,8.83691
1742,6.24928
1743,11.75
1744,10.999
1745,9.39067
1746,7.53136
1747,8.62953
1748,9.1801
1749,11.7843
1750,14.1375
1751,9.41723
1752,9.62869
1753,9.85193
1754,9.99796
1755,10.7804
1756,9.68181
1757,9.20903
1758,9.7955
1759,13.9262
1760,9.72227
1761,8.73925
1762,9.5303
1763,10.1185
1764,8.34039
1765,10.5053
1766,8.89948
1767,8.93929
1768,11.3346
1769,9.79115
1770,6.82045
1771,10.9942
1772,11.2453
1773,8.32054
1774,8.33055
1775,8.41189
1776,12.4978
1777,9.69361
1778,9.37472
1779,13.5199
1780,9.73289
1781,8.20942
1782,10.4317
1783,9.16433
1784,13.2144
1785,10.4135
1786,10.9767
1787,13.3386
1788,11.8237
1789,8.46745
1790,10.8665
1791,8.99934
1792,10.3868
1793,7.45936
1794,9.51469
1795,10.2711
1796,12.4237
1797,10.5083
1798,8.9895
1799,11.1119
1800,12.3311
1801,12.0151
1802,6.9166
1803,7.96272
1804,8.98166
1805,10.2289
1806,10.6823
1807,11.0169
1808,11.2508
1809,11.985
1810,11.0259
1811,12.0611
1812,14.585
1813,7.77389
1814,7.33694
1815,12.5394
1816,15.9145
1817,8.71886
1818,7.41134
1819,9.62294
1820,11.2722
1821,9.56119
1822,6.8491
1823,14.4656
1824,7.96137
1825,14.8526
1826,11.7568
1827,10.3572
1828,12.6473
1829,8.23199
1830,7.17036
1831,9.34487
1832,14.7641
1833,11.3026
1834,20.3543
1835,11.8845
1836,10.5766
1837,8.54177
1838,8.57295
1839,7.92527
1840,9.39996
1841,7.98441
1842,8.58618
1843,8.92792
1844,8.13384
1845,8.23397
1846,9.26581
1847,12.4056
1848,10.4561
1849,11.6923
1850,8.79938
1851,8.88614
1852,10.7832
1853,10.9191
1854,10.1166
1855,11.1967
1856,10.2319
1857,13.6067
1858,15.2392
1859,12.5231
1860,7.89313
1861,8.04523
1862,8.14896
1863,12.8626
1864,13.9733
1865,9.88153
1866,10.3122
1867,12.0324
1868,10.2114
1869,14.7204
1870,9.33016
1871,7.32551
1872,10.9793
1873,9.15571
1874,7.06753
1875,8.07187
1876,8.09204
1877,9.75219
1878,10.4308
1879,13.498
1880,12.7481
1881,8.89343
1882,11.8631
1883,9.17097
1884,7.54912
1885,9.82942
1886,7.83785
1887,9.03447
1888,10.8896
1889,11.0069
1890,7.29932
1891,8.50357
1892,15.5756
1893,12.115
1894,10.2439
1895,10.7566
1896,12.7662
1897,7.12839
1898,13.438
1899,9.74519
1900,8.09728
1901,7.32771
1902,8.58477
1903,6.71316
1904,11.3336
1905,10.2895
1906,7.66655
1907,11.3021
1908,7.33145
1909,9.36939
1910,7.94698
1911,9.04091
1912,8.88449
1913,11.1537
1914,11.2712
1915,11.5448
1916,11.8401
1917,16.2575
1918,8.6938
1919,14.5529
1920,11.4623
1921,11.204
1922,11.9858
1923,10.0216
1924,13.2615
1925,7.87478
1926,8.05725
1927,7.24294
1928,7.81094
1929,6.98019
1930,8.40123
1931,8.56488
1932,7.72721
1933,9.74363
1934,8.90578
1935,10.9727
1936,9.01033
1937,9.05519
1938,9.5672
1939,9.8013
1940,8.82122
1941,9.93696
1942,9.96099
1943,9.22778
1944,10.7858
1945,9.92811
1946,11.4323
1947,11.4408
1948,6.57965
1949,11.7125
1950,7.16124
1951,8.47752
1952,7.52416
1953,11.9814
1954,10.1497
1955,13.4635
1956,8.84963
1957,9.98893
1958,10.2632
1959,9.42558
1960,14.781
1961,8.80029
1962,10.5846
1963,10.615
1964,12.6542
1965,11.9798
1966,10.9948
1967,12.0496
1968,12.3394
1969,9.64471
1970,8.10894
1971,16.1297
1972,10.5477
1973,15.0814
1974,11.5424
1975,12.1293
1976,8.74814
1977,11.0005
1978,9.99686
1979,8.54024
1980,6.7518
1981,10.9777
1982,11.1633
1983,11.0375
1984,11.3424
1985,13.3514
1986,9.50844
1987,12.2575
1988,13.5581
1989,6.70028
1990,10.4995
1991,8.12305
1992,10.4533
1993,7.61319
1994,9.6363
1995,9.75068
1996,9.85809
1997,10.3632
1998,6.44894
1999,13.5198
2000,7.95767
2001,9.76337
2002,8.14495
2003,8.5624
2004,7.63774
2005,12.0247
2006,13.6586
2007,7.68462
2008,11.8713
2009,8.59504
2010,12.6372
2011,9.55247
2012,6.21703
2013,10.3565
2014,7.56674
2015,6.72669
2016,8.55884
2017,8.53377
2018,6.69435
2019,10.4087
2020,11.3535
2021,11.6043
2022,12.9798
2023,13.0773
2024,7.61355
2025,7.79288
2026,8.52817
2027,8.69139
2028,8.70507
2029,9.55723
2030,9.6358
2031,7.7569
2032,11.1847
2033,12.2585
2034,7.54158
2035,11.7813
2036,7.98684
2037,8.26169
2038,8.39666
2039,10.7621
2040,8.96664
2041,11.1949
2042,9.37306
2043,9.44402
2044,9.86677
2045,10.9621
2046,11.4314
2047,11.6045
2048,7.65075
2049,7.74892
2050,11.7904
2051,12.7119
2052,9.88267
2053,8.9502
2054,7.56178
2055,11.6408
2056,11.9453
2057,13.0855
2058,14.6596
2059,9.08581
2060,8.43628
2061,9.83095
2062,9.89872
2063,9.96938
2064,7.58795
2065,11.7213
2066,12.1542
2067,9.17712
2068,10.4886
2069,12.9233
2070,10.9453
2071,9.96055
2072,8.55911
2073,6.01807
2074,9.35095
2075,10.8698
2076,6.48879
2077,7.86935
2078,8.67372
2079,7.19766
2080,9.35256
2081,6.67704
2082,12.1013
2083,7.43331
2084,12.6752
2085,8.8101
2086,8.20903
2087,11.6102
2088,8.06478
2089,9.16017
2090,8.03622
2091,11.0703
2092,13.1439
2093,9.21506
2094,10.3887
2095,11.2001
2096,6.2534
2097,6.69288
2098,14.1845
2099,7.52374
2100,13.4429
2101,11.6643
2102,18.9377
2103,8.31041
2104,9.97037
2105,13.1346
2106,7.25388
2107,11.3631
2108,12.3857
2109,13.8261
2110,15.1576
2111,14.6579
2112,8.34686
2113,7.8501
2114,7.96589
2115,7.99567
2116,9.21654
2117,9.87792
2118,9.90414
2119,8.91698
2120,10.2509
2121,11.7668
2122,11.8268
2123,12.4713
2124,12.1016
2125,12.3932
2126,13.3039
2127,10.4868
2128,10.4952
2129,14.3492
2130,7.48945
2131,12.0863
2132,8.50678
2133,8.47363
2134,9.55744
2135,11.9244
2136,12.357
2137,13.1433
2138,8.31263
2139,8.94496
2140,14.0344
2141,9.3222
2142,9.51476
2143,11.3062
2144,10.4277
2145,11.9676
2146,12.4855
2147,7.16847
2148,8.4347
2149,8.44313
2150,8.58211
2151,14.5905
2152,9.85535
2153,10.3345
2154,9.58196
2155,7.01469
2156,8.62546
2157,11.7451
2158,9.17613
2159,9.31979
2160,9.53014
2161,11.6946
2162,9.93096
2163,11.6613
2164,15.1207
2165,9.47131
2166,10.5257
2167,12.6951
2168,13.7325
2169,12.3295
2170,15.373
2171,12.6479
2172,13.8401
2173,8.21223
2174,8.54606
2175,9.58741
2176,9.61441
2177,9.0956
2178,7.21648
2179,16.4503
2180,9.02492
2181,9.00261
2182,12.4941
2183,10.5418
2184,15.2597
2185,13.1909
2186,8.75865
2187,9.41111
2188,9.60108
2189,8.75323
2190,10.0881
2191,10.3206
2192,11.4249
2193,10.5635
2194,10.6096
2195,11.3583
2196,8.39338
2197,7.73786
2198,12.7959
2199,12.0042
2200,9.02501
2201,10.0773
2202,7.14769
2203,7.23763
2204,8.67183
2205,10.8957
2206,12.9905
2207,11.5706
2208,15.1086
2209,9.12347
2210,12.4873
2211,11.012
2212,10.2115
2213,10.3126
2214,12.6472
2215,7.44232
2216,11.7831
2217,8.57979
2218,10.5932
2219,10.6688
2220,13.9167
2221,8.4009
2222,7.92432
2223,15.2423
2224,8.89548
2225,12.773
2226,7.08264
2227,8.5373
2228,6.39236
2229,11.9979
2230,11.8758
2231,11.5108
2232,12.5077
2233,8.29646
2234,14.1188
2235,11.8261
2236,9.98627
2237,14.523
2238,7.73755
2239,13.5558
2240,7.78822
2241,10.9669
2242,8.30405
2243,13.3896
2244,8.43425
2245,13.5396
2246,11.8116
2247,9.2505
2248,8.48271
2249,8.60599
2250,7.67377
2251,7.32915
2252,11.4798
2253,6.53482
2254,7.60305
2255,7.69938
2256,9.82419
2257,12.5641
2258,8.60896
2259,10.1319
2260,13.2054
2261,10.4134
2262,9.86963
2263,12.1683
2264,6.60971
2265,9.05684
2266,11.6505
2267,11.6953
2268,7.85176
2269,11.4362
2270,11.5646
2271,12.582
2272,9.19713
2273,7.52752
2274,7.61992
2275,18.4944
2276,9.22272
2277,9.87716
2278,10.3968
2279,10.5446
2280,10.0615
2281,11.2059
2282,8.56457
2283,10.7252
2284,8.77697
2285,9.08782
2286,9.65836
2287,7.6406
2288,9.641
2289,14.7451
2290,9.12009
2291,12.1222
2292,16.2584
2293,6.72473
2294,10.7552
2295,8.37607
2296,8.44319
2297,13.781
2298,9.40609
2299,9.73282
2300,12.8046
2301,8.28056
2302,8.99893
2303,10.023
2304,9.58598
2305,8.80583
2306,12.4593
2307,8.73981
2308,9.78426
2309,8.89774
2310,6.62363
2311,10.8482
2312,14.1393
2313,10.2798
2314,7.91223
2315,8.76219
2316,8.00595
2317,7.89124
2318,9.85179
2319,9.7735
2320,7.98629
2321,8.07916
2322,8.47257
2323,10.2742
2324,10.0548
2325,7.29665
2326,9.57098
2327,8.58906
2328,8.91966
2329,9.30512
2330,8.4373
2331,10.2113
2332,13.0806
2333,13.3952
2334,9.91283
2335,14.5755
2336,11.8064
2337,10.1705
2338,14.6761
2339,13.3982
2340,9.38704
2341,9.62565
2342,15.0142
2343,10.6427
2344,11.8166
2345,9.35551
2346,8.99938
2347,7.80593
2348,10.2249
2349,16.4966
2350,8.97788
2351,6.56204
2352,9.85152
2353,8.27271
2354,10.718
2355,9.00732
2356,8.15465
2357,10.0029
2358,12.5525
2359,8.19567
2360,12.3971
2361,8.61065
2362,11.0648
2363,7.79704
2364,7.5867
2365,8.74717
2366,9.51273
2367,9.5815
2368,8.05731
2369,11.0657
2370,13.3931
2371,11.5319
2372,10.9105
2373,9.12217
2374,7.36993
2375,9.48415
2376,12.7397
2377,9.76097
2378,10.8876
2379,9.92793
2380,10.1287
2381,10.3858
2382,9.50465
2383,10.8859
2384,8.44817
2385,9.14232
2386,9.95456
2387,7.95711
2388,14.1619
2389,11.2644
2390,10.0894
2391,11.5283
2392,11.3661
2393,6.55776
2394,8.30125
2395,8.28609
2396,12.5971
2397,8.81861
2398,8.94749
2399,10.2537
2400,7.09882
2401,14.4992
2402,9.70818
2403,14.0811
2404,9.9307
2405,9.31369
2406,15.0623
2407,11.4265
2408,9.31074
2409,8.48796
2410,9.55998
2411,10.5684
2412,9.91648
2413,9.11084
2414,11.3619
2415,11.9655
2416,10.4393
2417,10.4193
2418,7.83753
2419,7.79236
2420,8.42748
2421,6.95622
2422,9.92977
2423,13.5917
2424,8.63098
2425,10.0187
2426,11.1956
2427,11.3717
2428,12.8739
2429,8.24223
2430,12.7913
2431,9.18088
2432,10.7878
2433,7.14478
2434,8.34286
2435,8.73708
2436,8.80144
2437,12.9187
2438,9.02362
2439,10.1099
2440,9.68419
2441,14.8233
2442,10.8509
2443,11.1148
2444,11.2842
2445,10.3534
2446,6.6819
2447,11.6903
2448,7.74214
2449,12.2036
2450,12.3324
2451,13.4219
2452,7.64557
2453,12.8772
2454,7.8981
2455,10.8441
2456,10.1225
2457,11.4113
2458,12.1589
2459,10.3608
2460,7.38403
2461,10.3241
2462,9.58802
2463,10.0406
2464,10.0646
2465,10.8105
2466,9.11516
2467,7.25191
2468,7.19582
2469,6.69315
2470,9.33887
2471,13.5807
2472,10.156
2473,11.7885
2474,9.03422
2475,10.3776
2476,9.84476
2477,10.6109
2478,6.67661
2479,8.14658
2480,9.51971
2481,12.8576
2482,7.88151
2483,10.8957
2484,10.2644
2485,9.90215
2486,10.0097
2487,12.5589
2488,9.25394
2489,9.32984
2490,12.1699
2491,8.54528
2492,9.65032
2493,6.94164
2494,7.34267
2495,10.7763
2496,12.0723
2497,10.5094
2498,10.9615
2499,11.6329
2500,7.2397
2501,11.8242
2502,7.86024
2503,11.0895
2504,9.14914
2505,8.7577
2506,10.373
2507,10.8474
2508,10.1404
2509,13.085
2510,7.97559
2511,9.59332
2512,9.79838
2513,9.82698
2514,11.7014
2515,7.87739
2516,8.08994
2517,9.47365
2518,11.6057
2519,6.83169
2520,11.8861
2521,10.9064
2522,8.99323
2523,9.72266
2524,8.01304
2525,10.3739
2526,9.38234
2527,12.1437
2528,9.87696
2529,7.44244
2530,9.35343
2531,10.0847
2532,9.84629
2533,15.876
2534,8.94655
2535,11.9774
2536,9.97459
2537,9.06804
2538,11.2845
2539,10.3015
2540,9.37407
2541,10.5935
2542,7.83087
2543,8.21383
2544,8.86327
2545,8.01003
2546,9.89041
2547,10.5724
2548,10.6874
2549,13.343
2550,8.60778
2551,14.9502
2552,10.434
2553,11.8559
2554,7.90582
2555,9.02946
2556,9.22038
2557,9.83836
2558,9.21617
2559,9.22461
2560,9.44182
2561,8.08268
2562,12.4467
2563,8.93312
2564,13.1151
2565,7.1235
2566,8.43663
2567,7.84109
2568,7.54362
2569,10.7388
2570,9.36164
2571,10.7221
2572,8.8821
2573,10.0265
2574,14.2089
2575,11.4136
2576,9.49307
2577,10.7461
2578,12.2058
2579,10.6768
2580,8.728
2581,12.2132
2582,6.43977
2583,13.7195
2584,8.29517
2585,11.4815
2586,12.6866
2587,10.0199
2588,10.1785
2589,11.8481
2590,10.0122
2591,9.80617
2592,8.8146
2593,10.0625
2594,7.92545
2595,7.41219
2596,8.63987
2597,12.9493
2598,10.8343
2599,11.0093
2600,9.30845
2601,11.3237
2602,9.7333
2603,8.84017
2604,11.3678
2605,9.39249
2606,11.7255
2607,8.03936
2608,12.1205
2609,12.0234
2610,14.0605
2611,13.2033
2612,11.2728
2613,13.4416
2614,12.6425
2615,9.87565
2616,10.1135
2617,10.9839
2618,13.6147
2619,9.36743
2620,6.76741
2621,7.02419
2622,9.04611
2623,9.31782
2624,15.4165
2625,8.54193
2626,7.96187
2627,9.4511
2628,9.77139
2629,11.672
2630,9.36015
2631,9.56558
2632,12.8726
2633,10.0551
2634,10.228
2635,11.4071
2636,14.535
2637,10.4454
2638,8.05287
2639,9.13473
2640,8.91749
2641,10.1698
2642,10.4258
2643,9.78045
2644,11.078
2645,10.0865
2646,9.19167
2647,9.37026
2648,8.54374
2649,8.72823
2650,10.7847
2651,10.8429
2652,11.0086
2653,9.0238
2654,9.11469
2655,11.7655
2656,9.82653
2657,9.96289
2658,12.5064
2659,8.80411
2660,9.15031
2661,11.1665
2662,13.2519
2663,12.2949
2664,10.4814
2665,8.72958
2666,10.8088
2667,8.8467
2668,8.85513
2669,11.7056
2670,13.9674
2671,9.72627
2672,9.85909
2673,6.9207
2674,11.2758
2675,7.468
2676,12.4095
2677,9.19172
2678,11.4285
2679,8.94835
2680,12.9558
2681,10.0154
2682,8.21462
2683,10.4376
2684,10.5254
2685,14.6445
2686,7.22912
2687,11.2593
2688,5.73213
2689,10.7853
2690,12.4601
2691,10.1525
2692,9.74047
2693,9.38245
2694,15.7153
2695,15.8542
2696,8.88526
2697,11.9171
2698,14.1613
2699,7.90782
2700,15.1432
2701,11.1949
2702,6.3328
2703,10.4144
2704,11.0161
2705,7.53122
2706,12.6233
2707,7.35901
2708,13.4237
2709,8.84881
2710,7.91525
2711,8.95759
2712,14.4468
2713,9.55366
2714,10.8446
2715,9.90662
2716,9.41143
2717,11.741
2718,13.2424
2719,13.9925
2720,15.5941
2721,9.88812
2722,11.5804
2723,9.85871
2724,11.3005
2725,14.5904
2726,6.7002
2727,8.17599
2728,9.38069
2729,8.07821
2730,8.28343
2731,11.0005
2732,9.05485
2733,6.75381
2734,12.3488
2735,11.2046
2736,8.27928
2737,7.92747
2738,8.96871
2739,9.15139
2740,9.69582
2741,10.004
2742,10.0721
2743,10.1364
2744,11.0887
2745,14.31
2746,11.356
2747,9.75376
2748,11.609
2749,8.65639
2750,9.09364
2751,13.626
2752,8.65561
2753,8.73248
2754,9.04416
2755,11.7848
2756,10.9801
2757,8.06396
2758,13.1731
2759,11.6719
2760,11.8783
2761,11.9269
2762,12.0019
2763,11.0305
2764,10.555
2765,12.5914
2766,7.11281
2767,6.24943
2768,12.0534
2769,9.54176
2770,8.67274
2771,7.75878
2772,11.5709
2773,7.67671
2774,10.7608
2775,8.87808
2776,6.97821
2777,10.0345
2778,8.10887
2779,9.4244
2780,9.88853
2781,11.0311
2782,10.2943
2783,11.6731
2784,11.9836
2785,16.0802
2786,12.6834
2787,10.2137
2788,14.4664
2789,7.77641
2790,13.3693
2791,8.42626
2792,10.8195
2793,9.05928
2794,7.10496
2795,9.18149
2796,16.192
2797,9.64036
2798,8.53578
2799,11.0799
2800,8.02704
2801,10.1747
2802,7.8708
2803,11.3159
2804,9.49954
2805,10.0522
2806,8.10314
2807,10.1697
2808,10.7517
2809,12.0819
2810,11.1729
2811,11.7169
2812,9.99263
2813,10.1348
2814,13.943
2815,12.4273
2816,7.56341
2817,11.904
2818,7.9295
2819,12.0047
2820,8.74391
2821,9.16764
2822,9.39589
2823,7.44051
2824,11.2001
2825,9.2393
2826,14.6247
2827,7.90365
2828,9.72935
2829,11.7378
2830,9.27727
2831,8.2857
2832,10.5026
2833,11.6335
2834,10.6956
2835,9.90344
2836,9.9324
2837,9.90601
2838,11.4383
2839,12.4971
2840,13.0864
2841,8.1358
2842,11.4554
2843,11.6282
2844,9.95665
2845,9.08126
2846,9.40867
2847,9.27735
2848,10.348
2849,8.37771
2850,10.4843
2851,10.5296
2852,11.1083
2853,6.54288
2854,10.244
2855,8.67605
2856,8.4872
2857,6.17009
2858,11.3293
2859,6.49798
2860,15.692
2861,7.31356
2862,12.367
2863,9.57459
2864,7.63992
2865,9.4264
2866,14.4842
2867,11.8222
2868,10.9945
2869,12.1026
2870,12.3404
2871,12.2091
2872,10.1625
2873,7.69949
2874,12.9438
2875,9.3349
2876,7.46283
2877,8.53224
2878,7.60281
2879,9.95898
2880,8.02538
2881,9.26547
2882,9.94727
2883,9.96122
2884,9.54291
2885,12.1085
2886,11.3025
2887,8.94357
2888,13.011
2889,10.4463
2890,7.60581
2891,6.76946
2892,9.52704
2893,9.69261
2894,10.2351
2895,11.0806
2896,9.91123
2897,8.39154
2898,10.6153
2899,8.77599
2900,12.1609
2901,9.228
2902,11.3299
2903,8.35049
2904,10.3903
2905,10.4232
2906,8.66461
2907,9.04452
2908,12.4948
2909,6.53853
2910,9.58152
2911,9.66442
2912,7.68366
2913,7.73998
2914,11.2622
2915,10.3038
2916,9.64593
2917,9.55747
2918,13.1063
2919,10.5763
2920,10.2821
2921,13.999
2922,10.4302
2923,8.15999
2924,11.5357
2925,7.79174
2926,6.59944
2927,8.7164
2928,8.8907
2929,9.00159
2930,11.15
2931,9.57277
2932,11.7722
2933,9.86269
2934,10.32
2935,10.4204
2936,10.5892
2937,8.89277
2938,10.9012
2939,12.9096
2940,10.4964
2941,12.5395
2942,8.96698
2943,6.82751
2944,7.02659
2945,8.52292
2946,11.369
2947,8.46388
2948,10.1605
2949,9.87463
2950,9.88918
2951,11.9873
2952,12.5933
2953,14.2036
2954,7.62278
2955,6.91645
2956,15.0831
2957,10.2329
2958,11.3517
2959,13.3749
2960,8.40297
2961,13.4235
2962,6.48465
2963,10.9365
2964,13.0724
2965,8.48441
2966,7.92545
2967,12.2286
2968,10.3078
2969,8.60049
2970,9.82792
2971,11.456
2972,12.9189
2973,14.5361
2974,8.94163
2975,9.55584
2976,14.0472
2977,7.1147
2978,8.16199
2979,9.31313
2980,10.3533
2981,9.59118
2982,8.66032
2983,7.73813
2984,9.49967
2985,11.5327
2986,9.80554
2987,10.2232
2988,10.9194
2989,12.2832
2990,9.31007
2991,10.3839
2992,8.16918
2993,12.276
2994,14.1439
2995,7.23428
2996,9.75277
2997,8.27016
2998,9.37643
2999,9.62131
3000,8.80105
3001,10.2016
3002,8.84478
3003,10.6626
3004,12.744
3005,9.95507
3006,8.53039
3007,13.1141
3008,9.63621
3009,6.86473
3010,9.03153
3011,10.3314
3012,13.7249
3013,7.93507
3014,8.17869
3015,8.32511
3016,9.34833
3017,9.49954
3018,10.964
3019,11.3268
3020,11.6001
3021,7.54529
3022,8.33444
3023,8.51544
3024,11.5239
3025,10.4748
3026,8.88892
3027,8.36205
3028,8.67294
3029,11.1314
3030,7.47896
3031,10.5766
3032,7.60047
3033,7.66487
3034,7.74976
3035,10.6114
3036,9.61987
3037,9.25347
3038,9.69928
3039,9.2215
3040,8.42418
3041,8.49881
3042,11.7562
3043,12.5088
3044,10.8534
3045,8.88516
3046,11.2865
3047,8.81877
3048,8.88041
3049,10.9992
3050,11.5368
3051,14.5474
3052,11.7968
3053,7.24506
3054,14.0894
3055,15.5834
3056,9.82088
3057,10.774
3058,11.2937
3059,9.44526
3060,13.4832
3061,8.9541
3062,6.01133
3063,7.69306
3064,10.2066
3065,9.5746
3066,9.35698
3067,10.6482
3068,7.77621
3069,9.23613
3070,8.33262
3071,7.55168
3072,11.7073
3073,10.7618
3074,11.8557
3075,9.08007
3076,9.1415
3077,9.2583
3078,12.7231
3079,9.54807
3080,10.876
3081,11.0853
3082,15.2023
3083,11.3669
3084,15.3754
3085,10.3838
3086,10.3922
3087,11.0582
3088,8.10342
3089,11.8796
3090,12.2257
3091,14.4304
3092,9.7786
3093,6.42399
3094,7.2048
3095,14.7629
3096,15.1302
3097,9.21658
3098,9.60763
3099,14.2033
3100,7.62755
3101,10.9107
3102,8.62007
3103,11.9828
3104,9.42331
3105,8.03672
3106,10.4398
3107,11.2866
3108,6.40121
3109,8.51857
3110,12.5028
3111,10.6962
3112,10.7949
3113,9.35631
3114,10.8287
3115,9.9083
3116,14.4053
3117,9.6673
3118,10.2185
3119,9.69074
3120,9.94597
3121,9.10899
3122,10.0445
3123,11.1614
3124,8.76299
3125,15.8857
3126,12.6894
3127,7.54133
3128,7.20527
3129,9.48482
3130,7.24014
3131,14.6859
3132,12.8504
3133,9.98905
3134,8.14645
3135,10.1065
3136,8.22703
3137,9.5367
3138,9.63524
3139,14.0689
3140,11.7049
3141,8.7133
3142,9.73135
3143,9.46218
3144,8.62243
3145,9.1415
3146,13.9647
3147,9.25735
3148,12.4211
3149,9.5907
3150,6.57695
3151,11.0578
3152,9.11429
3153,7.25985
3154,7.82466
3155,10.6731
3156,13.6972
3157,8.81498
3158,9.54892
3159,9.9156
3160,10.1613
3161,12.2115
3162,10.2207
3163,12.2996
3164,10.36
3165,10.9776
3166,11.158
3167,8.33836
3168,8.52657
3169,9.68791
3170,9.13825
3171,10.258
3172,13.3968
3173,7.70625
3174,11.0989
3175,14.1421
3176,11.3236
3177,10.8823
3178,8.22019
3179,9.37402
3180,12.4791
3181,9.69644
3182,8.70487
3183,10.3499
3184,13.4358
3185,11.8215
3186,10.2467
3187,11.7795
3188,9.29307
3189,7.19524
3190,6.64724
3191,9.66173
3192,7.98206
3193,9.4966
3194,9.946
3195,11.1131
3196,9.52538
3197,11.1541
3198,11.3732
3199,11.9855
3200,8.18681
3201,13.0404
3202,13.1767
3203,9.45722
3204,10.8306
3205,11.8379
3206,12.1094
3207,14.5198
3208,12.9242
3209,12.1737
3210,7.65454
3211,7.69656
3212,7.83589
3213,9.03677
3214,8.00893
3215,7.03936
3216,10.1567
3217,10.363
3218,10.5613
3219,8.91597
3220,10.0001
3221,10.4103
3222,12.6167
3223,10.9443
3224,9.18523
3225,11.8161
3226,11.6353
3227,7.87052
3228,13.2917
3229,6.58544
3230,8.68851
3231,11.0203
3232,13.0289
3233,10.4049
3234,15.7059
3235,13.7178
3236,9.16367
3237,9.27617
3238,9.78605
3239,10.2966
3240,9.47579
3241,9.78232
3242,7.83124
3243,7.66777
3244,18.0582
3245,11.3164
3246,12.6008
3247,9.89005
3248,6.65285
3249,9.54002
3250,11.672
3251,9.14243
3252,8.51177
3253,6.52457
3254,8.31414
3255,7.94709
3256,11.2852
3257,11.4694
3258,15.6899
3259,11.5691
3260,11.6595
3261,12.9351
3262,12.4298
3263,9.69621
3264,8.77413
3265,9.18789
3266,11.7233
3267,9.73916
3268,13.0215
3269,10.5561
3270,8.16168
3271,12.6982
3272,9.08815
3273,9.16098
3274,9.40101
3275,10.4653
3276,10.6792
3277,9.4879
3278,9.63811
3279,16.7775
3280,10.0445
3281,9.13177
3282,8.52387
3283,9.09721
3284,10.1058
3285,12.3
3286,11.7358
3287,12.6344
3288,12.7038
3289,7.02999
3290,8.63436
3291,11.6923
3292,9.95192
3293,10.2756
3294,8.47732
3295,9.51887
3296,11.9277
3297,10.3076
3298,11.4449
3299,12.4569
3300,11.1819
3301,11.8148
3302,11.9839
3303,9.44657
3304,9.52533
3305,7.86134
3306,10.0236
3307,10.652
3308,12.0476
3309,10.2231
3310,10.2408
3311,11.2631
3312,12.4655
3313,11.0648
3314,11.2089
3315,12.298
3316,9.17135
3317,9.35879
3318,9.39873
3319,6.62508
3320,10.7527
3321,7.79166
3322,10.0023
3323,9.04642
3324,11.8454
3325,11.9513
3326,12.6933
3327,12.3147
3328,8.22568
3329,7.5069
3330,8.10561
3331,11.1301
3332,11.146
3333,7.25284
3334,11.7848
3335,8.96431
3336,10.9088
3337,10.955
3338,12.1495
3339,9.34721
3340,11.5227
3341,9.7379
3342,12.7526
3343,11.2115
3344,13.8797
3345,11.2823
3346,9.44503
3347,11.735
3348,13.7873
3349,8.20752
3350,11.1689
3351,12.6643
3352,8.71691
3353,8.99665
3354,11.064
3355,9.4778
3356,7.67461
3357,10.7853
3358,8.71808
3359,12.4731
3360,9.55499
3361,14.3276
3362,10.6514
3363,11.78
3364,12.0392
3365,12.6463
3366,9.894
3367,19.2099
3368,9.41948
3369,9.98477
3370,10.0152
3371,7.68733
3372,6.73402
3373,8.50103
3374,9.84271
3375,7.96909
3376,8.19193
3377,10.1357
3378,10.3289
3379,10.0989
3380,8.66125
3381,7.92759
3382,5.61268
3383,12.7357
3384,9.98078
3385,10.1375
3386,15.806
3387,11.1622
3388,16.4486
3389,5.73918
3390,7.83513
3391,11.8448
3392,12.2151
3393,7.79477
3394,7.81182
3395,10.8375
3396,7.99549
3397,9.07395
3398,9.3117
3399,9.58131
3400,11.6573
3401,10.8056
3402,8.90674
3403,10.9361
3404,11.0149
3405,11.346
3406,11.5295
3407,11.7216
3408,9.74104
3409,12.2936
3410,7.16116
3411,13.2191
3412,13.4009
3413,7.0009
3414,8.25258
3415,6.71648
3416,7.73136
3417,10.7646
3418,7.61195
3419,7.63128
3420,9.65871
3421,8.94188
3422,11.9603
3423,8.97911
3424,9.12665
3425,11.4245
3426,10.785
3427,8.3301
3428,10.4543
3429,9.9755
3430,8.13287
3431,9.18062
3432,10.189
3433,12.8918
3434,11.2876
3435,8.00671
3436,8.91376
3437,11.9403
3438,12.3233
3439,7.37157
3440,10.686
3441,10.0422
3442,10.4694
3443,10.8
3444,10.8994
3445,8.91687
3446,9.79623
3447,13.0176
3448,8.51022
3449,9.69687
3450,13.9079
3451,10.535
3452,12.0745
3453,9.08392
3454,8.64663
3455,9.91887
3456,10.5272
3457,8.29997
3458,6.78193
3459,11.0952
3460,8.04138
3461,7.093
3462,7.14067
3463,7.44843
3464,12.1781
3465,12.1856
3466,10.2904
3467,9.35956
3468,9.74036
3469,11.1322
3470,9.41694
3471,12.8646
3472,8.67305
3473,7.82317
3474,10.1005
3475,8.57294
3476,9.51733
3477,11.7928
3478,10.1918
3479,12.3151
3480,5.47327
3481,11.9337
3482,7.02572
3483,12.787
3484,8.86567
3485,9.96408
3486,13.9911
3487,9.3984
3488,7.09685
3489,9.93112
3490,8.97723
3491,6.37427
3492,11.8188
3493,15.2372
3494,11.2305
3495,7.88246
3496,9.94914
3497,8.49698
3498,12.0629
3499,12.4034
3500,9.4378
3501,9.18912
3502,9.32641
3503,6.84754
3504,8.25896
3505,10.1515
3506,9.84273
3507,7.28245
3508,7.39763
3509,7.71923
3510,11.7646
3511,9.80789
3512,8.90067
3513,8.92299
3514,14.1229
3515,9.35791
3516,9.55822
3517,8.77404
3518,9.43593
3519,10.6354
3520,9.74446
3521,9.94561
3522,12.1379
3523,11.4822
3524,12.0102
3525,11.1928
3526,11.2107
3527,11.4412
3528,12.4567
3529,11.5783
3530,11.6267
3531,11.8027
3532,9.81118
3533,8.71915
3534,8.0403
3535,9.38884
3536,9.6989
3537,13.7643
3538,14.7845
3539,9.82278
3540,9.88584
3541,10.2563
3542,10.8252
3543,9.43887
3544,11.4605
3545,9.46129
3546,8.10671
3547,12.3277
3548,14.1784
3549,13.2395
3550,15.4082
3551,8.45019
3552,11.6185
3553,10.6271
3554,8.44807
3555,13.8849
3556,12.9426
3557,9.50372
3558,11.5635
3559,7.83634
3560,6.86638
3561,8.112
3562,12.1338
3563,12.2528
3564,8.4402
3565,8.48207
3566,8.64722
3567,7.61229
3568,9.87367
3569,9.23534
3570,10.356
3571,8.40007
3572,12.516
3573,10.7938
3574,10.7525
3575,13.4184
3576,7.14907
3577,11.3133
3578,7.85105
3579,6.09912
3580,13.4891
3581,10.9569
3582,8.23895
3583,6.8272
3584,13.0323
3585,9.71079
3586,13.9002
3587,8.26253
3588,12.5639
3589,11.0618
3590,13.1143
3591,7.98046
3592,9.19346
3593,9.76702
3594,10.2956
3595,11.048
3596,7.28327
3597,10.3048
3598,9.3485
3599,10.8285
3600,9.86031
3601,9.8963
3602,8.11738
3603,10.4434
3604,8.47252
3605,9.04953
3606,11.6326
3607,6.87693
3608,9.39489
3609,9.08491
3610,16.4226
3611,12.6135
3612,10.9591
3613,11.0657
3614,9.35759
3615,8.94181
3616,9.97931
3617,10.6665
3618,7.88813
3619,12.0725
3620,11.9933
3621,8.96375
3622,16.1083
3623,9.00373
3624,9.12731
3625,10.5502
3626,10.5856
3627,11.7044
3628,7.90642
3629,9.97937
3630,8.71965
3631,8.8609
3632,7.99594
3633,8.00437
3634,10.1539
3635,12.1212
3636,12.0354
3637,11.087
3638,11.4149
3639,12.1849
3640,14.4833
3641,10.7291
3642,8.78319
3643,9.15293
3644,9.27253
3645,11.6963
3646,11.978
3647,7.73573
3648,6.02471
3649,9.50912
3650,10.5712
3651,8.48985
3652,8.70281
3653,7.7999
3654,8.94262
3655,12.9723
3656,6.78923
3657,8.02837
3658,8.13653
3659,10.145
3660,10.1973
3661,11.0249
3662,12.1099
3663,8.42385
3664,14.5486
3665,8.25918
3666,12.3207
3667,8.32911
3668,8.78929
3669,9.48099
3670,6.83225
3671,10.2667
3672,14.4346
3673,8.64488
3674,10.6533
3675,8.66679
3676,8.93978
3677,10.0972
3678,11.189
3679,9.62786
3680,11.6534
3681,12.6953
3682,6.93377
3683,16.2455
3684,12.3919
3685,7.13619
3686,12.3102
3687,12.0421
3688,13.2685
3689,11.322
3690,11.6301
3691,13.0932
3692,8.33583
3693,10.3443
3694,10.6109
3695,7.85107
3696,14.0075
3697,8.0159
3698,11.0265
3699,10.1112
3700,9.56499
3701,10.6405
3702,10.0175
3703,10.4122
3704,11.1893
3705,10.5256
3706,11.8109
3707,9.21117
3708,8.66486
3709,10.5303
3710,10.8573
3711,9.64326
3712,9.15858
3713,6.0364
3714,10.1794
3715,6.20511
3716,6.40582
3717,7.93185
3718,9.08409
3719,9.7004
3720,10.187
3721,10.5578
3722,10.7082
3723,6.97061
3724,7.92098
3725,8.39526
3726,6.02711
3727,11.3607
3728,10.696
3729,8.41473
3730,8.78842
3731,11.0392
3732,12.749
3733,10.1652
3734,9.62415
3735,11.7952
3736,9.84116
3737,15.9181
3738,11.4138
3739,11.8472
3740,12.8557
3741,7.00092
3742,13.596
3743,9.07359
3744,9.38687
3745,9.99465
3746,11.5299
3747,11.6351
3748,8.24922
3749,8.66642
3750,10.9126
3751,11.055
3752,8.52535
3753,7.71896
3754,9.79889
3755,8.64215
3756,8.45336
3757,8.57998
3758,9.22848
3759,9.33846
3760,8.41995
3761,10.4674
3762,13.8095
3763,12.3629
3764,13.3189
3765,9.39852
3766,12.6784
3767,5.7426
3768,11.249
3769,8.32616
3770,10.2136
3771,10.3942
3772,12.6816
3773,10.9491
3774,10.4066
3775,10.6545
3776,8.03352
3777,10.5314
3778,13.4119
3779,10.3033
3780,7.33175
3781,5.73446
3782,7.29965
3783,9.99804
3784,11.5483
3785,8.16892
3786,8.90408
3787,9.04487
3788,11.216
3789,14.0015
3790,8.78454
3791,9.18002
3792,13.8853
3793,10.3178
3794,10.4317
3795,7.89033
3796,11.5268
3797,8.95024
3798,9.30722
3799,11.3771
3800,10.3824
3801,9.95275
3802,7.48516
3803,6.73968
3804,8.66317
3805,10.0333
3806,16.1622
3807,10.4907
3808,9.0367
3809,13.1989
3810,10.1042
3811,8.05556
3812,7.40131
3813,9.57936
3814,12.1032
3815,11.1699
3816,12.0255
3817,11.0445
3818,9.27953
3819,6.49127
3820,9.2283
3821,10.9955
3822,10.0039
3823,8.86138
3824,8.93695
3825,11.115
3826,11.2151
3827,11.9662
3828,10.2357
3829,9.2558
3830,8.57764
3831,10.6117
3832,18.7651
3833,11.1749
3834,9.18329
3835,11.2771
3836,11.4148
3837,6.83235
3838,7.84078
3839,13.4432
3840,15.0831
3841,8.41546
3842,7.16928
3843,10.6472
3844,8.71803
3845,11.9347
3846,12.082
3847,12.4588
3848,11.547
3849,8.9657
3850,11.5148
3851,8.2731
3852,9.21382
3853,9.01148
3854,11.9738
3855,10.3604
3856,12.1773
3857,8.89917
3858,7.67345
3859,7.14428
3860,8.93936
3861,9.11291
3862,10.4559
3863,10.6207
3864,7.18153
3865,11.0445
3866,11.5964
3867,7.5102
3868,10.6279
3869,7.90809
3870,6.04019
3871,8.1296
3872,9.43414
3873,8.53734
3874,9.69909
3875,14.7075
3876,9.8473
3877,9.04363
3878,6.06992
3879,10.1073
3880,8.29832
3881,9.24317
3882,9.43034
3883,9.65647
3884,9.88489
3885,10.2239
3886,10.3303
3887,14.4489
3888,7.27918
3889,9.28856
3890,11.2474
3891,16.783
3892,11.075
3893,8.6066
3894,6.71598
3895,8.62853
3896,7.34213
3897,7.35358
3898,8.40563
3899,9.01692
3900,8.05313
3901,8.12353
3902,8.23788
3903,8.90373
3904,9.00077
3905,10.7361
3906,10.8212
3907,9.9474
3908,10.0656
3909,12.1466
3910,10.943
3911,8.17352
3912,14.4179
3913,11.4891
3914,15.425
3915,9.6075
3916,14.434
3917,7.48252
3918,11.1273
3919,7.22603
3920,8.93808
3921,13.2888
3922,10.4977
3923,11.1712
3924,11.745
3925,7.75567
3926,10.1332
3927,15.74
3928,8.20853
3929,8.42956
3930,10.7795
3931,8.83809
3932,8.93513
3933,11.0269
3934,9.19825
3935,11.5863
3936,9.92724
3937,8.97562
3938,9.32368
3939,9.53198
3940,9.91534
3941,8.56067
3942,11.6682
3943,11.7239
3944,10.9417
3945,12.9601
3946,11.4197
3947,7.07305
3948,7.967
3949,8.43203
3950,9.44046
3951,8.48565
3952,8.88528
3953,6.48964
3954,9.59625
3955,7.47963
3956,11.785
3957,12.1665
3958,10.8534
3959,11.8619
3960,11.9795
3961,13.0542
3962,9.06262
3963,13.0993
3964,13.6765
3965,9.71571
3966,7.95298
3967,10.5839
3968,9.65775
3969,11.9669
3970,12.1457
3971,10.0939
3972,9.76017
3973,9.16809
3974,9.26529
3975,11.5918
3976,8.46617
3977,8.35332
3978,10.3548
3979,7.50945
3980,12.3231
3981,7.71296
3982,9.13984
3983,9.9257
3984,13.2719
3985,13.9366
3986,12.4634
3987,8.94914
3988,8.1256
3989,7.11267
3990,9.35945
3991,10.5406
3992,11.8694
3993,10.0967
3994,9.35583
3995,10.7365
3996,10.0198
3997,11.6023
3998,8.19924
3999,8.35619
4000,6.46636
4001,11.6234
4002,9.33813
4003,7.45239
4004,9.0686
4005,7.94144
4006,10.5045
4007,8.70417
4008,11.515
4009,9.61135
4010,15.0142
4011,11.3939
4012,15.2223
4013,9.4188
4014,9.71227
4015,9.97915
4016,8.05247
4017,5.52588
4018,7.77903
4019,8.29983
4020,7.01177
4021,13.142
4022,7.37972
4023,8.46472
4024,11.5945
4025,10.671
4026,8.71008
4027,8.98762
4028,7.18553
4029,9.2872
4030,11.4925
4031,7.5348
4032,9.68121
4033,10.1027
4034,9.28158
4035,10.4721
4036,12.3428
4037,11.3743
4038,11.4098
4039,9.76751
4040,12.1847
4041,10.2911
4042,12.6282
4043,9.71377
4044,12.8702
4045,9.08005
4046,12.1412
4047,14.1027
4048,8.63875
4049,15.7033
4050,7.71172
4051,7.93123
4052,10.0556
4053,8.93775
4054,9.15625
4055,11.3669
4056,9.37532
4057,9.5726
4058,11.9581
4059,10.4818
4060,12.7766
4061,7.63502
4062,11.7619
4063,7.84441
4064,8.7013
4065,19.8341
4066,16.2131
4067,6.99512
4068,11.1786
4069,8.812
4070,8.89335
4071,8.05522
4072,8.78889
4073,8.02341
4074,7.49368
4075,12.5196
4076,6.90982
4077,11.047
4078,10.4121
4079,10.0364
4080,10.1457
4081,11.1615
4082,6.98459
4083,7.58107
4084,9.08591
4085,10.3954
4086,10.0249
4087,10.2506
4088,9.36079
4089,11.3889
4090,9.64171
4091,11.567
4092,12.5755
4093,11.5839
4094,10.0892
4095,7.96841
4096,12.9219
4097,10.8302
4098,16.5399
4099,7.30819
4100,8.37737
4101,11.4683
4102,10.7673
4103,7.11139
4104,13.7294
4105,8.37372
4106,6.62585
4107,8.67778
4108,10.3819
4109,10.1206
4110,9.35602
4111,8.7664
4112,10.9701
4113,10.3609
4114,18.7651
4115,10.4745
4116,7.48297
4117,13.7737
4118,8.58321
4119,9.83073
4120,10.2606
4121,7.90445
4122,12.6582
4123,8.43894
4124,6.16026
4125,9.22736
4126,10.3904
4127,7.42802
4128,12.69
4129,9.56078
4130,9.74636
4131,9.09386
4132,10.3772
4133,12.9643
4134,14.1329
4135,7.72402
4136,9.04752
4137,8.43903
4138,9.02627
4139,13.1338
4140,8.62872
4141,13.0817
4142,10.4372
4143,14.4712
4144,7.0592
4145,8.25226
4146,7.56316
4147,11.9376
4148,11.7854
4149,10.1351
4150,10.6542
4151,7.92282
4152,14.2195
4153,10.3824
4154,8.70313
4155,11.654
4156,17.0461
4157,12.2412
4158,10.5398
4159,9.87539
4160,9.09688
4161,16.5217
4162,9.94282
4163,5.03852
4164,8.40163
4165,7.68359
4166,12.7444
4167,10.6814
4168,9.70234
4169,7.72731
4170,11.0664
4171,9.24587
4172,10.8648
4173,12.5929
4174,12.3636
4175,10.9902
4176,11.0106
4177,9.60749
4178,11.9826
4179,9.52939
4180,11.0702
4181,9.8924
4182,10.5656
4183,7.02441
4184,8.10514
4185,8.19247
4186,8.47468
4187,8.70063
4188,8.74989
4189,8.81391
4190,8.82234
4191,10.0048
4192,10.0294
4193,10.4532
4194,10.7274
4195,11.5813
4196,11.6241
4197,7.38772
4198,11.5634
4199,9.12755
4200,9.44817
4201,7.65266
4202,6.90158
4203,9.92408
4204,12.1257
4205,10.0335
4206,13.6739
4207,14.9995
4208,8.78158
4209,11.7302
4210,9.17106
4211,9.02608
4212,14.0717
4213,9.11615
4214,9.84325
4215,10.7676
4216,6.99827
4217,8.88439
4218,10.4788
4219,9.48719
4220,9.49922
4221,7.66004
4222,9.91669
4223,10.4312
4224,9.05854
4225,9.11723
4226,12.1825
4227,9.34347
4228,10.1411
4229,11.8248
4230,11.9377
4231,10.3153
4232,9.61506
4233,11.9836
4234,9.15089
4235,9.21973
4236,9.32905
4237,9.52035
4238,10.6548
4239,7.40849
4240,9.01046
4241,8.25726
4242,11.2657
4243,12.4768
4244,9.59083
4245,9.86304
4246,7.93011
4247,9.93947
4248,9.02311
4249,11.0529
4250,14.5943
4251,13.9645
4252,10.1268
4253,8.67359
4254,14.8312
4255,8.96561
4256,10.1273
4257,12.8192
4258,13.1382
4259,7.24151
4260,13.7337
4261,12.5102
4262,8.59662
4263,9.13169
4264,8.18616
4265,8.34668
4266,7.7715
4267,7.26426
4268,11.7855
4269,9.85146
4270,9.8599
4271,9.86686
4272,11.057
4273,9.55281
4274,12.2577
4275,10.8588
4276,10.9497
4277,12.7031
4278,10.0965
4279,8.36455
4280,14.3899
4281,10.45
4282,10.9865
4283,12.4278
4284,11.5109
4285,9.42671
4286,13.3568
4287,13.9921
4288,8.00051
4289,9.053
4290,9.08556
4291,8.35741
4292,10.2763
4293,10.9965
4294,10.618
4295,11.8256
4296,8.07626
4297,11.1622
4298,11.2308
4299,10.3856
4300,11.6076
4301,6.02752
4302,11.0363
4303,7.68355
4304,12.9178
4305,13.7235
4306,9.44552
4307,9.21221
4308,9.26152
4309,10.6557
4310,11.6881
4311,10.9547
4312,11.5498
4313,13.4852
4314,9.49367
4315,10.1819
4316,8.50924
4317,11.8112
4318,11.3354
4319,8.3984
4320,9.43924
4321,8.55967
4322,9.28074
4323,8.29317
4324,9.52405
4325,9.58033
4326,9.62792
4327,8.73449
4328,9.09687
4329,10.1849
4330,14.5335
4331,10.6618
4332,11.2964
4333,9.32117
4334,8.35339
4335,11.5396
4336,9.65176
4337,8.68426
4338,10.9466
4339,9.18098
4340,9.22703
4341,9.33033
4342,9.47127
4343,8.33922
4344,10.4508
4345,11.0583
4346,9.4052
4347,11.4748
4348,8.94343
4349,11.6969
4350,8.76422
4351,9.44893
4352,12.8111
4353,11.367
4354,8.36607
4355,12.4386
4356,8.83729
4357,9.45838
4358,6.91043
4359,10.1036
4360,7.32455
4361,8.82827
4362,9.50762
4363,7.90362
4364,10.2352
4365,7.62797
4366,10.8503
4367,10.9646
4368,8.46424
4369,7.67515
4370,8.7628
4371,11.292
4372,9.30529
4373,8.72764
4374,8.99464
4375,14.2668
4376,10.6645
4377,10.8611
4378,7.90795
4379,8.33535
4380,12.8821
4381,12.1814
4382,13.2276
4383,9.11833
4384,7.37396
4385,11.1862
4386,12.7781
4387,13.1432
4388,13.3014
4389,6.50769
4390,11.8779
4391,11.0317
4392,12.2231
4393,7.45082
4394,8.04901
4395,8.575
4396,9.65638
4397,9.08005
4398,11.0885
4399,7.12549
4400,10.5108
4401,10.9764
4402,8.4484
4403,7.59076
4404,7.6105
4405,7.63344
4406,10.9243
4407,8.16758
4408,8.18934
4409,8.26646
4410,9.47115
4411,12.6835
4412,8.7408
4413,8.82202
4414,9.4798
4415,9.71285
4416,9.87738
4417,8.91675
4418,10.2123
4419,10.6699
4420,10.8386
4421,9.95297
4422,11.0678
4423,14.8848
4424,7.96496
4425,7.97439
4426,13.867
4427,10.2558
4428,7.88359
4429,8.79598
4430,10.0505
4431,11.2975
4432,11.3703
4433,7.75084
4434,8.04374
4435,7.55582
4436,9.79503
4437,10.9277
4438,10.1367
4439,9.23704
4440,12.1214
4441,9.79376
4442,13.3302
4443,13.7645
4444,7.96809
4445,6.31369
4446,11.5951
4447,8.8221
4448,10.6817
4449,11.4884
4450,9.17222
4451,9.0353
4452,12.7635
4453,11.6762
4454,12.8837
4455,12.02
4456,10.2407
4457,10.3417
4458,7.25126
4459,10.6959
4460,8.44054
4461,11.2501
4462,13.3557
4463,8.63653
4464,9.57156
4465,6.89285
4466,10.9987
4467,11.1005
4468,8.8751
4469,11.6533
4470,12.6726
4471,9.46703
4472,10.7048
4473,11.2323
4474,11.5242
4475,14.0892
4476,9.62811
4477,15.706
4478,9.17176
4479,9.20636
4480,6.17577
4481,8.52539
4482,9.97164
4483,9.26829
4484,10.1575
4485,9.39427
4486,10.2859
4487,11.3667
4488,8.10266
4489,8.54411
4490,9.76578
4491,9.80903
4492,8.01044
4493,10.4447
4494,11.5629
4495,10.7964
4496,11.9156
4497,10.945
4498,10.9911
4499,14.2119
4500,15.4387
4501,11.4979
4502,10.3575
4503,9.19524
4504,6.95238
4505,15.2541
4506,6.85424
4507,7.16548
4508,9.3146
4509,8.50592
4510,7.92858
4511,8.97244
4512,7.85707
4513,10.8708
4514,10.8913
4515,11.1442
4516,11.9347
4517,7.90596
4518,13.1006
4519,7.38559
4520,9.31823
4521,17.3609
4522,7.01026
4523,7.40969
4524,11.8908
4525,14.8992
4526,8.00894
4527,9.9039
4528,7.87914
4529,10.0603
4530,8.15367
4531,7.23915
4532,10.3849
4533,6.62281
4534,6.96056
4535,8.28222
4536,7.59175
4537,8.65897
4538,9.53611
4539,11.5445
4540,9.55297
4541,9.86868
4542,10.2126
4543,10.7331
4544,10.1845
4545,10.2728
4546,8.73547
4547,9.22799
4548,6.97986
4549,10.0987
4550,8.31694
4551,8.32658
4552,13.6898
4553,9.38457
4554,8.39552
4555,9.4772
4556,9.94204
4557,9.09027
4558,12.1501
4559,10.5316
4560,10.5551
4561,9.79231
4562,9.94394
4563,10.5811
4564,14.3621
4565,12.3775
4566,8.63115
4567,11.7107
4568,6.10307
4569,12.3035
4570,8.43913
4571,12.5873
4572,8.31895
4573,9.74569
4574,8.84013
4575,10.3963
4576,13.2426
4577,8.58712
4578,10.0147
4579,8.63558
4580,9.63862
4581,7.91252
4582,7.98099
4583,10.1277
4584,10.5211
4585,11.2909
4586,7.90772
4587,11.1659
4588,10.2147
4589,9.75349
4590,9.4905
4591,9.14121
4592,8.34148
4593,9.19283
4594,11.8464
4595,11.9131
4596,8.96499
4597,7.0952
4598,12.3314
4599,11.3399
4600,10.4634
4601,8.71812
4602,10.5315
4603,9.12767
4604,15.9921
4605,9.10934
4606,7.41611
4607,11.6281
4608,11.8089
4609,13.0918
4610,16.9511
4611,11.0521
4612,9.47856
4613,12.487
4614,9.56038
4615,7.85131
4616,7.97179
4617,10.4327
4618,10.713
4619,10.8483
4620,9.98473
4621,11.2897
4622,9.5036
4623,10.3008
4624,10.3539
4625,8.46354
4626,14.6728
4627,9.51247
4628,7.56838
4629,8.68798
4630,9.78476
4631,9.86317
4632,8.62106
4633,5.81043
4634,8.90093
4635,9.15665
4636,9.36937
4637,9.43189
4638,9.76925
4639,10.269
4640,10.8749
4641,16.7257
4642,7.84888
4643,11.9335
4644,9.26296
4645,8.36989
4646,9.63526
4647,12.6535
4648,8.8723
4649,10.3201
4650,11.1251
4651,8.89072
4652,9.42608
4653,9.9296
4654,7.33766
4655,9.12336
4656,11.1714
4657,13.5969
4658,9.42743
4659,8.52458
4660,9.53286
4661,7.59428
4662,10.4571
4663,10.7239
4664,8.54605
4665,12.6633
4666,13.3509
4667,12.6254
4668,9.63869
4669,12.6662
4670,13.0742
4671,6.76694
4672,14.0636
4673,9.00486
4674,9.21471
4675,8.39837
4676,6.57291
4677,7.84103
4678,9.4519
4679,11.0583
4680,9.43823
4681,9.54439
4682,12.6144
4683,9.05033
4684,11.7714
4685,10.2015
4686,8.30035
4687,14.7868
4688,12.1634
4689,7.76791
4690,11.1889
4691,9.11114
4692,9.91151
4693,9.96329
4694,10.0125
4695,10.1195
4696,11.6716
4697,12.7532
4698,7.28537
4699,9.52614
4700,10.2792
4701,10.7218
4702,10.1256
4703,9.21423
4704,11.2227
4705,9.46372
4706,10.798
4707,12.0904
4708,12.4047
4709,12.5631
4710,10.3193
4711,7.68076
4712,15.3423
4713,10.1227
4714,7.44006
4715,6.73478
4716,7.09238
4717,12.708
4718,9.90045
4719,9.11577
4720,9.23646
4721,8.46313
4722,11.2287
4723,11.5207
4724,13.0126
4725,10.395
4726,12.9564
4727,10.7003
4728,11.3519
4729,15.8712
4730,14.1808
4731,8.59181
4732,13.1349
4733,9.28833
4734,14.954
4735,10.652
4736,8.04262
4737,8.61894
4738,7.6855
4739,7.10541
4740,12.2468
4741,12.8698
4742,9.26758
4743,15.8448
4744,11.9136
4745,12.0829
4746,12.633
4747,8.63326
4748,9.99053
4749,10.3171
4750,12.2552
4751,11.297
4752,11.3054
4753,16.4065
4754,12.1266
4755,6.28405
4756,8.56692
4757,7.62744
4758,12.3078
4759,10.3924
4760,16.1186
4761,8.2572
4762,11.8535
4763,10.6491
4764,12.1317
4765,9.33527
4766,8.05546
4767,7.40482
4768,8.78076
4769,10.6666
4770,8.79542
4771,7.9919
4772,8.03339
4773,9.62305
4774,7.47083
4775,6.57731
4776,10.6254
4777,11.293
4778,10.7011
4779,8.77542
4780,11.85
4781,13.3322
4782,10.5781
4783,13.5945
4784,12.6347
4785,11.5877
4786,9.03747
4787,9.09964
4788,9.55455
4789,12.897
4790,8.96363
4791,12.1876
4792,8.68858
4793,11.5578
4794,6.9048
4795,8.51028
4796,7.56327
4797,9.34359
4798,9.36168
4799,7.55405
4800,7.9317
4801,10.2292
4802,11.3138
4803,8.42764
4804,10.5025
4805,10.6686
4806,9.01537
4807,12.258
4808,9.74345
4809,12.9882
4810,10.6987
4811,9.34815
4812,8.61844
4813,9.24677
4814,9.44619
4815,10.9368
4816,12.5717
4817,12.7182
4818,15.2953
4819,14.7125
4820,7.78826
4821,8.19307
4822,8.6597
4823,12.0473
4824,10.1809
4825,7.22134
4826,11.0111
4827,11.6667
4828,8.71039
4829,9.86243
4830,8.55118
4831,13.7408
4832,11.4289
4833,8.86578
4834,8.67257
4835,13.2088
4836,9.50738
4837,14.2174
4838,8.87216
4839,6.49229
4840,7.11787
4841,9.97224
4842,8.15319
4843,7.86918
4844,10.3852
4845,9.51187
4846,6.03034
4847,13.3772
4848,8.70138
4849,11.5848
4850,11.0246
4851,11.033
4852,11.122
4853,13.1327
4854,10.7234
4855,19.213
4856,9.67226
4857,10.6237
4858,10.6976
4859,10.3034
4860,10.1641
4861,11.5968
4862,5.79514
4863,13.3386
4864,10.0045
4865,9.00718
4866,11.1611
4867,9.6421
4868,11.793
4869,9.92469
4870,8.9959
4871,9.34699
4872,10.2044
4873,7.14377
4874,13.5192
4875,11.6566
4876,7.53375
4877,10.5224
4878,10.2874
4879,10.238
4880,10.559
4881,11.1331
4882,13.2629
4883,9.47456
4884,8.57188
4885,7.90505
4886,9.62111
4887,11.0804
4888,7.04837
4889,13.631
4890,10.8903
4891,14.9514
4892,8.23559
4893,8.74412
4894,9.16234
4895,10.0257
4896,7.06705
4897,10.3474
4898,11.0013
4899,8.53448
4900,11.7276
4901,8.79099
4902,7.67664
4903,10.0054
4904,11.6181
4905,11.9071
4906,9.98387
4907,10.3576
4908,8.59854
4909,10.768
4910,8.09251
4911,8.84731
4912,9.41543
4913,8.05538
4914,9.81045
4915,10.1572
4916,12.569
4917,13.7819
4918,8.83692
4919,12.9807
4920,14.2826
4921,11.5192
4922,8.17107
4923,14.9932
4924,8.25108
4925,10.2642
4926,11.0663
4927,9.21543
4928,7.00298
4929,7.7883
4930,7.86022
4931,11.2491
4932,11.2698
4933,8.90016
4934,10.0215
4935,10.1249
4936,10.287
4937,11.9745
4938,9.65376
4939,9.11904
4940,7.06773
4941,17.159
4942,9.39461
4943,7.71849
4944,8.22535
4945,8.24813
4946,8.64555
4947,5.98306
4948,10.0265
4949,10.0751
4950,8.6457
4951,9.83404
4952,9.94104
4953,10.0594
4954,15.0678
4955,13.1126
4956,9.15215
4957,10.5024
4958,8.62538
4959,11.0455
4960,11.2403
4961,9.16544
4962,9.3468
4963,8.37395
4964,13.3986
4965,8.48053
4966,9.54224
4967,8.7002
4968,12.8617
4969,13.0082
4970,10.0979
4971,10.5421
4972,10.8964
4973,7.25451
4974,11.439
4975,11.6038
4976,9.50316
4977,9.50284
4978,15.8525
4979,11.9234
4980,9.09748
4981,14.2278
4982,13.3686
4983,10.4038
4984,9.59788
4985,11.6514
4986,9.79162
4987,16.4388
4988,13.3423
4989,7.83455
4990,8.29281
4991,9.97317
4992,15.6877
4993,9.47027
4994,6.67249
4995,7.75955
4996,10.0265
4997,11.8649
4998,12.6533
4999,10.5649
5000,8.78529
5001,11.8899
5002,13.0357
5003,8.43074
5004,11.4509
5005,7.96184
5006,8.09488
5007,5.50907
5008,10.1767
5009,12.9166
5010,8.37521
5011,10.9799
5012,9.47887
5013,11.8464
5014,10.0937
5015,16.4038
5016,11.9185
5017,11.757
5018,10.2564
5019,8.52855
5020,9.10742
5021,10.2697
5022,11.0268
5023,10.1828
5024,12.2355
5025,7.81674
5026,8.87532
5027,9.20078
5028,8.3919
5029,15.4142
5030,8.62174
5031,8.63607
5032,9.78502
5033,7.23555
5034,10.0278
5035,7.77541
5036,10.8971
5037,9.10299
5038,9.15428
5039,9.9827
5040,10.2323
5041,11.232
5042,11.598
5043,13.9811
5044,7.41593
5045,6.6066
5046,9.32805
5047,9.90444
5048,10.6813
5049,13.8683
5050,9.16882
5051,13.4446
5052,9.49555
5053,12.8759
5054,9.02505
5055,9.25419
5056,11.5187
5057,11.9902
5058,7.71315
5059,10.7704
5060,10.0155
5061,11.2324
5062,10.4207
5063,12.1455
5064,10.9704
5065,11.0827
5066,6.89428
5067,12.3717
5068,8.77546
5069,9.00544
5070,12.0543
5071,11.4784
5072,8.9141
5073,8.40378
5074,5.47698
5075,7.67934
5076,6.90503
5077,8.66128
5078,8.17216
5079,8.28837
5080,8.38538
5081,11.8317
5082,8.93748
5083,9.06121
5084,9.2678
5085,9.30354
5086,7.54485
5087,9.58298
5088,9.62427
5089,9.87075
5090,8.03256
5091,8.73571
5092,11.0426
5093,10.1015
5094,12.2991
5095,11.9579
5096,13.1523
5097,12.2727
5098,8.15988
5099,8.26142
5100,11.4082
5101,9.05236
5102,14.3318
5103,11.5216
5104,9.56557
5105,7.89874
5106,9.97298
5107,10.1057
5108,10.5358
5109,8.54419
5110,10.7894
5111,10.9656
5112,11.7375
5113,8.77234
5114,11.9452
5115,9.14868
5116,9.17666
5117,9.34643
5118,12.3549
5119,8.4445
5120,9.72512
5121,9.44928
5122,7.2882
5123,12.3029
5124,9.33481
5125,9.73855
5126,10.9376
5127,11.0511
5128,18.2356
5129,6.34723
5130,9.45731
5131,11.8676
5132,9.94574
5133,8.17785
5134,10.9703
5135,11.4463
5136,11.536
5137,10.0899
5138,6.5751
5139,8.58353
5140,12.6075
5141,11.0402
5142,8.39039
5143,8.51657
5144,6.7446
5145,8.96753
5146,11.2952
5147,11.5252
5148,7.64694
5149,9.75508
5150,8.76155
5151,11.0616
5152,8.40536
5153,10.8613
5154,9.06472
5155,9.07316
5156,9.33283
5157,9.7313
5158,10.6115
5159,9.97333
5160,14.0163
5161,12.8054
5162,7.81982
5163,8.45452
5164,8.55815
5165,12.0409
5166,12.2761
5167,9.44434
5168,9.45277
5169,13.1276
5170,7.32252
5171,7.59285
5172,12.2238
5173,13.5602
5174,8.01619
5175,16.5693
5176,10.2329
5177,7.39759
5178,10.4144
5179,11.5618
5180,7.61
5181,8.74794
5182,11.8417
5183,10.9071
5184,9.13044
5185,11.8432
5186,8.92483
5187,13.4612
5188,7.89085
5189,10.5452
5190,10.8354
5191,10.8852
5192,11.0891
5193,11.6238
5194,10.1588
5195,10.6759
5196,8.04431
5197,7.08568
5198,7.38818
5199,7.44496
5200,14.0659
5201,12.2664
5202,9.36411
5203,8.42878
5204,8.58993
5205,6.91226
5206,8.94878
5207,8.11058
5208,13.2582
5209,6.97789
5210,10.3883
5211,14.9361
5212,7.98272
5213,8.56965
5214,5.32189
5215,8.98595
5216,10.872
5217,11.3574
5218,11.5676
5219,12.4911
5220,13.8614
5221,8.68718
5222,12.5578
5223,7.99469
5224,8.57829
5225,8.2793
5226,14.37
5227,8.40523
5228,11.1013
5229,10.0931
5230,10.7082
5231,12.5977
5232,7.30092
5233,14.4116
5234,9.00145
5235,7.40431
5236,8.76043
5237,10.0211
5238,10.4318
5239,10.865
5240,13.1962
5241,8.75098
5242,7.83888
5243,9.07563
5244,8.63356
5245,14.6866
5246,8.72878
5247,12.8941
5248,7.32574
5249,7.02861
5250,7.22035
5251,11.3083
5252,10.9335
5253,11.0841
5254,11.9622
5255,9.12776
5256,11.8331
5257,8.6965
5258,10.0599
5259,13.1486
5260,7.43042
5261,11.3156
5262,13.3583
5263,8.7549
5264,8.08258
5265,11.5809
5266,8.18418
5267,8.11666
5268,12.1439
5269,12.3635
5270,8.40008
5271,10.0244
5272,13.0384
5273,10.5806
5274,12.0628
5275,12.0689
5276,8.15937
5277,9.02602
5278,9.85512
5279,7.97342
5280,8.40783
5281,10.549
5282,10.0912
5283,10.311
5284,11.4156
5285,7.74317
5286,10.0685
5287,17.1465
5288,10.4225
5289,7.57714
5290,12.8194
5291,11.3086
5292,9.4956
5293,13.7733
5294,12.1705
5295,11.1646
5296,9.33562
5297,8.58696
5298,9.8154
5299,12.9461
5300,11.9135
5301,8.32214
5302,7.43354
5303,9.44197
5304,7.71605
5305,9.76704
5306,10.6155
5307,11.0825
5308,8.59227
5309,12.2195
5310,13.5131
5311,13.3329
5312,11.6497
5313,10.7048
5314,13.7472
5315,9.68128
5316,17.1101
5317,8.40456
5318,11.6078
5319,7.0679
5320,9.46589
5321,7.60831
5322,11.7224
5323,9.73083
5324,7.88691
5325,8.11514
5326,9.12357
5327,5.8119
5328,11.8662
5329,9.08345
5330,10.4394
5331,7.85729
5332,11.7066
5333,8.59783
5334,11.6347
5335,8.09664
5336,8.38216
5337,13.9993
5338,7.43244
5339,9.65528
5340,11.0414
5341,9.96748
5342,13.5932
5343,10.0134
5344,10.0983
5345,11.0905
5346,11.4777
5347,11.918
5348,12.5472
5349,7.28192
5350,7.71064
5351,13.1051
5352,8.77328
5353,8.83562
5354,12.24
5355,9.65521
5356,13.7686
5357,10.9162
5358,11.8739
5359,9.11903
5360,10.3536
5361,10.5501
5362,9.20384
5363,13.8067
5364,11.5211
5365,9.95647
5366,12.3789
5367,10.9997
5368,9.13953
5369,5.76653
5370,8.1989
5371,14.7407
5372,9.83596
5373,9.30586
5374,15.6362
5375,9.93864
5376,10.7953
5377,10.9808
5378,11.2923
5379,12.9032
5380,11.9117
5381,12.2701
5382,12.86
5383,10.9483
5384,9.63503
5385,9.68161
5386,11.145
5387,10.4263
5388,10.2897
5389,7.35637
5390,11.9518
5391,8.12686
5392,8.64334
5393,8.95306
5394,9.3969
5395,9.56859
5396,9.77413
5397,9.9966
5398,11.2238
5399,11.6847
5400,13.3341
5401,8.50537
5402,13.7318
5403,9.39174
5404,9.412
5405,8.65328
5406,9.97032
5407,8.31901
5408,10.6743
5409,6.79584
5410,13.7874
5411,11.8626
5412,9.41386
5413,14.5415
5414,11.7093
5415,9.17406
5416,6.57191
5417,11.8277
5418,10.8032
5419,11.8536
5420,8.92871
5421,11.1777
5422,9.28815
5423,10.523
5424,9.81382
5425,11.0439
5426,11.263
5427,6.04939
5428,9.1532
5429,14.9239
5430,12.6082
5431,13.3582
5432,11.4522
5433,7.76937
5434,8.042
5435,11.6037
5436,9.16546
5437,9.53925
5438,9.59017
5439,9.70367
5440,10.2746
5441,9.2988
5442,7.67199
5443,10.8089
5444,7.67659
5445,6.96845
5446,8.12968
5447,8.31845
5448,9.14522
5449,14.3227
5450,8.34671
5451,9.40178
5452,8.49062
5453,9.15198
5454,15.9461
5455,10.0324
5456,8.6545
5457,13.5137
5458,14.5877
5459,9.22259
5460,8.28418
5461,16.7646
5462,6.79544
5463,7.17559
5464,11.3015
5465,9.73656
5466,8.83179
5467,10.4499
5468,8.98617
5469,12.0865
5470,11.5706
5471,9.68816
5472,10.8112
5473,11.9844
5474,13.4658
5475,7.41691
5476,8.44015
5477,8.02716
5478,8.15972
5479,8.46431
5480,9.16757
5481,10.4513
5482,7.55753
5483,9.59557
5484,10.4298
5485,10.9653
5486,9.63371
5487,9.97906
5488,8.33661
5489,8.6232
5490,12.163
5491,11.5573
5492,11.9948
5493,8.02425
5494,13.6329
5495,9.59166
5496,11.2677
5497,11.3963
5498,9.88555
5499,9.91826
5500,9.45637
5501,10.1192
5502,10.3702
5503,10.3941
5504,11.5129
5505,9.61059
5506,12.2954
5507,11.7109
5508,9.07667
5509,9.27237
5510,7.2092
5511,9.01209
5512,11.3342
5513,11.7273
5514,8.78266
5515,8.86416
5516,10.5057
5517,6.70963
5518,6.78668
5519,8.73157
5520,10.7514
5521,10.9912
5522,9.30197
5523,11.4357
5524,11.5729
5525,6.67152
5526,15.3951
5527,9.41725
5528,7.87439
5529,9.88282
5530,8.5706
5531,10.8896
5532,9.90642
5533,8.03664
5534,12.1787
5535,9.02651
5536,10.3457
5537,12.6266
5538,10.8448
5539,16.952
5540,7.16466
5541,13.3196
5542,12.477
5543,10.4855
5544,8.7764
5545,7.91416
5546,7.21186
5547,14.2324
5548,8.57126
5549,6.59697
5550,8.90785
5551,11.03
5552,9.20705
5553,14.2189
5554,10.6868
5555,11.1287
5556,6.32852
5557,7.15909
5558,14.4471
5559,8.18366
5560,8.30348
5561,8.73035
5562,9.21974
5563,9.9197
5564,15.1443
5565,10.1528
5566,9.30477
5567,10.6725
5568,11.4724
5569,11.6233
5570,11.8813
5571,12.2703
5572,11.2111
5573,12.841
5574,8.23809
5575,7.60181
5576,7.74458
5577,9.63709
5578,10.6455
5579,6.17867
5580,9.58106
5581,9.66473
5582,10.7344
5583,9.90947
5584,8.25179
5585,11.3188
5586,12.263
5587,9.29575
5588,10.4275
5589,10.8742
5590,14.3849
5591,11.493
5592,11.4477
5593,12.4735
5594,8.00092
5595,7.97584
5596,9.07897
5597,8.73285
5598,9.01048
5599,8.1487
5600,8.32608
5601,12.912
5602,10.6839
5603,5.8872
5604,10.9511
5605,9.57326
5606,10.8285
5607,12.9117
5608,12.7789
5609,12.9274
5610,10.4492
5611,15.5569
5612,10.6284
5613,9.10838
5614,9.97029
5615,13.5095
5616,10.5937
5617,9.39999
5618,9.47854
5619,10.4911
5620,11.6414
5621,11.6671
5622,8.25278
5623,10.2786
5624,11.3869
5625,13.6084
5626,9.4976
5627,9.52141
5628,10.9133
5629,12.6096
5630,13.0297
5631,9.10913
5632,13.1685
5633,9.90284
5634,10.6171
5635,11.6456
5636,7.85264
5637,8.89578
5638,8.4089
5639,12.4275
5640,17.5821
5641,12.6678
5642,13.3304
5643,13.7809
5644,9.13852
5645,10.4449
5646,7.89434
5647,8.88543
5648,12.2573
5649,8.35603
5650,14.8605
5651,9.02849
5652,9.58031
5653,10.0432
5654,9.63043
5655,16.6747
5656,11.7656
5657,11.2281
5658,8.42944
5659,8.59134
5660,7.79177
5661,12.56
5662,8.03165
5663,8.29256
5664,8.48934
5665,8.74896
5666,8.78024
5667,10.7887
5668,7.02748
5669,9.05739
5670,9.25718
5671,11.6549
5672,9.66336
5673,8.54807
5674,8.68761
5675,8.69604
5676,10.7992
5677,10.9988
5678,9.15346
5679,9.53811
5680,10.2246
5681,10.5765
5682,11.9744
5683,9.12334
5684,9.86071
5685,9.13987
5686,11.8832
5687,9.91075
5688,9.1254
5689,11.3047
5690,7.63004
5691,11.8547
5692,10.7265
5693,8.07027
5694,8.74872
5695,8.1577
5696,9.11082
5697,8.26886
5698,9.3227
5699,9.33113
5700,15.0664
5701,7.18323
5702,11.6784
5703,8.51586
5704,8.96793
5705,9.94796
5706,10.0778
5707,14.3463
5708,8.45661
5709,8.54928
5710,10.1003
5711,11.9464
5712,16.0278
5713,9.45407
5714,10.1971
5715,8.06287
5716,12.2478
5717,14.3132
5718,11.3972
5719,6.04769
5720,15.1974
5721,14.2059
5722,8.46073
5723,8.51943
5724,9.34306
5725,10.4047
5726,10.2798
5727,8.62135
5728,9.76497
5729,14.8554
5730,9.86387
5731,9.1659
5732,10.3062
5733,10.159
5734,10.2377
5735,9.69074
5736,8.53959
5737,8.89441
5738,14.0636
5739,15.223
5740,9.5137
5741,8.52525
5742,8.88449
5743,12.3428
5744,15.7053
5745,6.96656
5746,10.5668
5747,7.79805
5748,10.9262
5749,11.4126
5750,13.2727
5751,9.9657
5752,7.46852
5753,12.1971
5754,9.64822
5755,9.91856
5756,7.92699
5757,10.8868
5758,10.0789
5759,8.36724
5760,12.5194
5761,10.1342
5762,13.6324
5763,13.2662
5764,8.45792
5765,13.6516
5766,11.6538
5767,9.75176
5768,9.83906
5769,9.26863
5770,10.542
5771,15.0784
5772,8.28858
5773,9.81243
5774,8.17942
5775,8.81849
5776,7.61374
5777,10.0041
5778,8.70147
5779,8.27998
5780,8.73985
5781,10.2231
5782,8.53605
5783,8.82997
5784,6.09772
5785,12.1181
5786,13.3182
5787,12.7605
5788,10.8099
5789,8.98576
5790,15.4027
5791,11.498
5792,7.89024
5793,10.6486
5794,15.3048
5795,7.45687
5796,11.238
5797,9.57578
5798,10.5737
5799,9.69013
5800,9.03195
5801,12.049
5802,10.0622
5803,8.22151
5804,8.52409
5805,6.74622
5806,8.00679
5807,12.5937
5808,8.65281
5809,10.2482
5810,7.37712
5811,9.42808
5812,9.49782
5813,8.85699
5814,11.0633
5815,8.25155
5816,8.89711
5817,10.568
5818,11.2042
5819,9.73097
5820,11.8791
5821,12.9594
5822,10.9908
5823,8.29225
5824,9.47856
5825,8.92764
5826,9.2417
5827,12.51
5828,11.6416
5829,12.1421
5830,9.08669
5831,7.35129
5832,11.3755
5833,11.8319
5834,11.8804
5835,9.31695
5836,7.75961
5837,8.85513
5838,16.1792
5839,11.7036
5840,8.66236
5841,10.3393
5842,11.0015
5843,12.1177
5844,8.22552
5845,12.5473
5846,11.3691
5847,13.7987
5848,13.0697
5849,11.4349
5850,8.53589
5851,15.1126
5852,8.35475
5853,9.10186
5854,9.34317
5855,8.58604
5856,10.8164
5857,10.6309
5858,10.6393
5859,11.4467
5860,8.45611
5861,13.2188
5862,9.06959
5863,7.52998
5864,6.68548
5865,6.9075
5866,8.35594
5867,9.89166
5868,8.96848
5869,8.33411
5870,9.78405
5871,9.44199
5872,11.6269
5873,10.757
5874,9.49881
5875,11.9757
5876,8.54762
5877,8.11817
5878,9.54764
5879,11.7791
5880,9.35549
5881,12.4058
5882,9.71306
5883,9.43302
5884,10.5324
5885,9.24434
5886,8.11419
5887,9.40389
5888,6.88941
5889,7.01396
5890,7.6352
5891,13.865
5892,13.9325
5893,9.18584
5894,10.4321
5895,9.93846
5896,11.1666
5897,9.43817
5898,10.0381
5899,10.4048
5900,9.53467
5901,8.10465
5902,13.6667
5903,9.83261
5904,10.3745
5905,7.53473
5906,10.701
5907,10.7419
5908,13.1859
5909,12.4383
5910,8.58953
5911,6.49294
5912,8.49755
5913,7.74168
5914,8.93864
5915,13.9602
5916,8.05515
5917,8.21239
5918,9.74036
5919,6.73405
5920,8.87664
5921,8.45251
5922,8.46266
5923,12.5941
5924,11.1588
5925,8.26946
5926,8.99382
5927,7.4802
5928,8.51328
5929,8.05464
5930,11.3445
5931,9.38489
5932,11.5029
5933,11.54
5934,9.71873
5935,8.83532
5936,12.1268
5937,10.3657
5938,9.64196
5939,10.7569
5940,7.88219
5941,9.07596
5942,12.4788
5943,7.84398
5944,12.2183
5945,12.2914
5946,12.3702
5947,12.4455
5948,12.4631
5949,11.5227
5950,8.55702
5951,11.9264
5952,10.0716
5953,10.7322
5954,13.0389
5955,15.2093
5956,14.3066
5957,14.3614
5958,11.8578
5959,13.3266
5960,10.6437
5961,8.41584
5962,9.74639
5963,7.75329
5964,11.8028
5965,8.82284
5966,7.56943
5967,11.7149
5968,10.0493
5969,13.4572
5970,10.765
5971,10.6101
5972,9.94935
5973,8.50674
5974,12.206
5975,13.6753
5976,9.94849
5977,9.96567
5978,9.42295
5979,7.57787
5980,9.93953
5981,11.0325
5982,10.0979
5983,9.22162
5984,9.74307
5985,11.7627
5986,11.979
5987,12.2446
5988,9.29402
5989,8.4966
5990,8.60082
5991,10.6417
5992,7.93795
5993,7.43462
5994,14.1111
5995,8.09199
5996,8.90863
5997,9.6931
5998,10.7204
5999,8.48104
6000,8.59768
6001,11.6624
6002,8.82167
6003,10.2242
6004,9.86383
6005,9.91638
6006,12.1161
6007,6.25589
6008,11.1149
6009,12.2297
6010,11.3166
6011,9.41701
6012,13.4615
6013,10.7124
6014,7.09745
6015,10.8897
6016,7.89937
6017,8.4158
6018,10.4633
6019,9.02572
6020,11.2452
6021,16.5949
6022,6.81949
6023,12.7604
6024,10.9071
6025,11.3253
6026,11.6246
6027,9.00949
6028,13.6158
6029,9.01103
6030,9.20834
6031,13.3565
6032,12.5839
6033,11.2794
6034,12.5794
6035,8.51033
6036,10.6477
6037,8.68861
6038,8.8785
6039,12.9239
6040,9.39428
6041,7.48998
6042,8.49803
6043,7.36498
6044,10.3734
6045,12.6969
6046,10.1298
6047,11.1828
6048,9.24179
6049,11.3249
6050,9.86014
6051,10.8686
6052,10.1352
6053,12.59
6054,7.7324
6055,7.95218
6056,10.2182
6057,9.39771
6058,7.49051
6059,13.9884
6060,7.16666
6061,13.3737
6062,10.4319
6063,9.95557
6064,14.031
6065,8.12317
6066,10.7717
6067,8.86324
6068,10.5203
6069,10.0368
6070,8.11463
6071,11.1468
6072,7.81428
6073,9.46175
6074,12.2197
6075,9.70918
6076,10.1408
6077,10.673
6078,10.8327
6079,14.8418
6080,10.9762
6081,11.6712
6082,7.76165
6083,6.52681
6084,6.96037
6085,8.56107
6086,10.6836
6087,11.9552
6088,8.199
6089,11.2599
6090,11.68
6091,13.5117
6092,12.7083
6093,11.7454
6094,12.0492
6095,8.11593
6096,8.20121
6097,9.69891
6098,9.17236
6099,9.88197
6100,7.39822
6101,9.63338
6102,10.2569
6103,8.41513
6104,11.7069
6105,11.8566
6106,9.9842
6107,12.1095
6108,9.20562
6109,12.3306
6110,10.4157
6111,9.14023
6112,15.1661
6113,8.61558
6114,11.7858
6115,8.8423
6116,10.1084
6117,11.0136
6118,8.15608
6119,8.97303
6120,10.3013
6121,13.9362
6122,10.9532
6123,10.6458
6124,11.1577
6125,9.25504
6126,13.1423
6127,8.13846
6128,8.31124
6129,8.4589
6130,9.02084
6131,9.25727
6132,9.56057
6133,9.58497
6134,9.65523
6135,12.7654
6136,9.82711
6137,10.0216
6138,10.0469
6139,10.7892
6140,12.9543
6141,10.2058
6142,11.5219
6143,9.66137
6144,13.6808
6145,12.0918
6146,10.4892
6147,11.169
6148,10.448
6149,13.7681
6150,12.8334
6151,12.6835
6152,9.85058
6153,9.89715
6154,10.6369
6155,7.6512
6156,10.2173
6157,10.2486
6158,8.72485
6159,10.7737
6160,8.6049
6161,10.147
6162,9.15692
6163,10.1946
6164,8.23599
6165,9.98303
6166,12.619
6167,18.3042
6168,8.54901
6169,9.86535
6170,9.23931
6171,9.94949
6172,10.6089
6173,10.8485
6174,11.4092
6175,11.5116
6176,9.50589
6177,10.5772
6178,10.2994
6179,10.5397
6180,11.2856
6181,15.7198
6182,10.5024
6183,9.60002
6184,6.60845
6185,8.61689
6186,10.3584
6187,6.82696
6188,10.588
6189,10.2462
6190,7.90865
6191,12.7789
6192,13.8183
6193,13.82
6194,9.91479
6195,10.5257
6196,8.55581
6197,8.86636
6198,9.41743
6199,11.5006
6200,8.6512
6201,7.98882
6202,12.9315
6203,10.7039
6204,8.55688
6205,9.47098
6206,10.4815
6207,10.49
6208,12.6486
6209,13.9805
6210,6.52749
6211,7.64718
6212,9.92048
6213,10.5458
6214,8.00274
6215,9.255
6216,8.75448
6217,7.88459
6218,9.93215
6219,10.1736
6220,9.19243
6221,10.4998
6222,8.05943
6223,15.207
6224,9.9262
6225,7.42975
6226,8.99942
6227,9.00593
6228,10.0875
6229,11.2103
6230,7.28514
6231,9.67523
6232,10.1008
6233,10.694
6234,10.8694
6235,11.5081
6236,10.2953
6237,12.8702
6238,9.37706
6239,8.6931
6240,11.124
6241,7.44339
6242,7.69851
6243,12.7365
6244,7.93091
6245,8.43375
6246,7.73913
6247,12.5692
6248,9.90179
6249,11.1839
6250,12.5185
6251,8.90242
6252,9.40731
6253,8.62379
6254,9.99052
6255,8.32084
6256,11.588
6257,10.6587
6258,11.1508
6259,8.31061
6260,13.4858
6261,8.51868
6262,6.71119
6263,13.6316
6264,9.69063
6265,15.4413
6266,7.02155
6267,8.07824
6268,11.6641
6269,8.16197
6270,8.06596
6271,8.92262
6272,10.4086
6273,9.8117
6274,11.3439
6275,10.5476
6276,5.68101
6277,8.71363
6278,9.69268
6279,10.2715
6280,10.6285
6281,10.9476
6282,7.95605
6283,8.94391
6284,10.1137
6285,12.315
6286,10.6121
6287,12.9925
6288,8.38267
6289,9.45513
6290,8.492
6291,12.2181
6292,6.87467
6293,5.37183
6294,8.07196
6295,8.45691
6296,14.4653
6297,9.52034
6298,9.57897
6299,9.31512
6300,9.3527
6301,6.51891
6302,11.548
6303,15.5591
6304,11.4294
6305,8.84217
6306,11.0818
6307,8.10632
6308,9.18941
6309,8.59681
6310,13.5121
6311,7.53909
6312,9.74405
6313,7.83058
6314,9.01232
6315,20.0855
6316,11.2676
6317,9.51833
6318,12.6967
6319,8.39431
6320,10.8053
6321,11.1137
6322,9.50938
6323,15.2453
6324,13.8084
6325,13.0722
6326,9.25593
6327,10.3636
6328,8.76131
6329,9.80585
6330,10.1118
6331,8.72283
6332,7.20237
6333,11.2698
6334,13.3025
6335,13.4523
6336,13.9738
6337,8.85776
6338,15.0751
6339,11.1501
6340,9.35171
6341,11.1317
6342,14.379
6343,14.1762
6344,12.4534
6345,22.0087
6346,9.07077
6347,8.84878
6348,8.90622
6349,9.19681
6350,11.674
6351,9.03489
6352,9.10797
6353,9.15772
6354,7.16928
6355,12.5594
6356,7.82148
6357,11.1671
6358,10.9105
6359,11.994
6360,8.11154
6361,9.42247
6362,9.57688
6363,9.58531
6364,12.7616
6365,8.07456
6366,12.2488
6367,8.33598
6368,13.3947
6369,9.89123
6370,14.5394
6371,11.8355
6372,11.6737
6373,9.95352
6374,13.0682
6375,12.2963
6376,12.9985
6377,11.0089
6378,11.3097
6379,18.0196
6380,12.6496
6381,8.86577
6382,6.9908
6383,14.0867
6384,8.11764
6385,9.23273
6386,8.45114
6387,8.87291
6388,8.93328
6389,8.94171
6390,10.0763
6391,10.5104
6392,8.6219
6393,13.6772
6394,8.07117
6395,8.09753
6396,12.5223
6397,11.8722
6398,10.5978
6399,18.6969
6400,10.1029
6401,9.35955
6402,10.6474
6403,12.0105
6404,9.51438
6405,7.78465
6406,11.031
6407,10.3941
6408,9.99625
6409,17.607
6410,6.9829
6411,8.69151
6412,10.8803
6413,9.11856
6414,10.5267
6415,10.7791
6416,10.4327
6417,12.3297
6418,12.7244
6419,13.2864
6420,14.134
6421,6.78653
6422,9.84156
6423,11.5724
6424,9.14266
6425,8.46743
6426,8.87499
6427,13.97
6428,10.2721
6429,10.5476
6430,8.65609
6431,10.3825
6432,10.3983
6433,10.2042
6434,10.3091
6435,6.69935
6436,11.5683
6437,12.4435
6438,9.77998
6439,12.8438
6440,13.8743
6441,13.3056
6442,9.41074
6443,11.0543
6444,11.0461
6445,7.90501
6446,8.06873
6447,7.88374
6448,8.80981
6449,7.96548
6450,13.0984
6451,10.5079
6452,9.01276
6453,8.13118
6454,10.1706
6455,10.5242
6456,7.23902
6457,9.84455
6458,6.52557
6459,9.07916
6460,7.22353
6461,12.4408
6462,8.68836
6463,7.83837
6464,7.86569
6465,10.6234
6466,12.3061
6467,11.9206
6468,13.0578
6469,13.0788
6470,10.183
6471,11.2557
6472,12.7474
6473,11.9449
6474,12.0527
6475,10.1382
6476,12.3396
6477,7.67407
6478,9.13822
6479,10.8931
6480,7.91318
6481,10.037
6482,11.89
6483,6.83728
6484,13.0099
6485,11.245
6486,13.7753
6487,10.0281
6488,9.15663
6489,9.03951
6490,8.55552
6491,8.71425
6492,6.71594
6493,11.0309
6494,11.4192
6495,8.67911
6496,12.155
6497,9.27512
6498,9.51871
6499,9.98792
6500,10.3594
6501,6.02132
6502,7.66535
6503,7.90258
6504,7.96183
6505,9.14695
6506,7.78077
6507,10.0405
6508,10.1385
6509,9.86267
6510,11.585
6511,10.935
6512,11.2615
6513,9.47761
6514,9.19025
6515,13.2919
6516,7.98728
6517,6.69774
6518,11.239
6519,8.69733
6520,9.55955
6521,12.0203
6522,10.3471
6523,10.9617
6524,10.8628
6525,10.8712
6526,9.96271
6527,11.9835
6528,8.31982
6529,9.19242
6530,10.5192
6531,11.5692
6532,12.5994
6533,10.7029
6534,11.0693
6535,11.2326
6536,8.55919
6537,9.1701
6538,8.46555
6539,12.1761
6540,10.7816
6541,10.4895
6542,10.5872
6543,10.8235
6544,6.90595
6545,12.4566
6546,11.8832
6547,10.1715
6548,14.655
6549,8.73527
6550,9.20758
6551,8.8641
6552,9.57897
6553,10.1481
6554,10.4468
6555,9.93997
6556,6.00195
6557,14.4137
6558,12.5922
6559,14.9596
6560,11.1808
6561,13.2076
6562,14.2192
6563,10.5477
6564,11.5798
6565,9.96323
6566,10.2775
6567,11.4698
6568,9.9114
6569,8.99134
6570,11.0008
6571,8.52713
6572,10.6101
6573,7.50413
6574,8.96152
6575,9.37694
6576,11.4356
6577,8.53998
6578,9.21354
6579,9.41008
6580,9.44366
6581,6.64526
6582,9.88643
6583,11.9077
6584,10.5244
6585,11.2425
6586,12.2918
6587,11.5724
6588,13.8012
6589,9.26952
6590,14.7234
6591,23.1475
6592,11.6526
6593,8.96859
6594,7.55901
6595,11.0475
6596,10.2601
6597,11.2714
6598,11.3714
6599,9.75175
6600,8.94705
6601,10.0165
6602,9.67502
6603,8.87015
6604,11.7041
6605,12.7169
6606,8.9667
6607,12.5258
6608,9.90194
6609,6.9444
6610,11.9747
6611,6.81406
6612,6.93117
6613,15.2164
6614,7.34943
6615,16.0607
6616,12.2478
6617,9.71542
6618,11.2523
6619,8.29238
6620,9.3323
6621,14.4672
6622,9.86669
6623,13.1154
6624,9.33076
6625,16.9642
6626,8.99824
6627,13.4276
6628,9.51288
6629,11.0419
6630,11.0659
6631,9.5843
6632,7.62654
6633,12.1104
6634,10.8626
6635,11.8817
6636,7.18358
6637,7.23377
6638,9.69671
6639,8.02197
6640,9.76076
6641,8.79969
6642,10.2828
6643,10.187
6644,9.80822
6645,12.0787
6646,9.09293
6647,10.4411
6648,11.2116
6649,11.8115
6650,11.1206
6651,12.4037
6652,13.3201
6653,10.512
6654,10.7513
6655,12.079
6656,10.1029
6657,11.9151
6658,12.7849
6659,13.0476
6660,12.1832
6661,9.78251
6662,9.45635
6663,11.3676
6664,13.1686
6665,7.8699
6666,9.94046
6667,6.04173
6668,10.2075
6669,7.62171
6670,10.2824
6671,11.3063
6672,13.2534
6673,12.3054
6674,8.04984
6675,9.00851
6676,10.0756
6677,11.3565
6678,11.481
6679,12.0687
6680,7.46995
6681,13.6661
6682,9.35639
6683,12.349
6684,12.2924
6685,8.11788
6686,8.51428
6687,9.03063
6688,8.01931
6689,7.52315
6690,8.34301
6691,11.2008
6692,10.5912
6693,10.1604
6694,10.3479
6695,10.5123
6696,11.1892
6697,8.76784
6698,13.1699
6699,6.85751
6700,7.1837
6701,11.0276
6702,9.6132
6703,7.74412
6704,10.0421
6705,9.01949
6706,9.68604
6707,8.51905
6708,13.5922
6709,9.07538
6710,6.63763
6711,10.7293
6712,6.90939
6713,10.347
6714,8.0329
6715,12.7242
6716,9.9254
6717,12.98
6718,14.4659
6719,9.63275
6720,11.6931
6721,10.7973
6722,10.2493
6723,9.53788
6724,13.942
6725,11.4453
6726,6.56893
6727,8.26772
6728,14.3905
6729,8.73051
6730,8.91622
6731,9.14533
6732,9.35386
6733,10.1878
6734,10.4439
6735,10.7223
6736,11.1938
6737,9.24301
6738,8.14554
6739,13.7388
6740,9.16818
6741,8.71834
6742,9.0592
6743,9.10011
6744,9.73197
6745,9.83276
6746,10.5698
6747,12.1372
6748,8.36295
6749,8.87393
6750,7.97075
6751,13.0802
6752,8.54487
6753,8.98057
6754,9.24042
6755,11.2489
6756,11.5311
6757,7.82448
6758,7.24093
6759,7.48167
6760,9.96907
6761,9.9815
6762,10.2648
6763,10.2815
6764,9.94166
6765,8.84692
6766,12.9034
6767,9.00327
6768,8.05256
6769,11.8904
6770,9.09587
6771,11.8033
6772,12.9079
6773,10.2898
6774,11.236
6775,8.48443
6776,8.79709
6777,12.8618
6778,12.1132
6779,6.84935
6780,14.0017
6781,14.1629
6782,10.8381
6783,10.3484
6784,8.5285
6785,10.837
6786,13.0699
6787,7.84217
6788,13.1207
6789,8.81394
6790,8.25825
6791,9.82574
6792,9.99314
6793,9.41242
6794,10.9821
6795,15.2206
6796,13.3356
6797,7.39198
6798,10.5494
6799,10.1583
6800,9.25507
6801,10.4265
6802,9.52542
6803,10.5339
6804,9.57512
6805,8.70665
6806,9.91966
6807,11.2627
6808,11.7974
6809,12.6699
6810,12.6955
6811,8.18367
6812,14.2159
6813,16.3207
6814,6.772
6815,7.49148
6816,9.54407
6817,8.57289
6818,11.4628
6819,9.55987
6820,11.4084
6821,8.81334
6822,11.98
6823,9.38421
6824,8.75362
6825,12.9701
6826,9.32332
6827,9.59271
6828,10.3649
6829,11.1419
6830,12.1702
6831,8.74672
6832,12.9383
6833,12.3554
6834,12.589
6835,9.05789
6836,10.5712
6837,7.18549
6838,11.2793
6839,10.4394
6840,11.4868
6841,11.5775
6842,7.89235
6843,10.5252
6844,10.9725
6845,11.1015
6846,9.31297
6847,7.52188
6848,11.5615
6849,8.87144
6850,8.93479
6851,9.17096
6852,9.23213
6853,9.11894
6854,11.1378
6855,9.72281
6856,7.07357
6857,12.4656
6858,12.9956
6859,13.1197
6860,14.7295
6861,14.2021
6862,9.13844
6863,9.65534
6864,11.6854
6865,11.7509
6866,12.2714
6867,9.53733
6868,12.6918
6869,13.2962
6870,12.918
6871,7.98297
6872,10.3232
6873,10.4283
6874,14.9894
6875,11.4044
6876,8.7589
6877,11.6921
6878,8.4755
6879,7.36613
6880,10.8372
6881,12.8554
6882,7.99098
6883,13.1488
6884,8.21594
6885,11.3739
6886,11.4354
6887,13.8132
6888,8.84644
6889,8.95772
6890,12.1635
6891,8.2677
6892,8.2916
6893,9.85463
6894,11.1424
6895,8.3321
6896,11.8672
6897,7.93173
6898,13.0505
6899,11.9603
6900,11.1896
6901,6.83428
6902,12.9725
6903,11.6519
6904,7.22464
6905,7.42326
6906,11.6969
6907,8.26152
6908,12.9348
6909,8.95969
6910,9.35133
6911,10.8186
6912,11.3787
6913,11.3935
6914,9.77062
6915,11.7973
6916,11.9957
6917,12.2803
6918,12.8249
6919,10.1422
6920,11.2311
6921,8.44515
6922,14.268
6923,7.9902
6924,7.61653
6925,8.75078
6926,9.41569
6927,8.53478
6928,9.84647
6929,8.98182
6930,10.1988
6931,9.43921
6932,18.5877
6933,12.0387
6934,8.40758
6935,7.88186
6936,12.415
6937,14.4333
6938,8.81902
6939,10.1113
6940,9.97505
6941,10.6675
6942,12.0272
6943,11.8354
6944,13.0183
6945,9.69102
6946,9.66385
6947,7.71017
6948,10.0145
6949,8.46945
6950,7.51354
6951,15.8631
6952,9.37282
6953,8.94022
6954,9.49673
6955,15.1307
6956,11.2794
6957,15.5718
6958,12.1706
6959,8.91926
6960,9.34894
6961,10.3727
6962,9.67097
6963,10.7201
6964,8.25322
6965,10.0446
6966,17.7444
6967,11.0512
6968,8.6919
6969,9.06239
6970,8.91313
6971,9.90914
6972,11.4701
6973,11.3516
6974,10.2705
6975,12.9801
6976,10.0612
6977,11.948
6978,14.5404
6979,14.6244
6980,9.94127
6981,8.39133
6982,8.28749
6983,12.5015
6984,9.5099
6985,8.57174
6986,9.76641
6987,12.4487
6988,12.5725
6989,12.651
6990,7.62501
6991,9.0924
6992,8.30779
6993,8.56747
6994,11.2879
6995,8.71233
6996,8.79317
6997,9.1957
6998,10.0988
6999,11.1506
7000,11.3952
7001,11.1176
7002,8.16501
7003,8.30055
7004,6.41022
7005,10.7379
7006,5.82626
7007,6.81747
7008,7.88935
7009,7.54886
7010,7.97595
7011,8.19377
7012,14.5767
7013,9.64277
7014,10.7223
7015,8.56055
7016,10.797
7017,8.03556
7018,8.44596
7019,9.47078
7020,8.9865
7021,9.32033
7022,9.43779
7023,12.8027
7024,9.32925
7025,9.6713
7026,10.9286
7027,16.0643
7028,10.866
7029,11.2947
7030,9.40339
7031,10.8145
7032,10.4879
7033,10.8612
7034,10.5529
7035,12.3224
7036,17.0919
7037,10.177
7038,12.3546
7039,12.1239
7040,14.6686
7041,8.43241
7042,8.23138
7043,10.3837
7044,11.4236
7045,11.8928
7046,10.6493
7047,16.4878
7048,7.53568
7049,10.8877
7050,10.1784
7051,9.17675
7052,9.41927
7053,10.1046
7054,10.2439
7055,9.34232
7056,12.416
7057,10.566
7058,6.84966
7059,7.34236
7060,13.8992
7061,13.3115
7062,10.4276
7063,14.8696
7064,11.1177
7065,15.3766
7066,12.8632
7067,11.5103
7068,11.0587
7069,11.7559
7070,11.8643
7071,6.76251
7072,9.93416
7073,9.52207
7074,11.6259
7075,6.82453
7076,14.8902
7077,7.69393
7078,13.1644
7079,9.86171
7080,9.07348
7081,11.2123
7082,10.6633
7083,7.6717
7084,9.84899
7085,9.00631
7086,11.0754
7087,9.40852
7088,10.602
7089,10.9237
7090,8.01809
7091,11.4243
7092,8.85969
7093,10.3107
7094,9.45223
7095,9.78762
7096,9.82852
7097,10.8948
7098,11.2984
7099,10.6964
7100,6.71767
7101,10.3185
7102,12.7463
7103,7.75471
7104,7.98348
7105,8.42648
7106,12.4686
7107,7.89779
7108,9.43831
7109,9.68801
7110,10.8489
7111,12.1378
7112,10.2699
7113,12.7023
7114,12.8078
7115,9.90244
7116,13.0145
7117,7.13697
7118,9.14803
7119,10.6357
7120,10.4063
7121,10.4862
7122,8.84517
7123,11.0135
7124,9.04039
7125,12.294
7126,11.3178
7127,11.6745
7128,7.74923
7129,8.86217
7130,8.50788
7131,13.6825
7132,8.88681
7133,9.62298
7134,10.7052
7135,10.7785
7136,11.6137
7137,11.9928
7138,12.1894
7139,10.7203
7140,7.99945
7141,11.5538
7142,8.02508
7143,8.04103
7144,8.07773
7145,8.09091
7146,8.61098
7147,8.80315
7148,9.02858
7149,9.85646
7150,12.9787
7151,9.00054
7152,7.89955
7153,12.9519
7154,11.0632
7155,10.261
7156,8.1945
7157,13.1723
7158,8.22228
7159,12.2745
7160,10.8074
7161,8.9702
7162,11.4969
7163,8.8101
7164,9.04724
7165,12.2193
7166,10.2987
7167,8.49021
7168,9.45564
7169,6.80101
7170,8.27804
7171,7.62721
7172,9.36849
7173,7.94127
7174,10.6947
7175,14.5858
7176,7.77255
7177,7.67119
7178,9.90821
7179,10.0502
7180,10.2462
7181,9.39521
7182,10.5868
7183,9.91432
7184,9.85021
7185,11.5655
7186,11.2537
7187,12.6022
7188,8.10316
7189,13.1419
7190,14.1886
7191,8.19701
7192,10.4421
7193,9.86712
7194,11.4365
7195,10.5003
7196,7.65674
7197,10.1489
7198,10.3128
7199,12.2433
7200,10.6357
7201,10.076
7202,18.1263
7203,8.89845
7204,10.682
7205,7.84309
7206,10.2178
7207,10.3244
7208,11.2764
7209,8.41126
7210,8.33145
7211,8.46989
7212,9.82211
7213,9.34189
7214,10.9669
7215,8.98686
7216,9.66642
7217,7.40771
7218,8.69236
7219,12.196
7220,8.60227
7221,8.74984
7222,7.38607
7223,8.15723
7224,10.3135
7225,14.4783
7226,8.76719
7227,9.9316
7228,10.6384
7229,12.6543
7230,10.744
7231,6.88108
7232,9.96403
7233,7.35975
7234,8.04867
7235,11.7011
7236,12.9256
7237,10.42
7238,10.7833
7239,7.93274
7240,9.08257
7241,8.22235
7242,7.7182
7243,12.2618
7244,10.4598
7245,10.8172
7246,9.31139
7247,9.12357
7248,8.2803
7249,8.53396
7250,8.72424
7251,8.77148
7252,12.7845
7253,13.9378
7254,9.39133
7255,11.9373
7256,8.95338
7257,8.64383
7258,8.51867
7259,8.61592
7260,10.5347
7261,11.4759
7262,14.0808
7263,13.1317
7264,11.261
7265,9.34519
7266,15.1227
7267,8.67744
7268,11.6906
7269,10.0353
7270,10.2444
7271,8.9196
7272,10.2678
7273,8.37078
7274,8.73862
7275,11.9473
7276,9.96233
7277,10.6231
7278,10.7687
7279,11.3183
7280,9.49029
7281,7.63095
7282,9.79541
7283,7.26295
7284,7.54322
7285,12.6885
7286,14.2989
7287,12.0701
7288,9.90357
7289,11.5332
7290,8.74382
7291,11.4508
7292,11.0229
7293,8.41153
7294,11.6033
7295,7.50279
7296,10.1172
7297,10.2486
7298,12.8089
7299,9.02634
7300,10.2343
7301,10.807
7302,8.40397
7303,12.1585
7304,6.54719
7305,12.9697
7306,12.9864
7307,8.62515
7308,9.95265
7309,8.48901
7310,8.99081
7311,9.55625
7312,8.34197
7313,9.46062
7314,7.61618
7315,10.0723
7316,13.1363
7317,7.37989
7318,10.5585
7319,6.35048
7320,9.41553
7321,10.4341
7322,6.92399
7323,11.1665
7324,10.1191
7325,10.2558
7326,9.57941
7327,8.72621
7328,10.5329
7329,6.03864
7330,12.7948
7331,7.80322
7332,7.90104
7333,9.97365
7334,10.2325
7335,11.3241
7336,11.9284
7337,10.2552
7338,10.8217
7339,12.0492
7340,7.74726
7341,7.76182
7342,8.96493
7343,8.54404
7344,9.86665
7345,10.0159
7346,10.3214
7347,11.0769
7348,12.5843
7349,15.7931
7350,10.5363
7351,10.5447
7352,11.4864
7353,7.14263
7354,9.90064
7355,7.97576
7356,11.1668
7357,11.8035
7358,10.896
7359,11.226
7360,9.29835
7361,8.4051
7362,8.88424
7363,8.96742
7364,7.48239
7365,12.5397
7366,8.703
7367,14.013
7368,8.13096
7369,6.67923
7370,9.00042
7371,7.70512
7372,10.0464
7373,8.23483
7374,8.1817
7375,8.86447
7376,10.6715
7377,10.8431
7378,12.4064
7379,10.7413
7380,11.7973
7381,11.8058
7382,7.67047
7383,8.70827
7384,11.9513
7385,11.9597
7386,8.55709
7387,7.11086
7388,9.87336
7389,11.8839
7390,6.98079
7391,11.9892
7392,6.40867
7393,9.83879
7394,9.59131
7395,12.896
7396,5.59854
7397,10.6392
7398,8.17455
7399,8.18575
7400,7.57707
7401,10.7266
7402,11.9746
7403,8.57556
7404,10.6348
7405,5.70159
7406,7.11687
7407,7.68757
7408,7.98011
7409,15.5571
7410,11.6715
7411,7.83637
7412,15.1901
7413,9.88917
7414,9.95821
7415,9.13821
7416,7.42741
7417,9.10821
7418,10.6792
7419,11.6478
7420,9.92513
7421,7.519
7422,9.52743
7423,9.60819
7424,8.06522
7425,10.0994
7426,8.44623
7427,10.8037
7428,8.99749
7429,9.00897
7430,11.0976
7431,12.1716
7432,10.9077
7433,8.39964
7434,7.63676
7435,8.7536
7436,9.11718
7437,9.35395
7438,13.1822
7439,8.44025
7440,10.8786
7441,10.9077
7442,10.9524
7443,7.28261
7444,8.71196
7445,7.93781
7446,10.3332
7447,8.56551
7448,7.93252
7449,9.33865
7450,9.7464
7451,9.91947
7452,9.29187
7453,10.5401
7454,8.56585
7455,9.81433
7456,11.9341
7457,11.9574
7458,9.08412
7459,9.8406
7460,10.1235
7461,6.25071
7462,10.3272
7463,6.26382
7464,6.44876
7465,11.5261
7466,11.6286
7467,7.88035
7468,11.9439
7469,15.1707
7470,8.20358
7471,11.6079
7472,9.85159
7473,9.88355
7474,9.12552
7475,10.2479
7476,11.7209
7477,13.8009
7478,7.91001
7479,6.67882
7480,12.9867
7481,11.3819
7482,8.72051
7483,9.19322
7484,12.975
7485,8.53049
7486,12.8701
7487,11.1331
7488,7.42338
7489,8.49759
7490,11.5415
7491,10.1262
7492,14.2342
7493,11.1401
7494,8.528
7495,9.7899
7496,11.8355
7497,11.8449
7498,9.92366
7499,13.4196
7500,13.2932
7501,9.15907
7502,9.26183
7503,9.84764
7504,8.49508
7505,12.5116
7506,11.0421
7507,11.4426
7508,7.92775
7509,9.07956
7510,13.5252
7511,10.6288
7512,9.10579
7513,7.26161
7514,10.5065
7515,12.0326
7516,9.06553
7517,8.24418
7518,8.4567
7519,12.0449
7520,7.45799
7521,7.46642
7522,13.0155
7523,9.61451
7524,13.9627
7525,9.7328
7526,10.4692
7527,10.2402
7528,11.1173
7529,7.96169
7530,10.3756
7531,9.26762
7532,9.40289
7533,8.20782
7534,10.2814
7535,11.5407
7536,10.5543
7537,11.7282
7538,8.67116
7539,9.23271
7540,8.68333
7541,10.9101
7542,8.24912
7543,10.4424
7544,7.05654
7545,7.61464
7546,10.8594
7547,9.34842
7548,9.45613
7549,11.1125
7550,11.1611
7551,9.66618
7552,11.7841
7553,9.92556
7554,9.03948
7555,10.2232
7556,10.3843
7557,7.60679
7558,10.6152
7559,11.5136
7560,9.91588
7561,12.0637
7562,11.1689
7563,13.2053
7564,8.46187
7565,11.9276
7566,12.2217
7567,12.2479
7568,14.1833
7569,9.30575
7570,11.7506
7571,9.78479
7572,7.97171
7573,11.1414
7574,8.56756
7575,7.25942
7576,9.92722
7577,8.95026
7578,10.0487
7579,10.7429
7580,9.7513
7581,12.9591
7582,14.0158
7583,11.0338
7584,12.2056
7585,6.58266
7586,11.8408
7587,10.1998
7588,7.24204
7589,7.26865
7590,11.8688
7591,10.2523
7592,9.5683
7593,8.91841
7594,15.1337
7595,10.0245
7596,7.85256
7597,11.2299
7598,7.50963
7599,8.06492
7600,8.18652
7601,8.66871
7602,10.7847
7603,10.8862
7604,11.2182
7605,11.8793
7606,9.38858
7607,8.20516
7608,8.84383
7609,7.54242
7610,8.59896
7611,10.1046
7612,9.57018
7613,7.57862
7614,9.75427
7615,10.2013
7616,12.8046
7617,12.9693
7618,12.9914
7619,15.0305
7620,11.1495
7621,7.47389
7622,8.41979
7623,8.47551
7624,13.0678
7625,9.497
7626,8.64159
7627,11.7583
7628,12.5707
7629,8.53896
7630,8.13204
7631,9.27181
7632,12.6528
7633,12.6516
7634,12.7422
7635,8.3842
7636,11.5842
7637,8.70284
7638,9.42926
7639,14.4956
7640,12.0459
7641,8.06201
7642,8.13139
7643,9.51598
7644,9.59046
7645,9.60939
7646,9.23442
7647,11.4766
7648,10.6688
7649,9.14531
7650,9.48053
7651,10.5836
7652,11.3435
7653,9.60505
7654,11.6827
7655,8.81388
7656,10.9216
7657,11.4276
7658,8.05679
7659,10.4235
7660,8.98166
7661,13.4237
7662,12.4194
7663,8.66399
7664,6.74779
7665,9.61063
7666,9.11043
7667,9.36753
7668,10.7304
7669,5.87622
7670,10.0555
7671,10.9066
7672,11.9464
7673,12.0321
7674,9.39082
7675,8.16486
7676,10.227
7677,9.45909
7678,9.82629
7679,7.32868
7680,9.48663
7681,9.53103
7682,8.72493
7683,9.93533
7684,10.0914
7685,10.1361
7686,12.2462
7687,10.8389
7688,8.14197
7689,6.9585
7690,11.2913
7691,8.41668
7692,10.5166
7693,7.62558
7694,11.2383
7695,9.18818
7696,10.8521
7697,6.01342
7698,11.3536
7699,11.2987
7700,7.44622
7701,7.67581
7702,7.92276
7703,8.14569
7704,10.5155
7705,8.81009
7706,9.33892
7707,9.50315
7708,10.0318
7709,10.3289
7710,7.42366
7711,9.88199
7712,11.3119
7713,7.35466
7714,11.6413
7715,12.9176
7716,9.76323
7717,8.78691
7718,11.3965
7719,9.64511
7720,8.81641
7721,13.8272
7722,12.4818
7723,10.6626
7724,8.12177
7725,11.5272
7726,12.7036
7727,7.47495
7728,8.4338
7729,6.76583
7730,8.94647
7731,7.16041
7732,12.9668
7733,8.08509
7734,8.2557
7735,9.08088
7736,11.8855
7737,13.3625
7738,8.6054
7739,8.05893
7740,13.7701
7741,11.5199
7742,9.00294
7743,9.129
7744,9.84732
7745,10.8203
7746,10.9828
7747,11.9828
7748,10.0393
7749,11.4138
7750,7.69151
7751,9.03771
7752,7.09114
7753,12.739
7754,13.28
7755,9.79801
7756,7.44299
7757,10.6541
7758,10.388
7759,11.0182
7760,12.0857
7761,12.2233
7762,11.5209
7763,12.7161
7764,9.03
7765,15.6227
7766,9.94525
7767,7.51663
7768,7.35312
7769,13.832
7770,10.0656
7771,8.06167
7772,7.75266
7773,6.8489
7774,9.27971
7775,9.33916
7776,8.29501
7777,10.4522
7778,12.9989
7779,13.6059
7780,9.79975
7781,13.4371
7782,10.9091
7783,8.93701
7784,6.96024
7785,8.42945
7786,8.1708
7787,10.3413
7788,11.5773
7789,11.6905
7790,11.5186
7791,9.70959
7792,11.1095
7793,8.08156
7794,10.5024
7795,8.83855
7796,9.89558
7797,9.37435
7798,8.7302
7799,7.88413
7800,10.3629
7801,10.3768
7802,7.97551
7803,12.0058
7804,10.1573
7805,11.4622
7806,11.6876
7807,11.7095
7808,9.85093
7809,6.84178
7810,7.53777
7811,8.34686
7812,12.4438
7813,9.71547
7814,11.7411
7815,9.42138
7816,10.8278
7817,12.1158
7818,7.05781
7819,7.39146
7820,7.5955
7821,9.92309
7822,10.0809
7823,7.40146
7824,11.3398
7825,10.9133
7826,13.1146
7827,9.72763
7828,7.86435
7829,10.0579
7830,9.50788
7831,8.27014
7832,11.8871
7833,11.0063
7834,12.3595
7835,11.8528
7836,11.2886
7837,13.9258
7838,8.09078
7839,8.4068
7840,8.55077
7841,9.50126
7842,10.5908
7843,9.08625
7844,10.5045
7845,10.6947
7846,10.5495
7847,7.66179
7848,10.1067
7849,9.5303
7850,13.2305
7851,8.43249
7852,9.60708
7853,7.31898
7854,9.97375
7855,11.2834
7856,9.78966
7857,8.1063
7858,8.36989
7859,10.5847
7860,6.59317
7861,7.88952
7862,6.7467
7863,9.70069
7864,12.7456
7865,11.435
7866,16.4521
7867,9.74944
7868,9.25391
7869,10.5743
7870,10.7004
7871,10.785
7872,13.4586
7873,9.74148
7874,9.83307
7875,9.88872
7876,9.93059
7877,6.13337
7878,6.6075
7879,9.64203
7880,12.1234
7881,8.71326
7882,10.6124
7883,8.29137
7884,8.43406
7885,8.47851
7886,8.76868
7887,7.0444
7888,10.1598
7889,8.88017
7890,8.44477
7891,11.4532
7892,11.5282
7893,9.93661
7894,10.1658
7895,12.4019
7896,10.4498
7897,8.05705
7898,14.4336
7899,6.69067
7900,10.7784
7901,12.2235
7902,10.4485
7903,8.70412
7904,6.87471
7905,8.355
7906,11.4734
7907,7.76326
7908,10.5021
7909,10.0424
7910,9.42027
7911,18.0349
7912,11.1901
7913,11.4094
7914,10.6055
7915,12.7049
7916,13.7468
7917,7.45362
7918,14.1319
7919,7.46433
7920,14.8293
7921,8.88043
7922,10.0398
7923,12.8023
7924,5.98299
7925,15.1404
7926,9.69319
7927,9.02919
7928,7.65792
7929,9.03762
7930,7.17964
7931,13.488
7932,13.3779
7933,8.38635
7934,8.49782
7935,7.62335
7936,7.85306
7937,9.15477
7938,9.83698
7939,15.0339
7940,6.43506
7941,10.4743
7942,9.1005
7943,10.2471
7944,12.4057
7945,10.465
7946,8.52895
7947,8.79105
7948,11.9825
7949,8.44379
7950,12.6231
7951,9.63546
7952,11.042
7953,12.0687
7954,8.08021
7955,8.23483
7956,12.5289
7957,12.7091
7958,10.8124
7959,9.97378
7960,11.3777
7961,9.46981
7962,12.0292
7963,8.46589
7964,10.6034
7965,11.6539
7966,11.7948
7967,13.3765
7968,10.0269
7969,8.47856
7970,7.6274
7971,7.65923
7972,8.9936
7973,10.6245
7974,10.8922
7975,8.94553
7976,9.40049
7977,9.89376
7978,11.5514
7979,12.8587
7980,8.06631
7981,11.1698
7982,10.4881
7983,13.5893
7984,7.68621
7985,11.388
7986,12.957
7987,7.43867
7988,9.30729
7989,8.43118
7990,11.4801
7991,12.8833
7992,10.5145
7993,9.85218
7994,9.85118
7995,7.2069
7996,15.3518
7997,7.81687
7998,9.33611
7999,9.19351
8000,14.8838
8001,9.90139
8002,11.0821
8003,10.4813
8004,10.8542
8005,8.20021
8006,8.81143
8007,7.09659
8008,8.45903
8009,9.56206
8010,9.04588
8011,9.71029
8012,10.2731
8013,11.2099
8014,11.7831
8015,12.4589
8016,8.46736
8017,13.5187
8018,8.69794
8019,9.56757
8020,6.57601
8021,9.79207
8022,6.85263
8023,9.90855
8024,8.98407
8025,9.36447
8026,7.43792
8027,11.4817
8028,10.6047
8029,12.0459
8030,13.6634
8031,12.6924
8032,11.0202
8033,9.22145
8034,6.60156
8035,13.0146
8036,7.63236
8037,8.8404
8038,10.0955
8039,8.60289
8040,9.82641
8041,10.6428
8042,10.6575
8043,10.9962
8044,9.16175
8045,9.70259
8046,10.8034
8047,13.2313
8048,11.4093
8049,9.60395
8050,11.9649
8051,10.5732
8052,11.1014
8053,12.1632
8054,7.30259
8055,11.4947
8056,8.30264
8057,13.509
8058,12.6447
8059,11.0629
8060,8.09805
8061,11.6959
8062,12.4676
8063,8.16521
8064,10.6209
8065,8.97799
8066,14.8721
8067,10.0266
8068,15.2194
8069,7.82628
8070,9.8746
8071,10.1331
8072,16.6664
8073,8.89725
8074,8.92944
8075,8.20583
8076,10.6964
8077,13.5341
8078,10.7608
8079,12.4812
8080,10.5329
8081,13.0133
8082,9.0927
8083,9.35644
8084,9.44242
8085,8.45086
8086,7.04668
8087,6.41396
8088,9.74427
8089,9.78919
8090,7.20817
8091,6.30441
8092,8.37498
8093,9.09869
8094,10.0496
8095,8.1347
8096,9.1942
8097,7.41876
8098,8.4449
8099,12.4101
8100,9.56261
8101,8.66476
8102,9.08851
8103,9.23857
8104,8.24715
8105,11.2745
8106,7.7192
8107,13.9704
8108,9.80632
8109,8.22452
8110,9.71906
8111,9.73494
8112,8.01188
8113,10.0806
8114,10.234
8115,11.5512
8116,12.5206
8117,13.1883
8118,13.4543
8119,9.78475
8120,11.6334
8121,10.263
8122,9.26295
8123,6.60789
8124,12.0118
8125,7.78435
8126,7.08893
8127,8.75677
8128,6.7814
8129,7.8847
8130,7.98231
8131,12.1476
8132,7.76771
8133,8.9023
8134,13.0305
8135,15.3172
8136,8.03807
8137,10.287
8138,13.5816
8139,10.2758
8140,10.8971
8141,10.9395
8142,8.37105
8143,12.7436
8144,9.06732
8145,9.33814
8146,7.70827
8147,10.419
8148,8.94642
8149,12.0051
8150,11.1848
8151,6.30598
8152,12.355
8153,10.3525
8154,8.22525
8155,11.8514
8156,9.24882
8157,15.7975
8158,7.96996
8159,11.1387
8160,10.6324
8161,9.90256
8162,10.2552
8163,8.30077
8164,10.9884
8165,11.6524
8166,11.6974
8167,10.8654
8168,14.4459
8169,12.4781
8170,10.208
8171,10.146
8172,10.9171
8173,15.5545
8174,9.91497
8175,7.95766
8176,11.4246
8177,9.50872
8178,10.0087
8179,11.8756
8180,12.0727
8181,13.2047
8182,9.26739
8183,9.84924
8184,10.064
8185,10.1057
8186,13.5606
8187,10.479
8188,9.65276
8189,16.1484
8190,11.5302
8191,12.0261
8192,14.3674
8193,11.8404
8194,15.3574
8195,9.61701
8196,9.22261
8197,8.53602
8198,9.68777
8199,12.0488
8200,12.288
8201,7.96195
8202,9.63073
8203,14.4857
8204,8.7642
8205,11.6274
8206,7.97134
8207,10.9206
8208,10.1669
8209,10.8172
8210,13.9249
8211,9.72761
8212,12.1209
8213,9.74441
8214,7.96356
8215,10.103
8216,10.1215
8217,13.3329
8218,9.9851
8219,8.08848
8220,11.7985
8221,10.5072
8222,10.4251
8223,12.7054
8224,11.6839
8225,9.92689
8226,7.16745
8227,12.2296
8228,11.394
8229,7.16407
8230,11.5756
8231,8.03324
8232,8.35186
8233,11.4432
8234,8.66614
8235,10.6929
8236,8.45018
8237,8.45861
8238,10.5033
8239,6.64792
8240,6.99037
8241,11.1816
8242,8.08724
8243,10.2531
8244,9.3934
8245,10.5719
8246,13.8277
8247,15.9051
8248,11.019
8249,8.68048
8250,11.7673
8251,7.43623
8252,7.61873
8253,8.63729
8254,8.19611
8255,10.1314
8256,7.22693
8257,11.3517
8258,11.3716
8259,9.95271
8260,11.1623
8261,15.0727
8262,8.98636
8263,9.04566
8264,10.059
8265,11.1818
8266,13.8313
8267,8.97766
8268,9.04533
8269,12.3863
8270,14.9907
8271,10.1342
8272,10.3554
8273,14.9048
8274,7.01851
8275,10.4
8276,12.0231
8277,8.06754
8278,7.01967
8279,13.1602
8280,9.36
8281,10.6222
8282,14.6403
8283,11.9775
8284,14.4573
8285,8.70678
8286,8.74018
8287,12.2539
8288,8.49901
8289,8.64227
8290,11.1987
8291,11.0247
8292,7.1881
8293,12.3146
8294,9.43371
8295,9.72211
8296,7.83734
8297,9.86696
8298,8.87539
8299,8.95393
8300,10.963
8301,10.5135
8302,7.76291
8303,11.7591
8304,10.6096
8305,14.4346
8306,10.5439
8307,11.3205
8308,10.3983
8309,8.4541
8310,8.62695
8311,11.1643
8312,9.71305
8313,11.8843
8314,13.2908
8315,12.7327
8316,11.1054
8317,9.72383
8318,6.98316
8319,13.0957
8320,7.52574
8321,8.94275
8322,8.49409
8323,10.5663
8324,9.66304
8325,10.2904
8326,11.1167
8327,12.36
8328,9.40686
8329,6.44555
8330,9.45399
8331,11.7866
8332,11.1526
8333,8.2385
8334,13.8738
8335,9.44352
8336,9.98551
8337,6.25259
8338,9.2789
8339,11.7555
8340,9.54292
8341,11.6055
8342,10.4175
8343,9.15443
8344,9.00165
8345,10.4379
8346,12.4817
8347,11.6566
8348,13.1363
8349,13.5082
8350,12.5955
8351,10.6585
8352,8.11944
8353,11.0727
8354,9.60168
8355,9.86164
8356,11.4938
8357,11.8128
8358,11.1277
8359,9.1607
8360,9.03093
8361,9.28892
8362,8.39677
8363,10.1037
8364,10.396
8365,11.4622
8366,9.78025
8367,11.2621
8368,13.543
8369,10.9105
8370,12.5077
8371,7.75167
8372,11.8638
8373,11.7317
8374,13.9659
8375,10.1988
8376,11.2621
8377,9.59338
8378,14.6753
8379,12.697
8380,10.2465
8381,8.07142
8382,10.788
8383,9.89152
8384,10.3096
8385,10.3725
8386,5.86247
8387,11.5717
8388,11.9316
8389,7.46212
8390,12.3421
8391,9.53243
8392,7.62216
8393,8.02559
8394,8.45405
8395,11.1085
8396,7.12073
8397,7.72639
8398,7.99719
8399,8.71785
8400,6.6026
8401,8.89659
8402,10.1
8403,12.2757
8404,7.38802
8405,11.0894
8406,16.4723
8407,11.7512
8408,12.1369
8409,12.4898
8410,9.78684
8411,7.10018
8412,9.5698
8413,9.45511
8414,9.37587
8415,7.07097
8416,10.3107
8417,7.60056
8418,6.98806
8419,10.2736
8420,10.6262
8421,7.65595
8422,9.99959
8423,9.20146
8424,10.5305
8425,10.5415
8426,8.51177
8427,11.1919
8428,11.8421
8429,14.6278
8430,8.11935
8431,7.78085
8432,8.87089
8433,9.19209
8434,12.9913
8435,10.2258
8436,9.41033
8437,9.80655
8438,8.26525
8439,10.7293
8440,8.02997
8441,9.51718
8442,9.9682
8443,9.0133
8444,10.2043
8445,10.3757
8446,10.8809
8447,9.21898
8448,6.85472
8449,7.89983
8450,12.2608
8451,10.6924
8452,11.7617
8453,13.8321
8454,8.35225
8455,10.4377
8456,8.71448
8457,8.92917
8458,11.539
8459,6.57038
8460,10.3296
8461,6.83645
8462,8.47356
8463,8.65345
8464,9.52932
8465,12.7336
8466,10.8518
8467,10.8602
8468,12.8686
8469,10.8912
8470,9.9136
8471,11.1205
8472,10.4155
8473,11.3601
8474,12.2602
8475,12.3679
8476,7.76558
8477,14.3714
8478,7.88333
8479,10.9083
8480,8.02702
8481,12.6304
8482,8.43543
8483,12.4628
8484,12.4369
8485,17.7415
8486,9.49935
8487,19.7396
8488,10.0918
8489,9.12293
8490,9.76483
8491,11.8845
8492,13.2493
8493,9.2763
8494,14.339
8495,7.46446
8496,5.615
8497,12.1297
8498,10.7676
8499,10.6252
8500,8.80728
8501,11.6686
8502,11.1144
8503,9.26173
8504,8.66345
8505,10.6861
8506,10.9242
8507,10.9728
8508,12.8648
8509,8.24663
8510,9.45661
8511,10.9603
8512,7.62089
8513,11.7082
8514,9.84164
8515,14.3824
8516,7.43202
8517,12.0726
8518,13.2594
8519,12.6737
8520,10.4884
8521,11.2284
8522,7.89216
8523,11.1414
8524,9.48442
8525,7.62565
8526,10.5847
8527,11.4619
8528,14.6459
8529,7.42795
8530,8.18908
8531,10.3601
8532,6.79547
8533,9.2064
8534,9.31038
8535,9.91969
8536,8.07413
8537,11.8628
8538,12.5041
8539,9.6104
8540,13.7389
8541,9.29273
8542,10.2808
8543,10.7966
8544,14.8455
8545,11.3011
8546,9.66483
8547,9.8718
8548,9.9598
8549,11.9911
8550,12.2836
8551,9.62677
8552,13.8386
8553,10.5462
8554,10.7892
8555,11.3291
8556,12.0153
8557,10.2328
8558,8.4805
8559,8.97012
8560,10.8019
8561,11.2431
8562,10.8617
8563,9.08362
8564,11.737
8565,9.82853
8566,12.8834
8567,11.239
8568,8.49828
8569,14.6805
8570,9.6554
8571,11.0596
8572,11.5029
8573,8.19961
8574,8.29627
8575,8.30653
8576,8.06243
8577,9.61656
8578,9.92778
8579,11.3702
8580,11.5448
8581,9.63627
8582,11.3283
8583,7.52383
8584,11.6985
8585,6.14899
8586,12.4196
8587,8.84398
8588,5.86343
8589,6.05725
8590,9.48944
8591,8.89377
8592,8.96847
8593,9.12376
8594,12.2471
8595,12.6112
8596,9.63167
8597,9.81443
8598,10.0678
8599,10.142
8600,10.7714
8601,10.7872
8602,10.1416
8603,11.7632
8604,12.016
8605,11.0559
8606,9.95613
8607,7.34001
8608,9.64711
8609,11.176
8610,9.1465
8611,10.3846
8612,9.70806
8613,12.2569
8614,10.4176
8615,9.70055
8616,9.92323
8617,9.27821
8618,9.52987
8619,7.97721
8620,8.5547
8621,7.20102
8622,10.2969
8623,10.8258
8624,11.1023
8625,10.1854
8626,7.39621
8627,12.6349
8628,9.70747
8629,12.2771
8630,10.5701
8631,14.2356
8632,9.48916
8633,11.7394
8634,6.38764
8635,11.5557
8636,11.4635
8637,10.6502
8638,11.1247
8639,8.24626
8640,7.1857
8641,9.20412
8642,10.5728
8643,7.87885
8644,6.94337
8645,8.95181
8646,10.9665
8647,8.40716
8648,8.4325
8649,8.15851
8650,8.1892
8651,13.3647
8652,8.5724
8653,10.6563
8654,7.9115
8655,9.95075
8656,9.30214
8657,13.4846
8658,9.53142
8659,9.91334
8660,9.17951
8661,12.7533
8662,10.7684
8663,11.0406
8664,8.20658
8665,12.5084
8666,7.97666
8667,14.4444
8668,13.6723
8669,8.61534
8670,15.7696
8671,15.4413
8672,7.94151
8673,6.46323
8674,10.5239
8675,8.82275
8676,10.7002
8677,11.2063
8678,11.6077
8679,13.0076
8680,10.5101
8681,10.9661
8682,8.43934
8683,9.5874
8684,9.62892
8685,10.8632
8686,10.542
8687,9.96899
8688,13.0372
8689,11.1035
8690,10.1658
8691,10.6089
8692,8.70396
8693,10.9561
8694,13.8373
8695,12.0345
8696,6.06474
8697,13.2801
8698,7.74133
8699,8.79823
8700,8.06992
8701,10.6081
8702,10.6236
8703,8.36222
8704,11.54
8705,8.05361
8706,10.2512
8707,15.5014
8708,10.678
8709,10.1978
8710,12.3952
8711,13.2245
8712,11.49
8713,10.5192
8714,7.90533
8715,8.05884
8716,11.8031
8717,11.4151
8718,9.02111
8719,9.58682
8720,8.13577
8721,10.2036
8722,6.37749
8723,9.18111
8724,8.11126
8725,9.12782
8726,12.3942
8727,10.7678
8728,10.9504
8729,9.97776
8730,11.3862
8731,12.1172
8732,10.2736
8733,9.46096
8734,10.549
8735,10.5574
8736,8.7212
8737,12.2244
8738,8.06955
8739,11.1464
8740,10.7487
8741,12.1425
8742,9.82646
8743,8.62921
8744,9.03871
8745,12.0641
8746,7.63106
8747,13.2469
8748,8.7357
8749,11.708
8750,8.79583
8751,10.2061
8752,9.40283
8753,8.85726
8754,10.0647
8755,8.24469
8756,10.8709
8757,9.14597
8758,9.20685
8759,14.6203
8760,12.0215
8761,10.6497
8762,11.3017
8763,10.8996
8764,11.5203
8765,15.5366
8766,6.87333
8767,9.35405
8768,10.1146
8769,11.2483
8770,9.62915
8771,11.0423
8772,7.61371
8773,7.6349
8774,12.3779
8775,6.86388
8776,8.05179
8777,10.0797
8778,9.58786
8779,8.70912
8780,7.08129
8781,5.11596
8782,11.4235
8783,9.43193
8784,7.82151
8785,10.4313
8786,11.5204
8787,11.7169
8788,12.2904
8789,9.94276
8790,8.56406
8791,15.6418
8792,7.84913
8793,10.1023
8794,12.2612
8795,12.2965
8796,8.61308
8797,8.94507
8798,9.25504
8799,7.3615
8800,7.40907
8801,9.71097
8802,10.8482
8803,11.1848
8804,13.2089
8805,11.4804
8806,13.3537
8807,10.6661
8808,13.8918
8809,13.3009
8810,8.498
8811,12.9648
8812,11.2389
8813,7.42022
8814,7.46717
8815,8.02077
8816,8.30557
8817,8.95844
8818,7.37893
8819,10.5719
8820,8.74437
8821,6.90054
8822,9.10315
8823,13.6158
8824,8.6113
8825,8.982
8826,9.6601
8827,7.43825
8828,9.5339
8829,7.73114
8830,7.97137
8831,8.59192
8832,8.30197
8833,15.7764
8834,9.91954
8835,7.09232
8836,12.1721
8837,9.17972
8838,8.87604
8839,11.9086
8840,8.42586
8841,8.13998
8842,10.3552
8843,15.7234
8844,11.1608
8845,11.1692
8846,9.34863
8847,7.81239
8848,7.30639
8849,8.32804
8850,8.80537
8851,9.30414
8852,9.35085
8853,9.59422
8854,9.70821
8855,14.9866
8856,7.06931
8857,11.2933
8858,9.30178
8859,13.2041
8860,6.26359
8861,12.3987
8862,10.4072
8863,12.6295
8864,8.66959
8865,11.0456
8866,7.20125
8867,9.21194
8868,10.4852
8869,7.57988
8870,9.00314
8871,10.1489
8872,8.70839
8873,9.77857
8874,8.8325
8875,10.5324
8876,9.63135
8877,10.0381
8878,10.389
8879,7.61684
8880,10.7815
8881,11.8544
8882,13.0536
8883,11.0786
8884,11.6492
8885,11.8662
8886,10.9771
8887,9.1412
8888,8.14963
8889,13.3532
8890,11.4354
8891,15.4023
8892,8.81045
8893,12.5149
8894,12.7462
8895,10.5428
8896,10.1796
8897,12.1348
8898,13.1378
8899,10.4565
8900,7.79147
8901,7.85432
8902,10.0742
8903,10.1933
8904,9.44818
8905,8.53398
8906,8.87467
8907,8.99739
8908,11.024
8909,9.06321
8910,7.22934
8911,10.824
8912,11.3879
8913,11.6673
8914,9.19867
8915,13.504
8916,11.338
8917,8.15429
8918,8.35125
8919,9.18364
8920,8.3491
8921,9.52147
8922,8.98737
8923,8.56071
8924,9.51707
8925,11.5942
8926,10.8455
8927,12.3996
8928,13.6686
8929,9.8241
8930,10.3774
8931,11.5369
8932,10.6989
8933,8.7602
8934,10.5444
8935,9.64058
8936,11.675
8937,8.74496
8938,9.23818
8939,10.1411
8940,10.3064
8941,9.03092
8942,13.9578
8943,11.2859
8944,14.4544
8945,8.73569
8946,8.77461
8947,8.63307
8948,6.88807
8949,11.7549
8950,11.8827
8951,13.2587
8952,12.7432
8953,9.56552
8954,8.8916
8955,8.50003
8956,10.7408
8957,9.98904
8958,10.0631
8959,11.8979
8960,9.24941
8961,11.1034
8962,11.3525
8963,7.20798
8964,12.932
8965,8.90186
8966,8.94578
8967,10.0224
8968,10.591
8969,6.74475
8970,11.0104
8971,7.99533
8972,11.8494
8973,7.94169
8974,12.238
8975,9.6032
8976,8.8314
8977,9.8993
8978,16.1458
8979,7.23337
8980,7.27108
8981,11.6175
8982,11.7714
8983,17.7255
8984,10.7651
8985,9.95097
8986,10.2982
8987,10.3469
8988,10.9571
8989,7.51091
8990,9.58599
8991,9.09295
8992,16.9269
8993,6.45169
8994,6.35653
8995,11.0434
8996,9.19374
8997,8.31278
8998,11.7286
8999,11.1118
9000,10.2786
9001,9.15885
9002,9.37049
9003,8.53147
9004,10.2046
9005,9.77036
9006,17.4705
9007,13.2217
9008,9.76008
9009,5.73932
9010,9.00765
9011,9.98585
9012,10.4341
9013,10.6913
9014,7.1689
9015,8.18923
9016,12.0985
9017,10.436
9018,10.4549
9019,9.58568
9020,13.5941
9021,10.6146
9022,10.8834
9023,11.3956
9024,6.92374
9025,8.14947
9026,9.48048
9027,9.1332
9028,11.196
9029,10.2366
9030,9.38375
9031,11.5439
9032,12.306
9033,7.45889
9034,10.1353
9035,11.2315
9036,10.496
9037,8.69246
9038,13.7496
9039,10.2301
9040,14.5956
9041,9.35745
9042,11.7843
9043,7.36383
9044,11.7602
9045,11.9505
9046,14.0631
9047,10.4328
9048,13.8369
9049,10.3682
9050,7.61921
9051,15.685
9052,11.8356
9053,8.17573
9054,8.75928
9055,10.1027
9056,12.3273
9057,10.4939
9058,8.50236
9059,10.8698
9060,9.66945
9061,11.8859
9062,6.29621
9063,11.868
9064,10.8666
9065,8.3722
9066,12.497
9067,9.69792
9068,10.8543
9069,9.93013
9070,10.0016
9071,11.3527
9072,13.0127
9073,6.10062
9074,10.5879
9075,9.80833
9076,15.2604
9077,9.47482
9078,11.6737
9079,9.18145
9080,9.58281
9081,14.164
9082,7.32149
9083,8.72247
9084,8.23414
9085,9.53133
9086,7.56806
9087,8.75128
9088,9.95036
9089,11.0902
9090,11.598
9091,12.6261
9092,9.81941
9093,14.4835
9094,10.4999
9095,12.8588
9096,9.28417
9097,8.41102
9098,8.90865
9099,7.8118
9100,10.1957
9101,8.08344
9102,13.1225
9103,11.3161
9104,6.49029
9105,8.51306
9106,10.6477
9107,10.9946
9108,9.08021
9109,8.19582
9110,9.43606
9111,13.6793
9112,9.84624
9113,9.90193
9114,16.1201
9115,9.1292
9116,8.39002
9117,10.5815
9118,11.3823
9119,10.3571
9120,15.1716
9121,8.00475
9122,8.19645
9123,8.43452
9124,8.44319
9125,8.55606
9126,8.74995
9127,8.94536
9128,10.4605
9129,10.5369
9130,10.6037
9131,10.7397
9132,9.82631
9133,10.5576
9134,10.1451
9135,9.95491
9136,9.20655
9137,12.6573
9138,12.6734
9139,9.74742
9140,14.0808
9141,10.1439
9142,11.5082
9143,8.56568
9144,8.99258
9145,9.47527
9146,9.68403
9147,7.18015
9148,12.5471
9149,11.5627
9150,9.9008
9151,10.2869
9152,10.9629
9153,12.1413
9154,9.47043
9155,11.5876
9156,14.0976
9157,10.7127
9158,15.8856
9159,9.02517
9160,8.36675
9161,8.42191
9162,11.8634
9163,8.28003
9164,9.79969
9165,10.1714
9166,10.5413
9167,10.7491
9168,9.0602
9169,10.1756
9170,12.1841
9171,11.1983
9172,11.5173
9173,11.6638
9174,11.1288
9175,11.6378
9176,11.2725
9177,8.55608
9178,13.6609
9179,11.0871
9180,7.77586
9181,9.35158
9182,8.42566
9183,10.8904
9184,11.3385
9185,9.55
9186,11.5747
9187,6.02987
9188,9.28707
9189,10.3128
9190,7.50873
9191,7.60762
9192,11.2916
9193,8.40177
9194,11.5046
9195,8.6381
9196,8.74163
9197,9.026
9198,12.2398
9199,9.28446
9200,9.48043
9201,10.0575
9202,10.677
9203,10.6854
9204,10.8019
9205,13.9558
9206,11.8418
9207,12.6736
9208,12.9743
9209,13.6048
9210,9.40075
9211,10.5292
9212,8.66551
9213,11.025
9214,16.102
9215,9.4389
9216,12.4594
9217,8.12618
9218,11.3783
9219,11.5333
9220,11.199
9221,11.3203
9222,13.9374
9223,8.02367
9224,8.139
9225,6.87792
9226,11.0126
9227,6.16458
9228,9.78415
9229,8.80467
9230,9.95768
9231,9.62998
9232,10.733
9233,7.85304
9234,11.0407
9235,12.0681
9236,10.4903
9237,7.12194
9238,12.2098
9239,11.2764
9240,10.3612
9241,10.7511
9242,11.343
9243,14.3913
9244,14.0389
9245,11.2088
9246,11.3647
9247,10.7682
9248,10.0129
9249,8.3657
9250,10.6954
9251,9.55066
9252,6.63297
9253,11.3995
9254,8.70715
9255,9.78741
9256,7.79665
9257,9.26148
9258,10.5205
9259,10.1495
9260,10.4756
9261,9.52271
9262,8.40912
9263,10.6874
9264,10.7456
9265,10.9997
9266,11.3531
9267,11.401
9268,8.4288
9269,11.5199
9270,13.9002
9271,8.92155
9272,13.2611
9273,11.2696
9274,11.2986
9275,9.55677
9276,8.85688
9277,9.14382
9278,8.55639
9279,9.04825
9280,11.1712
9281,10.9982
9282,12.0674
9283,9.78011
9284,10.3231
9285,9.71359
9286,9.25494
9287,6.61526
9288,8.73195
9289,9.98659
9290,10.0198
9291,7.85833
9292,10.0232
9293,8.51516
9294,8.26672
9295,10.5476
9296,7.56026
9297,13.1503
9298,8.18191
9299,11.9437
9300,12.7317
9301,13.2415
9302,14.3706
9303,10.616
9304,7.98502
9305,11.1738
9306,14.3166
9307,9.11207
9308,12.3857
9309,8.97388
9310,9.44384
9311,9.67933
9312,10.5883
9313,16.7165
9314,8.30475
9315,12.4432
9316,11.4886
9317,9.10642
9318,9.22556
9319,7.18393
9320,11.4278
9321,13.7809
9322,11.8387
9323,8.02535
9324,10.0924
9325,8.18153
9326,10.2427
9327,8.4131
9328,8.95806
9329,11.0192
9330,9.64802
9331,10.1438
9332,10.2094
9333,12.3926
9334,10.4574
9335,8.67283
9336,14.027
9337,14.2482
9338,9.30172
9339,9.49763
9340,9.50999
9341,18.5492
9342,9.58857
9343,11.4248
9344,10.3182
9345,13.6816
9346,8.0612
9347,9.08297
9348,8.42732
9349,8.85614
9350,7.90855
9351,8.18928
9352,9.29206
9353,11.4039
9354,9.61409
9355,9.69052
9356,7.75619
9357,9.18869
9358,11.4108
9359,8.42364
9360,12.0067
9361,9.60468
9362,10.6954
9363,11.8498
9364,11.2809
9365,12.7037
9366,7.13284
9367,10.7729
9368,12.1545
9369,10.1123
9370,10.2556
9371,7.46377
9372,12.8514
9373,12.2117
9374,8.39135
9375,7.69881
9376,13.8347
9377,9.3237
9378,6.50252
9379,8.78078
9380,9.94734
9381,10.1762
9382,8.25758
9383,9.36848
9384,10.8139
9385,6.65359
9386,11.8613
9387,12.1466
9388,9.40676
9389,10.2961
9390,8.43519
9391,11.814
9392,9.14117
9393,11.2733
9394,9.52455
9395,10.1066
9396,6.92134
9397,10.4073
9398,9.8569
9399,8.62608
9400,8.03964
9401,7.35851
9402,8.7078
9403,5.71623
9404,11.1459
9405,9.47024
9406,8.68003
9407,8.75257
9408,9.27659
9409,10.7083
9410,10.932
9411,14.2372
9412,8.57952
9413,10.6134
9414,5.682
9415,8.52253
9416,10.4911
9417,8.46995
9418,9.72334
9419,9.73301
9420,10.6926
9421,9.75233
9422,10.5524
9423,8.56081
9424,7.84777
9425,10.8642
9426,13.1917
9427,11.9809
9428,12.0109
9429,6.04924
9430,11.3279
9431,11.1625
9432,9.40027
9433,12.1
9434,11.0229
9435,14.853
9436,8.94023
9437,9.97872
9438,7.07883
9439,10.3764
9440,9.97116
9441,12.435
9442,13.4533
9443,7.46768
9444,9.16322
9445,12.7129
9446,9.92003
9447,10.991
9448,11.3256
9449,12.4021
9450,11.4657
9451,9.84739
9452,12.9991
9453,9.65628
9454,13.7866
9455,12.4806
9456,12.9831
9457,7.09565
9458,13.1478
9459,9.36267
9460,9.80781
9461,8.99873
9462,11.4322
9463,7.79689
9464,7.90095
9465,8.50621
9466,9.31448
9467,9.73674
9468,9.85403
9469,10.1927
9470,10.6276
9471,9.78392
9472,9.82722
9473,13.2096
9474,11.2711
9475,11.2812
9476,8.46202
9477,12.1012
9478,9.39513
9479,13.4189
9480,7.42815
9481,8.22032
9482,8.23216
9483,7.58631
9484,8.7509
9485,14.8095
9486,7.30946
9487,18.3885
9488,8.56738
9489,10.6908
9490,10.3308
9491,6.81172
9492,12.1576
9493,8.59694
9494,7.67865
9495,9.70147
9496,9.60006
9497,12.8344
9498,7.30389
9499,12.7063
9500,10.8507
9501,8.04082
9502,8.55091
9503,16.0193
9504,9.08219
9505,10.2866
9506,11.3081
9507,10.4776
9508,10.0876
9509,10.2796
9510,11.3193
9511,10.4141
9512,11.0544
9513,11.1114
9514,11.1872
9515,10.2192
9516,11.3584
9517,11.132
9518,13.3874
9519,9.83531
9520,10.9509
9521,9.56808
9522,8.01673
9523,9.62584
9524,7.85134
9525,10.1893
9526,13.7846
9527,11.9912
9528,10.0924
9529,11.5128
9530,12.0296
9531,15.2392
9532,11.2543
9533,8.69409
9534,11.0844
9535,10.1767
9536,7.52098
9537,9.60739
9538,10.0499
9539,8.08696
9540,11.2058
9541,12.2496
9542,11.4123
9543,10.5043
9544,10.5494
9545,7.7833
9546,11.0585
9547,11.4046
9548,11.6206
9549,6.16812
9550,13.1956
9551,6.42444
9552,7.47231
9553,9.53856
9554,9.33309
9555,7.57017
9556,8.91015
9557,8.39171
9558,8.40014
9559,9.22382
9560,10.4523
9561,12.9385
9562,11.2495
9563,11.5617
9564,9.66621
9565,11.6828
9566,11.8074
9567,8.82851
9568,11.9933
9569,12.1074
9570,9.54888
9571,10.4354
9572,13.8621
9573,8.54985
9574,9.81365
9575,18.037
9576,7.23966
9577,8.36658
9578,7.71843
9579,7.82307
9580,10.5489
9581,8.19668
9582,11.2051
9583,8.86035
9584,10.1146
9585,12.1276
9586,10.4771
9587,11.6266
9588,11.6749
9589,9.32593
9590,9.87095
9591,11.7767
9592,6.91276
9593,11.571
9594,7.14445
9595,8.65436
9596,9.12492
9597,10.2706
9598,6.80526
9599,8.57573
9600,8.61249
9601,11.7176
9602,10.8155
9603,14.0008
9604,12.3512
9605,9.50696
9606,12.8066
9607,11.0652
9608,8.20633
9609,11.0222
9610,11.5181
9611,8.76434
9612,10.142
9613,9.206
9614,8.263
9615,8.07251
9616,8.24166
9617,9.63824
9618,9.75692
9619,7.9079
9620,9.4102
9621,12.246
9622,8.57511
9623,11.0669
9624,11.1636
9625,11.9178
9626,12.2151
9627,12.3394
9628,12.5033
9629,11.8201
9630,8.06345
9631,11.0719
9632,14.1799
9633,11.1228
9634,9.54353
9635,10.0779
9636,12.6182
9637,11.8651
9638,7.87961
9639,8.23254
9640,10.6435
9641,6.97086
9642,11.1862
9643,10.819
9644,12.4707
9645,10.1199
9646,9.45426
9647,10.0951
9648,10.4492
9649,12.3082
9650,12.7335
9651,9.88271
9652,8.49107
9653,8.54629
9654,7.81085
9655,9.15333
9656,10.7006
9657,8.97744
9658,8.13605
9659,11.2137
9660,10.272
9661,8.27138
9662,13.2459
9663,9.89042
9664,10.3391
9665,10.4636
9666,10.6935
9667,8.46118
9668,10.5578
9669,12.6385
9670,6.68072
9671,7.80201
9672,8.16602
9673,9.17807
9674,7.62291
9675,7.63546
9676,8.84349
9677,14.2583
9678,7.39597
9679,12.4504
9680,8.50372
9681,8.64649
9682,9.69735
9683,9.88995
9684,9.50381
9685,9.57575
9686,7.6383
9687,7.89419
9688,12.0146
9689,11.1596
9690,9.2836
9691,7.37449
9692,9.44909
9693,10.519
9694,11.6334
9695,9.88044
9696,11.3366
9697,10.5079
9698,10.813
9699,10.8365
9700,10.0357
9701,13.0686
9702,11.2172
9703,11.3482
9704,7.43002
9705,7.5115
9706,11.5358
9707,14.8623
9708,8.44984
9709,12.5475
9710,9.01006
9711,10.0233
9712,15.1925
9713,12.3775
9714,11.4448
9715,16.2169
9716,10.3928
9717,10.5001
9718,15.5086
9719,8.52964
9720,10.8755
9721,12.6627
9722,8.98745
9723,9.0772
9724,14.2431
9725,8.60618
9726,9.13386
9727,9.65427
9728,10.4328
9729,9.32657
9730,11.6441
9731,9.00688
9732,10.7983
9733,8.87181
9734,9.74927
9735,10.7337
9736,9.13865
9737,7.30046
9738,11.3652
9739,11.3863
9740,15.4405
9741,9.99065
9742,11.0682
9743,13.1916
9744,7.47132
9745,10.5214
9746,8.11218
9747,9.55713
9748,10.9415
9749,9.78003
9750,9.84783
9751,10.9483
9752,8.31178
9753,13.9261
9754,7.28549
9755,9.56965
9756,9.97168
9757,11.5943
9758,12.1135
9759,11.1303
9760,7.7346
9761,9.43712
9762,8.01638
9763,7.09045
9764,10.5507
9765,8.7806
9766,9.95069
9767,8.21197
9768,9.45946
9769,8.59322
9770,11.6698
9771,10.5056
9772,8.13669
9773,8.79996
9774,9.36023
9775,7.286
9776,9.47308
9777,10.6629
9778,10.767
9779,8.73424
9780,11.1052
9781,10.9349
9782,8.47635
9783,10.573
9784,8.99927
9785,9.42177
9786,13.4057
9787,16.4682
9788,11.2184
9789,11.883
9790,9.02645
9791,9.29421
9792,11.496
9793,7.80398
9794,13.1396
9795,8.45277
9796,11.7256
9797,12.1213
9798,10.2236
9799,11.3198
9800,9.76544
9801,9.11384
9802,9.19297
9803,9.44275
9804,8.99925
9805,9.0794
9806,9.12214
9807,10.0094
9808,8.18085
9809,9.33959
9810,10.6536
9811,11.2175
9812,9.23851
9813,12.4743
9814,8.35441
9815,9.51061
9816,5.80631
9817,6.95999
9818,7.29973
9819,7.34377
9820,9.44511
9821,8.28262
9822,9.3061
9823,7.34463
9824,9.43172
9825,6.44435
9826,12.5124
9827,9.58702
9828,9.69385
9829,10.1
9830,9.57758
9831,7.74141
9832,10.9701
9833,12.9801
9834,14.0968
9835,6.37585
9836,6.59193
9837,10.7442
9838,6.90954
9839,6.05678
9840,8.06521
9841,8.44158
9842,8.02565
9843,9.81396
9844,10.1125
9845,9.47533
9846,11.3479
9847,11.5604
9848,8.74419
9849,7.00338
9850,10.157
9851,7.89824
9852,10.2716
9853,14.4577
9854,8.71027
9855,14.2077
9856,11.2193
9857,7.49376
9858,9.54608
9859,8.75591
9860,13.213
9861,10.5428
9862,11.0114
9863,9.14057
9864,8.65583
9865,9.89805
9866,10.6035
9867,8.13353
9868,7.55066
9869,8.20564
9870,8.71975
9871,9.18529
9872,7.34093
9873,9.4462
9874,8.16627
9875,9.70925
9876,11.4569
9877,9.61445
9878,7.86363
9879,5.81211
9880,11.1663
9881,8.82502
9882,10.1724
9883,10.3269
9884,8.11475
9885,16.8226
9886,9.0098
9887,9.89712
9888,7.41209
9889,10.7568
9890,15.9594
9891,12.2021
9892,9.91685
9893,8.3569
9894,10.2152
9895,8.45341
9896,6.72284
9897,8.82391
9898,10.888
9899,10.9268
9900,10.1289
9901,10.6076
9902,12.9882
9903,12.7048
9904,12.0236
9905,9.13675
9906,9.20793
9907,10.3655
9908,11.4284
9909,10.8393
9910,11.0621
9911,8.03467
9912,12.5125
9913,6.66919
9914,9.84305
9915,14.6163
9916,10.4559
9917,7.56787
9918,11.2218
9919,13.3057
9920,13.5555
9921,7.64086
9922,8.73258
9923,11.3526
9924,8.47386
9925,12.136
9926,12.4048
9927,9.80697
9928,8.60227
9929,11.7723
9930,10.0334
9931,14.434
9932,6.69733
9933,10.2126
9934,10.2583
9935,8.18416
9936,11.117
9937,9.51887
9938,7.60766
9939,11.2792
9940,14.2148
9941,9.81773
9942,10.3177
9943,11.8251
9944,12.7066
9945,13.9848
9946,9.05931
9947,13.5159
9948,13.5418
9949,13.6964
9950,15.3882
9951,9.76786
9952,8.93261
9953,10.499
9954,8.99966
9955,10.09
9956,7.84227
9957,13.9475
9958,7.6975
9959,10.775
9960,9.86844
9961,12.9037
9962,9.03453
9963,10.3378
9964,6.43152
9965,9.50019
9966,11.5738
9967,8.7428
9968,9.24004
9969,12.3276
9970,13.2132
9971,11.414
9972,7.36547
9973,10.3884
9974,6.50065
9975,7.51344
9976,10.6089
9977,11.162
9978,13.1983
9979,7.63371
9980,13.6617
9981,7.97688
9982,8.01242
9983,9.69445
9984,8.4204
9985,13.6399
9986,9.92322
9987,9.56673
9988,12.5268
9989,10.9545
9990,13.4205
9991,8.50867
9992,11.341
9993,9.67523
9994,6.86306
9995,13.0463
9996,10.3363
9997,7.5572
9998,8.07498
9999,9.32835
10000,9.4716
10001,11.5206
10002,8.40454
10003,10.5231
10004,9.67034
10005,9.73373
10006,10.0764
10007,13.7559
10008,10.8376
10009,10.8698
10010,9.901
10011,11.0021
10012,10.0974
10013,10.1138
10014,9.23535
10015,11.6963
10016,10.7595
10017,11.5343
10018,13.0467
10019,11.0551
10020,9.11907
10021,13.7156
10022,9.76461
10023,12.3326
10024,7.2296
10025,7.92252
10026,10.8129
10027,9.97383
10028,10.9138
10029,9.98153
10030,12.5006
10031,12.6952
10032,9.93963
10033,10.9455
10034,11.6219
10035,13.9639
10036,11.9832
10037,8.69334
10038,10.8589
10039,13.0557
10040,9.23283
10041,9.92953
10042,10.2276
10043,10.5628
10044,10.6076
10045,11.5922
10046,9.6636
10047,13.1162
10048,10.9119
10049,10.0804
10050,9.32004
10051,9.41168
10052,8.52805
10053,9.33806
10054,9.98142
10055,7.69579
10056,10.8717
10057,11.5363
10058,8.12728
10059,9.65778
10060,9.06435
10061,8.35384
10062,10.5534
10063,11.8056
10064,9.41546
10065,14.6096
10066,15.7951
10067,9.23614
10068,9.63229
10069,6.13096
10070,8.57628
10071,11.4241
10072,9.65022
10073,7.83795
10074,16.2956
10075,8.30676
10076,10.0134
10077,16.3767
10078,9.88719
10079,9.11846
10080,7.03761
10081,9.25309
10082,10.3782
10083,10.1646
10084,9.01342
10085,14.1636
10086,8.41567
10087,9.44031
10088,9.41505
10089,11.9289
10090,13.1323
10091,7.32332
10092,14.3621
10093,7.46938
10094,9.51465
10095,10.6126
10096,9.77409
10097,10.4848
10098,8.7084
10099,7.21019
10100,9.23757
10101,8.6038
10102,8.00728
10103,10.6497
10104,10.8523
10105,8.98001
10106,9.3255
10107,7.62662
10108,10.5276
10109,8.98056
10110,9.24837
10111,9.28321
10112,11.4739
10113,6.49112
10114,14.1552
10115,13.7606
10116,16.5109
10117,17.9859
10118,10.3515
10119,12.8988
10120,5.92286
10121,9.30606
10122,9.35109
10123,11.8631
10124,13.2614
10125,8.76456
10126,12.8094
10127,9.34036
10128,15.9197
10129,11.1763
10130,11.3302
10131,11.169
10132,12.4185
10133,12.1697
10134,9.3514
10135,15.5509
10136,6.60078
10137,6.13915
10138,10.7333
10139,7.19497
10140,9.3928
10141,10.5234
10142,9.17075
10143,9.2218
10144,9.30746
10145,13.3159
10146,10.4993
10147,8.91152
10148,17.92
10149,9.89308
10150,10.0516
10151,11.3343
10152,8.4562
10153,8.25363
10154,9.47307
10155,8.48151
10156,13.4911
10157,8.84518
10158,9.18634
10159,7.79661
10160,11.9365
10161,9.30033
10162,13.3166
10163,9.17481
10164,6.91054
10165,14.9373
10166,7.21878
10167,9.69434
10168,8.44601
10169,10.1143
10170,12.2255
10171,9.35596
10172,9.72222
10173,7.26812
10174,7.57781
10175,9.58659
10176,6.61734
10177,10.9787
10178,8.13934
10179,8.18368
10180,8.6304
10181,6.74134
10182,10.8405
10183,9.14905
10184,9.2835
10185,13.3758
10186,9.46549
10187,10.8126
10188,10.0177
10189,10.6923
10190,10.8003
10191,10.9551
10192,10.2644
10193,9.32235
10194,6.72865
10195,7.05766
10196,7.85913
10197,13.0951
10198,6.56248
10199,14.6943
10200,13.7028
10201,14.244
10202,7.30473
10203,7.79832
10204,10.2763
10205,11.6407
10206,10.0696
10207,10.3729
10208,12.7912
10209,9.70621
10210,12.8402
10211,9.3118
10212,8.36068
10213,9.3954
10214,8.51918
10215,9.66335
10216,9.27919
10217,9.34023
10218,10.0486
10219,8.08936
10220,10.4395
10221,6.92766
10222,7.99197
10223,10.5372
10224,11.7114
10225,12.2475
10226,15.5862
10227,9.95814
10228,14.2373
10229,11.9315
10230,7.98665
10231,15.0236
10232,9.02648
10233,8.43737
10234,9.83808
10235,12.7888
10236,7.83862
10237,7.68293
10238,8.4493
10239,8.64731
10240,9.42916
10241,9.53444
10242,14.3069
10243,9.43949
10244,15.5046
10245,9.66086
10246,8.25302
10247,15.2895
10248,9.5003
10249,13.7352
10250,11.078
10251,9.04564
10252,9.65605
10253,9.92676
10254,9.04584
10255,11.1356
10256,10.6642
10257,7.23122
10258,10.9814
10259,9.16536
10260,8.71468
10261,8.72573
10262,8.45301
10263,9.1135
10264,9.79073
10265,8.84236
10266,10.0073
10267,13.2566
10268,10.5224
10269,11.6196
10270,7.6907
10271,7.77708
10272,11.0715
10273,11.633
10274,8.33359
10275,9.85602
10276,9.73775
10277,11.501
10278,7.62101
10279,10.1967
10280,10.2308
10281,8.34399
10282,7.86455
10283,8.23122
10284,8.39978
10285,7.92675
10286,8.36334
10287,10.5058
10288,9.00128
10289,10.1521
10290,9.32994
10291,12.0109
10292,11.0439
10293,13.4388
10294,10.2068
10295,10.2153
10296,10.4686
10297,8.48736
10298,7.80951
10299,8.4576
10300,7.85795
10301,8.93586
10302,13.1272
10303,9.26876
10304,9.3121
10305,11.4597
10306,10.6696
10307,10.6898
10308,10.2023
10309,11.4692
10310,11.1722
10311,12.4387
10312,10.6699
10313,10.7259
10314,12.8098
10315,8.81821
10316,13.0563
10317,13.2557
10318,12.7767
10319,7.3295
10320,14.5488
10321,7.55727
10322,9.07636
10323,8.10118
10324,5.81924
10325,9.24464
10326,9.65683
10327,9.11051
10328,8.24653
10329,10.383
10330,11.5031
10331,10.0885
10332,12.5627
10333,9.85932
10334,12.8756
10335,10.666
10336,10.9924
10337,11.3685
10338,14.7259
10339,8.49717
10340,7.55965
10341,7.87003
10342,8.92245
10343,8.384
10344,10.2875
10345,11.7054
10346,14.923
10347,11.0651
10348,9.07526
10349,9.92804
10350,9.93647
10351,10.1632
10352,14.1844
10353,10.2307
10354,11.9649
10355,5.68234
10356,9.70467
10357,10.5447
10358,7.45698
10359,11.8891
10360,8.62017
10361,8.76266
10362,10.1892
10363,9.19766
10364,10.2282
10365,9.14929
10366,11.3979
10367,12.4063
10368,10.5905
10369,10.6656
10370,8.44432
10371,8.59487
10372,8.75335
10373,10.0853
10374,9.41741
10375,7.76623
10376,8.55301
10377,13.4259
10378,9.49953
10379,9.86907
10380,9.89344
10381,13.9739
10382,8.34197
10383,10.4113
10384,8.37226
10385,8.93603
10386,9.43475
10387,10.6605
10388,7.04798
10389,11.7341
10390,9.86089
10391,15.3347
10392,12.2877
10393,14.456
10394,9.38043
10395,10.2183
10396,15.4783
10397,8.91325
10398,9.44957
10399,11.8268
10400,9.16427
10401,8.47961
10402,10.6978
10403,10.3868
10404,7.88339
10405,15.1846
10406,11.6295
10407,5.87949
10408,14.7664
10409,14.911
10410,8.96959
10411,7.73102
10412,8.12233
10413,13.2109
10414,11.0622
10415,11.0706
10416,10.6007
10417,8.85732
10418,12.5551
10419,12.7133
10420,12.8275
10421,15.2203
10422,9.95786
10423,10.4939
10424,10.9568
10425,9.33674
10426,9.55904
10427,9.84364
10428,9.13335
10429,12.1826
10430,12.27
10431,8.49043
10432,11.0783
10433,8.37512
10434,9.42153
10435,10.2658
10436,11.017
10437,12.1459
10438,8.5254
10439,7.72118
10440,13.0564
10441,13.4231
10442,13.7542
10443,12.4616
10444,10.1205
10445,10.5194
10446,11.4481
10447,10.6365
10448,13.4804
10449,6.50936
10450,8.06485
10451,8.23294
10452,7.75472
10453,8.75164
10454,7.00687
10455,10.2603
10456,10.5239
10457,11.7452
10458,7.02136
10459,8.65071
10460,9.72777
10461,11.8663
10462,9.1174
10463,12.5436
10464,6.6158
10465,14.8961
10466,10.9821
10467,10.1897
10468,9.29378
10469,9.08785
10470,11.5552
10471,10.082
10472,8.47044
10473,9.62428
10474,9.53228
10475,9.72145
10476,12.7405
10477,9.97129
10478,11.9797
10479,10.0582
10480,11.4807
10481,7.6862
10482,13.1428
10483,12.7375
10484,8.78761
10485,9.37398
10486,16.4559
10487,11.8182
10488,8.33425
10489,9.44984
10490,8.04314
10491,7.56552
10492,9.8942
10493,7.39063
10494,7.09492
10495,8.30511
10496,9.32913
10497,9.47827
10498,10.5647
10499,7.85986
10500,8.147
10501,12.8067
10502,10.8274
10503,11.2347
10504,11.367
10505,6.79994
10506,12.4088
10507,11.9448
10508,9.94723
10509,9.37011
10510,7.22101
10511,9.44571
10512,6.4792
10513,7.95317
10514,11.0816
10515,12.1999
10516,10.3678
10517,9.41328
10518,9.67931
10519,9.76007
10520,11.1865
10521,9.46643
10522,9.55583
10523,6.62599
10524,10.6468
10525,10.8553
10526,8.59389
10527,8.81621
10528,12.8906
10529,10.9949
10530,9.11371
10531,12.3092
10532,11.5432
10533,12.3157
10534,12.3782
10535,14.5079
10536,7.72055
10537,7.75911
10538,10.8718
10539,10.929
10540,8.5237
10541,11.4636
10542,9.73802
10543,9.74869
10544,12.5653
10545,8.76737
10546,9.81836
10547,8.84908
10548,9.05212
10549,11.4654
10550,7.72222
10551,8.05026
10552,8.17164
10553,8.38399
10554,9.57997
10555,8.69635
10556,13.1335
10557,9.57464
10558,12.7478
10559,11.2754
10560,11.5033
10561,10.0462
10562,12.3123
10563,13.4543
10564,10.6987
10565,9.77388
10566,11.8275
10567,10.9647
10568,11.4869
10569,13.619
10570,10.9202
10571,11.4342
10572,8.15393
10573,8.8093
10574,9.82299
10575,11.0315
10576,10.0563
10577,13.2156
10578,10.9233
10579,12.2253
10580,7.38742
10581,9.01126
10582,12.1281
10583,12.4179
10584,17.0963
10585,11.2711
10586,8.13664
10587,11.1496
10588,9.61414
10589,8.65462
10590,10.4499
10591,8.65097
10592,10.9997
10593,14.2863
10594,11.5928
10595,7.60646
10596,6.64578
10597,9.35267
10598,11.3655
10599,15.5336
10600,9.54773
10601,9.63589
10602,6.93053
10603,8.1899
10604,8.30704
10605,14.2848
10606,9.95206
10607,10.1618
10608,10.6347
10609,12.6186
10610,6.66217
10611,11.1258
10612,9.86647
10613,7.32808
10614,9.66942
10615,6.9299
10616,10.0943
10617,7.60663
10618,8.92201
10619,10.3017
10620,12.6252
10621,10.6639
10622,10.937
10623,11.0872
10624,13.1608
10625,10.2758
10626,10.5025
10627,11.0992
10628,12.6669
10629,9.75251
10630,6.7309
10631,7.22928
10632,11.9064
10633,12.5359
10634,9.27401
10635,13.3801
10636,13.5363
10637,8.26403
10638,14.3423
10639,10.4149
10640,7.55546
10641,10.8435
10642,8.09304
10643,12.3539
10644,7.86662
10645,9.96352
10646,7.14269
10647,8.15611
10648,11.9935
10649,9.79747
10650,10.6416
10651,9.65966
10652,9.67883
10653,9.26454
10654,11.3672
10655,11.9989
10656,11.4719
10657,13.1581
10658,8.96272
10659,8.24628
10660,8.225
10661,8.89289
10662,8.19631
10663,9.28735
10664,11.4233
10665,7.55332
10666,10.114
10667,9.23315
10668,9.41003
10669,10.7114
10670,10.8536
10671,8.98266
10672,12.1478
10673,9.62938
10674,8.24157
10675,10.5355
10676,11.5755
10677,10.6595
10678,14.9031
10679,11.5178
10680,9.55981
10681,9.63147
10682,8.80153
10683,9.87336
10684,11.0504
10685,10.1038
10686,10.1875
10687,7.34717
10688,13.5197
10689,9.00834
10690,8.93734
10691,7.40688
10692,8.04036
10693,12.2287
10694,7.50641
10695,16.0178
10696,10.1433
10697,10.3826
10698,9.577
10699,7.263
10700,8.70721
10701,6.86601
10702,8.11881
10703,10.3001
10704,11.8417
10705,9.28031
10706,8.4293
10707,10.4753
10708,13.5224
10709,9.24377
10710,8.44537
10711,8.57836
10712,8.56512
10713,10.6411
10714,10.7623
10715,10.9022
10716,10.5686
10717,9.5469
10718,9.12669
10719,9.24957
10720,10.3881
10721,8.08437
10722,10.1902
10723,10.7825
10724,11.5094
10725,7.52243
10726,8.38296
10727,13.3481
10728,10.2383
10729,7.41775
10730,8.15149
10731,11.541
10732,9.2325
10733,12.81
10734,12.0951
10735,8.53709
10736,10.6411
10737,9.88603
10738,7.70485
10739,9.75161
10740,11.7874
10741,9.04725
10742,8.80205
10743,11.6137
10744,10.4278
10745,8.84233
10746,10.7258
10747,9.14212
10748,8.15055
10749,6.46948
10750,7.99516
10751,14.0763
10752,10.3497
10753,12.6579
10754,10.0152
10755,8.52434
10756,8.75311
10757,9.68719
10758,10.0679
10759,12.1164
10760,7.63585
10761,7.71528
10762,7.79921
10763,12.7674
10764,9.48254
10765,10.5577
10766,10.8285
10767,10.9885
10768,8.05084
10769,8.32099
10770,10.4837
10771,14.6509
10772,7.24726
10773,8.41248
10774,11.0273
10775,17.5368
10776,12.149
10777,8.66639
10778,7.49812
10779,12.8951
10780,8.80528
10781,7.88212
10782,8.4852
10783,8.59583
10784,9.01802
10785,8.03647
10786,11.2139
10787,14.7619
10788,8.85055
10789,10.859
10790,9.89708
10791,9.13726
10792,9.201
10793,9.88177
10794,7.40209
10795,7.558
10796,9.95367
10797,10.261
10798,11.1688
10799,9.17719
10800,8.30238
10801,9.34149
10802,9.54934
10803,9.90902
10804,8.28351
10805,11.0093
10806,9.40672
10807,8.57762
10808,8.75543
10809,9.22108
10810,9.75725
10811,7.86792
10812,10.0699
10813,6.35483
10814,11.0034
10815,11.0807
10816,7.23852
10817,14.4988
10818,10.4259
10819,8.91974
10820,9.25238
10821,9.28188
10822,11.6092
10823,10.0047
10824,10.4044
10825,11.1505
10826,11.6883
10827,12.2014
10828,12.3556
10829,10.424
10830,12.689
10831,10.9644
10832,9.22792
10833,9.79816
10834,10.2802
10835,8.39652
10836,7.67853
10837,11.1145
10838,11.1811
10839,9.8082
10840,12.3546
10841,7.82973
10842,10.5165
10843,14.5753
10844,8.6234
10845,6.99033
10846,6.16149
10847,8.94985
10848,8.99248
10849,10.8108
10850,10.9154
10851,13.0004
10852,7.52755
10853,12.8156
10854,8.27616
10855,7.45848
10856,7.55047
10857,7.69092
10858,10.7285
10859,6.92392
10860,8.98191
10861,9.84994
10862,9.88478
10863,9.02155
10864,11.6822
10865,9.37186
10866,10.4483
10867,8.94482
10868,5.84623
10869,9.36274
10870,8.69515
10871,10.1943
10872,8.28926
10873,10.196
10874,10.4193
10875,9.62916
10876,9.67546
10877,11.0445
10878,7.86334
10879,10.0346
10880,6.96307
10881,10.0805
10882,10.438
10883,8.8398
10884,10.9779
10885,10.2971
10886,11.8029
10887,10.0759
10888,6.22018
10889,10.3271
10890,12.6622
10891,11.8928
10892,12.2217
10893,6.47706
10894,10.3241
10895,10.4143
10896,8.97942
10897,9.16282
10898,11.248
10899,9.4836
10900,9.12106
10901,10.3394
10902,10.677
10903,8.56891
10904,6.5694
10905,9.68402
10906,9.13918
10907,9.17009
10908,9.3336
10909,12.8248
10910,9.35637
10911,8.65662
10912,9.82833
10913,13.9989
10914,7.01132
10915,11.0305
10916,8.33751
10917,13.1491
10918,7.8887
10919,10.7771
10920,8.97898
10921,7.56347
10922,8.08326
10923,9.21086
10924,10.2403
10925,8.68291
10926,10.0927
10927,10.5017
10928,11.0372
10929,8.0901
10930,12.0111
10931,9.31799
10932,8.52269
10933,7.35494
10934,10.5907
10935,8.80898
10936,8.89228
10937,9.15211
10938,11.3415
10939,10.5743
10940,10.6779
10941,12.0622
10942,6.33891
10943,11.3876
10944,10.8024
10945,9.81966
10946,9.05141
10947,8.22093
10948,6.49651
10949,8.89009
10950,9.12266
10951,14.6384
10952,9.12488
10953,6.44667
10954,11.2304
10955,10.8679
10956,10.9637
10957,7.10295
10958,10.9879
10959,8.21548
10960,7.3045
10961,10.4311
10962,7.75481
10963,10.9234
10964,8.9628
10965,10.0043
10966,10.7743
10967,9.97451
10968,7.39131
10969,11.5116
10970,7.351
10971,11.845
10972,12.6556
10973,8.70237
10974,10.0149
10975,9.76153
10976,10.7239
10977,7.62715
10978,10.7353
10979,12.2309
10980,12.531
10981,9.03014
10982,10.3913
10983,10.4619
10984,7.14893
10985,6.24753
10986,11.3052
10987,8.63089
10988,14.5261
10989,7.79355
10990,7.97444
10991,6.25215
10992,12.2739
10993,7.13828
10994,9.36203
10995,10.7522
10996,9.92379
10997,11.7733
10998,12.5611
10999,7.14083
11000,10.2151
11001,10.6546
11002,10.8246
11003,11.2679
11004,10.7105
11005,7.94517
11006,8.47777
11007,8.4863
11008,8.55206
11009,9.20076
11010,10.0986
11011,8.2873
11012,13.01
11013,16.7298
11014,11.7856
11015,13.5809
11016,13.3187
11017,13.2469
11018,9.38435
11019,9.50564
11020,9.88716
11021,10.4746
11022,7.44083
11023,14.4613
11024,12.2495
11025,8.30435
11026,12.6997
11027,8.80475
11028,15.9597
11029,11.673
11030,9.47712
11031,6.58285
11032,12.7821
11033,12.8477
11034,11.4589
11035,11.6116
11036,12.0221
11037,12.8961
11038,11.035
11039,14.0646
11040,9.21327
11041,8.47523
11042,12.5029
11043,6.15476
11044,10.1682
11045,10.0886
11046,8.23059
11047,12.239
11048,11.8768
11049,9.2936
11050,7.77498
11051,10.5693
11052,9.70823
11053,11.0628
11054,10.2036
11055,12.3904
11056,12.7633
11057,7.83256
11058,9.91441
11059,12.1023
11060,8.67277
11061,8.74948
11062,9.90937
11063,11.0255
11064,9.36077
11065,10.4083
11066,7.30368
11067,7.8079
11068,8.98022
11069,6.12692
11070,8.88102
11071,11.8894
11072,9.00325
11073,11.3196
11074,12.446
11075,9.67952
11076,10.714
11077,12.7664
11078,7.06963
11079,11.7023
11080,12.2591
11081,9.31657
11082,7.49588
11083,7.55477
11084,9.56798
11085,8.57855
11086,9.64984
11087,9.65828
11088,10.2403
11089,10.3425
11090,9.36726
11091,6.98562
11092,11.0264
11093,11.3301
11094,10.4912
11095,7.83186
11096,9.84029
11097,10.6824
11098,11.8996
11099,11.0145
11100,11.4529
11101,9.76559
11102,14.4808
11103,16.8972
11104,8.01758
11105,11.0516
11106,11.3093
11107,14.1784
11108,9.82415
11109,10.328
11110,14.3272
11111,8.75584
11112,9.11694
11113,8.45084
11114,7.75492
11115,14.0339
11116,11.2428
11117,10.6003
11118,8.00481
11119,9.71881
11120,11.7352
11121,13.4869
11122,14.0287
11123,10.2044
11124,8.39182
11125,16.3848
11126,10.4926
11127,10.5516
11128,9.76132
11129,6.7004
11130,6.74041
11131,12.8199
11132,10.2224
11133,9.36283
11134,9.49889
11135,9.94471
11136,7.12795
11137,8.27035
11138,9.84265
11139,7.85984
11140,15.0015
11141,13.2482
11142,8.64598
11143,10.3145
11144,9.39669
11145,10.7252
11146,8.40562
11147,9.12514
11148,8.77545
11149,9.0706
11150,13.6871
11151,10.9655
11152,11.2746
11153,10.8998
11154,10.0486
11155,10.2916
11156,6.20352
11157,10.4592
11158,9.94497
11159,15.0913
11160,9.62345
11161,14.9777
11162,10.6673
11163,11.2551
11164,14.2447
11165,9.1774
11166,7.34795
11167,10.2797
11168,10.9378
11169,11.152
11170,10.8044
11171,10.3456
11172,10.8163
11173,11.4985
11174,12.5232
11175,8.59057
11176,13.0361
11177,10.5213
11178,8.09638
11179,7.33924
11180,12.6167
11181,8.53431
11182,7.22591
11183,9.37223
11184,6.44241
11185,16.1659
11186,9.27419
11187,12.2991
11188,8.34489
11189,8.58924
11190,9.99591
11191,9.08468
11192,10.2403
11193,10.4242
11194,10.5605
11195,7.55366
11196,12.6208
11197,14.3041
11198,12.3125
11199,6.91302
11200,7.29404
11201,9.05559
11202,9.33283
11203,16.4433
11204,8.62431
11205,10.0603
11206,13.9114
11207,10.9971
11208,11.5365
11209,9.57512
11210,13.426
11211,13.5947
11212,10.7921
11213,8.6553
11214,7.87138
11215,7.9332
11216,7.12201
11217,10.6735
11218,7.03258
11219,9.27834
11220,9.39684
11221,10.3772
11222,11.4469
11223,12.0694
11224,7.14272
11225,12.3098
11226,9.21292
11227,8.34235
11228,7.74157
11229,6.30462
11230,9.35734
11231,12.197
11232,8.98857
11233,11.1342
11234,11.8117
11235,8.42083
11236,12.7176
11237,6.81746
11238,13.4062
11239,16.4261
11240,9.73334
11241,7.82143
11242,6.74704
11243,11.3747
11244,5.60596
11245,11.6947
11246,6.70402
11247,6.21148
11248,7.28176
11249,10.4575
11250,9.54248
11251,10.0049
11252,10.3767
11253,9.46838
11254,12.802
11255,10.0106
11256,9.19667
11257,10.2401
11258,10.5645
11259,7.76803
11260,9.28879
11261,12.3102
11262,11.368
11263,9.4914
11264,8.64183
11265,13.6895
11266,8.7729
11267,13.4454
11268,10.419
11269,11.5786
11270,6.30549
11271,7.97832
11272,9.02384
11273,8.2264
11274,12.7936
11275,11.7162
11276,9.80586
11277,8.01618
11278,14.3411
11279,10.2831
11280,11.4216
11281,7.70579
11282,12.769
11283,10.978
11284,9.01272
11285,10.1731
11286,9.66279
11287,6.80166
11288,12.389
11289,13.0369
11290,10.2167
11291,9.71408
11292,10.1201
11293,9.36274
11294,9.47993
11295,7.49875
11296,8.96075
11297,13.304
11298,10.1497
11299,10.2846
11300,10.4398
11301,13.5762
11302,11.2502
11303,7.52263
11304,6.60899
11305,7.69417
11306,12.6062
11307,10.8031
11308,8.30679
11309,11.0487
11310,9.22437
11311,8.91745
11312,9.9574
11313,8.8337
11314,8.669
11315,9.53967
11316,7.90234
11317,10.0896
11318,8.3168
11319,11.3858
11320,8.81116
11321,8.24661
11322,9.98886
11323,10.274
11324,11.4117
11325,12.9625
11326,7.42922
11327,10.4677
11328,13.7521
11329,9.36422
11330,8.73606
11331,10.0111
11332,7.32662
11333,8.40589
11334,7.82074
11335,11.1507
11336,8.23936
11337,8.34383
11338,8.71206
11339,9.43328
11340,10.8946
11341,8.64067
11342,5.77612
11343,8.27442
11344,11.3528
11345,10.7728
11346,6.8576
11347,6.69673
11348,8.00367
11349,11.1507
11350,9.53236
11351,9.85756
11352,8.03763
11353,9.38255
11354,8.23199
11355,8.24671
11356,8.55145
11357,8.60209
11358,10.6891
11359,8.74453
11360,10.7202
11361,10.7687
11362,11.4997
11363,8.68477
11364,9.82958
11365,6.28323
11366,7.89507
11367,14.2833
11368,10.3681
11369,8.57974
11370,10.7271
11371,9.39153
11372,11.9075
11373,12.5229
11374,15.9665
11375,14.6963
11376,12.4244
11377,8.52757
11378,9.05202
11379,9.18126
11380,9.61944
11381,6.65407
11382,10.6457
11383,7.11897
11384,11.7333
11385,9.26045
11386,9.49317
11387,12.8041
11388,9.90489
11389,12.2525
11390,13.6736
11391,8.0474
11392,9.05583
11393,7.2362
11394,12.7975
11395,7.14441
11396,13.3072
11397,10.1484
11398,14.7118
11399,6.99003
11400,9.28028
11401,10.3446
11402,9.1063
11403,10.3094
11404,10.3514
11405,10.7083
11406,13.9813
11407,9.5161
11408,9.75941
11409,10.8397
11410,11.8698
11411,12.0238
11412,11.7823
11413,10.7975
11414,12.0857
11415,10.5142
11416,10.0326
11417,11.3054
11418,8.6867
11419,10.9564
11420,9.42863
11421,10.4371
11422,8.60536
11423,12.9231
11424,11.451
11425,8.58992
11426,7.7865
11427,12.5491
11428,9.94046
11429,12.9302
11430,9.35649
11431,8.98465
11432,10.3985
11433,9.51658
11434,7.98763
11435,9.1525
11436,13.2115
11437,8.28485
11438,8.34374
11439,8.0791
11440,8.68358
11441,12.6269
11442,12.6467
11443,5.88057
11444,9.21687
11445,12.3775
11446,7.8821
11447,8.03473
11448,7.436
11449,6.59356
11450,11.1409
11451,9.20959
11452,9.6781
11453,10.2317
11454,11.3682
11455,9.03178
11456,10.3881
11457,12.4839
11458,10.7731
11459,9.16453
11460,9.93798
11461,14.0746
11462,11.3685
11463,8.02006
11464,11.8394
11465,8.04913
11466,9.19177
11467,10.7146
11468,7.56886
11469,12.8608
11470,7.0827
11471,9.09113
11472,11.0564
11473,14.1295
11474,7.65796
11475,14.9638
11476,5.89837
11477,8.9068
11478,12.1012
11479,12.7287
11480,9.85652
11481,13.865
11482,9.23296
11483,12.0231
11484,12.3637
11485,11.1406
11486,10.1697
11487,7.8135
11488,8.59135
11489,8.8264
11490,7.21561
11491,10.0557
11492,9.21846
11493,9.3952
11494,11.5871
11495,8.67386
11496,8.72634
11497,9.80511
11498,9.66818
11499,10.0975
11500,10.6128
11501,11.2882
11502,12.1086
11503,7.68553
11504,6.33828
11505,12.7619
11506,10.4676
11507,9.50351
11508,8.99518
11509,9.26753
11510,6.59428
11511,9.60271
11512,12.036
11513,13.2495
11514,8.25797
11515,7.3337
11516,14.4679
11517,7.65291
11518,7.05381
11519,9.59478
11520,9.8614
11521,9.25008
11522,9.77244
11523,12.7809
11524,12.8828
11525,10.146
11526,11.3133
11527,11.1138
11528,10.9857
11529,10.0594
11530,13.1039
11531,14.6054
11532,8.66541
11533,14.4522
11534,10.5465
11535,12.0455
11536,9.51295
11537,14.6731
11538,8.40121
11539,8.83111
11540,7.50144
11541,8.0721
11542,8.95063
11543,9.03753
11544,8.04596
11545,10.3745
11546,11.5461
11547,8.66075
11548,11.9322
11549,12.0301
11550,10.302
11551,9.41726
11552,10.4641
11553,7.02593
11554,11.3142
11555,9.77165
11556,10.6035
11557,10.3377
11558,9.42748
11559,14.5984
11560,6.91972
11561,10.1586
11562,9.00451
11563,7.14642
11564,10.8889
11565,10.2554
11566,10.7805
11567,10.0902
11568,13.1224
11569,12.1049
11570,8.33405
11571,14.3561
11572,12.6089
11573,12.3084
11574,7.87444
11575,7.9303
11576,12.955
11577,14.8254
11578,12.1497
11579,10.315
11580,8.68096
11581,12.0298
11582,7.6859
11583,13.0853
11584,9.39443
11585,7.54827
11586,10.5567
11587,7.60445
11588,7.19985
11589,9.27157
11590,12.1033
11591,11.5753
11592,10.0967
11593,10.1703
11594,9.75975
11595,10.2963
11596,10.3803
11597,10.6895
11598,7.92911
11599,8.29867
11600,8.47191
11601,8.6999
11602,8.27032
11603,9.85486
11604,8.02188
11605,9.1875
11606,11.2573
11607,10.5798
11608,12.1507
11609,6.68326
11610,11.667
11611,11.8904
11612,10.37
11613,11.0504
11614,10.5987
11615,11.8277
11616,11.2863
11617,10.2183
11618,9.85375
11619,15.0136
11620,10.4268
11621,9.22051
11622,7.02926
11623,12.1957
11624,12.2041
11625,10.6074
11626,12.6681
11627,11.3413
11628,8.742
11629,8.91673
11630,10.0361
11631,9.47041
11632,9.66926
11633,9.09754
11634,13.4046
11635,10.5217
11636,10.5432
11637,10.7999
11638,10.9845
11639,8.04424
11640,8.64214
11641,9.90657
11642,9.92432
11643,13.0416
11644,7.796
11645,13.4115
11646,11.5486
11647,10.0695
11648,8.8267
11649,11.3968
11650,16.598
11651,8.52804
11652,13.0974
11653,10.1652
11654,8.69361
11655,9.65757
11656,10.8135
11657,8.4082
11658,10.0931
11659,11.1321
11660,9.61802
11661,12.9142
11662,11.083
11663,9.77909
11664,10.4407
11665,11.6029
11666,9.92044
11667,7.92887
11668,8.48614
11669,8.66033
11670,8.85778
11671,11.2154
11672,8.3469
11673,9.53157
11674,6.71334
11675,9.90551
11676,11.977
11677,10.0532
11678,10.4057
11679,7.31112
11680,15.3195
11681,10.1573
11682,13.8254
11683,7.69215
11684,9.74118
11685,7.80479
11686,12.7304
11687,11.1265
11688,9.25657
11689,8.18644
11690,9.12366
11691,9.52267
11692,10.1712
11693,14.6197
11694,6.71929
11695,11.8536
11696,7.16869
11697,9.27764
11698,9.39326
11699,8.98163
11700,10.9534
11701,10.0715
11702,9.34347
11703,14.3705
11704,10.1228
11705,10.2836
11706,10.8587
11707,14.0488
11708,9.57784
11709,10.9097
11710,6.92338
11711,9.37609
11712,11.8172
11713,8.86824
11714,10.9035
11715,13.0765
11716,8.65831
11717,9.03049
11718,12.0389
11719,13.0576
11720,11.0863
11721,7.96033
11722,8.6416
11723,8.75956
11724,11.9666
11725,9.88434
11726,12.9418
11727,10.1571
11728,11.4446
11729,8.46322
11730,8.6773
11731,9.63524
11732,13.2538
11733,7.33402
11734,13.3913
11735,9.37737
11736,11.9728
11737,10.6536
11738,11.662
11739,10.685
11740,12.0681
11741,6.73031
11742,12.7772
11743,11.5129
11744,12.9323
11745,9.71227
11746,9.79017
11747,9.79945
11748,8.85944
11749,6.5087
11750,12.2924
11751,11.3435
11752,6.00601
11753,9.18172
11754,7.54608
11755,11.7969
11756,9.8405
11757,10.9671
11758,10.9849
11759,9.01133
11760,9.03747
11761,9.30505
11762,9.46725
11763,10.6649
11764,11.6766
11765,9.91804
11766,10.2038
11767,11.3268
11768,10.4158
11769,9.74874
11770,9.95904
11771,10.9822
11772,11.4838
11773,8.49225
11774,11.5807
11775,11.6458
11776,11.4977
11777,15.6335
11778,11.649
11779,9.79139
11780,10.2385
11781,9.2991
11782,7.11182
11783,11.1203
11784,11.1425
11785,10.4433
11786,8.12873
11787,8.78396
11788,7.93297
11789,10.2053
11790,7.61999
11791,8.96631
11792,11.5832
11793,10.5847
11794,8.34388
11795,10.107
11796,10.1256
11797,6.75599
11798,7.76442
11799,10.7736
11800,8.17227
11801,11.2057
11802,7.34875
11803,12.9332
11804,12.0363
11805,7.48512
11806,9.56413
11807,7.21626
11808,12.4267
11809,13.5241
11810,7.64068
11811,7.49911
11812,11.3519
11813,9.58429
11814,9.17441
11815,11.1925
11816,8.85624
11817,10.1912
11818,7.73707
11819,11.3586
11820,11.4654
11821,10.6094
11822,12.642
11823,7.96582
11824,9.80606
11825,8.93338
11826,10.0963
11827,8.95113
11828,8.31396
11829,13.4829
11830,10.5465
11831,10.6181
11832,7.79251
11833,11.1198
11834,10.4073
11835,7.62765
11836,8.9637
11837,8.37755
11838,8.89975
11839,9.09222
11840,9.185
11841,9.362
11842,9.45201
11843,12.1945
11844,10.5935
11845,11.3695
11846,11.4265
11847,10.1069
11848,7.52252
11849,10.2931
11850,8.5034
11851,9.02547
11852,6.9878
11853,10.2606
11854,10.6626
11855,9.74927
11856,7.60729
11857,12.1025
11858,8.11193
11859,7.44514
11860,9.45261
11861,10.5122
11862,7.93771
11863,11.854
11864,9.50121
11865,7.78472
11866,9.10971
11867,11.2037
11868,10.0739
11869,11.4406
11870,13.8217
11871,11.4088
11872,10.5449
11873,8.90066
11874,9.21985
11875,11.4839
11876,14.8383
11877,11.4569
11878,11.8774
11879,8.19662
11880,8.12928
11881,9.52546
11882,13.6169
11883,13.9145
11884,11.246
11885,8.07738
11886,14.2974
11887,9.39614
11888,8.62734
11889,8.95009
11890,8.18469
11891,9.68747
11892,9.42248
11893,8.36243
11894,10.3709
11895,11.6435
11896,11.7047
11897,8.89884
11898,11.5529
11899,12.6428
11900,8.65125
11901,11.0666
11902,10.3411
11903,12.3979
11904,7.41652
11905,12.3516
11906,12.7726
11907,9.81468
11908,11.7826
11909,7.20274
11910,7.37018
11911,12.0144
11912,11.245
11913,17.3669
11914,8.64353
11915,10.2006
11916,7.7693
11917,8.37959
11918,12.4529
11919,6.76823
11920,7.38882
11921,8.39725
11922,7.47734
11923,9.07263
11924,9.25754
11925,8.50959
11926,7.70372
11927,8.7178
11928,9.75946
11929,9.76789
11930,8.83048
11931,11.9062
11932,9.63693
11933,10.8115
11934,10.8223
11935,12.0013
11936,11.1125
11937,15.1701
11938,13.3167
11939,13.9507
11940,10.1969
11941,15.543
11942,11.2495
11943,7.64371
11944,8.82096
11945,7.51227
11946,11.0097
11947,14.8883
11948,13.4852
11949,11.5198
11950,7.86921
11951,8.21046
11952,10.2647
11953,8.82471
11954,9.08796
11955,9.34969
11956,8.10525
11957,8.17233
11958,8.39855
11959,10.7687
11960,7.83306
11961,8.58363
11962,11.7723
11963,11.9938
11964,10.7477
11965,9.95695
11966,8.96877
11967,10.2416
11968,10.3181
11969,11.4784
11970,9.5534
11971,11.8094
11972,13.8603
11973,13.9198
11974,12.2392
11975,10.8245
11976,7.25052
11977,13.8373
11978,8.4664
11979,8.64045
11980,12.9388
11981,15.0583
11982,9.37736
11983,8.61191
11984,9.18612
11985,14.7193
11986,11.5602
11987,17.3458
11988,13.3574
11989,9.71767
11990,12.5853
11991,10.6662
11992,7.87945
11993,8.44741
11994,8.45585
11995,11.478
11996,10.5412
11997,9.34245
11998,10.4877
11999,14.0683
12000,9.33089
12001,11.6953
12002,10.9722
12003,14.267
12004,10.0978
12005,8.50208
12006,9.56479
12007,7.6677
12008,9.2297
12009,8.55425
12010,10.7188
12011,13.9846
12012,9.01621
12013,10.2206
12014,10.1891
12015,7.84893
12016,12.9677
12017,8.42244
12018,12.4324
12019,8.04084
12020,12.0626
12021,13.2775
12022,7.4281
12023,10.4544
12024,10.579
12025,10.6222
12026,8.74404
12027,9.03143
12028,9.71417
12029,10.122
12030,10.3531
12031,9.56539
12032,9.7027
12033,10.0668
12034,10.779
12035,10.9906
12036,15.0347
12037,6.3282
12038,12.6461
12039,6.76893
12040,14.9804
12041,9.07327
12042,11.3388
12043,9.44746
12044,9.53186
12045,9.87045
12046,10.0552
12047,7.40406
12048,7.242
12049,11.3099
12050,6.38459
12051,8.40557
12052,9.44393
12053,9.57445
12054,11.5831
12055,8.45489
12056,9.33261
12057,5.37277
12058,10.771
12059,8.90327
12060,10.1537
12061,17.3908
12062,6.80775
12063,7.4457
12064,11.6544
12065,11.7446
12066,7.8734
12067,8.03182
12068,7.22237
12069,12.6133
12070,13.7412
12071,10.1186
12072,10.519
12073,10.946
12074,11.0335
12075,8.11744
12076,10.1333
12077,16.4935
12078,14.093
12079,13.9775
12080,9.97608
12081,11.5556
12082,12.7171
12083,10.3547
12084,8.04429
12085,7.82069
12086,9.43658
12087,9.74474
12088,11.1099
12089,13.8095
12090,6.00746
12091,9.32293
12092,8.48727
12093,8.54889
12094,9.28727
12095,10.4108
12096,13.6225
12097,6.87777
12098,10.5639
12099,12.4464
12100,10.9495
12101,14.154
12102,9.55074
12103,9.98311
12104,7.44663
12105,8.72312
12106,8.19792
12107,10.1538
12108,9.38064
12109,10.4113
12110,10.0755
12111,12.2488
12112,7.31855
12113,11.9412
12114,7.19204
12115,10.2442
12116,10.9306
12117,10.0418
12118,10.2676
12119,9.52824
12120,10.5421
12121,11.6071
12122,11.7045
12123,11.0476
12124,12.6147
12125,12.7956
12126,10.8489
12127,8.27413
12128,10.3778
12129,12.6315
12130,9.64844
12131,9.68334
12132,6.8133
12133,10.9053
12134,9.34223
12135,9.95022
12136,8.42995
12137,10.7437
12138,15.3264
12139,13.8833
12140,10.459
12141,11.1066
12142,9.16494
12143,7.77557
12144,8.0057
12145,8.47687
12146,13.6564
12147,12.8839
12148,7.62568
12149,10.7141
12150,9.81038
12151,7.46273
12152,9.29969
12153,13.1248
12154,6.33652
12155,11.7108
12156,10.344
12157,6.53511
12158,8.82338
12159,8.9844
12160,9.38566
12161,9.10637
12162,7.12202
12163,8.58708
12164,8.80075
12165,9.23339
12166,9.3424
12167,9.67066
12168,9.75518
12169,9.93527
12170,10.5876
12171,14.6205
12172,10.888
12173,10.9269
12174,12.9487
12175,8.48746
12176,11.8689
12177,8.99616
12178,11.0464
12179,10.1721
12180,10.6364
12181,13.0265
12182,8.3612
12183,13.7658
12184,9.84832
12185,10.9745
12186,10.8934
12187,16.8736
12188,12.5758
12189,10.8187
12190,11.0561
12191,12.4235
12192,11.707
12193,12.5823
12194,7.92108
12195,11.6532
12196,10.4221
12197,7.96695
12198,12.3726
12199,7.0331
12200,8.40934
12201,8.88282
12202,9.89339
12203,10.3664
12204,12.1196
12205,8.4066
12206,8.71108
12207,11.2037
12208,10.2121
12209,15.4767
12210,8.68706
12211,10.8611
12212,10.8695
12213,9.21035
12214,9.29266
12215,7.29484
12216,7.53262
12217,14.9467
12218,9.13763
12219,12.1997
12220,9.30956
12221,8.00418
12222,8.45484
12223,11.0515
12224,8.12663
12225,15.0455
12226,11.6435
12227,9.32926
12228,15.4624
12229,8.61994
12230,9.38986
12231,10.6554
12232,8.12095
12233,10.533
12234,7.14132
12235,13.0608
12236,9.3996
12237,7.68115
12238,11.1342
12239,10.3991
12240,8.85307
12241,11.4889
12242,9.6129
12243,9.69733
12244,7.10595
12245,8.2766
12246,9.30288
12247,9.35141
12248,9.45623
12249,11.1224
12250,8.11927
12251,12.4527
12252,11.5627
12253,9.65156
12254,9.98207
12255,8.17384
12256,8.61173
12257,9.22192
12258,9.40194
12259,6.87036
12260,7.53154
12261,13.8987
12262,7.98832
12263,8.47239
12264,9.45654
12265,7.46497
12266,9.4734
12267,15.8163
12268,12.0435
12269,11.254
12270,11.6601
12271,11.9056
12272,12.1113
12273,13.5417
12274,13.6653
12275,12.782
12276,13.1848
12277,5.93921
12278,11.3741
12279,11.4298
12280,11.6443
12281,11.7791
12282,7.07743
12283,9.13907
12284,8.72611
12285,8.61301
12286,9.19817
12287,10.2891
12288,9.94835
12289,10.4576
12290,14.3122
12291,10.9759
12292,13.3441
12293,8.39641
12294,7.91988
12295,8.25329
12296,9.09422
12297,9.65287
12298,7.82403
12299,10.9414
12300,11.4675
12301,7.52191
12302,11.8859
12303,8.91574
12304,8.3667
12305,9.48447
12306,10.1254
12307,10.2796
12308,8.59283
12309,8.85343
12310,11.0877
12311,11.5589
12312,8.76456
12313,13.2463
12314,14.1659
12315,9.67347
12316,10.7725
12317,9.95617
12318,13.15
12319,14.2513
12320,6.97862
12321,9.60712
12322,8.76076
12323,11.827
12324,8.88584
12325,10.1022
12326,9.42806
12327,5.89998
12328,11.9084
12329,10.433
12330,7.81302
12331,11.5982
12332,7.46162
12333,10.3627
12334,13.4248
12335,10.5331
12336,8.59049
12337,11.6566
12338,10.938
12339,11.0523
12340,8.11064
12341,10.3914
12342,9.58038
12343,8.74504
12344,9.78091
12345,10.2328
12346,7.39841
12347,10.674
12348,11.3399
12349,11.4704
12350,9.48943
12351,8.53372
12352,8.72865
12353,8.91653
12354,12.0278
12355,8.88602
12356,11.6466
12357,10.0328
12358,14.1898
12359,9.39869
12360,15.4295
12361,10.5669
12362,10.3767
12363,12.6916
12364,9.44723
12365,9.90172
12366,18.1827
12367,11.017
12368,9.37667
12369,9.40568
12370,11.7498
12371,7.94302
12372,8.73908
12373,7.94184
12374,7.3595
12375,10.9034
12376,9.25283
12377,9.2667
12378,9.12437
12379,8.50911
12380,12.7646
12381,12.557
12382,7.89394
12383,9.76416
12384,5.77259
12385,8.11244
12386,9.10991
12387,9.13873
12388,7.19998
12389,8.84295
12390,6.85586
12391,9.10014
12392,10.2927
12393,8.62418
12394,9.66473
12395,11.0601
12396,10.2612
12397,10.5754
12398,11.7563
12399,10.211
12400,8.03859
12401,14.7249
12402,7.32474
12403,9.43804
12404,9.6408
12405,14.7611
12406,8.87995
12407,9.27834
12408,9.28677
12409,11.1226
12410,11.4155
12411,8.02981
12412,12.1265
12413,13.2611
12414,8.37827
12415,7.72098
12416,8.52624
12417,9.60384
12418,9.98035
12419,6.35205
12420,8.44405
12421,12.4734
12422,7.62718
12423,9.09457
12424,14.2154
12425,9.30279
12426,8.42323
12427,10.9972
12428,11.6326
12429,11.9865
12430,10.7285
12431,10.939
12432,8.09864
12433,9.14397
12434,7.43981
12435,12.7604
12436,15.2419
12437,9.32525
12438,10.952
12439,8.07694
12440,14.2024
12441,10.8586
12442,11.6099
12443,8.78585
12444,9.6104
12445,10.1593
12446,9.81849
12447,11.0047
12448,8.23062
12449,14.7308
12450,14.9268
12451,7.36585
12452,11.3683
12453,9.80654
12454,12.8564
12455,8.43741
12456,9.58652
12457,11.626
12458,9.56365
12459,10.724
12460,8.76165
12461,12.0523
12462,10.6928
12463,11.4898
12464,8.52985
12465,11.0792
12466,8.89553
12467,9.3668
12468,13.9276
12469,9.97592
12470,10.2238
12471,12.4391
12472,13.2888
12473,8.13386
12474,8.77733
12475,14.8019
12476,7.96548
12477,11.5968
12478,9.02385
12479,8.68254
12480,13.8466
12481,8.6793
12482,8.19681
12483,10.4122
12484,14.4489
12485,9.81865
12486,15.4764
12487,10.0567
12488,9.59255
12489,8.87905
12490,10.0984
12491,11.4604
12492,10.808
12493,11.0791
12494,11.7454
12495,12.3619
12496,7.52491
12497,7.75697
12498,8.16061
12499,8.16904
12500,6.20648
12501,11.3561
12502,7.52551
12503,12.6942
12504,11.9175
12505,8.95093
12506,6.10473
12507,14.2083
12508,7.59079
12509,11.1502
12510,11.3431
12511,9.3515
12512,11.3868
12513,11.4899
12514,9.51412
12515,6.53116
12516,8.67686
12517,7.65121
12518,16.7917
12519,12.879
12520,8.25754
12521,14.239
12522,11.7338
12523,7.187
12524,10.4275
12525,8.72485
12526,8.38411
12527,10.7683
12528,11.8975
12529,9.08714
12530,12.4656
12531,8.59764
12532,7.63935
12533,9.72188
12534,7.83064
12535,7.94279
12536,13.0755
12537,8.09396
12538,8.5816
12539,10.59
12540,5.69637
12541,13.7905
12542,9.50236
12543,12.7656
12544,8.28913
12545,8.41805
12546,7.57448
12547,8.27504
12548,9.33214
12549,8.86194
12550,13.0295
12551,12.5117
12552,6.75589
12553,7.84007
12554,7.26911
12555,7.57339
12556,10.5856
12557,11.0963
12558,9.58247
12559,8.7812
12560,6.41549
12561,12.1336
12562,10.2446
12563,10.7385
12564,6.52631
12565,9.76841
12566,11.1055
12567,10.1271
12568,7.19443
12569,7.33312
12570,12.4506
12571,12.4916
12572,10.6561
12573,10.0611
12574,8.8438
12575,10.1668
12576,11.5513
12577,10.8555
12578,8.17365
12579,9.36855
12580,16.2029
12581,9.44785
12582,12.0281
12583,12.2103
12584,9.48395
12585,9.61859
12586,11.1896
12587,7.74677
12588,8.11004
12589,13.1229
12590,10.8777
12591,10.0619
12592,10.1869
12593,5.98237
12594,9.74512
12595,13.3027
12596,12.6638
12597,12.7326
12598,14.3999
12599,9.88177
12600,12.9132
12601,8.38141
12602,10.4217
12603,6.89794
12604,8.92103
12605,12.9964
12606,13.228
12607,8.74237
12608,7.90067
12609,13.0606
12610,6.53039
12611,10.9831
12612,10.9947
12613,9.27579
12614,11.6315
12615,11.8766
12616,11.1751
12617,9.38088
12618,11.5155
12619,13.1489
12620,7.49517
12621,6.55431
12622,7.78218
12623,6.84901
12624,8.33764
12625,15.2889
12626,7.61572
12627,8.77917
12628,9.08806
12629,11.1023
12630,9.44022
12631,9.62856
12632,9.82999
12633,9.91959
12634,9.2973
12635,10.4685
12636,10.8141
12637,10.8337
12638,11.5192
12639,11.6453
12640,9.65686
12641,11.9745
12642,9.2086
12643,14.2193
12644,9.36703
12645,9.46078
12646,14.6607
12647,9.79669
12648,9.95762
12649,10.383
12650,8.67041
12651,8.81138
12652,14.5981
12653,11.8931
12654,14.1696
12655,10.8558
12656,14.1563
12657,6.29051
12658,7.311
12659,13.9027
12660,7.96751
12661,7.16791
12662,10.2342
12663,8.52521
12664,15.0196
12665,9.28852
12666,7.06008
12667,9.19898
12668,9.20741
12669,9.61834
12670,10.9263
12671,10.3049
12672,6.9207
12673,13.0872
12674,12.7864
12675,8.51053
12676,7.57766
12677,11.6132
12678,10.7286
12679,9.81993
12680,13.0681
12681,10.2464
12682,12.1997
12683,12.7894
12684,10.6239
12685,8.87796
12686,12.3705
12687,16.8397
12688,8.00901
12689,9.40518
12690,12.9655
12691,8.17343
12692,10.2593
12693,14.5221
12694,14.4046
12695,18.8258
12696,12.9161
12697,12.8379
12698,10.1125
12699,5.67843
12700,7.53379
12701,13.2631
12702,8.39249
12703,8.5737
12704,9.94405
12705,14.0585
12706,8.79713
12707,9.01008
12708,10.2389
12709,9.24729
12710,9.05449
12711,10.772
12712,10.9682
12713,6.99015
12714,6.54507
12715,13.7837
12716,10.8166
12717,8.02779
12718,10.9459
12719,11.5366
12720,8.21001
12721,10.6081
12722,10.1552
12723,10.168
12724,10.8124
12725,7.26439
12726,11.2413
12727,8.40305
12728,10.7443
12729,11.9144
12730,8.72702
12731,9.33699
12732,10.4626
12733,9.6105
12734,10.1344
12735,9.37051
12736,11.9439
12737,11.1817
12738,14.4652
12739,12.4832
12740,7.77283
12741,13.8195
12742,14.2124
12743,10.6591
12744,11.8725
12745,12.2985
12746,11.5379
12747,10.7793
12748,8.94645
12749,9.99499
12750,8.52976
12751,11.6145
12752,9.6808
12753,11.1051
12754,7.50852
12755,11.733
12756,10.7622
12757,11.626
12758,7.92529
12759,10.0677
12760,9.32984
12761,7.59028
12762,11.7389
12763,12.2359
12764,11.962
12765,12.9495
12766,12.9965
12767,7.28466
12768,7.65787
12769,7.88317
12770,7.20531
12771,10.504
12772,9.06627
12773,10.5404
12774,6.11606
12775,11.2507
12776,7.95916
12777,7.81345
12778,7.78655
12779,9.91068
12780,8.1704
12781,9.3356
12782,10.498
12783,11.3876
12784,12.4608
12785,11.4692
12786,8.72459
12787,9.11646
12788,12.3371
12789,11.7299
12790,12.8146
12791,12.1651
12792,13.5948
12793,8.26228
12794,8.55232
12795,11.8477
12796,9.68474
12797,10.7279
12798,9.80419
12799,6.17424
12800,11.8996
12801,10.5511
12802,10.0078
12803,7.04482
12804,8.91305
12805,11.3145
12806,10.0512
12807,7.40262
12808,8.93855
12809,9.05258
12810,9.75291
12811,9.97972
12812,10.9871
12813,10.0829
12814,9.21683
12815,7.79757
12816,6.1152
12817,8.72777
12818,8.55884
12819,8.1472
12820,12.3698
12821,9.81991
12822,9.77488
12823,13.5951
12824,8.36211
12825,12.9049
12826,9.14625
12827,9.30827
12828,7.34332
12829,11.1764
12830,8.31523
12831,11.1975
12832,15.3714
12833,8.8047
12834,6.87298
12835,8.578
12836,8.5877
12837,7.95765
12838,9.34784
12839,8.6454
12840,11.8207
12841,10.822
12842,13.9189
12843,11.5428
12844,13.6084
12845,10.4341
12846,8.53375
12847,7.65436
12848,9.37794
12849,10.2343
12850,10.3607
12851,10.5378
12852,10.6362
12853,9.98605
12854,10.0137
12855,13.7322
12856,11.6449
12857,12.8573
12858,11.4095
12859,6.4943
12860,10.9178
12861,9.47528
12862,9.03881
12863,13.0881
12864,12.9792
12865,11.9922
12866,15.1539
12867,7.46232
12868,10.8797
12869,9.08144
12870,7.16662
12871,17.7616
12872,8.10017
12873,10.9406
12874,7.38359
12875,12.3966
12876,7.94209
12877,9.40672
12878,10.81
12879,11.18
12880,7.18844
12881,11.7004
12882,6.86886
12883,10.9489
12884,8.6029
12885,8.94028
12886,7.5513
12887,10.6903
12888,10.304
12889,8.34898
12890,10.8161
12891,8.85868
12892,9.01313
12893,6.16813
12894,13.0444
12895,11.3442
12896,11.5991
12897,8.93993
12898,9.14623
12899,14.2922
12900,8.50197
12901,8.58247
12902,10.0999
12903,9.22324
12904,9.40931
12905,9.52996
12906,9.67256
12907,11.1613
12908,9.57237
12909,12.661
12910,11.6981
12911,13.8253
12912,12.5841
12913,11.6845
12914,8.73216
12915,9.11727
12916,7.67591
12917,11.8729
12918,8.92065
12919,8.09279
12920,10.4987
12921,9.09865
12922,15.4258
12923,9.71345
12924,9.79625
12925,9.89284
12926,7.45592
12927,11.6841
12928,9.80452
12929,11.252
12930,9.40992
12931,11.7812
12932,12.8621
12933,12.004
12934,8.74474
12935,8.88831
12936,10.9004
12937,16.2107
12938,9.78786
12939,10.1782
12940,11.4338
12941,9.79854
12942,9.96801
12943,13.6877
12944,8.0481
12945,9.20865
12946,11.4757
12947,9.68778
12948,8.09049
12949,6.49806
12950,10.2598
12951,13.7062
12952,9.42822
12953,9.09558
12954,10.1147
12955,8.15781
12956,9.70384
12957,10.7568
12958,9.43748
12959,11.6192
12960,9.9768
12961,11.1735
12962,10.236
12963,12.9929
12964,12.4054
12965,12.5848
12966,6.90347
12967,7.64927
12968,7.69595
12969,8.63562
12970,11.1296
12971,7.20333
12972,12.783
12973,13.7731
12974,8.3036
12975,8.14394
12976,10.126
12977,11.1075
12978,7.48955
12979,12.052
12980,10.947
12981,10.8913
12982,7.1584
12983,9.91333
12984,7.78983
12985,12.2118
12986,11.5111
12987,12.5323
12988,10.541
12989,7.92451
12990,7.96598
12991,8.00193
12992,12.1068
12993,8.21425
12994,9.37002
12995,7.37845
12996,15.972
12997,8.07101
12998,10.3255
12999,7.35641
13000,10.7672
13001,10.8537
13002,11.0647
13003,9.17324
13004,8.2583
13005,9.47554
13006,9.58909
13007,11.746
13008,8.86681
13009,9.892
13010,11.9807
13011,9.99493
13012,11.2197
13013,9.28252
13014,7.64651
13015,10.6905
13016,10.699
13017,8.10498
13018,12.1832
13019,7.73737
13020,11.4495
13021,8.55239
13022,11.7077
13023,7.76481
13024,16.1465
13025,11.2981
13026,11.6782
13027,13.1108
13028,13.3243
13029,14.6345
13030,14.2704
13031,15.8914
13032,8.30812
13033,7.57188
13034,7.82187
13035,8.77329
13036,10.0726
13037,10.0007
13038,11.4568
13039,11.2008
13040,11.6231
13041,15.7458
13042,13.2046
13043,12.8454
13044,10.268
13045,10.3149
13046,7.43658
13047,9.34669
13048,8.62425
13049,8.71293
13050,7.93926
13051,9.39721
13052,9.74993
13053,10.1481
13054,7.8427
13055,8.73106
13056,12.9927
13057,9.02201
13058,8.04561
13059,9.6762
13060,10.0008
13061,14.2893
13062,8.71956
13063,11.9021
13064,7.4406
13065,12.7827
13066,10.0533
13067,13.3342
13068,10.6782
13069,9.24764
13070,9.53653
13071,11.758
13072,9.39376
13073,12.4911
13074,9.78154
13075,6.97155
13076,7.70277
13077,6.74453
13078,7.04734
13079,13.3735
13080,9.77961
13081,9.98387
13082,13.0327
13083,9.37488
13084,10.7478
13085,11.0908
13086,11.1945
13087,10.4533
13088,12.2127
13089,11.3188
13090,8.28033
13091,8.58594
13092,8.8347
13093,8.33398
13094,11.369
13095,7.70682
13096,8.94954
13097,8.98932
13098,7.99775
13099,9.18928
13100,8.23168
13101,10.4411
13102,11.7426
13103,10.9031
13104,10.9735
13105,9.20525
13106,11.3535
13107,7.4468
13108,11.4632
13109,9.57656
13110,11.7568
13111,12.9948
13112,10.5005
13113,10.6095
13114,10.977
13115,13.4857
13116,8.74512
13117,8.89412
13118,13.0597
13119,11.4888
13120,13.7164
13121,12.015
13122,6.70256
13123,11.5785
13124,14.852
13125,12.8871
13126,11.1458
13127,7.34821
13128,11.1013
13129,8.43922
13130,8.91936
13131,9.08974
13132,9.64638
13133,10.3176
13134,12.431
13135,8.34746
13136,9.90565
13137,10.7367
13138,9.05257
13139,7.90079
13140,12.1969
13141,12.5966
13142,9.65602
13143,9.55259
13144,9.5734
13145,7.26809
13146,8.11966
13147,12.5664
13148,9.63356
13149,10.0448
13150,8.16739
13151,9.6065
13152,11.5705
13153,9.81546
13154,10.6418
13155,11.3149
13156,9.6908
13157,10.9651
13158,14.1258
13159,7.15228
13160,8.5284
13161,8.01491
13162,8.18232
13163,8.46349
13164,8.63415
13165,9.10946
13166,10.255
13167,10.0135
13168,10.1038
13169,7.85072
13170,13.4489
13171,12.9825
13172,13.134
13173,14.1474
13174,9.74747
13175,7.97211
13176,6.87643
13177,9.99714
13178,12.0783
13179,11.1455
13180,10.0252
13181,7.21629
13182,5.85394
13183,12.1979
13184,9.76226
13185,10.0218
13186,10.4324
13187,10.9881
13188,9.25063
13189,9.34283
13190,8.77036
13191,9.02661
13192,9.03504
13193,10.6288
13194,9.68178
13195,12.8258
13196,13.5782
13197,8.00995
13198,13.1367
13199,10.7079
13200,11.2722
13201,9.57232
13202,6.98118
13203,12.1892
13204,11.1211
13205,8.37754
13206,11.6714
13207,13.04
13208,9.78783
13209,11.2649
13210,12.1756
13211,10.5675
13212,9.50138
13213,10.0851
13214,10.5074
13215,9.10199
13216,9.11042
13217,10.8208
13218,9.16244
13219,9.45004
13220,9.65094
13221,11.7297
13222,6.5958
13223,8.70439
13224,7.24717
13225,9.42473
13226,7.53385
13227,8.23356
13228,10.242
13229,8.46133
13230,6.61547
13231,8.89792
13232,11.4373
13233,9.65154
13234,10.7048
13235,7.88493
13236,8.0866
13237,10.167
13238,12.961
13239,13.1751
13240,10.1895
13241,10.3313
13242,14.063
13243,10.3183
13244,12.5675
13245,8.56379
13246,11.0388
13247,17.1055
13248,14.2006
13249,12.6418
13250,11.6503
13251,7.94143
13252,8.72032
13253,9.75269
13254,11.7348
13255,9.81898
13256,9.06377
13257,8.91124
13258,9.15203
13259,9.7737
13260,9.11621
13261,7.21431
13262,7.44185
13263,9.21459
13264,7.36283
13265,8.80151
13266,8.81323
13267,8.94554
13268,11.0627
13269,9.08163
13270,9.30698
13271,8.53094
13272,8.72557
13273,5.96896
13274,14.035
13275,11.1554
13276,10.4144
13277,7.18401
13278,11.2815
13279,12.6588
13280,8.08
13281,9.24514
13282,10.5504
13283,10.4054
13284,7.93097
13285,10.2037
13286,9.37486
13287,15.5563
13288,9.65623
13289,8.50456
13290,10.6268
13291,11.7121
13292,11.7411
13293,11.1492
13294,8.57483
13295,7.97153
13296,10.002
13297,11.1735
13298,8.30966
13299,8.23126
13300,7.92613
13301,7.62859
13302,8.86383
13303,8.92315
13304,9.0648
13305,12.134
13306,9.35513
13307,9.82213
13308,10.1554
13309,9.74908
13310,7.06
13311,8.31123
13312,19.9216
13313,13.0049
13314,10.6476
13315,9.69008
13316,10.0577
13317,10.487
13318,10.6747
13319,15.3201
13320,9.94918
13321,10.3477
13322,9.61027
13323,9.6916
13324,10.8
13325,12.7172
13326,11.7506
13327,10.206
13328,13.8634
13329,12.5599
13330,13.995
13331,10.4424
13332,12.0149
13333,13.7081
13334,9.89622
13335,10.2262
13336,10.2556
13337,8.46444
13338,8.53652
13339,10.1549
13340,11.1936
13341,13.553
13342,14.2317
13343,12.5388
13344,9.85162
13345,11.8611
13346,11.2992
13347,9.18364
13348,8.48513
13349,9.55177
13350,13.957
13351,12.2364
13352,9.31857
13353,9.70568
13354,9.91055
13355,11.3078
13356,9.03005
13357,8.96034
13358,8.44509
13359,9.33035
13360,7.44501
13361,9.48265
13362,10.6341
13363,11.8154
13364,10.0126
13365,11.0958
13366,9.14567
13367,11.7636
13368,11.8849
13369,11.1511
13370,11.2808
13371,12.2938
13372,11.3175
13373,12.0925
13374,7.49414
13375,13.566
13376,14.15
13377,14.5507
13378,10.0624
13379,7.38134
13380,10.2895
13381,10.6121
13382,10.6205
13383,12.3329
13384,10.0162
13385,10.0585
13386,12.0213
13387,8.8476
13388,11.1001
13389,8.45155
13390,9.00629
13391,9.20107
13392,9.43617
13393,12.0566
13394,8.4562
13395,7.77429
13396,11.0152
13397,11.5024
13398,8.56893
13399,10.8446
13400,10.1213
13401,10.5718
13402,10.7815
13403,11.8661
13404,8.89351
13405,12.4551
13406,16.2992
13407,8.0341
13408,11.1314
13409,11.4151
13410,9.32728
13411,8.25346
13412,9.23684
13413,10.2883
13414,14.0118
13415,5.12293
13416,6.5946
13417,9.52725
13418,8.41634
13419,8.75596
13420,7.76439
13421,12.9821
13422,8.08844
13423,10.3986
13424,8.69545
13425,10.7424
13426,12.4892
13427,10.2135
13428,12.2219
13429,10.4313
13430,13.4896
13431,9.54439
13432,11.957
13433,12.1951
13434,12.3853
13435,7.62149
13436,8.67271
13437,14.5003
13438,8.68082
13439,11.8276
13440,10.1873
13441,10.9866
13442,11.6141
13443,12.0298
13444,14.3671
13445,9.64579
13446,8.99475
13447,7.54453
13448,10.0236
13449,10.1388
13450,10.4929
13451,7.59044
13452,10.6133
13453,9.49313
13454,10.9516
13455,9.07999
13456,12.0926
13457,9.16324
13458,7.6659
13459,12.9502
13460,9.49067
13461,9.90367
13462,9.10422
13463,11.4434
13464,11.8962
13465,12.4216
13466,12.4519
13467,11.4622
13468,11.8265
13469,8.97068
13470,12.9791
13471,7.42543
13472,10.6884
13473,9.69685
13474,8.87544
13475,8.96679
13476,10.1373
13477,10.3563
13478,9.36965
13479,10.9787
13480,10.7779
13481,9.53607
13482,7.78811
13483,11.8276
13484,8.67278
13485,19.7619
13486,9.00825
13487,7.29978
13488,11.8069
13489,9.89406
13490,10.4401
13491,14.0706
13492,9.20029
13493,8.86699
13494,9.96589
13495,9.26462
13496,11.3705
13497,11.4104
13498,10.6776
13499,10.9471
13500,11.2401
13501,11.1445
13502,10.1882
13503,12.3113
13504,7.50533
13505,9.7414
13506,8.66988
13507,10.309
13508,9.9677
13509,10.3959
13510,17.0449
13511,9.49324
13512,9.73648
13513,9.22229
13514,7.27087
13515,7.62283
13516,10.728
13517,9.32119
13518,13.3385
13519,8.52376
13520,8.66254
13521,10.2968
13522,13.4588
13523,13.5444
13524,9.81072
13525,8.22943
13526,11.2826
13527,11.0704
13528,11.7031
13529,10.3129
13530,10.3964
13531,10.8359
13532,6.0198
13533,9.63317
13534,6.98607
13535,8.12565
13536,11.4936
13537,12.1713
13538,13.4066
13539,10.002
13540,13.4268
13541,8.6791
13542,10.8633
13543,9.25988
13544,8.59561
13545,12.5105
13546,11.9108
13547,11.5708
13548,7.63022
13549,9.33695
13550,9.1797
13551,9.91062
13552,7.15226
13553,10.3204
13554,10.258
13555,7.64142
13556,12.953
13557,11.9781
13558,10.4695
13559,9.29325
13560,9.17275
13561,8.34327
13562,7.44236
13563,8.46022
13564,11.6864
13565,9.78469
13566,9.18948
13567,11.065
13568,10.8494
13569,10.1361
13570,11.1587
13571,9.51276
13572,14.008
13573,10.0797
13574,8.21171
13575,9.4993
13576,8.54645
13577,12.4734
13578,7.55701
13579,11.0226
13580,13.708
13581,8.8361
13582,9.64585
13583,13.1427
13584,10.2672
13585,7.47466
13586,10.5158
13587,8.75206
13588,9.55809
13589,12.0516
13590,11.3148
13591,9.08445
13592,11.7675
13593,7.38766
13594,7.84089
13595,6.39963
13596,9.88408
13597,9.98901
13598,9.62803
13599,8.44008
13600,8.55756
13601,12.2774
13602,7.34069
13603,7.48411
13604,9.56585
13605,9.93968
13606,12.696
13607,11.5994
13608,9.71056
13609,10.0488
13610,7.20508
13611,7.95402
13612,13.0764
13613,8.71317
13614,11.8881
13615,8.18475
13616,12.3471
13617,17.5461
13618,8.74809
13619,8.79462
13620,8.27054
13621,10.3112
13622,10.338
13623,9.00278
13624,10.1209
13625,12.1373
13626,9.58131
13627,9.80422
13628,8.20639
13629,10.8195
13630,13.1152
13631,7.47913
13632,9.72275
13633,11.3971
13634,12.7825
13635,8.07984
13636,13.1709
13637,10.3451
13638,8.84232
13639,13.521
13640,8.17034
13641,8.23095
13642,8.24746
13643,11.4766
13644,8.6517
13645,8.97863
13646,9.69301
13647,10.0798
13648,9.14005
13649,8.76944
13650,8.9732
13651,9.19012
13652,9.10832
13653,12.3553
13654,11.262
13655,11.9249
13656,14.1447
13657,10.2411
13658,12.6112
13659,8.76406
13660,9.9162
13661,11.5108
13662,7.51928
13663,12.0386
13664,12.0595
13665,7.10452
13666,10.1274
13667,7.34229
13668,10.4657
13669,7.69336
13670,13.9181
13671,8.06708
13672,8.44641
13673,9.53297
13674,11.0155
13675,10.0828
13676,10.5049
13677,11.2026
13678,8.54248
13679,10.9386
13680,9.19673
13681,12.7057
13682,10.0524
13683,6.3155
13684,13.681
13685,11.3547
13686,7.83996
13687,12.0082
13688,12.1849
13689,7.22045
13690,9.68512
13691,10.8587
13692,8.80917
13693,10.9669
13694,9.92061
13695,9.97313
13696,12.0249
13697,7.66926
13698,12.2199
13699,10.5487
13700,10.0663
13701,7.72741
13702,10.0619
13703,11.1621
13704,8.59168
13705,5.62859
13706,13.8269
13707,10.5163
13708,11.2886
13709,11.3271
13710,13.3853
13711,8.40321
13712,8.84124
13713,10.0678
13714,10.5575
13715,11.6978
13716,7.78396
13717,11.7795
13718,8.90767
13719,14.6973
13720,8.01403
13721,7.04099
13722,11.828
13723,8.1025
13724,10.4888
13725,8.87088
13726,9.75446
13727,10.1814
13728,10.2173
13729,8.79836
13730,13.4454
13731,14.1692
13732,11.4137
13733,7.21264
13734,7.75364
13735,7.78652
13736,9.08397
13737,9.3055
13738,10.641
13739,8.65004
13740,8.70598
13741,9.33175
13742,14.3684
13743,7.87759
13744,9.89303
13745,10.909
13746,11.9446
13747,9.359
13748,9.41578
13749,10.5174
13750,10.6625
13751,11.5859
13752,9.03541
13753,11.0441
13754,11.1745
13755,19.1139
13756,12.4045
13757,13.5029
13758,14.7215
13759,8.75422
13760,8.10918
13761,8.13121
13762,10.1802
13763,8.2268
13764,8.42249
13765,12.5615
13766,14.6079
13767,6.53887
13768,10.7402
13769,12.1774
13770,10.418
13771,7.57227
13772,8.88954
13773,8.68374
13774,9.52693
13775,9.53536
13776,11.3239
13777,10.4637
13778,11.3036
13779,11.4236
13780,9.32596
13781,7.61657
13782,12.3387
13783,8.37972
13784,7.4805
13785,7.74503
13786,6.08688
13787,10.6639
13788,12.126
13789,12.0193
13790,10.5625
13791,10.1375
13792,10.269
13793,9.21914
13794,14.3833
13795,8.97823
13796,9.57196
13797,15.6455
13798,7.44509
13799,9.31147
13800,14.5481
13801,8.74056
13802,9.90319
13803,8.00398
13804,12.3063
13805,12.8285
13806,9.24381
13807,9.25224
13808,8.9847
13809,9.22025
13810,12.2642
13811,9.62679
13812,14.6725
13813,9.84717
13814,13.5845
13815,13.3022
13816,10.9667
13817,9.47637
13818,10.6501
13819,11.678
13820,11.8958
13821,9.18056
13822,12.3681
13823,11.2576
13824,8.11254
13825,7.62327
13826,10.4673
13827,7.32602
13828,9.54749
13829,11.032
13830,9.73579
13831,8.92155
13832,12.1193
13833,6.15863
13834,10.1585
13835,12.5765
13836,7.95551
13837,8.15982
13838,8.8064
13839,8.9087
13840,6.33507
13841,8.96424
13842,11.4746
13843,16.8367
13844,8.05813
13845,10.9028
13846,12.9797
13847,9.04401
13848,10.786
13849,10.0129
13850,10.1517
13851,8.80492
13852,7.97593
13853,9.32053
13854,11.8384
13855,9.32491
13856,11.7684
13857,7.09985
13858,12.7238
13859,10.8006
13860,7.42134
13861,7.52912
13862,8.81344
13863,12.1007
13864,6.87795
13865,9.88904
13866,7.76534
13867,16.5471
13868,10.7834
13869,11.3903
13870,13.3988
13871,11.6069
13872,13.8731
13873,11.8842
13874,8.07951
13875,12.6833
13876,7.89269
13877,10.5702
13878,10.6654
13879,8.8532
13880,10.055
13881,11.1737
13882,13.1996
13883,11.923
13884,11.9527
13885,12.2067
13886,16.8671
13887,12.9036
13888,10.6281
13889,10.5537
13890,8.08357
13891,10.0931
13892,9.43657
13893,9.19685
13894,7.43246
13895,12.4464
13896,7.68958
13897,9.45783
13898,10.8245
13899,8.94626
13900,7.69745
13901,14.1853
13902,10.966
13903,11.0024
13904,12.0633
13905,7.77892
13906,10.1706
13907,10.1916
13908,11.437
13909,11.5715
13910,7.84023
13911,11.8545
13912,7.38635
13913,11.6149
13914,8.09538
13915,8.74521
13916,8.76083
13917,10.0294
13918,11.0499
13919,8.09197
13920,8.32744
13921,8.47987
13922,10.6771
13923,12.488
13924,10.28
13925,8.67318
13926,11.8342
13927,7.54512
13928,11.5642
13929,9.8848
13930,10.0792
13931,10.1278
13932,7.53514
13933,7.72358
13934,13.4215
13935,12.2955
13936,8.57562
13937,9.97502
13938,9.03706
13939,8.17169
13940,10.2908
13941,9.35242
13942,9.43061
13943,9.4748
13944,9.55462
13945,12.5894
13946,9.0255
13947,8.38529
13948,10.8363
13949,6.47014
13950,10.8354
13951,7.05053
13952,12.1267
13953,7.71021
13954,12.7561
13955,7.15932
13956,10.3886
13957,7.96015
13958,8.23457
13959,9.3728
13960,8.83404
13961,8.97637
13962,11.0912
13963,9.85889
13964,10.9844
13965,12.0025
13966,11.3173
13967,11.7127
13968,9.77191
13969,16.0146
13970,12.6776
13971,9.49927
13972,10.5967
13973,10.7902
13974,8.91442
13975,11.5485
13976,8.95111
13977,9.95954
13978,10.3922
13979,12.4993
13980,11.975
13981,10.0262
13982,11.2989
13983,10.3379
13984,11.5601
13985,11.1201
13986,10.7805
13987,6.21091
13988,8.62895
13989,9.97608
13990,10.4365
13991,11.1457
13992,10.9121
13993,7.98936
13994,8.21516
13995,7.95145
13996,9.48603
13997,9.50035
13998,10.0211
13999,13.7281
14000,11.8194
14001,11.2032
14002,9.57958
14003,13.7586
14004,6.59601
14005,8.6413
14006,8.83543
14007,6.91898
14008,9.06846
14009,7.87559
14010,12.2678
14011,13.0398
14012,10.2482
14013,11.6101
14014,11.8775
14015,9.6388
14016,12.4493
14017,10.0231
14018,9.24906
14019,10.2207
14020,12.29
14021,9.16537
14022,12.0168
14023,14.5046
14024,13.8191
14025,9.40269
14026,9.41112
14027,9.43542
14028,10.1814
14029,9.04834
14030,9.05923
14031,11.7066
14032,10.0239
14033,13.1658
14034,9.3441
14035,9.56673
14036,8.66516
14037,9.07822
14038,9.2672
14039,10.455
14040,8.53621
14041,9.58567
14042,10.4174
14043,12.4693
14044,11.5858
14045,9.63694
14046,7.73909
14047,10.2718
14048,6.43026
14049,7.60445
14050,9.6967
14051,15.7149
14052,7.86833
14053,8.08465
14054,11.328
14055,8.81352
14056,8.82583
14057,7.85443
14058,12.219
14059,9.6816
14060,9.68176
14061,14.0402
14062,11.0723
14063,10.0902
14064,11.6503
14065,10.6793
14066,8.89599
14067,10.931
14068,12.3309
14069,11.6186
14070,14.1415
14071,9.70306
14072,9.92873
14073,13.2561
14074,9.20266
14075,8.92942
14076,9.6611
14077,11.3284
14078,10.5048
14079,10.5674
14080,14.1161
14081,12.9478
14082,13.2599
14083,6.94886
14084,8.9573
14085,9.47185
14086,10.7145
14087,7.73244
14088,9.87277
14089,6.84859
14090,11.3717
14091,9.58132
14092,8.31053
14093,8.32914
14094,8.66339
14095,8.75145
14096,7.89698
14097,9.1062
14098,9.45181
14099,8.58998
14100,9.64308
14101,12.7663
14102,10.8869
14103,10.9482
14104,15.2073
14105,11.2545
14106,11.3356
14107,9.46273
14108,9.82038
14109,13.9886
14110,8.08193
14111,8.26143
14112,10.7555
14113,11.9534
14114,8.8549
14115,7.31944
14116,7.61438
14117,8.80812
14118,11.1015
14119,11.2843
14120,8.29445
14121,11.498
14122,9.72463
14123,8.16548
14124,9.50447
14125,8.63296
14126,10.6414
14127,10.0742
14128,10.2628
14129,9.36531
14130,12.5501
14131,10.6128
14132,10.6483
14133,9.88279
14134,11.0567
14135,11.9686
14136,9.01227
14137,13.1921
14138,8.46269
14139,6.52065
14140,13.6834
14141,8.1826
14142,9.1971
14143,9.5267
14144,8.53513
14145,9.33194
14146,11.0616
14147,12.9833
14148,10.2026
14149,6.79566
14150,7.56288
14151,7.59736
14152,9.80703
14153,9.81546
14154,8.01095
14155,12.02
14156,11.4746
14157,8.50013
14158,10.5872
14159,8.87511
14160,9.38294
14161,10.9695
14162,9.3212
14163,10.5105
14164,12.7328
14165,12.9767
14166,10.1286
14167,10.1983
14168,11.2127
14169,10.2585
14170,10.5822
14171,10.6376
14172,12.6827
14173,7.07723
14174,10.2703
14175,11.7388
14176,9.97501
14177,10.5198
14178,8.65665
14179,9.81407
14180,7.1091
14181,8.61453
14182,9.32251
14183,7.01916
14184,8.16433
14185,9.84265
14186,8.86286
14187,15.8726
14188,10.5724
14189,11.1431
14190,14.3789
14191,9.41199
14192,9.6755
14193,10.7956
14194,9.56411
14195,11.6624
14196,12.8313
14197,8.92023
14198,11.1791
14199,14.7853
14200,8.96399
14201,9.04319
14202,12.2371
14203,6.5948
14204,11.1655
14205,7.20872
14206,7.37834
14207,7.52278
14208,7.69721
14209,7.77771
14210,13.9181
14211,8.02837
14212,8.32882
14213,9.49253
14214,7.98611
14215,10.1866
14216,8.26143
14217,10.3913
14218,10.6022
14219,10.106
14220,9.11696
14221,10.7311
14222,8.38697
14223,13.4167
14224,8.11698
14225,12.3285
14226,13.4982
14227,11.1631
14228,12.0038
14229,7.70286
14230,6.92475
14231,11.3564
14232,8.78319
14233,6.96721
14234,9.09169
14235,9.1089
14236,14.1593
14237,7.68907
14238,8.77986
14239,9.95041
14240,9.00806
14241,9.09208
14242,9.59501
14243,11.162
14244,11.0805
14245,12.2458
14246,12.3544
14247,15.214
14248,7.61862
14249,6.26127
14250,8.70063
14251,9.15338
14252,10.459
14253,9.60373
14254,10.6291
14255,7.85157
14256,11.2663
14257,7.894
14258,11.4715
14259,9.5369
14260,9.95506
14261,10.0198
14262,9.55161
14263,10.8065
14264,16.4655
14265,7.98626
14266,8.39928
14267,11.9849
14268,9.82486
14269,7.9036
14270,9.80342
14271,6.22895
14272,13.6543
14273,7.587
14274,6.69936
14275,12.9215
14276,8.06182
14277,8.83679
14278,8.70153
14279,8.72011
14280,8.75324
14281,10.8218
14282,8.83956
14283,9.04996
14284,9.29762
14285,9.92695
14286,9.15627
14287,10.9375
14288,10.9784
14289,8.2372
14290,10.4348
14291,10.4433
14292,11.8689
14293,9.32707
14294,8.53853
14295,9.57161
14296,7.15443
14297,10.2584
14298,7.84017
14299,8.48003
14300,9.54153
14301,9.7173
14302,11.7924
14303,10.4997
14304,10.7633
14305,11.0913
14306,10.1869
14307,11.4374
14308,11.7242
14309,7.02856
14310,6.39927
14311,12.487
14312,9.08024
14313,10.2173
14314,11.2211
14315,10.8693
14316,9.18719
14317,8.82512
14318,14.3977
14319,10.6942
14320,13.7224
14321,11.0437
14322,11.0624
14323,7.26669
14324,10.361
14325,11.751
14326,7.12338
14327,12.9479
14328,8.82243
14329,10.4028
14330,11.5096
14331,12.6778
14332,9.71264
14333,10.9298
14334,10.3443
14335,11.332
14336,9.44962
14337,7.34901
14338,5.61714
14339,15.1979
14340,8.83036
14341,11.0952
14342,9.12082
14343,8.98018
14344,7.98861
14345,10.4236
14346,10.7664
14347,10.8203
14348,11.9735
14349,10.3359
14350,11.9909
14351,9.05968
14352,12.2574
14353,12.9786
14354,14.1247
14355,11.6788
14356,11.7781
14357,8.88851
14358,9.62787
14359,10.7761
14360,7.56495
14361,11.5809
14362,11.942
14363,12.7242
14364,12.1227
14365,11.6618
14366,12.3935
14367,8.12729
14368,11.7265
14369,13.7457
14370,11.7956
14371,7.56782
14372,13.4898
14373,8.64153
14374,10.0332
14375,9.05271
14376,10.5563
14377,10.5659
14378,6.82887
14379,10.0218
14380,6.82314
14381,7.01624
14382,12.0655
14383,8.16784
14384,8.30968
14385,10.6804
14386,7.04485
14387,14.1272
14388,13.4353
14389,10.5431
14390,11.0652
14391,11.4694
14392,9.57297
14393,9.6846
14394,9.87227
14395,12.0593
14396,13.1924
14397,10.5824
14398,8.59079
14399,9.65963
14400,9.5112
14401,11.9004
14402,8.31364
14403,10.7836
14404,9.08409
14405,6.94695
14406,11.0345
14407,10.9266
14408,13.1654
14409,9.78949
14410,10.8759
14411,6.74301
14412,11.2177
14413,12.4663
14414,8.61044
14415,8.79384
14416,9.26194
14417,10.3607
14418,10.5076
14419,9.04615
14420,13.3556
14421,12.4616
14422,12.6107
14423,8.30916
14424,9.66642
14425,8.73511
14426,8.84774
14427,10.2664
14428,11.5923
14429,11.1258
14430,11.577
14431,11.5855
14432,11.7699
14433,11.0763
14434,12.2685
14435,9.28426
14436,12.4605
14437,8.51182
14438,14.8259
14439,13.5207
14440,11.2325
14441,11.2409
14442,11.8147
14443,8.90349
14444,9.17507
14445,9.27005
14446,7.83389
14447,7.79698
14448,6.65646
14449,16.2692
14450,5.82924
14451,14.2338
14452,8.48091
14453,10.0951
14454,10.16
14455,11.2749
14456,12.2873
14457,12.3466
14458,10.423
14459,14.0246
14460,11.14
14461,8.29631
14462,13.1639
14463,11.4843
14464,6.97832
14465,10.1055
14466,13.4589
14467,19.5572
14468,8.79984
14469,9.26417
14470,5.78925
14471,10.4269
14472,8.09892
14473,8.77551
14474,12.0772
14475,9.92643
14476,5.91892
14477,9.28947
14478,8.6492
14479,8.80449
14480,9.09475
14481,8.18428
14482,9.47801
14483,7.07177
14484,10.3452
14485,6.66084
14486,8.0362
14487,7.33944
14488,8.52576
14489,12.0313
14490,10.7644
14491,8.95586
14492,9.54599
14493,10.2234
14494,10.517
14495,12.596
14496,13.905
14497,11.3869
14498,12.7169
14499,11.8857
14500,16.315
14501,9.48578
14502,9.86427
14503,8.99753
14504,9.46072
14505,9.96337
14506,10.0707
14507,10.2731
14508,10.3765
14509,9.91963
14510,10.9296
14511,10.1372
14512,7.9112
14513,13.032
14514,9.14641
14515,10.2689
14516,11.0229
14517,11.1532
14518,11.2082
14519,11.0618
14520,13.7954
14521,11.2534
14522,8.45362
14523,8.90106
14524,15.9683
14525,7.45126
14526,10.5431
14527,11.8893
14528,8.92393
14529,11.2062
14530,12.0437
14531,12.1195
14532,8.64377
14533,9.68308
14534,12.3138
14535,9.64665
14536,11.3153
14537,10.1533
14538,9.79848
14539,9.77689
14540,7.15744
14541,11.2938
14542,8.1857
14543,13.3902
14544,8.56147
14545,9.88372
14546,9.51461
14547,9.69833
14548,10.6646
14549,9.70546
14550,10.7651
14551,6.92265
14552,11.501
14553,9.78131
14554,8.9109
14555,9.1663
14556,9.8392
14557,10.3062
14558,11.907
14559,9.02525
14560,9.81497
14561,10.2799
14562,8.49599
14563,10.073
14564,9.89527
14565,11.1004
14566,9.4309
14567,12.646
14568,7.88339
14569,9.95107
14570,7.2847
14571,13.9509
14572,14.0527
14573,8.63611
14574,9.87329
14575,12.9565
14576,11.0178
14577,9.09528
14578,13.6816
14579,9.76685
14580,9.87699
14581,10.0337
14582,10.6504
14583,11.7823
14584,11.9958
14585,12.4627
14586,9.58905
14587,14.1966
14588,9.37419
14589,9.61241
14590,10.3119
14591,10.4718
14592,13.7956
14593,7.66809
14594,14.6773
14595,10.3095
14596,6.32193
14597,9.57049
14598,10.0035
14599,9.37291
14600,8.38134
14601,8.63748
14602,10.0904
14603,9.45805
14604,10.8597
14605,8.19693
14606,6.72556
14607,8.77746
14608,6.86845
14609,9.54198
14610,7.60358
14611,10.5515
14612,8.60963
14613,11.0193
14614,9.45353
14615,7.75319
14616,14.0822
14617,8.09064
14618,11.2393
14619,8.47291
14620,9.25577
14621,13.2807
14622,10.6683
14623,12.767
14624,10.8968
14625,8.31862
14626,11.4452
14627,13.464
14628,6.51701
14629,10.2836
14630,14.7408
14631,8.20975
14632,14.8777
14633,10.1184
14634,7.15024
14635,11.4269
14636,7.68959
14637,8.89131
14638,9.61863
14639,7.98317
14640,9.7474
14641,10.8582
14642,9.88351
14643,7.25216
14644,13.86
14645,11.0358
14646,7.66854
14647,11.7216
14648,11.7962
14649,12.2447
14650,8.19573
14651,9.35388
14652,8.3685
14653,12.7502
14654,9.61469
14655,8.89782
14656,9.22465
14657,8.88224
14658,9.07307
14659,9.83552
14660,7.93003
14661,9.0187
14662,7.3685
14663,11.5492
14664,11.6993
14665,9.52663
14666,7.69566
14667,9.11288
14668,9.29031
14669,13.3508
14670,8.50021
14671,8.54808
14672,10.6298
14673,8.69855
14674,9.76872
14675,10.0345
14676,8.35955
14677,8.79725
14678,9.44447
14679,10.4146
14680,11.2239
14681,13.4543
14682,13.9736
14683,15.6316
14684,9.67956
14685,11.1608
14686,11.5271
14687,14.6429
14688,7.92796
14689,12.2419
14690,10.1767
14691,10.1726
14692,8.05968
14693,9.56054
14694,9.17723
14695,10.9859
14696,11.7757
14697,8.18724
14698,9.41694
14699,8.17115
14700,6.5356
14701,8.67277
14702,8.79074
14703,11.374
14704,9.42469
14705,6.84534
14706,6.96997
14707,9.00006
14708,6.10115
14709,10.1526
14710,10.3917
14711,10.9964
14712,9.06864
14713,12.2723
14714,13.6184
14715,9.70347
14716,13.1127
14717,15.2303
14718,8.73618
14719,12.0414
14720,9.15979
14721,7.62468
14722,8.82246
14723,15.1521
14724,11.331
14725,10.648
14726,10.7678
14727,11.341
14728,10.3802
14729,9.68297
14730,8.59469
14731,7.83628
14732,10.3067
14733,7.5542
14734,7.75077
14735,7.75921
14736,7.79201
14737,8.25789
14738,8.33936
14739,9.14319
14740,9.68805
14741,9.99535
14742,10.2294
14743,10.6235
14744,11.5303
14745,7.95573
14746,14.0146
14747,14.1312
14748,7.77449
14749,11.3226
14750,10.5361
14751,7.54454
14752,7.82681
14753,9.81445
14754,12.9083
14755,9.17845
14756,9.62872
14757,9.00239
14758,9.25608
14759,9.84245
14760,6.4268
14761,10.5958
14762,9.54344
14763,14.6079
14764,9.97264
14765,10.1047
14766,8.81677
14767,7.85081
14768,10.0036
14769,8.0607
14770,11.2737
14771,10.7408
14772,9.00173
14773,8.2132
14774,8.23322
14775,8.622
14776,9.65405
14777,11.8715
14778,13.0451
14779,10.3333
14780,9.20544
14781,9.65076
14782,9.93877
14783,10.2343
14784,10.2555
14785,8.37515
14786,12.3556
14787,11.6917
14788,10.8994
14789,13.3614
14790,7.93187
14791,8.48435
14792,13.2582
14793,9.34286
14794,9.50713
14795,9.95216
14796,8.28093
14797,10.2903
14798,10.5862
14799,10.7385
14800,9.93081
14801,15.9555
14802,10.5235
14803,8.73976
14804,9.00608
14805,11.2607
14806,9.60559
14807,8.03649
14808,10.168
14809,5.28651
14810,11.079
14811,9.57046
14812,11.7092
14813,12.3499
14814,11.7156
14815,8.57428
14816,8.39907
14817,10.8858
14818,10.5197
14819,8.56663
14820,8.8394
14821,10.0502
14822,14.1497
14823,9.62547
14824,13.1267
14825,10.3624
14826,11.0174
14827,8.2176
14828,15.5673
14829,9.80335
14830,13.3196
14831,12.0118
14832,8.61162
14833,8.46282
14834,9.02696
14835,14.1111
14836,9.5568
14837,7.58366
14838,9.71847
14839,8.02676
14840,8.57876
14841,6.19978
14842,8.92188
14843,10.1369
14844,6.2996
14845,9.45565
14846,9.89658
14847,6.93671
14848,7.15977
14849,9.58058
14850,11.6747
14851,8.68317
14852,9.98539
14853,9.05762
14854,9.52289
14855,9.61181
14856,11.7964
14857,8.80478
14858,11.0511
14859,9.20452
14860,10.2366
14861,10.8138
14862,12.2238
14863,10.3593
14864,13.8161
14865,11.1983
14866,12.2809
14867,13.7457
14868,15.8999
14869,13.1298
14870,8.40351
14871,7.40796
14872,12.1949
14873,11.2735
14874,8.94231
14875,10.1273
14876,12.209
14877,10.5534
14878,11.1913
14879,7.70244
14880,7.12222
14881,13.9193
14882,11.5211
14883,10.8777
14884,7.49827
14885,12.6107
14886,10.9674
14887,8.08471
14888,10.3613
14889,11.9921
14890,9.00172
14891,11.0144
14892,13.1429
14893,8.17691
14894,8.51873
14895,9.68114
14896,9.88453
14897,13.6819
14898,7.79978
14899,8.44308
14900,10.4857
14901,10.8021
14902,15.944
14903,11.1872
14904,10.7766
14905,11.1846
14906,8.20667
14907,10.4711
14908,9.76919
14909,9.16538
14910,12.7895
14911,7.99521
14912,8.43342
14913,7.46013
14914,7.46166
14915,10.2099
14916,6.82999
14917,12.5153
14918,11.6403
14919,9.34408
14920,9.90145
14921,8.20552
14922,10.828
14923,8.24253
14924,9.61513
14925,10.2678
14926,12.759
14927,12.2131
14928,15.4754
14929,11.5997
14930,12.786
14931,12.8216
14932,11.8058
14933,8.55105
14934,8.55948
14935,10.3774
14936,11.4094
14937,8.85676
14938,8.43204
14939,10.3293
14940,8.39905
14941,11.7618
14942,7.08502
14943,8.96849
14944,9.3745
14945,9.51871
14946,14.8867
14947,15.2136
14948,11.1719
14949,10.2979
14950,11.3361
14951,10.7621
14952,10.9441
14953,12.7129
14954,8.81879
14955,9.18836
14956,9.3005
14957,9.49291
14958,10.2684
14959,6.49149
14960,10.8107
14961,12.1911
14962,8.69383
14963,14.0644
14964,12.1648
14965,13.3104
14966,7.39858
14967,6.54255
14968,8.93664
14969,9.79033
14970,10.8166
14971,9.11177
14972,8.91716
14973,14.7023
14974,10.4565
14975,12.7163
14976,15.2156
14977,9.97239
14978,12.4618
14979,7.34075
14980,11.6166
14981,7.87806
14982,10.2728
14983,13.2907
14984,11.4678
14985,13.8559
14986,11.1476
14987,12.1651
14988,13.996
14989,11.3553
14990,11.2354
14991,8.76285
14992,9.09629
14993,10.8717
14994,11.313
14995,9.49009
14996,9.53296
14997,10.3556
14998,11.1075
14999,11.2968
15000,11.903
15001,12.105
15002,9.30474
15003,9.13344
15004,7.639
15005,10.8079
15006,9.53921
15007,10.9015
15008,7.29962
15009,7.36016
15010,11.4769
15011,8.47885
15012,10.5719
15013,12.6467
15014,7.50068
15015,11.6177
15016,10.187
15017,9.6306
15018,9.74358
15019,8.0631
15020,14.0858
15021,13.45
15022,11.6128
15023,6.64058
15024,7.72652
15025,9.9722
15026,10.0864
15027,12.0214
15028,11.9319
15029,12.3139
15030,11.2685
15031,8.02983
15032,8.29374
15033,8.54881
15034,13.8144
15035,7.37373
15036,9.58135
15037,8.36452
15038,8.59544
15039,16.7948
15040,8.89383
15041,6.90294
15042,14.6836
15043,9.72109
15044,8.94055
15045,13.5623
15046,12.4094
15047,11.8174
15048,8.98717
15049,10.0775
15050,10.1215
15051,10.3181
15052,10.516
15053,8.62672
15054,8.65346
15055,9.81921
15056,11.2021
15057,10.2206
15058,11.2302
15059,11.2541
15060,11.5297
15061,8.57378
15062,8.93393
15063,10.0636
15064,10.3696
15065,10.3781
15066,11.4406
15067,10.7148
15068,6.79654
15069,7.88232
15070,10.9159
15071,11.0339
15072,8.04307
15073,7.83402
15074,8.46365
15075,12.7874
15076,13.9724
15077,16.5549
15078,14.8127
15079,10.8211
15080,8.11518
15081,14.5249
15082,11.7704
15083,16.5897
15084,11.0745
15085,7.66092
15086,9.93463
15087,8.02462
15088,10.4689
15089,10.9878
15090,12.2393
15091,8.18741
15092,7.46117
15093,9.43331
15094,7.66195
15095,7.24191
15096,8.51846
15097,12.2032
15098,9.39537
15099,8.50535
15100,8.63762
15101,8.96112
15102,9.22567
15103,9.25912
15104,9.50325
15105,10.4032
15106,9.57649
15107,10.8631
15108,9.88446
15109,10.0266
15110,8.26545
15111,10.3316
15112,11.9984
15113,9.16261
15114,16.6528
15115,9.93906
15116,12.3772
15117,8.85272
15118,11.7402
15119,10.7486
15120,12.2408
15121,9.77539
15122,11.9759
15123,8.52013
15124,7.73292
15125,11.1277
15126,6.65326
15127,7.97868
15128,7.4538
15129,12.7924
15130,7.92055
15131,10.2001
15132,7.29176
15133,9.63647
15134,6.72087
15135,9.63757
15136,10.646
15137,12.9526
15138,11.6
15139,12.6454
15140,12.2106
15141,10.5811
15142,8.58957
15143,11.23
15144,8.3187
15145,15.5579
15146,8.07735
15147,8.61577
15148,8.41561
15149,6.73676
15150,7.51581
15151,15.6384
15152,7.79438
15153,8.80863
15154,10.8808
15155,10.9546
15156,9.83841
15157,11.1062
15158,11.0982
15159,13.355
15160,8.37969
15161,7.68652
15162,5.87046
15163,9.02299
15164,11.7604
15165,9.96883
15166,10.0163
15167,10.1351
15168,10.1962
15169,11.2657
15170,13.5983
15171,8.61656
15172,11.6597
15173,11.8037
15174,11.8669
15175,8.89053
15176,9.10911
15177,8.57741
15178,11.9374
15179,8.77642
15180,9.83837
15181,11.6184
15182,10.7552
15183,15.7659
15184,7.87458
15185,13.2991
15186,9.02285
15187,12.4096
15188,7.74625
15189,8.66855
15190,9.57555
15191,10.0277
15192,10.1921
15193,10.8431
15194,12.1623
15195,6.2067
15196,11.7671
15197,6.95945
15198,8.39185
15199,8.67828
15200,11.0841
15201,9.4535
15202,10.776
15203,10.136
15204,15.1507
15205,11.4026
15206,11.6049
15207,9.80483
15208,8.33978
15209,11.5694
15210,9.08592
15211,6.67014
15212,6.90353
15213,10.2887
15214,13.5756
15215,8.68363
15216,11.305
15217,13.647
15218,12.7912
15219,8.97871
15220,10.3123
15221,6.58777
15222,11.2806
15223,11.9859
15224,11.4722
15225,9.54347
15226,12.4552
15227,8.53569
15228,10.4382
15229,7.0789
15230,9.23345
15231,7.41321
15232,8.78953
15233,6.90858
15234,11.9472
15235,9.38199
15236,8.74776
15237,7.72578
15238,12.8574
15239,9.93526
15240,10.0837
15241,18.24
15242,11.2737
15243,9.35413
15244,11.4629
15245,9.47783
15246,7.66718
15247,11.2169
15248,10.4816
15249,10.3883
15250,10.8806
15251,8.14583
15252,9.28849
15253,8.01194
15254,9.13771
15255,10.4059
15256,10.156
15257,8.76202
15258,11.3983
15259,9.45704
15260,8.5837
15261,10.5921
15262,8.77761
15263,9.82201
15264,10.0295
15265,8.20326
15266,9.37988
15267,12.6268
15268,10.7116
15269,13.1051
15270,13.9179
15271,7.96306
15272,8.03456
15273,8.04383
15274,8.30994
15275,9.46118
15276,8.02704
15277,10.1405
15278,6.14897
15279,7.7363
15280,9.98724
15281,8.2638
15282,10.6258
15283,10.7642
15284,12.8284
15285,8.07544
15286,10.1597
15287,6.47779
15288,10.6791
15289,8.33542
15290,14.2414
15291,11.5074
15292,8.76757
15293,7.86647
15294,9.0657
15295,11.026
15296,9.62547
15297,11.0236
15298,8.06643
15299,13.0851
15300,10.7707
15301,8.2955
15302,11.4646
15303,9.53771
15304,11.0564
15305,11.4777
15306,11.9834
15307,12.4727
15308,8.59129
15309,9.12815
15310,14.6957
15311,10.6381
15312,13.0638
15313,9.12647
15314,9.99944
15315,10.1165
15316,10.9942
15317,7.02891
15318,12.4979
15319,13.9595
15320,11.2324
15321,13.5958
15322,8.42614
15323,8.99851
15324,11.9544
15325,5.61048
15326,7.58277
15327,7.15935
15328,7.33738
15329,9.29311
15330,8.51618
15331,8.52461
15332,13.6954
15333,10.8801
15334,8.97244
15335,10.1237
15336,11.2618
15337,11.8178
15338,13.1912
15339,9.00144
15340,10.8392
15341,9.89036
15342,14.4721
15343,7.98647
15344,12.2245
15345,9.38666
15346,8.50021
15347,8.93935
15348,10.062
15349,9.35626
15350,10.967
15351,10.4383
15352,8.08483
15353,8.48209
15354,8.53294
15355,8.87019
15356,10.3348
15357,9.54844
15358,11.5752
15359,14.6207
15360,8.67568
15361,11.9466
15362,11.9464
15363,12.9675
15364,11.537
15365,7.23582
15366,15.572
15367,8.2313
15368,9.94675
15369,9.27356
15370,9.55556
15371,11.0909
15372,8.40368
15373,9.08054
15374,9.13461
15375,9.32804
15376,7.75504
15377,9.39609
15378,10.5767
15379,10.1529
15380,7.16818
15381,11.2445
15382,9.50608
15383,8.03728
15384,11.0457
15385,11.0978
15386,9.13119
15387,10.2964
15388,10.6713
15389,7.98189
15390,10.4318
15391,9.45795
15392,10.2525
15393,9.64834
15394,12.8731
15395,9.58648
15396,9.69228
15397,9.8301
15398,7.47956
15399,9.59481
15400,10.8861
15401,9.35732
15402,8.55718
15403,8.69665
15404,8.70508
15405,12.2885
15406,11.5585
15407,10.6898
15408,17.1969
15409,10.9271
15410,9.25398
15411,9.27916
15412,9.33099
15413,12.3002
15414,12.6757
15415,7.01858
15416,11.309
15417,12.0221
15418,9.54968
15419,10.8484
15420,10.015
15421,7.53469
15422,8.19331
15423,11.4064
15424,9.59431
15425,10.9425
15426,8.46601
15427,9.04132
15428,11.2476
15429,11.6134
15430,9.68146
15431,9.18694
15432,7.31853
15433,10.3426
15434,13.4597
15435,10.3216
15436,14.383
15437,12.7513
15438,9.08026
15439,11.1418
15440,14.3184
15441,12.5089
15442,9.84852
15443,13.0357
15444,7.30466
15445,14.0681
15446,12.0913
15447,16.6915
15448,7.74054
15449,8.01263
15450,8.50349
15451,9.66414
15452,9.19585
15453,10.6962
15454,9.07613
15455,10.8206
15456,7.10483
15457,13.2046
15458,7.35393
15459,10.534
15460,10.9406
15461,11.1016
15462,9.12934
15463,10.1818
15464,9.85276
15465,10.2572
15466,9.99341
15467,10.5516
15468,13.1552
15469,8.10721
15470,15.3882
15471,8.62369
15472,9.08769
15473,8.4023
15474,10.5635
15475,10.6877
15476,8.76441
15477,9.93041
15478,8.67534
15479,10.0682
15480,9.26042
15481,11.5008
15482,10.9991
15483,11.638
15484,11.9456
15485,14.0991
15486,8.61745
15487,17.8046
15488,10.3045
15489,11.7163
15490,7.21132
15491,14.6731
15492,11.9497
15493,8.8937
15494,6.9494
15495,8.75596
15496,11.4772
15497,9.68327
15498,9.94514
15499,11.3235
15500,12.405
15501,10.5816
15502,9.06811
15503,14.2712
15504,11.3026
15505,6.58161
15506,9.82431
15507,9.90193
15508,10.7079
15509,14.1166
15510,16.4213
15511,11.5372
15512,14.8392
15513,18.8321
15514,12.71
15515,7.96316
15516,10.015
15517,10.0494
15518,10.0621
15519,12.2053
15520,10.3877
15521,12.7015
15522,14.2597
15523,13.1739
15524,16.5652
15525,6.70259
15526,8.89867
15527,8.44679
15528,11.8183
15529,9.32044
15530,15.3929
15531,11.6507
15532,9.84496
15533,9.33866
15534,10.405
15535,9.41621
15536,9.84223
15537,9.4104
15538,11.8063
15539,10.286
15540,6.87144
15541,9.43452
15542,11.6271
15543,13.8186
15544,10.0092
15545,8.5253
15546,9.63637
15547,7.78221
15548,15.2621
15549,9.47592
15550,9.75739
15551,7.28569
15552,8.49108
15553,10.985
15554,8.01953
15555,8.34137
15556,6.86078
15557,9.08639
15558,9.12722
15559,9.22774
15560,9.51952
15561,9.54597
15562,8.11766
15563,10.2711
15564,8.39449
15565,11.7234
15566,12.0515
15567,7.41868
15568,8.47312
15569,8.18291
15570,9.26994
15571,7.50305
15572,8.19094
15573,7.30414
15574,11.7238
15575,7.92224
15576,12.4022
15577,9.34342
15578,10.8712
15579,8.02904
15580,8.06185
15581,9.18185
15582,7.27794
15583,12.2947
15584,9.35006
15585,12.4728
15586,7.79338
15587,13.8726
15588,15.1023
15589,10.7983
15590,11.2972
15591,10.8866
15592,9.90951
15593,8.22016
15594,8.88846
15595,10.9825
15596,8.42017
15597,9.12269
15598,12.3058
15599,10.4398
15600,9.75458
15601,8.83139
15602,12.5568
15603,10.663
15604,13.3266
15605,4.48476
15606,6.39827
15607,9.09769
15608,8.555
15609,9.68485
15610,9.1096
15611,9.12483
15612,10.4294
15613,8.49484
15614,10.3904
15615,10.4348
15616,9.69609
15617,10.8107
15618,5.85194
15619,9.87244
15620,11.1649
15621,10.1733
15622,10.3138
15623,9.22226
15624,11.2307
15625,8.93184
15626,7.1093
15627,7.24631
15628,8.6896
15629,10
15630,10.2251
15631,10.2372
15632,6.67683
15633,7.84321
15634,11.1339
15635,7.16992
15636,10.1854
15637,11.2431
15638,11.1902
15639,14.2898
15640,11.3162
15641,12.4078
15642,10.8263
15643,8.14115
15644,14.4307
15645,13.6273
15646,10.9814
15647,16.2755
15648,9.533
15649,9.79387
15650,15.9033
15651,8.60238
15652,11.6141
15653,6.90299
15654,8.4096
15655,9.78321
15656,7.97031
15657,9.34877
15658,11.8429
15659,10.1214
15660,10.5954
15661,9.73945
15662,9.95333
15663,10.9618
15664,10.9702
15665,10.9995
15666,11.3871
15667,9.45426
15668,11.0101
15669,9.51428
15670,15.441
15671,9.7032
15672,16.0374
15673,11.402
15674,14.7872
15675,14.0485
15676,13.4408
15677,10.2288
15678,8.38826
15679,15.5315
15680,14.5399
15681,9.7968
15682,9.33262
15683,7.62919
15684,7.72519
15685,9.82924
15686,10.292
15687,13.1523
15688,14.3148
15689,7.19771
15690,7.64804
15691,9.67252
15692,8.96036
15693,9.45955
15694,9.80583
15695,7.78968
15696,11.1654
15697,6.64865
15698,10.5043
15699,7.66604
15700,9.0967
15701,8.27296
15702,8.47266
15703,9.47294
15704,7.52083
15705,6.6516
15706,10.1249
15707,10.7343
15708,10.3692
15709,11.0186
15710,8.38932
15711,12.7488
15712,6.02799
15713,11.6741
15714,9.27716
15715,13.4485
15716,7.08708
15717,7.51148
15718,9.58205
15719,9.05994
15720,11.4807
15721,9.62573
15722,10.9936
15723,8.20703
15724,10.8935
15725,8.12498
15726,11.2945
15727,8.90932
15728,6.22897
15729,8.18075
15730,9.09857
15731,10.5004
15732,7.72134
15733,12.6784
15734,11.772
15735,11.2739
15736,11.3597
15737,8.66082
15738,7.71318
15739,11.2384
15740,7.24685
15741,9.33373
15742,10.4499
15743,11.5195
15744,12.6648
15745,12.7416
15746,12.8722
15747,7.28142
15748,10.5929
15749,7.00744
15750,8.49652
15751,11.5787
15752,8.34994
15753,7.60284
15754,8.34848
15755,8.66956
15756,9.80812
15757,10.8691
15758,8.56662
15759,11.8286
15760,13.0701
15761,14.507
15762,6.74458
15763,12.7755
15764,8.81953
15765,7.1567
15766,14.6092
15767,14.7418
15768,9.42709
15769,8.77173
15770,9.98067
15771,12.0168
15772,11.2077
15773,14.431
15774,7.70062
15775,7.93108
15776,11.1792
15777,10.279
15778,11.8624
15779,12.0222
15780,7.1174
15781,16.9428
15782,10.4319
15783,12.5427
15784,8.72856
15785,9.3525
15786,12.7421
15787,10.331
15788,12.3401
15789,11.0968
15790,13.1746
15791,8.48838
15792,6.83834
15793,9.75198
15794,9.81199
15795,8.92264
15796,8.07638
15797,11.0649
15798,9.11759
15799,11.3952
15800,9.43114
15801,7.61302
15802,7.7129
15803,12.9832
15804,12.4654
15805,8.55496
15806,10.8045
15807,10.1918
15808,9.95198
15809,12.0491
15810,10.1127
15811,10.2597
15812,11.3197
15813,6.39791
15814,8.70683
15815,9.31247
15816,8.66844
15817,8.77012
15818,11.0392
15819,7.16689
15820,7.80497
15821,13.0448
15822,13.1245
15823,8.67295
15824,10.1892
15825,13.4397
15826,10.6044
15827,8.93481
15828,7.1433
15829,7.49821
15830,7.74943
15831,14.9669
15832,8.34021
15833,7.78526
15834,7.95274
15835,10.2554
15836,8.62069
15837,8.77298
15838,9.20736
15839,9.3488
15840,11.5478
15841,11.7392
15842,12.0312
15843,12.0724
15844,7.72473
15845,11.8691
15846,9.39561
15847,9.77693
15848,8.44458
15849,8.42867
15850,12.3348
15851,10.302
15852,8.83176
15853,9.66263
15854,10.4284
15855,8.7936
15856,10.1257
15857,11.039
15858,11.635
15859,12.8894
15860,6.91568
15861,10.8069
15862,11.9992
15863,10.1042
15864,9.21481
15865,11.6338
15866,8.16722
15867,10.3185
15868,9.14809
15869,11.6586
15870,12.1008
15871,12.8634
15872,12.9711
15873,10.1432
15874,10.695
15875,10.5193
15876,9.70666
15877,12.0322
15878,10.2438
15879,8.25224
15880,10.7122
15881,11.9845
15882,11.3952
15883,6.58555
15884,9.25586
15885,13.5118
15886,10.291
15887,11.7909
15888,11.8588
15889,8.98299
15890,8.32186
15891,7.97707
15892,9.53491
15893,8.58229
15894,14.1692
15895,10.255
15896,10.0396
15897,15.6785
15898,11.0764
15899,7.3461
15900,9.37166
15901,8.82413
15902,10.0854
15903,8.13413
15904,10.4018
15905,8.69073
15906,10.9576
15907,10.4469
15908,11.6665
15909,10.1078
15910,9.25546
15911,11.5077
15912,13.2808
15913,11.2896
15914,11.1159
15915,7.84036
15916,8.87952
15917,9.29334
15918,9.52178
15919,10.6292
15920,9.86987
15921,10.3052
15922,7.31557
15923,10.4209
15924,11.5761
15925,10.1429
15926,11.2414
15927,15.9891
15928,11.2112
15929,12.6535
15930,7.70833
15931,15.7191
15932,12.8694
15933,10.0931
15934,9.2814
15935,10.4831
15936,9.38868
15937,9.50206
15938,11.5923
15939,8.93905
15940,6.62201
15941,7.81334
15942,10.1294
15943,10.5083
15944,8.26464
15945,8.48339
15946,7.68323
15947,9.79259
15948,11.0738
15949,9.71832
15950,10.4501
15951,12.8434
15952,11.8952
15953,11.0668
15954,7.4996
15955,8.59282
15956,8.7051
15957,7.93888
15958,9.5133
15959,10.6117
15960,13.6796
15961,10.8352
15962,9.85547
15963,11.0485
15964,10.7024
15965,7.98667
15966,9.08817
15967,8.74442
15968,10.0214
15969,8.22978
15970,10.1329
15971,14.743
15972,6.98465
15973,12.3622
15974,13.0809
15975,9.07994
15976,9.57406
15977,9.66889
15978,10.9351
15979,8.14109
15980,8.98013
15981,7.06181
15982,16.1144
15983,11.6422
15984,7.43828
15985,6.79269
15986,11.9676
15987,11.1865
15988,9.20374
15989,5.67533
15990,12.2019
15991,8.1868
15992,9.20491
15993,9.45337
15994,9.55119
15995,7.59315
15996,12.7683
15997,14.1631
15998,9.24393
15999,11.3169
16000,9.46965
16001,9.53965
16002,13.0427
16003,10.7421
16004,10.9671
16005,7.19197
16006,7.91377
16007,10.9729
16008,8.26851
16009,8.66
16010,8.86677
16011,9.24011
16012,9.29372
16013,10.2401
16014,10.3339
16015,10.8822
16016,10.9549
16017,11.0415
16018,11.1176
16019,11.2731
16020,11.3659
16021,11.6543
16022,11.9917
16023,12.0241
16024,12.1123
16025,12.3093
16026,13.9315
16027,9.09868
16028,8.10912
16029,7.74044
16030,10.1056
16031,10.0956
16032,9.50305
16033,7.29359
16034,10.3108
16035,10.7112
16036,11.1554
16037,6.91674
16038,11.0741
16039,7.84952
16040,8.40418
16041,8.41261
16042,8.60178
16043,9.22785
16044,15.2734
16045,8.33936
16046,9.22441
16047,11.3017
16048,7.22746
16049,8.55462
16050,8.44789
16051,9.44885
16052,4.99392
16053,8.92388
16054,6.87299
16055,6.91205
16056,7.01154
16057,7.22653
16058,8.71236
16059,9.24243
16060,9.28881
16061,9.59815
16062,9.64699
16063,10.8319
16064,9.91319
16065,11.2266
16066,10.3308
16067,10.5094
16068,11.7061
16069,9.09222
16070,12.1455
16071,12.3201
16072,12.3552
16073,12.6054
16074,6.61381
16075,10.9954
16076,9.10218
16077,8.24085
16078,9.33806
16079,15.961
16080,13.5707
16081,11.4993
16082,13.5631
16083,9.08005
16084,7.90676
16085,9.30523
16086,9.60286
16087,12.0075
16088,12.2207
16089,11.3526
16090,7.3829
16091,8.88147
16092,7.96858
16093,8.63269
16094,7.77841
16095,9.41625
16096,10.2722
16097,11.2776
16098,9.41409
16099,9.67063
16100,14.8725
16101,6.85672
16102,8.77272
16103,11.1078
16104,6.7183
16105,6.79111
16106,9.10315
16107,7.33879
16108,17.4056
16109,5.75209
16110,9.99505
16111,9.09811
16112,7.48842
16113,11.6821
16114,7.71018
16115,9.72714
16116,7.79155
16117,11.8357
16118,10.3785
16119,12.1006
16120,9.64709
16121,7.62953
16122,9.12171
16123,11.301
16124,10.3171
16125,10.8058
16126,10.156
16127,9.15125
16128,12.4638
16129,7.62046
16130,14.801
16131,9.73657
16132,10.0859
16133,6.1125
16134,10.7484
16135,12.0681
16136,9.1236
16137,7.68501
16138,10.9456
16139,11.1917
16140,7.11594
16141,9.3786
16142,9.69146
16143,7.71025
16144,8.81633
16145,9.08344
16146,9.29446
16147,9.33816
16148,10.6032
16149,9.74509
16150,12.8152
16151,11.6441
16152,6.86373
16153,11.0267
16154,11.0408
16155,11.1707
16156,10.187
16157,10.3208
16158,11.656
16159,11.2602
16160,12.2838
16161,11.3315
16162,13.5331
16163,12.6287
16164,8.64067
16165,11.9445
16166,11.9707
16167,11.9834
16168,11.1762
16169,13.4288
16170,14.5682
16171,9.02796
16172,7.59108
16173,6.62625
16174,8.84499
16175,8.16225
16176,8.90404
16177,11.2927
16178,11.4973
16179,9.72577
16180,12.052
16181,12.3075
16182,10.8055
16183,11.4547
16184,8.30966
16185,7.20397
16186,9.00931
16187,10.1045
16188,8.30195
16189,7.35188
16190,11.5266
16191,11.872
16192,9.51065
16193,9.91334
16194,7.9328
16195,6.5508
16196,9.57906
16197,9.20893
16198,7.22239
16199,11.2358
16200,13.2538
16201,12.4573
16202,13.4954
16203,8.00483
16204,9.48763
16205,9.57063
16206,7.88521
16207,7.24346
16208,13.8831
16209,8.44374
16210,10.231
16211,8.02578
16212,11.2954
16213,9.32254
16214,11.3404
16215,11.7625
16216,12.6029
16217,9.04678
16218,12.4502
16219,8.77217
16220,11.0903
16221,8.3979
16222,13.591
16223,10.1815
16224,13.3364
16225,10.6002
16226,7.74897
16227,9.91776
16228,9.35659
16229,11.7495
16230,12.921
16231,10.322
16232,7.4088
16233,6.45741
16234,8.36794
16235,8.60437
16236,12.0217
16237,9.31358
16238,10.7683
16239,9.85269
16240,12.5693
16241,6.59595
16242,12.021
16243,12.1457
16244,12.1671
16245,9.49321
16246,7.76884
16247,8.19917
16248,8.56719
16249,8.02733
16250,9.70417
16251,8.99368
16252,13.2712
16253,12.1118
16254,9.82428
16255,11.4814
16256,9.58642
16257,8.08025
16258,8.75767
16259,8.82927
16260,10.3678
16261,7.49515
16262,8.57416
16263,11.0997
16264,11.5302
16265,14.4221
16266,10.6942
16267,6.92549
16268,7.16613
16269,9.21826
16270,11.8231
16271,8.62456
16272,10.2535
16273,10.683
16274,10.8455
16275,11.0356
16276,11.0751
16277,11.2612
16278,7.5165
16279,11.6075
16280,10.6008
16281,9.30764
16282,13.0936
16283,16.7576
16284,12.4762
16285,10.3073
16286,11.3925
16287,10.997
16288,11.708
16289,11.4667
16290,15.5045
16291,7.354
16292,8.03989
16293,8.15065
16294,14.2289
16295,9.1867
16296,10.2427
16297,6.88211
16298,11.4028
16299,8.44272
16300,10.6617
16301,8.99945
16302,9.90528
16303,9.00493
16304,13.3673
16305,10.5597
16306,8.67623
16307,10.2584
16308,7.54396
16309,12.0224
16310,12.6767
16311,9.34849
16312,10.8152
16313,12.37
16314,8.04481
16315,7.6018
16316,18.7185
16317,9.33917
16318,12.4791
16319,8.8786
16320,10.0413
16321,12.0604
16322,10.0376
16323,11.0653
16324,11.1322
16325,12.2423
16326,10.3053
16327,10.6563
16328,13.7242
16329,11.039
16330,12.0664
16331,9.68297
16332,7.88002
16333,8.00906
16334,9.7999
16335,7.86245
16336,10.8709
16337,10.3473
16338,7.97268
16339,8.40493
16340,13.1784
16341,9.29466
16342,10.6565
16343,10.5963
16344,11.4221
16345,13.2095
16346,8.21794
16347,10.564
16348,12.5992
16349,12.275
16350,16.2834
16351,6.64174
16352,8.85277
16353,9.27445
16354,9.52607
16355,10.1909
16356,8.35134
16357,10.109
16358,8.72362
16359,9.14337
16360,9.16885
16361,14.6182
16362,7.67715
16363,13.759
16364,6.76828
16365,7.25038
16366,11.3695
16367,11.4523
16368,8.40644
16369,8.54664
16370,8.65311
16371,7.84753
16372,8.95946
16373,7.44841
16374,10.5932
16375,10.916
16376,11.3801
16377,8.66532
16378,13.8572
16379,12.0826
16380,14.4418
16381,8.37528
16382,8.12791
16383,9.26705
16384,8.73877
16385,9.79775
16386,8.10987
16387,12.7816
16388,10.0503
16389,9.37035
16390,7.30827
16391,8.78375
16392,7.84148
16393,16.0804
16394,8.81509
16395,14.2877
16396,10.7125
16397,9.24057
16398,12.3544
16399,6.86758
16400,12.1028
16401,11.2127
16402,13.7749
16403,7.31667
16404,8.03449
16405,8.27581
16406,7.83828
16407,9.06639
16408,11.3165
16409,6.18063
16410,10.957
16411,9.84769
16412,8.94352
16413,9.17563
16414,9.44118
16415,10.5657
16416,8.57414
16417,13.4789
16418,9.74712
16419,7.21148
16420,8.50059
16421,13.5944
16422,12.6093
16423,13.129
16424,11.4724
16425,10.6984
16426,11.2609
16427,8.45911
16428,8.66549
16429,11.8728
16430,8.88762
16431,9.83254
16432,9.93922
16433,12.0841
16434,10.1122
16435,6.58571
16436,13.6024
16437,9.6108
16438,11.1799
16439,7.42114
16440,11.6127
16441,11.7587
16442,11.8834
16443,8.94338
16444,8.20772
16445,8.72162
16446,10.7397
16447,6.81886
16448,9.06342
16449,10.0718
16450,11.0651
16451,10.326
16452,8.38475
16453,11.4635
16454,13.9296
16455,9.82238
16456,13.2212
16457,9.74527
16458,8.21842
16459,10.2054
16460,10.3596
16461,9.31672
16462,10.4716
16463,9.52768
16464,10.8694
16465,12.9759
16466,9.70149
16467,9.36014
16468,8.53501
16469,7.75829
16470,8.19371
16471,7.24232
16472,9.29791
16473,9.35455
16474,11.175
16475,9.52776
16476,8.59863
16477,8.40296
16478,7.42751
16479,5.95516
16480,9.90964
16481,9.78252
16482,10.2259
16483,9.96164
16484,9.06265
16485,10.2995
16486,10.4681
16487,7.36294
16488,11.4267
16489,10.4754
16490,8.51303
16491,11.6159
16492,6.67182
16493,11.6885
16494,12.7102
16495,11.8242
16496,9.12946
16497,12.0992
16498,13.2716
16499,12.4838
16500,8.79165
16501,11.2095
16502,8.89713
16503,12.4728
16504,9.8184
16505,11.3927
16506,8.43918
16507,9.15412
16508,8.47033
16509,9.53927
16510,13.4887
16511,10.308
16512,6.51948
16513,12.1667
16514,9.36424
16515,7.42094
16516,10.8299
16517,8.22575
16518,9.10645
16519,8.47435
16520,10.0182
16521,12.4174
16522,11.0771
16523,11.8311
16524,14.002
16525,8.24247
16526,13.2659
16527,8.81013
16528,10.9818
16529,10.2051
16530,9.85408
16531,10.2773
16532,11.5819
16533,11.6304
16534,10.6278
16535,9.01899
16536,7.0766
16537,8.38869
16538,9.08157
16539,7.49662
16540,11.5934
16541,9.61087
16542,13.6784
16543,12.0503
16544,10.6307
16545,10.9264
16546,9.0944
16547,11.0464
16548,10.7687
16549,7.91518
16550,8.28629
16551,7.47063
16552,7.7424
16553,8.13026
16554,10.544
16555,10.5525
16556,7.69899
16557,10.7903
16558,12.8031
16559,9.30907
16560,9.7459
16561,11.7608
16562,12.9187
16563,11.558
16564,8.74109
16565,12.1454
16566,12.5786
16567,10.5385
16568,7.90516
16569,7.78334
16570,9.83318
16571,10.0273
16572,11.5295
16573,12.5379
16574,11.7063
16575,9.30145
16576,9.49028
16577,9.07554
16578,12.2322
16579,6.48187
16580,6.98541
16581,9.20207
16582,7.78336
16583,9.48781
16584,8.64126
16585,8.73594
16586,9.32304
16587,9.09141
16588,8.48958
16589,9.49802
16590,8.5545
16591,10.6882
16592,8.89281
16593,12.9163
16594,11.614
16595,11.6884
16596,10.8939
16597,10.9732
16598,9.86329
16599,11.9765
16600,9.41436
16601,10.577
16602,9.58541
16603,13.5212
16604,7.23639
16605,8.36403
16606,11.7179
16607,9.41892
16608,10.4309
16609,13.4994
16610,10.5292
16611,8.28952
16612,8.34226
16613,10.8407
16614,5.95599
16615,8.13653
16616,9.10446
16617,9.25243
16618,9.71005
16619,9.81912
16620,9.39472
16621,9.4156
16622,9.88435
16623,6.14595
16624,6.98208
16625,11.559
16626,12.9263
16627,8.6198
16628,9.70319
16629,11.1941
16630,11.4522
16631,14.6355
16632,11.1455
16633,11.7356
16634,12.9292
16635,11.0204
16636,8.43202
16637,9.03778
16638,9.34044
16639,9.34887
16640,9.69336
16641,8.0226
16642,10.0907
16643,8.43211
16644,9.51677
16645,10.5766
16646,10.6795
16647,11.2182
16648,9.0057
16649,12.2945
16650,7.35905
16651,12.9575
16652,9.45577
16653,10.001
16654,8.1091
16655,11.5279
16656,9.73851
16657,10.1073
16658,8.50008
16659,9.65362
16660,8.21156
16661,9.93171
16662,11.3722
16663,11.9441
16664,8.25395
16665,12.3289
16666,13.5409
16667,13.9382
16668,7.54796
16669,10.3473
16670,12.444
16671,10.4524
16672,13.2418
16673,11.2208
16674,8.00595
16675,9.55222
16676,11.7199
16677,12.0004
16678,12.2533
16679,9.732
16680,12.9661
16681,13.7067
16682,9.02504
16683,9.47568
16684,10.3719
16685,10.08
16686,10.614
16687,9.5649
16688,10.7058
16689,15.7352
16690,7.77778
16691,11.3113
16692,14.5003
16693,15.7072
16694,10.792
16695,11.3842
16696,9.4269
16697,9.64174
16698,12.0473
16699,10.6426
16700,11.7898
16701,10.5073
16702,8.60801
16703,9.38563
16704,9.00166
16705,10.5826
16706,11.7463
16707,11.0102
16708,9.17346
16709,5.86001
16710,9.17929
16711,10.6387
16712,11.167
16713,7.28903
16714,9.57376
16715,7.85985
16716,9.10446
16717,9.49328
16718,15.0532
16719,9.06163
16720,11.5244
16721,11.954
16722,15.8465
16723,14.0391
16724,12.6641
16725,11.5177
16726,9.82575
16727,8.21517
16728,9.46695
16729,9.50917
16730,12.5293
16731,9.01649
16732,12.9221
16733,11.2841
16734,8.29806
16735,10.4361
16736,6.83536
16737,9.8418
16738,8.49288
16739,9.10627
16740,13.9389
16741,11.6286
16742,11.7151
16743,8.74889
16744,9.41592
16745,14.3613
16746,10.4386
16747,7.7884
16748,7.83209
16749,7.86087
16750,8.11372
16751,7.18817
16752,9.23649
16753,9.12515
16754,9.17713
16755,10.2023
16756,9.35714
16757,8.38243
16758,7.63014
16759,14.3806
16760,9.7875
16761,10.922
16762,10.4276
16763,11.4698
16764,8.96691
16765,12.0365
16766,11.6681
16767,11.8036
16768,8.91159
16769,9.1957
16770,9.44655
16771,9.67954
16772,10.1321
16773,10.2426
16774,10.5819
16775,11.369
16776,9.16024
16777,12.1756
16778,12.7785
16779,12.7869
16780,6.87765
16781,9.59408
16782,12.614
16783,8.04902
16784,12.1069
16785,11.1221
16786,8.2773
16787,8.41944
16788,9.48303
16789,10.3576
16790,10.7317
16791,10.7761
16792,9.81546
16793,8.92486
16794,8.26164
16795,12.2246
16796,12.2767
16797,10.75
16798,9.75907
16799,6.06999
16800,12.9882
16801,11.1383
16802,10.5624
16803,13.7442
16804,9.06339
16805,9.25411
16806,9.1587
16807,9.20259
16808,8.43524
16809,7.69157
16810,6.77877
16811,7.87906
16812,6.95289
16813,8.96258
16814,8.67873
16815,8.78463
16816,15.2266
16817,9.91233
16818,7.01544
16819,7.37059
16820,7.7099
16821,9.72882
16822,12.166
16823,8.87504
16824,12.1467
16825,11.6611
16826,9.78882
16827,9.93949
16828,13.4958
16829,10.6452
16830,8.79542
16831,10.9511
16832,13.125
16833,11.4312
16834,13.5628
16835,11.2581
16836,8.51946
16837,13.6439
16838,9.67204
16839,10.1266
16840,10.4156
16841,5.91751
16842,9.49354
16843,9.82586
16844,8.89984
16845,8.07664
16846,11.3071
16847,8.64224
16848,10.9374
16849,11.0911
16850,9.84097
16851,6.88085
16852,12.202
16853,9.25215
16854,12.399
16855,10.9204
16856,16.2195
16857,11.5679
16858,6.73064
16859,11.4375
16860,9.52948
16861,7.33457
16862,14.6393
16863,12.2149
16864,14.4902
16865,10.5697
16866,8.7319
16867,11.4104
16868,8.84921
16869,12.8804
16870,13.1701
16871,14.4766
16872,11.5642
16873,6.90183
16874,7.76409
16875,8.80716
16876,9.11182
16877,12.4342
16878,7.49629
16879,10.6172
16880,11.7281
16881,8.92653
16882,7.20076
16883,8.63122
16884,6.95883
16885,11.2465
16886,9.84854
16887,8.14953
16888,8.76621
16889,12.7746
16890,9.24272
16891,9.29777
16892,9.75615
16893,10.9623
16894,10.9973
16895,12.0567
16896,10.2858
16897,10.4968
16898,11.1936
16899,11.743
16900,7.02786
16901,10.2727
16902,7.46269
16903,10.1802
16904,6.27447
16905,10.9083
16906,6.51047
16907,9.97858
16908,7.53467
16909,8.90739
16910,10.012
16911,11.1617
16912,8.2161
16913,11.3481
16914,6.52927
16915,12.6626
16916,12.0386
16917,11.2416
16918,11.326
16919,8.13015
16920,8.33594
16921,12.9516
16922,13.089
16923,10.2274
16924,8.35817
16925,9.66613
16926,14.9441
16927,9.00992
16928,9.12185
16929,7.16104
16930,9.64516
16931,10.7009
16932,9.78773
16933,10.5361
16934,10.8541
16935,10.2612
16936,11.4379
16937,9.8969
16938,9.98895
16939,13.4164
16940,8.72767
16941,12.0784
16942,8.37811
16943,9.43691
16944,13.493
16945,12.1625
16946,11.4487
16947,10.7138
16948,8.7788
16949,10.0389
16950,12.1581
16951,10.9318
16952,7.9402
16953,13.0187
16954,11.0595
16955,10.2475
16956,16.8184
16957,11.7458
16958,8.42351
16959,8.92892
16960,8.32774
16961,8.97086
16962,8.37527
16963,8.54399
16964,9.01847
16965,9.04318
16966,9.30441
16967,11.7047
16968,7.44312
16969,12.2906
16970,11.3775
16971,11.8919
16972,7.90291
16973,11.9802
16974,7.27871
16975,9.41217
16976,7.47136
16977,8.6469
16978,10.8121
16979,10.5264
16980,8.90779
16981,9.01143
16982,9.2699
16983,9.52147
16984,9.53074
16985,9.96586
16986,10.0766
16987,8.26091
16988,10.7959
16989,10.9214
16990,11.9546
16991,9.16917
16992,15.2521
16993,7.45864
16994,13.5085
16995,10.6719
16996,8.90851
16997,9.57868
16998,10.9515
16999,8.86248
17000,14.1965
17001,10.1585
17002,10.306
17003,13.3689
17004,9.34429
17005,13.3079
17006,11.9896
17007,7.34099
17008,8.03524
17009,6.61245
17010,9.79563
17011,8.93233
17012,9.1045
17013,12.2008
17014,10.4225
17015,9.31151
17016,8.6622
17017,9.88729
17018,9.31765
17019,10.698
17020,12.461
17021,11.4837
17022,15.9776
17023,12.7536
17024,9.36731
17025,14.2432
17026,11.7282
17027,9.41659
17028,7.43556
17029,8.41465
17030,7.95568
17031,8.96994
17032,8.71413
17033,8.90339
17034,9.1501
17035,10.1585
17036,9.22068
17037,9.89463
17038,14.0964
17039,13.0186
17040,10.4954
17041,10.028
17042,7.04451
17043,10.0645
17044,10.9246
17045,10.1607
17046,9.78167
17047,9.79011
17048,9.9355
17049,12.1625
17050,9.44006
17051,12.2654
17052,11.7212
17053,7.88128
17054,8.45063
17055,11.1058
17056,11.574
17057,8.79904
17058,7.40964
17059,12.8787
17060,9.83361
17061,10.9274
17062,6.49925
17063,10.7589
17064,7.99119
17065,12.5518
17066,12.3987
17067,9.72026
17068,10.8546
17069,10.2843
17070,10.3653
17071,13.4768
17072,10.1289
17073,8.75792
17074,12.818
17075,5.75899
17076,9.17191
17077,10.6244
17078,6.77607
17079,7.88512
17080,10.1083
17081,10.1692
17082,8.98265
17083,10.4063
17084,11.9769
17085,8.29595
17086,8.59092
17087,9.12795
17088,9.39252
17089,11.9093
17090,8.90894
17091,8.98417
17092,10.2588
17093,16.2253
17094,7.80784
17095,8.76335
17096,9.18437
17097,9.47014
17098,7.49189
17099,10.4765
17100,11.4825
17101,12.6319
17102,8.717
17103,9.30142
17104,13.1676
17105,8.17897
17106,7.5723
17107,8.64656
17108,8.76205
17109,9.01561
17110,12.229
17111,8.37692
17112,10.7327
17113,9.84144
17114,5.34783
17115,10.5702
17116,7.78755
17117,11.1037
17118,11.1697
17119,9.30007
17120,6.83124
17121,10.7364
17122,8.85643
17123,9.41741
17124,10.1923
17125,13.6337
17126,10.7086
17127,8.91769
17128,12.6277
17129,10.4527
17130,10.6853
17131,13.7607
17132,9.81899
17133,11.8393
17134,9.15014
17135,9.40636
17136,9.67304
17137,9.8489
17138,9.4735
17139,11.0942
17140,9.85295
17141,9.79545
17142,11.2097
17143,10.3164
17144,11.1147
17145,10.0564
17146,8.52064
17147,10.6126
17148,7.10406
17149,9.97244
17150,11.3651
17151,9.29416
17152,10.0911
17153,10.6666
17154,10.72
17155,13.8544
17156,12.1112
17157,11.3186
17158,8.51216
17159,13.144
17160,14.0693
17161,9.13774
17162,8.95422
17163,9.05517
17164,12.2209
17165,7.33836
17166,14.123
17167,15.106
17168,15.1551
17169,8.24878
17170,10.6672
17171,6.85825
17172,14.1609
17173,11.0518
17174,9.0602
17175,7.49675
17176,7.95708
17177,8.06744
17178,12.21
17179,8.6809
17180,11.0842
17181,8.35684
17182,7.52551
17183,9.22471
17184,9.44143
17185,9.52687
17186,10.7834
17187,10.7044
17188,12.9552
17189,13.0314
17190,7.15125
17191,7.09124
17192,12.1609
17193,10.0106
17194,8.37981
17195,13.5613
17196,7.05248
17197,7.13852
17198,10.5754
17199,6.82845
17200,10.9278
17201,16.3269
17202,11.4615
17203,11.5765
17204,11.8252
17205,8.59184
17206,9.75468
17207,8.8018
17208,8.66375
17209,6.80053
17210,6.8556
17211,7.43302
17212,8.42582
17213,11.0811
17214,11.213
17215,10.8525
17216,9.44199
17217,8.58788
17218,9.77931
17219,5.90451
17220,11.9582
17221,10.5273
17222,10.6429
17223,10.8743
17224,10.2734
17225,11.4781
17226,11.5566
17227,12.2306
17228,9.10247
17229,14.6869
17230,10.1418
17231,14.9816
17232,14.078
17233,12.0069
17234,12.2477
17235,9.19754
17236,10.6177
17237,9.91089
17238,6.32648
17239,8.13673
17240,8.41908
17241,8.94068
17242,8.70573
17243,10.561
17244,6.93553
17245,9.10385
17246,9.12892
17247,7.21849
17248,11.5004
17249,10.9135
17250,13.3112
17251,7.39837
17252,7.91302
17253,13.015
17254,9.36552
17255,7.95113
17256,12.7661
17257,9.92391
17258,11.9644
17259,8.2595
17260,13.9406
17261,7.28574
17262,6.33615
17263,8.98562
17264,10.2213
17265,11.1422
17266,10.6588
17267,10.8709
17268,10.9198
17269,11.1177
17270,12.2165
17271,14.4726
17272,8.04323
17273,8.24989
17274,8.56652
17275,8.75872
17276,7.80886
17277,10.5545
17278,9.79734
17279,9.18937
17280,8.3998
17281,10.7308
17282,9.09711
17283,11.2242
17284,9.28468
17285,10.5236
17286,9.88009
17287,10.4687
17288,12.7902
17289,7.57822
17290,11.0686
17291,11.0916
17292,12.127
17293,9.62852
17294,8.85648
17295,11.069
17296,9.22864
17297,10.0942
17298,14.1768
17299,11.2475
17300,14.9909
17301,14.1222
17302,8.38994
17303,13.5735
17304,12.286
17305,7.34621
17306,10.6006
17307,9.05109
17308,10.4513
17309,7.51683
17310,8.84124
17311,9.87545
17312,11.3874
17313,6.83365
17314,8.87956
17315,11.1151
17316,8.67001
17317,13.699
17318,11.8413
17319,8.87186
17320,9.03425
17321,8.24364
17322,12.6184
17323,11.1259
17324,11.4003
17325,16.5018
17326,12.3075
17327,8.74925
17328,8.68176
17329,10.5517
17330,9.21564
17331,7.99216
17332,9.43464
17333,8.63242
17334,9.52755
17335,8.03785
17336,8.3184
17337,10.8972
17338,11.1946
17339,7.3572
17340,12.0578
17341,10.2619
17342,12.8952
17343,7.97082
17344,13.1282
17345,8.69083
17346,8.33093
17347,10.3895
17348,12.7632
17349,6.91143
17350,9.7192
17351,8.76875
17352,8.16515
17353,12.2963
17354,10.3047
17355,12.603
17356,9.99403
17357,12.2543
17358,8.59113
17359,9.7103
17360,8.73568
17361,10.7441
17362,12.379
17363,6.9644
17364,10.5447
17365,9.61415
17366,10.3782
17367,9.61769
17368,7.95725
17369,11.0054
17370,11.6842
17371,9.0373
17372,13.3162
17373,11.5295
17374,8.24124
17375,10.6518
17376,11.1509
17377,11.5339
17378,8.21348
17379,12.0576
17380,9.3572
17381,10.4068
17382,11.3789
17383,11.7035
17384,7.78489
17385,8.00162
17386,12.2945
17387,8.39801
17388,11.0675
17389,10.5322
17390,7.53969
17391,7.94326
17392,13.1049
17393,13.0351
17394,10.2513
17395,11.5149
17396,11.585
17397,12.0228
17398,9.15323
17399,10.0641
17400,9.64252
17401,10.1726
17402,8.28526
17403,11.2949
17404,12.8158
17405,12.1347
17406,8.15255
17407,9.64228
17408,8.70502
17409,8.98114
17410,10.0254
17411,10.3221
17412,10.3549
17413,8.85115
17414,12.1124
17415,10.0237
17416,12.517
17417,12.145
17418,8.18031
17419,8.40205
17420,11.6874
17421,7.46137
17422,11.8264
17423,9.99318
17424,10.6936
17425,11.2903
17426,14.6355
17427,7.68619
17428,13.7469
17429,8.66915
17430,8.91652
17431,9.6169
17432,9.69105
17433,10.4396
17434,10.2383
17435,11.2804
17436,11.9228
17437,10.2556
17438,9.33562
17439,13.2243
17440,13.3352
17441,7.80045
17442,8.11035
17443,9.65538
17444,7.1539
17445,15.8174
17446,10.8823
17447,8.15522
17448,11.9641
17449,9.75917
17450,11.1638
17451,11.3627
17452,9.54273
17453,9.83032
17454,7.53208
17455,7.10493
17456,9.8591
17457,9.15974
17458,9.23584
17459,10.1921
17460,9.46671
17461,9.41496
17462,10.8036
17463,8.72711
17464,14.7493
17465,13.3491
17466,9.49467
17467,12.8369
17468,8.84801
17469,10.2477
17470,8.71196
17471,10.7863
17472,11.7863
17473,13.1315
17474,9.75731
17475,10.8718
17476,6.08961
17477,6.27861
17478,11.1149
17479,9.06371
17480,10.7852
17481,11.0546
17482,11.3472
17483,10.8079
17484,13.9563
17485,10.6652
17486,9.47358
17487,8.47083
17488,12.6509
17489,8.10694
17490,10.7136
17491,8.7715
17492,11.2461
17493,9.62922
17494,13.1054
17495,9.72595
17496,10.1886
17497,10.2895
17498,11.846
17499,12.011
17500,11.1345
17501,14.4589
17502,11.239
17503,11.4382
17504,13.5188
17505,13.3125
17506,9.69804
17507,9.22544
17508,11.3533
17509,9.89371
17510,10.0759
17511,11.1925
17512,7.51969
17513,7.82215
17514,11.8435
17515,8.17173
17516,10.5544
17517,12.6255
17518,8.81365
17519,9.03713
17520,9.79258
17521,13.3831
17522,12.4493
17523,10.6294
17524,8.68427
17525,13.7258
17526,15.8676
17527,12.2004
17528,8.13435
17529,11.339
17530,10.6714
17531,10.1199
17532,14.145
17533,14.247
17534,14.155
17535,11.4511
17536,5.60455
17537,9.52045
17538,10.5556
17539,8.12974
17540,9.759
17541,7.59027
17542,9.69492
17543,10.8814
17544,11.0779
17545,8.24305
17546,9.38081
17547,10.7036
17548,11.6987
17549,12.1997
17550,10.51
17551,9.77031
17552,9.61264
17553,6.90673
17554,7.13987
17555,7.17823
17556,14.2752
17557,8.16803
17558,10.8174
17559,10.2683
17560,7.27744
17561,12.1387
17562,8.49452
17563,5.57826
17564,9.39863
17565,9.50896
17566,12.5806
17567,10.2548
17568,8.49357
17569,13.56
17570,8.70724
17571,8.26318
17572,9.21968
17573,15.987
17574,11.3167
17575,10.4789
17576,12.9829
17577,8.56478
17578,11.9547
17579,7.78802
17580,9.43748
17581,10.1652
17582,8.2543
17583,11.249
17584,9.45754
17585,6.65685
17586,10.2725
17587,6.33904
17588,7.45359
17589,13.5387
17590,7.36448
17591,11.4477
17592,9.60878
17593,7.9047
17594,12.2462
17595,8.52648
17596,7.77841
17597,9.05882
17598,9.2757
17599,9.39852
17600,9.54189
17601,8.85291
17602,11.9843
17603,10.0277
17604,9.11863
17605,10.1385
17606,8.27844
17607,8.75575
17608,10.8214
17609,9.01528
17610,11.6944
17611,11.8594
17612,11.2573
17613,13.1236
17614,11.3874
17615,13.6689
17616,12.726
17617,13.9515
17618,14.5956
17619,13.1804
17620,7.52271
17621,14.2897
17622,14.3351
17623,14.3927
17624,10.1089
17625,11.0126
17626,9.4879
17627,11.7504
17628,12.1514
17629,9.71153
17630,9.02879
17631,16.2245
17632,11.4929
17633,15.5131
17634,11.8714
17635,12.5577
17636,10.7043
17637,13.0153
17638,12.3968
17639,9.56994
17640,11.4623
17641,7.47065
17642,7.6111
17643,8.00469
17644,10.1707
17645,11.8206
17646,8.90791
17647,9.10787
17648,9.28274
17649,9.586
17650,9.74002
17651,8.82154
17652,9.8749
17653,10.4056
17654,10.9487
17655,11.6879
17656,6.7727
17657,7.55151
17658,7.62437
17659,12.6986
17660,10.2665
17661,8.48892
17662,9.54941
17663,9.8674
17664,9.15602
17665,9.44365
17666,9.77158
17667,10.0262
17668,11.3154
17669,10.684
17670,11.1108
17671,10.1304
17672,7.24252
17673,11.7191
17674,10.4152
17675,10.4555
17676,9.26896
17677,13.634
17678,10.6403
17679,8.78071
17680,11.9822
17681,9.19847
17682,10.6028
17683,9.03282
17684,9.19951
17685,12.2702
17686,10.3387
17687,9.60465
17688,9.38096
17689,11.6081
17690,8.94646
17691,12.3655
17692,13.687
17693,13.1217
17694,10.8273
17695,7.17025
17696,7.64467
17697,9.97494
17698,7.5001
17699,11.7128
17700,13.512
17701,13.7932
17702,16.7949
17703,8.26861
17704,8.30493
17705,7.82477
17706,8.34333
17707,10.0611
17708,9.76223
17709,10.6903
17710,10.8743
17711,11.298
17712,13.379
17713,11.7295
17714,8.18365
17715,8.79818
17716,10.0878
17717,7.44688
17718,9.98286
17719,14.0942
17720,14.2539
17721,8.38623
17722,8.94545
17723,9.09622
17724,12.5086
17725,10.1598
17726,10.2183
17727,12.3858
17728,9.69015
17729,12.2637
17730,10.3702
17731,10.5885
17732,13.7058
17733,9.69603
17734,6.79838
17735,13.7327
17736,14.7819
17737,11.0193
17738,6.45039
17739,11.8789
17740,11.8193
17741,9.89239
17742,10.6282
17743,8.06909
17744,10.7251
17745,8.95779
17746,11.3988
17747,12.9814
17748,11.1957
17749,11.509
17750,9.80932
17751,11.0436
17752,7.17641
17753,7.86847
17754,9.88434
17755,8.09004
17756,8.93685
17757,16.7175
17758,9.8715
17759,8.47963
17760,7.85543
17761,8.52907
17762,10.5848
17763,8.90975
17764,9.28757
17765,12.3727
17766,9.11567
17767,15.272
17768,12.6075
17769,12.4273
17770,8.28122
17771,8.39112
17772,10.4014
17773,8.70784
17774,10.0553
17775,11.2277
17776,8.76963
17777,10.2714
17778,12.6145
17779,15.6901
17780,11.0549
17781,12.1296
17782,11.3411
17783,12.5236
17784,12.4624
17785,10.2749
17786,13.3059
17787,9.82008
17788,9.91233
17789,8.21725
17790,10.6206
17791,8.78563
17792,9.37613
17793,10.1945
17794,8.42452
17795,8.66371
17796,10.9554
17797,11.0295
17798,11.4797
17799,6.22103
17800,8.27479
17801,12.5519
17802,13.4394
17803,13.4478
17804,12.3569
17805,15.8746
17806,11.2996
17807,11.5175
17808,9.65992
17809,9.69958
17810,11.8621
17811,9.8705
17812,9.98487
17813,8.4382
17814,11.7684
17815,12.0368
17816,7.06679
17817,11.1067
17818,11.8741
17819,7.6917
17820,8.6135
17821,9.11906
17822,15.5814
17823,7.8945
17824,7.89035
17825,8.95768
17826,12.2759
17827,8.32832
17828,12.3368
17829,9.44751
17830,12.6524
17831,8.98952
17832,10.2951
17833,10.3595
17834,9.43488
17835,11.5875
17836,11.03
17837,11.0577
17838,12.932
17839,12.5008
17840,17.2663
17841,9.03346
17842,14.5103
17843,12.5101
17844,10.0176
17845,12.1352
17846,12.2238
17847,11.7271
17848,10.8877
17849,11.4322
17850,11.9729
17851,7.77216
17852,8.71791
17853,10.476
17854,11.5807
17855,12.626
17856,11.7479
17857,9.55024
17858,8.7557
17859,10.4103
17860,9.43145
17861,10.2009
17862,8.61544
17863,10.7199
17864,8.89963
17865,10.1315
17866,9.54686
17867,10.9822
17868,9.04773
17869,11.1696
17870,15.2649
17871,10.7651
17872,12.9409
17873,8.13579
17874,9.09257
17875,10.3492
17876,7.4041
17877,10.5329
17878,12.9216
17879,8.78996
17880,8.81252
17881,9.36775
17882,11.626
17883,9.69473
17884,9.09932
17885,10.6348
17886,12.7216
17887,12.7683
17888,11.8668
17889,12.2997
17890,10.0463
17891,11.0855
17892,10.4615
17893,12.0089
17894,12.3936
17895,9.37465
17896,8.38308
17897,9.22132
17898,10.4719
17899,15.7031
17900,9.81661
17901,10.673
17902,10.7939
17903,8.93337
17904,8.65002
17905,13.0175
17906,12.2056
17907,13.4842
17908,9.76174
17909,12.256
17910,8.41252
17911,8.55191
17912,8.56034
17913,8.78752
17914,9.24086
17915,9.44274
17916,9.45117
17917,14.7629
17918,11.1887
17919,10.2336
17920,7.45869
17921,10.4876
17922,9.65767
17923,8.79689
17924,8.9938
17925,11.0022
17926,9.03686
17927,11.256
17928,10.7175
17929,8.03893
17930,8.1006
17931,8.22046
17932,8.76302
17933,8.78136
17934,12.888
17935,12.9134
17936,9.15803
17937,9.19455
17938,9.29605
17939,10.4849
17940,9.49334
17941,14.2321
17942,12.3668
17943,10.7892
17944,12.8551
17945,11.022
17946,11.2589
17947,11.5027
17948,11.6897
17949,11.8292
17950,9.52772
17951,14.1752
17952,13.2834
17953,7.62931
17954,7.65283
17955,12.9117
17956,8.20435
17957,9.42052
17958,9.59609
17959,9.74516
17960,6.6135
17961,7.60247
17962,6.48051
17963,9.63172
17964,8.68678
17965,13.4538
17966,11.9784
17967,7.12012
17968,7.56007
17969,7.9021
17970,10.3197
17971,11.4144
17972,6.57787
17973,12.2327
17974,13.7274
17975,8.84268
17976,10.6327
17977,10.8659
17978,11.154
17979,13.1452
17980,8.38525
17981,8.74488
17982,8.78359
17983,10.6237
17984,6.96756
17985,8.95251
17986,11.1373
17987,11.2499
17988,9.29727
17989,9.8411
17990,8.27914
17991,8.65094
17992,8.8286
17993,11.706
17994,11.7547
17995,14.0485
17996,11.0876
17997,12.8988
17998,13.3256
17999,12.394
18000,9.50253
18001,11.0329
18002,11.413
18003,10.0811
18004,12.4479
18005,8.50559
18006,8.54744
18007,13.6844
18008,7.50804
18009,7.67791
18010,10.1847
18011,8.33237
18012,10.3528
18013,8.75674
18014,8.85751
18015,11.6983
18016,11.8566
18017,9.9224
18018,11.5138
18019,12.1377
18020,12.088
18021,9.87341
18022,10.7628
18023,9.21194
18024,7.73119
18025,12.011
18026,9.19416
18027,11.8383
18028,7.67379
18029,11.0287
18030,8.30817
18031,8.67093
18032,8.76617
18033,15.484
18034,10.8099
18035,12.9607
18036,7.06013
18037,11.1406
18038,7.40152
18039,8.8282
18040,8.0225
18041,8.4018
18042,12.5364
18043,7.70026
18044,10.1289
18045,8.87511
18046,9.17727
18047,11.3612
18048,9.62926
18049,11.7325
18050,7.27361
18051,10.587
18052,8.84675
18053,8.09271
18054,7.38265
18055,8.53428
18056,8.67185
18057,13.7234
18058,9.96739
18059,12.3262
18060,7.5906
18061,10.8277
18062,9.94489
18063,10.4792
18064,8.62522
18065,9.86009
18066,13.2883
18067,14.4732
18068,8.57863
18069,11.5981
18070,11.1831
18071,9.53461
18072,7.57646
18073,6.5145
18074,11.8977
18075,7.45915
18076,12.8803
18077,10.9356
18078,8.01886
18079,12.8178
18080,6.50214
18081,12.6841
18082,10.614
18083,7.95825
18084,10.0896
18085,13.3708
18086,12.3396
18087,9.24551
18088,7.62551
18089,7.02964
18090,8.42166
18091,8.22594
18092,9.34722
18093,10.442
18094,10.7075
18095,9.72002
18096,9.25174
18097,7.24414
18098,12.4774
18099,12.3771
18100,9.38754
18101,9.55119
18102,8.5877
18103,12.7157
18104,8.19429
18105,9.4725
18106,9.62823
18107,7.82578
18108,10.0884
18109,9.15635
18110,10.3988
18111,11.0097
18112,11.208
18113,11.9712
18114,10.5317
18115,12.7814
18116,11.8797
18117,13.1344
18118,13.2693
18119,8.82793
18120,7.49158
18121,8.23853
18122,8.53288
18123,13.3194
18124,7.96935
18125,10.0912
18126,8.17145
18127,8.64476
18128,8.99518
18129,9.23476
18130,9.42608
18131,9.56855
18132,9.83493
18133,10.0847
18134,10.8492
18135,10.864
18136,11.1385
18137,11.2463
18138,8.17325
18139,11.1958
18140,8.26313
18141,12.916
18142,11.1907
18143,10.2592
18144,11.3637
18145,9.57682
18146,9.70556
18147,12.1991
18148,11.2892
18149,15.8898
18150,7.68649
18151,8.22839
18152,7.82109
18153,9.26177
18154,10.4692
18155,9.86757
18156,11.4902
18157,9.55291
18158,9.14179
18159,10.3652
18160,10.4351
18161,12.6848
18162,8.13783
18163,11.4627
18164,15.6093
18165,10.2638
18166,10.6419
18167,9.4956
18168,11.1278
18169,10.9354
18170,7.31698
18171,8.44388
18172,7.71083
18173,10.5422
18174,10.8065
18175,11.0668
18176,11.5812
18177,7.91852
18178,8.43781
18179,13.5831
18180,16.4988
18181,7.53055
18182,9.72216
18183,11.9701
18184,12.1045
18185,12.2029
18186,9.46405
18187,10.5155
18188,8.84629
18189,11.2447
18190,7.32598
18191,7.57099
18192,11.9006
18193,12.053
18194,10.1444
18195,14.3714
18196,10.5186
18197,9.5069
18198,9.85334
18199,13.8865
18200,8.04147
18201,8.54442
18202,9.57119
18203,14.8138
18204,9.97177
18205,9.00078
18206,9.43618
18207,13.7431
18208,10.1351
18209,12.6377
18210,11.0586
18211,8.69186
18212,9.3841
18213,13.728
18214,9.16106
18215,13.6627
18216,15.6712
18217,9.80942
18218,9.11684
18219,9.23963
18220,9.46943
18221,7.76237
18222,10.0223
18223,9.35838
18224,11.9443
18225,10.566
18226,8.57427
18227,9.58346
18228,8.99703
18229,10.2381
18230,10.4133
18231,11.128
18232,11.3552
18233,7.47038
18234,13.0667
18235,11.2104
18236,8.22145
18237,8.43411
18238,8.03072
18239,10.413
18240,9.92832
18241,9.97706
18242,7.99672
18243,17.3978
18244,13.6773
18245,11.7723
18246,13.1343
18247,8.31298
18248,7.46381
18249,9.36271
18250,8.59301
18251,9.60458
18252,9.63742
18253,10.6459
18254,6.51924
18255,6.11504
18256,9.74415
18257,12.0076
18258,12.0314
18259,11.5236
18260,9.92174
18261,9.93396
18262,12.9613
18263,10.9856
18264,7.68963
18265,9.98587
18266,9.49945
18267,12.6695
18268,9.78789
18269,12.8935
18270,11.0652
18271,9.14934
18272,11.4595
18273,12.6234
18274,8.18502
18275,8.20019
18276,9.4134
18277,13.8995
18278,10.1898
18279,7.10059
18280,8.2398
18281,7.23497
18282,7.26213
18283,8.34881
18284,7.39151
18285,8.52692
18286,8.73063
18287,8.33388
18288,8.62105
18289,9.70408
18290,8.85806
18291,11.5719
18292,10.022
18293,7.66103
18294,12.6704
18295,11.8763
18296,10.948
18297,11.1145
18298,12.1363
18299,12.3479
18300,11.6278
18301,11.7262
18302,11.8821
18303,7.89324
18304,8.69818
18305,13.2972
18306,9.55277
18307,13.6969
18308,11.6137
18309,11.6728
18310,11.7877
18311,7.9964
18312,13.2694
18313,7.89178
18314,14.519
18315,8.44074
18316,8.47456
18317,7.26025
18318,8.44481
18319,11.5456
18320,12.8096
18321,10.1558
18322,7.91339
18323,6.05074
18324,12.0629
18325,10.05
18326,8.19938
18327,8.70813
18328,8.91917
18329,7.95028
18330,12.9683
18331,8.25275
18332,10.4788
18333,11.6587
18334,9.13601
18335,14.3783
18336,10.8025
18337,8.38927
18338,6.51858
18339,7.776
18340,11.0886
18341,9.40654
18342,11.4719
18343,13.2419
18344,10.2504
18345,8.60567
18346,11.9939
18347,10.2466
18348,10.2604
18349,14.4345
18350,10.4791
18351,7.52561
18352,12.714
18353,8.97006
18354,9.05259
18355,9.84669
18356,8.3703
18357,13.1048
18358,10.0746
18359,9.35355
18360,17.6347
18361,12.4036
18362,8.41491
18363,7.47792
18364,8.87353
18365,8.43324
18366,8.56638
18367,8.63857
18368,8.67476
18369,11.0416
18370,10.687
18371,11.8807
18372,13.1209
18373,9.40259
18374,9.41102
18375,8.01549
18376,10.3271
18377,7.72793
18378,8.37458
18379,12.268
18380,11.4461
18381,12.3846
18382,11.58
18383,11.7201
18384,12.6573
18385,8.87264
18386,14.1513
18387,8.45313
18388,10.9025
18389,8.95878
18390,7.81819
18391,11.1705
18392,11.9059
18393,10.6698
18394,10.0066
18395,11.1849
18396,9.0421
18397,10.5009
18398,9.96908
18399,7.98016
18400,8.17734
18401,10.2027
18402,8.27799
18403,8.2981
18404,8.49344
18405,8.61347
18406,9.29342
18407,13.489
18408,11.1513
18409,11.2955
18410,8.87988
18411,9.01278
18412,11.5956
18413,9.10262
18414,7.50314
18415,9.16461
18416,10.2771
18417,10.7314
18418,11.3124
18419,10.0258
18420,7.37367
18421,12.3573
18422,9.97773
18423,13.4066
18424,9.9006
18425,10.2919
18426,6.02328
18427,11.0748
18428,9.14844
18429,11.4732
18430,9.64929
18431,9.65773
18432,9.91418
18433,5.94719
18434,8.03409
18435,8.41827
18436,8.65139
18437,7.76951
18438,9.78071
18439,8.83425
18440,8.84268
18441,9.97813
18442,9.22041
18443,9.71393
18444,9.72794
18445,10.7738
18446,7.94376
18447,8.58123
18448,8.64605
18449,10.7397
18450,8.91732
18451,10.9727
18452,9.44266
18453,9.60239
18454,10.1355
18455,10.151
18456,10.1594
18457,8.16787
18458,10.3056
18459,10.531
18460,8.60661
18461,10.8339
18462,8.99675
18463,11.2407
18464,11.5422
18465,11.5818
18466,10.2174
18467,12.4803
18468,6.5588
18469,8.60519
18470,14.8027
18471,7.84441
18472,8.04672
18473,8.05515
18474,8.18707
18475,8.35309
18476,8.4537
18477,8.48349
18478,8.62678
18479,8.04678
18480,11.3252
18481,11.3367
18482,9.46515
18483,9.7212
18484,10.1584
18485,8.77053
18486,10.8445
18487,11.1502
18488,11.7986
18489,6.85295
18490,11.982
18491,12.5024
18492,11.2892
18493,10.1014
18494,7.28394
18495,8.65891
18496,6.35058
18497,11.4088
18498,7.34119
18499,9.51585
18500,12.7677
18501,9.10337
18502,8.22184
18503,9.41302
18504,12.7914
18505,10.5509
18506,10.1399
18507,14.7455
18508,10.9936
18509,10.5426
18510,8.56107
18511,13.5767
18512,7.1867
18513,14.2972
18514,7.72502
18515,7.9858
18516,10.003
18517,10.1598
18518,9.20446
18519,10.3141
18520,9.98984
18521,11.3708
18522,10.449
18523,11.4755
18524,9.48394
18525,10.6671
18526,11.8899
18527,10.0485
18528,13.1402
18529,9.50863
18530,14.9807
18531,11.8907
18532,8.26269
18533,8.93567
18534,7.8658
18535,8.45511
18536,9.88532
18537,9.97623
18538,8.2088
18539,8.32038
18540,11.9716
18541,9.604
18542,11.0782
18543,10.3867
18544,8.45782
18545,12.0125
18546,9.08251
18547,11.8913
18548,8.37004
18549,8.78527
18550,8.91335
18551,9.11711
18552,8.32815
18553,15.484
18554,10.5792
18555,7.7202
18556,12.0878
18557,11.2418
18558,10.3761
18559,9.7174
18560,11.7258
18561,10.9228
18562,12.2465
18563,8.55874
18564,9.8182
18565,10.9304
18566,13.6049
18567,10.2103
18568,8.8753
18569,9.14046
18570,8.50445
18571,9.97703
18572,12.2477
18573,10.4389
18574,7.74478
18575,12.8299
18576,8.90143
18577,9.4433
18578,9.94757
18579,14.7278
18580,12.9438
18581,14.3926
18582,8.04815
18583,8.87976
18584,9.24369
18585,9.54252
18586,10.7025
18587,10.765
18588,9.09807
18589,7.80143
18590,9.88058
18591,9.12422
18592,9.37477
18593,11.291
18594,14.321
18595,10.3961
18596,8.59751
18597,5.2581
18598,10.2665
18599,7.04022
18600,7.06563
18601,11.2766
18602,10.5445
18603,6.20311
18604,6.86331
18605,9.48405
18606,10.7172
18607,10.563
18608,11.1336
18609,11.5335
18610,12.0434
18611,12.3839
18612,12.4857
18613,12.324
18614,8.37343
18615,8.94263
18616,8.95106
18617,11.4897
18618,10.445
18619,8.51211
18620,11.242
18621,10.5115
18622,9.5326
18623,10.9108
18624,10.3198
18625,9.59339
18626,12.137
18627,7.57113
18628,8.26704
18629,8.86334
18630,13.9699
18631,9.25733
18632,10.7161
18633,11.027
18634,11.7785
18635,9.45856
18636,12.0066
18637,12.12
18638,8.3702
18639,10.7476
18640,11.7561
18641,11.4693
18642,9.54064
18643,10.1198
18644,8.48927
18645,10.9768
18646,10.5826
18647,11.2944
18648,10.4001
18649,9.50049
18650,10.5111
18651,11.9609
18652,12.7938
18653,9.65681
18654,13.6702
18655,11.3946
18656,12.6808
18657,12.8336
18658,9.06585
18659,7.35844
18660,12.708
18661,10.3888
18662,8.67684
18663,8.09735
18664,8.43814
18665,8.54332
18666,8.96364
18667,8.97603
18668,12.1691
18669,11.2841
18670,7.32911
18671,15.6268
18672,8.22822
18673,9.30884
18674,9.38378
18675,8.40645
18676,9.33114
18677,10.7782
18678,14.8708
18679,10.3793
18680,9.58961
18681,12.379
18682,12.4073
18683,9.32547
18684,8.78348
18685,10.0261
18686,13.8271
18687,9.24295
18688,9.56508
18689,9.66471
18690,9.70408
18691,11.1768
18692,11.4976
18693,7.91917
18694,8.83503
18695,9.17516
18696,14.9045
18697,14.9672
18698,11.4888
18699,8.17271
18700,11.4449
18701,11.4909
18702,8.19078
18703,11.4389
18704,7.3335
18705,8.25248
18706,8.54538
18707,8.57288
18708,9.66397
18709,11.6724
18710,8.82644
18711,8.8958
18712,8.94018
18713,9.36271
18714,9.55107
18715,9.79289
18716,9.98432
18717,10.0788
18718,11.2578
18719,8.8416
18720,10.9085
18721,11.3758
18722,9.48538
18723,7.51766
18724,11.9645
18725,12.354
18726,8.64981
18727,7.84202
18728,9.42995
18729,13.4701
18730,12.5062
18731,11.7795
18732,10.0436
18733,9.34033
18734,10.3231
18735,10.4892
18736,15.5582
18737,8.8964
18738,9.21831
18739,12.5556
18740,7.84672
18741,12.0294
18742,8.06314
18743,8.67241
18744,9.70073
18745,10.3922
18746,10.999
18747,9.11306
18748,9.12806
18749,12.4393
18750,11.2055
18751,7.8452
18752,8.14828
18753,8.46306
18754,13.4218
18755,10.7276
18756,13.361
18757,10.1605
18758,9.53114
18759,8.44423
18760,8.27826
18761,12.756
18762,8.01237
18763,10.3878
18764,7.64325
18765,9.70696
18766,9.66532
18767,9.82579
18768,10.8446
18769,8.09104
18770,12.3101
18771,11.8983
18772,10.6655
18773,12.8087
18774,13.0611
18775,12.1531
18776,10.8711
18777,13.4335
18778,10.6897
18779,14.0488
18780,8.54467
18781,10.8598
18782,10.0863
18783,11.6549
18784,7.67973
18785,7.85796
18786,16.2476
18787,16.4879
18788,13.5491
18789,5.71115
18790,9.94476
18791,9.01955
18792,9.04663
18793,9.32031
18794,10.3679
18795,8.83637
18796,11.9582
18797,9.56853
18798,8.37822
18799,9.69547
18800,10.485
18801,10.8843
18802,10.7719
18803,9.38005
18804,13.8194
18805,9.93018
18806,14.0345
18807,9.97367
18808,11.0224
18809,9.33083
18810,11.1549
18811,12.4403
18812,9.50499
18813,8.40305
18814,11.6795
18815,8.30915
18816,9.3778
18817,9.36129
18818,8.19326
18819,15.6401
18820,8.98565
18821,10.2448
18822,10.799
18823,11.1218
18824,9.36521
18825,12.0062
18826,10.2378
18827,11.2924
18828,7.12518
18829,9.50401
18830,9.82212
18831,8.04532
18832,9.19184
18833,9.24112
18834,13.5042
18835,6.54781
18836,9.88766
18837,9.60953
18838,9.82507
18839,11.9431
18840,12.1784
18841,10.7044
18842,10.2148
18843,13.6534
18844,12.1353
18845,12.199
18846,10.4081
18847,8.90152
18848,9.10342
18849,11.9966
18850,11.3722
18851,7.94912
18852,13.0616
18853,8.89652
18854,10.0272
18855,8.34344
18856,8.81917
18857,8.83612
18858,10.9246
18859,10.0221
18860,10.6297
18861,9.89864
18862,11.2418
18863,11.2633
18864,15.2125
18865,12.4272
18866,9.98247
18867,14.3558
18868,11.3793
18869,9.46234
18870,11.4383
18871,8.58135
18872,9.04415
18873,12.4221
18874,8.77539
18875,11.468
18876,11.7532
18877,9.77558
18878,10.0314
18879,8.58724
18880,13.6119
18881,10.6565
18882,8.68813
18883,9.89901
18884,14.0921
18885,12.2898
18886,13.2698
18887,12.1452
18888,11.5617
18889,11.8467
18890,11.0191
18891,12.8523
18892,8.33833
18893,8.51619
18894,9.24684
18895,10.8274
18896,9.37741
18897,12.7084
18898,10.5045
18899,11.4347
18900,11.5329
18901,12.4921
18902,11.0891
18903,9.16798
18904,9.55368
18905,9.89377
18906,11.995
18907,11.2774
18908,8.61766
18909,8.20904
18910,11.3579
18911,12.5738
18912,15.8705
18913,11.6996
18914,10.1594
18915,7.46685
18916,13.566
18917,8.45475
18918,7.80268
18919,9.56765
18920,9.6491
18921,9.69668
18922,12.5608
18923,10.8835
18924,11.0484
18925,9.18047
18926,11.5152
18927,12.7927
18928,8.25491
18929,10.3602
18930,10.9987
18931,14.774
18932,10.2709
18933,10.5908
18934,11.8225
18935,11.9914
18936,12.0748
18937,12.2787
18938,12.4634
18939,6.13049
18940,10.6331
18941,7.03895
18942,7.28606
18943,9.55735
18944,8.62587
18945,15.6528
18946,8.79406
18947,8.09974
18948,9.57084
18949,11.6974
18950,11.936
18951,10.2404
18952,11.1666
18953,11.3612
18954,7.69001
18955,8.7566
18956,9.12256
18957,8.77026
18958,12.2956
18959,12.4979
18960,10.3895
18961,10.5422
18962,10.6507
18963,8.32975
18964,9.37429
18965,7.76795
18966,10.7764
18967,10.0268
18968,13.0353
18969,10.1844
18970,9.35266
18971,9.86049
18972,11.9972
18973,9.62931
18974,12.7082
18975,7.98392
18976,8.83504
18977,10.9773
18978,11.1417
18979,10.8851
18980,9.13885
18981,9.42861
18982,9.59422
18983,11.8376
18984,7.56436
18985,10.0248
18986,7.03473
18987,10.2951
18988,7.83998
18989,8.13555
18990,14.9224
18991,7.25014
18992,11.2677
18993,10.4135
18994,10.6728
18995,10.456
18996,12.4946
18997,11.0337
18998,11.0566
18999,7.34821
19000,10.0031
19001,12.1019
19002,12.4032
19003,8.49865
19004,12.8169
19005,12.3825
19006,11.2011
19007,7.57239
19008,16.4451
19009,8.50922
19010,9.2664
19011,15.8114
19012,14.9195
19013,10.0054
19014,9.1229
19015,10.1863
19016,7.49114
19017,17.0871
19018,9.73332
19019,11.6078
19020,9.28069
19021,13.6523
19022,10.8989
19023,10.4524
19024,9.74872
19025,9.396
19026,8.869
19027,8.98235
19028,11.4599
19029,11.5022
19030,8.03865
19031,11.2186
19032,11.7655
19033,9.79663
19034,10.5176
19035,10.9444
19036,11.8667
19037,9.23202
19038,8.20875
19039,9.69498
19040,9.85008
19041,7.9102
19042,10.3787
19043,10.5089
19044,10.8072
19045,11.8793
19046,15.7438
19047,13.1617
19048,13.2497
19049,13.4691
19050,15.3135
19051,11.3018
19052,12.8356
19053,9.88741
19054,9.15422
19055,10.5217
19056,7.4324
19057,15.1749
19058,13.1312
19059,6.32984
19060,14.4906
19061,13.531
19062,10.9655
19063,7.35826
19064,7.69369
19065,7.93989
19066,8.55298
19067,5.59599
19068,9.69501
19069,9.94915
19070,10.2031
19071,8.23695
19072,10.5412
19073,6.62941
19074,9.15703
19075,8.44464
19076,7.94125
19077,8.27175
19078,12.3438
19079,7.86595
19080,10.0642
19081,10.3371
19082,8.35108
19083,12.4403
19084,9.32235
19085,9.39052
19086,9.62242
19087,11.2297
19088,12.3924
19089,11.4735
19090,9.61036
19091,12.2118
19092,9.02164
19093,10.4354
19094,11.0909
19095,11.4319
19096,8.42994
19097,10.1395
19098,9.96444
19099,12.2649
19100,11.6281
19101,12.1059
19102,8.17744
19103,14.7845
19104,9.04171
19105,9.16295
19106,8.44693
19107,9.10881
19108,9.20609
19109,9.92652
19110,8.46125
19111,9.27098
19112,6.41342
19113,12.6409
19114,8.44991
19115,10.4977
19116,6.60878
19117,9.65271
19118,8.93573
19119,9.18698
19120,8.12084
19121,10.2005
19122,13.0811
19123,11.5958
19124,11.6511
19125,9.03407
19126,12.5955
19127,10.676
19128,13.2795
19129,9.68392
19130,8.39798
19131,11.2567
19132,9.74207
19133,9.82878
19134,9.86759
19135,8.89668
19136,9.07369
19137,11.3264
19138,6.85593
19139,11.9017
19140,8.18594
19141,7.31828
19142,10.5526
19143,12.7682
19144,9.6576
19145,9.08148
19146,7.11723
19147,10.1907
19148,12.2728
19149,9.9348
19150,8.16702
19151,9.56615
19152,13.5008
19153,11.9639
19154,11.6027
19155,12.0215
19156,8.10174
19157,9.19584
19158,9.6584
19159,9.7742
19160,12.4718
19161,11.2914
19162,13.6496
19163,12.0508
19164,17.3732
19165,7.91656
19166,9.57869
19167,4.85122
19168,6.34971
19169,8.57037
19170,9.40821
19171,8.51037
19172,7.35285
19173,13.3602
19174,11.4625
19175,11.7907
19176,8.90036
19177,6.08514
19178,8.01288
19179,8.83899
19180,11.1707
19181,8.86957
19182,11.1447
19183,13.3925
19184,10.5701
19185,7.84801
19186,8.89837
19187,12.0284
19188,12.1804
19189,9.58811
19190,5.99614
19191,10.16
19192,6.94296
19193,11.5576
19194,8.32549
19195,13.0718
19196,9.55168
19197,7.55927
19198,11.0118
19199,9.02406
19200,11.2234
19201,11.7136
19202,8.73511
19203,8.7894
19204,7.9158
19205,9.94485
19206,8.26507
19207,8.53507
19208,11.7397
19209,11.8196
19210,12.0446
19211,9.06149
19212,10.0911
19213,7.7461
19214,8.35229
19215,12.8331
19216,9.23314
19217,10.4981
19218,8.23864
19219,7.81204
19220,10.6506
19221,10.659
19222,10.8471
19223,8.28633
19224,10.6928
19225,11.9469
19226,11.6901
19227,16.1967
19228,5.85808
19229,7.88695
19230,8.52613
19231,8.74037
19232,12.0677
19233,10.1505
19234,10.3897
19235,8.00998
19236,6.23128
19237,9.31148
19238,11.6814
19239,12.2114
19240,6.62011
19241,8.08506
19242,8.27397
19243,8.5553
19244,6.95378
19245,9.77413
19246,8.64954
19247,10.8277
19248,8.94223
19249,10.1735
19250,11.4762
19251,9.55032
19252,10.8096
19253,9.99983
19254,7.6319
19255,7.02468
19256,7.63673
19257,7.98964
19258,12.107
19259,13.3647
19260,9.69456
19261,6.78274
19262,8.01336
19263,9.53989
19264,13.1093
19265,9.22277
19266,10.623
19267,12.0817
19268,12.2668
19269,9.28136
19270,10.4576
19271,8.48333
19272,12.6748
19273,10.8051
19274,10.9105
19275,9.96149
19276,9.96992
19277,12.9452
19278,14.2146
19279,11.236
19280,9.54781
19281,10.1629
19282,7.03437
19283,14.0028
19284,7.65948
19285,9.68717
19286,9.90418
19287,5.96454
19288,8.04371
19289,9.09255
19290,8.16371
19291,10.3884
19292,10.6089
19293,11.1998
19294,5.67556
19295,8.1961
19296,8.71318
19297,13.0363
19298,13.1994
19299,9.41895
19300,9.45009
19301,6.9174
19302,9.95875
19303,9.22847
19304,10.3969
19305,9.62057
19306,10.7559
19307,10.9835
19308,8.50245
19309,10.7803
19310,7.87702
19311,13.1354
19312,8.39067
19313,9.0398
19314,11.2647
19315,10.4136
19316,12.1022
19317,10.0805
19318,7.46008
19319,8.57167
19320,11.4938
19321,8.5013
19322,9.00757
19323,9.13488
19324,11.2097
19325,8.2513
19326,9.36327
19327,9.86492
19328,10.1062
19329,10.2633
19330,10.7311
19331,13.1448
19332,11.882
19333,8.15327
19334,12.3272
19335,10.6376
19336,10.6485
19337,11.2547
19338,15.3576
19339,8.56488
19340,7.74299
19341,7.77255
19342,8.07432
19343,8.11931
19344,8.17227
19345,8.24617
19346,12.611
19347,12.7462
19348,11.044
19349,9.61858
19350,11.7345
19351,9.85888
19352,9.96159
19353,10.3783
19354,11.7155
19355,10.9676
19356,12.0891
19357,9.79574
19358,9.71261
19359,9.82474
19360,10.0845
19361,13.0622
19362,9.62246
19363,7.79601
19364,10.2832
19365,7.70066
19366,9.35167
19367,10.1271
19368,16.6226
19369,9.82529
19370,11.0622
19371,12.149
19372,9.31725
19373,12.5444
19374,6.62359
19375,9.77347
19376,6.89152
19377,7.91203
19378,9.40293
19379,10.4798
19380,9.74842
19381,8.09542
19382,12.4443
19383,9.70515
19384,13.0391
19385,7.32071
19386,8.03388
19387,13.2023
19388,15.2652
19389,16.8843
19390,10.4794
19391,8.57625
19392,12.4802
19393,8.51748
19394,13.2217
19395,9.0652
19396,7.11177
19397,7.12337
19398,10.3495
19399,9.43485
19400,11.6728
19401,12.6908
19402,10.228
19403,13.5655
19404,9.68065
19405,9.22217
19406,11.2794
19407,8.40601
19408,8.09038
19409,8.85154
19410,11.0774
19411,9.53219
19412,7.7319
19413,11.9085
19414,9.93313
19415,8.00294
19416,11.4295
19417,6.94151
19418,9.06526
19419,9.2366
19420,9.50657
19421,12.754
19422,13.6617
19423,12.5333
19424,12.7204
19425,6.80564
19426,11.01
19427,10.0979
19428,9.68375
19429,11.4867
19430,12.3246
19431,8.67571
19432,8.12459
19433,9.0132
19434,12.0918
19435,10.3229
19436,12.5453
19437,11.1065
19438,12.2796
19439,7.64931
19440,9.00097
19441,11.6171
19442,11.9066
19443,8.45839
19444,7.51315
19445,9.75309
19446,9.78819
19447,10.2429
19448,11.5021
19449,9.13164
19450,11.7683
19451,7.78456
19452,12.9201
19453,9.10946
19454,10.2945
19455,9.85333
19456,13.9747
19457,10.147
19458,12.2762
19459,10.4417
19460,14.9956
19461,8.42056
19462,8.04445
19463,10.0103
19464,12.0526
19465,10.4731
19466,10.714
19467,6.80193
19468,7.81654
19469,6.87798
19470,9.28175
19471,6.48813
19472,9.56774
19473,10.2159
19474,10.5804
19475,10.6071
19476,11.2129
19477,11.4095
19478,11.282
19479,7.08932
19480,10.064
19481,10.3606
19482,10.7314
19483,11.3454
19484,11.4172
19485,11.4372
19486,11.571
19487,11.5811
19488,12.4455
19489,8.42798
19490,9.46936
19491,9.48089
19492,8.52925
19493,12.5166
19494,14.1211
19495,13.811
19496,12.9076
19497,6.11732
19498,9.26202
19499,8.48611
19500,8.07235
19501,14.0838
19502,10.6472
19503,8.85749
19504,13.2616
19505,12.398
19506,10.6322
19507,6.86883
19508,12.199
19509,8.25326
19510,8.91059
19511,9.00562
19512,9.49888
19513,9.70054
19514,12.715
19515,10.3237
19516,10.687
19517,11.5944
19518,5.95233
19519,11.0824
19520,12.2499
19521,12.2855
19522,11.3298
19523,11.6132
19524,12.6878
19525,12.8308
19526,11.242
19527,11.2562
19528,7.26628
19529,11.6938
19530,9.64682
19531,8.69115
19532,8.73248
19533,7.86778
19534,14.2652
19535,7.40964
19536,11.5675
19537,6.81528
19538,10.6144
19539,10.768
19540,9.28031
19541,8.96864
19542,8.99013
19543,9.02608
19544,9.07287
19545,9.85299
19546,8.88891
19547,10.0228
19548,10.3075
19549,6.80505
19550,6.8343
19551,11.0491
19552,10.2972
19553,9.77514
19554,7.87568
19555,9.79229
19556,10.8908
19557,9.54592
19558,9.5168
19559,7.12924
19560,9.35081
19561,9.58077
19562,8.23934
19563,9.72778
19564,12.6616
19565,9.79154
19566,7.84085
19567,7.96446
19568,10.2071
19569,14.9991
19570,8.67501
19571,14.0677
19572,12.1837
19573,12.0203
19574,10.1712
19575,12.1546
19576,12.5741
19577,11.1613
19578,7.26387
19579,7.57144
19580,11.8888
19581,7.43994
19582,6.68236
19583,6.70553
19584,6.73965
19585,9.13937
19586,8.50319
19587,11.8995
19588,10.1576
19589,11.3333
19590,8.64045
19591,11.0715
19592,7.85434
19593,9.94702
19594,12.0476
19595,8.57826
19596,9.5867
19597,8.66673
19598,9.45982
19599,9.968
19600,14.1019
19601,11.2798
19602,6.02711
19603,12.2862
19604,7.50928
19605,8.72192
19606,7.97321
19607,8.34084
19608,9.91206
19609,10.453
19610,10.9619
19611,9.98135
19612,10.612
19613,13.1123
19614,12.109
19615,6.25239
19616,8.46814
19617,10.0494
19618,11.1215
19619,15.2225
19620,11.6258
19621,9.77725
19622,6.58278
19623,10.8662
19624,11.2469
19625,9.82053
19626,9.53687
19627,7.95206
19628,16.8309
19629,9.11052
19630,11.5276
19631,10.1992
19632,14.5445
19633,11.3261
19634,8.35041
19635,8.68267
19636,12.197
19637,7.76018
19638,7.28177
19639,14.7251
19640,8.1158
19641,8.15376
19642,13.5189
19643,8.74933
19644,11.8858
19645,12.7527
19646,6.8513
19647,8.12511
19648,10.1645
19649,9.27237
19650,10.4787
19651,8.77872
19652,10.9461
19653,11.1059
19654,9.32535
19655,11.6365
19656,9.52108
19657,10.629
19658,11.6836
19659,13.186
19660,14.4138
19661,13.9313
19662,10.45
19663,11.2095
19664,9.16551
19665,8.6062
19666,11.2296
19667,7.23806
19668,7.42586
19669,11.655
19670,11.0838
19671,14.4828
19672,9.57767
19673,9.20001
19674,9.7145
19675,9.7536
19676,8.84443
19677,11.8649
19678,9.17746
19679,8.54997
19680,10.3373
19681,11.1009
19682,11.2603
19683,7.45659
19684,14.2576
19685,10.9718
19686,8.52446
19687,15.293
19688,8.70635
19689,10.8718
19690,9.92442
19691,8.9955
19692,11.2835
19693,9.30855
19694,11.8891
19695,10.1615
19696,11.2725
19697,12.2809
19698,10.4099
19699,9.90034
19700,16.1007
19701,10.0069
19702,10.0896
19703,10.0585
19704,8.42113
19705,13.777
19706,7.11827
19707,8.98135
19708,12.6817
19709,9.7517
19710,11.2013
19711,6.34158
19712,13.5288
19713,9.78259
19714,7.83609
19715,11.556
19716,7.14534
19717,8.50461
19718,8.61749
19719,6.75976
19720,12.3815
19721,10.5337
19722,8.82809
19723,10.8982
19724,9.46508
19725,7.83085
19726,7.98006
19727,8.3779
19728,8.48096
19729,9.11783
19730,9.41927
19731,10.8975
19732,7.47847
19733,10.6349
19734,6.99976
19735,11.2998
19736,8.59357
19737,11.644
19738,9.79922
19739,11.9158
19740,11.4185
19741,9.54243
19742,9.34028
19743,11.6811
19744,9.80253
19745,11.1203
19746,11.6123
19747,7.95516
19748,14.9996
19749,8.53838
19750,9.19817
19751,9.903
19752,7.24691
19753,11.6255
19754,11.8732
19755,13.496
19756,7.94754
19757,10.0855
19758,8.2901
19759,9.29854
19760,10.5696
19761,9.82991
19762,9.98977
19763,12.3458
19764,8.05569
19765,9.15796
19766,11.5454
19767,7.58341
19768,9.36434
19769,12.3814
19770,9.47367
19771,18.9146
19772,10.0989
19773,10.6651
19774,11.6515
19775,13.0152
19776,8.28881
19777,14.8754
19778,14.7192
19779,9.34936
19780,10.4624
19781,8.6792
19782,10.8177
19783,10.3276
19784,9.87797
19785,11.3989
19786,10.3832
19787,11.4592
19788,11.9966
19789,12.1271
19790,12.1683
19791,12.4858
19792,10.6754
19793,12.4304
19794,7.17813
19795,9.25073
19796,8.49382
19797,9.37764
19798,11.5358
19799,9.577
19800,10.1356
19801,15.3228
19802,10.4009
19803,10.455
19804,10.4916
19805,15.8301
19806,16.7684
19807,10.1768
19808,13.5556
19809,7.66058
19810,10.6718
19811,11.9727
19812,10.0459
19813,9.52717
19814,11.0511
19815,8.07191
19816,9.6035
19817,11.6359
19818,9.82229
19819,9.83072
19820,11.868
19821,9.91259
19822,9.34619
19823,10.4156
19824,7.96239
19825,11.4253
19826,8.08076
19827,7.64412
19828,7.87771
19829,16.2952
19830,6.03003
19831,10.0089
19832,7.08206
19833,8.55305
19834,9.77401
19835,8.10815
19836,9.85157
19837,7.86
19838,11.0284
19839,8.14537
19840,12.2816
19841,8.89986
19842,9.0027
19843,10.3487
19844,9.7609
19845,9.92438
19846,10.4963
19847,11.6541
19848,8.88834
19849,7.96431
19850,7.94963
19851,12.1061
19852,7.13913
19853,7.2791
19854,9.09346
19855,9.09237
19856,9.16338
19857,14.4853
19858,11.5848
19859,7.81602
19860,12.9029
19861,8.54213
19862,10.7783
19863,8.85293
19864,13.0104
19865,11.3059
19866,8.3871
19867,7.49376
19868,8.89419
19869,12.5175
19870,8.99263
19871,15.201
19872,11.4335
19873,9.48438
19874,9.78487
19875,9.97076
19876,8.75589
19877,11.8996
19878,13.6083
19879,7.64747
19880,11.3393
19881,8.56357
19882,9.35165
19883,8.66206
19884,7.92765
19885,10.4915
19886,5.65834
19887,10.1921
19888,12.6931
19889,10.1101
19890,6.89192
19891,8.27528
19892,8.37611
19893,7.83186
19894,8.41558
19895,10.5067
19896,11.1309
19897,8.89487
19898,12.4381
19899,9.62904
19900,7.61586
19901,10.633
19902,14.1438
19903,11.3064
19904,14.0006
19905,15.095
19906,9.45306
19907,8.59271
19908,10.7922
19909,9.94057
19910,11.2436
19911,8.31718
19912,10.6741
19913,9.73673
19914,10.8731
19915,12.9752
19916,7.39656
19917,9.93783
19918,13.3152
19919,10.3916
19920,14.6391
19921,11.5045
19922,11.7608
19923,12.2853
19924,12.6124
19925,10.6554
19926,14.9449
19927,8.01191
19928,11.1672
19929,11.8694
19930,8.1884
19931,9.20811
19932,10.349
19933,13.413
19934,8.44819
19935,10.062
19936,12.3371
19937,11.2013
19938,9.57209
19939,10.59
19940,9.37338
19941,10.1962
19942,10.9474
19943,12.7641
19944,10.9919
19945,9.70127
19946,8.88901
19947,14.0497
19948,8.3399
19949,11.7978
19950,10.176
19951,8.5078
19952,10.681
19953,11.7068
19954,18.8744
19955,7.73374
19956,7.5071
19957,7.52322
19958,7.5507
19959,10.6398
19960,7.78557
19961,9.042
19962,6.10198
19963,13.2871
19964,9.5752
19965,10.6207
19966,10.968
19967,11.1551
19968,11.3462
19969,9.36108
19970,8.60865
19971,11.6352
19972,7.4253
19973,10.5973
19974,14.1689
19975,13.6623
19976,11.9099
19977,10.051
19978,9.95892
19979,7.31564
19980,8.34183
19981,9.35026
19982,9.40615
19983,10.9587
19984,5.96319
19985,8.28688
19986,8.88213
19987,9.4093
19988,8.0937
19989,10.1746
19990,10.2768
19991,8.03714
19992,9.05523
19993,14.104
19994,17.297
19995,6.73279
19996,9.60955
19997,9.05528
19998,9.17248
19999,9.39435
20000,9.94807
20001,10.6758
20002,11.2681
20003,7.71098
20004,11.9623
20005,12.5745
20006,9.44271
20007,10.1509
20008,9.42627
20009,9.55286
20010,10.9197
20011,5.61244
20012,6.70117
20013,13.7295
20014,9.82956
20015,12.7687
20016,9.12828
20017,10.1736
20018,10.0124
20019,16.0915
20020,11.8678
20021,5.0701
20022,8.57454
20023,8.81928
20024,8.96002
20025,9.4705
20026,7.66788
20027,11.8135
20028,7.84298
20029,8.97683
20030,8.36635
20031,9.94859
20032,7.11532
20033,10.1913
20034,10.2769
20035,10.6578
20036,8.55493
20037,12.3153
20038,9.14098
20039,10.1734
20040,10.6802
20041,9.73591
20042,11.6475
20043,14.7442
20044,6.40544
20045,9.90723
20046,7.97265
20047,8.69857
20048,8.91333
20049,9.46838
20050,11.5216
20051,9.55011
20052,9.565
20053,8.12109
20054,8.45283
20055,10.8514
20056,12.314
20057,8.01161
20058,9.34656
20059,8.88543
20060,10.9931
20061,13.724
20062,8.77349
20063,12.2597
20064,12.6844
20065,11.6237
20066,7.12862
20067,10.1854
20068,12.21
20069,8.23896
20070,9.86978
20071,7.93409
20072,9.38093
20073,5.47415
20074,14.0181
20075,8.12955
20076,11.8682
20077,9.31021
20078,8.35584
20079,8.51219
20080,8.56751
20081,9.15452
20082,9.18373
20083,9.30122
20084,9.45382
20085,9.57152
20086,9.7679
20087,8.00749
20088,10.0786
20089,10.1977
20090,14.2134
20091,10.4941
20092,8.76891
20093,8.80251
20094,11.0138
20095,11.7296
20096,10.3113
20097,10.3454
20098,10.4181
20099,7.82739
20100,9.9826
20101,14.1346
20102,11.1526
20103,7.22939
20104,11.243
20105,11.6064
20106,12.4495
20107,14.8739
20108,10.8824
20109,10.4504
20110,7.74013
20111,7.19756
20112,11.652
20113,11.116
20114,7.08032
20115,11.1932
20116,10.3982
20117,6.87315
20118,8.07703
20119,9.1266
20120,10.4645
20121,10.5158
20122,9.43938
20123,10.2564
20124,11.9163
20125,10.9537
20126,11.001
20127,14.0182
20128,10.2009
20129,12.2094
20130,8.67193
20131,12.3323
20132,8.43962
20133,8.74965
20134,11.6986
20135,16.0412
20136,11.5624
20137,7.81068
20138,8.92022
20139,7.06169
20140,9.13568
20141,10.745
20142,9.83985
20143,9.07384
20144,9.55071
20145,9.05451
20146,11.3682
20147,10.2341
20148,10.3163
20149,9.4746
20150,8.83287
20151,10.3546
20152,11.0844
20153,10.7378
20154,13.8421
20155,12.9128
20156,10.0894
20157,8.16496
20158,8.68408
20159,7.65505
20160,10.7719
20161,13.9943
20162,8.50029
20163,13.6068
20164,7.82244
20165,8.29842
20166,11.3092
20167,7.45862
20168,9.43042
20169,11.3353
20170,12.4674
20171,11.6794
20172,8.51669
20173,8.62528
20174,14.4328
20175,12.4634
20176,9.84443
20177,10.9957
20178,9.62655
20179,8.73355
20180,10.0449
20181,9.62231
20182,8.08478
20183,7.65885
20184,7.86943
20185,11.6034
20186,6.12568
20187,9.6215
20188,10.8107
20189,12.4624
20190,12.0036
20191,8.30322
20192,8.982
20193,10.1625
20194,9.59464
20195,8.89406
20196,9.22191
20197,6.42241
20198,12.3311
20199,11.3955
20200,10.708
20201,9.96206
20202,9.02086
20203,11.4379
20204,7.32606
20205,8.77302
20206,11.5457
20207,8.89756
20208,10.2791
20209,10.4375
20210,9.72164
20211,12.4075
20212,10.1404
20213,8.37239
20214,9.66038
20215,7.86766
20216,11.23
20217,10.6168
20218,6.84426
20219,11.2278
20220,13.4146
20221,9.5152
20222,14.0327
20223,7.18232
20224,13.6049
20225,11.3018
20226,12.7952
20227,9.88262
20228,9.21774
20229,10.1935
20230,10.5707
20231,10.1263
20232,11.8015
20233,10.987
20234,10.4641
20235,9.69446
20236,8.77441
20237,10.1954
20238,12.327
20239,9.44498
20240,7.49928
20241,10.2527
20242,10.7018
20243,8.11994
20244,10.4308
20245,10.9077
20246,14.5196
20247,13.0028
20248,12.0676
20249,8.32566
20250,9.11832
20251,9.77112
20252,7.48393
20253,9.62975
20254,6.30203
20255,9.72574
20256,9.955
20257,7.96343
20258,8.08464
20259,12.0461
20260,11.1308
20261,12.0212
20262,12.5347
20263,9.25015
20264,6.047
20265,14.6389
20266,8.98919
20267,9.3139
20268,10.3191
20269,11.2844
20270,11.8006
20271,11.8677
20272,8.08146
20273,12.5566
20274,8.60154
20275,8.53299
20276,8.7904
20277,10.0267
20278,8.02807
20279,10.0462
20280,12.4434
20281,8.10231
20282,11.5804
20283,7.81597
20284,12.1012
20285,11.6427
20286,13.5594
20287,7.02297
20288,15.6888
20289,13.9334
20290,6.1728
20291,7.58215
20292,8.7599
20293,6.82867
20294,9.08058
20295,9.09292
20296,9.12666
20297,6.26014
20298,8.89399
20299,13.6359
20300,8.57508
20301,11.2643
20302,9.35959
20303,9.90053
20304,13.0444
20305,14.2001
20306,10.0453
20307,10.8085
20308,11.522
20309,15.1004
20310,12.4215
20311,9.62568
20312,12.8517
20313,8.21707
20314,9.42699
20315,9.43589
20316,7.53773
20317,11.7419
20318,14.7168
20319,12.149
20320,10.5499
20321,10.0967
20322,15.3702
20323,7.76463
20324,10.0264
20325,10.407
20326,6.86501
20327,9.82064
20328,10.6201
20329,10.7439
20330,12.6796
20331,10.764
20332,14.0507
20333,11.1551
20334,9.31451
20335,11.3229
20336,11.8113
20337,6.52565
20338,8.83108
20339,7.20678
20340,11.3752
20341,12.0922
20342,7.6774
20343,10.7518
20344,10.2934
20345,11.0201
20346,9.35285
20347,12.4768
20348,9.14764
20349,11.3323
20350,10.9632
20351,8.05726
20352,7.30828
20353,10.5294
20354,9.64684
20355,13.3434
20356,10.5105
20357,8.69174
20358,5.99319
20359,9.60466
20360,11.935
20361,9.06482
20362,10.2367
20363,11.8655
20364,13.078
20365,13.1006
20366,8.891
20367,11.6744
20368,7.46282
20369,12.9525
20370,9.96893
20371,12.2493
20372,9.81177
20373,13.9017
20374,15.1353
20375,9.98785
20376,7.47018
20377,11.8742
20378,9.11581
20379,11.3453
20380,10.1872
20381,8.19561
20382,7.40144
20383,8.43103
20384,10.6046
20385,10.4131
20386,10.6475
20387,10.1229
20388,9.55855
20389,13.9636
20390,8.5007
20391,11.8897
20392,8.53519
20393,8.71182
20394,9.15305
20395,6.64359
20396,9.68434
20397,9.9416
20398,9.95825
20399,10.0454
20400,9.12306
20401,13.3238
20402,9.71347
20403,10.0438
20404,13.1083
20405,15.939
20406,12.9905
20407,10.6744
20408,8.99158
20409,8.70291
20410,7.9753
20411,12.9837
20412,12.2402
20413,15.957
20414,9.60438
20415,8.40698
20416,8.68179
20417,8.84901
20418,8.17235
20419,9.47425
20420,8.51896
20421,6.68591
20422,7.84719
20423,11.3849
20424,8.62485
20425,8.95424
20426,9.3886
20427,9.55222
20428,9.83693
20429,10.0487
20430,8.22492
20431,10.5785
20432,11.8016
20433,12.2824
20434,11.4307
20435,11.9071
20436,10.0351
20437,10.4799
20438,6.71596
20439,10.8016
20440,6.45741
20441,13.5816
20442,5.60616
20443,8.98365
20444,9.14162
20445,9.62322
20446,11.9829
20447,7.04937
20448,10.1865
20449,10.7608
20450,8.77701
20451,8.35592
20452,8.38783
20453,9.49064
20454,9.94088
20455,11.7164
20456,10.1004
20457,8.88044
20458,13.9874
20459,7.92205
20460,7.96589
20461,7.736
20462,15.0859
20463,10.2129
20464,9.62842
20465,10.6368
20466,6.61345
20467,8.92793
20468,8.24044
20469,7.34928
20470,8.78806
20471,9.02898
20472,9.33727
20473,11.4197
20474,9.63972
20475,8.80515
20476,9.30687
20477,9.43464
20478,10.5871
20479,8.90359
20480,11.4075
20481,11.4717
20482,8.16335
20483,9.73896
20484,8.89852
20485,9.10904
20486,6.29101
20487,9.72561
20488,9.75269
20489,9.36055
20490,9.52872
20491,12.6974
20492,11.0987
20493,11.3816
20494,11.4461
20495,12.7465
20496,9.8483
20497,13.0557
20498,9.0707
20499,8.21167
20500,8.44734
20501,8.54869
20502,8.83751
20503,9.44985
20504,10.4781
20505,9.57609
20506,9.73428
20507,9.03448
20508,10.2685
20509,10.2843
20510,10.4373
20511,11.5662
20512,10.5761
20513,10.8754
20514,11.3524
20515,11.3689
20516,11.4604
20517,11.6991
20518,11.8406
20519,12.0859
20520,10.2479
20521,12.6425
20522,10.7136
20523,12.7975
20524,11.9221
20525,13.2085
20526,8.37391
20527,9.42538
20528,14.9167
20529,10.7388
20530,10.7472
20531,8.60511
20532,10.6894
20533,11.87
20534,12.9296
20535,9.9775
20536,12.189
20537,13.2276
20538,8.64247
20539,14.7931
20540,8.86095
20541,6.58514
20542,8.26516
20543,11.5469
20544,10.9659
20545,8.73322
20546,10.2705
20547,9.38498
20548,6.51422
20549,9.93393
20550,7.33925
20551,10.3705
20552,7.60306
20553,11.0819
20554,8.62815
20555,10.816
20556,9.87022
20557,10.0555
20558,9.56944
20559,10.4596
20560,10.9419
20561,10.1332
20562,7.18447
20563,7.65444
20564,7.80191
20565,9.23274
20566,13.389
20567,6.8056
20568,7.04591
20569,8.85313
20570,8.49319
20571,8.95428
20572,9.30399
20573,12.46
20574,11.4942
20575,9.60377
20576,11.0128
20577,8.2817
20578,12.1284
20579,11.1773
20580,7.29226
20581,9.31969
20582,7.84776
20583,10.0407
20584,7.08396
20585,8.82456
20586,9.53133
20587,7.20053
20588,10.7952
20589,10.8037
20590,10.8743
20591,13.8153
20592,7.95266
20593,13.0939
20594,8.68716
20595,12.8213
20596,8.11954
20597,11.5628
20598,8.68599
20599,8.89115
20600,14.6182
20601,8.97226
20602,9.5014
20603,8.40785
20604,8.88959
20605,7.86126
20606,8.26111
20607,7.60883
20608,9.09217
20609,7.66019
20610,10.0052
20611,10.3388
20612,8.41828
20613,8.62167
20614,8.66312
20615,8.67155
20616,8.70788
20617,12.5611
20618,9.9506
20619,5.7967
20620,11.249
20621,7.5434
20622,7.2026
20623,8.5259
20624,14.8883
20625,7.8094
20626,10.3949
20627,9.54432
20628,11.6607
20629,8.87031
20630,9.08248
20631,7.77871
20632,13.6813
20633,12.3362
20634,11.8455
20635,10.0934
20636,11.2802
20637,8.84212
20638,10.1445
20639,9.58644
20640,7.75458
20641,15.8059
20642,9.176
20643,17.4297
20644,10.7893
20645,8.05326
20646,10.2752
20647,11.8053
20648,8.19852
20649,8.20695
20650,8.90559
20651,9.13359
20652,9.22714
20653,8.65589
20654,6.74985
20655,9.10565
20656,11.0208
20657,11.1502
20658,11.1535
20659,7.90968
20660,7.12912
20661,9.4597
20662,7.77488
20663,8.6371
20664,11.6656
20665,9.60863
20666,10.7083
20667,9.97529
20668,10.9441
20669,11.4514
20670,11.6809
20671,7.89182
20672,8.05613
20673,8.5145
20674,8.66787
20675,12.8723
20676,13.0364
20677,7.96749
20678,10.8206
20679,12.2965
20680,8.66843
20681,13.2394
20682,8.78964
20683,10.761
20684,10.1499
20685,13.1584
20686,8.9213
20687,14.4868
20688,10.4654
20689,16.219
20690,13.6306
20691,8.08086
20692,9.57037
20693,9.40291
20694,9.49122
20695,7.22116
20696,8.28767
20697,8.93198
20698,5.69465
20699,11.8236
20700,12.7645
20701,10.0715
20702,12.094
20703,9.51004
20704,9.56389
20705,11.9794
20706,10.2627
20707,15.3849
20708,12.3018
20709,6.54948
20710,11.7663
20711,7.04017
20712,9.21423
20713,8.55262
20714,11.144
20715,11.5008
20716,10.5916
20717,10.934
20718,7.64747
20719,8.71513
20720,11.7833
20721,11.8393
20722,7.27419
20723,12.6057
20724,7.68611
20725,9.70248
20726,13.8934
20727,9.93889
20728,14.3145
20729,8.94294
20730,8.95137
20731,11.4474
20732,12.5409
20733,10.1035
20734,9.33791
20735,9.41673
20736,10.5001
20737,8.70581
20738,12.6981
20739,12.4978
20740,9.09707
20741,9.73422
20742,11.0742
20743,11.1497
20744,7.58934
20745,14.9661
20746,9.1624
20747,12.8215
20748,12.9554
20749,10.7511
20750,9.84583
20751,7.87856
20752,13.3335
20753,10.425
20754,11.9334
20755,7.00475
20756,12.4503
20757,8.27228
20758,8.32351
20759,10.6712
20760,10.7001
20761,10.8483
20762,10.9628
20763,11.5001
20764,12.2536
20765,13.2996
20766,13.1269
20767,6.54686
20768,11.2475
20769,6.86735
20770,8.08035
20771,9.30311
20772,9.02302
20773,9.24599
20774,10.8259
20775,9.83433
20776,7.68921
20777,7.95475
20778,10.7432
20779,9.82138
20780,12.5
20781,12.301
20782,7.57471
20783,8.77143
20784,9.27623
20785,9.33894
20786,10.4995
20787,11.9073
20788,8.10036
20789,7.58438
20790,10.5412
20791,11.3689
20792,17.2026
20793,9.35545
20794,7.80455
20795,13.1546
20796,13.5817
20797,10.6955
20798,9.12693
20799,10.245
20800,9.30889
20801,9.12283
20802,7.55712
20803,9.64232
20804,10.4545
20805,11.3443
20806,12.056
20807,9.73296
20808,10.8747
20809,7.10137
20810,12.4868
20811,9.49764
20812,9.16812
20813,11.1909
20814,15.4734
20815,7.22148
20816,10.2556
20817,7.68653
20818,8.08477
20819,13.193
20820,8.20621
20821,8.47311
20822,9.98079
20823,7.40804
20824,10.4736
20825,10.7909
20826,8.75214
20827,8.8249
20828,13.2819
20829,8.24009
20830,10.4548
20831,10.7124
20832,12.0253
20833,13.0666
20834,9.30256
20835,10.4634
20836,12.2211
20837,9.95563
20838,7.19909
20839,7.44632
20840,7.68622
20841,8.87492
20842,9.66124
20843,6.72308
20844,10.4068
20845,10.6262
20846,10.6346
20847,11.0256
20848,10.3703
20849,9.53042
20850,10.8888
20851,9.3725
20852,11.8989
20853,10.3211
20854,13.673
20855,9.68579
20856,10.7252
20857,7.81327
20858,13.8231
20859,11.9235
20860,10.6822
20861,5.9761
20862,12.7633
20863,7.14558
20864,10.3224
20865,9.11322
20866,11.3406
20867,7.66895
20868,9.92097
20869,13.2468
20870,8.98726
20871,11.3941
20872,7.58013
20873,7.73729
20874,11.4788
20875,11.4924
20876,8.80123
20877,8.85577
20878,13.5737
20879,9.80553
20880,7.35487
20881,8.99446
20882,8.13308
20883,8.23851
20884,10.8692
20885,10.4555
20886,10.711
20887,11.1381
20888,11.9661
20889,7.22603
20890,8.30719
20891,11.3961
20892,9.14605
20893,11.3392
20894,11.5663
20895,11.7987
20896,10.8137
20897,9.94615
20898,11.4838
20899,13.5089
20900,9.53429
20901,8.34376
20902,9.32687
20903,6.95085
20904,15.4495
20905,7.50038
20906,8.52949
20907,11.9066
20908,8.83826
20909,11.7224
20910,8.5163
20911,7.59288
20912,5.94787
20913,8.62887
20914,9.37964
20915,9.4286
20916,14.1237
20917,7.4101
20918,9.81297
20919,9.92551
20920,8.04119
20921,10.7937
20922,10.9815
20923,9.36782
20924,8.71358
20925,9.68576
20926,7.91856
20927,6.04283
20928,11.152
20929,7.45649
20930,12.28
20931,7.9235
20932,10.2639
20933,9.61513
20934,7.69694
20935,8.75552
20936,9.92792
20937,13.0908
20938,9.31611
20939,13.4083
20940,14.508
20941,11.7397
20942,7.06219
20943,10.7084
20944,6.75586
20945,13.8457
20946,16.0373
20947,8.11115
20948,9.71468
20949,13.8347
20950,8.53362
20951,11.4981
20952,7.60474
20953,11.8605
20954,13.8887
20955,7.97323
20956,14.2684
20957,9.44098
20958,9.46659
20959,8.71138
20960,9.90423
20961,9.00676
20962,11.2078
20963,10.6176
20964,11.81
20965,13.192
20966,11.3288
20967,5.76756
20968,9.38627
20969,10.2387
20970,10.3309
20971,7.4608
20972,9.4763
20973,11.5074
20974,10.584
20975,9.91719
20976,11.6252
20977,11.4417
20978,10.5203
20979,10.8729
20980,12.4693
20981,10.5675
20982,9.90696
20983,10.3395
20984,7.37294
20985,11.6798
20986,7.3916
20987,8.11284
20988,8.60119
20989,8.91143
20990,7.95373
20991,9.09651
20992,11.5493
20993,9.55996
20994,10.1206
20995,10.5864
20996,9.74721
20997,7.55398
20998,11.2068
20999,11.3732
21000,12.5937
21001,9.8408
21002,15.0149
21003,9.99065
21004,10.2793
21005,7.32847
21006,10.3369
21007,9.94656
21008,9.64953
21009,8.96105
21010,8.96948
21011,8.49153
21012,11.7337
21013,12.6337
21014,9.83602
21015,8.24634
21016,9.38129
21017,10.593
21018,14.0666
21019,9.12214
21020,7.277
21021,9.45841
21022,10.5645
21023,8.19621
21024,14.2341
21025,7.32215
21026,8.7544
21027,10.709
21028,10.7381
21029,10.6504
21030,7.11669
21031,11.7659
21032,7.4596
21033,6.50976
21034,8.61876
21035,8.72976
21036,10.516
21037,9.80202
21038,11.2238
21039,7.40298
21040,9.477
21041,9.84688
21042,9.93928
21043,8.28489
21044,9.68961
21045,13.4341
21046,11.8868
21047,8.19092
21048,8.23487
21049,9.55057
21050,12.6681
21051,6.80009
21052,6.75012
21053,8.55236
21054,8.79662
21055,9.22706
21056,13.2939
21057,8.71932
21058,10.3596
21059,6.83488
21060,10.8895
21061,7.4371
21062,13.5352
21063,8.15484
21064,7.2154
21065,7.51138
21066,8.84356
21067,9.08621
21068,14.3537
21069,8.58153
21070,9.77689
21071,10.1321
21072,11.2164
21073,9.91433
21074,9.32966
21075,10.3896
21076,9.39804
21077,7.83762
21078,9.96323
21079,11.1359
21080,12.9471
21081,9.95674
21082,10.4887
21083,8.54075
21084,11.9723
21085,10.6309
21086,7.45789
21087,9.49249
21088,9.99005
21089,8.3423
21090,8.579
21091,10.8105
21092,9.56344
21093,13.3986
21094,12.7016
21095,9.75662
21096,11.0656
21097,8.72771
21098,11.5417
21099,14.0114
21100,10.3809
21101,9.38936
21102,9.33958
21103,11.7626
21104,8.5391
21105,10.7835
21106,10.5824
21107,13.0858
21108,9.29159
21109,13.9393
21110,9.66513
21111,6.73543
21112,7.07879
21113,12.3348
21114,10.6367
21115,10.9304
21116,9.40399
21117,12.4228
21118,9.47161
21119,11.4082
21120,7.78367
21121,9.38421
21122,7.6705
21123,11.1347
21124,10.4387
21125,8.65639
21126,12.244
21127,7.34862
21128,13.3571
21129,6.92604
21130,10.6248
21131,9.75936
21132,8.7971
21133,7.23195
21134,8.35064
21135,7.40443
21136,9.07583
21137,13.9375
21138,9.89621
21139,11.9046
21140,9.45563
21141,8.46406
21142,8.66461
21143,9.40153
21144,7.49831
21145,11.8166
21146,8.01787
21147,10.2896
21148,17.5952
21149,10.8755
21150,10.1511
21151,9.42793
21152,12.5048
21153,7.33542
21154,10.9088
21155,7.40712
21156,9.58361
21157,10.7056
21158,8.03659
21159,9.58696
21160,10.0445
21161,10.2546
21162,10.5313
21163,12.674
21164,9.71568
21165,12.1337
21166,7.75176
21167,10.1265
21168,8.44359
21169,8.89551
21170,13.5311
21171,11.6227
21172,9.87472
21173,12.081
21174,10.2292
21175,6.29284
21176,9.92171
21177,11.0232
21178,10.0833
21179,10.7827
21180,6.94465
21181,12.2369
21182,11.0581
21183,9.59176
21184,8.78118
21185,9.92215
21186,9.61412
21187,7.78837
21188,11.4022
21189,9.50653
21190,9.9474
21191,12.4603
21192,9.61596
21193,9.72653
21194,9.99442
21195,10.7161
21196,7.99844
21197,7.99166
21198,9.41639
21199,9.48809
21200,8.85279
21201,14.8878
21202,10.089
21203,9.40649
21204,10.9521
21205,11.2337
21206,11.3521
21207,10.4589
21208,10.6925
21209,10.447
21210,12.3326
21211,11.9733
21212,14.0473
21213,8.08287
21214,8.37535
21215,8.54205
21216,11.5858
21217,9.89066
21218,9.15002
21219,9.38251
21220,9.4578
21221,13.7442
21222,9.93149
21223,9.13835
21224,9.2919
21225,8.11228
21226,13.067
21227,9.0969
21228,9.77609
21229,9.84988
21230,12.1403
21231,12.6282
21232,9.22551
21233,8.34184
21234,10.4464
21235,15.4713
21236,10.5036
21237,13.5442
21238,10.8392
21239,9.05771
21240,15.1455
21241,9.1957
21242,14.2743
21243,10.619
21244,8.85933
21245,10.0343
21246,10.262
21247,10.3701
21248,7.162
21249,12.1841
21250,9.6351
21251,10.1233
21252,10.5835
21253,8.78604
21254,10.897
21255,8.48954
21256,7.6296
21257,11.1097
21258,14.4913
21259,10.4562
21260,9.25141
21261,8.77055
21262,7.93207
21263,10.6352
21264,8.63786
21265,9.27468
21266,10.301
21267,8.63182
21268,15.3326
21269,11.3917
21270,10.9632
21271,11.0572
21272,8.83557
21273,8.85046
21274,8.76462
21275,12.7759
21276,9.27462
21277,7.61047
21278,11.2476
21279,11.4159
21280,11.5368
21281,8.68801
21282,8.85462
21283,10.944
21284,11.2166
21285,7.73691
21286,7.95038
21287,12.0209
21288,8.20649
21289,8.31489
21290,8.3579
21291,8.89767
21292,8.97649
21293,9.0529
21294,9.25075
21295,9.35296
21296,9.36972
21297,10.491
21298,10.7341
21299,12.1468
21300,11.3689
21301,11.9921
21302,12.2431
21303,12.6707
21304,13.1791
21305,13.4035
21306,10.5113
21307,14.1571
21308,8.72459
21309,10.1157
21310,8.72347
21311,8.61672
21312,5.80507
21313,9.08077
21314,10.9765
21315,9.02939
21316,11.159
21317,11.519
21318,9.67605
21319,11.1414
21320,8.35796
21321,9.46978
21322,9.52732
21323,7.67148
21324,9.38801
21325,11.8517
21326,8.92137
21327,9.71848
21328,11.379
21329,12.5321
21330,10.6606
21331,13.9244
21332,13.1151
21333,10.2041
21334,12.426
21335,14.5644
21336,14.119
21337,7.00031
21338,8.3592
21339,6.91758
21340,9.24394
21341,6.54437
21342,11.8651
21343,8.37262
21344,9.76257
21345,9.51722
21346,14.497
21347,8.696
21348,7.70443
21349,10.8509
21350,14.3671
21351,15.9183
21352,9.98673
21353,10.3905
21354,13.5648
21355,9.82817
21356,10.4898
21357,10.7838
21358,9.47159
21359,10.1371
21360,9.4784
21361,15.6633
21362,12.7005
21363,13.4663
21364,7.56428
21365,6.93
21366,9.0549
21367,9.06333
21368,12.0581
21369,10.5857
21370,10.9014
21371,9.31578
21372,11.3269
21373,7.9633
21374,8.21833
21375,8.67696
21376,10.9624
21377,7.13215
21378,10.7917
21379,9.9047
21380,7.91313
21381,15.0605
21382,10.0861
21383,11.4203
21384,8.35505
21385,11.3757
21386,12.2716
21387,10.4411
21388,10.8344
21389,13.0697
21390,15.0814
21391,10.5328
21392,8.86519
21393,12.1617
21394,14.2259
21395,13.3298
21396,9.42718
21397,9.94097
21398,10.0181
21399,10.0926
21400,12.1258
21401,10.1605
21402,8.86996
21403,11.7423
21404,11.8497
21405,9.01678
21406,8.73455
21407,12.2096
21408,12.6392
21409,7.81311
21410,8.15289
21411,13.1691
21412,8.77026
21413,13.953
21414,9.09549
21415,9.14861
21416,10.3149
21417,10.7845
21418,6.45237
21419,11.4751
21420,12.1867
21421,9.90028
21422,10.2281
21423,8.29747
21424,15.7934
21425,9.12498
21426,11.1645
21427,11.2317
21428,11.4612
21429,10.5245
21430,11.2692
21431,10.9215
21432,8.05234
21433,12.5729
21434,13.9525
21435,10.4479
21436,9.32694
21437,12.5624
21438,12.0294
21439,7.1922
21440,9.1228
21441,7.40625
21442,11.2086
21443,8.35803
21444,8.48773
21445,13.0589
21446,11.2306
21447,11.4142
21448,6.93084
21449,7.67597
21450,12.2599
21451,6.31843
21452,8.66419
21453,6.42853
21454,16.1359
21455,7.47122
21456,10.6973
21457,9.78985
21458,10.3573
21459,9.92911
21460,10.0697
21461,12.1703
21462,11.1237
21463,11.9435
21464,8.08759
21465,9.98656
21466,9.03961
21467,10.1246
21468,9.68954
21469,11.4472
21470,10.7933
21471,12.5562
21472,9.96876
21473,11.6515
21474,12.3166
21475,13.2033
21476,14.0503
21477,9.25991
21478,10.425
21479,10.1366
21480,10.2735
21481,10.7064
21482,9.81533
21483,8.24267
21484,8.43464
21485,9.01868
21486,10.1755
21487,11.2964
21488,9.37258
21489,8.90075
21490,11.1079
21491,10.3683
21492,9.45311
21493,10.5052
21494,11.1399
21495,11.1731
21496,14.9158
21497,10.4914
21498,7.85309
21499,8.14405
21500,8.25473
21501,8.49572
21502,8.67206
21503,11.6853
21504,9.78658
21505,10.0112
21506,9.05995
21507,8.18599
21508,9.74185
21509,7.83342
21510,10.1312
21511,8.17826
21512,10.2679
21513,11.3572
21514,11.4552
21515,13.5865
21516,9.77693
21517,11.6698
21518,8.00247
21519,7.71799
21520,11.3621
21521,11.4489
21522,10.6061
21523,9.1229
21524,14.4402
21525,10.509
21526,8.63449
21527,9.42598
21528,11.8809
21529,15.0443
21530,6.98094
21531,8.34715
21532,9.03332
21533,9.22072
21534,9.45303
21535,9.50341
21536,11.028
21537,10.2637
21538,10.8997
21539,15.2777
21540,12.2096
21541,7.36778
21542,12.3083
21543,8.46335
21544,9.60857
21545,6.9566
21546,10.2632
21547,8.13074
21548,10.505
21549,7.79925
21550,7.76694
21551,8.79635
21552,9.71873
21553,10.2805
21554,10.4056
21555,8.52978
21556,10.7155
21557,10.895
21558,10.9223
21559,12.9502
21560,8.15872
21561,11.3539
21562,10.0142
21563,10.3869
21564,8.61798
21565,11.6264
21566,12.8253
21567,8.21744
21568,11.348
21569,12.7476
21570,13.2626
21571,12.3249
21572,10.119
21573,11.3796
21574,11.649
21575,13.2494
21576,11.4009
21577,11.5533
21578,8.61797
21579,8.6264
21580,9.25231
21581,10.3748
21582,12.0223
21583,11.1002
21584,8.38343
21585,8.49878
21586,12.7336
21587,10.4498
21588,8.88107
21589,11.2739
21590,15.5102
21591,13.3208
21592,9.4895
21593,9.70453
21594,11.928
21595,12.6102
21596,10.7053
21597,11.2009
21598,12.2094
21599,10.3645
21600,7.65112
21601,8.71112
21602,13.3691
21603,13.6421
21604,7.70261
21605,10.208
21606,10.3175
21607,9.35719
21608,9.62044
21609,14.6316
21610,8.65621
21611,13.7617
21612,11.1823
21613,11.7515
21614,12.1723
21615,9.23188
21616,10.7286
21617,9.81279
21618,8.21357
21619,8.44947
21620,8.57071
21621,7.12647
21622,6.08911
21623,11.2697
21624,10.8679
21625,7.21386
21626,11.4779
21627,7.85302
21628,8.87787
21629,8.49848
21630,6.68299
21631,9.82866
21632,6.85701
21633,7.57636
21634,8.43665
21635,8.52816
21636,6.82523
21637,9.98267
21638,7.34199
21639,10.6239
21640,10.8441
21641,7.1267
21642,12.6409
21643,11.843
21644,9.03569
21645,12.3411
21646,10.3702
21647,12.5564
21648,11.4625
21649,11.8598
21650,9.8926
21651,9.10598
21652,10.3985
21653,12.7445
21654,8.80649
21655,7.97279
21656,17.7694
21657,9.00233
21658,10.5186
21659,8.69064
21660,12.7399
21661,11.2716
21662,9.72815
21663,9.7504
21664,11.3261
21665,9.6032
21666,10.8077
21667,12.1968
21668,11.5818
21669,8.71117
21670,7.93272
21671,9.49016
21672,8.82707
21673,9.93738
21674,10.3936
21675,10.4714
21676,10.6643
21677,10.9465
21678,8.15183
21679,10.4589
21680,8.91503
21681,14.1182
21682,11.4147
21683,12.6673
21684,6.02417
21685,9.32351
21686,13.8069
21687,13.8399
21688,9.11786
21689,14.3094
21690,9.95697
21691,9.9974
21692,8.42666
21693,9.97879
21694,12.4556
21695,9.0202
21696,14.5348
21697,9.99747
21698,9.40804
21699,9.21833
21700,10.1067
21701,10.5796
21702,10.7558
21703,11.1799
21704,8.48555
21705,6.53591
21706,10.7704
21707,10.7897
21708,7.96346
21709,10.0403
21710,8.90394
21711,9.93485
21712,12.4802
21713,8.72071
21714,10.7044
21715,9.54737
21716,10.2344
21717,10.5323
21718,9.16462
21719,9.32276
21720,9.41919
21721,11.4504
21722,8.61359
21723,10.2379
21724,16.9534
21725,10.4563
21726,9.94216
21727,7.95059
21728,10.2939
21729,8.75587
21730,11.9763
21731,8.01738
21732,12.2949
21733,9.37245
21734,13.1471
21735,11.2022
21736,6.4884
21737,9.30851
21738,9.67687
21739,11.9489
21740,8.47675
21741,8.70937
21742,10.1212
21743,12.8416
21744,11.5629
21745,8.81385
21746,8.13461
21747,9.40214
21748,11.8911
21749,9.08114
21750,14.1045
21751,10.2898
21752,13.3845
21753,9.40846
21754,11.7111
21755,7.90063
21756,12.4954
21757,10.5278
21758,9.35631
21759,11.6089
21760,7.22129
21761,7.31105
21762,7.46498
21763,12.8309
21764,9.89661
21765,8.02155
21766,11.0455
21767,6.05857
21768,10.2885
21769,8.81635
21770,8.98304
21771,11.0206
21772,9.26935
21773,11.6609
21774,13.8921
21775,11.5631
21776,6.68298
21777,9.03557
21778,9.16421
21779,9.63554
21780,9.91805
21781,10.6815
21782,11.6555
21783,13.3412
21784,13.4556
21785,15.6826
21786,11.7625
21787,10.3385
21788,9.99888
21789,10.0543
21790,10.1369
21791,8.72242
21792,12.997
21793,8.01364
21794,8.42538
21795,9.96728
21796,9.04786
21797,7.06606
21798,11.3579
21799,8.66879
21800,8.09711
21801,6.65105
21802,8.81048
21803,7.63952
21804,7.87864
21805,7.55281
21806,8.72655
21807,7.78359
21808,11.893
21809,9.12499
21810,9.34697
21811,9.96143
21812,10.0127
21813,8.12752
21814,10.6566
21815,8.8068
21816,12.3042
21817,6.68216
21818,10.922
21819,14.309
21820,9.55726
21821,12.5231
21822,11.5801
21823,10.8538
21824,12.1442
21825,7.2413
21826,10.0468
21827,8.44377
21828,9.02409
21829,9.42319
21830,10.0464
21831,10.1415
21832,10.4316
21833,14.4584
21834,12.726
21835,10.9779
21836,11.2833
21837,12.69
21838,12.2989
21839,9.45041
21840,6.79821
21841,9.83561
21842,9.23511
21843,9.52649
21844,8.69304
21845,9.74295
21846,10.9489
21847,10.1917
21848,13.0891
21849,11.7675
21850,12.7671
21851,11.4805
21852,8.57875
21853,8.46107
21854,9.47319
21855,8.56769
21856,9.05523
21857,10.7846
21858,10.5664
21859,12.0004
21860,7.64572
21861,10.4673
21862,13.9438
21863,9.15826
21864,9.33422
21865,13.3854
21866,13.8612
21867,7.19289
21868,11.2135
21869,8.6616
21870,8.71051
21871,12.5969
21872,14.6641
21873,9.95009
21874,8.20605
21875,6.29981
21876,9.44509
21877,9.93654
21878,10.5958
21879,10.4952
21880,12.7263
21881,16.9004
21882,7.03581
21883,11.4584
21884,10.2468
21885,14.8418
21886,8.29629
21887,10.3141
21888,7.44583
21889,9.35639
21890,10.9306
21891,9.07263
21892,12.134
21893,17.3985
21894,12.7665
21895,9.85396
21896,8.06879
21897,8.18985
21898,10.1467
21899,9.86799
21900,11.2453
21901,9.54345
21902,11.4606
21903,9.82115
21904,14.3474
21905,7.25894
21906,9.21855
21907,8.27445
21908,10.691
21909,12.0201
21910,8.62829
21911,12.1518
21912,8.16352
21913,10.5208
21914,9.81034
21915,9.85061
21916,13.3908
21917,6.86197
21918,9.44671
21919,11.708
21920,10.1993
21921,8.36298
21922,13.4446
21923,8.50384
21924,9.70999
21925,12.7438
21926,10.9573
21927,8.1705
21928,8.52085
21929,11.7038
21930,10.1382
21931,10.3151
21932,10.5429
21933,6.68982
21934,6.71699
21935,14.2452
21936,12.6154
21937,10.8436
21938,6.61088
21939,10.5397
21940,10.115
21941,13.5591
21942,7.58263
21943,13.4313
21944,9.69267
21945,6.5839
21946,9.8718
21947,10.8274
21948,9.60723
21949,11.8948
21950,8.91737
21951,7.79708
21952,13.9621
21953,9.79667
21954,12.0282
21955,10.65
21956,9.20526
21957,6.76911
21958,9.42822
21959,9.54833
21960,11.5835
21961,7.9313
21962,8.58803
21963,9.61928
21964,8.70379
21965,8.96985
21966,9.33207
21967,9.38192
21968,9.66216
21969,9.77988
21970,10.2487
21971,13.3843
21972,10.5202
21973,10.6658
21974,10.7407
21975,7.19044
21976,9.21096
21977,12.2979
21978,9.89057
21979,8.78446
21980,12.3718
21981,14.4134
21982,9.81953
21983,9.87779
21984,10.1012
21985,7.00936
21986,13.182
21987,10.3292
21988,8.89934
21989,12.4494
21990,6.62659
21991,7.78951
21992,10.2639
21993,7.8597
21994,8.23306
21995,8.76501
21996,7.63979
21997,14.2893
21998,11.2978
21999,7.64725
22000,12.7934
22001,8.3108
22002,8.40041
22003,13.7515
22004,10.1047
22005,12.4394
22006,10.6153
22007,8.8661
22008,9.22041
22009,10.4359
22010,11.7345
22011,12.8225
22012,12.5485
22013,11.7419
22014,14.1359
22015,10.0733
22016,6.41296
22017,11.7345
22018,14.895
22019,7.36699
22020,8.96942
22021,8.999
22022,9.48022
22023,14.0805
22024,10.2334
22025,10.392
22026,9.90197
22027,12.9972
22028,10.8584
22029,10.8161
22030,8.15641
22031,7.5076
22032,8.07493
22033,7.77907
22034,11.0893
22035,9.86491
22036,10.3869
22037,10.7097
22038,11.9245
22039,12.3081
22040,13.5352
22041,8.31101
22042,14.1476
22043,10.7732
22044,9.83505
22045,16.9278
22046,12.2341
22047,13.2689
22048,7.42037
22049,10.0505
22050,10.6959
22051,10.391
22052,10.6683
22053,12.4342
22054,11.8746
22055,8.9685
22056,9.32961
22057,11.1578
22058,11.3412
22059,8.81077
22060,6.61896
22061,7.6798
22062,7.94183
22063,7.06524
22064,10.7432
22065,6.96319
22066,8.80181
22067,7.8445
22068,8.91756
22069,9.01601
22070,8.991
22071,9.51989
22072,10.6075
22073,14.5824
22074,11.9075
22075,7.44498
22076,13.873
22077,14.4619
22078,8.85693
22079,10.4437
22080,11.1231
22081,11.723
22082,9.06545
22083,9.17625
22084,8.88897
22085,9.685
22086,12.165
22087,11.8306
22088,9.95042
22089,7.14273
22090,7.3351
22091,8.44116
22092,5.97654
22093,10.7202
22094,12.8304
22095,7.15107
22096,10.2778
22097,9.74289
22098,9.83698
22099,14.9644
22100,10.2629
22101,9.31748
22102,9.34697
22103,9.99765
22104,10.4641
22105,10.5945
22106,10.8001
22107,10.8982
22108,9.24725
22109,11.6624
22110,12.8884
22111,12.7666
22112,8.90342
22113,14.4147
22114,9.97506
22115,10.0412
22116,12.0189
22117,8.10729
22118,10.5686
22119,8.44154
22120,12.6908
22121,10.2486
22122,6.57342
22123,9.16823
22124,7.97147
22125,11.3663
22126,9.07022
22127,7.66424
22128,7.29171
22129,15.9187
22130,10.2384
22131,12.6147
22132,10.1013
22133,11.1188
22134,10.7777
22135,11.4177
22136,9.06926
22137,9.13566
22138,9.65556
22139,10.7123
22140,10.4086
22141,11.7552
22142,9.53319
22143,12.6639
22144,9.87738
22145,13.0299
22146,10.1145
22147,8.49123
22148,8.57403
22149,8.79967
22150,9.15899
22151,9.86837
22152,10.5991
22153,10.7269
22154,9.46773
22155,10.3148
22156,13.3291
22157,10.4926
22158,8.40856
22159,8.46196
22160,8.70996
22161,11.2301
22162,9.65713
22163,10.1364
22164,8.54135
22165,10.8418
22166,7.8388
22167,11.4133
22168,8.90382
22169,11.9126
22170,8.02915
22171,7.11377
22172,11.851
22173,9.12188
22174,13.1445
22175,10.2221
22176,10.0833
22177,10.6455
22178,6.96004
22179,8.09322
22180,15.1166
22181,16.0261
22182,9.30741
22183,9.31584
22184,12.5799
22185,10.8598
22186,12.6785
22187,8.12333
22188,13.495
22189,7.65749
22190,8.20712
22191,8.31921
22192,10.86
22193,10.3052
22194,7.99044
22195,7.80551
22196,9.71073
22197,9.76286
22198,9.968
22199,8.63652
22200,12.551
22201,8.89669
22202,13.5057
22203,11.2869
22204,11.5705
22205,11.9171
22206,12.4401
22207,7.45373
22208,8.66022
22209,10.1187
22210,9.31842
22211,10.4634
22212,9.72098
22213,10.7839
22214,15.4609
22215,10.6203
22216,11.6871
22217,10.1311
22218,8.39506
22219,9.45063
22220,8.81387
22221,11.2974
22222,11.3342
22223,12.9588
22224,6.49766
22225,12.962
22226,11.4131
22227,14.4561
22228,11.8643
22229,7.41003
22230,7.73118
22231,12.2694
22232,9.0051
22233,8.62961
22234,9.59437
22235,12.783
22236,14.1786
22237,10.2511
22238,11.316
22239,9.07981
22240,15.3761
22241,9.5003
22242,10.7073
22243,9.89525
22244,9.04423
22245,8.8173
22246,7.49137
22247,12.545
22248,9.36177
22249,11.562
22250,10.617
22251,7.80966
22252,11.3729
22253,12.0165
22254,12.0208
22255,5.90526
22256,8.12042
22257,10.1742
22258,8.18273
22259,8.11566
22260,10.1992
22261,8.21329
22262,10.388
22263,9.51137
22264,8.2476
22265,9.17315
22266,8.68539
22267,9.9202
22268,12.106
22269,10.2808
22270,11.6245
22271,8.01309
22272,13.5986
22273,8.34364
22274,15.1171
22275,11.1509
22276,7.38749
22277,8.59362
22278,9.80148
22279,10.0241
22280,13.6493
22281,9.01641
22282,12.2019
22283,10.8279
22284,11.9069
22285,10.1382
22286,9.35521
22287,9.5
22288,8.52345
22289,12.9944
22290,11.6236
22291,10.71
22292,9.82822
22293,11.1776
22294,13.0563
22295,7.82133
22296,11.6087
22297,8.9071
22298,9.78943
22299,8.20392
22300,6.35116
22301,8.11185
22302,11.3679
22303,9.95696
22304,8.11458
22305,11.515
22306,12.1372
22307,9.38197
22308,10.2537
22309,10.5017
22310,8.81043
22311,10.9109
22312,7.94093
22313,8.49891
22314,8.68664
22315,9.14116
22316,9.69803
22317,13.035
22318,12.2358
22319,12.5808
22320,10.4697
22321,8.0755
22322,9.65987
22323,7.88434
22324,9.08139
22325,10.4713
22326,9.75688
22327,9.87969
22328,10.1155
22329,9.90399
22330,10.9331
22331,10.0435
22332,11.4745
22333,11.1124
22334,9.39762
22335,13.6664
22336,12.0777
22337,7.98048
22338,9.80388
22339,10.6564
22340,9.692
22341,10.8538
22342,12.0199
22343,9.22397
22344,10.9424
22345,8.01333
22346,9.32405
22347,12.7019
22348,7.82863
22349,9.87366
22350,13.1518
22351,9.29268
22352,7.45512
22353,8.99762
22354,10.1996
22355,8.014
22356,8.17131
22357,7.63713
22358,8.96545
22359,9.19244
22360,8.65751
22361,6.88665
22362,12.2132
22363,7.39272
22364,7.70739
22365,7.79145
22366,8.1228
22367,8.3203
22368,8.53391
22369,12.8543
22370,9.18853
22371,13.2964
22372,10.5601
22373,10.8099
22374,14.0057
22375,10.3994
22376,10.5896
22377,11.0461
22378,10.0907
22379,12.3139
22380,12.0299
22381,7.00049
22382,9.325
22383,8.01168
22384,11.139
22385,11.3279
22386,6.52959
22387,9.5144
22388,9.23813
22389,8.35593
22390,7.86402
22391,9.44975
22392,8.83572
22393,11.7918
22394,9.97054
22395,8.00982
22396,13.0986
22397,7.64585
22398,9.86766
22399,11.7276
22400,10.8173
22401,13.3364
22402,12.3735
22403,9.43245
22404,7.74521
22405,9.89175
22406,10.4155
22407,10.8439
22408,13.0834
22409,11.374
22410,11.4692
22411,9.50898
22412,8.94427
22413,10.0437
22414,9.3664
22415,14.7857
22416,12.8264
22417,10.0247
22418,10.1143
22419,10.8107
22420,7.8215
22421,9.53694
22422,14.1317
22423,10.0937
22424,10.1492
22425,10.1576
22426,10.4112
22427,11.5316
22428,14.6859
22429,10.9312
22430,7.61738
22431,9.0865
22432,7.39008
22433,10.7802
22434,10.0383
22435,10.0377
22436,10.1711
22437,9.34658
22438,12.5917
22439,11.746
22440,9.83798
22441,11.0209
22442,12.5124
22443,14.9977
22444,9.03451
22445,10.5753
22446,13.6681
22447,10.7947
22448,12.1901
22449,8.84241
22450,8.9251
22451,7.23693
22452,10.2476
22453,11.3146
22454,10.3349
22455,11.6161
22456,14.646
22457,14.8868
22458,8.59311
22459,10.9356
22460,9.30688
22461,10.7971
22462,10.8449
22463,9.90203
22464,11.4924
22465,10.7286
22466,10.8864
22467,12.1661
22468,12.5955
22469,11.9047
22470,13.441
22471,12.5802
22472,12.7876
22473,10.9694
22474,10.0235
22475,13.1767
22476,9.21926
22477,10.1647
22478,13.9939
22479,11.4862
22480,9.92389
22481,15.746
22482,7.72504
22483,13.8291
22484,8.10954
22485,9.64162
22486,10.3595
22487,11.2515
22488,11.9271
22489,9.18944
22490,9.22059
22491,11.7891
22492,6.39603
22493,12.7334
22494,9.70545
22495,10.1044
22496,9.96646
22497,11.004
22498,9.0604
22499,11.1962
22500,11.8572
22501,12.1903
22502,12.6071
22503,11.5372
22504,9.02741
22505,8.2581
22506,9.71876
22507,10.3715
22508,6.77305
22509,11.025
22510,7.61284
22511,14.6423
22512,11.651
22513,11.8708
22514,10.9882
22515,11.5108
22516,11.8311
22517,6.94678
22518,10.1813
22519,11.0563
22520,9.11843
22521,9.34671
22522,11.365
22523,11.628
22524,14.8443
22525,8.94421
22526,9.88781
22527,10.6857
22528,7.18161
22529,9.67981
22530,7.8796
22531,7.89774
22532,9.85325
22533,9.16735
22534,8.18333
22535,10.344
22536,9.74352
22537,8.76765
22538,10.0619
22539,9.22793
22540,9.64664
22541,10.879
22542,12.0392
22543,12.155
22544,10.9402
22545,6.80589
22546,13.6554
22547,9.08067
22548,9.90687
22549,14.3979
22550,11.5191
22551,8.47515
22552,8.5669
22553,12.6582
22554,4.92213
22555,12.5568
22556,8.75208
22557,10.3854
22558,7.66477
22559,7.46044
22560,9.57751
22561,9.99473
22562,10.2439
22563,9.28841
22564,9.48626
22565,9.50699
22566,9.65348
22567,11.6768
22568,10.8586
22569,11.3846
22570,12.7833
22571,10.3569
22572,11.0946
22573,11.2713
22574,10.8312
22575,9.94908
22576,10.3242
22577,10.4293
22578,10.4763
22579,11.3045
22580,7.74422
22581,11.8087
22582,7.73969
22583,9.18274
22584,8.25887
22585,9.75135
22586,9.81122
22587,7.84669
22588,10.2428
22589,10.7301
22590,11.9682
22591,12.1473
22592,12.4225
22593,9.91991
22594,8.32111
22595,9.94675
22596,8.43728
22597,13.4184
22598,10.7461
22599,8.8373
22600,8.89971
22601,9.78697
22602,10.5266
22603,11.4105
22604,5.41892
22605,6.17794
22606,12.6652
22607,9.52459
22608,12.723
22609,8.73561
22610,7.96373
22611,9.51796
22612,8.74734
22613,11.0469
22614,9.21155
22615,11.3287
22616,11.5004
22617,12.9837
22618,9.53409
22619,6.80306
22620,9.95383
22621,10.8549
22622,10.9555
22623,8.0545
22624,7.49424
22625,8.94734
22626,11.0956
22627,8.90504
22628,9.06442
22629,13.1896
22630,10.6288
22631,9.76619
22632,10.9918
22633,10.0643
22634,10.1227
22635,8.988
22636,9.99643
22637,15.2573
22638,8.55519
22639,12.3604
22640,8.61298
22641,16.6
22642,10.1404
22643,10.6204
22644,9.92062
22645,13.5827
22646,7.19224
22647,6.22737
22648,11.3896
22649,5.72976
22650,8.79033
22651,9.69915
22652,10.2345
22653,10.0771
22654,11.3771
22655,9.4333
22656,12.0527
22657,13.1479
22658,11.1836
22659,10.5972
22660,6.26905
22661,11.5781
22662,9.79242
22663,8.06606
22664,8.90722
22665,9.22484
22666,9.39745
22667,9.65147
22668,7.06937
22669,10.6037
22670,7.97657
22671,10.1858
22672,11.4722
22673,11.4854
22674,12.2222
22675,14.5459
22676,13.656
22677,8.43573
22678,8.68698
22679,9.95005
22680,10.3963
22681,6.36675
22682,9.95949
22683,7.99067
22684,8.67464
22685,6.94758
22686,9.13482
22687,9.4424
22688,10.1318
22689,8.31925
22690,8.4793
22691,8.54906
22692,10.6004
22693,9.46338
22694,11.6641
22695,9.8526
22696,9.87494
22697,9.14697
22698,12.3009
22699,9.04909
22700,8.11013
22701,10.0968
22702,10.9014
22703,8.81258
22704,10.0269
22705,7.27269
22706,7.38596
22707,8.04975
22708,11.3121
22709,13.5365
22710,8.81326
22711,10.8217
22712,10.068
22713,10.2182
22714,10.4698
22715,14.4983
22716,15.1405
22717,11.4452
22718,6.18755
22719,9.29656
22720,6.49161
22721,8.55565
22722,13.6124
22723,13.9007
22724,8.34978
22725,8.89973
22726,9.52287
22727,11.0002
22728,12.6054
22729,9.48135
22730,13.1698
22731,8.21635
22732,9.38215
22733,8.8193
22734,15.9716
22735,11.1172
22736,8.90749
22737,11.1525
22738,9.46337
22739,12.7156
22740,15.4189
22741,8.81173
22742,9.93915
22743,11.4537
22744,15.1758
22745,11.3229
22746,7.94036
22747,9.46848
22748,12.2195
22749,8.78685
22750,10.8419
22751,12.0953
22752,8.36494
22753,9.70843
22754,7.83307
22755,15.974
22756,8.28795
22757,13.642
22758,7.81724
22759,8.442
22760,7.45043
22761,11.2417
22762,10.5621
22763,10.7864
22764,6.60826
22765,13.6768
22766,8.69922
22767,10.0031
22768,10.9497
22769,9.97071
22770,8.30361
22771,13.551
22772,7.8662
22773,9.36413
22774,11.3972
22775,5.56404
22776,8.75672
22777,12.976
22778,10.1618
22779,12.1902
22780,8.66455
22781,15.2354
22782,12.2458
22783,9.94421
22784,9.02792
22785,9.94861
22786,8.94611
22787,12.093
22788,10.2108
22789,9.65805
22790,10.0116
22791,10.272
22792,8.29159
22793,10.3782
22794,11.0149
22795,7.22855
22796,11.599
22797,12.2849
22798,10.304
22799,9.4195
22800,7.62634
22801,8.13289
22802,11.299
22803,11.7336
22804,10.2296
22805,12.9089
22806,9.86161
22807,11.0996
22808,11.2779
22809,12.4146
22810,12.0531
22811,11.2662
22812,13.1054
22813,7.93096
22814,7.09315
22815,9.37868
22816,9.01802
22817,12.2449
22818,10.0839
22819,10.1021
22820,12.133
22821,8.16464
22822,9.23851
22823,9.34254
22824,8.83006
22825,10.0605
22826,9.12898
22827,11.1417
22828,10.4506
22829,5.59163
22830,10.9478
22831,11.9563
22832,9.9732
22833,6.3518
22834,11.4007
22835,7.78524
22836,10.8721
22837,10.938
22838,12.4251
22839,11.6947
22840,12.2317
22841,10.7652
22842,9.17351
22843,9.57564
22844,9.79867
22845,10.2486
22846,10.4315
22847,9.97898
22848,8.00929
22849,9.00616
22850,9.79667
22851,9.87907
22852,6.88872
22853,9.13025
22854,9.69186
22855,11.821
22856,13.0685
22857,8.63886
22858,13.1161
22859,10.8604
22860,12.003
22861,11.0678
22862,12.3089
22863,8.47234
22864,10.9762
22865,9.28624
22866,13.6447
22867,13.3065
22868,10.6905
22869,6.91202
22870,7.12207
22871,7.8207
22872,8.85873
22873,6.87462
22874,11.4379
22875,8.96107
22876,9.70335
22877,10.5029
22878,10.7997
22879,9.20216
22880,12.4728
22881,11.738
22882,13.0222
22883,14.1334
22884,10.5275
22885,8.59922
22886,9.03154
22887,8.15609
22888,8.37373
22889,9.97934
22890,10.6228
22891,10.98
22892,9.56095
22893,8.56938
22894,7.02549
22895,8.18328
22896,12.1949
22897,10.132
22898,8.32332
22899,10.551
22900,12.6042
22901,12.1919
22902,11.1274
22903,13.7031
22904,9.84407
22905,8.01051
22906,14.2095
22907,12.4579
22908,13.0591
22909,11.1791
22910,12.848
22911,11.9684
22912,13.7483
22913,13.7567
22914,6.77311
22915,8.55162
22916,10.602
22917,9.24445
22918,11.3663
22919,12.2016
22920,16.4295
22921,9.44076
22922,12.5431
22923,7.70311
22924,14.0368
22925,7.28557
22926,8.33064
22927,11.6436
22928,7.69163
22929,14.7908
22930,9.63237
22931,11.0577
22932,11.4997
22933,10.8074
22934,9.01613
22935,11.0307
22936,10.7957
22937,9.19776
22938,9.8511
22939,12.2378
22940,9.97449
22941,12.2169
22942,9.33572
22943,16.3148
22944,8.6818
22945,10.7308
22946,14.485
22947,9.17517
22948,9.38671
22949,12.4032
22950,9.44044
22951,14.714
22952,9.87111
22953,13.3049
22954,10.5686
22955,10.577
22956,11.2454
22957,8.33532
22958,11.5815
22959,8.67044
22960,8.74135
22961,9.58805
22962,9.72801
22963,7.30002
22964,11.1187
22965,8.92566
22966,8.31629
22967,7.37262
22968,7.73345
22969,10.0152
22970,9.17684
22971,9.29489
22972,12.3207
22973,13.4694
22974,6.39907
22975,7.13281
22976,8.37999
22977,9.67059
22978,10.145
22979,8.17687
22980,10.1853
22981,10.03
22982,9.26044
22983,9.41641
22984,9.47363
22985,10.5843
22986,6.91822
22987,10.1693
22988,10.8403
22989,6.97555
22990,12.984
22991,10.0089
22992,13.1482
22993,11.2627
22994,9.33978
22995,7.57781
22996,11.5978
22997,8.62989
22998,10.7065
22999,12.4017
23000,9.52793
23001,11.9131
23002,9.94554
23003,9.00319
23004,10.0348
23005,9.10141
23006,7.19809
23007,9.61911
23008,12.6576
23009,10.7376
23010,10.8222
23011,13.9458
23012,12.0592
23013,13.7478
23014,14.2478
23015,13.7167
23016,9.32458
23017,9.97434
23018,9.14102
23019,9.50966
23020,8.52267
23021,8.38371
23022,13.6535
23023,9.6746
23024,11.0139
23025,7.76011
23026,7.58439
23027,7.94646
23028,11.2027
23029,10.779
23030,8.96911
23031,10.1471
23032,6.36093
23033,10.4485
23034,8.13254
23035,8.44277
23036,13.0474
23037,10.0698
23038,14.0912
23039,9.33043
23040,11.4669
23041,11.5642
23042,11.7514
23043,10.7715
23044,10.4572
23045,12.009
23046,10.2355
23047,12.4265
23048,7.97304
23049,8.68735
23050,6.6875
23051,10.3514
23052,9.54338
23053,13.8206
23054,10.8477
23055,9.85706
23056,11.3327
23057,10.4576
23058,11.746
23059,12.27
23060,11.5821
23061,12.836
23062,13.0932
23063,7.64036
23064,7.13797
23065,11.614
23066,6.85711
23067,9.09093
23068,9.32998
23069,9.40056
23070,6.47794
23071,6.73648
23072,6.80796
23073,10.0987
23074,10.3051
23075,10.3217
23076,14.3758
23077,6.09862
23078,12.3114
23079,11.376
23080,8.4664
23081,9.4545
23082,12.5785
23083,9.82887
23084,11.207
23085,7.47989
23086,7.82047
23087,8.5764
23088,11.0364
23089,11.0497
23090,12.7377
23091,10.2503
23092,14.7364
23093,7.35521
23094,10.7782
23095,9.88728
23096,13.7232
23097,7.53367
23098,9.59416
23099,12.3535
23100,11.4849
23101,9.60727
23102,8.69818
23103,9.96909
23104,10.3242
23105,9.55942
23106,12.7888
23107,12.5893
23108,12.5977
23109,13.5106
23110,11.978
23111,7.76537
23112,14.9629
23113,8.45909
23114,8.73756
23115,10.1765
23116,13.3423
23117,9.40198
23118,14.5943
23119,9.19945
23120,10.5554
23121,11.9345
23122,7.70041
23123,6.60762
23124,13.9983
23125,11.0067
23126,8.42132
23127,7.90422
23128,9.65817
23129,12.0621
23130,9.31696
23131,9.3254
23132,10.4558
23133,7.80888
23134,10.0137
23135,10.2486
23136,11.0583
23137,8.35067
23138,10.7574
23139,9.92894
23140,10.443
23141,7.45138
23142,10.6245
23143,9.93215
23144,14.936
23145,11.9702
23146,7.9639
23147,12.2947
23148,8.88914
23149,10.5135
23150,9.21758
23151,7.05786
23152,9.57918
23153,8.00083
23154,10.3486
23155,8.46416
23156,11.6717
23157,9.50923
23158,13.1949
23159,13.7834
23160,8.75186
23161,11.841
23162,8.53307
23163,14.0205
23164,8.52628
23165,10.0256
23166,10.3438
23167,10.4995
23168,9.64843
23169,12.8628
23170,11.2056
23171,7.86471
23172,10.2406
23173,8.59257
23174,8.62553
23175,10.8259
23176,9.72631
23177,10.3467
23178,10.527
23179,10.5617
23180,11.0683
23181,9.4791
23182,7.59618
23183,15.1968
23184,9.54775
23185,7.88658
23186,8.9292
23187,7.29835
23188,7.33979
23189,7.9061
23190,9.76535
23191,8.54817
23192,9.72202
23193,12.2053
23194,12.376
23195,15.1587
23196,8.9567
23197,9.55486
23198,7.64133
23199,11.8837
23200,15.542
23201,9.66968
23202,10.4168
23203,7.98316
23204,11.0676
23205,8.61312
23206,11.9104
23207,9.69364
23208,12.4453
23209,8.06735
23210,10.2576
23211,9.53531
23212,9.92925
23213,8.46051
23214,8.71465
23215,9.48254
23216,9.52924
23217,14.6291
23218,11.5939
23219,7.69628
23220,10.2603
23221,14.814
23222,9.09078
23223,8.15953
23224,10.1708
23225,11.1895
23226,11.0426
23227,12.3791
23228,12.4593
23229,8.18145
23230,10.5703
23231,9.44974
23232,11.8021
23233,6.99737
23234,15.7013
23235,9.87245
23236,12.1595
23237,9.20225
23238,9.0997
23239,9.10813
23240,11.1166
23241,9.3508
23242,10.1684
23243,7.18627
23244,8.7896
23245,7.06554
23246,11.1526
23247,7.16745
23248,9.20272
23249,8.68804
23250,8.79348
23251,7.94579
23252,9.19366
23253,10.2595
23254,7.92327
23255,8.15538
23256,8.44772
23257,9.62317
23258,11.6995
23259,11.5072
23260,15.1451
23261,8.42986
23262,8.85923
23263,8.848
23264,13.1385
23265,13.2613
23266,9.32232
23267,14.4495
23268,11.6695
23269,11.0261
23270,16.18
23271,7.73255
23272,6.82511
23273,7.42997
23274,9.6895
23275,8.77932
23276,10.0794
23277,10.2276
23278,10.236
23279,9.4466
23280,10.1514
23281,10.6421
23282,12.6865
23283,12.6947
23284,7.86662
23285,10.2498
23286,11.3413
23287,8.73252
23288,8.28186
23289,8.30825
23290,8.46104
23291,8.68256
23292,8.82965
23293,9.11511
23294,9.78478
23295,6.94537
23296,8.16939
23297,7.18292
23298,11.3803
23299,10.818
23300,6.47398
23301,8.586
23302,13.0308
23303,11.8865
23304,10.2381
23305,8.3533
23306,11.6487
23307,15.2261
23308,13.4001
23309,15.4829
23310,7.56354
23311,8.1412
23312,12.5445
23313,13.9747
23314,11.3957
23315,15.1869
23316,7.31985
23317,7.49795
23318,11.555
23319,10.7792
23320,11.5172
23321,16.7741
23322,11.0446
23323,7.32611
23324,7.08212
23325,9.65322
23326,7.98301
23327,10.0136
23328,8.51566
23329,12.7124
23330,11.1437
23331,10.3371
23332,9.39504
23333,8.09605
23334,8.78222
23335,9.0594
23336,16.3339
23337,11.5678
23338,9.44194
23339,7.51251
23340,10.7593
23341,11.2235
23342,7.3489
23343,9.40683
23344,12.6041
23345,9.92782
23346,10.5427
23347,8.7676
23348,10.7787
23349,11.577
23350,12.6072
23351,7.57897
23352,13.6011
23353,9.13908
23354,10.3953
23355,10.6173
23356,9.84191
23357,7.86329
23358,8.92552
23359,10.9835
23360,10.2058
23361,12.2671
23362,9.35903
23363,10.3965
23364,7.61926
23365,11.593
23366,8.74885
23367,9.40478
23368,9.51611
23369,6.65534
23370,7.2002
23371,7.20907
23372,8.67749
23373,8.24068
23374,7.91154
23375,8.84714
23376,7.92918
23377,9.96353
23378,10.2074
23379,8.21974
23380,9.22817
23381,10.8847
23382,8.90203
23383,9.44672
23384,12.6859
23385,9.39238
23386,10.9598
23387,11.1162
23388,11.6114
23389,12.542
23390,10.2236
23391,11.0219
23392,7.42258
23393,6.68175
23394,9.75722
23395,10.058
23396,10.1742
23397,8.89949
23398,9.2221
23399,11.76
23400,6.923
23401,10.4757
23402,6.58707
23403,9.77502
23404,11.1989
23405,12.4127
23406,10.9264
23407,8.17202
23408,8.84368
23409,10.9753
23410,10.0309
23411,9.31138
23412,12.5021
23413,9.61806
23414,12.7396
23415,13.118
23416,12.124
23417,12.1341
23418,10.3773
23419,13.7082
23420,11.7063
23421,9.18825
23422,9.43713
23423,9.61716
23424,9.72615
23425,9.5373
23426,13.8549
23427,12.243
23428,6.87359
23429,9.16674
23430,9.62554
23431,9.18221
23432,8.54931
23433,9.91687
23434,6.91366
23435,9.72258
23436,7.66591
23437,14.6743
23438,9.78924
23439,12.8615
23440,8.1068
23441,6.45665
23442,14.8878
23443,11.1861
23444,7.21585
23445,11.8445
23446,12.8994
23447,9.05415
23448,9.46818
23449,12.8896
23450,9.24816
23451,10.4333
23452,9.58345
23453,10.8361
23454,11.1136
23455,11.122
23456,8.48836
23457,9.79019
23458,8.91744
23459,13.0669
23460,16.439
23461,9.7538
23462,11.8336
23463,9.22642
23464,7.43139
23465,11.4935
23466,16.8363
23467,7.03247
23468,14.4233
23469,9.27603
23470,8.46336
23471,10.0187
23472,9.16641
23473,9.47101
23474,10.5361
23475,8.29805
23476,11.4993
23477,8.68153
23478,8.69066
23479,9.92447
23480,8.07232
23481,10.5379
23482,7.82368
23483,5.87717
23484,11.7508
23485,8.15787
23486,9.64908
23487,9.87025
23488,11.4711
23489,10.9605
23490,12.2309
23491,9.31817
23492,15.463
23493,7.04514
23494,11.3884
23495,11.5055
23496,10.9879
23497,13.0575
23498,10.1422
23499,13.2292
23500,8.5706
23501,11.6517
23502,11.3906
23503,8.66868
23504,8.87453
23505,8.99369
23506,13.2589
23507,11.6673
23508,8.24623
23509,11.5237
23510,12.2797
23511,9.90995
23512,10.3466
23513,10.0639
23514,8.07639
23515,9.47774
23516,9.70602
23517,11.4893
23518,11.8836
23519,8.12951
23520,7.08669
23521,10.0951
23522,8.40099
23523,10.5467
23524,6.58657
23525,8.50685
23526,9.92518
23527,11.239
23528,10.4233
23529,11.8802
23530,8.76876
23531,11.7317
23532,12.614
23533,9.84912
23534,9.983
23535,11.4207
23536,9.07815
23537,15.5069
23538,7.89572
23539,10.2527
23540,13.2612
23541,10.092
23542,18.9953
23543,7.27462
23544,6.20014
23545,9.51253
23546,9.7332
23547,7.19146
23548,7.29021
23549,5.5922
23550,7.60063
23551,16.5107
23552,12.139
23553,9.21464
23554,12.4395
23555,9.93279
23556,10.2413
23557,9.90242
23558,5.91085
23559,10.1475
23560,10.1739
23561,11.5608
23562,8.03283
23563,10.0536
23564,13.1141
23565,11.6377
23566,8.80417
23567,8.8126
23568,6.02235
23569,9.66882
23570,7.55454
23571,7.65488
23572,8.9787
23573,11.3383
23574,8.36564
23575,8.5066
23576,9.06278
23577,8.77186
23578,9.01694
23579,10.6516
23580,7.23696
23581,7.36549
23582,11.6795
23583,7.88163
23584,8.992
23585,12.1071
23586,9.28913
23587,10.1826
23588,9.84941
23589,13.2372
23590,11.4186
23591,10.5048
23592,6.30984
23593,8.49268
23594,6.83508
23595,6.84351
23596,8.43274
23597,13.5757
23598,13.1272
23599,10.2524
23600,10.6745
23601,10.7008
23602,14.0747
23603,9.20715
23604,14.6866
23605,11.0767
23606,10.4546
23607,10.7655
23608,12.1089
23609,11.8015
23610,12.895
23611,12.0721
23612,12.4409
23613,12.4651
23614,10.7343
23615,8.75482
23616,7.1622
23617,12.7405
23618,8.13354
23619,8.24239
23620,11.5195
23621,9.87876
23622,8.96784
23623,9.23949
23624,9.67684
23625,13.0397
23626,9.13875
23627,14.6901
23628,7.74177
23629,6.96009
23630,11.0078
23631,7.61271
23632,12.7445
23633,8.86741
23634,9.67916
23635,8.61435
23636,4.96837
23637,6.73964
23638,10.9585
23639,8.69356
23640,10.8067
23641,8.11262
23642,8.5478
23643,9.96504
23644,10.0224
23645,9.13338
23646,7.88196
23647,8.04861
23648,7.29207
23649,10.3196
23650,8.49663
23651,9.50506
23652,10.5135
23653,10.5962
23654,10.536
23655,7.89626
23656,9.97427
23657,9.31386
23658,12.9846
23659,14.8006
23660,9.75258
23661,10.6502
23662,10.0556
23663,10.3716
23664,8.49217
23665,11.4586
23666,7.47882
23667,5.17712
23668,8.60277
23669,9.22734
23670,9.62272
23671,9.27218
23672,9.9993
23673,10.0766
23674,10.4829
23675,17.806
23676,6.88438
23677,8.96749
23678,10.3724
23679,9.9612
23680,8.1157
23681,8.68729
23682,13.7619
23683,10.9961
23684,10.6214
23685,14.6623
23686,12.8545
23687,10.168
23688,10.5944
23689,11.6032
23690,8.4643
23691,12.5333
23692,8.56037
23693,7.80364
23694,9.11018
23695,10.9355
23696,10.2212
23697,10.5052
23698,13.06
23699,7.69888
23700,8.61252
23701,7.61058
23702,8.7332
23703,15.7867
23704,7.59045
23705,13.7329
23706,9.78791
23707,9.43232
23708,8.5337
23709,10.565
23710,12.3249
23711,14.4908
23712,11.7343
23713,11.9106
23714,8.60394
23715,8.17075
23716,5.72972
23717,9.94234
23718,8.39476
23719,6.60749
23720,11.4597
23721,11.5452
23722,8.79875
23723,8.94598
23724,8.98524
23725,10.1595
23726,10.2886
23727,14.07
23728,8.77266
23729,9.00984
23730,9.19675
23731,9.28712
23732,10.6349
23733,11.1541
23734,9.32005
23735,10.4359
23736,9.90135
23737,9.94681
23738,8.73946
23739,7.971
23740,6.97943
23741,9.27381
23742,8.32253
23743,8.79651
23744,8.95743
23745,14.229
23746,13.3409
23747,9.47479
23748,9.84348
23749,10.1205
23750,10.2241
23751,8.66971
23752,10.6934
23753,10.759
23754,9.31497
23755,10.4828
23756,14.4509
23757,12.6956
23758,11.3089
23759,14.8268
23760,10.0971
23761,13.5294
23762,10.4217
23763,6.45407
23764,9.1194
23765,9.06955
23766,10.802
23767,8.76087
23768,9.38415
23769,5.78763
23770,6.90478
23771,10.4687
23772,10.663
23773,11.3816
23774,7.42512
23775,10.3673
23776,11.1272
23777,10.2346
23778,10.2498
23779,7.87825
23780,14.5258
23781,9.06918
23782,9.42324
23783,14.4682
23784,12.3699
23785,12.5702
23786,13.0182
23787,14.0493
23788,8.87173
23789,9.14901
23790,10.8322
23791,9.41748
23792,8.56116
23793,8.76322
23794,8.34269
23795,16.1605
23796,10.5008
23797,8.57698
23798,7.61899
23799,11.1659
23800,9.51708
23801,12.3031
23802,10.2783
23803,13.5954
23804,10.261
23805,9.2694
23806,8.29844
23807,11.1651
23808,13.2722
23809,10.35
23810,10.9193
23811,11.3106
23812,11.8877
23813,10.0207
23814,8.72373
23815,8.79729
23816,10.8394
23817,9.38048
23818,8.71483
23819,9.76709
23820,9.88106
23821,10.5087
23822,11.1072
23823,14.1678
23824,7.38931
23825,11.7403
23826,11.7914
23827,8.12163
23828,11.9694
23829,11.7425
23830,8.63758
23831,10.0049
23832,15.0248
23833,8.29572
23834,8.36677
23835,12.8366
23836,8.8902
23837,9.60533
23838,11.2308
23839,8.66087
23840,9.54917
23841,8.56729
23842,11.6851
23843,11.8753
23844,11.64
23845,8.49583
23846,8.60128
23847,13.1151
23848,6.56779
23849,10.6046
23850,9.27314
23851,7.43553
23852,9.85816
23853,7.9811
23854,12.3046
23855,12.6462
23856,11.0701
23857,7.15267
23858,8.99498
23859,9.54098
23860,8.57771
23861,9.39818
23862,8.62002
23863,15.6555
23864,11.0818
23865,9.44989
23866,10.098
23867,10.3998
23868,13.3544
23869,9.14099
23870,15.178
23871,9.35308
23872,13.5921
23873,10.9125
23874,9.26367
23875,9.05318
23876,13.8926
23877,7.80636
23878,8.14302
23879,7.20204
23880,15.2635
23881,6.50059
23882,9.51343
23883,10.606
23884,8.24562
23885,8.52203
23886,11.8529
23887,14.9943
23888,9.21386
23889,11.4831
23890,8.39854
23891,7.40697
23892,5.57956
23893,9.10734
23894,9.86443
23895,9.91216
23896,10.0763
23897,10.3043
23898,9.34441
23899,14.3594
23900,10.368
23901,9.86075
23902,10.1505
23903,10.1632
23904,13.5612
23905,12.5941
23906,8.13018
23907,8.38809
23908,12.7723
23909,9.22119
23910,7.44322
23911,9.50849
23912,12.538
23913,7.67912
23914,11.6762
23915,13.0581
23916,10.6678
23917,12.1796
23918,14.5635
23919,11.6964
23920,8.79758
23921,7.0995
23922,11.1764
23923,11.8896
23924,10.0038
23925,8.25897
23926,13.1771
23927,9.52678
23928,9.82089
23929,9.97859
23930,9.99104
23931,8.19242
23932,10.5207
23933,11.5034
23934,11.7294
23935,11.4093
23936,8.66611
23937,8.87885
23938,6.74315
23939,13.4687
23940,12.6185
23941,7.17052
23942,13.5684
23943,7.12539
23944,9.30103
23945,9.3557
23946,9.47975
23947,10.9291
23948,8.01601
23949,10.0863
23950,9.04591
23951,10.3485
23952,15.4009
23953,11.4692
23954,9.7484
23955,10.1437
23956,11.1461
23957,7.1962
23958,8.16328
23959,9.80441
23960,9.7766
23961,10.921
23962,10.1209
23963,10.3643
23964,12.7433
23965,12.0061
23966,8.23583
23967,12.3132
23968,8.32366
23969,10.9083
23970,10.5284
23971,11.7446
23972,12.7732
23973,9.11027
23974,7.0233
23975,9.48648
23976,10.4349
23977,8.57982
23978,11.1512
23979,14.1778
23980,8.31655
23981,8.7534
23982,9.21559
23983,9.95162
23984,9.83117
23985,6.11093
23986,8.45848
23987,9.80162
23988,14.1197
23989,8.69666
23990,7.7764
23991,9.82966
23992,9.93115
23993,8.42868
23994,8.36004
23995,8.84714
23996,9.54413
23997,11.0399
23998,12.5419
23999,9.89145
24000,8.23142
24001,8.4869
24002,9.05895
24003,9.0455
24004,9.41858
24005,11.0725
24006,10.8065
24007,10.3003
24008,12.6467
24009,10.9326
24010,12.58
24011,13.6111
24012,9.11731
24013,10.7231
24014,10.0056
24015,8.03561
24016,8.07197
24017,8.12946
24018,8.33551
24019,8.56993
24020,12.8521
24021,9.09672
24022,9.28174
24023,9.30638
24024,11.4491
24025,11.5145
24026,9.747
24027,8.779
24028,9.81993
24029,10.2115
24030,10.3345
24031,9.44035
24032,8.82802
24033,10.9639
24034,9.14438
24035,11.2864
24036,9.61152
24037,9.96371
24038,12.1383
24039,12.3066
24040,11.1426
24041,14.2683
24042,12.5626
24043,14.9463
24044,9.04819
24045,14.001
24046,10.2665
24047,10.7591
24048,11.1226
24049,8.71801
24050,11.1604
24051,18.4004
24052,10.8189
24053,9.88512
24054,8.44547
24055,10.7503
24056,15.4769
24057,7.67929
24058,6.90315
24059,13.0263
24060,7.34566
24061,11.7365
24062,10.0765
24063,6.26863
24064,9.53639
24065,10.2958
24066,11.3073
24067,10.6675
24068,8.31661
24069,10.3368
24070,11.6235
24071,12.9125
24072,12.7191
24073,14.6376
24074,9.68246
24075,8.47597
24076,9.56224
24077,18.4327
24078,8.59142
24079,9.02963
24080,12.2094
24081,7.63772
24082,8.6616
24083,12.722
24084,9.46653
24085,9.79914
24086,11.0864
24087,5.15298
24088,10.2514
24089,13.2778
24090,11.0741
24091,12.7618
24092,13.3268
24093,14.5892
24094,10.5976
24095,7.99725
24096,10.4226
24097,8.46245
24098,9.18015
24099,14.5477
24100,10.3939
24101,7.40172
24102,8.93798
24103,7.94844
24104,8.39069
24105,8.55253
24106,8.56097
24107,9.82086
24108,8.98971
24109,9.01321
24110,9.15649
24111,8.32491
24112,9.79915
24113,10.2411
24114,9.76971
24115,10.9636
24116,14.1298
24117,11.7494
24118,11.7906
24119,11.3585
24120,8.39246
24121,12.9061
24122,13.5168
24123,8.23589
24124,12.5135
24125,13.8766
24126,8.93929
24127,9.65542
24128,10.1268
24129,10.2048
24130,10.3704
24131,7.87035
24132,11.1212
24133,11.1637
24134,9.75049
24135,11.7824
24136,12.3167
24137,12.7567
24138,7.21216
24139,10.3249
24140,9.59914
24141,14.6742
24142,11.7476
24143,11.4344
24144,10.2714
24145,11.5138
24146,11.3514
24147,8.43989
24148,11.5161
24149,7.71107
24150,8.56948
24151,7.96491
24152,13.3682
24153,9.59021
24154,10.7467
24155,8.84183
24156,9.32459
24157,10.2806
24158,12.928
24159,7.99316
24160,11.0243
24161,8.14943
24162,11.5445
24163,6.64536
24164,9.20868
24165,7.6299
24166,8.74431
24167,10.8348
24168,7.16671
24169,10.2021
24170,11.4968
24171,11.5983
24172,14.8372
24173,10.2147
24174,15.2514
24175,12.0581
24176,14.6104
24177,6.86476
24178,15.3927
24179,10.4285
24180,10.0077
24181,11.6102
24182,10.8771
24183,7.89751
24184,7.74203
24185,9.94503
24186,10.7833
24187,8.942
24188,8.96693
24189,12.0358
24190,11.5121
24191,8.87022
24192,10.7545
24193,7.68946
24194,13.7033
24195,12.7331
24196,8.78146
24197,9.99409
24198,8.46458
24199,13.5053
24200,10.7877
24201,9.82604
24202,9.14162
24203,7.63986
24204,10.9191
24205,10.4185
24206,8.66011
24207,8.69313
24208,10.7767
24209,10.9918
24210,9.20282
24211,6.60772
24212,10.5146
24213,7.87758
24214,12.2056
24215,17.2259
24216,12.8229
24217,7.4289
24218,9.28978
24219,7.64967
24220,12.7884
24221,10.4696
24222,12.8699
24223,9.07229
24224,12.2784
24225,12.5023
24226,12.6146
24227,11.2423
24228,9.75614
24229,12.4847
24230,7.97359
24231,9.3185
24232,9.98669
24233,11.0651
24234,13.6086
24235,8.62464
24236,8.1493
24237,8.43818
24238,9.8008
24239,9.18385
24240,7.31201
24241,10.4655
24242,14.5489
24243,9.89852
24244,10.7468
24245,9.33667
24246,13.3072
24247,6.49474
24248,15.7372
24249,10.0981
24250,8.63998
24251,7.48476
24252,12.1956
24253,6.22951
24254,7.38223
24255,12.9468
24256,8.77297
24257,8.2067
24258,7.472
24259,9.75615
24260,10.7785
24261,9.84251
24262,9.894
24263,11.3291
24264,9.36439
24265,6.00904
24266,10.133
24267,11.3869
24268,7.18564
24269,8.19407
24270,12.2418
24271,9.5121
24272,8.16699
24273,10.2906
24274,8.71819
24275,13.8378
24276,11.0631
24277,9.23378
24278,7.43307
24279,7.53786
24280,13.2349
24281,11.4262
24282,11.5018
24283,11.8256
24284,8.14932
24285,16.609
24286,9.80123
24287,8.0276
24288,10.2691
24289,14.2421
24290,10.6956
24291,9.74227
24292,10.8147
24293,7.10695
24294,11.1897
24295,7.91136
24296,9.14085
24297,9.48457
24298,8.94727
24299,9.46592
24300,10.8821
24301,8.94289
24302,10.0186
24303,10.0894
24304,10.6671
24305,13.0658
24306,5.67783
24307,13.8834
24308,10.9404
24309,8.68777
24310,7.05447
24311,10.3322
24312,7.51962
24313,10.3911
24314,11.4173
24315,8.94511
24316,9.23407
24317,10.294
24318,17.709
24319,8.79705
24320,9.28275
24321,10.4574
24322,8.66014
24323,12.9044
24324,10.0947
24325,9.79336
24326,9.0565
24327,11.1708
24328,11.1792
24329,11.5678
24330,14.6162
24331,11.7784
24332,7.94453
24333,8.68145
24334,9.21715
24335,9.75517
24336,9.10994
24337,9.26143
24338,8.4879
24339,9.45521
24340,12.4943
24341,9.61613
24342,12.6284
24343,11.7732
24344,7.78165
24345,14.0875
24346,12.4107
24347,7.33537
24348,9.88688
24349,9.30463
24350,13.8105
24351,7.83639
24352,9.13955
24353,11.229
24354,11.3509
24355,9.82116
24356,9.82959
24357,12.185
24358,10.2575
24359,10.3869
24360,10.6424
24361,10.6812
24362,10.1053
24363,12.3263
24364,11.8429
24365,10.9708
24366,13.238
24367,8.57873
24368,16.0986
24369,9.50806
24370,6.95512
24371,8.54773
24372,9.10212
24373,8.23861
24374,12.0226
24375,10.584
24376,9.22248
24377,17.5268
24378,8.31848
24379,9.32691
24380,15.8468
24381,8.92028
24382,10.7844
24383,9.99277
24384,6.21809
24385,6.88319
24386,7.54764
24387,12.0181
24388,8.05901
24389,11.2063
24390,8.66567
24391,12.6866
24392,9.09443
24393,9.22871
24394,7.7201
24395,9.96778
24396,12.7162
24397,5.94553
24398,11.7614
24399,11.9638
24400,10.8247
24401,13.2276
24402,13.3639
24403,13.6403
24404,11.6279
24405,10.472
24406,8.70419
24407,7.68502
24408,8.14581
24409,9.76313
24410,10.1828
24411,9.40756
24412,10.5322
24413,10.7126
24414,10.7211
24415,10.1373
24416,7.76609
24417,9.95042
24418,9.01999
24419,10.674
24420,15.16
24421,14.335
24422,12.7749
24423,9.60508
24424,9.23133
24425,7.46642
24426,8.56723
24427,9.57566
24428,8.64411
24429,10.7378
24430,8.82609
24431,8.92706
24432,9.30821
24433,9.05766
24434,7.49987
24435,8.73615
24436,8.81248
24437,9.17056
24438,9.23036
24439,14.4159
24440,12.4972
24441,13.2067
24442,9.50402
24443,7.68058
24444,8.8056
24445,10.8633
24446,7.26825
24447,10.4153
24448,8.71989
24449,9.41784
24450,10.482
24451,8.62625
24452,9.8869
24453,16.784
24454,7.8127
24455,9.0841
24456,9.23755
24457,12.4448
24458,12.5629
24459,10.7815
24460,11.1742
24461,9.53968
24462,11.7105
24463,10.7436
24464,9.82791
24465,12.2358
24466,8.24427
24467,10.4211
24468,10.4975
24469,10.7306
24470,13.9367
24471,11.0885
24472,11.7203
24473,11.9082
24474,7.08668
24475,7.49139
24476,10.8127
24477,7.60994
24478,9.31804
24479,10.3223
24480,8.03923
24481,10.3509
24482,8.74766
24483,9.59146
24484,11.7226
24485,8.74343
24486,9.19497
24487,8.58114
24488,13.1299
24489,11.2564
24490,9.71509
24491,11.976
24492,10.4213
24493,9.59169
24494,12.0603
24495,11.7928
24496,8.52439
24497,11.2142
24498,9.62336
24499,9.68763
24500,8.09003
24501,11.1359
24502,8.72743
24503,14.0049
24504,12.1465
24505,7.70414
24506,8.5198
24507,9.63392
24508,8.43914
24509,10.6175
24510,10.6388
24511,10.7525
24512,10.7696
24513,10.8592
24514,13.4946
24515,11.503
24516,9.52781
24517,6.41013
24518,8.56454
24519,12.7268
24520,9.23471
24521,13.2769
24522,10.8209
24523,11.1151
24524,12.4338
24525,8.8139
24526,11.4393
24527,7.90249
24528,7.97425
24529,11.9225
24530,10.6844
24531,10.3613
24532,14.6635
24533,10.0297
24534,11.1592
24535,11.2666
24536,8.54559
24537,6.72075
24538,8.76953
24539,13.9204
24540,7.74363
24541,9.35593
24542,10.5732
24543,9.96098
24544,8.52665
24545,8.83378
24546,6.144
24547,14.4153
24548,12.619
24549,9.7374
24550,9.69796
24551,9.24772
24552,9.40691
24553,14.6287
24554,12.8746
24555,9.52587
24556,11.567
24557,8.67594
24558,10.6881
24559,10.9081
24560,10.3776
24561,10.7781
24562,10.8657
24563,10.9729
24564,8.19502
24565,11.2289
24566,8.537
24567,8.85538
24568,11.5007
24569,9.69713
24570,10.8179
24571,7.0197
24572,7.64612
24573,8.20767
24574,7.00062
24575,9.57236
24576,9.58119
24577,10.4504
24578,10.5582
24579,9.97799
24580,12.0602
24581,12.5698
24582,7.93526
24583,9.9505
24584,10.5307
24585,10.5392
24586,9.92357
24587,11.6654
24588,10.0018
24589,10.9849
24590,10.9159
24591,14.9314
24592,13.9802
24593,6.6022
24594,6.07461
24595,10.7807
24596,8.87946
24597,7.92443
24598,8.77842
24599,8.11473
24600,10.1235
24601,9.36927
24602,9.65685
24603,9.99958
24604,6.13465
24605,10.2382
24606,9.26026
24607,11.352
24608,9.38764
24609,11.5489
24610,10.7142
24611,10.9973
24612,12.4257
24613,6.88295
24614,7.9432
24615,9.25572
24616,8.62628
24617,8.69473
24618,7.76115
24619,8.81927
24620,11.0176
24621,14.1004
24622,9.11717
24623,8.8323
24624,8.88525
24625,9.93175
24626,8.99101
24627,9.50319
24628,15.9859
24629,7.14859
24630,9.0856
24631,17.2529
24632,9.52771
24633,11.6122
24634,9.75192
24635,9.04294
24636,10.1322
24637,10.7075
24638,10.8932
24639,10.0304
24640,11.5806
24641,11.559
24642,7.34619
24643,11.5789
24644,12.9163
24645,11.9304
24646,9.98748
24647,11.1401
24648,10.262
24649,10.5948
24650,10.6502
24651,13.2926
24652,11.0804
24653,9.10438
24654,9.11809
24655,9.44512
24656,13.3488
24657,6.39363
24658,8.58484
24659,9.45576
24660,9.69864
24661,12.1746
24662,7.67761
24663,11.9541
24664,9.13093
24665,11.9387
24666,13.1517
24667,8.73082
24668,9.84098
24669,6.01099
24670,9.08177
24671,8.37562
24672,12.0924
24673,9.11913
24674,10.1817
24675,7.54192
24676,7.77128
24677,10.8222
24678,7.0288
24679,12.2883
24680,10.321
24681,8.38299
24682,8.6874
24683,10.7617
24684,7.7813
24685,7.96238
24686,9.05478
24687,8.31403
24688,9.32277
24689,9.34945
24690,9.59592
24691,11.6152
24692,10.0309
24693,10.7155
24694,9.78873
24695,6.09497
24696,13.1746
24697,10.931
24698,14.7494
24699,8.91975
24700,12.3352
24701,10.0783
24702,8.90063
24703,12.425
24704,11.6232
24705,9.72195
24706,10.9857
24707,11.2627
24708,12.8116
24709,9.3613
24710,8.67151
24711,8.67994
24712,9.71753
24713,10.768
24714,14.5493
24715,11.5586
24716,11.6398
24717,11.8375
24718,8.88788
24719,9.56831
24720,9.28582
24721,14.1883
24722,10.8714
24723,11.0116
24724,7.29626
24725,9.73871
24726,9.74714
24727,8.77128
24728,14.0485
24729,9.2449
24730,10.4529
24731,9.49519
24732,10.7843
24733,10.0338
24734,10.093
24735,11.983
24736,11.2532
24737,15.4669
24738,15.5917
24739,11.7443
24740,9.45812
24741,9.22704
24742,7.25216
24743,10.0283
24744,14.2967
24745,7.38267
24746,7.87545
24747,15.1298
24748,8.34962
24749,8.51085
24750,8.66996
24751,7.68575
24752,10.0461
24753,10.1816
24754,10.2546
24755,9.86842
24756,11.1621
24757,11.4258
24758,13.0491
24759,11.3562
24760,7.80633
24761,12.3188
24762,10.711
24763,11.7663
24764,12.1884
24765,12.2824
24766,10.7468
24767,12.9284
24768,10.3005
24769,13.5206
24770,9.52932
24771,10.1962
24772,8.28856
24773,8.40799
24774,8.68332
24775,8.9782
24776,9.99321
24777,10.2232
24778,7.79446
24779,9.94041
24780,10.0716
24781,16.4832
24782,11.5369
24783,11.5499
24784,11.7704
24785,15.2984
24786,12.4426
24787,16.0993
24788,10.6348
24789,10.6983
24790,10.8463
24791,13.8695
24792,8.36071
24793,9.50426
24794,11.5465
24795,14.0055
24796,9.21433
24797,7.71939
24798,9.83903
24799,12.3643
24800,6.29823
24801,13.8518
24802,11.8666
24803,8.0675
24804,8.22879
24805,8.26853
24806,8.85648
24807,10.3785
24808,10.387
24809,12.5795
24810,10.6562
24811,15.7959
24812,9.93544
24813,9.94677
24814,9.43115
24815,10.8255
24816,11.4782
24817,9.60711
24818,12.3311
24819,9.0302
24820,9.03864
24821,7.04707
24822,6.62914
24823,9.68882
24824,11.6972
24825,8.48804
24826,9.61824
24827,7.96637
24828,9.15787
24829,11.6273
24830,8.92883
24831,12.0938
24832,9.51257
24833,9.86357
24834,8.0832
24835,10.5814
24836,7.72084
24837,6.88379
24838,9.60649
24839,12.7005
24840,8.9203
24841,11.0654
24842,10.4108
24843,10.714
24844,7.36368
24845,11.6741
24846,10.1916
24847,10.3559
24848,10.4116
24849,10.4642
24850,6.20369
24851,10.6015
24852,10.4062
24853,12.5016
24854,13.6636
24855,11.1654
24856,13.4368
24857,11.8093
24858,7.57673
24859,12.5852
24860,8.89904
24861,7.68296
24862,7.76671
24863,8.25492
24864,10.5597
24865,8.64544
24866,9.03239
24867,10.7837
24868,10.8957
24869,12.2897
24870,12.3663
24871,7.4805
24872,8.55506
24873,13.6226
24874,12.178
24875,9.56358
24876,6.87933
24877,17.624
24878,11.2812
24879,11.3539
24880,7.92887
24881,11.3429
24882,8.45775
24883,9.75924
24884,15.8593
24885,9.1632
24886,12.3249
24887,9.3849
24888,9.69773
24889,10.027
24890,8.03543
24891,10.0605
24892,10.2725
24893,11.6376
24894,12.5401
24895,7.18622
24896,7.80027
24897,14.7124
24898,13.0268
24899,9.69485
24900,17.0951
24901,8.13987
24902,10.3017
24903,8.49114
24904,8.49957
24905,10.7046
24906,9.89973
24907,9.32919
24908,12.0816
24909,11.0864
24910,12.5021
24911,9.23775
24912,9.33132
24913,9.05062
24914,9.12417
24915,12.4535
24916,11.3003
24917,9.52534
24918,7.9627
24919,7.181
24920,6.17008
24921,11.3424
24922,9.87946
24923,9.01763
24924,10.1054
24925,10.6749
24926,10.708
24927,10.7274
24928,8.17993
24929,8.38531
24930,11.5791
24931,11.9699
24932,6.98734
24933,12.2015
24934,12.8417
24935,12.2273
24936,8.35875
24937,13.5581
24938,12.6934
24939,14.179
24940,9.38026
24941,14.6906
24942,14.9645
24943,9.3112
24944,8.3499
24945,9.94223
24946,9.45285
24947,8.55216
24948,9.088
24949,12.1623
24950,9.73973
24951,11.7684
24952,11.014
24953,9.32123
24954,12.5083
24955,5.59
24956,8.91411
24957,6.60231
24958,8.14192
24959,8.49228
24960,9.61982
24961,10.7934
24962,11.9541
24963,9.32032
24964,6.48422
24965,10.6117
24966,11.0952
24967,11.3493
24968,12.009
24969,12.4501
24970,11.079
24971,11.579
24972,9.21332
24973,9.81152
24974,10.8705
24975,11.091
24976,10.4857
24977,7.79854
24978,12.1868
24979,8.65986
24980,12.4774
24981,11.3195
24982,12.4488
24983,11.5922
24984,14.8002
24985,7.91734
24986,12.1301
24987,6.71984
24988,8.9907
24989,10.7047
24990,7.83896
24991,12.2183
24992,7.8105
24993,11.0539
24994,13.4358
24995,12.4634
24996,11.9293
24997,9.45156
24998,10.6298
24999,11.2277
25000,8.42337
25001,11.725
25002,12.8802
25003,10.5428
25004,9.67143
25005,8.07028
25006,10.3577
25007,15.6327
25008,14.9813
25009,10.1926
25010,6.64098
25011,8.02096
25012,10.8459
25013,10.4434
25014,9.87984
25015,10.4371
25016,9.61571
25017,11.194
25018,8.6888
25019,8.44822
25020,10.8232
25021,10.7186
25022,9.14854
25023,12.7348
25024,8.01534
25025,8.13349
25026,13.4308
25027,8.79609
25028,13.0067
25029,6.88542
25030,8.07793
25031,10.2989
25032,10.8095
25033,13.0859
25034,11.1084
25035,8.8486
25036,8.86729
25037,9.87968
25038,17.2417
25039,14.4768
25040,6.96558
25041,9.19735
25042,9.37915
25043,9.3485
25044,10.578
25045,10.1383
25046,7.43736
25047,11.4768
25048,8.50767
25049,13.9252
25050,10.0854
25051,7.20734
25052,8.78739
25053,9.96101
25054,7.63321
25055,9.03078
25056,14.3127
25057,9.96442
25058,10.3856
25059,9.74958
25060,7.25814
25061,7.71616
25062,18.0733
25063,9.38569
25064,11.468
25065,7.26898
25066,7.3772
25067,10.2961
25068,9.30611
25069,7.73835
25070,18.5568
25071,9.83446
25072,8.91594
25073,9.25498
25074,10.299
25075,14.3335
25076,10.7807
25077,11.9156
25078,13.5688
25079,11.9755
25080,10.0757
25081,7.90554
25082,8.94788
25083,16.3601
25084,11.6479
25085,6.60684
25086,8.66606
25087,9.81858
25088,8.45513
25089,12.7632
25090,13.414
25091,6.91057
25092,11.3033
25093,13.5013
25094,8.74177
25095,9.12614
25096,9.91171
25097,10.7333
25098,10.7485
25099,8.77634
25100,11.8018
25101,10.126
25102,9.70381
25103,13.1473
25104,6.62413
25105,6.63304
25106,8.7464
25107,9.98034
25108,10.3457
25109,14.422
25110,10.7995
25111,9.93337
25112,7.51124
25113,7.61067
25114,11.3198
25115,11.4969
25116,11.8104
25117,7.18537
25118,8.40083
25119,10.5939
25120,9.1068
25121,10.3867
25122,12.4378
25123,9.6086
25124,10.1167
25125,7.96966
25126,7.98188
25127,11.711
25128,13.0163
25129,8.45962
25130,14.2658
25131,9.36429
25132,9.85509
25133,10.3811
25134,10.5982
25135,10.9522
25136,10.9739
25137,6.16092
25138,8.41571
25139,12.4618
25140,8.66452
25141,13.3552
25142,10.8497
25143,8.55912
25144,9.7403
25145,14.8386
25146,9.45541
25147,9.50839
25148,15.648
25149,12.2541
25150,8.51371
25151,10.5618
25152,9.03247
25153,9.13927
25154,11.8833
25155,13.0971
25156,11.2296
25157,9.39046
25158,10.6443
25159,10.0899
25160,12.4978
25161,12.766
25162,8.07811
25163,8.36289
25164,11.5985
25165,8.6077
25166,11.6178
25167,8.0985
25168,10.5334
25169,10.5442
25170,7.09988
25171,11.2099
25172,13.1165
25173,9.32767
25174,7.34049
25175,9.07274
25176,14.2521
25177,11.2843
25178,8.21365
25179,8.68024
25180,6.81063
25181,11.8191
25182,8.1181
25183,9.61358
25184,8.32209
25185,6.84014
25186,7.16059
25187,10.1948
25188,8.80137
25189,7.97791
25190,8.38709
25191,11.6758
25192,11.7485
25193,8.99478
25194,12.0166
25195,9.92723
25196,13.102
25197,10.483
25198,10.9838
25199,11.1926
25200,13.4201
25201,8.83605
25202,12.3748
25203,13.3922
25204,14.4136
25205,11.1467
25206,14.1575
25207,9.84624
25208,7.68499
25209,8.38502
25210,9.14155
25211,8.31708
25212,9.37447
25213,8.79077
25214,9.78924
25215,10.3375
25216,9.86714
25217,9.05228
25218,9.46077
25219,8.58397
25220,11.3249
25221,10.3386
25222,11.5596
25223,7.43223
25224,8.60101
25225,8.95641
25226,11.0163
25227,11.6179
25228,14.1862
25229,9.27966
25230,13.0567
25231,5.70525
25232,13.9191
25233,13.7778
25234,6.55663
25235,7.61335
25236,9.98549
25237,10.1959
25238,9.95506
25239,9.06778
25240,9.68434
25241,10.2494
25242,11.652
25243,11.9179
25244,8.55438
25245,10.1055
25246,10.567
25247,6.2992
25248,11.7555
25249,8.71114
25250,6.44227
25251,6.65228
25252,8.09759
25253,8.18778
25254,11.6799
25255,8.79057
25256,9.13533
25257,9.35549
25258,9.39833
25259,9.49856
25260,10.128
25261,9.40288
25262,10.661
25263,11.3377
25264,10.3534
25265,11.4905
25266,11.5235
25267,13.5065
25268,10.4692
25269,7.26601
25270,11.7525
25271,11.1396
25272,7.54406
25273,10.7182
25274,8.04178
25275,14.1575
25276,9.0058
25277,10.6699
25278,9.21609
25279,11.3307
25280,11.4233
25281,10.8331
25282,9.62269
25283,14.7758
25284,10.3461
25285,10.7969
25286,12.1562
25287,8.79122
25288,11.039
25289,9.23187
25290,9.5128
25291,10.121
25292,17.5505
25293,11.1531
25294,9.26555
25295,10.7963
25296,12.3182
25297,11.4765
25298,9.58932
25299,9.79951
25300,9.66949
25301,7.91471
25302,10.9283
25303,8.95139
25304,11.3533
25305,10.0783
25306,10.8315
25307,7.52811
25308,8.58529
25309,6.67938
25310,9.10997
25311,9.69447
25312,5.81214
25313,12.2604
25314,9.29653
25315,9.71214
25316,17.7724
25317,6.13297
25318,9.25065
25319,11.0922
25320,9.10062
25321,11.903
25322,10.9114
25323,12.0337
25324,10.2278
25325,8.79275
25326,9.07313
25327,7.40042
25328,10.0019
25329,12.3434
25330,8.24894
25331,11.5362
25332,9.56023
25333,14.6525
25334,8.84201
25335,10.8236
25336,9.27108
25337,8.47195
25338,9.06085
25339,8.35999
25340,9.19912
25341,9.63874
25342,9.38414
25343,7.49072
25344,12.0905
25345,12.8247
25346,8.22374
25347,11.5817
25348,6.84259
25349,10.9674
25350,8.14047
25351,10.319
25352,11.8451
25353,12.2264
25354,8.3454
25355,8.76657
25356,15.8369
25357,6.95335
25358,7.12201
25359,9.91917
25360,6.30975
25361,12.1801
25362,9.36568
25363,9.50594
25364,7.5826
25365,9.89935
25366,7.92675
25367,10.1934
25368,6.70258
25369,12.1423
25370,7.54907
25371,14.5052
25372,11.0212
25373,9.26814
25374,10.6584
25375,7.29015
25376,9.69047
25377,9.37631
25378,5.49014
25379,8.80444
25380,7.9571
25381,8.18635
25382,9.92788
25383,13.0452
25384,12.8358
25385,9.48788
25386,9.9437
25387,7.35524
25388,12.6162
25389,10.6671
25390,9.70472
25391,12.2225
25392,8.19629
25393,10.6127
25394,14.4717
25395,10.9433
25396,11.6456
25397,10.0855
25398,9.85172
25399,14.6243
25400,10.6941
25401,7.44407
25402,13.4032
25403,9.41162
25404,12.5417
25405,15.5567
25406,11.6792
25407,10.1166
25408,8.2511
25409,10.3936
25410,11.1042
25411,9.7172
25412,11.6614
25413,14.439
25414,12.9713
25415,9.41513
25416,11.4677
25417,7.98961
25418,10.1278
25419,8.83214
25420,9.3576
25421,10.2143
25422,9.49412
25423,13.7633
25424,10.9583
25425,9.1441
25426,9.81249
25427,11.8921
25428,6.22243
25429,10.359
25430,8.24982
25431,8.34816
25432,7.51868
25433,8.62415
25434,10.9752
25435,8.03931
25436,12.4111
25437,12.4951
25438,10.5255
25439,8.87046
25440,9.07806
25441,9.33652
25442,9.36194
25443,9.38081
25444,9.43926
25445,9.54434
25446,9.87247
25447,9.98103
25448,11.162
25449,12.8617
25450,6.98302
25451,12.2673
25452,12.4071
25453,8.40029
25454,14.3401
25455,9.82662
25456,6.83505
25457,7.6111
25458,12.2759
25459,13.5929
25460,7.84818
25461,12.0271
25462,8.77439
25463,8.07457
25464,9.16193
25465,10.4692
25466,8.68023
25467,7.60255
25468,10.5675
25469,7.97542
25470,10.1298
25471,8.42115
25472,9.67377
25473,12.0848
25474,7.28102
25475,13.2426
25476,8.34805
25477,10.568
25478,13.5764
25479,10.617
25480,9.78174
25481,14.1739
25482,9.2411
25483,11.6682
25484,7.24269
25485,12.6306
25486,12.8744
25487,11.9089
25488,9.96573
25489,9.00663
25490,12.8301
25491,12.1552
25492,15.3495
25493,8.40326
25494,14.5548
25495,14.7864
25496,7.48452
25497,8.73828
25498,11.502
25499,9.01471
25500,8.95575
25501,9.10236
25502,9.34369
25503,9.39588
25504,14.1942
25505,10.2143
25506,10.7095
25507,10.7221
25508,11.0626
25509,15.3171
25510,11.5388
25511,8.70088
25512,11.8823
25513,8.2743
25514,8.06444
25515,9.22684
25516,9.3522
25517,13.4691
25518,10.7532
25519,10.8601
25520,10.9166
25521,8.51416
25522,11.5292
25523,6.57988
25524,16.2766
25525,9.40002
25526,13.0666
25527,13.4534
25528,13.6728
25529,9.72741
25530,8.01701
25531,11.2183
25532,10.7631
25533,9.59823
25534,9.82664
25535,9.88417
25536,9.45472
25537,10.6686
25538,10.7993
25539,10.8577
25540,8.60331
25541,7.33425
25542,9.42357
25543,13.8309
25544,10.118
25545,10.1264
25546,11.4172
25547,11.0269
25548,13.364
25549,13.5032
25550,10.017
25551,12.2484
25552,12.7256
25553,9.60103
25554,14.0122
25555,14.2206
25556,10.4708
25557,9.59273
25558,16.7259
25559,7.79824
25560,11.0089
25561,5.42087
25562,5.95131
25563,11.2152
25564,7.34885
25565,8.78582
25566,8.27243
25567,7.40668
25568,7.57307
25569,10.902
25570,8.38842
25571,9.86262
25572,9.22271
25573,10.2746
25574,9.5219
25575,13.6742
25576,9.93515
25577,10.1572
25578,11.382
25579,11.7137
25580,11.9671
25581,12.3632
25582,11.615
25583,15.6572
25584,9.1901
25585,9.46437
25586,10.0963
25587,14.4125
25588,9.42724
25589,10.6144
25590,11.9827
25591,12.0507
25592,12.1923
25593,8.17181
25594,9.35576
25595,6.39128
25596,12.7368
25597,13.1004
25598,7.37273
25599,10.6537
25600,7.709
25601,9.7088
25602,9.82111
25603,9.35785
25604,6.66474
25605,8.74433
25606,9.00495
25607,11.308
25608,10.441
25609,10.5818
25610,10.9599
25611,11.9218
25612,7.23898
25613,10.2629
25614,12.0906
25615,7.96787
25616,11.3577
25617,8.77199
25618,9.53634
25619,14.6915
25620,11.054
25621,8.77515
25622,9.99452
25623,8.53027
25624,7.62987
25625,11.8875
25626,7.34866
25627,7.78506
25628,8.77724
25629,9.16238
25630,10.2219
25631,9.68263
25632,9.73071
25633,7.28468
25634,13.0825
25635,9.23745
25636,9.41971
25637,9.624
25638,14.7569
25639,12.2063
25640,12.8561
25641,14.243
25642,12.9275
25643,9.26201
25644,10.3448
25645,11.8064
25646,7.88299
25647,18.0598
25648,7.5556
25649,16.652
25650,13.9058
25651,7.96028
25652,8.39272
25653,8.58886
25654,6.7014
25655,11.1098
25656,11.1759
25657,11.5386
25658,8.15881
25659,8.23823
25660,11.1009
25661,14.3528
25662,9.4015
25663,10.5065
25664,13.6539
25665,11.4473
25666,9.17921
25667,12.2405
25668,8.39602
25669,9.05092
25670,10.1665
25671,10.2481
25672,8.82994
25673,8.94418
25674,7.07018
25675,9.41656
25676,8.53786
25677,8.81437
25678,9.8245
25679,9.08667
25680,13.1275
25681,10.3197
25682,8.50977
25683,10.7633
25684,11.4601
25685,11.5874
25686,7.03535
25687,11.137
25688,11.0459
25689,9.62256
25690,8.99849
25691,6.01778
25692,9.55898
25693,9.72182
25694,10.4799
25695,6.28173
25696,9.71638
25697,10.9667
25698,10.302
25699,10.4527
25700,14.2385
25701,9.37952
25702,8.51501
25703,9.25216
25704,8.03847
25705,9.32107
25706,8.03363
25707,9.29556
25708,12.3539
25709,12.0245
25710,10.1601
25711,9.63992
25712,12.8951
25713,11.1979
25714,11.7691
25715,9.87691
25716,9.29416
25717,12.3411
25718,8.80126
25719,10.1036
25720,7.03222
25721,15.1205
25722,12.6365
25723,6.66932
25724,13.0098
25725,11.361
25726,6.44443
25727,9.9227
25728,8.10608
25729,6.88855
25730,8.20765
25731,9.27027
25732,8.94325
25733,10.2056
25734,9.60077
25735,10.6441
25736,10.8879
25737,11.3921
25738,7.12093
25739,12.6882
25740,10.9987
25741,13.3878
25742,11.6789
25743,13.8214
25744,10.5238
25745,8.20537
25746,7.75244
25747,9.32722
25748,7.55104
25749,7.99213
25750,13.2037
25751,9.50419
25752,14.1857
25753,14.1392
25754,9.28033
25755,15.3248
25756,10.7149
25757,10.3587
25758,8.85281
25759,10.0806
25760,10.1119
25761,10.8867
25762,10.8176
25763,12.3332
25764,9.54859
25765,10.6622
25766,16.002
25767,10.4053
25768,12.5339
25769,8.77964
25770,8.23755
25771,10.5311
25772,10.9247
25773,12.6786
25774,12.7126
25775,9.68434
25776,7.68686
25777,13.8605
25778,11.1549
25779,10.7757
25780,9.05977
25781,9.17623
25782,8.21452
25783,9.27762
25784,8.04019
25785,10.0773
25786,8.44757
25787,8.58046
25788,9.70042
25789,12.9372
25790,13.5457
25791,11.3972
25792,9.90713
25793,15.961
25794,10.4626
25795,13.8345
25796,9.88614
25797,12.1657
25798,11.2105
25799,7.05569
25800,9.34575
25801,8.34546
25802,8.11508
25803,9.73803
25804,14.6183
25805,12.2838
25806,12.4939
25807,8.64889
25808,8.89951
25809,13.0272
25810,8.2915
25811,13.3935
25812,9.72708
25813,8.86397
25814,8.44398
25815,11.0754
25816,10.0838
25817,10.6555
25818,7.7116
25819,7.94894
25820,12.9459
25821,7.0256
25822,14.3684
25823,14.0085
25824,10.293
25825,8.39483
25826,9.00737
25827,14.0784
25828,6.71608
25829,12.4442
25830,8.12841
25831,8.19353
25832,10.8161
25833,9.93076
25834,13.2193
25835,11.6169
25836,13.6253
25837,7.14676
25838,8.29773
25839,8.31577
25840,8.52461
25841,11.8559
25842,9.03434
25843,11.0078
25844,10.7794
25845,11.9684
25846,11.7964
25847,12.6761
25848,7.979
25849,16.7083
25850,7.87509
25851,8.93579
25852,16.277
25853,16.1968
25854,9.87667
25855,10.4342
25856,11.4433
25857,8.47057
25858,8.51012
25859,11.6685
25860,10.8882
25861,12.1471
25862,9.29817
25863,6.66875
25864,7.80218
25865,9.93108
25866,13.1675
25867,7.20832
25868,10.9179
25869,11.9143
25870,9.1622
25871,12.0332
25872,7.39253
25873,10.2728
25874,10.0495
25875,11.1229
25876,7.32348
25877,10.3534
25878,10.0582
25879,7.22943
25880,12.1452
25881,7.21509
25882,9.61963
25883,10.0516
25884,6.9956
25885,12.3962
25886,6.68034
25887,10.0586
25888,10.0947
25889,8.02756
25890,10.0222
25891,7.42162
25892,8.46231
25893,9.58679
25894,8.94332
25895,9.22212
25896,13.3127
25897,10.4991
25898,12.2787
25899,10.0025
25900,11.1522
25901,11.5459
25902,12.6317
25903,12.7254
25904,10.7449
25905,7.8323
25906,8.2456
25907,11.6094
25908,10.6459
25909,10.7856
25910,8.90274
25911,12.1082
25912,9.53555
25913,12.6944
25914,12.9535
25915,10.5829
25916,10.1833
25917,8.55593
25918,13.7401
25919,7.3425
25920,7.80625
25921,10.0881
25922,9.04453
25923,11.426
25924,10.7035
25925,10.6394
25926,8.85889
25927,7.93541
25928,10.0093
25929,14.5668
25930,15.4737
25931,7.8834
25932,7.98857
25933,9.99906
25934,8.18675
25935,7.45705
25936,7.78276
25937,9.15119
25938,8.8784
25939,9.98148
25940,8.08546
25941,12.1836
25942,7.27093
25943,8.37771
25944,8.53344
25945,8.10895
25946,9.16865
25947,8.31379
25948,10.0569
25949,9.08573
25950,10.1117
25951,10.6994
25952,13.5869
25953,10.7133
25954,7.82372
25955,11.0643
25956,12.1908
25957,8.3337
25958,8.54512
25959,15.8733
25960,11.9594
25961,12.0899
25962,9.66763
25963,9.15545
25964,14.1639
25965,10.1879
25966,10.9228
25967,6.15048
25968,10.9905
25969,13.047
25970,6.46536
25971,9.7344
25972,12.1187
25973,9.63812
25974,8.26342
25975,10.6252
25976,11.6024
25977,10.7022
25978,10.991
25979,8.79338
25980,7.25022
25981,9.94964
25982,11.9939
25983,8.12241
25984,8.48724
25985,8.88358
25986,9.21665
25987,9.56031
25988,11.7378
25989,8.73416
25990,8.82834
25991,9.2732
25992,9.29613
25993,14.3623
25994,9.52878
25995,10.6949
25996,11.6757
25997,11.6841
25998,7.29521
25999,8.98452
26000,9.18339
26001,14.2854
26002,13.6862
26003,7.27995
26004,9.23758
26005,9.86753
26006,8.90303
26007,7.17887
26008,10.8931
26009,10.9626
26010,14.0015
26011,11.2545
26012,8.36897
26013,7.22731
26014,8.24307
26015,8.64659
26016,12.3592
26017,6.46805
26018,10.5667
26019,8.26978
26020,14.3276
26021,9.80128
26022,7.14566
26023,8.47898
26024,7.34899
26025,6.47465
26026,12.6279
26027,8.18757
26028,13.2506
26029,8.30688
26030,12.4197
26031,12.5436
26032,10.6545
26033,7.25605
26034,7.34331
26035,6.28039
26036,7.38316
26037,7.5371
26038,12.3176
26039,7.62399
26040,8.73652
26041,9.90232
26042,10.8011
26043,11.3006
26044,8.38603
26045,8.43118
26046,13.0484
26047,13.6278
26048,12.7229
26049,13.6361
26050,10.3825
26051,8.30506
26052,9.69589
26053,9.19918
26054,9.9314
26055,7.06658
26056,8.14927
26057,8.23089
26058,8.54453
26059,9.24771
26060,11.6254
26061,6.47756
26062,13.5213
26063,9.61723
26064,10.5446
26065,7.68279
26066,10.3768
26067,9.91187
26068,12.7599
26069,8.25075
26070,9.97518
26071,12.3679
26072,13.167
26073,7.75296
26074,6.97818
26075,8.99015
26076,7.25465
26077,12.4774
26078,10.0251
26079,6.38007
26080,9.67732
26081,7.90091
26082,12.0746
26083,8.12783
26084,9.81685
26085,9.20959
26086,9.27229
26087,12.2504
26088,9.496
26089,9.07335
26090,10.904
26091,10.2764
26092,10.9726
26093,7.25726
26094,11.3377
26095,11.7484
26096,11.7803
26097,15.8244
26098,11.3286
26099,9.17876
26100,11.7232
26101,10.3623
26102,12.7239
26103,11.9416
26104,10.5035
26105,8.79114
26106,10.7379
26107,10.8847
26108,6.50073
26109,10.8438
26110,8.25406
26111,8.99831
26112,8.14416
26113,9.16066
26114,10.4399
26115,10.5656
26116,10.574
26117,7.45071
26118,12.084
26119,12.3934
26120,11.7259
26121,14.5102
26122,8.04073
26123,8.6191
26124,10.4724
26125,14.7175
26126,8.77835
26127,15.2369
26128,6.7788
26129,8.0678
26130,8.41885
26131,9.21855
26132,9.46008
26133,10.47
26134,7.84268
26135,14.5564
26136,6.32706
26137,10.9841
26138,11.3113
26139,8.91764
26140,9.21095
26141,9.39742
26142,9.69302
26143,9.76323
26144,6.79519
26145,10.7823
26146,9.99358
26147,11.9166
26148,8.25774
26149,11.6716
26150,12.2194
26151,10.0421
26152,7.14015
26153,11.3522
26154,11.4109
26155,9.87157
26156,10.6833
26157,9.10284
26158,11.2957
26159,12.0761
26160,8.18922
26161,7.54401
26162,9.92096
26163,9.9333
26164,9.98761
26165,9.0886
26166,9.24825
26167,9.28753
26168,9.56458
26169,7.78592
26170,13.0627
26171,11.0738
26172,11.4659
26173,6.51312
26174,11.82
26175,8.89814
26176,12.3743
26177,10.3075
26178,10.3515
26179,10.4032
26180,10.6036
26181,10.8193
26182,8.00016
26183,9.48867
26184,9.3041
26185,10.535
26186,9.62611
26187,9.51189
26188,9.75104
26189,12.8483
26190,9.92732
26191,13.2037
26192,13.0311
26193,7.68871
26194,7.85206
26195,10.1843
26196,12.8401
26197,15.93
26198,9.22083
26199,5.45914
26200,11.8492
26201,12.1735
26202,7.93529
26203,5.45287
26204,10.9042
26205,10.9404
26206,9.42073
26207,8.71493
26208,11.9438
26209,10.1129
26210,9.75475
26211,11.0125
26212,10.0442
26213,9.22693
26214,10.7233
26215,13.7508
26216,11.6521
26217,9.27194
26218,9.36233
26219,11.6144
26220,10.9821
26221,8.50117
26222,10.7519
26223,8.67302
26224,11.8123
26225,8.07174
26226,10.3433
26227,8.50704
26228,8.78141
26229,9.80471
26230,10.3442
26231,9.52881
26232,10.013
26233,10.2421
26234,16.6268
26235,11.7794
26236,11.0178
26237,10.4507
26238,12.9069
26239,14.9481
26240,8.02718
26241,11.4884
26242,11.5337
26243,9.76221
26244,9.77237
26245,8.26521
26246,10.3368
26247,8.49809
26248,13.588
26249,12.6635
26250,9.9461
26251,10.031
26252,9.10618
26253,8.25416
26254,9.49093
26255,9.00477
26256,10.0968
26257,14.1181
26258,8.91651
26259,11.0012
26260,9.32464
26261,7.68838
26262,14.2163
26263,12.3257
26264,10.6169
26265,9.85885
26266,11.8685
26267,10.2774
26268,9.45375
26269,12.6327
26270,9.93153
26271,12.2649
26272,7.07345
26273,10.5384
26274,8.16075
26275,9.08772
26276,9.63196
26277,8.70513
26278,9.45806
26279,6.92436
26280,10.055
26281,7.31941
26282,11.7432
26283,7.75158
26284,8.20538
26285,6.74376
26286,7.8684
26287,12.0961
26288,12.7593
26289,10.5928
26290,11.9172
26291,11.0637
26292,12.545
26293,10.6551
26294,9.77396
26295,12.8042
26296,12.0847
26297,10.1717
26298,8.58293
26299,8.80218
26300,11.9874
26301,9.10544
26302,15.1605
26303,8.26071
26304,13.3605
26305,10.4016
26306,8.51374
26307,7.98694
26308,7.1593
26309,10.136
26310,9.8789
26311,13.0743
26312,11.0827
26313,11.3668
26314,6.56383
26315,8.89809
26316,12.7466
26317,8.95377
26318,9.17567
26319,9.87571
26320,9.65784
26321,9.73818
26322,8.8601
26323,13.9122
26324,12.2797
26325,11.2882
26326,9.55438
26327,14.436
26328,11.5206
26329,10.8749
26330,12.9196
26331,10.0225
26332,8.47775
26333,7.97352
26334,11.2712
26335,12.185
26336,10.1942
26337,10.4994
26338,8.72448
26339,9.15898
26340,8.83353
26341,7.9433
26342,12.0623
26343,8.07263
26344,10.1102
26345,8.58093
26346,8.80519
26347,9.28658
26348,10.408
26349,7.63261
26350,14.6007
26351,9.04628
26352,9.14733
26353,9.82269
26354,10.9286
26355,7.9581
26356,11.4529
26357,7.98283
26358,8.32533
26359,11.3907
26360,7.93714
26361,9.98704
26362,8.10259
26363,8.40776
26364,8.47909
26365,8.93826
26366,8.96309
26367,9.4906
26368,8.51328
26369,9.99709
26370,10.9142
26371,10.1196
26372,11.2917
26373,14.3219
26374,12.4892
26375,14.7363
26376,11.811
26377,7.03968
26378,12.1287
26379,7.17356
26380,8.45602
26381,8.08676
26382,7.14849
26383,7.93363
26384,8.24812
26385,9.44231
26386,12.7403
26387,9.9847
26388,11.2995
26389,8.56601
26390,8.62464
26391,10.3795
26392,12.5688
26393,14.1196
26394,6.92664
26395,11.4944
26396,14.5913
26397,9.64124
26398,9.03309
26399,7.47943
26400,9.6447
26401,16.1814
26402,9.3982
26403,6.58768
26404,9.22917
26405,7.45055
26406,8.81277
26407,8.08363
26408,9.29313
26409,11.783
26410,10.0799
26411,7.66143
26412,9.03345
26413,8.44508
26414,6.99558
26415,15.2009
26416,8.70702
26417,9.65018
26418,6.81186
26419,11.0955
26420,11.2585
26421,11.3939
26422,9.68009
26423,10.0869
26424,7.48776
26425,9.57391
26426,7.84172
26427,8.33406
26428,8.42547
26429,7.59278
26430,8.11527
26431,9.2391
26432,9.70677
26433,8.06586
26434,10.1082
26435,7.38885
26436,9.71143
26437,7.84981
26438,8.86529
26439,8.97212
26440,10.147
26441,9.41126
26442,9.65668
26443,10.0772
26444,12.3114
26445,12.8415
26446,5.67328
26447,6.39951
26448,14.5362
26449,11.6421
26450,14.6505
26451,15.0496
26452,13.5997
26453,6.3423
26454,14.5738
26455,8.58228
26456,10.7428
26457,9.2166
26458,9.41446
26459,10.0765
26460,10.2124
26461,10.8262
26462,11.1377
26463,11.3514
26464,12.2457
26465,13.2816
26466,9.40179
26467,9.69647
26468,10.1813
26469,9.25456
26470,9.64419
26471,9.65842
26472,8.80893
26473,12.5565
26474,12.8141
26475,9.87841
26476,12.2825
26477,7.58718
26478,7.54304
26479,8.66415
26480,9.67616
26481,10.079
26482,13.7389
26483,11.8873
26484,11.5949
26485,9.64315
26486,10.6516
26487,12.2693
26488,8.8388
26489,8.88469
26490,6.18561
26491,7.24425
26492,9.77786
26493,10.7256
26494,8.77751
26495,18.0695
26496,7.0873
26497,9.10849
26498,8.35896
26499,9.53338
26500,9.83608
26501,12.8445
26502,13.0092
26503,9.26967
26504,12.2781
26505,8.43753
26506,8.9235
26507,10.2256
26508,11.7545
26509,10.9083
26510,9.25075
26511,10.3904
26512,11.9615
26513,12.6241
26514,13.4877
26515,12.8724
26516,7.37847
26517,10.9266
26518,10.3424
26519,7.51952
26520,8.53293
26521,9.72875
26522,11.2537
26523,7.77768
26524,12.9333
26525,7.94692
26526,10.1544
26527,10.2415
26528,8.57044
26529,6.68883
26530,10.1182
26531,9.14863
26532,10.3041
26533,10.9595
26534,11.5463
26535,11.1325
26536,7.01158
26537,8.02624
26538,10.0793
26539,14.2364
26540,16.6832
26541,7.88217
26542,10.1488
26543,7.90727
26544,8.6862
26545,7.0222
26546,10.2525
26547,9.20292
26548,9.73029
26549,9.94722
26550,11.255
26551,11.346
26552,10.7414
26553,8.02514
26554,6.19792
26555,14.8566
26556,10.3737
26557,13.3821
26558,10.7372
26559,7.60694
26560,8.12592
26561,6.0144
26562,8.26047
26563,7.21219
26564,10.2826
26565,12.3382
26566,7.56287
26567,10.6752
26568,11.6836
26569,7.76662
26570,13.4122
26571,12.9677
26572,14.1428
26573,10.0845
26574,11.9809
26575,12.1685
26576,9.17691
26577,8.09564
26578,8.11298
26579,11.2855
26580,14.5396
26581,8.60901
26582,11.987
26583,10.7146
26584,16.3656
26585,10.4444
26586,8.85414
26587,14.2531
26588,9.4426
26589,11.8051
26590,7.90552
26591,9.34559
26592,9.48018
26593,10.6826
26594,9.69278
26595,7.85435
26596,8.81623
26597,11.0852
26598,10.0071
26599,8.22604
26600,12.6155
26601,11.19
26602,10.7742
26603,9.47961
26604,8.23946
26605,13.305
26606,9.48867
26607,7.79203
26608,10.9802
26609,11.2328
26610,8.32558
26611,11.8489
26612,6.09129
26613,10.3311
26614,9.44433
26615,11.6155
26616,12.3433
26617,14.135
26618,14.3167
26619,8.93985
26620,11.0249
26621,7.38002
26622,9.01292
26623,12.2457
26624,10.2541
26625,8.55835
26626,11.6201
26627,8.9837
26628,10.0142
26629,10.702
26630,8.50004
26631,11.0174
26632,8.47845
26633,11.4991
26634,12.8204
26635,8.51623
26636,14.5631
26637,12.653
26638,12.7621
26639,12.8751
26640,7.34481
26641,13.6846
26642,8.37571
26643,8.77706
26644,11.242
26645,12.4807
26646,8.60696
26647,10.6429
26648,9.85389
26649,8.33582
26650,10.8016
26651,13.3992
26652,6.96496
26653,10.2074
26654,10.2844
26655,9.50196
26656,9.80332
26657,9.99061
26658,7.45469
26659,7.1652
26660,11.9107
26661,12.003
26662,10.0852
26663,10.3795
26664,5.74374
26665,7.25935
26666,10.4287
26667,7.74557
26668,9.19585
26669,9.33986
26670,9.86601
26671,10.2307
26672,11.5576
26673,9.78965
26674,11.9111
26675,11.0987
26676,11.1103
26677,10.4681
26678,11.739
26679,11.0416
26680,12.7342
26681,10.2979
26682,13.7133
26683,10.3677
26684,9.74029
26685,10.894
26686,10.6188
26687,7.60191
26688,7.74033
26689,8.18994
26690,7.38496
26691,8.62528
26692,9.40456
26693,12.4997
26694,11.8895
26695,8.49141
26696,11.1973
26697,8.94938
26698,13.2567
26699,11.4288
26700,13.8357
26701,13.0015
26702,14.3251
26703,8.83385
26704,16.0035
26705,16.7036
26706,7.68466
26707,7.8091
26708,9.12022
26709,8.0904
26710,8.85412
26711,9.34561
26712,10.7216
26713,9.79112
26714,10.866
26715,10.8744
26716,9.89019
26717,9.53827
26718,10.1523
26719,11.4135
26720,16.1683
26721,7.28025
26722,9.47262
26723,9.73025
26724,9.39311
26725,11.7137
26726,11.836
26727,9.84447
26728,10.6654
26729,9.69646
26730,9.16389
26731,11.3757
26732,11.1211
26733,11.3394
26734,8.57193
26735,5.68814
26736,11.3209
26737,11.5721
26738,9.02046
26739,14.1079
26740,7.42886
26741,11.5235
26742,9.59595
26743,10.4387
26744,12.551
26745,10.7079
26746,10.7262
26747,9.05725
26748,9.44882
26749,9.59998
26750,9.84982
26751,10.2839
26752,11.1937
26753,9.2226
26754,11.6917
26755,8.84494
26756,11.2973
26757,7.81358
26758,7.90327
26759,11.3417
26760,9.11522
26761,9.91226
26762,11.17
26763,11.5692
26764,7.40309
26765,10.2195
26766,10.8416
26767,10.854
26768,9.29752
26769,7.35393
26770,12.0902
26771,10.2971
26772,10.3207
26773,12.4754
26774,10.6759
26775,10.7021
26776,10.3172
26777,9.69878
26778,9.29261
26779,11.1859
26780,6.47475
26781,12.7696
26782,8.76226
26783,10.7401
26784,11.2204
26785,11.6817
26786,12.9095
26787,12.918
26788,8.93169
26789,9.699
26790,9.76656
26791,10.1738
26792,17.2768
26793,8.87827
26794,9.15641
26795,8.94719
26796,9.09027
26797,10.1491
26798,10.2882
26799,10.2305
26800,6.4734
26801,7.89764
26802,9.51238
26803,10.4473
26804,8.56454
26805,6.63938
26806,12.1894
26807,14.5075
26808,7.72164
26809,8.28423
26810,9.15413
26811,12.2035
26812,14.2399
26813,12.3422
26814,6.84438
26815,9.86855
26816,12.8866
26817,9.89507
26818,8.32861
26819,7.20068
26820,9.72002
26821,8.27736
26822,10.6605
26823,9.92556
26824,6.93485
26825,10.2179
26826,7.44741
26827,8.07
26828,11.2372
26829,7.8267
26830,8.91012
26831,8.21658
26832,8.33315
26833,9.91779
26834,12.9553
26835,9.06123
26836,13.3662
26837,11.2236
26838,11.724
26839,9.00836
26840,9.09353
26841,9.14409
26842,11.2858
26843,9.72868
26844,12.3668
26845,8.69435
26846,9.70645
26847,9.74712
26848,10.8224
26849,11.9445
26850,12.3377
26851,7.52991
26852,12.5361
26853,9.22392
26854,8.53088
26855,9.61641
26856,9.66784
26857,8.58059
26858,10.6305
26859,10.8224
26860,10.8561
26861,11.1909
26862,7.88392
26863,10.2164
26864,10.5427
26865,6.92862
26866,10.0861
26867,10.4723
26868,13.2409
26869,8.26982
26870,8.93321
26871,12.3181
26872,14.1658
26873,10.2244
26874,13.9224
26875,9.71586
26876,8.90098
26877,10.3191
26878,11.8974
26879,8.19429
26880,13.6326
26881,9.66056
26882,9.13259
26883,9.95978
26884,11.1216
26885,11.1466
26886,10.1808
26887,8.64868
26888,9.39912
26889,14.5706
26890,7.6942
26891,7.12712
26892,9.15151
26893,7.29424
26894,8.16936
26895,9.45972
26896,11.9144
26897,9.24886
26898,8.3272
26899,11.5959
26900,9.27934
26901,8.49785
26902,13.7435
26903,14.0485
26904,11.0569
26905,8.91742
26906,13.626
26907,9.65332
26908,9.80779
26909,8.04839
26910,8.54403
26911,7.62953
26912,8.11653
26913,14.723
26914,10.7393
26915,8.01443
26916,11.914
26917,13.1663
26918,12.3409
26919,12.1066
26920,8.27811
26921,10.6712
26922,9.09039
26923,9.39653
26924,8.65898
26925,7.66742
26926,8.32742
26927,9.57731
26928,8.64412
26929,8.07804
26930,10.2693
26931,11.2988
26932,9.49905
26933,11.5181
26934,11.665
26935,9.72918
26936,8.7722
26937,12.2161
26938,12.3836
26939,7.67937
26940,10.792
26941,11.0141
26942,9.22811
26943,11.3168
26944,8.37806
26945,9.43542
26946,9.846
26947,8.03537
26948,9.09088
26949,8.20307
26950,12.7255
26951,8.80948
26952,12.4405
26953,8.62834
26954,9.51011
26955,11.6906
26956,10.2222
26957,6.29382
26958,12.5002
26959,13.5086
26960,9.51707
26961,7.75387
26962,13.9227
26963,6.98073
26964,7.06046
26965,10.2022
26966,8.37219
26967,11.399
26968,7.63857
26969,8.04727
26970,11.9947
26971,11.0412
26972,9.8094
26973,16.9341
26974,8.58038
26975,12.7424
26976,15.5629
26977,9.12811
26978,9.28603
26979,9.81969
26980,9.85253
26981,7.12119
26982,7.28418
26983,12.8233
26984,9.64253
26985,7.079
26986,12.1838
26987,13.0579
26988,8.20711
26989,8.77713
26990,7.35371
26991,8.23741
26992,7.6717
26993,11.1059
26994,11.2115
26995,12.2716
26996,13.4708
26997,7.8142
26998,8.99845
26999,8.21299
27000,9.24095
27001,10.2512
27002,10.9325
27003,13.3177
27004,7.75482
27005,9.73944
27006,9.98365
27007,10.9106
27008,7.50295
27009,7.15985
27010,7.35776
27011,8.595
27012,7.61794
27013,9.96736
27014,9.01501
27015,13.0555
27016,9.49677
27017,10.128
27018,12.1364
27019,11.8909
27020,10.9542
27021,14.0211
27022,12.3056
27023,11.7934
27024,13.5536
27025,12.6706
27026,10.8221
27027,13.8732
27028,9.97711
27029,10.9466
27030,11.883
27031,11.1253
27032,12.2904
27033,14.0242
27034,10.783
27035,12.4682
27036,9.55317
27037,6.27275
27038,10.6425
27039,12.0705
27040,7.80425
27041,7.82407
27042,8.02818
27043,7.48816
27044,8.55067
27045,8.96504
27046,9.19567
27047,9.30226
27048,9.65452
27049,10.7343
27050,9.93267
27051,10.0289
27052,10.0702
27053,11.5154
27054,6.97946
27055,12.0352
27056,10.12
27057,7.67996
27058,7.9674
27059,8.18515
27060,12.2636
27061,12.3152
27062,13.6576
27063,9.73321
27064,9.92385
27065,8.26687
27066,11.3057
27067,10.8945
27068,11.4838
27069,9.7385
27070,10.0153
27071,9.32201
27072,9.5092
27073,9.88664
27074,8.33408
27075,9.67015
27076,12.7914
27077,10.3438
27078,9.40703
27079,13.5072
27080,9.78064
27081,11.0261
27082,11.0809
27083,10.1543
27084,13.1712
27085,13.2511
27086,15.2596
27087,11.5941
27088,10.9378
27089,13.7119
27090,9.68487
27091,12.7998
27092,8.40097
27093,10.4315
27094,10.4722
27095,7.69532
27096,9.89129
27097,8.17028
27098,10.3259
27099,7.36251
27100,11.6085
27101,9.71341
27102,7.94043
27103,8.04899
27104,11.1068
27105,10.4071
27106,7.61065
27107,8.83903
27108,8.11279
27109,8.82959
27110,8.96474
27111,10.37
27112,10.9155
27113,6.36942
27114,7.62655
27115,9.67374
27116,10.0538
27117,10.189
27118,12.5191
27119,10.668
27120,12.6829
27121,13.847
27122,11.9113
27123,12.063
27124,10.1224
27125,10.2649
27126,11.4009
27127,14.6507
27128,6.82102
27129,8.46342
27130,12.159
27131,9.49762
27132,10.788
27133,11.1227
27134,8.6585
27135,9.04492
27136,11.325
27137,13.5189
27138,9.59048
27139,9.6646
27140,9.80938
27141,11.5504
27142,7.98142
27143,11.2302
27144,10.4537
27145,8.82581
27146,11.2568
27147,11.3794
27148,10.2196
27149,8.54409
27150,11.2285
27151,13.4297
27152,11.6183
27153,9.81047
27154,10.9028
27155,9.35087
27156,7.0577
27157,9.90751
27158,10.206
27159,6.21444
27160,10.2386
27161,10.5332
27162,7.28023
27163,12.6452
27164,7.96845
27165,9.0798
27166,8.09809
27167,8.32924
27168,9.39325
27169,9.51769
27170,10.2811
27171,10.6963
27172,9.92131
27173,8.08676
27174,12.0952
27175,10.9356
27176,8.14149
27177,11.1908
27178,12.7699
27179,10.0712
27180,12.833
27181,8.1685
27182,12.2908
27183,11.8343
27184,7.63458
27185,6.61334
27186,10.682
27187,9.85772
27188,8.14561
27189,7.65344
27190,9.69679
27191,10.8769
27192,8.61918
27193,9.62763
27194,11.6761
27195,9.73373
27196,6.94934
27197,9.00155
27198,11.5554
27199,13.5904
27200,8.18686
27201,11.2348
27202,10.3314
27203,14.6558
27204,9.38246
27205,11.8225
27206,11.8824
27207,9.45945
27208,11.3185
27209,13.0439
27210,14.1143
27211,10.5351
27212,13.6438
27213,11.5817
27214,12.4006
27215,9.11443
27216,11.0945
27217,12.1189
27218,9.16051
27219,9.84288
27220,9.73696
27221,7.89081
27222,8.05707
27223,10.9907
27224,11.9995
27225,10.3654
27226,9.50318
27227,9.52956
27228,12.538
27229,6.54643
27230,6.68388
27231,8.70406
27232,8.77021
27233,8.8823
27234,11.0062
27235,9.19808
27236,10.632
27237,10.7263
27238,11.4015
27239,10.4411
27240,9.1021
27241,11.2681
27242,12.5865
27243,7.13364
27244,7.23008
27245,12.3594
27246,7.69778
27247,9.69518
27248,10.7861
27249,8.79449
27250,10.6896
27251,9.76544
27252,10.1666
27253,10.4456
27254,11.6067
27255,11.8738
27256,11.7941
27257,12.7975
27258,13.0705
27259,11.6237
27260,8.41088
27261,8.14012
27262,8.45275
27263,11.7274
27264,6.60049
27265,6.88368
27266,7.30789
27267,9.71867
27268,9.14817
27269,10.5515
27270,5.44726
27271,12.7769
27272,10.9854
27273,13.5062
27274,15.1835
27275,10.392
27276,15.455
27277,8.56796
27278,11.4853
27279,11.9481
27280,8.1528
27281,7.22042
27282,7.97306
27283,9.25701
27284,11.4056
27285,10.2238
27286,11.4442
27287,9.4927
27288,8.70077
27289,9.10827
27290,10.5818
27291,8.64496
27292,5.68142
27293,10.3965
27294,8.66488
27295,10.6988
27296,6.34009
27297,7.00271
27298,7.73135
27299,11.3972
27300,9.96306
27301,11.7419
27302,11.2463
27303,14.5675
27304,6.83742
27305,8.7258
27306,10.1158
27307,9.33278
27308,7.37494
27309,9.35723
27310,12.5621
27311,7.84802
27312,8.41951
27313,8.69665
27314,8.71302
27315,8.7633
27316,7.7967
27317,8.89491
27318,9.2679
27319,9.34285
27320,10.3695
27321,10.437
27322,7.44898
27323,8.56442
27324,12.0596
27325,8.19708
27326,10.6325
27327,7.75094
27328,9.11999
27329,14.3662
27330,9.44606
27331,9.53131
27332,12.882
27333,8.06272
27334,10.3007
27335,14.5863
27336,8.74708
27337,13.7907
27338,10.0681
27339,11.1621
27340,10.5579
27341,7.3522
27342,12.3571
27343,9.41456
27344,9.54556
27345,13.9209
27346,8.93362
27347,9.86012
27348,10.0248
27349,10.3323
27350,10.7218
27351,10.115
27352,9.36626
27353,7.71514
27354,11.4625
27355,11.1088
27356,8.43595
27357,8.62367
27358,6.72786
27359,9.74329
27360,6.81461
27361,6.91052
27362,6.91895
27363,8.38538
27364,10.4347
27365,10.6293
27366,9.63776
27367,9.91692
27368,7.15232
27369,10.405
27370,11.4711
27371,10.7012
27372,11.2855
27373,9.29752
27374,11.7218
27375,8.44419
27376,10.5006
27377,8.88694
27378,8.66782
27379,8.53717
27380,12.9435
27381,12.7415
27382,14.1765
27383,6.32507
27384,9.4819
27385,10.7589
27386,9.99578
27387,9.33077
27388,10.7004
27389,11.0504
27390,6.55548
27391,7.65889
27392,8.34651
27393,12.166
27394,7.7774
27395,11.6607
27396,9.6828
27397,8.71736
27398,12.9807
27399,10.4919
27400,11.1058
27401,11.044
27402,15.258
27403,8.51732
27404,8.90361
27405,11.1692
27406,13.4544
27407,9.80776
27408,8.15021
27409,9.46871
27410,8.68534
27411,8.98176
27412,7.11327
27413,12.1846
27414,7.4645
27415,13.6047
27416,7.30307
27417,7.29719
27418,8.78736
27419,9.04593
27420,9.08201
27421,12.6023
27422,9.80179
27423,6.91122
27424,11.9971
27425,11.9021
27426,10.9375
27427,9.98262
27428,10.1438
27429,9.21804
27430,10.5062
27431,11.6808
27432,10.1346
27433,9.18691
27434,9.46472
27435,9.56656
27436,13.2081
27437,11.5289
27438,11.2519
27439,10.6953
27440,8.01294
27441,12.9378
27442,8.60609
27443,9.56379
27444,11.659
27445,9.9535
27446,10.1203
27447,10.6136
27448,9.55478
27449,13.6412
27450,8.38159
27451,10.2056
27452,11.0929
27453,9.37008
27454,9.64644
27455,9.79151
27456,9.94138
27457,13.1276
27458,13.4891
27459,8.64016
27460,9.67781
27461,9.77788
27462,10.954
27463,8.01699
27464,10.0561
27465,10.3857
27466,9.40879
27467,9.75961
27468,11.0668
27469,8.91827
27470,8.41684
27471,7.69791
27472,11.1043
27473,9.21184
27474,15.4547
27475,13.2609
27476,7.1974
27477,10.9329
27478,8.64914
27479,6.70796
27480,9.90957
27481,10.4386
27482,10.5948
27483,6.90939
27484,9.00268
27485,7.3972
27486,8.87025
27487,9.95671
27488,13.3413
27489,9.81323
27490,9.95387
27491,10.231
27492,10.7454
27493,12.9897
27494,11.0761
27495,8.30312
27496,10.7556
27497,14.2275
27498,12.55
27499,9.82772
27500,9.84327
27501,10.1341
27502,11.8348
27503,8.19683
27504,13.5531
27505,14.1529
27506,8.77156
27507,12.2241
27508,8.87473
27509,10.6669
27510,11.2671
27511,11.7441
27512,8.90247
27513,9.21263
27514,9.35667
27515,9.46892
27516,11.113
27517,11.1521
27518,5.85683
27519,12.0613
27520,12.3134
27521,8.63282
27522,6.65611
27523,6.04175
27524,9.10212
27525,6.9876
27526,8.37123
27527,9.43002
27528,10.6429
27529,8.58489
27530,10.9837
27531,9.50524
27532,10.5151
27533,14.5235
27534,8.2601
27535,8.05936
27536,12.4488
27537,10.0055
27538,10.868
27539,8.96179
27540,7.02026
27541,10.1017
27542,13.1382
27543,15.2733
27544,12.3103
27545,11.7095
27546,9.17195
27547,7.62989
27548,8.94237
27549,14.6515
27550,13.1621
27551,9.23513
27552,9.952
27553,10.977
27554,9.29804
27555,10.9699
27556,11.563
27557,11.8397
27558,13.9628
27559,10.8595
27560,10.5896
27561,7.98049
27562,7.14859
27563,8.31763
27564,7.46807
27565,11.5029
27566,6.88895
27567,7.84454
27568,6.89933
27569,13.1037
27570,10.3671
27571,9.49066
27572,9.62244
27573,9.74483
27574,6.5887
27575,10.6791
27576,10.9836
27577,13.0234
27578,11.2242
27579,8.54601
27580,9.00119
27581,9.45073
27582,13.6661
27583,9.88543
27584,13.0385
27585,10.1839
27586,6.21604
27587,8.74452
27588,10.859
27589,8.92839
27590,6.93682
27591,8.05571
27592,11.1617
27593,8.53659
27594,13.545
27595,9.75875
27596,7.9461
27597,9.12111
27598,10.2524
27599,10.5636
27600,8.77214
27601,8.82434
27602,9.91097
27603,10.1911
27604,11.2686
27605,11.2986
27606,11.4558
27607,16.2512
27608,12.9087
27609,9.39405
27610,11.0178
27611,8.07414
27612,14.3166
27613,11.9065
27614,15.4366
27615,9.23858
27616,12.349
27617,13.5486
27618,7.44491
27619,13.6296
27620,11.691
27621,11.7288
27622,10.3138
27623,9.43159
27624,13.7206
27625,11.8349
27626,10.0624
27627,8.58214
27628,7.9536
27629,11.0002
27630,15.2183
27631,8.31564
27632,8.39835
27633,8.69471
27634,9.06635
27635,9.44854
27636,11.5987
27637,9.83444
27638,11.3666
27639,12.3799
27640,11.3368
27641,8.68616
27642,12.5593
27643,12.5871
27644,7.90965
27645,13.9062
27646,15.0599
27647,14.5126
27648,8.74722
27649,9.92726
27650,9.96
27651,10.0168
27652,11.0069
27653,9.40894
27654,9.82725
27655,9.0496
27656,10.828
27657,9.16065
27658,8.29477
27659,7.62561
27660,10.9566
27661,13.82
27662,8.99906
27663,10.0312
27664,8.51539
27665,7.56904
27666,7.81992
27667,12.211
27668,7.74976
27669,9.23645
27670,11.623
27671,10.8771
27672,12.0118
27673,11.3511
27674,7.6846
27675,11.3597
27676,14.6646
27677,14.6091
27678,9.09952
27679,10.3459
27680,10.8813
27681,11.4862
27682,9.00478
27683,8.18132
27684,11.3573
27685,9.38323
27686,9.3449
27687,9.66043
27688,12.1031
27689,6.3253
27690,10.4936
27691,12.9311
27692,11.2274
27693,9.38841
27694,12.7668
27695,8.85186
27696,9.26196
27697,6.93401
27698,7.59129
27699,10.7572
27700,8.43489
27701,9.68744
27702,11.1754
27703,8.15975
27704,13.3943
27705,7.71201
27706,12.2168
27707,6.83456
27708,7.57885
27709,7.88198
27710,12.0846
27711,8.43552
27712,8.52513
27713,10.005
27714,11.4939
27715,11.8079
27716,12.1583
27717,7.43021
27718,8.53411
27719,9.35032
27720,17.6804
27721,9.78659
27722,6.90944
27723,14.5624
27724,8.08935
27725,10.2691
27726,8.71166
27727,8.85445
27728,10.3846
27729,9.90038
27730,11.5747
27731,12.9123
27732,10.0841
27733,10.1098
27734,7.10166
27735,10.754
27736,9.89654
27737,10.1884
27738,9.15874
27739,9.58552
27740,12.7414
27741,9.47325
27742,8.02711
27743,8.70752
27744,8.98938
27745,9.12982
27746,9.1681
27747,9.76131
27748,9.80791
27749,9.91575
27750,9.94778
27751,10.0469
27752,10.5609
27753,10.8545
27754,11.0074
27755,7.60251
27756,12.1291
27757,10.9674
27758,9.9758
27759,9.98844
27760,12.6751
27761,17.0482
27762,8.21828
27763,11.2354
27764,13.4976
27765,8.64777
27766,9.2933
27767,7.5766
27768,8.0734
27769,10.3867
27770,8.90552
27771,9.63131
27772,9.8645
27773,10.2
27774,9.66428
27775,11.0049
27776,6.65344
27777,10.3754
27778,9.62873
27779,8.31747
27780,8.79189
27781,8.00877
27782,9.25167
27783,11.858
27784,14.1672
27785,8.17799
27786,7.22682
27787,9.21716
27788,9.49454
27789,7.78244
27790,10.3705
27791,10.5623
27792,10.9842
27793,8.66413
27794,10.8348
27795,11.1416
27796,9.25907
27797,12.7886
27798,14.5837
27799,15.9772
27800,13.3196
27801,7.9728
27802,9.0735
27803,9.46727
27804,7.39502
27805,11.712
27806,11.924
27807,10.9326
27808,8.19909
27809,9.53305
27810,8.79651
27811,6.90332
27812,11.9118
27813,7.92019
27814,9.92862
27815,7.94619
27816,12.0371
27817,11.0799
27818,10.2736
27819,9.70176
27820,10.8365
27821,10.8549
27822,11.0378
27823,11.3343
27824,11.443
27825,12.5728
27826,12.2953
27827,12.6345
27828,11.8417
27829,8.88793
27830,9.98854
27831,14.3851
27832,14.5007
27833,13.279
27834,7.33295
27835,11.7354
27836,11.1275
27837,14.3368
27838,9.41032
27839,11.4338
27840,6.84742
27841,11.8931
27842,10.3056
27843,9.43586
27844,12.4841
27845,9.66544
27846,9.73644
27847,14.6908
27848,9.74666
27849,14.2464
27850,7.42476
27851,9.40844
27852,13.2334
27853,11.1165
27854,7.8836
27855,9.34099
27856,7.81972
27857,9.27467
27858,10.4652
27859,7.5749
27860,10.8837
27861,9.20587
27862,13.234
27863,12.0306
27864,7.25967
27865,12.5236
27866,11.1198
27867,10.5251
27868,8.59697
27869,7.99045
27870,8.57131
27871,8.68506
27872,10.7326
27873,12.2367
27874,10.4172
27875,12.0768
27876,11.4306
27877,7.00183
27878,11.2717
27879,12.6332
27880,11.8809
27881,8.37245
27882,9.0991
27883,10.5182
27884,9.61033
27885,8.72289
27886,6.73133
27887,10.8459
27888,9.43001
27889,7.67499
27890,7.83192
27891,7.84035
27892,9.84886
27893,7.50711
27894,8.51555
27895,8.5439
27896,8.71205
27897,8.75764
27898,10.8368
27899,9.1159
27900,9.20913
27901,9.31399
27902,9.45749
27903,9.51359
27904,6.17114
27905,11.7674
27906,10.9448
27907,12.9768
27908,7.82773
27909,12.1619
27910,12.2322
27911,6.08035
27912,13.1708
27913,13.1954
27914,13.2326
27915,13.3724
27916,13.4131
27917,8.45847
27918,6.65495
27919,11.934
27920,11.0087
27921,8.25383
27922,7.51691
27923,9.64446
27924,9.97438
27925,9.22545
27926,9.81111
27927,9.97426
27928,7.30411
27929,10.3127
27930,6.78352
27931,14.8808
27932,6.81641
27933,12.0807
27934,13.2901
27935,11.8376
27936,17.3851
27937,10.4785
27938,13.9427
27939,7.202
27940,11.781
27941,9.30169
27942,10.459
27943,12.6243
27944,9.11109
27945,9.2426
27946,8.40126
27947,8.90948
27948,8.93794
27949,9.15327
27950,10.756
27951,10.3639
27952,15.9115
27953,11.101
27954,7.30012
27955,8.68193
27956,13.3726
27957,12.7073
27958,10.7223
27959,9.22481
27960,10.0401
27961,10.3164
27962,12.5405
27963,12.5902
27964,11.8532
27965,15.9963
27966,9.03802
27967,10.406
27968,8.40132
27969,11.9052
27970,10.813
27971,15.3389
27972,8.54422
27973,11.1526
27974,9.34485
27975,10.519
27976,9.64132
27977,9.19698
27978,9.4228
27979,11.7158
27980,4.55459
27981,11.6282
27982,8.84126
27983,8.19937
27984,12.8701
27985,12.1622
27986,10.5422
27987,10.8314
27988,6.75516
27989,6.76725
27990,14.4215
27991,8.7252
27992,11.5396
27993,7.54827
27994,8.73675
27995,8.78744
27996,10.5892
27997,15.9812
27998,11.2673
27999,9.39569
28000,13.9005
28001,13.892
28002,8.02319
28003,11.1324
28004,9.64687
28005,14.9473
28006,7.49636
28007,10.2034
28008,6.7653
28009,6.2797
28010,8.46579
28011,6.78876
28012,11.8796
28013,12.0828
28014,8.01314
28015,9.36349
28016,11.7546
28017,8.26131
28018,15.4703
28019,9.71954
28020,7.4706
28021,8.11002
28022,9.19808
28023,7.43144
28024,7.94903
28025,8.0082
28026,11.1206
28027,8.19824
28028,11.222
28029,10.2862
28030,12.526
28031,11.8302
28032,11.8386
28033,13.9725
28034,11.5818
28035,11.8523
28036,8.81868
28037,12.1841
28038,11.3741
28039,8.99286
28040,13.5511
28041,11.8032
28042,10.6861
28043,9.09992
28044,10.9785
28045,11.2522
28046,11.45
28047,9.93575
28048,10.8199
28049,11.5322
28050,9.07092
28051,9.9222
28052,10.3136
28053,9.0487
28054,8.77937
28055,8.85276
28056,10.9186
28057,9.18332
28058,9.25581
28059,9.32685
28060,9.39733
28061,9.35626
28062,14.5424
28063,11.1258
28064,12.1713
28065,12.2939
28066,8.60037
28067,6.79173
28068,12.8517
28069,7.09331
28070,14.0997
28071,9.86384
28072,8.61123
28073,7.97276
28074,11.6006
28075,9.25748
28076,14.8766
28077,13.9544
28078,6.07313
28079,7.13239
28080,9.08514
28081,9.33988
28082,11.7052
28083,5.9758
28084,6.51443
28085,10.7065
28086,8.72244
28087,8.97715
28088,10.4555
28089,9.80152
28090,9.03971
28091,9.17387
28092,10.6612
28093,9.72393
28094,11.0673
28095,12.8973
28096,7.90569
28097,8.41653
28098,9.75823
28099,8.1849
28100,10.4467
28101,9.84757
28102,9.94288
28103,11.0275
28104,7.09269
28105,12.308
28106,9.61805
28107,10.8632
28108,7.87444
28109,9.28003
28110,10.0177
28111,12.4812
28112,10.9246
28113,9.01016
28114,12.1895
28115,11.4323
28116,8.67743
28117,9.39897
28118,14.5574
28119,11.673
28120,9.70067
28121,10.8027
28122,10.9855
28123,11.5304
28124,15.7902
28125,9.50782
28126,9.93426
28127,10.2181
28128,9.15896
28129,12.1831
28130,10.3083
28131,12.5716
28132,10.9617
28133,18.739
28134,11.119
28135,11.3605
28136,11.5782
28137,10.9019
28138,13.1839
28139,11.0598
28140,13.0444
28141,9.1517
28142,13.7244
28143,11.5479
28144,8.9517
28145,7.45784
28146,9.64914
28147,14.7786
28148,15.9108
28149,10.3007
28150,7.97238
28151,12.0003
28152,9.00876
28153,8.58057
28154,8.92222
28155,9.28204
28156,9.34611
28157,10.8766
28158,14.0883
28159,6.63661
28160,13.0543
28161,7.85205
28162,10.7889
28163,8.33206
28164,9.51524
28165,12.5872
28166,13.8876
28167,12.9163
28168,9.04357
28169,8.72424
28170,9.81217
28171,7.98275
28172,9.74887
28173,12.9625
28174,11.3301
28175,13.3385
28176,11.5999
28177,9.69138
28178,11.0291
28179,11.3106
28180,8.76497
28181,11.1884
28182,10.3106
28183,13.3868
28184,11.6796
28185,11.7227
28186,13.8971
28187,10.5111
28188,8.16173
28189,8.69361
28190,10.9166
28191,10.0541
28192,13.2957
28193,13.3041
28194,11.5863
28195,8.71663
28196,11.2305
28197,11.0042
28198,9.36003
28199,9.91009
28200,9.91853
28201,10.1187
28202,6.41363
28203,7.62449
28204,10.6776
28205,7.90315
28206,8.01661
28207,8.64286
28208,12.7611
28209,13.6645
28210,11.6808
28211,10.0464
28212,7.25999
28213,10.3895
28214,8.13475
28215,11.4107
28216,9.35619
28217,8.29469
28218,12.7793
28219,10.0459
28220,10.1368
28221,9.20944
28222,10.4333
28223,8.97066
28224,9.08736
28225,12.3311
28226,12.8333
28227,11.9052
28228,12.1024
28229,7.4012
28230,8.22016
28231,12.685
28232,9.82719
28233,9.07636
28234,9.54141
28235,10.281
28236,8.47353
28237,13.5843
28238,10.9705
28239,11.367
28240,7.74148
28241,9.81624
28242,9.08165
28243,10.192
28244,10.0271
28245,13.9119
28246,11.408
28247,11.0398
28248,8.53269
28249,10.4626
28250,7.6524
28251,8.44522
28252,9.21849
28253,10.3843
28254,9.30666
28255,11.6337
28256,11.8024
28257,12.6761
28258,9.36639
28259,10.8141
28260,11.8981
28261,10.4651
28262,10.6134
28263,11.051
28264,7.89954
28265,9.03953
28266,10.3613
28267,7.90764
28268,8.2313
28269,12.4543
28270,7.54372
28271,9.78071
28272,8.09929
28273,11.4794
28274,11.7887
28275,11.1567
28276,7.40445
28277,12.6182
28278,8.3996
28279,8.53032
28280,8.97433
28281,8.0328
28282,9.1418
28283,11.5523
28284,9.8036
28285,10.0706
28286,6.08208
28287,7.46039
28288,8.51741
28289,10.3456
28290,10.5948
28291,9.61988
28292,11.0419
28293,6.89063
28294,11.0713
28295,12.0834
28296,7.14114
28297,11.2348
28298,7.42723
28299,11.75
28300,7.79511
28301,7.92758
28302,6.59738
28303,10.6662
28304,13.9639
28305,13.1371
28306,9.79965
28307,9.95055
28308,10.7602
28309,10.8693
28310,5.93749
28311,7.46391
28312,11.6148
28313,8.10561
28314,12.114
28315,8.24385
28316,8.58654
28317,7.60049
28318,8.94058
28319,8.98466
28320,12.9931
28321,8.04244
28322,8.56916
28323,10.1021
28324,12.4321
28325,9.97982
28326,11.0265
28327,11.0531
28328,10.2003
28329,15.3193
28330,9.01157
28331,13.8992
28332,7.00252
28333,8.19683
28334,11.6921
28335,15.2167
28336,9.49505
28337,7.93126
28338,8.08964
28339,8.50802
28340,8.97893
28341,10.4744
28342,9.97557
28343,11.8207
28344,7.93576
28345,9.33676
28346,8.54558
28347,7.24721
28348,8.8019
28349,7.83767
28350,9.15235
28351,6.81347
28352,14.7767
28353,12.0063
28354,12.0168
28355,8.12668
28356,8.30026
28357,7.76958
28358,10.6218
28359,8.92483
28360,12.0207
28361,11.427
28362,9.75581
28363,6.91309
28364,9.10881
28365,10.2089
28366,10.4265
28367,11.4996
28368,7.63477
28369,7.71792
28370,13.1658
28371,8.42535
28372,13.2541
28373,14.4624
28374,11.2673
28375,10.2757
28376,8.50262
28377,12.7747
28378,9.27975
28379,12.3744
28380,9.94415
28381,9.07792
28382,7.86441
28383,6.74033
28384,7.20835
28385,9.26981
28386,17.0221
28387,10.2432
28388,7.58161
28389,6.04235
28390,11.1127
28391,8.69518
28392,9.5011
28393,9.77293
28394,13.8169
28395,15.0148
28396,11.1949
28397,9.27167
28398,11.6492
28399,8.68913
28400,8.83258
28401,7.15747
28402,8.03721
28403,8.04564
28404,8.45176
28405,9.24347
28406,10.0731
28407,10.2638
28408,7.35277
28409,10.4847
28410,8.52014
28411,6.99235
28412,12.4867
28413,13.0086
28414,13.2121
28415,13.6766
28416,7.03346
28417,8.32439
28418,11.3349
28419,8.50014
28420,9.00551
28421,12.0568
28422,14.5663
28423,11.6142
28424,12.1775
28425,7.65588
28426,7.97239
28427,8.12383
28428,9.51972
28429,9.60678
28430,8.18535
28431,11.369
28432,17.0392
28433,12.9127
28434,9.38755
28435,9.96302
28436,8.12668
28437,9.57102
28438,12.6208
28439,16.7367
28440,10.9083
28441,11.4592
28442,13.1131
28443,11.6844
28444,7.70008
28445,8.09579
28446,14.8767
28447,7.07713
28448,9.79813
28449,7.55432
28450,11.5633
28451,11.8534
28452,7.40736
28453,9.85498
28454,9.86407
28455,11.8508
28456,15.2056
28457,8.34081
28458,8.41597
28459,14.6967
28460,11.5784
28461,11.7261
28462,9.76694
28463,14.0972
28464,12.2857
28465,10.3303
28466,10.4393
28467,10.6235
28468,11.871
28469,7.4132
28470,9.51171
28471,9.38026
28472,7.80049
28473,10.076
28474,10.3332
28475,13.6763
28476,9.35809
28477,7.44356
28478,7.78282
28479,7.99733
28480,10.2124
28481,10.3326
28482,8.46946
28483,11.0884
28484,11.4378
28485,11.5946
28486,12.2308
28487,9.76419
28488,7.90574
28489,9.97061
28490,10.7796
28491,11.5048
28492,8.62195
28493,6.94797
28494,13.1844
28495,7.48373
28496,16.5803
28497,14.165
28498,9.30118
28499,9.62411
28500,13.7662
28501,10.2875
28502,7.76729
28503,12.2723
28504,10.3708
28505,10.0322
28506,10.3783
28507,9.8795
28508,8.68843
28509,9.97101
28510,12.0154
28511,9.87863
28512,9.12129
28513,7.60425
28514,13.672
28515,10.3404
28516,10.5782
28517,7.87247
28518,11.6642
28519,14.1261
28520,9.04131
28521,10.7914
28522,5.97665
28523,6.86287
28524,7.50472
28525,12.9958
28526,10.3433
28527,9.40606
28528,10.4205
28529,9.44827
28530,9.75425
28531,9.94121
28532,10.8108
28533,9.47198
28534,12.5194
28535,12.9675
28536,9.46591
28537,16.5719
28538,10.9496
28539,11.7097
28540,9.73862
28541,12.9093
28542,7.63218
28543,11.7073
28544,8.94511
28545,9.46773
28546,9.57061
28547,10.7781
28548,8.90056
28549,9.92183
28550,10.2532
28551,11.7298
28552,10.6058
28553,11.3069
28554,7.79578
28555,8.21046
28556,10.245
28557,12.2635
28558,15.556
28559,13.7785
28560,7.99972
28561,10.4378
28562,10.484
28563,14.6246
28564,11.2402
28565,10.3303
28566,8.86937
28567,8.9908
28568,11.9992
28569,8.66855
28570,8.91785
28571,9.56711
28572,9.80675
28573,10.3414
28574,10.5449
28575,11.1177
28576,9.13012
28577,6.78619
28578,11.968
28579,9.84533
28580,9.17609
28581,9.19392
28582,12.3911
28583,9.73258
28584,10.9466
28585,11.1653
28586,11.4948
28587,14.9024
28588,9.39445
28589,9.90531
28590,10.1576
28591,13.9266
28592,6.9433
28593,7.04212
28594,7.08169
28595,7.24639
28596,15.3152
28597,5.44351
28598,10.6265
28599,6.73047
28600,7.92384
28601,11.2743
28602,11.7901
28603,9.59186
28604,9.93896
28605,13.315
28606,11.3452
28607,9.89556
28608,9.38815
28609,13.0483
28610,12.7871
28611,16.0739
28612,12.2044
28613,9.93975
28614,11.1775
28615,13.0119
28616,8.08936
28617,9.30431
28618,8.50743
28619,6.6117
28620,8.6711
28621,13.6982
28622,8.15483
28623,7.40646
28624,13.5891
28625,9.6497
28626,10.7359
28627,7.94585
28628,10.0554
28629,8.0914
28630,6.54234
28631,12.0294
28632,10.4064
28633,7.442
28634,12.1558
28635,12.4727
28636,9.79565
28637,12.8249
28638,9.06946
28639,12.1127
28640,15.2157
28641,8.35257
28642,12.637
28643,7.67908
28644,10.7905
28645,8.48998
28646,9.95229
28647,11.2639
28648,11.3191
28649,13.6328
28650,10.2333
28651,6.59819
28652,5.82141
28653,10.4099
28654,13.5889
28655,9.59731
28656,10.9769
28657,6.52811
28658,7.83838
28659,14.2683
28660,16.9932
28661,13.1968
28662,9.68883
28663,12.0094
28664,11.2228
28665,7.76771
28666,8.02637
28667,9.16137
28668,9.23803
28669,6.54209
28670,16.6693
28671,9.93095
28672,10.4527
28673,14.002
28674,11.4583
28675,8.46676
28676,9.10388
28677,11.0509
28678,13.3051
28679,9.31352
28680,8.53512
28681,7.63413
28682,13.9198
28683,10.9852
28684,8.08657
28685,8.20617
28686,12.3712
28687,12.4032
28688,8.45539
28689,9.66217
28690,12.8145
28691,9.08361
28692,9.18324
28693,7.72383
28694,10.3657
28695,10.7307
28696,7.01617
28697,8.30022
28698,9.76402
28699,8.41792
28700,9.51797
28701,12.7641
28702,9.27417
28703,11.6406
28704,9.73985
28705,7.58502
28706,13.0267
28707,12.1553
28708,12.1822
28709,8.47623
28710,9.66109
28711,7.88511
28712,8.56339
28713,10.8967
28714,9.62696
28715,10.0322
28716,8.99394
28717,19.084
28718,9.19148
28719,13.7884
28720,15.343
28721,14.4314
28722,7.84425
28723,8.49148
28724,9.48121
28725,8.2699
28726,9.51287
28727,9.80799
28728,8.43411
28729,11.4821
28730,11.1632
28731,7.30178
28732,7.63668
28733,9.87597
28734,8.12632
28735,8.85021
28736,8.60765
28737,11.828
28738,12.2509
28739,11.5891
28740,12.0189
28741,7.16547
28742,12.6894
28743,9.38709
28744,8.48475
28745,7.50419
28746,15.2604
28747,7.68108
28748,7.87085
28749,11.3765
28750,9.70885
28751,11.3044
28752,9.35263
28753,5.54894
28754,7.56415
28755,11.0323
28756,11.1651
28757,10.4343
28758,11.8349
28759,10.8847
28760,9.29304
28761,7.74383
28762,13.999
28763,9.3039
28764,8.74187
28765,9.28216
28766,16.3098
28767,9.50529
28768,9.86266
28769,11.113
28770,10.8199
28771,10.9501
28772,11.267
28773,13.446
28774,10.4364
28775,9.95703
28776,9.11468
28777,8.46099
28778,9.54765
28779,9.24608
28780,8.56454
28781,15.6289
28782,12.0094
28783,12.7683
28784,13.2662
28785,11.0951
28786,9.73816
28787,10.8168
28788,11.5236
28789,11.8099
28790,9.27055
28791,8.71926
28792,6.85094
28793,9.50498
28794,9.25675
28795,10.3366
28796,9.89792
28797,7.07427
28798,9.61789
28799,6.62632
28800,10.768
28801,9.77647
28802,9.08842
28803,12.5579
28804,8.63326
28805,9.6259
28806,12.4049
28807,6.57475
28808,7.88585
28809,11.437
28810,7.89216
28811,13.3559
28812,8.50778
28813,13.6829
28814,7.76117
28815,15.3188
28816,10.0677
28817,9.1428
28818,10.594
28819,11.6063
28820,10.5231
28821,5.85328
28822,9.15423
28823,9.21781
28824,10.4619
28825,10.5313
28826,9.54324
28827,9.65797
28828,11.1066
28829,7.67062
28830,11.2561
28831,9.53511
28832,9.02078
28833,9.30748
28834,9.89678
28835,11.4259
28836,11.64
28837,6.92707
28838,7.3065
28839,11.5206
28840,10.7987
28841,7.87294
28842,8.3426
28843,9.7986
28844,9.02078
28845,7.32151
28846,9.68656
28847,13.0764
28848,10.3926
28849,8.00485
28850,8.48651
28851,14.5207
28852,13.8406
28853,9.69762
28854,9.36702
28855,13.0736
28856,7.68724
28857,9.78372
28858,9.15497
28859,7.90486
28860,13.2434
28861,15.557
28862,11.0918
28863,12.0486
28864,11.0787
28865,8.24168
28866,7.54138
28867,8.6085
28868,10.059
28869,10.3245
28870,8.83822
28871,7.84665
28872,10.4526
28873,11.4906
28874,7.58652
28875,7.74049
28876,8.72353
28877,10.0027
28878,7.01682
28879,9.63448
28880,12.8016
28881,12.7873
28882,9.8504
28883,10.2328
28884,9.25268
28885,8.92106
28886,12.4269
28887,11.3722
28888,10.9438
28889,9.13542
28890,10.2315
28891,10.5349
28892,7.01944
28893,9.14951
28894,8.63006
28895,7.75907
28896,6.924
28897,8.50717
28898,7.8849
28899,8.11101
28900,9.22831
28901,9.03429
28902,11.1289
28903,11.1807
28904,9.94707
28905,10.6332
28906,10.9751
28907,11.016
28908,8.91628
28909,9.62592
28910,10.6426
28911,16.9466
28912,17.51
28913,8.70011
28914,8.21892
28915,7.92405
28916,10.5131
28917,11.9741
28918,12.1679
28919,8.42341
28920,8.46921
28921,9.47764
28922,9.63974
28923,11.9065
28924,7.95929
28925,8.2787
28926,10.419
28927,11.4503
28928,10.5032
28929,9.0141
28930,7.71741
28931,9.91402
28932,11.2681
28933,9.41738
28934,10.1802
28935,11.8397
28936,11.0895
28937,12.9583
28938,9.06934
28939,9.61003
28940,9.67203
28941,9.0961
28942,9.77069
28943,9.60099
28944,10.6545
28945,11.958
28946,11.2963
28947,13.3893
28948,13.8018
28949,12.1184
28950,7.10462
28951,8.33525
28952,9.42108
28953,8.44369
28954,7.95504
28955,11.3472
28956,9.73062
28957,9.92536
28958,6.69788
28959,6.92995
28960,10.6031
28961,8.14702
28962,11.2217
28963,8.60849
28964,10.9633
28965,6.11938
28966,9.44983
28967,10.5168
28968,9.27502
28969,12.2998
28970,8.42146
28971,10.7022
28972,9.76574
28973,8.4649
28974,13.3394
28975,9.34784
28976,10.5175
28977,10.1103
28978,10.2996
28979,9.50919
28980,8.59761
28981,8.69069
28982,12.7561
28983,8.91185
28984,9.08887
28985,12.3713
28986,7.06006
28987,15.1219
28988,10.548
28989,13.9436
28990,14.5131
28991,7.81269
28992,11.9664
28993,13.3355
28994,8.99396
28995,9.30665
28996,10.4761
28997,7.7327
28998,14.2188
28999,15.341
29000,8.54968
29001,7.08496
29002,8.12727
29003,9.66264
29004,11.3599
29005,9.56786
29006,9.61585
29007,9.62699
29008,10.7127
29009,11.7642
29010,11.8568
29011,10.9617
29012,13.4559
29013,9.89915
29014,12.1957
29015,14.2365
29016,11.9361
29017,15.4273
29018,12.6281
29019,7.74862
29020,8.76415
29021,9.02365
29022,10.2335
29023,12.4239
29024,12.0541
29025,9.88275
29026,12.0034
29027,8.1918
29028,9.57176
29029,8.62894
29030,8.83482
29031,9.25566
29032,9.56688
29033,8.26831
29034,10.5393
29035,8.81267
29036,9.05077
29037,10.1325
29038,10.1926
29039,9.24165
29040,9.30097
29041,9.50862
29042,8.53787
29043,13.8012
29044,10.3203
29045,9.83285
29046,10.8935
29047,6.40724
29048,13.7701
29049,11.4745
29050,8.5576
29051,9.64915
29052,8.73987
29053,10.1067
29054,7.44833
29055,10.6116
29056,13.6242
29057,6.90634
29058,12.1569
29059,10.7882
29060,15.2549
29061,9.53377
29062,12.0825
29063,10.2536
29064,9.59186
29065,13.7859
29066,8.23522
29067,8.36534
29068,6.49628
29069,8.87867
29070,10.2821
29071,8.46246
29072,9.5436
29073,13.9959
29074,10.2876
29075,9.40774
29076,9.69021
29077,7.34385
29078,6.99138
29079,9.05456
29080,11.2684
29081,6.77081
29082,11.9187
29083,7.99859
29084,8.36432
29085,11.2172
29086,12.5856
29087,8.6121
29088,8.72449
29089,11.9057
29090,11.6075
29091,9.96923
29092,17.0677
29093,10.1624
29094,9.79958
29095,8.82873
29096,6.65483
29097,9.93004
29098,9.58863
29099,9.62852
29100,9.27379
29101,11.3301
29102,9.85376
29103,8.15733
29104,12.2036
29105,6.40177
29106,6.4102
29107,10.6551
29108,11.492
29109,11.5094
29110,7.63394
29111,9.59835
29112,10.6171
29113,9.94234
29114,9.60062
29115,9.68757
29116,11.8914
29117,10.3278
29118,10.6754
29119,13.6277
29120,10.1738
29121,13.9543
29122,12.2233
29123,13.0231
29124,8.56564
29125,11.2125
29126,9.93481
29127,10.7151
29128,8.34148
29129,8.76996
29130,8.39615
29131,12.4298
29132,8.71748
29133,9.73101
29134,9.91409
29135,10.1028
29136,10.6822
29137,11.918
29138,11.9574
29139,7.54757
29140,9.71096
29141,9.13208
29142,7.62989
29143,9.70134
29144,7.94256
29145,9.19233
29146,8.74036
29147,9.79916
29148,6.70636
29149,8.47005
29150,8.57417
29151,11.6534
29152,10.2945
29153,10.3648
29154,7.63896
29155,13.4656
29156,8.70747
29157,7.78284
29158,8.89976
29159,9.10446
29160,9.50113
29161,11.2387
29162,10.6226
29163,11.8911
29164,11.962
29165,10.8524
29166,11.3701
29167,8.90929
29168,10.3215
29169,6.37361
29170,9.65477
29171,10.6718
29172,15.5207
29173,13.3292
29174,8.41475
29175,10.3943
29176,17.2309
29177,10.629
29178,9.51532
29179,9.97672
29180,9.07894
29181,7.77169
29182,9.05537
29183,8.17915
29184,12.2601
29185,8.44491
29186,8.59894
29187,9.012
29188,8.84207
29189,10.0388
29190,16.553
29191,5.57518
29192,9.06584
29193,9.02378
29194,10.3454
29195,10.383
29196,11.0922
29197,12.8702
29198,14.1385
29199,12.3409
29200,7.50812
29201,11.5895
29202,9.0212
29203,9.6582
29204,6.6815
29205,6.4255
29206,8.95049
29207,13.4165
29208,11.4405
29209,9.63701
29210,9.96638
29211,9.07667
29212,12.7412
29213,8.7496
29214,12.7621
29215,6.25549
29216,9.95593
29217,8.32701
29218,8.52866
29219,13.2325
29220,8.43649
29221,9.93939
29222,11.4998
29223,8.0224
29224,9.62871
29225,7.63714
29226,14.0146
29227,9.06051
29228,9.18779
29229,9.9322
29230,12.1177
29231,13.2539
29232,9.46753
29233,10.3008
29234,11.7523
29235,8.59574
29236,9.39209
29237,10.2824
29238,8.78904
29239,7.56734
29240,9.26378
29241,10.9689
29242,11.4825
29243,10.7125
29244,6.91812
29245,11.4001
29246,14.8095
29247,7.98684
29248,12.4743
29249,8.50839
29250,10.6557
29251,9.04162
29252,12.271
29253,10.7092
29254,8.11445
29255,13.3863
29256,8.53424
29257,10.9645
29258,7.98118
29259,9.02626
29260,10.071
29261,10.1398
29262,11.3607
29263,11.4413
29264,11.0114
29265,11.0812
29266,9.33944
29267,9.47371
29268,12.1301
29269,10.3751
29270,6.83405
29271,10.569
29272,11.6817
29273,7.85416
29274,6.97207
29275,12.0047
29276,7.53623
29277,9.73915
29278,9.84157
29279,7.41545
29280,6.95594
29281,11.0741
29282,12.2468
29283,8.39487
29284,8.40756
29285,9.62458
29286,8.75739
29287,10.9998
29288,10.0256
29289,11.477
29290,10.6007
29291,10.8914
29292,11.0994
29293,11.1265
29294,11.1766
29295,12.3386
29296,11.6476
29297,7.83869
29298,5.856
29299,10.9274
29300,9.97504
29301,10.0634
29302,8.81156
29303,5.90624
29304,9.03598
29305,9.09612
29306,10.2023
29307,13.3967
29308,10.8992
29309,11.9076
29310,9.21033
29311,10.7301
29312,8.24143
29313,6.23506
29314,12.4658
29315,14.806
29316,12.1649
29317,7.33887
29318,12.6709
29319,8.18306
29320,8.44749
29321,8.51212
29322,8.53126
29323,7.91474
29324,10.2123
29325,8.56122
29326,8.78726
29327,10.797
29328,10.9595
29329,11.0162
29330,11.0366
29331,11.1609
29332,8.64476
29333,11.8627
29334,9.93092
29335,9.3766
29336,9.95566
29337,9.96409
29338,13.3702
29339,10.6301
29340,7.73242
29341,12.0597
29342,8.17458
29343,8.32739
29344,13.3358
29345,11.4666
29346,9.40649
29347,8.81666
29348,10.1928
29349,10.3564
29350,11.7683
29351,11.5591
29352,9.09512
29353,9.71476
29354,10.2228
29355,17.9675
29356,8.12683
29357,7.69762
29358,8.14694
29359,10.1742
29360,8.46251
29361,7.78266
29362,9.81101
29363,12.9737
29364,8.98826
29365,8.12358
29366,11.1429
29367,9.16533
29368,9.2425
29369,10.1638
29370,11.2318
29371,10.459
29372,12.7425
29373,13.8809
29374,9.64759
29375,7.90605
29376,12.7425
29377,9.27238
29378,11.7266
29379,11.8831
29380,8.21832
29381,8.66366
29382,9.36244
29383,10.3799
29384,5.48759
29385,11.5253
29386,12.8206
29387,11.7049
29388,8.19202
29389,12.3879
29390,9.46107
29391,10.1204
29392,10.189
29393,6.82048
29394,9.47795
29395,9.59755
29396,6.64781
29397,7.0467
29398,7.10942
29399,10.6913
29400,12.1685
29401,9.09382
29402,10.4896
29403,6.6857
29404,9.07039
29405,8.28728
29406,12.3768
29407,9.62944
29408,10.2074
29409,10.2806
29410,8.44974
29411,9.41633
29412,12.4983
29413,11.167
29414,10.3458
29415,13.4356
29416,15.0138
29417,7.70105
29418,11.7796
29419,8.33167
29420,9.36832
29421,9.49472
29422,9.60063
29423,9.64046
29424,7.80162
29425,7.10892
29426,8.64466
29427,10.6939
29428,11.5352
29429,9.85983
29430,12.8466
29431,9.85501
29432,9.87688
29433,7.59478
29434,8.7102
29435,7.97456
29436,11.9607
29437,12.203
29438,12.2239
29439,10.336
29440,12.4638
29441,11.0724
29442,9.08947
29443,9.91614
29444,10.617
29445,7.79858
29446,11.8094
29447,11.0376
29448,7.72
29449,7.09652
29450,15.4799
29451,8.53661
29452,9.71919
29453,8.91
29454,10.9615
29455,9.38391
29456,9.26663
29457,11.5337
29458,6.83853
29459,11.282
29460,11.7112
29461,11.6116
29462,11.8295
29463,8.39147
29464,7.75544
29465,8.40759
29466,9.53432
29467,6.03865
29468,11.0489
29469,9.03747
29470,9.44249
29471,13.6387
29472,10.351
29473,10.2879
29474,10.1465
29475,11.8297
29476,12.933
29477,9.47072
29478,8.12162
29479,9.23088
29480,10.2946
29481,10.1433
29482,10.6772
29483,12.4676
29484,7.07035
29485,12.6839
29486,9.17765
29487,7.75543
29488,7.77432
29489,9.19038
29490,9.27323
29491,9.37302
29492,8.44802
29493,8.85473
29494,10.0024
29495,9.21818
29496,11.4496
29497,13.4669
29498,9.56141
29499,9.68042
29500,9.79844
29501,11.1276
29502,8.53439
29503,9.56369
29504,10.7578
29505,10.7738
29506,8.65635
29507,9.89396
29508,10.3068
29509,8.78317
29510,7.56984
29511,8.67734
29512,8.8362
29513,9.03583
29514,10.6488
29515,10.8511
29516,10.1239
29517,8.40156
29518,12.0985
29519,10.36
29520,7.27235
29521,10.9073
29522,7.9306
29523,8.00327
29524,8.14511
29525,9.07056
29526,9.92611
29527,9.97674
29528,10.5133
29529,10.6699
29530,10.7619
29531,11.4126
29532,11.6788
29533,12.8126
29534,9.01476
29535,8.18523
29536,9.24791
29537,13.3353
29538,13.1807
29539,12.5714
29540,11.888
29541,9.91306
29542,11.2739
29543,10.4798
29544,11.9425
29545,12.7789
29546,10.3045
29547,11.1201
29548,9.28774
29549,11.9451
29550,12.1716
29551,8.45174
29552,7.87731
29553,8.14192
29554,8.23224
29555,8.35376
29556,9.38521
29557,9.45261
29558,9.471
29559,9.73018
29560,11.5265
29561,10.9873
29562,12.4852
29563,10.9742
29564,8.48986
29565,9.96648
29566,10.413
29567,9.5905
29568,12.7907
29569,8.866
29570,11.4969
29571,14.1323
29572,10.2178
29573,11.0039
29574,11.4181
29575,13.658
29576,10.7808
29577,13.184
29578,8.26083
29579,16.954
29580,9.12911
29581,6.61203
29582,10.0557
29583,13.6709
29584,7.88441
29585,8.56015
29586,11.926
29587,9.3846
29588,12.5001
29589,9.5567
29590,11.0259
29591,11.2475
29592,12.9786
29593,9.01229
29594,6.22949
29595,11.3243
29596,15.7924
29597,9.84638
29598,9.96959
29599,8.27388
29600,8.64221
29601,9.55875
29602,9.78226
29603,8.06755
29604,8.4643
29605,12.344
29606,8.46102
29607,8.09513
29608,6.74384
29609,11.0573
29610,9.96568
29611,10.009
29612,12.4351
29613,8.75147
29614,10.8924
29615,11.3746
29616,11.7358
29617,8.9652
29618,11.9115
29619,11.044
29620,11.0525
29621,11.1124
29622,7.78349
29623,12.8914
29624,12.4859
29625,11.2304
29626,12.3942
29627,10.1127
29628,9.47869
29629,11.5847
29630,8.83443
29631,4.98615
29632,9.13997
29633,8.68516
29634,12.8651
29635,9.18939
29636,8.29368
29637,9.81258
29638,10.2884
29639,9.19375
29640,7.73311
29641,6.83399
29642,7.87549
29643,11.2812
29644,12.5773
29645,10.7841
29646,9.83837
29647,9.90864
29648,10.1758
29649,13.4156
29650,11.4429
29651,10.8344
29652,11.1867
29653,6.40011
29654,12.9296
29655,13.0809
29656,12.35
29657,13.3991
29658,11.2784
29659,6.95226
29660,8.7125
29661,8.74761
29662,8.78434
29663,8.15513
29664,10.2458
29665,12.3434
29666,12.3428
29667,9.88344
29668,8.2035
29669,13.0877
29670,10.8936
29671,9.52481
29672,13.7736
29673,8.50726
29674,11.3491
29675,9.24346
29676,13.5755
29677,8.65885
29678,7.60235
29679,13.7056
29680,11.7746
29681,12.199
29682,8.25596
29683,10.4496
29684,6.55163
29685,9.56007
29686,11.719
29687,14.2674
29688,9.59032
29689,9.873
29690,6.9527
29691,7.10546
29692,10.5274
29693,8.74554
29694,11.0634
29695,8.37626
29696,12.9381
29697,8.73771
29698,10.7685
29699,10.8195
29700,8.8616
29701,9.95851
29702,9.13293
29703,9.69374
29704,8.85361
29705,15.9271
29706,10.9557
29707,11.1105
29708,11.2095
29709,11.3498
29710,11.1762
29711,11.3483
29712,8.34353
29713,11.352
29714,12.7467
29715,11.8256
29716,7.83436
29717,13.4232
29718,9.79839
29719,14.1387
29720,8.75232
29721,9.65268
29722,6.13409
29723,10.3684
29724,11.5954
29725,11.6339
29726,9.95691
29727,10.3854
29728,8.8447
29729,9.15961
29730,8.54609
29731,10.5813
29732,8.79241
29733,10.3687
29734,8.04055
29735,12.1831
29736,9.58071
29737,15.5891
29738,9.41458
29739,13.106
29740,10.3504
29741,9.42858
29742,10.4911
29743,9.13688
29744,9.90597
29745,11.2407
29746,7.40904
29747,10.6319
29748,11.0382
29749,10.8512
29750,11.2064
29751,7.43475
29752,13.0665
29753,11.5467
29754,8.63554
29755,7.24283
29756,15.2804
29757,10.7871
29758,8.2674
29759,9.36257
29760,9.37101
29761,9.5264
29762,6.71332
29763,7.30365
29764,12.5506
29765,13.4658
29766,7.79586
29767,8.29217
29768,9.79333
29769,11.0695
29770,9.09816
29771,9.58715
29772,10.481
29773,10.518
29774,11.35
29775,8.52728
29776,11.7484
29777,11.8097
29778,11.9867
29779,10.0545
29780,15.2312
29781,14.2808
29782,7.33158
29783,12.6925
29784,12.2008
29785,11.6624
29786,8.07014
29787,15.429
29788,9.25013
29789,9.31373
29790,9.72822
29791,14.7925
29792,13.8009
29793,9.8429
29794,10.5721
29795,9.44223
29796,15.0127
29797,12.9029
29798,7.33429
29799,11.4467
29800,13.7056
29801,7.86933
29802,11.0946
29803,9.65265
29804,9.729
29805,9.99364
29806,10.1707
29807,10.4543
29808,13.1341
29809,11.144
29810,12.156
29811,7.29885
29812,12.666
29813,8.94944
29814,9.08881
29815,13.9482
29816,12.0508
29817,7.47756
29818,11.1555
29819,8.26467
29820,15.313
29821,10.4047
29822,11.3258
29823,11.6209
29824,7.60165
29825,8.86713
29826,8.11801
29827,11.5158
29828,8.76244
29829,10.8582
29830,9.15476
29831,8.26182
29832,10.338
29833,9.50089
29834,9.56448
29835,14.9136
29836,9.51862
29837,16.4756
29838,15.5244
29839,9.54823
29840,10.5719
29841,9.73013
29842,10.0573
29843,10.1091
29844,10.2698
29845,9.32748
29846,12.2807
29847,11.4296
29848,9.47847
29849,10.6387
29850,9.72641
29851,8.09111
29852,11.6335
29853,9.90706
29854,14.9155
29855,12.1202
29856,19.0166
29857,13.1764
29858,11.8977
29859,9.99498
29860,7.27169
29861,8.24929
29862,7.43115
29863,15.4941
29864,10.5676
29865,10.0732
29866,13.2648
29867,10.5381
29868,12.2799
29869,15.6121
29870,9.80608
29871,11.8787
29872,9.3429
29873,10.8412
29874,9.37068
29875,10.0426
29876,9.05115
29877,9.71883
29878,9.80192
29879,10.4152
29880,11.742
29881,11.5486
29882,8.55707
29883,8.7253
29884,6.0554
29885,9.29
29886,9.09808
29887,13.3778
29888,9.27704
29889,9.67441
29890,11.736
29891,8.09493
29892,13.4088
29893,12.2353
29894,7.77316
29895,13.184
29896,13.2721
29897,10.3076
29898,10.3735
29899,10.2816
29900,8.0027
29901,9.25335
29902,8.64857
29903,8.23255
29904,9.44876
29905,9.22811
29906,11.8778
29907,12.1205
29908,7.94707
29909,10.2977
29910,8.42308
29911,15.8265
29912,12.2733
29913,6.81216
29914,9.48405
29915,8.71853
29916,10.8197
29917,11.502
29918,11.9253
29919,9.42426
29920,11.7821
29921,13.4319
29922,13.4002
29923,9.07992
29924,9.86801
29925,7.87645
29926,7.63423
29927,8.75325
29928,8.86566
29929,8.03665
29930,10.0553
29931,5.10656
29932,9.43955
29933,7.44798
29934,9.60001
29935,10.3515
29936,8.09255
29937,11.2737
29938,8.80583
29939,11.8463
29940,12.8547
29941,8.97259
29942,13.0596
29943,11.1138
29944,9.6226
29945,10.695
29946,13.9051
29947,9.99884
29948,10.3471
29949,9.36026
29950,8.18699
29951,12.1834
29952,11.5545
29953,6.76047
29954,7.80965
29955,8.17938
29956,13.4333
29957,9.8602
29958,10.2778
29959,15.5463
29960,10.7286
29961,8.37368
29962,11.3821
29963,8.56465
29964,7.55121
29965,7.64794
29966,10.2757
29967,15.7773
29968,11.4834
29969,7.61242
29970,8.67852
29971,9.18813
29972,9.6938
29973,13.0238
29974,10.1336
29975,8.24134
29976,10.6412
29977,7.97921
29978,8.03587
29979,10.1236
29980,8.41099
29981,11.5104
29982,11.7947
29983,10.5133
29984,10.7921
29985,11.3114
29986,7.49185
29987,10.8098
29988,11.2562
29989,13.8394
29990,6.43196
29991,6.47647
29992,6.56875
29993,9.65929
29994,7.38345
29995,8.58235
29996,9.16798
29997,16.6643
29998,9.90174
29999,8.11222
30000,10.2801
30001,9.23695
30002,13.9157
30003,11.4229
30004,9.80559
30005,9.82131
30006,13.4509
30007,11.6882
30008,16.4071
30009,7.47739
30010,7.48582
30011,11.2066
30012,7.33111
30013,11.0177
30014,8.80786
30015,7.04402
30016,8.23718
30017,11.2456
30018,11.5205
30019,5.45482
30020,12.5577
30021,13.0335
30022,9.38961
30023,9.20652
30024,7.71713
30025,12.5919
30026,9.51911
30027,10.0669
30028,10.8703
30029,10.9365
30030,11.0293
30031,11.1497
30032,12.0946
30033,7.92119
30034,7.98701
30035,8.8193
30036,9.63435
30037,7.31743
30038,7.61319
30039,11.708
30040,11.7164
30041,7.83054
30042,12.812
30043,9.02957
30044,9.16334
30045,16.0371
30046,10.4072
30047,9.59283
30048,9.39127
30049,11.2739
30050,11.1104
30051,8.95813
30052,11.1018
30053,9.8951
30054,10.2264
30055,12.2951
30056,6.96954
30057,8.42218
30058,8.7996
30059,9.97507
30060,8.12477
30061,11.7392
30062,10.0214
30063,6.59894
30064,10.1514
30065,12.0254
30066,10.4772
30067,8.14036
30068,11.7528
30069,10.2537
30070,12.5215
30071,8.52992
30072,9.5983
30073,7.61023
30074,10.6522
30075,9.37688
30076,11.812
30077,7.12752
30078,11.524
30079,9.60525
30080,9.62742
30081,10.0581
30082,11.7287
30083,15.6399
30084,10.8182
30085,8.26193
30086,8.31081
30087,7.05277
30088,12.8265
30089,13.432
30090,10.1718
30091,12.2199
30092,11.8049
30093,7.01446
30094,10.5977
30095,13.952
30096,11.7825
30097,9.33885
30098,12.6937
30099,10.1435
30100,12.658
30101,11.9675
30102,7.25922
30103,15.0405
30104,8.20382
30105,13.6604
30106,10.9898
30107,9.33787
30108,12.7366
30109,10.9111
30110,8.73231
30111,13.8294
30112,7.94232
30113,8.479
30114,9.55662
30115,8.86679
30116,12.9226
30117,12.8518
30118,9.94305
30119,10.2938
30120,8.4749
30121,8.89851
30122,10.1826
30123,8.93118
30124,12.0225
30125,9.10046
30126,11.0304
30127,8.46478
30128,9.54176
30129,9.21242
30130,11.7052
30131,12.6025
30132,11.0554
30133,10.2241
30134,9.2491
30135,11.3016
30136,10.3433
30137,9.35171
30138,8.69096
30139,9.72245
30140,9.15856
30141,9.52235
30142,10.5809
30143,10.6873
30144,11.6685
30145,10.8963
30146,12.081
30147,10.754
30148,9.57281
30149,12.1582
30150,10.0717
30151,12.8269
30152,8.11724
30153,13.1258
30154,11.2038
30155,9.09703
30156,8.25674
30157,8.35377
30158,6.9561
30159,9.25418
30160,7.88276
30161,12.2754
30162,8.70134
30163,8.87819
30164,10.9302
30165,9.51904
30166,13.9687
30167,10.3975
30168,9.98186
30169,7.20141
30170,11.2198
30171,12.1201
30172,12.7212
30173,9.01511
30174,9.25907
30175,8.62187
30176,13.7148
30177,9.79054
30178,11.2268
30179,9.81341
30180,10.1586
30181,11.2872
30182,10.327
30183,7.1908
30184,13.7807
30185,8.85498
30186,6.40738
30187,9.86634
30188,7.86081
30189,6.14397
30190,12.3942
30191,9.69665
30192,9.28125
30193,8.50405
30194,12.9816
30195,10.6478
30196,9.74664
30197,10.031
30198,10.7956
30199,11.3071
30200,12.4703
30201,20.3878
30202,10.9175
30203,11.1137
30204,10.5558
30205,12.1052
30206,9.77431
30207,7.55419
30208,11.6442
30209,8.72704
30210,8.76434
30211,9.44558
30212,6.79821
30213,11.1723
30214,7.60369
30215,8.48308
30216,10.4026
30217,7.64273
30218,7.4547
30219,12.2054
30220,7.2272
30221,10.2634
30222,15.2244
30223,9.72509
30224,11.7856
30225,12.3457
30226,8.39761
30227,13.4833
30228,11.0347
30229,8.25338
30230,9.27742
30231,11.4644
30232,6.33988
30233,7.98993
30234,14.6262
30235,6.01084
30236,7.6372
30237,10.4693
30238,8.57412
30239,7.617
30240,9.28596
30241,7.53617
30242,7.90503
30243,7.6467
30244,11.8738
30245,11.9441
30246,11.125
30247,12.2361
30248,7.5665
30249,8.58575
30250,9.09234
30251,10.5074
30252,14.8218
30253,9.88973
30254,8.77606
30255,11.3544
30256,16.4207
30257,10.0867
30258,12.0147
30259,10.2771
30260,8.30078
30261,10.6372
30262,9.8909
30263,10.4562
30264,7.73453
30265,8.793
30266,9.34847
30267,9.5247
30268,10.0019
30269,10.3154
30270,10.6211
30271,10.8455
30272,10.8703
30273,8.55018
30274,11.7756
30275,10.1887
30276,5.4745
30277,11.5109
30278,8.51929
30279,7.45227
30280,8.24817
30281,9.06043
30282,10.0721
30283,9.21095
30284,9.89752
30285,14.0583
30286,8.9134
30287,9.19546
30288,9.24593
30289,17.435
30290,10.3394
30291,8.07892
30292,6.3277
30293,13.4903
30294,8.8396
30295,8.04157
30296,10.5291
30297,9.4602
30298,10.2858
30299,11.1133
30300,7.20023
30301,10.3692
30302,10.2195
30303,9.58873
30304,9.93294
30305,11.4588
30306,7.77711
30307,7.55407
30308,8.03095
30309,8.71592
30310,8.92766
30311,8.8022
30312,10.6954
30313,7.81823
30314,11.2494
30315,8.32527
30316,8.52023
30317,7.07932
30318,9.86767
30319,11.7801
30320,10.1301
30321,10.408
30322,11.7256
30323,14.4484
30324,9.49782
30325,12.0259
30326,9.8297
30327,11.9076
30328,10.1111
30329,12.571
30330,12.4162
30331,9.23875
30332,9.5854
30333,9.84554
30334,8.39363
30335,11.6368
30336,11.7306
30337,13.0189
30338,9.19456
30339,11.0832
30340,8.44994
30341,11.7484
30342,7.40128
30343,12.279
30344,9.68056
30345,11.7544
30346,12.3457
30347,10.655
30348,11.4462
30349,11.9456
30350,7.62224
30351,6.63223
30352,8.89308
30353,9.52346
30354,10.1059
30355,9.35771
30356,14.5794
30357,14.8155
30358,10.8515
30359,11.103
30360,11.534
30361,9.85707
30362,9.87359
30363,9.92859
30364,8.97534
30365,10.0719
30366,10.0817
30367,11.1202
30368,11.2832
30369,11.307
30370,11.992
30371,12.1697
30372,12.7997
30373,7.22189
30374,7.73583
30375,7.91788
30376,9.93167
30377,7.97776
30378,9.00312
30379,8.01353
30380,9.79925
30381,11.3292
30382,6.47069
30383,10.5999
30384,7.60836
30385,9.98016
30386,12.2257
30387,11.718
30388,12.9566
30389,12.3451
30390,13.8536
30391,9.2833
30392,9.51584
30393,9.9283
30394,10.0712
30395,10.9892
30396,9.78725
30397,12.359
30398,9.46673
30399,8.58326
30400,8.59169
30401,8.66773
30402,9.84675
30403,10.5015
30404,12.3169
30405,8.39243
30406,10.845
30407,8.91335
30408,12.4866
30409,10.2461
30410,10.7673
30411,13.8694
30412,7.33979
30413,9.56926
30414,9.83889
30415,11.9914
30416,12.1606
30417,8.75004
30418,10.5529
30419,9.80295
30420,12.3969
30421,10.7301
30422,9.45304
30423,9.41548
30424,13.0425
30425,13.2089
30426,10.2692
30427,9.65769
30428,11.5784
30429,14.8357
30430,9.41753
30431,8.86848
30432,9.18398
30433,7.24847
30434,10.2676
30435,9.11184
30436,11.2667
30437,8.61217
30438,9.6448
30439,11.719
30440,14.602
30441,10.9739
30442,9.6811
30443,11.7375
30444,12.5203
30445,10.9052
30446,6.62566
30447,11.816
30448,7.14695
30449,8.70367
30450,16.5608
30451,9.13679
30452,7.98064
30453,7.5974
30454,10.2396
30455,11.3014
30456,9.55461
30457,7.85977
30458,7.99711
30459,10.3296
30460,10.8901
30461,9.24359
30462,8.49636
30463,9.2027
30464,8.53298
30465,11.6044
30466,9.5568
30467,9.85601
30468,9.9338
30469,10.0877
30470,12.25
30471,10.2342
30472,9.35127
30473,12.4955
30474,6.95132
30475,9.99137
30476,10.2958
30477,7.22001
30478,9.69979
30479,8.38487
30480,8.4444
30481,15.6493
30482,7.70188
30483,12.4798
30484,11.7786
30485,9.91459
30486,10.6451
30487,12.2656
30488,11.354
30489,11.0521
30490,12.1102
30491,10.3188
30492,8.50108
30493,6.97221
30494,9.40322
30495,7.28001
30496,11.8547
30497,9.29742
30498,11.4473
30499,9.23996
30500,8.40358
30501,11.9451
30502,10.1731
30503,9.91771
30504,13.7152
30505,8.32681
30506,8.80149
30507,8.95192
30508,10.4582
30509,10.4886
30510,9.70581
30511,10.0714
30512,8.08042
30513,9.56752
30514,10.6907
30515,11.584
30516,8.40624
30517,11.1666
30518,11.0179
30519,9.16975
30520,9.26063
30521,11.3054
30522,9.61468
30523,11.8932
30524,11.9009
30525,9.13853
30526,6.50308
30527,9.13475
30528,10.9433
30529,8.55289
30530,9.34797
30531,8.18772
30532,10.6089
30533,7.0724
30534,11.1063
30535,11.6433
30536,11.676
30537,10.1176
30538,11.1403
30539,7.48867
30540,11.71
30541,7.79375
30542,11.809
30543,15.9899
30544,10.2225
30545,9.42026
30546,11.4916
30547,15.9972
30548,9.86005
30549,12.9556
30550,8.83688
30551,10.8652
30552,15.5968
30553,12.5278
30554,8.72677
30555,7.83812
30556,12.4011
30557,8.4543
30558,7.27431
30559,11.545
30560,9.39904
30561,9.74837
30562,15.7873
30563,11.5094
30564,8.36571
30565,8.74233
30566,6.99133
30567,14.1683
30568,9.31511
30569,8.55025
30570,10.7073
30571,8.88321
30572,5.56159
30573,11.296
30574,13.3346
30575,11.3589
30576,8.71773
30577,12.8998
30578,10.9823
30579,11.0659
30580,11.599
30581,8.13846
30582,11.2036
30583,9.46164
30584,12.4803
30585,7.7629
30586,7.90889
30587,9.20869
30588,12.2696
30589,8.50864
30590,8.59654
30591,9.69691
30592,12.2194
30593,10.9824
30594,14.226
30595,9.01625
30596,7.49737
30597,9.56921
30598,10.836
30599,9.84627
30600,6.99017
30601,7.01511
30602,8.05614
30603,16.1236
30604,12.1548
30605,10.5125
30606,12.6448
30607,14.1499
30608,8.60033
30609,15.2557
30610,10.4393
30611,11.564
30612,9.65711
30613,10.7699
30614,9.37471
30615,10.5948
30616,9.60322
30617,9.84412
30618,10.6176
30619,13.7484
30620,12.2925
30621,12.2973
30622,9.77198
30623,9.069
30624,9.39525
30625,13.7751
30626,11.2366
30627,9.25238
30628,8.17933
30629,12.8197
30630,8.04511
30631,9.60046
30632,10.7155
30633,9.49055
30634,8.75604
30635,8.38138
30636,5.88394
30637,7.89237
30638,7.39358
30639,7.42917
30640,7.76369
30641,9.01909
30642,12.8394
30643,12.0462
30644,7.09047
30645,8.12862
30646,14.0622
30647,13.1989
30648,14.5301
30649,8.55417
30650,9.6064
30651,11.6736
30652,7.90651
30653,11.0818
30654,13.1577
30655,11.499
30656,8.56264
30657,10.855
30658,8.29076
30659,11.5828
30660,12.6182
30661,7.91734
30662,9.95433
30663,12.2008
30664,8.48705
30665,8.60704
30666,6.16771
30667,11.3662
30668,11.3747
30669,6.95666
30670,10.2751
30671,10.5262
30672,8.7516
30673,10.8408
30674,9.96048
30675,9.21288
30676,8.22131
30677,7.94014
30678,8.94857
30679,14.3666
30680,14.6105
30681,11.8298
30682,11.6701
30683,8.52526
30684,11.6547
30685,12.7372
30686,6.30142
30687,11.763
30688,8.31125
30689,10.3569
30690,8.61141
30691,7.88564
30692,8.27987
30693,11.5429
30694,12.8714
30695,9.98097
30696,7.13094
30697,11.2892
30698,8.42289
30699,10.5149
30700,11.0634
30701,14.0391
30702,8.05035
30703,13.795
30704,11.8852
30705,10.2449
30706,9.86443
30707,9.2127
30708,10.4816
30709,10.1316
30710,13.5007
30711,14.6173
30712,7.69746
30713,9.17659
30714,9.08574
30715,9.55033
30716,10.6872
30717,9.78885
30718,9.10027
30719,10.5033
30720,10.6085
30721,10.7301
30722,10.1481
30723,12.2098
30724,15.4877
30725,8.6363
30726,13.6812
30727,10.4596
30728,9.89987
30729,9.73134
30730,11.3083
30731,9.72267
30732,13.1471
30733,7.809
30734,10.0517
30735,7.0039
30736,11.6736
30737,9.79909
30738,10.4978
30739,10.8815
30740,10.9787
30741,11.2829
30742,12.1337
30743,11.1026
30744,8.27659
30745,12.4775
30746,10.2499
30747,14.6023
30748,17.3494
30749,11.056
30750,8.44462
30751,9.76854
30752,13.9914
30753,14.9998
30754,10.01
30755,14.2479
30756,7.02882
30757,15.1069
30758,11.7791
30759,11.0084
30760,8.74723
30761,12.3141
30762,7.33739
30763,10.6914
30764,10.967
30765,11.5928
30766,12.1018
30767,8.47321
30768,9.43399
30769,10.7202
30770,9.89908
30771,9.10252
30772,8.21477
30773,8.71134
30774,7.0474
30775,10.3269
30776,13.8032
30777,12.0999
30778,10.2104
30779,11.2962
30780,9.51684
30781,10.5695
30782,9.65716
30783,10.9822
30784,11.6066
30785,12.1405
30786,11.7225
30787,7.78118
30788,10.8118
30789,11.1371
30790,12.1886
30791,13.552
30792,8.90605
30793,9.05987
30794,8.19966
30795,9.60889
30796,9.97806
30797,10.1675
30798,10.3862
30799,10.6532
30800,10.9347
30801,11.0154
30802,7.85539
30803,8.09769
30804,12.3104
30805,10.6315
30806,7.75486
30807,13.1564
30808,9.636
30809,8.66905
30810,8.28607
30811,9.11372
30812,9.16315
30813,11.2062
30814,10.8943
30815,8.68802
30816,10.9063
30817,11.3629
30818,9.66671
30819,10.8591
30820,11.1641
30821,8.36598
30822,10.7642
30823,15.1441
30824,12.2685
30825,13.4663
30826,15.0982
30827,12.2533
30828,16.6314
30829,14.1618
30830,6.5124
30831,7.51113
30832,6.55615
30833,9.4392
30834,9.71392
30835,7.9826
30836,9.68188
30837,10.4955
30838,6.93745
30839,14.1278
30840,12.126
30841,9.43762
30842,9.8383
30843,9.85521
30844,10.9678
30845,8.38774
30846,11.2771
30847,9.03551
30848,6.92041
30849,11.6466
30850,7.57071
30851,9.81123
30852,7.82071
30853,7.06812
30854,11.7832
30855,8.05303
30856,12.6621
30857,9.76433
30858,10.0507
30859,10.2773
30860,9.18548
30861,10.1102
30862,11.7468
30863,9.483
30864,9.14349
30865,9.68617
30866,14.4011
30867,9.52192
30868,18.1301
30869,12.4869
30870,9.64453
30871,6.49205
30872,8.83127
30873,8.832
30874,9.04474
30875,9.14608
30876,9.58599
30877,8.62567
30878,12.2393
30879,9.24777
30880,10.286
30881,10.3361
30882,10.6356
30883,11.0112
30884,10.1973
30885,9.92864
30886,14.7119
30887,6.76069
30888,7.99298
30889,8.03565
30890,9.80184
30891,9.22059
30892,6.40232
30893,10.1396
30894,9.54727
30895,7.97149
30896,15.1759
30897,10.4136
30898,10.1466
30899,10.3485
30900,11.4094
30901,6.45192
30902,12.4758
30903,8.54111
30904,8.54955
30905,8.91202
30906,9.25096
30907,8.7427
30908,10.8442
30909,9.07047
30910,7.55656
30911,10.7444
30912,7.77136
30913,11.8841
30914,7.89255
30915,13.4548
30916,11.35
30917,12.4696
30918,13.6536
30919,8.55529
30920,9.67412
30921,9.10868
30922,12.6844
30923,11.0192
30924,9.17467
30925,8.60036
30926,9.0036
30927,8.45556
30928,9.74996
30929,8.99997
30930,9.22217
30931,9.37635
30932,9.54618
30933,13.6076
30934,10.2663
30935,11.4515
30936,9.99877
30937,11.7222
30938,9.16715
30939,7.79247
30940,10.8229
30941,9.96356
30942,8.02559
30943,10.1589
30944,10.1784
30945,10.4756
30946,14.7723
30947,10.8432
30948,13.856
30949,9.88449
30950,7.10587
30951,10.1793
30952,11.4246
30953,9.74584
30954,11.5206
30955,9.79708
30956,8.84929
30957,11.1798
30958,12.2759
30959,8.6673
30960,8.97292
30961,8.14078
30962,14.1981
30963,9.32979
30964,13.5811
30965,10.6749
30966,11.0423
30967,9.21527
30968,7.6339
30969,9.90737
30970,7.13609
30971,8.49628
30972,9.74092
30973,6.28909
30974,10.0382
30975,13.1517
30976,8.25258
30977,8.29028
30978,11.7457
30979,10.7632
30980,8.98216
30981,9.12362
30982,9.45261
30983,8.55672
30984,11.9275
30985,10.0215
30986,10.1805
30987,9.19968
30988,10.2347
30989,10.2804
30990,12.3036
30991,9.34916
30992,12.6548
30993,7.71099
30994,10.0014
30995,10.4813
30996,11.8871
30997,12.1293
30998,14.5591
30999,11.6689
31000,13.1139
31001,10.5541
31002,9.63191
31003,9.6591
31004,9.56039
31005,8.63297
31006,8.73566
31007,9.57531
31008,9.7786
31009,11.8497
31010,8.92257
31011,9.96285
31012,8.52919
31013,10.7989
31014,9.92819
31015,7.95697
31016,11.3374
31017,9.55409
31018,10.795
31019,11.873
31020,11.0688
31021,10.1664
31022,10.4658
31023,10.6768
31024,9.09661
31025,8.38188
31026,10.5034
31027,11.7865
31028,12.1304
31029,12.2862
31030,8.85875
31031,9.43894
31032,12.6113
31033,8.34295
31034,11.1088
31035,8.53469
31036,8.65537
31037,6.97611
31038,11.052
31039,8.67709
31040,8.32269
31041,8.6773
31042,9.89472
31043,10.1041
31044,11.003
31045,8.05845
31046,8.25609
31047,9.01197
31048,12.064
31049,11.1839
31050,11.2379
31051,10.3809
31052,10.6729
31053,11.8412
31054,11.6071
31055,10.2828
31056,11.367
31057,8.60149
31058,15.3833
31059,10.9946
31060,11.5713
31061,8.86542
31062,14.7955
31063,15.1895
31064,9.28534
31065,7.74639
31066,7.78412
31067,10.1257
31068,7.1437
31069,10.9447
31070,10.0606
31071,10.7988
31072,8.8072
31073,9.00619
31074,6.3474
31075,6.74542
31076,9.92165
31077,10.1818
31078,10.3631
31079,10.7325
31080,12.7641
31081,13.0685
31082,11.9639
31083,12.3584
31084,13.0862
31085,10.1469
31086,11.1823
31087,10.3079
31088,7.43915
31089,7.52923
31090,8.59335
31091,9.23555
31092,11.7806
31093,8.96746
31094,9.03695
31095,9.28726
31096,9.57676
31097,14.9187
31098,11.1121
31099,13.2242
31100,11.3964
31101,9.63238
31102,9.05856
31103,9.64507
31104,10.0375
31105,10.378
31106,9.6739
31107,7.83703
31108,8.50787
31109,14.9572
31110,12.3153
31111,9.33531
31112,10.6834
31113,11.2943
31114,12.271
31115,15.6603
31116,12.6726
31117,9.95202
31118,7.57769
31119,11.2316
31120,6.35616
31121,5.25748
31122,8.11467
31123,8.69547
31124,8.95133
31125,10.0193
31126,10.3416
31127,9.94789
31128,9.95632
31129,10.5682
31130,8.21901
31131,8.22745
31132,9.35805
31133,11.4306
31134,10.6613
31135,8.7805
31136,12.7981
31137,8.12318
31138,13.3483
31139,14.1658
31140,9.29256
31141,7.95866
31142,12.3506
31143,8.87169
31144,9.32923
31145,16.9129
31146,12.3026
31147,8.50058
31148,15.6514
31149,8.88575
31150,11.8031
31151,7.48581
31152,9.22573
31153,9.43431
31154,11.1857
31155,11.6204
31156,9.83938
31157,12.8962
31158,12.907
31159,12.3335
31160,10.4577
31161,6.55002
31162,10.3742
31163,8.07161
31164,9.61747
31165,8.97645
31166,9.01376
31167,12.2168
31168,10.4525
31169,6.42155
31170,10.2594
31171,8.69647
31172,8.98778
31173,9.79161
31174,10.2932
31175,8.35023
31176,10.7356
31177,11.4559
31178,12.8501
31179,9.39681
31180,9.47603
31181,7.78514
31182,13.3405
31183,10.7312
31184,13.7924
31185,9.02161
31186,9.76709
31187,11.9676
31188,9.59238
31189,8.70461
31190,14.1665
31191,9.64184
31192,9.65027
31193,11.087
31194,10.5989
31195,9.1437
31196,9.8786
31197,10.2913
31198,7.93111
31199,7.93954
31200,8.07521
31201,9.18577
31202,9.3014
31203,8.7705
31204,9.93945
31205,9.13965
31206,10.1481
31207,10.0859
31208,10.1614
31209,12.3297
31210,14.0252
31211,10.0257
31212,11.2378
31213,7.02285
31214,8.09966
31215,8.56215
31216,7.80584
31217,11.0987
31218,8.35266
31219,11.4179
31220,10.6359
31221,11.8274
31222,7.88294
31223,9.10332
31224,11.1118
31225,10.6886
31226,10.0986
31227,8.18882
31228,9.89732
31229,7.76272
31230,8.49679
31231,6.77112
31232,8.97519
31233,9.45508
31234,7.16738
31235,9.40299
31236,8.60167
31237,9.8895
31238,8.90954
31239,10.4129
31240,5.48276
31241,10.0166
31242,11.596
31243,10.6773
31244,7.88643
31245,10.4994
31246,8.81383
31247,11.9136
31248,10.0595
31249,10.1083
31250,12.1224
31251,10.1475
31252,10.241
31253,8.42606
31254,8.581
31255,9.86936
31256,16.523
31257,10.7107
31258,11.1992
31259,7.46206
31260,14.5766
31261,11.3133
31262,8.45399
31263,8.80182
31264,7.94188
31265,9.15019
31266,9.90998
31267,14.5715
31268,10.1102
31269,11.6215
31270,7.92703
31271,10.4902
31272,14.8974
31273,12.8994
31274,7.85099
31275,9.58771
31276,6.68545
31277,8.856
31278,9.86444
31279,8.73085
31280,10.2208
31281,14.2292
31282,14.4173
31283,11.4361
31284,10.7157
31285,8.22742
31286,14.2506
31287,11.723
31288,7.20613
31289,11.7339
31290,12.1534
31291,9.74246
31292,10.7131
31293,11.6106
31294,13.0046
31295,10.4715
31296,7.71363
31297,10.3909
31298,9.64051
31299,8.0781
31300,6.2946
31301,13.1503
31302,11.8719
31303,14.0195
31304,10.7971
31305,12.6248
31306,7.46164
31307,9.75908
31308,12.9557
31309,7.28876
31310,6.92619
31311,7.17987
31312,7.76178
31313,9.02642
31314,8.12746
31315,9.33036
31316,8.36427
31317,8.81881
31318,8.91392
31319,9.79198
31320,11.084
31321,11.103
31322,11.7225
31323,10.1167
31324,11.2268
31325,9.23339
31326,12.5523
31327,13.1703
31328,14.8024
31329,10.2029
31330,9.68374
31331,10.6949
31332,9.87472
31333,12.2238
31334,7.34711
31335,8.50976
31336,12.532
31337,13.0745
31338,9.12639
31339,9.39252
31340,10.4682
31341,9.85938
31342,10.0835
31343,12.3979
31344,9.6571
31345,7.69665
31346,8.06231
31347,14.2712
31348,10.3212
31349,9.27182
31350,9.60781
31351,8.07525
31352,11.338
31353,8.50913
31354,8.96779
31355,13.6189
31356,8.76337
31357,10.9254
31358,12.1906
31359,14.321
31360,14.8307
31361,7.77976
31362,9.16041
31363,11.561
31364,7.67581
31365,9.85213
31366,8.25557
31367,9.64245
31368,7.15742
31369,10.1871
31370,10.4876
31371,11.829
31372,11.9453
31373,10.9769
31374,8.3006
31375,10.8847
31376,13.0427
31377,10.1482
31378,10.4089
31379,10.5783
31380,13.4342
31381,11.4458
31382,15.8509
31383,8.67408
31384,7.8378
31385,10.2277
31386,10.6239
31387,7.68945
31388,7.64081
31389,12.2761
31390,12.3367
31391,9.49949
31392,12.5305
31393,10.0737
31394,9.37264
31395,14.6777
31396,7.80479
31397,8.86649
31398,9.37458
31399,9.94422
31400,12.0084
31401,9.33869
31402,11.5352
31403,11.349
31404,10.2869
31405,12.0228
31406,10.6845
31407,5.81257
31408,11.3772
31409,8.7689
31410,9.09784
31411,16.0395
31412,10.2802
31413,12.304
31414,12.0954
31415,8.23404
31416,8.58794
31417,8.59637
31418,8.90728
31419,9.03444
31420,11.538
31421,8.55696
31422,6.85938
31423,9.8798
31424,9.97043
31425,10.1356
31426,7.58153
31427,11.1624
31428,11.9232
31429,11.976
31430,9.69386
31431,8.34636
31432,8.46253
31433,9.22915
31434,8.64057
31435,9.8781
31436,8.88654
31437,9.16213
31438,10.8369
31439,7.35907
31440,11.6761
31441,9.79621
31442,11.3317
31443,13.4859
31444,7.16854
31445,9.91927
31446,8.04208
31447,8.45358
31448,8.33001
31449,8.94017
31450,9.68251
31451,10.215
31452,11.6124
31453,11.831
31454,6.88197
31455,11.3544
31456,12.6614
31457,12.0698
31458,9.64132
31459,9.96159
31460,7.23442
31461,7.33126
31462,7.34694
31463,11.565
31464,7.70764
31465,8.84357
31466,11.8714
31467,7.87985
31468,9.9028
31469,8.17784
31470,13.2537
31471,7.49193
31472,7.67764
31473,10.8976
31474,9.26798
31475,9.51836
31476,10.7829
31477,7.93762
31478,10.3332
31479,5.83172
31480,8.88652
31481,10.8643
31482,11.121
31483,14.1383
31484,10.1468
31485,8.22409
31486,8.51609
31487,8.71796
31488,13.861
31489,14.3528
31490,10.0263
31491,14.2447
31492,10.4996
31493,7.53513
31494,12.364
31495,9.48398
31496,11.4182
31497,13.2101
31498,8.57643
31499,6.71268
31500,9.12448
31501,9.40488
31502,11.4061
31503,11.4738
31504,12.6761
31505,6.23337
31506,7.55455
31507,6.82393
31508,8.41285
31509,8.47589
31510,8.50424
31511,8.96171
31512,10.2224
31513,10.59
31514,10.7516
31515,10.7639
31516,10.807
31517,11.2178
31518,12.3378
31519,11.1304
31520,9.95187
31521,8.7034
31522,9.74604
31523,11.0286
31524,11.092
31525,9.24608
31526,7.12101
31527,10.1778
31528,10.2139
31529,12.5003
31530,10.841
31531,10.3611
31532,9.52656
31533,8.53499
31534,7.30555
31535,8.72538
31536,9.30444
31537,10.8853
31538,9.49434
31539,13.9811
31540,11.3074
31541,8.64727
31542,12.3596
31543,8.76657
31544,7.94538
31545,10.2562
31546,9.8582
31547,11.3785
31548,11.4443
31549,9.65605
31550,10.739
31551,8.94597
31552,9.8977
31553,13.4293
31554,13.495
31555,12.6467
31556,12.8873
31557,12.2353
31558,9.53514
31559,10.0497
31560,13.1152
31561,11.9462
31562,8.16136
31563,10.2498
31564,10.8433
31565,10.0628
31566,8.22183
31567,11.6284
31568,11.7431
31569,9.83623
31570,10.6331
31571,9.66479
31572,8.6802
31573,10.9982
31574,8.10688
31575,11.5933
31576,10.6579
31577,9.54457
31578,7.57817
31579,11.3361
31580,8.48346
31581,12.5159
31582,12.723
31583,8.03263
31584,13.9707
31585,13.5576
31586,8.67546
31587,9.6868
31588,11.373
31589,7.57813
31590,9.15756
31591,8.24416
31592,10.3476
31593,9.13442
31594,12.215
31595,13.7261
31596,9.87447
31597,8.45926
31598,10.5425
31599,12.0909
31600,11.2057
31601,14.4255
31602,11.4598
31603,11.6651
31604,11.0458
31605,12.6418
31606,9.16475
31607,9.58709
31608,10.9056
31609,9.22465
31610,9.74977
31611,9.96674
31612,11.4619
31613,7.89496
31614,13.1399
31615,9.60747
31616,13.0223
31617,11.3029
31618,10.6483
31619,9.61833
31620,9.04493
31621,11.0607
31622,10.0691
31623,9.86625
31624,8.97987
31625,10.8516
31626,10.9984
31627,11.4798
31628,10.0462
31629,10.1156
31630,12.5898
31631,9.3637
31632,8.79326
31633,12.9597
31634,6.99027
31635,9.46666
31636,7.82032
31637,9.95947
31638,8.03414
31639,8.53625
31640,10.1082
31641,8.36356
31642,8.06121
31643,11.0699
31644,9.35495
31645,12.6235
31646,12.0045
31647,8.30666
31648,10.6368
31649,13.7766
31650,12.4205
31651,14.4289
31652,11.4764
31653,8.61676
31654,13.9319
31655,10.2218
31656,7.55912
31657,8.04993
31658,14.0584
31659,7.20009
31660,8.30402
31661,15.4033
31662,10.0376
31663,10.7629
31664,9.20533
31665,7.46123
31666,12.1683
31667,11.2506
31668,8.28394
31669,10.273
31670,10.8746
31671,10.4545
31672,7.69649
31673,14.0967
31674,8.52005
31675,10.745
31676,8.66608
31677,8.82226
31678,10.5334
31679,10.7129
31680,8.74925
31681,9.82716
31682,9.07052
31683,10.1031
31684,14.1579
31685,9.75627
31686,6.92455
31687,11.2165
31688,9.41416
31689,10.5454
31690,7.86415
31691,12.5276
31692,8.92055
31693,9.98734
31694,8.51265
31695,8.82616
31696,9.72535
31697,9.74257
31698,8.75728
31699,10.7753
31700,7.30825
31701,8.9925
31702,12.6615
31703,9.97555
31704,7.06948
31705,10.3261
31706,9.26702
31707,10.5197
31708,14.5618
31709,10.8242
31710,9.25213
31711,9.94941
31712,10.5543
31713,13.8477
31714,10.8341
31715,8.49011
31716,13.2572
31717,11.2964
31718,6.63567
31719,9.1175
31720,10.2028
31721,9.3046
31722,9.72838
31723,10.8599
31724,12.2687
31725,8.95862
31726,11.7686
31727,7.52542
31728,9.13915
31729,11.2947
31730,13.6896
31731,9.22216
31732,7.47436
31733,7.71672
31734,16.976
31735,7.98438
31736,9.088
31737,11.2657
31738,9.57826
31739,11.6357
31740,9.88683
31741,11.0746
31742,11.8276
31743,10.9913
31744,10.2696
31745,13.7184
31746,14.7277
31747,6.95834
31748,9.18968
31749,8.36039
31750,10.5325
31751,9.92959
31752,12.1951
31753,13.9898
31754,10.0385
31755,13.342
31756,8.69462
31757,10.9051
31758,6.96185
31759,7.41641
31760,12.8898
31761,8.95919
31762,7.95726
31763,11.2889
31764,14.5744
31765,11.9659
31766,10.0569
31767,10.259
31768,10.3404
31769,12.0183
31770,6.05253
31771,9.19355
31772,9.70132
31773,10.5351
31774,10.6443
31775,8.06108
31776,7.3204
31777,9.52443
31778,10.849
31779,11.1035
31780,14.1964
31781,8.8748
31782,9.76615
31783,9.84566
31784,9.0398
31785,11.3225
31786,6.73019
31787,13.5752
31788,8.07103
31789,12.1303
31790,12.1757
31791,9.33765
31792,9.70381
31793,9.95426
31794,10.0076
31795,9.03059
31796,13.055
31797,13.186
31798,12.1271
31799,8.30527
31800,12.1363
31801,10.3449
31802,8.67547
31803,9.03303
31804,9.21476
31805,6.78363
31806,9.6276
31807,13.2861
31808,7.61528
31809,8.04262
31810,8.57267
31811,11.7534
31812,10.2069
31813,7.52511
31814,14.3882
31815,8.04699
31816,10.1233
31817,6.36484
31818,8.5548
31819,8.6476
31820,10.3945
31821,11.3892
31822,9.58947
31823,7.00625
31824,7.77261
31825,8.2524
31826,10.4869
31827,6.84862
31828,9.45489
31829,10.6714
31830,8.45066
31831,8.79186
31832,9.02027
31833,12.0287
31834,9.06384
31835,10.2755
31836,16.302
31837,12.7197
31838,10.8944
31839,13.1529
31840,10.1691
31841,11.3071
31842,11.3559
31843,13.8739
31844,9.00276
31845,9.12026
31846,13.0189
31847,8.07118
31848,7.13286
31849,10.2379
31850,12.7551
31851,12.83
31852,9.15742
31853,8.37208
31854,9.05777
31855,14.1603
31856,12.18
31857,14.2498
31858,9.71763
31859,9.81813
31860,8.95289
31861,13.0253
31862,10.5535
31863,10.7311
31864,10.8835
31865,10.4288
31866,10.5469
31867,11.5553
31868,12.1278
31869,12.7952
31870,11.9266
31871,11.0915
31872,13.8103
31873,11.2784
31874,9.92411
31875,8.32907
31876,7.23749
31877,7.62993
31878,9.40242
31879,9.43525
31880,9.49232
31881,7.50075
31882,10.2427
31883,9.59873
31884,11.7441
31885,11.7807
31886,9.94505
31887,11.9674
31888,13.081
31889,11.1611
31890,14.1442
31891,14.2465
31892,11.5052
31893,9.76403
31894,7.88237
31895,14.3249
31896,8.92499
31897,9.38432
31898,9.95096
31899,9.80167
31900,13.2379
31901,7.37118
31902,8.39624
31903,10.7155
31904,10.5986
31905,8.82564
31906,9.72501
31907,10.8718
31908,7.77535
31909,9.96344
31910,9.24391
31911,7.34427
31912,11.9075
31913,11.1996
31914,6.86968
31915,13.0208
31916,10.5707
31917,10.9201
31918,7.95836
31919,9.06158
31920,8.17595
31921,9.86053
31922,9.94152
31923,12.9565
31924,9.43566
31925,8.85277
31926,10.8613
31927,9.53038
31928,11.2101
31929,12.3614
31930,7.59817
31931,9.27667
31932,12.2308
31933,10.2877
31934,10.4875
31935,10.681
31936,11.6988
31937,11.7938
31938,8.07477
31939,12.5136
31940,13.1108
31941,9.2338
31942,10.4498
31943,8.83519
31944,10.165
31945,10.6105
31946,9.81865
31947,11.2666
31948,7.41862
31949,7.93238
31950,8.96332
31951,8.33155
31952,13.3546
31953,8.40189
31954,14.1325
31955,9.25332
31956,5.46309
31957,10.1944
31958,10.2028
31959,11.224
31960,8.50174
31961,8.98972
31962,8.53427
31963,11.7845
31964,8.40246
31965,8.53509
31966,7.06429
31967,11.5677
31968,9.90346
31969,10.1537
31970,6.73956
31971,11.3468
31972,11.5315
31973,12.5399
31974,11.7039
31975,11.7867
31976,11.9703
31977,11.9883
31978,9.00911
31979,10.4424
31980,10.8031
31981,7.81806
31982,11.2813
31983,7.65661
31984,13.5713
31985,14.184
31986,10.8307
31987,9.19154
31988,8.21113
31989,10.2606
31990,8.57349
31991,7.17401
31992,9.56854
31993,9.68641
31994,10.7559
31995,11.7955
31996,11.3332
31997,7.64043
31998,15.6775
31999,13.6859
32000,11.7073
32001,9.76679
32002,9.3648
32003,9.97068
32004,7.50346
32005,8.35397
32006,8.58317
32007,11.9205
32008,9.05494
32009,10.6045
32010,9.82214
32011,13.5065
32012,10.061
32013,13.2205
32014,8.23719
32015,9.8821
32016,9.0236
32017,9.44121
32018,15.6075
32019,10.725
32020,11.1379
32021,7.58819
32022,9.08052
32023,11.106
32024,6.32869
32025,11.4187
32026,7.44546
32027,12.4605
32028,12.1105
32029,9.3524
32030,9.72614
32031,7.50964
32032,9.85349
32033,6.34396
32034,9.03002
32035,10.3888
32036,8.93609
32037,8.19759
32038,9.72971
32039,10.213
32040,10.6872
32041,11.174
32042,12.2737
32043,6.43005
32044,7.45155
32045,11.277
32046,14.0992
32047,7.62187
32048,8.79319
32049,11.8218
32050,15.226
32051,13.5518
32052,7.86178
32053,9.62196
32054,11.6876
32055,11.02
32056,8.89274
32057,9.05756
32058,7.16576
32059,9.24984
32060,13.3075
32061,10.0066
32062,8.05844
32063,7.15299
32064,8.27289
32065,10.3045
32066,12.5706
32067,8.95289
32068,8.13618
32069,9.40886
32070,8.67369
32071,6.89338
32072,8.90181
32073,10.1126
32074,9.1793
32075,10.5086
32076,12.6447
32077,8.6531
32078,10.7418
32079,8.62631
32080,12.785
32081,10.8296
32082,8.92233
32083,7.98572
32084,9.29583
32085,9.32844
32086,10.0777
32087,10.1905
32088,11.0072
32089,11.2096
32090,10.7736
32091,7.82229
32092,8.23384
32093,8.7412
32094,13.8818
32095,9.89731
32096,7.11542
32097,10.4918
32098,9.90963
32099,8.43783
32100,12.4863
32101,7.52575
32102,9.08396
32103,9.34149
32104,10.165
32105,7.67939
32106,6.90334
32107,8.07784
32108,8.20561
32109,8.28165
32110,9.84123
32111,8.93158
32112,10.2288
32113,6.87959
32114,10.1467
32115,10.565
32116,9.91905
32117,9.94016
32118,10.9486
32119,8.02429
32120,6.29674
32121,11.3052
32122,7.61539
32123,11.8169
32124,11.1034
32125,11.1118
32126,8.47611
32127,7.72543
32128,9.6103
32129,9.54271
32130,13.5803
32131,8.01676
32132,9.25389
32133,11.3178
32134,10.438
32135,11.8035
32136,12.0071
32137,11.1245
32138,9.47807
32139,8.1745
32140,7.35598
32141,12.5961
32142,8.84929
32143,9.4689
32144,10.562
32145,8.17334
32146,10.8141
32147,9.98324
32148,12.0748
32149,10.563
32150,7.87154
32151,10.5191
32152,8.29185
32153,10.2857
32154,10.3319
32155,9.70222
32156,11.8554
32157,10.2717
32158,7.19424
32159,9.63954
32160,14.2861
32161,10.7845
32162,9.07514
32163,11.896
32164,11.2352
32165,11.4545
32166,7.64434
32167,13.1328
32168,8.54732
32169,7.58193
32170,7.7001
32171,8.77394
32172,8.15191
32173,9.66964
32174,12.0779
32175,10.4744
32176,7.67246
32177,10.17
32178,11.6897
32179,11.9663
32180,14.7593
32181,12.5915
32182,7.0681
32183,14.0765
32184,9.14934
32185,10.4491
32186,9.70924
32187,7.28242
32188,6.68836
32189,9.30868
32190,8.3193
32191,9.6717
32192,11.7057
32193,10.2295
32194,13.5714
32195,14.7568
32196,11.1479
32197,7.25676
32198,12.3683
32199,12.7764
32200,10.6943
32201,8.75356
32202,10.5129
32203,9.52133
32204,12.446
32205,10.3462
32206,14.1735
32207,11.4435
32208,11.6858
32209,11.8465
32210,9.07122
32211,12.4284
32212,9.55104
32213,13.2645
32214,11.3879
32215,10.7163
32216,8.71036
32217,10.641
32218,13.6519
32219,9.78801
32220,6.77595
32221,7.10478
32222,12.6667
32223,8.07158
32224,12.2989
32225,8.45724
32226,9.85876
32227,9.98246
32228,9.55628
32229,14.2497
32230,10.2581
32231,11.2727
32232,10.3929
32233,10.7858
32234,8.82183
32235,10.8783
32236,10.9152
32237,6.33625
32238,10.3481
32239,15.3992
32240,5.66284
32241,12.8
32242,7.90623
32243,12.5619
32244,9.10031
32245,10.1609
32246,9.16936
32247,9.81252
32248,7.93592
32249,9.51628
32250,9.59992
32251,11.7802
32252,7.30208
32253,6.38229
32254,10.8187
32255,9.63082
32256,8.28899
32257,9.4462
32258,11.5218
32259,9.03566
32260,12.5097
32261,9.11308
32262,9.53731
32263,9.67936
32264,9.47654
32265,12.5796
32266,12.2158
32267,7.72989
32268,7.16496
32269,9.54318
32270,7.8227
32271,8.75951
32272,10.1619
32273,9.37634
32274,10.7391
32275,10.9501
32276,11.2965
32277,13.3636
32278,7.639
32279,9.68754
32280,15.4285
32281,9.72499
32282,9.18711
32283,12.9721
32284,11.1426
32285,9.8023
32286,13.4172
32287,9.6188
32288,8.36057
32289,6.91094
32290,11.3983
32291,10.7709
32292,16.4415
32293,9.85107
32294,9.01418
32295,9.50606
32296,10.842
32297,7.61336
32298,9.60462
32299,11.9912
32300,9.85974
32301,10.1075
32302,11.2874
32303,12.1499
32304,7.2964
32305,10.327
32306,7.49247
32307,11.5294
32308,7.98385
32309,8.11318
32310,10.2891
32311,10.0969
32312,9.37594
32313,9.60824
32314,9.62974
32315,10.1695
32316,10.412
32317,11.439
32318,11.4991
32319,11.6279
32320,14.001
32321,10.7817
32322,8.22398
32323,13.4472
32324,8.95312
32325,11.2529
32326,10.7743
32327,10.8415
32328,13.9102
32329,10.476
32330,6.03017
32331,8.04574
32332,8.23483
32333,12.4711
32334,10.897
32335,8.91909
32336,10.1747
32337,11.2697
32338,8.60641
32339,11.1449
32340,11.1975
32341,9.51947
32342,6.48278
32343,10.4923
32344,11.4128
32345,9.50654
32346,13.659
32347,15.8111
32348,12.0984
32349,12.525
32350,11.9861
32351,10.9789
32352,11.5865
32353,8.11453
32354,8.33335
32355,8.80734
32356,11.2217
32357,9.5205
32358,17.0732
32359,8.77534
32360,7.92902
32361,9.85192
32362,8.93888
32363,10.1186
32364,11.4047
32365,11.6512
32366,12.7554
32367,10.2687
32368,13.7133
32369,13.0324
32370,13.2673
32371,8.30965
32372,10.8251
32373,7.39319
32374,8.38541
32375,8.57054
32376,8.91018
32377,10.0324
32378,9.48667
32379,9.58002
32380,10.9976
32381,10.2356
32382,12.3751
32383,10.81
32384,8.08753
32385,10.4468
32386,8.45521
32387,8.94648
32388,9.16878
32389,9.71588
32390,7.9778
32391,8.28025
32392,10.8825
32393,10.898
32394,13.2895
32395,13.431
32396,7.66955
32397,8.86035
32398,11.2599
32399,9.3419
32400,8.4239
32401,7.51982
32402,11.0716
32403,8.68051
32404,10.6605
32405,11.2224
32406,11.1217
32407,10.5912
32408,10.7632
32409,6.7716
32410,4.21002
32411,7.19307
32412,10.4901
32413,11.0757
32414,10.4427
32415,11.5332
32416,9.3582
32417,9.82914
32418,13.1301
32419,10.0238
32420,12.3044
32421,11.4404
32422,10.4861
32423,9.75191
32424,9.20849
32425,9.8906
32426,10.7439
32427,8.45741
32428,7.95187
32429,8.53699
32430,7.85734
32431,8.92078
32432,8.78463
32433,10.8404
32434,8.92932
32435,11.9594
32436,9.10478
32437,7.16795
32438,12.34
32439,9.75624
32440,8.17362
32441,12.7881
32442,9.18424
32443,9.30752
32444,8.60393
32445,11.6657
32446,12.2661
32447,9.4386
32448,12.5753
32449,9.63788
32450,6.91031
32451,11.2172
32452,9.49577
32453,8.64625
32454,8.65469
32455,7.50756
32456,9.67085
32457,8.70894
32458,8.61593
32459,9.98816
32460,6.99659
32461,7.59628
32462,9.65383
32463,13.1851
32464,9.65562
32465,10.8581
32466,8.36221
32467,10.3706
32468,9.37907
32469,8.53477
32470,12.8628
32471,8.44348
32472,10.0284
32473,7.078
32474,7.12538
32475,9.36611
32476,8.40543
32477,7.48494
32478,10.8406
32479,10.9504
32480,8.21506
32481,12.2508
32482,11.4013
32483,10.4274
32484,8.70178
32485,11.2676
32486,13.3581
32487,8.41527
32488,7.98623
32489,9.99466
32490,8.84086
32491,10.1282
32492,10.4168
32493,12.3413
32494,12.2215
32495,13.3465
32496,7.73965
32497,8.25386
32498,9.36035
32499,9.49054
32500,9.57516
32501,8.77157
32502,10.4643
32503,9.11803
32504,8.19871
32505,9.61192
32506,8.77986
32507,10.2185
32508,8.32695
32509,8.31725
32510,10.1789
32511,8.49299
32512,9.07809
32513,9.28849
32514,9.4117
32515,7.94666
32516,9.84985
32517,11.165
32518,11.3503
32519,10.5576
32520,8.47093
32521,12.7423
32522,13.7779
32523,7.82745
32524,13.2207
32525,8.80363
32526,8.88102
32527,8.94773
32528,12.029
32529,9.70837
32530,9.76698
32531,9.83596
32532,14.0489
32533,13.3742
32534,10.4446
32535,10.6862
32536,10.8439
32537,7.16476
32538,10.4894
32539,9.74031
32540,15.7605
32541,12.5229
32542,13.2573
32543,13.2879
32544,13.3722
32545,13.7881
32546,9.29134
32547,14.708
32548,8.99311
32549,11.5282
32550,10.7551
32551,11.8783
32552,7.47816
32553,10.9566
32554,7.73927
32555,9.68967
32556,14.827
32557,8.55587
32558,13.1376
32559,6.83865
32560,14.4095
32561,8.45371
32562,9.7065
32563,9.61362
32564,7.70963
32565,9.32861
32566,13.6161
32567,10.2179
32568,11.2258
32569,8.59161
32570,10.035
32571,9.44472
32572,12.655
32573,12.1244
32574,6.31688
32575,7.72675
32576,10.9113
32577,8.46027
32578,8.53896
32579,9.60062
32580,10.7983
32581,9.47846
32582,8.03829
32583,9.14476
32584,9.43891
32585,9.25792
32586,9.4562
32587,9.78841
32588,11.0229
32589,10.1276
32590,11.4682
32591,8.74252
32592,7.42909
32593,8.54148
32594,9.57979
32595,10.2884
32596,11.1069
32597,12.435
32598,13.3649
32599,13.2703
32600,18.0988
32601,8.32045
32602,8.32888
32603,9.12454
32604,9.38305
32605,9.97113
32606,13.0084
32607,10.3881
32608,14.397
32609,10.4938
32610,10.6144
32611,7.59798
32612,10.8454
32613,7.26727
32614,7.74013
32615,17.9778
32616,8.03704
32617,6.92192
32618,9.20377
32619,9.65116
32620,7.83501
32621,10.2542
32622,8.50828
32623,11.5323
32624,13.8016
32625,10.8702
32626,9.20118
32627,7.76448
32628,9.86071
32629,12.5907
32630,11.0384
32631,10.143
32632,13.3314
32633,11.4265
32634,10.51
32635,9.86045
32636,11.1209
32637,13.4909
32638,8.68599
32639,9.28781
32640,7.43321
32641,9.93897
32642,10.5215
32643,10.7381
32644,8.36766
32645,11.5099
32646,7.65555
32647,8.66399
32648,12.7406
32649,10.8464
32650,9.24695
32651,12.2554
32652,10.3515
32653,14.4054
32654,10.6524
32655,8.14926
32656,6.18259
32657,12.394
32658,10.7868
32659,7.09581
32660,7.91385
32661,14.3377
32662,10.2096
32663,11.3084
32664,9.34229
32665,9.95552
32666,13.061
32667,9.57182
32668,11.7803
32669,6.57999
32670,10.6374
32671,9.73456
32672,7.95307
32673,12.0281
32674,7.54395
32675,12.5881
32676,11.6443
32677,9.04633
32678,8.22822
32679,12.2164
32680,9.33874
32681,9.49845
32682,10.5694
32683,10.9461
32684,8.80578
32685,9.27454
32686,9.30672
32687,8.09231
32688,8.98691
32689,10.4127
32690,10.4802
32691,10.1601
32692,9.53137
32693,7.85171
32694,8.39605
32695,5.843
32696,14.093
32697,9.10479
32698,9.74046
32699,9.7699
32700,7.80892
32701,6.44092
32702,7.89472
32703,12.5508
32704,10.4161
32705,10.899
32706,10.9448
32707,10.976
32708,12.3352
32709,6.6741
32710,9.37082
32711,8.54401
32712,12.709
32713,8.71748
32714,8.13453
32715,10.0727
32716,10.4965
32717,8.80805
32718,11.3797
32719,7.58846
32720,12.1255
32721,11.2078
32722,8.75797
32723,7.83938
32724,8.65065
32725,10.9703
32726,13.0083
32727,11.0956
32728,14.5077
32729,11.5274
32730,12.6001
32731,8.98425
32732,9.41798
32733,11.998
32734,11.0498
32735,7.66044
32736,9.54442
32737,9.81122
32738,8.41754
32739,6.76742
32740,11.1306
32741,13.9702
32742,12.0705
32743,8.39166
32744,7.7002
32745,9.61817
32746,10.1853
32747,11.8009
32748,7.60029
32749,6.26785
32750,11.6001
32751,9.4883
32752,7.14831
32753,10.5587
32754,8.66679
32755,8.46459
32756,7.15048
32757,6.34369
32758,7.60295
32759,10.9544
32760,10.0441
32761,10.0935
32762,6.51748
32763,10.6116
32764,10.62
32765,11.1919
32766,11.7026
32767,9.75997
32768,9.81286
32769,8.86486
32770,11.9864
32771,11.0017
32772,12.1267
32773,11.2176
32774,10.4217
32775,12.7574
32776,8.83248
32777,6.71886
32778,6.93542
32779,12.1312
32780,8.12094
32781,8.28733
32782,8.31875
32783,12.5015
32784,8.91309
32785,9.02689
32786,9.13337
32787,14.1739
32788,9.21293
32789,8.22574
32790,12.2534
32791,9.55182
32792,14.9825
32793,10.3598
32794,10.789
32795,14.0613
32796,12.5522
32797,11.59
32798,7.69146
32799,13.4246
32800,8.60506
32801,8.61697
32802,14.6466
32803,13.989
32804,14.0364
32805,9.34035
32806,6.80131
32807,7.92106
32808,9.50959
32809,9.07934
32810,9.73093
32811,9.88916
32812,9.96797
32813,10.3535
32814,7.70802
32815,13.3986
32816,6.697
32817,8.73308
32818,8.93342
32819,9.10317
32820,9.15695
32821,9.1819
32822,9.33888
32823,9.56372
32824,9.71352
32825,6.94137
32826,10.0484
32827,7.31367
32828,10.5547
32829,7.56312
32830,10.8053
32831,10.8139
32832,8.07281
32833,9.18464
32834,8.76741
32835,10.816
32836,9.23286
32837,9.24794
32838,9.26704
32839,9.44767
32840,9.64684
32841,9.69243
32842,9.82654
32843,13.3035
32844,13.4459
32845,11.8888
32846,11.4403
32847,11.5579
32848,11.9109
32849,10.3394
32850,13.288
32851,13.3959
32852,8.11831
32853,8.4329
32854,14.8568
32855,10.5209
32856,7.57884
32857,12.3511
32858,5.89641
32859,8.09451
32860,9.13881
32861,9.12169
32862,10.9573
32863,12.5052
32864,9.98396
32865,9.04376
32866,9.41295
32867,11.7534
32868,10.091
32869,10.2509
32870,12.1438
32871,11.1522
32872,6.75888
32873,12.221
32874,9.79583
32875,9.0707
32876,9.51585
32877,10.8201
32878,9.85057
32879,11.1445
32880,7.1529
32881,15.273
32882,10.5722
32883,9.69288
32884,7.94829
32885,8.01043
32886,11.0667
32887,6.7665
32888,7.19625
32889,9.87608
32890,8.22748
32891,8.56691
32892,8.75898
32893,8.45944
32894,8.92126
32895,8.02759
32896,10.295
32897,9.65027
32898,9.97195
32899,15.4058
32900,8.81208
32901,10.9541
32902,8.02967
32903,8.28726
32904,12.6674
32905,9.87582
32906,8.95947
32907,12.6908
32908,8.85379
32909,8.95337
32910,10.0635
32911,11.1864
32912,10.8435
32913,11.0811
32914,7.38997
32915,6.99635
32916,13.1841
32917,11.4747
32918,13.6967
32919,7.74387
32920,11.2622
32921,13.3755
32922,10.5719
32923,12.3707
32924,10.5627
32925,8.57827
32926,9.09829
32927,6.35369
32928,6.39074
32929,7.67969
32930,10.795
32931,10.3403
32932,11.419
32933,8.92105
32934,11.2828
32935,9.69076
32936,8.86819
32937,11.2856
32938,9.19169
32939,11.4206
32940,11.8058
32941,10.2799
32942,7.26448
32943,9.12057
32944,12.1098
32945,9.3479
32946,7.76941
32947,10.9425
32948,8.55727
32949,10.8046
32950,9.01076
32951,9.06968
32952,12.1105
32953,9.18721
32954,9.23916
32955,7.40963
32956,8.53066
32957,9.193
32958,7.21483
32959,12.9396
32960,12.6427
32961,11.1185
32962,9.77513
32963,12.0408
32964,8.82075
32965,9.01976
32966,8.95534
32967,7.62076
32968,7.69203
32969,7.57952
32970,8.70931
32971,8.07546
32972,8.24027
32973,9.43501
32974,9.53911
32975,11.3284
32976,9.6965
32977,9.70493
32978,11.6864
32979,10.7951
32980,10.9
32981,8.24302
32982,12.3116
32983,9.41329
32984,10.6264
32985,9.71094
32986,8.77601
32987,11.9704
32988,9.16242
32989,10.5544
32990,7.59657
32991,6.83953
32992,7.13758
32993,7.78339
32994,7.92965
32995,14.1511
32996,12.5458
32997,13.011
32998,7.32709
32999,7.53228
33000,14.0728
33001,11.6922
33002,9.7291
33003,9.85015
33004,11.8632
33005,11.6898
33006,10.2368
33007,14.8494
33008,11.015
33009,11.0336
33010,8.77026
33011,8.43918
33012,10.7861
33013,11.7132
33014,18.1162
33015,7.19216
33016,9.25655
33017,12.1861
33018,9.45492
33019,11.7009
33020,7.69655
33021,8.112
33022,11.2438
33023,10.2593
33024,9.5889
33025,7.29491
33026,11.3596
33027,9.77272
33028,10.194
33029,11.2554
33030,6.53968
33031,13.6945
33032,13.4716
33033,9.08592
33034,10.2075
33035,8.25862
33036,10.7291
33037,10.088
33038,11.1514
33039,12.2789
33040,8.36189
33041,12.5235
33042,8.74038
33043,9.85534
33044,12.9788
33045,9.7662
33046,13.026
33047,10.4514
33048,6.12204
33049,8.73049
33050,10.1013
33051,9.65246
33052,9.65289
33053,10.9759
33054,9.22354
33055,11.2985
33056,9.35226
33057,10.3706
33058,9.56677
33059,10.6533
33060,8.94198
33061,10.1227
33062,8.34676
33063,9.41147
33064,9.57168
33065,12.3864
33066,12.5522
33067,13.1921
33068,13.2114
33069,9.0331
33070,7.06517
33071,10.1809
33072,12.545
33073,8.68797
33074,10.3303
33075,7.4045
33076,8.15106
33077,10.7386
33078,8.08968
33079,11.1103
33080,10.8253
33081,10.1005
33082,13.7377
33083,13.2789
33084,11.5428
33085,8.54428
33086,7.8419
33087,8.01176
33088,8.15711
33089,8.38576
33090,7.93736
33091,9.78139
33092,8.13725
33093,10.5997
33094,7.95547
33095,10.0164
33096,12.3135
33097,10.4591
33098,8.53029
33099,9.43925
33100,9.61699
33101,12.7087
33102,6.2679
33103,8.42862
33104,12.8641
33105,11.1786
33106,9.70593
33107,9.78825
33108,10.1606
33109,6.954
33110,8.18423
33111,8.23187
33112,8.60834
33113,8.68015
33114,9.17546
33115,9.39432
33116,7.48998
33117,10.8742
33118,10.2244
33119,8.44519
33120,8.69495
33121,8.94213
33122,9.02501
33123,9.20323
33124,10.1321
33125,10.4331
33126,7.65747
33127,11.0262
33128,11.4987
33129,11.6141
33130,11.7921
33131,6.38974
33132,7.85487
33133,9.88124
33134,7.26498
33135,10.3101
33136,9.76475
33137,7.98323
33138,12.0601
33139,8.34396
33140,8.48953
33141,8.65277
33142,10.712
33143,14.7249
33144,7.74447
33145,11.7529
33146,10.9964
33147,9.19911
33148,15.2075
33149,9.37626
33150,9.38469
33151,9.53084
33152,9.71749
33153,5.22221
33154,10.7176
33155,10.9543
33156,12.1227
33157,10.4474
33158,7.77349
33159,12.0949
33160,11.1251
33161,12.1465
33162,9.47792
33163,12.9446
33164,14.7604
33165,10.3891
33166,10.3027
33167,12.7722
33168,15.9097
33169,6.66273
33170,7.83567
33171,8.9736
33172,9.13157
33173,9.52986
33174,13.3079
33175,8.55237
33176,8.30738
33177,11.3873
33178,10.9772
33179,10.3156
33180,12.4948
33181,11.401
33182,7.78925
33183,11.938
33184,6.81294
33185,13.0131
33186,7.07697
33187,9.82924
33188,8.15278
33189,11.6132
33190,11.7231
33191,10.9259
33192,13.4018
33193,8.66059
33194,8.46186
33195,9.75395
33196,9.79867
33197,10.7739
33198,11.8154
33199,8.88079
33200,11.895
33201,9.24209
33202,6.15503
33203,12.0195
33204,10.3077
33205,8.35098
33206,8.41868
33207,12.296
33208,9.59113
33209,13.0034
33210,9.77721
33211,13.1475
33212,12.2806
33213,7.49812
33214,12.9235
33215,8.56312
33216,7.96385
33217,7.53877
33218,8.01516
33219,10.0405
33220,6.59787
33221,6.67483
33222,8.188
33223,8.43153
33224,8.82461
33225,9.78134
33226,8.82553
33227,11.2352
33228,11.5027
33229,11.7397
33230,10.1431
33231,7.6278
33232,7.64497
33233,14.029
33234,6.24632
33235,15.305
33236,10.0281
33237,9.26667
33238,7.43717
33239,8.98252
33240,9.25348
33241,9.4759
33242,9.63947
33243,12.6716
33244,11.1742
33245,11.9728
33246,11.0085
33247,8.33577
33248,13.4233
33249,9.0174
33250,7.39722
33251,6.51088
33252,9.86108
33253,8.01962
33254,8.43417
33255,6.58726
33256,8.64745
33257,12.6573
33258,8.01722
33259,10.9008
33260,11.5294
33261,9.07827
33262,9.11576
33263,12.3407
33264,14.4036
33265,10.7121
33266,11.5055
33267,11.6052
33268,10.8108
33269,6.88642
33270,14.0388
33271,7.82884
33272,7.86674
33273,9.3644
33274,9.48839
33275,9.61261
33276,10.3636
33277,10.5046
33278,10.828
33279,11.1185
33280,11.1626
33281,9.58234
33282,9.80603
33283,11.903
33284,12.1771
33285,7.32477
33286,10.6535
33287,9.28253
33288,11.7585
33289,11.1505
33290,12.2748
33291,12.1902
33292,11.4301
33293,9.09272
33294,10.3694
33295,11.0722
33296,9.11426
33297,7.31593
33298,7.32951
33299,7.25328
33300,8.82736
33301,9.80738
33302,10.0834
33303,8.088
33304,9.98376
33305,8.99341
33306,9.03685
33307,17.3544
33308,9.02995
33309,10.2463
33310,10.3202
33311,11.2647
33312,6.86012
33313,8.25683
33314,10.2569
33315,11.6899
33316,8.9096
33317,9.92655
33318,8.97394
33319,10.2484
33320,13.4546
33321,8.99688
33322,7.26006
33323,11.5359
33324,10.7489
33325,8.62841
33326,9.37864
33327,15.388
33328,7.51254
33329,12.6358
33330,13.5754
33331,9.41072
33332,7.45704
33333,11.9725
33334,12.2542
33335,9.38455
33336,11.8331
33337,7.14229
33338,7.89206
33339,10.1095
33340,7.67216
33341,9.85284
33342,6.95611
33343,10.6846
33344,15.3394
33345,10.4099
33346,11.668
33347,12.1743
33348,10.3156
33349,7.8112
33350,9.19373
33351,10.4122
33352,10.2959
33353,11.7282
33354,11.8387
33355,11.0802
33356,6.26355
33357,8.94587
33358,8.04521
33359,7.13736
33360,16.4417
33361,10.9052
33362,9.44951
33363,11.4632
33364,10.3846
33365,11.9182
33366,12.2905
33367,10.5597
33368,12.0481
33369,12.6015
33370,8.26667
33371,9.03842
33372,13.2194
33373,8.8751
33374,15.116
33375,7.81086
33376,8.73609
33377,13.9051
33378,9.30108
33379,7.41898
33380,10.1825
33381,9.38858
33382,11.6479
33383,9.78292
33384,9.99084
33385,13.872
33386,8.32582
33387,12.566
33388,12.3516
33389,9.39384
33390,9.7055
33391,10.8683
33392,8.59661
33393,9.06764
33394,9.18253
33395,8.20355
33396,10.6836
33397,10.096
33398,8.1557
33399,8.19908
33400,12.6549
33401,10.7711
33402,8.79812
33403,10.0021
33404,12.6554
33405,6.67226
33406,10.0672
33407,10.6076
33408,10.6758
33409,9.08199
33410,9.65052
33411,13.6705
33412,11.8656
33413,8.25853
33414,8.50563
33415,8.60627
33416,9.61471
33417,9.46495
33418,12.6735
33419,9.70642
33420,9.3768
33421,10.33
33422,12.7706
33423,11.2089
33424,8.08142
33425,15.0579
33426,10.2545
33427,8.26291
33428,14.6471
33429,9.00659
33430,11.9758
33431,8.68071
33432,12.4349
33433,7.49843
33434,11.5201
33435,8.7213
33436,8.9454
33437,11.0238
33438,8.14275
33439,7.40334
33440,11.8719
33441,8.47081
33442,11.9357
33443,12.1954
33444,9.33912
33445,9.86603
33446,9.50846
33447,9.80867
33448,9.45417
33449,10.0909
33450,10.818
33451,11.088
33452,11.5359
33453,9.63146
33454,6.90912
33455,10.652
33456,7.18098
33457,10.623
33458,10.6947
33459,7.31859
33460,7.36169
33461,7.42543
33462,8.89307
33463,11.9361
33464,7.40369
33465,10.6641
33466,11.1479
33467,9.52464
33468,7.79716
33469,9.97225
33470,8.85814
33471,9.42473
33472,8.69286
33473,10.3754
33474,10.5364
33475,9.9925
33476,8.05527
33477,10.775
33478,11.9479
33479,9.06422
33480,9.9604
33481,15.1659
33482,11.1767
33483,10.2106
33484,10.6325
33485,11.2157
33486,11.5805
33487,11.9009
33488,9.01977
33489,10.5858
33490,11.2429
33491,13.5821
33492,11.8834
33493,8.03636
33494,12.638
33495,9.04631
33496,8.51063
33497,8.2639
33498,10.5147
33499,12.4101
33500,9.43109
33501,9.84366
33502,8.91272
33503,14.2882
33504,11.5751
33505,11.385
33506,7.67176
33507,10.2212
33508,10.2035
33509,11.3231
33510,9.97323
33511,11.3545
33512,9.63692
33513,9.70123
33514,9.91248
33515,10.2951
33516,14.4305
33517,8.81372
33518,12.0584
33519,12.1716
33520,11.2947
33521,8.8233
33522,7.73735
33523,11.8337
33524,8.93989
33525,12.4596
33526,11.0081
33527,7.04641
33528,10.7696
33529,11.355
33530,14.7604
33531,9.95701
33532,12.3161
33533,6.49855
33534,7.5183
33535,12.6095
33536,8.87106
33537,9.69244
33538,9.92807
33539,9.51847
33540,6.06164
33541,11.1264
33542,9.08992
33543,12.5134
33544,10.973
33545,9.41168
33546,9.21587
33547,10.2687
33548,7.3306
33549,16.5681
33550,10.2386
33551,10.4661
33552,6.26054
33553,7.53228
33554,10.7858
33555,10.8731
33556,12.4795
33557,6.66514
33558,8.10573
33559,9.81538
33560,11.0024
33561,11.0988
33562,7.25604
33563,8.51377
33564,9.45289
33565,14.4658
33566,10.4837
33567,7.07861
33568,15.2584
33569,9.32401
33570,9.94916
33571,11.2925
33572,13.7404
33573,8.23431
33574,10.4706
33575,11.8805
33576,9.25351
33577,10.4637
33578,6.67734
33579,11.8039
33580,11.3366
33581,11.4055
33582,13.4576
33583,9.50414
33584,8.56387
33585,9.58893
33586,12.0782
33587,8.56088
33588,10.5693
33589,10.7398
33590,8.19009
33591,8.72948
33592,10.0945
33593,5.56035
33594,10.581
33595,8.95161
33596,10.4675
33597,11.0414
33598,11.2167
33599,7.45797
33600,7.77898
33601,12.8346
33602,11.8586
33603,8.72729
33604,9.02548
33605,9.25986
33606,9.27533
33607,9.6268
33608,9.83047
33609,10.2241
33610,10.2325
33611,10.2829
33612,12.7284
33613,10.7684
33614,11.9939
33615,11.2734
33616,9.38591
33617,10.4005
33618,12.2019
33619,7.91913
33620,11.8944
33621,9.82645
33622,13.2292
33623,10.3703
33624,8.57568
33625,10.8513
33626,11.8969
33627,6.09545
33628,8.05881
33629,13.1988
33630,7.47412
33631,6.98302
33632,9.6909
33633,8.91238
33634,9.1346
33635,8.76154
33636,9.8208
33637,8.91184
33638,13.9234
33639,10.0107
33640,7.87811
33641,12.2371
33642,12.2456
33643,8.38751
33644,12.5016
33645,11.9815
33646,6.00397
33647,6.4611
33648,6.52047
33649,9.66246
33650,9.94984
33651,8.51268
33652,11.5891
33653,9.90586
33654,10.0738
33655,9.75371
33656,7.31761
33657,12.4912
33658,10.2226
33659,9.1761
33660,6.83351
33661,10.5141
33662,11.3731
33663,11.8381
33664,6.55181
33665,10.6148
33666,9.21739
33667,9.56476
33668,10.6688
33669,12.0601
33670,9.27108
33671,12.3071
33672,10.5764
33673,12.8792
33674,9.12538
33675,6.58463
33676,10.932
33677,5.93291
33678,6.05779
33679,11.0222
33680,13.2021
33681,10.431
33682,9.64292
33683,13.8011
33684,12.8095
33685,8.85923
33686,9.3929
33687,11.9774
33688,12.605
33689,11.8841
33690,10.3413
33691,11.3675
33692,11.506
33693,6.75119
33694,11.041
33695,11.7754
33696,10.4185
33697,8.46559
33698,13.1771
33699,9.2744
33700,10.2828
33701,9.6301
33702,7.79508
33703,11.3641
33704,6.99943
33705,6.6919
33706,6.89816
33707,10.3936
33708,8.46451
33709,13.7019
33710,8.91192
33711,9.97327
33712,9.10896
33713,10.3999
33714,11.5827
33715,8.38666
33716,11.3951
33717,11.6749
33718,11.5559
33719,6.58412
33720,13.754
33721,12.7975
33722,8.47855
33723,8.56607
33724,8.5745
33725,9.67806
33726,9.87254
33727,9.95697
33728,9.23205
33729,11.7715
33730,10.8579
33731,11.9447
33732,13.143
33733,12.3687
33734,10.8457
33735,7.10165
33736,7.24526
33737,12.3383
33738,9.99944
33739,13.3014
33740,11.4925
33741,7.76441
33742,8.36161
33743,10.7544
33744,8.87245
33745,17.0485
33746,8.1799
33747,8.32324
33748,8.0791
33749,9.91729
33750,9.05641
33751,9.84006
33752,9.84469
33753,12.1217
33754,10.3081
33755,10.9316
33756,12.6511
33757,8.91255
33758,7.03815
33759,8.75023
33760,9.80088
33761,11.1281
33762,8.36422
33763,9.64233
33764,8.80286
33765,9.98687
33766,11.4929
33767,11.7521
33768,9.31197
33769,7.94055
33770,9.01945
33771,8.29511
33772,9.3796
33773,8.68021
33774,8.7826
33775,11.028
33776,10.826
33777,13.197
33778,13.2068
33779,10.2532
33780,6.34295
33781,8.53873
33782,9.95486
33783,10.7454
33784,12.2992
33785,8.64919
33786,13.4767
33787,7.49053
33788,8.07564
33789,9.44887
33790,8.08911
33791,9.38176
33792,8.62688
33793,9.16475
33794,8.19868
33795,8.49808
33796,9.53347
33797,11.7594
33798,9.8716
33799,11.3563
33800,9.69689
33801,11.9146
33802,11.1032
33803,11.1501
33804,11.7558
33805,11.9698
33806,9.62125
33807,13.3361
33808,9.00371
33809,11.2451
33810,9.7981
33811,9.80653
33812,7.96052
33813,10.1362
33814,12.3601
33815,8.49628
33816,7.42604
33817,8.47925
33818,12.0352
33819,9.43133
33820,13.0315
33821,9.49253
33822,10.6844
33823,10.8468
33824,9.62777
33825,8.32909
33826,14.4615
33827,12.0233
33828,10.3259
33829,8.85526
33830,6.54468
33831,9.03942
33832,11.4559
33833,11.2689
33834,12.6161
33835,12.8573
33836,11.1986
33837,10.7197
33838,8.37968
33839,8.57088
33840,8.68258
33841,7.36769
33842,10.3119
33843,8.75154
33844,7.57085
33845,11.6989
33846,7.86464
33847,11.4497
33848,8.7906
33849,8.9712
33850,12.7084
33851,6.9878
33852,8.22669
33853,11.3154
33854,10.6169
33855,13.6253
33856,14.1519
33857,10.4745
33858,10.5737
33859,7.79958
33860,10.0427
33861,8.27815
33862,11.3149
33863,8.49922
33864,15.68
33865,8.79952
33866,9.21557
33867,12.4198
33868,8.83535
33869,11.0293
33870,9.8012
33871,11.9945
33872,9.00294
33873,8.40008
33874,16.5178
33875,14.0059
33876,8.47225
33877,12.8768
33878,9.30424
33879,13.3997
33880,8.0678
33881,10.1129
33882,8.13767
33883,9.22461
33884,10.278
33885,7.75747
33886,9.07551
33887,9.30744
33888,9.83197
33889,8.9164
33890,10.1544
33891,12.3458
33892,9.65829
33893,9.79872
33894,11.9826
33895,11.4371
33896,14.0891
33897,8.36574
33898,8.0862
33899,9.09805
33900,17.5642
33901,7.77368
33902,10.4285
33903,6.49911
33904,9.29037
33905,7.50904
33906,9.91779
33907,7.05853
33908,14.0787
33909,10.265
33910,8.52786
33911,11.0116
33912,8.02001
33913,11.0732
33914,8.49091
33915,8.65953
33916,8.78881
33917,9.21526
33918,12.4722
33919,9.48063
33920,6.55508
33921,10.5442
33922,10.6475
33923,8.83425
33924,9.03234
33925,9.81689
33926,12.2138
33927,11.3252
33928,7.70904
33929,10.9242
33930,13.0113
33931,10.9828
33932,13.3648
33933,5.64904
33934,10.2658
33935,8.02432
33936,15.0936
33937,8.24355
33938,7.45662
33939,9.46505
33940,10.4853
33941,7.0972
33942,9.80177
33943,11.9255
33944,10.1596
33945,8.90708
33946,8.29195
33947,9.40247
33948,8.70498
33949,8.71341
33950,9.06882
33951,10.0937
33952,5.91882
33953,11.9887
33954,12.4157
33955,8.82672
33956,8.17802
33957,6.41996
33958,9.48221
33959,10.7229
33960,10.7606
33961,8.40863
33962,5.94078
33963,9.54605
33964,7.69137
33965,7.7661
33966,10.1315
33967,12.6034
33968,11.1173
33969,14.1716
33970,14.2622
33971,9.38157
33972,9.81536
33973,8.49675
33974,11.6116
33975,10.1212
33976,11.7568
33977,11.3341
33978,10.4377
33979,10.9337
33980,6.94213
33981,7.98517
33982,12.3971
33983,7.79943
33984,9.08019
33985,10.1229
33986,8.54423
33987,10.7424
33988,10.8136
33989,10.2953
33990,12.2741
33991,12.2825
33992,13.5883
33993,8.69369
33994,11.0125
33995,15.6427
33996,14.4832
33997,10.5752
33998,9.76363
33999,11.2334
34000,8.57675
34001,8.97706
34002,13.9045
34003,12.9463
34004,9.64742
34005,11.9183
34006,9.48418
34007,8.63201
34008,9.73442
34009,10.7687
34010,12.8716
34011,9.22587
34012,10.3535
34013,10.6238
34014,8.13284
34015,8.16529
34016,8.49773
34017,11.7152
34018,7.97792
34019,8.34949
34020,9.31573
34021,7.43607
34022,8.19291
34023,9.23723
34024,12.9541
34025,13.0065
34026,11.6931
34027,15.261
34028,6.15186
34029,8.9787
34030,9.60557
34031,9.73111
34032,8.84452
34033,10.1989
34034,9.5233
34035,6.76192
34036,10.7684
34037,12.3815
34038,10.5546
34039,8.88241
34040,9.72282
34041,10.015
34042,10.9716
34043,8.23163
34044,9.10072
34045,9.51007
34046,7.93004
34047,8.27879
34048,9.38029
34049,8.07064
34050,9.93401
34051,9.05312
34052,14.47
34053,12.1058
34054,8.12949
34055,9.20616
34056,13.5298
34057,8.54528
34058,7.66157
34059,9.68064
34060,8.77501
34061,10.3294
34062,9.6928
34063,9.6037
34064,9.79342
34065,10.8024
34066,12.5805
34067,8.59305
34068,11.0418
34069,11.5171
34070,9.72684
34071,13.8666
34072,10.8751
34073,10.3721
34074,11.7879
34075,14.3817
34076,16.1692
34077,12.7089
34078,13.7523
34079,9.33421
34080,7.53041
34081,14.409
34082,10.7842
34083,7.04663
34084,11.1275
34085,11.3317
34086,12.5065
34087,8.87128
34088,8.98786
34089,10.4943
34090,6.54164
34091,7.62397
34092,12.7482
34093,9.80008
34094,7.92482
34095,10.5077
34096,7.51611
34097,8.92826
34098,8.65858
34099,11.5489
34100,8.60214
34101,11.9593
34102,9.13583
34103,10.693
34104,9.86877
34105,11.622
34106,8.56197
34107,9.92069
34108,11.9291
34109,13.2895
34110,12.3421
34111,9.7052
34112,11.9484
34113,11.261
34114,9.67212
34115,9.90271
34116,9.28599
34117,10.5629
34118,8.46204
34119,10.4705
34120,14.6303
34121,8.68399
34122,13.4255
34123,11.9786
34124,7.48878
34125,9.05476
34126,7.55211
34127,9.32631
34128,7.49622
34129,16.5923
34130,10.2187
34131,11.563
34132,7.46042
34133,6.52413
34134,9.28704
34135,12.0281
34136,10.3565
34137,9.02432
34138,9.32519
34139,10.423
34140,10.8181
34141,9.3738
34142,13.5275
34143,13.6023
34144,7.80712
34145,9.11225
34146,10.5179
34147,14.7849
34148,8.90794
34149,8.20538
34150,13.5535
34151,10.8388
34152,9.88211
34153,4.601
34154,8.00616
34155,9.12954
34156,9.47881
34157,8.63969
34158,8.03131
34159,8.28109
34160,12.0673
34161,8.12824
34162,9.22257
34163,10.883
34164,8.96631
34165,9.11142
34166,9.95071
34167,11.1842
34168,11.2144
34169,11.7473
34170,13.1384
34171,10.7948
34172,14.3847
34173,9.90651
34174,10.2673
34175,7.71166
34176,10.9301
34177,13.0156
34178,11.4395
34179,10.5403
34180,8.82612
34181,8.46832
34182,8.57056
34183,8.94425
34184,9.68645
34185,10.4607
34186,10.5915
34187,11.1715
34188,10.3731
34189,9.99555
34190,10.3485
34191,8.41027
34192,14.1134
34193,12.2483
34194,7.52477
34195,7.26333
34196,7.51354
34197,12.5946
34198,14.7667
34199,9.11212
34200,9.81467
34201,6.94822
34202,10.0598
34203,14.4035
34204,8.82923
34205,9.19783
34206,9.70203
34207,10.3905
34208,9.9587
34209,7.89575
34210,12.2512
34211,13.4695
34212,6.63988
34213,11.6978
34214,10.796
34215,10.1686
34216,7.92008
34217,11.2689
34218,9.86466
34219,12.2544
34220,14.5352
34221,8.51389
34222,11.784
34223,13.0791
34224,9.93382
34225,9.70806
34226,11.2802
34227,11.3959
34228,10.4059
34229,11.4681
34230,11.5763
34231,12.316
34232,7.78587
34233,10.3237
34234,13.3615
34235,6.05066
34236,9.34211
34237,9.49989
34238,9.95267
34239,8.12542
34240,8.73501
34241,9.14105
34242,9.91132
34243,10.5768
34244,6.80697
34245,8.82125
34246,8.86968
34247,9.33753
34248,9.58817
34249,8.045
34250,10.9539
34251,10.4374
34252,10.5504
34253,8.64802
34254,8.78033
34255,12.7888
34256,9.19944
34257,8.71975
34258,9.06581
34259,11.5578
34260,7.73301
34261,8.7882
34262,9.10804
34263,8.89141
34264,9.10262
34265,9.16019
34266,12.2489
34267,8.67323
34268,11.2279
34269,12.9213
34270,7.68778
34271,11.9704
34272,9.56404
34273,9.90396
34274,10.5438
34275,8.31899
34276,10.5453
34277,11.6417
34278,11.7075
34279,10.33
34280,10.035
34281,8.39577
34282,9.04756
34283,9.98894
34284,9.05303
34285,9.79756
34286,8.45288
34287,9.91923
34288,7.28538
34289,13.3229
34290,8.39684
34291,9.10674
34292,9.73937
34293,6.87678
34294,11.355
34295,13.3897
34296,9.16719
34297,11.6511
34298,10.6542
34299,8.95131
34300,9.22078
34301,8.29107
34302,9.53941
34303,9.63679
34304,11.1593
34305,11.3488
34306,8.11286
34307,12.3216
34308,12.59
34309,6.65384
34310,8.97777
34311,7.39022
34312,9.59101
34313,9.63134
34314,14.8869
34315,10.7674
34316,11.1783
34317,8.54211
34318,6.683
34319,8.82986
34320,11.9464
34321,10.4332
34322,10.8956
34323,12.5687
34324,9.66124
34325,7.95538
34326,11.9638
34327,7.30448
34328,13.6681
34329,8.98929
34330,9.29259
34331,9.90717
34332,12.2631
34333,11.5216
34334,13.105
34335,12.184
34336,10.3535
34337,10.4097
34338,9.46734
34339,7.22518
34340,10.2795
34341,7.60166
34342,14.4905
34343,8.77576
34344,9.86298
34345,8.95966
34346,8.96809
34347,10.6848
34348,9.79153
34349,9.25763
34350,13.4843
34351,8.17041
34352,9.59883
34353,10.3613
34354,10.4893
34355,7.62788
34356,6.64425
34357,11.4341
34358,11.4606
34359,9.90413
34360,6.91256
34361,10.2247
34362,10.2432
34363,8.62556
34364,8.36556
34365,14.4853
34366,9.71016
34367,7.16959
34368,9.17404
34369,7.50644
34370,7.86364
34371,10.0165
34372,11.0411
34373,8.28085
34374,8.92838
34375,8.95685
34376,10.2683
34377,7.34624
34378,13.2552
34379,9.56534
34380,10.7364
34381,10.8586
34382,9.06776
34383,13.5449
34384,11.641
34385,8.38267
34386,12.4393
34387,7.48327
34388,13.8079
34389,9.93158
34390,7.13907
34391,12.3962
34392,10.4769
34393,6.66373
34394,6.96412
34395,15.0683
34396,9.36629
34397,10.2853
34398,10.8243
34399,13.0917
34400,8.11369
34401,9.01339
34402,9.05878
34403,9.52303
34404,10.9031
34405,10.9147
34406,7.88654
34407,10.3788
34408,9.80482
34409,10.5176
34410,12.0254
34411,9.52436
34412,10.4639
34413,12.5764
34414,8.01757
34415,10.8644
34416,9.10612
34417,11.6642
34418,10.6341
34419,12.824
34420,11.4503
34421,15.8742
34422,8.05498
34423,9.6136
34424,9.24255
34425,9.3125
34426,7.49522
34427,9.4418
34428,10.8266
34429,8.98824
34430,9.50089
34431,8.69037
34432,10.76
34433,11.9013
34434,12.1324
34435,8.55845
34436,8.71583
34437,13.1696
34438,9.48834
34439,14.1953
34440,12.4337
34441,9.48869
34442,6.79558
34443,8.77484
34444,13.0793
34445,7.41903
34446,9.73425
34447,10.0589
34448,13.1223
34449,10.1894
34450,7.4911
34451,13.8884
34452,8.14025
34453,10.5893
34454,10.7483
34455,9.62309
34456,12.3894
34457,7.41823
34458,12.4751
34459,11.2694
34460,13.4853
34461,10.195
34462,8.37488
34463,10.7457
34464,6.29447
34465,8.95901
34466,11.7042
34467,9.38757
34468,7.78174
34469,10.8257
34470,8.99365
34471,9.0119
34472,8.21257
34473,10.2637
34474,6.47879
34475,8.8667
34476,9.36256
34477,9.67192
34478,9.68035
34479,10.0174
34480,8.05593
34481,10.1085
34482,11.2775
34483,11.3246
34484,8.59827
34485,8.7847
34486,8.50953
34487,12.7972
34488,9.84822
34489,10.1314
34490,8.27065
34491,11.3651
34492,10.7913
34493,11.8617
34494,10.5183
34495,12.0005
34496,8.16226
34497,10.3592
34498,14.383
34499,10.9103
34500,9.00251
34501,14.8902
34502,10.9155
34503,11.7375
34504,8.38657
34505,6.91323
34506,7.28231
34507,11.1919
34508,10.5269
34509,9.56373
34510,8.62363
34511,9.73457
34512,9.86222
34513,10.4857
34514,13.3204
34515,9.60772
34516,9.91795
34517,10.0919
34518,14.5332
34519,10.7338
34520,10.7435
34521,8.1719
34522,10.3671
34523,8.44769
34524,12.61
34525,8.09801
34526,10.1552
34527,14.4033
34528,6.48076
34529,10.5133
34530,9.9748
34531,9.1986
34532,14.4552
34533,7.60194
34534,8.53307
34535,8.592
34536,11.8552
34537,9.06639
34538,10.7306
34539,8.5097
34540,10.63
34541,8.36721
34542,11.4266
34543,12.8824
34544,13.1643
34545,8.55019
34546,7.65724
34547,7.77972
34548,7.08572
34549,7.12652
34550,9.41205
34551,9.51988
34552,9.85053
34553,10.3849
34554,9.60484
34555,10.7889
34556,9.89121
34557,6.2499
34558,11.5648
34559,7.56007
34560,6.0114
34561,10.2219
34562,9.14087
34563,9.51678
34564,6.65288
34565,7.79814
34566,9.36017
34567,11.3869
34568,16.5459
34569,6.58657
34570,11.6299
34571,11.6568
34572,7.57605
34573,10.6008
34574,9.63986
34575,8.22372
34576,10.2752
34577,9.06548
34578,6.26814
34579,9.41628
34580,11.5162
34581,13.7371
34582,7.91806
34583,12.9335
34584,9.3689
34585,13.4903
34586,10.0454
34587,11.0539
34588,12.1306
34589,10.4621
34590,12.1576
34591,17.2653
34592,8.54925
34593,12.5907
34594,10.6726
34595,8.68107
34596,10.7112
34597,8.90234
34598,11.1138
34599,11.4964
34600,14.8468
34601,9.87657
34602,5.94035
34603,10.7398
34604,11.7172
34605,9.42188
34606,16.8197
34607,8.48821
34608,11.0257
34609,9.78338
34610,8.83435
34611,7.37903
34612,7.72698
34613,8.49237
34614,9.03285
34615,9.41395
34616,11.6588
34617,8.85925
34618,12.0372
34619,9.19358
34620,9.98239
34621,14.2402
34622,7.42816
34623,10.5609
34624,7.99434
34625,11.4737
34626,12.525
34627,10.2028
34628,10.7123
34629,10.7763
34630,11.8377
34631,10.9583
34632,11.1161
34633,8.6
34634,9.5164
34635,8.65109
34636,11.3115
34637,11.2502
34638,8.89535
34639,11.9761
34640,11.0366
34641,11.2477
34642,8.99841
34643,8.03217
34644,10.5958
34645,9.76682
34646,11.4866
34647,7.94444
34648,8.87736
34649,9.83506
34650,12.1837
34651,8.36885
34652,10.688
34653,10.8206
34654,9.23498
34655,7.46714
34656,10.5277
34657,10.5796
34658,10.6239
34659,12.6039
34660,10.4239
34661,10.1617
34662,7.56299
34663,8.77499
34664,10.7303
34665,12.4584
34666,9.54167
34667,9.56558
34668,11.629
34669,11.2681
34670,10.4489
34671,10.8181
34672,11.3006
34673,11.387
34674,12.1655
34675,12.6178
34676,8.63606
34677,10.0977
34678,11.87
34679,16.9282
34680,5.18022
34681,6.93754
34682,10.491
34683,17.8613
34684,8.24421
34685,8.26988
34686,10.641
34687,9.9243
34688,11.4339
34689,7.06878
34690,7.70726
34691,8.87503
34692,10.1286
34693,14.8426
34694,7.04227
34695,14.1725
34696,10.8865
34697,13.3295
34698,14.5051
34699,12.59
34700,10.8203
34701,7.73732
34702,9.97695
34703,10.1256
34704,9.17956
34705,11.7915
34706,9.9822
34707,10.4039
34708,8.88467
34709,9.79683
34710,12.1372
34711,10.4326
34712,10.7811
34713,6.91163
34714,11.9185
34715,8.23311
34716,12.7086
34717,8.71702
34718,8.00597
34719,9.06499
34720,9.32214
34721,10.0019
34722,11.8865
34723,7.14448
34724,13.3311
34725,9.82771
34726,9.22832
34727,10.491
34728,11.2228
34729,9.62637
34730,13.1273
34731,9.71037
34732,13.9179
34733,9.25702
34734,6.52766
34735,13.7173
34736,7.9953
34737,7.88053
34738,12.8809
34739,9.0086
34740,8.91753
34741,7.44131
34742,7.69174
34743,10.6786
34744,8.18187
34745,11.8022
34746,10.2585
34747,11.0066
34748,8.08467
34749,8.10705
34750,13.1267
34751,10.5607
34752,6.65352
34753,9.05695
34754,12.5321
34755,7.80623
34756,6.0873
34757,9.6224
34758,11.1149
34759,10.2157
34760,11.3147
34761,11.5383
34762,12.1096
34763,7.34333
34764,10.8664
34765,11.2663
34766,11.8256
34767,8.87447
34768,11.1472
34769,9.41672
34770,10.5745
34771,14.8512
34772,9.0048
34773,7.14998
34774,7.56064
34775,10.1946
34776,12.9443
34777,10.8491
34778,10.9065
34779,10.9585
34780,10.0217
34781,7.74329
34782,10.226
34783,9.7493
34784,13.3069
34785,9.35998
34786,9.94583
34787,9.24452
34788,11.1211
34789,9.57941
34790,7.74744
34791,9.7674
34792,9.96854
34793,10.1844
34794,9.87749
34795,10.1443
34796,8.18466
34797,8.22673
34798,10.6053
34799,5.91723
34800,10.9428
34801,7.51996
34802,8.7073
34803,8.60611
34804,11.0124
34805,9.30231
34806,8.15391
34807,8.08797
34808,12.0687
34809,14.0845
34810,11.1369
34811,12.3543
34812,10.6659
34813,10.377
34814,10.8711
34815,10.9424
34816,8.11028
34817,9.35571
34818,13.9545
34819,10.2845
34820,9.29783
34821,7.31836
34822,9.79059
34823,10.8638
34824,9.89856
34825,7.02192
34826,17.0674
34827,10.2252
34828,8.23578
34829,15.7697
34830,10.7781
34831,11.3249
34832,12.4466
34833,5.66283
34834,9.19333
34835,9.34602
34836,11.4965
34837,9.50495
34838,9.86673
34839,7.63813
34840,10.6717
34841,12.208
34842,8.34922
34843,8.6618
34844,8.67023
34845,9.16215
34846,9.79284
34847,11.1436
34848,11.4245
34849,12.9457
34850,7.95737
34851,8.78604
34852,14.0768
34853,8.45641
34854,11.2154
34855,9.2506
34856,7.55045
34857,9.1097
34858,8.43903
34859,8.73309
34860,9.92342
34861,11.0362
34862,11.0749
34863,10.8169
34864,11.0936
34865,8.93735
34866,13.423
34867,14.417
34868,15.4312
34869,10.7455
34870,7.75391
34871,15.0303
34872,15.9938
34873,12.0503
34874,6.11595
34875,8.23136
34876,8.54378
34877,8.79966
34878,10.933
34879,9.56914
34880,9.86725
34881,16.0471
34882,12.6714
34883,10.1808
34884,7.1819
34885,7.60937
34886,11.7454
34887,10.2992
34888,8.59733
34889,10.5606
34890,9.75334
34891,12.1083
34892,7.24824
34893,7.26714
34894,10.7609
34895,15.0946
34896,12.6861
34897,10.8802
34898,11.4176
34899,7.69079
34900,8.02372
34901,10.6829
34902,9.02196
34903,11.0671
34904,9.59842
34905,10.6781
34906,5.7684
34907,10.5244
34908,12.4459
34909,13.1105
34910,12.8129
34911,7.47187
34912,6.52901
34913,9.03138
34914,4.04837
34915,10.2898
34916,5.46392
34917,10.7852
34918,15.1896
34919,7.01325
34920,12.2232
34921,9.71065
34922,10.7507
34923,8.008
34924,11.4216
34925,8.44322
34926,10.5408
34927,5.71907
34928,8.8307
34929,9.7938
34930,12.0192
34931,7.09964
34932,6.48806
34933,11.4956
34934,9.01334
34935,7.0749
34936,9.37731
34937,12.9396
34938,10.3459
34939,9.35829
34940,13.6168
34941,11.1818
34942,11.6282
34943,10.7303
34944,8.41224
34945,11.7218
34946,11.1525
34947,10.5561
34948,10.6274
34949,14.5975
34950,6.00825
34951,11.1307
34952,9.69539
34953,11.8876
34954,9.98405
34955,12.3059
34956,7.58964
34957,12.9667
34958,8.1319
34959,13.3512
34960,8.45109
34961,9.96915
34962,10.42
34963,9.72808
34964,10.2809
34965,12.2299
34966,14.3514
34967,10.5262
34968,8.88533
34969,10.0639
34970,10.4013
34971,14.2886
34972,7.42501
34973,9.62516
34974,11.1868
34975,10.2601
34976,8.59837
34977,12.7121
34978,9.57199
34979,9.60257
34980,8.92055
34981,12.1336
34982,10.7033
34983,19.061
34984,10.1199
34985,11.2317
34986,8.5928
34987,12.9871
34988,9.12165
34989,11.0945
34990,8.92312
34991,8.30625
34992,8.54902
34993,13.743
34994,10.7581
34995,9.12545
34996,12.8149
34997,11.0724
34998,13.1386
34999,10.1796
35000,9.50738
35001,9.74633
35002,13.0544
35003,12.0661
35004,12.7374
35005,8.62876
35006,13.8656
35007,10.9954
35008,13.2505
35009,9.82875
35010,8.37294
35011,12.3281
35012,7.69179
35013,7.32529
35014,9.03881
35015,10.6343
35016,11.5946
35017,6.80717
35018,12.966
35019,9.02901
35020,10.1357
35021,9.15406
35022,13.0773
35023,11.2217
35024,10.3567
35025,7.2458
35026,11.4279
35027,8.81897
35028,8.85387
35029,12.301
35030,11.5775
35031,8.63264
35032,8.66565
35033,6.88816
35034,9.50708
35035,10.0394
35036,10.2698
35037,10.3749
35038,9.52745
35039,12.271
35040,13.49
35041,10.9104
35042,11.5112
35043,8.70485
35044,10.133
35045,12.0289
35046,10.6073
35047,8.19136
35048,11.657
35049,9.53445
35050,9.54635
35051,10.1959
35052,10.2753
35053,7.65803
35054,13.6487
35055,8.30089
35056,8.86211
35057,15.3317
35058,9.56639
35059,9.63092
35060,10.9935
35061,11.2086
35062,9.39134
35063,10.2672
35064,10.4482
35065,12.676
35066,10.9883
35067,10.2563
35068,13.6838
35069,9.80296
35070,10.0312
35071,9.5602
35072,12.9081
35073,13.2378
35074,14.2477
35075,10.3354
35076,11.4886
35077,12.6078
35078,7.97874
35079,9.15848
35080,7.23782
35081,7.81531
35082,7.98745
35083,8.12086
35084,9.3377
35085,9.20935
35086,8.30414
35087,8.65745
35088,9.73328
35089,9.85636
35090,10.2318
35091,8.69127
35092,9.76585
35093,9.894
35094,10.729
35095,9.92345
35096,7.34507
35097,10.9257
35098,8.44742
35099,8.65648
35100,8.99984
35101,9.20653
35102,11.6454
35103,15.0419
35104,10.0974
35105,8.13506
35106,8.29779
35107,8.30802
35108,12.326
35109,10.6139
35110,11.2618
35111,9.65918
35112,10.1618
35113,12.2951
35114,10.3549
35115,10.6598
35116,11.402
35117,12.4204
35118,12.4351
35119,14.7513
35120,12.9778
35121,13.3609
35122,8.60984
35123,16.0612
35124,8.87113
35125,9.24172
35126,9.30727
35127,11.7604
35128,8.76881
35129,8.29487
35130,12.5478
35131,8.31187
35132,9.5614
35133,10.9425
35134,7.96516
35135,8.05934
35136,11.2417
35137,12.2817
35138,11.4074
35139,11.4439
35140,13.8002
35141,12.8239
35142,10.8324
35143,11.7449
35144,8.78268
35145,10.5257
35146,12.57
35147,11.0645
35148,10.3757
35149,9.66147
35150,8.70001
35151,8.83112
35152,10.9148
35153,15.5028
35154,8.32813
35155,8.04748
35156,14.2988
35157,13.8478
35158,14.9697
35159,9.74562
35160,10.7688
35161,10.9876
35162,8.82762
35163,11.6146
35164,8.95712
35165,9.5089
35166,7.59732
35167,7.91541
35168,15.9949
35169,11.7044
35170,9.0359
35171,6.43408
35172,10.7101
35173,9.77463
35174,13.2943
35175,11.8981
35176,12.1455
35177,12.9318
35178,13.7772
35179,9.84531
35180,14.5885
35181,10.7917
35182,9.09989
35183,7.60524
35184,13.7611
35185,7.59168
35186,12.2183
35187,8.96224
35188,8.21868
35189,10.3483
35190,10.684
35191,9.7943
35192,9.03931
35193,11.8968
35194,6.7663
35195,9.7286
35196,8.25302
35197,6.74284
35198,10.8888
35199,8.49279
35200,15.0504
35201,12.3017
35202,9.35596
35203,11.5429
35204,9.8341
35205,9.84253
35206,9.8678
35207,10.3458
35208,10.8208
35209,7.56457
35210,6.75734
35211,15.9603
35212,9.03483
35213,9.15384
35214,10.2835
35215,10.3582
35216,10.8603
35217,11.0043
35218,8.5421
35219,13.3682
35220,10.5131
35221,8.73696
35222,8.75727
35223,9.14932
35224,10.2461
35225,10.3037
35226,10.3737
35227,10.3632
35228,8.46536
35229,8.19856
35230,9.62035
35231,9.1972
35232,10.8019
35233,12.189
35234,11.329
35235,11.8161
35236,12.134
35237,14.1816
35238,12.196
35239,7.51701
35240,8.52544
35241,12.8591
35242,13.13
35243,13.4479
35244,10.6972
35245,9.349
35246,11.448
35247,12.92
35248,9.97573
35249,8.87349
35250,6.53848
35251,10.4074
35252,9.45753
35253,7.92201
35254,8.02815
35255,8.17836
35256,8.26674
35257,10.7503
35258,12.8112
35259,8.98746
35260,8.26211
35261,8.36807
35262,9.40481
35263,8.60348
35264,9.63171
35265,10.0672
35266,10.7763
35267,11.009
35268,13.0472
35269,11.2828
35270,11.0343
35271,10.7526
35272,13.2715
35273,13.5463
35274,12.8469
35275,8.47713
35276,10.5056
35277,6.73987
35278,7.20088
35279,11.8466
35280,10.954
35281,9.16131
35282,11.1697
35283,9.26728
35284,7.54524
35285,9.71915
35286,12.8397
35287,9.99648
35288,10.2053
35289,10.3456
35290,11.7606
35291,12.638
35292,6.40006
35293,6.95785
35294,6.11156
35295,14.163
35296,10.445
35297,12.5258
35298,7.12552
35299,8.53691
35300,10.5453
35301,9.59292
35302,10.9067
35303,8.85828
35304,10.976
35305,8.53951
35306,10.1734
35307,9.03369
35308,13.7556
35309,14.1528
35310,7.82738
35311,12.0314
35312,9.24373
35313,10.1575
35314,10.0063
35315,9.29737
35316,10.5004
35317,7.63452
35318,11.7775
35319,13.8684
35320,12.0347
35321,8.50499
35322,8.31005
35323,8.63535
35324,14.7246
35325,8.15529
35326,13.2582
35327,13.9806
35328,8.22288
35329,8.82051
35330,9.83579
35331,10.2116
35332,10.4391
35333,10.8224
35334,13.8688
35335,8.62217
35336,9.35104
35337,7.67808
35338,14.3623
35339,11.9564
35340,7.22456
35341,9.49929
35342,8.98275
35343,9.43129
35344,8.45127
35345,8.97184
35346,8.98066
35347,8.02504
35348,10.8926
35349,9.71086
35350,12.044
35351,10.5064
35352,10.9579
35353,12.7699
35354,12.7137
35355,8.58617
35356,9.14241
35357,11.9002
35358,9.93534
35359,10.0605
35360,10.935
35361,11.0245
35362,8.13333
35363,6.6993
35364,6.3303
35365,7.14838
35366,11.2432
35367,9.5439
35368,11.5523
35369,8.66011
35370,14.8513
35371,8.26798
35372,12.5842
35373,10.5927
35374,9.98491
35375,10.6642
35376,10.7921
35377,12.3005
35378,13.4807
35379,8.67496
35380,11.6876
35381,11.9204
35382,12.4389
35383,6.54876
35384,7.71907
35385,11.8977
35386,10.9892
35387,11.2591
35388,11.5401
35389,9.4368
35390,7.82179
35391,8.85974
35392,11.9806
35393,8.36097
35394,8.2207
35395,8.26154
35396,9.77778
35397,11.139
35398,11.7062
35399,7.82327
35400,8.16104
35401,16.5765
35402,8.68684
35403,9.15058
35404,10.2721
35405,10.0387
35406,13.1663
35407,11.647
35408,11.9019
35409,12.9294
35410,7.01905
35411,11.0534
35412,9.87327
35413,8.92514
35414,6.87348
35415,8.50599
35416,11.707
35417,8.719
35418,8.43977
35419,12.5302
35420,11.9329
35421,8.97336
35422,8.26999
35423,12.2071
35424,11.8565
35425,10.42
35426,9.50756
35427,9.60648
35428,12.2996
35429,12.4621
35430,13.7648
35431,9.1883
35432,9.51577
35433,12.0732
35434,10.5173
35435,11.1772
35436,10.2214
35437,9.52077
35438,8.44226
35439,7.66609
35440,6.78048
35441,7.15862
35442,8.17708
35443,11.621
35444,11.2112
35445,7.69138
35446,13.1767
35447,13.2606
35448,13.3756
35449,7.95559
35450,9.97097
35451,9.62661
35452,8.75069
35453,7.08151
35454,9.59921
35455,9.80873
35456,10.1934
35457,7.20273
35458,11.2843
35459,8.83833
35460,9.27276
35461,8.31335
35462,9.57455
35463,10.0139
35464,10.2335
35465,9.161
35466,7.21236
35467,9.53407
35468,16.5921
35469,10.1207
35470,8.90285
35471,8.15512
35472,10.5969
35473,10.8626
35474,11.4758
35475,11.4541
35476,12.0095
35477,13.5182
35478,9.01201
35479,9.49355
35480,10.9099
35481,8.34417
35482,10.5617
35483,7.77775
35484,7.38768
35485,9.40595
35486,7.42127
35487,10.2937
35488,10.855
35489,9.14122
35490,11.1745
35491,12.6188
35492,12.6651
35493,11.8105
35494,12.9272
35495,15.3972
35496,10.2697
35497,15.3456
35498,8.4472
35499,11.5113
35500,7.79052
35501,10.388
35502,10.7633
35503,11.7846
35504,7.10148
35505,12.3896
35506,6.46294
35507,8.67283
35508,12.7666
35509,7.98235
35510,8.40164
35511,7.99405
35512,8.94341
35513,9.98573
35514,9.11598
35515,11.125
35516,8.33158
35517,7.61836
35518,8.97643
35519,10.2198
35520,9.27983
35521,11.3959
35522,11.1555
35523,12.4516
35524,11.538
35525,12.3536
35526,8.58368
35527,11.6831
35528,7.82266
35529,9.11425
35530,13.3598
35531,8.86546
35532,7.26277
35533,7.73308
35534,8.80583
35535,10.419
35536,7.28892
35537,9.33311
35538,8.53829
35539,9.57517
35540,11.8252
35541,12.0556
35542,12.064
35543,9.34714
35544,11.4225
35545,10.0751
35546,10.2266
35547,9.34959
35548,15.7688
35549,13.0324
35550,10.3811
35551,13.3975
35552,12.8355
35553,15.3183
35554,7.36767
35555,7.16304
35556,14.3738
35557,11.4353
35558,12.4823
35559,8.49994
35560,7.8395
35561,7.59286
35562,9.89915
35563,12.9169
35564,12.3649
35565,12.5139
35566,12.7747
35567,9.94726
35568,7.13755
35569,13.2884
35570,17.3541
35571,13.3661
35572,10.6052
35573,10.6136
35574,8.28408
35575,11.4906
35576,8.83946
35577,12.0135
35578,7.12634
35579,7.89286
35580,10.9541
35581,10.6608
35582,13.4531
35583,6.80708
35584,10.8731
35585,8.64015
35586,9.89406
35587,8.96572
35588,12.0232
35589,9.30363
35590,10.2962
35591,10.3397
35592,9.53198
35593,10.5404
35594,10.7766
35595,12.461
35596,7.67744
35597,10.4076
35598,10.3662
35599,7.49089
35600,8.47596
35601,9.14225
35602,8.85364
35603,8.1042
35604,8.13089
35605,11.2379
35606,8.4834
35607,8.66053
35608,5.87177
35609,9.92154
35610,10.0967
35611,6.10514
35612,13.7584
35613,12.5065
35614,12.6638
35615,10.2028
35616,14.3185
35617,9.32268
35618,9.74351
35619,8.35305
35620,13.9368
35621,11.8544
35622,10.1726
35623,12.3733
35624,11.3817
35625,7.9954
35626,5.73453
35627,11.8704
35628,18.661
35629,7.37216
35630,7.38235
35631,9.41261
35632,12.225
35633,6.47264
35634,7.58101
35635,9.95165
35636,7.21265
35637,10.6762
35638,8.32216
35639,8.47303
35640,11.5273
35641,11.7912
35642,7.96559
35643,7.98061
35644,8.2027
35645,10.2284
35646,13.6869
35647,9.85379
35648,13.7104
35649,11.2513
35650,8.31462
35651,9.80335
35652,10.258
35653,8.76094
35654,11.944
35655,9.02524
35656,8.26016
35657,11.3613
35658,8.38055
35659,11.9595
35660,12.5221
35661,11.0095
35662,10.1314
35663,14.3189
35664,11.6674
35665,11.7417
35666,7.15794
35667,10.4644
35668,8.80133
35669,10.6183
35670,9.64323
35671,9.87349
35672,11.2948
35673,10.626
35674,10.7341
35675,12.1013
35676,17.6708
35677,13.2316
35678,8.65163
35679,10.7067
35680,8.30287
35681,10.5469
35682,10.8682
35683,10.9321
35684,9.62212
35685,10.1547
35686,12.6273
35687,13.7068
35688,8.53822
35689,7.83434
35690,6.67932
35691,13.1019
35692,10.3735
35693,11.2392
35694,7.93984
35695,9.90209
35696,9.6079
35697,9.37046
35698,12.6414
35699,6.92221
35700,12.7573
35701,13.8996
35702,7.6173
35703,7.89562
35704,8.6871
35705,9.70524
35706,10.3024
35707,9.91522
35708,12.0637
35709,8.00451
35710,8.01294
35711,8.07187
35712,8.64225
35713,13.8074
35714,9.30516
35715,14.328
35716,9.82387
35717,12.2908
35718,7.88372
35719,8.9008
35720,10.9476
35721,9.45636
35722,10.6678
35723,11.0783
35724,8.13927
35725,7.57484
35726,7.63178
35727,10.7959
35728,11.9818
35729,12.8265
35730,9.04381
35731,11.0522
35732,10.251
35733,7.09704
35734,10.1055
35735,8.13392
35736,9.36925
35737,7.83115
35738,12.1375
35739,9.15259
35740,10.4581
35741,10.8823
35742,8.99447
35743,9.0029
35744,10.4395
35745,14.1784
35746,11.3326
35747,8.88466
35748,9.09229
35749,8.91274
35750,13.3701
35751,9.66269
35752,10.0908
35753,10.1457
35754,13.285
35755,9.08521
35756,8.77255
35757,6.12068
35758,10.2121
35759,10.9556
35760,9.56896
35761,11.8067
35762,9.80026
35763,10.1058
35764,9.01913
35765,14.588
35766,9.94433
35767,10.3017
35768,7.50039
35769,8.2401
35770,9.06014
35771,11.2083
35772,8.41628
35773,10.2561
35774,10.857
35775,12.2671
35776,11.3158
35777,7.40979
35778,8.45785
35779,7.21481
35780,6.64291
35781,12.4902
35782,11.7482
35783,6.75676
35784,7.97349
35785,9.07118
35786,12.2649
35787,12.3915
35788,7.45781
35789,7.91727
35790,8.04736
35791,14.348
35792,8.89324
35793,8.90167
35794,9.94871
35795,9.67639
35796,10.7241
35797,10.0701
35798,10.6144
35799,11.6925
35800,8.70464
35801,9.67724
35802,11.8076
35803,12.1382
35804,13.5486
35805,14.2334
35806,10.65
35807,12.9753
35808,8.65232
35809,7.95893
35810,8.32529
35811,9.03753
35812,8.50941
35813,12.9301
35814,10.3798
35815,10.5296
35816,11.1305
35817,12.3531
35818,10.2119
35819,10.8089
35820,9.34907
35821,11.4215
35822,9.39846
35823,10.0976
35824,11.7481
35825,12.9497
35826,11.5883
35827,7.57959
35828,7.08942
35829,13.8268
35830,9.86177
35831,8.64918
35832,9.27315
35833,11.2854
35834,11.562
35835,10.8906
35836,12.1892
35837,9.86243
35838,8.94472
35839,11.4402
35840,11.1683
35841,7.69474
35842,10.08
35843,8.81241
35844,9.128
35845,8.54196
35846,8.96911
35847,11.2569
35848,9.77831
35849,10.1082
35850,10.4273
35851,13.2257
35852,9.96758
35853,9.56738
35854,7.68911
35855,7.92546
35856,10.3645
35857,8.67521
35858,11.3173
35859,10.4198
35860,13.0986
35861,12.3131
35862,10.6897
35863,8.8101
35864,8.06682
35865,6.70179
35866,8.30641
35867,11.6755
35868,10.3658
35869,10.3957
35870,8.61843
35871,7.91422
35872,9.16751
35873,10.4696
35874,10.6364
35875,9.42515
35876,9.60733
35877,9.71866
35878,7.14559
35879,7.24895
35880,10.6566
35881,10.8574
35882,13.0923
35883,9.13436
35884,11.1908
35885,9.43426
35886,11.5212
35887,9.93057
35888,9.61574
35889,11.0359
35890,8.22122
35891,12.0499
35892,12.5225
35893,11.4494
35894,10.4611
35895,11.8115
35896,8.409
35897,13.1613
35898,14.8179
35899,6.86806
35900,8.89319
35901,10.0623
35902,10.4399
35903,10.6745
35904,8.01257
35905,7.09162
35906,7.90959
35907,7.26279
35908,10.6643
35909,10.8022
35910,10.8648
35911,11.2184
35912,9.32502
35913,11.4644
35914,13.9336
35915,10.2449
35916,10.8308
35917,8.12076
35918,9.37084
35919,10.746
35920,10.4065
35921,9.89617
35922,14.3622
35923,11.2041
35924,16.183
35925,7.89729
35926,9.2357
35927,13.2443
35928,9.62188
35929,6.94114
35930,10.8994
35931,11.7835
35932,10.2062
35933,9.60604
35934,12.3267
35935,9.55527
35936,8.23175
35937,10.2249
35938,9.12831
35939,8.10865
35940,9.84466
35941,10.1619
35942,14.6961
35943,11.4668
35944,10.2189
35945,12.2527
35946,12.7487
35947,9.04226
35948,6.89687
35949,7.11065
35950,7.25584
35951,8.94873
35952,8.30898
35953,10.3308
35954,16.4591
35955,13.6026
35956,8.84531
35957,9.8978
35958,10.9218
35959,8.64305
35960,8.35602
35961,11.3379
35962,11.6205
35963,6.23777
35964,7.82784
35965,14.8939
35966,12.8869
35967,13.3799
35968,10.1638
35969,8.67409
35970,8.17669
35971,9.21411
35972,8.82956
35973,11.1931
35974,9.2466
35975,11.9567
35976,11.2063
35977,8.52458
35978,10.7195
35979,8.89957
35980,12.0591
35981,8.75507
35982,9.80247
35983,7.8109
35984,9.45038
35985,9.57999
35986,9.51533
35987,8.82723
35988,8.34713
35989,9.48807
35990,9.50336
35991,11.6713
35992,6.78793
35993,11.0145
35994,9.02421
35995,8.54822
35996,12.1996
35997,11.4414
35998,13.0499
35999,11.2703
36000,9.80895
36001,9.46542
36002,10.1157
36003,11.3278
36004,7.4126
36005,9.89644
36006,8.07314
36007,9.4325
36008,11.0718
36009,11.0378
36010,13.301
36011,9.39508
36012,7.73659
36013,7.96326
36014,8.65873
36015,7.80102
36016,9.32205
36017,9.37269
36018,9.59992
36019,9.78332
36020,10.5786
36021,11.0564
36022,11.302
36023,11.6069
36024,12.7632
36025,8.31321
36026,8.38644
36027,7.80139
36028,8.67516
36029,10.3497
36030,9.50108
36031,8.55423
36032,12.1936
36033,10.5131
36034,9.86715
36035,9.91722
36036,10.0423
36037,10.7781
36038,9.10902
36039,8.52046
36040,8.60874
36041,11.6172
36042,14.824
36043,8.29617
36044,9.79879
36045,9.067
36046,8.15431
36047,13.1971
36048,8.31132
36049,8.32418
36050,9.64638
36051,10.06
36052,11.1835
36053,9.33414
36054,11.426
36055,10.5652
36056,10.6005
36057,9.79608
36058,10.8045
36059,10.8721
36060,11.9684
36061,12.2776
36062,14.4199
36063,13.5044
36064,7.74288
36065,8.89068
36066,14.9182
36067,15.3441
36068,8.22822
36069,11.645
36070,12.7973
36071,9.16058
36072,10.4136
36073,10.8054
36074,12.8193
36075,8.32811
36076,12.499
36077,8.5307
36078,10.6959
36079,9.86258
36080,10.6737
36081,9.67
36082,11.1592
36083,13.641
36084,13.1661
36085,8.16379
36086,8.89493
36087,15.1062
36088,11.5124
36089,9.68475
36090,10.7385
36091,11.0294
36092,13.2538
36093,9.39466
36094,13.6975
36095,10.7182
36096,8.79334
36097,10.2323
36098,9.31228
36099,11.3691
36100,10.5217
36101,9.17733
36102,13.4372
36103,8.44304
36104,10.2229
36105,8.64942
36106,8.96738
36107,11.9317
36108,9.57694
36109,7.82774
36110,9.80886
36111,12.9278
36112,8.95612
36113,8.31679
36114,9.36654
36115,9.79638
36116,10.4616
36117,5.67467
36118,16.7395
36119,9.41966
36120,6.60182
36121,8.99014
36122,7.14044
36123,9.53656
36124,13.2155
36125,7.5613
36126,7.59386
36127,10.737
36128,9.06137
36129,9.66929
36130,9.87774
36131,9.03337
36132,9.68165
36133,11.7933
36134,10.2808
36135,10.8901
36136,10.9661
36137,13.6025
36138,14.1238
36139,13.4183
36140,8.73484
36141,8.98046
36142,6.04625
36143,9.88254
36144,9.79901
36145,9.82192
36146,6.43487
36147,7.71779
36148,6.82423
36149,9.12821
36150,9.77918
36151,8.92519
36152,7.99161
36153,9.26012
36154,10.4371
36155,9.79224
36156,10.8546
36157,10.9703
36158,9.84131
36159,10.9402
36160,6.96207
36161,7.09003
36162,9.42863
36163,12.5284
36164,9.80241
36165,10.0008
36166,12.0163
36167,10.1056
36168,8.68486
36169,9.13827
36170,10.2597
36171,9.84835
36172,10.837
36173,11.5508
36174,14.7932
36175,7.09802
36176,8.57002
36177,8.68564
36178,12.1511
36179,12.5416
36180,7.60715
36181,8.46614
36182,8.54398
36183,14.159
36184,11.4929
36185,11.5711
36186,8.18855
36187,9.09968
36188,7.22797
36189,9.42569
36190,10.391
36191,7.5505
36192,10.9658
36193,8.21045
36194,11.25
36195,13.2757
36196,12.4633
36197,8.25446
36198,13.5262
36199,11.2236
36200,14.4631
36201,9.48438
36202,10.4714
36203,7.52398
36204,10.7962
36205,7.31276
36206,11.848
36207,9.91825
36208,7.01563
36209,9.06496
36210,10.1552
36211,11.986
36212,11.0427
36213,7.48195
36214,8.59992
36215,11.7486
36216,8.91635
36217,9.08132
36218,9.17167
36219,9.28783
36220,7.36019
36221,9.55292
36222,9.75091
36223,9.75934
36224,10.5138
36225,11.6639
36226,9.10265
36227,9.16184
36228,9.24512
36229,11.5139
36230,13.6606
36231,7.81249
36232,11.962
36233,10.1946
36234,10.7124
36235,6.80295
36236,10.8935
36237,13.0115
36238,8.30707
36239,9.41295
36240,9.09259
36241,12.855
36242,13.4007
36243,6.14445
36244,8.01006
36245,8.46195
36246,10.8138
36247,11.4429
36248,13.9147
36249,8.2857
36250,7.46875
36251,8.58794
36252,10.4691
36253,9.59137
36254,7.63739
36255,11.1792
36256,8.63242
36257,10.0903
36258,10.7356
36259,7.80164
36260,7.03135
36261,10.1811
36262,11.9285
36263,5.59664
36264,11.6621
36265,7.34447
36266,13.5495
36267,7.55792
36268,7.66376
36269,8.4395
36270,9.59942
36271,9.24065
36272,9.49208
36273,9.72547
36274,9.97873
36275,10.3811
36276,10.4727
36277,9.76947
36278,14.0027
36279,12.1838
36280,8.35776
36281,10.4431
36282,8.83123
36283,7.8913
36284,13.0728
36285,7.25924
36286,11.4384
36287,9.67346
36288,7.85728
36289,9.17638
36290,11.483
36291,8.49323
36292,11.5208
36293,7.68833
36294,8.69676
36295,7.70519
36296,9.1183
36297,8.51622
36298,7.95078
36299,11.1882
36300,13.9324
36301,11.8043
36302,9.98635
36303,12.5549
36304,7.03734
36305,6.54239
36306,11.8224
36307,10.1406
36308,11.5494
36309,7.56595
36310,8.21518
36311,9.93232
36312,9.94639
36313,8.08789
36314,7.69523
36315,13.9811
36316,9.47065
36317,8.48693
36318,8.08586
36319,15.9743
36320,9.57357
36321,9.17308
36322,11.0665
36323,10.2516
36324,8.52103
36325,6.85527
36326,10.9802
36327,9.97675
36328,11.0819
36329,8.70508
36330,9.99137
36331,11.7472
36332,7.20127
36333,11.3036
36334,12.4837
36335,6.86011
36336,6.60657
36337,8.92995
36338,9.71484
36339,9.03459
36340,12.4668
36341,8.72311
36342,9.45631
36343,7.65897
36344,9.27529
36345,10.5226
36346,9.61403
36347,8.13206
36348,8.6939
36349,5.89731
36350,10.2103
36351,9.92106
36352,10.0435
36353,15.6353
36354,6.83731
36355,9.25371
36356,10.2881
36357,10.7324
36358,9.20404
36359,12.0202
36360,12.686
36361,6.11713
36362,7.29368
36363,6.85126
36364,12.0565
36365,7.12672
36366,8.20213
36367,5.60553
36368,7.30859
36369,13.3428
36370,10.571
36371,12.932
36372,7.28329
36373,9.75205
36374,9.80815
36375,10.0283
36376,10.6834
36377,14.1803
36378,9.57157
36379,14.283
36380,9.2979
36381,8.84431
36382,9.26541
36383,14.8735
36384,8.68158
36385,6.69001
36386,16.1576
36387,6.35064
36388,7.88817
36389,7.91168
36390,12.929
36391,10.0778
36392,13.1797
36393,8.32701
36394,8.55661
36395,6.71844
36396,9.08161
36397,8.68828
36398,8.8808
36399,6.89065
36400,6.93456
36401,10.0627
36402,10.0839
36403,9.32393
36404,9.40679
36405,10.512
36406,10.5575
36407,10.6814
36408,9.88648
36409,9.92557
36410,10.2464
36411,11.8975
36412,10.9121
36413,11.2338
36414,12.55
36415,14.965
36416,6.9904
36417,10.2646
36418,7.57005
36419,8.64826
36420,12.2072
36421,9.30087
36422,8.5334
36423,13.1789
36424,10.5452
36425,8.75091
36426,8.10812
36427,10.3678
36428,6.73341
36429,10.0998
36430,8.10131
36431,11.7455
36432,7.38899
36433,15.5468
36434,8.23513
36435,11.0731
36436,5.77302
36437,12.2428
36438,8.57907
36439,6.82649
36440,7.08336
36441,8.4897
36442,9.01817
36443,7.06514
36444,8.53787
36445,8.08295
36446,8.71633
36447,11.7708
36448,8.90825
36449,8.24847
36450,9.76896
36451,11.2217
36452,11.2601
36453,11.7986
36454,7.90447
36455,9.24004
36456,12.52
36457,11.5461
36458,9.94976
36459,11.6827
36460,10.8677
36461,8.08938
36462,9.07101
36463,9.3677
36464,10.814
36465,9.93557
36466,6.88454
36467,8.15341
36468,11.4923
36469,6.19399
36470,11.2095
36471,12.2868
36472,10.2467
36473,9.86049
36474,7.94186
36475,6.09996
36476,8.2089
36477,10.5754
36478,11.73
36479,9.93757
36480,8.2691
36481,9.5344
36482,11.6312
36483,9.84425
36484,10.0385
36485,12.4335
36486,8.55791
36487,7.71046
36488,11.4924
36489,8.75246
36490,9.96227
36491,10.5025
36492,9.58724
36493,10.8414
36494,7.0335
36495,11.4424
36496,12.4466
36497,9.94537
36498,9.95591
36499,10.0138
36500,11.2732
36501,11.339
36502,7.42312
36503,7.41274
36504,8.02019
36505,11.0562
36506,8.47886
36507,10.1711
36508,8.52559
36509,11.8442
36510,10.2053
36511,7.36526
36512,8.43722
36513,8.08394
36514,15.3515
36515,8.58404
36516,8.75494
36517,10.5474
36518,11.8922
36519,8.05598
36520,12.4085
36521,9.87423
36522,11.5672
36523,12.1551
36524,8.87861
36525,11.3129
36526,6.7284
36527,9.85729
36528,7.24391
36529,8.09298
36530,8.01031
36531,8.09988
36532,8.2158
36533,10.3229
36534,8.66647
36535,11.1975
36536,11.611
36537,9.35274
36538,10.7016
36539,12.1034
36540,11.2782
36541,10.3694
36542,10.2945
36543,9.27702
36544,5.81619
36545,8.5386
36546,8.55628
36547,8.82631
36548,9.08141
36549,9.1487
36550,8.21776
36551,8.2564
36552,10.3338
36553,9.43472
36554,9.64998
36555,10.9329
36556,9.02709
36557,9.52541
36558,10.5537
36559,10.8636
36560,10.4958
36561,9.14386
36562,12.3537
36563,10.8045
36564,8.13582
36565,8.27208
36566,13.5312
36567,9.91297
36568,11.8842
36569,8.7059
36570,11.0243
36571,8.40774
36572,8.89138
36573,11.077
36574,10.7415
36575,13.116
36576,10.3002
36577,11.3924
36578,13.5554
36579,7.64917
36580,8.0994
36581,8.91981
36582,11.2311
36583,8.23949
36584,9.42078
36585,10.6304
36586,11.002
36587,9.37331
36588,6.58694
36589,11.9109
36590,9.44119
36591,9.05739
36592,10.5246
36593,9.93576
36594,10.9784
36595,11.5574
36596,7.49573
36597,9.58669
36598,9.6848
36599,9.82725
36600,9.6138
36601,9.48931
36602,6.53633
36603,10.2626
36604,8.53177
36605,8.68214
36606,9.74431
36607,8.75932
36608,9.03615
36609,9.51632
36610,9.61989
36611,8.50139
36612,10.8762
36613,11.108
36614,9.33223
36615,9.49016
36616,7.79829
36617,10.1027
36618,10.3548
36619,11.6661
36620,8.86475
36621,10.4233
36622,9.43176
36623,8.98358
36624,10.1088
36625,9.54822
36626,10.6343
36627,12.7573
36628,13.0236
36629,10.6542
36630,14.4848
36631,8.15994
36632,8.34459
36633,11.0928
36634,15.1909
36635,9.69575
36636,11.0083
36637,13.1362
36638,10.1729
36639,10.9168
36640,11.7383
36641,8.88875
36642,8.93586
36643,9.38006
36644,13.7601
36645,10.0285
36646,9.20328
36647,10.5285
36648,9.32665
36649,7.4712
36650,8.06081
36651,11.8351
36652,7.98182
36653,8.65331
36654,13.9999
36655,9.96039
36656,9.96882
36657,14.2382
36658,7.97816
36659,8.07626
36660,8.49104
36661,10.5449
36662,8.69184
36663,10.7342
36664,14.1823
36665,9.67961
36666,9.94029
36667,15.2512
36668,11.6797
36669,11.9033
36670,11.965
36671,12.1877
36672,12.2766
36673,8.555
36674,8.99916
36675,8.88118
36676,14.9345
36677,11.389
36678,9.36132
36679,7.65214
36680,10.2866
36681,6.9678
36682,9.97623
36683,11.009
36684,7.46209
36685,9.83647
36686,7.84749
36687,10.1524
36688,10.1562
36689,5.70526
36690,13.3925
36691,10.7517
36692,11.801
36693,7.19874
36694,14.2213
36695,7.53937
36696,10.2081
36697,9.21921
36698,7.38556
36699,8.98008
36700,10.1412
36701,10.7755
36702,10.5595
36703,13.3007
36704,11.349
36705,13.1999
36706,6.40794
36707,9.71049
36708,8.09696
36709,9.02051
36710,10.3114
36711,8.07045
36712,10.6792
36713,13.1991
36714,13.2655
36715,7.35026
36716,11.4342
36717,13.1229
36718,13.539
36719,6.54907
36720,12.3168
36721,8.32749
36722,8.53311
36723,9.71457
36724,9.89945
36725,8.17731
36726,8.33497
36727,7.67382
36728,9.9494
36729,15.2055
36730,9.03747
36731,11.1458
36732,11.3631
36733,11.0021
36734,10.4558
36735,11.7395
36736,12.837
36737,12.8608
36738,7.10508
36739,8.07671
36740,8.13687
36741,9.14348
36742,11.0357
36743,11.0451
36744,8.56934
36745,8.60815
36746,7.78757
36747,10.985
36748,7.43203
36749,13.5372
36750,13.5723
36751,8.75959
36752,13.8006
36753,9.69246
36754,6.41853
36755,7.09473
36756,15.4012
36757,6.66325
36758,13.8353
36759,10.7657
36760,7.43587
36761,9.62014
36762,9.62857
36763,9.92051
36764,10.034
36765,10.351
36766,8.61059
36767,8.63393
36768,8.88675
36769,8.91333
36770,9.04993
36771,10.1904
36772,10.4039
36773,8.32656
36774,8.37242
36775,11.3809
36776,11.5234
36777,8.82508
36778,9.36345
36779,13.0977
36780,10.2817
36781,10.31
36782,10.6115
36783,10.7132
36784,11.09
36785,11.3139
36786,11.5281
36787,11.7979
36788,11.9762
36789,13.0184
36790,6.26609
36791,7.4953
36792,7.75726
36793,10.1379
36794,7.92413
36795,11.5288
36796,11.0721
36797,16.1414
36798,11.3011
36799,11.5518
36800,11.7217
36801,7.73013
36802,8.21317
36803,11.579
36804,10.7945
36805,12.3925
36806,15.1522
36807,8.2491
36808,8.65348
36809,8.73515
36810,8.76007
36811,9.17234
36812,9.49931
36813,9.79548
36814,9.46863
36815,9.47706
36816,9.51168
36817,9.55764
36818,10.5685
36819,13.749
36820,9.43933
36821,11.4973
36822,14.8154
36823,9.08925
36824,12.6394
36825,9.80672
36826,13.3621
36827,11.7158
36828,10.9472
36829,13.9922
36830,7.34846
36831,6.8415
36832,7.84993
36833,10.0999
36834,7.46595
36835,12.8765
36836,11.2843
36837,8.04978
36838,9.2087
36839,11.3497
36840,12.4729
36841,12.8028
36842,10.3271
36843,14.7587
36844,11.5731
36845,12.0779
36846,8.37942
36847,7.57312
36848,10.0674
36849,7.8384
36850,8.18818
36851,8.96651
36852,6.70948
36853,8.88638
36854,10.0798
36855,10.2118
36856,7.66798
36857,10.9028
36858,11.1495
36859,9.32077
36860,10.6589
36861,8.7795
36862,9.27794
36863,9.31053
36864,7.55274
36865,9.29403
36866,10.555
36867,13.8474
36868,9.23785
36869,11.3607
36870,16.6823
36871,9.19125
36872,11.2535
36873,8.37017
36874,8.70192
36875,10.3529
36876,10.3771
36877,9.28802
36878,8.4252
36879,9.62015
36880,10.0368
36881,10.0847
36882,8.76057
36883,6.7753
36884,6.80384
36885,12.1633
36886,11.3554
36887,12.0396
36888,7.52949
36889,8.58277
36890,10.6508
36891,14.9677
36892,11.2131
36893,10.7127
36894,10.9628
36895,7.66939
36896,7.87812
36897,12.9652
36898,8.17415
36899,10.3651
36900,9.37349
36901,9.12619
36902,9.7
36903,12.7285
36904,9.79741
36905,10.555
36906,9.72619
36907,10.881
36908,10.1897
36909,12.2212
36910,8.39935
36911,10.4534
36912,7.46183
36913,13.0505
36914,8.08792
36915,7.42919
36916,7.49872
36917,9.55677
36918,7.86291
36919,11.8736
36920,12.9466
36921,8.07458
36922,14.7699
36923,10.8674
36924,10.7278
36925,9.77349
36926,15.9414
36927,17.2137
36928,8.75605
36929,9.21394
36930,9.65257
36931,10.8206
36932,7.05563
36933,7.78894
36934,11.833
36935,8.81771
36936,8.9979
36937,9.75829
36938,7.01293
36939,8.66451
36940,9.72153
36941,7.90268
36942,9.02849
36943,8.03693
36944,11.1635
36945,7.67076
36946,9.30676
36947,9.51273
36948,12.614
36949,11.6769
36950,10.1647
36951,9.47437
36952,8.88913
36953,7.09975
36954,14.468
36955,8.9115
36956,10.1914
36957,12.5643
36958,13.6634
36959,9.72846
36960,8.95077
36961,10.9718
36962,10.9972
36963,11.0457
36964,10.0627
36965,12.2322
36966,11.2406
36967,15.5302
36968,15.6368
36969,13.0062
36970,11.1723
36971,15.3557
36972,11.6988
36973,10.0664
36974,10.4735
36975,6.83956
36976,7.19494
36977,12.2034
36978,9.16267
36979,12.8944
36980,7.28907
36981,8.45968
36982,11.7611
36983,7.7709
36984,7.12619
36985,8.33763
36986,8.62663
36987,7.67962
36988,10.7244
36989,7.7543
36990,13.414
36991,10.4875
36992,8.61339
36993,11.746
36994,8.15258
36995,8.16101
36996,12.1242
36997,11.0441
36998,11.4518
36999,8.76446
37000,11.219
37001,13.4346
37002,9.71472
37003,9.93358
37004,13.9761
37005,9.17561
37006,8.44873
37007,8.47504
37008,9.64239
37009,7.70495
37010,7.15148
37011,9.76331
37012,12.912
37013,10.0268
37014,10.4228
37015,10.7121
37016,10.7205
37017,6.76212
37018,5.8018
37019,11.4997
37020,7.54524
37021,11.5075
37022,10.6027
37023,7.69047
37024,9.43304
37025,11.5823
37026,11.6885
37027,9.73978
37028,11.4289
37029,6.43737
37030,11.1412
37031,13.7521
37032,7.60336
37033,10.15
37034,10.3122
37035,10.9134
37036,16.121
37037,11.3094
37038,8.02552
37039,10.5309
37040,7.70465
37041,8.7829
37042,11.8085
37043,8.88186
37044,9.61676
37045,12.0897
37046,8.64949
37047,7.44662
37048,11.4722
37049,7.80362
37050,7.09557
37051,15.6593
37052,8.99427
37053,12.1024
37054,9.61837
37055,7.70526
37056,11.8588
37057,11.1126
37058,9.43287
37059,11.4561
37060,11.4661
37061,10.7588
37062,13.6578
37063,9.59651
37064,10.5032
37065,7.76352
37066,12.9189
37067,8.6189
37068,8.8971
37069,8.04614
37070,8.88896
37071,10.0216
37072,7.34854
37073,10.5059
37074,7.0431
37075,7.25728
37076,10.3381
37077,10.571
37078,5.82645
37079,12.4353
37080,13.7525
37081,14.2643
37082,7.27276
37083,11.4387
37084,6.71389
37085,11.1462
37086,9.71901
37087,7.63923
37088,7.35216
37089,10.7192
37090,7.93134
37091,12.0092
37092,11.1098
37093,11.3266
37094,7.45763
37095,10.6614
37096,13.7355
37097,10.0809
37098,16.3687
37099,10.5721
37100,7.83652
37101,7.43627
37102,12.0788
37103,11.107
37104,11.6892
37105,7.34499
37106,9.28749
37107,7.73834
37108,9.56856
37109,10.9394
37110,10.0106
37111,10.3293
37112,8.96537
37113,8.85723
37114,13.1129
37115,9.61075
37116,8.2716
37117,8.4658
37118,11.2019
37119,9.86491
37120,9.9351
37121,9.3005
37122,9.54444
37123,11.7912
37124,7.42905
37125,10.2656
37126,11.1397
37127,11.7946
37128,12.7306
37129,10.6608
37130,8.72081
37131,7.07833
37132,10.6872
37133,10.4115
37134,7.90256
37135,7.28713
37136,7.56092
37137,12.0695
37138,12.4358
37139,12.5357
37140,8.01274
37141,10.1116
37142,7.25506
37143,9.34051
37144,9.73536
37145,6.84031
37146,8.05783
37147,10.2771
37148,7.76205
37149,7.99768
37150,8.33852
37151,8.52407
37152,8.07176
37153,9.26234
37154,12.3291
37155,9.511
37156,10.5845
37157,11.0016
37158,9.23482
37159,11.3955
37160,11.4612
37161,11.6423
37162,7.84537
37163,11.4277
37164,10.9566
37165,11.5657
37166,13.6167
37167,7.73104
37168,10.9212
37169,12.0137
37170,8.30879
37171,8.66603
37172,8.66761
37173,9.44068
37174,10.278
37175,8.01901
37176,7.17637
37177,9.51728
37178,12.8124
37179,10.5922
37180,11.0349
37181,10.367
37182,8.82149
37183,10.2857
37184,9.31778
37185,9.52793
37186,9.96911
37187,7.45578
37188,7.63016
37189,11.734
37190,11.325
37191,8.90705
37192,13.0511
37193,9.4892
37194,9.55214
37195,9.69092
37196,7.87117
37197,10.3324
37198,10.8967
37199,10.9709
37200,11.2154
37201,12.442
37202,7.4672
37203,8.08541
37204,9.09385
37205,8.28584
37206,14.2965
37207,8.57705
37208,9.945
37209,10.5597
37210,9.67833
37211,17.0043
37212,8.76339
37213,13.6126
37214,8.72381
37215,9.2903
37216,9.53658
37217,7.81189
37218,10.9968
37219,10.2773
37220,10.3626
37221,14.4667
37222,12.7023
37223,6.13163
37224,10.8262
37225,13.2801
37226,13.371
37227,10.5048
37228,12.3294
37229,9.04445
37230,9.10839
37231,9.4605
37232,10.0582
37233,8.136
37234,6.74723
37235,8.04232
37236,9.18473
37237,10.4504
37238,7.68781
37239,10.0926
37240,14.5806
37241,8.83291
37242,8.88331
37243,8.01723
37244,8.70532
37245,9.19779
37246,9.62094
37247,9.33728
37248,10.3457
37249,10.4981
37250,10.8947
37251,10.9571
37252,9.56898
37253,10.5774
37254,12.8955
37255,12.0594
37256,12.0903
37257,11.2368
37258,12.3583
37259,12.6495
37260,8.24893
37261,13.1656
37262,14.2384
37263,9.47321
37264,9.29218
37265,8.37711
37266,9.40566
37267,14.4505
37268,10.6356
37269,10.7331
37270,7.78784
37271,7.1033
37272,6.50451
37273,8.78075
37274,12.1587
37275,8.36239
37276,9.44292
37277,8.92755
37278,9.33011
37279,7.63452
37280,7.90202
37281,11.944
37282,7.17605
37283,7.32366
37284,13.3393
37285,9.72096
37286,7.54769
37287,8.49131
37288,6.86456
37289,8.28372
37290,7.56657
37291,6.16509
37292,9.64974
37293,9.86035
37294,9.97038
37295,13.9888
37296,8.52824
37297,8.07972
37298,10.3124
37299,9.48829
37300,10.0563
37301,6.19559
37302,11.5342
37303,9.21768
37304,6.78456
37305,8.36331
37306,8.92079
37307,11.1403
37308,9.14872
37309,12.3627
37310,9.98657
37311,11.3621
37312,8.24994
37313,11.8619
37314,10.9326
37315,12.4765
37316,10.7123
37317,7.08351
37318,7.08885
37319,9.68116
37320,13.0896
37321,7.28936
37322,10.5393
37323,9.0647
37324,9.82653
37325,11.8709
37326,9.89565
37327,9.98765
37328,10.3995
37329,9.55687
37330,13.6638
37331,10.5526
37332,14.0129
37333,11.5598
37334,9.03008
37335,10.3483
37336,7.71096
37337,8.91722
37338,11.308
37339,7.75517
37340,10.9601
37341,13.665
37342,9.70548
37343,10.7463
37344,10.058
37345,11.4496
37346,12.0375
37347,11.0518
37348,7.37349
37349,7.6487
37350,9.87474
37351,9.53484
37352,8.61301
37353,8.33319
37354,9.9683
37355,8.99855
37356,10.3369
37357,8.35599
37358,7.71953
37359,9.28244
37360,10.337
37361,8.36325
37362,10.2217
37363,9.27481
37364,8.33743
37365,12.4233
37366,8.52975
37367,7.7643
37368,8.017
37369,10.1452
37370,12.1482
37371,9.58388
37372,9.63611
37373,9.1352
37374,12.1784
37375,10.4968
37376,10.5221
37377,9.62926
37378,10.7825
37379,11.7246
37380,8.98164
37381,9.1059
37382,12.2116
37383,9.39535
37384,9.1173
37385,11.722
37386,9.99324
37387,10.6301
37388,8.80301
37389,8.8762
37390,11.6922
37391,12.9898
37392,14.3099
37393,12.4854
37394,8.18422
37395,10.9716
37396,11.282
37397,9.67862
37398,10.6871
37399,9.95958
37400,10.2006
37401,7.45962
37402,8.14437
37403,13.8006
37404,10.8313
37405,11.6124
37406,9.74216
37407,9.87874
37408,9.9033
37409,13.3763
37410,7.53256
37411,11.2181
37412,11.2742
37413,9.71891
37414,17.0238
37415,11.0869
37416,8.07235
37417,11.2442
37418,8.6179
37419,10.8293
37420,8.92818
37421,7.0661
37422,15.3292
37423,7.71803
37424,9.36041
37425,13.4125
37426,11.7184
37427,14.1963
37428,12.3078
37429,9.56558
37430,8.05205
37431,13.7591
37432,8.51019
37433,10.1359
37434,7.43307
37435,7.87965
37436,8.20425
37437,8.898
37438,11.408
37439,8.53043
37440,6.75266
37441,11.9997
37442,13.2393
37443,10.6834
37444,7.78303
37445,13.0692
37446,8.40406
37447,8.54981
37448,9.32086
37449,9.33814
37450,9.41463
37451,9.4777
37452,7.69146
37453,12.7171
37454,14.1034
37455,10.3143
37456,10.3354
37457,11.1214
37458,7.68426
37459,11.8079
37460,12.8472
37461,13.0187
37462,13.0401
37463,10.1633
37464,8.43985
37465,11.8767
37466,9.02145
37467,13.2091
37468,11.5749
37469,11.6436
37470,8.79667
37471,12.5154
37472,10.7217
37473,9.45129
37474,9.7524
37475,7.98562
37476,7.4766
37477,9.75306
37478,10.4283
37479,7.3176
37480,8.1413
37481,12.1497
37482,8.81867
37483,5.86344
37484,9.05595
37485,12.3329
37486,13.0427
37487,13.0032
37488,9.61632
37489,8.64808
37490,13.0229
37491,9.32696
37492,7.45514
37493,11.725
37494,10.8705
37495,9.09994
37496,11.1429
37497,9.31572
37498,8.24882
37499,8.82778
37500,8.35517
37501,13.8205
37502,9.23875
37503,9.86243
37504,7.14191
37505,6.69343
37506,12.867
37507,7.96644
37508,9.47665
37509,6.58443
37510,7.40252
37511,10.7395
37512,12.0381
37513,10.5228
37514,13.736
37515,7.90522
37516,7.19268
37517,11.2126
37518,12.2492
37519,9.27061
37520,11.6215
37521,9.66548
37522,10.3047
37523,9.79636
37524,7.8595
37525,8.33817
37526,10.5475
37527,11.405
37528,12.864
37529,7.92925
37530,7.98794
37531,7.83704
37532,10.7168
37533,10.8625
37534,9.15725
37535,8.77597
37536,9.25866
37537,11.3727
37538,7.12777
37539,7.38013
37540,10.7764
37541,9.09626
37542,10.521
37543,10.78
37544,8.80415
37545,10.0374
37546,12.6653
37547,8.78454
37548,9.83008
37549,13.2571
37550,10.497
37551,9.54127
37552,10.5594
37553,10.7716
37554,10.6556
37555,6.76652
37556,8.24123
37557,8.9822
37558,14.0809
37559,7.42558
37560,14.4404
37561,8.56829
37562,10.0367
37563,11.2265
37564,18.0868
37565,8.51943
37566,8.99542
37567,14.0639
37568,11.0794
37569,6.1734
37570,8.84734
37571,9.33164
37572,8.15139
37573,8.43402
37574,11.0936
37575,8.7043
37576,9.76793
37577,9.78535
37578,13.0472
37579,10.5972
37580,11.7961
37581,8.83754
37582,9.98715
37583,10.0723
37584,11.5566
37585,12.0894
37586,15.4349
37587,7.93333
37588,12.2134
37589,6.32838
37590,8.65911
37591,14.8256
37592,8.90762
37593,11.5417
37594,11.2828
37595,9.41091
37596,11.4462
37597,11.636
37598,7.76329
37599,8.31711
37600,10.0747
37601,6.68009
37602,16.5492
37603,11.5577
37604,10.6019
37605,7.79065
37606,9.88931
37607,6.0312
37608,10.0925
37609,8.3163
37610,10.3475
37611,12.6641
37612,8.91908
37613,9.17413
37614,9.89569
37615,13.8555
37616,11.4129
37617,11.4925
37618,8.71521
37619,7.34244
37620,12.6598
37621,8.03605
37622,10.3485
37623,8.59281
37624,11.8874
37625,10.9099
37626,11.237
37627,8.26483
37628,11.3833
37629,11.8356
37630,13.3113
37631,10.6204
37632,10.053
37633,11.1655
37634,11.486
37635,10.5519
37636,10.8016
37637,7.26021
37638,7.28188
37639,5.91149
37640,8.43131
37641,8.54054
37642,10.8371
37643,8.93209
37644,8.06001
37645,6.65193
37646,10.0755
37647,9.36758
37648,10.7764
37649,9.10993
37650,9.16341
37651,10.2252
37652,12.098
37653,10.6415
37654,7.18778
37655,16.403
37656,9.40698
37657,8.47232
37658,9.49489
37659,9.56156
37660,8.86631
37661,11.8935
37662,12.7572
37663,8.07363
37664,13.4655
37665,10.7412
37666,9.94138
37667,8.25848
37668,11.5118
37669,13.7208
37670,8.40118
37671,9.49422
37672,9.75023
37673,9.97283
37674,10.0838
37675,7.88543
37676,12.4942
37677,10.8416
37678,10.2752
37679,8.14832
37680,7.61612
37681,10.6613
37682,9.26606
37683,9.75538
37684,15.8617
37685,8.60867
37686,9.04184
37687,9.11286
37688,10.2741
37689,8.73402
37690,11.0331
37691,10.2565
37692,10.6727
37693,10.7956
37694,12.8322
37695,8.04039
37696,14.2462
37697,9.12988
37698,10.13
37699,10.3789
37700,8.80038
37701,11.9598
37702,7.29181
37703,12.3002
37704,6.29078
37705,9.91045
37706,8.36249
37707,8.7039
37708,10.0911
37709,10.194
37710,10.3895
37711,11.0563
37712,10.425
37713,12.1221
37714,11.3011
37715,10.7124
37716,10.8154
37717,13.9428
37718,10.8472
37719,9.39766
37720,11.2777
37721,12.6808
37722,13.2819
37723,12.3198
37724,11.0763
37725,7.41283
37726,7.1729
37727,6.86743
37728,7.52272
37729,8.93791
37730,8.1858
37731,11.3496
37732,9.58428
37733,9.61018
37734,10.7328
37735,10.0074
37736,11.38
37737,11.0625
37738,11.3717
37739,12.0691
37740,12.4825
37741,8.5885
37742,12.7483
37743,8.32526
37744,7.40838
37745,11.9075
37746,11.4795
37747,8.70785
37748,9.06322
37749,9.51481
37750,9.44529
37751,10.603
37752,9.78837
37753,10.0437
37754,15.1429
37755,9.40685
37756,6.7905
37757,10.554
37758,8.57403
37759,12.7364
37760,10.2484
37761,10.2864
37762,7.84197
37763,9.90217
37764,9.84386
37765,9.97245
37766,12.3621
37767,7.54904
37768,10.2408
37769,13.2985
37770,7.32841
37771,11.3547
37772,6.52011
37773,7.71613
37774,8.92087
37775,7.96294
37776,8.19051
37777,9.20577
37778,8.46134
37779,7.57537
37780,9.96712
37781,9.00345
37782,8.104
37783,10.1477
37784,7.22475
37785,10.6512
37786,9.69285
37787,10.5044
37788,11.9671
37789,11.5588
37790,11.6424
37791,13.0327
37792,7.22047
37793,12.3984
37794,13.4068
37795,12.302
37796,7.13394
37797,7.31566
37798,10.4162
37799,11.902
37800,8.74414
37801,12.7343
37802,8.84178
37803,6.35661
37804,7.37873
37805,9.606
37806,9.83902
37807,11.3392
37808,8.79157
37809,11.4076
37810,10.9574
37811,10.7951
37812,7.98119
37813,10.2673
37814,7.80698
37815,9.05192
37816,13.4297
37817,8.64473
37818,10.4762
37819,10.5843
37820,11.0662
37821,14.3511
37822,6.16274
37823,7.17117
37824,10.6472
37825,9.69426
37826,10.7763
37827,8.33086
37828,8.40076
37829,11.6156
37830,8.49926
37831,8.95834
37832,15.0536
37833,8.08536
37834,7.23666
37835,9.52899
37836,8.99907
37837,8.7318
37838,10.4025
37839,6.97402
37840,13.6966
37841,10.3205
37842,8.98598
37843,12.339
37844,14.6625
37845,7.83847
37846,14.8636
37847,8.33446
37848,11.6082
37849,9.01016
37850,9.28919
37851,12.4985
37852,10.9909
37853,6.61188
37854,7.66167
37855,7.779
37856,11.9873
37857,9.42551
37858,12.6444
37859,5.89352
37860,9.64163
37861,8.99747
37862,10.2259
37863,8.33432
37864,12.4178
37865,7.54534
37866,7.84196
37867,7.88485
37868,10.4617
37869,8.52176
37870,8.55319
37871,8.67295
37872,8.90854
37873,9.83868
37874,8.60414
37875,11.1689
37876,11.3443
37877,7.5846
37878,8.3469
37879,8.83546
37880,8.61588
37881,9.81943
37882,15.3907
37883,10.6228
37884,10.9782
37885,12.0939
37886,11.244
37887,11.8511
37888,14.9229
37889,8.94621
37890,11.8317
37891,16.9235
37892,10.3227
37893,10.5241
37894,7.58087
37895,7.76746
37896,12.2954
37897,8.83553
37898,9.3011
37899,7.3656
37900,8.02186
37901,10.0788
37902,10.2222
37903,10.6262
37904,7.6346
37905,14.732
37906,9.10103
37907,12.3981
37908,8.51988
37909,8.12257
37910,8.50249
37911,8.81458
37912,14.0425
37913,11.0509
37914,9.35422
37915,9.39089
37916,12.4657
37917,8.22354
37918,10.7199
37919,7.84645
37920,9.13696
37921,8.54256
37922,8.70663
37923,10.9431
37924,11.6738
37925,10.3861
37926,7.88558
37927,8.76947
37928,9.25311
37929,11.4696
37930,11.5227
37931,12.2665
37932,11.3464
37933,12.115
37934,12.4043
37935,11.3782
37936,11.8033
37937,10.1683
37938,7.2186
37939,14.8528
37940,11.1595
37941,6.64783
37942,12.4068
37943,14.5309
37944,9.94084
37945,9.41115
37946,11.4497
37947,9.5043
37948,9.41973
37949,15.6144
37950,14.4513
37951,8.8373
37952,12.8817
37953,10.0071
37954,14.5179
37955,10.8025
37956,12.6025
37957,6.68054
37958,12.7059
37959,6.77828
37960,9.85422
37961,8.92834
37962,10.4608
37963,10.094
37964,11.7744
37965,12.0197
37966,12.5232
37967,9.7708
37968,10.5078
37969,10.7788
37970,9.1525
37971,8.63716
37972,13.6544
37973,11.6696
37974,9.06327
37975,9.33981
37976,9.48211
37977,11.7362
37978,12.2371
37979,8.56816
37980,8.59812
37981,8.73872
37982,9.24035
37983,14.4401
37984,10.5411
37985,8.68091
37986,11.0509
37987,9.05937
37988,11.4821
37989,12.1002
37990,9.33091
37991,10.4746
37992,12.7516
37993,11.1673
37994,11.326
37995,10.421
37996,15.2016
37997,7.61265
37998,8.74384
37999,10.1487
38000,7.70034
38001,7.85712
38002,8.03265
38003,10.0769
38004,8.36453
38005,9.83803
38006,8.85073
38007,8.19372
38008,7.43924
38009,11.509
38010,9.76128
38011,13.0849
38012,10.6674
38013,11.1751
38014,7.477
38015,10.3385
38016,7.8136
38017,9.69652
38018,8.46301
38019,7.86748
38020,8.19227
38021,8.92225
38022,10.0258
38023,10.4546
38024,7.69936
38025,12.2364
38026,7.60825
38027,12.9209
38028,11.256
38029,15.795
38030,9.01206
38031,9.07452
38032,8.35173
38033,9.43958
38034,9.44801
38035,9.59401
38036,11.8744
38037,8.70711
38038,11.3052
38039,9.76769
38040,10.2611
38041,12.5529
38042,12.607
38043,10.6522
38044,10.8367
38045,13.8438
38046,6.57055
38047,8.67332
38048,8.76921
38049,10.8083
38050,11.0561
38051,10.9519
38052,11.0139
38053,10.799
38054,12.9754
38055,9.45982
38056,8.48541
38057,7.91756
38058,8.93655
38059,10.0034
38060,10.0118
38061,8.41813
38062,9.69315
38063,15.2151
38064,9.25057
38065,6.43068
38066,6.76194
38067,11.342
38068,5.51899
38069,7.84552
38070,9.36121
38071,10.4067
38072,8.55379
38073,10.0256
38074,11.2788
38075,9.44611
38076,11.09
38077,8.48198
38078,12.406
38079,11.4817
38080,11.9214
38081,8.28848
38082,8.63763
38083,8.70125
38084,8.85956
38085,10.0177
38086,10.6327
38087,9.6982
38088,8.97015
38089,6.98588
38090,10.9943
38091,10.5807
38092,11.2196
38093,12.4258
38094,10.4673
38095,8.9263
38096,12.2927
38097,9.57443
38098,9.15975
38099,13.4415
38100,14.0525
38101,15.9315
38102,8.77989
38103,8.05225
38104,8.60599
38105,10.6156
38106,7.64732
38107,9.27594
38108,11.9733
38109,8.36618
38110,8.43848
38111,11.3768
38112,9.84461
38113,10.8408
38114,11.126
38115,10.3063
38116,7.34092
38117,10.2543
38118,8.92187
38119,9.20976
38120,9.83714
38121,10.0998
38122,14.6625
38123,8.90844
38124,7.97998
38125,8.0764
38126,9.08523
38127,9.14837
38128,7.09786
38129,9.52066
38130,8.76511
38131,10.8825
38132,6.89091
38133,10.0071
38134,10.0629
38135,11.2676
38136,11.2951
38137,10.4249
38138,8.60174
38139,9.6672
38140,13.7558
38141,6.96499
38142,13.7019
38143,11.0378
38144,8.44766
38145,7.45609
38146,8.01919
38147,9.31046
38148,8.22645
38149,9.36085
38150,9.72922
38151,9.90492
38152,9.15841
38153,11.2914
38154,9.27678
38155,7.87936
38156,8.41627
38157,11.7867
38158,11.3858
38159,12.6779
38160,6.06356
38161,15.3216
38162,9.69486
38163,10.0638
38164,9.26489
38165,9.5846
38166,11.0221
38167,10.352
38168,11.7377
38169,7.98475
38170,9.00045
38171,9.11707
38172,12.4528
38173,6.4998
38174,11.5673
38175,11.593
38176,10.7393
38177,7.20746
38178,8.68049
38179,16.0325
38180,10.0751
38181,11.7548
38182,9.28386
38183,12.0432
38184,7.65006
38185,11.0301
38186,8.26427
38187,6.93908
38188,7.73564
38189,8.9579
38190,11.0964
38191,10.1694
38192,10.4136
38193,10.7583
38194,10.9265
38195,7.96128
38196,8.04528
38197,14.5773
38198,8.63211
38199,9.4926
38200,7.55387
38201,9.12805
38202,10.6025
38203,8.85123
38204,9.24355
38205,8.96242
38206,10.3249
38207,12.4111
38208,11.1148
38209,8.34525
38210,9.89828
38211,13.2679
38212,13.736
38213,10.782
38214,8.26894
38215,9.38154
38216,6.37865
38217,8.74255
38218,8.29705
38219,9.08574
38220,9.52026
38221,9.01225
38222,9.54738
38223,8.18736
38224,8.16207
38225,9.7296
38226,7.89792
38227,8.98177
38228,11.7081
38229,10.7336
38230,11.199
38231,9.36664
38232,10.7837
38233,16.347
38234,9.37659
38235,6.81726
38236,9.07865
38237,8.4078
38238,13.0799
38239,11.7104
38240,6.99884
38241,8.34229
38242,11.5919
38243,13.0146
38244,10.4626
38245,9.60774
38246,12.1828
38247,11.0284
38248,15.5134
38249,8.39138
38250,10.4356
38251,10.4059
38252,8.01424
38253,11.8785
38254,8.06648
38255,8.1147
38256,12.2547
38257,12.5295
38258,9.57278
38259,8.66467
38260,8.25987
38261,6.76806
38262,10.931
38263,11.1096
38264,6.49098
38265,9.89815
38266,7.24344
38267,9.25187
38268,8.3241
38269,7.23795
38270,10.2661
38271,8.28069
38272,11.3459
38273,8.35614
38274,11.5093
38275,9.58594
38276,10.2258
38277,13.2479
38278,6.86202
38279,10.0163
38280,10.755
38281,9.56185
38282,11.7077
38283,10.0404
38284,14.0783
38285,11.3376
38286,16.9087
38287,8.3547
38288,9.06322
38289,11.2232
38290,6.29798
38291,9.06842
38292,8.20097
38293,9.53429
38294,8.86393
38295,9.87636
38296,10.6135
38297,7.96044
38298,8.1523
38299,9.54142
38300,11.0297
38301,11.6221
38302,11.1582
38303,8.35356
38304,9.1508
38305,8.83958
38306,11.3599
38307,11.6742
38308,11.7577
38309,8.93735
38310,8.23884
38311,14.6758
38312,10.7024
38313,11.3099
38314,8.60101
38315,8.08637
38316,9.69257
38317,10.3043
38318,10.6519
38319,10.6857
38320,11.1746
38321,9.24134
38322,15.5011
38323,11.9788
38324,11.1062
38325,8.53296
38326,8.36088
38327,10.5793
38328,7.00447
38329,12.2071
38330,12.4677
38331,7.46425
38332,8.56568
38333,8.8069
38334,12.1244
38335,9.0631
38336,10.4222
38337,12.5791
38338,12.5687
38339,11.5771
38340,10.4497
38341,10.2255
38342,9.63705
38343,10.5362
38344,11.4356
38345,9.46919
38346,11.633
38347,10.7793
38348,14.2798
38349,12.8693
38350,10.4992
38351,11.702
38352,10.955
38353,11.0145
38354,9.18398
38355,12.3614
38356,9.5263
38357,13.2426
38358,9.44528
38359,10.5616
38360,9.71335
38361,8.0945
38362,7.60213
38363,9.1352
38364,9.16866
38365,9.26303
38366,9.84403
38367,10.4953
38368,9.59178
38369,15.802
38370,12.0317
38371,5.71066
38372,5.73428
38373,9.74271
38374,10.1256
38375,11.2526
38376,7.34419
38377,12.3179
38378,7.50255
38379,8.90619
38380,11.2041
38381,11.2684
38382,8.69867
38383,14.8499
38384,9.32553
38385,7.40205
38386,8.45264
38387,11.2934
38388,8.85144
38389,9.46508
38390,10.4939
38391,6.96358
38392,13.5871
38393,10.7129
38394,11.4452
38395,9.54598
38396,11.7689
38397,9.00564
38398,9.08288
38399,9.22064
38400,7.74996
38401,9.85126
38402,10.1902
38403,10.364
38404,10.9233
38405,8.42202
38406,8.52126
38407,17.8174
38408,9.83911
38409,12.6482
38410,8.95853
38411,9.67372
38412,9.89918
38413,9.77502
38414,13.2962
38415,8.30466
38416,10.2684
38417,11.082
38418,10.2626
38419,8.48281
38420,7.53707
38421,7.90375
38422,11.3456
38423,8.16993
38424,8.65425
38425,9.67721
38426,7.36399
38427,9.59965
38428,10.7561
38429,9.55994
38430,7.74671
38431,11.1774
38432,10.1156
38433,13.9135
38434,11.6796
38435,13.7686
38436,8.81248
38437,9.16721
38438,8.12686
38439,9.26555
38440,8.27307
38441,9.50399
38442,12.8481
38443,10.3332
38444,10.0156
38445,6.44678
38446,10.1733
38447,6.30307
38448,7.75176
38449,10.2813
38450,12.8018
38451,8.85757
38452,13.041
38453,10.2381
38454,9.36794
38455,8.65363
38456,9.5875
38457,9.18223
38458,11.6529
38459,10.9707
38460,8.13318
38461,15.2181
38462,12.5423
38463,8.63712
38464,12.7484
38465,9.12459
38466,8.45118
38467,8.35045
38468,8.45751
38469,11.5294
38470,14.7191
38471,9.72827
38472,14.0114
38473,7.28963
38474,9.35184
38475,6.0348
38476,11.1388
38477,8.77876
38478,9.45621
38479,7.8348
38480,10.204
38481,7.88475
38482,7.12921
38483,10.1388
38484,12.1628
38485,12.1712
38486,12.4513
38487,10.1272
38488,8.45348
38489,13.7955
38490,8.80926
38491,6.82038
38492,14.0145
38493,6.02295
38494,10.5275
38495,10.9705
38496,11.2673
38497,9.37769
38498,8.86988
38499,8.42865
38500,10.2575
38501,9.4766
38502,11.3186
38503,12.623
38504,8.01201
38505,8.09873
38506,13.4877
38507,9.0524
38508,7.68323
38509,10.019
38510,9.58051
38511,13.7221
38512,6.99037
38513,9.03368
38514,11.0933
38515,10.507
38516,10.7269
38517,13.7233
38518,10.1283
38519,9.31442
38520,9.51998
38521,7.6802
38522,11.2883
38523,8.32171
38524,11.9458
38525,8.31688
38526,13.5184
38527,8.64715
38528,8.0814
38529,8.51045
38530,12.5914
38531,8.85375
38532,8.39252
38533,11.0762
38534,9.68842
38535,11.8646
38536,11.044
38537,11.9102
38538,8.13999
38539,8.99272
38540,11.0047
38541,10.3167
38542,8.743
38543,14.906
38544,10.8007
38545,9.91247
38546,9.93285
38547,11.4241
38548,9.45079
38549,12.1556
38550,9.98908
38551,7.62216
38552,11.3405
38553,9.5999
38554,11.9853
38555,14.5438
38556,11.3365
38557,12.1287
38558,10.1148
38559,8.77681
38560,7.29177
38561,8.6573
38562,8.92216
38563,8.21912
38564,11.5519
38565,11.598
38566,11.9977
38567,14.3295
38568,10.0025
38569,7.65342
38570,8.00818
38571,14.1589
38572,11.3501
38573,11.4552
38574,8.5773
38575,14.0788
38576,12.1393
38577,9.56806
38578,10.1081
38579,9.20526
38580,13.9883
38581,8.60689
38582,8.63295
38583,7.65503
38584,9.19983
38585,8.91422
38586,9.76414
38587,10.8172
38588,11.0361
38589,9.88182
38590,12.9385
38591,13.4154
38592,8.75377
38593,12.0966
38594,9.34462
38595,14.7729
38596,11.4011
38597,12.1513
38598,10.5334
38599,9.17949
38600,11.9796
38601,12.5533
38602,12.8159
38603,12.5556
38604,8.54466
38605,9.58978
38606,5.62526
38607,9.891
38608,8.54069
38609,9.68702
38610,12.2592
38611,7.26768
38612,8.75946
38613,10.8602
38614,10.8867
38615,11.1771
38616,9.53235
38617,19.5775
38618,11.685
38619,10.1262
38620,10.1346
38621,14.5491
38622,16.0604
38623,7.86336
38624,9.22774
38625,7.75949
38626,9.17032
38627,9.24183
38628,11.6505
38629,7.65893
38630,10.7848
38631,8.65446
38632,9.85143
38633,5.70871
38634,10.6919
38635,11.0409
38636,6.57476
38637,8.99716
38638,8.29595
38639,7.50278
38640,7.74252
38641,12.9735
38642,10.4406
38643,8.72915
38644,9.92489
38645,8.55233
38646,9.97656
38647,10.1249
38648,11.1335
38649,10.4337
38650,9.79091
38651,10.9066
38652,11.148
38653,9.32547
38654,9.27454
38655,14.2918
38656,13.5694
38657,14.3874
38658,6.56701
38659,14.1126
38660,7.32923
38661,8.33766
38662,10.5466
38663,11.2546
38664,10.3837
38665,9.46613
38666,7.50263
38667,10.7953
38668,9.00502
38669,10.0849
38670,11.7302
38671,12.0241
38672,7.34035
38673,10.7823
38674,9.96951
38675,9.31058
38676,13.726
38677,11.4848
38678,9.65891
38679,10.1926
38680,10.9452
38681,12.5604
38682,7.27064
38683,7.78355
38684,7.05768
38685,7.62721
38686,11.7231
38687,8.15971
38688,7.27343
38689,9.72892
38690,10.803
38691,10.0488
38692,8.27665
38693,7.48733
38694,11.5565
38695,9.7677
38696,9.32268
38697,9.65886
38698,9.96694
38699,13.0611
38700,10.6239
38701,7.79193
38702,8.08806
38703,10.191
38704,13.2619
38705,12.5945
38706,10.2823
38707,10.3702
38708,10.9442
38709,8.27867
38710,11.532
38711,11.1049
38712,9.38615
38713,9.2169
38714,9.28092
38715,7.17461
38716,7.36721
38717,10.3237
38718,10.642
38719,11.1532
38720,10.6816
38721,9.05508
38722,9.34565
38723,12.3938
38724,9.51749
38725,8.99306
38726,7.67214
38727,7.69982
38728,13.7842
38729,10.8469
38730,11.6539
38731,9.05069
38732,12.4719
38733,9.99959
38734,11.5747
38735,11.1046
38736,11.3848
38737,8.39367
38738,13.5833
38739,11.6886
38740,12.8108
38741,12.9588
38742,10.3235
38743,8.64812
38744,10.8332
38745,9.97904
38746,11.2605
38747,11.8723
38748,7.8784
38749,8.89242
38750,6.74332
38751,9.63844
38752,8.4129
38753,9.85827
38754,10.1032
38755,10.4465
38756,11.171
38757,13.27
38758,11.916
38759,13.1456
38760,13.7843
38761,8.09694
38762,11.3327
38763,10.8232
38764,8.53341
38765,12.5418
38766,11.6661
38767,8.79771
38768,7.9429
38769,9.46451
38770,9.77904
38771,8.15307
38772,10.1775
38773,9.03213
38774,9.3951
38775,9.58635
38776,10.6477
38777,9.78887
38778,16.4297
38779,14.9152
38780,12.1489
38781,8.56883
38782,10.2984
38783,7.73492
38784,8.56386
38785,10.6081
38786,12.7227
38787,6.1997
38788,7.47456
38789,9.10181
38790,9.23466
38791,13.3213
38792,8.32975
38793,8.40506
38794,8.62663
38795,11.6498
38796,9.78557
38797,10.8546
38798,9.90071
38799,8.90914
38800,9.95056
38801,10.6812
38802,10.464
38803,7.91967
38804,12.0153
38805,14.024
38806,13.639
38807,9.15621
38808,16.4235
38809,10.3948
38810,10.5662
38811,7.6492
38812,12.7736
38813,12.1001
38814,9.29646
38815,12.849
38816,14.0627
38817,14.3786
38818,7.02383
38819,8.33377
38820,8.67076
38821,8.76839
38822,9.06176
38823,9.45657
38824,11.4252
38825,10.7296
38826,7.5247
38827,11.8639
38828,7.22938
38829,8.24322
38830,7.73717
38831,13.736
38832,8.28588
38833,6.61801
38834,8.6745
38835,8.97823
38836,8.12588
38837,12.4374
38838,11.7241
38839,8.86248
38840,13.2464
38841,11.3827
38842,8.7966
38843,5.92295
38844,9.94799
38845,10.1584
38846,10.6228
38847,9.36328
38848,9.02455
38849,8.74184
38850,15.8912
38851,7.01625
38852,7.05393
38853,12.1292
38854,9.34749
38855,9.11163
38856,8.27007
38857,7.32007
38858,11.4102
38859,7.5748
38860,9.49229
38861,7.75859
38862,7.86825
38863,7.85648
38864,12.0095
38865,10.1682
38866,9.56384
38867,9.71102
38868,8.78188
38869,9.16921
38870,10.5762
38871,10.6386
38872,12.3521
38873,13.7275
38874,13.1395
38875,9.07308
38876,9.60279
38877,8.31183
38878,12.6826
38879,12.8323
38880,9.91571
38881,10.1005
38882,8.75645
38883,15.7931
38884,7.59176
38885,10.2257
38886,8.98863
38887,9.043
38888,9.72522
38889,9.74247
38890,10.1146
38891,10.1231
38892,12.3223
38893,9.33277
38894,13.0681
38895,9.22221
38896,9.31691
38897,9.00019
38898,12.2684
38899,12.5663
38900,8.0821
38901,10.3912
38902,11.598
38903,9.40534
38904,13.567
38905,10.8877
38906,10.5969
38907,9.67417
38908,11.1043
38909,7.28077
38910,12.5856
38911,6.66957
38912,12.6844
38913,8.83443
38914,9.13035
38915,10.1025
38916,10.7654
38917,10.8284
38918,11.5205
38919,14.9
38920,9.09473
38921,15.2321
38922,7.90019
38923,8.02917
38924,8.37373
38925,8.54212
38926,9.57972
38927,8.58941
38928,9.77708
38929,8.96561
38930,10.159
38931,10.357
38932,10.7858
38933,10.7835
38934,12.2264
38935,11.7261
38936,7.76355
38937,10.0431
38938,13.7349
38939,7.75412
38940,8.76255
38941,11.8334
38942,12.0245
38943,13.3826
38944,8.53674
38945,12.269
38946,7.39404
38947,8.05525
38948,9.71555
38949,10.7737
38950,9.0549
38951,9.52867
38952,9.83142
38953,7.86893
38954,6.86069
38955,10.1093
38956,12.1322
38957,9.64615
38958,12.4513
38959,7.07359
38960,9.18646
38961,10.2378
38962,10.4649
38963,10.6896
38964,14.2641
38965,9.08546
38966,10.8007
38967,13.0086
38968,11.2455
38969,10.7352
38970,10.0954
38971,10.15
38972,13.0375
38973,9.44161
38974,12.2391
38975,8.3564
38976,10.5272
38977,10.6622
38978,9.69762
38979,11.0602
38980,9.85929
38981,9.94608
38982,9.13748
38983,9.24517
38984,12.3085
38985,6.75802
38986,12.0559
38987,7.21292
38988,8.44088
38989,13.6505
38990,12.2542
38991,9.21997
38992,11.2413
38993,9.90761
38994,9.29783
38995,9.30883
38996,12.1647
38997,8.27195
38998,12.1538
38999,10.1797
39000,9.68515
39001,10.8072
39002,12.0925
39003,12.1625
39004,11.2007
39005,8.29018
39006,9.36067
39007,11.4353
39008,11.5192
39009,10.7544
39010,13.4373
39011,7.71333
39012,6.38836
39013,8.21561
39014,7.42306
39015,10.2923
39016,11.7876
39017,11.0627
39018,7.60567
39019,10.1302
39020,6.32539
39021,9.39865
39022,11.6282
39023,9.68645
39024,8.73059
39025,10.3346
39026,7.70241
39027,13.3305
39028,10.6632
39029,7.67943
39030,7.25982
39031,11.5996
39032,8.53737
39033,9.61701
39034,6.96939
39035,9.33703
39036,5.94163
39037,7.70011
39038,11.7341
39039,11.8448
39040,7.93566
39041,10.9984
39042,8.54853
39043,13.8331
39044,10.8999
39045,9.39453
39046,7.98235
39047,9.27493
39048,10.2951
39049,9.62859
39050,12.2377
39051,12.5738
39052,15.3663
39053,12.4291
39054,14.5383
39055,9.58314
39056,7.31481
39057,11.9204
39058,10.3929
39059,8.47905
39060,9.73055
39061,12.8333
39062,13.3107
39063,10.7413
39064,9.78744
39065,7.42971
39066,9.11472
39067,9.42568
39068,10.6669
39069,8.48358
39070,11.6986
39071,13.8923
39072,10.0739
39073,11.3383
39074,10.3355
39075,11.3439
39076,12.9729
39077,9.18711
39078,9.20035
39079,9.42789
39080,10.4749
39081,8.52448
39082,9.74518
39083,8.57517
39084,9.12328
39085,7.30403
39086,13.5771
39087,10.9838
39088,11.1709
39089,9.41116
39090,11.0961
39091,6.56125
39092,11.3976
39093,10.5257
39094,11.6006
39095,8.18488
39096,11.5842
39097,9.77854
39098,6.93991
39099,13.6281
39100,7.98414
39101,13.1617
39102,11.6094
39103,8.46828
39104,17.1878
39105,8.59436
39106,10.8311
39107,13.8396
39108,11.8713
39109,10.1665
39110,9.51815
39111,10.8614
39112,12.2231
39113,12.4702
39114,9.60678
39115,11.9832
39116,7.11426
39117,10.2942
39118,9.33377
39119,10.3712
39120,10.5478
39121,6.88879
39122,11.9868
39123,12.4993
39124,8.57378
39125,11.2868
39126,6.39763
39127,9.66486
39128,9.88204
39129,10.0925
39130,11.3782
39131,11.4305
39132,8.21383
39133,11.5759
39134,13.8754
39135,7.16762
39136,9.72848
39137,8.48045
39138,9.31853
39139,15.5529
39140,12.7325
39141,8.07031
39142,8.59729
39143,8.90541
39144,15.4807
39145,13.6835
39146,11.7315
39147,12.2882
39148,10.4466
39149,7.3952
39150,8.8499
39151,9.5861
39152,10.1435
39153,13.2271
39154,14.0503
39155,11.3414
39156,11.7942
39157,8.18374
39158,9.24767
39159,8.12139
39160,9.74125
39161,11.7609
39162,12.0961
39163,10.3966
39164,9.48003
39165,8.00696
39166,10.0606
39167,8.59823
39168,10.5199
39169,7.99917
39170,12.7119
39171,8.97627
39172,14.1906
39173,8.34034
39174,8.61457
39175,7.94756
39176,8.60547
39177,10.1948
39178,9.24666
39179,8.55065
39180,15.4086
39181,11.5652
39182,9.36534
39183,11.2229
39184,12.2313
39185,7.651
39186,9.65944
39187,15.8494
39188,13.8783
39189,10.8954
39190,14.3308
39191,8.34259
39192,12.7524
39193,13.0813
39194,15.8195
39195,10.2367
39196,11.1086
39197,11.0997
39198,12.8819
39199,7.91529
39200,7.25404
39201,7.51617
39202,10.7405
39203,10.5064
39204,9.89787
39205,12.5885
39206,8.04875
39207,8.50191
39208,7.65842
39209,8.75799
39210,10.0441
39211,9.92746
39212,9.57797
39213,12.803
39214,14.064
39215,11.5646
39216,10.7424
39217,14.104
39218,8.57016
39219,13.1936
39220,9.23017
39221,5.06602
39222,8.18947
39223,11.4648
39224,10.3253
39225,7.42323
39226,9.55217
39227,9.61525
39228,10.0441
39229,10.6944
39230,7.78084
39231,12.3559
39232,8.39344
39233,7.78579
39234,9.84511
39235,7.87988
39236,8.02174
39237,8.14468
39238,9.84711
39239,9.45655
39240,10.5275
39241,11.2149
39242,11.9061
39243,11.9161
39244,8.25143
39245,8.38505
39246,13.3959
39247,6.77332
39248,6.23196
39249,8.85036
39250,7.31269
39251,10.6932
39252,10.7735
39253,10.3585
39254,10.5884
39255,9.70102
39256,9.71091
39257,11.7244
39258,8.92242
39259,11.9528
39260,10.2494
39261,9.35141
39262,11.7301
39263,12.8142
39264,8.82259
39265,8.91156
39266,10.959
39267,11.0835
39268,9.16309
39269,10.2854
39270,8.83147
39271,6.9444
39272,14.0309
39273,10.0759
39274,12.0993
39275,12.5585
39276,9.63666
39277,10.7033
39278,10.7374
39279,10.804
39280,8.36235
39281,13.5737
39282,10.9018
39283,11.1409
39284,9.55031
39285,10.1718
39286,11.2009
39287,8.49603
39288,9.54308
39289,9.19418
39290,12.7126
39291,10.683
39292,14.8971
39293,12.9971
39294,9.69484
39295,9.70327
39296,7.92183
39297,11.1672
39298,7.74487
39299,8.7533
39300,13.4071
39301,8.98619
39302,7.80214
39303,13.0253
39304,9.13159
39305,6.54596
39306,12.9378
39307,9.08931
39308,9.41183
39309,9.00463
39310,10.0921
39311,8.30796
39312,7.75955
39313,8.0701
39314,10.3829
39315,9.97365
39316,9.12658
39317,10.3042
39318,11.077
39319,7.63846
39320,7.99835
39321,12.119
39322,9.45214
39323,11.2543
39324,6.3561
39325,8.47397
39326,10.8421
39327,11.0087
39328,11.1065
39329,11.2528
39330,6.22208
39331,13.6737
39332,13.6821
39333,9.4093
39334,9.32035
39335,13.6785
39336,8.96755
39337,12.2354
39338,14.6618
39339,8.74924
39340,14.7909
39341,10.8267
39342,10.0631
39343,7.71159
39344,6.79497
39345,11.5566
39346,7.88502
39347,7.04052
39348,11.3767
39349,12.1302
39350,12.1851
39351,5.7057
39352,6.91124
39353,10.5121
39354,10.8125
39355,11.2478
39356,9.68099
39357,9.78888
39358,8.65024
39359,10.8187
39360,11.3434
39361,11.8314
39362,10.9029
39363,14.1047
39364,10.3335
39365,14.4011
39366,10.3266
39367,8.77329
39368,9.98452
39369,8.28234
39370,11.4492
39371,10.8772
39372,9.51794
39373,10.8745
39374,7.52652
39375,10.8619
39376,9.03926
39377,11.3194
39378,10.746
39379,14.1316
39380,8.20883
39381,8.68151
39382,14.1597
39383,9.39409
39384,13.7248
39385,10.7844
39386,14.5322
39387,11.0488
39388,9.62688
39389,9.62524
39390,9.46361
39391,10.2522
39392,9.66134
39393,13.7602
39394,8.75977
39395,10.3594
39396,8.86922
39397,9.39376
39398,8.07623
39399,10.1272
39400,9.31432
39401,10.7773
39402,15.0839
39403,11.5574
39404,8.9837
39405,9.09922
39406,9.78347
39407,8.03011
39408,9.87059
39409,7.32671
39410,10.5415
39411,8.99391
39412,10.2003
39413,10.3336
39414,10.5083
39415,7.65632
39416,12.0681
39417,9.30562
39418,13.5001
39419,13.8948
39420,11.6037
39421,10.0288
39422,8.61129
39423,11.2359
39424,12.2452
39425,7.42164
39426,8.47844
39427,7.4077
39428,13.571
39429,8.60886
39430,8.1152
39431,11.1236
39432,15.748
39433,8.1585
39434,6.18574
39435,7.26383
39436,7.35356
39437,9.68355
39438,8.69198
39439,8.70041
39440,10.1706
39441,8.38497
39442,9.4502
39443,8.58602
39444,7.95569
39445,10.1724
39446,9.43313
39447,12.4416
39448,9.51057
39449,11.9815
39450,10.0621
39451,11.1715
39452,9.58574
39453,10.6547
39454,12.3704
39455,5.47336
39456,12.7764
39457,12.7987
39458,12.2003
39459,7.15022
39460,13.5022
39461,7.64133
39462,8.83125
39463,9.25976
39464,8.26819
39465,9.42063
39466,10.0469
39467,7.52114
39468,7.71498
39469,9.68845
39470,11.0472
39471,9.0632
39472,11.1132
39473,11.1442
39474,9.16217
39475,9.26674
39476,17.3092
39477,11.5558
39478,8.82887
39479,9.16933
39480,7.22822
39481,10.616
39482,11.9692
39483,11.3663
39484,11.4465
39485,11.5318
39486,12.6565
39487,11.1292
39488,12.5285
39489,9.04729
39490,7.17543
39491,10.501
39492,10.2706
39493,8.70997
39494,8.74882
39495,12.137
39496,11.8528
39497,10.2173
39498,7.81944
39499,7.41992
39500,6.4827
39501,9.57897
39502,7.96477
39503,9.78293
39504,8.2473
39505,10.2925
39506,10.5197
39507,9.66518
39508,16.181
39509,9.24852
39510,9.69476
39511,9.79788
39512,8.02021
39513,8.22434
39514,7.79366
39515,7.90456
39516,7.9541
39517,6.71742
39518,9.63766
39519,8.10719
39520,8.80816
39521,10.0304
39522,10.1997
39523,12.0558
39524,9.47195
39525,10.2934
39526,8.13579
39527,13.3111
39528,12.7892
39529,7.86223
39530,6.96727
39531,10.0358
39532,11.1982
39533,9.42842
39534,9.81216
39535,12.0993
39536,12.3183
39537,11.4978
39538,11.2756
39539,9.32797
39540,8.49734
39541,8.93215
39542,11.059
39543,10.6744
39544,12.8606
39545,11.1568
39546,20.8798
39547,8.10706
39548,8.09646
39549,7.37145
39550,9.49249
39551,12.4376
39552,10.6198
39553,11.2367
39554,11.2492
39555,14.2843
39556,10.3325
39557,8.57711
39558,5.64499
39559,9.8108
39560,12.1375
39561,7.60167
39562,8.67996
39563,6.8495
39564,9.63282
39565,9.85954
39566,10.989
39567,7.0086
39568,7.49322
39569,10.9405
39570,10.9958
39571,8.59072
39572,9.29038
39573,9.32366
39574,9.4249
39575,12.4797
39576,8.69011
39577,13.1611
39578,10.5127
39579,14.5914
39580,9.7919
39581,10.7735
39582,12.0854
39583,13.4891
39584,10.751
39585,12.8822
39586,8.55079
39587,8.78805
39588,10.9718
39589,9.99096
39590,7.82631
39591,6.94699
39592,10.0102
39593,12.3937
39594,10.0848
39595,11.6747
39596,14.9557
39597,8.88348
39598,11.5424
39599,13.7707
39600,8.2855
39601,9.59923
39602,7.81984
39603,10.1113
39604,10.154
39605,10.7782
39606,10.4004
39607,12.8399
39608,13.1151
39609,10.5794
39610,6.80733
39611,9.88764
39612,8.59494
39613,8.66544
39614,11.8017
39615,8.01323
39616,8.38609
39617,11.4778
39618,10.076
39619,13.1846
39620,10.6053
39621,10.9381
39622,11.6807
39623,9.83626
39624,8.25923
39625,10.4327
39626,13.4688
39627,9.70585
39628,17.7947
39629,11.9382
39630,11.7237
39631,9.73644
39632,10.0541
39633,10.295
39634,14.318
39635,14.8776
39636,12.3267
39637,9.60582
39638,9.66251
39639,10.3591
39640,8.58645
39641,8.45011
39642,7.64251
39643,6.75273
39644,14.3617
39645,7.81828
39646,8.07311
39647,8.99907
39648,10.6738
39649,7.80181
39650,11.0869
39651,10.7321
39652,8.25282
39653,11.2791
39654,13.3447
39655,11.6632
39656,13.7065
39657,11.721
39658,13.4666
39659,9.77656
39660,10.785
39661,8.76669
39662,10.9816
39663,9.62491
39664,7.68268
39665,8.88644
39666,10.0089
39667,13.0959
39668,13.5622
39669,8.84933
39670,11.8578
39671,9.11964
39672,8.57786
39673,8.72924
39674,8.90366
39675,9.53211
39676,10.2489
39677,7.58196
39678,11.6375
39679,10.8582
39680,7.90321
39681,9.32196
39682,10.4943
39683,12.0412
39684,8.15776
39685,8.7838
39686,8.86531
39687,14.3412
39688,11.2672
39689,6.90103
39690,11.7114
39691,11.1572
39692,9.24414
39693,13.32
39694,13.8603
39695,13.1286
39696,12.1919
39697,8.5386
39698,9.07762
39699,11.2859
39700,7.43966
39701,12.8161
39702,9.34902
39703,9.69596
39704,8.22169
39705,12.5861
39706,9.87492
39707,10.4211
39708,9.25858
39709,14.4451
39710,9.79327
39711,8.14282
39712,10.7509
39713,7.13932
39714,7.89843
39715,6.57764
39716,6.72111
39717,9.06331
39718,6.6082
39719,12.9687
39720,9.04511
39721,10.1829
39722,9.58015
39723,9.65011
39724,10.7923
39725,6.80072
39726,9.22208
39727,10.7798
39728,8.10021
39729,6.44207
39730,9.25285
39731,9.51384
39732,9.53027
39733,7.72657
39734,12.3686
39735,8.68498
39736,11.3314
39737,10.963
39738,11.4541
39739,10.5081
39740,10.7171
39741,12.7811
39742,8.80411
39743,11.5438
39744,11.977
39745,12.9855
39746,9.25033
39747,12.3914
39748,9.22895
39749,7.21566
39750,8.7497
39751,19.2563
39752,9.90106
39753,10.5995
39754,12.6805
39755,10.9793
39756,13.1613
39757,8.34187
39758,8.99273
39759,10.3673
39760,7.77524
39761,15.5113
39762,11.1073
39763,11.1282
39764,11.0225
39765,11.4532
39766,12.0496
39767,10.6225
39768,9.97616
39769,11.2147
39770,7.45328
39771,17.5055
39772,8.03664
39773,10.3044
39774,9.03719
39775,11.3522
39776,8.73486
39777,6.49008
39778,10.4189
39779,6.8354
39780,9.99516
39781,7.48523
39782,8.21616
39783,10.7154
39784,11.255
39785,8.37214
39786,8.74699
39787,8.45815
39788,9.20751
39789,9.41973
39790,12.4454
39791,9.91975
39792,11.3703
39793,10.5194
39794,12.7429
39795,12.8446
39796,12.9294
39797,8.23225
39798,11.4966
39799,12.9042
39800,7.56446
39801,10.6542
39802,9.70659
39803,10.7377
39804,10.3657
39805,6.70503
39806,7.91632
39807,11.088
39808,11.5712
39809,11.5959
39810,9.79239
39811,12.3003
39812,8.73368
39813,11.5168
39814,10.317
39815,12.0703
39816,10.6756
39817,11.0221
39818,8.46702
39819,11.1167
39820,8.31623
39821,11.8483
39822,12.05
39823,9.16594
39824,9.69191
39825,13.4684
39826,9.13237
39827,8.32759
39828,9.37935
39829,9.5354
39830,14.1813
39831,13.3921
39832,7.08949
39833,9.74696
39834,7.99634
39835,10.1241
39836,10.6007
39837,8.07993
39838,7.86878
39839,8.69607
39840,8.76198
39841,10.1474
39842,10.6077
39843,8.95477
39844,9.36922
39845,9.43942
39846,8.46177
39847,9.4702
39848,9.70223
39849,10.0934
39850,12.157
39851,10.9705
39852,10.6148
39853,11.7115
39854,7.77351
39855,12.8706
39856,13.5877
39857,13.6689
39858,10.2131
39859,9.33229
39860,9.90062
39861,7.27049
39862,9.95896
39863,10.2432
39864,10.6116
39865,11.0907
39866,8.56025
39867,11.0224
39868,7.60952
39869,8.90876
39870,6.13309
39871,9.41917
39872,9.87585
39873,9.06447
39874,10.558
39875,6.96569
39876,12.5699
39877,12.0582
39878,10.2733
39879,10.2774
39880,13.4275
39881,15.0455
39882,6.55574
39883,7.28998
39884,7.4917
39885,10.6213
39886,9.87266
39887,13.9145
39888,7.99893
39889,11.5023
39890,10.9365
39891,11.9864
39892,12.0427
39893,8.43572
39894,7.76854
39895,8.1362
39896,11.2047
39897,9.54359
39898,8.0543
39899,13.1512
39900,10.567
39901,9.69486
39902,9.71115
39903,11.8951
39904,9.90355
39905,11.9494
39906,10.4383
39907,8.49687
39908,11.6254
39909,11.9048
39910,8.96967
39911,12.2154
39912,9.32132
39913,7.47046
39914,7.96831
39915,6.28069
39916,10.4691
39917,10.8133
39918,16.0833
39919,9.32226
39920,11.3529
39921,6.37077
39922,7.45806
39923,9.88326
39924,6.98343
39925,10.2269
39926,11.0743
39927,9.86232
39928,6.05402
39929,9.10282
39930,12.1936
39931,9.3517
39932,11.423
39933,7.69935
39934,10.9179
39935,10.9309
39936,8.72448
39937,9.52886
39938,13.8629
39939,10.4842
39940,6.91119
39941,11.6799
39942,12.9904
39943,7.78732
39944,10.2206
39945,10.4326
39946,11.676
39947,7.04507
39948,7.47979
39949,12.7682
39950,11.2095
39951,10.1093
39952,12.2747
39953,9.15603
39954,15.8518
39955,9.94775
39956,8.07872
39957,16.155
39958,9.43753
39959,10.3957
39960,11.4148
39961,7.39187
39962,8.02484
39963,11.2827
39964,8.73095
39965,9.04781
39966,9.45594
39967,10.1749
39968,11.355
39969,9.7342
39970,9.44168
39971,11.1697
39972,9.59164
39973,8.79597
39974,13.0683
39975,12.6195
39976,8.70309
39977,9.50708
39978,9.9232
39979,10.4529
39980,8.59387
39981,11.6532
39982,11.8
39983,10.6211
39984,8.03903
39985,11.7094
39986,10.6495
39987,8.05268
39988,7.40948
39989,8.00953
39990,8.40709
39991,9.68128
39992,6.8569
39993,9.09266
39994,9.4969
39995,8.80117
39996,8.89439
39997,9.18203
39998,10.7815
39999,11.3216
40000,8.03915
40001,14.2185
40002,7.44719
40003,13.5193
40004,7.46977
40005,9.95945
40006,9.95603
40007,12.5585
40008,14.7062
40009,12.2161
40010,15.4659
40011,14.8211
40012,8.37105
40013,8.8717
40014,8.11816
40015,7.26989
40016,7.27833
40017,8.15204
40018,11.2276
40019,11.0422
40020,11.6635
40021,9.89715
40022,9.09824
40023,12.3419
40024,9.84675
40025,13.1397
40026,13.58
40027,11.1194
40028,14.9431
40029,10.9922
40030,8.27929
40031,7.75502
40032,16.9559
40033,10.0538
40034,11.0498
40035,11.0582
40036,8.73343
40037,8.11138
40038,12.2091
40039,11.3174
40040,7.25581
40041,8.55477
40042,12.657
40043,9.21912
40044,9.07631
40045,10.6748
40046,9.01676
40047,17.2372
40048,11.5109
40049,13.9186
40050,8.54233
40051,8.84294
40052,8.8779
40053,10.6587
40054,12.1325
40055,9.41185
40056,11.5
40057,11.0649
40058,12.7675
40059,15.1218
40060,8.64685
40061,11.2903
40062,7.51476
40063,12.1255
40064,12.6133
40065,12.0256
40066,8.70325
40067,8.73911
40068,10.8618
40069,9.85974
40070,11.4532
40071,5.65941
40072,11.2749
40073,10.7273
40074,11.0456
40075,6.30854
40076,18.317
40077,12.6838
40078,9.71058
40079,6.7886
40080,11.063
40081,11.3064
40082,10.3552
40083,10.5577
40084,12.2735
40085,12.4725
40086,13.5776
40087,14.284
40088,13.6319
40089,12.0279
40090,8.66045
40091,7.82903
40092,10.2718
40093,10.9844
40094,12.9165
40095,12.7251
40096,6.16842
40097,8.24881
40098,7.42646
40099,7.81763
40100,8.23349
40101,8.48639
40102,9.53026
40103,7.69111
40104,10.2696
40105,9.29733
40106,10.4204
40107,9.95413
40108,8.08139
40109,10.513
40110,10.7683
40111,12.0411
40112,13.4681
40113,8.94932
40114,11.0591
40115,8.12238
40116,8.501
40117,8.24567
40118,10.9776
40119,10.2618
40120,11.3149
40121,12.0055
40122,8.36712
40123,8.02401
40124,9.50773
40125,15.8195
40126,8.92341
40127,9.41063
40128,9.79157
40129,9.90023
40130,8.9329
40131,10.9712
40132,10.1054
40133,7.27715
40134,7.94199
40135,15.8413
40136,13.6776
40137,10.4219
40138,10.5722
40139,7.759
40140,10.1629
40141,8.67073
40142,12.8576
40143,15.6007
40144,8.13638
40145,8.82112
40146,10.0101
40147,12.7845
40148,9.43192
40149,8.78785
40150,7.83853
40151,9.52821
40152,15.5322
40153,12.5632
40154,12.9631
40155,10.0204
40156,11.5485
40157,10.0646
40158,14.9947
40159,8.39088
40160,5.98044
40161,7.60349
40162,13.1349
40163,12.6021
40164,19.9511
40165,7.98869
40166,7.99813
40167,16.2301
40168,9.27399
40169,6.35339
40170,8.49468
40171,15.487
40172,9.4897
40173,15.7114
40174,8.62246
40175,10.9415
40176,9.04229
40177,8.10695
40178,9.25436
40179,11.6455
40180,10.4792
40181,8.02983
40182,12.1261
40183,10.7603
40184,8.88607
40185,8.39804
40186,7.6871
40187,9.33206
40188,8.29018
40189,8.37804
40190,9.3927
40191,9.4226
40192,10.8979
40193,7.24275
40194,10.3342
40195,9.10219
40196,10.1106
40197,8.63946
40198,11.0597
40199,9.22111
40200,11.345
40201,15.3738
40202,12.6172
40203,12.6129
40204,9.45186
40205,9.56491
40206,12.0121
40207,12.3851
40208,10.3849
40209,7.70873
40210,10.0362
40211,12.1021
40212,11.0521
40213,7.22601
40214,10.452
40215,11.5662
40216,14.6365
40217,8.63356
40218,6.95491
40219,8.31389
40220,7.06281
40221,10.1882
40222,10.3892
40223,8.46829
40224,11.7998
40225,11.4716
40226,5.88748
40227,13.771
40228,14.0499
40229,11.7159
40230,7.96726
40231,7.99592
40232,7.46429
40233,12.1257
40234,10.7126
40235,10.8695
40236,11.4494
40237,7.89568
40238,16.2161
40239,9.66942
40240,13.5265
40241,11.398
40242,8.47928
40243,7.24017
40244,7.76323
40245,12.6097
40246,11.8054
40247,8.85532
40248,12.9256
40249,10.0939
40250,9.5249
40251,11.8026
40252,10.0615
40253,8.25174
40254,17.3977
40255,8.45953
40256,8.82037
40257,10.9005
40258,9.92177
40259,10.1519
40260,10.9903
40261,16.0921
40262,11.7536
40263,12.9356
40264,6.13416
40265,6.49738
40266,7.04513
40267,7.29011
40268,14.5679
40269,11.3484
40270,9.6365
40271,8.64494
40272,10.6534
40273,13.211
40274,10.6077
40275,9.61875
40276,9.32324
40277,10.3646
40278,10.6781
40279,10.2894
40280,12.3495
40281,6.70952
40282,7.05453
40283,8.29107
40284,7.46551
40285,7.53746
40286,8.09606
40287,10.0049
40288,9.05881
40289,10.083
40290,11.1205
40291,10.5747
40292,7.96238
40293,9.32986
40294,10.3559
40295,13.4948
40296,12.8416
40297,12.8745
40298,6.21094
40299,8.66122
40300,10.8104
40301,8.50217
40302,10.5038
40303,11.2642
40304,8.32496
40305,7.55333
40306,15.5985
40307,9.79668
40308,10.1815
40309,11.4239
40310,11.5655
40311,10.0549
40312,7.2555
40313,8.40936
40314,10.6419
40315,10.3171
40316,10.5581
40317,19.6543
40318,10.7443
40319,9.12555
40320,13.6901
40321,14.4776
40322,7.60249
40323,8.40163
40324,8.7058
40325,8.95194
40326,9.04984
40327,8.58972
40328,10.3171
40329,9.69534
40330,11.8326
40331,11.8648
40332,9.82922
40333,10.3274
40334,9.65252
40335,6.00417
40336,8.15167
40337,7.36171
40338,10.5628
40339,6.33895
40340,10.9493
40341,10.5897
40342,12.5363
40343,11.0061
40344,10.5574
40345,8.789
40346,7.28036
40347,9.73179
40348,11.3358
40349,8.29582
40350,8.75848
40351,13.4623
40352,7.56854
40353,7.68329
40354,7.81682
40355,10.8625
40356,11.4092
40357,11.6036
40358,13.9591
40359,10.2264
40360,9.26606
40361,10.3128
40362,9.60424
40363,11.7923
40364,10.0088
40365,10.0355
40366,7.10686
40367,10.6624
40368,9.86075
40369,8.21371
40370,11.3391
40371,9.41605
40372,13.6402
40373,14.263
40374,10.9827
40375,10.7667
40376,9.25188
40377,10.1099
40378,11.8937
40379,7.98665
40380,11.5767
40381,12.8641
40382,12.972
40383,8.35207
40384,7.73643
40385,8.20844
40386,7.41698
40387,13.034
40388,10.0765
40389,9.44031
40390,9.64754
40391,8.74629
40392,9.84439
40393,8.94828
40394,8.98177
40395,11.2041
40396,10.5465
40397,9.96072
40398,11.3703
40399,10.7209
40400,9.77105
40401,7.42051
40402,7.69778
40403,13.8087
40404,7.94756
40405,14.249
40406,15.3446
40407,10.5766
40408,12.768
40409,7.86784
40410,10.9265
40411,10.8625
40412,9.19628
40413,9.23673
40414,9.48213
40415,10.1519
40416,12.7755
40417,11.0146
40418,14.3473
40419,11.6037
40420,11.2028
40421,10.5669
40422,12.9018
40423,6.69402
40424,10.6619
40425,7.09849
40426,16.361
40427,12.0084
40428,9.14396
40429,8.65783
40430,14.6892
40431,8.71425
40432,8.78366
40433,9.81657
40434,10.0886
40435,9.24621
40436,10.3336
40437,10.5276
40438,8.54425
40439,10.1301
40440,10.4689
40441,9.51632
40442,10.5524
40443,10.6781
40444,10.7811
40445,10.8547
40446,13.3633
40447,11.9536
40448,12.2474
40449,11.8407
40450,7.30384
40451,7.46481
40452,10.7115
40453,8.2584
40454,12.0426
40455,13.2082
40456,9.79361
40457,9.90818
40458,8.65719
40459,18.2912
40460,12.4862
40461,16.5095
40462,11.0529
40463,12.1299
40464,10.5436
40465,8.34944
40466,12.8726
40467,9.38636
40468,9.12267
40469,8.28256
40470,9.36116
40471,8.69577
40472,8.85515
40473,9.20428
40474,11.4936
40475,9.85147
40476,10.4621
40477,7.93684
40478,11.0963
40479,8.40891
40480,9.17191
40481,13.313
40482,10.2371
40483,13.1407
40484,8.16425
40485,11.6384
40486,9.37874
40487,8.53397
40488,8.92393
40489,10.2247
40490,8.06321
40491,13.1747
40492,8.24525
40493,9.63599
40494,10.063
40495,10.0175
40496,8.16564
40497,15.8149
40498,8.00956
40499,8.58127
40500,10.0036
40501,12.3727
40502,7.61972
40503,9.6728
40504,9.68848
40505,9.97476
40506,9.08979
40507,10.2016
40508,10.2844
40509,9.74199
40510,8.09181
40511,10.5632
40512,9.67429
40513,10.7752
40514,13.0069
40515,9.71041
40516,13.3316
40517,11.7537
40518,11.7715
40519,9.8819
40520,13.3105
40521,9.47421
40522,7.1361
40523,4.95118
40524,6.1473
40525,5.23038
40526,6.43068
40527,13.7249
40528,9.73802
40529,9.8928
40530,8.13654
40531,9.60087
40532,10.9669
40533,8.04979
40534,13.7077
40535,9.75364
40536,11.1142
40537,17.4089
40538,11.4411
40539,10.2831
40540,10.6067
40541,8.95378
40542,9.10985
40543,15.4022
40544,9.55627
40545,10.006
40546,12.972
40547,15.0282
40548,11.6086
40549,7.72583
40550,6.34745
40551,11.9408
40552,9.01607
40553,8.0245
40554,9.30782
40555,11.2333
40556,11.3349
40557,12.1226
40558,8.31982
40559,7.93576
40560,13.1134
40561,8.94882
40562,10.1422
40563,9.4428
40564,7.73697
40565,8.28286
40566,6.97124
40567,10.1715
40568,11.6945
40569,13.1914
40570,8.70745
40571,9.64329
40572,9.20806
40573,10.343
40574,10.9624
40575,12.8322
40576,7.84885
40577,13.0273
40578,14.0364
40579,8.64224
40580,6.67326
40581,9.86646
40582,7.58865
40583,14.6009
40584,9.62852
40585,10.7599
40586,11.0115
40587,10.0586
40588,12.3213
40589,10.4218
40590,11.1038
40591,11.8797
40592,10.9701
40593,12.0375
40594,12.077
40595,8.33378
40596,12.5545
40597,8.66241
40598,8.69791
40599,13.0041
40600,11.2557
40601,12.6054
40602,5.73469
40603,9.82363
40604,10.7977
40605,11.3189
40606,11.4803
40607,13.8102
40608,11.4421
40609,11.6937
40610,15.472
40611,13.6863
40612,8.72312
40613,14.1107
40614,7.55968
40615,7.56811
40616,9.60749
40617,7.73991
40618,9.89741
40619,8.14557
40620,8.21922
40621,7.33154
40622,8.64811
40623,8.76695
40624,11.9168
40625,9.40854
40626,9.74981
40627,11.0687
40628,11.2733
40629,11.7317
40630,11.2026
40631,7.62301
40632,14.6893
40633,12.7721
40634,8.63873
40635,6.77958
40636,12.9793
40637,8.6621
40638,9.7734
40639,8.92203
40640,9.29944
40641,7.13599
40642,8.75316
40643,8.91088
40644,15.035
40645,11.3806
40646,6.54311
40647,11.0528
40648,10.4207
40649,10.8507
40650,10.9462
40651,12.225
40652,8.54679
40653,7.47075
40654,9.52415
40655,9.62207
40656,12.104
40657,10.513
40658,10.9153
40659,12.6564
40660,11.3905
40661,9.08176
40662,9.4255
40663,8.40775
40664,10.8944
40665,7.04108
40666,13.2733
40667,14.8422
40668,9.0063
40669,6.24413
40670,5.69557
40671,9.88763
40672,13.0105
40673,7.71612
40674,10.7908
40675,10.9046
40676,12.9264
40677,9.99834
40678,8.01664
40679,8.63917
40680,11.0392
40681,9.14144
40682,14.194
40683,9.37791
40684,9.83429
40685,10.2429
40686,13.25
40687,9.62299
40688,10.1185
40689,7.93829
40690,18.6802
40691,8.68031
40692,9.62099
40693,10.3008
40694,9.41328
40695,10.5775
40696,8.87418
40697,11.2907
40698,12.3459
40699,9.53365
40700,8.18689
40701,10.1953
40702,11.7907
40703,8.89831
40704,11.0128
40705,11.501
40706,11.707
40707,7.42501
40708,10.7007
40709,8.7901
40710,8.8792
40711,8.18815
40712,6.64699
40713,11.0255
40714,10.0574
40715,9.05971
40716,8.59084
40717,8.38562
40718,9.13067
40719,10.3195
40720,9.70633
40721,9.80994
40722,9.51649
40723,6.84588
40724,14.3818
40725,13.5878
40726,7.84216
40727,11.4309
40728,7.60668
40729,10.9008
40730,7.95467
40731,8.27585
40732,8.83828
40733,10.2975
40734,10.3753
40735,8.64359
40736,8.70487
40737,9.05433
40738,9.07362
40739,11.0447
40740,10.258
40741,8.7003
40742,6.92727
40743,11.1332
40744,11.2983
40745,8.41547
40746,8.92056
40747,8.16225
40748,8.30599
40749,12.4361
40750,8.9537
40751,9.14128
40752,10.5868
40753,9.85705
40754,10.9029
40755,8.31016
40756,14.4789
40757,10.607
40758,10.9587
40759,15.2879
40760,11.5558
40761,6.79439
40762,7.11941
40763,8.52827
40764,8.71473
40765,7.94522
40766,8.17906
40767,10.2857
40768,9.84347
40769,10.9898
40770,9.10195
40771,11.2598
40772,10.1153
40773,12.4119
40774,11.1661
40775,13.953
40776,9.04193
40777,10.3492
40778,8.3614
40779,12.5422
40780,7.3667
40781,11.0585
40782,9.10033
40783,11.569
40784,9.83253
40785,10.9537
40786,7.84183
40787,9.08487
40788,9.11093
40789,12.1872
40790,12.7715
40791,9.85935
40792,13.5287
40793,10.9626
40794,14.1158
40795,10.1258
40796,11.9971
40797,11.2705
40798,15.3508
40799,11.5241
40800,11.7007
40801,12.8914
40802,13.1566
40803,14.0734
40804,10.7642
40805,12.3687
40806,14.0293
40807,8.69601
40808,9.10545
40809,14.1952
40810,11.3771
40811,9.72809
40812,8.92363
40813,8.70295
40814,8.95772
40815,11.0205
40816,11.0685
40817,10.236
40818,7.31092
40819,9.31935
40820,11.8709
40821,11.0683
40822,11.7418
40823,7.00391
40824,7.20973
40825,7.45052
40826,12.6768
40827,9.17605
40828,8.72345
40829,14.7629
40830,8.82701
40831,9.35955
40832,9.73308
40833,10.4725
40834,7.95426
40835,11.1283
40836,13.4262
40837,12.9652
40838,10.1673
40839,7.50627
40840,7.35356
40841,10.3659
40842,11.6158
40843,7.95734
40844,8.37172
40845,8.79056
40846,9.44633
40847,12.6411
40848,9.83099
40849,12.0262
40850,8.1636
40851,10.2533
40852,10.633
40853,11.7241
40854,10.6204
40855,8.63834
40856,12.8116
40857,12.8497
40858,8.91022
40859,7.872
40860,9.08457
40861,14.1581
40862,7.67231
40863,10.7012
40864,10.8337
40865,7.94121
40866,8.79046
40867,8.824
40868,16.9252
40869,7.85712
40870,11.5672
40871,11.892
40872,8.90864
40873,9.91918
40874,10.9308
40875,11.3024
40876,9.4927
40877,10.0817
40878,7.798
40879,9.53946
40880,14.2435
40881,8.57765
40882,7.61104
40883,7.99718
40884,9.15958
40885,8.18883
40886,9.6931
40887,7.17439
40888,7.20499
40889,13.5578
40890,10.6312
40891,11.7299
40892,12.0724
40893,9.01104
40894,8.24637
40895,10.8466
40896,9.11807
40897,10.3581
40898,11.5198
40899,14.7547
40900,10.7189
40901,10.2033
40902,8.62242
40903,12.1202
40904,11.6638
40905,7.74416
40906,10.7741
40907,10.8522
40908,9.55886
40909,14.2478
40910,14.2887
40911,9.43117
40912,12.4517
40913,8.90567
40914,10.8407
40915,7.18487
40916,8.38062
40917,10.8537
40918,8.86216
40919,10.0663
40920,10.4264
40921,8.68754
40922,9.66167
40923,9.95582
40924,9.13322
40925,12.2817
40926,9.96205
40927,9.43531
40928,7.53093
40929,9.89942
40930,7.30679
40931,7.55433
40932,9.66978
40933,8.38899
40934,8.89439
40935,10.4065
40936,11.816
40937,11.0639
40938,8.5486
40939,10.6383
40940,10.7052
40941,10.0128
40942,10.0647
40943,11.1157
40944,11.4639
40945,13.6243
40946,13.0539
40947,10.6138
40948,8.64086
40949,14.8298
40950,11.2093
40951,11.2328
40952,9.34656
40953,9.17498
40954,9.63062
40955,10.1821
40956,12.3519
40957,10.9369
40958,13.8534
40959,10.0126
40960,7.85087
40961,6.24498
40962,11.0626
40963,8.4893
40964,8.51645
40965,8.73381
40966,8.74612
40967,9.227
40968,8.35924
40969,9.65436
40970,12.1924
40971,11.2008
40972,7.89994
40973,7.97166
40974,8.70473
40975,13.8388
40976,9.96376
40977,9.35195
40978,15.9686
40979,10.8994
40980,11.0687
40981,9.63226
40982,13.6617
40983,10.0148
40984,12.3691
40985,8.68956
40986,8.36625
40987,7.7959
40988,7.02985
40989,10.1332
40990,13.1953
40991,13.2494
40992,13.4036
40993,13.5941
40994,10.6652
40995,12.2355
40996,12.2456
40997,10.307
40998,17.3553
40999,7.6833
41000,9.51082
41001,9.37277
41002,7.39501
41003,9.77209
41004,10.2234
41005,8.31392
41006,8.32236
41007,7.34761
41008,11.393
41009,10.987
41010,7.0015
41011,9.85938
41012,9.05874
41013,8.2114
41014,9.26311
41015,11.2766
41016,8.30639
41017,9.51589
41018,8.82131
41019,10.9226
41020,8.01872
41021,8.25883
41022,9.54654
41023,9.79938
41024,11.9559
41025,10.3525
41026,10.4637
41027,13.5487
41028,10.7442
41029,11.4927
41030,10.5069
41031,9.82607
41032,11.8759
41033,10.441
41034,11.066
41035,11.9662
41036,7.92758
41037,8.27726
41038,11.386
41039,8.59868
41040,8.72801
41041,8.21348
41042,9.43001
41043,12.7083
41044,8.76094
41045,10.1714
41046,9.4218
41047,9.70611
41048,10.7617
41049,11.0064
41050,11.1477
41051,13.5127
41052,5.64389
41053,9.04342
41054,9.63066
41055,16.3047
41056,10.989
41057,8.49537
41058,9.81142
41059,12.1246
41060,8.27501
41061,9.36481
41062,14.565
41063,10.9718
41064,10.562
41065,9.43773
41066,9.57035
41067,8.62067
41068,10.2997
41069,7.3391
41070,11.327
41071,10.635
41072,10.7797
41073,10.9127
41074,7.71513
41075,9.99303
41076,7.33144
41077,12.3732
41078,10.8809
41079,7.42545
41080,8.60438
41081,9.65358
41082,11.1604
41083,8.7357
41084,10.8757
41085,7.59352
41086,9.73507
41087,8.78988
41088,11.2892
41089,9.46764
41090,9.23508
41091,11.2534
41092,9.29831
41093,9.77
41094,9.9746
41095,10.5963
41096,9.15384
41097,9.4495
41098,8.70286
41099,10.7379
41100,11.2229
41101,7.05425
41102,7.93922
41103,9.36077
41104,11.7964
41105,6.50355
41106,6.64279
41107,12.5621
41108,11.6867
41109,9.89711
41110,9.10176
41111,9.30257
41112,13.235
41113,11.3649
41114,8.39114
41115,8.55429
41116,9.01839
41117,10.0074
41118,9.26234
41119,9.47057
41120,8.81017
41121,11.2264
41122,12.7597
41123,7.96652
41124,13.5773
41125,9.34311
41126,11.5292
41127,6.68732
41128,12.347
41129,9.14247
41130,9.15368
41131,9.29292
41132,9.68012
41133,9.46598
41134,9.589
41135,12.2984
41136,8.69092
41137,9.40211
41138,8.30839
41139,9.35118
41140,10.1895
41141,7.17945
41142,6.96827
41143,7.54581
41144,13.9029
41145,8.34098
41146,10.5418
41147,10.0385
41148,9.17155
41149,9.94534
41150,9.03392
41151,9.2382
41152,9.3663
41153,11.4519
41154,7.47642
41155,7.78969
41156,10.2246
41157,10.5855
41158,9.0432
41159,8.38156
41160,10.8332
41161,8.0478
41162,11.1126
41163,10.4374
41164,9.71136
41165,11.8837
41166,10.345
41167,9.35342
41168,11.6329
41169,10.7744
41170,8.96852
41171,9.54275
41172,9.78303
41173,10.0237
41174,12.9238
41175,11.0413
41176,11.4617
41177,10.6458
41178,6.72627
41179,8.05918
41180,11.8948
41181,8.92626
41182,11.73
41183,11.0425
41184,10.5063
41185,13.0634
41186,12.2822
41187,12.5256
41188,7.33602
41189,7.35941
41190,9.89115
41191,9.93214
41192,8.9603
41193,10.4407
41194,11.5033
41195,8.93312
41196,9.74443
41197,10.6281
41198,7.76154
41199,9.94741
41200,8.88036
41201,10.2213
41202,8.43167
41203,10.4527
41204,11.7071
41205,6.81378
41206,11.3522
41207,8.00831
41208,12.518
41209,11.0247
41210,10.3403
41211,9.65244
41212,9.9911
41213,12.1259
41214,15.3096
41215,12.4591
41216,10.4038
41217,8.76874
41218,14.4768
41219,12.5849
41220,11.1171
41221,10.8996
41222,11.0286
41223,7.59434
41224,8.17939
41225,7.99468
41226,10.1947
41227,8.97407
41228,10.1821
41229,11.1037
41230,11.1725
41231,10.4736
41232,11.3717
41233,11.5773
41234,12.5857
41235,12.3506
41236,10.4458
41237,10.8683
41238,9.24395
41239,11.7359
41240,8.37975
41241,6.55563
41242,14.0886
41243,9.49047
41244,10.5149
41245,8.98574
41246,10.6177
41247,9.68829
41248,7.7315
41249,10.0937
41250,10.1498
41251,8.89091
41252,9.91811
41253,10.1362
41254,10.3774
41255,10.1697
41256,11.4388
41257,7.81604
41258,7.97038
41259,9.0657
41260,8.49597
41261,9.71908
41262,8.8087
41263,10.1729
41264,9.194
41265,9.41285
41266,11.4849
41267,11.4933
41268,10.7866
41269,9.91066
41270,10.3521
41271,11.5702
41272,11.7337
41273,9.34017
41274,14.5406
41275,12.5
41276,12.5909
41277,14.7239
41278,8.19789
41279,8.31598
41280,7.90029
41281,8.21474
41282,15.5406
41283,10.473
41284,9.61236
41285,12.2161
41286,8.21843
41287,10.205
41288,14.6018
41289,10.3899
41290,10.7273
41291,10.8804
41292,7.8272
41293,9.81807
41294,11.3485
41295,10.83
41296,9.11858
41297,10.316
41298,9.50504
41299,8.39277
41300,8.45215
41301,9.25892
41302,10.9375
41303,10.1304
41304,11.1101
41305,12.1669
41306,6.53054
41307,10.5228
41308,7.60128
41309,9.29476
41310,7.30336
41311,10.6621
41312,10.85
41313,9.66145
41314,9.0777
41315,10.4489
41316,9.60958
41317,10.7425
41318,9.90211
41319,10.0878
41320,10.9007
41321,6.61971
41322,11.8697
41323,12.8816
41324,12.1394
41325,8.23193
41326,9.8198
41327,13.9918
41328,11.4731
41329,8.29397
41330,14.6195
41331,9.93969
41332,11.3714
41333,8.53281
41334,12.6245
41335,9.42862
41336,9.038
41337,6.82522
41338,9.98356
41339,10.3239
41340,7.36205
41341,13.7557
41342,11.8139
41343,10.4199
41344,8.66233
41345,12.9345
41346,10.0619
41347,10.1734
41348,10.3418
41349,10.8365
41350,9.6478
41351,11.8799
41352,10.9653
41353,8.57146
41354,9.59057
41355,10.3241
41356,8.45644
41357,14.399
41358,11.6007
41359,6.26544
41360,12.0533
41361,9.06683
41362,9.26179
41363,8.54063
41364,8.75474
41365,8.34058
41366,10.5071
41367,10.8932
41368,8.92129
41369,9.09986
41370,10.908
41371,11.2302
41372,11.6813
41373,11.6626
41374,7.21115
41375,10.1281
41376,11.2099
41377,9.51142
41378,14.6217
41379,10.0185
41380,10.051
41381,11.8546
41382,11.3509
41383,11.6113
41384,12.9883
41385,8.56488
41386,8.40326
41387,9.8399
41388,6.9963
41389,8.96386
41390,10.0903
41391,10.2358
41392,10.4379
41393,12.0686
41394,10.6296
41395,10.9409
41396,9.54316
41397,8.23814
41398,7.0032
41399,9.47073
41400,8.85432
41401,11.1301
41402,9.04247
41403,12.1295
41404,11.826
41405,10.2666
41406,10.0038
41407,6.86561
41408,8.09706
41409,8.14028
41410,8.69486
41411,8.8116
41412,8.85293
41413,7.88334
41414,7.53574
41415,8.10908
41416,8.37251
41417,10.3809
41418,9.46241
41419,10.7232
41420,8.73202
41421,10.8461
41422,10.9159
41423,11.059
41424,11.0994
41425,11.1346
41426,9.3426
41427,11.6093
41428,9.7641
41429,9.9827
41430,10.1475
41431,8.65074
41432,7.80251
41433,7.93822
41434,13.173
41435,11.232
41436,11.3868
41437,11.5501
41438,11.7504
41439,12.5973
41440,10.7621
41441,8.86503
41442,8.87776
41443,12.2115
41444,9.26105
41445,7.33803
41446,10.2724
41447,9.9598
41448,11.2371
41449,11.461
41450,9.05551
41451,10.7715
41452,7.82854
41453,14.0003
41454,8.01514
41455,13.1373
41456,10.3471
41457,10.7757
41458,8.99244
41459,10.0181
41460,7.3636
41461,10.4604
41462,9.51301
41463,7.58674
41464,10.9091
41465,7.29061
41466,11.3811
41467,7.58726
41468,9.10965
41469,9.34181
41470,10.3315
41471,10.6889
41472,10.7046
41473,9.78128
41474,8.82762
41475,8.99854
41476,11.0359
41477,10.0506
41478,7.71633
41479,8.34593
41480,9.48684
41481,10.2137
41482,11.4143
41483,10.0415
41484,14.1917
41485,14.7062
41486,12.8477
41487,9.48792
41488,7.69532
41489,8.5248
41490,8.74662
41491,10.105
41492,10.274
41493,11.5746
41494,13.9599
41495,13.3918
41496,10.4626
41497,9.73929
41498,10.1547
41499,8.63813
41500,9.46798
41501,10.0599
41502,12.5493
41503,12.6304
41504,11.0785
41505,7.2068
41506,14.7305
41507,10.601
41508,13.1076
41509,11.1234
41510,11.3869
41511,7.4237
41512,8.05459
41513,9.03612
41514,9.15027
41515,8.22821
41516,10.5111
41517,12.7937
41518,8.46343
41519,8.92852
41520,10.8904
41521,13.2579
41522,12.2689
41523,8.28225
41524,10.8265
41525,11.2173
41526,11.8875
41527,6.98843
41528,9.10116
41529,13.9847
41530,8.57539
41531,7.47838
41532,9.79674
41533,10.0844
41534,8.23322
41535,10.5804
41536,10.075
41537,10.0625
41538,12.1303
41539,12.5285
41540,10.6151
41541,11.2966
41542,12.3709
41543,12.7273
41544,12.1463
41545,14.4329
41546,5.61849
41547,10.3825
41548,9.63653
41549,8.75364
41550,10.3476
41551,10.4693
41552,11.6112
41553,7.99836
41554,9.62622
41555,7.64621
41556,9.15019
41557,10.6443
41558,11.9776
41559,9.09896
41560,11.6321
41561,10.0536
41562,10.6487
41563,12.8306
41564,7.1728
41565,13.2498
41566,7.46345
41567,8.0719
41568,7.88174
41569,6.25044
41570,9.31393
41571,7.13197
41572,9.34023
41573,10.4104
41574,8.71132
41575,8.45642
41576,13.5943
41577,14.4962
41578,9.91486
41579,13.9763
41580,8.06207
41581,7.32666
41582,10.9263
41583,8.00954
41584,8.27277
41585,11.7685
41586,13.0815
41587,11.4561
41588,10.6905
41589,12.1432
41590,12.7357
41591,10.2199
41592,10.6476
41593,10.2543
41594,9.49921
41595,15.2118
41596,8.33774
41597,11.0191
41598,11.1194
41599,10.5932
41600,10.44
41601,11.7158
41602,12.1904
41603,11.5109
41604,10.7038
41605,8.9987
41606,9.13646
41607,6.32295
41608,11.3521
41609,7.94621
41610,8.11742
41611,13.1691
41612,11.0871
41613,8.31487
41614,9.06938
41615,8.13258
41616,13.247
41617,9.32595
41618,10.4629
41619,9.49201
41620,10.8492
41621,11.8437
41622,13.5432
41623,13.9976
41624,6.15244
41625,10.0873
41626,8.00508
41627,9.75179
41628,8.92344
41629,12.1902
41630,8.33674
41631,7.86744
41632,7.89214
41633,11.0217
41634,8.4605
41635,9.86938
41636,13.9796
41637,11.1114
41638,9.1783
41639,11.3283
41640,9.79698
41641,14.0499
41642,10.0939
41643,10.6765
41644,11.733
41645,11.7415
41646,12.3757
41647,12.4228
41648,11.4312
41649,9.91317
41650,13.2598
41651,10.8184
41652,13.0278
41653,13.0719
41654,9.74602
41655,11.3323
41656,10.3407
41657,9.88812
41658,5.99251
41659,10.5211
41660,11.0399
41661,12.7592
41662,12.8622
41663,7.90607
41664,11.036
41665,8.50722
41666,10.6114
41667,9.66722
41668,8.95189
41669,9.19
41670,14.221
41671,9.48763
41672,10.2729
41673,13.8666
41674,9.95262
41675,7.26962
41676,8.6933
41677,12.5054
41678,8.92968
41679,9.10596
41680,7.27221
41681,8.58421
41682,10.764
41683,8.38562
41684,11.9205
41685,10.1148
41686,6.77929
41687,10.8428
41688,11.334
41689,9.57149
41690,7.4535
41691,15.4483
41692,9.64744
41693,7.04208
41694,13.4431
41695,8.955
41696,13.5276
41697,12.8666
41698,9.06449
41699,9.06664
41700,7.19496
41701,10.566
41702,9.71943
41703,12.1823
41704,9.85555
41705,8.23629
41706,7.93368
41707,8.18793
41708,10.7467
41709,8.78056
41710,8.9804
41711,9.47714
41712,10.0849
41713,12.2325
41714,10.322
41715,10.435
41716,10.9516
41717,11.2434
41718,12.305
41719,7.98831
41720,12.6115
41721,10.7091
41722,6.97499
41723,7.22167
41724,8.41292
41725,12.772
41726,9.47614
41727,9.51996
41728,10.3811
41729,10.9389
41730,8.81756
41731,10.8405
41732,8.30848
41733,13.346
41734,13.9623
41735,8.13723
41736,10.287
41737,6.31874
41738,10.5469
41739,9.85969
41740,10.7853
41741,5.29979
41742,12.4129
41743,11.6468
41744,7.78608
41745,10.8453
41746,10.1867
41747,10.6868
41748,6.84296
41749,9.95528
41750,6.44545
41751,12.4736
41752,11.3383
41753,11.664
41754,11.6724
41755,10.7066
41756,10.7484
41757,8.84573
41758,9.44343
41759,6.49461
41760,12.1782
41761,7.36352
41762,7.82729
41763,10.626
41764,10.4684
41765,6.44633
41766,8.43666
41767,8.09258
41768,8.16057
41769,8.39529
41770,10.4894
41771,9.49784
41772,8.54081
41773,9.53938
41774,11.5905
41775,8.68079
41776,6.83224
41777,11.0011
41778,10.3245
41779,10.7422
41780,10.2967
41781,11.7213
41782,8.81966
41783,9.36218
41784,9.49081
41785,14.5158
41786,14.6742
41787,10.0877
41788,15.8996
41789,7.00509
41790,10.3595
41791,12.6967
41792,13.7724
41793,7.96475
41794,11.3703
41795,9.02547
41796,9.52175
41797,9.16193
41798,8.21715
41799,13.3511
41800,9.68886
41801,8.4485
41802,6.77326
41803,9.15458
41804,11.3292
41805,11.6696
41806,9.6827
41807,7.15749
41808,7.23506
41809,7.76593
41810,11.0763
41811,11.1901
41812,7.24506
41813,13.2856
41814,12.399
41815,8.76759
41816,9.89327
41817,7.96638
41818,8.98238
41819,8.76808
41820,8.84971
41821,9.38591
41822,8.51969
41823,10.8838
41824,11.145
41825,10.2265
41826,11.2624
41827,11.3283
41828,7.3843
41829,12.7082
41830,8.80475
41831,12.0434
41832,8.1422
41833,7.2973
41834,9.3656
41835,13.4235
41836,13.4705
41837,8.10338
41838,9.39394
41839,9.49778
41840,13.7834
41841,6.01497
41842,8.28512
41843,8.57337
41844,6.74157
41845,14.77
41846,9.04894
41847,11.6847
41848,9.95633
41849,12.0732
41850,11.5028
41851,11.5973
41852,7.73629
41853,9.57552
41854,9.87054
41855,13.0981
41856,15.1647
41857,10.3653
41858,10.7999
41859,11.9862
41860,7.44111
41861,12.7359
41862,6.79251
41863,13.958
41864,7.19933
41865,7.40806
41866,13.4064
41867,10.1231
41868,9.46929
41869,10.8395
41870,12.4179
41871,9.5823
41872,10.1619
41873,10.5972
41874,14.701
41875,8.72765
41876,11.133
41877,11.3082
41878,11.519
41879,14.1036
41880,13.0284
41881,9.57348
41882,9.97499
41883,11.014
41884,6.52235
41885,12.6681
41886,14.2985
41887,13.4981
41888,11.3305
41889,9.43224
41890,9.48604
41891,7.56066
41892,9.11637
41893,9.42356
41894,9.54498
41895,11.6451
41896,10.1927
41897,10.7742
41898,8.03952
41899,11.2836
41900,8.11615
41901,12.8987
41902,10.3989
41903,11.598
41904,14.1193
41905,13.8058
41906,5.29392
41907,9.8474
41908,10.0805
41909,8.32771
41910,10.1326
41911,10.6578
41912,9.49024
41913,12.6583
41914,9.79439
41915,14.2719
41916,10.465
41917,7.96515
41918,11.018
41919,8.1049
41920,13.2487
41921,8.54897
41922,6.62439
41923,11.6593
41924,10.9549
41925,11.0013
41926,10.2266
41927,11.3887
41928,6.41261
41929,9.47747
41930,7.74093
41931,7.95664
41932,9.96507
41933,12.0575
41934,8.36061
41935,7.70917
41936,10.4249
41937,9.5745
41938,9.83778
41939,8.93056
41940,8.99431
41941,11.0116
41942,11.3058
41943,10.4421
41944,12.2845
41945,11.3201
41946,11.5835
41947,12.6537
41948,11.7205
41949,11.8567
41950,12.1362
41951,8.24595
41952,12.8594
41953,14.6294
41954,9.74984
41955,10.3715
41956,10.4782
41957,11.2619
41958,11.3113
41959,13.1069
41960,9.33217
41961,10.2321
41962,11.3085
41963,11.3362
41964,12.5714
41965,7.63682
41966,6.683
41967,13.0199
41968,8.67316
41969,9.72225
41970,15.7946
41971,8.82806
41972,10.5292
41973,10.9894
41974,11.2496
41975,8.43839
41976,12.1863
41977,10.3605
41978,10.7791
41979,9.82866
41980,11.3026
41981,10.4781
41982,10.0067
41983,12.7689
41984,10.7718
41985,11.8618
41986,7.48856
41987,8.38715
41988,7.64561
41989,18.0553
41990,9.46498
41991,10.1464
41992,10.4006
41993,9.2391
41994,10.5435
41995,9.8378
41996,10.7172
41997,7.05457
41998,12.3168
41999,7.99923
42000,7.29904
42001,8.31338
42002,9.63221
42003,7.96377
42004,8.247
42005,9.38481
42006,10.6093
42007,6.17132
42008,10.2497
42009,9.29559
42010,11.3989
42011,10.5592
42012,11.4918
42013,9.54821
42014,11.7443
42015,11.958
42016,12.2846
42017,12.9004
42018,7.32152
42019,9.5183
42020,12.6177
42021,7.55005
42022,10.5895
42023,13.763
42024,11.5607
42025,10.0013
42026,13.9177
42027,10.4954
42028,8.59852
42029,10.6301
42030,11.388
42031,11.3751
42032,10.5142
42033,9.44756
42034,7.14771
42035,10.1795
42036,11.3029
42037,11.7004
42038,7.99807
42039,16.3814
42040,9.13953
42041,7.17013
42042,9.32138
42043,10.5823
42044,9.77674
42045,12.638
42046,8.6634
42047,8.87668
42048,11.0339
42049,7.2256
42050,7.26835
42051,11.4941
42052,7.57143
42053,11.5995
42054,10.1842
42055,8.60392
42056,8.86228
42057,9.75909
42058,11.0734
42059,10.1322
42060,12.3649
42061,11.4859
42062,12.6855
42063,13.9687
42064,11.9771
42065,8.34954
42066,9.45721
42067,9.51216
42068,5.71065
42069,9.7423
42070,8.985
42071,9.26812
42072,6.91798
42073,14.9602
42074,10.9691
42075,7.1627
42076,7.19854
42077,10.2147
42078,10.7283
42079,7.93221
42080,9.03299
42081,11.2272
42082,11.8649
42083,12.0244
42084,12.0355
42085,7.3887
42086,13.7314
42087,10.2084
42088,10.4422
42089,8.64484
42090,9.22562
42091,10.121
42092,11.0769
42093,13.5075
42094,10.4295
42095,8.99923
42096,8.18208
42097,11.3051
42098,11.3151
42099,10.9286
42100,18.9669
42101,9.00207
42102,9.0528
42103,9.07279
42104,11.4087
42105,10.5759
42106,8.82057
42107,6.09514
42108,7.64823
42109,7.67564
42110,9.89852
42111,7.93183
42112,8.42219
42113,8.22137
42114,8.77896
42115,9.8448
42116,14.4105
42117,9.48696
42118,10.591
42119,7.764
42120,9.49219
42121,10.7634
42122,12.1157
42123,10.1242
42124,10.4617
42125,10.5082
42126,7.84494
42127,13.3878
42128,9.53042
42129,8.54573
42130,9.75446
42131,9.71607
42132,10.5143
42133,11.5815
42134,12.1078
42135,8.36703
42136,12.0351
42137,9.09717
42138,12.4803
42139,14.1431
42140,14.3565
42141,10.9513
42142,15.2861
42143,9.34537
42144,12.5519
42145,11.7136
42146,8.77209
42147,15.0577
42148,12.7092
42149,9.98375
42150,10.0816
42151,9.85596
42152,11.0207
42153,8.74693
42154,11.4527
42155,11.1184
42156,11.918
42157,10.627
42158,8.72574
42159,11.2251
42160,10.3402
42161,11.7558
42162,9.80614
42163,10.1177
42164,7.76357
42165,10.5165
42166,10.6866
42167,6.88387
42168,11.4105
42169,12.2829
42170,12.3387
42171,10.5829
42172,12.8354
42173,9.87716
42174,11.6038
42175,11.6644
42176,7.8133
42177,9.17442
42178,13.3034
42179,9.33616
42180,7.97899
42181,7.35394
42182,11.4505
42183,11.4617
42184,8.61661
42185,12.1947
42186,12.5358
42187,8.5627
42188,9.96861
42189,9.03754
42190,9.12768
42191,6.39691
42192,7.65928
42193,12.9658
42194,8.32884
42195,7.80314
42196,9.82124
42197,7.84188
42198,10.894
42199,11.1954
42200,8.23105
42201,8.3558
42202,8.79193
42203,9.63908
42204,12.7345
42205,10.1526
42206,6.59559
42207,13.1428
42208,8.80869
42209,16.0181
42210,8.26072
42211,8.66708
42212,8.98833
42213,10.3554
42214,9.56857
42215,6.85778
42216,12.1854
42217,7.24491
42218,16.517
42219,10.3046
42220,7.68369
42221,13.254
42222,11.4561
42223,8.07699
42224,8.26109
42225,8.51783
42226,8.97957
42227,9.38345
42228,9.79488
42229,10.5264
42230,8.25432
42231,11.6708
42232,11.8114
42233,14.2858
42234,7.55845
42235,8.20001
42236,9.2491
42237,8.25803
42238,9.55553
42239,11.0804
42240,11.2988
42241,11.4531
42242,10.558
42243,8.96808
42244,11.0904
42245,9.616
42246,9.63265
42247,8.499
42248,7.63455
42249,12.7195
42250,11.1223
42251,14.1684
42252,9.64318
42253,8.93239
42254,8.34928
42255,11.8038
42256,10.2261
42257,11.7324
42258,7.06495
42259,7.39475
42260,11.5358
42261,7.73656
42262,7.88944
42263,7.9047
42264,9.6191
42265,9.02537
42266,7.18114
42267,9.46757
42268,9.68404
42269,7.80789
42270,9.88407
42271,9.91994
42272,8.40845
42273,10.6128
42274,10.7088
42275,7.04052
42276,11.5329
42277,12.7113
42278,11.038
42279,11.2397
42280,7.46192
42281,8.57418
42282,7.9752
42283,9.52393
42284,9.56536
42285,7.47226
42286,9.49367
42287,11.5052
42288,9.64005
42289,10.809
42290,12.8279
42291,8.01624
42292,10.3037
42293,8.72495
42294,10.8343
42295,9.1705
42296,8.5302
42297,11.7506
42298,10.1365
42299,9.01651
42300,9.34412
42301,10.0724
42302,10.2623
42303,8.4146
42304,6.5325
42305,11.4671
42306,11.777
42307,12.7915
42308,12.9766
42309,15.5967
42310,10.674
42311,10.3197
42312,8.34012
42313,12.2569
42314,11.9324
42315,7.12077
42316,8.24752
42317,10.409
42318,18.5255
42319,16.8332
42320,11.9579
42321,8.38357
42322,9.14659
42323,7.99502
42324,10.2315
42325,8.28212
42326,5.00729
42327,9.7289
42328,10.7737
42329,8.81988
42330,11.9926
42331,13.9963
42332,13.8505
42333,8.35538
42334,9.58912
42335,7.66034
42336,16.0462
42337,16.5838
42338,11.5223
42339,7.56135
42340,13.3375
42341,14.5586
42342,14.8931
42343,9.12552
42344,7.52903
42345,8.89277
42346,10.3307
42347,10.6439
42348,9.74448
42349,11.0919
42350,14.1766
42351,12.5004
42352,13.5576
42353,12.2906
42354,12.3032
42355,9.69801
42356,8.15105
42357,6.3934
42358,9.44356
42359,10.4589
42360,8.61682
42361,9.06319
42362,12.1231
42363,12.1315
42364,12.7184
42365,9.47174
42366,12.3911
42367,12.5506
42368,10.9504
42369,12.193
42370,9.30213
42371,13.3985
42372,8.52326
42373,11.4204
42374,13.2604
42375,10.2264
42376,7.98621
42377,7.1952
42378,11.283
42379,8.56178
42380,11.6298
42381,9.75571
42382,10.2551
42383,9.79382
42384,11.9662
42385,10.1696
42386,10.812
42387,8.01122
42388,8.17173
42389,8.33981
42390,13.6937
42391,12.3763
42392,8.15798
42393,9.57471
42394,8.76955
42395,8.47737
42396,9.5329
42397,7.85614
42398,11.9329
42399,12.0795
42400,12.5084
42401,11.2032
42402,9.27407
42403,10.4305
42404,10.439
42405,9.45249
42406,9.82293
42407,12.0481
42408,12.5556
42409,11.7147
42410,9.73155
42411,9.73999
42412,8.40039
42413,10.1998
42414,12.0938
42415,12.287
42416,7.15992
42417,13.4598
42418,9.32771
42419,9.64879
42420,9.70716
42421,9.58357
42422,7.9691
42423,8.24726
42424,11.7267
42425,8.82703
42426,10.9164
42427,9.05664
42428,11.5855
42429,9.64297
42430,9.70365
42431,10.6747
42432,9.19171
42433,8.96621
42434,9.02252
42435,11.4565
42436,9.45677
42437,9.90925
42438,9.33917
42439,7.43804
42440,11.6078
42441,9.86121
42442,8.9399
42443,9.43471
42444,16.9964
42445,6.85611
42446,8.63091
42447,8.7659
42448,9.40841
42449,13.863
42450,12.2477
42451,14.2954
42452,11.5366
42453,8.22777
42454,13.8689
42455,10.9164
42456,10.1012
42457,9.00458
42458,6.03372
42459,11.2382
42460,10.2467
42461,11.7097
42462,9.45023
42463,10.0077
42464,9.2443
42465,11.304
42466,10.8634
42467,15.5688
42468,11.0025
42469,12.8432
42470,12.7329
42471,13.628
42472,10.1918
42473,10.7565
42474,11.8878
42475,10.4269
42476,7.86184
42477,13.0988
42478,10.8105
42479,11.1842
42480,10.596
42481,13.1627
42482,8.14199
42483,12.3953
42484,10.4871
42485,8.35237
42486,11.2751
42487,7.69007
42488,8.94328
42489,10.1738
42490,11.2643
42491,8.73757
42492,9.44749
42493,13.9844
42494,16.2424
42495,10.5725
42496,6.66529
42497,14.0187
42498,9.15252
42499,7.75011
42500,7.83103
42501,10.2385
42502,10.3718
42503,10.5404
42504,10.1702
42505,11.1099
42506,6.27918
42507,8.80251
42508,9.11531
42509,9.13698
42510,9.37995
42511,9.40365
42512,9.58898
42513,14.6087
42514,10.115
42515,7.39405
42516,10.5192
42517,8.58305
42518,10.7816
42519,10.804
42520,10.0807
42521,11.3863
42522,14.634
42523,8.69087
42524,10.7871
42525,9.03202
42526,7.1659
42527,10.197
42528,11.2888
42529,11.6144
42530,8.75301
42531,8.76145
42532,8.97845
42533,14.0463
42534,11.784
42535,12.9253
42536,10.0065
42537,11.1365
42538,7.64962
42539,10.9265
42540,11.2596
42541,8.49547
42542,14.7385
42543,6.89518
42544,11.3913
42545,8.65112
42546,11.7631
42547,12.0989
42548,11.3542
42549,10.9401
42550,10.1
42551,12.6141
42552,8.68961
42553,9.0096
42554,7.3845
42555,10.0002
42556,10.078
42557,10.2414
42558,9.2976
42559,8.15903
42560,8.17276
42561,7.65437
42562,12.7588
42563,12.0119
42564,9.08107
42565,9.20321
42566,12.6194
42567,8.68596
42568,8.96996
42569,12.1247
42570,8.50323
42571,9.67713
42572,7.82108
42573,12.4722
42574,14.7921
42575,6.42502
42576,9.21327
42577,9.30213
42578,10.3004
42579,10.3698
42580,10.4276
42581,10.9583
42582,7.53806
42583,7.69993
42584,11.7249
42585,12.3648
42586,10.9002
42587,13.0538
42588,13.0786
42589,13.184
42590,13.1925
42591,9.386
42592,9.617
42593,9.62975
42594,9.75202
42595,9.96189
42596,9.9883
42597,10.5917
42598,10.8042
42599,8.06746
42600,12.257
42601,11.3424
42602,11.7125
42603,9.54956
42604,8.8884
42605,8.09791
42606,13.2173
42607,10.6117
42608,8.02464
42609,13.2091
42610,15.3274
42611,11.6228
42612,10.9318
42613,8.7729
42614,8.82714
42615,11.5568
42616,8.80624
42617,10.8347
42618,9.63608
42619,9.93013
42620,10.0099
42621,10.1487
42622,9.74447
42623,8.76569
42624,11.4873
42625,12.9648
42626,10.2833
42627,13.5216
42628,7.18219
42629,10.4097
42630,8.65672
42631,11.8074
42632,11.2577
42633,12.1595
42634,9.6428
42635,11.1959
42636,7.19398
42637,8.53288
42638,9.30558
42639,8.72931
42640,9.20046
42641,10.0676
42642,10.5729
42643,9.58905
42644,8.04973
42645,11.3038
42646,8.35322
42647,11.6004
42648,7.75459
42649,12.4708
42650,10.6665
42651,11.3967
42652,8.99992
42653,7.43799
42654,9.96462
42655,8.38692
42656,11.2696
42657,11.5803
42658,12.7051
42659,9.20816
42660,7.64466
42661,11.1231
42662,7.54604
42663,8.94333
42664,9.98066
42665,8.03358
42666,8.66385
42667,10.0835
42668,11.1028
42669,14.6819
42670,7.27875
42671,11.4497
42672,7.72725
42673,9.22901
42674,11.2588
42675,10.5722
42676,13.2225
42677,10.5645
42678,13.857
42679,9.21585
42680,11.416
42681,8.75803
42682,13.1164
42683,13.4407
42684,9.86251
42685,7.91239
42686,8.26171
42687,8.84604
42688,6.26009
42689,14.1259
42690,8.50143
42691,12.4273
42692,9.49746
42693,9.7776
42694,8.563
42695,12.7285
42696,11.1127
42697,8.05494
42698,8.25636
42699,9.82839
42700,9.48775
42701,9.63763
42702,9.61648
42703,8.75689
42704,11.0161
42705,10.1365
42706,7.96729
42707,9.32979
42708,15.6516
42709,11.9462
42710,8.98567
42711,9.99624
42712,9.41738
42713,8.75802
42714,10.1305
42715,7.70413
42716,10.3913
42717,15.5504
42718,10.6754
42719,8.86238
42720,9.46729
42721,12.1007
42722,7.41087
42723,9.22946
42724,7.70906
42725,11.014
42726,10.0465
42727,9.50269
42728,9.88614
42729,7.9115
42730,8.46923
42731,9.28381
42732,11.5772
42733,10.4001
42734,11.1793
42735,8.91961
42736,7.38859
42737,8.05798
42738,15.4035
42739,9.29307
42740,10.3653
42741,10.1417
42742,13.8435
42743,15.3946
42744,9.00601
42745,10.4009
42746,7.61416
42747,9.99112
42748,14.2009
42749,8.97431
42750,12.5942
42751,9.14191
42752,9.81111
42753,10.1898
42754,8.38078
42755,11.9072
42756,8.19068
42757,8.34756
42758,8.64189
42759,11.7599
42760,8.90048
42761,9.1708
42762,9.75844
42763,10.2919
42764,10.5211
42765,9.66134
42766,6.94125
42767,7.50337
42768,8.55248
42769,7.61685
42770,7.79543
42771,5.90917
42772,9.57508
42773,10.4599
42774,7.50446
42775,9.15767
42776,9.31556
42777,12.6136
42778,8.16737
42779,8.68502
42780,11.727
42781,7.63923
42782,9.26063
42783,9.50495
42784,11.1061
42785,9.64081
42786,8.76412
42787,8.43229
42788,14.9544
42789,9.36262
42790,6.918
42791,12.4654
42792,8.76531
42793,14.1717
42794,7.15944
42795,8.37855
42796,10.024
42797,10.1785
42798,9.33216
42799,10.6171
42800,10.1412
42801,11.2189
42802,8.62259
42803,9.63789
42804,8.71062
42805,11.719
42806,8.79672
42807,10.765
42808,10.9411
42809,6.72415
42810,18.3949
42811,11.0792
42812,10.2709
42813,7.31096
42814,7.92637
42815,9.01149
42816,10.1268
42817,12.4387
42818,10.1067
42819,9.95906
42820,9.00031
42821,7.01722
42822,11.6505
42823,9.67295
42824,10.2445
42825,7.03942
42826,10.9044
42827,8.59837
42828,8.67713
42829,5.95321
42830,7.00343
42831,13.2244
42832,8.02331
42833,7.23623
42834,7.3146
42835,10.4242
42836,7.45901
42837,7.65364
42838,7.69344
42839,7.88114
42840,8.29286
42841,10.5437
42842,10.6638
42843,10.5449
42844,10.6024
42845,10.6847
42846,11.4337
42847,11.6512
42848,11.0043
42849,12.4488
42850,12.7878
42851,11.1346
42852,9.16105
42853,9.12254
42854,9.61948
42855,8.50507
42856,8.59332
42857,10.3591
42858,10.5304
42859,9.05867
42860,11.1756
42861,12.634
42862,10.6595
42863,9.27124
42864,8.55466
42865,10.8429
42866,17.0365
42867,8.4031
42868,8.77672
42869,11.7881
42870,7.25931
42871,11.7973
42872,11.0137
42873,12.2092
42874,12.2199
42875,12.638
42876,8.64638
42877,8.98413
42878,7.17252
42879,7.51029
42880,10.5556
42881,11.3822
42882,10.6953
42883,9.93972
42884,11.1529
42885,10.2289
42886,8.32987
42887,11.1837
42888,13.0754
42889,13.2611
42890,9.68215
42891,12.6145
42892,11.6828
42893,7.69281
42894,7.84285
42895,10.5362
42896,11.1407
42897,14.3746
42898,12.8324
42899,10.0585
42900,8.03458
42901,9.09199
42902,8.30563
42903,6.99523
42904,12.9216
42905,11.1765
42906,10.688
42907,8.30215
42908,7.3281
42909,7.25061
42910,7.42143
42911,7.95284
42912,9.17416
42913,11.6938
42914,11.8765
42915,10.1668
42916,11.6457
42917,11.6771
42918,7.94318
42919,9.41043
42920,8.82985
42921,8.39377
42922,9.61074
42923,8.45454
42924,8.77832
42925,10.1889
42926,9.52539
42927,11.8026
42928,8.95209
42929,10.1384
42930,8.45291
42931,9.57873
42932,9.88805
42933,11.0061
42934,11.0369
42935,8.05301
42936,12.1647
42937,12.1837
42938,10.5426
42939,13.2813
42940,11.2995
42941,15.7042
42942,8.96861
42943,10.095
42944,14.9547
42945,11.2151
42946,8.61591
42947,9.06666
42948,6.50639
42949,14.3044
42950,9.8126
42951,9.96966
42952,7.4239
42953,7.93522
42954,11.9606
42955,8.56769
42956,9.00384
42957,8.85497
42958,7.92061
42959,8.98277
42960,9.97168
42961,10.9907
42962,8.13793
42963,7.6829
42964,8.98009
42965,9.13579
42966,9.2724
42967,10.0459
42968,12.594
42969,10.3599
42970,10.6611
42971,11.7782
42972,8.23886
42973,7.79488
42974,9.86371
42975,8.17844
42976,12.7031
42977,8.85196
42978,13.1765
42979,9.23279
42980,12.4079
42981,8.4274
42982,10.9613
42983,10.1924
42984,12.6612
42985,11.9907
42986,9.06038
42987,8.01762
42988,6.09936
42989,12.5469
42990,8.87954
42991,11.4442
42992,9.73817
42993,10.1896
42994,9.22621
42995,11.413
42996,5.45505
42997,7.32756
42998,9.36188
42999,7.86305
43000,8.32757
43001,10.3194
43002,10.623
43003,8.14174
43004,12.2953
43005,9.32889
43006,12.7083
43007,6.85996
43008,9.67963
43009,13.068
43010,13.1105
43011,10.5947
43012,8.48738
43013,8.7341
43014,9.97411
43015,13.542
43016,10.8599
43017,14.0369
43018,11.5524
43019,16.6794
43020,11.8394
43021,7.31159
43022,12.6205
43023,9.03967
43024,9.62325
43025,10.0049
43026,11.0546
43027,10.1878
43028,10.6584
43029,7.74615
43030,8.35357
43031,7.73641
43032,8.10517
43033,11.1188
43034,10.401
43035,7.40942
43036,9.46622
43037,11.5923
43038,12.2541
43039,10.6052
43040,8.72486
43041,10.1267
43042,13.3674
43043,9.03577
43044,10.8598
43045,10.3033
43046,7.4808
43047,9.69339
43048,9.31592
43049,12.8262
43050,7.94505
43051,10.9352
43052,11.1415
43053,7.42309
43054,9.67394
43055,8.15587
43056,9.26994
43057,9.30064
43058,10.4325
43059,9.70713
43060,9.84266
43061,10.525
43062,11.3635
43063,13.367
43064,6.57944
43065,7.84762
43066,8.15636
43067,8.18051
43068,14.3189
43069,9.4404
43070,10.5911
43071,10.8798
43072,7.67939
43073,8.90117
43074,8.9096
43075,10.2057
43076,6.90952
43077,14.5326
43078,7.99116
43079,9.72711
43080,9.10739
43081,9.19315
43082,9.73117
43083,18.6257
43084,11.7291
43085,10.7438
43086,10.9547
43087,11.0541
43088,12.0405
43089,9.06322
43090,13.0925
43091,12.3867
43092,12.5352
43093,11.7073
43094,9.75784
43095,9.01131
43096,9.04736
43097,14.0205
43098,11.0863
43099,7.29806
43100,8.58309
43101,12.243
43102,10.3782
43103,9.84655
43104,10.174
43105,8.18078
43106,11.6122
43107,12.0208
43108,8.27123
43109,12.9383
43110,10.976
43111,9.00857
43112,10.0046
43113,7.68916
43114,10.9606
43115,11.1667
43116,8.80162
43117,16.0806
43118,7.56714
43119,11.8745
43120,11.9654
43121,12.2399
43122,12.954
43123,9.96841
43124,7.05995
43125,9.80555
43126,11.8684
43127,9.12655
43128,7.16614
43129,10.7945
43130,15.7112
43131,10.7681
43132,11.2129
43133,7.4741
43134,8.73513
43135,8.89648
43136,9.15644
43137,9.53295
43138,9.88921
43139,8.08853
43140,12.0593
43141,11.1571
43142,13.3444
43143,14.3939
43144,8.11158
43145,8.61395
43146,6.68663
43147,9.13756
43148,7.14618
43149,9.61677
43150,7.70768
43151,7.92583
43152,7.93426
43153,11.9899
43154,8.12137
43155,10.3086
43156,8.35185
43157,10.4558
43158,9.59807
43159,10.6775
43160,9.21986
43161,11.4784
43162,9.82964
43163,7.19786
43164,13.3216
43165,8.31099
43166,8.61424
43167,9.10862
43168,10.3149
43169,10.6754
43170,8.13221
43171,11.5556
43172,10.6341
43173,11.0187
43174,8.46908
43175,8.29439
43176,10.2015
43177,9.32781
43178,7.73363
43179,8.06319
43180,12.307
43181,13.3522
43182,8.79467
43183,10.0273
43184,9.46964
43185,15.9487
43186,8.06568
43187,11.7612
43188,10.8897
43189,9.0592
43190,8.28656
43191,12.3014
43192,8.67597
43193,8.76629
43194,12.1368
43195,9.21336
43196,12.363
43197,9.54646
43198,9.5593
43199,10.8418
43200,11.1528
43201,10.2198
43202,9.96903
43203,12.2701
43204,8.40429
43205,9.20636
43206,9.55665
43207,12.2227
43208,13.5004
43209,7.26317
43210,9.20848
43211,10.3092
43212,7.82982
43213,8.16465
43214,14.272
43215,8.50379
43216,9.6551
43217,10.2634
43218,10.7996
43219,8.97221
43220,12.1009
43221,11.1242
43222,12.1802
43223,7.25725
43224,8.86234
43225,13.3233
43226,8.422
43227,12.4763
43228,15.9073
43229,10.3217
43230,14.3393
43231,11.8515
43232,9.51506
43233,14.5235
43234,9.84705
43235,11.0226
43236,7.03106
43237,10.1437
43238,10.371
43239,11.8919
43240,10.5229
43241,10.8351
43242,8.87731
43243,9.53505
43244,6.60557
43245,9.42588
43246,8.5019
43247,11.8358
43248,10.0001
43249,7.85751
43250,8.66189
43251,9.1567
43252,10.2488
43253,10.7969
43254,15.0786
43255,8.38867
43256,8.44858
43257,9.71731
43258,9.96543
43259,9.08904
43260,9.28644
43261,9.63955
43262,9.83429
43263,9.9873
43264,10.2384
43265,10.2572
43266,11.684
43267,12.2418
43268,8.50319
43269,8.86792
43270,9.10114
43271,13.4411
43272,7.51197
43273,9.52975
43274,9.6212
43275,10.194
43276,8.32687
43277,10.7289
43278,10.3553
43279,8.78236
43280,10.0622
43281,13.1319
43282,6.51914
43283,7.24888
43284,17.7305
43285,14.7758
43286,10.8845
43287,8.31539
43288,9.94424
43289,9.19397
43290,12.329
43291,11.9477
43292,8.86199
43293,15.3424
43294,8.67135
43295,9.11452
43296,13.0073
43297,9.25943
43298,14.6941
43299,8.26274
43300,10.3664
43301,10.8174
43302,8.9058
43303,13.7191
43304,10.2435
43305,10.9119
43306,11.6119
43307,11.1883
43308,11.0575
43309,8.95391
43310,9.00124
43311,8.68013
43312,9.76428
43313,9.34365
43314,9.50105
43315,9.81416
43316,9.82259
43317,8.16299
43318,8.17965
43319,10.811
43320,10.8789
43321,8.97594
43322,6.98648
43323,11.4617
43324,9.47015
43325,11.5467
43326,11.7774
43327,10.8004
43328,11.0339
43329,8.04232
43330,13.1378
43331,8.14627
43332,8.22965
43333,10.2957
43334,9.58082
43335,9.94303
43336,9.25782
43337,9.34899
43338,12.8339
43339,7.89735
43340,9.11779
43341,9.69127
43342,10.5722
43343,8.60178
43344,10.6334
43345,9.66197
43346,15.5581
43347,7.63268
43348,8.87479
43349,7.06166
43350,9.11793
43351,9.81695
43352,9.00031
43353,8.57537
43354,7.59806
43355,7.68665
43356,10.8675
43357,11.2047
43358,12.4424
43359,11.4654
43360,9.15213
43361,8.34174
43362,10.7952
43363,13.2574
43364,8.43839
43365,9.88535
43366,12.6273
43367,7.35426
43368,6.80368
43369,9.78997
43370,13.2339
43371,10.3276
43372,14.3376
43373,9.83697
43374,10.3419
43375,9.94738
43376,10.4517
43377,8.49444
43378,8.82322
43379,10.0002
43380,10.2076
43381,14.4185
43382,10.5964
43383,11.1453
43384,11.7985
43385,7.45326
43386,7.90142
43387,13.2579
43388,13.2182
43389,10.6219
43390,7.63392
43391,8.69618
43392,8.82212
43393,6.4659
43394,11.9791
43395,10.5644
43396,9.70762
43397,7.80698
43398,6.62775
43399,8.67045
43400,10.4906
43401,10.8111
43402,8.82163
43403,8.8317
43404,12.6293
43405,8.10206
43406,12.3004
43407,12.019
43408,9.42184
43409,12.0456
43410,9.66398
43411,7.60427
43412,7.61836
43413,7.94491
43414,9.37947
43415,10.8443
43416,11.0692
43417,11.1411
43418,10.3013
43419,9.00296
43420,12.4182
43421,11.4456
43422,7.58806
43423,10.1602
43424,10.7379
43425,11.1019
43426,9.2932
43427,11.6691
43428,11.2472
43429,10.4785
43430,8.5757
43431,6.80907
43432,15.6869
43433,7.92296
43434,9.09513
43435,9.22261
43436,8.92432
43437,12.5086
43438,13.7006
43439,6.77047
43440,6.87158
43441,9.00653
43442,9.34303
43443,8.18221
43444,7.37681
43445,9.94665
43446,7.06637
43447,11.5328
43448,9.46625
43449,9.55976
43450,11.6808
43451,11.7373
43452,10.1201
43453,11.3023
43454,14.5034
43455,6.94895
43456,8.58113
43457,13.6682
43458,7.34994
43459,7.88541
43460,11.2916
43461,9.00316
43462,10.8167
43463,13.1822
43464,10.2512
43465,11.5612
43466,9.42506
43467,9.9082
43468,15.3599
43469,8.30707
43470,14.6188
43471,7.85719
43472,11.2026
43473,8.2229
43474,8.48598
43475,11.8719
43476,9.54846
43477,14.9946
43478,9.06537
43479,10.2205
43480,11.1074
43481,10.233
43482,16.1237
43483,13.3963
43484,9.11408
43485,9.85825
43486,16.1131
43487,10.1439
43488,8.37664
43489,10.4545
43490,8.97125
43491,12.0464
43492,11.2108
43493,9.27236
43494,7.52411
43495,14.5325
43496,9.90439
43497,10.9714
43498,9.08002
43499,10.9857
43500,9.0596
43501,12.4679
43502,9.73118
43503,8.57468
43504,11.694
43505,11.0554
43506,10.4038
43507,10.7521
43508,9.80748
43509,12.1624
43510,9.26558
43511,8.36855
43512,9.67923
43513,8.86199
43514,10.0526
43515,10.1442
43516,8.25514
43517,9.72541
43518,12.2958
43519,7.63342
43520,9.07253
43521,9.30204
43522,12.5123
43523,9.72598
43524,12.85
43525,15.8174
43526,9.34611
43527,10.2381
43528,11.2658
43529,11.3816
43530,11.1247
43531,11.1826
43532,14.6843
43533,7.77896
43534,10.0041
43535,10.4135
43536,7.48408
43537,8.5618
43538,9.8676
43539,7.07518
43540,7.4575
43541,7.65455
43542,8.14134
43543,8.86756
43544,9.04624
43545,9.19397
43546,9.44026
43547,9.80528
43548,10.5875
43549,10.6754
43550,10.9642
43551,11.2134
43552,11.7937
43553,10.4877
43554,11.5441
43555,5.67455
43556,7.74852
43557,10.1092
43558,11.0265
43559,8.6226
43560,9.05193
43561,9.17165
43562,10.5784
43563,11.6005
43564,10.833
43565,11.2936
43566,12.3735
43567,8.99857
43568,9.4331
43569,9.64863
43570,7.71441
43571,7.21188
43572,7.71153
43573,10.1561
43574,9.38998
43575,14.628
43576,6.80079
43577,5.90586
43578,9.79721
43579,6.92128
43580,8.46977
43581,7.72769
43582,7.97823
43583,9.13901
43584,8.34465
43585,9.39723
43586,11.4656
43587,12.13
43588,10.1977
43589,9.36689
43590,10.4397
43591,11.7639
43592,11.5481
43593,16.5801
43594,21.2021
43595,12.2258
43596,11.5192
43597,8.49623
43598,10.8896
43599,10.9523
43600,11.3507
43601,13.8641
43602,11.0296
43603,10.1864
43604,8.20107
43605,7.28062
43606,13.2956
43607,12.433
43608,7.29935
43609,8.84768
43610,12.1078
43611,10.0821
43612,10.1077
43613,12.5376
43614,7.85613
43615,10.0879
43616,10.4095
43617,8.70912
43618,8.02707
43619,9.26037
43620,8.64834
43621,10.5869
43622,8.62559
43623,10.6315
43624,9.73655
43625,7.76913
43626,13.0235
43627,13.2672
43628,9.53328
43629,11.4262
43630,8.05543
43631,9.13882
43632,14.4183
43633,9.31456
43634,11.4747
43635,10.4902
43636,8.5497
43637,8.64543
43638,9.38443
43639,10.6653
43640,13.7047
43641,8.72604
43642,12.5531
43643,12.6938
43644,8.03554
43645,7.53596
43646,11.2587
43647,13.0223
43648,13.3267
43649,8.54705
43650,7.87067
43651,15.656
43652,9.86725
43653,7.76192
43654,16.7838
43655,9.06915
43656,14.4191
43657,9.75627
43658,7.6526
43659,10.9805
43660,9.02933
43661,12.172
43662,9.18047
43663,9.27276
43664,7.55335
43665,10.8619
43666,9.76742
43667,12.1154
43668,8.15358
43669,10.5433
43670,9.51301
43671,13.678
43672,7.78794
43673,9.81114
43674,9.83215
43675,9.03856
43676,15.4112
43677,11.4735
43678,11.6089
43679,11.8709
43680,12.0847
43681,13.5537
43682,9.68385
43683,11.2952
43684,9.95868
43685,7.17958
43686,8.25491
43687,12.3423
43688,6.35075
43689,11.4453
43690,8.57854
43691,6.7407
43692,8.39318
43693,9.87879
43694,8.45829
43695,10.0969
43696,13.1174
43697,13.4085
43698,11.3405
43699,8.42995
43700,7.15526
43701,10.3725
43702,9.76001
43703,7.668
43704,7.77453
43705,11.1385
43706,10.2435
43707,13.2519
43708,9.57695
43709,11.6727
43710,8.74269
43711,9.19681
43712,12.3825
43713,10.4418
43714,11.4563
43715,9.54435
43716,9.68361
43717,12.3624
43718,7.99896
43719,13.1217
43720,10.9398
43721,14.1486
43722,15.1897
43723,14.76
43724,8.15351
43725,8.64408
43726,14.7119
43727,17.0742
43728,18.3563
43729,9.80812
43730,10.031
43731,10.0552
43732,10.2943
43733,11.3226
43734,12.3863
43735,13.0517
43736,10.2512
43737,13.5909
43738,10.2725
43739,7.36878
43740,8.01369
43741,11.4665
43742,9.30894
43743,9.53302
43744,12.0729
43745,10.3911
43746,12.078
43747,6.16262
43748,6.65684
43749,9.89532
43750,8.09069
43751,7.74869
43752,6.85553
43753,9.34065
43754,9.75263
43755,9.29409
43756,11.5806
43757,14.1555
43758,8.37739
43759,10.9115
43760,9.23635
43761,8.46117
43762,9.48633
43763,7.14723
43764,10.8286
43765,9.72961
43766,10.0617
43767,8.95126
43768,11.1709
43769,11.3086
43770,6.17091
43771,12.4044
43772,6.97565
43773,9.24027
43774,10.5781
43775,7.63352
43776,8.4277
43777,10.4572
43778,10.6809
43779,11.1256
43780,9.42362
43781,8.56832
43782,8.03476
43783,9.78326
43784,9.07269
43785,10.2795
43786,7.37127
43787,10.0172
43788,10.0882
43789,10.5378
43790,9.36783
43791,9.89658
43792,14.1505
43793,11.6171
43794,9.8532
43795,12.055
43796,10.2004
43797,12.8036
43798,13.1439
43799,8.82102
43800,16.083
43801,14.613
43802,7.56883
43803,11.6623
43804,8.85462
43805,14.8832
43806,9.24663
43807,9.80133
43808,14.4542
43809,9.91825
43810,8.20833
43811,6.74566
43812,11.0718
43813,10.5498
43814,9.77194
43815,14.8309
43816,8.04782
43817,8.05626
43818,8.39061
43819,9.87493
43820,8.51624
43821,10.9034
43822,11.026
43823,12.1986
43824,12.9274
43825,9.10632
43826,6.54132
43827,8.06061
43828,10.5233
43829,9.01358
43830,8.49722
43831,10.0197
43832,9.74512
43833,11.9762
43834,12.0214
43835,12.2652
43836,11.1178
43837,11.6376
43838,12.2781
43839,8.4869
43840,7.72286
43841,8.16413
43842,8.47685
43843,11.5416
43844,11.5883
43845,10.9075
43846,8.05612
43847,11.4723
43848,12.0153
43849,11.2233
43850,8.5556
43851,10.88
43852,9.27313
43853,7.02248
43854,8.15613
43855,8.82201
43856,6.35726
43857,11.8697
43858,8.02327
43859,9.65471
43860,8.74255
43861,9.52275
43862,9.87536
43863,8.14484
43864,10.1572
43865,9.81163
43866,8.78651
43867,11.2161
43868,12.2535
43869,15.558
43870,10.5928
43871,7.4223
43872,8.38617
43873,5.86877
43874,9.1441
43875,6.2405
43876,12.2089
43877,12.2698
43878,10.8579
43879,8.38738
43880,8.89108
43881,9.00617
43882,9.18196
43883,10.396
43884,10.4934
43885,9.8023
43886,9.90793
43887,10.2307
43888,11.1432
43889,11.1628
43890,10.591
43891,11.9764
43892,12.2081
43893,12.0411
43894,10.3489
43895,12.6774
43896,13.8476
43897,9.68277
43898,7.69914
43899,14.934
43900,8.2011
43901,13.0197
43902,14.3841
43903,9.42538
43904,10.8097
43905,9.8573
43906,10.0055
43907,6.90618
43908,11.8196
43909,9.01964
43910,12.5293
43911,9.38313
43912,8.5795
43913,9.62737
43914,10.2325
43915,11.5884
43916,12.0452
43917,8.0591
43918,12.7458
43919,9.01924
43920,9.48489
43921,10.2661
43922,15.7522
43923,10.0134
43924,11.4982
43925,7.89593
43926,8.13611
43927,12.0197
43928,7.12097
43929,10.2637
43930,7.98003
43931,8.27464
43932,14.8284
43933,8.065
43934,9.61939
43935,10.0551
43936,9.08902
43937,9.67342
43938,9.93009
43939,10.8101
43940,6.21786
43941,14.3142
43942,9.42148
43943,10.226
43944,11.4411
43945,8.14413
43946,15.0034
43947,9.9317
43948,11.4737
43949,13.7793
43950,10.8471
43951,8.56818
43952,5.83027
43953,7.14755
43954,14.4267
43955,10.1115
43956,7.65766
43957,7.94982
43958,11.1652
43959,9.19223
43960,11.3453
43961,13.0392
43962,7.1215
43963,9.12993
43964,12.5538
43965,9.58152
43966,10.1245
43967,11.4268
43968,8.82868
43969,10.8612
43970,8.88047
43971,9.50699
43972,7.87101
43973,11.8986
43974,9.16881
43975,12.2023
43976,10.396
43977,10.9961
43978,11.3063
43979,11.4599
43980,10.9184
43981,11.7228
43982,9.90278
43983,16.087
43984,9.77987
43985,11.5552
43986,7.98134
43987,7.57645
43988,12.6851
43989,8.77792
43990,12.6016
43991,10.9901
43992,7.49966
43993,8.04864
43994,9.68572
43995,9.14631
43996,9.89508
43997,10.8136
43998,9.83442
43999,9.28413
44000,8.62535
44001,8.54206
44002,9.96691
44003,10.7067
44004,9.92623
44005,11.8636
44006,9.58569
44007,12.874
44008,9.32868
44009,12.0739
44010,6.46296
44011,10.4875
44012,11.6138
44013,11.7729
44014,10.705
44015,8.74872
44016,9.66236
44017,11.2015
44018,6.45559
44019,10.4694
44020,9.0077
44021,8.69038
44022,7.49772
44023,11.8044
44024,9.89966
44025,13.2996
44026,6.69636
44027,14.4289
44028,8.03083
44029,12.0644
44030,7.68568
44031,13.0126
44032,10.5583
44033,6.96946
44034,12.3931
44035,6.934
44036,10.0732
44037,11.1303
44038,10.3052
44039,8.09975
44040,7.79744
44041,16.2041
44042,8.55045
44043,14.9853
44044,7.13975
44045,13.2755
44046,8.64975
44047,8.99869
44048,8.45271
44049,9.75501
44050,10.3315
44051,15.8865
44052,8.95405
44053,11.0694
44054,11.2225
44055,15.2551
44056,11.3071
44057,9.96129
44058,9.64513
44059,9.03577
44060,8.28711
44061,8.65705
44062,14.1638
44063,7.22281
44064,6.80949
44065,15.7884
44066,8.95939
44067,8.69903
44068,9.89674
44069,10.0045
44070,10.2704
44071,7.32757
44072,10.6197
44073,10.4565
44074,8.62037
44075,10.8396
44076,11.2521
44077,15.6426
44078,12.0784
44079,12.3537
44080,11.3157
44081,11.7291
44082,12.9746
44083,11.804
44084,12.8888
44085,9.46387
44086,11.5493
44087,8.02435
44088,8.6434
44089,7.94419
44090,12.2022
44091,12.5307
44092,11.1954
44093,13.2917
44094,8.5004
44095,7.57704
44096,9.66454
44097,9.69162
44098,7.70104
44099,9.91327
44100,10.5112
44101,10.0439
44102,6.92019
44103,13.1995
44104,9.82534
44105,10.1244
44106,11.5571
44107,13.6134
44108,11.1679
44109,11.1477
44110,12.7947
44111,10.8188
44112,11.3097
44113,14.4838
44114,12.1624
44115,12.0112
44116,8.66386
44117,8.41283
44118,12.4635
44119,7.61944
44120,8.25819
44121,8.42579
44122,11.6717
44123,11.0738
44124,8.12098
44125,6.62331
44126,11.8034
44127,13.9253
44128,8.06644
44129,10.3192
44130,9.43651
44131,10.1726
44132,12.5054
44133,9.71257
44134,13.4966
44135,9.69452
44136,8.88443
44137,10.2521
44138,7.95164
44139,8.01033
44140,9.0415
44141,8.1284
44142,8.29576
44143,11.348
44144,11.6119
44145,8.64115
44146,8.8338
44147,9.73146
44148,9.88974
44149,10.5976
44150,10.2226
44151,9.34999
44152,11.377
44153,9.81202
44154,12.7593
44155,11.1273
44156,9.24335
44157,9.70978
44158,12.9335
44159,15.9914
44160,11.802
44161,12.2157
44162,11.0023
44163,9.68934
44164,7.83376
44165,18.8668
44166,8.16923
44167,13.324
44168,10.9282
44169,12.5861
44170,7.60017
44171,7.73582
44172,7.90099
44173,9.1802
44174,9.20431
44175,9.26023
44176,9.97949
44177,11.2137
44178,8.11916
44179,11.5109
44180,12.2406
44181,10.4043
44182,11.07
44183,8.38916
44184,10.3471
44185,10.6756
44186,10.7034
44187,11.9333
44188,7.12211
44189,13.8255
44190,8.47724
44191,9.70308
44192,8.88432
44193,10.7475
44194,7.28487
44195,11.3675
44196,12.8327
44197,10.9582
44198,8.06668
44199,13.4439
44200,12.6178
44201,7.63516
44202,8.9609
44203,8.66022
44204,13.2626
44205,9.56329
44206,13.2397
44207,7.59445
44208,14.3204
44209,14.3401
44210,7.67885
44211,9.79228
44212,8.83634
44213,9.32653
44214,8.40367
44215,8.41503
44216,8.70085
44217,8.1537
44218,9.51148
44219,9.67432
44220,8.22927
44221,11.7982
44222,9.90392
44223,12.3115
44224,10.6057
44225,9.67267
44226,9.14816
44227,8.44251
44228,9.69877
44229,12.7647
44230,7.82089
44231,11.8836
44232,12.9855
44233,6.03821
44234,12.0618
44235,12.5126
44236,8.56746
44237,13.731
44238,13.9186
44239,15.103
44240,10.2546
44241,15.3485
44242,15.6812
44243,7.60153
44244,10.0828
44245,12.4927
44246,10.961
44247,7.53612
44248,7.95783
44249,9.08409
44250,9.67707
44251,9.01169
44252,6.60258
44253,11.6311
44254,7.81427
44255,13.551
44256,8.82446
44257,9.78633
44258,10.3101
44259,10.5102
44260,10.5681
44261,9.5788
44262,11.082
44263,10.1002
44264,12.1756
44265,6.80453
44266,12.9533
44267,11.3313
44268,9.78793
44269,12.2678
44270,8.58053
44271,6.43089
44272,10.5261
44273,7.53457
44274,9.83886
44275,8.9852
44276,10.1293
44277,8.21824
44278,9.45859
44279,11.5651
44280,10.3339
44281,9.84206
44282,11.221
44283,12.288
44284,7.82711
44285,9.19732
44286,10.3759
44287,8.4872
44288,13.5107
44289,7.79151
44290,14.1166
44291,8.52881
44292,9.99243
44293,13.0688
44294,9.2192
44295,10.7556
44296,9.81169
44297,11.5189
44298,10.6382
44299,11.8027
44300,11.0833
44301,11.1526
44302,11.2397
44303,11.3439
44304,12.7946
44305,11.012
44306,12.3554
44307,7.75303
44308,8.0184
44309,9.19676
44310,16.2579
44311,8.44475
44312,12.7188
44313,8.73083
44314,10.4615
44315,7.60485
44316,11.0036
44317,9.15878
44318,10.4439
44319,9.02123
44320,11.4966
44321,8.43662
44322,8.51099
44323,10.5962
44324,8.85052
44325,8.9328
44326,14.0236
44327,10.3815
44328,8.15523
44329,11.5247
44330,13.785
44331,12.2744
44332,13.5069
44333,8.33908
44334,12.4474
44335,10.9514
44336,8.86604
44337,9.39757
44338,9.86724
44339,11.2869
44340,10.8099
44341,8.68377
44342,7.82723
44343,11.5111
44344,9.60067
44345,8.82739
44346,9.83805
44347,11.9986
44348,9.18648
44349,8.30748
44350,8.71014
44351,8.87184
44352,10.0576
44353,10.105
44354,9.85455
44355,10.8058
44356,11.8444
44357,12.9193
44358,7.95936
44359,11.2394
44360,11.2516
44361,11.8144
44362,8.96505
44363,9.05649
44364,12.8659
44365,8.88701
44366,9.05417
44367,8.08117
44368,11.1628
44369,14.4025
44370,11.9069
44371,9.58663
44372,11.6098
44373,10.5028
44374,9.83811
44375,10.3185
44376,12.4893
44377,11.8752
44378,12.9786
44379,8.1698
44380,12.2272
44381,11.3378
44382,8.45492
44383,7.22646
44384,7.28689
44385,8.65939
44386,8.13553
44387,9.61175
44388,11.6741
44389,9.11507
44390,9.3404
44391,12.0514
44392,10.398
44393,9.50323
44394,7.71771
44395,8.09028
44396,10.3288
44397,10.3493
44398,12.6471
44399,9.84199
44400,10.0264
44401,9.4962
44402,11.2098
44403,10.034
44404,8.50785
44405,8.91048
44406,5.90362
44407,10.1342
44408,12.6563
44409,8.72678
44410,9.66806
44411,7.67823
44412,11.8267
44413,9.95635
44414,9.05505
44415,10.3774
44416,8.43404
44417,10.459
44418,10.8701
44419,8.98842
44420,8.00908
44421,13.2205
44422,9.41034
44423,11.283
44424,10.691
44425,11.0514
44426,8.58806
44427,10.9841
44428,14.0905
44429,12.1194
44430,10.2724
44431,9.7965
44432,11.9853
44433,10.0165
44434,9.58548
44435,13.9946
44436,15.4978
44437,10.6233
44438,9.97404
44439,13.6521
44440,9.66646
44441,6.55327
44442,11.4228
44443,7.92214
44444,9.75347
44445,11.8732
44446,8.70553
44447,10.7789
44448,10.154
44449,10.7507
44450,13.9898
44451,12.4067
44452,13.4731
44453,9.00993
44454,10.5297
44455,10.6137
44456,13.2068
44457,11.516
44458,13.7804
44459,14.502
44460,12.3312
44461,7.11327
44462,8.22486
44463,10.3545
44464,11.4218
44465,7.63021
44466,13.9875
44467,10.0499
44468,6.24427
44469,12.3092
44470,8.49081
44471,7.78695
44472,9.02047
44473,10.9668
44474,9.05132
44475,8.16951
44476,12.388
44477,8.68974
44478,8.30199
44479,9.05567
44480,10.1261
44481,14.3297
44482,8.71288
44483,14.7795
44484,5.87438
44485,9.29718
44486,12.8741
44487,10.343
44488,10.0774
44489,12.0775
44490,8.40011
44491,8.80868
44492,5.88183
44493,10.9223
44494,10.8083
44495,10.1671
44496,7.24309
44497,11.3258
44498,13.5613
44499,8.63298
44500,7.88629
44501,13.4354
44502,14.5799
44503,8.6509
44504,10.1401
44505,12.6375
44506,10.8106
44507,9.04926
44508,10.458
44509,9.56407
44510,13.8422
44511,13.9889
44512,12.0026
44513,12.9312
44514,8.56109
44515,8.60438
44516,7.83277
44517,8.88986
44518,9.16318
44519,9.84831
44520,10.299
44521,10.3296
44522,10.5394
44523,7.75242
44524,11.353
44525,7.70903
44526,12.5349
44527,8.5703
44528,11.2013
44529,13.2114
44530,12.2876
44531,9.76654
44532,9.78258
44533,10.1441
44534,7.36148
44535,12.1736
44536,12.3587
44537,15.4659
44538,8.61466
44539,7.69943
44540,13.093
44541,10.2477
44542,14.5514
44543,11.0784
44544,11.1827
44545,7.9857
44546,12.3406
44547,8.27399
44548,7.41995
44549,15.5934
44550,10.8791
44551,9.40771
44552,10.8677
44553,9.46795
44554,7.52929
44555,12.9043
44556,9.09055
44557,9.29935
44558,9.42037
44559,10.7129
44560,11.4826
44561,10.899
44562,12.6633
44563,7.24213
44564,16.4289
44565,9.11309
44566,12.33
44567,7.75279
44568,15.1848
44569,8.499
44570,9.78149
44571,10.9887
44572,10.3204
44573,9.14423
44574,7.00608
44575,6.77074
44576,10.5069
44577,9.66062
44578,7.71878
44579,9.99497
44580,9.08601
44581,11.3483
44582,10.1438
44583,11.2536
44584,10.6637
44585,10.9754
44586,11.1232
44587,10.2532
44588,11.3318
44589,6.31238
44590,10.0622
44591,7.96775
44592,8.07314
44593,8.25871
44594,9.45081
44595,7.8669
44596,7.08999
44597,6.6309
44598,7.75938
44599,8.83248
44600,8.23136
44601,10.5288
44602,9.10183
44603,8.54749
44604,9.63599
44605,8.7647
44606,10.6471
44607,9.82449
44608,9.99163
44609,7.08901
44610,5.98394
44611,13.0755
44612,7.64408
44613,14.0872
44614,8.28848
44615,9.68655
44616,9.04171
44617,9.05289
44618,9.92571
44619,10.4356
44620,9.23914
44621,10.5691
44622,10.6051
44623,10.7884
44624,10.3603
44625,13.3876
44626,11.4338
44627,7.47648
44628,11.7988
44629,10.0431
44630,11.1364
44631,12.2381
44632,11.3631
44633,8.71005
44634,13.7839
44635,12.9291
44636,8.52455
44637,9.6138
44638,14.0852
44639,15.7335
44640,8.84605
44641,6.9144
44642,6.31348
44643,11.801
44644,12.2514
44645,9.43791
44646,8.9629
44647,10.4232
44648,12.2342
44649,9.37051
44650,12.5105
44651,10.6197
44652,11.3978
44653,9.9267
44654,11.5351
44655,8.15711
44656,10.2777
44657,11.1274
44658,11.3757
44659,10.6195
44660,6.95262
44661,11.5751
44662,10.5426
44663,9.74277
44664,9.4623
44665,10.1138
44666,12.3105
44667,15.594
44668,10.131
44669,11.5014
44670,10.8149
44671,11.273
44672,9.53029
44673,6.01766
44674,8.18313
44675,10.9293
44676,9.26068
44677,9.64769
44678,8.38422
44679,11.1267
44680,10.1673
44681,11.7687
44682,7.45457
44683,9.2843
44684,9.45695
44685,8.47338
44686,12.6457
44687,9.8705
44688,10.0573
44689,9.14291
44690,13.2909
44691,10.9752
44692,10.0795
44693,11.1766
44694,10.7807
44695,11.8112
44696,11.9412
44697,12.4113
44698,12.6108
44699,10.1314
44700,4.32362
44701,8.78901
44702,9.68698
44703,11.1826
44704,10.7225
44705,5.8264
44706,11.0129
44707,9.47382
44708,10.6572
44709,8.24809
44710,8.94183
44711,8.52889
44712,9.59711
44713,9.02689
44714,12.1045
44715,13.4778
44716,10.601
44717,13.3199
44718,12.5588
44719,7.75265
44720,11.8077
44721,12.9494
44722,8.61822
44723,13.8498
44724,15.3701
44725,6.85141
44726,7.86848
44727,11.1989
44728,10.3148
44729,10.9857
44730,7.79595
44731,12.4752
44732,13.2957
44733,5.62367
44734,14.9265
44735,11.8927
44736,8.68187
44737,9.15871
44738,12.009
44739,19.3243
44740,10.5651
44741,8.41917
44742,9.41865
44743,10.744
44744,8.42957
44745,10.5603
44746,10.7695
44747,11.9362
44748,11.1725
44749,7.80144
44750,8.60215
44751,8.82878
44752,7.97811
44753,9.87214
44754,7.14203
44755,10.4872
44756,11.8615
44757,13.09
44758,8.13881
44759,11.3251
44760,9.8381
44761,10.4347
44762,9.73792
44763,10.8736
44764,12.3514
44765,10.6055
44766,7.64001
44767,8.5575
44768,13.585
44769,11.1434
44770,7.80182
44771,15.7335
44772,11.871
44773,9.01687
44774,10.4264
44775,8.60256
44776,12.4309
44777,8.59115
44778,9.78853
44779,9.93669
44780,10.1464
44781,12.2225
44782,10.2797
44783,10.2881
44784,10.2965
44785,10.305
44786,10.3695
44787,9.64035
44788,9.05575
44789,11.0899
44790,9.82734
44791,12.638
44792,8.70348
44793,12.8828
44794,7.41071
44795,9.55529
44796,9.28499
44797,8.43618
44798,11.1687
44799,8.25286
44800,9.83459
44801,9.24955
44802,12.3315
44803,11.8084
44804,9.06518
44805,8.17033
44806,9.63265
44807,7.30053
44808,10.2095
44809,8.33156
44810,10.4337
44811,8.49692
44812,10.7989
44813,8.12007
44814,9.3911
44815,5.54763
44816,9.89649
44817,9.96528
44818,9.19521
44819,9.53414
44820,11.0477
44821,13.4233
44822,11.1126
44823,9.37403
44824,10.279
44825,8.01364
44826,9.09586
44827,8.21989
44828,12.5238
44829,8.56437
44830,9.86249
44831,10.0105
44832,10.0553
44833,16.0932
44834,9.154
44835,9.18095
44836,12.2213
44837,7.51748
44838,9.67753
44839,10.7032
44840,11.9746
44841,12.772
44842,11.5357
44843,8.7935
44844,12.8247
44845,12.2397
44846,9.35557
44847,12.8122
44848,10.1351
44849,8.31515
44850,13.3199
44851,13.5859
44852,9.90532
44853,11.0374
44854,10.4673
44855,16.5991
44856,11.2734
44857,12.3443
44858,12.4624
44859,9.56223
44860,10.8487
44861,10.1905
44862,11.3632
44863,7.97598
44864,7.4812
44865,15.7997
44866,11.0236
44867,9.47178
44868,9.49407
44869,8.74286
44870,17.3382
44871,17.4465
44872,12.3029
44873,10.9391
44874,11.5573
44875,12.3069
44876,13.7272
44877,13.8864
44878,15.1569
44879,9.36632
44880,9.4073
44881,8.93716
44882,9.46281
44883,8.16459
44884,13.4122
44885,8.85255
44886,10.9933
44887,11.4143
44888,13.4364
44889,14.0324
44890,9.42469
44891,8.96834
44892,13.8508
44893,8.08472
44894,11.6808
44895,7.83765
44896,8.07314
44897,9.15266
44898,12.3121
44899,11.682
44900,10.828
44901,8.94527
44902,12.1299
44903,12.2613
44904,10.6477
44905,10.4507
44906,9.85155
44907,9.97794
44908,9.55194
44909,8.91157
44910,9.23464
44911,6.79558
44912,11.7221
44913,9.17295
44914,9.32495
44915,9.45053
44916,9.6221
44917,8.30772
44918,9.40509
44919,7.88345
44920,9.89934
44921,8.07817
44922,6.30055
44923,8.98084
44924,9.09754
44925,11.5999
44926,7.87611
44927,9.72388
44928,11.9587
44929,8.13348
44930,10.1494
44931,8.74761
44932,9.26069
44933,9.4567
44934,12.5292
44935,11.7541
44936,7.97588
44937,14.1585
44938,7.67211
44939,10.4911
44940,14.1014
44941,11.6913
44942,11.2115
44943,8.30358
44944,9.77001
44945,6.84674
44946,13.9128
44947,7.532
44948,7.1299
44949,10.1616
44950,7.35621
44951,10.5485
44952,9.1121
44953,13.1112
44954,11.7106
44955,7.38365
44956,10.0123
44957,9.10578
44958,12.2385
44959,9.7829
44960,9.52116
44961,8.63008
44962,8.91881
44963,11.8695
44964,11.5215
44965,10.2476
44966,8.36715
44967,8.32818
44968,8.85319
44969,10.0606
44970,8.85346
44971,9.21464
44972,10.9332
44973,11.0539
44974,7.95507
44975,8.05946
44976,10.1967
44977,10.303
44978,8.37764
44979,13.4719
44980,8.94698
44981,12.0049
44982,9.17053
44983,14.9493
44984,7.34426
44985,10.5841
44986,13.4761
44987,11.5765
44988,8.59535
44989,11.634
44990,10.0422
44991,12.1802
44992,9.28065
44993,7.82878
44994,7.62354
44995,8.72205
44996,8.78077
44997,11.5067
44998,11.0298
44999,12.2767
45000,8.86458
45001,8.04901
45002,10.2471
45003,11.3558
45004,13.3664
45005,11.7298
45006,7.1976
45007,8.77021
45008,9.32446
45009,8.4762
45010,9.69856
45011,8.23867
45012,9.45777
45013,10.1068
45014,10.8983
45015,6.00661
45016,10.2207
45017,8.86284
45018,8.5999
45019,9.24125
45020,8.82364
45021,9.84563
45022,9.99219
45023,10.0417
45024,10.593
45025,12.8474
45026,7.23848
45027,12.5233
45028,12.5797
45029,7.75202
45030,8.81025
45031,10.9377
45032,8.48672
45033,7.6671
45034,8.06809
45035,10.323
45036,7.69801
45037,7.02649
45038,8.75046
45039,10.9061
45040,11.0719
45041,11.4933
45042,12.0343
45043,7.41177
45044,9.87976
45045,8.38464
45046,12.5878
45047,10.7431
45048,12.3079
45049,9.44792
45050,13.0422
45051,9.21769
45052,11.2822
45053,10.3549
45054,10.7517
45055,11.4378
45056,10.036
45057,12.7944
45058,12.0861
45059,9.37801
45060,14.2271
45061,8.7374
45062,7.84786
45063,15.0734
45064,9.22758
45065,9.52019
45066,6.81414
45067,10.1564
45068,10.3746
45069,9.52141
45070,17.2417
45071,10.2653
45072,11.3876
45073,11.3961
45074,10.5163
45075,12.6926
45076,9.91992
45077,8.1744
45078,11.5933
45079,8.23639
45080,7.91714
45081,10.7082
45082,11.5032
45083,18.6678
45084,9.48192
45085,10.1189
45086,8.89676
45087,8.50414
45088,11.4816
45089,9.70446
45090,9.20725
45091,11.9097
45092,11.9371
45093,11.3639
45094,10.6324
45095,11.8257
45096,11.1853
45097,12.8983
45098,7.13215
45099,10.6304
45100,12.7365
45101,12.2471
45102,8.29769
45103,13.5937
45104,10.6235
45105,10.1995
45106,9.96933
45107,9.98972
45108,14.1808
45109,9.19043
45110,10.2226
45111,9.41029
45112,10.9655
45113,10.0673
45114,11.1433
45115,10.2076
45116,10.4549
45117,12.7017
45118,10.8999
45119,10.5757
45120,7.9654
45121,8.36608
45122,7.9305
45123,8.76153
45124,11.77
45125,11.0676
45126,11.1479
45127,12.3601
45128,11.3715
45129,11.5048
45130,10.9229
45131,11.9823
45132,6.1266
45133,11.1657
45134,13.5582
45135,7.94804
45136,8.40839
45137,8.58095
45138,9.55266
45139,10.1914
45140,10.376
45141,8.00494
45142,11.2158
45143,12.267
45144,13.3281
45145,7.39473
45146,9.79755
45147,10.6665
45148,11.6754
45149,8.18475
45150,8.22232
45151,12.4542
45152,10.4679
45153,8.99109
45154,8.95092
45155,8.51907
45156,12.6517
45157,9.92047
45158,13.631
45159,8.85417
45160,9.38994
45161,7.85434
45162,10.5718
45163,13.581
45164,7.83562
45165,15.0161
45166,10.4535
45167,10.7803
45168,10.9363
45169,10.8705
45170,8.41104
45171,8.53397
45172,7.72452
45173,8.76034
45174,9.16225
45175,9.23775
45176,8.2555
45177,9.40026
45178,10.6473
45179,9.99773
45180,11.1267
45181,10.3946
45182,8.44774
45183,5.53626
45184,10.7683
45185,8.18478
45186,11.2233
45187,10.3491
45188,12.2498
45189,10.343
45190,10.4429
45191,12.481
45192,12.082
45193,12.2055
45194,9.91057
45195,7.99152
45196,10.2646
45197,6.81304
45198,11.9838
45199,8.21666
45200,12.2505
45201,9.2602
45202,9.38441
45203,9.64563
45204,10.0887
45205,10.3218
45206,10.5765
45207,8.49492
45208,12.7969
45209,9.43035
45210,8.48007
45211,8.00432
45212,11.1185
45213,11.2962
45214,7.61297
45215,7.85092
45216,10.8969
45217,8.87467
45218,11.9991
45219,9.19667
45220,10.7417
45221,7.40439
45222,7.46455
45223,8.75739
45224,9.16817
45225,8.34052
45226,11.2122
45227,12.7782
45228,7.86521
45229,8.78141
45230,9.29915
45231,7.70659
45232,10.0369
45233,8.75365
45234,11.0267
45235,11.099
45236,10.1903
45237,6.34914
45238,9.46118
45239,11.5792
45240,8.67468
45241,9.77038
45242,10.0397
45243,7.81566
45244,10.9035
45245,9.1221
45246,7.13053
45247,10.6531
45248,12.2011
45249,8.43441
45250,8.51287
45251,8.66643
45252,9.41096
45253,12.578
45254,11.9565
45255,7.3187
45256,8.07017
45257,11.053
45258,7.99227
45259,13.3093
45260,7.27544
45261,9.91194
45262,8.4924
45263,8.00683
45264,12.1289
45265,8.61534
45266,9.56996
45267,10.1469
45268,9.64193
45269,10.7248
45270,10.7527
45271,10.8646
45272,9.58296
45273,12.9521
45274,13.2992
45275,13.776
45276,10.2434
45277,14.6552
45278,7.94858
45279,10.0684
45280,9.29902
45281,8.69177
45282,7.81354
45283,9.85952
45284,9.11832
45285,9.27501
45286,9.3759
45287,6.87071
45288,8.68269
45289,11.6706
45290,12.2502
45291,11.4675
45292,10.7158
45293,10.9044
45294,11.1056
45295,10.3628
45296,11.2842
45297,13.0445
45298,15.1611
45299,8.25609
45300,9.19787
45301,9.98526
45302,6.99476
45303,7.57478
45304,8.99785
45305,11.055
45306,10.4212
45307,10.5439
45308,9.47665
45309,10.9805
45310,11.4658
45311,8.0166
45312,11.218
45313,8.48916
45314,12.6259
45315,9.82924
45316,8.25291
45317,8.85787
45318,11.2498
45319,11.935
45320,10.0806
45321,12.1438
45322,12.1649
45323,8.902
45324,8.94394
45325,9.14868
45326,11.4226
45327,13.6309
45328,10.3727
45329,10.5942
45330,10.0663
45331,11.1613
45332,12.0348
45333,7.26546
45334,12.3862
45335,6.77186
45336,9.99583
45337,10.716
45338,10.4705
45339,7.58479
45340,12.3355
45341,8.44531
45342,12.6743
45343,6.87918
45344,11.1381
45345,12.5143
45346,10.0383
45347,9.4197
45348,6.7681
45349,6.98323
45350,7.88256
45351,11.0028
45352,8.73005
45353,10.753
45354,9.84035
45355,9.88002
45356,10.2294
45357,11.2962
45358,11.6478
45359,11.7043
45360,8.40522
45361,10.5734
45362,13.0082
45363,10.0687
45364,10.3574
45365,11.1618
45366,10.1051
45367,9.14239
45368,9.59311
45369,9.80295
45370,8.28022
45371,9.02257
45372,9.1332
45373,6.87082
45374,9.90243
45375,7.74497
45376,10.8103
45377,10.0085
45378,12.3085
45379,6.80193
45380,9.95186
45381,13.0716
45382,10.7168
45383,8.81957
45384,16.9609
45385,14.315
45386,8.2731
45387,11.08
45388,10.1071
45389,8.47239
45390,11.518
45391,11.6838
45392,11.4281
45393,9.51498
45394,7.5745
45395,7.6612
45396,9.65549
45397,9.00315
45398,9.22442
45399,10.6181
45400,8.0355
45401,9.46483
45402,7.47954
45403,10.7693
45404,6.94093
45405,11.7616
45406,8.80638
45407,6.78235
45408,10.0976
45409,7.02507
45410,11.3471
45411,9.00993
45412,11.6167
45413,9.80562
45414,8.97561
45415,12.3204
45416,7.99713
45417,12.2506
45418,13.1416
45419,9.28455
45420,8.30694
45421,9.84338
45422,10.7841
45423,10.3469
45424,7.06337
45425,12.3242
45426,7.96398
45427,9.06438
45428,8.33042
45429,11.5075
45430,9.59805
45431,10.0288
45432,12.0895
45433,10.1692
45434,10.4536
45435,8.64059
45436,9.64902
45437,9.82406
45438,9.88891
45439,10.0145
45440,10.5921
45441,9.67746
45442,12.9648
45443,12.4182
45444,8.5047
45445,6.06109
45446,12.5895
45447,8.82733
45448,9.05441
45449,7.25702
45450,8.31156
45451,8.97876
45452,10.003
45453,12.43
45454,9.77556
45455,10.0463
45456,10.0731
45457,10.1611
45458,10.3464
45459,12.3668
45460,11.0006
45461,10.2522
45462,7.63206
45463,11.933
45464,12.3663
45465,12.7144
45466,8.87011
45467,10.9382
45468,9.17623
45469,15.1802
45470,10.6727
45471,14.5957
45472,8.15137
45473,7.43896
45474,9.7376
45475,10.0595
45476,10.1185
45477,9.64893
45478,9.67021
45479,11.7863
45480,10.8114
45481,10.2915
45482,11.5857
45483,12.3979
45484,7.78418
45485,9.11444
45486,10.4421
45487,9.63392
45488,6.02364
45489,9.14122
45490,9.21179
45491,9.61845
45492,11.3106
45493,12.5479
45494,6.4192
45495,6.12451
45496,9.57863
45497,10.5902
45498,11.3723
45499,12.4952
45500,12.3688
45501,11.0507
45502,12.2207
45503,12.5131
45504,7.71395
45505,7.90349
45506,8.60086
45507,8.62821
45508,11.808
45509,8.8755
45510,6.96658
45511,9.7191
45512,8.4391
45513,10.8587
45514,11.5163
45515,11.5577
45516,12.2324
45517,13.4201
45518,6.88929
45519,9.39046
45520,8.93364
45521,7.9437
45522,7.18363
45523,8.37682
45524,8.6643
45525,8.08696
45526,8.14257
45527,7.44788
45528,9.21165
45529,8.31409
45530,7.65627
45531,8.6647
45532,7.06966
45533,11.0902
45534,14.9852
45535,9.10204
45536,8.57267
45537,8.86139
45538,10.8915
45539,9.25908
45540,9.58981
45541,11.7287
45542,9.88181
45543,10.3088
45544,11.8293
45545,11.4186
45546,8.67938
45547,10.5837
45548,12.9726
45549,9.00567
45550,13.3388
45551,7.3903
45552,10.7007
45553,17.798
45554,10.8489
45555,9.08105
45556,11.5436
45557,7.56287
45558,13.1174
45559,9.38676
45560,9.48633
45561,6.72265
45562,7.47664
45563,8.86665
45564,10.2392
45565,12.4887
45566,11.6564
45567,11.9411
45568,9.59086
45569,10.2357
45570,10.7314
45571,7.03985
45572,9.244
45573,11.0779
45574,12.6429
45575,12.9238
45576,10.909
45577,9.02611
45578,8.23425
45579,9.25731
45580,6.61
45581,7.77974
45582,11.0322
45583,7.23667
45584,8.37344
45585,8.39513
45586,11.8238
45587,9.08355
45588,14.0929
45589,9.1835
45590,9.36491
45591,9.12473
45592,7.38041
45593,6.87442
45594,5.53542
45595,10.5486
45596,8.59671
45597,11.6519
45598,11.6603
45599,10.6688
45600,11.7941
45601,12.5132
45602,9.72802
45603,9.79398
45604,9.86807
45605,10.0552
45606,9.28756
45607,10.7905
45608,10.4819
45609,9.20035
45610,12.3493
45611,7.52523
45612,7.98987
45613,8.22347
45614,8.96248
45615,9.31714
45616,9.95061
45617,11.1565
45618,9.20697
45619,9.29928
45620,7.45367
45621,11.5676
45622,15.6055
45623,7.61994
45624,11.8933
45625,12.0647
45626,10.1362
45627,8.5718
45628,11.5448
45629,9.60106
45630,11.6142
45631,11.7736
45632,10.2162
45633,12.288
45634,10.4468
45635,10.4947
45636,10.6313
45637,10.8554
45638,8.16249
45639,11.3126
45640,11.589
45641,11.6429
45642,11.89
45643,14.1811
45644,10.2219
45645,13.3178
45646,9.89037
45647,8.07679
45648,10.7839
45649,13.0046
45650,13.3396
45651,12.9447
45652,10.2496
45653,6.31689
45654,7.35081
45655,7.52331
45656,9.50151
45657,9.57479
45658,9.25624
45659,9.53373
45660,9.7819
45661,10.9802
45662,13.1928
45663,9.24482
45664,7.31628
45665,9.03009
45666,9.62849
45667,7.80364
45668,9.84066
45669,10.9236
45670,9.12098
45671,9.20336
45672,9.57446
45673,8.01439
45674,7.95681
45675,8.01868
45676,9.11952
45677,8.43963
45678,9.54104
45679,9.93407
45680,8.99907
45681,11.8563
45682,9.47795
45683,8.99673
45684,8.0178
45685,8.07128
45686,8.09726
45687,8.14853
45688,9.74775
45689,8.84928
45690,8.77671
45691,12.9908
45692,13.6075
45693,12.616
45694,12.952
45695,14.3358
45696,13.368
45697,10.5934
45698,10.3382
45699,6.67301
45700,9.47509
45701,14.3969
45702,8.26215
45703,12.7968
45704,7.48932
45705,9.8387
45706,8.42144
45707,14.8955
45708,8.96686
45709,10.9915
45710,10.4663
45711,9.52753
45712,10.777
45713,12.075
45714,13.2894
45715,6.70363
45716,9.42281
45717,12.3357
45718,8.7844
45719,6.64187
45720,11.1
45721,8.2414
45722,7.7658
45723,12.0131
45724,12.0533
45725,12.203
45726,9.88859
45727,10.6181
45728,10.0805
45729,11.3246
45730,11.0344
45731,10.4474
45732,13.2614
45733,11.1742
45734,9.55551
45735,10.3397
45736,10.9273
45737,13.9521
45738,7.07164
45739,12.6227
45740,8.21692
45741,8.09265
45742,8.44387
45743,8.71748
45744,9.79325
45745,9.09466
45746,9.4375
45747,10.8314
45748,9.99459
45749,11.4389
45750,11.6978
45751,10.9645
45752,11.9729
45753,12.2987
45754,9.81778
45755,9.93311
45756,7.30976
45757,10.9168
45758,8.30401
45759,10.6682
45760,14.7329
45761,13.2193
45762,8.7276
45763,7.9272
45764,7.8644
45765,8.93907
45766,12.9969
45767,6.09362
45768,9.10954
45769,9.19992
45770,9.38324
45771,6.73626
45772,15.0675
45773,8.5758
45774,8.76705
45775,9.40753
45776,8.61048
45777,17.0538
45778,8.17171
45779,9.33738
45780,9.47871
45781,9.52922
45782,9.99322
45783,9.1271
45784,12.1877
45785,11.675
45786,10.9184
45787,11.0349
45788,11.2122
45789,11.253
45790,11.5325
45791,11.9209
45792,6.72474
45793,9.24666
45794,7.91984
45795,10.4746
45796,9.39246
45797,10.1945
45798,10.2164
45799,9.41177
45800,6.83085
45801,12.403
45802,8.47851
45803,8.72907
45804,6.77311
45805,8.20721
45806,10.0782
45807,9.56913
45808,9.12284
45809,8.28908
45810,10.3998
45811,8.19037
45812,9.42616
45813,5.81423
45814,10.4649
45815,8.1964
45816,7.76425
45817,11.1856
45818,9.76165
45819,8.24711
45820,11.1581
45821,7.00321
45822,9.63703
45823,12.6455
45824,9.84621
45825,8.91043
45826,6.92648
45827,11.936
45828,12.2822
45829,13.4204
45830,9.70544
45831,8.15327
45832,15.2064
45833,8.37561
45834,8.50797
45835,8.59046
45836,8.86028
45837,8.16773
45838,7.82949
45839,8.06128
45840,8.1062
45841,7.48123
45842,9.4998
45843,10.7339
45844,9.19774
45845,9.29418
45846,11.9745
45847,10.4106
45848,9.62715
45849,10.6356
45850,9.3422
45851,13.638
45852,13.8646
45853,11.4373
45854,6.55806
45855,11.2019
45856,11.6323
45857,8.32297
45858,11.5049
45859,8.74732
45860,14.2412
45861,10.3742
45862,13.8594
45863,8.18785
45864,7.74697
45865,12.5408
45866,8.57232
45867,11.4011
45868,7.65284
45869,9.91942
45870,8.17263
45871,10.9234
45872,10.5991
45873,13.844
45874,12.5069
45875,11.8726
45876,7.17702
45877,11.2459
45878,12.604
45879,9.99983
45880,13.0446
45881,9.57347
45882,9.74076
45883,13.0223
45884,7.15017
45885,7.98874
45886,8.30842
45887,11.0412
45888,10.116
45889,10.3062
45890,11.0007
45891,7.24795
45892,7.38576
45893,7.62756
45894,8.63599
45895,6.66546
45896,9.81112
45897,9.85952
45898,7.86796
45899,10.295
45900,7.96839
45901,10.0968
45902,9.12577
45903,8.1914
45904,8.2275
45905,9.77367
45906,9.83258
45907,9.51066
45908,13.1929
45909,10.2182
45910,12.8989
45911,11.0323
45912,11.5202
45913,6.67242
45914,7.72267
45915,8.78159
45916,13.821
45917,11.8598
45918,8.07951
45919,9.13006
45920,9.09245
45921,10.7469
45922,11.0779
45923,9.91975
45924,8.29168
45925,12.315
45926,8.70533
45927,10.4031
45928,12.0575
45929,8.35492
45930,11.9643
45931,10.0473
45932,8.11093
45933,12.2331
45934,8.51073
45935,10.8656
45936,9.04675
45937,10.1996
45938,10.5059
45939,9.59954
45940,13.8938
45941,12.2378
45942,10.2328
45943,9.4826
45944,12.9068
45945,11.4665
45946,11.8551
45947,8.19773
45948,13.268
45949,11.8111
45950,10.206
45951,11.4334
45952,8.53943
45953,10.7309
45954,10.8459
45955,10.3509
45956,6.42853
45957,11.2863
45958,11.5021
45959,9.45012
45960,10.3555
45961,10.8836
45962,10.9609
45963,9.10498
45964,9.32559
45965,12.019
45966,8.19055
45967,9.43021
45968,6.33506
45969,8.36556
45970,8.56152
45971,10.9776
45972,11.52
45973,12.5246
45974,9.02586
45975,7.12088
45976,9.19487
45977,13.3027
45978,9.82923
45979,10.7959
45980,11.1627
45981,7.51967
45982,9.68607
45983,7.93241
45984,6.10255
45985,10.265
45986,10.2943
45987,9.35808
45988,9.59993
45989,12.7088
45990,9.88834
45991,10.4148
45992,10.5835
45993,7.78928
45994,7.18001
45995,9.36155
45996,9.00718
45997,15.0185
45998,10.1409
45999,10.3794
46000,11.0061
46001,14.3736
46002,9.56825
46003,8.83239
46004,11.1155
46005,10.1623
46006,11.2797
46007,9.42536
46008,10.2428
46009,12.3852
46010,6.86862
46011,13.0154
46012,11.0914
46013,9.4138
46014,11.6985
46015,10.8371
46016,8.5667
46017,10.4396
46018,7.94261
46019,8.03285
46020,13.5527
46021,11.9629
46022,12.9713
46023,10.2343
46024,10.3314
46025,11.5309
46026,9.78575
46027,15.0064
46028,12.7521
46029,11.1256
46030,14.1965
46031,8.47771
46032,14.7879
46033,9.86627
46034,10.4783
46035,9.0513
46036,10.6547
46037,8.18402
46038,14.2749
46039,9.41302
46040,8.86944
46041,15.7563
46042,8.79247
46043,9.45434
46044,9.94502
46045,7.44884
46046,11.5816
46047,9.12972
46048,11.2737
46049,11.0138
46050,13.0783
46051,13.4134
46052,13.5616
46053,8.64652
46054,8.04436
46055,13.2674
46056,9.76763
46057,9.83596
46058,10.4813
46059,9.83416
46060,16.4035
46061,11.6915
46062,12.1854
46063,10.4277
46064,10.5313
46065,11.5002
46066,9.90495
46067,9.08555
46068,9.44818
46069,12.0673
46070,10.1267
46071,10.2087
46072,9.87957
46073,7.39051
46074,9.6359
46075,13.6745
46076,8.79044
46077,9.15455
46078,8.21234
46079,10.8804
46080,7.94869
46081,12.1365
46082,9.30627
46083,6.89242
46084,9.07781
46085,11.3038
46086,10.3292
46087,12.2021
46088,9.88344
46089,7.30324
46090,8.74983
46091,5.92444
46092,9.87684
46093,14.2724
46094,8.79307
46095,11.8095
46096,7.77983
46097,13.2042
46098,7.30668
46099,6.3426
46100,6.77578
46101,8.82731
46102,9.76278
46103,7.33841
46104,7.61493
46105,7.62399
46106,8.70065
46107,8.82714
46108,11.3021
46109,9.34677
46110,11.5772
46111,6.79391
46112,9.80162
46113,7.85581
46114,8.92271
46115,8.02964
46116,8.08333
46117,8.12418
46118,10.5849
46119,8.17489
46120,7.65514
46121,9.70506
46122,10.5613
46123,8.02463
46124,8.06884
46125,9.08858
46126,11.1818
46127,9.21446
46128,11.5651
46129,10.3437
46130,9.97201
46131,11.5208
46132,11.632
46133,10.9653
46134,11.0022
46135,8.13485
46136,11.7182
46137,12.2944
46138,11.4092
46139,7.79619
46140,11.0959
46141,17.0339
46142,8.64067
46143,9.7138
46144,9.4586
46145,10.9685
46146,10.2405
46147,10.4929
46148,12.8041
46149,6.79273
46150,9.22004
46151,9.05792
46152,9.10018
46153,8.3222
46154,8.52898
46155,8.99066
46156,8.93987
46157,13.2084
46158,10.0593
46159,14.4159
46160,7.83125
46161,7.97143
46162,13.018
46163,13.476
46164,10.6375
46165,9.71986
46166,10.977
46167,9.72967
46168,9.51941
46169,11.7428
46170,9.36145
46171,9.67303
46172,11.6675
46173,8.69304
46174,12.6435
46175,9.94198
46176,12.48
46177,12.1354
46178,8.48476
46179,10.7704
46180,7.93794
46181,12.1601
46182,8.31967
46183,8.80333
46184,12.9992
46185,9.0112
46186,12.3228
46187,7.60848
46188,10.9154
46189,9.20813
46190,12.6572
46191,13.1742
46192,10.2994
46193,16.7411
46194,8.85
46195,9.12713
46196,11.1356
46197,9.41861
46198,8.18473
46199,10.3348
46200,8.29583
46201,14.0243
46202,10.0644
46203,9.36903
46204,9.89095
46205,8.15549
46206,12.9899
46207,13.0291
46208,11.7344
46209,14.629
46210,8.68162
46211,10.7889
46212,10.1264
46213,13.9216
46214,9.30076
46215,11.0495
46216,13.247
46217,9.76594
46218,14.007
46219,10.2147
46220,10.2307
46221,12.0237
46222,12.089
46223,10.4174
46224,13.1892
46225,12.3511
46226,10.4152
46227,9.62122
46228,9.81447
46229,10.1279
46230,6.74341
46231,14.1404
46232,14.1507
46233,9.94329
46234,12.3689
46235,9.92581
46236,11.3868
46237,17.7125
46238,12.6184
46239,11.0475
46240,8.21823
46241,8.42795
46242,9.54807
46243,8.87946
46244,9.76443
46245,11.1705
46246,10.3535
46247,12.7356
46248,8.75955
46249,10.492
46250,10.0232
46251,8.06761
46252,7.78822
46253,10.1481
46254,10.1655
46255,12.5324
46256,13.1894
46257,10.2266
46258,10.2993
46259,10.4754
46260,10.823
46261,8.92955
46262,11.4888
46263,10.6455
46264,7.78677
46265,7.79814
46266,10.0863
46267,10.5356
46268,10.6225
46269,11.2718
46270,16.2943
46271,8.30274
46272,8.26142
46273,13.7171
46274,9.5766
46275,9.76965
46276,10.7565
46277,9.95153
46278,12.4385
46279,11.5872
46280,10.6361
46281,11.7218
46282,6.97328
46283,10.175
46284,8.69618
46285,10.0503
46286,9.24648
46287,10.0454
46288,8.1398
46289,10.1824
46290,11.2844
46291,10.6879
46292,10.87
46293,8.48271
46294,9.03741
46295,6.57881
46296,7.07847
46297,11.234
46298,10.9298
46299,9.88498
46300,7.89498
46301,10.2229
46302,7.15043
46303,8.40098
46304,8.58715
46305,9.95423
46306,9.96392
46307,13.3262
46308,11.0094
46309,10.5804
46310,14.2892
46311,11.5089
46312,12.9358
46313,10.9655
46314,8.34708
46315,12.596
46316,10.1028
46317,12.5589
46318,9.5531
46319,9.87729
46320,8.32766
46321,10.1786
46322,7.93579
46323,9.09372
46324,11.4596
46325,12.908
46326,19.0747
46327,13.1147
46328,11.4287
46329,11.5053
46330,10.6176
46331,9.14493
46332,10.5842
46333,13.3067
46334,10.0031
46335,13.7941
46336,10.8188
46337,10.4387
46338,11.3858
46339,5.85361
46340,10.8673
46341,11.6314
46342,10.788
46343,11.6305
46344,7.95442
46345,7.97596
46346,6.19181
46347,7.30522
46348,8.49402
46349,9.57454
46350,8.68916
46351,8.00806
46352,9.17336
46353,13.0141
46354,10.2271
46355,7.80616
46356,10.9691
46357,6.34134
46358,12.0178
46359,9.1137
46360,9.01141
46361,13.3715
46362,13.4009
46363,8.47484
46364,6.58524
46365,13.7826
46366,11.2012
46367,9.19314
46368,11.7231
46369,10.0842
46370,6.99287
46371,8.26155
46372,12.3658
46373,8.50705
46374,8.06294
46375,7.85953
46376,5.93239
46377,9.58273
46378,13.6003
46379,8.57923
46380,7.51917
46381,10.7215
46382,10.4428
46383,12.0181
46384,12.5393
46385,10.688
46386,9.9871
46387,8.13448
46388,11.2886
46389,10.6862
46390,9.70753
46391,7.76298
46392,10.1937
46393,9.84838
46394,6.92326
46395,7.94248
46396,12.904
46397,8.92618
46398,8.04905
46399,8.61349
46400,10.9915
46401,9.30386
46402,11.4794
46403,11.811
46404,9.05692
46405,10.1989
46406,9.89759
46407,12.0419
46408,10.0614
46409,11.9874
46410,8.17316
46411,11.1981
46412,11.9255
46413,14.6061
46414,9.68326
46415,7.7798
46416,13.3638
46417,10.4736
46418,7.55184
46419,9.26895
46420,8.6593
46421,10.2719
46422,9.09455
46423,7.60097
46424,11.8867
46425,7.44773
46426,6.84176
46427,13.9918
46428,11.2031
46429,7.66075
46430,7.88875
46431,8.37359
46432,9.54204
46433,8.55782
46434,11.5727
46435,11.7383
46436,8.96426
46437,11.3232
46438,11.6643
46439,12.3114
46440,10.8885
46441,12.9997
46442,7.82711
46443,7.55392
46444,8.69077
46445,8.89315
46446,10.7328
46447,9.84323
46448,9.17814
46449,9.42225
46450,10.7595
46451,9.91673
46452,11.3231
46453,7.52159
46454,11.6912
46455,8.95331
46456,13.5814
46457,14.2522
46458,12.951
46459,12.9974
46460,8.57388
46461,14.9862
46462,10.1779
46463,9.21215
46464,9.6269
46465,9.63533
46466,8.64376
46467,10.6618
46468,7.85617
46469,9.34142
46470,12.3596
46471,9.65691
46472,7.78801
46473,7.83773
46474,10.2169
46475,8.69829
46476,8.84239
46477,10.2176
46478,10.1082
46479,10.1892
46480,10.4066
46481,10.5214
46482,11.7053
46483,8.30373
46484,9.05792
46485,9.32501
46486,9.97226
46487,7.30857
46488,11.3308
46489,10.1099
46490,10.7922
46491,9.93143
46492,10.0433
46493,10.0162
46494,9.12433
46495,12.3018
46496,8.75254
46497,13.454
46498,9.73801
46499,12.2693
46500,9.17642
46501,6.47463
46502,13.3278
46503,9.34216
46504,7.42537
46505,8.05792
46506,12.095
46507,8.30711
46508,6.40609
46509,7.58839
46510,6.6224
46511,7.71476
46512,6.92689
46513,9.15006
46514,9.24401
46515,9.60627
46516,7.95069
46517,8.60954
46518,8.78881
46519,10.8823
46520,10.9195
46521,9.09108
46522,9.21772
46523,9.36897
46524,13.4884
46525,10.8482
46526,12.3804
46527,10.5597
46528,12.7999
46529,11.1842
46530,7.39039
46531,11.6018
46532,9.71203
46533,11.8233
46534,9.19295
46535,12.3399
46536,12.4186
46537,15.6524
46538,9.69083
46539,10.8188
46540,13.0242
46541,13.4154
46542,13.6646
46543,9.8496
46544,8.99728
46545,12.1253
46546,8.68205
46547,9.01695
46548,6.81045
46549,7.1769
46550,8.18567
46551,10.3581
46552,9.74702
46553,10.7278
46554,15.2627
46555,15.6464
46556,15.8009
46557,12.1837
46558,11.5523
46559,8.8951
46560,8.90353
46561,9.51699
46562,14.2126
46563,9.90772
46564,12.4901
46565,10.0527
46566,7.63491
46567,12.4623
46568,10.8533
46569,7.48293
46570,8.11399
46571,8.4153
46572,8.61217
46573,7.57364
46574,11.5583
46575,13.8143
46576,10.7644
46577,12.1764
46578,6.94452
46579,8.37355
46580,9.89289
46581,9.27971
46582,15.3908
46583,8.68753
46584,5.85571
46585,11.2785
46586,10.2927
46587,10.4989
46588,12.8425
46589,11.5031
46590,11.5446
46591,6.82285
46592,7.85742
46593,11.2664
46594,12.8319
46595,11.8572
46596,12.9625
46597,10.0888
46598,9.13155
46599,12.4012
46600,10.6289
46601,9.35751
46602,10.4333
46603,9.39466
46604,11.8194
46605,9.05676
46606,8.83701
46607,9.51268
46608,11.741
46609,9.97329
46610,10.1713
46611,10.4398
46612,6.47942
46613,13.2887
46614,8.37153
46615,11.4682
46616,8.57618
46617,8.63134
46618,8.46502
46619,8.56762
46620,9.2014
46621,9.93219
46622,12.3332
46623,11.4688
46624,11.6476
46625,13.5711
46626,9.63088
46627,9.98678
46628,7.23359
46629,8.2313
46630,12.5738
46631,9.87994
46632,9.61109
46633,8.69002
46634,11.2913
46635,8.11669
46636,8.59346
46637,10.3894
46638,10.9996
46639,6.47178
46640,6.83099
46641,9.57166
46642,13.2253
46643,8.26936
46644,10.3557
46645,10.977
46646,13.664
46647,10.709
46648,12.8815
46649,11.2797
46650,12.166
46651,13.2782
46652,9.31801
46653,16.0127
46654,15.1937
46655,12.2502
46656,10.2858
46657,8.29049
46658,8.61173
46659,7.85191
46660,8.88557
46661,9.27737
46662,10.6774
46663,11.5203
46664,10.9406
46665,7.16524
46666,13.2171
46667,8.74631
46668,12.0256
46669,5.22658
46670,13.5328
46671,6.90813
46672,11.2269
46673,10.0067
46674,8.35137
46675,7.86498
46676,8.93327
46677,9.30033
46678,9.58843
46679,10.5942
46680,9.84504
46681,9.97956
46682,6.97147
46683,7.89105
46684,12.0874
46685,12.007
46686,14.0154
46687,6.55775
46688,6.84361
46689,9.62556
46690,8.62419
46691,8.2028
46692,10.1696
46693,12.2682
46694,9.74328
46695,8.57704
46696,8.27873
46697,7.29462
46698,9.22914
46699,8.4255
46700,8.46735
46701,8.55778
46702,6.81316
46703,9.9683
46704,11.5323
46705,13.412
46706,13.6718
46707,14.0306
46708,12.5399
46709,12.6723
46710,9.53787
46711,7.64013
46712,11.7726
46713,11.9824
46714,9.43433
46715,12.5609
46716,9.67114
46717,12.0398
46718,10.4203
46719,7.04432
46720,11.0694
46721,10.5429
46722,8.83661
46723,9.22293
46724,9.97048
46725,10.0951
46726,10.5351
46727,10.8424
46728,9.76452
46729,10.2355
46730,13.3721
46731,10.7432
46732,11.5778
46733,11.5958
46734,11.7898
46735,13.4913
46736,7.53702
46737,10.2627
46738,9.38954
46739,12.0995
46740,11.4767
46741,8.94228
46742,9.98012
46743,7.15853
46744,9.38394
46745,14.4707
46746,10.1053
46747,8.13452
46748,6.1853
46749,9.44328
46750,10.7174
46751,8.98749
46752,12.66
46753,9.87867
46754,9.28309
46755,9.31944
46756,14.3852
46757,10.5422
46758,7.31158
46759,8.24151
46760,13.346
46761,9.99105
46762,10.495
46763,11.1029
46764,11.7341
46765,12.397
46766,9.86178
46767,11.5933
46768,7.93431
46769,7.78937
46770,9.18227
46771,11.5517
46772,9.75496
46773,11.8926
46774,12.003
46775,13.0574
46776,10.2331
46777,11.2416
46778,8.76617
46779,12.8949
46780,7.73315
46781,7.9085
46782,9.03431
46783,7.3383
46784,8.87763
46785,8.08304
46786,8.3297
46787,15.65
46788,7.49339
46789,10.6461
46790,10.8268
46791,14.8576
46792,6.90721
46793,8.0944
46794,10.7842
46795,9.23718
46796,9.278
46797,9.28644
46798,9.40451
46799,11.5768
46800,10.8346
46801,11.4006
46802,12.7576
46803,10.4921
46804,7.91779
46805,8.95674
46806,7.86109
46807,8.04096
46808,13.9034
46809,9.34156
46810,8.86018
46811,8.59852
46812,11.7411
46813,7.83033
46814,13.0391
46815,13.3601
46816,9.9175
46817,7.11953
46818,11.0362
46819,9.21686
46820,11.9329
46821,9.21197
46822,10.5316
46823,8.92689
46824,9.34343
46825,12.4552
46826,9.52279
46827,12.7987
46828,10.8667
46829,11.0306
46830,11.9818
46831,9.03449
46832,8.35047
46833,10.4297
46834,10.6521
46835,7.03738
46836,10.4604
46837,9.6355
46838,9.75519
46839,14.474
46840,9.61637
46841,9.81163
46842,8.12317
46843,10.5444
46844,8.8372
46845,11.9261
46846,15.3764
46847,7.4035
46848,9.57978
46849,7.97609
46850,14.4627
46851,13.5987
46852,6.65636
46853,8.68117
46854,6.98379
46855,11.168
46856,11.502
46857,7.10614
46858,9.13864
46859,9.89163
46860,9.09383
46861,9.30831
46862,9.46262
46863,10.7139
46864,10.0809
46865,13.0965
46866,8.33651
46867,10.6321
46868,10.9061
46869,9.32612
46870,10.7916
46871,10.8568
46872,11.987
46873,10.1155
46874,12.4413
46875,13.3308
46876,9.46909
46877,9.63192
46878,10.9353
46879,10.0606
46880,11.0876
46881,9.7105
46882,13.7169
46883,9.8208
46884,8.836
46885,8.88169
46886,6.89013
46887,6.4023
46888,10.7961
46889,9.86724
46890,10.0237
46891,10.4227
46892,9.68385
46893,9.78912
46894,12.8834
46895,8.94758
46896,9.2162
46897,10.2815
46898,11.1336
46899,13.6247
46900,12.1808
46901,8.23042
46902,9.36847
46903,8.42263
46904,9.71169
46905,9.72012
46906,11.0014
46907,11.4989
46908,7.61078
46909,9.08878
46910,8.82632
46911,8.85209
46912,10.4127
46913,9.54028
46914,12.6723
46915,7.68074
46916,8.75709
46917,9.9991
46918,10.1983
46919,7.30305
46920,8.3703
46921,10.7625
46922,15.1838
46923,9.36361
46924,9.72406
46925,9.83245
46926,9.87852
46927,9.25187
46928,9.30648
46929,10.5453
46930,10.6095
46931,10.6424
46932,10.7205
46933,11.077
46934,10.7793
46935,11.1452
46936,12.1617
46937,11.4243
46938,13.0385
46939,8.30557
46940,9.38298
46941,8.19721
46942,12.429
46943,7.56086
46944,9.93294
46945,11.6762
46946,9.90778
46947,9.22401
46948,11.717
46949,8.11691
46950,9.92079
46951,10.9353
46952,9.54023
46953,8.94468
46954,7.8809
46955,9.60897
46956,8.47892
46957,9.49109
46958,7.69207
46959,7.91873
46960,11.0952
46961,12.2359
46962,8.42219
46963,8.58377
46964,9.78894
46965,6.82881
46966,7.70712
46967,10.9945
46968,8.42105
46969,8.52768
46970,8.58044
46971,8.71576
46972,8.77837
46973,8.90934
46974,9.20252
46975,9.6599
46976,10.1803
46977,12.261
46978,11.5661
46979,11.6078
46980,7.77254
46981,7.81602
46982,8.52948
46983,9.99729
46984,10.1887
46985,11.5159
46986,7.70039
46987,9.73131
46988,10.7397
46989,11.1379
46990,12.2084
46991,12.3581
46992,13.626
46993,10.6764
46994,9.90624
46995,9.91468
46996,11.0618
46997,10.3622
46998,10.4473
46999,10.7178
47000,8.38603
47001,7.60488
47002,12.6543
47003,9.72386
47004,8.014
47005,8.3507
47006,8.66826
47007,13.962
47008,11.8274
47009,9.94286
47010,11.9669
47011,10.0215
47012,10.1047
47013,9.44755
47014,9.45598
47015,12.8175
47016,9.45561
47017,7.03728
47018,13.3464
47019,10.7575
47020,10.0111
47021,7.4798
47022,10.8872
47023,11.0551
47024,8.3935
47025,9.15461
47026,9.02348
47027,8.05227
47028,10.6724
47029,8.40376
47030,8.62461
47031,8.86885
47032,13.623
47033,10.9529
47034,8.05435
47035,9.39077
47036,8.48414
47037,10.9778
47038,9.02194
47039,9.3473
47040,8.89052
47041,10.4304
47042,11.462
47043,10.4851
47044,10.817
47045,11.8766
47046,12.0416
47047,8.62689
47048,15.107
47049,10.6923
47050,11.2579
47051,7.29195
47052,12.9221
47053,10.8412
47054,7.98251
47055,11.2422
47056,8.38766
47057,9.58259
47058,10.2242
47059,9.55772
47060,10.545
47061,11.2629
47062,8.64308
47063,12.883
47064,11.8961
47065,14.9045
47066,13.0737
47067,14.0083
47068,7.2918
47069,11.9029
47070,9.20925
47071,12.864
47072,9.0949
47073,10.36
47074,10.8107
47075,8.97829
47076,9.19798
47077,11.5475
47078,7.70448
47079,10.1292
47080,10.9244
47081,6.62037
47082,15.5376
47083,7.85537
47084,12.0676
47085,9.14026
47086,7.68641
47087,10.7497
47088,9.70898
47089,11.0985
47090,8.44709
47091,8.88907
47092,10.5308
47093,10.6251
47094,9.17231
47095,7.56858
47096,8.26219
47097,12.601
47098,8.68132
47099,8.53942
47100,11.0601
47101,10.163
47102,11.3064
47103,8.34256
47104,6.46165
47105,11.5523
47106,12.6025
47107,14.9348
47108,10.0762
47109,10.3527
47110,9.82237
47111,9.39457
47112,11.1735
47113,8.22333
47114,9.25987
47115,11.2683
47116,8.76336
47117,10.059
47118,12.4287
47119,8.70958
47120,9.05118
47121,9.16522
47122,10.0313
47123,11.4242
47124,11.6353
47125,10.7738
47126,10.0445
47127,10.435
47128,10.8872
47129,13.2502
47130,14.2949
47131,8.61569
47132,14.9038
47133,9.3565
47134,10.1162
47135,11.8473
47136,10.0383
47137,9.14082
47138,11.1493
47139,7.32946
47140,6.89409
47141,10.94
47142,7.46384
47143,7.99156
47144,8.7094
47145,7.74931
47146,7.80245
47147,8.87681
47148,8.88524
47149,9.86033
47150,7.36411
47151,10.4231
47152,9.60298
47153,8.24683
47154,11.3679
47155,12.5776
47156,11.6665
47157,9.52818
47158,6.3354
47159,9.34182
47160,9.82771
47161,9.90258
47162,9.01551
47163,10.1764
47164,13.5822
47165,8.09615
47166,10.5247
47167,11.7901
47168,7.82696
47169,6.27471
47170,10.3832
47171,8.39994
47172,7.49318
47173,7.1312
47174,7.63998
47175,7.87844
47176,9.03312
47177,10.5981
47178,8.63796
47179,11.5043
47180,11.6076
47181,8.92671
47182,14.1599
47183,7.17431
47184,10.2878
47185,10.9886
47186,10.0234
47187,10.1028
47188,11.4415
47189,6.98046
47190,13.0751
47191,7.16249
47192,12.386
47193,7.519
47194,10.1984
47195,16.1037
47196,10.1311
47197,16.2522
47198,8.80956
47199,12.0804
47200,9.32046
47201,7.85683
47202,9.32166
47203,10.9329
47204,8.67883
47205,7.97812
47206,8.73035
47207,9.7896
47208,12.8941
47209,11.9178
47210,9.79271
47211,10.3952
47212,12.0933
47213,6.30208
47214,9.76838
47215,10.1948
47216,7.30328
47217,10.4824
47218,9.53294
47219,7.43733
47220,9.85725
47221,10.9081
47222,10.0727
47223,10.2831
47224,10.7943
47225,7.35981
47226,8.90344
47227,12.3808
47228,7.78062
47229,15.0771
47230,9.8196
47231,6.82991
47232,12.4952
47233,9.78603
47234,12.7599
47235,10.9092
47236,9.72095
47237,10.4936
47238,11.2651
47239,10.2159
47240,8.41848
47241,7.70787
47242,9.82157
47243,8.11488
47244,8.52457
47245,11.0653
47246,8.34021
47247,8.9276
47248,10.0786
47249,10.3277
47250,7.97518
47251,11.0217
47252,8.46296
47253,11.8357
47254,16.4799
47255,10.4761
47256,7.46649
47257,10.6997
47258,10.2472
47259,8.40272
47260,10.2323
47261,10.3261
47262,7.4525
47263,8.56377
47264,8.41719
47265,11.4334
47266,8.44185
47267,8.62952
47268,10.5179
47269,9.60566
47270,11.1388
47271,8.46166
47272,10.4987
47273,13.8601
47274,9.50955
47275,12.6161
47276,7.00716
47277,10.5249
47278,7.1467
47279,6.97069
47280,7.1804
47281,8.98501
47282,10.0359
47283,13.1131
47284,8.50107
47285,8.78363
47286,9.96586
47287,11.295
47288,11.8952
47289,9.65644
47290,13.9808
47291,9.69799
47292,7.73388
47293,5.24686
47294,7.49043
47295,7.07976
47296,10.7079
47297,8.31984
47298,8.36665
47299,11.6424
47300,9.17464
47301,8.42803
47302,10.7241
47303,9.84244
47304,6.94563
47305,11.0653
47306,8.73831
47307,12.8726
47308,10.8935
47309,8.40426
47310,7.4554
47311,11.7911
47312,5.92213
47313,9.06796
47314,7.72696
47315,7.83095
47316,10.1146
47317,8.37112
47318,8.81402
47319,12.2592
47320,13.3137
47321,11.5981
47322,7.28476
47323,7.71927
47324,10.314
47325,6.94566
47326,14.7218
47327,8.39319
47328,9.94197
47329,8.15364
47330,9.06371
47331,8.15338
47332,10.8908
47333,7.90802
47334,7.62159
47335,10.7427
47336,11.0911
47337,11.1681
47338,8.5504
47339,10.6791
47340,6.70549
47341,11.1807
47342,12.191
47343,10.5194
47344,12.8552
47345,11.8636
47346,9.06142
47347,6.58283
47348,13.4115
47349,10.4635
47350,8.60549
47351,10.9268
47352,12.9474
47353,10.0862
47354,8.34711
47355,15.2503
47356,10.8081
47357,9.86416
47358,10.9305
47359,7.72667
47360,6.55986
47361,9.60553
47362,10.7804
47363,6.66242
47364,9.74082
47365,10.106
47366,10.4346
47367,10.4912
47368,10.8935
47369,10.9167
47370,6.22939
47371,12.4393
47372,11.4983
47373,14.6875
47374,11.7915
47375,11.8771
47376,9.94441
47377,12.5108
47378,8.08432
47379,9.77792
47380,9.80999
47381,9.00494
47382,10.6052
47383,10.7302
47384,10.3812
47385,11.3321
47386,14.4675
47387,9.64517
47388,10.1985
47389,12.7317
47390,18.029
47391,9.34148
47392,9.52961
47393,15.7444
47394,10.2292
47395,11.348
47396,11.8877
47397,13.0597
47398,9.0692
47399,11.473
47400,8.33666
47401,8.37795
47402,9.58118
47403,10.4572
47404,7.5627
47405,7.76078
47406,8.29128
47407,7.82501
47408,8.18418
47409,8.28579
47410,11.3026
47411,10.1717
47412,12.7532
47413,10.8276
47414,11.447
47415,11.4577
47416,11.5052
47417,12.5935
47418,12.0515
47419,12.3796
47420,12.7162
47421,10.948
47422,10.0985
47423,11.2904
47424,8.32375
47425,9.10939
47426,6.42235
47427,9.5456
47428,10.6871
47429,12.5324
47430,6.68407
47431,9.01616
47432,7.11004
47433,9.18411
47434,9.19254
47435,11.2791
47436,10.3301
47437,10.3065
47438,10.9833
47439,12.2111
47440,11.9455
47441,10.1347
47442,10.6659
47443,10.1671
47444,9.68324
47445,8.51744
47446,8.9802
47447,12.7689
47448,10.8469
47449,11.7357
47450,7.48903
47451,9.51299
47452,11.7689
47453,8.23194
47454,13.2793
47455,9.66198
47456,9.03041
47457,11.192
47458,9.43407
47459,9.19246
47460,8.88812
47461,8.36944
47462,8.9454
47463,8.96057
47464,12.1383
47465,9.25857
47466,10.8551
47467,11.4276
47468,13.6659
47469,11.6904
47470,11.7343
47471,12.0406
47472,10.363
47473,11.3566
47474,13.8395
47475,10.4115
47476,15.5358
47477,15.2386
47478,8.95313
47479,9.2853
47480,10.4643
47481,10.3757
47482,8.62311
47483,7.6465
47484,9.76996
47485,12.0503
47486,10.1446
47487,7.24099
47488,13.3851
47489,9.22166
47490,10.2738
47491,12.7162
47492,10.5575
47493,7.48994
47494,11.8208
47495,14.424
47496,8.84142
47497,8.58497
47498,9.9396
47499,13.0444
47500,9.27414
47501,8.04156
47502,9.45725
47503,10.0503
47504,16.6815
47505,12.6259
47506,16.1324
47507,8.15509
47508,8.491
47509,12.9229
47510,10.191
47511,10.9849
47512,11.2825
47513,9.73425
47514,7.63573
47515,10.531
47516,9.79369
47517,10.0631
47518,8.38008
47519,8.92164
47520,12.2007
47521,8.58923
47522,7.56018
47523,10.8219
47524,12.2187
47525,10.1501
47526,12.4154
47527,11.489
47528,11.6129
47529,10.6771
47530,8.21001
47531,10.7602
47532,9.22369
47533,10.7362
47534,12.3255
47535,12.3889
47536,7.73534
47537,10.3884
47538,8.33933
47539,11.5083
47540,9.33767
47541,10.0072
47542,7.03889
47543,11.5527
47544,8.81945
47545,8.25309
47546,10.5404
47547,8.82203
47548,9.9213
47549,8.70529
47550,10.1692
47551,13.0337
47552,9.60599
47553,7.9671
47554,8.93027
47555,19.0595
47556,10.3193
47557,9.85687
47558,7.94253
47559,6.70503
47560,10.2025
47561,8.17284
47562,7.84278
47563,8.5393
47564,9.34315
47565,6.93451
47566,10.104
47567,8.27187
47568,10.5134
47569,10.3582
47570,13.4191
47571,9.08454
47572,13.1333
47573,10.0664
47574,10.8651
47575,11.9272
47576,9.17945
47577,7.32486
47578,10.2702
47579,8.54608
47580,8.57589
47581,11.9462
47582,7.26533
47583,16.7445
47584,14.0003
47585,12.0562
47586,12.0967
47587,8.02292
47588,9.30987
47589,8.14748
47590,10.4302
47591,7.45013
47592,9.55607
47593,9.8572
47594,9.43859
47595,8.65128
47596,8.67428
47597,12.1146
47598,12.8337
47599,9.95154
47600,8.96186
47601,9.38004
47602,11.894
47603,12.1531
47604,11.3617
47605,11.5984
47606,10.991
47607,10.058
47608,10.3237
47609,13.9612
47610,11.7842
47611,9.45572
47612,7.70573
47613,11.742
47614,8.28654
47615,9.93676
47616,10.2236
47617,9.62727
47618,10.8499
47619,8.96035
47620,10.1665
47621,11.1707
47622,12.2921
47623,11.8295
47624,11.4628
47625,12.946
47626,11.0199
47627,12.0565
47628,10.4368
47629,11.0405
47630,9.09439
47631,15.6718
47632,14.1244
47633,9.61345
47634,10.5195
47635,8.1899
47636,11.224
47637,10.6622
47638,7.10928
47639,14.129
47640,11.1849
47641,9.72126
47642,7.6945
47643,12.077
47644,8.11662
47645,10.7344
47646,10.9916
47647,8.72035
47648,9.07408
47649,9.73164
47650,9.9189
47651,10.6933
47652,11.7248
47653,9.92744
47654,11.0179
47655,12.8343
47656,10.8427
47657,12.4154
47658,9.75
47659,11.7881
47660,12.9599
47661,15.2576
47662,14.1486
47663,7.66167
47664,7.18171
47665,11.0122
47666,12.0165
47667,18.0125
47668,12.1296
47669,15.5797
47670,8.65562
47671,8.53444
47672,12.6664
47673,15.0176
47674,8.15751
47675,11.5456
47676,9.71686
47677,10.1299
47678,10.4294
47679,10.5014
47680,6.65742
47681,12.4436
47682,9.60965
47683,12.8979
47684,11.3799
47685,10.2318
47686,11.7279
47687,7.47945
47688,8.5771
47689,11.1035
47690,7.57669
47691,15.389
47692,8.46116
47693,9.56284
47694,14.7063
47695,9.08084
47696,16.2153
47697,9.30661
47698,9.90471
47699,8.03214
47700,9.08235
47701,12.6066
47702,9.76628
47703,10.8262
47704,7.99627
47705,10.0813
47706,11.8355
47707,9.31305
47708,7.89155
47709,9.26672
47710,10.4157
47711,11.1936
47712,9.59224
47713,12.7206
47714,12.8827
47715,9.31024
47716,13.5189
47717,13.8435
47718,13.9168
47719,7.97265
47720,14.6869
47721,10.0414
47722,10.0506
47723,10.5448
47724,7.78212
47725,14.18
47726,14.2389
47727,8.55425
47728,6.62772
47729,11.9547
47730,9.1695
47731,9.4338
47732,12.6937
47733,6.94698
47734,10.1995
47735,10.6545
47736,7.85888
47737,8.93093
47738,11.2741
47739,7.29424
47740,9.76412
47741,8.79778
47742,9.46877
47743,8.67636
47744,7.45087
47745,10.8741
47746,11.6071
47747,11.6564
47748,8.54817
47749,11.6573
47750,13.3273
47751,12.4031
47752,9.44624
47753,9.80924
47754,11.5449
47755,11.4108
47756,8.42432
47757,11.2288
47758,11.4826
47759,9.91392
47760,14.1048
47761,8.63784
47762,11.8827
47763,10.0004
47764,13.3985
47765,11.499
47766,9.85455
47767,12.0645
47768,9.6743
47769,12.2381
47770,5.71396
47771,10.2457
47772,8.92504
47773,8.68669
47774,8.75796
47775,8.13628
47776,8.68099
47777,8.83031
47778,9.01183
47779,10.5983
47780,10.6591
47781,10.7286
47782,11.1971
47783,7.41295
47784,9.87535
47785,13.0055
47786,12.3239
47787,13.013
47788,13.0571
47789,9.19473
47790,9.55076
47791,9.2529
47792,10.2691
47793,10.3946
47794,10.6052
47795,13.6454
47796,10.988
47797,8.66919
47798,8.78827
47799,8.0964
47800,10.1832
47801,8.81196
47802,8.83685
47803,10.1174
47804,10.3338
47805,11.6056
47806,12.8138
47807,11.948
47808,11.1042
47809,11.5659
47810,9.91883
47811,12.3386
47812,9.39567
47813,12.4041
47814,10.7182
47815,8.95995
47816,12.6077
47817,7.08118
47818,13.204
47819,11.6887
47820,10.8473
47821,9.56069
47822,8.68368
47823,12.7805
47824,9.47999
47825,8.57715
47826,8.8275
47827,12.8879
47828,7.76848
47829,9.20449
47830,9.50031
47831,10.9833
47832,11.6069
47833,13.5944
47834,6.88582
47835,12.0515
47836,8.08438
47837,8.47358
47838,14.7511
47839,16.019
47840,12.2169
47841,8.23454
47842,9.3605
47843,13.7237
47844,9.15077
47845,8.35533
47846,11.0297
47847,10.0381
47848,9.08289
47849,9.15703
47850,9.39863
47851,10.7082
47852,13.2083
47853,8.78852
47854,10.0126
47855,9.61325
47856,9.8288
47857,8.76859
47858,5.95995
47859,12.4345
47860,8.52348
47861,10.3736
47862,9.42162
47863,8.64416
47864,10.1977
47865,9.89682
47866,8.60166
47867,8.94663
47868,8.26953
47869,7.66127
47870,9.75561
47871,8.88824
47872,11.3836
47873,10.5999
47874,10.6776
47875,9.84682
47876,10.8894
47877,11.4794
47878,11.9575
47879,12.5936
47880,12.6549
47881,11.7125
47882,16.3422
47883,10.3034
47884,9.6371
47885,7.80234
47886,17.2207
47887,9.24111
47888,8.60101
47889,9.98646
47890,6.28886
47891,9.06444
47892,7.98566
47893,8.99409
47894,9.03785
47895,9.41986
47896,10.1094
47897,10.5045
47898,7.90963
47899,11.0033
47900,9.23374
47901,14.2627
47902,6.93289
47903,8.07259
47904,8.69086
47905,9.22151
47906,9.33048
47907,9.55391
47908,11.1166
47909,9.1814
47910,12.3742
47911,10.9637
47912,11.8143
47913,8.75609
47914,9.33704
47915,7.59011
47916,8.52089
47917,9.55754
47918,10.7485
47919,10.0051
47920,13.0199
47921,9.86043
47922,9.96398
47923,8.45778
47924,6.55601
47925,8.82593
47926,11.1413
47927,12.2238
47928,11.2449
47929,8.88119
47930,8.59781
47931,9.77551
47932,9.25614
47933,6.87231
47934,7.03149
47935,7.57147
47936,14.6311
47937,11.4793
47938,13.7592
47939,8.88617
47940,6.2149
47941,9.63907
47942,9.64813
47943,7.88991
47944,13.1749
47945,9.33612
47946,7.66374
47947,11.9369
47948,9.96419
47949,12.7512
47950,12.954
47951,10.9624
47952,11.149
47953,8.2837
47954,11.6192
47955,9.97041
47956,9.15147
47957,9.97732
47958,12.4986
47959,14.5997
47960,9.40309
47961,10.4306
47962,9.69168
47963,8.93464
47964,8.12437
47965,8.24324
47966,8.6815
47967,7.80199
47968,8.05387
47969,9.22932
47970,9.24713
47971,9.59856
47972,9.7127
47973,10.7415
47974,10.1298
47975,10.233
47976,9.31777
47977,10.3262
47978,7.89962
47979,11.3059
47980,7.7041
47981,8.22501
47982,8.70999
47983,7.79992
47984,8.70945
47985,11.0519
47986,9.74999
47987,11.8211
47988,16.6304
47989,8.78724
47990,10.9563
47991,8.0562
47992,11.3797
47993,8.58844
47994,8.64787
47995,8.68458
47996,9.0228
47997,12.0745
47998,14.0908
47999,12.2487
48000,10.3306
48001,11.3681
48002,9.75132
48003,11.9475
48004,10.6038
48005,9.49823
48006,11.721
48007,8.76803
48008,9.79757
48009,7.89758
48010,8.53845
48011,9.6746
48012,10.7044
48013,10.8907
48014,8.94579
48015,10.274
48016,10.5234
48017,9.62568
48018,8.67978
48019,7.73625
48020,10.892
48021,9.99261
48022,10.0531
48023,19.4591
48024,9.78657
48025,7.1399
48026,12.3049
48027,9.14102
48028,7.63635
48029,10.5398
48030,16.5849
48031,6.99737
48032,10.191
48033,10.8598
48034,8.1463
48035,7.69191
48036,9.82457
48037,11.4397
48038,10.0211
48039,10.1308
48040,13.4266
48041,11.343
48042,8.23648
48043,5.91972
48044,8.23697
48045,11.5066
48046,7.94258
48047,12.4977
48048,9.71461
48049,10.8104
48050,10.4287
48051,11.4171
48052,6.87267
48053,7.92492
48054,10.7198
48055,9.34882
48056,10.0738
48057,10.4668
48058,11.1624
48059,9.47287
48060,11.7986
48061,7.3111
48062,11.3478
48063,9.92222
48064,9.64189
48065,12.7443
48066,10.8927
48067,7.34458
48068,8.90772
48069,8.03814
48070,10.3414
48071,7.57689
48072,11.8041
48073,11.1258
48074,10.2644
48075,16.8187
48076,11.6788
48077,14.0726
48078,10.6268
48079,14.821
48080,9.97378
48081,8.32391
48082,8.85351
48083,8.32767
48084,15.7016
48085,7.73258
48086,9.62645
48087,9.66323
48088,5.90212
48089,9.38756
48090,9.64635
48091,8.32457
48092,13.6392
48093,7.96608
48094,10.2376
48095,8.2102
48096,11.7664
48097,10.3066
48098,11.7617
48099,12.2232
48100,12.0809
48101,7.96566
48102,8.25326
48103,12.34
48104,8.8065
48105,8.86714
48106,8.59489
48107,8.03862
48108,10.1041
48109,9.14359
48110,10.2153
48111,9.62832
48112,9.38716
48113,11.7078
48114,11.7444
48115,13.158
48116,7.26343
48117,13.0391
48118,8.62494
48119,11.5967
48120,8.95888
48121,9.08005
48122,11.3692
48123,8.50211
48124,11.7723
48125,12.4614
48126,8.51642
48127,9.71635
48128,10.1573
48129,10.207
48130,10.6176
48131,7.49157
48132,10.454
48133,8.51773
48134,10.6586
48135,11.6932
48136,11.9036
48137,8.22792
48138,10.7891
48139,9.15103
48140,9.4909
48141,12.1387
48142,12.2664
48143,12.5444
48144,9.27624
48145,9.03938
48146,8.8094
48147,7.84553
48148,7.49353
48149,8.76138
48150,11.9527
48151,9.96116
48152,12.6925
48153,7.66121
48154,13.7718
48155,9.79224
48156,10.3422
48157,8.5051
48158,10.2326
48159,11.6118
48160,8.3958
48161,10.4721
48162,7.79563
48163,6.83707
48164,13.9159
48165,11.9785
48166,12.162
48167,8.48925
48168,7.57254
48169,9.48924
48170,9.5164
48171,10.0445
48172,10.7787
48173,11.267
48174,10.4809
48175,8.58753
48176,11.1685
48177,7.43165
48178,9.58104
48179,8.66547
48180,9.78488
48181,9.79331
48182,9.2372
48183,10.6264
48184,9.80398
48185,6.9557
48186,11.5608
48187,8.28303
48188,9.27331
48189,8.25675
48190,8.44977
48191,8.62042
48192,8.93459
48193,10.4983
48194,9.79635
48195,7.80341
48196,11.5593
48197,8.65078
48198,6.73815
48199,6.78897
48200,6.8767
48201,10.7075
48202,10.8109
48203,7.87339
48204,9.10359
48205,13.7459
48206,9.59467
48207,9.77076
48208,10.2903
48209,10.5852
48210,11.6326
48211,10.2139
48212,7.49851
48213,7.84265
48214,9.08067
48215,8.72357
48216,10.9968
48217,9.13039
48218,9.56606
48219,11.5745
48220,9.71503
48221,8.55757
48222,8.73002
48223,11.0212
48224,9.05405
48225,8.52632
48226,8.54809
48227,8.73417
48228,8.7426
48229,11.362
48230,14.643
48231,9.02159
48232,9.21834
48233,9.79206
48234,9.15382
48235,11.2609
48236,13.9062
48237,10.1229
48238,6.51116
48239,9.09889
48240,12.794
48241,17.2179
48242,11.0028
48243,13.0459
48244,8.64007
48245,8.95952
48246,10.1302
48247,9.27865
48248,9.28709
48249,9.06933
48250,14.8257
48251,9.24534
48252,10.3854
48253,9.47326
48254,9.92956
48255,10.073
48256,11.6684
48257,14.0529
48258,12.4456
48259,11.9419
48260,13.3215
48261,10.2679
48262,7.7657
48263,10.7916
48264,8.40631
48265,12.5965
48266,7.60492
48267,10.4701
48268,10.5216
48269,11.8459
48270,12.7085
48271,8.12923
48272,7.48482
48273,9.46897
48274,14.2616
48275,7.27003
48276,8.52974
48277,9.41856
48278,10.2086
48279,10.2671
48280,10.3478
48281,9.77683
48282,7.69345
48283,13.8028
48284,11.9226
48285,8.73021
48286,9.74799
48287,9.02764
48288,11.1944
48289,9.22487
48290,11.2449
48291,9.40164
48292,11.6544
48293,11.6738
48294,7.76442
48295,10.2449
48296,14.6545
48297,8.9642
48298,11.6019
48299,11.1743
48300,10.8219
48301,11.141
48302,11.7153
48303,11.7947
48304,7.7914
48305,18.5465
48306,11.1469
48307,13.5265
48308,13.2919
48309,8.91605
48310,8.95082
48311,8.11627
48312,8.32056
48313,8.76224
48314,9.84448
48315,9.97492
48316,10.3014
48317,12.3024
48318,10.6197
48319,10.0431
48320,10.6
48321,14.2318
48322,10.2783
48323,10.7112
48324,10.1819
48325,8.5123
48326,10.2146
48327,11.5967
48328,9.79849
48329,11.9429
48330,8.82585
48331,17.3795
48332,10.6592
48333,6.81321
48334,11.5613
48335,7.86143
48336,9.00973
48337,14.3699
48338,6.93149
48339,10.4092
48340,8.39396
48341,10.8437
48342,11.289
48343,10.0896
48344,6.64356
48345,12.7233
48346,11.5713
48347,8.66827
48348,8.20319
48349,8.21163
48350,8.29235
48351,8.76751
48352,9.80221
48353,13.6473
48354,7.69329
48355,13.0351
48356,10.8309
48357,12.2116
48358,11.2342
48359,13.1391
48360,6.22307
48361,9.3423
48362,13.39
48363,10.9953
48364,9.05295
48365,8.81301
48366,10.619
48367,9.46921
48368,14.7727
48369,7.97215
48370,7.08663
48371,9.39068
48372,7.90696
48373,8.02947
48374,8.48947
48375,8.77422
48376,9.21276
48377,9.91274
48378,10.18
48379,10.0754
48380,10.3145
48381,10.3999
48382,11.312
48383,9.05931
48384,13.1006
48385,8.60278
48386,10.8006
48387,8.02038
48388,9.34301
48389,9.64234
48390,7.96967
48391,9.39139
48392,7.91097
48393,9.3678
48394,11.7942
48395,6.24538
48396,8.71052
48397,8.95049
48398,11.423
48399,11.5001
48400,10.5365
48401,10.2598
48402,8.35625
48403,8.52349
48404,8.55704
48405,5.81701
48406,8.89868
48407,8.94293
48408,11.2153
48409,9.4004
48410,11.5085
48411,9.64826
48412,12.9441
48413,10.0934
48414,8.28819
48415,11.3701
48416,10.5368
48417,10.6596
48418,11.5075
48419,11.578
48420,10.0661
48421,12.3795
48422,12.4711
48423,9.83865
48424,9.73214
48425,13.1063
48426,9.64997
48427,15.8645
48428,9.44323
48429,10.2985
48430,10.6521
48431,7.83824
48432,8.22388
48433,9.32036
48434,14.3692
48435,8.87442
48436,9.55798
48437,10.6188
48438,14.5613
48439,7.97883
48440,7.54852
48441,12.0425
48442,10.3882
48443,10.4934
48444,10.7373
48445,12.9535
48446,13.8677
48447,10.3722
48448,14.5087
48449,10.8846
48450,11.3647
48451,11.1805
48452,7.20711
48453,8.72309
48454,8.90782
48455,9.5522
48456,9.65752
48457,7.72126
48458,7.80257
48459,11.6523
48460,8.6747
48461,7.38115
48462,8.65952
48463,8.8338
48464,6.90072
48465,7.94154
48466,9.68806
48467,9.5443
48468,8.65635
48469,9.73279
48470,14.0602
48471,10.2294
48472,9.90213
48473,10.1122
48474,11.5798
48475,9.60111
48476,11.6717
48477,12.7035
48478,9.9313
48479,11.7968
48480,14.3902
48481,10.5393
48482,10.5643
48483,12.2896
48484,9.96855
48485,7.17484
48486,10.4693
48487,9.81879
48488,7.82905
48489,8.03583
48490,10.4319
48491,8.56808
48492,9.57936
48493,9.7263
48494,11.9162
48495,8.96143
48496,8.96986
48497,8.98819
48498,9.45467
48499,8.5907
48500,6.46096
48501,9.56812
48502,11.0785
48503,12.7231
48504,6.32932
48505,8.69131
48506,11.5636
48507,13.7372
48508,12.8675
48509,8.30763
48510,10.8171
48511,8.83899
48512,10.7667
48513,11.4101
48514,12.3751
48515,14.7001
48516,6.31348
48517,7.0157
48518,8.84497
48519,9.90943
48520,7.04514
48521,11.3599
48522,9.84354
48523,11.3403
48524,11.5431
48525,14.0186
48526,8.18473
48527,12.3547
48528,10.6104
48529,12.8027
48530,7.41046
48531,9.53147
48532,6.23802
48533,9.04095
48534,8.17082
48535,9.59674
48536,8.74312
48537,9.93399
48538,9.1841
48539,9.54172
48540,9.95225
48541,10.6029
48542,10.7166
48543,11.2915
48544,7.49
48545,12.2137
48546,10.7012
48547,15.2935
48548,11.3382
48549,11.5218
48550,9.15207
48551,7.3429
48552,8.70483
48553,12.9418
48554,8.25822
48555,9.32182
48556,6.56445
48557,7.53443
48558,9.06069
48559,7.94041
48560,8.15641
48561,8.82105
48562,11.1228
48563,10.2661
48564,9.47419
48565,11.5744
48566,9.74783
48567,9.98519
48568,8.72348
48569,7.80923
48570,11.6049
48571,9.43614
48572,9.47378
48573,13.8987
48574,11.8579
48575,8.39102
48576,8.91902
48577,12.4662
48578,9.67355
48579,15.204
48580,11.9507
48581,8.99534
48582,10.2148
48583,7.95656
48584,8.97276
48585,9.55394
48586,10.2937
48587,12.701
48588,7.92462
48589,11.1282
48590,7.98144
48591,10.4096
48592,11.8656
48593,12.5976
48594,10.3743
48595,10.7229
48596,11.9401
48597,8.4322
48598,11.9341
48599,9.64658
48600,8.84618
48601,10.2901
48602,11.3705
48603,11.502
48604,12.1627
48605,12.6328
48606,9.98
48607,8.35329
48608,8.84344
48609,9.94584
48610,7.10796
48611,11.2743
48612,8.75812
48613,14.078
48614,11.5093
48615,13.4682
48616,11.6516
48617,7.82264
48618,12.6788
48619,6.09892
48620,7.44985
48621,7.79919
48622,14.3671
48623,8.5663
48624,8.61082
48625,8.98329
48626,16.199
48627,8.36713
48628,9.88531
48629,10.6214
48630,7.94979
48631,8.84809
48632,7.28886
48633,9.44817
48634,12.5963
48635,7.80248
48636,8.20694
48637,10.3748
48638,8.65067
48639,8.7664
48640,6.67826
48641,11.056
48642,8.22377
48643,14.4555
48644,5.60802
48645,8.76835
48646,9.66006
48647,11.2638
48648,9.32551
48649,11.4079
48650,9.50728
48651,7.51571
48652,10.1929
48653,7.5408
48654,8.90952
48655,11.918
48656,10.0074
48657,11.0924
48658,12.2859
48659,9.29435
48660,10.0571
48661,9.06554
48662,10.666
48663,7.03543
48664,11.1486
48665,7.31818
48666,7.32661
48667,10.3893
48668,10.5557
48669,10.9604
48670,8.9688
48671,12.1752
48672,8.65902
48673,12.8378
48674,12.3558
48675,9.56984
48676,7.92532
48677,9.93847
48678,10.3681
48679,10.6843
48680,12.7944
48681,11.1491
48682,12.4296
48683,12.9856
48684,13.7843
48685,8.47947
48686,8.72666
48687,9.89327
48688,10.4156
48689,8.58997
48690,10.7824
48691,11.0813
48692,10.6609
48693,16.2808
48694,8.72875
48695,7.94557
48696,7.71778
48697,7.7371
48698,10.6335
48699,10.0208
48700,9.1664
48701,9.88379
48702,8.17705
48703,11.2528
48704,7.26845
48705,9.7041
48706,8.8436
48707,9.85204
48708,9.96905
48709,9.07143
48710,10.7506
48711,11.1549
48712,11.191
48713,11.7864
48714,7.91766
48715,8.08891
48716,12.5485
48717,8.84441
48718,8.97639
48719,9.36665
48720,10.444
48721,14.9344
48722,8.36447
48723,15.4078
48724,11.3098
48725,12.7143
48726,8.2691
48727,11.7827
48728,7.34972
48729,13.9946
48730,9.87612
48731,10.1649
48732,13.3196
48733,7.19414
48734,7.80081
48735,6.84418
48736,9.8173
48737,10.2516
48738,8.63613
48739,11.3402
48740,11.8152
48741,6.97378
48742,12.7846
48743,10.8143
48744,7.88529
48745,11.0197
48746,8.27397
48747,9.40254
48748,9.45122
48749,11.798
48750,9.10186
48751,7.27363
48752,11.8519
48753,11.3761
48754,13.6219
48755,10.4533
48756,12.9451
48757,6.52123
48758,6.84043
48759,8.1352
48760,9.31605
48761,9.7959
48762,10.1989
48763,12.7841
48764,12.0026
48765,12.1829
48766,6.99567
48767,8.53525
48768,11.7856
48769,8.92528
48770,8.98374
48771,15.9612
48772,10.529
48773,11.0128
48774,13.1924
48775,10.3872
48776,8.39618
48777,8.59147
48778,9.60693
48779,10.861
48780,11.8405
48781,10.2412
48782,7.44297
48783,7.23454
48784,11.3009
48785,11.3899
48786,10.4835
48787,8.88628
48788,7.89471
48789,14.2614
48790,9.98871
48791,7.19449
48792,10.1213
48793,12.0792
48794,8.67556
48795,12.684
48796,10.2203
48797,13.7071
48798,12.9787
48799,10.1214
48800,11.7777
48801,8.70574
48802,9.7594
48803,7.8522
48804,8.8689
48805,8.89721
48806,8.19909
48807,12.2768
48808,9.48399
48809,11.0609
48810,9.25519
48811,10.0441
48812,11.7506
48813,10.2404
48814,7.54457
48815,11.8131
48816,10.9193
48817,7.32277
48818,8.15141
48819,8.17173
48820,10.2535
48821,7.56916
48822,14.5776
48823,12.5891
48824,8.69099
48825,8.78963
48826,14.1991
48827,9.68214
48828,10.6906
48829,8.72767
48830,10.7316
48831,10.0544
48832,7.1095
48833,7.30209
48834,9.44757
48835,7.60028
48836,8.89779
48837,11.1032
48838,10.8515
48839,11.9693
48840,9.36376
48841,8.9143
48842,8.12043
48843,8.20948
48844,9.76639
48845,11.0021
48846,9.4405
48847,9.4594
48848,7.642
48849,10.8897
48850,9.99428
48851,12.5164
48852,11.9048
48853,10.6852
48854,10.9313
48855,15.2453
48856,7.59854
48857,9.26415
48858,9.3208
48859,12.4175
48860,10.8194
48861,11.1412
48862,11.7913
48863,12.0294
48864,10.579
48865,9.32988
48866,6.93811
48867,11.4433
48868,9.88216
48869,7.46493
48870,10.0927
48871,11.4838
48872,10.5288
48873,11.7271
48874,9.81841
48875,9.951
48876,8.16365
48877,11.176
48878,8.04702
48879,7.86479
48880,13.0824
48881,8.41492
48882,10.8357
48883,11.4468
48884,10.5882
48885,11.2431
48886,9.40385
48887,10.0312
48888,9.14242
48889,9.15085
48890,9.15929
48891,9.23122
48892,6.58302
48893,11.2872
48894,8.38518
48895,7.72475
48896,11.3581
48897,9.6224
48898,13.5468
48899,10.4854
48900,10.6684
48901,9.67766
48902,13.8134
48903,10.1154
48904,8.38151
48905,11.8383
48906,10.3805
48907,9.61268
48908,14.7585
48909,13.1088
48910,15.2792
48911,10.8753
48912,8.15945
48913,8.24922
48914,7.79532
48915,10.2402
48916,7.32681
48917,9.10055
48918,9.56145
48919,10.2537
48920,10.3107
48921,7.64859
48922,7.84268
48923,9.86737
48924,9.61054
48925,8.98574
48926,11.2144
48927,12.407
48928,9.90492
48929,13.0455
48930,10.2438
48931,11.4288
48932,10.9409
48933,8.12464
48934,11.6934
48935,9.76418
48936,12.7727
48937,12.8757
48938,12.3141
48939,15.9697
48940,8.45829
48941,15.006
48942,13.4396
48943,10.8678
48944,9.61102
48945,10.9698
48946,11.1092
48947,10.2863
48948,10.8
48949,13.4695
48950,12.8772
48951,11.9363
48952,9.05011
48953,13.3541
48954,10.5848
48955,14.0627
48956,9.30392
48957,9.62686
48958,7.75846
48959,7.99701
48960,8.38317
48961,11.1828
48962,10.866
48963,8.97204
48964,10.2577
48965,5.68222
48966,8.25952
48967,10.2696
48968,14.3831
48969,13.6262
48970,7.6346
48971,7.29209
48972,8.95121
48973,8.27427
48974,8.32973
48975,10.2328
48976,12.3859
48977,8.80582
48978,14.8837
48979,6.54579
48980,8.34443
48981,9.59791
48982,8.11508
48983,11.3059
48984,9.39414
48985,9.73132
48986,8.82257
48987,12.1484
48988,10.5041
48989,11.7992
48990,12.484
48991,9.9422
48992,13.4557
48993,8.87931
48994,10.2891
48995,11.0916
48996,13.149
48997,7.2826
48998,8.54881
48999,7.84184
49000,8.25422
49001,9.66985
49002,11.0294
49003,9.04695
49004,9.31596
49005,9.76561
49006,9.79017
49007,10.9278
49008,10.1257
49009,11.1451
49010,14.3574
49011,7.37694
49012,10.5459
49013,7.6258
49014,10.9622
49015,9.19101
49016,8.64824
49017,13.7804
49018,10.8536
49019,12.247
49020,15.5625
49021,9.33349
49022,9.56038
49023,10.3506
49024,8.83182
49025,10.35
49026,10.4699
49027,9.85482
49028,10.0338
49029,10.2145
49030,10.5932
49031,8.79273
49032,9.18703
49033,8.80346
49034,10.1596
49035,10.9986
49036,7.47016
49037,14.0636
49038,8.07206
49039,9.55929
49040,8.53785
49041,9.6502
49042,5.90187
49043,7.30848
49044,8.02104
49045,8.28872
49046,8.33754
49047,9.78322
49048,9.53124
49049,9.82538
49050,9.87715
49051,12.8903
49052,9.90205
49053,10.9722
49054,8.41004
49055,8.5129
49056,12.7594
49057,8.84543
49058,13.1063
49059,9.38155
49060,13.5603
49061,6.68014
49062,8.69856
49063,8.8979
49064,8.98297
49065,8.99996
49066,8.36899
49067,9.59562
49068,9.67525
49069,10.1636
49070,10.953
49071,10.0678
49072,9.07621
49073,9.13666
49074,11.633
49075,9.89002
49076,12.945
49077,7.21755
49078,10.2678
49079,9.39757
49080,10.6436
49081,10.7996
49082,12.0859
49083,14.213
49084,12.036
49085,12.8037
49086,7.47581
49087,9.36113
49088,9.81922
49089,10.049
49090,13.5217
49091,8.7795
49092,10.0216
49093,11.7518
49094,7.98551
49095,11.3882
49096,9.27574
49097,9.82297
49098,11.272
49099,7.30754
49100,7.53222
49101,13.5803
49102,10.0728
49103,7.98496
49104,8.5428
49105,9.94953
49106,11.0553
49107,8.68747
49108,7.83138
49109,8.57532
49110,8.67854
49111,9.07464
49112,9.12904
49113,9.89143
49114,9.32372
49115,7.88812
49116,10.8965
49117,13.0506
49118,12.3976
49119,8.66335
49120,15.584
49121,8.74546
49122,7.1643
49123,8.30596
49124,10.4704
49125,8.53095
49126,7.35358
49127,9.66896
49128,7.70999
49129,10.0278
49130,13.0454
49131,9.1578
49132,12.4532
49133,11.0171
49134,12.0256
49135,7.59588
49136,9.26948
49137,8.7025
49138,9.67444
49139,11.0049
49140,11.1788
49141,8.06184
49142,15.4207
49143,9.68713
49144,11.8867
49145,8.89635
49146,7.11631
49147,10.351
49148,9.45421
49149,11.3727
49150,6.95601
49151,12.0122
49152,12.3173
49153,8.4189
49154,10.633
49155,10.4771
49156,8.81712
49157,14.9394
49158,9.10207
49159,9.1105
49160,12.4251
49161,9.5522
49162,13.987
49163,10.3186
49164,9.41533
49165,10.0064
49166,10.587
49167,9.54974
49168,8.86556
49169,9.1464
49170,10.315
49171,9.36931
49172,9.74887
49173,7.94689
49174,6.11071
49175,14.7759
49176,12.055
49177,10.2599
49178,14.5521
49179,8.74685
49180,12.3725
49181,9.91086
49182,6.42721
49183,9.52163
49184,10.0585
49185,9.24618
49186,9.62975
49187,10.2228
49188,11.9944
49189,8.13634
49190,7.19094
49191,15.0712
49192,6.66843
49193,6.85589
49194,10.5621
49195,9.67919
49196,8.12169
49197,11.307
49198,9.409
49199,9.24492
49200,10.8817
49201,14.1127
49202,11.5623
49203,14.0749
49204,6.98824
49205,11.0784
49206,11.8275
49207,8.76551
49208,10.7256
49209,8.99676
49210,12.0347
49211,9.30557
49212,11.4181
49213,6.81476
49214,8.17436
49215,13.0717
49216,9.7481
49217,9.9451
49218,14.3294
49219,12.3378
49220,10.601
49221,7.09194
49222,6.64072
49223,9.68373
49224,9.91996
49225,6.25451
49226,12.3499
49227,9.03135
49228,11.9954
49229,13.1761
49230,11.2464
49231,7.25485
49232,15.4418
49233,7.38866
49234,11.5645
49235,12.1813
49236,15.2301
49237,13.3915
49238,6.95192
49239,8.16847
49240,9.02661
49241,11.292
49242,10.3404
49243,10.3488
49244,9.66123
49245,9.08929
49246,7.1304
49247,11.817
49248,6.43898
49249,10.5361
49250,14.1721
49251,8.29175
49252,13.5878
49253,9.04093
49254,8.58934
49255,11.2064
49256,9.24709
49257,7.83486
49258,13.7695
49259,8.52435
49260,7.73961
49261,9.0997
49262,11.1163
49263,11.2762
49264,8.76371
49265,9.0529
49266,12.1301
49267,12.1012
49268,6.36995
49269,9.56815
49270,6.58853
49271,8.71925
49272,11.9749
49273,10.6376
49274,11.0246
49275,8.59896
49276,12.7516
49277,10.76
49278,9.00527
49279,16.0912
49280,9.3503
49281,7.41267
49282,9.51438
49283,7.77101
49284,8.3039
49285,11.4305
49286,10.8332
49287,10.9955
49288,13.3954
49289,12.4406
49290,12.449
49291,8.45744
49292,6.2052
49293,9.22184
49294,9.44767
49295,9.67389
49296,9.85017
49297,12.0418
49298,9.58992
49299,10.2267
49300,12.3153
49301,10.4657
49302,10.6528
49303,11.0429
49304,11.3896
49305,9.5386
49306,12.2176
49307,5.73555
49308,7.55137
49309,7.94436
49310,13.3639
49311,8.65893
49312,7.49442
49313,8.34742
49314,10.417
49315,16.5621
49316,7.07436
49317,12.1066
49318,8.23053
49319,12.4999
49320,8.92653
49321,10.021
49322,13.4233
49323,10.948
49324,10.0572
49325,6.13039
49326,10.3545
49327,10.5057
49328,10.9351
49329,10.2996
49330,7.70674
49331,7.94652
49332,10.3984
49333,9.18595
49334,6.41568
49335,10.4397
49336,7.24686
49337,10.5598
49338,10.8157
49339,10.8824
49340,7.96546
49341,9.26139
49342,11.5815
49343,7.65805
49344,8.42099
49345,12.0698
49346,12.4358
49347,9.86743
49348,11.498
49349,9.05767
49350,8.38649
49351,7.80993
49352,9.33621
49353,12.5935
49354,6.37526
49355,10.3049
49356,14.3485
49357,8.96105
49358,12.5495
49359,16.8555
49360,15.4157
49361,13.8047
49362,6.47235
49363,10.6987
49364,11.2462
49365,10.8422
49366,13.5016
49367,10.5727
49368,9.26181
49369,9.59632
49370,9.64089
49371,8.82827
49372,9.83671
49373,8.51697
49374,9.64482
49375,6.83927
49376,9.1613
49377,10.1697
49378,9.4112
49379,11.4683
49380,10.1064
49381,12.28
49382,12.4364
49383,7.57283
49384,10.8836
49385,8.36334
49386,8.47604
49387,8.49338
49388,9.56189
49389,9.19218
49390,14.321
49391,9.71276
49392,9.72902
49393,11.9561
49394,12.2903
49395,9.45116
49396,9.73402
49397,13.4614
49398,10.8896
49399,11.4947
49400,8.93693
49401,10.1703
49402,7.17869
49403,9.23128
49404,15.4926
49405,10.9695
49406,13.562
49407,11.0985
49408,13.6294
49409,13.2096
49410,14.2945
49411,15.3823
49412,9.73075
49413,10.2401
49414,6.93912
49415,11.6382
49416,11.6653
49417,9.62894
49418,5.90251
49419,11.5023
49420,9.68121
49421,11.9521
49422,6.34982
49423,9.35825
49424,6.47877
49425,12.9295
49426,7.1056
49427,7.60903
49428,8.76573
49429,8.3454
49430,8.87179
49431,11.1659
49432,6.96463
49433,10.2176
49434,9.08091
49435,11.0893
49436,13.1762
49437,12.1297
49438,12.763
49439,7.30302
49440,7.00177
49441,8.47754
49442,8.54089
49443,10.8133
49444,11.8425
49445,11.4786
49446,12.0174
49447,10.0751
49448,8.21814
49449,10.0807
49450,13.5978
49451,14.8738
49452,10.3472
49453,11.2418
49454,12.1087
49455,8.13038
49456,9.13881
49457,10.3722
49458,9.2819
49459,9.08227
49460,10.3063
49461,10.3945
49462,10.7423
49463,10.8387
49464,14.9083
49465,10.5038
49466,6.53651
49467,9.38493
49468,9.56556
49469,9.58054
49470,10.2911
49471,12.0034
49472,10.3956
49473,8.66846
49474,5.81399
49475,8.90037
49476,8.62534
49477,8.65681
49478,10.9332
49479,9.9876
49480,8.25635
49481,12.2843
49482,10.4561
49483,6.57011
49484,9.4954
49485,9.03799
49486,11.096
49487,13.3803
49488,6.58489
49489,6.86183
49490,12.9067
49491,9.3226
49492,9.66058
49493,12.8622
49494,11.5699
49495,10.8068
49496,13.7337
49497,9.01862
49498,10.9422
49499,11.1419
49500,7.41448
49501,10.4825
49502,15.2954
49503,7.3508
49504,8.95449
49505,8.29974
49506,6.16302
49507,8.02668
49508,7.59696
49509,9.7598
49510,10.9593
49511,9.07889
49512,10.0919
49513,10.4533
49514,10.4617
49515,14.1892
49516,14.2839
49517,12.8186
49518,8.88469
49519,7.93499
49520,9.29923
49521,11.3599
49522,8.89971
49523,10.1067
49524,7.66845
49525,7.06285
49526,8.43308
49527,10.7807
49528,8.28909
49529,14.6012
49530,13.1946
49531,9.66923
49532,9.36255
49533,12.7073
49534,8.80754
49535,11.927
49536,12.3085
49537,9.99529
49538,9.86094
49539,10.8326
49540,11.1049
49541,14.2313
49542,9.52274
49543,9.98725
49544,10.7819
49545,9.79029
49546,6.14844
49547,6.80995
49548,7.0879
49549,13.1943
49550,13.2121
49551,8.16231
49552,13.2024
49553,8.37463
49554,9.5922
49555,10.7381
49556,6.9409
49557,11.0321
49558,11.2778
49559,10.6012
49560,12.2373
49561,8.96655
49562,13.1345
49563,9.18747
49564,9.74767
49565,10.4454
49566,10.7043
49567,6.49275
49568,7.94808
49569,12.0097
49570,11.5723
49571,10.7546
49572,10.7782
49573,11.1124
49574,9.12086
49575,10.9161
49576,7.15883
49577,6.30435
49578,7.31821
49579,7.35517
49580,7.40104
49581,8.21494
49582,11.6758
49583,8.75979
49584,10.46
49585,11.7504
49586,14.6454
49587,9.94857
49588,9.64748
49589,10.9765
49590,9.17944
49591,12.9892
49592,7.461
49593,9.2748
49594,10.4119
49595,8.63172
49596,8.16743
49597,11.485
49598,11.236
49599,7.64367
49600,8.66375
49601,14.6722
49602,9.34012
49603,10.0463
49604,10.5402
49605,11.1783
49606,10.1867
49607,8.35784
49608,6.79893
49609,8.81273
49610,6.92854
49611,8.94842
49612,9.95685
49613,8.98677
49614,12.1731
49615,9.4368
49616,9.9574
49617,7.41416
49618,10.4445
49619,9.62361
49620,10.7442
49621,13.8638
49622,7.89478
49623,10.958
49624,11.2011
49625,14.5458
49626,10.7382
49627,14.3595
49628,9.82542
49629,11.9136
49630,14.5246
49631,13.7786
49632,13.1503
49633,13.2262
49634,9.01836
49635,8.91591
49636,11.1947
49637,11.5515
49638,10.1668
49639,12.2827
49640,18.4991
49641,11.6094
49642,14.6974
49643,13.8078
49644,10.5375
49645,10.0379
49646,9.89913
49647,11.444
49648,14.3938
49649,13.0127
49650,10.2052
49651,7.72992
49652,8.0512
49653,7.5919
49654,10.1957
49655,10.3684
49656,9.60736
49657,9.03228
49658,8.12432
49659,9.25632
49660,10.284
49661,12.5101
49662,10.737
49663,10.2607
49664,13.343
49665,9.41175
49666,13.7763
49667,9.95853
49668,11.9752
49669,14.5224
49670,11.5649
49671,10.1838
49672,8.23559
49673,12.6747
49674,13.2168
49675,9.76571
49676,12.3237
49677,10.6911
49678,8.98079
49679,9.24796
49680,9.6635
49681,9.86968
49682,7.24427
49683,7.6819
49684,8.83792
49685,8.26361
49686,9.092
49687,7.47299
49688,10.0542
49689,10.2533
49690,10.6609
49691,5.66938
49692,11.1597
49693,11.5599
49694,14.9067
49695,12.051
49696,8.11084
49697,9.66069
49698,6.89417
49699,10.834
49700,10.8594
49701,11.0317
49702,8.64482
49703,9.15716
49704,12.3426
49705,9.45785
49706,9.46628
49707,8.17895
49708,10.9261
49709,11.3361
49710,8.83277
49711,9.26315
49712,12.3094
49713,9.19068
49714,8.7029
49715,13.3577
49716,10.6833
49717,10.7589
49718,11.285
49719,8.29157
49720,8.9776
49721,9.2391
49722,10.2664
49723,10.6164
49724,10.0189
49725,12.1552
49726,8.46292
49727,8.85902
49728,8.35359
49729,11.9733
49730,12.6298
49731,9.65635
49732,11.7793
49733,13.4172
49734,10.4711
49735,10.5533
49736,9.10212
49737,10.1597
49738,7.71089
49739,7.75822
49740,11.0922
49741,10.3676
49742,8.73526
49743,9.03988
49744,11.0725
49745,9.19775
49746,9.24387
49747,9.30094
49748,10.4134
49749,10.8837
49750,7.95211
49751,8.95936
49752,12.3681
49753,9.98685
49754,10.2181
49755,13.538
49756,13.5821
49757,8.9416
49758,9.0073
49759,9.17814
49760,11.7493
49761,11.3146
49762,11.3861
49763,8.50499
49764,7.61538
49765,10.0583
49766,11.3966
49767,9.68314
49768,9.86568
49769,10.4798
49770,10.7458
49771,8.41643
49772,12.4834
49773,9.68402
49774,10.7929
49775,10.9581
49776,6.80856
49777,11.2733
49778,7.31972
49779,7.67608
49780,9.73516
49781,8.11773
49782,8.37953
49783,10.1349
49784,9.15165
49785,9.8174
49786,9.86754
49787,9.03201
49788,9.90293
49789,10.9269
49790,10.6865
49791,7.78091
49792,11.1997
49793,12.585
49794,8.35171
49795,9.50721
49796,8.63039
49797,10.8643
49798,10.3162
49799,13.7373
49800,9.18933
49801,6.40513
49802,10.7391
49803,8.39011
49804,10.5252
49805,9.67387
49806,10.7276
49807,8.6718
49808,14.7213
49809,11.9544
49810,9.11376
49811,9.63141
49812,13.1955
49813,9.86602
49814,13.8451
49815,14.2089
49816,7.61852
49817,16.1182
49818,8.14919
49819,11.8263
49820,13.0183
49821,9.57484
49822,8.79297
49823,10.6384
49824,11.9159
49825,10.055
49826,12.1823
49827,14.7465
49828,14.6118
49829,15.8402
49830,14.2581
49831,12.6525
49832,9.04306
49833,8.02491
49834,8.81873
49835,9.35816
49836,9.47918
49837,8.95463
49838,8.98519
49839,9.84926
49840,10.7498
49841,8.58217
49842,11.6341
49843,7.83958
49844,8.71042
49845,12.7796
49846,8.89375
49847,9.73468
49848,8.85675
49849,12.3367
49850,10.4015
49851,8.83884
49852,8.87484
49853,9.29675
49854,10.0452
49855,10.4765
49856,10.6026
49857,9.20765
49858,9.47021
49859,9.5306
49860,12.5532
49861,13.3706
49862,13.5283
49863,8.55204
49864,8.6764
49865,10.7122
49866,8.73881
49867,8.95163
49868,7.10009
49869,12.3547
49870,10.6304
49871,11.3444
49872,8.42349
49873,9.45258
49874,11.772
49875,8.81215
49876,11.4678
49877,11.4996
49878,7.31874
49879,6.56247
49880,14.0259
49881,14.521
49882,9.63523
49883,14.6642
49884,7.79046
49885,7.34678
49886,9.54475
49887,7.64787
49888,7.74032
49889,9.80607
49890,7.85235
49891,7.87064
49892,9.11649
49893,8.30291
49894,8.43122
49895,10.0228
49896,9.03124
49897,9.13547
49898,8.16516
49899,10.3338
49900,10.6708
49901,9.74612
49902,10.952
49903,12.4194
49904,8.50532
49905,10.5788
49906,8.60197
49907,11.805
49908,12.0271
49909,12.308
49910,12.4187
49911,12.472
49912,9.5765
49913,10.7013
49914,7.74552
49915,10.5038
49916,11.4812
49917,11.6708
49918,8.57342
49919,12.7059
49920,8.8436
49921,9.38403
49922,8.6013
49923,14.6194
49924,8.67251
49925,7.17288
49926,7.4409
49927,11.5019
49928,10.5588
49929,8.82826
49930,11.1349
49931,9.39437
49932,9.64962
49933,7.05019
49934,11.381
49935,10.432
49936,10.5219
49937,10.8719
49938,10.9014
49939,8.2327
49940,11.0404
49941,12.0489
49942,12.1495
49943,12.5256
49944,6.69328
49945,12.9271
49946,7.11707
49947,9.38967
49948,8.56661
49949,16.1231
49950,10.4673
49951,8.88476
49952,11.4931
49953,7.7181
49954,10.1018
49955,12.9941
49956,9.13913
49957,16.2159
49958,9.73233
49959,10.9146
49960,14.0372
49961,10
49962,9.39682
49963,9.69748
49964,9.70591
49965,8.76082
49966,9.12311
49967,8.44187
49968,9.90147
49969,11.5116
49970,9.76799
49971,10.7764
49972,6.38785
49973,6.56896
49974,9.06201
49975,9.19881
49976,10.1055
49977,8.69431
49978,10.7095
49979,11.0886
49980,9.62657
49981,12.1917
49982,10.3635
49983,10.5548
49984,8.96612
49985,10.2063
49986,9.50924
49987,7.30432
49988,8.46348
49989,7.58483
49990,9.94163
49991,9.73742
49992,8.97712
49993,9.52881
49994,11.6412
49995,10.7077
49996,12.8094
49997,12.7575
49998,14.2644
49999,12.2869
50000,8.06292
50001,11.1981
50002,9.24317
50003,12.2773
50004,10.11
50005,10.8825
50006,11.2898
50007,7.85969
50008,8.2602
50009,8.34702
50010,16.5271
50011,9.96315
50012,9.0026
50013,11.1265
50014,8.1431
50015,8.25843
50016,9.02129
50017,9.04337
50018,9.45859
50019,11.467
50020,9.80556
50021,11.9285
50022,9.93689
50023,10.0499
50024,8.245
50025,10.2534
50026,9.32138
50027,8.01812
50028,13.1441
50029,7.4683
50030,13.1886
50031,8.581
50032,12.8019
50033,12.2514
50034,7.36704
50035,8.5869
50036,13.4694
50037,7.67517
50038,8.90202
50039,9.80082
50040,12.1321
50041,6.48984
50042,9.77114
50043,9.92273
50044,11.6437
50045,8.5837
50046,11.1897
50047,9.77568
50048,10.067
50049,6.26384
50050,7.89049
50051,6.0945
50052,8.19715
50053,8.24181
50054,9.57992
50055,7.58836
50056,10.6234
50057,12.012
50058,9.16916
50059,9.35505
50060,10.42
50061,9.43461
50062,10.4105
50063,7.54097
50064,11.3235
50065,8.80247
50066,10.0361
50067,6.71054
50068,10.8894
50069,8.58153
50070,14.701
50071,11.8428
50072,8.97844
50073,11.1823
50074,10.3566
50075,8.82038
50076,11.2422
50077,9.18678
50078,9.31033
50079,6.50771
50080,13.6435
50081,9.91559
50082,9.31852
50083,11.0425
50084,11.0635
50085,8.54578
50086,12.6199
50087,11.6305
50088,10.8251
50089,8.10631
50090,9.55356
50091,7.72625
50092,10.4093
50093,13.6478
50094,10.6562
50095,10.836
50096,13.0919
50097,12.377
50098,10.0828
50099,10.8475
50100,9.26395
50101,9.46399
50102,10.6798
50103,8.69456
50104,9.15623
50105,11.1773
50106,10.6306
50107,10.6675
50108,9.38335
50109,10.5415
50110,9.31589
50111,7.40166
50112,8.41009
50113,9.1323
50114,9.77519
50115,9.50284
50116,8.78179
50117,10.7902
50118,11.0902
50119,9.64556
50120,11.7422
50121,16.776
50122,12.3801
50123,7.60566
50124,11.6806
50125,9.7445
50126,12.0274
50127,9.21418
50128,10.0003
50129,9.53629
50130,10.5708
50131,7.31715
50132,9.38216
50133,9.50804
50134,11.6777
50135,11.1391
50136,10.276
50137,12.3564
50138,12.0777
50139,6.27637
50140,13.4114
50141,10.6568
50142,13.7197
50143,11.7321
50144,6.8766
50145,8.13301
50146,9.25602
50147,9.86645
50148,9.92915
50149,10.5666
50150,8.97124
50151,10.0813
50152,9.20351
50153,15.3899
50154,10.6014
50155,7.79176
50156,9.41589
50157,9.55976
50158,9.96134
50159,7.14748
50160,9.49962
50161,11.6145
50162,7.73349
50163,9.79948
50164,7.12213
50165,9.69771
50166,10.9485
50167,14.0506
50168,12.1344
50169,10.4243
50170,12.5894
50171,14.3832
50172,8.74691
50173,9.786
50174,12.1534
50175,11.4168
50176,10.7117
50177,11.0053
50178,11.757
50179,8.73597
50180,9.48329
50181,10.071
50182,14.877
50183,10.282
50184,11.3114
50185,10.5907
50186,10.2213
50187,10.6691
50188,7.89654
50189,12.123
50190,6.72727
50191,8.92613
50192,9.16369
50193,13.3503
50194,10.7849
50195,11.0318
50196,9.39676
50197,9.90699
50198,12.6867
50199,14.6023
50200,13.8136
50201,10.8087
50202,11.2232
50203,8.48186
50204,11.7314
50205,11.9707
50206,7.76097
50207,11.9109
50208,11.2037
50209,12.5394
50210,12.1128
50211,7.54736
50212,11.8525
50213,9.67293
50214,9.97559
50215,10.8954
50216,9.99373
50217,9.62174
50218,10.2101
50219,10.3565
50220,7.69049
50221,8.91349
50222,11.1336
50223,10.3644
50224,8.37286
50225,8.18201
50226,9.79569
50227,13.5686
50228,14.6988
50229,10.4671
50230,10.6854
50231,8.70917
50232,10.7652
50233,15.2835
50234,8.56683
50235,12.9357
50236,10.0258
50237,9.03427
50238,9.58014
50239,8.63473
50240,10.0201
50241,10.1608
50242,10.319
50243,10.3625
50244,9.44244
50245,12.3188
50246,13.4304
50247,12.4814
50248,13.5605
50249,8.78742
50250,13.9117
50251,6.76632
50252,9.84532
50253,6.89855
50254,8.90257
50255,9.95737
50256,11.3017
50257,8.89816
50258,10.3202
50259,9.52887
50260,9.55246
50261,7.78768
50262,7.84397
50263,8.35601
50264,12.5131
50265,7.91315
50266,9.9439
50267,13.0527
50268,7.10092
50269,9.13541
50270,7.17816
50271,6.88713
50272,8.05872
50273,7.34192
50274,10.8326
50275,7.50996
50276,12.8344
50277,11.8629
50278,11.9739
50279,12.08
50280,11.1183
50281,9.25591
50282,8.30524
50283,8.24827
50284,9.52138
50285,9.9951
50286,11.8649
50287,8.96424
50288,6.61427
50289,10.905
50290,11.0837
50291,9.16652
50292,7.53196
50293,14.9484
50294,9.99116
50295,7.03626
50296,8.2063
50297,10.2279
50298,8.48704
50299,13.5942
50300,11.7383
50301,11.7538
50302,10.2792
50303,12.7845
50304,11.8902
50305,11.0135
50306,11.2002
50307,13.6848
50308,7.02299
50309,9.70859
50310,7.7837
50311,12.7936
50312,9.54747
50313,14.1548
50314,11.2716
50315,11.2273
50316,8.79245
50317,7.80088
50318,8.67461
50319,11.8038
50320,9.15891
50321,11.0249
50322,11.8058
50323,9.46958
50324,11.678
50325,10.8886
50326,9.24167
50327,7.78909
50328,12.7975
50329,9.1349
50330,10.8919
50331,8.97176
50332,6.31106
50333,9.50164
50334,9.48422
50335,9.10508
50336,9.89503
50337,9.48247
50338,10.4932
50339,8.39499
50340,8.79213
50341,8.97895
50342,7.75705
50343,7.40977
50344,8.17103
50345,7.59349
50346,8.16145
50347,12.0902
50348,9.12298
50349,9.69475
50350,8.0296
50351,8.05417
50352,8.4731
50353,8.8885
50354,9.91012
50355,9.97596
50356,9.06565
50357,10.4059
50358,9.52127
50359,10.9884
50360,12.0931
50361,10.1419
50362,11.2748
50363,11.7852
50364,15.8502
50365,7.95502
50366,12.5394
50367,8.75657
50368,9.79459
50369,9.91641
50370,14.9979
50371,7.81779
50372,8.98402
50373,7.65683
50374,11.0287
50375,8.35605
50376,8.54142
50377,10.3377
50378,9.38528
50379,6.57231
50380,7.97896
50381,10.059
50382,11.048
50383,11.1323
50384,11.3206
50385,9.41027
50386,12.4448
50387,8.43167
50388,7.84796
50389,9.99443
50390,7.44794
50391,9.96696
50392,12.0679
50393,9.22236
50394,12.2581
50395,13.3253
50396,10.3229
50397,8.34825
50398,10.589
50399,9.83233
50400,7.88253
50401,11.0217
50402,8.03885
50403,11.0998
50404,10.6067
50405,12.3679
50406,11.5223
50407,10.9161
50408,12.059
50409,10.5513
50410,10.798
50411,13.078
50412,10.3384
50413,12.6311
50414,8.78671
50415,12.8031
50416,8.96482
50417,9.48178
50418,8.66917
50419,5.5637
50420,9.8407
50421,10.342
50422,10.8495
50423,7.53217
50424,7.7888
50425,8.08241
50426,8.82466
50427,7.4269
50428,9.46976
50429,10.5083
50430,9.70254
50431,10.0015
50432,8.59793
50433,9.70866
50434,9.84412
50435,9.73659
50436,9.03646
50437,10.1707
50438,10.4473
50439,7.51358
50440,7.89811
50441,11.0934
50442,14.3781
50443,10.1638
50444,10.4094
50445,10.5338
50446,8.05409
50447,8.51099
50448,9.51175
50449,8.97852
50450,11.5153
50451,8.87776
50452,9.37411
50453,8.73897
50454,8.0281
50455,12.4977
50456,10.8805
50457,9.66858
50458,11.8434
50459,13.0617
50460,10.6841
50461,10.5533
50462,9.1845
50463,9.85028
50464,5.44858
50465,9.47902
50466,12.8426
50467,14.5636
50468,6.83612
50469,6.98694
50470,8.84915
50471,8.30391
50472,9.41878
50473,8.70305
50474,8.86728
50475,8.90897
50476,17.1199
50477,8.27416
50478,12.3287
50479,9.42941
50480,10.591
50481,9.79828
50482,9.89143
50483,11.0864
50484,10.2714
50485,8.40533
50486,10.554
50487,10.6485
50488,8.90728
50489,11.1451
50490,7.52666
50491,12.5383
50492,11.1439
50493,12.9802
50494,11.3071
50495,15.1241
50496,6.8166
50497,10.823
50498,8.45029
50499,8.94458
50500,8.69118
50501,8.8152
50502,10.1463
50503,10.6855
50504,10.5225
50505,15.9243
50506,8.02131
50507,10.3426
50508,9.50922
50509,9.97007
50510,7.25004
50511,10.8849
50512,8.21171
50513,14.613
50514,8.66232
50515,10.8994
50516,12.3873
50517,12.6253
50518,12.0995
50519,8.15817
50520,8.4221
50521,7.35689
50522,8.85816
50523,10.2484
50524,11.0041
50525,10.0615
50526,11.0934
50527,8.77988
50528,12.8616
50529,9.57409
50530,11.4953
50531,7.59244
50532,11.09
50533,7.15995
50534,10.484
50535,10.5917
50536,9.52179
50537,12.837
50538,12.0509
50539,8.47138
50540,8.71264
50541,9.9995
50542,10.1204
50543,10.1918
50544,11.113
50545,12.2029
50546,11.2114
50547,11.8092
50548,12.9283
50549,8.44748
50550,9.29431
50551,14.5178
50552,7.68054
50553,11.8408
50554,8.00535
50555,12.6703
50556,9.89693
50557,13.863
50558,8.62985
50559,13.7554
50560,10.4657
50561,10.9741
50562,9.30329
50563,10.3776
50564,9.29998
50565,7.47062
50566,13.9067
50567,10.5295
50568,10.1463
50569,10.2032
50570,10.9621
50571,11.0633
50572,8.27605
50573,8.81164
50574,14.326
50575,13.1377
50576,8.28706
50577,9.00589
50578,11.382
50579,7.63488
50580,7.72599
50581,7.89433
50582,7.27857
50583,10.8055
50584,8.8863
50585,8.94365
50586,11.8613
50587,12.2321
50588,7.17525
50589,10.5569
50590,10.5653
50591,7.92369
50592,8.94346
50593,7.66381
50594,8.75936
50595,9.69279
50596,8.70762
50597,8.16972
50598,8.80301
50599,9.95632
50600,11.0662
50601,7.10642
50602,10.47
50603,10.3224
50604,13.5385
50605,9.98583
50606,9.99618
50607,10.0746
50608,10.1645
50609,8.74717
50610,10.9486
50611,8.94701
50612,12.4395
50613,10.4851
50614,13.6764
50615,9.43786
50616,14.5126
50617,8.61458
50618,11.8103
50619,7.85488
50620,7.96136
50621,15.0484
50622,8.62575
50623,8.98243
50624,9.95784
50625,10.0275
50626,12.1539
50627,15.2219
50628,8.92632
50629,12.2995
50630,10.4891
50631,8.83142
50632,11.3726
50633,14.599
50634,15.1015
50635,9.89716
50636,7.31618
50637,9.38114
50638,7.01115
50639,9.05129
50640,11.2089
50641,8.89782
50642,8.95123
50643,10.081
50644,11.9614
50645,11.1432
50646,8.38735
50647,10.5899
50648,11.6227
50649,12.0992
50650,11.2823
50651,8.64436
50652,9.19847
50653,11.3554
50654,9.11728
50655,11.1045
50656,9.48188
50657,12.1031
50658,12.4642
50659,9.47846
50660,7.77429
50661,10.471
50662,10.1091
50663,13.4286
50664,7.69192
50665,13.7003
50666,8.77159
50667,13.9408
50668,12.4139
50669,8.74714
50670,8.76802
50671,10.4327
50672,10.6998
50673,9.48665
50674,13.6909
50675,5.98702
50676,6.70214
50677,9.41144
50678,8.4245
50679,8.5806
50680,7.75162
50681,9.92072
50682,11.2066
50683,9.10078
50684,13.4918
50685,6.64351
50686,11.6832
50687,15.525
50688,11.7445
50689,7.79548
50690,8.22681
50691,8.46405
50692,11.5734
50693,11.6536
50694,9.78211
50695,9.93955
50696,9.02237
50697,9.97195
50698,10.212
50699,10.2742
50700,8.79563
50701,11.4475
50702,12.0221
50703,11.405
50704,12.7035
50705,9.4382
50706,8.59025
50707,9.35832
50708,16.6359
50709,7.48137
50710,7.92665
50711,8.95098
50712,9.46769
50713,9.96088
50714,7.58263
50715,7.81161
50716,8.40565
50717,11.7338
50718,9.12306
50719,9.26963
50720,10.3438
50721,9.89314
50722,11.3935
50723,10.4519
50724,9.11917
50725,11.2988
50726,10.1736
50727,9.55454
50728,13.1612
50729,8.45492
50730,17.7295
50731,7.09044
50732,14.3137
50733,10.744
50734,11.1563
50735,9.41088
50736,10.8375
50737,11.2928
50738,9.69679
50739,9.70522
50740,14.5403
50741,7.64262
50742,7.88468
50743,9.18444
50744,8.52529
50745,8.90114
50746,9.91482
50747,9.33756
50748,14.5342
50749,10.984
50750,7.12221
50751,10.1402
50752,7.86057
50753,12.898
50754,7.63388
50755,6.87475
50756,10.0198
50757,7.95724
50758,9.06621
50759,8.12988
50760,7.28221
50761,8.1415
50762,9.67532
50763,10.0366
50764,9.13959
50765,9.2249
50766,11.4992
50767,7.90821
50768,11.104
50769,10.1307
50770,12.2641
50771,11.6301
50772,10.675
50773,13.1075
50774,7.22207
50775,7.82451
50776,8.27246
50777,8.63168
50778,7.34396
50779,7.76263
50780,8.22425
50781,8.237
50782,6.48983
50783,6.66958
50784,11.1358
50785,15.5404
50786,11.6876
50787,10.5905
50788,9.14486
50789,11.1975
50790,10.5002
50791,11.7885
50792,8.94994
50793,8.426
50794,8.75479
50795,8.2737
50796,9.43046
50797,16.6604
50798,12.2564
50799,11.4094
50800,6.57992
50801,10.6671
50802,9.05334
50803,13.3361
50804,5.69533
50805,7.98939
50806,8.01682
50807,8.07391
50808,13.0858
50809,10.6658
50810,8.71245
50811,9.03144
50812,9.29068
50813,11.4315
50814,9.52265
50815,9.70335
50816,12.8763
50817,7.16113
50818,10.37
50819,10.5063
50820,8.79643
50821,16.0561
50822,10.3522
50823,10.8976
50824,12.1715
50825,11.2386
50826,7.37016
50827,8.42499
50828,8.46996
50829,8.88785
50830,13.0918
50831,7.26152
50832,8.13918
50833,10.8781
50834,10.9143
50835,9.07908
50836,13.3401
50837,6.58413
50838,11.9375
50839,7.07985
50840,8.74028
50841,7.74871
50842,11.6707
50843,7.05996
50844,15.4917
50845,10.9981
50846,10.9088
50847,11.3323
50848,7.85914
50849,10.8818
50850,7.00028
50851,8.50531
50852,13.555
50853,11.1765
50854,12.3363
50855,13.6111
50856,7.67923
50857,9.76753
50858,10.0121
50859,11.4058
50860,8.16853
50861,7.40346
50862,13.5665
50863,11.664
50864,8.64831
50865,11.9811
50866,9.51313
50867,12.5755
50868,11.307
50869,13.9043
50870,10.5232
50871,5.85912
50872,6.28393
50873,12.3728
50874,12.7238
50875,17.8903
50876,9.30566
50877,8.47109
50878,8.51944
50879,13.7686
50880,9.13015
50881,14.1386
50882,7.66112
50883,8.93644
50884,11.3093
50885,10.8814
50886,12.4024
50887,11.5875
50888,10.0572
50889,7.67694
50890,7.76667
50891,7.79135
50892,9.659
50893,12.0062
50894,9.20402
50895,9.62466
50896,11.6866
50897,12.7143
50898,12.8581
50899,10.0261
50900,10.5081
50901,14.0352
50902,13.4377
50903,7.57079
50904,8.24007
50905,9.66429
50906,10.1818
50907,10.5103
50908,9.60954
50909,14.8052
50910,11.9139
50911,12.3656
50912,8.90873
50913,12.6467
50914,13.5501
50915,13.3154
50916,7.73493
50917,9.85811
50918,8.91813
50919,11.9115
50920,9.72437
50921,8.41125
50922,9.62931
50923,11.6377
50924,10.7616
50925,8.84546
50926,9.97885
50927,9.89138
50928,9.43193
50929,8.6656
50930,12.9849
50931,11.5234
50932,12.9581
50933,9.02929
50934,11.4976
50935,10.5065
50936,14.9483
50937,8.07785
50938,9.27732
50939,8.98313
50940,7.99205
50941,8.82307
50942,6.86987
50943,10.5022
50944,18.9605
50945,10.1197
50946,7.46587
50947,11.0113
50948,7.52042
50949,7.97113
50950,10.9995
50951,8.20059
50952,8.4871
50953,9.35168
50954,7.52618
50955,9.53461
50956,7.8184
50957,9.95171
50958,9.13461
50959,10.5749
50960,10.7286
50961,17.746
50962,13.9516
50963,8.17228
50964,11.6861
50965,13.5842
50966,14.0577
50967,7.82261
50968,16.3799
50969,9.64467
50970,9.41485
50971,9.76216
50972,11.5362
50973,11.6325
50974,14.9815
50975,12.2163
50976,8.47851
50977,8.83399
50978,10.6255
50979,8.25791
50980,9.29775
50981,11.3731
50982,8.11038
50983,7.20263
50984,9.52412
50985,8.79559
50986,8.89729
50987,10.8429
50988,11.8753
50989,12.3393
50990,12.4081
50991,12.5939
50992,8.68852
50993,13.204
50994,7.68134
50995,9.84007
50996,10.8677
50997,12.7709
50998,12.068
50999,9.86972
51000,12.421
51001,11.2012
51002,11.0974
51003,8.29766
51004,9.02156
51005,10.3673
51006,11.3729
51007,11.6882
51008,8.07068
51009,6.6115
51010,7.73523
51011,8.31367
51012,8.89383
51013,6.69309
51014,9.70153
51015,9.79637
51016,10.2368
51017,11.5386
51018,11.7773
51019,7.60088
51020,9.67198
51021,9.71639
51022,9.8449
51023,8.14211
51024,9.60853
51025,8.14766
51026,10.866
51027,13.8997
51028,9.18776
51029,16.3724
51030,10.8361
51031,9.93708
51032,8.50539
51033,5.7554
51034,11.8982
51035,5.23232
51036,9.7133
51037,10.1077
51038,9.16358
51039,9.86601
51040,15.1001
51041,10.4686
51042,11.5314
51043,12.9683
51044,11.9533
51045,12.2108
51046,10.4247
51047,8.29008
51048,8.35557
51049,6.07403
51050,7.40587
51051,8.4292
51052,9.72566
51053,10.5418
51054,9.57616
51055,11.0089
51056,12.1773
51057,8.83724
51058,11.5133
51059,8.5237
51060,9.06535
51061,9.53015
51062,10.0955
51063,10.3734
51064,8.50189
51065,8.07053
51066,11.079
51067,13.482
51068,12.8836
51069,8.43797
51070,8.5882
51071,11.803
51072,8.85111
51073,8.87514
51074,12.1342
51075,15.2855
51076,10.4733
51077,15.5814
51078,10.9621
51079,7.56763
51080,8.73787
51081,8.6754
51082,12.8315
51083,10.497
51084,14.1191
51085,6.7872
51086,10.957
51087,10.1505
51088,7.18833
51089,9.8652
51090,9.20402
51091,9.72627
51092,11.3905
51093,10.3132
51094,9.57739
51095,8.22895
51096,9.11501
51097,9.04163
51098,10.7314
51099,7.76785
51100,9.15845
51101,9.2525
51102,10.362
51103,9.67621
51104,13.7931
51105,9.83248
51106,14.9489
51107,8.21567
51108,9.3341
51109,9.79393
51110,10.3529
51111,10.5663
51112,17.7381
51113,9.91024
51114,9.25352
51115,8.8348
51116,7.20749
51117,9.21592
51118,8.65429
51119,8.85689
51120,13.867
51121,8.96395
51122,11.4154
51123,13.0261
51124,7.61277
51125,9.11161
51126,7.47955
51127,12.7131
51128,9.53796
51129,7.98241
51130,10.999
51131,11.3343
51132,11.4099
51133,10.5423
51134,11.8471
51135,9.92016
51136,11.0157
51137,10.0366
51138,15.1255
51139,9.96047
51140,12.3541
51141,9.80576
51142,7.82805
51143,6.43951
51144,14.5995
51145,5.6266
51146,10.645
51147,7.93349
51148,8.53591
51149,10.602
51150,7.07934
51151,10.5943
51152,10.6027
51153,13.0877
51154,9.24265
51155,15.4118
51156,9.8581
51157,15.2154
51158,8.83778
51159,7.44111
51160,8.4671
51161,9.92714
51162,13.0278
51163,12.3392
51164,11.4246
51165,9.77872
51166,12.1131
51167,8.22758
51168,11.3678
51169,11.5103
51170,10.2041
51171,11.7454
51172,10.6694
51173,13.7868
51174,7.87465
51175,10.2163
51176,9.52834
51177,9.70725
51178,14.9326
51179,11.2027
51180,11.6142
51181,10.7351
51182,9.76335
51183,12.0757
51184,11.3372
51185,10.1667
51186,9.3528
51187,8.13769
51188,12.1819
51189,7.66669
51190,9.78841
51191,8.82171
51192,9.92975
51193,8.93818
51194,8.81782
51195,6.56552
51196,7.98379
51197,9.7968
51198,8.52074
51199,12.5293
51200,9.94157
51201,7.36334
51202,8.81777
51203,9.88026
51204,6.4973
51205,10.0097
51206,10.5469
51207,10.5897
51208,6.88507
51209,10.0131
51210,10.4545
51211,8.74318
51212,9.67455
51213,7.83246
51214,8.70967
51215,8.91063
51216,7.9822
51217,10.4614
51218,8.75611
51219,9.85794
51220,9.92928
51221,10.1153
51222,6.75403
51223,7.09485
51224,9.40461
51225,10.8352
51226,11.2268
51227,8.37791
51228,17.161
51229,10.5652
51230,7.99859
51231,9.0969
51232,8.32686
51233,8.35091
51234,9.38056
51235,15.415
51236,14.033
51237,11.0416
51238,12.4614
51239,12.6536
51240,8.08893
51241,11.4343
51242,11.7758
51243,9.38692
51244,7.77656
51245,9.331
51246,8.69686
51247,11.93
51248,10.5526
51249,8.76828
51250,7.90934
51251,6.82001
51252,6.45505
51253,16.4681
51254,10.4532
51255,6.79878
51256,7.41153
51257,7.44891
51258,7.94441
51259,11.2892
51260,12.0867
51261,11.8733
51262,9.46554
51263,11.5851
51264,10.659
51265,8.88895
51266,11.7729
51267,11.7906
51268,10.9106
51269,8.21189
51270,9.28318
51271,12.3168
51272,12.5514
51273,13.5749
51274,8.74834
51275,9.14806
51276,11.2178
51277,9.04487
51278,11.6566
51279,10.5054
51280,7.44407
51281,9.65385
51282,8.84079
51283,12.5469
51284,12.7878
51285,11.0725
51286,11.7822
51287,11.2263
51288,10.3055
51289,10.3446
51290,9.63448
51291,8.021
51292,11.9003
51293,8.96091
51294,12.4789
51295,10.5995
51296,10.3901
51297,8.41232
51298,7.15531
51299,8.66297
51300,11.2142
51301,10.7618
51302,7.34816
51303,13.7494
51304,8.03579
51305,8.88215
51306,9.12896
51307,7.40387
51308,7.59154
51309,8.32649
51310,13.135
51311,11.1659
51312,11.2403
51313,11.415
51314,9.85434
51315,8.00968
51316,8.55546
51317,9.58612
51318,10.6439
51319,9.1838
51320,11.2183
51321,9.31139
51322,9.58646
51323,10.6214
51324,11.3089
51325,14.5025
51326,9.30217
51327,9.41567
51328,12.6333
51329,10.9795
51330,12.3672
51331,9.60351
51332,10.7119
51333,15.8215
51334,11.8299
51335,7.1588
51336,7.3225
51337,13.7509
51338,7.24524
51339,10.288
51340,10.7624
51341,8.82368
51342,8.94886
51343,9.18034
51344,9.55898
51345,6.71455
51346,7.48158
51347,7.89074
51348,8.03814
51349,8.31104
51350,7.58255
51351,7.72056
51352,8.94689
51353,9.24651
51354,10.2794
51355,9.87107
51356,10.3195
51357,10.5349
51358,9.5992
51359,8.56129
51360,7.93586
51361,9.95473
51362,9.02176
51363,9.08106
51364,15.3196
51365,12.6861
51366,11.5324
51367,8.8226
51368,8.86789
51369,6.36767
51370,9.54766
51371,10.1516
51372,11.1575
51373,10.6471
51374,13.4882
51375,8.51264
51376,8.82253
51377,10.34
51378,5.81439
51379,10.8306
51380,8.88519
51381,12.1056
51382,12.2285
51383,7.26234
51384,14.4438
51385,7.62143
51386,11.7141
51387,8.34327
51388,10.3951
51389,11.7363
51390,8.02172
51391,9.51488
51392,9.52331
51393,6.80021
51394,7.1049
51395,11.2086
51396,12.2431
51397,10.2708
51398,8.37996
51399,11.9468
51400,10.3014
51401,9.32653
51402,13.0839
51403,9.35977
51404,10.4655
51405,13.489
51406,9.65476
51407,6.81235
51408,7.25161
51409,6.6722
51410,15.2644
51411,7.39218
51412,7.82379
51413,7.90519
51414,10.0183
51415,8.04878
51416,12.1266
51417,13.1473
51418,8.17968
51419,8.3865
51420,9.8024
51421,8.81192
51422,9.92325
51423,10.1458
51424,10.2795
51425,13.723
51426,10.9004
51427,8.9954
51428,12.1408
51429,8.45256
51430,9.08825
51431,9.61948
51432,11.0414
51433,11.3817
51434,9.3981
51435,12.3222
51436,13.5616
51437,9.64824
51438,9.43919
51439,9.26782
51440,8.72972
51441,12.1034
51442,8.11178
51443,12.6464
51444,12.9309
51445,9.5998
51446,11.9585
51447,9.51177
51448,9.80364
51449,8.21685
51450,8.47319
51451,11.9267
51452,9.3409
51453,14.2981
51454,7.52869
51455,12.5701
51456,10.9715
51457,11.1759
51458,9.35395
51459,8.88773
51460,10.3344
51461,11.0171
51462,10.4503
51463,11.732
51464,11.6151
51465,12.4033
51466,11.5829
51467,10.6787
51468,9.8653
51469,9.03828
51470,9.77054
51471,10.5293
51472,12.6342
51473,9.26439
51474,11.5625
51475,13.4568
51476,10.5914
51477,5.83632
51478,10.4039
51479,10.1925
51480,8.0238
51481,6.69714
51482,10.7259
51483,9.90626
51484,9.9868
51485,10.4545
51486,7.64278
51487,10.7628
51488,7.8291
51489,7.2747
51490,11.5481
51491,11.9472
51492,12.083
51493,8.14821
51494,9.94444
51495,8.96121
51496,14.0472
51497,9.20512
51498,9.26429
51499,9.39454
51500,9.57411
51501,12.8504
51502,10.061
51503,10.1547
51504,7.64441
51505,9.00061
51506,8.08094
51507,8.14775
51508,7.24429
51509,9.25496
51510,9.30465
51511,9.56283
51512,9.90285
51513,12.1053
51514,12.3447
51515,10.4979
51516,9.90198
51517,9.47881
51518,10.5302
51519,11.5852
51520,7.27676
51521,10.3515
51522,11.3959
51523,10.5375
51524,8.55148
51525,11.8657
51526,9.57503
51527,9.58951
51528,7.6376
51529,10.4703
51530,8.62116
51531,9.75813
51532,9.4531
51533,9.84076
51534,9.15826
51535,11.6069
51536,12.3725
51537,10.4641
51538,11.5517
51539,10.5621
51540,9.50167
51541,7.74645
51542,7.76053
51543,9.85405
51544,6.92103
51545,8.32006
51546,8.39152
51547,8.75014
51548,9.26941
51549,9.62875
51550,8.90837
51551,11.2396
51552,11.5062
51553,7.66355
51554,16.799
51555,8.36984
51556,8.38393
51557,12.4964
51558,8.50487
51559,8.51331
51560,8.97917
51561,8.26602
51562,8.51892
51563,11.7497
51564,10.128
51565,9.26706
51566,8.91862
51567,11.0368
51568,13.5243
51569,10.5327
51570,14.2044
51571,11.6832
51572,6.86358
51573,9.58373
51574,9.5949
51575,14.6296
51576,11.9585
51577,10.2482
51578,10.6149
51579,9.935
51580,9.40745
51581,8.65966
51582,15.915
51583,10.7488
51584,11.0873
51585,9.87283
51586,16.022
51587,6.84756
51588,10.3567
51589,11.4424
51590,10.6435
51591,11.2371
51592,9.77929
51593,6.15921
51594,6.89542
51595,9.95298
51596,9.06639
51597,8.73886
51598,12.8333
51599,9.13941
51600,10.9546
51601,10.0122
51602,10.66
51603,10.9357
51604,12.0019
51605,10.2216
51606,12.3453
51607,10.4404
51608,14.1186
51609,9.64823
51610,7.69803
51611,9.94859
51612,11.9857
51613,9.2388
51614,10.5622
51615,12.1835
51616,7.71461
51617,12.244
51618,7.32852
51619,10.4818
51620,9.59533
51621,10.0419
51622,9.14735
51623,11.0297
51624,14.1956
51625,16.8361
51626,8.81572
51627,9.84916
51628,13.2288
51629,8.24642
51630,9.8684
51631,9.28085
51632,11.3689
51633,12.2644
51634,12.3512
51635,12.9049
51636,11.3841
51637,10.3925
51638,12.7519
51639,14.3672
51640,12.4786
51641,9.55363
51642,9.8062
51643,9.9566
51644,11.6491
51645,7.15682
51646,10.2738
51647,9.07759
51648,6.14994
51649,7.47473
51650,8.83584
51651,8.26982
51652,9.31857
51653,9.16125
51654,10.249
51655,9.62569
51656,6.9505
51657,11.2621
51658,10.2616
51659,13.0511
51660,14.1081
51661,9.16193
51662,6.15062
51663,10.2294
51664,10.9942
51665,16.1867
51666,8.92789
51667,11.179
51668,8.54847
51669,11.5968
51670,7.84848
51671,12.3557
51672,11.8962
51673,8.56083
51674,9.54528
51675,8.88377
51676,9.09111
51677,10.0995
51678,9.36468
51679,9.48317
51680,5.59137
51681,11.7507
51682,9.86588
51683,12.5869
51684,6.72429
51685,11.7103
51686,13.0165
51687,11.4119
51688,8.59746
51689,10.1381
51690,8.4024
51691,9.62935
51692,13.6685
51693,8.92318
51694,6.82796
51695,9.97433
51696,7.62244
51697,10.4877
51698,10.7051
51699,8.79553
51700,11.3227
51701,11.0953
51702,11.6546
51703,13.7358
51704,8.52604
51705,10.0273
51706,8.3816
51707,8.14542
51708,10.2591
51709,11.7935
51710,11.8332
51711,11.1681
51712,10.2227
51713,10.6013
51714,9.89484
51715,10.6591
51716,10.9146
51717,13.8384
51718,11.8578
51719,9.01456
51720,10.6151
51721,7.21555
51722,8.2189
51723,9.05648
51724,10.6983
51725,9.84312
51726,11.4315
51727,11.8197
51728,8.46243
51729,9.94407
51730,14.3376
51731,9.4195
51732,9.64716
51733,9.8071
51734,9.86064
51735,9.62546
51736,11.7453
51737,12.4936
51738,8.87878
51739,13.0578
51740,9.07533
51741,7.34212
51742,14.1473
51743,10.185
51744,8.77067
51745,11.6201
51746,10.8305
51747,9.06893
51748,13.5804
51749,13.7079
51750,8.88203
51751,12.1317
51752,9.28549
51753,9.41153
51754,9.79515
51755,6.72254
51756,10.8169
51757,11.8532
51758,10.4989
51759,9.08361
51760,10.7433
51761,11.0045
51762,8.22406
51763,10.5421
51764,8.78151
51765,10.237
51766,8.869
51767,8.28903
51768,8.53827
51769,11.338
51770,10.4224
51771,10.9835
51772,11.3952
51773,13.6764
51774,10.3052
51775,10.3787
51776,11.6292
51777,13.7086
51778,7.09469
51779,7.07161
51780,13.4722
51781,15.6475
51782,9.78222
51783,10.1339
51784,11.8865
51785,7.93239
51786,11.0447
51787,7.30203
51788,9.32275
51789,9.75983
51790,9.88646
51791,11.1202
51792,10.1563
51793,10.0908
51794,7.53918
51795,8.12534
51796,9.31403
51797,12.9281
51798,9.68875
51799,9.72899
51800,8.59213
51801,14.7788
51802,9.95943
51803,10.6202
51804,9.17066
51805,11.2559
51806,11.4528
51807,8.66629
51808,8.83329
51809,10.4283
51810,12.5033
51811,13.0062
51812,11.4237
51813,7.35631
51814,15.4187
51815,7.84198
51816,9.04889
51817,9.73379
51818,9.91432
51819,9.81549
51820,10.4248
51821,12.491
51822,12.6629
51823,12.9228
51824,9.21036
51825,8.57177
51826,9.20981
51827,13.6167
51828,13.6314
51829,10.7084
51830,9.21942
51831,7.62564
51832,9.11195
51833,9.22719
51834,9.75088
51835,11.7784
51836,11.4893
51837,9.77642
51838,11.3581
51839,10.4039
51840,7.64747
51841,10.6559
51842,11.8867
51843,13.5099
51844,13.6259
51845,9.67878
51846,9.74686
51847,9.84368
51848,11.6189
51849,8.04858
51850,11.2124
51851,11.2208
51852,11.5074
51853,10.7138
51854,7.89982
51855,15.9629
51856,10.0498
51857,8.40012
51858,12.1808
51859,7.36259
51860,9.66244
51861,11.0554
51862,8.45222
51863,10.4885
51864,8.69784
51865,9.14544
51866,11.4693
51867,11.5148
51868,15.8448
51869,9.90133
51870,14.0999
51871,9.48103
51872,13.918
51873,12.8184
51874,12.9739
51875,11.1208
51876,9.145
51877,10.3317
51878,10.1527
51879,7.35593
51880,8.21438
51881,11.5783
51882,9.43939
51883,9.51278
51884,9.79448
51885,17.1553
51886,15.6937
51887,11.36
51888,11.3112
51889,11.5959
51890,9.00213
51891,9.19481
51892,9.27079
51893,10.6962
51894,9.70463
51895,9.98456
51896,12.4241
51897,11.3772
51898,7.66069
51899,7.70634
51900,12.9348
51901,12.5745
51902,10.7376
51903,13.758
51904,7.38792
51905,8.57458
51906,10.7732
51907,13.3312
51908,11.9393
51909,7.23954
51910,9.52831
51911,9.53674
51912,8.10388
51913,11.4014
51914,10.0611
51915,10.2058
51916,13.5283
51917,14.7247
51918,11.9945
51919,9.07439
51920,10.1669
51921,10.7806
51922,7.18144
51923,12.3224
51924,7.9983
51925,10.5714
51926,13.1653
51927,9.06213
51928,9.54648
51929,8.88267
51930,9.89827
51931,9.10491
51932,9.75617
51933,7.80425
51934,14.955
51935,9.32521
51936,9.93591
51937,10.2118
51938,8.62654
51939,12.6726
51940,12.9941
51941,9.03106
51942,7.45363
51943,8.56155
51944,8.36129
51945,7.84477
51946,10.9056
51947,12.0141
51948,7.49052
51949,10.7264
51950,11.7183
51951,9.7658
51952,9.00186
51953,13.0617
51954,6.38756
51955,9.54915
51956,13.0473
51957,9.15519
51958,10.5039
51959,8.7393
51960,9.55565
51961,9.58466
51962,8.59488
51963,9.92607
51964,10.2535
51965,11.6347
51966,14.5099
51967,7.55144
51968,10.6281
51969,9.09248
51970,11.8758
51971,8.59928
51972,11.2759
51973,10.3413
51974,9.36843
51975,9.60367
51976,17.1313
51977,11.9396
51978,12.4789
51979,7.03626
51980,15.1023
51981,11.1542
51982,8.69698
51983,7.37256
51984,11.0108
51985,7.7999
51986,9.80833
51987,8.5507
51988,13.7469
51989,12.5387
51990,9.97301
51991,14.2511
51992,6.67001
51993,7.53831
51994,8.56045
51995,9.38686
51996,9.60117
51997,10.0648
51998,10.2066
51999,9.83485
52000,10.8776
52001,8.58847
52002,8.6301
52003,6.75214
52004,13.7294
52005,8.79234
52006,8.85067
52007,11.2576
52008,13.3529
52009,11.5955
52010,11.6815
52011,11.8838
52012,12.9667
52013,7.95828
52014,9.18896
52015,11.3748
52016,10.8286
52017,7.38603
52018,9.89024
52019,8.2586
52020,10.656
52021,10.9063
52022,9.03506
52023,6.40472
52024,12.512
52025,14.2495
52026,11.3195
52027,14.6141
52028,9.87076
52029,9.19791
52030,9.50555
52031,12.7555
52032,12.7927
52033,7.94292
52034,7.05755
52035,9.13583
52036,7.52008
52037,10.8945
52038,11.0001
52039,7.55993
52040,8.63035
52041,9.0459
52042,6.22991
52043,12.926
52044,10.129
52045,9.22769
52046,7.48565
52047,9.66165
52048,9.97046
52049,10.0087
52050,9.30991
52051,11.4279
52052,10.4595
52053,10.5131
52054,13.5713
52055,9.75539
52056,8.88974
52057,10.0348
52058,10.2053
52059,12.3297
52060,11.3692
52061,12.4126
52062,10.5718
52063,14.0625
52064,12.1944
52065,11.4158
52066,10.634
52067,11.8823
52068,10.2426
52069,12.7156
52070,11.1154
52071,7.18212
52072,7.40103
52073,9.88142
52074,8.21989
52075,10.3864
52076,8.57071
52077,8.82846
52078,9.91865
52079,10.786
52080,10.0362
52081,8.11928
52082,10.4105
52083,11.05
52084,12.3131
52085,11.3804
52086,7.58434
52087,15.9194
52088,8.24924
52089,12.5471
52090,10.7907
52091,14.8271
52092,12.1132
52093,9.81181
52094,11.8026
52095,10.8299
52096,11.418
52097,10.4639
52098,11.5952
52099,7.4905
52100,6.71006
52101,12.1346
52102,10.055
52103,9.43562
52104,6.60899
52105,10.3143
52106,7.82206
52107,11.0626
52108,8.12623
52109,10.4045
52110,10.5313
52111,7.53991
52112,11.0063
52113,8.17777
52114,9.23374
52115,11.7908
52116,10.0396
52117,16.1576
52118,11.9144
52119,12.3437
52120,9.76557
52121,9.10177
52122,11.825
52123,10.3038
52124,7.83372
52125,10.0823
52126,11.0938
52127,8.67359
52128,10.6855
52129,11.3328
52130,10.4338
52131,7.74516
52132,11.8811
52133,11.3569
52134,8.54001
52135,9.19789
52136,12.8149
52137,9.82335
52138,14.7923
52139,11.0954
52140,9.4149
52141,10.3203
52142,13.3362
52143,11.0784
52144,9.96762
52145,8.53891
52146,12.0352
52147,8.26743
52148,15.8785
52149,12.2327
52150,16.2875
52151,8.31445
52152,7.82901
52153,8.84898
52154,16.885
52155,8.36862
52156,9.26206
52157,11.2942
52158,7.41738
52159,8.5285
52160,11.9609
52161,10.5239
52162,10.7951
52163,9.72645
52164,9.80221
52165,9.03515
52166,10.328
52167,8.43032
52168,12.4581
52169,13.0959
52170,10.3784
52171,9.66146
52172,10.2579
52173,8.01934
52174,11.4288
52175,7.64506
52176,8.93369
52177,7.50191
52178,7.50727
52179,11.0217
52180,6.32883
52181,6.75479
52182,9.44929
52183,9.99265
52184,8.6074
52185,9.69561
52186,11.7289
52187,10.7373
52188,10.802
52189,11.8401
52190,11.0427
52191,8.183
52192,12.9208
52193,8.33062
52194,11.0835
52195,11.9682
52196,9.17289
52197,9.60944
52198,9.78784
52199,10.1908
52200,11.6565
52201,10.7373
52202,10.0698
52203,15.8288
52204,8.58959
52205,12.7512
52206,11.8388
52207,8.85465
52208,10.8401
52209,11.1773
52210,8.89608
52211,8.57494
52212,10.4893
52213,10.042
52214,8.89098
52215,8.78625
52216,8.04449
52217,6.22836
52218,9.38482
52219,7.35017
52220,11.5662
52221,7.6811
52222,8.756
52223,8.27439
52224,9.45137
52225,13.7656
52226,10.0182
52227,9.03627
52228,10.399
52229,10.5414
52230,11.2963
52231,12.3255
52232,12.7151
52233,11.7363
52234,10.3324
52235,11.4755
52236,11.9422
52237,11.3824
52238,9.7204
52239,11.0437
52240,10.5001
52241,10.5902
52242,9.58931
52243,8.73778
52244,10.5119
52245,11.9157
52246,6.0053
52247,7.45809
52248,9.63268
52249,8.8828
52250,8.92091
52251,8.38569
52252,12.615
52253,11.4317
52254,11.242
52255,10.9642
52256,6.99548
52257,8.88024
52258,13.0127
52259,9.35099
52260,12.46
52261,11.791
52262,9.99944
52263,8.53002
52264,7.37697
52265,11.4875
52266,10.5552
52267,7.68056
52268,7.7191
52269,9.8831
52270,8.09104
52271,10.113
52272,11.236
52273,9.50035
52274,7.01101
52275,10.8724
52276,12.9225
52277,11.9465
52278,8.00545
52279,8.01388
52280,12.2009
52281,12.469
52282,12.9189
52283,12.2298
52284,7.28432
52285,13.6764
52286,10.3516
52287,9.40567
52288,11.3957
52289,7.70951
52290,10.0276
52291,10.1073
52292,9.23985
52293,11.0794
52294,10.4208
52295,10.5024
52296,10.7831
52297,10.8764
52298,11.0828
52299,11.1015
52300,8.66402
52301,8.7106
52302,11.7937
52303,8.20475
52304,13.2819
52305,8.66237
52306,17.5421
52307,11.5505
52308,10.7397
52309,11.1079
52310,6.16261
52311,9.66835
52312,16.0649
52313,9.58562
52314,5.67127
52315,11.6924
52316,12.6824
52317,9.15891
52318,11.7858
52319,8.13579
52320,11.164
52321,9.36688
52322,12.743
52323,10.7734
52324,6.78184
52325,9.85796
52326,7.95168
52327,11.3159
52328,8.63856
52329,8.71388
52330,8.77416
52331,9.0352
52332,9.41855
52333,11.6658
52334,8.42032
52335,15.4354
52336,13.1744
52337,9.31719
52338,8.39748
52339,9.99318
52340,10.394
52341,8.64793
52342,9.67451
52343,9.43983
52344,7.07078
52345,12.5031
52346,10.5658
52347,8.32693
52348,7.38936
52349,7.43243
52350,8.49
52351,13.5414
52352,8.73603
52353,13.3647
52354,8.4787
52355,9.74412
52356,9.1319
52357,9.25408
52358,11.7293
52359,16.9881
52360,8.29605
52361,10.4609
52362,12.5549
52363,12.1061
52364,9.12386
52365,12.2768
52366,6.89319
52367,9.941
52368,12.7766
52369,10.3053
52370,9.36215
52371,10.7366
52372,15.6865
52373,9.75005
52374,15.7874
52375,9.98864
52376,6.0844
52377,10.3179
52378,6.53022
52379,8.04548
52380,9.22822
52381,10.379
52382,8.70276
52383,8.79979
52384,9.1797
52385,9.78825
52386,9.39945
52387,10.7216
52388,11.7569
52389,8.7868
52390,7.8931
52391,10.0585
52392,14.1571
52393,8.30553
52394,9.6511
52395,8.65954
52396,11.7023
52397,9.36906
52398,9.55065
52399,9.71454
52400,6.7543
52401,16.5658
52402,8.05317
52403,10.0661
52404,10.6587
52405,12.6998
52406,7.90405
52407,7.06899
52408,12.7785
52409,9.89702
52410,11.314
52411,9.44398
52412,12.1141
52413,12.3851
52414,7.60147
52415,8.78817
52416,9.32994
52417,8.7147
52418,9.04315
52419,9.09211
52420,9.35829
52421,10.9607
52422,8.25562
52423,8.60165
52424,11.1644
52425,11.6182
52426,10.0056
52427,10.5581
52428,10.764
52429,7.8532
52430,7.87222
52431,11.1038
52432,11.5292
52433,9.48347
52434,13.4411
52435,6.71178
52436,8.33893
52437,9.4121
52438,9.03218
52439,10.2167
52440,8.58159
52441,9.78075
52442,8.06722
52443,10.9052
52444,9.0459
52445,10.1749
52446,9.80982
52447,10.8704
52448,12.9888
52449,11.5284
52450,8.80893
52451,11.2532
52452,7.67644
52453,9.70727
52454,9.82372
52455,9.93555
52456,9.09672
52457,10.2599
52458,9.28924
52459,10.5179
52460,12.3251
52461,13.4578
52462,16.6473
52463,9.51595
52464,8.00261
52465,10.4123
52466,9.6186
52467,7.7802
52468,9.92258
52469,10.0687
52470,10.1374
52471,10.4397
52472,13.5918
52473,6.70459
52474,11.5196
52475,11.5841
52476,9.61967
52477,10.7939
52478,14.9372
52479,7.02134
52480,11.6426
52481,9.75637
52482,9.85576
52483,8.13852
52484,8.66751
52485,8.75187
52486,9.11721
52487,9.13107
52488,9.7875
52489,10.1403
52490,10.7575
52491,11.0354
52492,11.25
52493,11.97
52494,12.743
52495,12.8819
52496,12.902
52497,9.93597
52498,9.9444
52499,6.51431
52500,6.57048
52501,8.82691
52502,9.04468
52503,7.20904
52504,10.2175
52505,7.32249
52506,9.34564
52507,9.81039
52508,8.41599
52509,10.574
52510,8.58842
52511,10.7736
52512,8.16981
52513,8.64531
52514,10.2613
52515,11.2757
52516,12.9298
52517,13.1499
52518,8.73637
52519,14.1487
52520,10.3567
52521,14.5179
52522,7.58951
52523,12.823
52524,8.16538
52525,11.5054
52526,8.95417
52527,9.19423
52528,9.87689
52529,10.0663
52530,10.3917
52531,11.5055
52532,10.2079
52533,10.4873
52534,9.00097
52535,9.52917
52536,9.97606
52537,12.9885
52538,8.37251
52539,8.7202
52540,8.81739
52541,8.94966
52542,9.0813
52543,11.1583
52544,11.2713
52545,14.404
52546,13.1483
52547,7.82078
52548,7.4603
52549,8.02943
52550,10.054
52551,10.0624
52552,9.92987
52553,7.55019
52554,9.20454
52555,7.87957
52556,10.1751
52557,8.98188
52558,9.13199
52559,10.4508
52560,11.7921
52561,10.1771
52562,10.7739
52563,12.2815
52564,9.02819
52565,10.1299
52566,9.39856
52567,10.6255
52568,10.827
52569,6.06474
52570,13.2214
52571,11.6782
52572,12.0364
52573,10.745
52574,13.5833
52575,12.0711
52576,9.56652
52577,7.01879
52578,13.926
52579,12.9627
52580,9.30272
52581,6.51015
52582,10.182
52583,9.44662
52584,14.5829
52585,6.65439
52586,10.7133
52587,9.83375
52588,7.85022
52589,9.93516
52590,10.7059
52591,8.15151
52592,13.2896
52593,9.82747
52594,10.4314
52595,7.95207
52596,11.083
52597,9.27065
52598,12.9528
52599,13.2593
52600,14.1777
52601,11.2568
52602,7.825
52603,8.47264
52604,9.77299
52605,8.14183
52606,8.1622
52607,11.2275
52608,9.59183
52609,9.11298
52610,11.4757
52611,9.67627
52612,10.811
52613,13.8897
52614,9.5269
52615,9.66861
52616,13.4293
52617,14.1597
52618,9.97796
52619,13.3418
52620,8.81359
52621,8.29064
52622,8.59454
52623,7.76986
52624,9.08216
52625,9.11487
52626,10.6125
52627,12.3758
52628,8.79332
52629,7.7764
52630,9.48678
52631,8.97789
52632,11.5795
52633,6.00126
52634,9.05588
52635,10.0305
52636,8.04025
52637,10.9032
52638,10.6751
52639,10.2459
52640,7.80905
52641,9.85767
52642,7.41524
52643,10.5667
52644,11.5259
52645,8.9599
52646,12.458
52647,9.58296
52648,7.91678
52649,8.62377
52650,11.7844
52651,9.08479
52652,10.2196
52653,10.6672
52654,11.0403
52655,12.6555
52656,12.9018
52657,8.91438
52658,10.0954
52659,9.64267
52660,10.2587
52661,18.3279
52662,8.8046
52663,8.9057
52664,11.0051
52665,12.0701
52666,9.19785
52667,9.81133
52668,10.4979
52669,9.98698
52670,10.2572
52671,10.5291
52672,7.81146
52673,9.15264
52674,13.3809
52675,9.62987
52676,8.78392
52677,7.93919
52678,9.32169
52679,12.355
52680,10.9559
52681,11.9394
52682,10.0449
52683,10.6423
52684,11.2394
52685,9.26974
52686,9.63574
52687,8.12186
52688,8.14019
52689,8.30089
52690,10.9491
52691,9.00761
52692,11.2635
52693,9.34436
52694,9.44498
52695,6.58137
52696,9.71483
52697,11.3897
52698,8.80264
52699,9.90125
52700,10.2797
52701,9.52648
52702,11.308
52703,13.1685
52704,10.2027
52705,7.23757
52706,7.56161
52707,17.7029
52708,10.1974
52709,10.4483
52710,12.6501
52711,10.7094
52712,8.06428
52713,11.0765
52714,8.1437
52715,8.64612
52716,8.65455
52717,9.90588
52718,10.0689
52719,9.28508
52720,9.51552
52721,12.5945
52722,10.9447
52723,10.9893
52724,10.0513
52725,9.47156
52726,11.4856
52727,8.4994
52728,10.7931
52729,11.8953
52730,14.5087
52731,13.1007
52732,7.67233
52733,9.79809
52734,8.86517
52735,10.7138
52736,11.0977
52737,10.2032
52738,10.5881
52739,8.78161
52740,8.94624
52741,9.21954
52742,9.23408
52743,12.9031
52744,12.2619
52745,11.302
52746,13.3868
52747,9.59224
52748,13.7689
52749,8.01817
52750,8.2376
52751,8.30493
52752,7.35565
52753,9.43322
52754,8.7779
52755,5.12408
52756,10.745
52757,13.1855
52758,8.28086
52759,8.68163
52760,11.114
52761,14.8309
52762,8.15758
52763,9.23597
52764,12.9647
52765,10.6031
52766,12.8771
52767,13.401
52768,8.04416
52769,7.37956
52770,7.56689
52771,10.7763
52772,7.83693
52773,8.59967
52774,9.09493
52775,9.29441
52776,9.7313
52777,10.3139
52778,5.98712
52779,9.30988
52780,12.3226
52781,7.52395
52782,7.96115
52783,10.2557
52784,11.324
52785,12.8074
52786,13.872
52787,14.3204
52788,10.9992
52789,12.3598
52790,12.3375
52791,12.7008
52792,10.6451
52793,9.90348
52794,10.1649
52795,14.6356
52796,8.66836
52797,9.41268
52798,7.41101
52799,8.58613
52800,12.6016
52801,10.9347
52802,11.9592
52803,7.22921
52804,10.7965
52805,12.0523
52806,15.022
52807,7.41807
52808,10.467
52809,12.6053
52810,7.85791
52811,6.07712
52812,11.7313
52813,7.28301
52814,9.48747
52815,9.62741
52816,6.94737
52817,8.2724
52818,10.5737
52819,11.7737
52820,8.80877
52821,9.00634
52822,9.06204
52823,10.1093
52824,12.1406
52825,8.92297
52826,11.2216
52827,11.2688
52828,7.79134
52829,12.0471
52830,10.1602
52831,8.2338
52832,12.8607
52833,12.8691
52834,11.4973
52835,11.2615
52836,7.0788
52837,8.15803
52838,8.32514
52839,8.45064
52840,7.50133
52841,8.67839
52842,9.60984
52843,10.1984
52844,7.76056
52845,9.82473
52846,9.99277
52847,11.0834
52848,11.105
52849,8.09548
52850,11.4955
52851,9.28884
52852,10.4271
52853,9.59891
52854,11.6483
52855,7.03358
52856,11.2752
52857,10.6962
52858,11.829
52859,7.61386
52860,11.3465
52861,11.8162
52862,7.87952
52863,11.342
52864,6.24695
52865,10.5761
52866,8.71038
52867,11.2331
52868,11.6278
52869,12.163
52870,8.58327
52871,9.66021
52872,14.2049
52873,10.688
52874,8.83953
52875,10.7094
52876,9.52831
52877,10.655
52878,7.19499
52879,8.22287
52880,8.60132
52881,13.2578
52882,14.975
52883,6.13515
52884,7.18517
52885,9.58372
52886,13.7998
52887,8.12105
52888,10.2815
52889,8.97575
52890,10.6391
52891,8.24898
52892,11.4904
52893,9.29012
52894,12.6198
52895,6.86873
52896,12.0154
52897,15.1299
52898,10.504
52899,13.657
52900,10.8927
52901,11.4837
52902,8.84542
52903,9.41169
52904,10.1788
52905,10.4384
52906,11.9061
52907,8.85202
52908,9.32847
52909,9.63698
52910,7.74146
52911,11.5512
52912,10.9855
52913,8.38571
52914,11.5426
52915,11.4946
52916,9.70158
52917,10.8556
52918,13.8639
52919,14.6184
52920,8.49245
52921,13.5009
52922,8.83569
52923,11.3305
52924,7.3932
52925,11.1706
52926,6.68461
52927,7.21408
52928,11.449
52929,12.4656
52930,11.474
52931,7.57735
52932,7.62212
52933,12.9847
52934,9.99868
52935,13.4683
52936,13.9208
52937,7.15889
52938,9.31512
52939,10.3354
52940,8.12405
52941,8.17249
52942,8.18182
52943,8.40095
52944,9.70158
52945,9.76417
52946,11.0939
52947,7.11963
52948,9.52881
52949,13.7642
52950,8.50173
52951,9.75967
52952,10.2782
52953,9.45406
52954,8.52548
52955,10.5339
52956,8.62948
52957,9.71658
52958,10.8106
52959,10.1587
52960,8.47772
52961,10.7059
52962,6.89673
52963,11.3796
52964,12.7312
52965,10.0719
52966,15.9308
52967,7.67757
52968,12.2999
52969,9.43672
52970,8.74517
52971,11.0624
52972,18.1508
52973,9.09963
52974,9.38777
52975,10.9771
52976,11.0792
52977,6.42472
52978,10.8572
52979,14.1404
52980,11.0472
52981,11.9157
52982,8.94788
52983,8.15661
52984,14.3422
52985,10.1129
52986,9.86103
52987,9.26014
52988,8.68605
52989,10.0937
52990,8.42599
52991,10.3593
52992,13.343
52993,8.82264
52994,9.00083
52995,13.1971
52996,7.13506
52997,11.4617
52998,9.47616
52999,6.718
53000,7.10163
53001,9.11006
53002,9.91779
53003,7.95388
53004,14.9715
53005,10.3397
53006,12.3514
53007,9.91597
53008,11.6832
53009,10.8267
53010,13.9275
53011,9.96932
53012,12.173
53013,12.4743
53014,11.5822
53015,11.6468
53016,12.9646
53017,13.2077
53018,12.7894
53019,12.3665
53020,13.7328
53021,11.1224
53022,8.97343
53023,12.3796
53024,9.97023
53025,14.7962
53026,8.11988
53027,9.34595
53028,12.3702
53029,8.83084
53030,8.95433
53031,10.9002
53032,8.99949
53033,11.7624
53034,7.97502
53035,11.0246
53036,8.85258
53037,12.1586
53038,12.447
53039,10.2038
53040,12.0255
53041,13.78
53042,16.8497
53043,6.28732
53044,11.008
53045,8.60053
53046,7.34938
53047,14.0465
53048,12.9869
53049,9.48161
53050,8.19466
53051,5.89292
53052,9.50027
53053,10.0323
53054,10.3719
53055,10.3871
53056,12.7354
53057,9.90638
53058,9.50687
53059,8.68868
53060,9.41302
53061,10.6422
53062,10.7981
53063,10.5826
53064,10.032
53065,12.3372
53066,9.18403
53067,11.3016
53068,14.4876
53069,7.54373
53070,8.16521
53071,11.5387
53072,8.5908
53073,15.8831
53074,9.07899
53075,8.09641
53076,10.4024
53077,11.7694
53078,10.3687
53079,11.517
53080,10.6801
53081,10.9537
53082,10.9622
53083,9.3841
53084,14.6313
53085,9.83807
53086,10.845
53087,11.4954
53088,6.87746
53089,7.90452
53090,11.7988
53091,19.0644
53092,12.3253
53093,11.5294
53094,8.92012
53095,9.00612
53096,8.07835
53097,7.52861
53098,10.2057
53099,13.2618
53100,9.96659
53101,9.43435
53102,7.53037
53103,12.6706
53104,10.272
53105,10.0147
53106,6.18883
53107,9.68303
53108,11.7088
53109,8.64621
53110,8.21576
53111,8.60875
53112,8.71579
53113,8.90836
53114,7.99096
53115,10.7562
53116,10.8052
53117,11.5095
53118,11.8273
53119,11.8594
53120,8.9223
53121,13.4072
53122,10.7255
53123,9.83689
53124,10.9633
53125,8.63742
53126,8.47435
53127,10.1013
53128,8.43051
53129,8.68402
53130,11.1056
53131,13.2435
53132,11.4431
53133,12.5148
53134,8.85571
53135,9.00001
53136,11.6847
53137,8.50309
53138,11.8271
53139,11.3545
53140,10.6024
53141,7.71365
53142,9.06358
53143,10.816
53144,14.9096
53145,12.0091
53146,10.2149
53147,8.72282
53148,12.5948
53149,11.6905
53150,15.1912
53151,9.53126
53152,7.89933
53153,8.16559
53154,8.34819
53155,17.293
53156,8.33298
53157,8.75209
53158,8.23585
53159,10.0514
53160,12.3293
53161,11.2521
53162,11.6735
53163,8.98132
53164,10.3312
53165,10.7901
53166,10.8825
53167,11.8611
53168,6.24087
53169,7.94264
53170,9.74504
53171,10.9916
53172,11.5202
53173,9.61312
53174,8.8989
53175,9.99072
53176,14.05
53177,8.97145
53178,9.20967
53179,11.2984
53180,11.642
53181,9.6504
53182,8.3914
53183,10.6147
53184,6.94855
53185,11.9921
53186,11.0346
53187,10.3043
53188,8.63704
53189,12.305
53190,11.5831
53191,10.056
53192,8.54428
53193,10.8644
53194,9.94425
53195,10.0899
53196,10.4112
53197,12.1301
53198,10.4988
53199,8.40978
53200,13.2778
53201,6.45404
53202,10.6452
53203,6.73841
53204,8.27719
53205,8.56176
53206,10.5898
53207,7.88615
53208,12.406
53209,10.5754
53210,8.95102
53211,8.6718
53212,10.707
53213,10.0041
53214,11.3459
53215,11.5284
53216,10.4822
53217,12.6522
53218,7.89274
53219,8.9961
53220,14.2587
53221,9.82288
53222,8.81328
53223,11.6279
53224,7.39305
53225,8.43442
53226,7.29337
53227,9.67342
53228,12.2344
53229,8.41631
53230,12.9896
53231,13.4219
53232,6.49304
53233,9.19248
53234,7.48961
53235,7.61912
53236,9.85384
53237,12.8588
53238,12.9612
53239,12.1952
53240,7.3977
53241,8.93219
53242,13.1554
53243,9.35402
53244,11.9143
53245,9.41986
53246,12.4375
53247,9.84598
53248,7.88249
53249,10.2931
53250,11.3496
53251,14.6771
53252,8.67378
53253,10.3041
53254,9.78646
53255,10.8425
53256,8.33671
53257,9.97438
53258,9.90784
53259,9.06101
53260,9.37262
53261,8.17085
53262,10.2566
53263,10.2806
53264,10.4422
53265,12.4165
53266,7.70312
53267,8.71981
53268,8.88277
53269,7.61977
53270,13.9357
53271,10.1098
53272,10.3575
53273,11.548
53274,13.1584
53275,11.2232
53276,15.5571
53277,11.7258
53278,7.83453
53279,6.90894
53280,13.1295
53281,9.2004
53282,6.6508
53283,8.93051
53284,8.43262
53285,11.8142
53286,10.1174
53287,9.45163
53288,9.9562
53289,7.51004
53290,8.14249
53291,8.50464
53292,8.61332
53293,9.10482
53294,9.99704
53295,11.0448
53296,11.4562
53297,11.0918
53298,12.2772
53299,6.4636
53300,6.43368
53301,9.95729
53302,7.35405
53303,10.8793
53304,9.08056
53305,11.1589
53306,10.4408
53307,10.9175
53308,12.335
53309,9.64679
53310,9.55257
53311,10.741
53312,11.2389
53313,11.4141
53314,8.47786
53315,11.4536
53316,10.638
53317,9.78468
53318,10.321
53319,6.9171
53320,8.14926
53321,12.4807
53322,9.66122
53323,10.2693
53324,9.04735
53325,7.07079
53326,7.72243
53327,10.3563
53328,10.5799
53329,12.7229
53330,11.6708
53331,9.72695
53332,11.1428
53333,8.46555
53334,11.5133
53335,8.54618
53336,9.61435
53337,8.91968
53338,9.3795
53339,8.46993
53340,9.5309
53341,9.55965
53342,10.4611
53343,11.685
53344,10.735
53345,8.87526
53346,10.1927
53347,12.243
53348,10.6778
53349,10.7117
53350,10.7729
53351,13.0854
53352,8.09386
53353,15.4851
53354,9.92257
53355,11.3697
53356,10.8855
53357,7.23891
53358,12.0738
53359,10.9573
53360,5.14267
53361,12.2331
53362,6.91799
53363,8.63202
53364,7.19647
53365,8.62589
53366,8.68545
53367,7.16764
53368,9.5618
53369,8.28406
53370,10.3274
53371,9.8211
53372,9.88211
53373,7.78921
53374,11.7545
53375,8.87104
53376,7.93956
53377,9.10856
53378,9.40097
53379,7.41089
53380,9.76275
53381,10.2062
53382,8.06
53383,10.346
53384,15.3637
53385,11.081
53386,11.4421
53387,9.92508
53388,14.0166
53389,10.1156
53390,12.3471
53391,10.501
53392,13.4817
53393,11.0397
53394,13.283
53395,15.4009
53396,9.74688
53397,11.9141
53398,11.9289
53399,9.17843
53400,7.47516
53401,7.27688
53402,7.33504
53403,7.53594
53404,10.0148
53405,8.35727
53406,9.43238
53407,11.8453
53408,10.1166
53409,9.88194
53410,11.0821
53411,6.88925
53412,8.07718
53413,8.4355
53414,9.15619
53415,8.68609
53416,8.77694
53417,10.1996
53418,11.0148
53419,6.40934
53420,11.4766
53421,12.8999
53422,11.7583
53423,12.9892
53424,13.0629
53425,9.82542
53426,10.8338
53427,11.7959
53428,10.3001
53429,12.4839
53430,7.60138
53431,11.1227
53432,9.54171
53433,9.62531
53434,10.6871
53435,11.1366
53436,10.297
53437,13.5417
53438,9.87551
53439,11.9862
53440,12.8068
53441,12.8384
53442,9.36723
53443,14.6742
53444,11.1359
53445,12.8849
53446,10.6508
53447,8.92623
53448,7.16811
53449,8.48395
53450,8.50117
53451,11.2687
53452,11.5063
53453,10.5322
53454,12.8979
53455,14.2092
53456,9.10739
53457,6.29495
53458,10.7681
53459,7.57887
53460,8.36912
53461,11.3776
53462,9.70271
53463,10.4886
53464,9.90608
53465,8.18425
53466,11.2904
53467,7.66987
53468,11.7376
53469,9.46776
53470,13.7803
53471,12.0258
53472,14.1146
53473,9.18316
53474,10.5074
53475,13.5532
53476,9.09118
53477,14.2826
53478,10.5609
53479,7.64264
53480,10.6844
53481,11.8356
53482,10.9251
53483,7.27984
53484,11.3492
53485,9.21902
53486,10.8678
53487,10.8046
53488,8.99535
53489,9.4157
53490,11.7184
53491,9.88805
53492,10.0076
53493,10.7033
53494,18.0519
53495,11.3374
53496,8.49241
53497,10.6745
53498,9.28027
53499,8.97115
53500,9.69815
53501,14.0157
53502,7.66211
53503,9.74587
53504,9.5002
53505,9.75884
53506,7.96917
53507,21.2842
53508,8.57261
53509,6.82764
53510,8.52606
53511,9.64706
53512,10.5796
53513,10.6042
53514,9.51684
53515,12.0241
53516,6.04056
53517,7.75821
53518,14.175
53519,10.6377
53520,7.37627
53521,7.65667
53522,15.1608
53523,9.36363
53524,5.62812
53525,9.75953
53526,8.06648
53527,12.5089
53528,9.63233
53529,6.78562
53530,10.7941
53531,11.584
53532,10.8149
53533,8.29651
53534,10.3655
53535,7.5077
53536,10.9427
53537,12.5436
53538,13.4029
53539,10.4249
53540,13.9387
53541,11.1444
53542,12.1306
53543,11.1616
53544,12.2521
53545,11.9292
53546,6.63826
53547,9.82329
53548,8.85611
53549,11.6954
53550,9.79794
53551,9.37372
53552,9.01326
53553,10.1743
53554,17.2497
53555,8.63376
53556,9.9033
53557,7.91173
53558,8.09212
53559,12.2851
53560,8.8287
53561,8.91633
53562,11.2783
53563,11.4193
53564,9.8291
53565,10.0482
53566,10.0784
53567,14.1304
53568,9.17575
53569,10.6065
53570,10.6528
53571,8.4505
53572,9.88016
53573,10.1521
53574,9.72985
53575,8.21965
53576,8.52836
53577,12.8128
53578,10.772
53579,11.2227
53580,9.26657
53581,11.6651
53582,10.3349
53583,7.63624
53584,9.52935
53585,7.21681
53586,9.11832
53587,12.396
53588,15.902
53589,6.53519
53590,6.73554
53591,9.41398
53592,7.66021
53593,7.78407
53594,7.97778
53595,10.8208
53596,8.96473
53597,9.47221
53598,8.49283
53599,10.5895
53600,8.795
53601,11.256
53602,9.49756
53603,10.5191
53604,11.6372
53605,11.6874
53606,9.88914
53607,12.8889
53608,12.2328
53609,10.4808
53610,9.31913
53611,9.36935
53612,10.4456
53613,8.75457
53614,12.9602
53615,7.38459
53616,10.6927
53617,10.7644
53618,6.89336
53619,12.2257
53620,9.41339
53621,13.5149
53622,13.1942
53623,11.3625
53624,9.45076
53625,10.3745
53626,10.7431
53627,7.13426
53628,7.97139
53629,8.66435
53630,9.26666
53631,10.6273
53632,10.3671
53633,10.3453
53634,10.1171
53635,6.6286
53636,12.872
53637,12.0227
53638,13.5684
53639,9.13218
53640,10.5544
53641,15.5861
53642,13.6157
53643,12.8987
53644,9.95435
53645,16.1137
53646,12.3134
53647,7.90704
53648,8.10315
53649,12.2747
53650,7.75973
53651,8.0167
53652,8.36397
53653,11.7937
53654,13.1491
53655,11.269
53656,11.6962
53657,8.68716
53658,8.46752
53659,11.4763
53660,13.5197
53661,7.35722
53662,9.8867
53663,9.55834
53664,9.93715
53665,13.2379
53666,10.676
53667,11.1671
53668,12.3152
53669,12.3988
53670,13.5366
53671,8.06222
53672,12.156
53673,11.217
53674,10.3789
53675,10.4002
53676,8.86733
53677,14.4445
53678,9.151
53679,19.5
53680,12.5084
53681,7.58966
53682,10.0037
53683,11.5098
53684,9.61806
53685,11.9303
53686,10.1935
53687,10.4766
53688,11.1161
53689,11.6374
53690,11.8206
53691,9.97564
53692,11.4054
53693,8.90035
53694,8.92101
53695,9.19262
53696,14.3647
53697,7.53476
53698,9.70297
53699,5.89852
53700,11.3977
53701,9.86144
53702,8.85074
53703,6.76366
53704,10.0871
53705,10.1381
53706,8.67642
53707,7.7139
53708,9.2445
53709,11.3159
53710,10.677
53711,11.0226
53712,13.3872
53713,6.77291
53714,11.446
53715,9.5473
53716,7.77604
53717,9.82742
53718,9.74895
53719,11.8658
53720,14.8913
53721,10.3268
53722,13.1038
53723,11.1179
53724,11.4704
53725,7.50918
53726,9.51761
53727,8.87627
53728,9.48763
53729,8.52651
53730,9.67966
53731,6.88849
53732,9.35248
53733,9.48584
53734,10.339
53735,10.7587
53736,12.7944
53737,8.80687
53738,9.81586
53739,11.0606
53740,12.0692
53741,13.0995
53742,10.853
53743,12.4456
53744,10.9368
53745,8.85723
53746,11.1306
53747,11.8152
53748,7.96403
53749,10.716
53750,15.1074
53751,12.4983
53752,6.51978
53753,6.58701
53754,8.14394
53755,6.85435
53756,9.21458
53757,9.82645
53758,10.0894
53759,9.38088
53760,8.51005
53761,8.65772
53762,12.7312
53763,9.98419
53764,9.05364
53765,12.1787
53766,9.6853
53767,9.74772
53768,9.78731
53769,11.413
53770,10.9134
53771,12.9298
53772,11.2251
53773,11.8547
53774,8.20777
53775,8.2772
53776,9.88022
53777,11.5112
53778,10.6638
53779,10.8788
53780,11.0858
53781,7.38299
53782,11.9263
53783,12.0903
53784,10.1098
53785,7.84796
53786,12.1533
53787,8.16692
53788,13.1188
53789,9.1469
53790,12.4787
53791,14.8939
53792,9.53001
53793,7.48635
53794,8.36562
53795,9.03127
53796,9.06446
53797,10.9755
53798,10.4052
53799,13.5695
53800,8.00298
53801,11.0545
53802,9.29493
53803,10.0609
53804,13.3032
53805,9.31512
53806,10.388
53807,7.54195
53808,10.6166
53809,9.01695
53810,6.26519
53811,11.2927
53812,8.69117
53813,8.74474
53814,7.86414
53815,11.3281
53816,9.20789
53817,8.20876
53818,7.80849
53819,14.368
53820,9.41418
53821,13.7245
53822,15.8061
53823,10.9404
53824,13.1328
53825,11.1412
53826,11.2369
53827,12.3866
53828,11.7846
53829,9.9695
53830,11.9792
53831,9.12233
53832,7.68539
53833,9.92442
53834,8.613
53835,8.63891
53836,14.8621
53837,9.0004
53838,9.80826
53839,6.45824
53840,10.7352
53841,9.09596
53842,6.72529
53843,8.18956
53844,10.0464
53845,14.5692
53846,7.05338
53847,9.26284
53848,7.31909
53849,11.6203
53850,10.6405
53851,8.17594
53852,11.9677
53853,9.52599
53854,14.6276
53855,8.47144
53856,8.57873
53857,15.9723
53858,7.35808
53859,9.37022
53860,12.3787
53861,7.70545
53862,8.02446
53863,8.64201
53864,12.0751
53865,7.32341
53866,8.13228
53867,10.7386
53868,11.652
53869,13.8448
53870,12.0555
53871,12.0693
53872,10.7782
53873,11.0633
53874,11.1383
53875,9.08702
53876,9.24831
53877,10.2091
53878,6.43905
53879,8.84681
53880,7.22824
53881,11.1918
53882,8.34855
53883,12.4059
53884,11.4369
53885,8.94473
53886,10.635
53887,8.88613
53888,9.26428
53889,11.6405
53890,10.2827
53891,11.6608
53892,8.93683
53893,16.9812
53894,11.1785
53895,10.3067
53896,8.32352
53897,12.6539
53898,12.785
53899,11.215
53900,9.41737
53901,12.942
53902,14.5742
53903,13.9357
53904,7.53183
53905,9.72458
53906,9.73301
53907,6.96528
53908,10.0022
53909,10.124
53910,12.6852
53911,10.8664
53912,6.43622
53913,9.57325
53914,6.96052
53915,10.2849
53916,13.4076
53917,7.26538
53918,12.8074
53919,14.8159
53920,8.01857
53921,9.43224
53922,10.0043
53923,10.5708
53924,11.9549
53925,9.01365
53926,6.91384
53927,10.0918
53928,12.2246
53929,7.69949
53930,6.89811
53931,11.8381
53932,10.1726
53933,10.2562
53934,8.62022
53935,10.6431
53936,10.0112
53937,12.046
53938,10.525
53939,8.70661
53940,9.88827
53941,10.9393
53942,12.9554
53943,11.0809
53944,7.79831
53945,9.22771
53946,11.9772
53947,10.0567
53948,14.0732
53949,16.2284
53950,9.29572
53951,14.5684
53952,15.3827
53953,8.44468
53954,9.31287
53955,8.33995
53956,8.91572
53957,8.93942
53958,11.0476
53959,10.0924
53960,7.14379
53961,7.35392
53962,10.5089
53963,11.6445
53964,9.96021
53965,10.1172
53966,13.6587
53967,8.02286
53968,13.0669
53969,10.1102
53970,7.21906
53971,8.54453
53972,9.94608
53973,11.0799
53974,9.15911
53975,11.2405
53976,12.3337
53977,10.7778
53978,9.06308
53979,12.2406
53980,14.0078
53981,9.50426
53982,8.54717
53983,12.714
53984,10.8978
53985,9.75107
53986,10.0047
53987,13.6248
53988,9.85352
53989,7.82995
53990,15.314
53991,8.74764
53992,11.8646
53993,9.52134
53994,8.31655
53995,7.55218
53996,8.55612
53997,8.70102
53998,7.98559
53999,7.51219
54000,6.69
54001,9.51573
54002,8.05111
54003,9.26398
54004,12.0526
54005,8.81534
54006,11.2345
54007,10.2579
54008,12.5953
54009,8.85807
54010,7.90767
54011,13.1861
54012,9.45236
54013,10.0738
54014,10.2874
54015,13.3616
54016,9.46802
54017,11.5349
54018,9.69139
54019,9.85274
54020,10.1778
54021,11.4477
54022,8.60961
54023,7.729
54024,7.18977
54025,9.43752
54026,8.6692
54027,10.3354
54028,13.4175
54029,11.0056
54030,11.115
54031,9.2577
54032,10.5397
54033,7.31897
54034,8.51221
54035,8.52064
54036,8.6531
54037,9.39635
54038,9.46123
54039,9.50138
54040,9.61535
54041,10.0948
54042,10.8537
54043,11.7369
54044,8.97165
54045,8.33919
54046,9.38739
54047,11.5619
54048,13.0889
54049,13.1055
54050,9.62489
54051,8.62813
54052,7.65345
54053,8.68342
54054,8.69313
54055,10.8079
54056,8.81631
54057,9.85997
54058,9.30298
54059,9.49787
54060,12.6259
54061,7.8184
54062,8.82683
54063,9.83526
54064,11.0869
54065,17.2121
54066,11.349
54067,10.5886
54068,12.2449
54069,11.7523
54070,12.9381
54071,10.3015
54072,12.8314
54073,11.4025
54074,8.75746
54075,14.8355
54076,10.8729
54077,12.2893
54078,9.6818
54079,10.8086
54080,8.54053
54081,6.98727
54082,11.9537
54083,8.54988
54084,10.3118
54085,9.68572
54086,10.9081
54087,8.96708
54088,11.0221
54089,12.0281
54090,12.3566
54091,8.05163
54092,7.74946
54093,8.05808
54094,8.15288
54095,8.04278
54096,12.3704
54097,8.42216
54098,8.46735
54099,12.4089
54100,9.29192
54101,11.5613
54102,9.57644
54103,10.0829
54104,11.3235
54105,12.1352
54106,8.51278
54107,10.5549
54108,12.5862
54109,10.5987
54110,13.6167
54111,11.6387
54112,11.2239
54113,9.37145
54114,6.77156
54115,9.9679
54116,10.1503
54117,10.4354
54118,11.5868
54119,11.7936
54120,9.72612
54121,8.84297
54122,10.0243
54123,7.1726
54124,9.77596
54125,11.4183
54126,12.036
54127,7.4406
54128,9.89962
54129,10.9142
54130,7.407
54131,10.1456
54132,10.5282
54133,10.6158
54134,12.8385
54135,10.881
54136,12.8803
54137,9.07142
54138,10.6771
54139,9.76768
54140,9.81169
54141,10.9114
54142,12.3306
54143,11.3749
54144,7.04764
54145,11.7207
54146,14.7717
54147,9.37888
54148,7.033
54149,11.1341
54150,11.1425
54151,10.8216
54152,11.4897
54153,9.03173
54154,7.36957
54155,10.378
54156,13.6369
54157,6.7471
54158,10.2067
54159,9.30984
54160,10.7516
54161,12.2757
54162,11.4684
54163,6.64159
54164,9.2034
54165,9.38197
54166,8.58024
54167,9.65732
54168,7.59268
54169,9.20584
54170,11.1616
54171,13.9929
54172,7.23176
54173,8.24463
54174,10.3105
54175,12.891
54176,10.2641
54177,10.4435
54178,10.6242
54179,11.0582
54180,11.4529
54181,12.0173
54182,12.2126
54183,12.6533
54184,10.4033
54185,11.0273
54186,8.86894
54187,7.34354
54188,10.9287
54189,10.5336
54190,10.9062
54191,8.26337
54192,8.28411
54193,7.7929
54194,10.8684
54195,10.3328
54196,8.96285
54197,6.13804
54198,8.29765
54199,7.38278
54200,7.56365
54201,10.2741
54202,9.44443
54203,10.0838
54204,7.27315
54205,8.56314
54206,8.63425
54207,8.08848
54208,7.65395
54209,10.1016
54210,11.9726
54211,9.80582
54212,11.853
54213,10.068
54214,9.14251
54215,15.4206
54216,10.429
54217,8.74747
54218,11.8208
54219,7.9329
54220,7.95299
54221,8.58554
54222,8.92587
54223,15.3526
54224,14.2364
54225,7.89149
54226,15.3101
54227,16.4241
54228,9.09459
54229,9.32533
54230,9.76246
54231,10.7522
54232,10.7792
54233,11.1798
54234,12.1882
54235,11.7355
54236,11.9521
54237,11.9715
54238,14.1838
54239,7.31527
54240,8.97925
54241,8.5239
54242,9.15317
54243,9.21127
54244,10.9756
54245,10.9969
54246,12.8566
54247,14.2904
54248,11.6482
54249,11.938
54250,6.25523
54251,9.49117
54252,7.13782
54253,10.2383
54254,10.8462
54255,10.92
54256,9.92847
54257,11.0555
54258,6.01513
54259,13.2464
54260,8.75935
54261,8.87271
54262,8.09686
54263,12.5053
54264,9.01147
54265,6.96211
54266,11.5796
54267,12.0521
54268,8.82791
54269,9.27585
54270,10.3989
54271,9.61673
54272,9.78253
54273,13.4517
54274,8.46009
54275,10.8773
54276,9.07205
54277,11.9878
54278,9.16988
54279,14.5778
54280,8.62787
54281,9.04296
54282,12.2371
54283,9.28965
54284,9.85084
54285,16.9135
54286,14.1092
54287,10.1537
54288,10.4567
54289,10.9386
54290,7.74238
54291,12.2345
54292,8.70812
54293,7.76827
54294,13.2091
54295,13.5466
54296,9.62067
54297,12.0213
54298,10.2172
54299,14.3556
54300,9.74534
54301,8.08263
54302,12.3191
54303,7.54484
54304,13.2801
54305,10.4899
54306,9.41485
54307,11.5803
54308,9.64957
54309,8.70481
54310,7.33598
54311,8.92312
54312,6.9577
54313,8.72279
54314,12.2672
54315,8.22838
54316,10.544
54317,8.8041
54318,10.9516
54319,7.04473
54320,12.0532
54321,13.3421
54322,8.69577
54323,7.92576
54324,13.1932
54325,9.93191
54326,10.1852
54327,10.4798
54328,9.82579
54329,6.95864
54330,11.1379
54331,7.37977
54332,7.42793
54333,11.1757
54334,16.3439
54335,9.45331
54336,10.2223
54337,12.837
54338,9.08757
54339,10.0274
54340,10.5519
54341,12.5849
54342,12.6488
54343,14.9755
54344,14.2621
54345,8.29588
54346,10.3326
54347,11.2234
54348,7.50213
54349,9.84653
54350,7.59579
54351,7.64935
54352,9.23092
54353,9.39903
54354,11.9025
54355,10.4259
54356,11.6041
54357,8.63547
54358,13.349
54359,8.7961
54360,9.02787
54361,9.04403
54362,14.4312
54363,6.06393
54364,7.86982
54365,8.12221
54366,8.27581
54367,9.45931
54368,8.64163
54369,9.67588
54370,8.80047
54371,10.3365
54372,8.38101
54373,8.66018
54374,8.73989
54375,8.83687
54376,11.7378
54377,9.7822
54378,10.1656
54379,11.7895
54380,12.3132
54381,14.2301
54382,14.2401
54383,13.3789
54384,7.82443
54385,10.0084
54386,11.0492
54387,10.1269
54388,5.4987
54389,10.2635
54390,10.9399
54391,10.1806
54392,9.3988
54393,9.57487
54394,11.6601
54395,9.90412
54396,6.93705
54397,13.3552
54398,9.38198
54399,13.523
54400,9.44503
54401,5.98567
54402,8.9941
54403,11.3085
54404,11.9714
54405,8.46825
54406,12.6809
54407,7.99239
54408,7.90827
54409,8.92335
54410,8.89474
54411,11.2928
54412,9.80084
54413,14.277
54414,9.49403
54415,10.521
54416,9.55296
54417,9.57869
54418,9.87868
54419,8.91364
54420,9.96039
54421,10.0889
54422,7.26375
54423,8.59464
54424,8.52055
54425,11.0028
54426,11.3038
54427,11.3437
54428,12.0178
54429,10.2137
54430,9.59311
54431,12.9707
54432,9.07161
54433,10.1465
54434,9.3891
54435,9.67828
54436,15.9593
54437,12.3808
54438,13.8132
54439,11.9714
54440,8.24879
54441,14.417
54442,14.7482
54443,6.48232
54444,12.34
54445,10.8284
54446,11.0126
54447,11.921
54448,5.92939
54449,8.10883
54450,13.6567
54451,13.8566
54452,15.1238
54453,9.65166
54454,7.91949
54455,8.97126
54456,7.80638
54457,7.98994
54458,8.29828
54459,9.40717
54460,11.3151
54461,10.659
54462,8.7013
54463,9.70974
54464,12.0072
54465,9.04356
54466,5.91666
54467,8.14478
54468,10.8271
54469,8.12519
54470,8.54703
54471,10.567
54472,7.62147
54473,11.2321
54474,11.8435
54475,12.874
54476,12.1445
54477,11.0922
54478,13.6312
54479,10.7269
54480,12.2125
54481,11.0509
54482,15.1913
54483,9.44743
54484,12.983
54485,10.0646
54486,13.0774
54487,9.04673
54488,11.3024
54489,8.50982
54490,8.08594
54491,9.80942
54492,14.4108
54493,11.6354
54494,8.36462
54495,9.85022
54496,10.0982
54497,12.5638
54498,9.0632
54499,9.35058
54500,9.76274
54501,9.90647
54502,11.7383
54503,8.48829
54504,7.5686
54505,11.8613
54506,7.52898
54507,7.77904
54508,9.89102
54509,8.91202
54510,8.07504
54511,10.4311
54512,9.54952
54513,11.4034
54514,10.5725
54515,10.8315
54516,8.92788
54517,11.9487
54518,11.3408
54519,11.1623
54520,9.40305
54521,8.45978
54522,11.4682
54523,13.9672
54524,12.3168
54525,12.6211
54526,7.49843
54527,8.82094
54528,8.24788
54529,10.0795
54530,12.369
54531,11.3774
54532,9.39203
54533,10.4323
54534,11.5936
54535,12.2096
54536,10.3584
54537,12.8104
54538,11.7145
54539,7.69907
54540,6.75274
54541,7.90228
54542,9.1131
54543,10.0121
54544,9.35016
54545,9.36283
54546,11.6298
54547,13.9463
54548,8.28462
54549,6.7851
54550,7.62813
54551,8.6519
54552,8.12166
54553,7.87884
54554,8.50971
54555,10.9246
54556,11.231
54557,10.8643
54558,11.8759
54559,12.8292
54560,9.12182
54561,9.26841
54562,10.4803
54563,6.50016
54564,10.809
54565,12.2077
54566,12.2213
54567,11.2504
54568,12.3411
54569,9.00027
54570,15.9751
54571,6.75668
54572,11.7466
54573,11.5282
54574,8.58002
54575,6.10514
54576,7.33304
54577,10.4179
54578,7.78773
54579,8.26177
54580,10.8051
54581,11.9986
54582,10.9664
54583,13.3286
54584,11.5889
54585,10.5382
54586,12.6735
54587,9.26437
54588,10.4666
54589,10.5457
54590,7.0281
54591,7.08029
54592,7.19073
54593,7.53773
54594,8.85582
54595,10.1718
54596,7.46494
54597,9.54668
54598,8.73332
54599,10.253
54600,10.4196
54601,9.65572
54602,9.66711
54603,7.90063
54604,11.6213
54605,11.5867
54606,7.99146
54607,9.31774
54608,11.1704
54609,7.73346
54610,11.7582
54611,8.98351
54612,10.8137
54613,12.162
54614,7.03134
54615,8.31661
54616,8.38903
54617,7.851
54618,7.96345
54619,11.4951
54620,8.55548
54621,10.7933
54622,8.80177
54623,9.38606
54624,9.81645
54625,10.712
54626,11.8011
54627,12.2044
54628,10.8369
54629,9.79347
54630,10.2019
54631,9.112
54632,9.26671
54633,13.8388
54634,9.85955
54635,9.57705
54636,8.2477
54637,9.60023
54638,6.70289
54639,12.9114
54640,6.98302
54641,9.51802
54642,7.70094
54643,10.7987
54644,8.16803
54645,8.39566
54646,7.4427
54647,7.51586
54648,7.52822
54649,8.67383
54650,8.80499
54651,9.11289
54652,8.29919
54653,11.376
54654,9.64834
54655,10.8287
54656,9.23742
54657,8.26347
54658,10.4662
54659,9.78524
54660,10.9721
54661,7.2745
54662,7.85963
54663,7.97814
54664,11.2023
54665,8.24665
54666,11.3169
54667,8.5651
54668,10.9414
54669,13.1674
54670,14.527
54671,13.0471
54672,11.6762
54673,10.8734
54674,11.7248
54675,8.71309
54676,17.008
54677,10.1442
54678,8.1526
54679,13.3259
54680,8.4991
54681,9.6432
54682,10.0217
54683,8.50319
54684,11.0388
54685,9.78396
54686,10.9771
54687,9.12869
54688,9.66724
54689,6.79414
54690,9.21245
54691,9.2948
54692,7.90115
54693,7.98602
54694,10.0576
54695,10.1335
54696,9.17698
54697,9.44333
54698,9.32676
54699,9.49203
54700,6.55696
54701,8.56888
54702,9.86072
54703,12.0158
54704,8.06623
54705,11.6669
54706,8.70862
54707,11.8064
54708,14.2564
54709,10.3131
54710,9.39957
54711,14.0228
54712,9.57509
54713,10.6966
54714,12.5593
54715,11.8644
54716,13.2919
54717,14.4768
54718,8.94534
54719,9.34494
54720,7.61551
54721,10.1055
54722,11.3435
54723,6.85683
54724,6.88906
54725,11.0442
54726,9.6608
54727,11.8566
54728,9.97205
54729,12.5254
54730,8.67874
54731,11.2214
54732,13.7153
54733,10.2978
54734,9.61065
54735,10.6354
54736,10.7181
54737,9.84454
54738,11.7869
54739,7.77936
54740,8.85791
54741,10.9042
54742,11.085
54743,10.507
54744,7.55445
54745,9.28589
54746,7.57364
54747,9.29748
54748,7.49537
54749,12.9472
54750,10.5327
54751,11.4319
54752,9.17022
54753,11.6959
54754,14.6411
54755,8.03049
54756,8.04198
54757,11.1311
54758,15.234
54759,7.30384
54760,12.6281
54761,12.2198
54762,8.71815
54763,14.3756
54764,12.944
54765,9.20378
54766,8.56024
54767,17.1748
54768,6.65096
54769,14.7022
54770,10.4579
54771,7.58916
54772,8.87866
54773,8.01158
54774,8.11497
54775,12.1369
54776,10.7476
54777,7.96131
54778,10.287
54779,12.6362
54780,8.71535
54781,13.1923
54782,11.8174
54783,8.96843
54784,8.05392
54785,9.18978
54786,8.00488
54787,8.59233
54788,8.14648
54789,6.43778
54790,11.9037
54791,10.5016
54792,9.56171
54793,11.3398
54794,8.72651
54795,7.24238
54796,8.0067
54797,13.0282
54798,10.5368
54799,8.8706
54800,14.0091
54801,10.4875
54802,11.7834
54803,7.79936
54804,9.11033
54805,8.44262
54806,8.6865
54807,9.31778
54808,13.4331
54809,7.60954
54810,12.739
54811,7.27482
54812,10.4299
54813,10.8166
54814,9.19047
54815,12.2284
54816,8.78285
54817,11.9086
54818,7.77045
54819,13.5669
54820,9.06145
54821,8.09531
54822,9.5924
54823,10.5978
54824,9.44665
54825,10.8585
54826,9.87148
54827,12.8095
54828,9.34932
54829,12.5317
54830,6.61422
54831,8.11854
54832,14.2391
54833,6.97958
54834,12.0316
54835,9.74431
54836,9.68841
54837,10.6112
54838,11.6347
54839,9.33766
54840,10.6226
54841,8.97494
54842,13.3034
54843,9.39111
54844,10.5579
54845,10.0173
54846,11.3329
54847,6.54306
54848,6.68581
54849,8.13423
54850,11.2165
54851,11.2312
54852,8.23966
54853,9.96889
54854,12.1368
54855,9.1286
54856,9.34468
54857,10.621
54858,11.9088
54859,12.7955
54860,9.00743
54861,17.2501
54862,9.5586
54863,9.43637
54864,9.81323
54865,9.37292
54866,10.4487
54867,11.0406
54868,8.21456
54869,8.50212
54870,7.91717
54871,7.94787
54872,10.1754
54873,8.12717
54874,10.1356
54875,13.27
54876,10.9097
54877,11.1039
54878,15.1657
54879,8.23447
54880,6.36185
54881,11.593
54882,11.8715
54883,9.05507
54884,11.2376
54885,11.7621
54886,7.14812
54887,8.48176
54888,9.79018
54889,7.00046
54890,7.27759
54891,8.40867
54892,10.4802
54893,12.5102
54894,7.73923
54895,7.78827
54896,8.80559
54897,7.86517
54898,8.43863
54899,8.45742
54900,10.5906
54901,12.8193
54902,11.9467
54903,9.99014
54904,10.1862
54905,10.7043
54906,12.3051
54907,8.9234
54908,14.4776
54909,12.544
54910,9.07173
54911,8.20372
54912,8.4208
54913,9.58381
54914,8.68619
54915,9.98369
54916,10.337
54917,10.7154
54918,7.7984
54919,10.2801
54920,7.87872
54921,9.98607
54922,9.98522
54923,9.11237
54924,9.65935
54925,13.998
54926,10.3264
54927,6.03636
54928,11.2269
54929,7.8353
54930,8.8483
54931,8.60672
54932,14.0809
54933,10.3117
54934,11.376
54935,12.9561
54936,12.0487
54937,9.27115
54938,12.5204
54939,12.0453
54940,9.35314
54941,9.86166
54942,10.9026
54943,10.1446
54944,10.6514
54945,9.78184
54946,8.9021
54947,12.2611
54948,11.0204
54949,6.32418
54950,11.5418
54951,9.72825
54952,12.0105
54953,10.9334
54954,9.40021
54955,8.7447
54956,8.97356
54957,9.08481
54958,9.91185
54959,13.0035
54960,8.49178
54961,11.5032
54962,8.70027
54963,11.2594
54964,9.73684
54965,9.96838
54966,9.31647
54967,10.79
54968,12.4474
54969,13.8109
54970,8.50936
54971,9.3301
54972,8.63082
54973,8.65556
54974,8.25249
54975,7.29633
54976,14.4509
54977,9.58195
54978,15.173
54979,15.5796
54980,8.23971
54981,11.2497
54982,8.71777
54983,9.007
54984,8.6137
54985,9.6629
54986,7.67061
54987,10.5576
54988,8.60493
54989,11.1179
54990,11.4698
54991,11.6191
54992,11.9915
54993,12.2511
54994,10.8653
54995,10.2351
54996,9.33147
54997,10.0201
54998,7.65061
54999,13.722
55000,12.873
55001,8.90914
55002,12.4247
55003,10.4151
55004,8.06199
55005,10.1575
55006,9.57377
55007,9.96055
55008,10.9067
55009,14.1885
55010,11.0813
55011,11.7715
55012,7.97057
55013,9.3084
55014,9.61592
55015,9.88249
55016,10.0739
55017,10.1292
55018,13.323
55019,7.79073
55020,9.64852
55021,12.0331
55022,11.0416
55023,10.616
55024,8.07936
55025,16.5123
55026,9.19349
55027,8.20532
55028,8.47587
55029,8.82407
55030,10.9158
55031,10.8049
55032,7.40434
55033,8.16452
55034,9.77848
55035,10.4148
55036,9.44701
55037,13.5994
55038,9.657
55039,7.46444
55040,8.7844
55041,7.81772
55042,8.7658
55043,11.7301
55044,9.777
55045,8.95911
55046,7.30254
55047,11.3343
55048,10.7124
55049,9.5455
55050,11.9905
55051,11.1903
55052,9.44496
55053,12.19
55054,10.3445
55055,9.11997
55056,11.2109
55057,12.3755
55058,12.447
55059,10.2096
55060,9.2927
55061,7.30271
55062,14.7028
55063,10.1959
55064,8.21274
55065,10.7459
55066,7.76935
55067,8.97467
55068,11.9221
55069,9.99383
55070,9.42783
55071,7.46621
55072,7.51464
55073,9.63878
55074,9.81465
55075,7.84315
55076,14.2697
55077,12.5739
55078,11.859
55079,10.8654
55080,7.31689
55081,7.58475
55082,12.0682
55083,8.66709
55084,10.3451
55085,10.6776
55086,6.90446
55087,10.6151
55088,7.77311
55089,8.07523
55090,12.8868
55091,8.933
55092,9.0121
55093,9.343
55094,10.9147
55095,11.0078
55096,11.7222
55097,7.73775
55098,10.7745
55099,6.42327
55100,12.1126
55101,10.0283
55102,8.14333
55103,13.2667
55104,8.39126
55105,8.49065
55106,8.88734
55107,13.9886
55108,9.4107
55109,9.45353
55110,14.6181
55111,9.84331
55112,10.0352
55113,7.67858
55114,10.9081
55115,8.65134
55116,9.39147
55117,9.66708
55118,9.69367
55119,7.86412
55120,11.6451
55121,12.9177
55122,7.4717
55123,7.20259
55124,9.08237
55125,9.72303
55126,10.1827
55127,10.2193
55128,10.978
55129,8.60689
55130,8.85704
55131,9.09685
55132,9.85455
55133,13.0236
55134,10.2684
55135,10.9757
55136,7.93972
55137,8.37386
55138,11.5018
55139,11.8315
55140,7.96991
55141,8.23928
55142,10.6568
55143,8.48464
55144,9.79258
55145,10.0325
55146,11.0723
55147,13.1399
55148,11.2159
55149,8.30323
55150,10.3376
55151,11.0683
55152,11.2974
55153,12.9848
55154,7.2956
55155,9.66086
55156,9.44739
55157,7.65658
55158,9.14641
55159,9.21174
55160,7.85656
55161,11.0949
55162,13.404
55163,10.0777
55164,10.6071
55165,7.71219
55166,11.5285
55167,9.29086
55168,12.2993
55169,6.66087
55170,9.85229
55171,9.36539
55172,9.48796
55173,6.59427
55174,10.7376
55175,9.75856
55176,7.38219
55177,8.39062
55178,8.39905
55179,8.47316
55180,8.31031
55181,8.57564
55182,11.8609
55183,12.3874
55184,9.8708
55185,13.1079
55186,10.1859
55187,7.47093
55188,9.23423
55189,9.55637
55190,10.8386
55191,7.59374
55192,8.71728
55193,13.9238
55194,8.94303
55195,7.95147
55196,9.35445
55197,14.3855
55198,14.3789
55199,9.39202
55200,7.52522
55201,8.46136
55202,9.95236
55203,8.00091
55204,9.15271
55205,9.64653
55206,9.95427
55207,10.41
55208,6.73717
55209,12.1874
55210,14.7807
55211,7.87181
55212,14.7788
55213,8.16446
55214,7.55641
55215,7.79737
55216,7.8401
55217,8.48515
55218,9.74666
55219,9.75509
55220,9.78794
55221,11.9356
55222,9.10375
55223,8.2699
55224,10.8469
55225,8.87377
55226,9.51351
55227,10.9146
55228,12.5577
55229,18.9092
55230,7.96615
55231,12.1139
55232,9.46239
55233,8.69458
55234,8.72034
55235,10.3896
55236,9.70349
55237,10.8235
55238,10.0044
55239,10.2438
55240,10.6
55241,11.2236
55242,11.2644
55243,11.2765
55244,8.28553
55245,11.7657
55246,10.0102
55247,12.1786
55248,7.36829
55249,12.3767
55250,12.6462
55251,12.8455
55252,8.654
55253,7.20465
55254,12.2229
55255,11.303
55256,11.3279
55257,9.69656
55258,13.5922
55259,16.1529
55260,8.16129
55261,8.25249
55262,9.98896
55263,5.4599
55264,12.1071
55265,11.3427
55266,11.3617
55267,12.5747
55268,7.04688
55269,8.37374
55270,8.47967
55271,12.1858
55272,10.2254
55273,7.23382
55274,7.51459
55275,9.01343
55276,11.8889
55277,9.6808
55278,7.79278
55279,10.128
55280,10.3225
55281,10.5574
55282,8.69835
55283,8.85762
55284,11.0075
55285,11.7038
55286,12.4371
55287,9.22265
55288,10.2465
55289,11.6718
55290,15.8736
55291,7.64382
55292,8.00877
55293,12.7041
55294,10.6667
55295,10.7131
55296,11.1513
55297,9.1853
55298,8.2497
55299,13.428
55300,6.92766
55301,8.93609
55302,8.95446
55303,12.0643
55304,11.1152
55305,11.1977
55306,13.2837
55307,10.9934
55308,12.2302
55309,7.73093
55310,10.8076
55311,14.2106
55312,9.32086
55313,8.52446
55314,10.217
55315,6.36626
55316,8.47231
55317,11.0099
55318,9.06508
55319,9.56186
55320,9.75921
55321,10.0294
55322,10.4101
55323,10.5976
55324,11.8496
55325,7.24971
55326,10.2754
55327,8.0082
55328,9.08795
55329,8.60239
55330,10.7455
55331,8.76543
55332,9.37879
55333,9.61598
55334,8.88313
55335,11.0198
55336,7.28837
55337,7.71356
55338,8.85107
55339,8.51697
55340,8.72763
55341,9.8955
55342,7.05829
55343,9.34137
55344,9.35311
55345,12.9022
55346,14.2011
55347,13.6491
55348,7.87736
55349,6.29375
55350,8.32516
55351,11.5791
55352,8.79644
55353,9.66493
55354,10.1735
55355,10.445
55356,6.41076
55357,10.5122
55358,9.73613
55359,7.21849
55360,6.66395
55361,7.89782
55362,11.2759
55363,12.312
55364,10.4154
55365,13.7144
55366,10.7275
55367,10.0087
55368,9.11859
55369,7.32088
55370,15.8692
55371,8.06866
55372,13.2861
55373,13.0186
55374,9.19591
55375,14.9949
55376,10.0842
55377,9.58894
55378,11.8417
55379,12.565
55380,13.3739
55381,11.475
55382,10.279
55383,8.60714
55384,11.7736
55385,8.06902
55386,11.4857
55387,9.50513
55388,10.8108
55389,9.98031
55390,10.2229
55391,11.3133
55392,11.5962
55393,12.8544
55394,12.0625
55395,12.2975
55396,12.3356
55397,6.77909
55398,13.9518
55399,9.23765
55400,9.50904
55401,9.54963
55402,9.7821
55403,8.79537
55404,10.0165
55405,8.9409
55406,9.47341
55407,12.1069
55408,10.1942
55409,9.86511
55410,8.73789
55411,9.33709
55412,11.7401
55413,10.0073
55414,7.7423
55415,9.70687
55416,8.82496
55417,14.323
55418,7.35004
55419,9.64052
55420,11.8407
55421,11.1872
55422,8.29358
55423,13.8959
55424,8.9455
55425,9.61863
55426,8.63194
55427,12.4924
55428,12.5409
55429,7.56839
55430,6.97987
55431,9.22752
55432,8.66859
55433,11.6654
55434,13.6955
55435,9.42109
55436,8.65692
55437,8.16085
55438,7.77559
55439,8.43445
55440,11.8115
55441,12.1631
55442,8.50141
55443,11.6859
55444,9.90928
55445,8.95016
55446,8.20195
55447,9.72944
55448,9.86315
55449,9.51256
55450,10.2652
55451,8.56989
55452,7.06721
55453,8.4333
55454,8.50067
55455,11.7378
55456,12.0948
55457,9.77885
55458,9.11758
55459,11.8706
55460,12.1916
55461,11.386
55462,9.52992
55463,12.4753
55464,12.8611
55465,13.2268
55466,11.2812
55467,14.5446
55468,9.78829
55469,10.3131
55470,10.4346
55471,9.73357
55472,11.8232
55473,8.15218
55474,8.44455
55475,8.53866
55476,10.6618
55477,8.4539
55478,8.13776
55479,11.8761
55480,9.40718
55481,11.3665
55482,9.73953
55483,12.8453
55484,11.8183
55485,7.97368
55486,8.49117
55487,8.61468
55488,13.5078
55489,12.3613
55490,10.2821
55491,9.39517
55492,7.61918
55493,7.59326
55494,10.6581
55495,13.2771
55496,11.514
55497,10.9413
55498,8.55159
55499,8.56002
55500,8.85203
55501,11.3888
55502,9.72057
55503,10.2632
55504,8.98798
55505,14.2731
55506,11.6228
55507,8.80513
55508,11.8209
55509,8.88515
55510,9.44176
55511,8.64307
55512,8.166
55513,9.3989
55514,15.1374
55515,10.1664
55516,8.60498
55517,10.0207
55518,11.1206
55519,14.2545
55520,10.5746
55521,9.91395
55522,9.37267
55523,10.8625
55524,8.01559
55525,9.23634
55526,14.6564
55527,10.0369
55528,11.3969
55529,11.0022
55530,14.1121
55531,13.6118
55532,8.52244
55533,11.8723
55534,8.99712
55535,9.9869
55536,6.07827
55537,8.26085
55538,10.4694
55539,9.84614
55540,10.8748
55541,11.7842
55542,9.00152
55543,8.18601
55544,7.07278
55545,10.2092
55546,9.12559
55547,14.7633
55548,9.10854
55549,8.68229
55550,8.32932
55551,6.68184
55552,8.77041
55553,7.94251
55554,8.45135
55555,9.27009
55556,10.3879
55557,9.28593
55558,11.4828
55559,11.8063
55560,9.91919
55561,11.65
55562,11.8879
55563,12.3021
55564,8.34412
55565,12.6273
55566,14.932
55567,8.43695
55568,14.261
55569,14.5802
55570,11.0194
55571,9.02783
55572,16.5758
55573,18.765
55574,11.3212
55575,9.46774
55576,8.7206
55577,8.80484
55578,7.47837
55579,13.5458
55580,9.23972
55581,9.33889
55582,9.47899
55583,11.4884
55584,10.5078
55585,9.78395
55586,11.4188
55587,12.2217
55588,9.74905
55589,10.8355
55590,13.0957
55591,13.3266
55592,11.7128
55593,13.1116
55594,9.48686
55595,12.8681
55596,10.9613
55597,9.04595
55598,14.4108
55599,14.5857
55600,7.40586
55601,7.49636
55602,10.0796
55603,8.76518
55604,8.86146
55605,10.1288
55606,9.13727
55607,9.26145
55608,9.54436
55609,9.564
55610,10.3295
55611,5.92145
55612,11.0236
55613,11.1324
55614,8.84282
55615,13.8573
55616,9.86576
55617,12.0343
55618,11.4175
55619,7.4681
55620,8.58185
55621,8.16264
55622,13.3514
55623,13.7295
55624,8.98787
55625,9.28966
55626,9.42141
55627,10.0445
55628,10.0596
55629,10.2354
55630,7.11721
55631,12.3993
55632,9.43975
55633,11.0254
55634,10.2687
55635,8.58189
55636,9.59803
55637,11.4669
55638,9.01803
55639,11.9226
55640,10.011
55641,12.5318
55642,8.27692
55643,8.08224
55644,7.63767
55645,9.38949
55646,10.7157
55647,11.1202
55648,10.2361
55649,10.4431
55650,10.6085
55651,9.75216
55652,8.90963
55653,10.3258
55654,9.59614
55655,9.74333
55656,9.9521
55657,11.1282
55658,9.39848
55659,12.1886
55660,12.3129
55661,7.46646
55662,9.26068
55663,8.73771
55664,10.9108
55665,7.30614
55666,12.8232
55667,12.9027
55668,9.34354
55669,12.4885
55670,10.2943
55671,11.5148
55672,5.62205
55673,12.7019
55674,8.53467
55675,9.61285
55676,8.68105
55677,14.6457
55678,15.3266
55679,11.5537
55680,10.6283
55681,10.6367
55682,13.0284
55683,9.04396
55684,8.85005
55685,6.77445
55686,9.93222
55687,11.9302
55688,12.6222
55689,10.9107
55690,9.08141
55691,12.6121
55692,10.8871
55693,10.9594
55694,9.10891
55695,9.25792
55696,14.3757
55697,11.5771
55698,13.1053
55699,12.9265
55700,9.15001
55701,8.93283
55702,16.1435
55703,10.5277
55704,7.39443
55705,6.66638
55706,8.26018
55707,8.16669
55708,8.17512
55709,8.41639
55710,8.43211
55711,7.82423
55712,8.92816
55713,10.0621
55714,9.23282
55715,9.35595
55716,9.57462
55717,9.76945
55718,9.89552
55719,10.1784
55720,10.263
55721,9.96325
55722,10.1532
55723,8.16239
55724,11.2616
55725,10.9142
55726,12.4046
55727,6.88915
55728,7.27273
55729,13.2862
55730,13.5566
55731,13.6861
55732,12.9535
55733,8.29264
55734,13.1085
55735,10.0575
55736,12.0832
55737,10.167
55738,10.5767
55739,10.6072
55740,10.7823
55741,5.76871
55742,13.3417
55743,8.92343
55744,12.0779
55745,13.0195
55746,9.47086
55747,10.1031
55748,10.7696
55749,13.8833
55750,7.30238
55751,6.47298
55752,12.2172
55753,12.2405
55754,9.42009
55755,9.53057
55756,16.6036
55757,10.0574
55758,10.5652
55759,9.45433
55760,13.6849
55761,12.4633
55762,10.23
55763,7.37806
55764,12.5226
55765,8.78082
55766,8.39279
55767,10.574
55768,13.0513
55769,9.70572
55770,11.2096
55771,7.28978
55772,8.94234
55773,8.24503
55774,10.7992
55775,8.99887
55776,11.536
55777,10.6045
55778,10.679
55779,10.2798
55780,12.8063
55781,12.534
55782,15.717
55783,7.79606
55784,11.1675
55785,9.91692
55786,15.2536
55787,10.4559
55788,12.7912
55789,12.5319
55790,7.62433
55791,7.68084
55792,7.51644
55793,7.581
55794,8.05966
55795,13.9982
55796,9.75708
55797,9.88993
55798,10.6237
55799,10.7282
55800,18.0704
55801,11.2279
55802,5.3055
55803,8.34868
55804,9.36077
55805,10.684
55806,12.8949
55807,12.094
55808,12.2566
55809,9.71968
55810,12.0798
55811,10.2398
55812,13.8369
55813,11.1598
55814,11.8124
55815,11.8771
55816,10.1659
55817,11.5664
55818,12.0126
55819,8.09368
55820,8.20174
55821,9.56328
55822,7.68387
55823,10.296
55824,11.2432
55825,8.52469
55826,9.82684
55827,11.544
55828,13.7041
55829,8.50439
55830,14.9681
55831,9.03302
55832,10.9159
55833,11.1722
55834,7.42571
55835,12.4799
55836,6.72531
55837,11.9911
55838,10.224
55839,8.38234
55840,15.7858
55841,8.43217
55842,9.77815
55843,13.8401
55844,14.1442
55845,8.639
55846,12.1561
55847,12.3894
55848,10.8601
55849,7.96786
55850,7.54434
55851,10.653
55852,8.79466
55853,11.1152
55854,9.73074
55855,9.76228
55856,9.99999
55857,10.8896
55858,7.41187
55859,10.5833
55860,11.5953
55861,10.8313
55862,10.9377
55863,12.3627
55864,12.8395
55865,12.8067
55866,14.3436
55867,9.60296
55868,17.2697
55869,8.30642
55870,10.4967
55871,8.59721
55872,10.1645
55873,10.9941
55874,6.54956
55875,7.95887
55876,11.7268
55877,8.85741
55878,15.4999
55879,9.79819
55880,10.468
55881,8.58564
55882,10.863
55883,9.71884
55884,8.21242
55885,7.39463
55886,11.7287
55887,7.03145
55888,9.67005
55889,8.4711
55890,11.0753
55891,8.67202
55892,10.1254
55893,10.7663
55894,6.79986
55895,15.1482
55896,12.5775
55897,10.0082
55898,7.0568
55899,8.26304
55900,11.3579
55901,9.55295
55902,8.21971
55903,13.3194
55904,9.46251
55905,11.4845
55906,14.0262
55907,11.4519
55908,10.7006
55909,9.14042
55910,12.2845
55911,11.44
55912,7.72696
55913,12.0378
55914,9.53914
55915,10.0709
55916,8.32402
55917,12.6807
55918,9.53148
55919,9.7067
55920,11.3226
55921,13.5717
55922,9.83697
55923,11.3119
55924,10.3628
55925,10.3712
55926,9.89622
55927,9.78288
55928,14.9389
55929,10.17
55930,8.79195
55931,10.1166
55932,7.47344
55933,11.8187
55934,9.61425
55935,9.83912
55936,9.09326
55937,8.53215
55938,9.63591
55939,9.99418
55940,9.35743
55941,9.54084
55942,10.091
55943,10.211
55944,10.478
55945,8.63157
55946,10.693
55947,12.7948
55948,12.7549
55949,14.7633
55950,14.8681
55951,7.26045
55952,14.9129
55953,7.92138
55954,14.3839
55955,9.88833
55956,8.10447
55957,16.1129
55958,8.21339
55959,8.27854
55960,9.38475
55961,10.7977
55962,7.89449
55963,9.4508
55964,9.51431
55965,10.5436
55966,9.71735
55967,9.97453
55968,10.2693
55969,10.5714
55970,15.0343
55971,14.704
55972,10.4911
55973,13.6397
55974,10.2762
55975,10.3578
55976,12.377
55977,10.6622
55978,12.0495
55979,11.0579
55980,9.16094
55981,11.2359
55982,11.4028
55983,8.43507
55984,8.78706
55985,9.16197
55986,10.3174
55987,12.0097
55988,8.21725
55989,10.1357
55990,10.1677
55991,6.26695
55992,8.63914
55993,9.75976
55994,14.2311
55995,10.2822
55996,9.54976
55997,8.58056
55998,11.8483
55999,5.01339
56000,12.292
56001,7.3377
56002,13.9383
56003,9.62553
56004,7.00358
56005,10.0695
56006,9.27446
56007,8.5045
56008,7.91532
56009,11.2576
56010,9.47128
56011,12.4196
56012,11.8052
56013,9.08217
56014,10.2623
56015,9.89874
56016,13.9547
56017,8.43735
56018,11.5533
56019,8.80602
56020,10.2671
56021,7.74441
56022,14.0727
56023,8.75797
56024,8.81876
56025,13.0277
56026,12.263
56027,6.38073
56028,12.0365
56029,9.17685
56030,7.0551
56031,10.3466
56032,14.2427
56033,9.76968
56034,13.0246
56035,10.0388
56036,10.3277
56037,10.5456
56038,9.63024
56039,10.8814
56040,11.6156
56041,11.003
56042,12.5167
56043,8.58445
56044,11.8118
56045,13.3216
56046,12.9093
56047,8.29709
56048,8.3554
56049,8.7476
56050,18.4484
56051,9.81819
56052,12.8651
56053,8.22135
56054,14.1049
56055,6.89298
56056,8.64867
56057,8.6571
56058,14.448
56059,6.82425
56060,11.2349
56061,8.98598
56062,8.94714
56063,12.1257
56064,10.3968
56065,7.4052
56066,10.6971
56067,12.9162
56068,11.9579
56069,9.08402
56070,11.0736
56071,12.5523
56072,7.827
56073,9.80636
56074,11.844
56075,7.51375
56076,9.3848
56077,10.7575
56078,8.76593
56079,10.0134
56080,7.53074
56081,10.8346
56082,8.99255
56083,13.2604
56084,7.51922
56085,13.8353
56086,9.09872
56087,9.17844
56088,9.4666
56089,9.75905
56090,11.8161
56091,11.4572
56092,11.5558
56093,12.5979
56094,8.55758
56095,9.0204
56096,8.62412
56097,9.02965
56098,7.03864
56099,10.7242
56100,11.9044
56101,9.88898
56102,10.022
56103,10.6524
56104,10.2006
56105,11.5098
56106,7.74384
56107,14.8405
56108,8.21692
56109,7.45621
56110,7.55515
56111,10.0951
56112,8.20256
56113,9.64818
56114,11.8546
56115,12.6143
56116,11.4821
56117,10.949
56118,7.09237
56119,10.8248
56120,8.533
56121,9.86951
56122,7.32344
56123,9.42922
56124,10.1437
56125,13.214
56126,8.49322
56127,7.31876
56128,6.54667
56129,11.6447
56130,12.684
56131,13.1561
56132,4.71894
56133,15.2976
56134,9.34137
56135,10.6637
56136,10.027
56137,9.3382
56138,10.5683
56139,11.4678
56140,11.9434
56141,10.3047
56142,12.7292
56143,8.60975
56144,8.80865
56145,11.9651
56146,10.9771
56147,11.2243
56148,8.60588
56149,8.77867
56150,9.82569
56151,9.88518
56152,7.76189
56153,10.8174
56154,9.093
56155,7.40482
56156,11.4947
56157,8.25739
56158,9.01211
56159,9.77174
56160,10.3847
56161,10.886
56162,14.2248
56163,9.25642
56164,11.2093
56165,7.39238
56166,9.52718
56167,9.72626
56168,7.24903
56169,8.72356
56170,9.99116
56171,9.49634
56172,7.74652
56173,6.78273
56174,9.51342
56175,8.77896
56176,12.4434
56177,8.79707
56178,11.1397
56179,8.35497
56180,11.6507
56181,9.83616
56182,12.9015
56183,9.67148
56184,12.7126
56185,7.13193
56186,9.34213
56187,9.26591
56188,7.03794
56189,8.46153
56190,7.8182
56191,11.833
56192,8.42393
56193,9.51458
56194,7.09723
56195,8.44035
56196,10.941
56197,10.0231
56198,11.1161
56199,8.28774
56200,10.4415
56201,8.8231
56202,11.9889
56203,8.40875
56204,7.12538
56205,9.08167
56206,12.3019
56207,9.65608
56208,10.1058
56209,10.4438
56210,9.69968
56211,11.3715
56212,12.0812
56213,8.23052
56214,15.2584
56215,14.3924
56216,9.78931
56217,10.3483
56218,9.35676
56219,8.18027
56220,10.1887
56221,11.2285
56222,12.1597
56223,9.58523
56224,13.244
56225,11.7152
56226,10.1129
56227,10.1437
56228,9.2837
56229,10.5733
56230,14.0776
56231,11.3266
56232,8.62996
56233,10.8673
56234,13.0881
56235,9.28001
56236,12.8147
56237,12.8232
56238,10.716
56239,9.15477
56240,9.52084
56241,9.61346
56242,10.6758
56243,12.3144
56244,7.61272
56245,9.92515
56246,9.36921
56247,15.9926
56248,9.08049
56249,10.1972
56250,11.3898
56251,11.9365
56252,13.5258
56253,11.3856
56254,9.6743
56255,8.5806
56256,11.8129
56257,6.90125
56258,9.91703
56259,11.9165
56260,7.32301
56261,8.10344
56262,11.3462
56263,9.40094
56264,13.6313
56265,7.78444
56266,13.0259
56267,6.60223
56268,9.9298
56269,10.9452
56270,10.0837
56271,6.80684
56272,11.9457
56273,13.423
56274,9.89155
56275,10.5806
56276,7.95077
56277,13.2379
56278,12.2463
56279,11.4786
56280,9.18399
56281,9.95653
56282,9.83054
56283,14.1518
56284,8.41292
56285,8.54718
56286,7.75076
56287,9.98038
56288,8.29982
56289,9.76685
56290,10.1869
56291,9.54257
56292,6.66947
56293,7.11919
56294,9.73652
56295,8.99187
56296,13.1698
56297,12.0982
56298,8.22656
56299,7.69601
56300,7.97655
56301,8.8511
56302,9.89847
56303,9.16124
56304,10.2851
56305,10.5281
56306,11.7827
56307,8.24172
56308,7.55849
56309,9.20496
56310,7.34374
56311,8.95916
56312,8.67981
56313,9.35861
56314,9.37157
56315,9.65343
56316,9.93603
56317,10.1727
56318,10.7532
56319,8.03757
56320,11.1241
56321,11.5172
56322,12.4739
56323,13.4824
56324,12.7114
56325,13.132
56326,13.219
56327,6.27351
56328,13.4278
56329,14.7683
56330,9.86517
56331,8.94526
56332,12.4779
56333,9.89153
56334,11.9799
56335,7.03305
56336,9.88818
56337,14.2331
56338,8.25279
56339,9.82903
56340,13.8672
56341,8.05978
56342,10.1639
56343,10.0232
56344,15.0381
56345,10.3127
56346,11.7128
56347,10.207
56348,13.3272
56349,13.5402
56350,8.76267
56351,8.99783
56352,12.071
56353,13.1927
56354,8.63869
56355,8.7545
56356,8.79367
56357,8.65692
56358,9.80316
56359,8.81222
56360,9.78536
56361,12.1455
56362,12.3274
56363,14.0567
56364,11.7837
56365,8.15067
56366,5.69885
56367,7.70993
56368,8.86481
56369,8.98215
56370,7.55327
56371,9.75769
56372,9.05611
56373,9.54512
56374,11.0118
56375,8.37848
56376,9.83024
56377,9.91017
56378,7.99378
56379,11.1545
56380,9.4402
56381,13.484
56382,10.9886
56383,8.23052
56384,12.6264
56385,10.6661
56386,10.546
56387,11.5677
56388,11.6456
56389,7.9813
56390,8.22183
56391,8.45403
56392,8.87534
56393,11.1298
56394,10.1382
56395,6.42125
56396,13.1907
56397,8.64955
56398,9.02559
56399,8.28507
56400,14.5441
56401,11.334
56402,8.10553
56403,12.1934
56404,11.2971
56405,11.7128
56406,11.9539
56407,7.44421
56408,7.49646
56409,9.19952
56410,8.67412
56411,12.9246
56412,11.1209
56413,11.9011
56414,10.3319
56415,10.0848
56416,8.79915
56417,12.2011
56418,7.52978
56419,11.3179
56420,11.3068
56421,13.6687
56422,8.38089
56423,8.19538
56424,16.0093
56425,12.5864
56426,10.1553
56427,9.92224
56428,10.6217
56429,8.1052
56430,10.1357
56431,10.191
56432,9.551
56433,9.71235
56434,11.6978
56435,10.7501
56436,13.2046
56437,10.5254
56438,10.5341
56439,9.73333
56440,12.0908
56441,15.1254
56442,8.18598
56443,9.14777
56444,13.3234
56445,9.65348
56446,10.0888
56447,12.3366
56448,10.4439
56449,7.49638
56450,9.51608
56451,11.7693
56452,8.93761
56453,11.4378
56454,6.06925
56455,13.2471
56456,8.77634
56457,11.3162
56458,7.5305
56459,8.91317
56460,7.33028
56461,8.39634
56462,9.43393
56463,11.1668
56464,9.08625
56465,8.58444
56466,8.8677
56467,12.8333
56468,8.9122
56469,9.98321
56470,8.6101
56471,10.2787
56472,11.3055
56473,9.80706
56474,13.9917
56475,12.1186
56476,7.76443
56477,8.99814
56478,10.2014
56479,9.53974
56480,8.6656
56481,10.839
56482,9.20819
56483,11.0336
56484,6.20529
56485,10.4651
56486,10.6949
56487,6.07852
56488,10.6532
56489,7.43574
56490,12.3339
56491,12.1695
56492,8.64298
56493,11.2043
56494,12.0771
56495,8.60257
56496,8.02462
56497,9.94231
56498,7.28222
56499,12.4509
56500,12.5018
56501,12.7059
56502,9.3576
56503,9.65931
56504,14.9435
56505,7.08457
56506,8.0936
56507,11.2724
56508,12.0726
56509,8.12346
56510,8.1351
56511,9.46593
56512,10.5784
56513,10.8421
56514,17.279
56515,11.9386
56516,8.95477
56517,12.0676
56518,10.3391
56519,9.96373
56520,10.8845
56521,9.78147
56522,9.89751
56523,8.95006
56524,11.3363
56525,8.9129
56526,9.24228
56527,10.843
56528,9.89019
56529,10.0859
56530,11.5172
56531,13.1148
56532,11.2104
56533,11.5511
56534,6.58948
56535,10.0815
56536,12.1318
56537,10.9078
56538,11.0953
56539,11.0547
56540,12.0869
56541,12.3357
56542,8.04841
56543,9.03335
56544,9.25766
56545,12.3028
56546,9.36579
56547,9.56557
56548,10.0612
56549,12.2359
56550,8.28854
56551,6.07803
56552,7.71988
56553,13.8554
56554,13.4974
56555,9.14086
56556,11.6474
56557,9.56542
56558,7.82326
56559,7.15819
56560,9.28379
56561,10.5809
56562,11.0712
56563,11.2215
56564,11.6538
56565,11.3785
56566,8.13712
56567,8.35281
56568,8.58936
56569,8.97964
56570,7.8677
56571,12.9345
56572,14.4975
56573,14.1662
56574,11.2306
56575,11.0984
56576,10.9914
56577,12.1472
56578,13.4561
56579,9.39223
56580,8.00585
56581,8.45434
56582,11.8126
56583,8.90995
56584,10.9292
56585,11.2748
56586,10.3596
56587,12.7551
56588,10.0201
56589,12.6812
56590,8.79086
56591,13.5132
56592,11.2926
56593,15.4412
56594,7.96956
56595,8.17483
56596,11.555
56597,11.0982
56598,12.0723
56599,9.13468
56600,12.6485
56601,6.94221
56602,12.1444
56603,7.51713
56604,9.54116
56605,16.8901
56606,10.579
56607,10.8657
56608,8.06211
56609,8.08145
56610,12.503
56611,9.51504
56612,9.58676
56613,8.55915
56614,12.0343
56615,9.66953
56616,9.95235
56617,8.99124
56618,10.3021
56619,7.32961
56620,10.0854
56621,7.45756
56622,8.60258
56623,10.864
56624,7.11221
56625,13.5449
56626,7.93331
56627,8.58413
56628,11.2005
56629,14.5526
56630,10.0074
56631,10.8078
56632,9.58381
56633,9.48596
56634,8.52154
56635,7.78442
56636,11.3772
56637,12.6399
56638,8.82428
56639,9.06444
56640,10.3211
56641,11.6434
56642,13.1669
56643,8.89048
56644,13.0651
56645,13.0215
56646,15.4112
56647,9.69956
56648,6.92609
56649,10.2112
56650,9.06136
56651,10.0269
56652,10.4988
56653,10.9652
56654,11.832
56655,9.19042
56656,12.1989
56657,8.24342
56658,18.2271
56659,12.0449
56660,8.69569
56661,6.54167
56662,11.8554
56663,14.4847
56664,8.68255
56665,13.7445
56666,6.83168
56667,9.10319
56668,8.17971
56669,11.6587
56670,9.76435
56671,7.86431
56672,9.03161
56673,10.04
56674,10.1905
56675,8.02294
56676,11.7227
56677,8.79008
56678,8.84768
56679,7.94023
56680,9.4627
56681,10.7259
56682,9.76309
56683,10.8906
56684,11.3153
56685,14.6907
56686,9.88637
56687,12.462
56688,11.535
56689,6.88067
56690,12.6142
56691,9.08474
56692,12.2327
56693,7.48446
56694,8.53987
56695,8.62152
56696,8.87088
56697,15.1197
56698,7.24601
56699,14.4678
56700,13.5203
56701,9.73991
56702,8.94441
56703,8.14082
56704,12.1362
56705,9.21224
56706,11.3015
56707,7.37886
56708,10.0324
56709,16.2507
56710,10.6744
56711,14.3428
56712,8.85738
56713,9.11586
56714,9.28126
56715,9.98476
56716,13.6397
56717,12.8388
56718,9.49827
56719,10.3029
56720,11.1255
56721,7.42711
56722,8.50041
56723,8.73415
56724,7.89445
56725,8.13955
56726,9.29129
56727,10.1048
56728,8.22093
56729,8.87899
56730,11.45
56731,9.83962
56732,14.7627
56733,13.0898
56734,12.6829
56735,5.97042
56736,9.0474
56737,10.3478
56738,10.3203
56739,11.5116
56740,10.6209
56741,7.69162
56742,8.23515
56743,8.99638
56744,7.00481
56745,9.38191
56746,8.59738
56747,9.52429
56748,8.07043
56749,10.2793
56750,11.5263
56751,10.5796
56752,12.2228
56753,6.87964
56754,9.17253
56755,10.3389
56756,9.41421
56757,10.6865
56758,8.02874
56759,9.26745
56760,11.7638
56761,9.89225
56762,11.4605
56763,7.74964
56764,9.9456
56765,7.23639
56766,5.52148
56767,10.716
56768,8.93895
56769,9.81641
56770,9.18517
56771,8.67338
56772,8.68181
56773,10.1386
56774,13.2658
56775,12.0333
56776,10.2189
56777,7.83131
56778,8.87111
56779,7.89199
56780,8.57769
56781,10.2099
56782,8.42306
56783,9.54728
56784,9.30548
56785,8.33481
56786,11.5732
56787,8.79641
56788,9.13668
56789,11.1483
56790,6.14047
56791,7.34215
56792,7.63463
56793,7.93411
56794,15.3127
56795,15.5212
56796,12.3746
56797,11.265
56798,8.42085
56799,8.88468
56800,8.39206
56801,10.1816
56802,11.5221
56803,11.8434
56804,8.64623
56805,9.79228
56806,7.91941
56807,16.0125
56808,15.041
56809,9.53683
56810,9.06232
56811,9.1781
56812,7.58263
56813,8.20688
56814,8.24706
56815,9.27876
56816,9.61402
56817,10.8767
56818,11.0132
56819,8.2398
56820,14.3811
56821,9.53769
56822,9.44474
56823,9.61031
56824,9.04634
56825,7.23034
56826,9.63556
56827,11.3904
56828,8.65422
56829,9.30797
56830,11.8678
56831,8.55929
56832,9.48436
56833,12.7137
56834,7.13155
56835,9.27767
56836,10.4692
56837,7.7321
56838,10.9303
56839,8.77051
56840,9.31523
56841,11.1477
56842,10.3862
56843,8.85777
56844,11.9564
56845,11.9989
56846,12.1802
56847,10.6561
56848,7.95824
56849,10.0471
56850,10.6485
56851,11.9393
56852,6.45558
56853,11.1755
56854,8.027
56855,8.13796
56856,8.75445
56857,9.93077
56858,10.0814
56859,12.7289
56860,9.86555
56861,10.2456
56862,7.28544
56863,7.51002
56864,7.55004
56865,8.13296
56866,11.1552
56867,14.2869
56868,12.542
56869,8.74474
56870,9.31024
56871,15.4028
56872,9.72987
56873,10.4612
56874,10.7069
56875,9.8173
56876,11.4531
56877,12.0998
56878,9.33691
56879,12.5552
56880,9.63862
56881,8.68545
56882,9.69485
56883,9.76453
56884,11.773
56885,11.9987
56886,10.0248
56887,9.87392
56888,9.91419
56889,12.1025
56890,10.2077
56891,11.7095
56892,13.1066
56893,10.9399
56894,17.3939
56895,7.6446
56896,15.7087
56897,10.1273
56898,11.4362
56899,11.1862
56900,11.5027
56901,12.9429
56902,8.62829
56903,8.12592
56904,10.7845
56905,10.9422
56906,10.5689
56907,11.8004
56908,9.81474
56909,10.0936
56910,10.6643
56911,9.98282
56912,8.37236
56913,9.47983
56914,12.518
56915,10.7812
56916,11.0739
56917,11.328
56918,12.0246
56919,6.49951
56920,11.994
56921,9.00633
56922,8.03669
56923,9.23677
56924,8.55958
56925,11.9153
56926,9.2005
56927,7.68537
56928,8.88118
56929,8.92868
56930,8.01432
56931,15.1075
56932,11.5727
56933,10.0401
56934,10.4294
56935,11.5751
56936,8.69324
56937,10.0838
56938,9.34867
56939,7.92176
56940,8.91825
56941,10.9418
56942,11.4219
56943,11.478
56944,7.61289
56945,7.62729
56946,7.63572
56947,9.76955
56948,8.99475
56949,9.30663
56950,9.33596
56951,9.3444
56952,13.4228
56953,11.1606
56954,7.32401
56955,10.8306
56956,8.58492
56957,12.7399
56958,9.96487
56959,13.1607
56960,12.4749
56961,7.29361
56962,10.6101
56963,11.8255
56964,11.6345
56965,9.55894
56966,9.61969
56967,9.97795
56968,12.328
56969,8.81991
56970,12.0263
56971,11.1459
56972,7.89286
56973,10.7631
56974,7.11292
56975,9.44713
56976,8.46058
56977,8.51471
56978,9.70266
56979,11.7557
56980,8.77095
56981,10.1081
56982,7.36186
56983,11.0346
56984,10.9039
56985,8.59202
56986,9.47763
56987,9.98508
56988,11.8093
56989,12.3811
56990,13.4633
56991,6.71625
56992,12.8076
56993,10.9397
56994,15.0555
56995,11.1636
56996,8.22068
56997,14.0089
56998,15.1457
56999,9.61902
57000,9.92602
57001,9.19961
57002,10.1445
57003,10.8588
57004,8.95265
57005,15.0327
57006,11.7143
57007,12.0669
57008,11.3054
57009,7.56897
57010,8.83837
57011,7.89001
57012,9.10634
57013,8.94877
57014,9.52272
57015,9.59384
57016,10.2926
57017,10.5834
57018,10.6598
57019,9.81488
57020,10.9001
57021,11.1514
57022,13.2946
57023,8.3228
57024,7.62398
57025,9.60117
57026,8.63069
57027,9.85858
57028,7.98364
57029,10.306
57030,10.5248
57031,10.803
57032,15.0179
57033,16.1652
57034,11.2347
57035,15.3768
57036,11.4247
57037,6.68648
57038,7.82715
57039,11.1775
57040,11.3789
57041,12.315
57042,12.7813
57043,9.84029
57044,14.1734
57045,14.3606
57046,9.37237
57047,6.72519
57048,7.17741
57049,7.87029
57050,12.6625
57051,11.8434
57052,9.11023
57053,7.06731
57054,8.02715
57055,13.6737
57056,9.24498
57057,9.44352
57058,12.9579
57059,15.0854
57060,10.1347
57061,7.36341
57062,10.7201
57063,8.47981
57064,12.497
57065,10.1193
57066,6.48867
57067,6.74303
57068,7.65074
57069,7.72795
57070,7.75065
57071,14.7841
57072,8.73903
57073,9.00549
57074,9.13641
57075,9.75102
57076,11.6702
57077,10.1286
57078,12.4311
57079,10.6185
57080,9.80535
57081,10.1192
57082,10.4861
57083,7.18565
57084,8.55437
57085,12.9246
57086,13.2811
57087,8.62288
57088,12.708
57089,6.91315
57090,9.68459
57091,18.0318
57092,9.04024
57093,11.0737
57094,8.05282
57095,10.1562
57096,12.8677
57097,13.1468
57098,11.6908
57099,11.7401
57100,8.31125
57101,8.39704
57102,8.52835
57103,13.5418
57104,8.82802
57105,10.0166
57106,9.2584
57107,10.4843
57108,9.09622
57109,11.8271
57110,8.02396
57111,7.37013
57112,9.11945
57113,14.2086
57114,11.4779
57115,11.706
57116,10.057
57117,9.38823
57118,7.59255
57119,9.715
57120,14.829
57121,11.1119
57122,11.2089
57123,10.9663
57124,8.09333
57125,11.12
57126,9.35513
57127,7.65441
57128,7.89003
57129,11.2406
57130,8.49859
57131,9.28932
57132,12.2645
57133,11.1059
57134,16.6001
57135,12.6072
57136,7.43591
57137,11.2245
57138,8.19091
57139,9.59008
57140,8.62264
57141,11.1362
57142,11.4141
57143,10.6158
57144,19.6684
57145,10.2014
57146,11.4367
57147,8.3921
57148,7.94038
57149,8.98054
57150,8.50859
57151,9.72389
57152,7.33783
57153,8.81159
57154,10.8375
57155,9.61683
57156,9.49536
57157,13.5354
57158,9.84905
57159,8.39822
57160,12.5171
57161,10.7057
57162,13.0633
57163,12.3981
57164,9.49901
57165,12.0071
57166,8.11173
57167,6.68552
57168,13.0948
57169,9.48841
57170,9.90503
57171,14.0032
57172,8.53359
57173,10.5558
57174,9.17575
57175,9.10451
57176,10.3024
57177,9.40995
57178,10.5602
57179,7.85727
57180,8.49137
57181,7.7604
57182,12.9029
57183,9.03498
57184,12.227
57185,9.55412
57186,8.00919
57187,10.6163
57188,13.9662
57189,10.7272
57190,13.7284
57191,14.8996
57192,7.8607
57193,13.8914
57194,4.99423
57195,7.40452
57196,8.65454
57197,7.83824
57198,9.21802
57199,9.25014
57200,10.4496
57201,9.48013
57202,11.3657
57203,7.9035
57204,7.57965
57205,8.22936
57206,14.3357
57207,12.7079
57208,11.0122
57209,10.1392
57210,12.526
57211,9.31463
57212,11.5932
57213,10.6016
57214,12.7348
57215,8.95385
57216,6.94415
57217,8.16634
57218,14.2196
57219,10.2425
57220,10.1478
57221,11.4893
57222,11.6528
57223,8.78173
57224,8.87107
57225,6.28197
57226,14.3593
57227,7.28358
57228,8.4608
57229,11.7216
57230,8.87805
57231,10.3965
57232,9.95583
57233,10.2061
57234,9.30209
57235,12.3248
57236,9.27708
57237,9.59961
57238,9.51914
57239,12.1069
57240,8.25529
57241,8.63233
57242,7.69955
57243,9.9255
57244,10.716
57245,10.979
57246,12.143
57247,10.3841
57248,10.5742
57249,12.3994
57250,11.1741
57251,8.97808
57252,9.21981
57253,7.60794
57254,6.82668
57255,10.9377
57256,8.07738
57257,11.1176
57258,11.1964
57259,12.3085
57260,9.53813
57261,10.3752
57262,14.6115
57263,10.7496
57264,11.2488
57265,7.67642
57266,8.34296
57267,8.49104
57268,12.638
57269,7.99259
57270,14.3462
57271,11.794
57272,10.4432
57273,10.4504
57274,10.505
57275,13.6034
57276,8.2395
57277,8.27989
57278,8.32217
57279,9.53992
57280,9.76327
57281,10.8438
57282,8.92139
57283,11.9574
57284,7.1217
57285,8.70711
57286,13.2863
57287,12.6366
57288,9.4132
57289,7.48577
57290,8.92875
57291,11.4259
57292,9.56726
57293,6.77847
57294,9.63748
57295,11.6951
57296,9.93706
57297,10.2744
57298,12.615
57299,10.7263
57300,11.7327
57301,12.8954
57302,12.3755
57303,8.06326
57304,9.54756
57305,8.99616
57306,8.14663
57307,7.9889
57308,9.28484
57309,8.43625
57310,8.76933
57311,11.8147
57312,9.90761
57313,10.1591
57314,12.6261
57315,10.5154
57316,11.9343
57317,12.8012
57318,7.2157
57319,7.84098
57320,7.95487
57321,11.3994
57322,11.0409
57323,7.10848
57324,9.21546
57325,15.5859
57326,11.7843
57327,8.49461
57328,12.1309
57329,14.3242
57330,9.6177
57331,10.6261
57332,8.02326
57333,8.03905
57334,8.16875
57335,8.15412
57336,9.23363
57337,9.24206
57338,7.63339
57339,14.8997
57340,11.0374
57341,13.2145
57342,7.05806
57343,10.4404
57344,8.61245
57345,13.7743
57346,7.78531
57347,8.80072
57348,12.9174
57349,10.0649
57350,11.3837
57351,11.458
57352,12.1126
57353,10.3093
57354,10.0169
57355,13.2558
57356,10.4288
57357,10.5315
57358,9.89925
57359,12.9145
57360,13.1571
57361,11.3205
57362,14.4761
57363,10.5532
57364,9.89113
57365,9.84351
57366,9.27086
57367,11.1738
57368,11.4526
57369,9.05301
57370,10.0311
57371,7.71464
57372,8.16784
57373,8.22185
57374,7.51107
57375,8.67208
57376,10.983
57377,11.0756
57378,8.3323
57379,9.52043
57380,11.7614
57381,9.17462
57382,12.7483
57383,8.75956
57384,8.86223
57385,9.04312
57386,9.36718
57387,11.3846
57388,11.3093
57389,11.4178
57390,13.5159
57391,12.5838
57392,7.49799
57393,16.5802
57394,7.75759
57395,8.09246
57396,6.15482
57397,11.32
57398,8.37305
57399,9.1799
57400,7.34869
57401,11.398
57402,7.54262
57403,8.62838
57404,9.94
57405,10.351
57406,7.75838
57407,12.9896
57408,11.1023
57409,11.3977
57410,11.917
57411,9.05678
57412,9.39472
57413,10.621
57414,8.73965
57415,9.93075
57416,10.9991
57417,8.09947
57418,11.8629
57419,9.06556
57420,9.07737
57421,10.1095
57422,10.2445
57423,10.3801
57424,11.5884
57425,7.87745
57426,16.9513
57427,12.8539
57428,13.4854
57429,7.33679
57430,11.1547
57431,9.04486
57432,7.15886
57433,9.17717
57434,9.73434
57435,10.1029
57436,8.36008
57437,9.05494
57438,7.34352
57439,9.35196
57440,10.4163
57441,12.9365
57442,10.2938
57443,12.2472
57444,14.0698
57445,17.166
57446,9.02625
57447,11.208
57448,12.422
57449,9.61756
57450,6.88173
57451,7.57045
57452,10.7176
57453,10.9394
57454,11.0616
57455,8.54075
57456,12.0558
57457,9.09851
57458,8.20226
57459,8.39025
57460,9.39869
57461,9.54629
57462,8.71927
57463,9.95525
57464,10.3977
57465,11.0809
57466,8.58469
57467,12.6204
57468,12.3247
57469,9.9781
57470,7.14394
57471,7.74768
57472,10.0017
57473,10.3062
57474,6.38011
57475,10.46
57476,7.80899
57477,9.95498
57478,9.99138
57479,8.15401
57480,6.18367
57481,8.28078
57482,7.90796
57483,11.147
57484,10.3769
57485,9.86565
57486,9.95631
57487,10.306
57488,9.90468
57489,7.28108
57490,12.5687
57491,12.7195
57492,12.0027
57493,9.30257
57494,10.708
57495,8.84323
57496,13.9111
57497,15.1483
57498,13.5591
57499,9.79526
57500,7.14207
57501,10.2471
57502,14.4102
57503,7.05198
57504,8.85711
57505,15.9186
57506,8.4475
57507,7.65035
57508,13.7407
57509,11.9545
57510,8.60037
57511,8.74472
57512,13.9069
57513,9.35378
57514,10.4707
57515,7.85699
57516,11.2585
57517,12.603
57518,8.74921
57519,9.92553
57520,7.92828
57521,9.24653
57522,9.11687
57523,8.74725
57524,10.4016
57525,7.95186
57526,9.33772
57527,10.5265
57528,9.21787
57529,10.3172
57530,7.94757
57531,8.19158
57532,11.3718
57533,9.62682
57534,10.3843
57535,13.8893
57536,10.7085
57537,13.793
57538,8.05945
57539,11.2463
57540,13.7035
57541,12.7994
57542,8.64257
57543,13.7193
57544,8.74124
57545,13.8073
57546,7.88967
57547,6.12501
57548,9.14276
57549,8.20542
57550,8.79166
57551,9.19775
57552,9.3243
57553,9.76777
57554,12.5201
57555,9.44422
57556,8.70619
57557,9.76678
57558,8.15384
57559,8.32354
57560,20.3582
57561,9.45031
57562,9.53736
57563,9.61605
57564,12.2968
57565,7.52617
57566,10.6002
57567,10.8141
57568,13.8641
57569,11.196
57570,7.44094
57571,8.67586
57572,9.84054
57573,9.22556
57574,9.4455
57575,9.4784
57576,8.80679
57577,9.88137
57578,9.97141
57579,14.1848
57580,10.2609
57581,9.2693
57582,11.4204
57583,10.6209
57584,9.80456
57585,11.477
57586,8.75547
57587,7.04372
57588,13.2376
57589,6.89083
57590,9.93719
57591,12.0729
57592,12.1916
57593,6.75261
57594,12.4838
57595,11.6481
57596,9.89439
57597,9.04153
57598,12.0656
57599,8.44947
57600,9.78829
57601,11.999
57602,9.09656
57603,8.12672
57604,9.59491
57605,9.7282
57606,9.78576
57607,7.16256
57608,10.5002
57609,10.788
57610,7.80001
57611,11.8505
57612,8.40273
57613,11.0095
57614,13.0794
57615,9.35828
57616,10.1016
57617,10.6979
57618,10.7159
57619,11.0917
57620,9.22316
57621,6.69507
57622,8.08898
57623,10.1926
57624,10.8784
57625,12.1813
57626,10.1391
57627,12.0595
57628,9.27107
57629,10.6195
57630,8.24377
57631,8.28833
57632,8.29677
57633,12.3993
57634,10.506
57635,8.70899
57636,12.4028
57637,9.7636
57638,9.82254
57639,12.218
57640,10.3676
57641,11.6115
57642,10.7939
57643,11.077
57644,11.4225
57645,11.4463
57646,20.8593
57647,14.0323
57648,12.1916
57649,10.7704
57650,12.5206
57651,9.56957
57652,17.4121
57653,13.7122
57654,10.4732
57655,6.62184
57656,8.67673
57657,9.13353
57658,7.87913
57659,11.9367
57660,10.4218
57661,9.21331
57662,9.24637
57663,9.74209
57664,10.6279
57665,10.6879
57666,12.6695
57667,12.0775
57668,13.4678
57669,10.9213
57670,9.84127
57671,10.3025
57672,10.6452
57673,9.20689
57674,6.45764
57675,9.1584
57676,8.57585
57677,11.3537
57678,11.4095
57679,12.5427
57680,8.38574
57681,8.50341
57682,9.42302
57683,8.85466
57684,6.41063
57685,10.8339
57686,8.61156
57687,9.25475
57688,7.0311
57689,8.11499
57690,7.74017
57691,8.76087
57692,9.72053
57693,10.0272
57694,9.40321
57695,9.55871
57696,9.11094
57697,8.16162
57698,12.1701
57699,7.89628
57700,9.04687
57701,13.6681
57702,14.0067
57703,14.2153
57704,9.68134
57705,9.95451
57706,10.1725
57707,10.363
57708,10.3824
57709,16.5948
57710,11.7877
57711,11.9666
57712,10.023
57713,10.212
57714,11.0748
57715,9.47935
57716,16.0302
57717,13.2448
57718,13.2532
57719,8.36495
57720,9.79988
57721,9.90525
57722,9.9661
57723,8.5434
57724,11.3998
57725,10.3738
57726,6.69527
57727,7.50886
57728,11.6514
57729,14.7353
57730,6.99355
57731,12.8162
57732,8.31752
57733,8.36799
57734,9.6
57735,8.80705
57736,9.01515
57737,11.1646
57738,10.2973
57739,10.7391
57740,18.9052
57741,11.2412
57742,6.27122
57743,11.7876
57744,12.9597
57745,7.21412
57746,13.8159
57747,8.35593
57748,8.37215
57749,8.45633
57750,10.2729
57751,9.36818
57752,9.52092
57753,10.5294
57754,9.76784
57755,9.77627
57756,11.4818
57757,10.5401
57758,10.6182
57759,12.0459
57760,9.11836
57761,10.5108
57762,9.97684
57763,11.4301
57764,10.1144
57765,8.2034
57766,9.89931
57767,9.9229
57768,7.96294
57769,10.7757
57770,11.3249
57771,14.7946
57772,11.2332
57773,12.0516
57774,9.13822
57775,12.2297
57776,10.5303
57777,8.78779
57778,18.8808
57779,7.96199
57780,8.69121
57781,8.03487
57782,10.4339
57783,8.60522
57784,8.61365
57785,7.72139
57786,8.38277
57787,11.6413
57788,9.84214
57789,11.9353
57790,12.1281
57791,10.3476
57792,10.5497
57793,13.0294
57794,11.1676
57795,12.2206
57796,8.29428
57797,13.3729
57798,10.4656
57799,8.8964
57800,12.7972
57801,6.98728
57802,10.0703
57803,12.1116
57804,11.5355
57805,7.572
57806,9.63425
57807,9.07732
57808,10.7563
57809,9.86757
57810,13.8822
57811,10.9503
57812,8.7781
57813,12.0393
57814,9.05523
57815,7.36892
57816,9.38066
57817,8.81476
57818,8.21275
57819,10.5271
57820,14.0201
57821,9.15444
57822,9.77168
57823,13.3825
57824,8.79216
57825,8.85384
57826,11.3426
57827,12.1307
57828,10.4117
57829,12.1219
57830,9.44431
57831,10.9888
57832,12.3524
57833,14.46
57834,10.4956
57835,9.13437
57836,7.53506
57837,9.59619
57838,12.7568
57839,8.11443
57840,7.75915
57841,13.7792
57842,11.0421
57843,8.64128
57844,8.26441
57845,8.28338
57846,9.41584
57847,10.3509
57848,6.68176
57849,9.37395
57850,9.54133
57851,12.1253
57852,14.805
57853,8.56312
57854,11.8002
57855,8.14634
57856,9.07073
57857,12.767
57858,10.4046
57859,8.97035
57860,8.10338
57861,10.6011
57862,9.9727
57863,10.7757
57864,6.76163
57865,14.0361
57866,9.04683
57867,7.17754
57868,7.5383
57869,7.70309
57870,13.2924
57871,9.35647
57872,9.7839
57873,7.2407
57874,9.81588
57875,14.8243
57876,13.3087
57877,8.94749
57878,11.7578
57879,11.5755
57880,8.36374
57881,8.37217
57882,10.4841
57883,9.66683
57884,7.34083
57885,14.6487
57886,8.70128
57887,9.48283
57888,10.5512
57889,11.3577
57890,8.445
57891,9.7362
57892,7.53946
57893,8.86611
57894,10.8745
57895,9.1108
57896,9.37088
57897,6.12933
57898,8.29318
57899,12.4972
57900,6.50562
57901,11.7432
57902,5.76002
57903,8.16282
57904,8.43377
57905,8.80688
57906,13.894
57907,8.91153
57908,7.50047
57909,9.73718
57910,9.9814
57911,8.20955
57912,7.73153
57913,10.0509
57914,8.32981
57915,8.47665
57916,11.4904
57917,11.5315
57918,8.83167
57919,7.87386
57920,8.97449
57921,9.09101
57922,9.23822
57923,9.27017
57924,9.30089
57925,10.3876
57926,10.6314
57927,8.74712
57928,11.0297
57929,11.1527
57930,11.8067
57931,11.904
57932,12.0793
57933,10.0085
57934,9.28911
57935,8.05045
57936,10.4189
57937,11.4341
57938,11.6632
57939,7.23562
57940,7.04884
57941,12.0636
57942,12.1522
57943,8.25087
57944,8.9622
57945,10.7971
57946,10.6474
57947,10.3357
57948,8.87711
57949,9.79554
57950,9.11552
57951,9.29435
57952,11.015
57953,8.22378
57954,13.5364
57955,11.821
57956,11.9616
57957,9.99095
57958,12.9684
57959,11.214
57960,8.33303
57961,7.38043
57962,6.24737
57963,8.7055
57964,9.39185
57965,8.58782
57966,11.8351
57967,10.4691
57968,10.6175
57969,11.0333
57970,14.1251
57971,11.2757
57972,7.42127
57973,12.0025
57974,8.39597
57975,9.69371
57976,9.82601
57977,9.67726
57978,8.56758
57979,9.79992
57980,9.812
57981,9.89326
57982,8.14504
57983,7.23451
57984,10.2746
57985,9.04304
57986,6.15432
57987,9.58878
57988,8.5109
57989,8.78452
57990,12.9278
57991,12.9638
57992,9.34015
57993,11.4068
57994,11.6224
57995,9.17972
57996,12.3024
57997,9.37318
57998,9.73686
57999,9.8244
58000,13.3791
58001,7.39434
58002,10.6582
58003,9.70008
58004,10.2971
58005,9.86679
58006,9.1252
58007,9.48087
58008,11.7972
58009,8.21915
58010,8.3659
58011,8.54218
58012,9.10062
58013,9.01007
58014,13.1137
58015,7.52338
58016,8.57803
58017,9.63095
58018,10.5493
58019,9.16963
58020,11.3973
58021,7.54313
58022,10.598
58023,11.6421
58024,13.5557
58025,14.4435
58026,9.74457
58027,10.1775
58028,10.2647
58029,7.29465
58030,10.9663
58031,11.1835
58032,10.192
58033,9.40237
58034,10.8011
58035,9.17156
58036,6.60105
58037,6.5843
58038,9.95619
58039,14.056
58040,8.99143
58041,11.6612
58042,9.12841
58043,11.5847
58044,7.7004
58045,11.8142
58046,10.3017
58047,15.37
58048,10.9641
58049,8.71222
58050,7.85527
58051,9.55121
58052,9.82136
58053,12.7799
58054,10.9842
58055,9.5644
58056,8.55135
58057,9.43682
58058,9.55034
58059,9.64294
58060,9.00339
58061,10.7289
58062,12.8147
58063,9.16358
58064,16.3452
58065,12.5665
58066,13.0054
58067,8.42547
58068,10.3669
58069,8.98272
58070,9.02983
58071,9.25232
58072,9.55059
58073,5.90875
58074,11.1511
58075,10.543
58076,8.71688
58077,13.2642
58078,7.64116
58079,10.0487
58080,6.39919
58081,9.50061
58082,9.50904
58083,9.48952
58084,9.55631
58085,9.56475
58086,7.88805
58087,11.4021
58088,11.4105
58089,9.57746
58090,12.0744
58091,11.7789
58092,11.7889
58093,12.6157
58094,10.6417
58095,5.91351
58096,16.2207
58097,7.6105
58098,8.69831
58099,7.04171
58100,7.28143
58101,9.3137
58102,10.3855
58103,10.4718
58104,11.1776
58105,11.794
58106,10.8365
58107,11.2132
58108,13.4555
58109,7.78509
58110,10.2013
58111,9.60697
58112,7.64968
58113,13.8485
58114,9.08648
58115,12.2369
58116,10.5732
58117,14.616
58118,9.74711
58119,11.0151
58120,11.0881
58121,9.31091
58122,7.80064
58123,12.3363
58124,9.00896
58125,10.0141
58126,8.00943
58127,9.85502
58128,9.19565
58129,8.92735
58130,10.393
58131,13.6156
58132,10.2316
58133,12.7054
58134,8.80586
58135,8.28142
58136,7.98059
58137,8.22026
58138,9.07655
58139,6.18059
58140,9.23167
58141,10.4564
58142,8.34319
58143,9.963
58144,9.22819
58145,15.3609
58146,9.65444
58147,9.72537
58148,7.76492
58149,10.1727
58150,10.2867
58151,10.3929
58152,9.51747
58153,11.0456
58154,12.1394
58155,11.8054
58156,9.42956
58157,9.63098
58158,9.63941
58159,11.6659
58160,11.1874
58161,7.23889
58162,7.53663
58163,11.7401
58164,11.0562
58165,12.1011
58166,9.25109
58167,10.3207
58168,12.3302
58169,8.94597
58170,9.00465
58171,10.571
58172,13.8747
58173,10.9117
58174,6.20061
58175,11.3481
58176,12.2459
58177,9.31912
58178,11.8179
58179,9.00272
58180,7.01386
58181,9.8269
58182,10.3962
58183,9.89275
58184,10.5374
58185,10.8975
58186,12.3189
58187,10.089
58188,7.12762
58189,10.2766
58190,12.5313
58191,9.61361
58192,13.6787
58193,12.6963
58194,12.1468
58195,8.28643
58196,9.30152
58197,11.3102
58198,10.225
58199,11.0603
58200,11.5617
58201,9.02677
58202,9.05559
58203,8.15555
58204,10.1839
58205,12.5791
58206,11.7642
58207,13.021
58208,7.03035
58209,13.1873
58210,13.2764
58211,10.4125
58212,13.6718
58213,7.60583
58214,8.17293
58215,9.09386
58216,7.50225
58217,9.51068
58218,10.4058
58219,9.50568
58220,11.002
58221,10.8255
58222,12.8542
58223,12.1458
58224,10.2543
58225,8.39724
58226,5.57312
58227,12.703
58228,10.0666
58229,10.0753
58230,12.4813
58231,10.5985
58232,11.8141
58233,12.1272
58234,7.67706
58235,10.8833
58236,11.8984
58237,11.0417
58238,11.0501
58239,9.07129
58240,15.691
58241,8.92501
58242,12.0045
58243,15.1392
58244,9.30143
58245,12.3461
58246,9.99119
58247,6.61647
58248,7.62576
58249,8.36963
58250,12.5877
58251,8.59616
58252,12.7988
58253,8.80726
58254,10.1309
58255,10.1889
58256,15.3842
58257,6.77226
58258,11.7402
58259,13.651
58260,10.5066
58261,6.56354
58262,7.89413
58263,7.92841
58264,10.1059
58265,8.50792
58266,11.0033
58267,12.037
58268,13.2768
58269,11.4009
58270,11.478
58271,11.7367
58272,7.82173
58273,10.0776
58274,12.1884
58275,12.8989
58276,11.162
58277,11.3641
58278,13.7943
58279,10.8923
58280,13.9007
58281,8.60821
58282,8.61859
58283,9.90451
58284,14.9129
58285,10.3871
58286,15.602
58287,10.6788
58288,13.7629
58289,9.2561
58290,11.3126
58291,8.97794
58292,11.7146
58293,12.6983
58294,9.17687
58295,12.9307
58296,9.83966
58297,11.851
58298,9.23819
58299,12.7877
58300,8.29719
58301,10.4001
58302,10.2392
58303,10.6423
58304,9.95169
58305,9.06887
58306,9.45846
58307,9.06131
58308,10.2876
58309,8.36048
58310,10.0885
58311,8.25267
58312,9.4859
58313,8.59045
58314,10.3333
58315,10.4725
58316,6.61916
58317,12.2305
58318,12.3494
58319,12.8852
58320,13.3248
58321,9.16357
58322,9.43629
58323,9.69773
58324,9.74797
58325,9.78557
58326,8.87375
58327,10.2568
58328,8.64914
58329,13.2091
58330,7.87321
58331,12.3287
58332,10.6219
58333,7.97408
58334,7.99335
58335,6.82605
58336,5.7464
58337,6.00101
58338,6.20549
58339,10.0372
58340,8.62624
58341,9.62146
58342,10.5315
58343,6.66965
58344,11.2112
58345,9.86853
58346,8.89081
58347,8.98471
58348,11.1382
58349,9.36241
58350,8.1574
58351,7.35663
58352,9.50219
58353,7.78375
58354,10.3695
58355,14.1309
58356,9.62174
58357,8.08475
58358,10.4041
58359,10.9826
58360,9.31785
58361,9.32628
58362,10.9194
58363,11.3664
58364,11.897
58365,9.92149
58366,7.70655
58367,10.7569
58368,9.12449
58369,11.4009
58370,6.78956
58371,9.07018
58372,13.3371
58373,10.1377
58374,7.29808
58375,8.12278
58376,8.24594
58377,8.38236
58378,8.52004
58379,12.5899
58380,8.71863
58381,8.55552
58382,7.61505
58383,6.88085
58384,10.3139
58385,10.5433
58386,9.02295
58387,9.5465
58388,13.5584
58389,11.632
58390,7.70341
58391,12.1151
58392,12.1997
58393,10.6499
58394,11.0507
58395,7.1464
58396,9.35402
58397,8.08214
58398,8.62868
58399,8.89744
58400,11.9635
58401,7.98142
58402,6.20856
58403,8.12857
58404,13.2634
58405,11.7238
58406,11.119
58407,11.0315
58408,14.139
58409,9.26745
58410,12.9711
58411,10.4492
58412,8.73138
58413,9.17237
58414,10.4352
58415,9.42911
58416,9.52668
58417,12.1544
58418,9.95287
58419,11.532
58420,10.6207
58421,11.9627
58422,8.50453
58423,9.74768
58424,12.2194
58425,10.1216
58426,9.36331
58427,9.6753
58428,8.99331
58429,11.589
58430,10.6899
58431,9.84827
58432,10.8567
58433,11.0113
58434,6.75333
58435,9.73996
58436,12.8904
58437,12.3074
58438,14.1222
58439,7.8011
58440,8.19637
58441,7.84133
58442,10.7981
58443,10.762
58444,10.477
58445,13.0117
58446,6.26818
58447,9.69309
58448,10.8451
58449,9.89609
58450,9.1631
58451,7.38733
58452,9.45354
58453,9.46198
58454,10.2872
58455,11.5141
58456,13.1896
58457,8.20435
58458,7.06255
58459,8.78701
58460,9.09474
58461,11.9413
58462,18.4755
58463,10.568
58464,10.9465
58465,9.50512
58466,9.6052
58467,4.84418
58468,10.1418
58469,8.99212
58470,15.1791
58471,7.30124
58472,8.51665
58473,7.51095
58474,8.63141
58475,9.10904
58476,9.21691
58477,8.64874
58478,9.26777
58479,11.3407
58480,9.387
58481,12.0046
58482,10.1952
58483,6.82243
58484,6.86717
58485,7.96028
58486,9.5391
58487,10.5841
58488,10.3873
58489,7.68781
58490,10.9737
58491,11.0421
58492,8.0875
58493,7.60851
58494,8.24681
58495,10.7813
58496,10.224
58497,10.7025
58498,11.1048
58499,12.3595
58500,9.49924
58501,7.04226
58502,8.61471
58503,10.903
58504,6.96888
58505,7.97731
58506,15.3105
58507,11.661
58508,8.72789
58509,12.1944
58510,9.62714
58511,8.77495
58512,10.128
58513,9.34677
58514,12.8473
58515,8.26561
58516,10.9223
58517,10.1416
58518,11.163
58519,9.66584
58520,7.75328
58521,6.10774
58522,11.2506
58523,8.26276
58524,8.45426
58525,13.9557
58526,16.154
58527,11.3903
58528,8.26079
58529,11.3352
58530,11.3724
58531,9.14695
58532,12.9552
58533,11.6071
58534,8.39428
58535,8.42463
58536,10.4873
58537,8.99531
58538,9.30826
58539,10.3742
58540,10.4157
58541,7.97404
58542,7.48255
58543,8.69633
58544,8.9573
58545,11.7991
58546,10.0877
58547,9.45054
58548,10.0253
58549,8.40602
58550,10.8736
58551,8.88739
58552,13.7154
58553,13.9153
58554,12.7122
58555,11.9456
58556,10.4876
58557,13.0739
58558,8.61033
58559,19.0865
58560,8.27698
58561,11.3631
58562,10.8399
58563,10.957
58564,12.1077
58565,13.2803
58566,11.3981
58567,7.0376
58568,7.31307
58569,7.43128
58570,7.60538
58571,8.24788
58572,9.4508
58573,10.8416
58574,11.1262
58575,7.22531
58576,8.30468
58577,12.0823
58578,12.4795
58579,11.5535
58580,12.9162
58581,10.0727
58582,14.0879
58583,14.146
58584,7.62648
58585,6.7623
58586,11.8012
58587,10.5383
58588,7.47562
58589,7.14983
58590,11.6269
58591,9.6845
58592,9.16533
58593,11.2512
58594,9.39636
58595,11.6232
58596,10.8283
58597,11.2075
58598,11.636
58599,11.0358
58600,12.701
58601,8.79922
58602,10.0159
58603,11.5682
58604,9.73223
58605,10.4002
58606,12.6589
58607,8.6631
58608,8.34751
58609,9.0664
58610,12.5402
58611,6.61659
58612,11.739
58613,9.91429
58614,10.1084
58615,8.60547
58616,8.72427
58617,10.801
58618,9.21178
58619,9.58839
58620,11.3583
58621,6.22048
58622,13.492
58623,11.0116
58624,11.2586
58625,11.4109
58626,13.7699
58627,11.4793
58628,12.4983
58629,14.6258
58630,5.80498
58631,7.98993
58632,11.1559
58633,7.64755
58634,9.88361
58635,13.9879
58636,6.99655
58637,10.4824
58638,7.64543
58639,9.8137
58640,11.1213
58641,9.47893
58642,9.85522
58643,12.2416
58644,9.35468
58645,9.56842
58646,10.0481
58647,7.66962
58648,11.6781
58649,8.87502
58650,8.27132
58651,11.5206
58652,13.0197
58653,9.70759
58654,13.7435
58655,10.8239
58656,19.2075
58657,15.6295
58658,9.70174
58659,9.86657
58660,11.5026
58661,9.03978
58662,8.20867
58663,8.93998
58664,7.34095
58665,7.83641
58666,7.95958
58667,11.2124
58668,9.27878
58669,11.0545
58670,9.1625
58671,10.398
58672,10.4958
58673,12.0084
58674,9.62786
58675,8.92533
58676,10.0402
58677,11.2513
58678,8.38382
58679,8.4805
58680,9.25217
58681,9.30741
58682,7.31584
58683,9.40112
58684,9.64674
58685,11.7044
58686,12.0703
58687,10.2623
58688,9.59699
58689,13.8351
58690,12.2803
58691,6.39384
58692,7.05354
58693,13.3091
58694,8.55725
58695,8.12003
58696,9.63787
58697,13.7491
58698,14.3141
58699,12.1507
58700,12.656
58701,9.82335
58702,7.58813
58703,8.12539
58704,11.5144
58705,8.8227
58706,6.07712
58707,8.31499
58708,7.67832
58709,9.99017
58710,6.56429
58711,8.72874
58712,10.0683
58713,8.30315
58714,9.9437
58715,9.06813
58716,9.46485
58717,10.5257
58718,13.4718
58719,10.6631
58720,9.44634
58721,9.88787
58722,14
58723,8.62083
58724,13.0369
58725,8.38886
58726,8.84493
58727,6.32184
58728,8.4423
58729,7.54691
58730,9.89075
58731,8.04386
58732,11.2304
58733,7.35658
58734,11.5443
58735,10.7126
58736,10.746
58737,13.049
58738,9.35984
58739,7.72418
58740,9.39152
58741,8.70956
58742,7.34011
58743,8.35039
58744,11.3852
58745,8.93844
58746,9.45875
58747,13.6935
58748,6.93661
58749,7.02869
58750,8.48416
58751,9.49693
58752,11.7675
58753,8.99034
58754,8.4457
58755,11.1408
58756,8.23373
58757,8.82374
58758,10.935
58759,9.48111
58760,11.9068
58761,9.0844
58762,12.7402
58763,8.86791
58764,10.1465
58765,8.31906
58766,10.4473
58767,7.49347
58768,8.55422
58769,8.65385
58770,12.7779
58771,8.99102
58772,10.9995
58773,7.51045
58774,7.78026
58775,7.82737
58776,10.8777
58777,11.154
58778,12.6059
58779,7.47676
58780,12.8819
58781,8.28511
58782,9.6664
58783,8.82277
58784,12.8167
58785,13.8424
58786,12.19
58787,11.3357
58788,8.1872
58789,8.68515
58790,18.111
58791,9.59567
58792,11.0458
58793,10.9608
58794,12.1775
58795,8.07849
58796,12.1818
58797,12.2407
58798,8.31438
58799,8.49123
58800,9.86008
58801,19.8685
58802,9.38214
58803,10.72
58804,9.77292
58805,9.1934
58806,14.5961
58807,10.6046
58808,7.10094
58809,6.2211
58810,8.20289
58811,8.41119
58812,8.50197
58813,9.8428
58814,11.4935
58815,12.6801
58816,15.7075
58817,9.50602
58818,11.1864
58819,9.11586
58820,9.40236
58821,6.66634
58822,7.78486
58823,14.8869
58824,8.04917
58825,8.32349
58826,9.56803
58827,8.84535
58828,8.85378
58829,11.9476
58830,9.11938
58831,10.1407
58832,12.4921
58833,9.55773
58834,9.95524
58835,10.4495
58836,8.76259
58837,10.8199
58838,11.7815
58839,12.9605
58840,12.0305
58841,14.1557
58842,11.4291
58843,9.9588
58844,8.66498
58845,12.6824
58846,11.1645
58847,10.5446
58848,16.0279
58849,7.27982
58850,7.97961
58851,12.3455
58852,8.8668
58853,8.92034
58854,7.10639
58855,8.16118
58856,11.2009
58857,11.6578
58858,11.703
58859,11.8706
58860,8.63284
58861,8.82296
58862,8.96697
58863,7.47974
58864,9.53502
58865,14.3714
58866,10.4363
58867,10.822
58868,11.5457
58869,13.0698
58870,11.5118
58871,13.5577
58872,7.70373
58873,9.94393
58874,8.08125
58875,7.49154
58876,8.49998
58877,14.8906
58878,9.33377
58879,6.76908
58880,10.8522
58881,10.3958
58882,7.53938
58883,10.5478
58884,7.62208
58885,10.4182
58886,8.7124
58887,11.8951
58888,9.12945
58889,8.40644
58890,9.73907
58891,10.632
58892,6.80518
58893,10.7151
58894,16.2109
58895,10.2205
58896,16.4393
58897,9.66963
58898,8.96179
58899,11.188
58900,12.5665
58901,17.606
58902,7.91809
58903,12.1618
58904,11.5141
58905,8.74788
58906,9.83706
58907,12.0421
58908,11.1877
58909,11.9434
58910,9.45567
58911,12.5072
58912,9.62613
58913,11.798
58914,11.7728
58915,10.0513
58916,13.2645
58917,9.30635
58918,10.7205
58919,15.7987
58920,9.27254
58921,10.3027
58922,7.60284
58923,14.6651
58924,9.67854
58925,11.4078
58926,11.6106
58927,8.19555
58928,8.41104
58929,12.4581
58930,9.09917
58931,7.62915
58932,9.65262
58933,11.9443
58934,11.1576
58935,13.474
58936,10.1405
58937,7.50856
58938,10.635
58939,9.76131
58940,10.9252
58941,8.33885
58942,11.5018
58943,9.02273
58944,9.08341
58945,15.2664
58946,9.30805
58947,12.5245
58948,9.73504
58949,10.0671
58950,6.37541
58951,10.6807
58952,8.92513
58953,9.23378
58954,12.3563
58955,9.1464
58956,11.2322
58957,7.58821
58958,12.0234
58959,10.3609
58960,11.8268
58961,18.9748
58962,10.6072
58963,15.2283
58964,11.0184
58965,13.3987
58966,9.76789
58967,16.0411
58968,7.84761
58969,8.81563
58970,9.6057
58971,9.66843
58972,8.82173
58973,15.8996
58974,10.9374
58975,6.98456
58976,10.067
58977,12.1606
58978,10.1993
58979,9.57243
58980,11.0692
58981,11.6057
58982,12.6545
58983,12.9471
58984,10.3449
58985,13.3534
58986,14.4994
58987,8.77082
58988,7.20989
58989,10.3263
58990,10.5455
58991,12.7871
58992,10.5061
58993,13.9751
58994,8.46107
58995,11.6298
58996,10.7882
58997,8.76269
58998,11.8027
58999,9.21044
59000,9.21887
59001,9.61928
59002,10.7495
59003,10.1591
59004,10.1933
59005,11.2791
59006,8.97735
59007,8.05062
59008,9.66319
59009,8.94559
59010,7.24996
59011,9.31763
59012,9.85398
59013,7.89338
59014,10.061
59015,10.1969
59016,8.41276
59017,9.04074
59018,8.61769
59019,12.642
59020,10.8286
59021,12.837
59022,10.8455
59023,13.1574
59024,13.1658
59025,9.79944
59026,13.0508
59027,11.9027
59028,11.1632
59029,7.96503
59030,8.41069
59031,8.52769
59032,7.78007
59033,6.07117
59034,9.15671
59035,9.21504
59036,9.10404
59037,10.3985
59038,12.5192
59039,8.37462
59040,9.71904
59041,9.62913
59042,12.9985
59043,13.3521
59044,11.0637
59045,12.8194
59046,11.2197
59047,9.63168
59048,8.91976
59049,16.1443
59050,8.35937
59051,8.4918
59052,10.528
59053,10.3025
59054,9.67331
59055,11.227
59056,8.23543
59057,8.87612
59058,9.22676
59059,9.54456
59060,10.2382
59061,7.94282
59062,8.95953
59063,9.02697
59064,11.543
59065,9.79499
59066,15.19
59067,13.033
59068,6.84581
59069,12.0365
59070,10.1852
59071,8.24377
59072,11.6383
59073,8.20088
59074,8.83177
59075,9.91334
59076,8.054
59077,10.7762
59078,10.8662
59079,9.07771
59080,7.36371
59081,9.37215
59082,10.3891
59083,9.69278
59084,8.74576
59085,11.0306
59086,11.4921
59087,8.50071
59088,11.8584
59089,7.00789
59090,12.1187
59091,12.2004
59092,12.3015
59093,9.60645
59094,8.81801
59095,14.8702
59096,6.96814
59097,11.0929
59098,14.1455
59099,9.79434
59100,10.95
59101,8.07487
59102,14.3277
59103,11.5017
59104,10.7625
59105,11.6257
59106,9.63416
59107,10.2271
59108,11.7958
59109,8.14826
59110,5.82262
59111,7.50399
59112,11.355
59113,9.04339
59114,9.36639
59115,12.4481
59116,13.2935
59117,7.98726
59118,11.2738
59119,10.4062
59120,10.4146
59121,8.90257
59122,6.65337
59123,11.7555
59124,8.76836
59125,10.0924
59126,8.32325
59127,8.82661
59128,9.65419
59129,6.72256
59130,10.0872
59131,7.12575
59132,10.4757
59133,7.7344
59134,10.759
59135,7.21111
59136,11.2623
59137,6.03559
59138,10.0653
59139,8.09584
59140,9.8016
59141,12.2824
59142,10.0201
59143,8.04435
59144,8.33447
59145,11.344
59146,11.4398
59147,8.5242
59148,8.13192
59149,9.19835
59150,9.51891
59151,9.80708
59152,9.12555
59153,8.32702
59154,10.7985
59155,10.808
59156,9.87793
59157,10.1064
59158,11.9161
59159,11.0921
59160,9.50805
59161,12.006
59162,8.39563
59163,13.6423
59164,14.7289
59165,12.8142
59166,8.1147
59167,9.01886
59168,10.7898
59169,13.7258
59170,9.16252
59171,8.03129
59172,12.5464
59173,7.64607
59174,10.9524
59175,9.26161
59176,8.58418
59177,9.70528
59178,7.88745
59179,9.81483
59180,11.3667
59181,9.2815
59182,8.39342
59183,9.85312
59184,15.5032
59185,8.63268
59186,12.7856
59187,10.794
59188,9.85105
59189,9.55912
59190,9.74225
59191,12.8572
59192,12.0604
59193,9.45782
59194,9.66676
59195,10.781
59196,15.9912
59197,11.8768
59198,8.92551
59199,10.4796
59200,10.3971
59201,15.9819
59202,9.4425
59203,7.49483
59204,9.50326
59205,8.59032
59206,10.0294
59207,8.29029
59208,8.65935
59209,8.87311
59210,6.16324
59211,18.2976
59212,14.0412
59213,10.4373
59214,8.97481
59215,9.08859
59216,9.69797
59217,10.7798
59218,9.79684
59219,10.4038
59220,15.4318
59221,10.4445
59222,14.2569
59223,9.54349
59224,7.55952
59225,10.0092
59226,11.1283
59227,10.3838
59228,12.4713
59229,7.6905
59230,8.753
59231,11.1662
59232,15.3021
59233,9.98929
59234,11.2344
59235,7.80973
59236,12.9358
59237,12.9594
59238,14.699
59239,6.50759
59240,10.2811
59241,9.19459
59242,6.61869
59243,7.87351
59244,10.0297
59245,13.1905
59246,10.6332
59247,10.0805
59248,8.40138
59249,8.62408
59250,8.63393
59251,10.8743
59252,6.94357
59253,8.952
59254,10.0201
59255,7.16287
59256,9.1713
59257,9.43849
59258,10.5255
59259,9.9395
59260,12.0678
59261,10.1679
59262,9.37873
59263,10.788
59264,15.9976
59265,12.2019
59266,12.5371
59267,11.6644
59268,12.2756
59269,5.59246
59270,9.91212
59271,11.7792
59272,7.08045
59273,13.8727
59274,8.96477
59275,14.3912
59276,9.64255
59277,7.74207
59278,9.33639
59279,9.72399
59280,9.96097
59281,10.0412
59282,11.1358
59283,12.7166
59284,12.766
59285,8.86978
59286,9.14614
59287,7.61903
59288,10.2422
59289,9.25764
59290,11.2813
59291,9.7895
59292,9.81356
59293,7.00199
59294,8.36335
59295,12.8921
59296,12.9554
59297,9.04841
59298,12.0989
59299,14.374
59300,13.5991
59301,9.21456
59302,12.587
59303,6.79785
59304,9.19343
59305,9.22142
59306,11.233
59307,8.03317
59308,16.0526
59309,8.85372
59310,8.23914
59311,8.32691
59312,9.59849
59313,7.86924
59314,9.88404
59315,9.16619
59316,9.18588
59317,9.39344
59318,8.66404
59319,9.2076
59320,17.6145
59321,8.71252
59322,12.2871
59323,8.46185
59324,11.4703
59325,6.88856
59326,12.4769
59327,6.77627
59328,7.53341
59329,8.03062
59330,9.07249
59331,8.08852
59332,10.3629
59333,8.43923
59334,8.78977
59335,9.21999
59336,10.4886
59337,10.1067
59338,11.3635
59339,11.1207
59340,11.4581
59341,11.6877
59342,9.82649
59343,10.7391
59344,9.23056
59345,8.24846
59346,12.6332
59347,10.0327
59348,9.48827
59349,7.93023
59350,8.19544
59351,10.3203
59352,11.0367
59353,12.1586
59354,13.3338
59355,9.34228
59356,9.83447
59357,8.52299
59358,10.7643
59359,12.1208
59360,11.2083
59361,11.2897
59362,8.71478
59363,6.34751
59364,7.16949
59365,8.43903
59366,12.2738
59367,18.3141
59368,8.45922
59369,8.85997
59370,9.8684
59371,9.28633
59372,10.3045
59373,9.59536
59374,10.6172
59375,11.1875
59376,11.4605
59377,11.8792
59378,14.1685
59379,12.3575
59380,10.8134
59381,16.5345
59382,11.033
59383,10.8041
59384,10.2702
59385,8.43995
59386,10.723
59387,9.01519
59388,8.24747
59389,11.8554
59390,11.4774
59391,10.1871
59392,8.27161
59393,7.01965
59394,9.27246
59395,11.9935
59396,13.2751
59397,7.84889
59398,11.0129
59399,12.2841
59400,13.5679
59401,7.69491
59402,11.7033
59403,11.1758
59404,12.2282
59405,9.96678
59406,6.31651
59407,7.16073
59408,11.4028
59409,7.87417
59410,9.3855
59411,9.81352
59412,7.93677
59413,10.9565
59414,11.3928
59415,10.4261
59416,9.83538
59417,12.0957
59418,10.1165
59419,8.49056
59420,10.5669
59421,11.6688
59422,10.0462
59423,9.36764
59424,9.37608
59425,12.559
59426,9.41002
59427,11.4377
59428,8.45972
59429,8.51838
59430,8.52681
59431,10.9879
59432,10.0802
59433,12.5758
59434,8.39141
59435,11.0132
59436,7.7811
59437,10.9802
59438,8.52715
59439,7.46326
59440,7.83455
59441,7.87535
59442,7.88932
59443,10.0325
59444,9.41724
59445,10.4822
59446,15.7647
59447,6.54657
59448,11.3336
59449,8.43781
59450,7.70244
59451,7.24878
59452,7.46907
59453,7.84389
59454,12.8411
59455,11.2518
59456,9.30984
59457,7.59591
59458,7.22158
59459,10.5836
59460,12.8486
59461,11.0646
59462,9.17917
59463,8.49513
59464,11.8787
59465,10.5323
59466,10.7171
59467,12.7625
59468,8.88592
59469,9.89435
59470,6.79506
59471,8.42603
59472,8.87759
59473,7.99453
59474,9.11031
59475,9.03215
59476,13.0403
59477,11.6372
59478,11.8985
59479,12.4768
59480,7.93933
59481,11.1994
59482,6.67538
59483,9.35181
59484,10.6476
59485,11.426
59486,14.4767
59487,9.56227
59488,13.77
59489,6.96511
59490,7.90579
59491,12.181
59492,9.0775
59493,10.1891
59494,9.22213
59495,11.067
59496,11.3326
59497,11.4393
59498,7.99345
59499,8.23426
59500,8.91856
59501,13.3187
59502,10.0167
59503,9.74208
59504,10.8122
59505,9.73469
59506,7.94828
59507,7.87509
59508,8.64234
59509,7.97078
59510,10.401
59511,11.2758
59512,8.22083
59513,12.5605
59514,10.8345
59515,8.85582
59516,16.2818
59517,10.5104
59518,9.32817
59519,9.54764
59520,9.83279
59521,9.24392
59522,9.12714
59523,14.9808
59524,9.87064
59525,8.63541
59526,8.65682
59527,12.8527
59528,8.94085
59529,11.4436
59530,10.0638
59531,7.30713
59532,9.64453
59533,12.4446
59534,10.782
59535,9.04391
59536,9.05319
59537,9.52194
59538,9.72218
59539,10.2061
59540,12.4898
59541,12.7961
59542,10.0041
59543,9.06619
59544,12.114
59545,12.3728
59546,10.5926
59547,10.2507
59548,8.9556
59549,6.99573
59550,7.24226
59551,9.89089
59552,9.16969
59553,11.4255
59554,11.5129
59555,12.7527
59556,9.70056
59557,13.8652
59558,8.21921
59559,11.9931
59560,8.82228
59561,8.87918
59562,9.9171
59563,9.39523
59564,11.0827
59565,11.4435
59566,11.7566
59567,12.0351
59568,11.3472
59569,12.1207
59570,8.28535
59571,10.0552
59572,7.47557
59573,7.59149
59574,11.0692
59575,8.114
59576,7.15233
59577,8.13185
59578,8.47737
59579,12.4405
59580,9.73156
59581,9.7924
59582,10.7363
59583,8.51752
59584,7.86006
59585,10.9648
59586,10.4152
59587,10.8654
59588,10.3239
59589,11.7526
59590,10.5809
59591,12.9764
59592,8.42679
59593,7.55414
59594,12.2145
59595,9.64595
59596,8.05313
59597,11.3851
59598,10.4292
59599,11.9536
59600,7.15458
59601,7.7653
59602,10.4755
59603,8.61622
59604,10.5214
59605,12.8798
59606,10.2443
59607,7.0736
59608,9.19927
59609,7.4657
59610,7.54709
59611,10.6988
59612,11.8163
59613,9.88903
59614,10.9131
59615,7.97006
59616,8.11537
59617,10.7329
59618,9.44373
59619,9.51762
59620,9.61534
59621,10.3879
59622,13.5138
59623,10.619
59624,10.786
59625,7.65393
59626,9.66236
59627,14.1697
59628,12.5274
59629,8.92188
59630,8.24171
59631,14.2845
59632,9.24798
59633,9.8478
59634,6.7987
59635,9.09472
59636,9.76246
59637,10.2613
59638,7.6596
59639,7.75044
59640,7.31913
59641,11.5072
59642,7.99267
59643,10.1871
59644,9.35064
59645,13.3722
59646,9.27347
59647,11.0428
59648,10.695
59649,11.9539
59650,8.09053
59651,13.4483
59652,14.5154
59653,8.29161
59654,10.5335
59655,13.5511
59656,9.68974
59657,10.061
59658,10.2508
59659,10.486
59660,10.917
59661,8.57474
59662,12.7962
59663,9.90821
59664,7.83208
59665,11.9293
59666,6.56499
59667,8.85287
59668,7.23286
59669,11.2567
59670,11.8625
59671,6.88913
59672,10.2825
59673,8.6536
59674,11.6987
59675,6.76478
59676,11.229
59677,9.88615
59678,8.25219
59679,7.07489
59680,10.2832
59681,8.77392
59682,7.88945
59683,11.3717
59684,7.00226
59685,7.06384
59686,11.4502
59687,8.71347
59688,9.15069
59689,10.1501
59690,10.7533
59691,9.45498
59692,8.92943
59693,7.1647
59694,9.36721
59695,8.46955
59696,12.9646
59697,10.8716
59698,10.1362
59699,11.4308
59700,8.49258
59701,7.94454
59702,8.78115
59703,9.83667
59704,7.42516
59705,8.46999
59706,8.48309
59707,9.43362
59708,11.4846
59709,11.4336
59710,12.0427
59711,10.769
59712,14.8714
59713,12.2068
59714,8.3796
59715,10.9169
59716,9.19811
59717,9.79938
59718,10.4152
59719,12.1323
59720,10.983
59721,7.12589
59722,9.29036
59723,6.66539
59724,10.4172
59725,10.4488
59726,8.84558
59727,9.48625
59728,8.50988
59729,10.0785
59730,11.2682
59731,12.1129
59732,12.4794
59733,7.67561
59734,12.7832
59735,11.8747
59736,7.9187
59737,13.1507
59738,9.40525
59739,9.75931
59740,8.98242
59741,13.4665
59742,8.85995
59743,10.6508
59744,7.73828
59745,9.15091
59746,9.02336
59747,8.81389
59748,11.9609
59749,9.58723
59750,8.70569
59751,10.0675
59752,10.2674
59753,9.58353
59754,10.3369
59755,8.60144
59756,10.5875
59757,8.69961
59758,16.2713
59759,11.7244
59760,10.3095
59761,11.6611
59762,11.6293
59763,8.69589
59764,8.96757
59765,9.20633
59766,9.23952
59767,10.0106
59768,10.042
59769,9.07615
59770,8.08459
59771,10.2207
59772,10.6741
59773,11.2602
59774,11.5157
59775,12.2448
59776,14.1722
59777,10.4835
59778,14.555
59779,11.5522
59780,9.73842
59781,9.24918
59782,7.73546
59783,10.1123
59784,7.20054
59785,7.71248
59786,10.8634
59787,11.1916
59788,9.33575
59789,11.8665
59790,8.91243
59791,6.85645
59792,13.0784
59793,15.1741
59794,10.856
59795,6.29527
59796,11.8212
59797,5.90678
59798,11.0324
59799,12.1327
59800,6.76781
59801,7.03339
59802,6.05328
59803,8.28637
59804,10.3439
59805,10.4026
59806,7.27458
59807,9.99119
59808,10.0725
59809,11.1133
59810,9.15498
59811,7.91005
59812,10.392
59813,11.8995
59814,8.93987
59815,12.0892
59816,13.5621
59817,11.8449
59818,10.9274
59819,7.3401
59820,14.9156
59821,8.17692
59822,12.2071
59823,12.7173
59824,8.72574
59825,8.83642
59826,9.01951
59827,12.0341
59828,12.5237
59829,7.25258
59830,13.4435
59831,9.93958
59832,8.9683
59833,11.0581
59834,6.6029
59835,11.6541
59836,8.51998
59837,8.6257
59838,9.73706
59839,10.8742
59840,10.945
59841,11.0047
59842,7.63322
59843,11.8284
59844,9.90398
59845,8.91241
59846,7.64314
59847,7.89642
59848,12.0463
59849,11.8841
59850,11.5454
59851,8.61111
59852,14.2023
59853,9.26288
59854,10.8465
59855,10.3722
59856,10.4213
59857,13.6974
59858,9.88598
59859,7.37578
59860,9.232
59861,10.6834
59862,13.3295
59863,9.77908
59864,7.84892
59865,11.6663
59866,9.93847
59867,10.0104
59868,6.77246
59869,10.8464
59870,7.52092
59871,11.5473
59872,8.85503
59873,11.021
59874,8.52698
59875,7.75003
59876,6.21828
59877,9.3809
59878,10.9532
59879,10.0373
59880,11.0942
59881,9.00279
59882,12.5689
59883,11.5782
59884,7.11789
59885,10.2235
59886,12.3771
59887,10.0748
59888,8.69486
59889,9.0136
59890,9.05719
59891,11.1642
59892,9.58324
59893,10.0681
59894,8.47153
59895,13.6575
59896,5.68674
59897,12.3
59898,10.3831
59899,10.2428
59900,7.79166
59901,11.4076
59902,12.1714
59903,13.2403
59904,8.84236
59905,9.73404
59906,10.9207
59907,9.17502
59908,10.4663
59909,10.0752
59910,13.0943
59911,10.4925
59912,7.07204
59913,8.14541
59914,6.15384
59915,12.9821
59916,7.04324
59917,7.24011
59918,13.3242
59919,10.4178
59920,8.76877
59921,7.84223
59922,11.2868
59923,9.73559
59924,12.6912
59925,15.8781
59926,9.13899
59927,6.25887
59928,10.2975
59929,11.0985
59930,13.296
59931,10.5297
59932,9.77291
59933,10.5239
59934,8.65766
59935,8.089
59936,11.2436
59937,11.6997
59938,11.2707
59939,9.09395
59940,10.6012
59941,8.77044
59942,9.58703
59943,9.12082
59944,10.0288
59945,10.2733
59946,14.5714
59947,7.94846
59948,7.44405
59949,13.8419
59950,9.0139
59951,10.2291
59952,8.86067
59953,15.9476
59954,13.2451
59955,9.46964
59956,11.2311
59957,10.299
59958,11.5165
59959,10.8455
59960,12.0764
59961,9.18862
59962,9.38516
59963,9.68323
59964,11.9694
59965,9.5764
59966,12.8745
59967,6.32569
59968,14.0867
59969,12.6343
59970,13.0454
59971,8.08297
59972,7.80592
59973,9.3567
59974,9.78631
59975,9.98228
59976,8.24978
59977,9.98999
59978,8.72466
59979,9.05847
59980,11.1707
59981,12.8888
59982,12.079
59983,10.2769
59984,12.3054
59985,10.5783
59986,11.9834
59987,8.21035
59988,6.21878
59989,10.105
59990,11.2956
59991,7.63687
59992,9.36547
59993,9.42685
59994,12.7461
59995,10.8333
59996,9.28819
59997,11.0265
59998,7.23643
59999,10.6424
60000,10.0626
60001,12.6275
60002,11.7992
60003,10.7429
60004,6.99751
60005,7.32452
60006,11.4893
60007,6.8391
60008,10.7756
60009,9.00111
60010,9.09319
60011,9.92997
60012,9.99515
60013,6.18847
60014,8.76895
60015,6.83877
60016,11.535
60017,11.8961
60018,7.93072
60019,10.2219
60020,8.77539
60021,15.176
60022,9.74578
60023,12.0324
60024,8.09615
60025,10.3021
60026,11.8266
60027,11.5165
60028,12.6641
60029,6.71148
60030,6.83127
60031,8.76908
60032,8.28738
60033,8.84893
60034,9.24185
60035,8.21556
60036,11.309
60037,9.97238
60038,7.0812
60039,8.31658
60040,10.179
60041,7.18741
60042,7.45833
60043,7.87951
60044,8.54085
60045,10.598
60046,11.3033
60047,8.62491
60048,10.7724
60049,12.6644
60050,9.98962
60051,10.4655
60052,11.0237
60053,13.7328
60054,9.40801
60055,12.175
60056,13.1835
60057,12.9119
60058,10.6371
60059,10.9365
60060,11.2353
60061,10.6138
60062,10.888
60063,10.2106
60064,9.24593
60065,9.26472
60066,9.31254
60067,9.70188
60068,11.2527
60069,10.4054
60070,11.1461
60071,8.62987
60072,7.70855
60073,8.85948
60074,7.87733
60075,12.9815
60076,8.55992
60077,8.68462
60078,9.83284
60079,9.92055
60080,12.3505
60081,10.4452
60082,9.58908
60083,10.3132
60084,8.36672
60085,9.79831
60086,10.8932
60087,10.9773
60088,10.0316
60089,10.4017
60090,12.661
60091,13.2013
60092,8.49927
60093,14.0271
60094,9.17098
60095,7.28794
60096,9.03375
60097,10.6638
60098,11.711
60099,7.52217
60100,7.89562
60101,8.05079
60102,12.2549
60103,8.02989
60104,8.07064
60105,8.87917
60106,10.3555
60107,10.4537
60108,9.91009
60109,11.0499
60110,11.1976
60111,7.25983
60112,11.9454
60113,8.63285
60114,11.6413
60115,6.88477
60116,8.31199
60117,9.07347
60118,10.396
60119,13.162
60120,11.7887
60121,7.92194
60122,10.2518
60123,12.0909
60124,8.8468
60125,12.6415
60126,7.69009
60127,10.6985
60128,10.2889
60129,8.38601
60130,8.64755
60131,11.7413
60132,9.51908
60133,10.2303
60134,10.3148
60135,10.411
60136,8.62075
60137,11.3293
60138,12.1066
60139,8.48835
60140,9.12485
60141,14.1623
60142,7.07796
60143,7.27807
60144,8.0348
60145,9.51231
60146,8.84253
60147,15.7077
60148,11.2683
60149,11.9115
60150,9.70303
60151,8.76268
60152,8.30811
60153,13.3189
60154,11.5277
60155,7.03581
60156,12.4777
60157,10.8512
60158,12.1475
60159,11.5937
60160,9.4611
60161,8.8848
60162,7.48509
60163,9.62924
60164,9.31701
60165,9.99312
60166,12.21
60167,13.398
60168,12.5621
60169,8.43645
60170,10.0074
60171,11.4699
60172,8.75329
60173,7.96633
60174,11.5562
60175,9.88217
60176,12.0814
60177,9.86015
60178,8.89488
60179,11.1455
60180,9.99334
60181,9.06751
60182,11.1426
60183,14.9747
60184,11.3488
60185,9.83268
60186,8.37431
60187,8.18424
60188,10.2413
60189,9.43456
60190,8.56655
60191,15.0105
60192,10.4224
60193,10.6438
60194,9.13181
60195,11.3803
60196,9.828
60197,7.31154
60198,7.4331
60199,13.2699
60200,9.51634
60201,9.75796
60202,8.9726
60203,12.0346
60204,14.7088
60205,12.1618
60206,12.2231
60207,15.2641
60208,9.04663
60209,5.37442
60210,11.4122
60211,7.79032
60212,10.9881
60213,7.22625
60214,7.45121
60215,7.92647
60216,7.13211
60217,8.85115
60218,6.88662
60219,12.1456
60220,9.25465
60221,10.1778
60222,10.3811
60223,12.419
60224,11.0418
60225,8.41334
60226,8.83075
60227,9.1377
60228,14.1852
60229,11.2106
60230,9.48333
60231,8.52744
60232,9.81483
60233,12.9799
60234,9.27261
60235,10.6478
60236,9.87475
60237,11.5589
60238,11.7207
60239,10.7323
60240,10.8888
60241,11.9449
60242,8.78388
60243,10.7619
60244,9.22903
60245,14.5904
60246,9.00495
60247,9.44706
60248,9.54686
60249,13.179
60250,12.1923
60251,10.2986
60252,16.5852
60253,10.6634
60254,5.6945
60255,11.0613
60256,9.52254
60257,13.8207
60258,9.74043
60259,7.11771
60260,13.5164
60261,9.05821
60262,11.6958
60263,11.9749
60264,12.1357
60265,7.32785
60266,10.6015
60267,8.74828
60268,14.8154
60269,11.2463
60270,9.15702
60271,11.3738
60272,11.8022
60273,13.9685
60274,11.3171
60275,11.5596
60276,12.7358
60277,13.4666
60278,11.0412
60279,9.74171
60280,7.34929
60281,7.69554
60282,9.4341
60283,12.4554
60284,9.48317
60285,9.31798
60286,9.79916
60287,10.2887
60288,8.6726
60289,9.14916
60290,9.9487
60291,9.99633
60292,9.91467
60293,11.1992
60294,10.5477
60295,8.65311
60296,7.24615
60297,6.40082
60298,11.5896
60299,11.9551
60300,7.96646
60301,12.2206
60302,11.4759
60303,7.808
60304,11.6243
60305,11.3997
60306,7.29095
60307,16.3303
60308,9.90831
60309,7.92641
60310,8.07435
60311,10.11
60312,10.1896
60313,12.3364
60314,9.61733
60315,9.62576
60316,11.2058
60317,11.5458
60318,12.7915
60319,9.02489
60320,10.2932
60321,9.96962
60322,10.1874
60323,11.8478
60324,5.06131
60325,12.2609
60326,12.4374
60327,10.7214
60328,7.24619
60329,10.8346
60330,10.2155
60331,7.85925
60332,9.15394
60333,10.6573
60334,13.4223
60335,7.31812
60336,9.72318
60337,7.00932
60338,10.3126
60339,10.5323
60340,10.5428
60341,6.84989
60342,10.9787
60343,9.23194
60344,9.6854
60345,11.9775
60346,15.3193
60347,12.6542
60348,10.7793
60349,8.94589
60350,11.1593
60351,9.22585
60352,8.54658
60353,9.63922
60354,11.1767
60355,12.2582
60356,12.431
60357,14.8053
60358,8.68106
60359,8.71125
60360,13.9662
60361,13.9746
60362,10.3521
60363,12.5212
60364,10.4787
60365,10.6884
60366,10.7294
60367,8.80831
60368,9.86491
60369,9.05894
60370,8.4707
60371,9.2174
60372,9.3799
60373,8.50224
60374,9.57072
60375,10.7762
60376,10.2169
60377,9.31608
60378,9.65337
60379,9.91593
60380,11.9838
60381,11.4003
60382,15.6682
60383,11.1174
60384,13.7062
60385,9.39321
60386,8.95798
60387,10.9472
60388,9.46648
60389,9.07506
60390,7.23851
60391,9.7952
60392,14.572
60393,11.7557
60394,11.8107
60395,7.86366
60396,8.96458
60397,9.84977
60398,9.27018
60399,10.5407
60400,10.5491
60401,8.12204
60402,10.1224
60403,10.7179
60404,11.0386
60405,9.10416
60406,13.3595
60407,10.5266
60408,5.76124
60409,10.2089
60410,9.26293
60411,6.18727
60412,12.8485
60413,9.01655
60414,12.0517
60415,7.3892
60416,10.1956
60417,10.3185
60418,10.5777
60419,10.9914
60420,10.4783
60421,9.6026
60422,10.1323
60423,7.94427
60424,11.4947
60425,9.13595
60426,8.17355
60427,16.7198
60428,11.2492
60429,11.5919
60430,11.2467
60431,11.3091
60432,7.46445
60433,11.4858
60434,12.2975
60435,8.91107
60436,7.91388
60437,12.057
60438,8.29421
60439,9.15628
60440,9.43763
60441,9.92882
60442,8.00023
60443,12.6775
60444,11.0897
60445,9.42935
60446,9.65734
60447,7.8411
60448,8.22501
60449,13.3625
60450,8.88677
60451,10.083
60452,11.1068
60453,10.0143
60454,7.26652
60455,8.90345
60456,5.46091
60457,8.3299
60458,10.606
60459,8.79908
60460,10.0392
60461,8.15317
60462,10.5168
60463,10.6469
60464,8.27434
60465,10.413
60466,11.0611
60467,9.17729
60468,8.38515
60469,13.3936
60470,11.4479
60471,12.4563
60472,13.8359
60473,14.2485
60474,8.63386
60475,9.6505
60476,7.48522
60477,9.57835
60478,10.6409
60479,7.88759
60480,10.1489
60481,6.9765
60482,10.8111
60483,8.81956
60484,7.82799
60485,11.4153
60486,7.47128
60487,10.4813
60488,8.83505
60489,9.85153
60490,11.0724
60491,9.08086
60492,11.2108
60493,16.2269
60494,11.2353
60495,13.4326
60496,11.8248
60497,10.8399
60498,10.8889
60499,11.11
60500,11.1499
60501,11.7967
60502,13.1563
60503,8.75455
60504,8.92693
60505,7.98353
60506,10.0695
60507,10.6483
60508,11.2734
60509,8.17537
60510,11.3763
60511,8.146
60512,6.17406
60513,9.25245
60514,10.0751
60515,10.7718
60516,10.9825
60517,11.2175
60518,10.7282
60519,7.60317
60520,11.664
60521,13.5127
60522,13.5485
60523,14.3726
60524,10.4496
60525,11.9763
60526,9.62823
60527,9.91197
60528,8.38292
60529,10.8411
60530,10.9014
60531,10.0624
60532,10.0845
60533,9.79445
60534,12.841
60535,12.4581
60536,11.3888
60537,7.13151
60538,8.90354
60539,8.30594
60540,11.6811
60541,7.74913
60542,8.75642
60543,10.4111
60544,17.455
60545,9.51619
60546,11.9907
60547,11.3965
60548,11.4386
60549,14.5302
60550,13.0762
60551,10.4658
60552,7.51872
60553,9.6281
60554,9.1487
60555,9.41687
60556,10.8525
60557,11.9292
60558,12.1443
60559,7.18045
60560,7.91701
60561,13.0927
60562,13.1733
60563,13.2072
60564,8.2853
60565,13.6348
60566,11.345
60567,10.4905
60568,10.6202
60569,7.84212
60570,10.2849
60571,12.8561
60572,9.11676
60573,8.62748
60574,12.8009
60575,9.03364
60576,10.8146
60577,16.1018
60578,10.3969
60579,8.12275
60580,9.56227
60581,11.7689
60582,11.0587
60583,7.73179
60584,6.84685
60585,8.4333
60586,15.6943
60587,11.9443
60588,13.4266
60589,8.74206
60590,8.77495
60591,12.9266
60592,10.8482
60593,9.95504
60594,10.433
60595,10.7865
60596,11.5084
60597,11.0691
60598,9.27026
60599,9.37757
60600,10.2988
60601,8.74776
60602,12.5265
60603,11.5397
60604,8.79971
60605,6.18698
60606,13.8497
60607,7.22678
60608,8.79148
60609,11.4862
60610,9.02362
60611,9.26455
60612,9.37252
60613,9.39494
60614,9.77323
60615,9.9029
60616,10.2296
60617,7.24025
60618,7.951
60619,10.2287
60620,7.5214
60621,11.6013
60622,10.1316
60623,8.71247
60624,12.6714
60625,7.12152
60626,12.1032
60627,8.46022
60628,8.88257
60629,9.32547
60630,9.77439
60631,10.8772
60632,10.0253
60633,10.4497
60634,12.0308
60635,12.0463
60636,8.75013
60637,9.20692
60638,6.70139
60639,5.89726
60640,9.38512
60641,8.5252
60642,7.82395
60643,8.48565
60644,7.84449
60645,10.9854
60646,8.45496
60647,10.0006
60648,9.40008
60649,11.6023
60650,11.9832
60651,9.17009
60652,9.808
60653,11.591
60654,9.99719
60655,8.13102
60656,7.43819
60657,6.85281
60658,15.1074
60659,9.15527
60660,9.34435
60661,9.74925
60662,9.88731
60663,9.93367
60664,11.0261
60665,10.1134
60666,10.2
60667,9.21217
60668,6.66267
60669,12.7319
60670,8.15364
60671,11.1957
60672,8.67593
60673,7.74214
60674,11.4516
60675,10.4931
60676,12.1891
60677,8.05223
60678,8.36336
60679,8.77867
60680,8.8383
60681,12.7223
60682,10.2959
60683,10.4086
60684,12.4416
60685,9.17431
60686,8.25401
60687,6.52473
60688,8.56405
60689,10.1848
60690,10.3974
60691,9.77618
60692,8.83471
60693,10.4311
60694,13.4809
60695,13.2695
60696,10.9121
60697,9.06884
60698,7.69097
60699,16.2424
60700,11.5706
60701,9.57532
60702,11.0485
60703,12.5322
60704,8.90929
60705,8.94269
60706,7.05622
60707,11.26
60708,9.73108
60709,7.5359
60710,14.0778
60711,9.73933
60712,9.97223
60713,14.0834
60714,9.37438
60715,9.5406
60716,10.2828
60717,12.6787
60718,7.19537
60719,11.2074
60720,7.40712
60721,7.43598
60722,17.1116
60723,10.894
60724,9.08105
60725,9.49909
60726,10.3683
60727,8.73204
60728,10.032
60729,7.12522
60730,7.89827
60731,7.91965
60732,8.71393
60733,9.62279
60734,8.79881
60735,10.7144
60736,10.8437
60737,11.094
60738,8.29194
60739,8.54131
60740,8.98918
60741,11.3643
60742,11.4173
60743,9.67737
60744,10.3416
60745,6.85592
60746,8.93375
60747,17.8865
60748,8.79006
60749,9.9299
60750,15.8544
60751,9.09142
60752,11.5242
60753,16.7101
60754,8.8047
60755,10.9207
60756,10.3091
60757,12.059
60758,9.51262
60759,10.2655
60760,9.61804
60761,6.98472
60762,12.3257
60763,11.6713
60764,12.6829
60765,8.62273
60766,12.885
60767,7.60172
60768,10.0498
60769,9.09847
60770,9.18521
60771,9.81264
60772,7.61242
60773,9.66634
60774,11.5475
60775,8.8508
60776,10.9065
60777,11.1972
60778,9.73422
60779,12.9423
60780,14.0174
60781,12.1859
60782,7.32705
60783,9.35773
60784,7.4716
60785,10.509
60786,13.3348
60787,8.56627
60788,10.8618
60789,11.8308
60790,9.50868
60791,18.7244
60792,7.74763
60793,8.74995
60794,9.03473
60795,9.1637
60796,8.22065
60797,8.31293
60798,8.92981
60799,6.99212
60800,7.21808
60801,7.24939
60802,10.3422
60803,10.7252
60804,11.8043
60805,8.02394
60806,8.59682
60807,6.65248
60808,8.89682
60809,9.74259
60810,7.92601
60811,8.28645
60812,8.47764
60813,8.55592
60814,11.0459
60815,9.18526
60816,9.67889
60817,10.5316
60818,12.5484
60819,10.7814
60820,12.8049
60821,12.9343
60822,7.66964
60823,10.0165
60824,10.0896
60825,9.76161
60826,11.1093
60827,7.11778
60828,17.3798
60829,8.58579
60830,9.54577
60831,6.95574
60832,13.0755
60833,8.07658
60834,10.1391
60835,10.754
60836,9.15053
60837,9.29378
60838,10.0948
60839,10.1478
60840,16.2496
60841,12.2986
60842,10.5678
60843,6.72726
60844,12.1941
60845,13.1443
60846,15.8632
60847,8.37052
60848,8.80986
60849,10.6756
60850,7.45622
60851,10.6543
60852,7.74619
60853,8.1851
60854,9.34678
60855,12.7199
60856,9.84541
60857,9.90412
60858,8.98579
60859,10.109
60860,12.418
60861,11.601
60862,11.8519
60863,11.0826
60864,13.1203
60865,10.1287
60866,15.2515
60867,8.72748
60868,8.85369
60869,14.832
60870,7.95668
60871,9.61039
60872,7.69214
60873,11.6509
60874,12.2056
60875,13.4259
60876,10.5044
60877,8.52665
60878,9.00913
60879,9.31948
60880,10.4211
60881,8.11036
60882,8.85013
60883,12.5168
60884,11.9346
60885,11.5639
60886,11.0066
60887,13.107
60888,10.2759
60889,9.62617
60890,9.5881
60891,10.0995
60892,10.2238
60893,6.62321
60894,8.16745
60895,8.48228
60896,11.0625
60897,14.3564
60898,9.53188
60899,8.73983
60900,12.4706
60901,9.18421
60902,7.36429
60903,17.4981
60904,7.42204
60905,7.78932
60906,9.2844
60907,9.62734
60908,7.95772
60909,10.4307
60910,16.6623
60911,8.87647
60912,9.36526
60913,9.81842
60914,10.0064
60915,7.49139
60916,11.8943
60917,11.0147
60918,10.9689
60919,9.09046
60920,7.21247
60921,12.372
60922,10.3827
60923,7.77097
60924,8.75896
60925,8.96529
60926,9.17544
60927,11.5177
60928,10.4093
60929,11.2699
60930,11.2805
60931,12.9793
60932,12.9953
60933,9.34406
60934,9.72143
60935,15.0794
60936,11.3054
60937,9.45178
60938,10.2566
60939,11.5892
60940,10.0538
60941,8.89509
60942,9.62983
60943,11.2171
60944,9.6186
60945,7.78941
60946,8.84721
60947,9.35229
60948,8.20064
60949,7.78829
60950,8.53865
60951,12.6064
60952,6.23947
60953,9.20225
60954,7.2389
60955,8.36232
60956,11.4649
60957,8.78542
60958,8.844
60959,9.24979
60960,12.376
60961,10.4381
60962,9.70524
60963,10.7361
60964,7.98977
60965,12.1369
60966,8.27736
60967,10.788
60968,9.35586
60969,9.49031
60970,15.2688
60971,14.4662
60972,13.8163
60973,9.21063
60974,11.3867
60975,11.2908
60976,10.4678
60977,8.08616
60978,8.62671
60979,8.30619
60980,11.5842
60981,9.6155
60982,7.66398
60983,12.2368
60984,8.9265
60985,11.5924
60986,11.8576
60987,10.0436
60988,10.7353
60989,14.4306
60990,10.6778
60991,12.7281
60992,15.7446
60993,9.03071
60994,11.0391
60995,10.9159
60996,9.17787
60997,9.40531
60998,9.06402
60999,10.4047
61000,9.42386
61001,8.98256
61002,9.67979
61003,10.8329
61004,7.85163
61005,11.1773
61006,8.44294
61007,13.2589
61008,11.8456
61009,8.93109
61010,9.2308
61011,8.10933
61012,9.30427
61013,9.48303
61014,12.2031
61015,11.0677
61016,11.2818
61017,10.2903
61018,10.4096
61019,7.50742
61020,9.54312
61021,9.82887
61022,9.98386
61023,12.377
61024,10.5223
61025,11.022
61026,11.8465
61027,7.97797
61028,6.37787
61029,9.83645
61030,10.3019
61031,8.38906
61032,11.7293
61033,9.08368
61034,11.1126
61035,13.2088
61036,13.4202
61037,8.6137
61038,15.0897
61039,11.4534
61040,9.48059
61041,8.65638
61042,9.06215
61043,7.18794
61044,12.6934
61045,6.64679
61046,8.16714
61047,8.43265
61048,9.21272
61049,9.56134
61050,11.4752
61051,10.7042
61052,8.71837
61053,12.9554
61054,12.0964
61055,13.3652
61056,10.106
61057,6.42347
61058,12.564
61059,14.9048
61060,9.04191
61061,8.66427
61062,9.23799
61063,7.45832
61064,6.06535
61065,9.30453
61066,10.8672
61067,8.89652
61068,12.9863
61069,11.1376
61070,9.49512
61071,12.7328
61072,14.0694
61073,11.0966
61074,5.39757
61075,7.73037
61076,8.13102
61077,12.3811
61078,8.9726
61079,9.02224
61080,8.29076
61081,7.67829
61082,9.48558
61083,13.2118
61084,9.33116
61085,11.7336
61086,9.81933
61087,7.36135
61088,11.4981
61089,9.07123
61090,14.204
61091,8.22656
61092,8.603
61093,10.6575
61094,9.1217
61095,10.14
61096,9.63125
61097,9.76334
61098,9.8146
61099,10.5312
61100,10.5515
61101,12.6078
61102,10.6328
61103,10.6701
61104,10.1187
61105,11.4191
61106,6.42757
61107,11.4448
61108,7.79235
61109,12.4286
61110,8.72457
61111,6.42158
61112,9.02724
61113,9.03567
61114,9.07564
61115,7.47857
61116,15.4877
61117,9.66295
61118,8.70853
61119,8.95012
61120,9.58607
61121,6.97343
61122,10.7869
61123,10.8355
61124,12.0068
61125,7.39363
61126,8.43042
61127,8.53874
61128,10.5498
61129,7.98941
61130,9.50451
61131,12.5705
61132,10.8772
61133,13.0147
61134,11.0779
61135,11.4515
61136,16.7567
61137,8.86078
61138,11.1536
61139,8.23639
61140,9.51903
61141,14.4121
61142,11.6867
61143,6.88895
61144,8.1536
61145,8.78494
61146,7.38282
61147,8.94262
61148,9.06212
61149,9.24553
61150,14.9216
61151,10.9029
61152,11.184
61153,10.5067
61154,7.02722
61155,7.26789
61156,13.582
61157,7.77716
61158,12.4375
61159,9.25882
61160,11.9382
61161,10.0209
61162,9.87499
61163,8.0077
61164,11.2495
61165,10.4194
61166,7.97521
61167,10.9836
61168,10.64
61169,10.7264
61170,11.6311
61171,10.1113
61172,8.29051
61173,11.4049
61174,8.90038
61175,8.39716
61176,9.39631
61177,7.8859
61178,10.0685
61179,8.81668
61180,5.97793
61181,11.0736
61182,11.1841
61183,9.52864
61184,11.2084
61185,10.5606
61186,11.9092
61187,10.8596
61188,8.58359
61189,10.7688
61190,10.4724
61191,9.588
61192,8.22398
61193,12.9
61194,9.5463
61195,10.8786
61196,9.36134
61197,12.0468
61198,12.0962
