seq_num,delay_ms
0,6.67713
1,8.21166
2,8.86288
3,8.66586
4,9.53445
5,11.4435
6,6.54626
7,11.2281
8,12.9447
9,13.9231
10,14.5273
11,10.9028
12,14.0854
13,9.12706
14,9.17179
15,10.2254
16,6.23557
17,9.94953
18,11.4168
19,9.29131
20,8.04593
21,8.75331
22,14.1459
23,9.43035
24,11.4465
25,12.7384
26,9.99392
27,10.2367
28,10.9602
29,11.0133
30,13.6572
31,7.8073
32,8.7935
33,9.55129
34,7.57198
35,9.75534
36,10.0361
37,11.3051
38,10.4664
39,14.7579
40,7.61177
41,11.6202
42,9.83481
43,11.9923
44,9.05963
45,10.0855
46,6.18004
47,8.58775
48,7.10638
49,9.34026
50,9.54717
51,9.75264
52,10.3866
53,10.5494
54,7.61629
55,11.7118
56,11.7563
57,11.108
58,13.2114
59,11.6604
60,10.8597
61,11.5308
62,8.68327
63,6.87427
64,11.9093
65,12.2695
66,9.30545
67,8.05604
68,17.1941
69,7.75209
70,8.79673
71,7.87844
72,18.1252
73,8.7995
74,8.8088
75,10.1498
76,6.60862
77,10.1334
78,10.8571
79,8.22531
80,11.5377
81,10.8121
82,12.1554
83,7.44693
84,11.5063
85,12.8961
86,7.92785
87,9.5357
88,9.57808
89,10.2854
90,8.93483
91,14.1512
92,14.4496
93,14.0679
94,12.2625
95,13.1388
96,11.9666
97,11.0231
98,12.3268
99,10.3352
100,9.32857
101,11.3605
102,8.80953
103,14.8878
104,9.21505
105,9.2332
106,10.1156
107,9.96273
108,13.7394
109,13.0355
110,10.2862
111,7.90867
112,8.55953
113,8.89641
114,8.16282
115,9.55606
116,9.65837
117,9.23849
118,8.80416
119,8.96322
120,11.3692
121,10.4474
122,14.6298
123,8.86588
124,9.06014
125,10.0984
126,10.2027
127,9.48384
128,11.1878
129,11.3093
130,11.2432
131,12.2517
132,10.7849
133,8.70258
134,7.1317
135,9.48645
136,9.61388
137,10.4894
138,10.6678
139,11.6877
140,10.8654
141,11.0443
142,11.0654
143,11.3465
144,10.6225
145,9.91694
146,9.96214
147,11.1789
148,7.23249
149,10.6878
150,8.21246
151,12.3781
152,13.4265
153,8.46183
154,8.995
155,14.0685
156,12.153
157,10.6672
158,10.4705
159,11.548
160,14.0059
161,10.1005
162,8.6107
163,9.54074
164,9.95774
165,7.46622
166,10.6237
167,10.691
168,12.7473
169,15.3411
170,9.49526
171,11.5774
172,11.617
173,11.6398
174,10.0164
175,11.0248
176,12.9169
177,8.50512
178,12.9038
179,8.16161
180,9.28936
181,9.58031
182,9.03509
183,9.56394
184,10.2186
185,10.5154
186,8.44996
187,11.6158
188,9.65831
189,7.66674
190,9.74579
191,10.1078
192,9.44482
193,17.1252
194,11.3161
195,13.869
196,9.97291
197,9.9256
198,11.3398
199,10.534
200,12.615
201,11.6372
202,8.05677
203,7.10247
204,7.20911
205,8.50691
206,8.89263
207,9.10999
208,7.30997
209,7.43298
210,8.05809
211,17.2411
212,8.48133
213,8.49403
214,9.00323
215,11.0248
216,9.03321
217,9.23001
218,9.40384
219,11.8945
220,10.7075
221,7.96875
222,8.45533
223,14.9318
224,16.8062
225,8.66586
226,7.6743
227,10.8308
228,9.1778
229,9.31368
230,10.4624
231,8.02537
232,11.4202
233,9.68229
234,9.96628
235,8.89273
236,11.9998
237,8.56194
238,11.0036
239,11.2036
240,10.9816
241,8.08474
242,13.3569
243,9.82185
244,10.4006
245,14.7195
246,10.8423
247,12.0292
248,8.6461
249,11.5708
250,8.59261
251,9.81383
252,10.1796
253,10.2241
254,10.6534
255,7.76355
256,10.8231
257,11.3742
258,8.46292
259,7.6365
260,9.70284
261,6.5378
262,13.7937
263,9.32374
264,11.656
265,6.63303
266,8.96706
267,10.3392
268,9.5168
269,11.8931
270,8.47889
271,9.57059
272,9.14189
273,9.54864
274,8.31336
275,11.5058
276,12.256
277,9.60894
278,8.16883
279,8.35889
280,8.4712
281,12.6229
282,10.6698
283,8.88841
284,9.08502
285,9.14857
286,11.1629
287,9.84484
288,10.1214
289,6.49499
290,10.6099
291,10.9117
292,8.30444
293,11.3322
294,7.61277
295,12.1548
296,14.5331
297,8.69172
298,13.6274
299,13.6891
300,10.7341
301,11.0773
302,8.11941
303,13.6373
304,10.9877
305,11.4422
306,11.1943
307,8.46416
308,8.65332
309,10.1971
310,10.2546
311,10.075
312,15.107
313,9.71648
314,10.3604
315,11.9473
316,10.0664
317,10.4001
318,10.6509
319,10.7505
320,9.15084
321,11.9241
322,8.22365
323,11.9923
324,7.38893
325,7.99194
326,8.09275
327,8.41046
328,6.56068
329,13.9378
330,10.0589
331,7.36228
332,8.92033
333,10.9551
334,11.1008
335,7.12571
336,8.14457
337,7.79695
338,10.9432
339,7.95165
340,8.21564
341,10.7305
342,11.6982
343,10.9331
344,10.0001
345,6.71547
346,12.916
347,15.9914
348,7.28566
349,8.29409
350,12.432
351,13.3442
352,8.92023
353,6.72589
354,7.52621
355,11.1009
356,6.25295
357,7.57672
358,8.9061
359,8.33303
360,12.8014
361,8.97568
362,10.3147
363,10.8047
364,10.8972
365,10.0945
366,8.50315
367,8.72469
368,12.5115
369,9.55935
370,10.0547
371,10.1101
372,11.1898
373,9.53625
374,10.5609
375,8.01184
376,12.9148
377,11.2146
378,8.34406
379,10.6017
380,12.7956
381,11.067
382,11.6346
383,18.9374
384,9.52353
385,9.79251
386,9.32055
387,9.71105
388,9.95083
389,12.0125
390,7.88912
391,9.97688
392,10.7402
393,15.0834
394,12.7094
395,14.8537
396,9.98168
397,7.04949
398,10.2661
399,12.8936
400,10.0444
401,8.28275
402,9.34787
403,8.52316
404,7.92987
405,12.1904
406,11.3763
407,8.4516
408,6.84466
409,11.1963
410,9.40044
411,9.74774
412,9.75721
413,6.94111
414,8.8496
415,9.22391
416,6.75229
417,8.5211
418,8.60291
419,6.80981
420,10.8479
421,10.9751
422,10.1982
423,13.704
424,11.8795
425,8.04451
426,12.3751
427,13.0119
428,8.6147
429,11.8735
430,17.0523
431,12.0765
432,10.9828
433,10.7978
434,18.9313
435,11.3348
436,13.3848
437,6.25267
438,10.5136
439,7.7443
440,8.22744
441,13.3668
442,8.52932
443,9.16044
444,9.55841
445,9.91857
446,10.3189
447,9.48442
448,10.5897
449,12.1381
450,13.6979
451,9.41634
452,10.7517
453,9.9953
454,9.18034
455,8.99692
456,12.3081
457,9.6007
458,9.79616
459,10.2149
460,11.3591
461,8.82041
462,12.9005
463,13.3832
464,13.6814
465,9.36024
466,10.321
467,9.64307
468,10.9667
469,14.4415
470,7.16507
471,11.3762
472,8.62091
473,8.91132
474,8.34223
475,9.93763
476,9.30238
477,10.3969
478,10.6669
479,10.8989
480,14.3931
481,8.16737
482,8.18182
483,8.99634
484,12.3063
485,9.8847
486,10.409
487,8.84327
488,9.10709
489,10.5244
490,9.79111
491,9.53572
492,11.9828
493,9.80434
494,9.93722
495,9.43723
496,8.08088
497,8.46152
498,8.92101
499,9.55976
500,10.0027
501,13.3847
502,10.7327
503,7.95383
504,8.41771
505,13.4567
506,10.649
507,7.5931
508,9.3934
509,11.2561
510,8.13845
511,9.00561
512,13.3141
513,9.08624
514,7.44137
515,9.4498
516,11.651
517,8.65948
518,9.66791
519,9.15598
520,9.78489
521,11.2648
522,10.0627
523,6.82189
524,9.80554
525,9.82199
526,10.3565
527,11.6535
528,11.9035
529,12.6333
530,8.20028
531,15.9793
532,7.80549
533,10.5035
534,8.35404
535,9.83826
536,7.1997
537,10.0372
538,8.71758
539,10.0298
540,9.8303
541,11.1739
542,8.53985
543,8.73977
544,13.8836
545,9.08577
546,9.24706
547,11.3345
548,12.3702
549,10.921
550,9.99414
551,13.359
552,11.3851
553,10.8472
554,10.8657
555,8.97295
556,11.2562
557,7.68457
558,12.2184
559,10.7775
560,6.2771
561,8.00943
562,8.14741
563,7.85132
564,12.1135
565,11.2504
566,11.2588
567,10.1604
568,11.3551
569,8.36168
570,10.9575
571,13.046
572,9.1442
573,9.32214
574,7.69627
575,8.66405
576,9.15395
577,10.4958
578,9.85961
579,9.94511
580,10.0442
581,7.43136
582,9.32923
583,13.4578
584,9.57793
585,9.72748
586,10.4322
587,10.5255
588,6.76019
589,14.2786
590,6.80376
591,12.3346
592,11.7555
593,12.626
594,9.82572
595,8.22864
596,9.50216
597,10.7006
598,12.8362
599,9.03186
600,9.27992
601,9.58488
602,11.6795
603,7.94144
604,11.035
605,9.38775
606,9.09296
607,9.43674
608,10.7391
609,13.3002
610,10.3234
611,8.91767
612,9.44241
613,9.08422
614,10.1788
615,13.6811
616,9.18091
617,11.6628
618,12.2558
619,8.90638
620,10.0562
621,13.3422
622,11.4644
623,12.6712
624,13.7986
625,8.42042
626,8.71729
627,8.78094
628,12.8755
629,9.08024
630,9.25949
631,9.52683
632,10.8524
633,11.1455
634,8.73274
635,9.71387
636,11.6367
637,7.53704
638,15.6442
639,8.06933
640,8.54108
641,7.57513
642,9.65376
643,8.74596
644,10.3502
645,8.53761
646,8.66014
647,8.9353
648,11.4225
649,10.4851
650,9.56166
651,12.1468
652,12.8295
653,12.838
654,11.9466
655,8.1861
656,13.762
657,8.77247
658,11.1795
659,12.3902
660,9.45062
661,10.718
662,10.992
663,11.0241
664,9.37058
665,8.64756
666,13.7633
667,8.91683
668,8.93418
669,14.4143
670,9.48005
671,9.69636
672,8.75669
673,9.95794
674,10.5087
675,12.3198
676,11.3469
677,9.98856
678,12.9486
679,8.08524
680,9.37936
681,6.29261
682,10.5513
683,10.6313
684,7.21085
685,7.62852
686,8.32596
687,11.5999
688,10.7169
689,9.90362
690,11.1121
691,9.36603
692,9.37446
693,9.49857
694,9.57491
695,10.089
696,10.2368
697,10.0305
698,9.18751
699,13.3975
700,6.71837
701,11.1408
702,7.74503
703,11.2222
704,10.3853
705,7.74589
706,7.49876
707,7.8714
708,11.8989
709,9.26566
710,11.9385
711,9.07443
712,9.9883
713,11.2619
714,12.2395
715,9.73176
716,8.34721
717,15.6678
718,9.93037
719,6.0488
720,8.73433
721,8.14115
722,11.3677
723,9.409
724,9.95132
725,9.16097
726,13.3591
727,10.8015
728,10.1634
729,6.33956
730,10.464
731,12.1719
732,10.1387
733,14.081
734,8.37128
735,10.5942
736,9.90956
737,8.19061
738,11.3189
739,9.73543
740,9.48833
741,6.94359
742,11.9593
743,11.0726
744,10.4414
745,11.6277
746,14.1124
747,8.74106
748,8.90346
749,13.2043
750,8.23748
751,13.7755
752,11.0303
753,12.7173
754,12.0164
755,16.1672
756,9.67887
757,12.938
758,10.3037
759,8.70304
760,16.9161
761,8.97815
762,8.27995
763,10.4939
764,8.69468
765,6.75032
766,11.0889
767,7.34919
768,10.4622
769,9.68741
770,9.80978
771,9.84594
772,8.89396
773,10.2844
774,10.463
775,11.596
776,9.01706
777,10.1125
778,11.7622
779,10.0329
780,10.0822
781,10.6562
782,7.02666
783,8.44847
784,12.4569
785,8.55678
786,11.335
787,15.8224
788,9.99186
789,12.0308
790,8.52283
791,8.71765
792,8.87378
793,13.2982
794,12.9722
795,8.2256
796,6.88646
797,7.36496
798,9.58028
799,10.2006
800,10.3668
801,10.4896
802,6.27576
803,12.8109
804,13.1014
805,11.1639
806,12.3384
807,15.9287
808,9.77074
809,7.98023
810,9.04185
811,9.05028
812,13.6646
813,8.72332
814,9.95819
815,9.9954
816,9.29865
817,10.603
818,9.97572
819,12.7469
820,12.8361
821,6.1757
822,7.91385
823,9.33717
824,7.52362
825,6.51445
826,7.38079
827,10.0511
828,8.28586
829,8.45002
830,5.82228
831,9.24048
832,10.1166
833,10.1521
834,10.4889
835,7.86465
836,8.01296
837,6.82695
838,9.93066
839,15.4419
840,8.51169
841,9.92678
842,15.96
843,10.9959
844,8.30539
845,10.6676
846,11.1325
847,11.7579
848,9.89175
849,10.9227
850,8.71616
851,6.78242
852,9.91152
853,6.13772
854,7.59555
855,9.09169
856,10.3847
857,12.3848
858,6.45791
859,7.14666
860,10.3908
861,11.949
862,9.20537
863,12.3624
864,9.53645
865,7.2349
866,8.31125
867,13.1799
868,10.0665
869,11.0749
870,5.51838
871,6.83658
872,11.9251
873,10.045
874,10.3564
875,8.37641
876,10.0481
877,7.61779
878,12.9964
879,11.265
880,8.99729
881,9.46755
882,10.7398
883,10.8765
884,11.0164
885,11.3724
886,11.6164
887,10.1357
888,10.989
889,11.7947
890,9.18982
891,6.53697
892,10.7124
893,10.9366
894,10.4788
895,9.57525
896,8.90397
897,8.39031
898,9.50555
899,9.61281
900,9.85173
901,10.0325
902,11.3858
903,10.4038
904,7.75541
905,8.91981
906,9.02164
907,7.17117
908,14.7041
909,7.29458
910,8.54605
911,10.0969
912,8.3228
913,9.69103
914,7.0091
915,8.18332
916,13.4746
917,8.94957
918,12.047
919,9.05643
920,8.41446
921,9.71953
922,7.2122
923,10.3015
924,8.73282
925,7.78821
926,12.0239
927,12.0781
928,12.0865
929,9.68866
930,9.16884
931,10.6551
932,10.5673
933,14.6537
934,7.92177
935,9.10336
936,9.20044
937,8.35806
938,7.15721
939,9.23142
940,9.4953
941,8.56664
942,9.82568
943,8.9267
944,10.0487
945,10.1183
946,11.414
947,5.98466
948,10.5964
949,12.626
950,11.9902
951,5.7578
952,7.79977
953,7.84303
954,8.45035
955,8.00482
956,15.0433
957,13.1078
958,9.23685
959,9.38073
960,7.1231
961,8.21303
962,9.23736
963,9.92348
964,11.051
965,10.2814
966,11.5136
967,11.6786
968,9.90614
969,19.0426
970,10.1181
971,11.3367
972,7.99406
973,13.1095
974,14.1334
975,12.1807
976,13.3489
977,12.3589
978,8.39423
979,13.5977
980,11.6318
981,9.72208
982,9.77421
983,7.87921
984,9.4369
985,8.84153
986,10.1801
987,9.30089
988,10.7343
989,11.4029
990,12.6719
991,10.7486
992,12.0319
993,12.4438
994,6.52762
995,12.7944
996,13.6798
997,11.7544
998,8.25687
999,8.67243
1000,7.64753
1001,8.94593
1002,13.9502
1003,8.76336
1004,9.12309
1005,9.4349
1006,9.83085
1007,10.2745
1008,11.3214
1009,10.0616
1010,10.5272
1011,14.0832
1012,9.56708
1013,6.98697
1014,15.3516
1015,10.6357
1016,7.96354
1017,11.6323
1018,8.16247
1019,9.57203
1020,12.6443
1021,10.8596
1022,10.2548
1023,7.15257
1024,10.2173
1025,11.8276
1026,9.4295
1027,9.79647
1028,8.65318
1029,10.7191
1030,9.88547
1031,9.16802
1032,9.57759
1033,8.94993
1034,10.1037
1035,7.67564
1036,11.2087
1037,15.8543
1038,7.44759
1039,7.82371
1040,9.83894
1041,8.59748
1042,9.74172
1043,9.87608
1044,10.162
1045,9.86627
1046,12.3917
1047,9.48375
1048,13.4468
1049,13.6535
1050,11.7226
1051,17.815
1052,9.03735
1053,11.0632
1054,9.3261
1055,10.41
1056,8.74088
1057,12.1388
1058,10.8307
1059,9.84206
1060,9.09009
1061,10.8207
1062,10.6425
1063,10.7295
1064,11.8079
1065,7.35285
1066,10.685
1067,10.4274
1068,16.5364
1069,15.653
1070,8.04074
1071,10.4017
1072,8.77204
1073,7.68435
1074,10.2112
1075,10.608
1076,10.6215
1077,8.82337
1078,11.5863
1079,12.2258
1080,7.19984
1081,8.22312
1082,10.0289
1083,10.1162
1084,8.17766
1085,9.91945
1086,10.0304
1087,10.3769
1088,9.55395
1089,9.90009
1090,6.95048
1091,8.27612
1092,11.3253
1093,11.4095
1094,8.45378
1095,12.6486
1096,9.24013
1097,9.54227
1098,10.1211
1099,9.62314
1100,10.9762
1101,11.0516
1102,13.3347
1103,11.9676
1104,9.37311
1105,10.7764
1106,7.24812
1107,11.4106
1108,11.6745
1109,8.44591
1110,7.89107
1111,14.8326
1112,7.9721
1113,8.26765
1114,8.6548
1115,9.74239
1116,9.33166
1117,9.79364
1118,10.4877
1119,10.8255
1120,15.1086
1121,7.74242
1122,8.22152
1123,11.3076
1124,13.3667
1125,9.1329
1126,10.3307
1127,8.55634
1128,14.9801
1129,8.43687
1130,10.6087
1131,7.94451
1132,9.43032
1133,11.5086
1134,11.5344
1135,8.17193
1136,11.9987
1137,11.2175
1138,13.3148
1139,9.65399
1140,7.77483
1141,13.9927
1142,6.21749
1143,12.4329
1144,12.9107
1145,7.71819
1146,14.073
1147,8.40887
1148,8.53961
1149,12.5831
1150,9.06382
1151,10.1313
1152,10.153
1153,10.653
1154,11.1358
1155,14.2409
1156,7.31196
1157,11.6077
1158,8.79334
1159,11.9388
1160,9.21833
1161,7.24746
1162,10.2403
1163,8.3387
1164,8.4925
1165,11.9076
1166,15.2624
1167,11.6186
1168,9.9992
1169,8.22939
1170,10.8677
1171,9.5378
1172,13.0848
1173,11.6487
1174,8.28984
1175,11.2058
1176,12.8259
1177,9.72518
1178,11.6681
1179,10.0368
1180,9.55696
1181,11.8718
1182,8.93427
1183,8.10258
1184,10.8548
1185,11.2145
1186,12.4991
1187,9.83174
1188,9.90056
1189,9.93767
1190,8.87283
1191,8.07466
1192,11.4141
1193,10.7012
1194,10.9191
1195,10.2185
1196,11.6834
1197,9.96799
1198,10.1999
1199,10.2916
1200,8.99923
1201,11.657
1202,7.66722
1203,8.83566
1204,9.11094
1205,12.2304
1206,8.80021
1207,11.0488
1208,10.1529
1209,10.2715
1210,13.4533
1211,12.6218
1212,11.6653
1213,7.19224
1214,7.77028
1215,8.82202
1216,7.73275
1217,9.7725
1218,10.4884
1219,11.0777
1220,8.12622
1221,9.32465
1222,7.80359
1223,14.887
1224,7.04063
1225,9.31721
1226,9.34686
1227,8.51296
1228,13.5759
1229,10.0928
1230,16.5655
1231,11.3211
1232,8.24598
1233,11.3506
1234,11.4109
1235,7.78914
1236,8.09662
1237,10.5426
1238,12.6034
1239,10.986
1240,9.00611
1241,12.0107
1242,12.8143
1243,13.6817
1244,11.8195
1245,7.06094
1246,12.6997
1247,13.3893
1248,10.6996
1249,8.72672
1250,9.00502
1251,9.72196
1252,10.0757
1253,11.2683
1254,10.5659
1255,17.7545
1256,11.0514
1257,8.21396
1258,8.41432
1259,8.91766
1260,8.98547
1261,9.16003
1262,10.1716
1263,12.2109
1264,9.38806
1265,9.90752
1266,11.6197
1267,7.71458
1268,7.96846
1269,11.1161
1270,8.42245
1271,11.6319
1272,8.85891
1273,8.94264
1274,13.4723
1275,12.0404
1276,9.70503
1277,11.2495
1278,8.2491
1279,8.02867
1280,7.30837
1281,12.9124
1282,7.9328
1283,8.28144
1284,8.46834
1285,9.04739
1286,7.4157
1287,9.428
1288,9.4762
1289,10.6485
1290,10.2786
1291,7.18028
1292,13.2093
1293,6.65131
1294,7.67925
1295,13.0812
1296,9.34792
1297,9.35635
1298,9.41441
1299,8.70541
1300,10.2354
1301,10.2498
1302,10.6237
1303,10.7296
1304,11.8188
1305,8.87286
1306,11.5486
1307,10.9487
1308,11.0853
1309,14.5675
1310,8.6156
1311,12.3201
1312,12.4264
1313,8.49067
1314,9.65533
1315,8.04855
1316,11.4084
1317,9.6494
1318,12.397
1319,11.4445
1320,13.5847
1321,9.82381
1322,9.29376
1323,8.30517
1324,8.3136
1325,9.4346
1326,10.5727
1327,11.6471
1328,10.4389
1329,12.466
1330,7.89462
1331,12.8326
1332,11.2148
1333,7.85945
1334,7.15706
1335,11.5509
1336,9.53535
1337,10.2699
1338,8.4407
1339,10.541
1340,8.68643
1341,8.89941
1342,9.07302
1343,8.75105
1344,10.0986
1345,16.2245
1346,9.97938
1347,12.2315
1348,13.0244
1349,7.2542
1350,7.83997
1351,7.76989
1352,9.09637
1353,9.45501
1354,8.73979
1355,16.0451
1356,7.74511
1357,11.0247
1358,10.5372
1359,10.7555
1360,8.80505
1361,10.0647
1362,8.61156
1363,11.0209
1364,11.1288
1365,7.87497
1366,8.74143
1367,9.30076
1368,15.5477
1369,8.58685
1370,11.6693
1371,11.8319
1372,9.46436
1373,9.48898
1374,7.67059
1375,8.74424
1376,7.80888
1377,7.83153
1378,11.84
1379,8.03484
1380,7.55489
1381,17.2441
1382,10.6154
1383,9.81418
1384,14.557
1385,12.1196
1386,11.6116
1387,11.1073
1388,9.76734
1389,10.2059
1390,10.2286
1391,7.79987
1392,10.9049
1393,7.98838
1394,7.30646
1395,7.44099
1396,7.17439
1397,10.6089
1398,8.62821
1399,8.63664
1400,9.9177
1401,8.38891
1402,6.51132
1403,5.59904
1404,10.6671
1405,10.0219
1406,6.73746
1407,10.929
1408,9.26449
1409,10.6692
1410,8.7206
1411,13.1006
1412,14.361
1413,7.41033
1414,8.08274
1415,9.46367
1416,8.63474
1417,15.0693
1418,10.2069
1419,9.29605
1420,9.70104
1421,10.9741
1422,9.04566
1423,11.1507
1424,8.95769
1425,7.51924
1426,10.5993
1427,8.63488
1428,14.1814
1429,9.20409
1430,9.66142
1431,8.66068
1432,8.83544
1433,6.1018
1434,6.3104
1435,6.54929
1436,7.44198
1437,7.97956
1438,13.0306
1439,8.49201
1440,8.62211
1441,10.3312
1442,9.52427
1443,11.6882
1444,10.9503
1445,10.1013
1446,10.2397
1447,6.30437
1448,11.3128
1449,7.36704
1450,9.38658
1451,9.62365
1452,9.67334
1453,9.78727
1454,10.9205
1455,11.0959
1456,8.44074
1457,13.4593
1458,12.5747
1459,8.84645
1460,9.09179
1461,9.31498
1462,11.7726
1463,13.0859
1464,10.2259
1465,10.2467
1466,9.57913
1467,7.56402
1468,7.92826
1469,9.27856
1470,10.7291
1471,7.79805
1472,8.98497
1473,10.1682
1474,10.663
1475,10.7244
1476,10.961
1477,9.20199
1478,11.2104
1479,9.2759
1480,10.7643
1481,11.9181
1482,11.0962
1483,9.4129
1484,12.2117
1485,10.3741
1486,10.8165
1487,8.88216
1488,13.9678
1489,9.83571
1490,8.13204
1491,9.28934
1492,14.4276
1493,6.50517
1494,10.7637
1495,6.8136
1496,10.9812
1497,9.42776
1498,6.43619
1499,12.4163
1500,9.07664
1501,9.95745
1502,7.57895
1503,8.50078
1504,9.26451
1505,14.5532
1506,8.16136
1507,8.48219
1508,9.75456
1509,13.9201
1510,10.1423
1511,7.17973
1512,9.8356
1513,8.89484
1514,9.16215
1515,13.4016
1516,8.55063
1517,6.59232
1518,11.8777
1519,13.4891
1520,15.641
1521,11.9697
1522,11.1502
1523,12.3585
1524,12.6892
1525,11.7383
1526,7.01092
1527,9.289
1528,7.87648
1529,10.1473
1530,10.222
1531,9.00159
1532,9.85165
1533,7.05276
1534,12.1905
1535,10.7956
1536,12.8913
1537,11.308
1538,11.3568
1539,8.79231
1540,9.49326
1541,9.60942
1542,10.7909
1543,11.3475
1544,8.71938
1545,9.52603
1546,14.0298
1547,11.6991
1548,11.7944
1549,11.74
1550,12.5355
1551,6.93045
1552,13.0173
1553,8.87266
1554,13.0563
1555,15.0405
1556,9.05862
1557,11.6795
1558,9.77861
1559,9.85962
1560,12.7373
1561,7.88771
1562,7.90083
1563,14.4098
1564,8.73895
1565,9.16262
1566,11.2855
1567,9.34457
1568,9.4764
1569,11.8883
1570,11.9243
1571,9.87597
1572,11.0835
1573,9.41459
1574,14.9874
1575,10.9972
1576,11.0462
1577,7.4806
1578,11.3627
1579,6.55135
1580,10.9622
1581,11.0931
1582,9.14854
1583,9.6628
1584,8.85948
1585,9.90789
1586,9.55362
1587,10.3482
1588,10.784
1589,12.2422
1590,12.9456
1591,10.7498
1592,8.51356
1593,10.7729
1594,10.0978
1595,7.15105
1596,9.38316
1597,9.43705
1598,8.43604
1599,8.80028
1600,11.0766
1601,9.2471
1602,9.80102
1603,11.9045
1604,7.16443
1605,7.59757
1606,10.7126
1607,11.1325
1608,9.86198
1609,9.19049
1610,10.5117
1611,13.7056
1612,10.3486
1613,11.4497
1614,13.7494
1615,7.8029
1616,14.136
1617,8.88795
1618,11.5109
1619,6.25024
1620,10.9457
1621,8.20559
1622,6.52337
1623,9.88281
1624,9.20639
1625,12.2927
1626,9.53259
1627,8.62826
1628,11.6916
1629,13.8842
1630,8.67923
1631,7.9239
1632,10.0261
1633,14.1333
1634,10.5593
1635,8.88896
1636,16.5974
1637,11.2498
1638,9.28592
1639,9.40231
1640,11.1855
1641,10.408
1642,10.5154
1643,10.6772
1644,7.97122
1645,9.20422
1646,12.7665
1647,9.86445
1648,10.0353
1649,8.27515
1650,10.3138
1651,7.59865
1652,7.84872
1653,5.26642
1654,10.0665
1655,7.34789
1656,9.92025
1657,8.21362
1658,10.2531
1659,11.5852
1660,8.68747
1661,8.96256
1662,9.87028
1663,13.2306
1664,11.9344
1665,9.09866
1666,11.1199
1667,12.2959
1668,8.23308
1669,8.93389
1670,6.31155
1671,7.59614
1672,8.73978
1673,9.06156
1674,12.2987
1675,7.91696
1676,8.51542
1677,10.6265
1678,10.9461
1679,7.19296
1680,5.43666
1681,10.8747
1682,10.0291
1683,8.72657
1684,10.2197
1685,7.53211
1686,13.7927
1687,11.3474
1688,8.3868
1689,7.42923
1690,8.45301
1691,13.4623
1692,9.5806
1693,8.49577
1694,12.5447
1695,11.0882
1696,11.6293
1697,9.68294
1698,8.69137
1699,11.7502
1700,7.9094
1701,11.1979
1702,12.2803
1703,7.28875
1704,10.1979
1705,11.3335
1706,14.4839
1707,10.799
1708,12.2978
1709,9.31341
1710,7.50928
1711,13.1435
1712,6.24046
1713,7.3112
1714,8.36091
1715,9.62767
1716,10.6927
1717,8.72987
1718,15.1071
1719,9.24458
1720,9.2857
1721,9.31799
1722,9.71051
1723,8.78111
1724,6.97528
1725,16.0147
1726,10.1539
1727,10.4455
1728,8.89732
1729,11.074
1730,5.31453
1731,11.4697
1732,6.58938
1733,9.70547
1734,7.03615
1735,9.00937
1736,9.21268
1737,8.42644
1738,9.8968
1739,10.1487
1740,6.21484
1741,10.2609
1742,10.3248
1743,7.40653
1744,9.69833
1745,7.83936
1746,6.92275
1747,6.15238
1748,10.2182
1749,9.49348
1750,10.7117
1751,10.7636
1752,9.07639
1753,11.2292
1754,7.57182
1755,9.82107
1756,8.119
1757,10.0537
1758,11.1659
1759,10.0759
1760,10.3827
1761,5.48266
1762,7.94086
1763,12.4006
1764,16.4642
1765,11.6047
1766,13.9441
1767,14.3188
1768,9.3838
1769,14.4867
1770,7.98006
1771,14.0461
1772,17.2408
1773,7.82109
1774,11.0746
1775,8.96129
1776,11.9872
1777,8.15785
1778,8.4774
1779,8.84149
1780,8.9733
1781,11.751
1782,10.8872
1783,7.19503
1784,14.1289
1785,6.82424
1786,8.38822
1787,8.42131
1788,7.06108
1789,9.15774
1790,7.76036
1791,7.97453
1792,8.21899
1793,10.4315
1794,8.88991
1795,9.04946
1796,11.3923
1797,12.0756
1798,11.0614
1799,8.62918
1800,7.31176
1801,8.72632
1802,6.75812
1803,8.51233
1804,8.02279
1805,9.27745
1806,8.41433
1807,9.8368
1808,9.84445
1809,11.1158
1810,12.3563
1811,11.8491
1812,13.1106
1813,7.45268
1814,8.46717
1815,9.59945
1816,9.60908
1817,10.318
1818,10.8306
1819,12.0655
1820,13.272
1821,10.518
1822,9.75921
1823,9.84523
1824,12.17
1825,11.2189
1826,7.25011
1827,7.3313
1828,8.97132
1829,8.92024
1830,8.14519
1831,13.4102
1832,7.08424
1833,7.09407
1834,10.6207
1835,6.94936
1836,7.18505
1837,12.0545
1838,8.17952
1839,7.42038
1840,7.55976
1841,10.6089
1842,10.9776
1843,8.78303
1844,11.7706
1845,12.1596
1846,6.73518
1847,9.80993
1848,10.0781
1849,7.58918
1850,8.90013
1851,9.48764
1852,11.5868
1853,8.93006
1854,9.20791
1855,9.45015
1856,9.58826
1857,9.70566
1858,13.034
1859,11.4367
1860,10.7428
1861,9.85373
1862,10.1484
1863,10.2714
1864,8.10789
1865,10.2881
1866,8.58236
1867,11.108
1868,9.51515
1869,8.8884
1870,10.4037
1871,10.6554
1872,11.8565
1873,11.9961
1874,8.7577
1875,14.3004
1876,7.54392
1877,16.0293
1878,10.6006
1879,9.63585
1880,9.97938
1881,8.00214
1882,8.97175
1883,13.8205
1884,7.11096
1885,7.14575
1886,14.2572
1887,8.92423
1888,9.44793
1889,7.00517
1890,7.92452
1891,8.90785
1892,11.9184
1893,9.10356
1894,11.4028
1895,10.7557
1896,11.1761
1897,7.0756
1898,8.20923
1899,8.22725
1900,8.08911
1901,7.68967
1902,10.8073
1903,12.447
1904,9.5016
1905,9.6382
1906,10.0281
1907,10.7847
1908,8.73199
1909,9.04858
1910,7.18605
1911,13.7249
1912,9.00149
1913,10.363
1914,8.43597
1915,11.4474
1916,7.8445
1917,9.8971
1918,7.60558
1919,10.8968
1920,7.00092
1921,9.23531
1922,10.2584
1923,10.3099
1924,9.52024
1925,11.152
1926,10.9359
1927,11.185
1928,11.9308
1929,12.2803
1930,9.36449
1931,15.4889
1932,12.7699
1933,12.4085
1934,10.3886
1935,14.5786
1936,8.13798
1937,7.25753
1938,9.11297
1939,9.17021
1940,10.269
1941,9.29885
1942,9.50225
1943,9.59506
1944,12.6506
1945,9.6597
1946,14.6992
1947,9.22632
1948,11.2873
1949,9.85179
1950,10.9498
1951,10.1522
1952,11.3152
1953,8.74189
1954,12.3167
1955,8.37684
1956,9.5927
1957,11.9437
1958,12.8255
1959,10.0682
1960,10.1748
1961,11.6254
1962,9.63382
1963,9.94504
1964,15.0962
1965,8.91713
1966,9.6982
1967,9.7599
1968,10.0533
1969,10.3045
1970,7.41695
1971,10.9572
1972,10.3093
1973,11.3669
1974,11.768
1975,7.78119
1976,11.0982
1977,7.14897
1978,10.7713
1979,8.89092
1980,6.08038
1981,8.55989
1982,9.65645
1983,16.1307
1984,8.13914
1985,13.5089
1986,12.1662
1987,9.39347
1988,8.84492
1989,14.8843
1990,11.2019
1991,11.7694
1992,8.80489
1993,8.81332
1994,12.1693
1995,9.23385
1996,10.4204
1997,7.87313
1998,10.3587
1999,8.59915
2000,11.0035
2001,11.3359
2002,10.1995
2003,15.3858
2004,10.4336
2005,12.7612
2006,7.32974
2007,10.4168
2008,9.33798
2009,9.62712
2010,10.6792
2011,7.62423
2012,11.1494
2013,9.06094
2014,15.0915
2015,12.8615
2016,10.3876
2017,10.7571
2018,10.8138
2019,12.8258
2020,13.1975
2021,7.37832
2022,8.70322
2023,10.1557
2024,10.7366
2025,8.93399
2026,10.0489
2027,10.492
2028,8.85777
2029,10.0518
2030,16.7707
2031,13.0024
2032,11.6437
2033,11.0414
2034,12.4758
2035,8.68766
2036,11.121
2037,8.20163
2038,9.34738
2039,10.2876
2040,10.1697
2041,8.84584
2042,17.3253
2043,12.8313
2044,7.12796
2045,13.3417
2046,9.4719
2047,11.6459
2048,7.73752
2049,10.12
2050,10.3071
2051,8.79993
2052,9.85985
2053,11.768
2054,7.76725
2055,9.00245
2056,10.069
2057,9.31602
2058,14.8595
2059,10.2154
2060,15.0424
2061,11.7522
2062,8.20796
2063,8.2245
2064,7.3701
2065,12.5707
2066,11.2679
2067,12.8647
2068,5.44507
2069,7.26149
2070,10.2882
2071,9.07846
2072,7.49897
2073,18.342
2074,8.58761
2075,8.92985
2076,10.0223
2077,11.511
2078,13.5566
2079,8.0065
2080,13.4046
2081,7.70629
2082,12.7252
2083,8.21812
2084,14.6549
2085,8.87559
2086,9.61443
2087,10.7891
2088,9.19548
2089,11.2591
2090,11.2675
2091,10.3631
2092,12.5488
2093,11.7825
2094,13.9036
2095,7.30439
2096,9.32624
2097,10.4506
2098,11.672
2099,9.8038
2100,7.99813
2101,10.041
2102,9.38668
2103,10.8885
2104,9.38783
2105,10.6383
2106,8.35889
2107,7.62167
2108,11.6945
2109,9.37044
2110,9.2477
2111,11.7679
2112,11.1297
2113,12.9385
2114,12.9248
2115,10.3996
2116,9.70006
2117,8.21068
2118,10.8821
2119,10.4999
2120,11.807
2121,8.88973
2122,12.0894
2123,8.18809
2124,7.20925
2125,10.3471
2126,11.3002
2127,9.32658
2128,8.38022
2129,9.03741
2130,9.13475
2131,11.2094
2132,8.93172
2133,9.64622
2134,9.94055
2135,10.5141
2136,6.20481
2137,8.82222
2138,9.38932
2139,6.59001
2140,8.40883
2141,11.4284
2142,9.62602
2143,9.66386
2144,10.6135
2145,10.5512
2146,7.71438
2147,12.2359
2148,11.5586
2149,7.80387
2150,7.35749
2151,9.3955
2152,9.49609
2153,9.59404
2154,13.3648
2155,9.33281
2156,10.7771
2157,8.53421
2158,10.8686
2159,11.9585
2160,12.2722
2161,9.54875
2162,6.79102
2163,8.64384
2164,7.7133
2165,10.9193
2166,9.75186
2167,15.3265
2168,10.5337
2169,6.33528
2170,9.63867
2171,10.4072
2172,11.2
2173,12.1205
2174,8.04458
2175,13.1517
2176,6.19366
2177,7.3323
2178,10.64
2179,7.97668
2180,8.17536
2181,12.8212
2182,7.71434
2183,15.4178
2184,9.24188
2185,8.69782
2186,13.5384
2187,12.3315
2188,8.48035
2189,10.5919
2190,13.8343
2191,7.43404
2192,10.7067
2193,8.92906
2194,9.56915
2195,11.8427
2196,9.98714
2197,10.3843
2198,10.4039
2199,11.4379
2200,9.71386
2201,10.8404
2202,12.152
2203,14.6921
2204,9.11739
2205,16.5899
2206,7.56045
2207,7.70229
2208,8.18322
2209,7.2151
2210,7.54586
2211,7.83122
2212,16.0464
2213,10.2223
2214,10.2951
2215,11.2136
2216,12.1628
2217,14.569
2218,15.7366
2219,10.4001
2220,11.5538
2221,8.78473
2222,11.0833
2223,8.08297
2224,8.18002
2225,11.8165
2226,9.06184
2227,7.87973
2228,6.88816
2229,5.63514
2230,7.92756
2231,7.20253
2232,9.36929
2233,10.6357
2234,9.95635
2235,10.6403
2236,8.79065
2237,10.9199
2238,11.3072
2239,8.59214
2240,12.6022
2241,11.8673
2242,9.8854
2243,10.129
2244,7.52004
2245,13.7477
2246,7.99767
2247,6.96067
2248,9.14238
2249,9.18486
2250,9.49688
2251,10.1467
2252,10.8061
2253,11.9568
2254,9.56871
2255,9.6896
2256,9.81992
2257,10.5529
2258,14.035
2259,8.82419
2260,8.68427
2261,7.51259
2262,9.81148
2263,12.5294
2264,9.65632
2265,8.66475
2266,11.3451
2267,6.72522
2268,8.00185
2269,9.79648
2270,8.01358
2271,9.89306
2272,10.9797
2273,8.35726
2274,9.7339
2275,9.95985
2276,11.1214
2277,11.2181
2278,14.5925
2279,10.7158
2280,11.8606
2281,12.1542
2282,7.54162
2283,10.571
2284,7.7573
2285,10.4277
2286,12.4878
2287,8.33564
2288,10.926
2289,9.21811
2290,11.7266
2291,11.7547
2292,10.0429
2293,10.1681
2294,10.6595
2295,8.54425
2296,11.7331
2297,11.941
2298,13.2504
2299,7.37512
2300,12.8069
2301,13.5658
2302,8.80513
2303,8.81637
2304,10.2196
2305,10.6249
2306,7.46369
2307,11.194
2308,9.28685
2309,11.4022
2310,9.4846
2311,9.61804
2312,8.85905
2313,9.22086
2314,9.58929
2315,10.7375
2316,7.74998
2317,10.1118
2318,8.41116
2319,11.4735
2320,8.75061
2321,11.7877
2322,11.7723
2323,9.79134
2324,9.81245
2325,10.1439
2326,12.425
2327,11.5867
2328,7.96696
2329,11.1199
2330,12.453
2331,7.68841
2332,9.21627
2333,11.5095
2334,13.0604
2335,9.06879
2336,9.15147
2337,10.8201
2338,10.2721
2339,9.84854
2340,10.8204
2341,10.0519
2342,11.0084
2343,8.17512
2344,10.2405
2345,9.56741
2346,9.70309
2347,9.83747
2348,11.0273
2349,11.1545
2350,9.51607
2351,10.6158
2352,11.9509
2353,9.48405
2354,11.6898
2355,10.9853
2356,6.05459
2357,9.26083
2358,13.2693
2359,11.5409
2360,13.7659
2361,8.08606
2362,12.8169
2363,6.57891
2364,8.33511
2365,9.55892
2366,9.89209
2367,7.34579
2368,10.4812
2369,11.1591
2370,10.1923
2371,11.3053
2372,10.5258
2373,6.73699
2374,9.57441
2375,9.22182
2376,8.40856
2377,10.4386
2378,8.85966
2379,9.36538
2380,10.75
2381,10.1217
2382,10.1782
2383,10.7026
2384,10.8507
2385,10.8592
2386,7.13546
2387,11.2912
2388,12.7706
2389,9.84765
2390,9.07778
2391,13.0862
2392,6.41536
2393,6.68136
2394,17.9077
2395,11.0848
2396,8.32872
2397,10.0258
2398,14.1621
2399,10.7754
2400,9.10134
2401,11.1781
2402,5.4656
2403,9.6618
2404,11.7357
2405,10.4954
2406,8.46581
2407,12.149
2408,12.1886
2409,10.9425
2410,14.063
2411,14.4343
2412,9.5759
2413,8.04195
2414,10.1045
2415,9.60772
2416,10.8547
2417,12.1659
2418,12.2863
2419,7.74715
2420,7.9137
2421,11.9279
2422,12.1279
2423,11.1131
2424,9.07702
2425,11.5834
2426,10.5277
2427,11.039
2428,12.1965
2429,8.21052
2430,7.37567
2431,7.69843
2432,14.0834
2433,9.37607
2434,9.54608
2435,9.00111
2436,9.09233
2437,9.22166
2438,9.92464
2439,8.2411
2440,11.2875
2441,11.8021
2442,11.9947
2443,12.0895
2444,7.16073
2445,7.53896
2446,9.02733
2447,9.11161
2448,13.487
2449,11.7735
2450,9.81536
2451,10.0317
2452,10.5634
2453,8.90584
2454,9.62677
2455,11.9793
2456,12.193
2457,10.3609
2458,14.3876
2459,11.2292
2460,11.8937
2461,6.93713
2462,13.1134
2463,9.54087
2464,8.70134
2465,8.86538
2466,8.62261
2467,10.171
2468,11.6296
2469,8.27117
2470,8.75647
2471,8.77677
2472,7.27443
2473,7.93177
2474,13.1524
2475,10.4562
2476,9.50212
2477,8.59797
2478,10.7091
2479,11.195
2480,11.4717
2481,9.71225
2482,6.87736
2483,9.2943
2484,12.1608
2485,12.7341
2486,6.77681
2487,9.06033
2488,8.31981
2489,9.19747
2490,8.35429
2491,9.62413
2492,9.88904
2493,12.9537
2494,13.3039
2495,11.7619
2496,12.3205
2497,11.9262
2498,9.01755
2499,7.93139
2500,18.1871
2501,11.8625
2502,12.2446
2503,11.253
2504,11.3183
2505,10.3452
2506,9.7537
2507,10.097
2508,9.44678
2509,8.78066
2510,10.8642
2511,6.5231
2512,7.03855
2513,8.90648
2514,7.03996
2515,10.0587
2516,8.89133
2517,9.84967
2518,12.5325
2519,8.60704
2520,9.4627
2521,6.56385
2522,9.63386
2523,10.1964
2524,10.2874
2525,10.2958
2526,8.48815
2527,7.73308
2528,7.87659
2529,12.1084
2530,7.13646
2531,9.56014
2532,8.61869
2533,8.72298
2534,8.93581
2535,10.0663
2536,10.1979
2537,11.7031
2538,6.7387
2539,12.2599
2540,12.5921
2541,12.6605
2542,9.48843
2543,9.86284
2544,9.26343
2545,8.51154
2546,8.53562
2547,10.6529
2548,10.2805
2549,11.2978
2550,11.4527
2551,11.3814
2552,11.6344
2553,10.9594
2554,10.004
2555,9.38806
2556,9.52389
2557,12.8671
2558,7.15907
2559,9.40942
2560,10.5482
2561,10.7236
2562,7.90442
2563,12.1226
2564,11.429
2565,8.46143
2566,14.5788
2567,9.74119
2568,7.82869
2569,8.00891
2570,8.30805
2571,9.7822
2572,9.79064
2573,10.1922
2574,10.6152
2575,11.2609
2576,14.6644
2577,14.2226
2578,9.73378
2579,9.94149
2580,9.11545
2581,11.2903
2582,13.0532
2583,13.2985
2584,8.53346
2585,5.11941
2586,9.73698
2587,9.99134
2588,9.09333
2589,8.2311
2590,9.32928
2591,8.71289
2592,10.0474
2593,11.1757
2594,9.37326
2595,10.5502
2596,10.9857
2597,7.42441
2598,12.2525
2599,10.3121
2600,11.6767
2601,9.01918
2602,9.781
2603,8.57495
2604,15.168
2605,10.3112
2606,9.94048
2607,8.98351
2608,9.03236
2609,11.4988
2610,12.3558
2611,13.8382
2612,12.9047
2613,11.3158
2614,12.0688
2615,10.7553
2616,16.149
2617,11.2948
2618,12.3882
2619,11.6986
2620,9.50745
2621,9.80954
2622,9.91706
2623,9.84166
2624,11.2418
2625,12.7418
2626,9.96851
2627,12.9031
2628,9.39856
2629,7.48552
2630,8.00461
2631,10.1766
2632,10.6118
2633,9.69805
2634,10.784
2635,10.8268
2636,9.8643
2637,14.2526
2638,11.274
2639,13.975
2640,8.63572
2641,11.7441
2642,7.33718
2643,8.71362
2644,11.8947
2645,8.90313
2646,9.3959
2647,8.86404
2648,9.85182
2649,8.08136
2650,13.1684
2651,9.5027
2652,11.7299
2653,10.9951
2654,12.8849
2655,7.9093
2656,7.06765
2657,14.101
2658,11.2657
2659,13.2941
2660,10.5855
2661,9.06237
2662,9.9809
2663,11.0249
2664,8.17809
2665,11.417
2666,11.6717
2667,15.8286
2668,13.3591
2669,13.7778
2670,10.3153
2671,10.3146
2672,9.88413
2673,9.65242
2674,7.19336
2675,12.5096
2676,11.941
2677,13.2298
2678,12.421
2679,8.37476
2680,8.75597
2681,8.81965
2682,8.93575
2683,9.69253
2684,8.98301
2685,10.0312
2686,10.5893
2687,11.8168
2688,8.83773
2689,11.7301
2690,10.2501
2691,8.66446
2692,13.76
2693,14.146
2694,8.03034
2695,8.51895
2696,8.57426
2697,9.98911
2698,12.2795
2699,10.5287
2700,9.63593
2701,10.2091
2702,9.44927
2703,12.6595
2704,7.84243
2705,8.47598
2706,8.81558
2707,13.7978
2708,12.8679
2709,10.9026
2710,9.16746
2711,9.17589
2712,7.75416
2713,14.3868
2714,9.53487
2715,10.2126
2716,8.29339
2717,11.0245
2718,11.3973
2719,11.6415
2720,11.9452
2721,10.2734
2722,10.2818
2723,10.3082
2724,12.4164
2725,8.45556
2726,9.18557
2727,9.70544
2728,7.53389
2729,10.547
2730,9.24463
2731,9.92804
2732,8.14113
2733,8.96874
2734,8.17875
2735,8.49359
2736,12.18
2737,7.01314
2738,14.632
2739,7.73373
2740,8.75226
2741,7.82587
2742,12.1427
2743,6.7354
2744,10.8475
2745,9.09815
2746,8.25888
2747,9.13732
2748,9.6579
2749,9.84287
2750,12.0139
2751,10.2456
2752,10.8718
2753,8.99953
2754,11.008
2755,12.0737
2756,11.3864
2757,12.5014
2758,10.9671
2759,8.21871
2760,7.77499
2761,10.9696
2762,14.3335
2763,9.57248
2764,10.3065
2765,9.66565
2766,8.58
2767,7.15953
2768,9.58153
2769,12.6532
2770,14.3095
2771,7.34894
2772,13.3846
2773,7.9619
2774,8.31209
2775,9.33629
2776,10.3616
2777,11.1981
2778,17.344
2779,9.88974
2780,12.1386
2781,11.2938
2782,9.58526
2783,9.01818
2784,9.27938
2785,9.67624
2786,10.7268
2787,7.32827
2788,10.1006
2789,15.2946
2790,10.6103
2791,8.77512
2792,9.15963
2793,12.1833
2794,10.3807
2795,10.696
2796,8.43485
2797,11.6629
2798,11.7152
2799,9.27312
2800,8.77284
2801,8.91497
2802,8.52075
2803,13.7336
2804,8.81555
2805,9.5478
2806,9.60057
2807,10.1365
2808,7.04025
2809,10.4737
2810,11.0734
2811,10.3034
2812,10.6585
2813,10.9247
2814,11.9332
2815,11.0172
2816,8.52434
2817,14.0295
2818,7.3004
2819,7.85626
2820,8.62046
2821,6.08772
2822,7.77669
2823,8.2812
2824,12.5817
2825,8.74741
2826,12.3312
2827,9.84308
2828,8.34224
2829,9.08913
2830,10.221
2831,10.4089
2832,9.45545
2833,11.9602
2834,10.1409
2835,11.0483
2836,9.39099
2837,13.599
2838,8.35643
2839,6.64708
2840,7.65262
2841,11.7221
2842,8.86603
2843,11.5181
2844,9.64332
2845,9.68646
2846,9.76323
2847,6.26971
2848,10.6974
2849,7.7277
2850,8.35113
2851,9.00655
2852,12.0383
2853,9.59343
2854,12.8254
2855,12.8591
2856,6.94837
2857,9.09141
2858,11.3831
2859,6.58252
2860,10.5966
2861,10.1787
2862,12.4026
2863,7.08977
2864,8.64294
2865,7.27963
2866,8.79737
2867,9.59276
2868,9.49798
2869,12.5147
2870,8.27412
2871,6.04132
2872,10.317
2873,10.416
2874,8.14221
2875,7.90174
2876,11.9836
2877,7.87741
2878,9.98012
2879,11.3421
2880,11.3879
2881,8.50215
2882,10.7716
2883,7.06886
2884,7.80172
2885,7.90028
2886,13.1413
2887,13.1879
2888,9.88463
2889,10.4657
2890,7.47988
2891,5.89695
2892,8.51125
2893,8.60418
2894,8.65903
2895,12.3155
2896,7.50127
2897,10.5164
2898,9.58407
2899,10.0811
2900,8.2544
2901,11.265
2902,8.03085
2903,8.06499
2904,12.1886
2905,11.8319
2906,9.02495
2907,9.03394
2908,12.0489
2909,10.1516
2910,11.1716
2911,11.5146
2912,10.8376
2913,11.1849
2914,9.27428
2915,11.735
2916,8.07609
2917,13.5875
2918,8.05103
2919,7.99356
2920,7.14439
2921,9.2272
2922,9.57851
2923,14.9193
2924,7.02608
2925,7.676
2926,8.73734
2927,7.31908
2928,10.416
2929,10.7288
2930,8.86859
2931,12.023
2932,8.04624
2933,9.80784
2934,9.96236
2935,10.7823
2936,8.16925
2937,8.34349
2938,12.407
2939,8.02939
2940,9.84866
2941,8.9069
2942,8.34516
2943,8.99287
2944,10.0062
2945,9.83998
2946,12.3276
2947,10.0606
2948,11.822
2949,9.20613
2950,11.3317
2951,9.69966
2952,9.97897
2953,10.1595
2954,7.16828
2955,12.9294
2956,8.02131
2957,11.3236
2958,11.7732
2959,9.47746
2960,9.68452
2961,12.7672
2962,16.8823
2963,14.2029
2964,10.3435
2965,14.3887
2966,13.4469
2967,10.5792
2968,10.7375
2969,8.84754
2970,9.25905
2971,11.3072
2972,11.4146
2973,11.5495
2974,11.8999
2975,10.1831
2976,10.5802
2977,12.6731
2978,9.01372
2979,10.0795
2980,9.38975
2981,8.41615
2982,7.8517
2983,10.5285
2984,9.1903
2985,7.27638
2986,8.62639
2987,8.49469
2988,7.24281
2989,12.5989
2990,7.26318
2991,12.2724
2992,10.4647
2993,11.9983
2994,9.06909
2995,5.23719
2996,8.26784
2997,8.71138
2998,13.9424
2999,8.98626
3000,9.3591
3001,9.37711
3002,13.5894
3003,12.598
3004,6.76594
3005,7.19299
3006,9.02405
3007,9.6728
3008,10.6495
3009,12.4447
3010,11.8964
3011,10.0138
3012,8.69059
3013,9.77138
3014,8.99407
3015,10.0686
3016,10.2825
3017,10.3053
3018,11.6338
3019,9.64866
3020,10.2867
3021,7.38432
3022,10.4069
3023,11.5049
3024,10.7587
3025,10.9158
3026,10.1881
3027,8.505
3028,11.767
3029,12.1851
3030,10.0295
3031,6.23151
3032,8.40132
3033,9.86679
3034,15.0439
3035,7.50618
3036,9.71004
3037,10.2582
3038,11.5483
3039,8.85996
3040,10.4256
3041,10.9895
3042,12.2689
3043,7.56908
3044,7.74767
3045,12.5569
3046,13.7512
3047,10.8409
3048,9.53597
3049,11.0919
3050,9.12246
3051,10.0618
3052,10.733
3053,9.48223
3054,10.7305
3055,8.69296
3056,8.79825
3057,8.93239
3058,9.13042
3059,9.38834
3060,9.96908
3061,10.1381
3062,10.1622
3063,10.5966
3064,10.9025
3065,11.5779
3066,8.65271
3067,11.7009
3068,8.80929
3069,11.8543
3070,5.9907
3071,11.1118
3072,12.7401
3073,6.74855
3074,8.80526
3075,9.12343
3076,9.14527
3077,10.176
3078,10.4873
3079,13.6337
3080,9.66321
3081,9.098
3082,9.37612
3083,10.6915
3084,8.00043
3085,8.02515
3086,9.25789
3087,10.6191
3088,11.6515
3089,8.83332
3090,13.3207
3091,12.7789
3092,11.8425
3093,10.3902
3094,7.49864
3095,12.8286
3096,10.8941
3097,9.54847
3098,11.3507
3099,11.388
3100,10.7487
3101,10.8593
3102,7.10612
3103,8.10555
3104,9.44562
3105,11.4136
3106,11.6928
3107,13.8182
3108,5.98074
3109,8.01218
3110,11.0743
3111,11.248
3112,8.81946
3113,8.96704
3114,10.163
3115,9.62972
3116,9.79343
3117,13.9184
3118,10.1861
3119,8.37618
3120,10.4488
3121,8.66679
3122,8.82911
3123,10.9806
3124,9.79012
3125,11.8296
3126,12.4579
3127,11.3081
3128,11.9047
3129,7.93238
3130,10.6201
3131,11.632
3132,9.75038
3133,10.3324
3134,8.18656
3135,8.39993
3136,7.90771
3137,13.4968
3138,11.5661
3139,12.3448
3140,11.7217
3141,10.1518
3142,10.547
3143,9.48678
3144,13.8906
3145,11.9232
3146,6.99664
3147,12.0418
3148,9.05022
3149,7.24485
3150,16.394
3151,9.00047
3152,9.14598
3153,9.09839
3154,13.1174
3155,7.80049
3156,10.8089
3157,10.1674
3158,10.4548
3159,15.6846
3160,7.59457
3161,9.95776
3162,10.4322
3163,8.63112
3164,10.9534
3165,10.9917
3166,9.35295
3167,11.4828
3168,12.0145
3169,12.9925
3170,10.2365
3171,8.04385
3172,12.3044
3173,16.3675
3174,14.8126
3175,10.206
3176,8.25853
3177,13.267
3178,10.2778
3179,12.444
3180,8.85001
3181,9.95403
3182,8.4153
3183,8.07386
3184,11.2227
3185,9.58807
3186,9.52628
3187,8.5981
3188,9.72928
3189,7.12503
3190,10.235
3191,9.62963
3192,10.569
3193,10.8985
3194,12.1443
3195,10.1716
3196,8.22538
3197,7.9466
3198,8.14968
3199,10.4947
3200,14.5757
3201,10.0519
3202,10.5516
3203,10.0668
3204,11.6332
3205,11.2333
3206,8.62018
3207,11.6706
3208,8.00629
3209,11.1186
3210,15.9315
3211,6.01382
3212,7.83464
3213,11.9012
3214,9.03242
3215,9.36569
3216,15.524
3217,11.0303
3218,9.2049
3219,11.6921
3220,8.88217
3221,8.27
3222,9.28641
3223,10.204
3224,11.0241
3225,10.7057
3226,8.65819
3227,7.81834
3228,8.5299
3229,8.66603
3230,14.0781
3231,10.0577
3232,5.16285
3233,11.3842
3234,11.2006
3235,11.8113
3236,8.0852
3237,13.5086
3238,8.64962
3239,11.6581
3240,8.68944
3241,8.80412
3242,8.86344
3243,6.77397
3244,8.54707
3245,8.58005
3246,7.70518
3247,7.8822
3248,9.67376
3249,13.7559
3250,12.1039
3251,9.77671
3252,13.9236
3253,12.971
3254,12.0486
3255,8.50905
3256,8.71415
3257,6.92436
3258,9.50386
3259,11.5123
3260,7.6414
3261,9.7726
3262,11.1521
3263,10.1769
3264,9.18537
3265,10.2326
3266,10.3414
3267,9.11806
3268,11.4361
3269,9.46251
3270,9.62031
3271,13.7588
3272,13.9866
3273,14.6577
3274,6.8771
3275,6.44977
3276,9.97008
3277,8.33596
3278,8.58886
3279,8.21569
3280,9.72254
3281,10.078
3282,7.29416
3283,10.6662
3284,9.85826
3285,7.93886
3286,10.9673
3287,11.6871
3288,11.4602
3289,12.1182
3290,5.29572
3291,8.47625
3292,10.6185
3293,12.7353
3294,11.9463
3295,10.0078
3296,11.0737
3297,7.71635
3298,11.3463
3299,12.2368
3300,8.22838
3301,7.68482
3302,10.7104
3303,8.83031
3304,9.60191
3305,8.00608
3306,11.6767
3307,9.72436
3308,10.7791
3309,8.9371
3310,10.0614
3311,11.1779
3312,7.59025
3313,12.4184
3314,9.18359
3315,9.62736
3316,11.0752
3317,11.3881
3318,11.4124
3319,17.5419
3320,10.2055
3321,8.36524
3322,8.02682
3323,8.44088
3324,8.56138
3325,9.38351
3326,10.511
3327,10.6165
3328,10.5488
3329,7.0967
3330,10.8139
3331,8.86786
3332,11.3675
3333,10.519
3334,8.77438
3335,14.8598
3336,9.9329
3337,10.5554
3338,13.8735
3339,9.94342
3340,12.2734
3341,9.22743
3342,10.519
3343,7.7246
3344,15.7589
3345,8.29243
3346,6.60473
3347,8.29256
3348,9.40602
3349,13.1765
3350,8.65307
3351,6.80481
3352,12.4099
3353,11.8858
3354,11.0869
3355,9.21251
3356,9.11229
3357,9.43718
3358,9.70668
3359,8.9956
3360,13.9213
3361,11.878
3362,10.8976
3363,11.0485
3364,15.0607
3365,10.8198
3366,11.1941
3367,10.5788
3368,16.9819
3369,8.1137
3370,8.12341
3371,9.97838
3372,10.0606
3373,8.83896
3374,10.0901
3375,8.41404
3376,8.46079
3377,12.6374
3378,9.5731
3379,8.06147
3380,10.4569
3381,11.0372
3382,11.345
3383,8.57288
3384,12.2011
3385,12.4764
3386,6.6517
3387,11.7743
3388,12.3968
3389,8.46566
3390,9.55662
3391,9.72555
3392,9.72903
3393,9.45247
3394,8.52468
3395,10.9005
3396,10.2611
3397,13.3769
3398,6.3952
3399,14.4642
3400,7.93231
3401,9.07231
3402,6.08524
3403,6.7845
3404,15.0459
3405,11.0794
3406,10.1038
3407,7.88995
3408,6.54651
3409,10.931
3410,7.04754
3411,9.36307
3412,9.01873
3413,10.4758
3414,8.92454
3415,10.3252
3416,10.4326
3417,7.02662
3418,7.4439
3419,10.9269
3420,8.13999
3421,8.76167
3422,9.4339
3423,8.6681
3424,10.2991
3425,7.20928
3426,8.46222
3427,6.8361
3428,8.95689
3429,8.20373
3430,9.22717
3431,11.2669
3432,11.5584
3433,8.61307
3434,11.8077
3435,10.4452
3436,9.59249
3437,10.739
3438,6.85041
3439,10.3467
3440,9.51284
3441,13.6361
3442,11.7463
3443,9.09729
3444,7.61612
3445,11.9108
3446,9.47903
3447,7.89489
3448,9.07971
3449,9.17319
3450,8.44687
3451,13.0116
3452,14.1571
3453,10.2295
3454,10.0862
3455,12.1831
3456,11.8781
3457,11.7695
3458,8.20276
3459,7.65903
3460,8.26477
3461,10.1774
3462,8.22998
3463,9.84602
3464,9.91667
3465,7.98602
3466,11.4324
3467,9.49756
3468,11.7969
3469,10.1367
3470,11.5273
3471,12.018
3472,13.0322
3473,11.2754
3474,6.97038
3475,15.7403
3476,8.57962
3477,7.21453
3478,9.52971
3479,6.54478
3480,7.7449
3481,8.92651
3482,7.99449
3483,13.1369
3484,9.21935
3485,11.5338
3486,7.73507
3487,9.80082
3488,10.9242
3489,10.085
3490,13.2866
3491,7.6371
3492,11.1983
3493,8.25224
3494,11.3624
3495,8.68906
3496,10.9001
3497,12.8637
3498,10.823
3499,10.9351
3500,11.9973
3501,7.09515
3502,9.58849
3503,11.709
3504,9.08221
3505,11.4174
3506,8.09275
3507,10.4918
3508,9.1976
3509,10.2072
3510,6.04362
3511,9.23577
3512,7.78087
3513,10.8493
3514,10.0383
3515,9.82483
3516,8.24141
3517,9.32086
3518,6.89686
3519,12.008
3520,7.82024
3521,8.10551
3522,13.464
3523,9.66613
3524,17.7718
3525,10.4136
3526,8.46744
3527,11.5471
3528,6.88569
3529,10.8484
3530,9.46439
3531,9.03707
3532,11.1123
3533,11.6719
3534,6.71586
3535,10.7975
3536,8.51704
3537,9.74944
3538,11.8772
3539,13.2999
3540,11.7743
3541,11.8928
3542,7.0523
3543,11.2078
3544,10.2438
3545,10.2528
3546,10.8215
3547,8.94981
3548,9.32169
3549,9.399
3550,8.96095
3551,10.1715
3552,11.7791
3553,10.8798
3554,6.1284
3555,7.44545
3556,7.71996
3557,11.8272
3558,11.3488
3559,8.44019
3560,11.9011
3561,8.17592
3562,9.21033
3563,9.47296
3564,13.8426
3565,12.0598
3566,12.5714
3567,12.6496
3568,9.01056
3569,9.109
3570,8.54215
3571,10.1167
3572,6.42081
3573,8.61275
3574,9.12267
3575,9.29357
3576,9.44017
3577,10.8707
3578,6.77901
3579,9.11062
3580,12.8718
3581,11.055
3582,11.0643
3583,13.8897
3584,11.5108
3585,9.10642
3586,11.3102
3587,7.58562
3588,9.46937
3589,8.83452
3590,10.8707
3591,9.46493
3592,9.73808
3593,10.3856
3594,12.1997
3595,9.21199
3596,7.68218
3597,8.60153
3598,8.63218
3599,8.92276
3600,10.4327
3601,8.49014
3602,11.5744
3603,11.8445
3604,9.97465
3605,14.4508
3606,10.7634
3607,10.1028
3608,8.57047
3609,9.29876
3610,12.3356
3611,10.386
3612,10.5027
3613,11.5112
3614,9.56976
3615,10.4792
3616,11.0777
3617,13.4247
3618,10.184
3619,10.453
3620,10.2586
3621,7.80862
3622,10.9728
3623,10.3872
3624,8.71797
3625,9.61592
3626,10.9329
3627,10.4832
3628,10.9168
3629,11.3373
3630,8.26408
3631,6.37845
3632,11.3134
3633,11.6677
3634,7.25495
3635,12.9494
3636,12.8159
3637,10.9622
3638,8.22635
3639,10.5319
3640,8.7763
3641,7.867
3642,9.78585
3643,9.85982
3644,10.9386
3645,11.0486
3646,8.70804
3647,10.7528
3648,8.76477
3649,11.9263
3650,11.091
3651,10.19
3652,10.4143
3653,10.4662
3654,10.8999
3655,11.046
3656,8.93449
3657,11.4908
3658,8.57663
3659,11.7607
3660,10.2518
3661,8.68428
3662,9.22077
3663,8.90903
3664,9.48735
3665,9.40544
3666,8.75076
3667,11.0996
3668,11.3098
3669,11.5623
3670,8.06501
3671,12.2846
3672,12.1668
3673,10.8899
3674,8.92443
3675,7.93996
3676,6.52644
3677,9.84267
3678,11.2251
3679,8.84562
3680,10.8722
3681,9.22342
3682,8.83945
3683,10.9499
3684,11.049
3685,14.3789
3686,8.6646
3687,6.42357
3688,9.78345
3689,8.86829
3690,5.41262
3691,8.28809
3692,10.1674
3693,8.86155
3694,9.14441
3695,9.80994
3696,7.1857
3697,11.1607
3698,8.31135
3699,7.52198
3700,8.85423
3701,8.08746
3702,11.1835
3703,9.68206
3704,11.7331
3705,14.1231
3706,12.6724
3707,12.7356
3708,13.0781
3709,13.2165
3710,13.2392
3711,8.9561
3712,10.0394
3713,11.8523
3714,9.95723
3715,9.25252
3716,10.5057
3717,15.9437
3718,7.49415
3719,9.52162
3720,10.4823
3721,10.5134
3722,11.7479
3723,11.6868
3724,11.7284
3725,10.4154
3726,12.5409
3727,12.3483
3728,9.85636
3729,9.22027
3730,9.27172
3731,9.10173
3732,9.63578
3733,10.1374
3734,8.65897
3735,9.80929
3736,11.0559
3737,8.25862
3738,11.6596
3739,11.7024
3740,11.187
3741,12.2043
3742,7.56133
3743,17.2838
3744,11.3013
3745,13.7618
3746,9.61053
3747,10.0162
3748,11.3463
3749,11.544
3750,8.29286
3751,9.43212
3752,8.324
3753,9.40419
3754,7.12258
3755,9.44598
3756,7.82699
3757,8.94444
3758,9.55991
3759,6.94442
3760,10.5607
3761,14.1963
3762,8.80175
3763,15.6894
3764,12.0601
3765,16.455
3766,10.9919
3767,8.05016
3768,9.92367
3769,11.6049
3770,8.76708
3771,10.308
3772,10.1436
3773,7.22058
3774,10.3446
3775,10.612
3776,7.28909
3777,12.2233
3778,8.15665
3779,10.0353
3780,7.43323
3781,8.978
3782,10.0238
3783,9.4474
3784,10.7012
3785,11.8615
3786,9.87045
3787,5.88164
3788,9.28413
3789,9.96816
3790,12.1167
3791,12.2483
3792,8.4709
3793,7.92617
3794,8.28697
3795,11.0128
3796,9.13189
3797,9.65576
3798,9.84934
3799,10.1173
3800,10.7741
3801,10.8076
3802,7.82848
3803,12.2899
3804,10.0928
3805,9.59477
3806,13.7021
3807,11.803
3808,8.60342
3809,12.6118
3810,8.80449
3811,9.8937
3812,11.0203
3813,8.27062
3814,7.64571
3815,10.5791
3816,7.44768
3817,9.09281
3818,11.1756
3819,11.5089
3820,8.79315
3821,8.01453
3822,10.0006
3823,9.16149
3824,9.42368
3825,8.085
3826,11.1319
3827,8.21734
3828,10.2557
3829,8.34712
3830,8.56296
3831,9.21278
3832,9.9376
3833,8.44107
3834,8.45927
3835,8.60536
3836,9.61998
3837,6.88284
3838,7.14312
3839,11.1857
3840,10.7029
3841,7.21216
3842,11.6199
3843,11.7912
3844,13.5908
3845,11.8472
3846,11.1722
3847,14.3175
3848,6.40732
3849,7.86096
3850,8.15735
3851,8.91446
3852,9.58544
3853,11.5939
3854,9.61427
3855,12.7697
3856,10.0986
3857,12.243
3858,10.2608
3859,10.3942
3860,11.6865
3861,11.6949
3862,12.3541
3863,11.3426
3864,6.433
3865,14.2297
3866,11.3171
3867,11.652
3868,9.44075
3869,9.53154
3870,12.2076
3871,9.93113
3872,8.21357
3873,8.31856
3874,8.32699
3875,9.34719
3876,9.39163
3877,9.745
3878,8.77809
3879,14.879
3880,10.0391
3881,10.1266
3882,7.01293
3883,7.1641
3884,11.3111
3885,8.62614
3886,10.0216
3887,8.34848
3888,13.2899
3889,10.8054
3890,10.486
3891,10.6404
3892,7.84566
3893,8.14909
3894,8.43379
3895,9.69399
3896,13.7598
3897,13.0371
3898,8.23949
3899,8.41939
3900,11.9339
3901,9.25479
3902,14.501
3903,8.56928
3904,9.61227
3905,9.83376
3906,8.0996
3907,8.18022
3908,10.7523
3909,9.48812
3910,13.0788
3911,10.3558
3912,13.757
3913,12.1444
3914,8.39069
3915,14.8198
3916,9.49442
3917,9.77599
3918,9.78442
3919,10.1145
3920,10.229
3921,9.69797
3922,9.46324
3923,11.7626
3924,9.86519
3925,10.2182
3926,16.0294
3927,6.86929
3928,8.87772
3929,16.2841
3930,9.74189
3931,7.814
3932,9.98975
3933,7.32086
3934,10.707
3935,9.76974
3936,12.8421
3937,8.06659
3938,11.3469
3939,8.3821
3940,8.45276
3941,8.83913
3942,14.9119
3943,8.00046
3944,10.6728
3945,11.016
3946,9.97312
3947,8.36057
3948,9.36003
3949,9.56378
3950,9.68087
3951,9.69191
3952,9.87555
3953,10.947
3954,13.6926
3955,8.82992
3956,13.8622
3957,12.3279
3958,8.69903
3959,8.98997
3960,11.79
3961,13.0835
3962,10.4809
3963,10.5144
3964,8.65696
3965,13.3377
3966,13.3819
3967,6.56279
3968,9.62332
3969,8.97801
3970,14.9864
3971,10.2536
3972,9.39282
3973,8.48485
3974,6.64361
3975,9.49757
3976,13.3989
3977,9.83297
3978,8.00612
3979,13.0396
3980,8.06883
3981,7.64049
3982,8.25963
3983,7.02537
3984,7.74252
3985,8.06168
3986,12.0704
3987,11.293
3988,14.5183
3989,8.63321
3990,9.66386
3991,11.9652
3992,10.1531
3993,9.58144
3994,10.7301
3995,11.2083
3996,7.39592
3997,14.0632
3998,12.2491
3999,13.1703
4000,10.1851
4001,9.6019
4002,9.12651
4003,8.63484
4004,11.8879
4005,12.1714
4006,9.2525
4007,10.4638
4008,11.525
4009,10.2074
4010,9.12637
4011,13.7684
4012,12.475
4013,11.1553
4014,10.1637
4015,8.21628
4016,8.14351
4017,8.28672
4018,8.58624
4019,10.0445
4020,8.94651
4021,10.1106
4022,8.69382
4023,11.0763
4024,10.5087
4025,10.6812
4026,10.958
4027,10.3263
4028,13.158
4029,7.59771
4030,8.7607
4031,10.0833
4032,13.0921
4033,10.2268
4034,9.56799
4035,11.1386
4036,8.68629
4037,8.37319
4038,9.3528
4039,13.0996
4040,10.2767
4041,9.67558
4042,10.8509
4043,11.6444
4044,10.9887
4045,8.22936
4046,8.63616
4047,11.9834
4048,12.9918
4049,11.1448
4050,11.6634
4051,12.0885
4052,8.17473
4053,13.3817
4054,8.69248
4055,8.35256
4056,8.52902
4057,10.5374
4058,9.64131
4059,7.70559
4060,11.7539
4061,10.866
4062,8.73773
4063,14.2854
4064,9.65308
4065,12.8472
4066,12.1022
4067,11.74
4068,13.7485
4069,10.108
4070,9.7644
4071,16.1557
4072,11.4214
4073,17.5158
4074,9.20585
4075,7.67624
4076,9.37407
4077,9.704
4078,7.81645
4079,10.8941
4080,13.103
4081,9.45925
4082,11.6665
4083,11.7797
4084,9.56375
4085,8.7258
4086,9.00271
4087,7.20943
4088,9.55713
4089,8.75784
4090,9.86288
4091,10.1679
4092,8.67763
4093,13.7075
4094,8.6318
4095,10.6869
4096,6.93158
4097,8.95061
4098,10.4584
4099,9.94112
4100,14.3848
4101,9.43869
4102,12.7101
4103,9.60406
4104,12.1391
4105,9.26463
4106,9.68049
4107,6.85956
4108,14.1144
4109,8.70591
4110,7.58142
4111,8.29573
4112,7.95421
4113,10.3188
4114,12.6066
4115,11.5212
4116,8.10011
4117,8.87497
4118,10.3134
4119,8.32418
4120,12.7317
4121,12.4173
4122,10.3232
4123,7.71954
4124,6.11005
4125,8.42153
4126,10.1486
4127,10.1916
4128,9.99319
4129,11.5925
4130,10.7333
4131,8.2325
4132,8.24093
4133,12.7836
4134,10.5129
4135,9.18978
4136,9.56695
4137,10.2331
4138,10.3148
4139,10.892
4140,12.1672
4141,9.27876
4142,6.51846
4143,15.9129
4144,7.29272
4145,10.721
4146,8.98339
4147,9.11881
4148,9.20535
4149,5.67445
4150,8.0708
4151,12.6507
4152,9.19495
4153,10.3472
4154,9.35567
4155,13.7881
4156,11.5673
4157,8.81489
4158,12.1096
4159,9.1232
4160,7.39604
4161,8.44492
4162,14.3087
4163,10.7596
4164,12.5905
4165,8.40894
4166,10.6098
4167,13.6394
4168,13.0132
4169,16.3644
4170,9.61976
4171,8.14215
4172,10.2094
4173,8.38666
4174,8.46729
4175,9.2218
4176,9.27985
4177,10.19
4178,7.29818
4179,10.3312
4180,10.8149
4181,11.0248
4182,11.1646
4183,11.173
4184,12.5809
4185,9.9092
4186,14.9177
4187,12.1196
4188,12.6426
4189,10.3293
4190,11.6404
4191,9.11142
4192,12.1491
4193,9.40474
4194,15.4968
4195,9.70461
4196,10.8517
4197,9.93141
4198,8.05023
4199,13.2339
4200,14.3474
4201,12.5027
4202,8.39983
4203,11.5256
4204,10.0434
4205,14.3529
4206,14.3238
4207,7.83333
4208,11.2842
4209,11.5507
4210,9.47811
4211,10.5791
4212,11.5308
4213,11.7735
4214,5.81756
4215,9.98371
4216,10.8106
4217,7.29066
4218,8.44916
4219,10.4576
4220,7.48234
4221,7.75749
4222,8.38971
4223,9.4929
4224,10.0234
4225,10.049
4226,10.1911
4227,12.3219
4228,9.71272
4229,12.6126
4230,11.5434
4231,11.9946
4232,10.6673
4233,7.83501
4234,8.1237
4235,10.318
4236,11.0733
4237,7.22021
4238,7.81993
4239,7.12354
4240,7.84609
4241,8.21671
4242,13.2416
4243,8.67717
4244,8.80589
4245,11.0014
4246,7.42788
4247,10.5162
4248,8.57684
4249,10.6742
4250,12.7422
4251,10.7646
4252,9.96958
4253,8.5237
4254,9.95862
4255,9.18647
4256,12.3642
4257,9.73913
4258,12.8159
4259,9.0321
4260,12.1235
4261,9.51245
4262,11.3745
4263,10.4626
4264,10.6269
4265,12.7937
4266,11.2199
4267,13.6705
4268,17.1153
4269,9.70973
4270,8.8274
4271,8.35326
4272,8.74425
4273,10.3805
4274,5.64535
4275,7.99958
4276,7.25008
4277,9.48816
4278,10.8909
4279,9.9496
4280,9.10903
4281,9.76592
4282,9.36879
4283,10.488
4284,12.5931
4285,9.37506
4286,7.53243
4287,6.97438
4288,12.2363
4289,7.37798
4290,8.64722
4291,7.82313
4292,11.9249
4293,9.12412
4294,9.25793
4295,9.2536
4296,9.14609
4297,8.32354
4298,10.0675
4299,13.1338
4300,8.78688
4301,9.5359
4302,9.56452
4303,11.7037
4304,11.5099
4305,11.6243
4306,12.8762
4307,12.9419
4308,6.66957
4309,8.7472
4310,7.57465
4311,12.9121
4312,8.05408
4313,11.0979
4314,16.2248
4315,8.64769
4316,9.81244
4317,8.06789
4318,7.31166
4319,8.67132
4320,10.0473
4321,10.4321
4322,11.6541
4323,9.97395
4324,10.0182
4325,10.0808
4326,10.1726
4327,11.1811
4328,11.4445
4329,12.4125
4330,12.9482
4331,10.1293
4332,11.3635
4333,7.63786
4334,15.0893
4335,15.2077
4336,8.87965
4337,9.30759
4338,9.15167
4339,11.2625
4340,9.29473
4341,7.9569
4342,12.6582
4343,10.8803
4344,11.4916
4345,10.431
4346,13.6589
4347,10.8947
4348,10.9415
4349,7.88548
4350,8.80878
4351,11.1285
4352,12.9912
4353,13.1027
4354,8.25315
4355,12.4493
4356,12.8421
4357,7.56731
4358,8.19191
4359,8.33704
4360,12.5958
4361,10.0461
4362,8.23191
4363,9.17321
4364,11.4907
4365,13.6126
4366,8.72962
4367,12.7917
4368,7.00645
4369,9.7367
4370,11.1112
4371,9.43342
4372,10.8733
4373,12.9498
4374,10.8026
4375,10.8721
4376,10.118
4377,8.08103
4378,6.43456
4379,9.22798
4380,7.50355
4381,9.98743
4382,8.10328
4383,16.2811
4384,9.48376
4385,9.8498
4386,9.88892
4387,9.07569
4388,10.3981
4389,10.6708
4390,10.9944
4391,13.0625
4392,10.1729
4393,8.74516
4394,11.2579
4395,11.4501
4396,8.28806
4397,9.41261
4398,10.4228
4399,10.615
4400,10.0698
4401,10.1369
4402,8.04556
4403,8.64202
4404,6.7661
4405,9.82987
4406,8.58064
4407,11.0394
4408,9.06329
4409,8.94909
4410,10.6595
4411,10.8862
4412,12.5486
4413,7.52537
4414,13.053
4415,9.03753
4416,11.2775
4417,8.23945
4418,11.0615
4419,8.16561
4420,9.75795
4421,13.8514
4422,7.03418
4423,13.1431
4424,10.7462
4425,7.37456
4426,9.56095
4427,10.0929
4428,13.1013
4429,9.30697
4430,9.4952
4431,10.8932
4432,9.81784
4433,13.668
4434,9.15014
4435,9.84289
4436,10.1019
4437,12.2731
4438,11.4616
4439,9.82895
4440,11.108
4441,9.44456
4442,11.6002
4443,9.73518
4444,8.898
4445,12.3982
4446,13.2538
4447,12.2752
4448,6.12193
4449,8.01156
4450,7.60281
4451,6.83321
4452,10.0071
4453,8.30833
4454,11.0849
4455,11.181
4456,12.3849
4457,11.5177
4458,7.74078
4459,11.9003
4460,8.19333
4461,11.252
4462,7.26134
4463,11.1036
4464,8.72805
4465,11.7747
4466,12.4201
4467,10.6895
4468,16.3013
4469,15.3098
4470,14.5505
4471,8.49198
4472,7.23133
4473,8.44095
4474,11.2548
4475,6.46713
4476,8.7154
4477,10.3145
4478,9.79804
4479,11.6557
4480,10.7011
4481,11.1905
4482,5.4265
4483,10.7032
4484,7.18561
4485,7.57037
4486,11.7805
4487,5.91474
4488,10.0303
4489,10.5722
4490,10.6122
4491,10.482
4492,10.5433
4493,13.5518
4494,11.8795
4495,10.1049
4496,8.71659
4497,8.68932
4498,9.89744
4499,7.37096
4500,7.78116
4501,11.9703
4502,16.2882
4503,7.54243
4504,8.06439
4505,8.82688
4506,8.93731
4507,14.6744
4508,9.68285
4509,9.87314
4510,14.6064
4511,8.87591
4512,11.0175
4513,9.07725
4514,11.6086
4515,11.6945
4516,11.767
4517,11.9578
4518,12.0426
4519,9.35197
4520,12.3889
4521,6.69151
4522,8.95461
4523,9.27214
4524,9.34911
4525,9.99379
4526,10.0057
4527,8.63718
4528,11.1742
4529,11.2729
4530,9.96709
4531,13.3675
4532,10.8056
4533,10.0139
4534,12.0225
4535,14.3086
4536,8.08999
4537,10.1657
4538,9.91545
4539,6.20349
4540,10.6684
4541,12.7211
4542,7.17838
4543,11.7267
4544,8.26097
4545,9.31103
4546,9.38498
4547,6.68425
4548,6.70225
4549,6.1568
4550,11.3131
4551,10.6626
4552,8.85856
4553,11.022
4554,8.85788
4555,7.36591
4556,10.7726
4557,11.0346
4558,11.2707
4559,11.3997
4560,11.461
4561,12.6307
4562,11.0437
4563,10.297
4564,15.869
4565,13.4372
4566,15.1886
4567,9.75406
4568,9.9126
4569,10.5041
4570,8.77793
4571,14.7733
4572,9.79542
4573,7.87646
4574,7.62041
4575,10.8592
4576,9.69374
4577,9.92868
4578,8.41757
4579,10.5882
4580,11.506
4581,9.85301
4582,11.8901
4583,7.02439
4584,10.2291
4585,11.3057
4586,10.3777
4587,10.7969
4588,8.60728
4589,12.6707
4590,10.5294
4591,9.12599
4592,9.6233
4593,8.67693
4594,7.08758
4595,16.3663
4596,9.42261
4597,10.554
4598,9.80506
4599,9.8578
4600,10.0971
4601,8.33081
4602,11.9519
4603,11.9967
4604,12.0614
4605,12.4966
4606,10.024
4607,11.0574
4608,14.0186
4609,11.3772
4610,15.6342
4611,9.76085
4612,14.2733
4613,6.01961
4614,16.5319
4615,8.23097
4616,8.46922
4617,8.78946
4618,9.67023
4619,8.7075
4620,8.27373
4621,10.8983
4622,11.1707
4623,12.2341
4624,11.3108
4625,12.9759
4626,10.9907
4627,6.97906
4628,10.3679
4629,10.7006
4630,11.0639
4631,10.9112
4632,10.9654
4633,11.7638
4634,11.3642
4635,9.43374
4636,9.74166
4637,16.7854
4638,10.9295
4639,11.938
4640,7.78214
4641,8.03626
4642,14.2294
4643,9.53603
4644,9.92874
4645,10.8621
4646,9.88323
4647,11.8972
4648,9.99257
4649,8.04412
4650,10.4056
4651,10.517
4652,11.7715
4653,12.8651
4654,8.97683
4655,11.8595
4656,8.94224
4657,12.1535
4658,8.49099
4659,8.49902
4660,12.5519
4661,11.1733
4662,10.9811
4663,8.26883
4664,9.76881
4665,8.60447
4666,7.34527
4667,7.9416
4668,15.0357
4669,9.39878
4670,8.81163
4671,10.0351
4672,9.05574
4673,9.79409
4674,9.38208
4675,11.7365
4676,11.8455
4677,10.8504
4678,14.2995
4679,13.8268
4680,11.7519
4681,8.11586
4682,15.1853
4683,8.32217
4684,9.14982
4685,10.3379
4686,10.3514
4687,10.3706
4688,12.0703
4689,11.1061
4690,11.1621
4691,17.3941
4692,10.4965
4693,9.6369
4694,10.8258
4695,10.951
4696,8.0237
4697,12.2043
4698,8.62831
4699,6.85775
4700,6.58323
4701,10.1902
4702,12.2228
4703,9.51113
4704,10.9513
4705,15.9289
4706,7.92185
4707,11.5078
4708,11.6633
4709,8.79765
4710,7.88997
4711,12.5231
4712,12.5891
4713,12.234
4714,10.7456
4715,10.9465
4716,10.7745
4717,12.5792
4718,12.5945
4719,15.6165
4720,15.1243
4721,12.9167
4722,8.26029
4723,10.4182
4724,8.23572
4725,8.52347
4726,9.94783
4727,9.26841
4728,10.4543
4729,9.25381
4730,10.9725
4731,7.12137
4732,8.26139
4733,5.68801
4734,10.1803
4735,6.81913
4736,10.9505
4737,8.32282
4738,9.47677
4739,10.2551
4740,6.5308
4741,17.802
4742,7.86638
4743,11.5371
4744,9.73734
4745,11.9779
4746,11.4744
4747,11.1322
4748,13.913
4749,11.3002
4750,11.3527
4751,11.364
4752,13.3868
4753,13.7255
4754,10.0911
4755,10.347
4756,11.417
4757,9.17589
4758,10.5182
4759,12.0337
4760,7.61701
4761,6.20426
4762,8.39818
4763,9.01165
4764,10.4975
4765,10.5683
4766,11.0411
4767,10.0784
4768,10.4105
4769,11.1312
4770,7.48332
4771,13.7965
4772,8.36082
4773,8.63555
4774,9.10111
4775,9.29673
4776,7.47762
4777,8.55741
4778,10.1125
4779,9.6748
4780,8.15452
4781,10.297
4782,11.3494
4783,10.4028
4784,10.4468
4785,10.6524
4786,11.5358
4787,12.9607
4788,10.2108
4789,16.6603
4790,10.3684
4791,12.3935
4792,8.06345
4793,8.21624
4794,6.37387
4795,10.4277
4796,10.4601
4797,15.8442
4798,12.156
4799,12.5962
4800,7.24883
4801,13.8798
4802,8.67294
4803,9.7005
4804,8.89229
4805,8.96319
4806,9.45003
4807,8.82463
4808,8.01116
4809,9.16811
4810,10.2853
4811,8.82366
4812,9.99424
4813,11.096
4814,10.2229
4815,7.4478
4816,8.92789
4817,9.18346
4818,9.78761
4819,9.8891
4820,9.96738
4821,8.47073
4822,8.92623
4823,10.4803
4824,11.0887
4825,9.23372
4826,10.3501
4827,12.3766
4828,11.4613
4829,13.3265
4830,8.06744
4831,8.12392
4832,9.00677
4833,10.0189
4834,10.0823
4835,16.0908
4836,9.16718
4837,9.19155
4838,10.2723
4839,10.3938
4840,10.5131
4841,10.8123
4842,10.8921
4843,10.0093
4844,11.0934
4845,11.37
4846,10.4795
4847,10.8539
4848,11.4722
4849,13.9127
4850,7.89122
4851,10.8908
4852,8.482
4853,11.9917
4854,11.0536
4855,9.68781
4856,9.74392
4857,9.85498
4858,12.6147
4859,13.437
4860,9.7011
4861,14.0006
4862,10.0491
4863,10.6564
4864,8.42826
4865,9.5172
4866,11.8227
4867,8.68275
4868,13.7628
4869,7.80574
4870,7.02382
4871,8.94343
4872,9.24172
4873,9.65813
4874,10.384
4875,10.4403
4876,8.5472
4877,10.8398
4878,9.96627
4879,12.1236
4880,11.6278
4881,11.8269
4882,7.03896
4883,12.3648
4884,10.4117
4885,10.7771
4886,8.95987
4887,9.14957
4888,12.4955
4889,12.5187
4890,10.536
4891,9.92909
4892,9.72229
4893,14.0796
4894,10.5678
4895,9.72964
4896,9.15999
4897,9.21318
4898,11.5243
4899,12.697
4900,10.3394
4901,10.4281
4902,13.5558
4903,9.71383
4904,5.80416
4905,9.16938
4906,6.8751
4907,13.9454
4908,12.1379
4909,8.42834
4910,11.3341
4911,8.60876
4912,9.36328
4913,9.42169
4914,8.43373
4915,8.51197
4916,6.86299
4917,11.3751
4918,7.85963
4919,11.1401
4920,11.3139
4921,11.6136
4922,14.7013
4923,15.3013
4924,10.1621
4925,8.79392
4926,11.3785
4927,11.5795
4928,8.21463
4929,8.46207
4930,11.582
4931,10.2024
4932,10.408
4933,13.5401
4934,7.23381
4935,11.2918
4936,10.7528
4937,9.20565
4938,9.15613
4939,8.3439
4940,10.272
4941,11.3534
4942,10.4842
4943,11.2864
4944,8.58013
4945,11.1604
4946,13.4035
4947,11.4318
4948,6.67435
4949,10.7119
4950,11.8957
4951,11.2967
4952,9.81323
4953,9.88262
4954,8.50388
4955,9.32355
4956,11.6489
4957,9.81205
4958,8.12413
4959,10.4043
4960,9.58484
4961,10.8222
4962,10.072
4963,10.6625
4964,8.15241
4965,8.99662
4966,12.198
4967,9.71471
4968,9.92032
4969,13.5049
4970,8.64209
4971,10.3018
4972,10.512
4973,9.65303
4974,9.86044
4975,8.28437
4976,7.48837
4977,9.66372
4978,15.7777
4979,8.41873
4980,9.50702
4981,8.78001
4982,9.13853
4983,9.40484
4984,7.46415
4985,9.59541
4986,7.73744
4987,18.1859
4988,8.78109
4989,12.0367
4990,10.0451
4991,13.2111
4992,10.0351
4993,7.82471
4994,9.45368
4995,8.76673
4996,9.31698
4997,10.3381
4998,8.36366
4999,7.44631
5000,10.6882
5001,9.84786
5002,7.99808
5003,6.37086
5004,10.6
5005,13.1515
5006,11.0061
5007,10.3406
5008,11.6904
5009,9.92244
5010,9.25132
5011,13.7017
5012,7.90579
5013,10.7725
5014,9.06779
5015,6.94363
5016,9.43022
5017,8.81561
5018,7.89969
5019,7.01946
5020,10.5993
5021,9.32791
5022,10.2089
5023,10.6084
5024,7.36449
5025,11.5962
5026,12.3857
5027,12.6188
5028,8.90193
5029,13.9453
5030,8.66297
5031,10.9272
5032,7.48188
5033,11.7938
5034,7.88132
5035,9.00093
5036,9.2661
5037,8.25807
5038,8.62033
5039,8.79869
5040,7.97852
5041,10.0826
5042,9.11247
5043,9.65344
5044,12.8706
5045,13.1221
5046,12.7732
5047,13.6385
5048,9.33138
5049,7.92714
5050,8.12939
5051,12.9587
5052,9.23741
5053,8.5381
5054,7.56238
5055,8.43372
5056,10.7634
5057,7.80774
5058,12.7736
5059,9.81954
5060,11.1486
5061,7.56564
5062,10.7014
5063,10.7845
5064,11.9919
5065,12.0003
5066,8.4976
5067,11.2934
5068,9.4212
5069,11.5655
5070,11.2541
5071,11.6676
5072,7.75919
5073,9.2362
5074,9.04855
5075,8.14785
5076,9.19607
5077,8.66658
5078,8.93341
5079,9.22236
5080,9.30254
5081,8.35982
5082,10.9052
5083,10.8621
5084,10.238
5085,8.87825
5086,8.88668
5087,7.59288
5088,7.75053
5089,13.8073
5090,8.27343
5091,7.52354
5092,8.86107
5093,12.1189
5094,11.2777
5095,8.6073
5096,8.95443
5097,9.09318
5098,9.11133
5099,8.2953
5100,10.4701
5101,12.1373
5102,11.1989
5103,10.5321
5104,13.5406
5105,13.0507
5106,8.31089
5107,9.66167
5108,9.02593
5109,13.6968
5110,8.68501
5111,15.767
5112,8.8636
5113,8.97573
5114,9.74024
5115,8.01366
5116,7.07711
5117,10.0855
5118,10.1958
5119,6.14963
5120,8.14174
5121,10.5628
5122,9.88887
5123,12.6895
5124,11.0099
5125,10.0248
5126,9.84438
5127,12.0399
5128,13.1168
5129,11.7034
5130,13.7491
5131,8.22199
5132,11.0224
5133,11.6317
5134,14.6838
5135,8.49584
5136,16.2996
5137,9.23111
5138,11.0281
5139,10.4002
5140,13.0131
5141,8.19876
5142,8.52122
5143,8.57396
5144,9.9906
5145,10.3975
5146,9.74076
5147,7.99407
5148,10.217
5149,11.9719
5150,10.1671
5151,12.3396
5152,8.52974
5153,13.9119
5154,9.48884
5155,12.7222
5156,11.4064
5157,8.37166
5158,8.72475
5159,9.35501
5160,9.81363
5161,10.0093
5162,10.7404
5163,11.3677
5164,11.2991
5165,12.4769
5166,7.66828
5167,8.00257
5168,10.4738
5169,9.34367
5170,8.41176
5171,9.52119
5172,9.54817
5173,9.68819
5174,10.252
5175,10.4444
5176,9.5919
5177,9.33164
5178,11.5237
5179,9.75564
5180,12.0977
5181,10.1609
5182,13.4403
5183,12.5834
5184,11.1071
5185,14.189
5186,14.2122
5187,9.76392
5188,10.2067
5189,9.16134
5190,11.935
5191,9.73153
5192,9.99372
5193,13.1254
5194,11.3454
5195,11.435
5196,9.44998
5197,9.80559
5198,10.9544
5199,10.1238
5200,11.1345
5201,10.8282
5202,8.89155
5203,10.1871
5204,6.1681
5205,6.45527
5206,9.35018
5207,10.0302
5208,9.16562
5209,9.50457
5210,10.8504
5211,10.9656
5212,10.2963
5213,10.5881
5214,11.0251
5215,11.081
5216,9.70739
5217,20.7158
5218,8.66881
5219,10.7903
5220,10.6964
5221,5.64687
5222,7.03146
5223,8.08962
5224,8.75347
5225,8.13865
5226,8.37801
5227,8.57203
5228,16.839
5229,9.23746
5230,9.72871
5231,11.934
5232,10.5917
5233,9.62601
5234,12.901
5235,13.9683
5236,12.0142
5237,10.8776
5238,13.2575
5239,9.25615
5240,7.48759
5241,9.44686
5242,8.16191
5243,9.45355
5244,11.5596
5245,9.62119
5246,9.95757
5247,10.3846
5248,12.564
5249,10.8091
5250,8.12942
5251,8.95019
5252,11.2377
5253,9.39777
5254,8.4062
5255,12.715
5256,9.94395
5257,9.75067
5258,11.7181
5259,8.70472
5260,8.98344
5261,11.6063
5262,9.8186
5263,8.4359
5264,9.60113
5265,10.7353
5266,8.74372
5267,11.1182
5268,10.3993
5269,8.74445
5270,12.2067
5271,9.1904
5272,7.84499
5273,9.26377
5274,8.38467
5275,9.45702
5276,12.4728
5277,9.31901
5278,11.6111
5279,12.1521
5280,7.40419
5281,12.8161
5282,13.6803
5283,14.4653
5284,10.1502
5285,7.60643
5286,8.28457
5287,9.77637
5288,9.8828
5289,18.8819
5290,11.1622
5291,8.25436
5292,14.9025
5293,15.9808
5294,7.25713
5295,13.8896
5296,8.0637
5297,10.522
5298,14.5874
5299,8.85834
5300,7.55985
5301,10.7678
5302,12.863
5303,11.1631
5304,8.28126
5305,13.9298
5306,10.0312
5307,9.20152
5308,9.35687
5309,15.3882
5310,11.3966
5311,9.8745
5312,11.0111
5313,11.2523
5314,10.535
5315,11.9464
5316,11.3691
5317,6.83595
5318,11.0633
5319,12.351
5320,11.3595
5321,11.5103
5322,10.2733
5323,11.3163
5324,13.4929
5325,14.4685
5326,9.78793
5327,8.30154
5328,11.3558
5329,9.00586
5330,6.43572
5331,7.96648
5332,6.12728
5333,10.3419
5334,7.30634
5335,7.79213
5336,11.1095
5337,10.5854
5338,9.717
5339,8.89145
5340,10.4937
5341,10.5362
5342,9.44866
5343,9.82623
5344,7.32535
5345,7.3615
5346,13.0987
5347,9.2478
5348,9.46348
5349,10.4904
5350,10.5556
5351,7.06946
5352,13.1885
5353,10.3714
5354,8.53675
5355,11.6955
5356,12.0885
5357,8.1188
5358,9.3673
5359,8.40956
5360,9.84383
5361,12.1478
5362,9.41665
5363,10.4643
5364,9.54158
5365,16.5728
5366,10.1663
5367,10.2678
5368,10.8538
5369,8.11187
5370,9.50559
5371,10.6973
5372,12.9038
5373,10.9898
5374,13.114
5375,11.7464
5376,10.3975
5377,9.01728
5378,10.0472
5379,13.2631
5380,10.5612
5381,10.6549
5382,11.6984
5383,9.78172
5384,9.91
5385,20.0713
5386,9.49865
5387,9.21169
5388,8.49153
5389,10.7235
5390,8.9752
5391,12.6129
5392,6.86586
5393,10.9901
5394,8.34077
5395,8.4209
5396,8.88799
5397,14.1043
5398,6.39738
5399,7.50864
5400,10.5386
5401,12.7387
5402,8.74709
5403,9.26291
5404,10.4181
5405,7.446
5406,11.7213
5407,7.89412
5408,10.0496
5409,11.7561
5410,9.7652
5411,12.1884
5412,8.30744
5413,10.4249
5414,7.49065
5415,13.4548
5416,8.67181
5417,9.70626
5418,8.7424
5419,15.9345
5420,6.1881
5421,7.47107
5422,10.5367
5423,7.73698
5424,12.6483
5425,8.87827
5426,8.06846
5427,7.40632
5428,5.60658
5429,6.90173
5430,11.823
5431,8.03338
5432,12.3912
5433,8.63149
5434,11.2849
5435,7.59392
5436,9.7979
5437,11.0428
5438,9.08005
5439,10.1256
5440,10.2983
5441,10.3323
5442,10.6514
5443,9.71052
5444,9.31157
5445,11.3398
5446,12.7132
5447,9.08333
5448,9.9948
5449,6.41022
5450,11.5371
5451,10.6449
5452,10.127
5453,9.38714
5454,10.5304
5455,9.68358
5456,9.98898
5457,12.1778
5458,8.32242
5459,12.6372
5460,8.72476
5461,9.15337
5462,15.2053
5463,10.0956
5464,10.9676
5465,9.04959
5466,10.2309
5467,9.28469
5468,9.42699
5469,7.78176
5470,10.7616
5471,8.5098
5472,9.88668
5473,9.62328
5474,10.9098
5475,10.5174
5476,8.18084
5477,14.8485
5478,9.20214
5479,10.9155
5480,12.6431
5481,7.70926
5482,9.11535
5483,7.4614
5484,9.47182
5485,9.50934
5486,8.80553
5487,9.18562
5488,9.55757
5489,9.71338
5490,9.74985
5491,11.8119
5492,10.8203
5493,9.98793
5494,11.1145
5495,12.2584
5496,9.17518
5497,12.9463
5498,10.5741
5499,8.58254
5500,8.6267
5501,10.6405
5502,8.8602
5503,9.42569
5504,6.5499
5505,13.8161
5506,10.9036
5507,16.4739
5508,7.8669
5509,14.0203
5510,9.33316
5511,7.37679
5512,8.06672
5513,8.26793
5514,10.3757
5515,13.3841
5516,11.4069
5517,14.0728
5518,9.08719
5519,11.2112
5520,7.23802
5521,10.3394
5522,9.41697
5523,7.45055
5524,9.54732
5525,9.81409
5526,9.87712
5527,10.3896
5528,10.893
5529,8.92689
5530,9.0443
5531,9.35948
5532,8.48279
5533,11.5637
5534,10.276
5535,9.75806
5536,10.7915
5537,10.8685
5538,11.0362
5539,10.3419
5540,13.526
5541,9.32437
5542,12.5985
5543,9.81612
5544,10.971
5545,12.1924
5546,9.4932
5547,12.5319
5548,6.77466
5549,10.1189
5550,10.158
5551,10.2136
5552,14.4469
5553,13.4924
5554,7.88522
5555,8.00556
5556,11.1134
5557,10.1267
5558,12.5274
5559,6.88058
5560,8.88902
5561,10.0438
5562,9.13719
5563,7.39619
5564,9.54672
5565,12.7888
5566,10.0447
5567,10.2117
5568,11.6804
5569,10.828
5570,11.4757
5571,12.2426
5572,13.3551
5573,7.73218
5574,7.84593
5575,8.62457
5576,7.37746
5577,11.9032
5578,13.2546
5579,12.5583
5580,6.40174
5581,9.43088
5582,13.4799
5583,13.9219
5584,10.3263
5585,12.3591
5586,8.04018
5587,7.3037
5588,7.61807
5589,7.57461
5590,9.60008
5591,8.6555
5592,9.02006
5593,8.3607
5594,8.55987
5595,11.1594
5596,11.1959
5597,6.84246
5598,7.0798
5599,7.61627
5600,7.78587
5601,12.0268
5602,10.0356
5603,8.3002
5604,10.3442
5605,8.61463
5606,8.48721
5607,8.58808
5608,10.1921
5609,12.2197
5610,5.84013
5611,11.1103
5612,7.23552
5613,12.4631
5614,7.64285
5615,7.65899
5616,8.74231
5617,9.15689
5618,9.06475
5619,9.71078
5620,9.75515
5621,10.7379
5622,9.76511
5623,11.3796
5624,12.5627
5625,6.97006
5626,7.75223
5627,9.13377
5628,12.1613
5629,13.0959
5630,8.24587
5631,13.2838
5632,12.4498
5633,8.52696
5634,8.60958
5635,9.96553
5636,9.63129
5637,12.0442
5638,8.44762
5639,12.682
5640,18.4169
5641,12.0069
5642,10.0861
5643,10.526
5644,11.9823
5645,12.2295
5646,11.4643
5647,6.90996
5648,7.2992
5649,11.4775
5650,7.58854
5651,7.85466
5652,9.8296
5653,12.2443
5654,6.83883
5655,9.93843
5656,12.0411
5657,11.1677
5658,7.2291
5659,10.6592
5660,10.6908
5661,11.8036
5662,10.1417
5663,8.16707
5664,8.72406
5665,12.8085
5666,6.85698
5667,9.89569
5668,9.22217
5669,9.36663
5670,11.1601
5671,11.2694
5672,11.1076
5673,15.25
5674,13.6826
5675,8.90211
5676,11.476
5677,7.59207
5678,11.2781
5679,12.7447
5680,10.2292
5681,7.4024
5682,9.71925
5683,9.36421
5684,14.4685
5685,6.67578
5686,9.89062
5687,9.92863
5688,7.62878
5689,14.9048
5690,8.37855
5691,9.15729
5692,10.2315
5693,7.78566
5694,9.14798
5695,8.41505
5696,9.18569
5697,10.6333
5698,13.6417
5699,11.6501
5700,10.789
5701,10.0658
5702,8.25336
5703,12.6089
5704,8.10919
5705,9.84231
5706,9.03773
5707,15.0717
5708,13.4973
5709,10.9519
5710,11.3936
5711,11.2893
5712,8.98627
5713,10.0245
5714,14.162
5715,9.8376
5716,11.1196
5717,10.3125
5718,8.81232
5719,10.835
5720,10.6003
5721,12.9641
5722,7.11463
5723,7.9017
5724,8.42244
5725,9.47852
5726,11.2568
5727,12.7543
5728,11.8182
5729,10.9104
5730,8.16747
5731,11.185
5732,11.3503
5733,12.8714
5734,12.955
5735,5.6349
5736,10.368
5737,11.769
5738,6.14121
5739,6.36306
5740,10.9236
5741,10.4596
5742,9.06981
5743,11.0771
5744,12.1506
5745,8.20001
5746,13.5861
5747,12.3211
5748,16.6866
5749,7.12101
5750,11.9598
5751,8.31947
5752,6.96551
5753,9.55994
5754,9.86071
5755,10.1957
5756,10.6238
5757,7.48509
5758,6.5737
5759,9.92815
5760,10.5308
5761,10.3187
5762,7.73781
5763,9.01247
5764,8.07578
5765,12.4009
5766,7.9508
5767,8.39394
5768,11.4238
5769,8.72756
5770,9.82736
5771,10.3618
5772,9.40553
5773,12.5494
5774,7.78553
5775,7.79396
5776,8.60693
5777,7.95701
5778,15.0044
5779,9.11707
5780,11.5613
5781,9.68672
5782,9.93538
5783,12.0343
5784,10.1912
5785,10.2986
5786,10.4083
5787,11.243
5788,11.3848
5789,11.4714
5790,12.3238
5791,8.42543
5792,8.44314
5793,12.4667
5794,12.7548
5795,9.09258
5796,9.30562
5797,10.422
5798,11.0576
5799,7.21843
5800,7.50644
5801,12.6938
5802,7.4167
5803,8.67833
5804,8.98499
5805,9.71361
5806,10.1298
5807,10.6705
5808,10.7139
5809,10.8283
5810,8.72836
5811,12.6935
5812,12.7484
5813,7.80972
5814,9.05632
5815,13.2078
5816,8.35319
5817,12.6391
5818,10.8027
5819,6.01569
5820,10.5299
5821,7.95822
5822,7.81824
5823,10.1837
5824,11.3129
5825,8.06561
5826,9.0281
5827,9.43245
5828,12.557
5829,10.2672
5830,10.6846
5831,12.178
5832,14.2437
5833,6.92909
5834,8.43434
5835,8.32857
5836,10.8519
5837,8.04551
5838,10.468
5839,7.24399
5840,13.7233
5841,10.9349
5842,9.23309
5843,13.3048
5844,9.5775
5845,8.77819
5846,10.5135
5847,10.831
5848,9.95825
5849,10.6106
5850,11.6945
5851,12.2497
5852,10.4576
5853,12.4507
5854,10.5676
5855,10.9468
5856,8.23724
5857,11.6611
5858,11.9256
5859,11.1304
5860,9.16514
5861,11.683
5862,13.3052
5863,9.12229
5864,11.2949
5865,11.5442
5866,7.12875
5867,5.8069
5868,12.8948
5869,7.82458
5870,9.02561
5871,9.06904
5872,12.0979
5873,9.64288
5874,10.2215
5875,13.5802
5876,6.66775
5877,11.9259
5878,10.4757
5879,10.98
5880,11.4222
5881,9.14764
5882,9.37162
5883,11.3855
5884,11.2356
5885,10.5465
5886,15.0321
5887,7.05641
5888,10.4633
5889,13.9449
5890,9.04573
5891,8.11836
5892,10.6195
5893,9.83591
5894,9.04939
5895,10.6627
5896,13.036
5897,7.91988
5898,9.34465
5899,8.80497
5900,7.58682
5901,7.60254
5902,9.03468
5903,10.3574
5904,9.38462
5905,10.9214
5906,9.02202
5907,10.2303
5908,11.3555
5909,9.83601
5910,8.33966
5911,8.57903
5912,10.1034
5913,12.2075
5914,9.44501
5915,12.6132
5916,9.06821
5917,9.07761
5918,9.34898
5919,11.7104
5920,11.7843
5921,14.5845
5922,9.6255
5923,10.9612
5924,6.26743
5925,8.76709
5926,12.0735
5927,10.8461
5928,7.93215
5929,8.81362
5930,11.0369
5931,9.33753
5932,9.98514
5933,12.5379
5934,11.6045
5935,10.4013
5936,6.71952
5937,9.08031
5938,12.204
5939,11.9085
5940,15.014
5941,12.6057
5942,9.68132
5943,6.82677
5944,11.0116
5945,8.49941
5946,7.57383
5947,9.94637
5948,12.0301
5949,8.14376
5950,12.4431
5951,14.5262
5952,10.5672
5953,8.73197
5954,8.97801
5955,9.98645
5956,8.04292
5957,9.38958
5958,8.45547
5959,13.5529
5960,9.60474
5961,10.8089
5962,9.94084
5963,10.5185
5964,10.8204
5965,9.82882
5966,10.8552
5967,10.9758
5968,11.1858
5969,10.36
5970,9.65002
5971,11.0614
5972,11.1064
5973,11.4991
5974,12.5079
5975,13.2368
5976,12.4878
5977,13.8418
5978,9.85022
5979,11.677
5980,13.8676
5981,11.1047
5982,9.84809
5983,11.0692
5984,9.87353
5985,12.4012
5986,7.58724
5987,6.93729
5988,10.7804
5989,8.03179
5990,10.8246
5991,11.8722
5992,8.04367
5993,11.1436
5994,8.87096
5995,12.6513
5996,8.41612
5997,9.96681
5998,10.3037
5999,9.68471
6000,6.91826
6001,8.5089
6002,9.22215
6003,10.0524
6004,10.8787
6005,11.7778
6006,8.8894
6007,12.2758
6008,8.39292
6009,8.47117
6010,8.24401
6011,9.9764
6012,11.0582
6013,11.7262
6014,10.1495
6015,9.33419
6016,9.906
6017,10.2026
6018,12.416
6019,11.7608
6020,8.9528
6021,9.34003
6022,7.7409
6023,7.82357
6024,13.8354
6025,7.9874
6026,8.09194
6027,7.1782
6028,9.27924
6029,12.4708
6030,8.60152
6031,10.0959
6032,11.6185
6033,11.7032
6034,7.8773
6035,11.1836
6036,11.228
6037,8.81935
6038,13.9121
6039,14.4031
6040,14.0391
6041,7.34123
6042,14.0492
6043,8.48663
6044,14.8343
6045,9.58702
6046,8.59546
6047,8.66692
6048,9.7151
6049,9.96548
6050,10.3186
6051,10.4237
6052,16.6804
6053,10.7196
6054,11.0946
6055,7.70843
6056,12.178
6057,9.53311
6058,7.95728
6059,12.5369
6060,9.76625
6061,14.013
6062,10.17
6063,14.7102
6064,7.38808
6065,8.48135
6066,11.7474
6067,9.01064
6068,9.56551
6069,10.1369
6070,9.6812
6071,10.7929
6072,9.16544
6073,11.1393
6074,13.8157
6075,12.2593
6076,9.6205
6077,13.9258
6078,12.9889
6079,13.0513
6080,12.1452
6081,15.2852
6082,10.9561
6083,11.3889
6084,9.54384
6085,6.89112
6086,6.07271
6087,12.0964
6088,8.41047
6089,10.6015
6090,9.30087
6091,10.0859
6092,8.41765
6093,8.65201
6094,9.18999
6095,8.51232
6096,10.8332
6097,8.02687
6098,8.21178
6099,11.2379
6100,8.81101
6101,11.9323
6102,12.4624
6103,8.07912
6104,10.4925
6105,11.4551
6106,11.4636
6107,10.7046
6108,11.7859
6109,8.9582
6110,8.08762
6111,8.1787
6112,14.3339
6113,12.4132
6114,9.61283
6115,8.09648
6116,6.47491
6117,8.48335
6118,11.166
6119,11.3762
6120,11.4102
6121,9.88938
6122,9.95233
6123,12.5808
6124,11.6234
6125,19.595
6126,7.97847
6127,9.2654
6128,8.75511
6129,9.35477
6130,10.3972
6131,8.11351
6132,10.8463
6133,8.1668
6134,11.5689
6135,12.8645
6136,11.0525
6137,9.13245
6138,9.68682
6139,12.141
6140,12.5977
6141,10.8575
6142,13.0397
6143,10.4308
6144,8.53741
6145,11.9056
6146,7.78926
6147,11.5239
6148,11.811
6149,8.89346
6150,9.0908
6151,12.4756
6152,9.5959
6153,7.63046
6154,13.0247
6155,10.8244
6156,11.77
6157,7.79887
6158,8.05875
6159,8.69961
6160,12.2412
6161,10.6901
6162,14.5931
6163,12.1297
6164,13.4065
6165,10.6569
6166,8.76763
6167,8.2848
6168,12.7132
6169,11.7923
6170,17.4679
6171,9.96183
6172,11.6633
6173,9.40312
6174,12.4493
6175,13.2928
6176,8.81167
6177,7.84252
6178,8.14476
6179,9.85862
6180,10.1545
6181,10.9512
6182,12.0856
6183,6.42499
6184,8.18415
6185,9.40037
6186,8.27443
6187,6.56568
6188,8.71062
6189,6.8035
6190,11.8119
6191,10.9901
6192,10.2139
6193,13.4034
6194,6.52244
6195,10.5523
6196,8.04918
6197,11.1152
6198,9.09815
6199,9.68931
6200,7.75119
6201,12.1355
6202,14.8431
6203,9.11131
6204,12.5385
6205,6.55682
6206,11.6652
6207,7.73131
6208,10.2507
6209,9.3248
6210,13.2517
6211,9.82296
6212,9.90906
6213,9.32196
6214,6.7202
6215,8.73681
6216,9.83861
6217,9.94534
6218,7.19121
6219,10.4443
6220,10.4655
6221,7.82971
6222,7.36177
6223,8.13313
6224,8.98702
6225,10.123
6226,14.2596
6227,10.3044
6228,10.1497
6229,7.82442
6230,6.45213
6231,7.30786
6232,10.6976
6233,8.34584
6234,9.59252
6235,8.88527
6236,9.42095
6237,7.63134
6238,9.77163
6239,10.3839
6240,10.4456
6241,9.52168
6242,12.3179
6243,13.067
6244,7.57295
6245,7.66909
6246,7.70178
6247,9.88158
6248,9.33063
6249,15.912
6250,9.17771
6251,9.61224
6252,10.7988
6253,12.5313
6254,8.75463
6255,8.67252
6256,9.45522
6257,10.5339
6258,7.56939
6259,7.40434
6260,7.71394
6261,10.8864
6262,7.00449
6263,8.1147
6264,10.6042
6265,6.62131
6266,9.01233
6267,8.69905
6268,10.7755
6269,8.80641
6270,7.97101
6271,8.14699
6272,10.5253
6273,12.5573
6274,8.77956
6275,8.85514
6276,9.60526
6277,10.3106
6278,9.32001
6279,11.358
6280,11.3664
6281,14.7308
6282,8.74772
6283,10.8468
6284,10.5652
6285,16.1643
6286,6.89797
6287,9.17355
6288,13.2453
6289,9.63104
6290,10.8116
6291,6.9559
6292,9.32568
6293,10.7113
6294,9.5216
6295,9.04862
6296,10.0623
6297,10.7223
6298,8.73206
6299,10.8047
6300,10.9355
6301,12.3344
6302,11.9899
6303,10.0265
6304,10.0208
6305,10.1614
6306,11.505
6307,7.81879
6308,12.6788
6309,8.0988
6310,12.8964
6311,16.008
6312,9.14323
6313,9.67458
6314,11.9749
6315,10.8645
6316,12.0217
6317,8.3849
6318,13.4583
6319,10.0154
6320,9.79355
6321,11.0785
6322,11.3745
6323,8.98809
6324,8.03151
6325,12.348
6326,8.82944
6327,8.87961
6328,8.19775
6329,8.74116
6330,11.8843
6331,12.2083
6332,17.316
6333,11.344
6334,10.2844
6335,7.38428
6336,10.6979
6337,7.72035
6338,11.8985
6339,11.5158
6340,7.58038
6341,8.62282
6342,7.7805
6343,10.0028
6344,9.9459
6345,11.4416
6346,9.65715
6347,6.86226
6348,12.8815
6349,11.4644
6350,9.27829
6351,8.32105
6352,12.4523
6353,8.59462
6354,8.67774
6355,9.86284
6356,9.20674
6357,10.2369
6358,9.62966
6359,8.6627
6360,10.1667
6361,10.2545
6362,7.29714
6363,9.4542
6364,10.7704
6365,8.89432
6366,10.9167
6367,11.9251
6368,9.99019
6369,11.1392
6370,7.17949
6371,10.3864
6372,8.57266
6373,8.13067
6374,12.5529
6375,11.5888
6376,8.60004
6377,11.8099
6378,13.4053
6379,10.4224
6380,11.7022
6381,8.71691
6382,10.0329
6383,11.7035
6384,11.8959
6385,9.0876
6386,11.2775
6387,11.5318
6388,9.5535
6389,13.6843
6390,13.7021
6391,13.8994
6392,9.32651
6393,10.98
6394,9.51494
6395,13.4237
6396,10.6653
6397,10.0975
6398,9.55704
6399,6.97604
6400,14.7352
6401,7.76488
6402,10.9324
6403,11.2582
6404,10.5533
6405,13.7421
6406,14.32
6407,9.43972
6408,11.7737
6409,11.9988
6410,14.0817
6411,9.34963
6412,9.39783
6413,11.3897
6414,10.6295
6415,8.67438
6416,9.46059
6417,9.52276
6418,9.37559
6419,10.4478
6420,11.6779
6421,6.94744
6422,7.82425
6423,16.2968
6424,9.49881
6425,11.4857
6426,12.8649
6427,8.44787
6428,12.4292
6429,12.9405
6430,11.8537
6431,9.47643
6432,9.53098
6433,9.92697
6434,10.3916
6435,9.00561
6436,7.06905
6437,8.40458
6438,8.48161
6439,9.03482
6440,9.04325
6441,10.0631
6442,9.02554
6443,9.55923
6444,11.5868
6445,10.5972
6446,8.88293
6447,7.89495
6448,9.9766
6449,10.985
6450,12.8628
6451,8.02157
6452,12.3699
6453,9.46696
6454,8.48769
6455,11.6058
6456,9.06746
6457,10.5445
6458,10.5417
6459,8.56338
6460,12.3866
6461,9.95445
6462,7.28577
6463,11.512
6464,8.84392
6465,9.49872
6466,9.97438
6467,13.5119
6468,8.75937
6469,10.8444
6470,8.5211
6471,11.6501
6472,9.67148
6473,10.3468
6474,8.55624
6475,8.74576
6476,9.34742
6477,10.3908
6478,9.4442
6479,7.50991
6480,10.1912
6481,10.2596
6482,15.7088
6483,11.534
6484,7.65876
6485,6.66719
6486,8.14934
6487,12.6229
6488,8.65471
6489,8.41706
6490,10.819
6491,11.9624
6492,9.04188
6493,13.1694
6494,7.76259
6495,7.79837
6496,14.0863
6497,8.2136
6498,10.288
6499,12.5611
6500,9.08747
6501,12.7324
6502,9.90532
6503,14.3049
6504,14.8208
6505,14.8901
6506,11.8778
6507,9.02949
6508,9.98841
6509,9.757
6510,9.80565
6511,11.8161
6512,12.1809
6513,8.32447
6514,9.8868
6515,12.9862
6516,14.0123
6517,9.50249
6518,6.78419
6519,8.06201
6520,11.3637
6521,7.76239
6522,10.4226
6523,11.7489
6524,7.66308
6525,13.7266
6526,9.74896
6527,7.12667
6528,11.1447
6529,10.596
6530,6.44028
6531,7.24353
6532,9.84271
6533,11.3083
6534,13.3167
6535,8.89618
6536,6.95329
6537,9.15516
6538,9.24755
6539,15.5264
6540,12.3825
6541,7.40854
6542,10.4311
6543,10.5633
6544,11.5798
6545,11.6511
6546,11.7192
6547,11.9372
6548,10.0106
6549,12.345
6550,13.4854
6551,12.8625
6552,12.0466
6553,7.58366
6554,12.6756
6555,10.4004
6556,12.786
6557,11.1552
6558,12.7806
6559,13.3437
6560,10.3521
6561,14.5419
6562,7.06335
6563,14.3192
6564,12.7909
6565,7.26301
6566,8.88846
6567,9.36351
6568,9.47871
6569,10.7164
6570,10.7514
6571,10.8473
6572,9.98827
6573,10.003
6574,10.6507
6575,10.8338
6576,10.7033
6577,12.3101
6578,12.4344
6579,16.3679
6580,8.81164
6581,9.18513
6582,9.66696
6583,10.2137
6584,9.28399
6585,9.64546
6586,7.80587
6587,9.64283
6588,11.1257
6589,9.1886
6590,10.7388
6591,11.5851
6592,11.6056
6593,8.829
6594,13.1965
6595,14.5468
6596,9.19959
6597,7.30166
6598,14.3949
6599,10.5766
6600,11.0383
6601,17.0265
6602,9.52326
6603,7.21472
6604,6.47239
6605,10.2034
6606,8.67992
6607,9.77641
6608,7.89799
6609,8.38473
6610,9.40161
6611,12.5077
6612,6.05938
6613,11.1432
6614,12.247
6615,7.52115
6616,10.5556
6617,9.85246
6618,12.9416
6619,12.1503
6620,7.28033
6621,8.69174
6622,9.48118
6623,9.878
6624,12.9039
6625,10.0257
6626,10.2328
6627,10.3708
6628,11.2567
6629,8.28207
6630,6.57759
6631,11.7002
6632,7.77613
6633,15.1989
6634,9.00681
6635,13.2287
6636,8.81486
6637,6.84243
6638,11.2788
6639,10.3888
6640,9.6963
6641,9.90057
6642,11.936
6643,11.0106
6644,8.05793
6645,9.07696
6646,11.3077
6647,11.4767
6648,9.72698
6649,13.0246
6650,10.4054
6651,11.5241
6652,11.3872
6653,13.4249
6654,6.46052
6655,7.55915
6656,11.7703
6657,7.59752
6658,10.3366
6659,9.48956
6660,12.9759
6661,7.76869
6662,11.7502
6663,8.35632
6664,9.88835
6665,12.5195
6666,11.7814
6667,6.78986
6668,11.2581
6669,12.9075
6670,9.58028
6671,8.35281
6672,12.0012
6673,9.7028
6674,7.26879
6675,8.51067
6676,11.9389
6677,15.5306
6678,9.58024
6679,6.892
6680,6.90508
6681,8.07686
6682,11.5211
6683,7.72804
6684,8.23077
6685,9.15739
6686,7.26438
6687,9.67203
6688,10.0536
6689,10.2591
6690,17.2736
6691,10.9264
6692,11.1824
6693,12.9214
6694,10.9412
6695,12.2792
6696,10.3062
6697,13.4656
6698,10.0541
6699,8.3146
6700,10.4236
6701,14.3578
6702,15.4145
6703,10.5308
6704,11.5497
6705,8.76365
6706,9.0009
6707,12.0416
6708,9.22823
6709,11.4808
6710,12.8272
6711,9.8398
6712,9.14522
6713,9.15366
6714,11.2915
6715,10.3689
6716,10.4221
6717,11.1674
6718,12.2347
6719,8.28382
6720,12.4054
6721,13.0461
6722,8.01492
6723,9.04567
6724,10.2387
6725,7.67101
6726,9.74916
6727,11.3634
6728,7.45515
6729,7.82047
6730,11.0996
6731,8.58301
6732,11.7728
6733,9.08742
6734,12.3474
6735,7.68577
6736,10.7675
6737,10.3235
6738,13.5156
6739,14.6398
6740,7.85886
6741,8.32409
6742,8.7732
6743,13.2639
6744,12.3165
6745,10.9252
6746,11.2732
6747,11.6445
6748,12.1334
6749,10.8916
6750,12.9278
6751,10.9518
6752,10.1572
6753,9.24106
6754,11.3498
6755,10.5489
6756,10.746
6757,11.8648
6758,11.3499
6759,10.428
6760,8.45937
6761,9.98987
6762,12.8306
6763,8.84763
6764,8.57644
6765,8.09807
6766,8.63389
6767,8.68558
6768,12.7354
6769,7.21423
6770,12.3957
6771,9.85914
6772,10.6145
6773,8.80977
6774,10.8289
6775,8.85498
6776,8.87517
6777,8.9467
6778,11.3147
6779,9.43797
6780,11.7296
6781,9.77241
6782,11.3568
6783,12.0991
6784,10.3615
6785,13.8279
6786,12.8863
6787,9.42592
6788,9.58264
6789,10.2819
6790,10.6094
6791,7.57229
6792,6.709
6793,12.9576
6794,7.36224
6795,13.4603
6796,8.78983
6797,8.81971
6798,8.84286
6799,15.9976
6800,9.49742
6801,13.0568
6802,8.38611
6803,13.3675
6804,8.40485
6805,11.8673
6806,12.0435
6807,13.0626
6808,12.3369
6809,8.41536
6810,11.5885
6811,16.7191
6812,6.72756
6813,7.59312
6814,10.9959
6815,14.0482
6816,7.16564
6817,11.2091
6818,14.5728
6819,11.7462
6820,9.7559
6821,9.46765
6822,9.87512
6823,11.9519
6824,9.99659
6825,7.1153
6826,11.2874
6827,7.43866
6828,8.93228
6829,12.1979
6830,7.91931
6831,7.18108
6832,14.3646
6833,9.48574
6834,6.81477
6835,9.82804
6836,13.8596
6837,10.5117
6838,12.0205
6839,11.0304
6840,11.9014
6841,7.18947
6842,7.91281
6843,13.1741
6844,8.18658
6845,9.2561
6846,15.2645
6847,8.56161
6848,8.82678
6849,9.1966
6850,10.2612
6851,9.97298
6852,10.035
6853,10.5955
6854,7.67962
6855,10.0135
6856,12.2591
6857,9.96929
6858,10.2583
6859,6.78752
6860,11.2695
6861,10.06
6862,9.39198
6863,9.59935
6864,9.33238
6865,8.65571
6866,11.392
6867,15.1205
6868,9.93344
6869,11.6461
6870,10.1439
6871,8.39497
6872,9.49061
6873,12.5663
6874,8.79321
6875,9.76252
6876,7.90505
6877,11.352
6878,8.96571
6879,9.02859
6880,11.2557
6881,9.37882
6882,9.50152
6883,11.5203
6884,9.89311
6885,10.02
6886,12.0462
6887,10.1801
6888,7.03994
6889,11.0484
6890,12.2985
6891,11.8563
6892,8.03758
6893,12.12
6894,12.6028
6895,9.43236
6896,13.9478
6897,8.34491
6898,13.1575
6899,9.26331
6900,9.6152
6901,7.13505
6902,11.4377
6903,9.74233
6904,9.43045
6905,11.4684
6906,7.48735
6907,8.49578
6908,12.9925
6909,10.1762
6910,8.26387
6911,7.37525
6912,12.6897
6913,10.7151
6914,11.0852
6915,11.1758
6916,11.6035
6917,15.7382
6918,11.819
6919,10.145
6920,5.97834
6921,6.36234
6922,10.9674
6923,12.7173
6924,10.139
6925,10.15
6926,10.3001
6927,6.28182
6928,6.41132
6929,11.452
6930,11.7821
6931,11.9089
6932,7.59378
6933,9.46973
6934,9.62794
6935,8.2599
6936,9.10426
6937,11.1127
6938,11.721
6939,13.108
6940,7.5029
6941,9.72096
6942,10.9501
6943,10.0428
6944,10.8653
6945,8.30066
6946,7.11388
6947,7.34708
6948,6.64276
6949,9.72321
6950,8.05385
6951,8.46832
6952,8.84182
6953,7.3512
6954,9.45468
6955,8.4978
6956,11.1005
6957,13.4485
6958,10.0568
6959,12.2095
6960,9.2894
6961,11.8006
6962,7.6084
6963,12.1142
6964,12.1693
6965,14.7664
6966,9.56221
6967,12.2713
6968,6.70366
6969,10.7943
6970,15.8128
6971,10.7165
6972,8.74688
6973,7.26104
6974,8.65159
6975,9.90302
6976,9.09135
6977,11.1841
6978,10.4648
6979,8.3183
6980,12.3811
6981,12.1109
6982,13.2088
6983,6.36921
6984,8.71318
6985,9.4123
6986,9.54408
6987,7.61529
6988,7.67503
6989,7.74594
6990,8.0366
6991,11.1
6992,8.1355
6993,11.645
6994,9.36121
6995,10.7458
6996,11.0691
6997,11.795
6998,12.2223
6999,12.4991
7000,13.5391
7001,9.65922
7002,8.0282
7003,15.2038
7004,9.28834
7005,11.8659
7006,9.13932
7007,11.3176
7008,8.67112
7009,11.7627
7010,9.89539
7011,10.209
7012,9.22981
7013,8.96855
7014,10.127
7015,11.3978
7016,8.1659
7017,11.1743
7018,11.1828
7019,9.56553
7020,7.58277
7021,7.64446
7022,7.67244
7023,7.74782
7024,8.12187
7025,15.1355
7026,9.27565
7027,8.42445
7028,10.0581
7029,10.2256
7030,8.72839
7031,12.2321
7032,11.4241
7033,10.5542
7034,9.94402
7035,13.0116
7036,7.42937
7037,10.9628
7038,10.2649
7039,14.8087
7040,12.1489
7041,8.37637
7042,9.82111
7043,8.35757
7044,9.31123
7045,9.69485
7046,10.444
7047,11.5654
7048,9.79052
7049,7.94229
7050,11.7265
7051,9.24625
7052,7.08251
7053,8.46779
7054,9.86597
7055,12.4387
7056,7.49258
7057,9.73602
7058,8.07837
7059,11.0098
7060,9.08237
7061,12.1212
7062,9.74693
7063,12.3055
7064,11.7934
7065,11.907
7066,12.8917
7067,13.3747
7068,9.57272
7069,10.7684
7070,9.52937
7071,7.21242
7072,10.6321
7073,8.08291
7074,9.343
7075,10.3671
7076,12.4147
7077,9.92532
7078,10.3373
7079,7.24692
7080,12.476
7081,9.72415
7082,8.53297
7083,8.93849
7084,9.15871
7085,9.29058
7086,9.4641
7087,9.96037
7088,8.35521
7089,7.81857
7090,10.906
7091,9.10855
7092,6.58756
7093,14.5118
7094,12.6926
7095,9.09277
7096,8.9235
7097,7.50561
7098,8.84954
7099,8.77023
7100,9.31868
7101,9.41151
7102,10.4653
7103,9.53516
7104,9.79386
7105,11.0123
7106,10.0927
7107,11.9608
7108,10.1969
7109,11.541
7110,10.6473
7111,8.72642
7112,8.91
7113,10.0416
7114,9.28033
7115,9.85178
7116,10.5664
7117,11.8523
7118,12.2691
7119,8.35262
7120,9.69402
7121,8.17094
7122,12.1265
7123,9.71125
7124,11.4188
7125,11.6795
7126,8.94277
7127,12.1825
7128,10.8813
7129,8.06234
7130,9.37694
7131,10.6113
7132,11.697
7133,7.40335
7134,8.37021
7135,11.5128
7136,9.7539
7137,9.42681
7138,9.47366
7139,8.63643
7140,11.8507
7141,9.30528
7142,13.3259
7143,10.4206
7144,11.9179
7145,9.74763
7146,11.9455
7147,12.0249
7148,10.0333
7149,6.59327
7150,8.90118
7151,9.95816
7152,9.75261
7153,10.9656
7154,10.2006
7155,9.47817
7156,10.6874
7157,10.8143
7158,7.95647
7159,11.0568
7160,11.4227
7161,10.7218
7162,8.8667
7163,8.89894
7164,12.3196
7165,8.36658
7166,9.43716
7167,10.7101
7168,10.7383
7169,10.1492
7170,9.18342
7171,10.3422
7172,11.7764
7173,11.6266
7174,11.1006
7175,12.7201
7176,13.904
7177,10.7349
7178,9.37955
7179,9.09981
7180,8.39179
7181,9.7675
7182,7.88103
7183,11.6593
7184,8.7754
7185,10.0914
7186,12.3876
7187,12.5107
7188,10.5233
7189,7.33922
7190,6.37383
7191,9.85134
7192,10.2152
7193,10.5377
7194,9.58563
7195,11.7553
7196,11.8009
7197,9.8538
7198,9.87836
7199,11.7223
7200,11.6726
7201,9.30007
7202,9.21219
7203,9.35349
7204,11.5783
7205,15.8262
7206,6.7419
7207,8.46294
7208,8.78115
7209,8.95326
7210,9.16157
7211,9.72611
7212,10.5072
7213,12.4422
7214,12.5592
7215,8.96487
7216,12.1037
7217,9.86729
7218,7.91272
7219,13.775
7220,16.1148
7221,7.55893
7222,9.8541
7223,10.489
7224,8.86353
7225,8.87196
7226,10.469
7227,10.8087
7228,7.38746
7229,15.1523
7230,12.5498
7231,10.6264
7232,8.69746
7233,10.1032
7234,10.4214
7235,8.36373
7236,7.69825
7237,6.76377
7238,9.17765
7239,7.91989
7240,7.95504
7241,8.23023
7242,14.2863
7243,9.72616
7244,10.0559
7245,11.3887
7246,7.43818
7247,10.5027
7248,10.581
7249,11.3056
7250,8.46928
7251,10.9708
7252,8.38261
7253,8.56366
7254,9.86043
7255,7.71896
7256,11.0315
7257,12.1613
7258,7.26602
7259,9.53336
7260,7.85457
7261,8.67675
7262,11.6852
7263,8.94491
7264,11.9717
7265,7.1052
7266,10.6122
7267,14.0874
7268,9.0466
7269,12.1338
7270,7.30298
7271,8.67767
7272,15.8971
7273,12.9593
7274,8.73685
7275,9.85582
7276,9.83127
7277,9.26785
7278,8.59116
7279,8.60051
7280,8.7069
7281,13.0694
7282,9.50616
7283,9.69199
7284,7.08357
7285,11.1782
7286,10.8231
7287,6.95512
7288,11.967
7289,11.5153
7290,14.3269
7291,12.8752
7292,12.7352
7293,9.83217
7294,12.9188
7295,8.60681
7296,9.02341
7297,9.06514
7298,9.25474
7299,6.96789
7300,7.50453
7301,7.73765
7302,9.42489
7303,14.3274
7304,14.9231
7305,10.2102
7306,8.7725
7307,11.0715
7308,6.56711
7309,9.09406
7310,9.76661
7311,10.6732
7312,9.90018
7313,7.5289
7314,7.79706
7315,11.1658
7316,10.5071
7317,11.6568
7318,8.19426
7319,12.6768
7320,10.9307
7321,11.2385
7322,6.39183
7323,9.74933
7324,14.2712
7325,10.6265
7326,9.09733
7327,12.8464
7328,13.0201
7329,11.5911
7330,14.2714
7331,14.1574
7332,10.2691
7333,7.28167
7334,9.52418
7335,9.86706
7336,12.7561
7337,9.46361
7338,9.68614
7339,9.80783
7340,10.3014
7341,10.6398
7342,11.1309
7343,13.4697
7344,10.8969
7345,7.96528
7346,8.96031
7347,9.33826
7348,8.38433
7349,15.2276
7350,11.9698
7351,6.668
7352,12.7171
7353,10.5395
7354,11.0355
7355,8.19193
7356,10.3647
7357,8.56419
7358,12.545
7359,8.00076
7360,7.36449
7361,7.5324
7362,8.75595
7363,10.8103
7364,8.24258
7365,9.40357
7366,9.51835
7367,9.97383
7368,9.05094
7369,7.12739
7370,12.2593
7371,9.49934
7372,13.6308
7373,8.97297
7374,10.295
7375,11.4123
7376,10.603
7377,9.80155
7378,10.931
7379,11.259
7380,11.356
7381,11.4407
7382,10.0107
7383,6.34569
7384,7.00859
7385,7.11416
7386,8.7554
7387,8.77936
7388,8.46743
7389,13.4711
7390,9.98004
7391,9.25813
7392,7.4934
7393,9.25562
7394,9.308
7395,7.41185
7396,9.45323
7397,9.5045
7398,10.0797
7399,11.405
7400,8.79179
7401,8.86004
7402,9.53538
7403,9.57537
7404,9.0783
7405,10.8337
7406,11.0876
7407,10.1626
7408,8.44072
7409,8.28326
7410,9.8687
7411,9.26351
7412,8.45175
7413,10.4815
7414,6.44331
7415,10.6639
7416,10.7374
7417,13.8351
7418,9.19286
7419,11.2421
7420,9.47892
7421,8.98525
7422,8.04523
7423,10.13
7424,9.17502
7425,10.461
7426,9.95979
7427,11.008
7428,9.09233
7429,10.5498
7430,12.0079
7431,10.1733
7432,10.405
7433,12.4825
7434,8.14719
7435,12.9863
7436,9.43491
7437,9.18277
7438,9.45952
7439,8.57469
7440,10.6043
7441,9.56982
7442,11.4293
7443,13.0661
7444,11.6469
7445,8.32048
7446,7.80913
7447,8.39361
7448,10.4478
7449,8.56669
7450,8.88924
7451,9.33729
7452,10.5378
7453,7.16183
7454,11.3245
7455,11.3612
7456,11.9162
7457,10.9645
7458,7.97208
7459,8.15687
7460,7.72058
7461,8.14575
7462,6.23782
7463,8.34491
7464,8.41226
7465,12.464
7466,8.53026
7467,9.66741
7468,12.7123
7469,8.96177
7470,10.3502
7471,9.82452
7472,9.88089
7473,8.96161
7474,10.5284
7475,10.8498
7476,12.7941
7477,12.153
7478,7.27941
7479,12.221
7480,7.22944
7481,9.81568
7482,8.80235
7483,9.38834
7484,8.92713
7485,8.93557
7486,10.7791
7487,10.2631
7488,8.39096
7489,5.51874
7490,8.28116
7491,9.89245
7492,12.1178
7493,9.51099
7494,10.1236
7495,10.8644
7496,7.7493
7497,14.9011
7498,8.15582
7499,9.41917
7500,10.4169
7501,10.754
7502,10.1353
7503,8.14611
7504,9.51038
7505,10.6006
7506,6.95425
7507,11.0423
7508,8.39637
7509,10.9245
7510,6.45396
7511,11.3603
7512,13.5565
7513,17.2396
7514,12.072
7515,13.2442
7516,8.10313
7517,9.16019
7518,7.08086
7519,9.71997
7520,9.96177
7521,14.3217
7522,11.2138
7523,10.5451
7524,10.3571
7525,12.4238
7526,8.57133
7527,10.818
7528,10.8383
7529,9.37786
7530,8.43092
7531,11.3236
7532,9.87552
7533,17.7787
7534,10.7951
7535,11.1073
7536,12.3375
7537,12.5795
7538,11.3588
7539,7.8908
7540,8.58943
7541,11.0921
7542,10.1005
7543,10.2656
7544,15.3773
7545,7.98912
7546,11.1215
7547,8.42026
7548,9.89084
7549,11.0267
7550,11.3671
7551,11.0004
7552,8.72978
7553,8.14303
7554,7.48651
7555,7.85616
7556,9.86459
7557,7.90176
7558,8.04884
7559,12.2596
7560,9.63569
7561,11.3396
7562,9.72734
7563,8.78438
7564,8.89939
7565,14.2165
7566,13.2966
7567,9.65662
7568,15.1019
7569,9.27303
7570,8.66912
7571,11.0818
7572,6.31545
7573,7.61619
7574,9.69459
7575,10.8038
7576,13.0589
7577,7.26417
7578,8.58934
7579,13.6077
7580,7.73465
7581,8.04696
7582,8.35025
7583,8.54575
7584,10.5998
7585,9.81285
7586,10.2635
7587,9.94373
7588,16.8768
7589,11.9179
7590,8.04623
7591,12.0794
7592,12.285
7593,8.40625
7594,8.63365
7595,8.75778
7596,9.34163
7597,15.4372
7598,10.9452
7599,8.04611
7600,11.5836
7601,7.80138
7602,9.2812
7603,14.3283
7604,8.33674
7605,6.60868
7606,8.92739
7607,10.9618
7608,12.3453
7609,11.5625
7610,12.5569
7611,10.6129
7612,9.87293
7613,12.9686
7614,7.03235
7615,8.75944
7616,11.037
7617,11.2301
7618,8.42196
7619,11.5038
7620,16.7375
7621,14.2546
7622,5.83687
7623,7.97249
7624,9.30292
7625,11.5104
7626,8.64871
7627,11.6851
7628,11.6623
7629,9.99266
7630,10.0581
7631,10.0821
7632,9.37535
7633,8.60725
7634,9.44418
7635,10.3362
7636,10.7899
7637,9.93378
7638,11.3496
7639,11.4926
7640,13.7687
7641,8.00526
7642,6.30586
7643,8.34418
7644,7.08083
7645,8.2411
7646,9.29908
7647,11.8392
7648,10.686
7649,10.8657
7650,9.99679
7651,11.082
7652,10.3631
7653,10.4561
7654,7.08548
7655,8.90381
7656,8.24564
7657,7.66864
7658,9.29975
7659,9.73087
7660,10.4383
7661,10.7256
7662,11.1535
7663,11.5794
7664,11.6314
7665,14.0202
7666,10.5741
7667,12.4296
7668,7.20676
7669,9.59062
7670,9.8282
7671,10.7192
7672,9.24488
7673,9.65579
7674,10.9409
7675,12.8465
7676,7.27348
7677,7.39678
7678,12.4698
7679,7.8107
7680,11.613
7681,17.912
7682,8.07669
7683,8.21463
7684,11.2381
7685,9.1783
7686,9.73923
7687,9.75211
7688,9.85509
7689,13.1394
7690,10.2013
7691,10.4074
7692,10.8146
7693,11.4421
7694,8.64341
7695,13.875
7696,17.5186
7697,7.72401
7698,9.50357
7699,9.46785
7700,9.62143
7701,8.94866
7702,9.77864
7703,10.0518
7704,10.0811
7705,10.5595
7706,15.3261
7707,5.44948
7708,6.68296
7709,8.54771
7710,8.9677
7711,9.05774
7712,9.64152
7713,11.8778
7714,9.95219
7715,8.96062
7716,9.26853
7717,10.1995
7718,10.235
7719,10.5955
7720,8.74436
7721,12.0845
7722,12.9184
7723,9.136
7724,10.1444
7725,10.7979
7726,10.1145
7727,10.7917
7728,8.91111
7729,12.3816
7730,9.75323
7731,9.81414
7732,11.1476
7733,13.2772
7734,11.5787
7735,10.1759
7736,10.0776
7737,11.126
7738,14.9592
7739,13.0869
7740,9.25383
7741,9.6435
7742,7.99586
7743,10.5097
7744,8.5181
7745,7.94173
7746,7.31013
7747,6.65128
7748,7.89562
7749,7.95936
7750,13.1393
7751,9.24544
7752,8.53654
7753,10.7797
7754,8.36163
7755,9.73645
7756,6.8417
7757,11.9341
7758,10.1221
7759,14.17
7760,13.1978
7761,10.3203
7762,14.5002
7763,8.24369
7764,8.44819
7765,8.51495
7766,9.6605
7767,7.92776
7768,11.6321
7769,11.7331
7770,6.80018
7771,10.452
7772,13.9756
7773,9.06437
7774,8.23897
7775,8.34939
7776,16.9049
7777,8.91705
7778,17.8246
7779,9.97826
7780,6.15047
7781,11.1715
7782,6.44228
7783,6.92837
7784,11.2939
7785,12.8089
7786,11.9352
7787,6.99962
7788,8.12413
7789,9.57511
7790,12.7944
7791,11.8956
7792,11.0419
7793,9.26075
7794,11.2778
7795,9.28838
7796,13.4494
7797,12.156
7798,7.29938
7799,10.3371
7800,10.8587
7801,10.8818
7802,10.8912
7803,9.03759
7804,11.4545
7805,11.9955
7806,9.47246
7807,7.61577
7808,10.0767
7809,10.4099
7810,13.3988
7811,9.80062
7812,6.65748
7813,9.86189
7814,11.5444
7815,10.3101
7816,10.382
7817,11.7515
7818,8.87355
7819,9.96498
7820,9.07517
7821,6.81903
7822,9.83427
7823,11.5844
7824,8.96419
7825,12.1293
7826,14.3111
7827,8.66403
7828,9.99095
7829,6.07613
7830,7.86542
7831,8.22741
7832,8.34148
7833,9.68015
7834,8.90163
7835,10.5124
7836,11.0025
7837,8.31949
7838,11.5377
7839,10.0302
7840,8.55959
7841,10.0086
7842,8.21036
7843,10.6181
7844,10.855
7845,7.67753
7846,8.69964
7847,8.87109
7848,8.12195
7849,8.425
7850,12.921
7851,9.52859
7852,6.78825
7853,7.9216
7854,10.4319
7855,10.6564
7856,9.6798
7857,11.3774
7858,12.2285
7859,10.0194
7860,14.3042
7861,13.4429
7862,11.7212
7863,15.0584
7864,7.56077
7865,9.63896
7866,10.3939
7867,11.2905
7868,8.12901
7869,7.33854
7870,12.7794
7871,12.9357
7872,9.12047
7873,9.29297
7874,9.38997
7875,8.78201
7876,11.8415
7877,8.95769
7878,9.89143
7879,10.3091
7880,10.3447
7881,10.4229
7882,9.4965
7883,10.6862
7884,10.8145
7885,11.8229
7886,11.3574
7887,7.63787
7888,12.0064
7889,13.0831
7890,13.6403
7891,9.99243
7892,10.3398
7893,14.6182
7894,10.699
7895,9.8378
7896,10.2792
7897,10.5953
7898,12.888
7899,8.54588
7900,8.78279
7901,9.72773
7902,10.0449
7903,9.31801
7904,11.8674
7905,10.2064
7906,10.38
7907,7.77373
7908,9.46162
7909,12.0185
7910,9.41642
7911,11.5043
7912,8.81768
7913,16.2286
7914,13.383
7915,10.2989
7916,11.4984
7917,7.67955
7918,10.688
7919,8.58681
7920,9.42823
7921,9.67712
7922,9.77013
7923,10.1289
7924,10.8977
7925,11.0282
7926,11.1763
7927,11.5721
7928,9.49753
7929,9.50863
7930,9.79698
7931,9.46037
7932,12.1733
7933,9.11025
7934,10.3219
7935,11.9066
7936,12.3182
7937,11.7167
7938,11.4633
7939,7.66355
7940,10.3095
7941,6.58636
7942,7.20844
7943,9.61441
7944,10.5733
7945,11.1626
7946,9.4124
7947,9.50559
7948,7.627
7949,9.91775
7950,8.61569
7951,9.01821
7952,10.2044
7953,7.67244
7954,10.782
7955,10.2668
7956,10.5456
7957,11.8523
7958,11.962
7959,8.05751
7960,9.62449
7961,11.9783
7962,9.41834
7963,10.6242
7964,12.0225
7965,9.04208
7966,9.30069
7967,10.5969
7968,8.96609
7969,7.22657
7970,9.81004
7971,10.9986
7972,8.58569
7973,10.5941
7974,7.64908
7975,11.2009
7976,9.77737
7977,20.1185
7978,11.6137
7979,9.37602
7980,7.57221
7981,7.80312
7982,9.85094
7983,12.4602
7984,11.4068
7985,10.6623
7986,8.94985
7987,11.0466
7988,11.3164
7989,10.4766
7990,10.5263
7991,12.0687
7992,12.7502
7993,9.76302
7994,12.2521
7995,6.33828
7996,12.4136
7997,7.00551
7998,9.98914
7999,7.62761
8000,7.99274
8001,7.78103
8002,9.40863
8003,7.71946
8004,8.40031
8005,10.3328
8006,10.4716
8007,10.0976
8008,10.2738
8009,14.3858
8010,10.536
8011,7.7826
8012,9.80907
8013,10.5887
8014,8.62697
8015,7.02611
8016,11.1342
8017,8.9128
8018,11.9863
8019,12.1273
8020,10.9832
8021,6.7094
8022,8.83877
8023,6.84878
8024,10.032
8025,8.53164
8026,10.5531
8027,10.5705
8028,12.1249
8029,9.59348
8030,9.60191
8031,8.96623
8032,9.17196
8033,9.70351
8034,8.80559
8035,12.158
8036,11.6239
8037,8.9485
8038,10.0089
8039,9.49724
8040,10.5223
8041,10.2083
8042,7.40877
8043,14.4872
8044,8.8972
8045,13.0939
8046,7.96239
8047,12.0555
8048,9.13984
8049,15.2333
8050,8.28675
8051,11.3819
8052,9.2226
8053,13.231
8054,9.24229
8055,7.26075
8056,9.74146
8057,10.1923
8058,10.9134
8059,12.8845
8060,12.0191
8061,12.1178
8062,8.20506
8063,9.57894
8064,11.8826
8065,8.18163
8066,7.6652
8067,9.34424
8068,9.35181
8069,9.36917
8070,7.68284
8071,9.97549
8072,11.1443
8073,8.07384
8074,8.34128
8075,11.7167
8076,10.0088
8077,8.47598
8078,7.49363
8079,7.71524
8080,14.2944
8081,13.4898
8082,9.03239
8083,8.06011
8084,8.47785
8085,8.73246
8086,9.76629
8087,12.884
8088,11.1282
8089,8.24083
8090,10.3062
8091,11.005
8092,10.3075
8093,9.49914
8094,12.6736
8095,9.80714
8096,10.4698
8097,10.6838
8098,9.78344
8099,13.0619
8100,14.2217
8101,11.6502
8102,8.15445
8103,13.8112
8104,14.3715
8105,10.6383
8106,10.4805
8107,6.58548
8108,7.28888
8109,10.8173
8110,9.97099
8111,9.19215
8112,10.4126
8113,7.81363
8114,10.3437
8115,7.53287
8116,8.81964
8117,7.22477
8118,9.66534
8119,20.2555
8120,14.3281
8121,9.66208
8122,11.0338
8123,11.3563
8124,11.8506
8125,11.9155
8126,13.4341
8127,13.4788
8128,5.71255
8129,6.23348
8130,7.04844
8131,9.75721
8132,10.5522
8133,11.6261
8134,11.0525
8135,9.0748
8136,8.30254
8137,9.40673
8138,11.8666
8139,12.2132
8140,11.3294
8141,10.8572
8142,10.1312
8143,11.7104
8144,11.6525
8145,8.71268
8146,11.7296
8147,8.5049
8148,14.227
8149,6.2816
8150,10.2941
8151,9.64896
8152,8.74725
8153,9.84504
8154,8.98372
8155,8.93602
8156,11.3412
8157,17.7501
8158,6.39437
8159,7.27566
8160,10.5336
8161,8.35509
8162,16.4359
8163,12.5619
8164,12.6042
8165,9.34598
8166,9.68842
8167,11.1333
8168,8.42152
8169,10.6472
8170,8.66518
8171,8.02916
8172,8.12072
8173,9.59069
8174,10.1557
8175,11.9465
8176,10.5065
8177,7.62753
8178,11.966
8179,9.0794
8180,9.97231
8181,11.3005
8182,8.29786
8183,9.33026
8184,10.0223
8185,11.0969
8186,12.5344
8187,11.0082
8188,9.03338
8189,10.5224
8190,8.80807
8191,9.71606
8192,5.49208
8193,7.80246
8194,7.82384
8195,8.29293
8196,12.5567
8197,9.82401
8198,11.9709
8199,10.1943
8200,7.52666
8201,7.92811
8202,7.1914
8203,6.77629
8204,9.14047
8205,9.19488
8206,9.73465
8207,13.1672
8208,8.64277
8209,6.78423
8210,11.1158
8211,10.2374
8212,12.5487
8213,7.15735
8214,8.0041
8215,9.31841
8216,13.9331
8217,8.20047
8218,8.76762
8219,7.10188
8220,10.722
8221,11.2898
8222,13.4347
8223,11.5359
8224,9.6048
8225,11.7651
8226,11.9709
8227,7.0118
8228,8.6172
8229,12.6463
8230,11.0786
8231,12.2044
8232,9.77388
8233,7.87809
8234,11.0821
8235,7.96864
8236,8.97591
8237,9.1328
8238,6.96904
8239,10.2781
8240,10.3353
8241,9.08446
8242,7.26865
8243,10.4276
8244,10.5229
8245,7.56367
8246,13.864
8247,11.1674
8248,12.2059
8249,8.83331
8250,9.5543
8251,9.67603
8252,12.7613
8253,10.2263
8254,11.2602
8255,13.643
8256,8.92817
8257,12.2372
8258,10.1179
8259,7.00661
8260,7.2329
8261,7.51761
8262,7.57767
8263,12.624
8264,13.0446
8265,7.09647
8266,11.4086
8267,12.6233
8268,11.6804
8269,10.2768
8270,11.1079
8271,12.2098
8272,7.24068
8273,10.9434
8274,11.051
8275,10.496
8276,14.9339
8277,12.033
8278,14.6006
8279,11.7956
8280,8.97718
8281,7.28894
8282,10.5326
8283,9.37518
8284,8.05705
8285,8.27096
8286,8.42311
8287,10.2961
8288,6.59073
8289,7.14285
8290,7.97226
8291,14.0473
8292,8.37756
8293,9.94593
8294,10.3907
8295,6.9291
8296,6.94331
8297,11.044
8298,9.18428
8299,9.87816
8300,8.01643
8301,9.03162
8302,8.13256
8303,11.1833
8304,8.24331
8305,9.72394
8306,12.7554
8307,9.56263
8308,9.57106
8309,10.6161
8310,12.1354
8311,10.2512
8312,8.48547
8313,10.7063
8314,8.79993
8315,9.90484
8316,12.2613
8317,9.37075
8318,13.2778
8319,12.7763
8320,6.51681
8321,11.6304
8322,9.65019
8323,11.2309
8324,11.711
8325,7.7538
8326,12.2808
8327,12.3728
8328,11.6707
8329,10.1658
8330,10.4645
8331,9.71498
8332,10.6195
8333,10.6511
8334,11.7982
8335,11.9666
8336,8.33122
8337,9.85376
8338,9.21628
8339,13.1813
8340,10.428
8341,11.1336
8342,7.7079
8343,9.29674
8344,8.65108
8345,11.3574
8346,9.13229
8347,9.30664
8348,9.34009
8349,7.6355
8350,8.64472
8351,11.66
8352,10.9493
8353,9.38204
8354,10.7444
8355,9.26386
8356,9.39818
8357,8.94104
8358,10.4543
8359,11.6231
8360,8.13538
8361,8.15568
8362,8.75511
8363,13.7902
8364,13.1962
8365,9.78848
8366,9.18535
8367,10.8563
8368,7.85873
8369,8.08896
8370,8.41441
8371,8.82005
8372,10.3364
8373,10.3934
8374,9.40185
8375,10.1607
8376,10.3184
8377,9.55246
8378,11.0281
8379,11.1318
8380,12.4814
8381,9.58993
8382,9.69889
8383,9.91496
8384,12.0197
8385,8.54554
8386,9.14985
8387,10.5609
8388,7.15082
8389,9.19634
8390,5.87012
8391,8.38981
8392,13.9031
8393,8.91954
8394,10.1967
8395,12.2761
8396,14.428
8397,9.5116
8398,12.022
8399,11.2927
8400,7.59082
8401,10.797
8402,9.23658
8403,7.35989
8404,5.35182
8405,11.8373
8406,12.0913
8407,8.40277
8408,10.5899
8409,8.86367
8410,10.4291
8411,8.70802
8412,11.7284
8413,10.0631
8414,10.3199
8415,12.5293
8416,10.5825
8417,10.6189
8418,8.11834
8419,12.7871
8420,14.4707
8421,7.28064
8422,12.1203
8423,12.8081
8424,8.18521
8425,8.76313
8426,11.2636
8427,11.8981
8428,9.20614
8429,10.578
8430,10.6517
8431,8.69185
8432,8.75787
8433,11.85
8434,7.53071
8435,10.5545
8436,7.64734
8437,10.9132
8438,8.00474
8439,8.34229
8440,8.39958
8441,11.8139
8442,8.88679
8443,13.2981
8444,9.32289
8445,9.59763
8446,9.83458
8447,9.22779
8448,8.63423
8449,7.93862
8450,13.0397
8451,10.0217
8452,12.2633
8453,10.3254
8454,9.45819
8455,10.8193
8456,8.05061
8457,11.4283
8458,8.87149
8459,9.30348
8460,9.34761
8461,6.68646
8462,9.9423
8463,9.95073
8464,7.21442
8465,10.4412
8466,10.5326
8467,13.9672
8468,11.059
8469,11.3491
8470,8.68032
8471,12.5679
8472,15.6161
8473,10.1219
8474,8.3448
8475,11.8674
8476,10.4279
8477,9.67776
8478,9.12851
8479,8.92917
8480,8.40466
8481,8.4131
8482,11.0335
8483,8.37184
8484,6.96802
8485,9.38164
8486,12.5146
8487,8.84186
8488,9.67042
8489,14.9273
8490,8.00164
8491,10.2954
8492,10.5877
8493,8.84384
8494,11.0887
8495,13.1916
8496,10.4147
8497,11.5104
8498,8.56012
8499,9.87271
8500,8.94594
8501,9.84791
8502,13.3355
8503,13.7565
8504,10.8227
8505,15.4646
8506,7.33238
8507,11.4509
8508,10.7727
8509,7.89895
8510,11.4612
8511,8.59962
8512,8.87847
8513,10.2891
8514,12.3425
8515,12.4621
8516,8.31545
8517,12.6533
8518,9.35929
8519,9.47295
8520,7.29895
8521,12.3459
8522,7.92717
8523,10.1166
8524,9.67835
8525,10.7978
8526,12.2512
8527,12.3096
8528,12.7667
8529,7.82118
8530,10.2979
8531,9.40058
8532,8.58242
8533,7.55643
8534,13.5649
8535,11.7786
8536,9.90398
8537,11.0594
8538,10.4069
8539,9.60395
8540,11.4438
8541,11.5513
8542,7.15177
8543,13.4508
8544,12.7309
8545,8.19374
8546,8.68705
8547,14.9176
8548,16.0535
8549,14.2841
8550,14.4205
8551,12.9202
8552,9.1709
8553,7.21896
8554,11.4072
8555,11.4857
8556,9.60636
8557,9.7718
8558,7.93397
8559,8.09764
8560,10.449
8561,6.65962
8562,7.63954
8563,9.71971
8564,9.65435
8565,19.8766
8566,11.9945
8567,7.27011
8568,10.3824
8569,10.039
8570,8.06974
8571,8.26741
8572,11.3448
8573,11.4573
8574,11.6608
8575,9.65866
8576,9.96008
8577,10.2227
8578,8.44522
8579,9.30495
8580,11.8245
8581,9.85076
8582,10.5147
8583,12.9169
8584,13.0423
8585,16.1198
8586,11.4888
8587,7.85031
8588,7.91095
8589,14.5752
8590,9.68609
8591,9.99521
8592,14.1063
8593,14.9257
8594,9.08378
8595,9.36005
8596,12.5922
8597,16.8226
8598,9.92647
8599,10.3168
8600,11.0685
8601,8.6455
8602,11.8176
8603,19.1609
8604,12.1775
8605,10.6367
8606,7.16388
8607,12.6329
8608,6.807
8609,8.82678
8610,10.2332
8611,10.4984
8612,11.1987
8613,9.44347
8614,9.78002
8615,7.8285
8616,9.86589
8617,11.2332
8618,12.4987
8619,14.1492
8620,9.40875
8621,10.2379
8622,10.6771
8623,10.291
8624,12.3256
8625,11.068
8626,13.2582
8627,11.275
8628,10.8099
8629,7.83402
8630,10.1656
8631,8.56524
8632,10.019
8633,5.57938
8634,7.76715
8635,9.89707
8636,8.34507
8637,8.84236
8638,9.02173
8639,10.2861
8640,10.7236
8641,14.6756
8642,12.3026
8643,12.5433
8644,11.1023
8645,9.20392
8646,11.4964
8647,9.53193
8648,9.26908
8649,18.4785
8650,9.76841
8651,12.5541
8652,13.2107
8653,9.01385
8654,10.0705
8655,14.4327
8656,15.1806
8657,10.2399
8658,8.90626
8659,10.4104
8660,16.6457
8661,10.6541
8662,10.1857
8663,8.34078
8664,8.74759
8665,9.93427
8666,12.1351
8667,10.6593
8668,11.9437
8669,8.47307
8670,12.9159
8671,10.2691
8672,8.83637
8673,9.77447
8674,10.3127
8675,8.34595
8676,9.46149
8677,12.6681
8678,12.0347
8679,7.07627
8680,7.70498
8681,12.2121
8682,6.39258
8683,7.04494
8684,10.0802
8685,8.21259
8686,10.3144
8687,8.38082
8688,7.73579
8689,8.45014
8690,14.9565
8691,9.14224
8692,8.48884
8693,11.856
8694,11.3812
8695,9.54443
8696,8.57163
8697,11.7189
8698,8.79041
8699,8.49205
8700,10.7242
8701,8.97135
8702,10.0843
8703,11.4619
8704,7.28867
8705,13.2971
8706,11.6656
8707,8.9048
8708,9.03886
8709,9.34041
8710,14.4527
8711,11.4182
8712,7.74534
8713,7.94015
8714,8.095
8715,7.44597
8716,17.9495
8717,11.7098
8718,10.4977
8719,10.1667
8720,14.2595
8721,8.52582
8722,9.29464
8723,8.46454
8724,10.7826
8725,10.0731
8726,10.9723
8727,7.15896
8728,9.82149
8729,11.5586
8730,7.96727
8731,9.23786
8732,9.97594
8733,13.1172
8734,15.4797
8735,9.95776
8736,11.3256
8737,12.3124
8738,12.3737
8739,13.5266
8740,10.7222
8741,10.4446
8742,10.9983
8743,11.6368
8744,11.7752
8745,10.3174
8746,8.74175
8747,9.16728
8748,11.837
8749,8.00585
8750,8.18003
8751,12.2149
8752,10.3224
8753,12.408
8754,8.66833
8755,9.99216
8756,9.46181
8757,8.91385
8758,11.4102
8759,11.5436
8760,7.76983
8761,8.95081
8762,10.6653
8763,8.9763
8764,7.09582
8765,12.4174
8766,6.52535
8767,9.74707
8768,11.0904
8769,9.49572
8770,8.64926
8771,11.9061
8772,7.11745
8773,10.3636
8774,10.521
8775,9.33975
8776,10.2013
8777,9.54664
8778,10.3054
8779,11.5605
8780,13.3987
8781,8.56025
8782,12.0657
8783,8.81211
8784,13.3248
8785,5.89723
8786,9.78925
8787,9.70095
8788,10.1591
8789,10.648
8790,10.7624
8791,8.84595
8792,7.18448
8793,10.3866
8794,8.44966
8795,9.24934
8796,10.2051
8797,11.3866
8798,10.8006
8799,11.2756
8800,9.72955
8801,10.4464
8802,13.0658
8803,8.92404
8804,10.9091
8805,7.98067
8806,11.0473
8807,8.09941
8808,7.31541
8809,10.0009
8810,12.1709
8811,9.25604
8812,9.66638
8813,17.2003
8814,10.5702
8815,11.1339
8816,12.0803
8817,10.4617
8818,6.54024
8819,9.65856
8820,12.202
8821,9.56921
8822,7.65607
8823,11.941
8824,8.16306
8825,14.2256
8826,11.4328
8827,8.64888
8828,9.07581
8829,7.32098
8830,8.52942
8831,9.87699
8832,8.30036
8833,10.3563
8834,11.3839
8835,8.69086
8836,8.90043
8837,10.0593
8838,12.1245
8839,10.2562
8840,10.43
8841,13.5736
8842,8.98696
8843,6.74897
8844,15.0556
8845,14.0623
8846,11.3008
8847,11.6646
8848,8.69275
8849,8.96833
8850,8.12241
8851,16.2282
8852,12.2925
8853,12.7465
8854,9.98876
8855,15.0769
8856,11.902
8857,11.1043
8858,9.63105
8859,11.7194
8860,8.02552
8861,15.0476
8862,8.21614
8863,12.5135
8864,13.3882
8865,7.20384
8866,9.23013
8867,7.48861
8868,11.7462
8869,11.4055
8870,11.9056
8871,9.00349
8872,8.94503
8873,13.182
8874,8.41422
8875,9.46099
8876,14.5972
8877,9.65982
8878,9.71221
8879,10.1991
8880,10.4538
8881,11.2197
8882,9.50226
8883,10.8203
8884,11.1026
8885,12.1742
8886,6.66823
8887,9.76811
8888,8.9306
8889,12.9049
8890,8.27116
8891,15.6256
8892,12.9399
8893,10.1374
8894,10.6461
8895,16.7403
8896,8.18514
8897,11.3367
8898,8.73962
8899,9.31884
8900,11.0262
8901,14.6404
8902,10.1022
8903,8.58408
8904,11.0693
8905,12.2427
8906,12.7076
8907,13.3858
8908,9.76343
8909,10.289
8910,14.4976
8911,7.07903
8912,6.18978
8913,8.71751
8914,10.4328
8915,9.54518
8916,9.90229
8917,13.3996
8918,9.30398
8919,10.4348
8920,7.89141
8921,10.8901
8922,10.1254
8923,7.02334
8924,7.91047
8925,11.9189
8926,8.56334
8927,8.61743
8928,15.8786
8929,8.39887
8930,10.4934
8931,13.7643
8932,10.2647
8933,8.50066
8934,10.0576
8935,9.49467
8936,11.8069
8937,6.8198
8938,13.6103
8939,11.7399
8940,11.3082
8941,14.7218
8942,9.02887
8943,9.05872
8944,13.0178
8945,8.96811
8946,12.1912
8947,17.4503
8948,8.48002
8949,9.75496
8950,11.0472
8951,11.5063
8952,11.1252
8953,17.6752
8954,7.7669
8955,8.53227
8956,9.67256
8957,10.3127
8958,10.3464
8959,10.1653
8960,10.2308
8961,11.3688
8962,10.821
8963,7.99556
8964,10.1473
8965,6.85388
8966,9.84408
8967,7.0355
8968,9.32752
8969,8.55673
8970,11.3607
8971,9.67099
8972,5.95981
8973,7.74709
8974,10.9967
8975,8.08823
8976,9.56832
8977,8.14923
8978,9.42805
8979,11.4491
8980,11.1844
8981,10.1992
8982,12.0432
8983,11.1766
8984,11.4349
8985,11.8812
8986,12.5093
8987,11.8554
8988,10.1593
8989,12.5673
8990,7.73912
8991,8.27776
8992,11.7176
8993,11.7341
8994,9.6142
8995,8.89959
8996,16.1136
8997,9.24873
8998,6.60664
8999,9.47181
9000,8.93189
9001,9.53671
9002,8.92823
9003,9.13186
9004,9.62879
9005,8.63926
9006,10.1901
9007,7.85021
9008,7.96309
9009,8.10172
9010,12.3029
9011,11.5731
9012,9.1677
9013,11.2501
9014,10.2786
9015,12.3002
9016,11.8245
9017,10.2861
9018,11.9919
9019,7.32398
9020,10.3324
9021,10.732
9022,11.7699
9023,11.9512
9024,7.19861
9025,13.5376
9026,9.68169
9027,9.74186
9028,8.16563
9029,9.47272
9030,10.7304
9031,10.7599
9032,8.77451
9033,10.7829
9034,9.91047
9035,6.56144
9036,7.90055
9037,8.0635
9038,8.73867
9039,9.03942
9040,11.2229
9041,10.3944
9042,11.5043
9043,11.5746
9044,10.6821
9045,10.8858
9046,16.5467
9047,11.9378
9048,10.6939
9049,9.16645
9050,9.56572
9051,7.81865
9052,6.03978
9053,11.1931
9054,11.3106
9055,9.15376
9056,5.23923
9057,10.4173
9058,11.6916
9059,9.92826
9060,11.088
9061,9.24356
9062,10.489
9063,8.59646
9064,10.3919
9065,11.0091
9066,9.30456
9067,6.41287
9068,10.5948
9069,7.81441
9070,9.86015
9071,10.8902
9072,7.1053
9073,8.22844
9074,12.9806
9075,17.0098
9076,9.37331
9077,11.4575
9078,9.56543
9079,8.57489
9080,14.7261
9081,11.0092
9082,10.305
9083,9.21482
9084,7.16232
9085,11.3966
9086,10.6338
9087,8.6924
9088,6.78777
9089,7.17012
9090,9.47688
9091,10.3654
9092,8.41906
9093,11.7821
9094,10.9747
9095,11.0097
9096,9.18664
9097,9.47556
9098,10.6046
9099,10.6778
9100,14.4598
9101,14.1961
9102,6.65407
9103,11.1272
9104,7.40879
9105,8.55611
9106,7.98267
9107,9.52694
9108,8.00167
9109,9.29247
9110,9.69261
9111,8.77666
9112,10.1237
9113,10.4703
9114,9.71992
9115,10.8512
9116,10.9088
9117,11.3533
9118,11.4843
9119,9.73345
9120,9.96536
9121,10.0099
9122,13.7429
9123,12.0343
9124,6.56364
9125,6.8002
9126,7.06893
9127,7.79616
9128,8.81607
9129,9.16981
9130,7.38945
9131,10.091
9132,10.4378
9133,9.55124
9134,11.1026
9135,11.3666
9136,10.3751
9137,8.6523
9138,11.3491
9139,7.88527
9140,9.59022
9141,13.1328
9142,11.7396
9143,12.029
9144,14.3651
9145,11.4871
9146,7.77902
9147,9.57532
9148,7.64251
9149,10.9367
9150,13.5308
9151,11.8344
9152,9.44447
9153,7.66663
9154,9.9932
9155,12.4587
9156,9.02874
9157,7.14417
9158,10.1255
9159,9.45492
9160,11.6617
9161,12.7915
9162,12.978
9163,7.84098
9164,7.10304
9165,8.95589
9166,8.30092
9167,8.91722
9168,9.17
9169,10.1444
9170,12.3315
9171,11.4331
9172,7.27208
9173,9.36015
9174,11.5051
9175,11.2492
9176,10.1506
9177,11.3414
9178,7.43163
9179,8.51067
9180,8.75199
9181,9.14334
9182,8.97213
9183,9.13353
9184,6.51693
9185,13.0744
9186,11.0833
9187,8.85876
9188,11.8713
9189,11.1814
9190,11.1152
9191,10.1691
9192,8.36758
9193,13.4953
9194,12.5634
9195,13.9872
9196,11.0609
9197,9.89361
9198,11.701
9199,11.1158
9200,8.95772
9201,11.6486
9202,9.2272
9203,10.1125
9204,9.75773
9205,9.97063
9206,8.11454
9207,11.2081
9208,11.2365
9209,10.4722
9210,10.6937
9211,7.02051
9212,10.9234
9213,9.9822
9214,12.1879
9215,13.7097
9216,8.96697
9217,14.6395
9218,14.6851
9219,9.35257
9220,10.5424
9221,10.5261
9222,11.125
9223,11.31
9224,11.38
9225,13.4194
9226,8.88111
9227,12.8669
9228,8.53754
9229,12.7822
9230,10.8334
9231,9.13566
9232,11.4709
9233,9.76606
9234,10.599
9235,9.10139
9236,12.2424
9237,14.6826
9238,8.04255
9239,12.0822
9240,10.8073
9241,10.5074
9242,10.8114
9243,11.4413
9244,10.5367
9245,14.9456
9246,14.1841
9247,8.28803
9248,10.9722
9249,8.13274
9250,10.308
9251,8.6186
9252,9.51874
9253,10.2523
9254,14.4232
9255,8.07183
9256,14.1956
9257,9.20404
9258,11.8658
9259,10.1655
9260,12.8724
9261,11.3102
9262,11.6426
9263,12.113
9264,9.45447
9265,10.9288
9266,13.1993
9267,10.8256
9268,10.2056
9269,10.5765
9270,9.24014
9271,8.94971
9272,8.97572
9273,7.80366
9274,5.37949
9275,14.7203
9276,10.0929
9277,11.2469
9278,8.44159
9279,8.68425
9280,11.1388
9281,10.285
9282,11.3861
9283,10.858
9284,13.0551
9285,8.51427
9286,10.9154
9287,11.3089
9288,9.09674
9289,8.4374
9290,11.3163
9291,9.35515
9292,9.55273
9293,8.31696
9294,10.3254
9295,8.46201
9296,7.99991
9297,8.38857
9298,8.97813
9299,7.60111
9300,11.0026
9301,9.11146
9302,9.67652
9303,7.09767
9304,12.5164
9305,8.99629
9306,9.30601
9307,9.38717
9308,9.62761
9309,9.64169
9310,9.19625
9311,9.49222
9312,8.64413
9313,9.71189
9314,9.81743
9315,9.01409
9316,11.2195
9317,10.9514
9318,12.6153
9319,15.1939
9320,8.32648
9321,14.5704
9322,8.7163
9323,8.22726
9324,10.1502
9325,10.1876
9326,8.71395
9327,9.83062
9328,10.5276
9329,10.6622
9330,12.8435
9331,10.1269
9332,7.60408
9333,11.6218
9334,5.64821
9335,14.1042
9336,9.62027
9337,7.96797
9338,7.36296
9339,7.63431
9340,8.4956
9341,8.61007
9342,9.85222
9343,10.993
9344,9.79532
9345,9.89211
9346,10.0775
9347,10.2884
9348,13.5473
9349,11.9354
9350,9.50236
9351,9.81992
9352,10.9021
9353,7.38222
9354,6.91202
9355,12.923
9356,12.9435
9357,7.72111
9358,8.77827
9359,10.6278
9360,8.79634
9361,9.84651
9362,15.0328
9363,12.2217
9364,9.2301
9365,9.24285
9366,9.52591
9367,8.73406
9368,10.8519
9369,10.2124
9370,11.8793
9371,10.8877
9372,11.9242
9373,9.17749
9374,9.23908
9375,11.0628
9376,15.3435
9377,10.352
9378,10.9059
9379,13.2955
9380,11.6286
9381,10.2149
9382,7.78315
9383,7.50373
9384,13.5989
9385,13.0326
9386,9.09893
9387,7.40077
9388,8.4453
9389,5.50944
9390,9.26292
9391,12.4772
9392,11.6876
9393,7.78013
9394,7.46805
9395,12.7078
9396,13.1285
9397,8.72271
9398,10.7311
9399,13.1663
9400,13.2478
9401,10.0698
9402,10.245
9403,12.2464
9404,13.8183
9405,7.19708
9406,10.2098
9407,5.77977
9408,9.91028
9409,7.19471
9410,9.37716
9411,9.10846
9412,7.5301
9413,11.1141
9414,10.3273
9415,8.79834
9416,9.35523
9417,15.4384
9418,9.25987
9419,10.6579
9420,11.8537
9421,11.9951
9422,10.345
9423,8.57358
9424,10.0395
9425,8.38128
9426,13.4339
9427,12.2811
9428,7.81637
9429,7.85416
9430,10.276
9431,9.93556
9432,11.975
9433,9.36139
9434,10.3976
9435,12.6861
9436,9.81903
9437,11.3217
9438,11.4295
9439,11.1196
9440,12.0392
9441,7.54914
9442,11.8639
9443,7.21887
9444,11.9774
9445,9.93759
9446,9.4817
9447,12.1781
9448,10.2796
9449,9.88083
9450,10.9066
9451,11.0383
9452,7.08293
9453,9.41432
9454,12.5973
9455,15.1937
9456,10.3064
9457,7.62719
9458,9.70918
9459,8.96561
9460,10.9814
9461,11.186
9462,8.72983
9463,13.1799
9464,11.7291
9465,11.7401
9466,10.9746
9467,9.23877
9468,8.31708
9469,11.5631
9470,11.8199
9471,10.4386
9472,6.72262
9473,9.49113
9474,10.3985
9475,8.46057
9476,9.11339
9477,8.65877
9478,9.80571
9479,9.84324
9480,9.53609
9481,11.6757
9482,13.4729
9483,13.8805
9484,12.7481
9485,7.79902
9486,10.2428
9487,16.5223
9488,8.69012
9489,9.936
9490,7.28472
9491,11.3812
9492,12.9856
9493,13.1543
9494,11.5152
9495,8.00402
9496,9.75195
9497,12.3397
9498,10.7575
9499,7.87697
9500,9.37056
9501,6.19432
9502,13.1876
9503,9.52604
9504,11.9236
9505,15.7082
9506,10.9112
9507,9.3282
9508,9.45414
9509,10.4685
9510,9.69395
9511,11.0221
9512,11.2205
9513,11.2616
9514,11.6221
9515,11.8668
9516,10.9819
9517,12.0882
9518,11.3021
9519,10.7038
9520,11.1242
9521,9.59268
9522,13.6011
9523,10.1335
9524,10.2061
9525,8.58299
9526,11.8479
9527,12.7443
9528,9.92362
9529,8.10979
9530,10.8737
9531,7.7375
9532,6.86425
9533,8.56657
9534,13.7707
9535,8.98116
9536,10.3982
9537,10.766
9538,12.9942
9539,8.13621
9540,8.31111
9541,8.41012
9542,8.69084
9543,9.73698
9544,10.1539
9545,10.8748
9546,11.0047
9547,7.23087
9548,11.711
9549,19.2085
9550,10.501
9551,8.99616
9552,7.23112
9553,8.478
9554,10.3958
9555,12.6613
9556,7.7412
9557,9.21974
9558,9.71951
9559,12.4879
9560,7.96257
9561,8.09755
9562,11.1569
9563,12.2333
9564,8.77742
9565,10.9976
9566,9.23864
9567,9.26557
9568,6.49659
9569,12.5667
9570,9.91557
9571,11.8694
9572,9.04916
9573,15.8263
9574,14.0692
9575,10.1568
9576,8.73729
9577,8.91544
9578,10.9784
9579,10.1556
9580,10.5915
9581,8.7924
9582,13.4163
9583,9.51915
9584,11.9904
9585,10.9114
9586,10.229
9587,12.4329
9588,9.56373
9589,8.06051
9590,9.17361
9591,12.489
9592,8.5224
9593,10.8285
9594,8.21671
9595,10.2308
9596,12.7226
9597,8.16187
9598,8.64586
9599,10.4903
9600,7.91753
9601,8.27923
9602,11.3342
9603,10.5591
9604,10.0806
9605,11.3591
9606,9.90095
9607,9.19891
9608,14.2711
9609,11.6795
9610,8.96431
9611,10.9645
9612,14.1082
9613,11.7511
9614,9.02255
9615,8.13375
9616,8.80633
9617,9.86221
9618,13.0271
9619,10.3864
9620,9.42971
9621,16.7114
9622,10.1161
9623,10.294
9624,10.5191
9625,11.3095
9626,9.50197
9627,11.5526
9628,10.7319
9629,9.34018
9630,14.5849
9631,9.23993
9632,10.306
9633,12.4862
9634,8.73413
9635,9.78001
9636,9.32947
9637,10.0444
9638,10.935
9639,8.84879
9640,9.59994
9641,7.60436
9642,8.52306
9643,10.6134
9644,7.39524
9645,10.7235
9646,9.86437
9647,7.41875
9648,8.82456
9649,9.9357
9650,12.0866
9651,9.09507
9652,11.2835
9653,10.4349
9654,12.1381
9655,11.4071
9656,11.5318
9657,11.8223
9658,12.4974
9659,7.84036
9660,11.8802
9661,9.88863
9662,14.9397
9663,13.6222
9664,8.87081
9665,10.0719
9666,12.2157
9667,11.8671
9668,9.15243
9669,12.2318
9670,7.3054
9671,13.3632
9672,13.3636
9673,8.04022
9674,8.47632
9675,10.9593
9676,11.2849
9677,7.11329
9678,14.1538
9679,13.2027
9680,10.8697
9681,11.7988
9682,12.0342
9683,11.0649
9684,5.10251
9685,12.2273
9686,10.8279
9687,12.0156
9688,7.06631
9689,8.34252
9690,7.39655
9691,12.1247
9692,9.29139
9693,9.35819
9694,10.1042
9695,14.714
9696,10.7278
9697,9.78295
9698,9.8669
9699,9.97478
9700,10.1222
9701,10.2289
9702,9.64657
9703,10.7755
9704,9.91445
9705,11.2437
9706,11.0554
9707,12.8799
9708,9.38585
9709,8.50605
9710,10.9399
9711,7.75824
9712,12.1333
9713,10.446
9714,11.4148
9715,7.10264
9716,12.1371
9717,10.5669
9718,9.31586
9719,9.79034
9720,10.158
9721,13.2654
9722,8.29962
9723,13.3887
9724,13.6848
9725,7.78203
9726,14.01
9727,8.30257
9728,11.4603
9729,8.77681
9730,9.3007
9731,8.47374
9732,11.7557
9733,11.7641
9734,12.1548
9735,13.6669
9736,10.9125
9737,9.17564
9738,9.44965
9739,9.48967
9740,12.3413
9741,8.80776
9742,7.83219
9743,11.5077
9744,11.7568
9745,10.8535
9746,8.94712
9747,13.0887
9748,8.44404
9749,13.5297
9750,13.5579
9751,11.5243
9752,8.92594
9753,8.69027
9754,12.7601
9755,8.32522
9756,18.8517
9757,8.61797
9758,12.0277
9759,10.3662
9760,7.53157
9761,9.65583
9762,5.69033
9763,12.8444
9764,13.7589
9765,7.94047
9766,10.0283
9767,11.1494
9768,8.20843
9769,8.31984
9770,8.39259
9771,7.6174
9772,7.83147
9773,8.97844
9774,10.2091
9775,14.3715
9776,8.97253
9777,11.6992
9778,8.41995
9779,13.2276
9780,10.3051
9781,7.49094
9782,7.73357
9783,7.82525
9784,14.3193
9785,7.40449
9786,8.54609
9787,13.9108
9788,10.0166
9789,10.0287
9790,9.16449
9791,10.4362
9792,10.652
9793,10.7768
9794,10.1296
9795,10.2102
9796,11.2186
9797,9.48758
9798,8.90861
9799,10.9487
9800,11.4879
9801,12.7062
9802,14.9104
9803,11.9813
9804,13.8812
9805,9.5152
9806,11.1387
9807,8.3672
9808,9.79304
9809,9.82081
9810,11.1596
9811,11.364
9812,8.64226
9813,8.91351
9814,9.70292
9815,10.15
9816,10.5191
9817,8.42033
9818,8.25784
9819,10.3096
9820,9.91685
9821,9.94258
9822,12.0066
9823,9.2196
9824,9.54105
9825,10.7169
9826,12.7562
9827,10.7366
9828,9.00728
9829,8.68686
9830,8.57323
9831,8.63592
9832,8.69177
9833,10.8804
9834,11.7652
9835,7.4631
9836,10.4907
9837,12.5558
9838,11.6164
9839,12.1289
9840,8.38237
9841,8.40478
9842,9.0276
9843,8.3812
9844,7.72059
9845,12.1495
9846,12.2185
9847,8.32495
9848,12.57
9849,8.88325
9850,7.31678
9851,7.45252
9852,13.8396
9853,8.33656
9854,9.46189
9855,10.1377
9856,14.1851
9857,11.2437
9858,13.4354
9859,8.89759
9860,9.78531
9861,11.4489
9862,9.8603
9863,8.7166
9864,11.2304
9865,11.6464
9866,7.75424
9867,13.1316
9868,10.5006
9869,8.8447
9870,8.92164
9871,9.06975
9872,9.47268
9873,8.60708
9874,7.69285
9875,8.53721
9876,9.16166
9877,10.3473
9878,8.35726
9879,13.46
9880,11.5754
9881,10.138
9882,10.3087
9883,9.76538
9884,10.1482
9885,10.5619
9886,14.2009
9887,12.1652
9888,12.5725
9889,8.15221
9890,8.95372
9891,7.43321
9892,8.18441
9893,8.33463
9894,6.71923
9895,9.80489
9896,11.1454
9897,10.9576
9898,9.0366
9899,10.2588
9900,7.06644
9901,7.29631
9902,6.47248
9903,14.0383
9904,14.3059
9905,11.6249
9906,8.91237
9907,9.24977
9908,9.01219
9909,7.44142
9910,6.48955
9911,10.8339
9912,9.45148
9913,12.1152
9914,9.63978
9915,11.6802
9916,12.812
9917,12.9269
9918,10.3481
9919,13.4016
9920,7.85185
9921,8.83223
9922,9.72099
9923,6.9749
9924,10.1123
9925,7.59928
9926,8.71689
9927,8.00171
9928,11.4808
9929,9.17062
9930,9.56643
9931,7.95778
9932,10.8984
9933,11.1735
9934,9.5401
9935,11.6013
9936,11.9609
9937,8.48344
9938,7.63596
9939,8.20736
9940,14.4982
9941,14.2774
9942,10.3761
9943,9.74795
9944,10.8196
9945,9.0781
9946,8.76912
9947,7.23692
9948,7.26249
9949,11.9426
9950,11.8232
9951,10.1644
9952,9.98905
9953,13.1293
9954,9.10793
9955,10.1818
9956,13.3294
9957,9.25368
9958,9.10457
9959,8.69427
9960,10.7641
9961,9.83002
9962,8.16467
9963,13.4855
9964,9.28387
9965,19.1578
9966,10.0132
9967,13.5291
9968,7.47911
9969,8.76411
9970,11.8577
9971,10.0826
9972,11.381
9973,10.0672
9974,11.4461
9975,5.60065
9976,11.6434
9977,9.41721
9978,8.42653
9979,9.23016
9980,9.23859
9981,12.1196
9982,11.0338
9983,9.44188
9984,6.88984
9985,10.6198
9986,7.72057
9987,7.80571
9988,8.81005
9989,8.94533
9990,6.21412
9991,9.25385
9992,9.87009
9993,9.94899
9994,11.0927
9995,9.26398
9996,11.4818
9997,9.85176
9998,12.2702
9999,8.35175
10000,10.7546
10001,7.96423
10002,9.4435
10003,10.7688
10004,7.08505
10005,10.9353
10006,12.251
10007,12.5688
10008,13.494
10009,8.17601
10010,7.44172
10011,9.20423
10012,8.69407
10013,10.0013
10014,11.2548
10015,11.3115
10016,10.3442
10017,11.4034
10018,6.49892
10019,13.6451
10020,13.1205
10021,13.3804
10022,10.9125
10023,8.78369
10024,9.2339
10025,10.1709
10026,15.4896
10027,8.71261
10028,9.91825
10029,8.17463
10030,12.4931
10031,8.6715
10032,11.0376
10033,11.0737
10034,9.28006
10035,10.5205
10036,8.72396
10037,7.22256
10038,9.48654
10039,9.50781
10040,13.6798
10041,9.85229
10042,10.1724
10043,11.1877
10044,8.3506
10045,11.381
10046,10.3895
10047,6.47542
10048,8.57563
10049,8.97441
10050,9.20828
10051,14.3201
10052,13.0495
10053,11.4852
10054,8.505
10055,11.7898
10056,9.95949
10057,8.98686
10058,9.57299
10059,9.63003
10060,10.7171
10061,10.9469
10062,11.318
10063,9.90897
10064,10.9261
10065,9.98171
10066,11.144
10067,9.18824
10068,14.3249
10069,11.4647
10070,9.53726
10071,10.7792
10072,9.48127
10073,9.78374
10074,10.8453
10075,10.919
10076,6.69548
10077,7.35745
10078,7.44161
10079,6.46221
10080,7.56843
10081,8.11438
10082,10.1897
10083,8.66445
10084,9.592
10085,9.80201
10086,10.1527
10087,10.515
10088,10.5455
10089,10.7435
10090,16.3523
10091,13.8181
10092,7.36874
10093,7.42117
10094,9.79409
10095,10.3571
10096,8.8004
10097,11.1635
10098,13.2988
10099,12.5308
10100,9.35209
10101,7.6942
10102,7.28798
10103,7.73566
10104,7.91589
10105,15.9243
10106,13.8183
10107,10.029
10108,11.0485
10109,9.27246
10110,9.20172
10111,9.63253
10112,6.98592
10113,9.59755
10114,10.6933
10115,9.99249
10116,11.1684
10117,12.5262
10118,12.1411
10119,12.4396
10120,8.04832
10121,8.64342
10122,8.35095
10123,10.8642
10124,10.4064
10125,10.961
10126,9.43851
10127,12.0729
10128,13.8958
10129,15.7284
10130,8.033
10131,7.47039
10132,12.3627
10133,9.62065
10134,7.62908
10135,10.7052
10136,11.3147
10137,10.3471
10138,8.24434
10139,13.0573
10140,11.1503
10141,10.8138
10142,8.05027
10143,11.7424
10144,14.1167
10145,11.5825
10146,14.992
10147,11.1086
10148,10.4503
10149,9.43836
10150,9.5254
10151,7.60009
10152,8.6938
10153,8.06603
10154,9.12979
10155,9.31459
10156,10.7703
10157,9.88415
10158,12.1144
10159,9.25325
10160,11.5181
10161,12.3557
10162,7.35086
10163,7.3674
10164,7.48959
10165,7.59281
10166,7.88914
10167,13.9447
10168,11.9425
10169,10.2492
10170,12.1163
10171,13.5503
10172,9.72178
10173,7.68199
10174,14.7003
10175,11.213
10176,7.28278
10177,7.29122
10178,11.9486
10179,8.00276
10180,9.14933
10181,8.66469
10182,9.18782
10183,9.26491
10184,9.548
10185,8.77317
10186,9.8035
10187,6.86505
10188,10.2386
10189,10.2592
10190,7.27148
10191,10.4558
10192,10.5046
10193,7.64741
10194,9.66605
10195,7.80204
10196,11.2078
10197,9.49054
10198,7.41858
10199,8.03847
10200,7.05615
10201,10.5468
10202,8.70979
10203,9.93925
10204,12.2372
10205,10.1472
10206,7.40898
10207,11.7446
10208,7.96834
10209,13.2034
10210,12.5726
10211,13.8415
10212,11.1139
10213,12.4168
10214,7.63155
10215,9.11285
10216,9.19983
10217,9.87198
10218,10.0692
10219,7.28056
10220,11.0567
10221,12.0193
10222,9.20444
10223,11.4245
10224,9.76678
10225,11.3966
10226,15.4454
10227,8.33702
10228,8.90814
10229,9.62157
10230,9.69785
10231,11.8726
10232,9.00221
10233,15.2125
10234,10.5941
10235,10.8618
10236,10.9506
10237,10.1026
10238,16.2373
10239,11.6414
10240,9.43945
10241,12.6152
10242,8.99107
10243,6.75612
10244,10.483
10245,11.2959
10246,11.5228
10247,11.8511
10248,12.0155
10249,11.5967
10250,11.8689
10251,9.13929
10252,11.0813
10253,7.40352
10254,8.63194
10255,9.44228
10256,11.3606
10257,7.69215
10258,8.80845
10259,8.88807
10260,8.8965
10261,11.4079
10262,10.1182
10263,8.29927
10264,10.3216
10265,10.0275
10266,12.2677
10267,7.87037
10268,8.90107
10269,9.38783
10270,8.12187
10271,10.2949
10272,6.71182
10273,11.6201
10274,8.72745
10275,8.73588
10276,7.60668
10277,10.7545
10278,8.40498
10279,11.8438
10280,8.82981
10281,8.66986
10282,9.6577
10283,7.25652
10284,9.37249
10285,8.74762
10286,9.81027
10287,14.0294
10288,12.2623
10289,8.94757
10290,8.02796
10291,9.26151
10292,12.2902
10293,12.377
10294,9.50203
10295,10.9037
10296,11.2472
10297,12.2556
10298,8.94899
10299,9.16835
10300,7.93263
10301,9.24967
10302,6.71798
10303,11.1884
10304,10.3306
10305,11.4768
10306,7.69845
10307,9.19828
10308,12.0487
10309,13.436
10310,13.5523
10311,10.4788
10312,11.5151
10313,10.881
10314,11.9977
10315,9.07319
10316,9.78011
10317,9.50514
10318,10.5962
10319,11.3656
10320,10.6798
10321,12.9054
10322,10.0208
10323,13.0749
10324,14.5719
10325,7.61029
10326,13.9306
10327,12.5036
10328,10.5237
10329,10.8835
10330,7.5578
10331,10.4592
10332,8.47118
10333,9.32931
10334,9.90735
10335,6.63645
10336,7.7276
10337,13.2475
10338,7.58568
10339,8.03361
10340,9.37364
10341,9.75964
10342,8.9127
10343,9.12619
10344,9.42999
10345,9.69336
10346,10.7018
10347,10.3206
10348,10.5453
10349,12.2525
10350,13.5293
10351,11.5818
10352,12.1474
10353,12.634
10354,9.83605
10355,8.74954
10356,9.22841
10357,14.3631
10358,9.91186
10359,9.95359
10360,10.0676
10361,10.1308
10362,11.2011
10363,9.62177
10364,11.8679
10365,14.8504
10366,9.22607
10367,11.2833
10368,7.43675
10369,7.45849
10370,6.78864
10371,9.0289
10372,9.18055
10373,9.26328
10374,10.7082
10375,10.7325
10376,10.6768
10377,7.80565
10378,11.8342
10379,9.88153
10380,10.446
10381,9.94655
10382,12.2993
10383,10.6673
10384,11.434
10385,10.1921
10386,9.34089
10387,9.54199
10388,9.97156
10389,10.1731
10390,9.51062
10391,7.55451
10392,8.9515
10393,8.09638
10394,11.5566
10395,12.1998
10396,13.3484
10397,8.05705
10398,8.80745
10399,9.50516
10400,8.41759
10401,12.543
10402,9.25669
10403,11.6891
10404,8.91507
10405,8.68755
10406,16.0219
10407,8.99252
10408,15.3821
10409,7.40228
10410,6.9166
10411,8.90145
10412,10.2774
10413,10.6394
10414,8.81602
10415,7.99472
10416,12.2167
10417,9.14711
10418,12.1977
10419,7.70392
10420,8.14538
10421,10.7372
10422,7.70269
10423,8.84155
10424,9.74978
10425,10.0415
10426,12.3901
10427,8.79594
10428,7.68119
10429,7.93366
10430,10.5198
10431,11.2439
10432,9.70375
10433,10.8772
10434,8.756
10435,8.76443
10436,13.5976
10437,6.61061
10438,8.16489
10439,10.2671
10440,9.74625
10441,9.00554
10442,11.3685
10443,10.6545
10444,9.71384
10445,10.5932
10446,11.9955
10447,12.0415
10448,8.64028
10449,7.69577
10450,7.24058
10451,8.53584
10452,7.89738
10453,9.57135
10454,10.8318
10455,10.9995
10456,7.04188
10457,12.3992
10458,12.4076
10459,11.6107
10460,14.1788
10461,9.2046
10462,15.3877
10463,10.485
10464,14.6748
10465,13.4611
10466,10.0248
10467,13.1999
10468,8.49437
10469,7.85734
10470,8.28925
10471,9.40731
10472,8.9429
10473,9.51618
10474,7.73781
10475,9.97477
10476,8.32771
10477,8.61454
10478,11.4285
10479,9.55821
10480,12.9409
10481,8.22978
10482,8.65319
10483,13.697
10484,8.96906
10485,11.2984
10486,12.8101
10487,11.8943
10488,12.2086
10489,10.5669
10490,12.654
10491,11.0445
10492,11.3288
10493,6.88987
10494,12.7303
10495,7.74054
10496,6.97603
10497,12.1049
10498,7.66147
10499,8.84338
10500,9.70833
10501,8.87937
10502,7.87677
10503,12.3004
10504,7.62448
10505,7.74338
10506,8.76095
10507,13.8469
10508,8.95454
10509,6.91523
10510,9.95411
10511,10.1855
10512,8.46458
10513,9.74919
10514,11.1258
10515,12.5017
10516,11.2359
10517,7.78722
10518,13.8043
10519,9.74475
10520,9.20912
10521,9.44791
10522,13.7085
10523,10.3085
10524,16.157
10525,9.17719
10526,11.354
10527,9.49276
10528,12.8391
10529,8.0194
10530,13.0316
10531,10.4953
10532,13.6576
10533,10.1757
10534,10.2143
10535,10.253
10536,10.4854
10537,11.306
10538,11.4917
10539,8.76987
10540,7.90123
10541,7.93637
10542,10.1459
10543,8.28793
10544,8.3442
10545,8.76681
10546,9.92465
10547,12.9674
10548,13.6556
10549,11.9824
10550,9.27012
10551,17.3842
10552,15.4435
10553,7.819
10554,9.78826
10555,8.20413
10556,9.03038
10557,8.28408
10558,10.7069
10559,8.07917
10560,10.5754
10561,6.12705
10562,14.5799
10563,12.2681
10564,7.41598
10565,12.6608
10566,7.77822
10567,8.62124
10568,9.19518
10569,7.60321
10570,13.099
10571,9.28893
10572,8.34383
10573,9.11991
10574,9.24404
10575,8.66415
10576,8.80655
10577,7.84727
10578,9.959
10579,11.4808
10580,8.96514
10581,9.55558
10582,10.5836
10583,10.8154
10584,10.2776
10585,9.28599
10586,9.5423
10587,10.1105
10588,11.2069
10589,9.53245
10590,12.1114
10591,10.2255
10592,13.2376
10593,13.0432
10594,8.65879
10595,11.8447
10596,10.7701
10597,6.57411
10598,8.33861
10599,10.9278
10600,11.5742
10601,9.01038
10602,9.1454
10603,10.1616
10604,9.6454
10605,13.0957
10606,10.2136
10607,8.5535
10608,13.5912
10609,5.95474
10610,8.04289
10611,8.22929
10612,10.8607
10613,11.2475
10614,8.63635
10615,10.0415
10616,10.5378
10617,7.61826
10618,9.10218
10619,9.30218
10620,13.4953
10621,14.3334
10622,10.5091
10623,6.58717
10624,10.8722
10625,10.9457
10626,9.97982
10627,10.1671
10628,10.9779
10629,13.0166
10630,10.0913
10631,8.87346
10632,13.1319
10633,9.69488
10634,7.99003
10635,10.2624
10636,11.9626
10637,9.32209
10638,8.41684
10639,7.51012
10640,6.5913
10641,9.97358
10642,6.11639
10643,9.82419
10644,10.1144
10645,12.3238
10646,8.68238
10647,10.7456
10648,8.87872
10649,11.1253
10650,11.2869
10651,9.51848
10652,8.56535
10653,8.78224
10654,9.96975
10655,9.63707
10656,10.5336
10657,8.05256
10658,8.09107
10659,17.093
10660,13.1014
10661,9.61699
10662,10.2612
10663,11.3758
10664,8.72559
10665,10.7348
10666,8.91402
10667,15.6302
10668,7.54199
10669,8.77472
10670,10.348
10671,11.9184
10672,9.54909
10673,9.67602
10674,6.15676
10675,10.0992
10676,10.1548
10677,11.2801
10678,9.41653
10679,7.81282
10680,11.9224
10681,6.97347
10682,7.24394
10683,8.59178
10684,8.91647
10685,8.22297
10686,9.99472
10687,10.0049
10688,9.45898
10689,13.2637
10690,7.37005
10691,9.61708
10692,8.73791
10693,10.2701
10694,11.4289
10695,8.55191
10696,11.8036
10697,8.54132
10698,10.6252
10699,16.9564
10700,9.086
10701,10.0944
10702,12.1562
10703,10.9696
10704,7.48438
10705,11.7188
10706,6.784
10707,12.2269
10708,9.40963
10709,10.2593
10710,6.3127
10711,6.85606
10712,8.95062
10713,10.3594
10714,9.4262
10715,10.6688
10716,9.7756
10717,10.8393
10718,8.31994
10719,10.4988
10720,10.9796
10721,9.83706
10722,10.3014
10723,13.9903
10724,11.5957
10725,6.83437
10726,8.17663
10727,13.2371
10728,8.63776
10729,14.6131
10730,12.0276
10731,10.5406
10732,6.27919
10733,11.3798
10734,8.7393
10735,10.793
10736,9.98868
10737,7.33597
10738,8.38816
10739,10.1866
10740,10.2205
10741,12.1826
10742,12.8674
10743,12.1254
10744,11.8143
10745,8.14797
10746,9.40162
10747,9.4644
10748,9.05683
10749,9.3417
10750,7.14698
10751,11.2885
10752,13.953
10753,7.52259
10754,4.94286
10755,10.0022
10756,7.62215
10757,14.6723
10758,9.73698
10759,11.6159
10760,11.9455
10761,10.3372
10762,14.2431
10763,7.47599
10764,7.26877
10765,7.52717
10766,7.79003
10767,7.90398
10768,7.96931
10769,8.12688
10770,8.34437
10771,12.7136
10772,8.75773
10773,8.79132
10774,8.39846
10775,8.69721
10776,8.94582
10777,9.30844
10778,10.4079
10779,10.4512
10780,10.536
10781,10.5774
10782,9.69354
10783,5.76485
10784,15.9252
10785,10.1836
10786,14.2218
10787,9.31496
10788,11.7685
10789,12.2482
10790,11.365
10791,7.7983
10792,12.7913
10793,8.81337
10794,8.33859
10795,8.46326
10796,10.1556
10797,12.3781
10798,12.6077
10799,9.6332
10800,8.00428
10801,12.2817
10802,8.42798
10803,7.7179
10804,9.46692
10805,9.88486
10806,10.9831
10807,13.5259
10808,11.4264
10809,10.4791
10810,10.6375
10811,11.9282
10812,10.4557
10813,13.9028
10814,12.299
10815,10.2898
10816,11.1456
10817,7.84469
10818,10.2631
10819,6.9972
10820,10.3072
10821,12.6386
10822,9.54763
10823,10.2208
10824,10.5605
10825,9.92038
10826,12.9638
10827,8.08575
10828,11.8455
10829,13.1058
10830,9.37575
10831,11.0266
10832,7.43489
10833,8.47397
10834,9.51538
10835,11.9541
10836,8.04776
10837,12.2515
10838,8.72508
10839,9.61535
10840,15.805
10841,8.89859
10842,11.0446
10843,14.295
10844,8.62797
10845,11.7106
10846,10.4555
10847,10.5089
10848,10.6932
10849,10.89
10850,10.3109
10851,9.52302
10852,12.5752
10853,7.41783
10854,9.5139
10855,8.53583
10856,12.5222
10857,9.48723
10858,11.8798
10859,8.9544
10860,10.5802
10861,19.2446
10862,10.3313
10863,9.40191
10864,13.8284
10865,10.151
10866,7.06257
10867,8.90946
10868,7.11514
10869,9.23532
10870,9.72382
10871,8.80566
10872,12.0027
10873,8.51581
10874,7.54793
10875,9.75726
10876,13.1215
10877,9.51364
10878,10.6524
10879,10.2484
10880,10.2629
10881,10.6015
10882,14.0984
10883,9.40303
10884,9.39203
10885,8.8007
10886,9.59378
10887,8.90813
10888,8.95329
10889,9.09198
10890,11.1054
10891,12.1666
10892,9.69483
10893,9.79109
10894,10.6631
10895,9.17807
10896,9.49967
10897,9.12119
10898,7.21571
10899,12.503
10900,8.62722
10901,7.89937
10902,9.91403
10903,9.97119
10904,8.10386
10905,10.1123
10906,9.14658
10907,10.74
10908,8.93459
10909,10.9877
10910,10.1492
10911,11.1106
10912,7.95858
10913,14.0386
10914,7.54826
10915,8.6595
10916,9.93825
10917,8.07449
10918,8.05665
10919,7.73524
10920,9.34199
10921,12.9326
10922,11.2704
10923,12.5375
10924,11.3543
10925,11.786
10926,13.6743
10927,8.53945
10928,9.15048
10929,9.66238
10930,14.6708
10931,9.85103
10932,6.67805
10933,10.9389
10934,7.84585
10935,9.18432
10936,9.55922
10937,10.8233
10938,10.169
10939,11.382
10940,9.54188
10941,8.64248
10942,11.2063
10943,6.5615
10944,10.1138
10945,11.8576
10946,9.45319
10947,9.72602
10948,10.1426
10949,10.3011
10950,10.5681
10951,13.0312
10952,7.76582
10953,16.0194
10954,7.16971
10955,11.2977
10956,8.94518
10957,12.7782
10958,9.9967
10959,12.0606
10960,7.03703
10961,7.61991
10962,14.0998
10963,7.72127
10964,8.85531
10965,9.11884
10966,10.0181
10967,7.45003
10968,7.65988
10969,7.81672
10970,12.44
10971,8.61145
10972,9.22987
10973,9.35428
10974,9.38493
10975,9.66277
10976,5.94045
10977,10.1423
10978,10.7946
10979,15.8655
10980,13.0589
10981,9.2934
10982,9.36721
10983,9.25843
10984,11.2622
10985,9.33084
10986,12.4966
10987,8.61406
10988,7.74493
10989,12.0437
10990,10.2542
10991,13.5674
10992,9.08812
10993,10.0966
10994,14.493
10995,9.1745
10996,13.3842
10997,8.64052
10998,10.8773
10999,9.45797
11000,11.5628
11001,11.6665
11002,11.8504
11003,10.0253
11004,8.27995
11005,7.80272
11006,10.9075
11007,11.038
11008,11.0465
11009,13.224
11010,10.7146
11011,9.81216
11012,11.2774
11013,10.0723
11014,11.2597
11015,9.4855
11016,9.94065
11017,14.2856
11018,9.71028
11019,9.72219
11020,9.21233
11021,7.79908
11022,6.42194
11023,13.0906
11024,12.0047
11025,10.1605
11026,8.06023
11027,8.63229
11028,9.10068
11029,9.39206
11030,9.8858
11031,14.4994
11032,9.90763
11033,9.96284
11034,10.0044
11035,11.5728
11036,10.6323
11037,10.8121
11038,9.93026
11039,11.5398
11040,12.5482
11041,11.3235
11042,8.35368
11043,13.1266
11044,8.83713
11045,12.2732
11046,7.48176
11047,10.7873
11048,11.3445
11049,11.6618
11050,6.7925
11051,16.0307
11052,12.0515
11053,13.0983
11054,9.06895
11055,9.30193
11056,10.0872
11057,13.188
11058,13.2807
11059,6.57841
11060,12.001
11061,6.13264
11062,8.03818
11063,9.42857
11064,7.63388
11065,11.4936
11066,9.00934
11067,10.0707
11068,8.10235
11069,11.1313
11070,8.24464
11071,10.584
11072,8.93353
11073,11.4547
11074,8.66945
11075,10.269
11076,9.70085
11077,9.17695
11078,10.3015
11079,10.4901
11080,11.4354
11081,9.65248
11082,10.6433
11083,9.89502
11084,10.8859
11085,12.2802
11086,12.8632
11087,9.40158
11088,8.03011
11089,10.9799
11090,7.83163
11091,9.55608
11092,10.8453
11093,10.6299
11094,8.82476
11095,9.09341
11096,9.82336
11097,12.5269
11098,9.66122
11099,9.68688
11100,8.01465
11101,10.6942
11102,7.72306
11103,9.12092
11104,13.0583
11105,10.1462
11106,10.2053
11107,7.73786
11108,7.15786
11109,9.33956
11110,8.27446
11111,12.5265
11112,11.8081
11113,8.55857
11114,10.7415
11115,11.3946
11116,11.8477
11117,10.9266
11118,12.3397
11119,14.5851
11120,7.61174
11121,10.8337
11122,6.28035
11123,9.73771
11124,12.7899
11125,8.61404
11126,11.4632
11127,6.79459
11128,13.8018
11129,10.8824
11130,12.9123
11131,10.4544
11132,7.54661
11133,8.00638
11134,8.27948
11135,8.36452
11136,10.0273
11137,10.0832
11138,10.4194
11139,8.77373
11140,8.89466
11141,9.17274
11142,7.80151
11143,10.9909
11144,10.135
11145,12.5148
11146,8.89192
11147,8.25683
11148,5.9124
11149,10.3131
11150,10.6549
11151,10.8717
11152,10.1409
11153,10.4685
11154,8.71088
11155,11.0301
11156,11.1338
11157,7.77186
11158,7.7302
11159,9.67242
11160,7.57848
11161,8.44069
11162,9.45663
11163,9.7602
11164,10.5254
11165,8.19782
11166,8.62025
11167,8.21981
11168,10.4245
11169,7.80586
11170,9.9634
11171,7.05165
11172,11.4218
11173,12.6047
11174,10.7443
11175,8.73154
11176,9.27705
11177,7.9556
11178,11.4486
11179,12.4991
11180,8.52922
11181,7.92267
11182,8.39662
11183,13.7561
11184,10.9506
11185,6.95899
11186,8.98271
11187,9.11382
11188,9.14778
11189,9.2113
11190,9.49323
11191,7.68855
11192,9.0666
11193,8.22225
11194,11.6703
11195,9.06504
11196,8.187
11197,10.767
11198,10.9928
11199,8.48719
11200,7.36334
11201,12.434
11202,11.6098
11203,7.77421
11204,9.32294
11205,12.7313
11206,10.6731
11207,13.16
11208,12.5132
11209,8.59644
11210,13.6108
11211,14.3019
11212,10.0677
11213,10.7892
11214,11.3011
11215,9.3101
11216,11.7956
11217,7.72208
11218,6.44511
11219,11.4584
11220,12.7957
11221,7.16911
11222,9.01049
11223,12.3132
11224,9.4723
11225,9.56431
11226,8.59883
11227,8.79065
11228,9.13684
11229,12.4133
11230,8.9682
11231,9.50068
11232,11.2341
11233,11.2425
11234,11.5586
11235,8.58436
11236,12.1255
11237,8.77928
11238,9.81639
11239,9.99761
11240,10.4358
11241,11.9186
11242,12.7625
11243,9.49944
11244,15.5353
11245,15.6075
11246,9.12651
11247,10.4075
11248,8.02463
11249,9.23283
11250,14.9926
11251,18.4067
11252,10.4807
11253,11.8365
11254,9.94557
11255,12.9582
11256,11.0123
11257,11.3502
11258,15.0512
11259,10.9135
11260,9.05438
11261,11.3956
11262,8.06686
11263,10.4077
11264,6.66484
11265,11.3891
11266,9.55117
11267,8.59106
11268,11.0765
11269,10.3412
11270,11.6618
11271,11.5882
11272,10.9475
11273,11.101
11274,9.59372
11275,10.2099
11276,10.2577
11277,7.31089
11278,8.35555
11279,8.58963
11280,8.84205
11281,9.24225
11282,10.3242
11283,7.64724
11284,7.74415
11285,8.91419
11286,7.16261
11287,8.51273
11288,7.69112
11289,12.8919
11290,10.0652
11291,9.26418
11292,11.0823
11293,11.5128
11294,11.0353
11295,12.4727
11296,14.8367
11297,8.15829
11298,7.82236
11299,8.67551
11300,13.1227
11301,8.42526
11302,8.99203
11303,7.08946
11304,9.09789
11305,10.4277
11306,8.64641
11307,8.96208
11308,8.04322
11309,9.88573
11310,9.34252
11311,9.79822
11312,10.9033
11313,9.06602
11314,7.44992
11315,13.0679
11316,12.1047
11317,11.2184
11318,8.1572
11319,11.2366
11320,8.51975
11321,8.99754
11322,9.07003
11323,10.3298
11324,9.33824
11325,10.4061
11326,10.9837
11327,8.51711
11328,8.83758
11329,12.0587
11330,8.66886
11331,10.0004
11332,13.0694
11333,13.0164
11334,11.0881
11335,14.5753
11336,13.7903
11337,9.04935
11338,10.1938
11339,12.6275
11340,7.85478
11341,11.0951
11342,13.7456
11343,13.4196
11344,10.6669
11345,8.25739
11346,9.29145
11347,9.4954
11348,10.7301
11349,13.1625
11350,8.65618
11351,8.75579
11352,8.82793
11353,12.2985
11354,7.40742
11355,10.7688
11356,10.1296
11357,10.369
11358,8.83527
11359,11.0574
11360,9.11091
11361,9.26297
11362,10.0956
11363,10.5567
11364,11.1271
11365,11.1875
11366,7.96651
11367,14.1429
11368,8.1348
11369,9.04536
11370,7.39227
11371,7.16451
11372,10.4856
11373,5.67708
11374,11.0942
11375,12.3202
11376,10.4156
11377,8.86817
11378,10.9217
11379,11.499
11380,10.1204
11381,10.2652
11382,8.29051
11383,7.82911
11384,12.9898
11385,12.9543
11386,11.1099
11387,13.1921
11388,8.31577
11389,14.3242
11390,13.9474
11391,6.74503
11392,9.40644
11393,9.76072
11394,6.7026
11395,8.03689
11396,12.3766
11397,9.99066
11398,8.63739
11399,10.5851
11400,5.47183
11401,7.77853
11402,8.40445
11403,10.8604
11404,6.98333
11405,5.92739
11406,8.10587
11407,10.5386
11408,8.65432
11409,10.7032
11410,9.72434
11411,9.66296
11412,9.84228
11413,14.3567
11414,12.7455
11415,12.8364
11416,8.32183
11417,13.5176
11418,11.7345
11419,12.9065
11420,8.35332
11421,9.66018
11422,8.71423
11423,10.1172
11424,10.2889
11425,7.40123
11426,11.052
11427,8.06706
11428,9.44751
11429,10.9805
11430,7.04143
11431,7.14107
11432,9.12994
11433,11.6111
11434,12.3709
11435,9.58795
11436,10.7612
11437,13.0254
11438,11.688
11439,10.8656
11440,10.9283
11441,10.1763
11442,13.5362
11443,11.7712
11444,12.8252
11445,9.90461
11446,7.77483
11447,7.32383
11448,8.76117
11449,9.12971
11450,9.20764
11451,9.90703
11452,8.0211
11453,13.0776
11454,13.9261
11455,14.1645
11456,11.7388
11457,10.9719
11458,12.4371
11459,12.686
11460,11.0975
11461,9.98261
11462,9.08453
11463,9.3923
11464,14.5162
11465,9.65104
11466,7.76337
11467,9.29058
11468,9.79268
11469,9.12997
11470,12.4993
11471,9.51212
11472,9.89743
11473,12.2393
11474,9.44313
11475,10.4545
11476,10.5513
11477,7.68145
11478,11.7953
11479,11.9748
11480,12.048
11481,8.92631
11482,9.0125
11483,9.35571
11484,9.89908
11485,15.4845
11486,9.07823
11487,9.36221
11488,9.43572
11489,11.0844
11490,11.5845
11491,8.83774
11492,9.66654
11493,9.6806
11494,9.70809
11495,9.95452
11496,10.44
11497,9.34852
11498,8.88494
11499,10.9015
11500,13.1272
11501,13.3911
11502,7.42445
11503,7.7535
11504,7.94426
11505,7.98863
11506,8.39312
11507,14.4078
11508,11.0148
11509,10.0507
11510,15.4902
11511,9.57701
11512,9.92275
11513,10.0456
11514,12.1709
11515,10.4835
11516,10.5581
11517,11.0613
11518,9.69588
11519,15.3764
11520,12.5689
11521,8.63069
11522,14.0066
11523,8.73577
11524,8.83658
11525,11.0009
11526,11.865
11527,9.65155
11528,10.6216
11529,10.6541
11530,9.70298
11531,12.9156
11532,11.9382
11533,10.826
11534,5.22667
11535,6.73125
11536,6.80365
11537,16.6017
11538,12.4409
11539,8.81556
11540,8.3329
11541,9.77339
11542,10.1588
11543,11.3891
11544,10.7554
11545,11.3909
11546,12.948
11547,8.0572
11548,8.47006
11549,10.5123
11550,12.75
11551,8.99604
11552,8.92699
11553,9.16343
11554,9.27806
11555,9.75604
11556,11.0013
11557,10.3148
11558,10.3848
11559,10.465
11560,10.841
11561,7.96976
11562,11.1866
11563,11.3802
11564,10.5206
11565,8.1376
11566,9.27863
11567,12.5159
11568,7.54125
11569,13.4504
11570,9.7266
11571,11.806
11572,10.1998
11573,10.9321
11574,12.2286
11575,9.96646
11576,10.4304
11577,15.1357
11578,11.3274
11579,7.3326
11580,11.7256
11581,7.94764
11582,9.72799
11583,10.925
11584,10.0147
11585,10.2205
11586,8.2867
11587,8.45329
11588,10.1761
11589,11.3537
11590,7.77978
11591,9.84319
11592,10.3626
11593,9.5285
11594,7.96527
11595,10.9442
11596,9.85096
11597,6.2614
11598,8.84711
11599,13.1178
11600,9.06882
11601,9.19818
11602,9.21185
11603,8.19533
11604,8.23452
11605,8.36482
11606,9.24073
11607,8.74115
11608,8.88254
11609,11.1717
11610,15.2448
11611,7.66762
11612,6.84291
11613,11.9417
11614,14.345
11615,11.2832
11616,9.96597
11617,13.2476
11618,10.0291
11619,8.13519
11620,9.30523
11621,7.93805
11622,12.2546
11623,11.7235
11624,13.4179
11625,14.2528
11626,8.54693
11627,13.8305
11628,10.8766
11629,11.108
11630,9.27797
11631,11.698
11632,13.8923
11633,13.499
11634,8.61766
11635,14.9494
11636,9.69543
11637,9.85188
11638,8.88775
11639,8.755
11640,5.37944
11641,11.6759
11642,14.6904
11643,8.70772
11644,10.9643
11645,11.5583
11646,9.17365
11647,9.18967
11648,10.2742
11649,7.74236
11650,9.22121
11651,10.2375
11652,10.4182
11653,9.03409
11654,9.6719
11655,11.8615
11656,10.4825
11657,12.6248
11658,8.47273
11659,7.48116
11660,12.956
11661,9.62037
11662,17.1939
11663,11.2115
11664,9.31045
11665,8.87891
11666,8.92559
11667,9.44891
11668,10.7744
11669,8.41085
11670,6.07451
11671,8.21351
11672,10.2251
11673,7.3803
11674,9.00042
11675,9.37751
11676,13.4891
11677,10.529
11678,8.74061
11679,10.1803
11680,9.19913
11681,7.26358
11682,9.44585
11683,10.5204
11684,9.67093
11685,10.3583
11686,10.4187
11687,10.5188
11688,10.5351
11689,8.77449
11690,8.78293
11691,8.84076
11692,9.03296
11693,12.0949
11694,13.1637
11695,12.4642
11696,11.2468
11697,14.548
11698,11.7619
11699,8.88137
11700,8.98901
11701,12.3178
11702,11.319
11703,8.6417
11704,9.92636
11705,8.47118
11706,9.70108
11707,9.8819
11708,8.13373
11709,10.491
11710,11.9866
11711,10.4707
11712,9.85657
11713,8.88572
11714,12.3446
11715,9.23688
11716,9.41175
11717,9.73026
11718,9.14103
11719,7.58575
11720,11.6574
11721,6.63124
11722,8.73231
11723,6.8538
11724,6.40453
11725,9.03212
11726,11.5412
11727,10.8631
11728,10.9434
11729,6.09477
11730,8.21071
11731,9.05616
11732,9.52478
11733,10.234
11734,12.1896
11735,12.4874
11736,8.77236
11737,13.0406
11738,12.499
11739,6.99675
11740,7.38458
11741,7.9459
11742,8.04863
11743,8.57328
11744,8.85337
11745,9.38928
11746,7.73814
11747,11.1632
11748,11.5933
11749,11.6991
11750,10.4881
11751,12.9641
11752,13.3108
11753,13.3193
11754,9.70489
11755,8.13106
11756,8.38454
11757,8.52325
11758,8.53168
11759,11.6356
11760,7.32617
11761,12.4907
11762,8.57742
11763,8.86512
11764,11.4491
11765,9.28748
11766,7.82297
11767,10.4577
11768,11.4227
11769,10.4813
11770,13.0699
11771,8.60029
11772,9.20753
11773,13.0335
11774,8.37188
11775,8.74169
11776,6.80305
11777,10.6421
11778,9.74193
11779,11.1489
11780,10.2241
11781,8.33457
11782,7.38002
11783,7.51097
11784,10.5356
11785,7.61771
11786,10.7138
11787,12.0436
11788,9.43715
11789,7.51666
11790,9.76314
11791,10.1379
11792,8.25239
11793,11.5614
11794,9.03113
11795,9.15719
11796,9.49515
11797,11.1822
11798,7.44063
11799,8.56981
11800,9.72357
11801,7.89013
11802,9.05149
11803,13.2644
11804,10.4659
11805,9.64847
11806,14.9501
11807,10.3746
11808,9.75233
11809,10.7773
11810,11.6459
11811,10.9269
11812,9.94476
11813,12.1049
11814,12.6506
11815,10.0176
11816,11.0866
11817,14.5006
11818,11.802
11819,14.0181
11820,9.64703
11821,9.6837
11822,10.3458
11823,9.39381
11824,9.74246
11825,7.69802
11826,8.83503
11827,9.64985
11828,13.305
11829,10.8914
11830,11.5167
11831,8.94477
11832,12.4035
11833,12.0302
11834,9.24588
11835,9.3214
11836,8.43719
11837,9.53979
11838,9.54287
11839,8.1134
11840,7.45938
11841,7.57699
11842,10.7193
11843,11.4222
11844,11.8459
11845,10.8097
11846,7.11338
11847,8.42579
11848,13.5405
11849,9.28351
11850,7.33095
11851,8.95298
11852,9.9915
11853,10.1891
11854,8.82307
11855,10.7413
11856,8.59526
11857,10.4743
11858,11.0017
11859,12.7809
11860,7.30604
11861,8.58678
11862,8.97097
11863,9.41948
11864,12.5665
11865,10.0129
11866,9.68014
11867,11.9039
11868,7.98732
11869,7.00347
11870,8.41475
11871,8.54385
11872,9.6457
11873,8.83148
11874,11.9279
11875,7.46007
11876,7.49096
11877,11.5222
11878,12.5341
11879,8.77269
11880,10.9124
11881,7.94078
11882,9.23953
11883,13.6367
11884,9.02366
11885,10.0857
11886,10.3512
11887,9.45348
11888,9.77826
11889,10.0978
11890,11.5263
11891,12.5536
11892,12.7194
11893,9.98484
11894,10.9291
11895,8.47476
11896,14.8788
11897,9.80499
11898,9.09755
11899,10.832
11900,11.0105
11901,12.2782
11902,14.3077
11903,7.21812
11904,7.62211
11905,7.78499
11906,9.42603
11907,9.47468
11908,10.727
11909,16.245
11910,9.04949
11911,13.6791
11912,10.1993
11913,8.36846
11914,8.74309
11915,9.8395
11916,10.141
11917,10.1567
11918,11.2154
11919,11.3513
11920,8.71945
11921,10.1326
11922,12.5195
11923,7.94569
11924,8.94517
11925,8.1502
11926,12.3169
11927,9.11099
11928,9.13361
11929,10.6502
11930,10.0144
11931,11.0971
11932,13.0239
11933,9.18149
11934,10.4109
11935,10.5177
11936,11.1527
11937,13.2498
11938,10.4868
11939,13.7653
11940,11.5053
11941,9.92387
11942,10.1478
11943,10.4578
11944,9.60498
11945,10.8604
11946,8.86885
11947,9.98034
11948,13.3988
11949,9.80089
11950,7.5406
11951,17.5602
11952,10.7087
11953,10.7584
11954,11.4124
11955,12.5338
11956,8.09158
11957,8.91405
11958,9.19121
11959,9.65661
11960,10.1125
11961,10.2382
11962,10.2819
11963,10.5975
11964,11.7074
11965,12.1742
11966,11.8444
11967,7.18588
11968,12.337
11969,7.34769
11970,6.45713
11971,7.56242
11972,8.29611
11973,8.37546
11974,5.43816
11975,9.85802
11976,9.96958
11977,10.1077
11978,10.2124
11979,10.3017
11980,10.4632
11981,9.80637
11982,11.1664
11983,11.2144
11984,11.7908
11985,12.1922
11986,12.8101
11987,9.54261
11988,9.91804
11989,12.1165
11990,9.89752
11991,11.9606
11992,8.77684
11993,9.31273
11994,7.68419
11995,9.8652
11996,7.91889
11997,6.96329
11998,8.78177
11999,15.9724
12000,7.04704
12001,10.22
12002,11.0699
12003,11.3828
12004,11.761
12005,8.70131
12006,10.1115
12007,9.14078
12008,9.48354
12009,6.55175
12010,7.77533
12011,10.9928
12012,14.2434
12013,10.2829
12014,9.07487
12015,9.32684
12016,9.38459
12017,14.6875
12018,9.69876
12019,12.8157
12020,5.94687
12021,8.6437
12022,9.49903
12023,7.65471
12024,9.89123
12025,8.07709
12026,8.32781
12027,8.45725
12028,8.52899
12029,8.5479
12030,15.7324
12031,8.83646
12032,8.90931
12033,9.27943
12034,12.6542
12035,12.1047
12036,10.552
12037,10.7653
12038,11.8938
12039,10.965
12040,16.8254
12041,8.36853
12042,9.39554
12043,13.88
12044,9.46572
12045,10.0872
12046,11.7959
12047,12.0356
12048,8.66735
12049,14.7309
12050,9.86603
12051,9.62233
12052,10.043
12053,9.83119
12054,11.6478
12055,8.6573
12056,6.71295
12057,10.1936
12058,6.31454
12059,11.6053
12060,8.62894
12061,9.83071
12062,10.5443
12063,9.82838
12064,8.09899
12065,8.3122
12066,10.6458
12067,8.89466
12068,9.07198
12069,9.36713
12070,9.37557
12071,12.4687
12072,10.3028
12073,13.5464
12074,12.6606
12075,11.2555
12076,14.2757
12077,11.6632
12078,12.5499
12079,11.8042
12080,8.93336
12081,13.5487
12082,16.5987
12083,9.83491
12084,10.4218
12085,7.63111
12086,9.40057
12087,9.42438
12088,9.83059
12089,7.43024
12090,8.49357
12091,9.81781
12092,12.0704
12093,12.1031
12094,7.91366
12095,8.93038
12096,9.31102
12097,13.8977
12098,10.1438
12099,6.31689
12100,7.41028
12101,11.5115
12102,7.85027
12103,10.9958
12104,13.1422
12105,12.5785
12106,10.6056
12107,7.85455
12108,9.21124
12109,8.33904
12110,11.6989
12111,9.13931
12112,12.2045
12113,9.21861
12114,8.65541
12115,12.6492
12116,10.7244
12117,10.0161
12118,9.31322
12119,10.5727
12120,9.64525
12121,12.0794
12122,12.9311
12123,12.0895
12124,6.16331
12125,13.3559
12126,10.0036
12127,12.2505
12128,13.5254
12129,10.982
12130,11.1024
12131,11.7017
12132,9.30329
12133,9.51717
12134,10.2246
12135,6.83096
12136,10.5628
12137,13.5714
12138,10.6921
12139,8.05244
12140,9.38228
12141,8.42003
12142,9.79499
12143,9.32432
12144,9.66019
12145,7.92806
12146,8.30436
12147,8.59034
12148,10.7982
12149,9.19389
12150,8.01704
12151,8.18901
12152,6.24983
12153,9.43584
12154,11.4898
12155,12.5257
12156,9.31956
12157,7.00527
12158,10.4989
12159,15.4322
12160,10.685
12161,12.1326
12162,6.6871
12163,13.0659
12164,8.53553
12165,8.92321
12166,8.0475
12167,10.0844
12168,10.7279
12169,6.18742
12170,11.3048
12171,10.3734
12172,10.0189
12173,11.2547
12174,10.3777
12175,10.6022
12176,8.80513
12177,11.4186
12178,12.3815
12179,8.40432
12180,12.4148
12181,7.06231
12182,10.2761
12183,10.8511
12184,15.5084
12185,13.6248
12186,9.26581
12187,10.0156
12188,10.0255
12189,10.1813
12190,9.46035
12191,11.8951
12192,11.2363
12193,7.94191
12194,8.30075
12195,7.83037
12196,7.95556
12197,8.33878
12198,8.69383
12199,9.44065
12200,11.1159
12201,10.425
12202,10.5184
12203,10.7503
12204,12.2818
12205,12.346
12206,10.4847
12207,10.7129
12208,8.19245
12209,12.3264
12210,14.3821
12211,8.70251
12212,14.9356
12213,10.7929
12214,14.5791
12215,7.84978
12216,9.73825
12217,9.88055
12218,7.66412
12219,13.495
12220,10.8526
12221,11.8833
12222,11.5574
12223,10.4482
12224,6.53266
12225,13.2765
12226,7.55062
12227,8.91593
12228,9.64322
12229,8.90329
12230,10.1516
12231,8.21313
12232,11.3849
12233,11.7433
12234,13.6891
12235,8.78627
12236,8.9349
12237,7.63091
12238,9.63701
12239,10.0106
12240,8.51872
12241,10.89
12242,11.3242
12243,10.3326
12244,10.3588
12245,7.56121
12246,7.64994
12247,8.88512
12248,9.4781
12249,14.5837
12250,9.7177
12251,10.0501
12252,10.1845
12253,8.43061
12254,10.9853
12255,11.3717
12256,11.0121
12257,12.0911
12258,10.115
12259,11.2913
12260,11.3717
12261,8.96238
12262,10.9921
12263,13.0495
12264,13.1805
12265,11.4835
12266,9.4919
12267,8.37041
12268,12.988
12269,8.18238
12270,14.7989
12271,9.96038
12272,9.0318
12273,9.002
12274,10.1629
12275,9.55919
12276,13.8314
12277,8.06431
12278,10.8192
12279,11.3474
12280,12.6431
12281,11.1741
12282,9.07504
12283,11.6569
12284,12.6275
12285,9.43647
12286,9.70643
12287,8.90506
12288,9.09467
12289,8.97786
12290,9.16488
12291,10.5555
12292,7.57039
12293,7.87973
12294,8.25029
12295,10.544
12296,10.6506
12297,11.6247
12298,5.0497
12299,8.26033
12300,8.31171
12301,11.4123
12302,11.5839
12303,8.22183
12304,9.49263
12305,9.82358
12306,14.9137
12307,6.01032
12308,6.21905
12309,11.2326
12310,10.5127
12311,13.5737
12312,7.67349
12313,8.28665
12314,10.9494
12315,10.8871
12316,9.95973
12317,9.99661
12318,9.20386
12319,10.4661
12320,13.9906
12321,11.2075
12322,9.9169
12323,10.6797
12324,10.9129
12325,13.1151
12326,11.2802
12327,11.3203
12328,9.54673
12329,8.61849
12330,12.8013
12331,9.82024
12332,9.95201
12333,14.3701
12334,12.4177
12335,13.4354
12336,9.28377
12337,7.66012
12338,10.1714
12339,6.82002
12340,9.42817
12341,9.64908
12342,7.66207
12343,11.794
12344,12.672
12345,17.0075
12346,8.68964
12347,11.6008
12348,7.90302
12349,11.9272
12350,8.59259
12351,9.6396
12352,9.74089
12353,9.918
12354,11.3161
12355,10.1347
12356,10.7269
12357,8.86881
12358,12.9161
12359,10.1139
12360,10.5905
12361,6.30557
12362,8.15721
12363,10.8219
12364,9.90693
12365,12.6115
12366,9.18518
12367,10.6104
12368,9.753
12369,12.0714
12370,10.1653
12371,10.5396
12372,7.12324
12373,12.1989
12374,11.2198
12375,7.57689
12376,13.6607
12377,9.74277
12378,8.75971
12379,13.8564
12380,14.0937
12381,9.58116
12382,9.83047
12383,8.8422
12384,8.18084
12385,9.622
12386,9.63044
12387,10.7798
12388,8.22813
12389,12.5136
12390,7.09349
12391,11.5881
12392,7.30008
12393,13.4456
12394,7.04459
12395,13.3008
12396,11.6319
12397,9.77292
12398,10.9715
12399,12.0889
12400,8.4049
12401,17.4585
12402,9.95774
12403,11.3138
12404,10.3617
12405,11.4299
12406,8.57148
12407,7.26093
12408,7.63297
12409,8.51848
12410,8.91162
12411,9.71853
12412,9.79384
12413,7.89708
12414,13.3441
12415,10.5418
12416,9.70553
12417,9.86799
12418,11.1732
12419,7.43193
12420,12.5853
12421,12.5044
12422,8.76084
12423,13.1693
12424,8.5414
12425,8.36915
12426,9.56207
12427,9.41969
12428,8.47516
12429,8.61033
12430,7.75399
12431,8.89685
12432,7.99249
12433,9.25231
12434,9.26074
12435,9.65405
12436,9.83154
12437,10.0857
12438,11.5341
12439,10.7006
12440,5.96556
12441,12.1877
12442,11.7543
12443,12.6441
12444,12.7328
12445,14.3281
12446,9.09842
12447,9.71832
12448,10.729
12449,9.83125
12450,8.07419
12451,11.5343
12452,7.45914
12453,8.67677
12454,9.81357
12455,8.50411
12456,8.5163
12457,8.78495
12458,7.82892
12459,8.92619
12460,5.41151
12461,11.6283
12462,10.8514
12463,8.19786
12464,8.67945
12465,7.85984
12466,8.03424
12467,7.30499
12468,9.90446
12469,13.0292
12470,11.2617
12471,9.90749
12472,12.9588
12473,14.6286
12474,11.0459
12475,11.2099
12476,9.00184
12477,13.0103
12478,10.5577
12479,7.15316
12480,7.64723
12481,11.2723
12482,9.47549
12483,8.1971
12484,10.5458
12485,10.7778
12486,8.94568
12487,10.6939
12488,10.7577
12489,13.943
12490,6.47658
12491,9.66042
12492,10.6782
12493,12.1546
12494,7.3281
12495,13.5953
12496,10.4094
12497,10.1577
12498,13.072
12499,9.69174
12500,6.80516
12501,5.41269
12502,7.7645
12503,8.82106
12504,8.87306
12505,9.30359
12506,8.69978
12507,10.3302
12508,10.0022
12509,12.0836
12510,9.96522
12511,9.24666
12512,11.7532
12513,12.283
12514,9.31946
12515,11.7895
12516,10.805
12517,8.30623
12518,11.5698
12519,6.65882
12520,8.84556
12521,16.3692
12522,8.07111
12523,11.2953
12524,11.8268
12525,17.138
12526,7.50406
12527,10.6294
12528,7.9268
12529,10.1022
12530,8.30605
12531,10.8435
12532,9.8773
12533,9.414
12534,11.705
12535,10.9361
12536,12.2563
12537,17.5955
12538,11.7479
12539,9.616
12540,10.391
12541,8.7972
12542,10.115
12543,8.0014
12544,9.7654
12545,8.61249
12546,8.82701
12547,9.60627
12548,9.65395
12549,11.8345
12550,12.3596
12551,10.4217
12552,7.29939
12553,9.90914
12554,14.5361
12555,12.5055
12556,14.5139
12557,11.7579
12558,7.05167
12559,8.78252
12560,9.21313
12561,7.3912
12562,9.52904
12563,11.6078
12564,11.6868
12565,12.5462
12566,7.8873
12567,7.68164
12568,16.815
12569,8.64378
12570,8.19327
12571,9.32979
12572,10.5232
12573,10.0716
12574,10.1115
12575,8.03145
12576,7.79934
12577,11.9593
12578,12.2235
12579,8.57757
12580,8.63271
12581,9.01056
12582,10.2708
12583,10.1694
12584,8.52657
12585,6.53496
12586,9.75846
12587,9.87877
12588,9.60659
12589,11.26
12590,9.1308
12591,9.15202
12592,8.21381
12593,7.61507
12594,7.19859
12595,11.2218
12596,7.31079
12597,8.52561
12598,14.6309
12599,9.641
12600,10.3688
12601,11.2503
12602,10.2969
12603,7.52075
12604,9.6434
12605,12.8114
12606,8.26791
12607,8.73172
12608,12.7732
12609,7.33073
12610,8.64674
12611,8.70125
12612,7.8984
12613,8.24318
12614,7.00614
12615,9.42784
12616,9.68515
12617,10.8902
12618,11.5871
12619,9.78788
12620,8.03943
12621,6.14929
12622,8.87285
12623,9.20721
12624,8.32155
12625,8.7782
12626,10.8425
12627,7.37191
12628,10.4382
12629,8.59578
12630,9.60421
12631,8.76479
12632,7.37428
12633,11.4114
12634,8.75354
12635,9.95636
12636,15.0999
12637,8.53386
12638,9.57694
12639,8.58918
12640,12.7504
12641,10.5902
12642,10.6035
12643,11.1056
12644,13.135
12645,12.488
12646,11.5642
12647,14.4219
12648,8.79778
12649,9.19916
12650,11.2076
12651,11.3264
12652,11.7352
12653,8.6636
12654,9.8339
12655,9.50665
12656,10.4069
12657,7.53242
12658,11.8427
12659,9.27939
12660,12.3262
12661,9.64591
12662,10.7308
12663,8.00636
12664,8.09869
12665,8.10712
12666,13.2071
12667,10.0987
12668,11.5162
12669,9.9712
12670,10.5127
12671,10.8281
12672,10.961
12673,10.4817
12674,6.64953
12675,9.23166
12676,10.3825
12677,6.45689
12678,10.3013
12679,8.95416
12680,10.3981
12681,9.46964
12682,13.5526
12683,9.78004
12684,11.8844
12685,9.83039
12686,9.44383
12687,9.20597
12688,9.3306
12689,9.60735
12690,9.08446
12691,9.51107
12692,7.71145
12693,8.93724
12694,11.109
12695,13.5065
12696,9.25799
12697,10.8109
12698,9.17419
12699,12.3475
12700,8.97943
12701,8.15738
12702,9.5206
12703,11.3088
12704,9.7753
12705,11.2053
12706,12.902
12707,14.6042
12708,8.67098
12709,7.15911
12710,9.33718
12711,6.38325
12712,8.95219
12713,8.18141
12714,8.54895
12715,8.13164
12716,10.094
12717,9.18701
12718,6.58413
12719,10.0865
12720,9.24425
12721,7.45571
12722,11.631
12723,12.0616
12724,8.21293
12725,9.10603
12726,10.8516
12727,11.0966
12728,6.92698
12729,6.99856
12730,9.00699
12731,12.3788
12732,8.55685
12733,6.56529
12734,11.6432
12735,6.99902
12736,9.07881
12737,9.79404
12738,9.857
12739,9.04383
12740,11.301
12741,11.4279
12742,9.54655
12743,11.6452
12744,8.81331
12745,9.84516
12746,9.18206
12747,12.2747
12748,11.4749
12749,10.6914
12750,14.7996
12751,9.10462
12752,10.6738
12753,13.4551
12754,7.82914
12755,14.1423
12756,11.2834
12757,11.446
12758,8.16509
12759,10.0295
12760,11.186
12761,6.28484
12762,8.27845
12763,9.39108
12764,9.60693
12765,11.9623
12766,8.12591
12767,8.44564
12768,8.91959
12769,10.0026
12770,8.01101
12771,9.28565
12772,9.48044
12773,10.5363
12774,11.0152
12775,9.84761
12776,10.733
12777,7.74138
12778,12.7771
12779,9.76955
12780,10.0438
12781,12.5198
12782,11.5814
12783,11.3897
12784,15.568
12785,11.9648
12786,10.4553
12787,8.39614
12788,14.4445
12789,7.824
12790,16.5425
12791,6.74374
12792,12.2377
12793,9.84437
12794,9.78127
12795,8.7897
12796,10.0593
12797,9.39924
12798,12.8487
12799,12.8592
12800,8.61967
12801,9.10002
12802,7.27287
12803,7.60239
12804,9.85901
12805,14.8932
12806,7.24845
12807,11.5019
12808,9.12849
12809,9.46966
12810,9.65217
12811,9.66061
12812,10.3194
12813,10.3548
12814,9.87216
12815,12.1337
12816,11.6775
12817,12.701
12818,12.3134
12819,13.8956
12820,8.1104
12821,8.3681
12822,9.41061
12823,12.9933
12824,6.50672
12825,9.74356
12826,7.29595
12827,10.5234
12828,10.7263
12829,7.90801
12830,8.62747
12831,13.4938
12832,8.69337
12833,10.4939
12834,12.0006
12835,12.3514
12836,9.39745
12837,10.1671
12838,7.60123
12839,9.79467
12840,9.93743
12841,10.3856
12842,8.49223
12843,11.7792
12844,11.0639
12845,9.39252
12846,11.619
12847,7.72514
12848,10.7337
12849,10.8952
12850,13.4455
12851,12.4878
12852,10.794
12853,9.08508
12854,12.3766
12855,10.4705
12856,13.455
12857,11.8899
12858,13.2557
12859,11.7042
12860,5.86936
12861,7.55054
12862,10.9038
12863,8.46578
12864,8.90663
12865,12.4514
12866,9.7932
12867,15.1837
12868,11.2972
12869,8.76852
12870,9.04242
12871,9.28551
12872,11.4211
12873,9.60777
12874,10.1732
12875,10.5083
12876,7.57769
12877,12.3423
12878,13.3041
12879,13.578
12880,9.3502
12881,12.7516
12882,6.87733
12883,10.2034
12884,8.84242
12885,8.00498
12886,11.7058
12887,14.869
12888,8.19926
12889,7.37488
12890,8.42203
12891,15.8493
12892,10.0926
12893,9.17678
12894,8.70288
12895,9.96049
12896,8.99854
12897,10.7113
12898,6.7741
12899,10.8492
12900,8.37123
12901,9.40434
12902,6.503
12903,10.223
12904,9.07768
12905,9.3553
12906,8.62813
12907,9.79888
12908,10.4657
12909,10.5111
12910,9.93325
12911,11.0227
12912,8.43601
12913,11.9321
12914,10.9081
12915,7.9807
12916,13.9996
12917,10.572
12918,9.26883
12919,6.44412
12920,10.0658
12921,8.11638
12922,16.0746
12923,8.3871
12924,9.45908
12925,8.89639
12926,9.97426
12927,10.0048
12928,8.05714
12929,12.2851
12930,7.54136
12931,7.6642
12932,11.525
12933,11.4347
12934,7.5783
12935,9.61849
12936,7.7186
12937,9.81005
12938,11.0396
12939,12.2819
12940,11.6789
12941,11.7332
12942,7.67092
12943,11.0169
12944,11.0544
12945,11.3417
12946,11.0773
12947,11.2964
12948,9.45052
12949,9.88822
12950,8.30714
12951,8.47548
12952,9.76399
12953,9.64855
12954,8.99443
12955,11.0231
12956,8.21447
12957,7.71702
12958,18.6128
12959,10.866
12960,9.93837
12961,9.59402
12962,8.46408
12963,11.2214
12964,9.48907
12965,8.36845
12966,8.61005
12967,10.0824
12968,15.354
12969,12.4285
12970,7.8375
12971,11.3873
12972,8.15494
12973,9.5183
12974,8.92413
12975,9.06012
12976,10.2098
12977,10.4042
12978,9.86792
12979,10.0541
12980,10.264
12981,9.04001
12982,10.0599
12983,13.9367
12984,12.121
12985,14.333
12986,14.3468
12987,8.5952
12988,7.36227
12989,7.6208
12990,9.23445
12991,9.81654
12992,17.4616
12993,5.16991
12994,11.2606
12995,8.74755
12996,11.7903
12997,15.3422
12998,6.8674
12999,8.46445
13000,9.38603
13001,9.60508
13002,12.634
13003,9.6844
13004,10.6761
13005,12.0413
13006,11.2497
13007,7.55653
13008,8.79233
13009,7.37104
13010,11.3432
13011,8.42791
13012,8.98427
13013,16.8112
13014,10.3889
13015,12.6939
13016,8.92112
13017,8.4539
13018,8.49388
13019,10.8525
13020,11.9698
13021,8.05601
13022,10.439
13023,9.87698
13024,10.6588
13025,13.6672
13026,9.73523
13027,10.2158
13028,9.35421
13029,11.9794
13030,10.2596
13031,10.309
13032,10.6077
13033,10.6421
13034,8.93337
13035,11.0157
13036,11.2018
13037,10.7812
13038,5.35446
13039,9.80662
13040,10.6989
13041,10.0797
13042,10.6754
13043,8.90389
13044,16.4841
13045,10.5847
13046,10.7348
13047,9.83032
13048,11.9842
13049,10.7322
13050,9.58903
13051,6.69764
13052,12.3093
13053,8.61896
13054,11.3704
13055,11.9788
13056,10.1924
13057,10.2361
13058,10.2445
13059,12.3028
13060,11.8594
13061,10.2015
13062,9.02743
13063,9.45481
13064,10.8645
13065,9.28511
13066,7.8306
13067,7.96105
13068,8.54692
13069,10.1267
13070,10.2746
13071,10.2922
13072,7.59914
13073,9.66867
13074,10.7046
13075,10.7534
13076,6.76255
13077,9.92871
13078,8.20074
13079,9.24164
13080,10.973
13081,11.6732
13082,9.49743
13083,12.621
13084,12.0391
13085,11.1842
13086,11.7347
13087,11.9199
13088,10.6115
13089,5.72922
13090,10.8744
13091,8.54444
13092,8.66567
13093,6.74349
13094,5.91355
13095,13.1641
13096,10.2333
13097,10.9676
13098,9.12031
13099,10.4132
13100,8.64329
13101,10.6571
13102,10.7231
13103,8.88565
13104,10.8495
13105,9.34257
13106,11.3761
13107,10.462
13108,12.4704
13109,7.6746
13110,8.86918
13111,9.25067
13112,8.26563
13113,12.7119
13114,9.83502
13115,10.1563
13116,10.2194
13117,10.3451
13118,11.3882
13119,10.5827
13120,9.72333
13121,11.9285
13122,12.4146
13123,13.681
13124,11.4055
13125,15.5127
13126,11.9672
13127,13.1399
13128,7.02386
13129,9.17932
13130,6.18775
13131,9.11647
13132,9.80297
13133,7.45191
13134,9.31081
13135,7.85699
13136,9.75456
13137,10.8817
13138,11.1484
13139,10.1436
13140,12.5498
13141,7.56281
13142,6.61106
13143,9.74773
13144,10.9301
13145,11.2233
13146,6.7026
13147,11.1824
13148,14.4562
13149,14.7421
13150,10.0695
13151,12.6349
13152,8.42624
13153,10.8801
13154,5.08967
13155,15.1592
13156,8.76209
13157,8.78418
13158,11.4572
13159,14.4441
13160,18.8923
13161,8.85686
13162,13.7721
13163,10.3961
13164,12.6051
13165,8.04655
13166,5.25775
13167,10.9844
13168,7.80587
13169,10.8733
13170,10.0178
13171,11.0728
13172,9.22774
13173,9.57534
13174,6.77871
13175,10.0101
13176,9.37069
13177,10.5602
13178,9.77257
13179,12.4654
13180,8.19014
13181,7.47065
13182,9.92906
13183,15.3717
13184,12.4941
13185,10.8205
13186,7.49887
13187,8.10633
13188,11.8191
13189,6.93703
13190,8.34227
13191,9.43892
13192,9.7218
13193,10.2693
13194,9.56097
13195,9.56941
13196,16.0765
13197,11.2572
13198,8.4091
13199,12.5553
13200,7.88865
13201,13.0243
13202,10.0432
13203,10.3034
13204,10.3936
13205,10.7568
13206,10.9836
13207,9.06435
13208,10.3264
13209,11.643
13210,11.8597
13211,11.3281
13212,11.8235
13213,8.53494
13214,11.8067
13215,15.1757
13216,10.3768
13217,9.71006
13218,10.2904
13219,13.4475
13220,11.6047
13221,8.85374
13222,13.314
13223,11.7418
13224,6.39462
13225,11.1845
13226,8.55652
13227,6.63803
13228,10.01
13229,7.03405
13230,7.15214
13231,9.16285
13232,7.73502
13233,11.2539
13234,10.8338
13235,9.34228
13236,9.57799
13237,9.02439
13238,10.9474
13239,11.9184
13240,14.9959
13241,12.8256
13242,9.89219
13243,12.1743
13244,7.39636
13245,11.8578
13246,8.65031
13247,10.9155
13248,9.99831
13249,7.19581
13250,9.22641
13251,8.69001
13252,9.80054
13253,9.87728
13254,9.91216
13255,10.8211
13256,8.83482
13257,11.3054
13258,9.0157
13259,9.32641
13260,8.59801
13261,11.8263
13262,9.10841
13263,9.51638
13264,14.5169
13265,10.4187
13266,5.99074
13267,13.365
13268,14.6219
13269,9.473
13270,15.7903
13271,6.95998
13272,7.26889
13273,7.15165
13274,12.605
13275,10.3637
13276,8.44622
13277,10.9552
13278,8.07718
13279,14.3781
13280,10.8758
13281,11.0645
13282,10.0209
13283,10.1776
13284,10.0863
13285,7.90876
13286,10.0124
13287,11.7061
13288,11.0544
13289,7.82657
13290,8.04358
13291,11.3002
13292,13.3785
13293,12.6771
13294,10.0388
13295,11.7694
13296,12.0874
13297,13.0944
13298,10.3697
13299,8.47588
13300,13.6125
13301,11.213
13302,7.67779
13303,9.82352
13304,7.7086
13305,11.0575
13306,8.31118
13307,13.4787
13308,11.5186
13309,10.6962
13310,7.7046
13311,8.91037
13312,10.1543
13313,8.70905
13314,11.0713
13315,10.7252
13316,11.7806
13317,10.0226
13318,7.39631
13319,8.4711
13320,8.20037
13321,9.413
13322,11.8147
13323,9.52606
13324,10.9265
13325,11.1117
13326,11.8744
13327,9.50456
13328,11.1119
13329,11.3663
13330,7.70816
13331,13.7411
13332,9.11534
13333,8.12377
13334,9.1648
13335,7.88135
13336,8.92058
13337,9.51495
13338,9.01352
13339,7.6211
13340,8.61823
13341,11.6594
13342,6.82458
13343,10.8655
13344,13.6362
13345,7.64766
13346,10.2315
13347,10.3818
13348,10.4999
13349,10.9074
13350,10.5571
13351,13.0009
13352,12.0463
13353,12.7587
13354,10.4229
13355,15.5572
13356,8.1269
13357,13.3031
13358,7.26049
13359,8.34935
13360,9.67255
13361,7.68098
13362,17.7888
13363,10.8943
13364,10.6988
13365,9.96749
13366,10.7392
13367,11.0291
13368,11.0353
13369,13.532
13370,8.07222
13371,8.80396
13372,8.11053
13373,9.36216
13374,9.5771
13375,11.0333
13376,10.8256
13377,9.90594
13378,12.5599
13379,10.6594
13380,10.4617
13381,6.60126
13382,9.84659
13383,9.59584
13384,10.6089
13385,8.3569
13386,12.101
13387,11.4286
13388,7.71797
13389,7.7264
13390,9.99792
13391,8.15911
13392,8.3759
13393,8.90699
13394,9.21074
13395,9.42127
13396,13.3776
13397,10.9944
13398,7.40717
13399,12.2409
13400,10.8197
13401,9.14348
13402,11.3884
13403,8.64682
13404,6.97536
13405,11.2338
13406,9.41741
13407,10.9241
13408,15.4723
13409,9.48249
13410,11.723
13411,7.91031
13412,7.27097
13413,5.94529
13414,7.15461
13415,6.47959
13416,9.52909
13417,7.74933
13418,8.38336
13419,10.8214
13420,12.1389
13421,10.6821
13422,12.2371
13423,9.89239
13424,5.9176
13425,11.6259
13426,7.9831
13427,12.6139
13428,8.95785
13429,11.8493
13430,10.0641
13431,11.1507
13432,8.48983
13433,9.76938
13434,11.7868
13435,12.0208
13436,10.4814
13437,14.4898
13438,9.55271
13439,9.42375
13440,9.65023
13441,10.6896
13442,8.86277
13443,9.37607
13444,9.50196
13445,8.52538
13446,11.0905
13447,11.3763
13448,9.45055
13449,11.1941
13450,11.2025
13451,12.541
13452,8.71131
13453,11.0303
13454,9.60335
13455,10.0868
13456,8.92907
13457,11.6153
13458,8.418
13459,9.14823
13460,5.98673
13461,10.0048
13462,9.63923
13463,10.8676
13464,8.17593
13465,11.3919
13466,10.8325
13467,10.0037
13468,10.3038
13469,12.7278
13470,12.8839
13471,10.2671
13472,9.46353
13473,15.6353
13474,8.77006
13475,9.86195
13476,9.12832
13477,13.1611
13478,8.47744
13479,13.5246
13480,12.2614
13481,15.8778
13482,8.70439
13483,11.8453
13484,9.13054
13485,9.46746
13486,8.01392
13487,9.51989
13488,11.4113
13489,11.6645
13490,11.7041
13491,10.3658
13492,10.6351
13493,7.90913
13494,8.4845
13495,12.6129
13496,13.8325
13497,9.01613
13498,12.106
13499,9.12898
13500,13.6581
13501,10.7255
13502,11.7699
13503,11.2685
13504,10.9514
13505,10.4491
13506,10.6849
13507,12.6954
13508,8.00151
13509,14.3418
13510,10.5605
13511,11.0937
13512,18.5961
13513,10.941
13514,9.4103
13515,11.1698
13516,10.1995
13517,9.97919
13518,7.70671
13519,6.71514
13520,9.01801
13521,8.46603
13522,8.72909
13523,9.10752
13524,8.60847
13525,10.697
13526,9.58283
13527,9.59126
13528,9.61574
13529,10.7633
13530,9.56273
13531,8.92659
13532,11.1746
13533,7.23603
13534,14.7271
13535,13.3203
13536,9.5665
13537,9.47405
13538,7.6519
13539,7.49354
13540,9.78003
13541,13.0799
13542,9.5376
13543,10.7657
13544,10.1651
13545,11.1945
13546,11.4766
13547,14.9567
13548,12.0072
13549,7.34423
13550,12.5267
13551,10.9464
13552,8.96716
13553,9.08166
13554,7.17131
13555,8.52175
13556,9.53018
13557,10.6551
13558,12.1057
13559,6.79131
13560,13.0995
13561,8.10474
13562,10.1989
13563,9.28076
13564,12.2892
13565,8.17023
13566,8.53208
13567,10.8827
13568,9.06684
13569,9.59842
13570,7.73558
13571,11.8263
13572,8.97179
13573,10.3418
13574,8.42755
13575,10.5128
13576,8.65073
13577,10.6715
13578,11.7216
13579,8.95095
13580,11.9163
13581,6.25012
13582,12.4162
13583,10.5616
13584,6.83924
13585,10.8725
13586,11.0483
13587,11.7455
13588,8.60981
13589,12.8716
13590,10.9034
13591,9.0318
13592,9.46207
13593,9.80114
13594,8.85239
13595,8.87853
13596,9.90663
13597,11.6971
13598,10.1233
13599,6.17158
13600,11.18
13601,11.1884
13602,11.2931
13603,9.38968
13604,6.93146
13605,12.025
13606,12.1054
13607,8.21146
13608,12.3247
13609,8.7498
13610,9.4128
13611,10.528
13612,10.6575
13613,9.88833
13614,11.2561
13615,10.9208
13616,10.9509
13617,11.1619
13618,12.116
13619,7.1684
13620,11.6453
13621,5.8618
13622,10.7419
13623,7.77786
13624,9.79249
13625,8.12561
13626,7.17725
13627,11.2645
13628,14.2935
13629,10.6495
13630,15.4565
13631,12.3579
13632,13.0597
13633,13.6099
13634,9.96415
13635,11.899
13636,6.85024
13637,11.9066
13638,7.28745
13639,10.7913
13640,7.58219
13641,10.7111
13642,9.27865
13643,9.57728
13644,13.616
13645,7.65003
13646,7.96205
13647,11.8505
13648,12.0208
13649,10.2082
13650,9.44704
13651,8.33685
13652,8.42517
13653,10.558
13654,9.94837
13655,9.79359
13656,11.7114
13657,7.23652
13658,9.15052
13659,9.20229
13660,12.0742
13661,9.2291
13662,9.65864
13663,9.33296
13664,10.0027
13665,8.98912
13666,11.1343
13667,7.81101
13668,11.88
13669,12.0439
13670,11.1842
13671,9.77747
13672,9.13892
13673,13.6691
13674,8.27125
13675,7.92889
13676,11.2489
13677,11.3532
13678,11.5721
13679,8.70139
13680,11.7114
13681,10.4383
13682,9.73136
13683,7.88768
13684,6.57316
13685,11.5498
13686,8.13224
13687,9.36796
13688,10.1245
13689,9.80324
13690,12.1759
13691,9.24721
13692,11.5747
13693,17.5854
13694,8.61627
13695,8.75526
13696,9.12911
13697,10.5942
13698,8.70023
13699,8.07934
13700,8.24803
13701,10.3274
13702,9.44057
13703,7.90668
13704,11.2224
13705,9.03814
13706,12.1015
13707,12.9224
13708,8.05714
13709,13.0656
13710,13.2236
13711,9.20139
13712,10.8178
13713,10.2806
13714,12.3914
13715,12.5496
13716,10.8144
13717,10.1974
13718,11.489
13719,7.87669
13720,8.75696
13721,9.97103
13722,10.9795
13723,10.3027
13724,8.97592
13725,7.49941
13726,10.9056
13727,11.0194
13728,11.6602
13729,11.8
13730,8.16081
13731,10.7398
13732,9.3697
13733,7.59666
13734,8.14732
13735,7.25978
13736,7.4059
13737,9.38365
13738,10.8025
13739,7.94969
13740,9.23199
13741,7.63568
13742,9.94585
13743,14.5426
13744,11.7109
13745,10.7843
13746,11.9296
13747,10.0424
13748,11.4883
13749,9.58914
13750,12.827
13751,10.5445
13752,11.4919
13753,8.873
13754,11.5154
13755,9.05663
13756,10.0693
13757,10.1529
13758,13.1834
13759,9.48172
13760,10.9583
13761,10.9822
13762,9.35215
13763,10.4949
13764,10.708
13765,10.2098
13766,9.3661
13767,13.4745
13768,10.6894
13769,10.2092
13770,11.2609
13771,11.785
13772,7.88616
13773,12.0894
13774,12.2039
13775,8.62814
13776,9.88483
13777,11.3069
13778,8.67289
13779,9.72634
13780,9.87371
13781,10.2708
13782,9.57584
13783,15.0481
13784,7.82795
13785,11.8727
13786,6.27042
13787,14.7228
13788,6.88387
13789,11.2117
13790,15.6534
13791,7.96463
13792,7.51047
13793,9.2535
13794,9.58338
13795,8.62838
13796,8.84894
13797,9.10998
13798,9.78963
13799,8.28628
13800,10.7486
13801,12.2891
13802,13.5414
13803,7.72361
13804,12.042
13805,12.2748
13806,7.31941
13807,13.7854
13808,9.26247
13809,9.29383
13810,11.7976
13811,9.11411
13812,8.34779
13813,7.50008
13814,7.8195
13815,8.86427
13816,8.39616
13817,6.9917
13818,8.26652
13819,9.30544
13820,9.5739
13821,11.1805
13822,13.1046
13823,8.63411
13824,12.5928
13825,9.81335
13826,9.94481
13827,12.0227
13828,9.83024
13829,10.4503
13830,11.5851
13831,9.95794
13832,10.7052
13833,9.57906
13834,7.89239
13835,10.7562
13836,7.35711
13837,8.89228
13838,13.2839
13839,8.77142
13840,8.63773
13841,8.77752
13842,10.4244
13843,9.43284
13844,6.67356
13845,9.85564
13846,11.0861
13847,9.66057
13848,10.7037
13849,8.24423
13850,12.7707
13851,8.83709
13852,8.00068
13853,9.43211
13854,8.85467
13855,9.92629
13856,10.234
13857,9.46897
13858,10.2316
13859,9.31893
13860,16.4936
13861,12.5279
13862,7.46779
13863,10.9562
13864,9.97238
13865,10.3145
13866,8.93877
13867,10.503
13868,8.10405
13869,8.4068
13870,8.73029
13871,9.59687
13872,9.40878
13873,6.53176
13874,14.3049
13875,7.31333
13876,7.45735
13877,7.36199
13878,13.3704
13879,8.59798
13880,9.67404
13881,8.08798
13882,9.01856
13883,9.63078
13884,7.20871
13885,12.4336
13886,7.58681
13887,8.09164
13888,8.40172
13889,11.5578
13890,7.75579
13891,10.8243
13892,11.9598
13893,8.14535
13894,9.19446
13895,8.62659
13896,10.2853
13897,10.3352
13898,9.72099
13899,10.9056
13900,9.99446
13901,11.2912
13902,8.07218
13903,8.75057
13904,8.7934
13905,9.28988
13906,9.38437
13907,9.55563
13908,11.6669
13909,10.7764
13910,10.4425
13911,10.4971
13912,9.60712
13913,19.4206
13914,10.2989
13915,12.3562
13916,8.68663
13917,9.83222
13918,9.88711
13919,8.45698
13920,8.70031
13921,11.5779
13922,10.3105
13923,13.1391
13924,12.3569
13925,9.58844
13926,10.0088
13927,10.7379
13928,12.4905
13929,9.61
13930,11.8144
13931,9.94937
13932,12.5018
13933,11.8949
13934,12.954
13935,13.2776
13936,6.2926
13937,11.7402
13938,7.31668
13939,10.5835
13940,8.18763
13941,12.2728
13942,14.1704
13943,7.24255
13944,10.4584
13945,10.9193
13946,11.4095
13947,10.6705
13948,11.0225
13949,7.38482
13950,8.59424
13951,10.6851
13952,11.3091
13953,9.95893
13954,10.1887
13955,6.61552
13956,10.6746
13957,6.9014
13958,8.19224
13959,9.28561
13960,9.47676
13961,10.2716
13962,10.4884
13963,11.3965
13964,11.4137
13965,9.09115
13966,12.7619
13967,9.92042
13968,13.3616
13969,14.9821
13970,9.59608
13971,6.85999
13972,7.35564
13973,11.7692
13974,10.9509
13975,9.04397
13976,12.6512
13977,9.25611
13978,7.57519
13979,10.9038
13980,9.54465
13981,6.28772
13982,13.6273
13983,8.66582
13984,8.69435
13985,12.7872
13986,12.0231
13987,8.68229
13988,12.0934
13989,9.16792
13990,9.14667
13991,8.19307
13992,10.4027
13993,8.57423
13994,10.4885
13995,9.565
13996,9.77888
13997,11.0302
13998,7.84428
13999,14.4368
14000,7.71995
14001,9.91843
14002,10.847
14003,8.90401
14004,9.40863
14005,12.5663
14006,11.4311
14007,13.0104
14008,12.1112
14009,9.7185
14010,8.35252
14011,9.83791
14012,10.9536
14013,21.4476
14014,7.56578
14015,6.8221
14016,11.8542
14017,8.01338
14018,7.10166
14019,9.5069
14020,8.73498
14021,11.7463
14022,13.9413
14023,9.98477
14024,8.56324
14025,11.0105
14026,9.16794
14027,11.1764
14028,15.2542
14029,10.5911
14030,10.6911
14031,10.9724
14032,12.1597
14033,9.77801
14034,8.90567
14035,12.2867
14036,9.45956
14037,13.5858
14038,7.14964
14039,7.47524
14040,8.48731
14041,9.35477
14042,11.4742
14043,9.65178
14044,12.8299
14045,10.0507
14046,10.5796
14047,11.1512
14048,7.48664
14049,11.7347
14050,7.15892
14051,10.5599
14052,7.36266
14053,8.88298
14054,6.57381
14055,7.32766
14056,7.41803
14057,8.36885
14058,10.389
14059,11.5509
14060,10.7233
14061,9.07645
14062,7.08488
14063,9.30572
14064,8.31957
14065,7.77801
14066,11.9574
14067,11.9658
14068,10.0528
14069,12.3852
14070,10.668
14071,10.885
14072,11.5286
14073,8.80309
14074,11.4601
14075,12.734
14076,10.8281
14077,11.0975
14078,10.1107
14079,13.2152
14080,7.45809
14081,11.8365
14082,7.40752
14083,7.93684
14084,9.32649
14085,9.36628
14086,7.94313
14087,10.6436
14088,11.4095
14089,10.5147
14090,8.72077
14091,12.0189
14092,10.3229
14093,10.8082
14094,11.0481
14095,9.05657
14096,7.67105
14097,6.69026
14098,12.8442
14099,12.2997
14100,8.82293
14101,10.9022
14102,12.3563
14103,13.8255
14104,16.3009
14105,8.72103
14106,11.0986
14107,10.2367
14108,8.04122
14109,8.48201
14110,9.10821
14111,9.51911
14112,9.62967
14113,7.28857
14114,10.9894
14115,12.042
14116,15.6598
14117,10.5248
14118,11.4125
14119,12.7794
14120,8.36887
14121,10.5169
14122,8.72357
14123,13.1087
14124,10.243
14125,8.21332
14126,6.97075
14127,7.8116
14128,9.05153
14129,9.38402
14130,9.57099
14131,8.83151
14132,11.8399
14133,9.02141
14134,10.406
14135,11.7796
14136,9.1823
14137,9.24642
14138,12.4753
14139,13.378
14140,9.55638
14141,7.7321
14142,11.2742
14143,11.3703
14144,11.4819
14145,15.878
14146,11.6556
14147,10.5246
14148,10.6239
14149,8.36212
14150,8.47797
14151,8.67532
14152,9.07165
14153,11.2008
14154,9.31024
14155,9.96913
14156,10.2765
14157,11.3915
14158,11.4119
14159,8.28714
14160,8.40784
14161,8.70303
14162,8.84421
14163,13.9817
14164,10.9428
14165,9.49699
14166,8.85783
14167,6.69466
14168,6.76852
14169,15.1871
14170,8.0246
14171,9.19836
14172,9.73075
14173,8.84072
14174,8.33682
14175,10.5603
14176,7.68442
14177,12.357
14178,10.4804
14179,10.259
14180,10.3743
14181,9.60588
14182,15.8159
14183,8.71819
14184,9.35776
14185,6.8518
14186,10.2551
14187,9.3603
14188,7.63591
14189,12.9946
14190,11.0704
14191,11.3085
14192,8.35659
14193,8.55624
14194,9.07739
14195,8.67764
14196,12.6469
14197,9.92899
14198,7.16031
14199,8.71788
14200,11.7358
14201,13.9341
14202,9.20896
14203,10.985
14204,8.05418
14205,10.6037
14206,11.9843
14207,12.3605
14208,12.6446
14209,6.19899
14210,11.2479
14211,9.23945
14212,7.51476
14213,13.5597
14214,10.9742
14215,8.84454
14216,9.32696
14217,9.76183
14218,9.11591
14219,10.2303
14220,10.3165
14221,9.60034
14222,9.78216
14223,11.5458
14224,10.8071
14225,12.5106
14226,11.2051
14227,9.28057
14228,13.289
14229,14.6248
14230,10.5642
14231,7.51276
14232,8.83776
14233,9.58841
14234,10.9422
14235,9.60832
14236,12.1814
14237,9.23733
14238,6.85223
14239,9.14075
14240,8.58312
14241,8.07068
14242,9.95237
14243,9.46659
14244,7.26507
14245,12.5703
14246,11.1356
14247,8.144
14248,13.3247
14249,7.03209
14250,9.59943
14251,9.14341
14252,8.71482
14253,9.11673
14254,9.13894
14255,11.2499
14256,9.2612
14257,9.35864
14258,10.0988
14259,13.2534
14260,9.51134
14261,13.9301
14262,10.0131
14263,12.2974
14264,12.5506
14265,15.1078
14266,13.754
14267,9.39344
14268,13.4945
14269,11.0957
14270,6.91843
14271,12.1248
14272,7.42353
14273,12.6812
14274,8.5387
14275,10.1867
14276,9.36793
14277,10.6075
14278,15.4909
14279,15.6828
14280,12.3951
14281,8.29038
14282,8.6527
14283,9.42064
14284,14.8997
14285,10.2375
14286,9.01694
14287,8.49864
14288,9.58809
14289,11.833
14290,7.19865
14291,10.8197
14292,8.19252
14293,12.1249
14294,7.83787
14295,10.2197
14296,10.5268
14297,9.27792
14298,9.4269
14299,9.00493
14300,10.8252
14301,8.00792
14302,8.33689
14303,10.6613
14304,11.8948
14305,9.12458
14306,9.16694
14307,10.5393
14308,12.5477
14309,10.6569
14310,5.86904
14311,10.948
14312,10.9581
14313,6.14562
14314,11.4789
14315,11.7243
14316,12.2848
14317,13.5129
14318,8.7539
14319,8.07463
14320,8.18592
14321,8.30524
14322,8.8502
14323,8.86337
14324,12.1652
14325,8.18012
14326,8.29894
14327,8.37208
14328,10.3471
14329,10.4631
14330,11.5103
14331,10.7579
14332,7.82023
14333,7.98456
14334,9.29244
14335,6.53159
14336,8.64066
14337,8.69004
14338,10.5801
14339,12.7275
14340,10.0729
14341,11.4281
14342,9.81091
14343,12.1821
14344,9.58249
14345,7.73332
14346,11.9378
14347,9.46818
14348,10.7933
14349,8.88866
14350,13.0211
14351,8.2287
14352,10.0024
14353,9.07634
14354,10.4161
14355,9.60132
14356,10.6743
14357,7.6667
14358,9.10733
14359,9.24904
14360,8.41112
14361,9.68672
14362,8.85057
14363,10.0209
14364,10.458
14365,9.4875
14366,12.6716
14367,9.88871
14368,10.0698
14369,11.4223
14370,11.7826
14371,12.4943
14372,9.77502
14373,13.9089
14374,10.1193
14375,9.37679
14376,11.1894
14377,12.0139
14378,5.60047
14379,12.6089
14380,8.07498
14381,12.2651
14382,14.5586
14383,9.40603
14384,8.58441
14385,9.58495
14386,7.13694
14387,7.69982
14388,13.2282
14389,9.42469
14390,8.83274
14391,10.1039
14392,10.2137
14393,10.3743
14394,10.708
14395,8.72655
14396,9.54814
14397,6.50581
14398,13.4593
14399,13.8289
14400,11.861
14401,9.96873
14402,8.13316
14403,8.28951
14404,7.31341
14405,8.3767
14406,9.85494
14407,9.09917
14408,11.3135
14409,10.4964
14410,9.56498
14411,7.76345
14412,15.2648
14413,10.4586
14414,10.7964
14415,7.93715
14416,13.2482
14417,10.4968
14418,10.5466
14419,12.5878
14420,13.0225
14421,8.60472
14422,10.2635
14423,12.5503
14424,11.6957
14425,13.7879
14426,9.91442
14427,9.06165
14428,9.67509
14429,13.7894
14430,10.3005
14431,10.3183
14432,11.0927
14433,11.6465
14434,13.2105
14435,13.143
14436,10.3309
14437,8.08878
14438,10.5779
14439,10.8707
14440,9.33864
14441,10.1489
14442,11.6268
14443,10.9761
14444,11.7213
14445,10.2879
14446,10.8082
14447,11.5703
14448,7.84404
14449,13.9551
14450,9.7241
14451,11.6101
14452,6.70512
14453,9.80241
14454,10.8913
14455,7.04694
14456,11.6835
14457,7.15651
14458,9.33163
14459,7.63709
14460,8.69962
14461,7.82348
14462,8.93264
14463,12.0174
14464,9.4006
14465,7.57417
14466,9.67179
14467,10.0501
14468,10.7437
14469,9.10207
14470,11.2832
14471,5.52356
14472,7.3463
14473,13.2925
14474,13.5479
14475,13.5923
14476,13.8962
14477,10.1061
14478,12.133
14479,12.4973
14480,8.59456
14481,13.1343
14482,7.39647
14483,11.4774
14484,13.5458
14485,10.3325
14486,11.6154
14487,10.8373
14488,7.98798
14489,10.579
14490,9.62537
14491,7.7237
14492,8.73038
14493,8.46469
14494,11.6109
14495,9.04732
14496,6.17086
14497,11.5702
14498,7.2888
14499,7.31097
14500,11.3838
14501,7.43735
14502,7.82802
14503,7.86575
14504,7.95592
14505,13.1108
14506,10.1996
14507,8.21663
14508,9.46439
14509,8.8167
14510,10.0057
14511,10.1148
14512,9.43121
14513,11.7216
14514,10.8353
14515,10.1032
14516,11.4708
14517,11.5483
14518,9.63611
14519,8.59303
14520,14.8553
14521,9.29591
14522,9.54836
14523,14.5568
14524,9.62875
14525,10.9731
14526,17.1458
14527,7.67777
14528,8.46518
14529,11.9614
14530,9.84551
14531,9.95576
14532,9.20389
14533,11.3569
14534,7.13553
14535,9.19279
14536,10.0336
14537,8.5174
14538,10.6438
14539,8.97611
14540,10.1232
14541,6.27226
14542,8.28571
14543,13.3383
14544,12.6389
14545,11.2449
14546,8.86763
14547,8.95856
14548,9.52384
14549,8.87268
14550,7.17734
14551,11.7006
14552,8.63199
14553,10.8612
14554,11.2765
14555,10.5281
14556,11.0733
14557,19.8621
14558,15.0235
14559,9.06123
14560,8.59647
14561,9.28749
14562,10.0002
14563,11.1065
14564,12.2309
14565,11.3389
14566,8.7345
14567,6.52126
14568,8.50788
14569,9.64816
14570,10.9405
14571,10.7974
14572,7.4543
14573,8.73827
14574,12.99
14575,11.2947
14576,7.65966
14577,11.7542
14578,8.21806
14579,14.2674
14580,8.42865
14581,8.90128
14582,9.92526
14583,13.2979
14584,9.89835
14585,9.93806
14586,11.0656
14587,10.0781
14588,12.3021
14589,11.8173
14590,11.8509
14591,11.9164
14592,12.6967
14593,12.9881
14594,7.15797
14595,8.80125
14596,8.97842
14597,9.11792
14598,9.39545
14599,7.33215
14600,9.49715
14601,7.87428
14602,12.6966
14603,8.825
14604,10.0797
14605,8.24558
14606,11.925
14607,10.0381
14608,9.30337
14609,13.3118
14610,11.829
14611,10.0269
14612,12.2198
14613,10.3681
14614,8.47673
14615,9.61366
14616,14.0919
14617,7.31866
14618,6.35997
14619,12.6799
14620,13.8911
14621,6.30912
14622,10.3213
14623,10.2647
14624,8.74643
14625,11.9684
14626,9.17263
14627,9.58752
14628,9.04035
14629,9.86216
14630,14.2971
14631,6.55551
14632,13.8252
14633,15.1037
14634,8.13509
14635,9.06842
14636,7.13339
14637,10.6872
14638,10.7272
14639,10.9405
14640,11.2333
14641,11.3238
14642,11.5405
14643,13.1414
14644,13.3294
14645,7.80806
14646,12.9592
14647,10.667
14648,8.2187
14649,8.68602
14650,10.9998
14651,9.12009
14652,10.2307
14653,6.36254
14654,11.7771
14655,11.9614
14656,9.54214
14657,9.18468
14658,9.314
14659,9.64446
14660,9.88345
14661,10.0219
14662,11.3573
14663,10.6922
14664,5.2934
14665,11.6956
14666,9.76648
14667,13.4956
14668,7.83898
14669,10.9462
14670,8.17324
14671,8.31395
14672,7.16344
14673,9.68009
14674,12.9353
14675,13.4028
14676,7.7516
14677,7.93288
14678,8.94131
14679,8.01962
14680,9.20793
14681,9.88607
14682,9.14122
14683,12.2197
14684,9.5322
14685,12.9189
14686,11.1735
14687,10.296
14688,10.4254
14689,15.1031
14690,12.948
14691,9.02481
14692,11.1856
14693,7.28344
14694,10.4724
14695,8.48078
14696,11.6486
14697,10.2154
14698,10.7538
14699,12.866
14700,11.2827
14701,13.412
14702,8.60648
14703,10.247
14704,9.29027
14705,7.06584
14706,7.51274
14707,7.85397
14708,11.6234
14709,8.82058
14710,9.68284
14711,10.3864
14712,9.53825
14713,10.6727
14714,9.85667
14715,11.0798
14716,11.0883
14717,13.1334
14718,11.1497
14719,13.1582
14720,11.4375
14721,12.8178
14722,8.97472
14723,8.54237
14724,10.7124
14725,8.73627
14726,9.92938
14727,8.19101
14728,11.6123
14729,6.45089
14730,8.18998
14731,9.65784
14732,12.7367
14733,8.87085
14734,6.95315
14735,10.5286
14736,10.5778
14737,9.93514
14738,10.5758
14739,5.86429
14740,10.6583
14741,12.4727
14742,13.16
14743,12.8913
14744,10.1566
14745,7.60219
14746,8.28321
14747,8.37545
14748,9.13475
14749,7.1617
14750,10.6318
14751,7.39667
14752,11.4413
14753,12.221
14754,7.35909
14755,8.87912
14756,14.3468
14757,8.28581
14758,11.3543
14759,9.21732
14760,9.72104
14761,9.17667
14762,10.0978
14763,10.5067
14764,9.56157
14765,13.7492
14766,11.9065
14767,9.17942
14768,7.20794
14769,9.27353
14770,6.80773
14771,9.72233
14772,7.95436
14773,14.1044
14774,6.95733
14775,8.27352
14776,9.36969
14777,8.4102
14778,9.44879
14779,9.68331
14780,8.89859
14781,9.98157
14782,10.0445
14783,8.13062
14784,13.2376
14785,13.3085
14786,8.88019
14787,10.4782
14788,10.2364
14789,12.4137
14790,12.5578
14791,10.7319
14792,9.34493
14793,10.8132
14794,14.1561
14795,10.3423
14796,7.72461
14797,13.1789
14798,8.3745
14799,8.93872
14800,6.82619
14801,7.42683
14802,8.8882
14803,11.0282
14804,8.33265
14805,12.0453
14806,10.9721
14807,8.78877
14808,8.2874
14809,13.1089
14810,15.1445
14811,10.3622
14812,8.91404
14813,9.9933
14814,10.3928
14815,12.5621
14816,8.64254
14817,10.3664
14818,8.09068
14819,7.09911
14820,8.16236
14821,9.3987
14822,12.4132
14823,8.79119
14824,10.8308
14825,8.98945
14826,9.38623
14827,9.61122
14828,10.8641
14829,9.29641
14830,11.0606
14831,8.54344
14832,7.84804
14833,8.15422
14834,12.435
14835,13.8522
14836,8.25211
14837,11.4433
14838,8.53203
14839,8.79173
14840,9.90987
14841,8.10135
14842,10.8673
14843,9.20063
14844,11.3794
14845,7.44113
14846,6.98407
14847,11.9965
14848,6.64794
14849,7.52184
14850,11.7801
14851,8.88884
14852,5.96535
14853,10.1541
14854,10.4204
14855,8.77247
14856,11.793
14857,6.59053
14858,8.70311
14859,6.27596
14860,7.37807
14861,11.2295
14862,11.3018
14863,8.03884
14864,12.2246
14865,8.55708
14866,9.76828
14867,8.71404
14868,10.0993
14869,7.14123
14870,8.47372
14871,8.66277
14872,8.75918
14873,13.0547
14874,8.46906
14875,10.0629
14876,8.11152
14877,14.3725
14878,10.5223
14879,11.0312
14880,7.84217
14881,9.17148
14882,7.50807
14883,8.77069
14884,7.79046
14885,14.5347
14886,10.5694
14887,8.09206
14888,9.70017
14889,14.1113
14890,8.66033
14891,5.93083
14892,9.17848
14893,11.1905
14894,10.9063
14895,11.5142
14896,7.15411
14897,9.80052
14898,10.9283
14899,9.02577
14900,6.70069
14901,20.5487
14902,10.8241
14903,10.2133
14904,7.56042
14905,11.845
14906,12.9395
14907,10.6485
14908,12.9464
14909,10.3092
14910,11.0842
14911,14.436
14912,12.9188
14913,9.79973
14914,9.97713
14915,10.3992
14916,12.1506
14917,7.25625
14918,8.05903
14919,9.30229
14920,8.52411
14921,7.59296
14922,13.7174
14923,9.55064
14924,13.2012
14925,7.23789
14926,11.0298
14927,12.3125
14928,9.1936
14929,12.7367
14930,11.1727
14931,9.57204
14932,7.83453
14933,15.1164
14934,11.4239
14935,8.70011
14936,11.207
14937,11.2411
14938,8.25792
14939,8.36073
14940,9.37176
14941,10.4076
14942,8.51287
14943,11.0306
14944,12.1124
14945,9.14858
14946,13.071
14947,11.446
14948,12.6739
14949,9.81365
14950,11.1561
14951,10.5113
14952,8.37932
14953,10.2819
14954,8.7148
14955,11.4071
14956,11.6108
14957,14.1171
14958,9.18359
14959,10.5582
14960,8.90405
14961,8.97338
14962,10.7908
14963,11.0129
14964,13.1189
14965,8.35834
14966,10.5188
14967,7.34892
14968,12.712
14969,8.13065
14970,8.21802
14971,14.2682
14972,14.7837
14973,8.79447
14974,8.85291
14975,15.928
14976,12.1789
14977,9.53181
14978,8.60794
14979,10.6567
14980,7.50857
14981,10.6959
14982,10.5368
14983,9.55887
14984,9.37804
14985,8.23752
14986,14.2818
14987,6.916
14988,9.53126
14989,9.85356
14990,9.54739
14991,10.0686
14992,10.077
14993,9.13932
14994,10.1542
14995,11.4449
14996,10.5374
14997,10.6413
14998,10.5726
14999,9.07795
15000,7.12657
15001,7.57376
15002,10.4548
15003,8.72241
15004,12.9456
15005,7.26839
15006,10.0255
15007,8.6402
15008,9.25969
15009,9.50437
15010,12.1522
15011,8.70383
15012,6.76328
15013,7.94526
15014,9.20357
15015,10.0712
15016,8.26606
15017,9.58872
15018,10.0894
15019,7.46335
15020,12.7774
15021,12.7876
15022,11.1182
15023,8.97454
15024,11.4405
15025,8.00846
15026,8.60331
15027,11.6117
15028,8.81327
15029,14.8987
15030,9.32582
15031,10.3353
15032,11.1752
15033,11.3735
15034,8.45448
15035,9.21653
15036,9.40672
15037,10.4332
15038,7.06576
15039,10.5111
15040,9.75852
15041,11.4202
15042,8.7707
15043,8.33777
15044,11.4702
15045,10.5228
15046,9.89141
15047,11.9797
15048,8.84951
15049,9.31559
15050,7.49069
15051,10.623
15052,11.9124
15053,11.9278
15054,10.7701
15055,9.02907
15056,9.32577
15057,10.8659
15058,7.98995
15059,10.0896
15060,10.5233
15061,9.72189
15062,8.80536
15063,9.81526
15064,8.17953
15065,7.39316
15066,8.59462
15067,8.64228
15068,8.74339
15069,8.96564
15070,12.0684
15071,9.22067
15072,12.7819
15073,7.92083
15074,8.98154
15075,6.24773
15076,10.3836
15077,10.5545
15078,9.57782
15079,10.7003
15080,7.90219
15081,8.91564
15082,12.9088
15083,10.2265
15084,8.56963
15085,10.7864
15086,12.8457
15087,9.94668
15088,12.4264
15089,9.15619
15090,10.066
15091,16.7887
15092,8.07182
15093,12.3693
15094,11.8066
15095,9.04852
15096,10.643
15097,8.6692
15098,9.79563
15099,13.0344
15100,10.121
15101,11.3953
15102,6.19058
15103,7.90739
15104,7.36268
15105,8.79558
15106,11.0873
15107,10.5489
15108,10.5629
15109,8.86833
15110,8.90283
15111,11.3947
15112,10.4607
15113,9.57051
15114,12.8117
15115,9.97276
15116,13.0861
15117,11.7144
15118,10.865
15119,8.1145
15120,13.1506
15121,10.3548
15122,15.4143
15123,12.9213
15124,8.7212
15125,9.49224
15126,9.63497
15127,10.0779
15128,10.4728
15129,8.68111
15130,8.71948
15131,10.1701
15132,10.2917
15133,6.7546
15134,11.4675
15135,13.7961
15136,13.2575
15137,7.90266
15138,13.98
15139,8.2504
15140,8.85254
15141,12.1809
15142,11.3145
15143,10.8361
15144,11.2992
15145,8.41539
15146,10.8236
15147,11.9026
15148,9.18732
15149,12.4963
15150,8.30292
15151,10.388
15152,8.72069
15153,13.1885
15154,9.33726
15155,11.5098
15156,10.5794
15157,13.5878
15158,12.9933
15159,12.5322
15160,9.48687
15161,11.587
15162,14.3654
15163,7.42209
15164,9.74507
15165,16.7868
15166,10.1663
15167,11.2592
15168,11.9615
15169,9.32494
15170,13.4352
15171,8.31455
15172,8.26363
15173,8.2927
15174,8.52432
15175,10.1812
15176,9.68468
15177,10.2675
15178,6.66784
15179,6.70531
15180,9.84339
15181,13.6363
15182,8.69158
15183,9.65584
15184,9.78995
15185,8.04362
15186,13.0533
15187,8.47245
15188,9.39119
15189,12.4972
15190,10.9447
15191,10.0883
15192,10.1686
15193,7.7123
15194,10.7231
15195,7.80765
15196,13.8874
15197,7.90237
15198,11.9631
15199,8.37146
15200,7.4082
15201,15.47
15202,13.035
15203,10.1207
15204,10.4234
15205,13.5041
15206,12.1364
15207,9.65132
15208,9.82427
15209,9.22003
15210,11.236
15211,8.53876
15212,9.61271
15213,10.7029
15214,8.89783
15215,11.7764
15216,11.0759
15217,12.7223
15218,9.81126
15219,9.33634
15220,7.15048
15221,7.69593
15222,12.8802
15223,10.0783
15224,6.33882
15225,8.76367
15226,11.0969
15227,7.45677
15228,10.1455
15229,8.36439
15230,10.3748
15231,10.7162
15232,10.2844
15233,8.30886
15234,10.4078
15235,8.28579
15236,11.302
15237,12.6501
15238,13.5042
15239,12.2514
15240,10.539
15241,9.86964
15242,7.32519
15243,11.6087
15244,10.6811
15245,10.1866
15246,10.414
15247,11.2502
15248,12.0648
15249,8.60951
15250,8.99428
15251,9.80405
15252,14.3678
15253,15.1306
15254,6.24073
15255,6.64297
15256,6.3359
15257,8.28858
15258,8.61531
15259,7.15789
15260,9.24072
15261,11.3236
15262,8.45985
15263,9.64162
15264,11.8391
15265,12.2735
15266,10.477
15267,12.9019
15268,11.1412
15269,11.1675
15270,13.4676
15271,10.6559
15272,9.49889
15273,12.1261
15274,10.2791
15275,12.8132
15276,13.0928
15277,12.1541
15278,10.3355
15279,9.5159
15280,9.52433
15281,9.69722
15282,10.4584
15283,13.6567
15284,6.76916
15285,12.8998
15286,11.0662
15287,11.1312
15288,7.94895
15289,8.02855
15290,14.4878
15291,8.82863
15292,8.9977
15293,7.58977
15294,7.02748
15295,10.9296
15296,8.938
15297,10.3345
15298,8.6449
15299,10.0745
15300,10.262
15301,10.2839
15302,10.5031
15303,9.20776
15304,9.22568
15305,11.3929
15306,12.8981
15307,7.99427
15308,7.36055
15309,10.9163
15310,9.02897
15311,9.44961
15312,8.24779
15313,12.3305
15314,10.3903
15315,11.3606
15316,11.511
15317,9.94078
15318,10.0977
15319,11.1463
15320,10.7355
15321,11.1139
15322,11.8992
15323,12.0141
15324,10.7872
15325,7.81759
15326,14.9052
15327,7.44983
15328,7.05512
15329,11.1398
15330,16.1338
15331,11.5084
15332,10.568
15333,8.83835
15334,10.9932
15335,10.8621
15336,12.3431
15337,13.5643
15338,6.95824
15339,7.31482
15340,14.8762
15341,8.86279
15342,9.48239
15343,9.41665
15344,11.5084
15345,9.80072
15346,13.3957
15347,11.616
15348,9.79203
15349,8.38157
15350,15.6606
15351,9.52598
15352,9.95744
15353,10.6952
15354,11.3501
15355,9.31589
15356,7.40785
15357,9.61041
15358,8.70673
15359,8.27778
15360,10.6118
15361,10.9062
15362,10.6105
15363,9.80743
15364,12.3546
15365,9.32327
15366,9.8357
15367,11.4466
15368,8.46916
15369,10.8014
15370,9.5198
15371,8.26299
15372,11.4475
15373,11.257
15374,12.3763
15375,9.65595
15376,10.3004
15377,8.92969
15378,13.5452
15379,9.55364
15380,9.92203
15381,10.172
15382,11.0142
15383,10.0843
15384,9.83401
15385,6.05125
15386,12.1454
15387,8.96004
15388,8.03173
15389,7.05463
15390,16.6984
15391,9.11612
15392,9.31007
15393,10.4374
15394,8.44585
15395,9.72974
15396,8.95676
15397,8.42379
15398,7.47851
15399,8.58088
15400,8.68181
15401,9.86385
15402,6.3577
15403,10.405
15404,8.77701
15405,10.3005
15406,10.4056
15407,11.4953
15408,11.7869
15409,8.16984
15410,13.536
15411,8.04195
15412,8.41115
15413,11.5082
15414,9.48489
15415,9.90142
15416,12.1098
15417,11.9471
15418,17.9988
15419,10.059
15420,9.63907
15421,10.6948
15422,9.84226
15423,11.0111
15424,16.3581
15425,11.7549
15426,12.8256
15427,9.88603
15428,10.4697
15429,13.6133
15430,11.3339
15431,9.65445
15432,8.935
15433,10.4428
15434,9.49003
15435,7.89812
15436,8.38112
15437,12.1497
15438,9.16288
15439,8.36638
15440,9.60387
15441,8.43764
15442,10.6466
15443,8.66378
15444,13.072
15445,13.1822
15446,12.5914
15447,7.69802
15448,7.9826
15449,9.66526
15450,9.90866
15451,11.5807
15452,10.1928
15453,11.2361
15454,7.33712
15455,11.6046
15456,7.72076
15457,8.77887
15458,10.4127
15459,8.77454
15460,10.5781
15461,10.7766
15462,11.9212
15463,9.93378
15464,12.3802
15465,7.76823
15466,11.8179
15467,7.35004
15468,8.21822
15469,10.7428
15470,8.98986
15471,7.57989
15472,10.0254
15473,10.4286
15474,16.605
15475,6.78476
15476,8.80694
15477,9.11813
15478,8.41323
15479,9.56227
15480,11.1017
15481,10.1464
15482,7.48158
15483,11.5368
15484,12.2373
15485,7.09825
15486,13.8338
15487,9.35377
15488,10.6322
15489,9.16235
15490,11.4877
15491,10.7932
15492,9.89148
15493,10.0265
15494,9.75395
15495,6.56977
15496,8.89417
15497,8.93815
15498,8.5164
15499,8.93653
15500,9.19202
15501,11.3241
15502,10.6385
15503,12.3428
15504,16.4423
15505,11.2271
15506,11.8412
15507,9.90918
15508,6.42751
15509,7.81823
15510,6.94109
15511,12.3682
15512,10.1616
15513,10.8493
15514,10.98
15515,10.235
15516,8.27463
15517,12.6123
15518,8.45618
15519,10.6913
15520,9.23584
15521,10.5184
15522,10.1352
15523,10.6242
15524,10.4066
15525,10.3497
15526,13.5054
15527,14.1682
15528,10.3082
15529,14.5721
15530,6.77481
15531,13.318
15532,7.76527
15533,8.85652
15534,8.14475
15535,6.82004
15536,7.98524
15537,8.06054
15538,8.12391
15539,7.13235
15540,14.7475
15541,11.7929
15542,10.2088
15543,8.35227
15544,8.13235
15545,10.3953
15546,12.2317
15547,11.2513
15548,10.6447
15549,11.4514
15550,11.4868
15551,12.6588
15552,11.7101
15553,10.7267
15554,11.8148
15555,11.9223
15556,10.9673
15557,9.68403
15558,13.5099
15559,9.63726
15560,15.5532
15561,10.7767
15562,8.37585
15563,8.158
15564,8.63728
15565,10.7911
15566,9.32528
15567,10.5451
15568,9.86268
15569,8.87656
15570,10.9489
15571,10.1184
15572,9.15468
15573,9.49131
15574,11.7505
15575,11.7517
15576,9.56806
15577,11.8284
15578,14.4212
15579,11.5585
15580,10.0061
15581,10.2941
15582,9.921
15583,10.2258
15584,9.86101
15585,13.3522
15586,15.1769
15587,12.3265
15588,13.2488
15589,9.5441
15590,7.75981
15591,8.99066
15592,8.40389
15593,11.9208
15594,8.98319
15595,7.24921
15596,10.5989
15597,12.6516
15598,9.29277
15599,11.3395
15600,8.36054
15601,11.6403
15602,9.65136
15603,9.93964
15604,9.36173
15605,10.3924
15606,9.49496
15607,8.71337
15608,10.4124
15609,12.3446
15610,9.82794
15611,15.6039
15612,13.9789
15613,9.00202
15614,13.7069
15615,9.74947
15616,6.18821
15617,6.93051
15618,8.73867
15619,9.55671
15620,9.89721
15621,8.285
15622,10.3966
15623,13.1552
15624,9.36896
15625,7.5591
15626,10.532
15627,10.8255
15628,10.4507
15629,17.7802
15630,12.7161
15631,13.5554
15632,12.8419
15633,10.3842
15634,10.5241
15635,10.9427
15636,9.08383
15637,9.10729
15638,9.74865
15639,10.2904
15640,10.3422
15641,11.3514
15642,10.7606
15643,11.054
15644,9.073
15645,6.41708
15646,14.0156
15647,8.23791
15648,12.7381
15649,8.99474
15650,9.435
15651,10.9982
15652,10.0998
15653,13.2405
15654,7.45023
15655,8.74447
15656,8.82287
15657,9.48393
15658,7.93672
15659,8.44875
15660,7.76291
15661,9.45172
15662,8.4448
15663,9.85876
15664,11.9839
15665,6.73642
15666,13.9207
15667,8.17105
15668,9.16095
15669,9.5856
15670,8.25759
15671,10.3051
15672,7.4886
15673,8.1793
15674,8.54226
15675,12.3452
15676,12.6983
15677,10.7405
15678,10.7489
15679,6.84261
15680,16.9365
15681,10.3916
15682,8.48361
15683,7.24149
15684,7.47355
15685,13.29
15686,9.28538
15687,14.3978
15688,13.6197
15689,10.5109
15690,12.8356
15691,7.93752
15692,7.01928
15693,10.365
15694,15.1538
15695,8.16223
15696,8.09992
15697,8.18143
15698,13.2649
15699,13.7379
15700,8.85154
15701,9.62817
15702,12.0029
15703,8.84404
15704,7.30246
15705,14.4183
15706,9.46948
15707,11.273
15708,8.65449
15709,9.73666
15710,13.4362
15711,9.95929
15712,7.12466
15713,7.80267
15714,8.13374
15715,11.8423
15716,12.218
15717,8.34232
15718,9.39965
15719,9.79731
15720,11.1666
15721,11.6396
15722,6.61071
15723,8.79344
15724,10.818
15725,8.33004
15726,9.02301
15727,13.0594
15728,12.0715
15729,9.14181
15730,15.2027
15731,7.80555
15732,9.91769
15733,6.99231
15734,9.66509
15735,10.5467
15736,9.21001
15737,11.9939
15738,14.3638
15739,13.4922
15740,8.9765
15741,9.41563
15742,10.5429
15743,14.7367
15744,9.05938
15745,12.1127
15746,10.7633
15747,9.25672
15748,14.7897
15749,8.68545
15750,11.5145
15751,11.4026
15752,9.48188
15753,7.51368
15754,10.2795
15755,8.42003
15756,7.73407
15757,9.94422
15758,8.98249
15759,9.05989
15760,9.11954
15761,14.336
15762,9.3901
15763,11.5973
15764,9.71963
15765,9.10925
15766,11.2666
15767,11.9482
15768,8.68354
15769,12.9675
15770,9.13531
15771,15.3723
15772,12.5999
15773,11.1838
15774,13.8416
15775,7.87673
15776,12.1754
15777,9.0478
15778,10.3248
15779,6.53516
15780,10.7214
15781,8.75552
15782,13.8247
15783,13.0755
15784,7.90017
15785,10.6884
15786,6.50483
15787,12.1233
15788,14.7978
15789,11.7871
15790,12.1619
15791,7.90601
15792,10.9449
15793,8.672
15794,8.91447
15795,8.96587
15796,6.87705
15797,11.0583
15798,14.716
15799,9.35133
15800,9.45861
15801,11.7462
15802,7.23066
15803,7.44434
15804,6.06711
15805,9.43389
15806,11.9398
15807,14.2882
15808,7.4103
15809,11.5002
15810,8.50861
15811,9.89055
15812,9.30997
15813,12.4097
15814,9.47805
15815,9.71141
15816,8.71984
15817,9.89705
15818,11.1059
15819,12.6304
15820,12.0417
15821,13.2009
15822,10.744
15823,11.3714
15824,19.1022
15825,10.6874
15826,8.89565
15827,9.438
15828,14.5613
15829,8.97373
15830,10.9997
15831,11.7692
15832,12.0374
15833,10.9228
15834,11.0821
15835,11.4321
15836,7.67721
15837,6.97484
15838,8.61634
15839,8.19568
15840,8.31073
15841,11.4686
15842,6.58399
15843,7.98057
15844,9.02831
15845,9.09263
15846,7.79384
15847,9.53689
15848,9.8544
15849,10.0728
15850,6.2893
15851,10.3442
15852,10.448
15853,11.6643
15854,10.9393
15855,7.05043
15856,12.3016
15857,6.24065
15858,14.0288
15859,8.99883
15860,10.1503
15861,11.684
15862,8.80104
15863,6.98852
15864,11.4254
15865,11.4433
15866,7.84246
15867,8.01324
15868,8.05441
15869,8.22212
15870,8.3836
15871,13.1519
15872,9.11527
15873,7.61611
15874,7.98307
15875,7.33695
15876,8.92453
15877,8.77973
15878,11.805
15879,12.2005
15880,18.4367
15881,10.5392
15882,10.6822
15883,11.1294
15884,11.8254
15885,11.8878
15886,7.96878
15887,9.03546
15888,12.5413
15889,13.1891
15890,8.84289
15891,7.89932
15892,9.13161
15893,9.39815
15894,11.4123
15895,8.13467
15896,10.7438
15897,11.8707
15898,7.08591
15899,7.20581
15900,10.2965
15901,8.31521
15902,11.3645
15903,9.08238
15904,8.23377
15905,12.6101
15906,9.7741
15907,10.4679
15908,11.5151
15909,7.4482
15910,10.6009
15911,10.9349
15912,9.97533
15913,11.0219
15914,10.0918
15915,10.1057
15916,10.3668
15917,10.5374
15918,9.8734
15919,13.0224
15920,12.191
15921,10.6286
15922,10.9342
15923,9.18327
15924,8.41391
15925,9.45864
15926,12.281
15927,11.1591
15928,8.25236
15929,10.2026
15930,13.3984
15931,10.9178
15932,9.03472
15933,11.5687
15934,7.59443
15935,9.89369
15936,6.76641
15937,10.2944
15938,11.3155
15939,11.6119
15940,8.16403
15941,8.31352
15942,11.5458
15943,11.2614
15944,9.36223
15945,13.6308
15946,12.6618
15947,10.5226
15948,8.92614
15949,7.71115
15950,9.82528
15951,9.49244
15952,12.1949
15953,10.1545
15954,9.29994
15955,10.3936
15956,10.8834
15957,11.4376
15958,11.92
15959,12.9579
15960,13.5727
15961,11.7452
15962,13.1687
15963,8.95973
15964,7.61598
15965,10.6446
15966,8.44613
15967,6.22606
15968,10.4982
15969,12.6622
15970,7.04552
15971,10.1584
15972,10.9629
15973,8.30324
15974,14.4007
15975,11.4998
15976,8.7111
15977,8.82385
15978,7.48028
15979,10.6597
15980,10.9504
15981,6.91796
15982,9.66676
15983,9.69187
15984,9.98724
15985,11.0011
15986,10.7599
15987,10.7877
15988,12.8536
15989,15.6326
15990,16.1708
15991,13.3881
15992,10.3379
15993,9.84089
15994,7.28385
15995,7.57433
15996,11.1566
15997,6.35772
15998,9.41413
15999,8.54985
16000,11.7825
16001,10.9094
16002,11.3361
16003,11.3761
16004,8.45916
16005,7.98742
16006,9.05371
16007,9.52982
16008,9.90283
16009,10.2716
16010,10.3812
16011,12.8061
16012,10.6439
16013,11.8898
16014,12.6701
16015,8.66853
16016,9.94851
16017,14.5512
16018,12.1026
16019,15.1325
16020,13.6432
16021,12.4485
16022,6.47234
16023,10.5404
16024,13.4949
16025,8.23367
16026,7.56273
16027,7.72305
16028,10.3044
16029,10.4691
16030,10.1607
16031,7.17137
16032,11.2355
16033,8.92838
16034,9.27671
16035,8.8863
16036,9.05148
16037,15.0703
16038,11.473
16039,10.5679
16040,9.94231
16041,12.0233
16042,10.0471
16043,7.3973
16044,11.2865
16045,10.4641
16046,4.96743
16047,10.4034
16048,10.6433
16049,6.49727
16050,8.60092
16051,15.3473
16052,8.69625
16053,13.8061
16054,9.86381
16055,12.125
16056,8.14115
16057,10.5982
16058,9.73009
16059,10.919
16060,11.943
16061,9.72806
16062,7.21763
16063,7.52852
16064,9.93784
16065,11.6939
16066,8.20116
16067,7.83541
16068,8.93724
16069,12.6286
16070,7.75348
16071,11.2365
16072,11.4671
16073,7.47554
16074,8.42149
16075,11.8652
16076,13.8022
16077,10.5742
16078,11.2355
16079,9.40478
16080,8.09576
16081,9.60499
16082,9.19916
16083,8.50261
16084,9.72963
16085,11.3637
16086,9.11621
16087,8.45118
16088,9.22133
16089,6.76786
16090,10.8839
16091,9.42032
16092,7.13344
16093,9.85238
16094,7.88677
16095,8.95274
16096,12.3846
16097,10.6419
16098,12.0055
16099,7.13076
16100,7.43471
16101,7.75583
16102,11.2652
16103,8.8967
16104,7.62769
16105,8.61458
16106,13.2585
16107,10.2666
16108,10.2751
16109,7.29275
16110,7.54756
16111,8.29472
16112,12.5767
16113,11.1287
16114,10.2326
16115,8.57684
16116,9.0176
16117,12.0776
16118,9.59941
16119,10.1276
16120,10.4562
16121,10.2625
16122,6.62805
16123,8.92023
16124,11.6786
16125,6.68395
16126,12.4639
16127,14.0538
16128,9.69432
16129,9.46546
16130,6.91023
16131,6.99909
16132,12.0796
16133,9.73847
16134,9.94513
16135,14.1267
16136,9.44153
16137,10.4773
16138,9.51951
16139,8.89548
16140,8.7197
16141,8.09223
16142,9.25164
16143,13.4414
16144,12.6472
16145,8.91408
16146,7.00119
16147,13.5717
16148,10.8625
16149,9.92485
16150,12.513
16151,12.0201
16152,11.9193
16153,8.53192
16154,7.89697
16155,8.12546
16156,9.55865
16157,10.87
16158,8.35751
16159,12.8179
16160,12.903
16161,9.12246
16162,9.45555
16163,12.8413
16164,10.0071
16165,9.02462
16166,7.69557
16167,10.0948
16168,10.7211
16169,12.3029
16170,11.4403
16171,12.021
16172,8.51985
16173,13.7828
16174,6.39623
16175,6.93631
16176,6.52056
16177,7.26919
16178,8.14493
16179,8.28041
16180,8.75589
16181,8.97637
16182,7.11977
16183,9.95322
16184,10.2457
16185,10.2541
16186,10.4371
16187,9.98847
16188,11.7432
16189,7.87256
16190,7.47855
16191,7.69792
16192,9.06402
16193,13.7432
16194,13.8108
16195,14.0849
16196,11.4543
16197,8.13429
16198,13.8231
16199,11.1026
16200,9.88969
16201,9.93377
16202,10.8997
16203,8.98744
16204,11.4513
16205,11.1331
16206,9.77941
16207,9.0488
16208,10.2507
16209,9.58047
16210,7.87427
16211,10.1973
16212,11.6721
16213,8.87915
16214,7.88758
16215,9.06888
16216,9.30756
16217,9.33959
16218,11.6835
16219,8.44389
16220,10.5909
16221,11.9524
16222,10.0642
16223,10.3174
16224,8.59571
16225,10.8368
16226,13.5376
16227,13.1035
16228,11.3539
16229,10.7481
16230,9.7842
16231,7.60097
16232,13.8948
16233,12.8756
16234,10.0829
16235,11.0184
16236,8.39866
16237,7.75405
16238,8.80953
16239,12.9969
16240,8.39763
16241,7.51004
16242,8.81599
16243,14.8342
16244,8.33105
16245,11.7021
16246,9.5117
16247,9.58887
16248,9.13455
16249,10.4049
16250,10.283
16251,12.9675
16252,12.4351
16253,11.9128
16254,10.0165
16255,6.33497
16256,12.1048
16257,9.66937
16258,8.402
16259,10.1794
16260,9.38984
16261,12.5218
16262,9.79495
16263,13.019
16264,14.2718
16265,8.33888
16266,8.34898
16267,8.6452
16268,9.07198
16269,8.11089
16270,9.6948
16271,10.3134
16272,9.83706
16273,11.121
16274,6.36198
16275,13.2588
16276,8.7625
16277,8.07778
16278,9.26837
16279,10.5598
16280,8.67765
16281,8.87664
16282,9.061
16283,14.6471
16284,10.7502
16285,7.60383
16286,11.7308
16287,14.1132
16288,7.38883
16289,11.8675
16290,6.53396
16291,11.6783
16292,13.9982
16293,10.1676
16294,9.92717
16295,9.95219
16296,11.6815
16297,14.1726
16298,8.67782
16299,12.1833
16300,9.51008
16301,6.78948
16302,8.93889
16303,10.1204
16304,10.1319
16305,10.1678
16306,10.2448
16307,10.8982
16308,9.88525
16309,11.9181
16310,7.09132
16311,10.6148
16312,8.92544
16313,8.01145
16314,10.0495
16315,13.738
16316,10.1085
16317,13.3611
16318,12.2078
16319,8.06107
16320,10.1374
16321,11.2312
16322,9.61932
16323,12.4264
16324,9.92751
16325,9.27929
16326,12.0684
16327,10.4782
16328,10.2185
16329,12.4028
16330,10.7251
16331,10.9037
16332,10.9779
16333,6.02897
16334,12.1097
16335,12.5749
16336,8.64837
16337,9.43097
16338,8.7784
16339,10.3776
16340,9.96187
16341,10.4718
16342,8.76837
16343,8.81139
16344,10.3689
16345,10.5527
16346,12.1631
16347,9.43707
16348,9.49234
16349,8.8331
16350,9.08577
16351,9.30085
16352,10.9803
16353,14.2752
16354,10.6462
16355,14.0109
16356,12.1588
16357,8.23036
16358,9.34214
16359,8.99335
16360,11.0044
16361,8.017
16362,8.95383
16363,12.6049
16364,13.0765
16365,7.86486
16366,13.9702
16367,9.37195
16368,12.7744
16369,13.6672
16370,13.3575
16371,10.595
16372,11.0456
16373,14.3079
16374,15.9198
16375,6.59178
16376,9.47548
16377,8.55846
16378,12.2595
16379,9.51108
16380,6.62688
16381,11.2062
16382,10.4659
16383,8.6999
16384,7.27499
16385,11.2191
16386,8.3922
16387,8.55625
16388,6.13129
16389,10.2462
16390,11.3549
16391,12.3634
16392,9.54299
16393,11.6341
16394,8.65397
16395,9.18235
16396,5.94586
16397,12.6135
16398,13.1976
16399,8.30218
16400,13.7312
16401,8.94783
16402,9.16608
16403,15.1745
16404,11.8936
16405,6.58112
16406,10.8305
16407,9.09079
16408,10.4177
16409,10.5606
16410,10.7057
16411,10.1856
16412,8.37109
16413,7.80827
16414,8.95702
16415,9.25266
16416,10.2763
16417,7.80218
16418,10.0741
16419,10.7991
16420,11.3073
16421,10.5785
16422,8.58691
16423,12.1691
16424,8.54182
16425,13.5736
16426,11.5821
16427,10.7899
16428,9.4057
16429,8.5185
16430,12.6543
16431,9.12231
16432,12.2201
16433,9.33096
16434,8.4055
16435,10.9887
16436,6.16595
16437,6.62214
16438,15.9426
16439,6.97568
16440,10.3561
16441,9.54517
16442,8.55959
16443,9.0258
16444,8.27452
16445,9.74519
16446,10.8456
16447,11.2018
16448,10.1959
16449,13.2772
16450,9.53198
16451,9.18758
16452,10.323
16453,13.3845
16454,8.02233
16455,11.4808
16456,8.75341
16457,9.84306
16458,9.86666
16459,7.30297
16460,7.31436
16461,8.83202
16462,8.25227
16463,11.3294
16464,9.23059
16465,12.8953
16466,8.32377
16467,9.73016
16468,12.1371
16469,7.73432
16470,15.7428
16471,8.27971
16472,12.2953
16473,10.3071
16474,7.8239
16475,10.3901
16476,7.91255
16477,10.921
16478,9.96714
16479,11.2049
16480,12.7809
16481,9.84003
16482,11.7876
16483,7.95351
16484,10.3427
16485,13.6241
16486,10.9856
16487,6.66639
16488,7.67992
16489,8.35641
16490,8.87046
16491,15.2111
16492,9.37139
16493,8.78379
16494,7.85385
16495,9.22481
16496,12.8108
16497,8.11002
16498,9.54074
16499,9.79633
16500,9.09323
16501,12.3347
16502,10.2906
16503,11.1159
16504,15.217
16505,12.3794
16506,16.5694
16507,8.72541
16508,9.78483
16509,16.7979
16510,11.4545
16511,11.1231
16512,8.84454
16513,10.6236
16514,9.46852
16515,10.9686
16516,11.1242
16517,11.2753
16518,7.31316
16519,8.85811
16520,8.91195
16521,13.4584
16522,10.6803
16523,10.7843
16524,10.6493
16525,9.76718
16526,10.0073
16527,8.45246
16528,12.0619
16529,9.47371
16530,12.7021
16531,13.8635
16532,9.46406
16533,7.55046
16534,11.9625
16535,10.5545
16536,7.63304
16537,13.0858
16538,8.94652
16539,9.47027
16540,5.39717
16541,8.53011
16542,10.5598
16543,11.6844
16544,11.7011
16545,8.15207
16546,12.8781
16547,10.1011
16548,10.8357
16549,9.31915
16550,10.2035
16551,8.35488
16552,11.4119
16553,13.549
16554,11.4054
16555,12.1716
16556,10.3416
16557,7.73691
16558,7.34746
16559,13.5926
16560,14.4864
16561,9.02494
16562,10.5149
16563,9.05362
16564,7.22651
16565,10.3663
16566,8.50679
16567,11.5995
16568,9.67564
16569,11.8611
16570,10.5675
16571,10.8802
16572,8.11115
16573,10.2791
16574,13.4865
16575,10.8369
16576,13.1166
16577,9.67285
16578,8.70997
16579,13.7825
16580,7.59587
16581,7.38994
16582,8.71904
16583,9.12998
16584,7.39744
16585,9.60822
16586,7.64711
16587,9.70641
16588,9.80679
16589,9.9124
16590,9.35326
16591,7.39243
16592,9.42987
16593,8.5061
16594,9.62015
16595,10.6797
16596,11.1012
16597,10.8765
16598,11.3212
16599,10.3298
16600,12.4432
16601,8.80002
16602,6.74259
16603,13.2089
16604,6.77644
16605,13.5132
16606,11.8512
16607,16.5239
16608,9.81041
16609,8.84092
16610,9.92071
16611,12.3747
16612,7.45275
16613,9.52984
16614,7.63446
16615,10.2719
16616,15.7769
16617,10.3625
16618,7.56866
16619,7.96975
16620,11.1234
16621,10.339
16622,9.98205
16623,7.84272
16624,8.22204
16625,11.2393
16626,9.23799
16627,10.4459
16628,15.0513
16629,11.6887
16630,11.8389
16631,7.42712
16632,12.6622
16633,8.95653
16634,10.0246
16635,7.8771
16636,11.9725
16637,9.50477
16638,12.0036
16639,18.1633
16640,8.41062
16641,9.14262
16642,6.13335
16643,14.4961
16644,9.66375
16645,10.8303
16646,8.25083
16647,8.26564
16648,15.9624
16649,13.6675
16650,7.90694
16651,6.31978
16652,8.26474
16653,10.8518
16654,11.3983
16655,9.41488
16656,9.45906
16657,11.9064
16658,9.91482
16659,9.93138
16660,10.167
16661,11.8146
16662,7.502
16663,12.9693
16664,8.33146
16665,8.65822
16666,10.6921
16667,9.79099
16668,9.13765
16669,9.22994
16670,9.49714
16671,10.3734
16672,11.1157
16673,11.8667
16674,12.6963
16675,13.5652
16676,10.9326
16677,12.0253
16678,10.0786
16679,7.52968
16680,7.85613
16681,8.44641
16682,9.10198
16683,9.15433
16684,11.2675
16685,11.4557
16686,12.8633
16687,9.78321
16688,13.0268
16689,10.3406
16690,10.3635
16691,9.70356
16692,9.182
16693,7.57918
16694,10.0104
16695,12.4452
16696,9.96075
16697,9.16688
16698,7.26712
16699,10.5722
16700,16.6338
16701,13.1516
16702,7.32068
16703,11.5469
16704,12.1598
16705,15.9587
16706,10.1002
16707,10.7775
16708,11.509
16709,17.0641
16710,7.75392
16711,10.4442
16712,8.32221
16713,10.1696
16714,11.2554
16715,10.2679
16716,9.81357
16717,10.9201
16718,10.7022
16719,11.802
16720,11.2747
16721,9.48899
16722,11.6517
16723,8.53478
16724,8.88744
16725,8.93402
16726,10.5031
16727,7.5881
16728,10.0611
16729,10.1754
16730,10.2304
16731,7.53489
16732,10.661
16733,8.84405
16734,8.56434
16735,7.76769
16736,11.8919
16737,10.2244
16738,10.2488
16739,10.4095
16740,10.1405
16741,13.5933
16742,10.7203
16743,9.02202
16744,10.3573
16745,11.5828
16746,10.8052
16747,9.01246
16748,13.3704
16749,10.617
16750,9.68382
16751,8.18862
16752,14.3864
16753,9.81965
16754,11.2235
16755,10.3224
16756,7.98176
16757,7.35191
16758,8.44397
16759,11.6792
16760,13.4593
16761,7.85384
16762,8.10403
16763,10.8044
16764,10.847
16765,11.0815
16766,13.3322
16767,10.4147
16768,13.0273
16769,11.154
16770,11.5475
16771,10.5889
16772,15.0709
16773,12.1358
16774,8.30561
16775,13.0754
16776,8.02713
16777,9.44165
16778,9.61048
16779,8.07243
16780,7.34023
16781,7.65612
16782,7.66625
16783,8.15454
16784,9.54696
16785,7.86924
16786,10.8777
16787,8.59536
16788,8.86564
16789,9.95277
16790,9.02053
16791,10.1829
16792,9.44255
16793,10.3583
16794,10.4476
16795,10.7682
16796,12.1961
16797,12.2905
16798,13.3803
16799,12.4286
16800,10.2172
16801,7.87869
16802,10.7172
16803,7.75802
16804,8.02767
16805,10.7766
16806,14.5241
16807,11.297
16808,9.62056
16809,10.0778
16810,8.17649
16811,8.60681
16812,10.9703
16813,11.8419
16814,7.0465
16815,8.62911
16816,9.91899
16817,13.7094
16818,12.4167
16819,8.80497
16820,14.8592
16821,10.3062
16822,13.0329
16823,8.2453
16824,9.43469
16825,7.65539
16826,5.89668
16827,8.56944
16828,9.21161
16829,10.6361
16830,8.68116
16831,11.1705
16832,11.133
16833,8.21977
16834,9.12492
16835,10.9376
16836,8.03478
16837,8.90661
16838,16.1217
16839,7.84987
16840,10.646
16841,11.8495
16842,14.4561
16843,9.57924
16844,8.85938
16845,7.76029
16846,9.01047
16847,11.4513
16848,6.92661
16849,8.47833
16850,14.9883
16851,9.76875
16852,9.01954
16853,7.71885
16854,8.90657
16855,8.37945
16856,10.7343
16857,7.63699
16858,10.4223
16859,10.7945
16860,9.50337
16861,8.01049
16862,10.3244
16863,10.8271
16864,9.77613
16865,10.8559
16866,13.1143
16867,13.2506
16868,7.4362
16869,10.5983
16870,10.7281
16871,11.0757
16872,13.891
16873,12.9365
16874,11.6675
16875,10.3623
16876,12.4582
16877,16.4845
16878,11.6214
16879,8.37078
16880,8.40034
16881,8.64336
16882,8.8312
16883,8.95505
16884,7.74057
16885,7.79843
16886,10.8554
16887,7.35575
16888,11.8139
16889,12.0042
16890,18.2877
16891,8.38233
16892,6.57026
16893,6.8099
16894,8.94684
16895,8.34305
16896,8.45181
16897,7.67221
16898,10.3236
16899,8.59584
16900,8.72423
16901,9.19564
16902,9.64188
16903,9.71387
16904,10.0205
16905,11.0821
16906,11.1901
16907,12.1055
16908,11.1597
16909,12.2139
16910,12.1189
16911,6.6164
16912,8.76803
16913,8.87427
16914,9.93115
16915,8.41804
16916,9.40725
16917,7.02385
16918,10.6338
16919,12.828
16920,10.6481
16921,6.67269
16922,8.92039
16923,9.71849
16924,8.80579
16925,8.37952
16926,8.38795
16927,7.01776
16928,10.3192
16929,7.43179
16930,7.50842
16931,9.68527
16932,12.031
16933,10.9525
16934,6.38955
16935,12.5214
16936,9.9751
16937,12.491
16938,9.7767
16939,9.79761
16940,10.0154
16941,13.4373
16942,8.29493
16943,9.36116
16944,14.5792
16945,11.7744
16946,6.8995
16947,7.51904
16948,11.1806
16949,13.5913
16950,15.2004
16951,12.6468
16952,9.64378
16953,9.14133
16954,11.1498
16955,11.383
16956,12.6211
16957,12.989
16958,8.27263
16959,13.1825
16960,10.1171
16961,10.3675
16962,11.0968
16963,8.05768
16964,9.26459
16965,9.41032
16966,6.55194
16967,9.75714
16968,9.82557
16969,8.88306
16970,8.93074
16971,11.2008
16972,13.4056
16973,10.3538
16974,12.3944
16975,10.4292
16976,8.07217
16977,9.35952
16978,8.98038
16979,8.5104
16980,8.54895
16981,8.79062
16982,9.86467
16983,11.4943
16984,14.1956
16985,12.0559
16986,12.1864
16987,7.65544
16988,7.74082
16989,11.1223
16990,15.6796
16991,8.74831
16992,9.53894
16993,9.62026
16994,9.82956
16995,9.89745
16996,8.90588
16997,9.73011
16998,16.0027
16999,11.1416
17000,12.8536
17001,10.6632
17002,10.1432
17003,9.41228
17004,12.8268
17005,10.0368
17006,10.9963
17007,10.9993
17008,19.1903
17009,13.463
17010,7.81688
17011,12.3016
17012,9.00034
17013,12.5531
17014,8.6635
17015,11.1725
17016,12.2104
17017,14.8777
17018,8.32702
17019,6.73011
17020,10.8787
17021,8.97772
17022,10.0814
17023,7.24313
17024,10.2538
17025,7.64295
17026,11.083
17027,12.1358
17028,11.397
17029,12.6975
17030,11.2971
17031,11.798
17032,12.3465
17033,7.55732
17034,8.57525
17035,8.71994
17036,12.9194
17037,9.32947
17038,8.36692
17039,8.57654
17040,9.4457
17041,10.8477
17042,11.2028
17043,8.33673
17044,9.57101
17045,7.9393
17046,11.1569
17047,11.3519
17048,12.4947
17049,7.5969
17050,11.781
17051,12.0472
17052,8.48507
17053,9.51028
17054,10.7645
17055,9.78404
17056,11.0012
17057,10.0097
17058,10.4313
17059,7.85948
17060,12.99
17061,8.90324
17062,11.9614
17063,12.3417
17064,13.4397
17065,13.3941
17066,12.7245
17067,7.84693
17068,10.0182
17069,10.8757
17070,11.2701
17071,6.99132
17072,10.1212
17073,10.1383
17074,10.6169
17075,10.8846
17076,9.70767
17077,17.7372
17078,10.9726
17079,8.8171
17080,8.9314
17081,11.8785
17082,9.93875
17083,11.5676
17084,9.5942
17085,13.9795
17086,10.2744
17087,9.2056
17088,12.3057
17089,9.9683
17090,10.0761
17091,10.2236
17092,10.2396
17093,8.92587
17094,7.31054
17095,7.49578
17096,8.54619
17097,9.97649
17098,7.5046
17099,12.1537
17100,11.1654
17101,7.33821
17102,9.82953
17103,8.27221
17104,9.30958
17105,8.57199
17106,12.9865
17107,9.59326
17108,10.3273
17109,10.3457
17110,11.6703
17111,10.8551
17112,10.8635
17113,11.6041
17114,10.0575
17115,9.22153
17116,13.3656
17117,8.38836
17118,8.61648
17119,11.1388
17120,12.8065
17121,10.1872
17122,10.9269
17123,6.87607
17124,9.10931
17125,12.2106
17126,12.7408
17127,11.1792
17128,9.23046
17129,13.2897
17130,8.45886
17131,7.03118
17132,10.5365
17133,14.9308
17134,9.64242
17135,12.7567
17136,13.2309
17137,11.8399
17138,12.9371
17139,7.84675
17140,10.9591
17141,7.09898
17142,9.19858
17143,8.24874
17144,10.4472
17145,13.5247
17146,9.96967
17147,11.9663
17148,13.057
17149,5.9169
17150,10.0255
17151,7.27973
17152,10.4592
17153,8.14045
17154,9.3912
17155,8.78775
17156,8.9994
17157,10.1845
17158,10.3948
17159,10.5169
17160,10.7893
17161,8.91792
17162,11.2226
17163,10.5074
17164,10.9121
17165,11.1843
17166,11.3209
17167,10.7492
17168,12.8012
17169,8.69176
17170,13.225
17171,9.4528
17172,9.6466
17173,13.0168
17174,11.0839
17175,7.00745
17176,7.14789
17177,12.1942
17178,8.65885
17179,7.71846
17180,10.0927
17181,11.1578
17182,10.9305
17183,10.9653
17184,9.50798
17185,12.5387
17186,12.0475
17187,8.75966
17188,10.1345
17189,11.375
17190,8.04754
17191,10.1162
17192,14.2361
17193,11.6507
17194,10.9626
17195,8.73399
17196,9.69506
17197,10.8791
17198,15.3276
17199,8.07428
17200,11.2277
17201,9.69851
17202,12.0956
17203,5.9395
17204,10.0719
17205,13.2898
17206,14.2749
17207,12.3483
17208,8.0659
17209,7.19744
17210,8.26521
17211,8.39462
17212,9.57816
17213,12.3239
17214,9.73392
17215,9.85011
17216,10.6319
17217,8.68129
17218,8.93878
17219,8.00722
17220,8.12066
17221,9.44266
17222,10.5558
17223,10.7567
17224,9.14544
17225,10.6399
17226,10.721
17227,10.7833
17228,8.85502
17229,8.87576
17230,9.90837
17231,10.2379
17232,10.3591
17233,10.4487
17234,9.95016
17235,14.201
17236,7.83419
17237,8.3135
17238,10.4984
17239,9.79938
17240,13.0757
17241,9.94257
17242,16.365
17243,10.4127
17244,9.7973
17245,6.09256
17246,14.6446
17247,7.74028
17248,19.0517
17249,9.43633
17250,10.5258
17251,8.80536
17252,11.1719
17253,11.3322
17254,10.807
17255,11.9927
17256,11.2514
17257,12.1366
17258,12.2488
17259,9.52642
17260,13.0769
17261,10.6323
17262,5.40792
17263,9.3146
17264,10.3342
17265,9.0043
17266,10.4205
17267,9.42925
17268,10.044
17269,10.6087
17270,9.83344
17271,7.2248
17272,9.3782
17273,11.4303
17274,11.789
17275,8.01424
17276,5.90065
17277,15.0633
17278,13.6994
17279,7.62412
17280,8.82955
17281,9.54694
17282,9.64561
17283,8.11462
17284,7.51013
17285,10.573
17286,9.65883
17287,9.73468
17288,11.0373
17289,11.2138
17290,11.2742
17291,12.1193
17292,7.81652
17293,9.34051
17294,8.70183
17295,9.89073
17296,13.0294
17297,10.2978
17298,8.37521
17299,9.29861
17300,8.12637
17301,9.6265
17302,12.0007
17303,10.127
17304,9.28307
17305,8.7056
17306,11.8376
17307,12.9974
17308,12.7886
17309,9.42535
17310,7.67371
17311,9.74379
17312,15.0293
17313,8.49512
17314,11.3943
17315,8.83167
17316,10.0022
17317,10.9974
17318,8.56159
17319,9.00923
17320,13.0249
17321,10.905
17322,9.18566
17323,9.35787
17324,7.42805
17325,8.86273
17326,14.0736
17327,11.7185
17328,8.03631
17329,8.48646
17330,12.0949
17331,10.1171
17332,7.88872
17333,9.99598
17334,8.23588
17335,10.1527
17336,9.2777
17337,10.5709
17338,10.6647
17339,11.7333
17340,9.15293
17341,11.2567
17342,8.32208
17343,11.3605
17344,8.43914
17345,8.46027
17346,11.7317
17347,10.0255
17348,12.1563
17349,9.25559
17350,11.2669
17351,8.91722
17352,13.4523
17353,8.56143
17354,11.6489
17355,9.53666
17356,12.4424
17357,10.5103
17358,6.30408
17359,5.98897
17360,9.06146
17361,7.02223
17362,8.66787
17363,8.81211
17364,10.4717
17365,10.5746
17366,12.2215
17367,12.2894
17368,10.4113
17369,11.6312
17370,10.6396
17371,10.9462
17372,9.50697
17373,10.7659
17374,5.56246
17375,9.64655
17376,8.33855
17377,14.2952
17378,10.3876
17379,9.01704
17380,7.03115
17381,9.3252
17382,7.38139
17383,9.4217
17384,13.6292
17385,9.54388
17386,9.59694
17387,7.29856
17388,13.3459
17389,10.4254
17390,12.8136
17391,8.73513
17392,9.27352
17393,10.4782
17394,21.3474
17395,9.77789
17396,10.8336
17397,7.66413
17398,7.86241
17399,10.8708
17400,11.1692
17401,7.75287
17402,10.0856
17403,10.5512
17404,11.6259
17405,10.0763
17406,12.1105
17407,12.5125
17408,8.58068
17409,9.14764
17410,13.1839
17411,7.54725
17412,11.1533
17413,6.66784
17414,12.7368
17415,12.1565
17416,7.17793
17417,12.2805
17418,10.1034
17419,8.46507
17420,8.65737
17421,9.00056
17422,9.20056
17423,9.38848
17424,9.50958
17425,9.68086
17426,10.0398
17427,10.4371
17428,10.591
17429,10.993
17430,11.4162
17431,11.8672
17432,8.07252
17433,9.92072
17434,10.9236
17435,11.9579
17436,7.2257
17437,8.46536
17438,8.6523
17439,8.78263
17440,10.2466
17441,11.4615
17442,13.542
17443,6.78242
17444,12.367
17445,9.36214
17446,8.38066
17447,9.71375
17448,7.745
17449,7.87957
17450,8.37643
17451,11.0752
17452,5.65324
17453,10.6174
17454,9.63746
17455,9.80762
17456,10.8618
17457,11.5072
17458,6.85454
17459,8.49492
17460,11.5089
17461,7.51107
17462,7.67791
17463,10.9746
17464,8.30982
17465,11.8366
17466,7.92731
17467,11.3384
17468,9.63899
17469,13.3377
17470,12.607
17471,12.9629
17472,13.7107
17473,11.7669
17474,8.01059
17475,8.55872
17476,8.78418
17477,9.18661
17478,14.6949
17479,9.91761
17480,10.9741
17481,9.74761
17482,7.64099
17483,9.86486
17484,8.75159
17485,9.16434
17486,7.28724
17487,18.7854
17488,8.19141
17489,10.4312
17490,11.4136
17491,9.42201
17492,11.9516
17493,12.0373
17494,7.61874
17495,7.63576
17496,8.36211
17497,9.27275
17498,9.70371
17499,10.0144
17500,7.4311
17501,11.5304
17502,10.4956
17503,10.6904
17504,12.8795
17505,9.61134
17506,10.1943
17507,10.2965
17508,12.4326
17509,6.24432
17510,14.0011
17511,10.0778
17512,8.68847
17513,9.19758
17514,9.80112
17515,8.67165
17516,13.0427
17517,9.09895
17518,11.6324
17519,9.16059
17520,12.3251
17521,10.0832
17522,15.2916
17523,10.4251
17524,13.6463
17525,14.3305
17526,8.38691
17527,6.87531
17528,10.7297
17529,9.33707
17530,7.27131
17531,9.69401
17532,10.3223
17533,9.60513
17534,9.08597
17535,10.2053
17536,9.57421
17537,7.61461
17538,10.8314
17539,11.1999
17540,9.36181
17541,8.58385
17542,8.8185
17543,8.88598
17544,7.9577
17545,9.12725
17546,8.67595
17547,9.21019
17548,11.251
17549,9.27083
17550,13.0645
17551,10.4035
17552,12.8861
17553,11.0687
17554,13.386
17555,7.59255
17556,7.72237
17557,9.14203
17558,7.09447
17559,15.6373
17560,8.15414
17561,8.41356
17562,14.1848
17563,6.89031
17564,8.18723
17565,11.5036
17566,9.02896
17567,10.0411
17568,7.39526
17569,8.71529
17570,9.9609
17571,8.59668
17572,8.87033
17573,10.7408
17574,10.5181
17575,12.3844
17576,15.1775
17577,11.2744
17578,11.3646
17579,10.5774
17580,8.75964
17581,7.99781
17582,11.6832
17583,7.1709
17584,7.24969
17585,16.8773
17586,12.2105
17587,9.46649
17588,9.62941
17589,8.86531
17590,9.2971
17591,9.33487
17592,8.3433
17593,8.73702
17594,9.96833
17595,10.1146
17596,10.1258
17597,6.49344
17598,10.5739
17599,9.62237
17600,9.86196
17601,12.9087
17602,10.3311
17603,16.0167
17604,8.79626
17605,11.831
17606,9.97868
17607,13.3599
17608,12.4184
17609,13.4268
17610,5.76086
17611,11.1017
17612,8.59077
17613,8.08366
17614,9.38403
17615,11.7733
17616,10.9858
17617,9.98973
17618,7.8174
17619,12.8579
17620,9.68195
17621,11.0551
17622,9.5274
17623,9.48136
17624,8.76205
17625,8.77217
17626,7.80195
17627,9.18721
17628,7.7227
17629,8.89581
17630,9.28523
17631,9.87541
17632,14.1639
17633,9.63555
17634,17.644
17635,10.6524
17636,11.4803
17637,7.37078
17638,9.03526
17639,7.53953
17640,9.97025
17641,10.7222
17642,8.23808
17643,8.83711
17644,5.0251
17645,9.0012
17646,9.13267
17647,13.6859
17648,11.2685
17649,11.4683
17650,10.5696
17651,10.6594
17652,11.2274
17653,11.7303
17654,8.10923
17655,8.47556
17656,6.67022
17657,8.44899
17658,8.85669
17659,10.7929
17660,10.0772
17661,9.3722
17662,11.7272
17663,13.5338
17664,7.85453
17665,8.89951
17666,12.0103
17667,9.26134
17668,8.6819
17669,9.65318
17670,9.69989
17671,10.8502
17672,12.4137
17673,10.0074
17674,12.0213
17675,10.3153
17676,13.4868
17677,10.8739
17678,9.4902
17679,8.61403
17680,8.79556
17681,11.0516
17682,6.40751
17683,10.1933
17684,9.77834
17685,9.71764
17686,8.78675
17687,15.8638
17688,10.9211
17689,9.71075
17690,10.5281
17691,11.0886
17692,7.19283
17693,7.50352
17694,7.64847
17695,11.0403
17696,9.24551
17697,11.3213
17698,8.33197
17699,7.5335
17700,10.0942
17701,11.4306
17702,9.9277
17703,12.1963
17704,8.33136
17705,8.35569
17706,8.00437
17707,9.39143
17708,8.54498
17709,8.58172
17710,11.5946
17711,9.82087
17712,10.2005
17713,9.65992
17714,6.58045
17715,11.8026
17716,6.42246
17717,10.1554
17718,14.1638
17719,7.17822
17720,10.2933
17721,8.62594
17722,8.09817
17723,8.15098
17724,11.3841
17725,8.81715
17726,9.95943
17727,9.66094
17728,10.4707
17729,10.4862
17730,11.6088
17731,6.81304
17732,10.9034
17733,11.3458
17734,12.401
17735,12.6898
17736,8.25034
17737,8.28206
17738,12.4383
17739,11.9441
17740,12.4278
17741,11.9103
17742,6.71192
17743,8.84172
17744,9.93726
17745,8.30766
17746,10.3613
17747,8.80034
17748,8.86265
17749,9.22124
17750,19.6642
17751,9.74091
17752,10.3267
17753,9.00588
17754,8.47144
17755,9.7653
17756,6.9707
17757,13.0624
17758,12.3305
17759,8.39278
17760,9.45839
17761,10.4627
17762,6.52604
17763,6.69686
17764,8.86392
17765,8.2977
17766,9.65158
17767,10.1273
17768,8.37276
17769,9.6641
17770,9.47054
17771,7.77106
17772,8.80987
17773,9.60284
17774,10.3484
17775,10.4161
17776,12.2775
17777,9.61375
17778,13.9576
17779,11.2653
17780,10.0495
17781,11.7608
17782,13.3197
17783,7.99652
17784,9.04574
17785,10.4376
17786,10.2889
17787,11.5184
17788,7.84937
17789,12.9392
17790,8.26604
17791,7.90539
17792,10.2144
17793,11.2265
17794,8.35738
17795,11.0919
17796,11.8752
17797,7.92971
17798,8.68858
17799,12.8377
17800,13.0762
17801,9.20083
17802,9.81586
17803,9.84524
17804,5.72676
17805,10.8655
17806,11.9016
17807,9.99878
17808,7.52624
17809,10.2732
17810,8.4504
17811,6.84188
17812,9.97982
17813,9.99063
17814,19.6105
17815,6.50329
17816,11.6748
17817,12.8533
17818,7.23398
17819,12.2944
17820,10.0342
17821,5.42422
17822,9.00816
17823,12.0371
17824,16.0098
17825,9.47028
17826,12.6338
17827,10.6685
17828,7.78613
17829,8.62276
17830,11.6863
17831,8.78784
17832,15.8184
17833,10.4317
17834,7.64724
17835,10.1636
17836,6.30945
17837,8.11219
17838,10.4016
17839,7.64992
17840,7.84083
17841,8.73591
17842,8.83633
17843,10.1315
17844,10.5626
17845,11.078
17846,10.6286
17847,12.019
17848,12.1438
17849,6.18511
17850,11.5355
17851,12.0989
17852,12.3541
17853,7.57489
17854,8.70877
17855,8.46697
17856,10.7364
17857,11.7448
17858,14.8799
17859,11.7258
17860,5.91225
17861,8.60854
17862,10.1482
17863,9.83003
17864,8.24373
17865,11.8092
17866,13.0654
17867,8.33253
17868,10.973
17869,10.4011
17870,10.4555
17871,9.59299
17872,11.984
17873,8.86086
17874,12.8997
17875,9.0817
17876,9.38018
17877,11.4308
17878,9.82132
17879,8.49197
17880,10.5684
17881,8.9202
17882,11.2223
17883,9.27575
17884,11.5896
17885,11.6749
17886,15.7489
17887,8.48895
17888,9.41967
17889,7.53309
17890,7.99417
17891,8.05758
17892,13.8676
17893,10.1079
17894,10.9263
17895,13.1899
17896,15.2169
17897,8.22907
17898,9.25209
17899,12.2667
17900,11.4943
17901,10.6219
17902,12.1274
17903,9.19756
17904,7.83699
17905,13.1165
17906,7.41973
17907,10.7703
17908,8.77869
17909,11.1294
17910,9.18847
17911,11.6098
17912,9.76804
17913,15.9288
17914,10.1009
17915,7.09679
17916,12.6508
17917,8.67353
17918,7.88783
17919,8.72769
17920,9.22561
17921,12.2335
17922,6.32774
17923,9.47277
17924,9.55592
17925,13.0598
17926,8.07329
17927,10.7303
17928,6.67679
17929,9.13279
17930,10.5992
17931,10.8363
17932,12.9753
17933,11.0813
17934,12.5275
17935,11.7896
17936,12.4443
17937,10.4695
17938,8.75061
17939,7.46777
17940,10.0865
17941,9.11832
17942,9.38947
17943,14.8663
17944,13.9581
17945,9.10633
17946,10.5436
17947,11.4912
17948,8.82548
17949,12.3327
17950,11.5899
17951,13.7592
17952,11.423
17953,10.5598
17954,8.95775
17955,9.65285
17956,8.94219
17957,8.12471
17958,8.10478
17959,11.8615
17960,12.1276
17961,9.15582
17962,9.45242
17963,9.55987
17964,10.3298
17965,11.0853
17966,11.105
17967,10.159
17968,11.1836
17969,8.12463
17970,12.589
17971,8.92293
17972,8.95766
17973,13.1137
17974,9.38426
17975,10.5653
17976,7.76189
17977,9.87304
17978,11.6649
17979,5.72084
17980,11.889
17981,14.3739
17982,11.6625
17983,6.78818
17984,12.1003
17985,8.93203
17986,8.58396
17987,9.91383
17988,9.57219
17989,9.76272
17990,10.7425
17991,5.90379
17992,10.978
17993,6.32542
17994,11.468
17995,12.9564
17996,9.12994
17997,10.3271
17998,9.12302
17999,8.28696
18000,9.33958
18001,11.509
18002,9.61617
18003,9.82175
18004,7.954
18005,15.4891
18006,12.5946
18007,9.87153
18008,10.3708
18009,11.4961
18010,9.92482
18011,9.93325
18012,11.1177
18013,17.1447
18014,10.2216
18015,11.9904
18016,7.9988
18017,12.2588
18018,8.1029
18019,12.2703
18020,8.69708
18021,8.42646
18022,13.514
18023,11.5224
18024,11.1818
18025,11.2111
18026,11.3047
18027,7.45881
18028,15.703
18029,8.78987
18030,8.35485
18031,7.48036
18032,14.3506
18033,9.41143
18034,12.3675
18035,7.45945
18036,15.0024
18037,11.366
18038,10.4003
18039,8.94231
18040,9.26208
18041,10.8906
18042,9.30477
18043,11.873
18044,11.1238
18045,10.0991
18046,8.24364
18047,9.41427
18048,9.70382
18049,11.3541
18050,9.91033
18051,7.85154
18052,10.9702
18053,12.7441
18054,6.66726
18055,9.15531
18056,12.3163
18057,8.44778
18058,9.86512
18059,11.1145
18060,9.19433
18061,11.7572
18062,6.98358
18063,11.2054
18064,5.67196
18065,11.0907
18066,10.0534
18067,7.41905
18068,6.33801
18069,8.20362
18070,8.68259
18071,10.3812
18072,12.062
18073,8.16356
18074,12.4441
18075,8.5383
18076,15.589
18077,9.70929
18078,11.1125
18079,10.4668
18080,6.29516
18081,12.7447
18082,7.26917
18083,8.6394
18084,9.36203
18085,10.0603
18086,6.85544
18087,10.9555
18088,10.1695
18089,7.25028
18090,7.25871
18091,6.98447
18092,8.16385
18093,9.08129
18094,9.20889
18095,11.0189
18096,11.7718
18097,13.1284
18098,11.2451
18099,8.92788
18100,8.8044
18101,8.19309
18102,13.7311
18103,9.97827
18104,5.75036
18105,11.3632
18106,12.9447
18107,8.80215
18108,11.0892
18109,9.34715
18110,9.7239
18111,9.48514
18112,15.5096
18113,12.699
18114,11.0461
18115,11.2756
18116,11.7371
18117,7.76011
18118,11.2297
18119,10.3597
18120,8.66511
18121,9.87763
18122,12.549
18123,12.9441
18124,11.0349
18125,9.63221
18126,12.8873
18127,12.8777
18128,6.78788
18129,8.97873
18130,8.12787
18131,8.41624
18132,12.42
18133,9.56481
18134,8.37197
18135,10.6375
18136,12.9866
18137,11.5386
18138,10.7829
18139,7.97156
18140,10.0752
18141,10.1028
18142,8.27692
18143,6.43446
18144,10.5121
18145,9.74743
18146,6.76892
18147,8.77736
18148,13.3605
18149,9.83987
18150,8.05918
18151,11.391
18152,9.0941
18153,9.12846
18154,11.1393
18155,9.20996
18156,11.33
18157,13.5841
18158,11.6633
18159,7.93369
18160,8.94722
18161,10.349
18162,8.18205
18163,11.6994
18164,9.87376
18165,10.2598
18166,8.81306
18167,12.3127
18168,10.7725
18169,8.02408
18170,8.81087
18171,9.65132
18172,9.07945
18173,14.3525
18174,15.0403
18175,9.07263
18176,11.1575
18177,7.38747
18178,7.48647
18179,8.88743
18180,9.99515
18181,10.0848
18182,8.13724
18183,10.1715
18184,10.2906
18185,11.518
18186,10.0198
18187,11.917
18188,12.1966
18189,12.4466
18190,9.85281
18191,8.23146
18192,8.71162
18193,10.9136
18194,11.7741
18195,10.2932
18196,6.51842
18197,9.62505
18198,10.9513
18199,8.09475
18200,14.8309
18201,13.006
18202,9.03588
18203,9.60572
18204,13.7945
18205,15.4145
18206,8.55632
18207,10.1416
18208,6.39089
18209,11.9168
18210,12.0135
18211,11.541
18212,10.8143
18213,8.78267
18214,10.9082
18215,9.76488
18216,10.8892
18217,9.92323
18218,10.3331
18219,7.34919
18220,10.3973
18221,5.89027
18222,6.56567
18223,15.4851
18224,8.80147
18225,12.9826
18226,9.18143
18227,10.1368
18228,9.23758
18229,6.43901
18230,10.4896
18231,9.56756
18232,9.59195
18233,9.78288
18234,10.0647
18235,10.5371
18236,10.9199
18237,8.92836
18238,11.0669
18239,9.38627
18240,11.19
18241,10.5224
18242,14.6732
18243,14.4689
18244,11.6652
18245,6.69932
18246,10.1438
18247,7.50541
18248,13.1899
18249,13.2623
18250,9.25492
18251,13.3279
18252,8.3421
18253,8.55434
18254,10.1298
18255,9.34587
18256,10.9411
18257,6.99922
18258,10.0844
18259,13.1205
18260,8.22319
18261,10.5435
18262,11.6642
18263,11.3076
18264,8.45095
18265,11.6815
18266,12.7146
18267,12.1693
18268,12.5037
18269,9.61085
18270,7.92875
18271,9.12137
18272,10.2173
18273,9.18117
18274,8.60952
18275,9.21245
18276,6.43529
18277,13.5954
18278,9.76983
18279,7.80732
18280,8.1954
18281,7.70757
18282,9.16954
18283,8.42528
18284,9.86193
18285,9.74338
18286,9.477
18287,10.5937
18288,11.8451
18289,12.2692
18290,12.3209
18291,11.1921
18292,8.43021
18293,9.53652
18294,7.5238
18295,9.89201
18296,7.99163
18297,10.5966
18298,8.69433
18299,9.24107
18300,9.30256
18301,9.76127
18302,8.33967
18303,10.6104
18304,7.98956
18305,8.13368
18306,11.1974
18307,11.3289
18308,9.12189
18309,12.7522
18310,11.8535
18311,10.2886
18312,10.3401
18313,14.3357
18314,9.34698
18315,9.00955
18316,7.13526
18317,15.1878
18318,9.06482
18319,8.34102
18320,8.9951
18321,9.03525
18322,9.04369
18323,13.9263
18324,12.0465
18325,10.0853
18326,10.0937
18327,10.6486
18328,8.71131
18329,11.7629
18330,7.85381
18331,9.19828
18332,11.0368
18333,6.38298
18334,9.95282
18335,6.09656
18336,9.19927
18337,10.0794
18338,10.8961
18339,9.06192
18340,12.1577
18341,12.003
18342,13.2123
18343,10.4327
18344,10.7132
18345,6.32624
18346,10.3247
18347,10.8578
18348,10.3216
18349,13.5675
18350,10.1317
18351,7.58849
18352,13.2813
18353,10.6832
18354,8.69557
18355,12.0823
18356,7.67181
18357,10.0183
18358,10.2507
18359,9.52102
18360,9.71593
18361,11.7814
18362,8.94353
18363,9.09276
18364,13.7801
18365,12.0078
18366,12.2988
18367,14.373
18368,8.87542
18369,8.97918
18370,7.29422
18371,9.44195
18372,8.59874
18373,15.0291
18374,12.0411
18375,8.04956
18376,8.91401
18377,9.96766
18378,9.04401
18379,12.1951
18380,6.96982
18381,12.3071
18382,10.4994
18383,8.77967
18384,12.3269
18385,15.7649
18386,5.98963
18387,11.2119
18388,12.5055
18389,8.64752
18390,9.44234
18391,14.6294
18392,10.9545
18393,9.17468
18394,8.20764
18395,6.90519
18396,11.5802
18397,12.6065
18398,8.17171
18399,10.3536
18400,10.5837
18401,7.2716
18402,12.1092
18403,11.1213
18404,8.22433
18405,11.3507
18406,7.92898
18407,9.16605
18408,9.5285
18409,10.0778
18410,8.264
18411,10.5398
18412,11.0917
18413,11.3966
18414,11.6687
18415,8.71977
18416,9.87828
18417,12.2496
18418,12.8156
18419,9.8568
18420,9.89828
18421,9.94052
18422,14.0801
18423,14.3575
18424,8.5704
18425,10.4168
18426,14.7292
18427,11.1484
18428,11.8619
18429,13.6696
18430,13.8268
18431,8.94569
18432,8.85944
18433,7.77696
18434,7.89836
18435,7.38495
18436,12.588
18437,11.9478
18438,7.57987
18439,9.37916
18440,10.3475
18441,11.0534
18442,8.43496
18443,7.46219
18444,9.47062
18445,7.74062
18446,10.4054
18447,11.3007
18448,9.67243
18449,10.8537
18450,14.055
18451,10.2721
18452,14.4273
18453,11.8219
18454,13.1278
18455,11.2889
18456,10.4151
18457,10.6847
18458,7.21678
18459,7.19711
18460,8.56369
18461,7.62578
18462,7.93011
18463,6.93854
18464,6.40239
18465,8.57554
18466,7.79388
18467,6.97059
18468,10.0275
18469,9.24766
18470,9.32071
18471,8.36974
18472,9.37817
18473,9.73676
18474,8.17959
18475,7.20493
18476,10.9037
18477,9.12177
18478,11.2143
18479,10.2228
18480,9.74041
18481,8.93945
18482,11.2172
18483,9.28122
18484,10.8678
18485,8.7527
18486,12.0566
18487,8.3399
18488,8.40675
18489,8.30485
18490,13.4807
18491,9.59809
18492,9.61396
18493,13.7809
18494,10.0247
18495,9.05865
18496,10.163
18497,10.3633
18498,11.5051
18499,10.6488
18500,11.0564
18501,12.3922
18502,9.55198
18503,8.73981
18504,12.0759
18505,9.90873
18506,9.01092
18507,10.4164
18508,14.5382
18509,12.0512
18510,8.3139
18511,13.562
18512,10.8821
18513,8.34131
18514,9.6469
18515,8.69205
18516,7.82978
18517,9.97836
18518,10.2912
18519,9.30021
18520,8.57228
18521,10.537
18522,11.6823
18523,11.7675
18524,8.94806
18525,12.298
18526,9.36784
18527,9.76175
18528,14.2417
18529,6.90225
18530,6.91812
18531,7.73474
18532,14.803
18533,7.82892
18534,11.0545
18535,11.2847
18536,14.4012
18537,13.6316
18538,9.1092
18539,9.40804
18540,9.8245
18541,10.2846
18542,8.49176
18543,14.6308
18544,10.6944
18545,11.1569
18546,11.7306
18547,9.01658
18548,10.5272
18549,9.53584
18550,12.6469
18551,7.13787
18552,10.1779
18553,11.2434
18554,11.8637
18555,7.84804
18556,8.59901
18557,10.6288
18558,9.14475
18559,9.70555
18560,8.57377
18561,9.7464
18562,9.81411
18563,11.2496
18564,11.1187
18565,10.1543
18566,10.2206
18567,10.229
18568,10.3069
18569,9.91008
18570,12.0493
18571,10.3288
18572,11.7674
18573,7.17187
18574,10.2476
18575,7.40492
18576,11.1816
18577,8.62922
18578,8.78891
18579,7.56784
18580,10.1406
18581,11.613
18582,9.81366
18583,10.8221
18584,8.87082
18585,8.09009
18586,11.2706
18587,10.6715
18588,10.723
18589,10.8808
18590,12.0356
18591,10.0989
18592,11.2034
18593,11.8717
18594,11.9219
18595,9.97022
18596,10.2048
18597,10.2723
18598,8.48874
18599,11.1016
18600,9.7697
18601,11.8078
18602,10.4895
18603,6.88677
18604,14.1853
18605,9.96626
18606,8.8934
18607,9.22173
18608,8.38001
18609,10.6299
18610,6.93866
18611,10.0328
18612,10.2108
18613,10.249
18614,8.28393
18615,9.30938
18616,11.3597
18617,12.3522
18618,11.6742
18619,12.6826
18620,8.19111
18621,7.48821
18622,8.67784
18623,9.84862
18624,8.03943
18625,17.2916
18626,7.78067
18627,8.92642
18628,11.2517
18629,16.3334
18630,14.3765
18631,12.9414
18632,12.4479
18633,13.2892
18634,13.4277
18635,14.0473
18636,11.6712
18637,10.7105
18638,13.1294
18639,12.7563
18640,10.2023
18641,10.4492
18642,9.09447
18643,11.3044
18644,8.23135
18645,8.22056
18646,9.49532
18647,9.55337
18648,7.73167
18649,11.2626
18650,8.96163
18651,5.72682
18652,7.62755
18653,9.07969
18654,7.80303
18655,14.4809
18656,8.59756
18657,10.1569
18658,12.1653
18659,10.2267
18660,10.2816
18661,12.8649
18662,9.19863
18663,11.323
18664,8.33143
18665,11.5395
18666,10.5576
18667,10.6799
18668,9.17997
18669,12.6363
18670,10.9863
18671,7.62728
18672,10.8346
18673,7.97048
18674,8.18813
18675,8.2753
18676,12.4724
18677,8.48088
18678,11.5119
18679,15.5468
18680,8.67474
18681,9.82012
18682,7.18718
18683,9.21063
18684,7.32231
18685,7.53468
18686,7.14067
18687,8.77634
18688,8.90183
18689,11.0624
18690,7.0979
18691,10.1063
18692,8.25323
18693,10.5655
18694,12.241
18695,9.34014
18696,9.34857
18697,10.591
18698,13.3566
18699,11.5577
18700,10.609
18701,10.8363
18702,11.2239
18703,8.3912
18704,9.44971
18705,10.3722
18706,8.51986
18707,8.98352
18708,9.37822
18709,11.3867
18710,11.8554
18711,11.8937
18712,7.64143
18713,8.84998
18714,11.1775
18715,9.00807
18716,9.1586
18717,15.178
18718,9.19432
18719,9.47672
18720,9.9063
18721,10.0946
18722,10.1795
18723,7.55547
18724,11.4617
18725,13.7589
18726,12.2887
18727,7.68919
18728,8.69762
18729,8.70606
18730,12.8906
18731,8.42611
18732,8.51376
18733,9.56304
18734,9.69962
18735,9.80508
18736,6.86923
18737,11.2616
18738,7.9568
18739,11.5063
18740,10.9488
18741,10.5172
18742,8.70895
18743,9.89452
18744,10.9596
18745,11.5384
18746,10.6824
18747,10.7126
18748,14.8873
18749,12.3637
18750,10.408
18751,9.66491
18752,11.2828
18753,13.5355
18754,7.9341
18755,14.7752
18756,10.2974
18757,10.759
18758,11.2964
18759,6.06409
18760,10.4562
18761,8.74334
18762,10.4509
18763,11.8187
18764,11.2244
18765,12.4044
18766,10.7905
18767,12.1196
18768,11.3718
18769,14.7271
18770,6.8853
18771,12.754
18772,10.7738
18773,10.4942
18774,7.62846
18775,7.79154
18776,8.85254
18777,6.25076
18778,11.1218
18779,8.69025
18780,8.54848
18781,8.67982
18782,8.96681
18783,7.34848
18784,10.4422
18785,11.0508
18786,8.09548
18787,12.2403
18788,12.6543
18789,14.2175
18790,7.38542
18791,8.60893
18792,9.09634
18793,8.9622
18794,9.51602
18795,11.0743
18796,8.5625
18797,11.5822
18798,8.89101
18799,8.54492
18800,9.20621
18801,9.7634
18802,7.89738
18803,7.95741
18804,8.4572
18805,8.65949
18806,8.78054
18807,10.2321
18808,12.2453
18809,10.9902
18810,9.54529
18811,11.0768
18812,7.52401
18813,7.54467
18814,10.6372
18815,13.6763
18816,8.06663
18817,8.46977
18818,12.6885
18819,8.95927
18820,9.13326
18821,9.75118
18822,8.10375
18823,7.13048
18824,9.15901
18825,8.76647
18826,8.0203
18827,9.04406
18828,10.2737
18829,9.55893
18830,11.6662
18831,10.8628
18832,8.64201
18833,12.7631
18834,9.78832
18835,10.9291
18836,13.2741
18837,10.4252
18838,10.6074
18839,9.86057
18840,14.9495
18841,9.08907
18842,10.5601
18843,6.74379
18844,13.9274
18845,8.03436
18846,8.17612
18847,8.34004
18848,7.98839
18849,13.0481
18850,8.42352
18851,10.0761
18852,12.3408
18853,9.37077
18854,10.6607
18855,10.9916
18856,10.0253
18857,10.3548
18858,9.38777
18859,10.8543
18860,12.1679
18861,9.49531
18862,8.08458
18863,9.43935
18864,9.18946
18865,10.2289
18866,8.42495
18867,10.3227
18868,11.8389
18869,11.33
18870,11.5494
18871,8.82359
18872,9.89329
18873,12.3408
18874,12.9075
18875,7.21461
18876,8.06296
18877,9.13823
18878,8.28288
18879,8.55891
18880,10.2486
18881,7.27556
18882,10.3613
18883,8.51032
18884,12.6364
18885,9.81296
18886,7.73957
18887,8.96556
18888,12.0207
18889,9.22891
18890,10.1225
18891,12.5719
18892,7.69363
18893,11.0209
18894,11.3324
18895,7.4115
18896,8.77444
18897,10.7981
18898,7.2319
18899,9.32222
18900,11.3935
18901,8.76699
18902,9.77542
18903,9.14728
18904,10.1579
18905,12.2358
18906,10.3081
18907,10.5352
18908,10.5831
18909,8.99862
18910,10.0166
18911,9.06859
18912,10.8335
18913,11.3059
18914,10.5095
18915,10.9042
18916,12.0225
18917,12.2106
18918,10.3635
18919,13.6153
18920,7.60184
18921,15.0379
18922,8.23038
18923,8.81636
18924,10.5689
18925,9.95606
18926,12.021
18927,12.048
18928,12.1755
18929,6.01077
18930,13.1107
18931,8.02009
18932,6.12498
18933,8.77222
18934,9.07929
18935,8.63993
18936,10.4895
18937,9.57139
18938,9.66809
18939,9.6026
18940,11.6378
18941,7.2422
18942,9.82899
18943,6.20574
18944,17.0738
18945,6.34742
18946,6.77764
18947,13.5609
18948,8.11254
18949,10.2201
18950,7.26497
18951,10.3086
18952,7.41404
18953,10.9039
18954,8.91671
18955,10.2016
18956,12.3012
18957,10.5334
18958,9.58694
18959,11.6291
18960,8.2739
18961,7.69373
18962,10.2984
18963,10.078
18964,12.5827
18965,10.7159
18966,11.0921
18967,10.1105
18968,10.2286
18969,11.4311
18970,10.8146
18971,13.3228
18972,8.30417
18973,11.4829
18974,9.53303
18975,11.4729
18976,10.0428
18977,9.65461
18978,6.08364
18979,10.3059
18980,11.5097
18981,8.89919
18982,6.4266
18983,7.13463
18984,7.65568
18985,8.17727
18986,8.75319
18987,8.76296
18988,9.76734
18989,12.9124
18990,10.4672
18991,10.619
18992,11.1791
18993,9.72144
18994,13.8305
18995,8.35917
18996,7.85823
18997,8.11418
18998,8.16957
18999,10.2622
19000,15.8319
19001,12.4073
19002,7.44462
19003,9.84267
19004,8.99285
19005,7.56706
19006,9.58637
19007,10.6534
19008,8.88882
19009,12.0318
19010,9.58837
19011,11.8437
19012,10.0477
19013,12.2885
19014,9.44395
19015,11.0681
19016,11.3722
19017,12.2624
19018,8.51525
19019,8.61768
19020,9.76512
19021,10.3129
19022,9.52917
19023,9.65586
19024,10.4508
19025,10.9354
19026,10.1922
19027,10.3125
19028,11.4312
19029,11.5099
19030,12.8322
19031,10.4519
19032,13.8499
19033,10.0098
19034,9.13045
19035,11.0152
19036,11.4326
19037,11.4823
19038,10.9828
19039,7.1763
19040,7.57524
19041,9.00153
19042,11.6071
19043,12.6994
19044,10.8873
19045,8.27069
19046,8.91612
19047,9.31885
19048,11.9512
19049,15.0084
19050,10.5824
19051,10.8964
19052,12.2137
19053,9.73939
19054,11.0544
19055,8.58709
19056,10.6292
19057,10.678
19058,11.6332
19059,8.89098
19060,8.39548
19061,8.46167
19062,8.58527
19063,7.60204
19064,14.9729
19065,8.01299
19066,10.7328
19067,10.9361
19068,8.62078
19069,11.8249
19070,7.24432
19071,7.62105
19072,12.8695
19073,13.3748
19074,10.9091
19075,14.0377
19076,14.5606
19077,9.72374
19078,9.79345
19079,12.1876
19080,7.69318
19081,8.29592
19082,6.78834
19083,6.86383
19084,8.4351
19085,10.6455
19086,7.16664
19087,8.5902
19088,18.4516
19089,9.89416
19090,9.43279
19091,10.5867
19092,9.67415
19093,9.70542
19094,11.3282
19095,9.19016
19096,8.2312
19097,10.2325
19098,8.8897
19099,8.97854
19100,9.19364
19101,9.53375
19102,9.93632
19103,10.5607
19104,9.68867
19105,10.0535
19106,10.245
19107,10.2534
19108,8.40196
19109,12.7521
19110,11.7621
19111,12.016
19112,12.1202
19113,11.259
19114,12.6258
19115,12.8341
19116,13.2349
19117,8.21718
19118,8.53532
19119,10.3204
19120,7.41331
19121,10.5714
19122,10.9117
19123,10.4959
19124,8.28895
19125,8.44794
19126,12.6878
19127,10.0954
19128,7.90161
19129,8.31809
19130,13.312
19131,7.738
19132,8.17371
19133,11.7766
19134,11.0046
19135,8.04496
19136,12.4668
19137,16.5315
19138,14.863
19139,9.40795
19140,9.86359
19141,8.49522
19142,9.82942
19143,11.991
19144,15.2653
19145,10.5252
19146,10.8066
19147,11.9838
19148,9.77948
19149,12.7319
19150,7.46985
19151,11.1202
19152,17.112
19153,11.1559
19154,8.51619
19155,10.3313
19156,10.5857
19157,11.033
19158,7.43683
19159,10.943
19160,13.1015
19161,6.38232
19162,8.78466
19163,7.01165
19164,7.1488
19165,7.32545
19166,9.99746
19167,9.05191
19168,9.1826
19169,8.48457
19170,8.83085
19171,9.03075
19172,9.53827
19173,9.72053
19174,10.9652
19175,11.8714
19176,7.63616
19177,13.1402
19178,9.67471
19179,11.7926
19180,10.0831
19181,12.1275
19182,8.98746
19183,8.05405
19184,8.50005
19185,9.6499
19186,9.27589
19187,10.6295
19188,12.8056
19189,11.074
19190,10.6951
19191,9.04033
19192,9.09856
19193,9.71133
19194,16.1593
19195,8.16772
19196,10.6597
19197,12.3614
19198,9.36982
19199,9.74869
19200,10.133
19201,10.3995
19202,14.9286
19203,12.2457
19204,10.3232
19205,9.34205
19206,10.625
19207,11.4006
19208,9.00236
19209,10.0174
19210,8.20497
19211,7.60654
19212,9.99445
19213,11.6456
19214,8.83453
19215,9.93181
19216,8.28438
19217,10.9304
19218,12.0396
19219,9.32386
19220,10.3467
19221,7.78929
19222,9.95282
19223,10.3188
19224,12.6319
19225,10.7022
19226,10.1929
19227,10.2883
19228,11.4367
19229,9.84661
19230,10.9273
19231,7.31185
19232,7.5667
19233,10.4546
19234,9.56647
19235,7.7447
19236,8.0421
19237,7.42246
19238,9.65306
19239,11.9167
19240,14.4224
19241,9.29704
19242,11.5736
19243,13.2281
19244,6.88977
19245,8.13885
19246,8.91346
19247,8.97196
19248,9.39062
19249,10.0438
19250,10.4368
19251,11.9368
19252,9.36936
19253,9.24705
19254,9.42564
19255,9.54137
19256,9.28874
19257,11.5298
19258,7.84415
19259,8.57416
19260,7.00729
19261,10.5704
19262,7.66235
19263,8.71988
19264,12.7452
19265,8.9969
19266,11.0892
19267,10.479
19268,11.069
19269,10.9253
19270,9.59204
19271,7.86361
19272,7.06504
19273,10.2447
19274,10.8551
19275,7.16276
19276,11.2241
19277,8.42225
19278,8.75502
19279,8.76988
19280,11.9966
19281,8.28235
19282,13.5841
19283,12.1717
19284,10.1899
19285,9.22675
19286,12.4394
19287,7.88124
19288,6.84398
19289,7.00283
19290,9.0333
19291,10.0417
19292,7.97349
19293,8.63046
19294,8.15621
19295,10.6493
19296,16.3125
19297,8.90669
19298,8.91969
19299,10.9619
19300,8.7539
19301,7.52086
19302,8.629
19303,8.69989
19304,7.23266
19305,9.99363
19306,10.5536
19307,8.56207
19308,11.0136
19309,9.87513
19310,10.0673
19311,13.3263
19312,9.32655
19313,11.6233
19314,12.9799
19315,13.6796
19316,11.5966
19317,10.9053
19318,9.18934
19319,11.2088
19320,9.29939
19321,9.64288
19322,7.76193
19323,8.46142
19324,11.2732
19325,13.5496
19326,13.9788
19327,8.05368
19328,10.2751
19329,9.5841
19330,8.89674
19331,9.2739
19332,11.528
19333,6.53638
19334,11.8425
19335,14.1222
19336,11.2157
19337,8.54081
19338,8.8709
19339,9.63438
19340,9.79907
19341,6.65083
19342,11.9469
19343,17.2172
19344,9.569
19345,9.08836
19346,8.4903
19347,10.0817
19348,8.67124
19349,8.68483
19350,8.80444
19351,9.23913
19352,9.34525
19353,10.4069
19354,7.68151
19355,9.81644
19356,10.5644
19357,11.0841
19358,10.3324
19359,11.4007
19360,11.439
19361,11.8268
19362,7.86313
19363,10.973
19364,12.0389
19365,11.1378
19366,9.39628
19367,10.1231
19368,9.16389
19369,14.5832
19370,10.5916
19371,7.9817
19372,8.03942
19373,8.48992
19374,11.8467
19375,14.2387
19376,15.3214
19377,9.49196
19378,9.56029
19379,8.59869
19380,9.76468
19381,9.88396
19382,8.33385
19383,8.93477
19384,14.0352
19385,9.14878
19386,11.422
19387,8.84228
19388,7.22757
19389,6.29824
19390,7.86517
19391,12.0144
19392,11.5054
19393,9.65645
19394,7.72064
19395,7.96935
19396,8.20497
19397,14.3342
19398,9.56912
19399,12.3843
19400,11.0567
19401,11.3955
19402,11.7661
19403,9.2725
19404,7.99754
19405,10.2116
19406,8.63145
19407,10.774
19408,8.878
19409,15.0696
19410,9.90986
19411,10.0956
19412,11.2628
19413,11.489
19414,11.9558
19415,11.843
19416,12.8444
19417,13.231
19418,8.72152
19419,10.7785
19420,11.3121
19421,11.0325
19422,7.14474
19423,11.3017
19424,7.79033
19425,8.56997
19426,9.27192
19427,11.2352
19428,12.3611
19429,10.3734
19430,12.7738
19431,10.963
19432,11.2121
19433,9.87368
19434,8.70229
19435,9.0054
19436,9.66207
19437,12.8083
19438,13.8791
19439,9.0887
19440,9.44636
19441,10.1249
19442,12.0213
19443,8.55466
19444,8.79948
19445,9.98069
19446,8.54953
19447,6.93694
19448,10.062
19449,10.2148
19450,6.56258
19451,12.6594
19452,19.0839
19453,10.1311
19454,10.343
19455,14.2514
19456,12.591
19457,7.17025
19458,10.8184
19459,13.4968
19460,11.6396
19461,10.1859
19462,12.2744
19463,10.999
19464,13.2527
19465,7.51012
19466,6.55717
19467,12.8033
19468,11.4864
19469,10.5199
19470,8.53911
19471,8.83686
19472,10.925
19473,11.1406
19474,11.4556
19475,8.9926
19476,12.0523
19477,10.1536
19478,6.19045
19479,12.286
19480,12.3406
19481,12.4645
19482,10.6421
19483,10.6849
19484,10.955
19485,11.484
19486,11.5893
19487,8.7019
19488,13.7834
19489,11.8699
19490,11.8783
19491,13.9867
19492,9.25555
19493,11.2779
19494,8.44327
19495,10.5493
19496,11.9639
19497,10.6337
19498,9.24147
19499,11.4706
19500,9.87742
19501,11.8481
19502,9.60252
19503,11.739
19504,11.6167
19505,9.68285
19506,9.72899
19507,11.398
19508,10.8147
19509,12.6427
19510,10.7143
19511,8.24741
19512,7.99101
19513,11.1692
19514,8.5634
19515,9.04521
19516,10.1177
19517,12.2657
19518,9.85474
19519,12.8741
19520,13.0128
19521,11.9936
19522,12.1545
19523,9.23195
19524,13.335
19525,7.41255
19526,9.62608
19527,15.0859
19528,9.63751
19529,9.40372
19530,17.705
19531,11.9981
19532,7.13689
19533,11.4193
19534,10.8089
19535,11.5977
19536,8.24427
19537,12.3287
19538,10.7744
19539,7.78281
19540,9.85745
19541,10.2174
19542,7.32741
19543,6.62635
19544,10.7696
19545,10.9424
19546,9.26751
19547,7.7461
19548,9.85173
19549,13.1195
19550,10.1997
19551,9.42949
19552,10.7948
19553,10.1735
19554,11.0153
19555,13.3567
19556,11.414
19557,11.1141
19558,7.99025
19559,8.56969
19560,9.94594
19561,14.8212
19562,12.8944
19563,9.71389
19564,8.19709
19565,10.4236
19566,6.91543
19567,7.4459
19568,13.055
19569,13.4046
19570,10.8079
19571,8.45329
19572,9.11209
19573,10.7033
19574,10.0993
19575,9.10772
19576,13.1868
19577,9.37977
19578,9.73021
19579,7.8672
19580,11.3172
19581,10.3467
19582,8.96418
19583,9.51437
19584,11.9119
19585,9.93029
19586,11.2455
19587,8.30434
19588,12.0679
19589,12.152
19590,8.81599
19591,12.5496
19592,8.86672
19593,7.28807
19594,10.0573
19595,12.3311
19596,8.38242
19597,6.03543
19598,7.95761
19599,10.27
19600,10.3734
19601,6.84314
19602,8.63134
19603,7.72343
19604,10.9419
19605,11.9571
19606,11.3027
19607,10.6758
19608,14.2823
19609,8.14406
19610,8.17031
19611,11.4374
19612,8.96334
19613,13.332
19614,9.67099
19615,10.2449
19616,9.05514
19617,13.2378
19618,11.5008
19619,12.8315
19620,13.3779
19621,15.1361
19622,7.66523
19623,8.62229
19624,8.01778
19625,9.41469
19626,16.7932
19627,13.8938
19628,9.11039
19629,9.11421
19630,11.2557
19631,10.1096
19632,8.28008
19633,8.5473
19634,8.84127
19635,12.127
19636,10.6618
19637,9.6995
19638,9.91259
19639,12.5267
19640,11.3761
19641,8.13381
19642,8.34601
19643,12.8194
19644,7.32545
19645,7.27405
19646,7.36592
19647,7.78287
19648,7.93568
19649,8.09452
19650,8.10295
19651,11.2239
19652,9.60883
19653,7.95006
19654,9.11542
19655,13.1829
19656,9.69067
19657,10.1409
19658,10.4756
19659,7.67832
19660,10.8816
19661,7.9027
19662,11.0063
19663,13.3504
19664,8.84176
19665,9.04842
19666,9.41504
19667,13.4268
19668,13.0434
19669,9.06268
19670,14.7237
19671,12.2791
19672,9.41758
19673,8.74647
19674,12.8612
19675,10.0797
19676,11.5322
19677,11.7375
19678,7.37487
19679,8.92422
19680,8.48671
19681,7.18007
19682,11.2935
19683,8.67716
19684,6.83398
19685,12.46
19686,11.0504
19687,12.1342
19688,9.18108
19689,12.9249
19690,10.593
19691,10.2654
19692,8.35354
19693,9.24704
19694,11.3253
19695,10.6864
19696,12.2852
19697,10.5544
19698,10.6632
19699,14.3935
19700,8.62507
19701,8.72393
19702,10.5097
19703,6.57553
19704,10.2498
19705,9.48779
19706,12.1966
19707,10.493
19708,8.6684
19709,9.26729
19710,8.75498
19711,8.97172
19712,7.42777
19713,9.2272
19714,8.43108
19715,9.39333
19716,10.5969
19717,8.77299
19718,13.1808
19719,14.3299
19720,10.3702
19721,10.6734
19722,5.6811
19723,9.54168
19724,8.5619
19725,12.133
19726,13.1179
19727,7.77887
19728,8.39558
19729,7.54415
19730,16.6841
19731,10.7987
19732,10.1713
19733,9.24455
19734,9.26793
19735,14.4526
19736,10.4668
19737,10.5046
19738,11.6126
19739,11.6522
19740,9.14612
19741,8.30866
19742,10.2508
19743,11.2847
19744,8.59846
19745,11.696
19746,8.85053
19747,8.92859
19748,8.28563
19749,8.48198
19750,12.9728
19751,9.23171
19752,9.96907
19753,9.37539
19754,12.2495
19755,8.26791
19756,8.34295
19757,8.97634
19758,9.82969
19759,9.95942
19760,9.97777
19761,11.028
19762,8.25708
19763,9.70504
19764,9.26555
19765,9.32317
19766,8.35517
19767,9.42539
19768,9.67925
19769,9.68768
19770,12.179
19771,9.67979
19772,15.0404
19773,10.1362
19774,11.3325
19775,7.71326
19776,13.0241
19777,13.2166
19778,10.0692
19779,8.54635
19780,12.8006
19781,14.953
19782,7.56421
19783,11.7213
19784,8.79378
19785,10.6486
19786,8.69181
19787,12.1051
19788,10.8734
19789,9.98948
19790,12.3344
19791,12.4624
19792,16.5223
19793,9.89231
19794,9.90494
19795,9.95006
19796,10.0765
19797,8.08987
19798,11.7965
19799,14.9405
19800,6.19612
19801,10.3776
19802,8.54748
19803,8.19849
19804,13.5253
19805,9.58778
19806,7.08975
19807,10.9708
19808,11.3881
19809,10.493
19810,9.64684
19811,9.97566
19812,9.82704
19813,9.4246
19814,10.0282
19815,10.6478
19816,9.10822
19817,11.5968
19818,10.6132
19819,8.97341
19820,12.0667
19821,12.335
19822,10.5727
19823,12.2968
19824,11.5819
19825,16.6787
19826,10.7546
19827,9.08466
19828,6.80813
19829,13.2673
19830,9.77743
19831,10.0409
19832,10.0518
19833,10.7916
19834,11.0653
19835,13.9682
19836,4.76769
19837,15.1176
19838,8.86694
19839,8.41833
19840,10.4804
19841,7.93172
19842,8.05768
19843,8.71063
19844,12.2274
19845,11.2371
19846,7.76934
19847,9.94114
19848,7.32971
19849,11.3944
19850,13.7194
19851,12.8839
19852,8.85936
19853,8.94981
19854,9.05598
19855,6.561
19856,15.9159
19857,7.00169
19858,6.43958
19859,7.48443
19860,10.5626
19861,13.8242
19862,8.96175
19863,10.0695
19864,11.2467
19865,7.53845
19866,9.56946
19867,9.68576
19868,16.7012
19869,8.7987
19870,9.04084
19871,10.218
19872,8.22644
19873,9.80844
19874,9.92394
19875,8.97209
19876,9.41183
19877,10.917
19878,11.1444
19879,8.37623
19880,7.49549
19881,11.5039
19882,9.78175
19883,7.87138
19884,9.3707
19885,11.7567
19886,10.3673
19887,7.90761
19888,9.11813
19889,8.22594
19890,7.84392
19891,6.60045
19892,7.02035
19893,8.09122
19894,8.17968
19895,9.21109
19896,9.49541
19897,6.62814
19898,9.7658
19899,7.00636
19900,7.51729
19901,11.5807
19902,8.60832
19903,12.6724
19904,12.8003
19905,9.95989
19906,11.9793
19907,10.0412
19908,10.7002
19909,13.4582
19910,13.8365
19911,8.10465
19912,6.41883
19913,7.52957
19914,7.96367
19915,13.2278
19916,8.27861
19917,7.80445
19918,7.82098
19919,8.94141
19920,10.561
19921,10.667
19922,8.70044
19923,12.2084
19924,8.22953
19925,11.4853
19926,10.5355
19927,11.6398
19928,11.7819
19929,6.15331
19930,7.86239
19931,9.35268
19932,7.42718
19933,8.00549
19934,9.4726
19935,12.6246
19936,8.11231
19937,11.7161
19938,10.2338
19939,10.2822
19940,12.5271
19941,8.08786
19942,8.59349
19943,7.95662
19944,9.31851
19945,10.0126
19946,11.9833
19947,9.52616
19948,16.8909
19949,10.4832
19950,10.221
19951,10.6393
19952,9.05259
19953,8.06842
19954,9.29217
19955,11.1973
19956,9.89433
19957,10.2433
19958,11.3741
19959,8.49482
19960,8.95616
19961,13.0002
19962,10.0533
19963,10.1061
19964,9.2704
19965,9.41704
19966,9.58227
19967,10.7092
19968,11.2267
19969,6.55998
19970,12.7015
19971,8.72368
19972,11.3615
19973,9.81124
19974,9.86618
19975,11.3463
19976,10.549
19977,13.9556
19978,6.34132
19979,14.8603
19980,9.31218
19981,10.0511
19982,6.85717
19983,10.9984
19984,7.62498
19985,11.1736
19986,9.33077
19987,9.70596
19988,6.8428
19989,8.4245
19990,8.58812
19991,11.6731
19992,13.6957
19993,9.53939
19994,9.48107
19995,11.9404
19996,10.6209
19997,9.05935
19998,9.70235
19999,8.74317
20000,8.87733
20001,13.255
20002,8.446
20003,10.7411
20004,8.9405
20005,13.1071
20006,6.61562
20007,7.68633
20008,9.26989
20009,9.34346
20010,10.7345
20011,8.7991
20012,10.2067
20013,11.2315
20014,8.06431
20015,8.45516
20016,9.02065
20017,12.0615
20018,8.98991
20019,10.0936
20020,13.0936
20021,11.2719
20022,16.2474
20023,8.5997
20024,10.8982
20025,8.43448
20026,8.94184
20027,10.2099
20028,10.4127
20029,12.4573
20030,10.6492
20031,12.2272
20032,7.96568
20033,13.5904
20034,15.0283
20035,14.4016
20036,8.57126
20037,8.71909
20038,9.03451
20039,9.78043
20040,9.85621
20041,8.09147
20042,10.3046
20043,10.4989
20044,10.8759
20045,15.975
20046,11.083
20047,9.85634
20048,11.4037
20049,10.5348
20050,7.14173
20051,9.26933
20052,7.78674
20053,11.911
20054,9.7964
20055,8.08964
20056,8.42405
20057,11.4852
20058,7.59557
20059,9.81869
20060,11.1598
20061,8.32034
20062,9.65958
20063,10.7786
20064,6.93887
20065,6.98462
20066,11.6035
20067,8.98473
20068,9.38772
20069,7.20782
20070,11.1686
20071,8.72444
20072,11.9886
20073,9.00872
20074,9.16645
20075,9.69812
20076,10.0762
20077,10.274
20078,10.3463
20079,10.5062
20080,10.5362
20081,10.5949
20082,11.8528
20083,8.29849
20084,11.3767
20085,12.3294
20086,8.64798
20087,10.9515
20088,11.7386
20089,7.27952
20090,11.4633
20091,12.7176
20092,13.0241
20093,8.50816
20094,10.5888
20095,14.8026
20096,7.09373
20097,9.33574
20098,7.77005
20099,10.9714
20100,9.38505
20101,10.5245
20102,9.5982
20103,11.9104
20104,10.4487
20105,6.65795
20106,11.2105
20107,7.52493
20108,11.7549
20109,12.5209
20110,11.3002
20111,10.734
20112,12.2155
20113,12.7445
20114,7.15456
20115,11.6439
20116,10.8546
20117,8.73719
20118,14.9167
20119,14.4395
20120,13.6665
20121,14.3481
20122,9.14519
20123,10.7847
20124,12.6926
20125,9.00386
20126,8.31812
20127,11.6748
20128,12.143
20129,14.2271
20130,10.3373
20131,10.5725
20132,11.0974
20133,15.5587
20134,6.8355
20135,11.8803
20136,8.42943
20137,8.63392
20138,10.9084
20139,12.0211
20140,9.14976
20141,7.1616
20142,9.21797
20143,9.31935
20144,8.80632
20145,8.82666
20146,13.8371
20147,9.76325
20148,13.7855
20149,11.0623
20150,8.37622
20151,11.4968
20152,11.5227
20153,12.5742
20154,10.0038
20155,5.40773
20156,9.55417
20157,10.8114
20158,10.254
20159,11.8396
20160,10.9643
20161,8.73174
20162,15.3449
20163,11.7795
20164,11.3913
20165,15.4826
20166,7.34212
20167,15.501
20168,11.0349
20169,9.02211
20170,9.11593
20171,9.78133
20172,9.7957
20173,9.97842
20174,10.6228
20175,11.051
20176,11.5243
20177,12.4717
20178,9.51012
20179,10.5742
20180,21.0427
20181,11.3289
20182,10.0045
20183,10.5727
20184,11.377
20185,10.6018
20186,8.28219
20187,8.57719
20188,6.85126
20189,9.43335
20190,6.58557
20191,8.7429
20192,7.86699
20193,9.25427
20194,8.97946
20195,9.08833
20196,8.70405
20197,15.4707
20198,10.5464
20199,10.5541
20200,10.4224
20201,11.4611
20202,10.5065
20203,11.6594
20204,10.6756
20205,14.2444
20206,12.0679
20207,9.27419
20208,10.3378
20209,12.5553
20210,11.7221
20211,8.5687
20212,9.265
20213,11.8958
20214,10.2443
20215,9.38697
20216,11.2167
20217,6.36897
20218,8.94154
20219,8.0416
20220,8.75927
20221,11.798
20222,9.48157
20223,10.2834
20224,7.7515
20225,11.8708
20226,11.3001
20227,11.6264
20228,8.02685
20229,7.21307
20230,9.88287
20231,9.89521
20232,10.1524
20233,16.1625
20234,9.22753
20235,9.28948
20236,12.4395
20237,9.86874
20238,7.43372
20239,8.18605
20240,14.365
20241,10.0471
20242,7.91145
20243,8.97903
20244,11.6429
20245,12.0438
20246,12.6114
20247,10.3673
20248,10.8823
20249,11.7182
20250,8.50887
20251,9.13696
20252,9.19161
20253,6.84337
20254,9.9514
20255,8.2083
20256,11.5139
20257,9.93745
20258,8.68104
20259,12.7005
20260,10.2704
20261,8.71756
20262,9.25285
20263,9.58313
20264,12.0547
20265,12.1152
20266,8.39176
20267,9.03836
20268,8.27116
20269,9.73646
20270,8.88632
20271,8.84276
20272,10.0743
20273,11.2626
20274,9.84227
20275,9.89435
20276,7.95916
20277,9.52811
20278,9.61749
20279,11.7135
20280,12.5475
20281,12.594
20282,12.9758
20283,13.2091
20284,8.95782
20285,9.13351
20286,12.6676
20287,8.86716
20288,8.36149
20289,10.0021
20290,9.58756
20291,11.6646
20292,10.0307
20293,9.48082
20294,9.42616
20295,7.55455
20296,9.28079
20297,7.88894
20298,10.6793
20299,11.2307
20300,10.87
20301,8.92659
20302,9.02325
20303,15.3747
20304,9.85467
20305,8.25282
20306,11.9356
20307,10.0138
20308,7.43913
20309,10.6425
20310,8.01623
20311,8.34499
20312,9.69979
20313,8.73238
20314,9.77213
20315,11.9179
20316,11.1066
20317,13.1705
20318,14.3526
20319,9.66947
20320,9.08213
20321,10.2096
20322,10.3187
20323,10.866
20324,11.5789
20325,7.73095
20326,9.31995
20327,9.83535
20328,15.1641
20329,11.2336
20330,8.51753
20331,9.17897
20332,11.3353
20333,9.37839
20334,7.7682
20335,12.1609
20336,9.5207
20337,10.5776
20338,10.7165
20339,11.0363
20340,9.62946
20341,11.1047
20342,8.63613
20343,8.69888
20344,10.936
20345,9.01961
20346,8.13386
20347,7.0315
20348,9.59402
20349,10.311
20350,9.2392
20351,10.2806
20352,8.23413
20353,6.70071
20354,9.75521
20355,7.53592
20356,12.1773
20357,7.62661
20358,13.6529
20359,8.85109
20360,8.91971
20361,8.35682
20362,8.89565
20363,10.3626
20364,10.6131
20365,10.8451
20366,11.1815
20367,11.3473
20368,11.7441
20369,11.8873
20370,11.1285
20371,10.4454
20372,12.4792
20373,11.3423
20374,9.59066
20375,11.9267
20376,10.0514
20377,13.3773
20378,6.81055
20379,11.155
20380,8.33005
20381,9.49609
20382,8.79579
20383,7.99341
20384,9.62748
20385,10.6359
20386,9.89828
20387,8.58589
20388,10.6685
20389,8.89422
20390,8.99005
20391,8.27315
20392,9.30084
20393,12.3758
20394,11.5447
20395,10.2128
20396,9.97396
20397,15.0343
20398,10.525
20399,7.09856
20400,10.5619
20401,6.82126
20402,11.6351
20403,13.0413
20404,13.4841
20405,12.7557
20406,10.1449
20407,9.27581
20408,9.74072
20409,7.74915
20410,9.90038
20411,14.5399
20412,9.28874
20413,9.34852
20414,7.62246
20415,12.1629
20416,8.29452
20417,12.4413
20418,8.4497
20419,10.6769
20420,9.42979
20421,9.63427
20422,10.2376
20423,11.3998
20424,9.93015
20425,8.07134
20426,8.59846
20427,12.6607
20428,9.14797
20429,11.2279
20430,13.9772
20431,10.2939
20432,7.7798
20433,12.6264
20434,12.6423
20435,10.6365
20436,9.19643
20437,8.05449
20438,8.42189
20439,8.45919
20440,8.67682
20441,8.80509
20442,8.8481
20443,10.8872
20444,9.24645
20445,9.75032
20446,7.65212
20447,12.0784
20448,9.65952
20449,10.4218
20450,13.8672
20451,9.32064
20452,9.71324
20453,15.7787
20454,12.2112
20455,8.48514
20456,10.9047
20457,10.0284
20458,9.61278
20459,9.73299
20460,10.3931
20461,16.802
20462,7.8832
20463,8.98446
20464,9.15004
20465,9.78363
20466,9.12701
20467,11.4428
20468,10.5774
20469,10.6046
20470,8.10606
20471,12.2397
20472,11.7158
20473,9.19901
20474,11.3507
20475,9.13166
20476,11.1786
20477,10.4135
20478,9.86586
20479,14.0213
20480,12.1571
20481,8.50272
20482,7.59011
20483,11.173
20484,10.2627
20485,10.6255
20486,7.768
20487,11.8717
20488,7.94564
20489,8.44834
20490,8.5792
20491,9.14444
20492,8.72372
20493,10.5856
20494,10.784
20495,9.88555
20496,11.4437
20497,12.5309
20498,13.1253
20499,10.1653
20500,10.7108
20501,12.7211
20502,11.7315
20503,6.88081
20504,8.18722
20505,10.6722
20506,9.35244
20507,12.334
20508,7.52592
20509,11.0362
20510,11.0853
20511,11.1391
20512,11.2775
20513,11.4962
20514,11.9779
20515,10.2939
20516,10.5279
20517,10.6966
20518,7.17609
20519,11.214
20520,11.3611
20521,11.6547
20522,5.67107
20523,12.1315
20524,11.5706
20525,7.34903
20526,18.0396
20527,9.30235
20528,9.54317
20529,9.70735
20530,7.99646
20531,11.2291
20532,8.49071
20533,11.5949
20534,7.86722
20535,11.4333
20536,9.65527
20537,7.06729
20538,11.1965
20539,13.0162
20540,9.88055
20541,8.52904
20542,11.2067
20543,8.02152
20544,8.32325
20545,7.43087
20546,8.41082
20547,9.09401
20548,12.857
20549,14.8989
20550,14.6444
20551,8.85718
20552,9.73479
20553,12.7807
20554,14.2587
20555,8.72175
20556,10.2556
20557,8.99425
20558,11.8802
20559,10.3775
20560,10.3926
20561,12.8308
20562,9.84301
20563,7.98654
20564,9.69282
20565,9.59998
20566,11.8043
20567,9.61064
20568,10.1657
20569,10.422
20570,11.5274
20571,7.73955
20572,8.1927
20573,8.84896
20574,10.1941
20575,7.48888
20576,8.62652
20577,7.70795
20578,9.43156
20579,9.18432
20580,9.55377
20581,9.79359
20582,9.84428
20583,11.8773
20584,10.3759
20585,7.78714
20586,11.0762
20587,7.23305
20588,11.8065
20589,13.5806
20590,9.8035
20591,6.89321
20592,10.0095
20593,16.4142
20594,10.9339
20595,7.52299
20596,7.53281
20597,8.87942
20598,8.02374
20599,9.28563
20600,10.7378
20601,10.0118
20602,11.4613
20603,14.5908
20604,9.7799
20605,9.87253
20606,9.12718
20607,9.85085
20608,8.90154
20609,9.15146
20610,8.40822
20611,11.3525
20612,11.7283
20613,8.45114
20614,10.6888
20615,8.67852
20616,8.88076
20617,8.36752
20618,7.49343
20619,8.98798
20620,7.3372
20621,11.6469
20622,8.81157
20623,13.916
20624,9.95829
20625,8.65806
20626,12.9317
20627,8.10258
20628,9.17031
20629,8.8009
20630,12.002
20631,11.05
20632,7.69781
20633,10.0597
20634,11.7515
20635,9.09948
20636,13.2539
20637,10.3227
20638,11.661
20639,8.6739
20640,11.6853
20641,9.97352
20642,8.98195
20643,9.26982
20644,9.49306
20645,9.72896
20646,9.88632
20647,10.3346
20648,8.48641
20649,7.55202
20650,9.18723
20651,9.40857
20652,10.2468
20653,12.7626
20654,12.6898
20655,9.20898
20656,7.33913
20657,10.3509
20658,8.61909
20659,10.2477
20660,9.82677
20661,10.2404
20662,7.62096
20663,12.1339
20664,12.3453
20665,9.74689
20666,11.3531
20667,11.7157
20668,9.26574
20669,10.5988
20670,8.30381
20671,12.7612
20672,10.2772
20673,10.5523
20674,9.42695
20675,9.43538
20676,12.2249
20677,6.36793
20678,11.4409
20679,10.9967
20680,7.1468
20681,9.78829
20682,12.97
20683,10.636
20684,10.9465
20685,7.19972
20686,7.40577
20687,11.9634
20688,12.0604
20689,9.03991
20690,9.14918
20691,7.3342
20692,7.35211
20693,9.21011
20694,8.31578
20695,14.4352
20696,8.77644
20697,12.1377
20698,15.2693
20699,10.3854
20700,7.62064
20701,16.4281
20702,10.9546
20703,13.5045
20704,9.15805
20705,9.35811
20706,9.48032
20707,9.6691
20708,12.5604
20709,9.77408
20710,11.0775
20711,16.6154
20712,11.6862
20713,12.4016
20714,10.7609
20715,13.0011
20716,16.4684
20717,13.8603
20718,10.0008
20719,15.4422
20720,8.77949
20721,11.0829
20722,9.18188
20723,9.40347
20724,16.2325
20725,11.0608
20726,10.0673
20727,7.83108
20728,10.9046
20729,13.9208
20730,9.02547
20731,9.26336
20732,8.32973
20733,12.4476
20734,9.85596
20735,10.1889
20736,10.2659
20737,10.4787
20738,10.5798
20739,11.2067
20740,10.8644
20741,12.1933
20742,10.7855
20743,9.27306
20744,7.97944
20745,10.2837
20746,9.30166
20747,10.9271
20748,7.89227
20749,11.4702
20750,7.17052
20751,10.4455
20752,7.90386
20753,8.51166
20754,8.64268
20755,16.8164
20756,10.2823
20757,10.6949
20758,11.1112
20759,9.50064
20760,15.2959
20761,12.984
20762,9.42901
20763,10.8018
20764,8.85429
20765,11.391
20766,10.8403
20767,9.89386
20768,11.4987
20769,8.05405
20770,9.83847
20771,8.58088
20772,9.73835
20773,10.842
20774,10.8569
20775,10.5838
20776,7.44515
20777,10.5439
20778,9.0018
20779,9.06498
20780,9.10084
20781,10.2683
20782,10.6952
20783,11.1715
20784,12.446
20785,11.634
20786,9.76638
20787,11.612
20788,12.7842
20789,9.98115
20790,7.22086
20791,8.52366
20792,9.64551
20793,15.7066
20794,9.44576
20795,7.66696
20796,10.1721
20797,8.80761
20798,10.816
20799,10.9901
20800,7.03432
20801,10.5514
20802,8.02191
20803,8.46213
20804,7.71036
20805,10.8853
20806,9.1998
20807,10.3407
20808,9.88424
20809,10.2994
20810,8.7528
20811,12.2168
20812,12.5579
20813,16.8075
20814,8.01415
20815,9.12051
20816,9.53211
20817,10.2656
20818,11.3857
20819,6.44119
20820,11.796
20821,6.67917
20822,14.1037
20823,9.69715
20824,8.20731
20825,10.8813
20826,11.0849
20827,14.473
20828,12.4341
20829,6.74353
20830,9.78544
20831,9.62851
20832,10.1187
20833,8.25717
20834,7.75532
20835,9.40133
20836,9.42039
20837,8.94077
20838,10.0122
20839,10.0436
20840,10.3532
20841,7.4084
20842,8.3546
20843,8.40495
20844,8.41338
20845,8.85885
20846,11.9818
20847,13.0145
20848,7.06767
20849,9.5951
20850,10.6059
20851,10.6655
20852,10.0869
20853,10.6419
20854,6.09316
20855,6.78878
20856,14.8376
20857,8.31959
20858,13.8214
20859,8.19459
20860,8.24115
20861,8.85316
20862,8.10942
20863,8.84571
20864,6.9399
20865,12.0937
20866,10.4977
20867,7.0839
20868,9.24831
20869,8.73476
20870,8.95312
20871,11.0711
20872,11.5537
20873,18.0477
20874,11.3323
20875,11.9543
20876,7.42957
20877,8.81211
20878,12.6423
20879,13.7643
20880,12.9792
20881,14.508
20882,9.3482
20883,11.0804
20884,10.4802
20885,9.12525
20886,10.3374
20887,13.4106
20888,9.47202
20889,7.59572
20890,9.96875
20891,6.81693
20892,9.22271
20893,7.4243
20894,10.9065
20895,8.03167
20896,11.0638
20897,9.32809
20898,8.43866
20899,10.7767
20900,10.832
20901,10.8973
20902,9.76229
20903,10.7941
20904,10.341
20905,10.7802
20906,8.77574
20907,11.9024
20908,11.9293
20909,12.1713
20910,12.2417
20911,7.59078
20912,13.1689
20913,9.18115
20914,8.75883
20915,7.60897
20916,10.8902
20917,16.4003
20918,9.60392
20919,7.79406
20920,12.2182
20921,7.35244
20922,9.54297
20923,10.5552
20924,10.5722
20925,8.6104
20926,10.2362
20927,10.2684
20928,11.207
20929,10.4702
20930,6.62189
20931,11.3106
20932,10.4813
20933,7.94332
20934,7.59074
20935,7.89549
20936,7.70374
20937,7.24481
20938,8.85811
20939,11.1361
20940,9.51097
20941,11.0018
20942,11.3618
20943,11.81
20944,8.10629
20945,8.3011
20946,11.3676
20947,9.76788
20948,11.0806
20949,10.6307
20950,6.24033
20951,8.1052
20952,10.3611
20953,8.91499
20954,9.9464
20955,10.1763
20956,10.725
20957,11.8368
20958,10.9171
20959,13.6184
20960,12.5292
20961,10.2496
20962,9.87945
20963,7.05696
20964,9.81546
20965,10.149
20966,13.1999
20967,9.42973
20968,8.78225
20969,11.2506
20970,8.09432
20971,9.67201
20972,14.8452
20973,12.1629
20974,8.54766
20975,10.9375
20976,10.947
20977,11.9949
20978,11.3372
20979,7.66871
20980,9.87171
20981,7.95382
20982,8.76947
20983,10.3528
20984,17.4542
20985,7.97281
20986,7.09957
20987,8.62309
20988,13.0075
20989,6.56146
20990,9.54654
20991,7.88765
20992,7.60638
20993,9.63907
20994,11.8822
20995,10.8215
20996,7.82215
20997,11.0828
20998,7.61165
20999,11.6238
21000,12.9788
21001,11.546
21002,10.5024
21003,9.78431
21004,6.93129
21005,9.24444
21006,8.26764
21007,9.61903
21008,9.0645
21009,8.93848
21010,11.2109
21011,9.59024
21012,10.6453
21013,11.3568
21014,11.3852
21015,14.7997
21016,12.4179
21017,12.9703
21018,7.84142
21019,9.03293
21020,8.44128
21021,9.82251
21022,8.96643
21023,9.98118
21024,8.12984
21025,10.7007
21026,10.0193
21027,10.5675
21028,7.57592
21029,6.03655
21030,11.8111
21031,6.01571
21032,8.22736
21033,12.6477
21034,10.1877
21035,7.73766
21036,10.1371
21037,9.20255
21038,11.3062
21039,14.4215
21040,11.4661
21041,13.8449
21042,9.14772
21043,10.5043
21044,7.34643
21045,13.4527
21046,7.94042
21047,9.04037
21048,7.28584
21049,8.8221
21050,7.88313
21051,8.98275
21052,13.9097
21053,10.2379
21054,12.4455
21055,8.625
21056,9.30787
21057,11.2677
21058,14.2948
21059,10.1264
21060,7.62866
21061,7.38199
21062,8.26787
21063,8.36292
21064,8.87926
21065,8.8262
21066,7.8619
21067,11.3174
21068,11.4153
21069,9.02943
21070,9.56944
21071,9.52563
21072,11.7235
21073,9.66571
21074,11.0602
21075,9.77965
21076,9.81442
21077,9.96504
21078,10.5679
21079,8.7586
21080,7.04116
21081,10.835
21082,6.93022
21083,11.3521
21084,7.53074
21085,7.75591
21086,7.93638
21087,15.9744
21088,8.41777
21089,8.65682
21090,8.77528
21091,9.22672
21092,8.94164
21093,9.02427
21094,10.2254
21095,10.2967
21096,9.43838
21097,8.62195
21098,11.1242
21099,10.2509
21100,11.5971
21101,10.3633
21102,12.9817
21103,11.3427
21104,14.0208
21105,9.66447
21106,10.2175
21107,10.4674
21108,10.4759
21109,14.3282
21110,9.8527
21111,8.46875
21112,6.81642
21113,6.91405
21114,7.32935
21115,7.39054
21116,10.4221
21117,7.81892
21118,11.1331
21119,8.55517
21120,9.9356
21121,8.16974
21122,8.36947
21123,10.1567
21124,10.6694
21125,8.8567
21126,12.7475
21127,9.59257
21128,7.42743
21129,12.0806
21130,9.7563
21131,7.81405
21132,6.8783
21133,8.85469
21134,8.50033
21135,14.7278
21136,8.65652
21137,8.01362
21138,8.11101
21139,8.56317
21140,12.5716
21141,10.956
21142,11.5409
21143,10.6006
21144,11.0728
21145,11.8545
21146,10.1796
21147,7.77697
21148,13.1657
21149,12.1746
21150,8.25261
21151,13.261
21152,11.3298
21153,8.35885
21154,10.4815
21155,9.64972
21156,9.93663
21157,14.9303
21158,9.20839
21159,10.3634
21160,8.13698
21161,9.37297
21162,11.7011
21163,7.12224
21164,7.55564
21165,10.6326
21166,10.8123
21167,9.12389
21168,12.5473
21169,8.56034
21170,13.7473
21171,9.61605
21172,10.7953
21173,11.1733
21174,12.3118
21175,12.3362
21176,11.8345
21177,9.29473
21178,6.91944
21179,10.0807
21180,10.2281
21181,7.45402
21182,9.59621
21183,8.18534
21184,10.9811
21185,7.18392
21186,7.75923
21187,10.9582
21188,9.97165
21189,16.3015
21190,8.4845
21191,12.7793
21192,10.8261
21193,12.6447
21194,8.88001
21195,12.745
21196,13.1391
21197,15.7673
21198,10.8511
21199,14.0873
21200,9.03121
21201,7.07803
21202,9.38163
21203,11.1902
21204,12.6058
21205,10.4421
21206,10.6082
21207,8.73042
21208,9.14747
21209,9.28326
21210,9.31306
21211,9.40292
21212,9.86691
21213,11.1081
21214,13.57
21215,9.94234
21216,7.35142
21217,9.66951
21218,6.95901
21219,7.85948
21220,10.8931
21221,8.90156
21222,9.10745
21223,12.1353
21224,13.2684
21225,10.7184
21226,11.8279
21227,10.9878
21228,11.204
21229,12.521
21230,11.8861
21231,13.726
21232,9.3447
21233,9.40639
21234,8.146
21235,8.07433
21236,9.24253
21237,10.8891
21238,9.93215
21239,9.27601
21240,9.91488
21241,10.0562
21242,7.59135
21243,6.58876
21244,9.33367
21245,8.43842
21246,8.94575
21247,9.00244
21248,10.3529
21249,11.7608
21250,9.9249
21251,10.4288
21252,8.34685
21253,11.5728
21254,8.6247
21255,8.85736
21256,8.64664
21257,8.53738
21258,11.2371
21259,6.9619
21260,10.3199
21261,10.3687
21262,9.60821
21263,8.79234
21264,9.82307
21265,6.91442
21266,16.0023
21267,11.2447
21268,11.3903
21269,9.51319
21270,9.7558
21271,9.77374
21272,9.48863
21273,8.79296
21274,8.81728
21275,8.9288
21276,6.36706
21277,11.5107
21278,8.97455
21279,9.05617
21280,15.7017
21281,9.92263
21282,11.9867
21283,8.51551
21284,12.6211
21285,13.8542
21286,13.2707
21287,10.712
21288,10.0107
21289,9.13807
21290,9.39215
21291,9.61534
21292,10.2401
21293,10.4359
21294,12.5147
21295,9.4104
21296,12.5556
21297,12.0851
21298,13.0935
21299,8.95099
21300,6.21393
21301,9.46598
21302,8.66047
21303,14.5569
21304,11.4163
21305,6.42521
21306,12.0366
21307,11.045
21308,8.55016
21309,8.72085
21310,14.1377
21311,8.30135
21312,11.4811
21313,9.82536
21314,12.2619
21315,10.6662
21316,8.08261
21317,8.19036
21318,11.3619
21319,9.4531
21320,8.4843
21321,9.05492
21322,9.12103
21323,9.65464
21324,8.86029
21325,11.9726
21326,10.7421
21327,7.32162
21328,10.4561
21329,12.6515
21330,12.6029
21331,7.22063
21332,9.75177
21333,12.9186
21334,7.61746
21335,10.9295
21336,8.83628
21337,10.9077
21338,10.2286
21339,10.4554
21340,8.56923
21341,9.7372
21342,9.09253
21343,12.1642
21344,9.19412
21345,8.19816
21346,8.40549
21347,8.70904
21348,7.90149
21349,10.0395
21350,6.39708
21351,8.61127
21352,9.89047
21353,13.3054
21354,10.4075
21355,14.2406
21356,12.3139
21357,8.19919
21358,8.26075
21359,8.5472
21360,9.62477
21361,9.17796
21362,9.65535
21363,10.3689
21364,9.85113
21365,11.8861
21366,11.3647
21367,8.38245
21368,11.4819
21369,10.9516
21370,12.441
21371,12.5387
21372,12.7412
21373,12.7496
21374,6.60007
21375,6.75927
21376,8.43253
21377,8.58302
21378,8.92157
21379,10.1101
21380,10.9015
21381,9.2597
21382,10.6541
21383,12.3842
21384,12.2499
21385,13.5985
21386,9.13343
21387,11.1443
21388,7.7764
21389,9.10061
21390,9.38097
21391,13.5479
21392,7.5768
21393,10.62
21394,9.95777
21395,9.42788
21396,11.2543
21397,9.44527
21398,9.83244
21399,5.57885
21400,9.10079
21401,10.5286
21402,9.96093
21403,7.07606
21404,8.23053
21405,7.82936
21406,7.86669
21407,6.47427
21408,11.96
21409,10.2415
21410,11.865
21411,10.4921
21412,11.5224
21413,5.97478
21414,9.81696
21415,7.38249
21416,10.9261
21417,11.9523
21418,7.97264
21419,8.59924
21420,6.79186
21421,6.90209
21422,8.91304
21423,10.969
21424,7.40657
21425,6.51174
21426,9.64096
21427,12.1465
21428,12.6299
21429,7.95326
21430,11.1949
21431,11.9092
21432,10.1663
21433,11.192
21434,8.50753
21435,8.9586
21436,10.967
21437,12.0377
21438,9.30368
21439,6.65569
21440,12.6912
21441,10.1426
21442,10.6264
21443,12.2312
21444,10.6648
21445,11.6807
21446,12.1707
21447,8.85816
21448,7.86228
21449,10.5674
21450,10.7619
21451,11.4713
21452,11.8054
21453,11.8254
21454,8.47608
21455,12.0832
21456,14.4381
21457,9.66186
21458,9.54193
21459,10.0516
21460,8.06775
21461,8.45637
21462,7.79683
21463,10.2296
21464,10.4557
21465,9.77525
21466,11.7965
21467,11.1316
21468,6.55391
21469,10.3633
21470,8.4592
21471,11.5721
21472,10.7177
21473,10.7738
21474,10.8002
21475,9.08731
21476,9.25358
21477,12.4989
21478,11.5957
21479,9.66444
21480,11.7965
21481,11.849
21482,12.0898
21483,8.89417
21484,8.27648
21485,11.4201
21486,12.9691
21487,13.1138
21488,12.1526
21489,10.2114
21490,12.3345
21491,9.35159
21492,10.36
21493,11.953
21494,10.4161
21495,10.9171
21496,10.9945
21497,10.3351
21498,7.17813
21499,6.08266
21500,7.45549
21501,15.7031
21502,9.19073
21503,9.45695
21504,9.66329
21505,9.89899
21506,8.27005
21507,6.36716
21508,10.4899
21509,11.435
21510,12.243
21511,8.28886
21512,12.4751
21513,12.9812
21514,10.4682
21515,9.56872
21516,13.1715
21517,8.38879
21518,7.39865
21519,12.8124
21520,10.2881
21521,11.7709
21522,9.40245
21523,9.63097
21524,8.61534
21525,9.29377
21526,10.1442
21527,10.4139
21528,8.85701
21529,11.5894
21530,7.07896
21531,10.1749
21532,9.53965
21533,7.58251
21534,9.63936
21535,10.3214
21536,10.9366
21537,9.89564
21538,9.24748
21539,11.4766
21540,10.2404
21541,7.53205
21542,15.3394
21543,8.96707
21544,14.1329
21545,9.60515
21546,8.74372
21547,11.9519
21548,9.69001
21549,12.6984
21550,10.7845
21551,10.0505
21552,14.1895
21553,10.8557
21554,8.40063
21555,15.4105
21556,13.7164
21557,10.8832
21558,8.90747
21559,10.6959
21560,5.64572
21561,9.78104
21562,11.8768
21563,9.03752
21564,9.51213
21565,10.6594
21566,9.82356
21567,7.87577
21568,9.89065
21569,10.0836
21570,8.30655
21571,9.4844
21572,9.73595
21573,8.10226
21574,10.1107
21575,9.7912
21576,11.1107
21577,10.1675
21578,10.5159
21579,8.88785
21580,11.4499
21581,15.6084
21582,14.1639
21583,10.6144
21584,8.74292
21585,13.172
21586,10.5145
21587,13.7525
21588,8.13897
21589,7.68445
21590,13.4763
21591,10.1984
21592,10.2388
21593,12.6361
21594,13.8021
21595,11.22
21596,11.384
21597,13.7874
21598,11.9055
21599,12.2619
21600,7.31151
21601,10.5067
21602,8.52066
21603,9.50942
21604,9.54212
21605,7.5867
21606,12.8415
21607,12.2255
21608,11.0295
21609,6.46884
21610,7.56926
21611,8.60172
21612,8.70525
21613,7.59306
21614,14.6239
21615,10.0225
21616,10.0818
21617,9.44494
21618,12.1299
21619,11.2342
21620,11.6758
21621,8.36664
21622,8.77247
21623,8.92293
21624,10.9934
21625,9.62348
21626,8.82043
21627,9.99305
21628,7.1518
21629,12.1861
21630,9.24321
21631,8.62626
21632,10.2737
21633,10.5666
21634,10.1591
21635,10.6538
21636,10.6622
21637,13.7644
21638,11.0268
21639,10.0432
21640,14.1725
21641,5.81034
21642,14.9332
21643,6.23405
21644,8.48945
21645,8.63831
21646,8.7223
21647,8.93736
21648,10.9505
21649,10.6018
21650,8.42989
21651,8.3911
21652,8.48714
21653,7.83329
21654,8.22689
21655,7.46432
21656,10.7943
21657,13.8028
21658,6.84139
21659,8.41158
21660,9.13022
21661,11.5019
21662,9.65427
21663,9.73059
21664,11.0845
21665,10.9096
21666,10.9688
21667,11.0899
21668,8.11457
21669,12.2569
21670,9.10125
21671,6.17557
21672,7.97331
21673,9.38812
21674,7.88765
21675,11.3434
21676,14.2078
21677,15.7691
21678,7.03895
21679,13.6034
21680,14.0032
21681,11.0518
21682,10.2623
21683,13.2834
21684,8.93607
21685,8.05932
21686,6.85576
21687,8.8669
21688,7.90834
21689,9.91496
21690,10.0396
21691,11.7334
21692,6.92997
21693,8.83873
21694,8.00999
21695,6.27558
21696,13.1918
21697,11.2751
21698,10.4135
21699,10.6303
21700,9.73452
21701,8.07195
21702,6.83311
21703,11.3609
21704,7.47094
21705,8.09613
21706,12.517
21707,14.6356
21708,11.4317
21709,9.94054
21710,10.5394
21711,10.6271
21712,8.91644
21713,10.4717
21714,9.09437
21715,12.7855
21716,9.76042
21717,9.77159
21718,11.8333
21719,8.88031
21720,9.13393
21721,11.5699
21722,10.812
21723,8.61191
21724,12.1344
21725,9.5821
21726,11.7243
21727,12.9882
21728,12.0957
21729,12.6019
21730,10.8112
21731,11.2605
21732,13.8839
21733,8.02247
21734,10.8547
21735,9.80402
21736,8.57086
21737,7.21482
21738,8.62682
21739,9.74592
21740,9.96434
21741,9.39156
21742,10.7297
21743,10.177
21744,12.2821
21745,9.29057
21746,11.9814
21747,8.15034
21748,13.3389
21749,8.74907
21750,8.11764
21751,14.179
21752,6.85273
21753,10.3393
21754,11.8872
21755,11.3725
21756,9.82774
21757,11.8947
21758,9.9444
21759,10.5713
21760,10.786
21761,9.95163
21762,10.5821
21763,10.4099
21764,10.2789
21765,12.7521
21766,12.8624
21767,6.44802
21768,7.97691
21769,10.125
21770,9.39514
21771,9.5776
21772,9.68487
21773,9.71927
21774,8.42106
21775,11.5542
21776,9.90539
21777,12.2902
21778,8.69864
21779,10.0885
21780,14.1767
21781,8.15263
21782,15.3358
21783,8.98427
21784,14.2965
21785,9.72746
21786,9.76115
21787,7.96128
21788,10.3306
21789,8.63562
21790,8.85622
21791,13.8801
21792,10.4695
21793,11.8568
21794,7.86626
21795,8.0895
21796,9.13207
21797,8.28374
21798,10.3513
21799,11.8476
21800,7.86307
21801,8.28502
21802,14.2935
21803,10.3483
21804,8.41757
21805,8.81026
21806,10.851
21807,8.94691
21808,10.9553
21809,8.15186
21810,9.51887
21811,12.2772
21812,9.03309
21813,7.93303
21814,6.83534
21815,10.507
21816,14.6623
21817,7.99346
21818,9.10827
21819,11.1739
21820,8.99251
21821,8.68212
21822,8.89029
21823,9.02182
21824,8.04163
21825,14.5484
21826,9.79284
21827,10.1165
21828,10.6469
21829,10.9006
21830,9.909
21831,11.1433
21832,10.2878
21833,13.6575
21834,10.5639
21835,8.46537
21836,11.277
21837,8.23092
21838,10.8535
21839,10.9963
21840,9.11993
21841,11.3895
21842,11.428
21843,11.1744
21844,11.1839
21845,10.5335
21846,14.0249
21847,9.20665
21848,11.2586
21849,10.7087
21850,11.0079
21851,8.0607
21852,11.8971
21853,12.4507
21854,12.5571
21855,8.81896
21856,11.0967
21857,9.37014
21858,9.55205
21859,8.60302
21860,10.8305
21861,10.2038
21862,10.3806
21863,10.8982
21864,12.2397
21865,12.5455
21866,6.62491
21867,12.878
21868,7.82118
21869,10.3216
21870,10.5979
21871,8.32896
21872,8.38008
21873,12.5623
21874,12.188
21875,9.19647
21876,7.57586
21877,9.82424
21878,8.00493
21879,8.62455
21880,8.68563
21881,8.95752
21882,9.11524
21883,9.40808
21884,9.42509
21885,10.0783
21886,10.4719
21887,9.69575
21888,10.711
21889,15.7194
21890,8.74999
21891,9.96948
21892,11.0968
21893,12.0386
21894,8.19411
21895,8.23632
21896,13.5649
21897,9.22945
21898,11.7668
21899,7.96912
21900,7.68974
21901,10.75
21902,8.79688
21903,10.1818
21904,8.76209
21905,8.80076
21906,6.43611
21907,10.4741
21908,10.6446
21909,7.84377
21910,11.131
21911,8.2345
21912,8.55486
21913,9.61477
21914,8.85674
21915,12.4218
21916,9.48233
21917,9.49076
21918,13.129
21919,8.23039
21920,10.5341
21921,8.5932
21922,10.7808
21923,8.90287
21924,11.3229
21925,7.32236
21926,10.504
21927,10.0103
21928,9.05926
21929,10.2619
21930,7.56889
21931,8.87377
21932,8.97832
21933,9.71768
21934,6.80571
21935,11.1252
21936,11.4928
21937,11.6036
21938,11.7531
21939,11.6849
21940,12.8706
21941,13.0077
21942,14.0952
21943,14.6203
21944,15.0028
21945,12.2021
21946,13.3945
21947,12.4535
21948,7.39511
21949,10.3268
21950,8.1921
21951,7.99266
21952,15.0068
21953,10.8037
21954,12.8262
21955,10.1288
21956,7.21232
21957,12.7916
21958,8.16129
21959,9.69766
21960,8.76315
21961,11.4092
21962,6.50751
21963,12.6485
21964,11.3065
21965,10.7222
21966,12.7351
21967,8.75192
21968,11.9694
21969,9.68793
21970,9.73453
21971,10.6468
21972,8.69651
21973,14.7737
21974,9.91097
21975,9.07978
21976,10.7445
21977,10.1347
21978,14.3456
21979,11.4354
21980,13.9917
21981,8.06297
21982,12.6438
21983,8.43618
21984,10.3604
21985,7.91176
21986,8.70679
21987,6.58032
21988,8.06376
21989,11.3159
21990,7.82159
21991,7.84571
21992,8.2272
21993,8.28301
21994,8.68231
21995,8.87051
21996,8.4071
21997,9.48482
21998,9.84782
21999,12.042
22000,9.48343
22001,10.3788
22002,11.4925
22003,12.6824
22004,10.6908
22005,11.402
22006,6.49256
22007,11.6424
22008,12.7504
22009,7.82708
22010,11.9024
22011,8.17373
22012,9.21898
22013,8.4012
22014,9.40963
22015,13.4517
22016,9.58221
22017,9.64058
22018,9.32496
22019,8.59574
22020,10.9344
22021,10.9785
22022,11.0757
22023,11.1897
22024,11.1981
22025,10.2467
22026,11.4458
22027,12.3123
22028,12.4152
22029,12.473
22030,10.7251
22031,10.8823
22032,12.9693
22033,7.97663
22034,7.93802
22035,9.12422
22036,10.2009
22037,9.94285
22038,10.8023
22039,8.89635
22040,8.90479
22041,9.01492
22042,9.55677
22043,8.74661
22044,8.95171
22045,6.3605
22046,10.3689
22047,10.9563
22048,10.0379
22049,7.42795
22050,7.49685
22051,8.59641
22052,11.8049
22053,12.8134
22054,12.3685
22055,8.54503
22056,9.65398
22057,10.9979
22058,8.02074
22059,10.6716
22060,11.8931
22061,9.39797
22062,9.4458
22063,9.46408
22064,6.72247
22065,6.34466
22066,5.40436
22067,7.46486
22068,7.52883
22069,8.5169
22070,8.80075
22071,9.68606
22072,8.84696
22073,8.74695
22074,7.03328
22075,10.3403
22076,7.59806
22077,7.1205
22078,9.31023
22079,8.79706
22080,15.7762
22081,11.2914
22082,12.8484
22083,7.6214
22084,9.79923
22085,7.36188
22086,10.4124
22087,7.51205
22088,7.8938
22089,7.41899
22090,8.06368
22091,10.2563
22092,8.31248
22093,9.55076
22094,9.39753
22095,8.80754
22096,9.20668
22097,9.64431
22098,11.5928
22099,10.6386
22100,10.7145
22101,7.84862
22102,9.39896
22103,9.51426
22104,6.58328
22105,8.55364
22106,11.9207
22107,8.84419
22108,8.72754
22109,10.1568
22110,8.76833
22111,9.27612
22112,7.60613
22113,10.6412
22114,10.9113
22115,8.68902
22116,11.7363
22117,8.78703
22118,12.9675
22119,8.48043
22120,10.8066
22121,18.6223
22122,11.95
22123,8.18559
22124,8.3092
22125,7.18266
22126,9.64109
22127,9.65153
22128,9.68085
22129,9.76985
22130,11.8196
22131,12.1847
22132,8.80846
22133,8.43324
22134,8.53099
22135,7.1998
22136,12.2082
22137,10.4851
22138,7.802
22139,8.87218
22140,15.1106
22141,10.2955
22142,15.7891
22143,9.40346
22144,10.5118
22145,11.7229
22146,16.2924
22147,12.3996
22148,10.5776
22149,11.3696
22150,8.03406
22151,7.55347
22152,9.74487
22153,9.09433
22154,8.18944
22155,8.55533
22156,8.66287
22157,8.67398
22158,9.7694
22159,9.53765
22160,8.58568
22161,10.1217
22162,11.7419
22163,8.11685
22164,12.9946
22165,10.0863
22166,9.16202
22167,7.43646
22168,8.61712
22169,7.90914
22170,8.12857
22171,8.5658
22172,9.97501
22173,10.2669
22174,12.5232
22175,17.5089
22176,10.0967
22177,15.1412
22178,12.05
22179,10.3078
22180,11.334
22181,11.9324
22182,8.47397
22183,15.6825
22184,10.7791
22185,9.80415
22186,11.048
22187,11.6365
22188,11.7537
22189,9.70086
22190,14.6073
22191,8.29513
22192,10.7437
22193,8.83849
22194,9.14854
22195,14.0337
22196,10.0623
22197,11.234
22198,8.25502
22199,6.61523
22200,6.778
22201,11.7737
22202,11.0837
22203,8.87103
22204,9.43427
22205,10.6988
22206,8.84956
22207,9.89932
22208,9.77216
22209,10.5071
22210,12.6761
22211,10.1965
22212,8.63053
22213,6.72955
22214,11.1271
22215,7.87451
22216,6.90038
22217,9.99962
22218,8.05479
22219,10.6048
22220,12.2638
22221,10.5537
22222,7.88054
22223,10.667
22224,9.74883
22225,9.87923
22226,11.4424
22227,14.4554
22228,8.68818
22229,10.6984
22230,9.10033
22231,10.1117
22232,11.1453
22233,8.1553
22234,10.7639
22235,8.15422
22236,10.3736
22237,10.0334
22238,8.45174
22239,10.0565
22240,6.223
22241,8.40715
22242,9.64105
22243,8.64948
22244,8.69527
22245,8.7037
22246,9.78878
22247,8.86089
22248,11.228
22249,9.80749
22250,9.18087
22251,8.63155
22252,10.9844
22253,11.1073
22254,9.20583
22255,11.2608
22256,10.2692
22257,13.4563
22258,10.8704
22259,9.29998
22260,7.93747
22261,15.0316
22262,7.10007
22263,9.30447
22264,9.77202
22265,9.95592
22266,10.2839
22267,11.5001
22268,11.6831
22269,11.3581
22270,9.54552
22271,5.83232
22272,7.16117
22273,11.5928
22274,8.67746
22275,8.2743
22276,9.31582
22277,13.6279
22278,7.58376
22279,7.48412
22280,8.53736
22281,11.8832
22282,9.62843
22283,8.97015
22284,12.3734
22285,8.74809
22286,10.6037
22287,11.0354
22288,8.69923
22289,8.97198
22290,11.146
22291,8.92845
22292,9.09193
22293,15.522
22294,11.0358
22295,8.06262
22296,8.77749
22297,7.6567
22298,7.61832
22299,15.0041
22300,9.24248
22301,9.52127
22302,13.8556
22303,11.194
22304,12.7698
22305,8.43713
22306,9.81378
22307,11.4369
22308,7.56731
22309,9.13954
22310,11.1031
22311,11.1549
22312,10.1633
22313,8.31204
22314,11.7757
22315,11.7034
22316,12.0166
22317,12.1902
22318,6.3084
22319,8.71031
22320,7.71874
22321,10.9412
22322,14.0455
22323,14.3598
22324,8.46019
22325,9.49232
22326,9.16678
22327,10.3396
22328,6.35297
22329,10.0544
22330,7.34331
22331,7.62746
22332,12.1561
22333,8.57561
22334,9.04358
22335,8.80998
22336,11.8482
22337,10.7709
22338,10.0279
22339,9.16872
22340,15.2496
22341,11.7234
22342,9.17611
22343,6.09127
22344,12.1074
22345,8.54716
22346,10.2225
22347,13.3505
22348,9.99489
22349,8.54236
22350,8.55079
22351,10.9173
22352,9.4032
22353,11.5767
22354,12.6015
22355,8.94124
22356,9.01349
22357,9.4209
22358,6.54126
22359,10.3132
22360,11.677
22361,10.9165
22362,10.6797
22363,10.1194
22364,7.36428
22365,11.604
22366,7.73383
22367,13.793
22368,7.97401
22369,9.25859
22370,9.4019
22371,8.91649
22372,9.02537
22373,9.17692
22374,10.4146
22375,8.42361
22376,7.65871
22377,10.7779
22378,8.65976
22379,10.8146
22380,8.8537
22381,11.6653
22382,10.2791
22383,9.37198
22384,10.2435
22385,8.04129
22386,9.06786
22387,10.6128
22388,7.98989
22389,10.7294
22390,7.83032
22391,8.19213
22392,6.75211
22393,6.26659
22394,7.54884
22395,7.11595
22396,11.1643
22397,12.2471
22398,8.5138
22399,9.91201
22400,9.26804
22401,12.3259
22402,10.8002
22403,8.07642
22404,11.1292
22405,10.4571
22406,10.8314
22407,6.76767
22408,11.9165
22409,11.9479
22410,8.44818
22411,9.63994
22412,10.047
22413,8.74231
22414,11.1988
22415,8.36252
22416,9.45367
22417,6.89931
22418,12.3705
22419,9.11209
22420,13.4223
22421,10.4566
22422,9.40501
22423,11.4715
22424,8.38317
22425,8.53852
22426,12.6951
22427,9.33367
22428,7.08259
22429,11.13
22430,10.1745
22431,11.2244
22432,10.6719
22433,11.0341
22434,11.5955
22435,7.63015
22436,11.876
22437,9.96609
22438,10.1292
22439,12.1388
22440,12.2753
22441,10.6389
22442,10.9837
22443,11.5758
22444,10.8606
22445,14.0897
22446,15.3717
22447,12.4838
22448,8.63266
22449,11.6697
22450,7.23095
22451,13.5505
22452,9.99669
22453,11.2358
22454,16.7135
22455,7.09668
22456,9.35713
22457,9.9014
22458,9.43631
22459,7.43996
22460,6.56643
22461,10.0089
22462,8.1143
22463,10.3317
22464,11.3894
22465,10.4386
22466,10.481
22467,9.68297
22468,9.75863
22469,10.2894
22470,10.7456
22471,8.82475
22472,9.04419
22473,11.3964
22474,12.0122
22475,10.2355
22476,12.3271
22477,10.6805
22478,8.76895
22479,15.8268
22480,11.8103
22481,7.00373
22482,9.91471
22483,13.4547
22484,9.98583
22485,10.4696
22486,13.619
22487,8.74912
22488,12.4027
22489,12.4145
22490,12.4339
22491,9.82027
22492,10.667
22493,8.37445
22494,12.5912
22495,15.415
22496,8.92126
22497,7.70964
22498,9.26297
22499,9.89056
22500,10.956
22501,11.8
22502,8.82117
22503,9.59478
22504,7.75031
22505,10.8545
22506,12.8641
22507,11.3408
22508,9.071
22509,10.0853
22510,10.1222
22511,11.8644
22512,9.18157
22513,12.6859
22514,7.98396
22515,9.6972
22516,9.29121
22517,10.4486
22518,9.61455
22519,10.9639
22520,9.09225
22521,14.3198
22522,10.5953
22523,13.0174
22524,15.1583
22525,5.68425
22526,9.93763
22527,7.44804
22528,11.9204
22529,9.95683
22530,8.16883
22531,8.92663
22532,13.9432
22533,9.56702
22534,9.78161
22535,12.4831
22536,8.75858
22537,10.8339
22538,7.67024
22539,8.33018
22540,8.67635
22541,11.144
22542,9.75055
22543,12.7593
22544,11.1352
22545,10.7838
22546,14.19
22547,13.8473
22548,15.715
22549,9.7726
22550,14.8677
22551,11.1803
22552,10.2045
22553,10.4576
22554,12.2037
22555,9.72251
22556,12.8425
22557,7.92668
22558,11.45
22559,8.83749
22560,12.0214
22561,15.9661
22562,9.11078
22563,9.53069
22564,9.25905
22565,12.7731
22566,7.98716
22567,8.74094
22568,8.90945
22569,8.94711
22570,10.0856
22571,9.51423
22572,8.59031
22573,7.70067
22574,7.7264
22575,10.2215
22576,10.6056
22577,11.0313
22578,11.3766
22579,8.39976
22580,11.6241
22581,11.9279
22582,10.9993
22583,10.6175
22584,8.13283
22585,11.8573
22586,13.0731
22587,9.0815
22588,12.1518
22589,10.2608
22590,6.74586
22591,12.0286
22592,9.72045
22593,7.00638
22594,10.6877
22595,14.1576
22596,9.23969
22597,12.5164
22598,6.84505
22599,10.3876
22600,9.59752
22601,10.6756
22602,10.9437
22603,8.49858
22604,8.88528
22605,7.63858
22606,7.15857
22607,11.1802
22608,11.1349
22609,7.56951
22610,9.41912
22611,8.77641
22612,11.0582
22613,11.1673
22614,7.81253
22615,8.19725
22616,7.6466
22617,12.4155
22618,9.53737
22619,14.6397
22620,14.1186
22621,12.1339
22622,9.26658
22623,9.14844
22624,14.8702
22625,8.20373
22626,15.6313
22627,7.68959
22628,9.84287
22629,9.39646
22630,9.46961
22631,13.1004
22632,10.9171
22633,13.9426
22634,11.3104
22635,11.9942
22636,7.46729
22637,9.39486
22638,8.49937
22639,14.6591
22640,7.79946
22641,7.07458
22642,7.71045
22643,11.7554
22644,8.77704
22645,9.88181
22646,11.7286
22647,13.0247
22648,6.5244
22649,9.3087
22650,10.3296
22651,7.48042
22652,13.0315
22653,13.2486
22654,9.32025
22655,7.50437
22656,9.63905
22657,9.92551
22658,8.44536
22659,6.58185
22660,9.04949
22661,8.14689
22662,8.67261
22663,12.5443
22664,11.3699
22665,8.0705
22666,11.2056
22667,10.2282
22668,10.3206
22669,10.9037
22670,6.34616
22671,8.17649
22672,10.2597
22673,10.3731
22674,10.6574
22675,11.8414
22676,11.3126
22677,10.3928
22678,8.77036
22679,11.9755
22680,13.2492
22681,7.66099
22682,9.96938
22683,10.7387
22684,8.85736
22685,8.36877
22686,7.77552
22687,7.85888
22688,8.82272
22689,7.3724
22690,9.21618
22691,9.33249
22692,11.3409
22693,9.5936
22694,13.3259
22695,12.4635
22696,11.3478
22697,11.8021
22698,10.1006
22699,7.55063
22700,7.92289
22701,8.04466
22702,9.55529
22703,11.7212
22704,9.95574
22705,12.7327
22706,7.01459
22707,7.1212
22708,9.96057
22709,7.35848
22710,9.55161
22711,7.73095
22712,11.7962
22713,10.4366
22714,12.5594
22715,12.0098
22716,7.81682
22717,11.0326
22718,9.48304
22719,11.3046
22720,11.9718
22721,10.0259
22722,10.2001
22723,10.6015
22724,10.5645
22725,8.47043
22726,8.79278
22727,9.46903
22728,7.53011
22729,8.57344
22730,11.9656
22731,9.12854
22732,11.571
22733,11.626
22734,8.9511
22735,12.0151
22736,9.12469
22737,12.1885
22738,8.5973
22739,7.7313
22740,8.93377
22741,10.8632
22742,6.2228
22743,7.32784
22744,11.3666
22745,10.4573
22746,9.47778
22747,10.2622
22748,9.83413
22749,10.0835
22750,16.4769
22751,6.48289
22752,6.78722
22753,7.73145
22754,11.1769
22755,8.99676
22756,9.90716
22757,9.95428
22758,10.9294
22759,9.1453
22760,12.1035
22761,7.15794
22762,13.242
22763,6.05603
22764,11.2361
22765,8.27044
22766,11.7883
22767,9.19232
22768,8.42178
22769,8.64717
22770,8.75269
22771,9.36337
22772,8.52861
22773,6.54685
22774,11.6076
22775,10.3459
22776,10.1274
22777,12.5632
22778,10.0312
22779,10.095
22780,7.5486
22781,11.4117
22782,9.53232
22783,10.7855
22784,8.81788
22785,9.37239
22786,10.4052
22787,14.3763
22788,9.47043
22789,10.0533
22790,10.49
22791,6.02519
22792,11.8402
22793,8.29462
22794,9.09094
22795,9.33968
22796,7.36913
22797,8.68728
22798,9.71949
22799,10.3112
22800,13.4287
22801,9.09393
22802,10.9159
22803,9.00905
22804,10.5565
22805,6.76062
22806,11.4017
22807,10.4862
22808,10.5417
22809,13.614
22810,8.87232
22811,9.99114
22812,11.5493
22813,13.9468
22814,10.188
22815,8.93298
22816,10.0336
22817,10.047
22818,11.1292
22819,13.3483
22820,12.3707
22821,8.86433
22822,13.7625
22823,6.87143
22824,10.8967
22825,9.85734
22826,9.0787
22827,9.92842
22828,10.937
22829,11.9642
22830,10.9726
22831,9.36264
22832,8.63291
22833,10.0057
22834,8.03354
22835,8.87661
22836,8.98402
22837,9.31966
22838,6.93844
22839,8.81445
22840,6.64635
22841,11.9193
22842,14.2723
22843,9.46531
22844,9.1481
22845,7.41682
22846,13.5403
22847,9.96993
22848,9.32901
22849,10.3236
22850,13.2365
22851,8.25409
22852,11.6759
22853,13.7546
22854,9.39737
22855,7.93631
22856,6.97422
22857,8.72218
22858,8.82037
22859,10.9651
22860,11.549
22861,10.8882
22862,9.84295
22863,10.3567
22864,8.90506
22865,9.40095
22866,8.70444
22867,11.0376
22868,9.52716
22869,11.2407
22870,11.6823
22871,12.9772
22872,9.06694
22873,10.2382
22874,10.8573
22875,11.6169
22876,7.05238
22877,7.63978
22878,9.0487
22879,9.22604
22880,13.9527
22881,10.149
22882,9.09394
22883,11.4824
22884,7.64017
22885,10.8792
22886,8.77535
22887,9.07724
22888,12.0857
22889,10.1601
22890,11.1605
22891,12.5849
22892,8.05938
22893,10.6608
22894,7.92682
22895,16.0315
22896,12.0457
22897,9.48354
22898,13.8618
22899,9.90305
22900,8.75697
22901,7.84365
22902,11.3391
22903,9.98707
22904,10.0709
22905,6.08728
22906,10.9006
22907,8.42094
22908,7.48516
22909,8.83565
22910,8.39976
22911,12.9261
22912,8.50024
22913,9.46543
22914,10.2575
22915,10.5254
22916,7.48588
22917,10.0163
22918,10.4173
22919,11.0618
22920,8.2252
22921,11.0081
22922,9.25689
22923,13.4047
22924,9.68412
22925,10.6633
22926,9.74859
22927,8.84747
22928,10.4573
22929,11.9648
22930,12.415
22931,15.4391
22932,7.50052
22933,9.55211
22934,7.98768
22935,8.33859
22936,8.67388
22937,14.7018
22938,9.75208
22939,10.819
22940,7.56571
22941,11.0674
22942,11.1542
22943,11.4158
22944,11.4827
22945,11.8604
22946,13.012
22947,12.1165
22948,12.1867
22949,8.56321
22950,8.64605
22951,8.89025
22952,15.0902
22953,9.23359
22954,10.7997
22955,8.49062
22956,12.6782
22957,14.3737
22958,7.95059
22959,8.12042
22960,12.8258
22961,10.3475
22962,9.36426
22963,10.092
22964,7.78392
22965,11.4418
22966,9.31098
22967,8.79567
22968,13.5505
22969,7.55897
22970,13.9642
22971,6.44314
22972,9.01406
22973,8.46407
22974,9.16711
22975,11.5518
22976,8.56805
22977,11.5998
22978,12.2551
22979,8.40165
22980,9.88383
22981,9.6181
22982,8.74089
22983,10.4832
22984,6.90918
22985,12.5716
22986,9.29324
22987,9.91079
22988,9.32054
22989,10.7118
22990,9.81844
22991,11.7866
22992,13.4471
22993,9.84386
22994,9.96301
22995,11.6706
22996,9.70864
22997,9.13931
22998,12.1751
22999,9.60966
23000,9.71623
23001,7.23167
23002,10.3968
23003,9.49056
23004,11.661
23005,9.70921
23006,11.3447
23007,12.8133
23008,11.8063
23009,11.926
23010,10.554
23011,12.7409
23012,7.0569
23013,7.29373
23014,7.16681
23015,10.5637
23016,5.61904
23017,7.14812
23018,9.4082
23019,8.69992
23020,8.54571
23021,12.6319
23022,10.6462
23023,8.6797
23024,8.73126
23025,10.8158
23026,9.10106
23027,11.2536
23028,9.37903
23029,11.373
23030,8.75842
23031,11.8672
23032,12.9644
23033,9.04167
23034,12.6285
23035,13.4412
23036,10.8359
23037,8.09256
23038,9.10099
23039,7.9955
23040,8.52068
23041,14.7812
23042,8.12007
23043,8.91089
23044,7.37803
23045,7.72834
23046,8.97922
23047,9.02058
23048,9.21699
23049,8.53313
23050,8.5464
23051,12.6505
23052,9.84278
23053,10.0623
23054,11.1809
23055,8.28724
23056,11.823
23057,14.0679
23058,10.463
23059,8.71921
23060,8.47619
23061,8.80645
23062,6.87723
23063,12.2793
23064,11.465
23065,12.7429
23066,12.8649
23067,7.75664
23068,8.62127
23069,11.7366
23070,9.36638
23071,15.412
23072,10.6842
23073,10.7733
23074,11.1747
23075,13.7536
23076,11.18
23077,8.15373
23078,8.35692
23079,8.83231
23080,15.7682
23081,8.24176
23082,9.09034
23083,9.11891
23084,8.23042
23085,9.46172
23086,9.51777
23087,12.6918
23088,9.71089
23089,6.38552
23090,10.7428
23091,10.9885
23092,14.1505
23093,8.7974
23094,11.843
23095,10.8952
23096,9.13982
23097,8.22385
23098,8.32199
23099,8.37478
23100,13.042
23101,10.9948
23102,11.0032
23103,10.2034
23104,10.3667
23105,7.77194
23106,10.9425
23107,12.0739
23108,10.1884
23109,11.5063
23110,11.6622
23111,16.1459
23112,10.7874
23113,17.1042
23114,11.8663
23115,8.22191
23116,9.5368
23117,7.62637
23118,10.0115
23119,9.3785
23120,10.5593
23121,9.626
23122,12.0713
23123,6.28407
23124,9.37247
23125,10.1774
23126,7.36414
23127,7.81756
23128,11.8538
23129,11.9132
23130,9.17756
23131,12.2306
23132,8.45272
23133,12.8178
23134,9.95385
23135,10.6723
23136,10.8162
23137,9.18642
23138,9.7918
23139,10.8698
23140,8.63877
23141,13.0063
23142,7.18841
23143,9.46923
23144,10.9013
23145,12.6207
23146,9.32852
23147,11.1983
23148,10.3919
23149,10.5673
23150,7.85806
23151,8.72983
23152,8.84055
23153,13.4828
23154,12.546
23155,9.09586
23156,9.12813
23157,9.79923
23158,10.3666
23159,10.6489
23160,8.68815
23161,13.0268
23162,9.10557
23163,9.26057
23164,15.6302
23165,9.51136
23166,9.5409
23167,10.6295
23168,8.64742
23169,13.2482
23170,6.45636
23171,7.75344
23172,8.85893
23173,11.3592
23174,9.73613
23175,9.21639
23176,10.2248
23177,10.3131
23178,9.3215
23179,10.446
23180,10.4914
23181,11.6689
23182,12.392
23183,11.8556
23184,6.95873
23185,10.4192
23186,13.4802
23187,10.0368
23188,13.2128
23189,10.5845
23190,12.7516
23191,11.2813
23192,9.42686
23193,11.3903
23194,9.57504
23195,11.7821
23196,11.0339
23197,10.0757
23198,10.4251
23199,14.8846
23200,11.179
23201,9.54431
23202,10.8587
23203,9.54142
23204,9.67534
23205,11.9665
23206,8.60775
23207,12.7153
23208,11.7778
23209,12.81
23210,8.43249
23211,5.58281
23212,9.86303
23213,13.7764
23214,10.379
23215,8.97896
23216,10.7919
23217,11.7481
23218,10.9404
23219,10.8223
23220,8.14095
23221,9.56081
23222,9.04015
23223,9.09378
23224,9.78693
23225,10.5733
23226,10.8708
23227,11.1569
23228,7.86176
23229,8.22076
23230,11.7714
23231,8.04962
23232,9.68123
23233,10.0832
23234,11.7845
23235,15.1224
23236,9.19919
23237,12.6248
23238,11.4143
23239,6.80423
23240,7.54476
23241,11.0704
23242,9.39995
23243,10.4983
23244,11.8699
23245,7.4701
23246,10.0413
23247,9.22914
23248,10.0087
23249,14.1041
23250,10.5376
23251,9.56529
23252,8.4051
23253,8.41408
23254,10.6932
23255,10.723
23256,8.58455
23257,11.1344
23258,13.1148
23259,7.93993
23260,8.79994
23261,9.49416
23262,9.50259
23263,9.51103
23264,9.93167
23265,9.80244
23266,12.4607
23267,7.63171
23268,7.84089
23269,9.06484
23270,11.0553
23271,10.3535
23272,7.61681
23273,12.2266
23274,9.07594
23275,9.9507
23276,10.2529
23277,8.54955
23278,8.63945
23279,10.007
23280,10.5281
23281,12.5365
23282,9.59425
23283,10.1606
23284,13.2851
23285,9.31676
23286,11.879
23287,7.38864
23288,13.0176
23289,13.9279
23290,9.06862
23291,11.8431
23292,10.1188
23293,8.08788
23294,8.44146
23295,7.53981
23296,9.12872
23297,8.77613
23298,9.32278
23299,10.2125
23300,10.3513
23301,10.5865
23302,9.72028
23303,11.349
23304,10.5803
23305,10.928
23306,15.5873
23307,12.642
23308,12.6742
23309,12.9662
23310,8.02965
23311,13.1135
23312,8.15166
23313,10.3648
23314,11.1206
23315,12.3041
23316,11.1133
23317,7.76177
23318,8.94245
23319,10.2869
23320,9.55065
23321,9.62067
23322,10.2914
23323,10.0761
23324,11.1531
23325,12.3474
23326,12.3579
23327,7.39567
23328,7.27568
23329,14.4977
23330,13.8635
23331,9.98795
23332,10.4963
23333,6.7156
23334,12.3305
23335,10.6148
23336,10.6737
23337,10.8889
23338,10.7115
23339,12.2117
23340,14.4223
23341,7.51269
23342,12.7975
23343,8.14707
23344,13.1935
23345,9.51184
23346,9.56632
23347,9.71542
23348,9.9763
23349,11.1882
23350,10.2686
23351,11.7137
23352,9.06439
23353,8.25355
23354,13.1625
23355,13.2028
23356,13.2593
23357,9.68479
23358,13.7884
23359,11.5832
23360,10.7487
23361,11.4246
23362,13.0966
23363,10.2942
23364,12.6866
23365,13.1267
23366,6.03866
23367,12.2245
23368,9.14385
23369,9.69909
23370,10.1246
23371,8.25493
23372,8.59103
23373,10.3613
23374,6.77408
23375,8.8337
23376,9.13824
23377,10.2095
23378,10.7931
23379,11.2814
23380,11.497
23381,11.8321
23382,12.6481
23383,12.83
23384,10.3398
23385,10.9054
23386,8.00418
23387,6.53705
23388,12.7854
23389,8.80464
23390,8.91084
23391,13.3941
23392,10.4155
23393,12.6473
23394,6.926
23395,13.2418
23396,11.4864
23397,11.6052
23398,9.71126
23399,12.789
23400,12.9966
23401,12.0846
23402,9.26547
23403,14.2504
23404,11.0441
23405,8.30407
23406,10.722
23407,10.017
23408,11.4003
23409,11.4225
23410,12.0859
23411,8.49774
23412,8.77625
23413,9.34144
23414,7.86855
23415,11.2002
23416,8.51343
23417,9.41184
23418,8.71057
23419,10.2425
23420,9.98953
23421,7.02113
23422,11.3965
23423,9.49601
23424,11.7724
23425,8.5662
23426,9.65725
23427,9.80052
23428,11.9472
23429,8.34069
23430,9.4552
23431,8.65867
23432,8.47678
23433,10.526
23434,9.87625
23435,12.0065
23436,8.67288
23437,6.89511
23438,14.1042
23439,6.15679
23440,8.44364
23441,10.8171
23442,10.163
23443,9.40049
23444,9.59039
23445,14.6041
23446,11.6486
23447,11.3524
23448,7.94105
23449,7.984
23450,8.03707
23451,14.2068
23452,9.79708
23453,10.1012
23454,10.6102
23455,10.2123
23456,5.77954
23457,6.84196
23458,8.89164
23459,11.9686
23460,10.265
23461,8.27762
23462,7.93133
23463,9.58851
23464,9.72951
23465,7.76542
23466,11.0967
23467,10.5399
23468,9.94227
23469,8.23309
23470,10.0171
23471,12.7834
23472,7.71619
23473,9.84039
23474,7.96258
23475,8.094
23476,8.46083
23477,12.1833
23478,9.73623
23479,11.7863
23480,7.43704
23481,9.63826
23482,10.9424
23483,8.59459
23484,15.4871
23485,10.483
23486,8.29282
23487,8.53095
23488,7.83706
23489,8.66831
23490,16.2673
23491,8.35542
23492,12.9833
23493,9.20447
23494,11.8341
23495,10.0338
23496,8.05338
23497,12.1269
23498,7.19115
23499,7.78261
23500,8.82514
23501,9.71541
23502,15.2941
23503,9.52903
23504,7.68361
23505,11.246
23506,13.0634
23507,12.1885
23508,11.3829
23509,6.39539
23510,14.8238
23511,13.9408
23512,8.98555
23513,7.99419
23514,14.2706
23515,8.30647
23516,12.4833
23517,7.74718
23518,10.4472
23519,8.46331
23520,15.5554
23521,12.9188
23522,8.52835
23523,13.4993
23524,6.83875
23525,12.9434
23526,10.165
23527,7.47268
23528,7.50019
23529,9.73
23530,11.0352
23531,11.3285
23532,8.79891
23533,8.96797
23534,9.20941
23535,12.2719
23536,12.6434
23537,9.94055
23538,13.0568
23539,10.1887
23540,7.33566
23541,7.72384
23542,9.14886
23543,8.205
23544,11.6336
23545,8.96904
23546,8.97748
23547,12.5658
23548,13.1335
23549,10.546
23550,11.0825
23551,11.808
23552,11.9512
23553,8.95967
23554,13.0735
23555,8.51663
23556,8.69172
23557,12.1205
23558,8.37383
23559,7.63891
23560,8.83277
23561,10.9808
23562,9.2657
23563,10.4159
23564,11.7216
23565,8.34577
23566,11.6075
23567,9.49308
23568,8.63614
23569,11.7086
23570,10.2747
23571,10.6285
23572,10.9718
23573,14.9802
23574,12.054
23575,15.2035
23576,12.7002
23577,8.92468
23578,6.02039
23579,12.2662
23580,6.50031
23581,8.71407
23582,12.749
23583,8.79302
23584,6.68664
23585,9.96646
23586,11.0143
23587,8.81481
23588,10.0036
23589,13.332
23590,12.0049
23591,7.12928
23592,9.48145
23593,10.6302
23594,8.79026
23595,7.25203
23596,12.9341
23597,8.06091
23598,8.1376
23599,10.8287
23600,13.936
23601,12.0153
23602,9.08845
23603,7.63565
23604,7.41522
23605,7.16944
23606,10.9503
23607,9.56163
23608,10.91
23609,8.25607
23610,10.6741
23611,11.7711
23612,9.00762
23613,9.53482
23614,9.66681
23615,13.7915
23616,11.478
23617,11.6753
23618,14.7367
23619,12.2773
23620,12.5919
23621,7.72815
23622,10.2381
23623,7.59186
23624,9.40853
23625,9.02973
23626,11.2065
23627,7.55917
23628,12.4982
23629,10.6155
23630,8.38571
23631,13.1993
23632,11.3205
23633,11.1044
23634,9.19323
23635,9.56387
23636,15.6243
23637,7.3145
23638,8.09464
23639,8.93417
23640,12.1002
23641,9.54851
23642,14.8068
23643,7.40946
23644,9.20523
23645,10.4755
23646,10.7495
23647,10.9279
23648,8.34504
23649,11.6202
23650,12.987
23651,8.39865
23652,9.35492
23653,9.40717
23654,9.59169
23655,9.64761
23656,9.71408
23657,7.80725
23658,10.4973
23659,13.1146
23660,10.1716
23661,9.26186
23662,11.4047
23663,8.59851
23664,6.94647
23665,10.8912
23666,8.32083
23667,10.6889
23668,9.89442
23669,13.2286
23670,8.44727
23671,11.7708
23672,9.45755
23673,11.5447
23674,10.6697
23675,7.68637
23676,9.46848
23677,7.68253
23678,9.87918
23679,9.66833
23680,10.3463
23681,10.4071
23682,11.7814
23683,13.2633
23684,13.7587
23685,13.0859
23686,9.55197
23687,9.57395
23688,9.77615
23689,12.0864
23690,8.74821
23691,8.17365
23692,12.3259
23693,12.3705
23694,12.4931
23695,10.1903
23696,8.01453
23697,11.0284
23698,12.7776
23699,10.1974
23700,9.28054
23701,12.2989
23702,11.0831
23703,7.51542
23704,13.9986
23705,12.3783
23706,9.34475
23707,8.4574
23708,9.21775
23709,8.27474
23710,9.02487
23711,10.3102
23712,6.38155
23713,6.76682
23714,11.2024
23715,13.3599
23716,10.4106
23717,14.4595
23718,11.497
23719,10.7806
23720,10.8515
23721,10.015
23722,12.3782
23723,12.4139
23724,9.40429
23725,9.9623
23726,12.4093
23727,13.7553
23728,11.4491
23729,8.79796
23730,8.86651
23731,6.53543
23732,10.0426
23733,10.1282
23734,7.45501
23735,10.8918
23736,11.8159
23737,9.2229
23738,7.15081
23739,10.1286
23740,8.40673
23741,13.4606
23742,9.70315
23743,11.946
23744,10.0228
23745,5.4316
23746,8.62758
23747,14.8378
23748,15.9186
23749,13.0071
23750,8.65113
23751,12.1964
23752,9.83693
23753,8.65519
23754,13.6825
23755,12.1382
23756,11.2797
23757,11.3507
23758,7.49643
23759,8.11006
23760,11.8123
23761,10.3316
23762,12.4017
23763,9.76856
23764,11.8181
23765,8.56281
23766,11.9567
23767,10.23
23768,9.93953
23769,12.2315
23770,12.4359
23771,10.0043
23772,12.2608
23773,10.6382
23774,9.73903
23775,8.38369
23776,17.0048
23777,8.04851
23778,8.32849
23779,8.40257
23780,10.8277
23781,9.0417
23782,12.2593
23783,12.4467
23784,9.25126
23785,11.2154
23786,9.63005
23787,9.22064
23788,9.68586
23789,11.0962
23790,10.3175
23791,14.3424
23792,8.42553
23793,10.9535
23794,13.2498
23795,8.43787
23796,8.73005
23797,8.9455
23798,9.32959
23799,8.34527
23800,8.7251
23801,9.60069
23802,9.82387
23803,9.35318
23804,8.97382
23805,12.7945
23806,7.39176
23807,8.18788
23808,13.2396
23809,9.73839
23810,9.84052
23811,7.29638
23812,12.382
23813,12.6263
23814,8.14097
23815,11.5811
23816,10.2972
23817,11.5593
23818,9.39505
23819,7.45807
23820,7.69876
23821,8.80313
23822,6.74054
23823,8.905
23824,8.36656
23825,9.44285
23826,10.7782
23827,11.7866
23828,10.837
23829,8.84541
23830,11.983
23831,8.59665
23832,11.4498
23833,12.7727
23834,9.83416
23835,11.011
23836,8.37425
23837,8.42177
23838,8.82479
23839,9.43078
23840,10.1034
23841,14.5461
23842,8.63055
23843,11.6685
23844,10.8686
23845,10.9266
23846,13.4775
23847,11.9784
23848,13.8618
23849,9.01454
23850,8.11908
23851,15.1533
23852,10.6175
23853,9.7154
23854,10.217
23855,8.25352
23856,8.39532
23857,8.40376
23858,12.0144
23859,8.19002
23860,9.24298
23861,10.289
23862,9.36604
23863,7.71737
23864,7.89651
23865,18.1905
23866,11.2869
23867,10.3146
23868,14.3804
23869,6.58929
23870,9.83536
23871,9.43539
23872,6.76147
23873,8.79753
23874,8.00618
23875,8.32264
23876,10.4179
23877,12.7023
23878,8.77697
23879,9.88253
23880,8.89453
23881,13.9056
23882,7.96272
23883,12.5215
23884,14.7873
23885,12.3125
23886,10.5017
23887,9.68731
23888,11.1779
23889,7.59678
23890,12.6997
23891,7.72625
23892,13.0471
23893,13.539
23894,13.8302
23895,9.3519
23896,10.4903
23897,9.49871
23898,8.06799
23899,12.3045
23900,8.54259
23901,9.59442
23902,8.68671
23903,10.9038
23904,9.46747
23905,9.5876
23906,10.6278
23907,9.1277
23908,9.00533
23909,9.05186
23910,12.3762
23911,7.42483
23912,12.6884
23913,7.86977
23914,10.9782
23915,9.20093
23916,9.92288
23917,10.0646
23918,10.2413
23919,13.325
23920,7.65628
23921,9.47514
23922,11.1098
23923,12.816
23924,11.3556
23925,11.1859
23926,13.48
23927,6.54737
23928,6.96874
23929,14.3238
23930,7.71413
23931,11.0514
23932,15.0996
23933,8.19543
23934,8.4063
23935,9.17499
23936,9.29883
23937,10.8355
23938,9.87948
23939,10.2582
23940,11.4276
23941,11.7199
23942,7.2846
23943,13.5614
23944,12.7351
23945,7.54718
23946,12.6332
23947,11.9544
23948,8.33469
23949,9.41084
23950,8.99521
23951,9.19145
23952,7.65109
23953,8.5007
23954,12.451
23955,12.8591
23956,10.8876
23957,8.58101
23958,8.87371
23959,12.4136
23960,9.89127
23961,10.1611
23962,10.6114
23963,12.1689
23964,13.1833
23965,8.71491
23966,8.8855
23967,7.51563
23968,8.10573
23969,9.96334
23970,10.0428
23971,9.33284
23972,11.362
23973,9.7791
23974,8.91061
23975,10.8818
23976,10.5786
23977,7.17071
23978,7.565
23979,8.23385
23980,8.63151
23981,7.0671
23982,8.28165
23983,9.29673
23984,11.5167
23985,7.67033
23986,7.82687
23987,10.0728
23988,10.55
23989,10.2342
23990,11.5108
23991,10.9067
23992,15.0332
23993,9.57171
23994,9.59836
23995,9.87003
23996,13.0439
23997,10.3787
23998,7.41826
23999,14.611
24000,12.6693
24001,11.933
24002,10.9841
24003,7.11669
24004,11.1597
24005,6.72379
24006,8.3244
24007,8.76448
24008,10.5576
24009,12.2495
24010,11.5374
24011,9.18668
24012,11.8626
24013,10.0469
24014,9.196
24015,8.04289
24016,8.08016
24017,7.33505
24018,7.99934
24019,9.35395
24020,8.3686
24021,10.2856
24022,14.5286
24023,10.8603
24024,9.02689
24025,7.71823
24026,9.80911
24027,8.36
24028,10.9242
24029,8.95778
24030,10.1286
24031,11.281
24032,8.65992
24033,9.80851
24034,8.10391
24035,10.5761
24036,10.8385
24037,11.5119
24038,9.75104
24039,10.3691
24040,11.5048
24041,12.942
24042,7.13706
24043,12.819
24044,11.8937
24045,7.53767
24046,13.5759
24047,8.86695
24048,9.01664
24049,10.343
24050,11.4766
24051,10.7111
24052,11.7285
24053,11.4602
24054,11.4952
24055,14.5575
24056,8.32009
24057,8.56768
24058,11.7579
24059,6.81095
24060,7.16044
24061,13.4545
24062,16.8371
24063,14.4431
24064,8.61029
24065,9.08895
24066,9.28403
24067,9.75233
24068,11.869
24069,9.98924
24070,8.23182
24071,10.3045
24072,10.4121
24073,10.6482
24074,10.8428
24075,6.55957
24076,10.9993
24077,13.0271
24078,11.4355
24079,10.955
24080,10.9634
24081,13.463
24082,9.34557
24083,9.5701
24084,10.7347
24085,9.95871
24086,8.36483
24087,10.5421
24088,7.63032
24089,10.6848
24090,7.77888
24091,10.8592
24092,8.37818
24093,16.1608
24094,8.74502
24095,11.2835
24096,9.86472
24097,11.0647
24098,12.035
24099,10.2343
24100,7.75714
24101,7.98974
24102,7.92476
24103,9.28894
24104,7.77488
24105,8.92512
24106,9.67514
24107,10.9685
24108,9.98708
24109,11.5459
24110,11.8035
24111,11.816
24112,11.0563
24113,11.0647
24114,11.1826
24115,11.8846
24116,12.4357
24117,12.9118
24118,15.2201
24119,8.06521
24120,13.6302
24121,11.2942
24122,10.3431
24123,13.3547
24124,8.52566
24125,10.4755
24126,13.8944
24127,9.56936
24128,9.92524
24129,8.05692
24130,10.4509
24131,13.8075
24132,11.379
24133,10.7867
24134,9.41061
24135,9.91283
24136,10.0686
24137,7.33006
24138,7.95344
24139,11.1094
24140,11.7811
24141,9.27158
24142,9.31183
24143,9.98732
24144,9.02073
24145,14.1483
24146,9.3777
24147,10.3703
24148,10.6799
24149,11.7005
24150,10.8248
24151,9.42304
24152,12.9802
24153,12.7522
24154,12.8087
24155,7.02908
24156,8.15834
24157,10.5306
24158,6.78362
24159,8.25503
24160,10.4015
24161,8.8248
24162,8.9676
24163,8.07145
24164,8.82414
24165,8.91573
24166,10.1388
24167,9.44432
24168,9.69527
24169,9.30018
24170,10.4481
24171,9.45669
24172,7.71554
24173,12.1771
24174,9.20401
24175,8.22169
24176,13.4584
24177,13.1191
24178,12.4876
24179,10.8836
24180,15.3331
24181,8.40906
24182,10.5784
24183,12.3319
24184,9.36387
24185,12.6258
24186,9.84577
24187,9.97631
24188,13.0442
24189,7.48183
24190,7.49708
24191,10.8247
24192,11.7213
24193,8.97529
24194,9.65827
24195,10.6555
24196,9.75863
24197,9.99609
24198,9.05787
24199,11.4668
24200,5.51272
24201,14.6228
24202,11.8211
24203,8.70439
24204,14.6972
24205,10.1052
24206,14.1405
24207,7.77526
24208,10.9298
24209,8.80876
24210,9.02928
24211,8.0568
24212,10.8177
24213,9.52654
24214,8.28262
24215,11.7631
24216,11.9601
24217,8.2969
24218,8.54952
24219,8.38645
24220,7.70493
24221,7.03118
24222,11.6056
24223,7.65583
24224,14.9653
24225,11.0818
24226,8.44234
24227,10.5246
24228,8.81696
24229,8.89754
24230,6.95181
24231,9.72593
24232,7.11135
24233,11.3357
24234,10.9363
24235,8.36688
24236,11.5137
24237,9.58134
24238,8.75474
24239,10.0549
24240,10.0851
24241,9.23155
24242,12.3084
24243,9.96682
24244,10.1322
24245,10.5154
24246,9.92488
24247,10.7742
24248,10.8985
24249,12.0159
24250,12.3732
24251,7.82101
24252,10.0032
24253,10.4831
24254,9.29754
24255,10.0126
24256,7.8397
24257,11.1166
24258,9.13873
24259,10.5893
24260,8.31926
24261,9.03089
24262,9.07182
24263,14.1897
24264,11.6809
24265,10.3263
24266,10.3374
24267,9.29236
24268,9.75555
24269,9.76398
24270,9.85597
24271,9.6031
24272,12.6413
24273,11.5002
24274,8.78707
24275,13.4556
24276,13.6948
24277,11.3052
24278,10.587
24279,16.1265
24280,13.2726
24281,12.0078
24282,9.5194
24283,8.26658
24284,12.5828
24285,11.4894
24286,8.63127
24287,10.2739
24288,8.35678
24289,10.4041
24290,12.8147
24291,9.07178
24292,6.73057
24293,12.0088
24294,8.74011
24295,8.06525
24296,7.60727
24297,7.05705
24298,10.1135
24299,7.95097
24300,9.06755
24301,14.2806
24302,13.3397
24303,11.6399
24304,10.807
24305,7.85759
24306,9.28188
24307,10.5951
24308,10.0086
24309,11.0171
24310,10.3415
24311,9.82663
24312,12.2756
24313,6.90667
24314,9.5501
24315,12.829
24316,5.91363
24317,10.2872
24318,8.68534
24319,9.01264
24320,15.028
24321,14.8451
24322,11.1941
24323,8.20253
24324,7.25082
24325,8.24309
24326,9.16972
24327,10.5001
24328,9.51317
24329,12.0454
24330,10.0973
24331,8.39109
24332,9.11437
24333,10.1424
24334,9.42027
24335,9.48239
24336,10.6822
24337,11.1707
24338,7.43321
24339,11.7134
24340,7.83631
24341,12.9175
24342,8.65714
24343,8.91089
24344,9.68761
24345,6.63519
24346,9.67404
24347,7.85677
24348,11.0983
24349,9.73276
24350,6.89879
24351,13.2704
24352,8.35681
24353,8.40435
24354,8.85016
24355,9.33191
24356,14.3403
24357,9.35578
24358,9.50809
24359,11.2512
24360,9.21758
24361,9.40228
24362,11.4932
24363,10.53
24364,11.6101
24365,10.6483
24366,12.0295
24367,9.12467
24368,10.26
24369,10.533
24370,10.7266
24371,11.1267
24372,8.13969
24373,12.1518
24374,6.70665
24375,8.72801
24376,13.2927
24377,8.50749
24378,9.88518
24379,8.09219
24380,12.2206
24381,8.08693
24382,9.09869
24383,11.8151
24384,8.76267
24385,9.88927
24386,10.0227
24387,8.08896
24388,9.18048
24389,7.5414
24390,12.6608
24391,13.4615
24392,12.551
24393,10.9164
24394,7.05979
24395,9.18451
24396,12.7544
24397,9.43909
24398,7.9793
24399,12.0393
24400,12.3667
24401,9.3997
24402,7.90388
24403,8.60199
24404,14.9143
24405,7.20599
24406,8.47285
24407,8.60178
24408,15.0298
24409,9.26887
24410,10.1152
24411,15.2485
24412,10.4077
24413,11.2842
24414,14.3031
24415,11.9733
24416,11.7213
24417,7.93393
24418,7.43081
24419,10.7268
24420,10.4949
24421,9.50034
24422,10.9684
24423,11.8762
24424,9.71005
24425,8.85572
24426,9.58007
24427,8.05543
24428,9.34391
24429,8.99894
24430,12.6627
24431,9.85161
24432,8.00818
24433,7.56876
24434,9.93817
24435,9.44382
24436,12.4989
24437,8.71369
24438,13.0557
24439,8.48248
24440,13.0405
24441,8.15373
24442,8.42119
24443,9.19816
24444,9.44345
24445,10.0309
24446,10.1646
24447,10.6975
24448,10.9162
24449,11.8721
24450,10.9134
24451,11.9684
24452,13.0709
24453,10.1807
24454,10.3879
24455,14.1493
24456,7.97945
24457,5.93824
24458,11.4168
24459,12.1678
24460,7.02455
24461,8.11368
24462,10.4908
24463,8.93234
24464,7.16634
24465,9.93899
24466,9.57361
24467,10.6958
24468,10.5046
24469,12.6089
24470,7.96943
24471,11.2778
24472,8.39291
24473,11.8335
24474,7.77185
24475,7.09124
24476,9.54635
24477,13.6326
24478,11.6957
24479,9.00601
24480,10.5842
24481,9.61567
24482,6.69132
24483,13.2398
24484,11.3827
24485,10.5832
24486,8.68356
24487,10.8533
24488,10.873
24489,6.89094
24490,6.95578
24491,9.09675
24492,7.64811
24493,10.746
24494,9.89202
24495,10.2468
24496,9.32322
24497,10.7307
24498,18.8239
24499,10.1074
24500,12.3515
24501,13.2315
24502,6.76344
24503,9.41189
24504,8.87766
24505,11.1825
24506,9.51617
24507,7.98533
24508,10.5936
24509,12.0707
24510,16.3668
24511,8.7475
24512,14.4605
24513,8.63756
24514,9.9649
24515,10.3886
24516,10.3431
24517,9.49874
24518,10.691
24519,11.896
24520,11.4752
24521,7.56506
24522,7.86156
24523,11.9653
24524,12.361
24525,8.50539
24526,9.32202
24527,11.2658
24528,7.74715
24529,16.0636
24530,9.0952
24531,5.16761
24532,11.6549
24533,12.3081
24534,6.57488
24535,10.8582
24536,11.2253
24537,10.4154
24538,7.7135
24539,7.89714
24540,11.9386
24541,8.06717
24542,8.60107
24543,9.06295
24544,9.20929
24545,9.57897
24546,11.5347
24547,11.6998
24548,9.17638
24549,9.39032
24550,12.3987
24551,14.4997
24552,15.1823
24553,12.0269
24554,8.48968
24555,8.69633
24556,7.99995
24557,8.35403
24558,7.89652
24559,11.3287
24560,9.35252
24561,11.1264
24562,11.3349
24563,11.4139
24564,11.4018
24565,9.52417
24566,14.3668
24567,10.8632
24568,7.15534
24569,10.225
24570,10.5487
24571,8.12445
24572,11.1665
24573,8.13161
24574,9.20312
24575,7.69704
24576,7.5989
24577,7.35721
24578,13.4986
24579,10.933
24580,10.097
24581,11.3253
24582,8.80439
24583,8.1199
24584,8.5639
24585,9.36669
24586,12.5145
24587,10.6419
24588,10.7809
24589,11.5373
24590,9.74515
24591,7.38942
24592,10.4825
24593,10.5666
24594,10.9393
24595,11.5095
24596,14.2103
24597,12.4214
24598,8.23504
24599,9.60063
24600,11.8476
24601,7.95667
24602,7.98395
24603,9.06995
24604,10.0784
24605,14.5617
24606,11.682
24607,18.3279
24608,8.44901
24609,10.928
24610,11.2064
24611,14.4704
24612,9.94861
24613,11.3283
24614,11.2092
24615,10.3533
24616,9.80603
24617,14.2374
24618,12.4819
24619,9.5943
24620,11.0038
24621,11.5808
24622,8.35846
24623,7.35441
24624,9.48522
24625,9.88274
24626,7.45053
24627,11.2372
24628,8.24652
24629,6.51535
24630,7.3525
24631,14.104
24632,8.39078
24633,8.66575
24634,15.2392
24635,10.5659
24636,10.7198
24637,14.3318
24638,11.1139
24639,11.7579
24640,7.10877
24641,10.7685
24642,7.55414
24643,11.1206
24644,12.1548
24645,8.49293
24646,8.97212
24647,11.2244
24648,9.19996
24649,10.5108
24650,11.1018
24651,11.255
24652,8.63007
24653,8.13469
24654,9.79803
24655,12.2903
24656,15.3169
24657,8.37468
24658,13.1867
24659,7.26949
24660,9.02265
24661,9.07228
24662,8.55369
24663,10.6431
24664,10.9865
24665,9.04948
24666,11.2519
24667,12.8481
24668,10.1157
24669,10.1877
24670,7.88454
24671,10.9451
24672,10.9536
24673,6.47079
24674,14.0793
24675,7.1262
24676,11.4019
24677,10.5074
24678,9.93783
24679,6.32683
24680,15.3767
24681,12.467
24682,9.25363
24683,10.9658
24684,11.4119
24685,11.5649
24686,10.3259
24687,13.5214
24688,9.06265
24689,9.51578
24690,12.583
24691,7.78573
24692,7.82947
24693,12.9178
24694,8.41806
24695,9.67801
24696,9.71956
24697,10.7244
24698,11.4114
24699,11.5974
24700,11.8366
24701,8.84502
24702,11.1458
24703,12.261
24704,12.8239
24705,9.2892
24706,6.99348
24707,14.046
24708,12.7968
24709,8.12386
24710,11.1848
24711,10.4958
24712,10.8614
24713,12.7173
24714,14.2892
24715,13.0489
24716,8.35637
24717,10.4367
24718,6.78458
24719,8.79301
24720,10.9135
24721,9.17732
24722,14.4869
24723,13.1909
24724,10.5044
24725,10.5235
24726,11.6914
24727,10.0103
24728,12.083
24729,9.69312
24730,8.10191
24731,11.5055
24732,14.0345
24733,8.66577
24734,13.0277
24735,13.1212
24736,13.3095
24737,9.08188
24738,9.11253
24739,7.18053
24740,9.84017
24741,9.97584
24742,11.2802
24743,9.31626
24744,11.489
24745,11.5851
24746,11.7731
24747,9.29551
24748,10.3077
24749,7.69669
24750,7.88646
24751,11.3337
24752,10.4239
24753,9.84383
24754,11.1827
24755,9.15069
24756,10.273
24757,10.5174
24758,8.66677
24759,10.4855
24760,14.5843
24761,9.5931
24762,8.73245
24763,7.0562
24764,9.20918
24765,10.6201
24766,10.2714
24767,11.9502
24768,13.3246
24769,9.45116
24770,8.75451
24771,13.8257
24772,11.3618
24773,14.7861
24774,9.9388
24775,12.5587
24776,10.6
24777,11.038
24778,8.39928
24779,8.62157
24780,15.0831
24781,9.7558
24782,13.0709
24783,12.6282
24784,9.59451
24785,9.22856
24786,11.446
24787,9.92242
24788,18.0015
24789,8.03108
24790,8.34284
24791,10.4135
24792,10.7371
24793,12.0826
24794,9.19643
24795,9.2089
24796,9.21733
24797,8.62887
24798,9.78014
24799,10.5013
24800,10.6095
24801,10.827
24802,11.0478
24803,12.9813
24804,10.0059
24805,10.6053
24806,9.91739
24807,7.94535
24808,8.98742
24809,10.3568
24810,10.629
24811,10.0004
24812,9.12729
24813,8.13572
24814,8.79078
24815,8.08578
24816,7.26032
24817,8.96427
24818,10.1148
24819,12.2057
24820,11.2982
24821,10.4453
24822,15.2384
24823,13.3795
24824,7.71115
24825,12.0446
24826,8.97565
24827,9.17691
24828,9.32857
24829,9.62695
24830,8.71143
24831,8.79029
24832,9.95799
24833,10.0516
24834,11.3249
24835,12.0008
24836,11.251
24837,15.6206
24838,9.76254
24839,14.1369
24840,9.79362
24841,11.5738
24842,12.6714
24843,7.13029
24844,10.2837
24845,7.66772
24846,8.23779
24847,8.6785
24848,10.1407
24849,10.1951
24850,10.5651
24851,15.6504
24852,14.8591
24853,6.78688
24854,7.99958
24855,12.4321
24856,15.6482
24857,10.9221
24858,14.0298
24859,10.3736
24860,12.3855
24861,8.45472
24862,15.9978
24863,11.2632
24864,12.335
24865,6.06119
24866,13.3479
24867,12.9319
24868,11.1885
24869,9.66111
24870,11.121
24871,14.4419
24872,10.7526
24873,10.1835
24874,8.43813
24875,11.6597
24876,11.0762
24877,7.39274
24878,9.65872
24879,11.2711
24880,14.3147
24881,9.33185
24882,10.4055
24883,10.6184
24884,11.1407
24885,12.1563
24886,9.7726
24887,8.91717
24888,5.83028
24889,10.0292
24890,10.6337
24891,11.661
24892,13.1134
24893,8.12353
24894,11.2127
24895,8.63883
24896,6.87084
24897,13.9638
24898,9.48471
24899,8.74535
24900,12.0448
24901,9.5181
24902,10.9474
24903,9.68415
24904,8.80513
24905,11.0058
24906,8.82823
24907,12.1581
24908,10.2345
24909,12.8094
24910,10.3391
24911,12.6569
24912,12.0124
24913,7.71403
24914,8.0238
24915,9.56989
24916,13.6529
24917,7.786
24918,9.72157
24919,9.76418
24920,9.79733
24921,10.8112
24922,10.0401
24923,14.2053
24924,12.0276
24925,8.05363
24926,6.33866
24927,9.86552
24928,7.04065
24929,14.2053
24930,12.2442
24931,12.3591
24932,7.39784
24933,9.48636
24934,7.91299
24935,11.2288
24936,8.30308
24937,12.6123
24938,9.11621
24939,9.14544
24940,6.41112
24941,9.47717
24942,9.50582
24943,9.72455
24944,9.91405
24945,10.0661
24946,10.3119
24947,7.45247
24948,10.6571
24949,10.7222
24950,8.06572
24951,8.59314
24952,7.85117
24953,11.8596
24954,11.9446
24955,9.25553
24956,11.7877
24957,13.2745
24958,10.5761
24959,11.3968
24960,10.6998
24961,10.7437
24962,9.05101
24963,11.262
24964,10.0076
24965,9.27449
24966,10.2521
24967,7.41952
24968,7.57298
24969,13.6622
24970,8.68687
24971,11.7279
24972,9.0155
24973,10.3717
24974,6.38018
24975,8.5906
24976,11.099
24977,10.2334
24978,10.4026
24979,12.5084
24980,11.4424
24981,10.997
24982,14.0266
24983,9.30645
24984,10.554
24985,10.6619
24986,11.8853
24987,11.1915
24988,7.92556
24989,7.65316
24990,10.076
24991,10.0844
24992,9.45055
24993,8.70176
24994,11.4848
24995,8.52912
24996,11.591
24997,9.13361
24998,10.4991
24999,13.3142
25000,8.62189
25001,10.932
25002,12.2864
25003,11.3567
25004,11.841
25005,11.9725
25006,10.0647
25007,15.6179
25008,14.6436
25009,15.6654
25010,11.9312
25011,8.2144
25012,9.44534
25013,9.56189
25014,8.1896
25015,9.53346
25016,7.69937
25017,10.9265
25018,7.9833
25019,11.3236
25020,8.40466
25021,8.4639
25022,11.8297
25023,11.15
25024,11.8462
25025,12.7856
25026,11.8189
25027,15.6352
25028,8.86574
25029,11.1001
25030,7.89539
25031,12.1402
25032,8.94351
25033,9.2351
25034,9.6072
25035,9.23835
25036,10.3498
25037,11.1431
25038,11.7196
25039,5.95998
25040,10.9699
25041,7.74368
25042,8.66535
25043,9.92445
25044,9.49394
25045,11.7654
25046,12.3019
25047,11.9409
25048,8.56196
25049,15.4273
25050,15.4468
25051,10.1959
25052,16.5105
25053,12.7523
25054,9.79111
25055,10.1308
25056,11.262
25057,8.33149
25058,11.3399
25059,9.34835
25060,9.61972
25061,9.87182
25062,9.11793
25063,14.1335
25064,8.23141
25065,9.36902
25066,9.51946
25067,11.9846
25068,10.7578
25069,15.1417
25070,13.3646
25071,14.5701
25072,6.41244
25073,7.97203
25074,15.2318
25075,10.5031
25076,11.1847
25077,11.511
25078,8.99347
25079,9.02106
25080,9.0482
25081,8.7566
25082,7.60267
25083,8.67107
25084,9.76126
25085,10.1402
25086,8.31192
25087,9.39727
25088,10.5091
25089,11.9489
25090,9.87289
25091,11.3384
25092,10.9812
25093,15.4796
25094,13.5297
25095,13.888
25096,10.0777
25097,7.45108
25098,7.86117
25099,8.36778
25100,12.5881
25101,7.79135
25102,14.223
25103,9.35189
25104,9.52646
25105,8.64363
25106,9.79308
25107,9.29908
25108,10.3554
25109,10.6122
25110,10.6246
25111,11.3094
25112,11.5162
25113,13.6875
25114,11.7718
25115,13.217
25116,7.78221
25117,9.86353
25118,7.41733
25119,16.1003
25120,13.1093
25121,11.4771
25122,9.67494
25123,9.70571
25124,11.6995
25125,8.47579
25126,10.9369
25127,9.0103
25128,10.0805
25129,9.91917
25130,10.4067
25131,11.4901
25132,11.6494
25133,11.8212
25134,10.3602
25135,15.4736
25136,11.5739
25137,9.60877
25138,12.6334
25139,12.2787
25140,13.4164
25141,13.8305
25142,8.83897
25143,12.6736
25144,12.2491
25145,8.74118
25146,11.1827
25147,12.5377
25148,12.9811
25149,8.06047
25150,9.27485
25151,9.36833
25152,11.8312
25153,12.4339
25154,9.33115
25155,9.52471
25156,10.5512
25157,11.8648
25158,12.174
25159,8.30218
25160,7.53091
25161,9.61963
25162,9.24718
25163,7.48303
25164,8.70605
25165,11.4433
25166,9.45169
25167,8.63683
25168,6.91314
25169,9.00901
25170,7.2788
25171,7.38725
25172,10.8895
25173,11.0694
25174,11.9095
25175,9.78274
25176,8.41432
25177,14.9386
25178,13.9982
25179,10.2159
25180,13.8446
25181,8.01702
25182,9.93531
25183,7.95831
25184,7.11049
25185,7.91026
25186,10.2753
25187,8.73969
25188,9.74813
25189,8.9588
25190,16.1469
25191,9.55441
25192,8.25162
25193,7.17408
25194,12.5332
25195,15.9497
25196,9.96084
25197,8.97071
25198,13.101
25199,11.1114
25200,11.2207
25201,11.3048
25202,8.31469
25203,14.4244
25204,8.6768
25205,9.96118
25206,10.2398
25207,8.71702
25208,10.459
25209,9.49948
25210,10.644
25211,9.81007
25212,10.9218
25213,7.96671
25214,7.19669
25215,9.19283
25216,8.59279
25217,9.32831
25218,8.342
25219,9.36259
25220,9.70496
25221,9.68715
25222,9.80857
25223,12.0818
25224,12.57
25225,8.93606
25226,9.05092
25227,7.13906
25228,11.6117
25229,8.93317
25230,9.01418
25231,9.14578
25232,13.5628
25233,9.06666
25234,13.7141
25235,6.97984
25236,8.62098
25237,8.68349
25238,9.704
25239,9.97445
25240,11.4144
25241,10.6909
25242,9.71546
25243,9.61885
25244,11.6442
25245,9.69388
25246,12.1221
25247,11.8133
25248,15.858
25249,9.51825
25250,11.2171
25251,6.92487
25252,8.26137
25253,9.43038
25254,8.03389
25255,9.52725
25256,8.58223
25257,7.95406
25258,10.1054
25259,11.6132
25260,11.8978
25261,12.1632
25262,13.4509
25263,9.09609
25264,12.5734
25265,7.99604
25266,8.14153
25267,8.30717
25268,8.51054
25269,11.519
25270,11.6924
25271,10.856
25272,9.34426
25273,9.80745
25274,6.96743
25275,14.7257
25276,8.75854
25277,9.04193
25278,9.53804
25279,10.2438
25280,11.402
25281,11.0468
25282,12.8996
25283,6.14277
25284,14.2622
25285,10.3951
25286,7.40639
25287,14.8974
25288,9.92638
25289,9.42119
25290,11.9826
25291,17.736
25292,9.87468
25293,13.9792
25294,10.0207
25295,9.30301
25296,7.53543
25297,8.17691
25298,15.2876
25299,11.9288
25300,8.06279
25301,11.4932
25302,8.63512
25303,7.85604
25304,10.9006
25305,9.03132
25306,9.25015
25307,10.402
25308,9.43559
25309,9.65761
25310,11.825
25311,10.6183
25312,11.0262
25313,9.20087
25314,11.6028
25315,8.69641
25316,12.8744
25317,12.5327
25318,8.6721
25319,7.42025
25320,9.87132
25321,10.2353
25322,13.4868
25323,8.55577
25324,8.88197
25325,9.1849
25326,9.33037
25327,9.48707
25328,9.89069
25329,9.89196
25330,9.8732
25331,10.3375
25332,9.44306
25333,10.4529
25334,14.6322
25335,8.62415
25336,11.3118
25337,7.77042
25338,8.67647
25339,9.44113
25340,12.0118
25341,12.2659
25342,9.46021
25343,8.28783
25344,9.31215
25345,11.6031
25346,11.9245
25347,10.0039
25348,10.5783
25349,7.95604
25350,8.49554
25351,8.76782
25352,8.85825
25353,13.8137
25354,9.9612
25355,7.02458
25356,10.4519
25357,8.41465
25358,11.8009
25359,11.8094
25360,9.76859
25361,10.7086
25362,13.7434
25363,9.95621
25364,12.1172
25365,12.3825
25366,13.2096
25367,6.60604
25368,9.2195
25369,9.49504
25370,9.69784
25371,9.02598
25372,10.0565
25373,12.6095
25374,8.22085
25375,8.60113
25376,9.40986
25377,9.12031
25378,11.219
25379,9.79659
25380,8.26635
25381,10.4597
25382,11.42
25383,9.24465
25384,9.46507
25385,8.52045
25386,9.68279
25387,7.92891
25388,10.4081
25389,7.63405
25390,8.09778
25391,9.65675
25392,10.8191
25393,6.65953
25394,8.88614
25395,10.5763
25396,14.0168
25397,9.10064
25398,6.02037
25399,10.0924
25400,6.94183
25401,9.51655
25402,10.5845
25403,7.63259
25404,11.7424
25405,11.3479
25406,15.1084
25407,11.8158
25408,7.46323
25409,12.4788
25410,12.5246
25411,14.7386
25412,9.3652
25413,8.1432
25414,7.77479
25415,7.93349
25416,8.98171
25417,8.29684
25418,8.7442
25419,10.7647
25420,11.3494
25421,11.9177
25422,11.8612
25423,8.56189
25424,8.7656
25425,10.6439
25426,9.69805
25427,10.8679
25428,7.94907
25429,10.7087
25430,10.805
25431,9.22733
25432,9.54284
25433,11.8983
25434,8.61055
25435,10.9633
25436,8.45485
25437,14.8346
25438,14.3724
25439,12.5919
25440,11.0149
25441,16.2012
25442,8.31279
25443,10.9328
25444,11.3642
25445,9.47042
25446,10.6013
25447,8.91618
25448,15.081
25449,10.8463
25450,6.65919
25451,7.915
25452,13.1172
25453,9.75212
25454,10.87
25455,9.93207
25456,8.80293
25457,12.0072
25458,10.6974
25459,11.3273
25460,9.18137
25461,8.40282
25462,9.69888
25463,8.8632
25464,9.0633
25465,9.20477
25466,10.3701
25467,9.6266
25468,9.64251
25469,9.73976
25470,10.642
25471,7.69345
25472,6.85204
25473,7.02856
25474,8.16123
25475,11.3632
25476,11.9223
25477,11.9573
25478,9.20769
25479,9.73707
25480,9.11904
25481,9.18156
25482,10.5033
25483,9.94443
25484,11.032
25485,10.1295
25486,13.2491
25487,10.4315
25488,9.75577
25489,10.8436
25490,10.8887
25491,7.99078
25492,11.4068
25493,7.57412
25494,8.74809
25495,8.92288
25496,10.0417
25497,9.27482
25498,10.5185
25499,13.9284
25500,10.1692
25501,8.36687
25502,12.5156
25503,8.86169
25504,10.8862
25505,9.80891
25506,11.0535
25507,10.3566
25508,9.93308
25509,11.5784
25510,12.6479
25511,12.8706
25512,8.86621
25513,9.86255
25514,9.99235
25515,8.34278
25516,8.96609
25517,11.3066
25518,8.37262
25519,10.8526
25520,9.11467
25521,10.851
25522,11.8979
25523,11.564
25524,12.8535
25525,8.42074
25526,9.59514
25527,9.38545
25528,9.51737
25529,9.99092
25530,12.8323
25531,11.2826
25532,11.3022
25533,9.72349
25534,11.8942
25535,8.33585
25536,8.88469
25537,8.32037
25538,12.5778
25539,7.1675
25540,8.69349
25541,9.48561
25542,9.50307
25543,9.77764
25544,11.0871
25545,8.21453
25546,11.2267
25547,12.088
25548,12.2403
25549,11.9807
25550,6.19378
25551,9.26877
25552,10.9486
25553,7.20483
25554,13.006
25555,10.2754
25556,6.95097
25557,7.43928
25558,10.7842
25559,7.93314
25560,8.72274
25561,6.73231
25562,10.0206
25563,10.3751
25564,10.4544
25565,12.6949
25566,10.926
25567,11.1869
25568,8.5148
25569,11.7122
25570,8.96981
25571,12.1739
25572,11.2695
25573,9.38986
25574,9.49431
25575,9.51756
25576,9.11747
25577,10.5414
25578,10.624
25579,6.05285
25580,12.7518
25581,11.0264
25582,6.25083
25583,13.4186
25584,6.58545
25585,7.88769
25586,9.67742
25587,9.91374
25588,10.3351
25589,11.4754
25590,8.01638
25591,8.49733
25592,7.42598
25593,7.75145
25594,8.31696
25595,9.35764
25596,12.5506
25597,10.2597
25598,7.65794
25599,10.0956
25600,8.9651
25601,10.9043
25602,12.297
25603,8.59573
25604,14.0506
25605,10.4796
25606,8.80988
25607,10.9777
25608,9.48098
25609,6.36869
25610,14.8806
25611,14.4472
25612,9.57249
25613,8.33133
25614,7.35212
25615,7.78149
25616,17.9494
25617,8.7516
25618,12.2344
25619,9.52844
25620,8.04184
25621,11.3297
25622,8.90639
25623,11.071
25624,11.4325
25625,8.73089
25626,7.95707
25627,11.9655
25628,10.4739
25629,13.0295
25630,8.00357
25631,13.4639
25632,16.1123
25633,12.3459
25634,11.6484
25635,8.68853
25636,10.921
25637,13.2797
25638,8.49247
25639,7.83098
25640,8.84098
25641,9.44454
25642,11.9736
25643,7.51764
25644,9.12584
25645,13.6093
25646,8.71382
25647,11.8094
25648,6.95261
25649,8.10339
25650,12.1557
25651,7.31829
25652,10.9134
25653,10.016
25654,7.38699
25655,10.4687
25656,10.6667
25657,9.17702
25658,8.18545
25659,11.2369
25660,11.3699
25661,9.16927
25662,9.20279
25663,12.4874
25664,9.89178
25665,9.2912
25666,6.42007
25667,13.4903
25668,10.726
25669,14.9322
25670,8.27491
25671,6.85212
25672,10.9808
25673,8.54853
25674,11.8813
25675,13.9997
25676,7.65493
25677,9.04247
25678,9.08863
25679,10.0211
25680,9.04183
25681,10.3664
25682,10.5007
25683,9.84215
25684,7.75768
25685,11.0435
25686,11.1345
25687,14.1669
25688,9.21548
25689,12.3693
25690,8.70888
25691,9.3188
25692,12.4494
25693,10.8994
25694,7.2968
25695,7.72541
25696,13.8782
25697,10.9145
25698,9.43084
25699,10.8691
25700,10.1003
25701,9.14855
25702,10.4654
25703,11.3251
25704,7.54584
25705,11.7359
25706,8.34365
25707,9.19508
25708,11.5954
25709,5.88438
25710,11.5678
25711,8.78821
25712,6.88896
25713,9.99636
25714,12.2306
25715,15.3723
25716,11.1593
25717,11.2656
25718,8.66299
25719,8.80465
25720,10.3158
25721,9.43741
25722,11.6072
25723,13.9529
25724,10.4411
25725,11.4496
25726,11.577
25727,9.02426
25728,6.31089
25729,11.4483
25730,9.1886
25731,8.15833
25732,13.2734
25733,9.31971
25734,11.9403
25735,8.61172
25736,7.43127
25737,11.6347
25738,9.70336
25739,6.95268
25740,8.12277
25741,8.98739
25742,9.17516
25743,9.66551
25744,10.0234
25745,10.3168
25746,10.3923
25747,12.5128
25748,10.5487
25749,9.82223
25750,8.58634
25751,14.6628
25752,11.7233
25753,12.7746
25754,11.0954
25755,8.0855
25756,9.13716
25757,13.7429
25758,10.6486
25759,10.6698
25760,7.01442
25761,10.2172
25762,11.3025
25763,8.63495
25764,12.7444
25765,12.865
25766,9.9191
25767,7.50311
25768,12.0677
25769,9.13036
25770,10.1331
25771,12.3618
25772,13.5007
25773,11.1809
25774,12.247
25775,8.46545
25776,11.3279
25777,15.1697
25778,8.78915
25779,5.24431
25780,7.91415
25781,7.09618
25782,7.55588
25783,8.57709
25784,8.1391
25785,9.09288
25786,10.5246
25787,14.8726
25788,10.1839
25789,10.6881
25790,10.9521
25791,9.20743
25792,9.21587
25793,11.4702
25794,9.51559
25795,7.31473
25796,11.3398
25797,12.2671
25798,8.06011
25799,13.5276
25800,7.77355
25801,8.82006
25802,9.52325
25803,8.61014
25804,9.69778
25805,10.0766
25806,6.15272
25807,12.49
25808,11.3677
25809,11.6638
25810,8.96095
25811,8.52925
25812,9.30002
25813,8.66566
25814,8.6817
25815,10.8526
25816,12.8924
25817,8.50875
25818,14.8021
25819,12.0992
25820,11.844
25821,13.2079
25822,13.5358
25823,7.83422
25824,8.81676
25825,7.46911
25826,8.63131
25827,7.94266
25828,8.36403
25829,15.6412
25830,9.87469
25831,11.0118
25832,10.3485
25833,8.46028
25834,11.4804
25835,8.57265
25836,11.8104
25837,9.16403
25838,9.38789
25839,9.43174
25840,9.55011
25841,10.0418
25842,11.1562
25843,9.94914
25844,7.88155
25845,12.0014
25846,6.11746
25847,13.8417
25848,10.1342
25849,7.15344
25850,10.3162
25851,9.02686
25852,11.5907
25853,11.9076
25854,12.7002
25855,10.9868
25856,10.1107
25857,8.42632
25858,14.8348
25859,14.9581
25860,15.8539
25861,11.9364
25862,10.0527
25863,11.9837
25864,10.5085
25865,9.08703
25866,8.66876
25867,7.83892
25868,8.19422
25869,6.31169
25870,7.23308
25871,13.4251
25872,7.26514
25873,10.1142
25874,8.12261
25875,9.18209
25876,8.2564
25877,9.78958
25878,9.73216
25879,12.8017
25880,12.1043
25881,10.1674
25882,14.2624
25883,12.4169
25884,11.6589
25885,11.6875
25886,10.8199
25887,10.166
25888,13.2257
25889,13.3963
25890,7.55193
25891,9.08581
25892,9.55949
25893,6.77276
25894,12.2794
25895,8.3378
25896,14.3899
25897,7.68463
25898,9.90332
25899,9.06576
25900,9.55039
25901,11.7013
25902,11.1051
25903,6.31303
25904,9.80039
25905,9.04176
25906,8.1176
25907,8.02187
25908,7.08064
25909,14.3639
25910,8.58955
25911,10.1413
25912,9.23202
25913,10.2841
25914,11.4699
25915,8.73583
25916,10.7443
25917,10.7527
25918,9.86429
25919,9.33826
25920,10.0314
25921,8.02808
25922,11.7766
25923,8.96049
25924,10.3041
25925,9.87759
25926,10.965
25927,9.05406
25928,11.5915
25929,9.77827
25930,10.14
25931,15.4512
25932,9.04302
25933,8.49188
25934,12.5579
25935,8.77436
25936,13.8419
25937,9.5587
25938,15.6945
25939,9.77185
25940,10.955
25941,10.2928
25942,7.08907
25943,12.6736
25944,8.32285
25945,9.64872
25946,14.7824
25947,10.8351
25948,7.94471
25949,10.2203
25950,10.4018
25951,7.56925
25952,7.15015
25953,8.94174
25954,10.0861
25955,7.12733
25956,12.1682
25957,9.26316
25958,12.4886
25959,9.61321
25960,8.6087
25961,8.64126
25962,10.9741
25963,8.89319
25964,8.53335
25965,13.5683
25966,12.3646
25967,11.6421
25968,10.4449
25969,8.55634
25970,11.1383
25971,9.48253
25972,11.5593
25973,11.7522
25974,9.27467
25975,7.3273
25976,8.70344
25977,12.9514
25978,11.1035
25979,13.5106
25980,10.0853
25981,7.34947
25982,7.35723
25983,8.54674
25984,8.69332
25985,10.0457
25986,7.41816
25987,10.744
25988,9.785
25989,17.2011
25990,9.42503
25991,10.5082
25992,9.59118
25993,7.5408
25994,10.0314
25995,11.3393
25996,8.15992
25997,8.52904
25998,8.91225
25999,8.14855
26000,8.15698
26001,7.66245
26002,11.1738
26003,9.61849
26004,10.5278
26005,12.3137
26006,11.4933
26007,7.13011
26008,6.54819
26009,11.1915
26010,10.2238
26011,8.07419
26012,8.25296
26013,8.86323
26014,7.28134
26015,9.46087
26016,7.62431
26017,8.02458
26018,11.8687
26019,9.37386
26020,9.54448
26021,11.625
26022,9.63471
26023,8.58823
26024,11.6475
26025,13.3081
26026,11.8572
26027,10.8684
26028,8.10242
26029,13.1277
26030,5.18547
26031,9.54372
26032,9.53375
26033,10.6263
26034,5.65006
26035,9.23768
26036,7.82892
26037,11.1222
26038,8.13283
26039,12.1846
26040,10.3667
26041,11.5559
26042,12.9099
26043,12.3125
26044,10.1963
26045,10.1437
26046,11.3743
26047,12.6304
26048,13.6686
26049,8.21007
26050,8.41122
26051,8.61864
26052,7.61891
26053,8.69184
26054,10.8694
26055,11.1619
26056,11.1047
26057,11.2977
26058,12.4254
26059,11.7666
26060,7.90659
26061,11.3005
26062,8.53543
26063,8.94179
26064,9.4586
26065,10.2012
26066,12.5978
26067,12.9515
26068,12.1886
26069,11.2907
26070,10.9782
26071,8.69815
26072,8.74427
26073,7.82586
26074,11.9441
26075,10.0902
26076,14.8577
26077,10.0978
26078,11.1553
26079,8.08663
26080,13.4888
26081,7.90411
26082,10.3057
26083,8.4228
26084,8.50488
26085,13.8521
26086,8.92764
26087,8.24535
26088,8.24977
26089,7.72968
26090,10.7801
26091,8.16308
26092,8.57414
26093,8.73816
26094,10.7958
26095,11.176
26096,8.66477
26097,12.1171
26098,13.7574
26099,13.6127
26100,12.3757
26101,9.15628
26102,8.51719
26103,8.52562
26104,9.62692
26105,9.19732
26106,7.75914
26107,8.80484
26108,7.87474
26109,11.5968
26110,12.0697
26111,10.4945
26112,10.7232
26113,10.5945
26114,12.6944
26115,10.3801
26116,7.44144
26117,8.95984
26118,10.2676
26119,11.707
26120,8.72292
26121,10.7314
26122,11.8599
26123,10.0521
26124,7.32741
26125,8.8697
26126,12.08
26127,9.05967
26128,9.13976
26129,13.3359
26130,8.4988
26131,8.70825
26132,8.78883
26133,10.8394
26134,8.85404
26135,8.86247
26136,8.91016
26137,9.5612
26138,9.42186
26139,12.0652
26140,8.29322
26141,8.48708
26142,9.74438
26143,9.82669
26144,7.20301
26145,10.2196
26146,8.32833
26147,9.99258
26148,8.10144
26149,11.8397
26150,6.06672
26151,10.9885
26152,11.2725
26153,8.86323
26154,13.1812
26155,11.3917
26156,12.0151
26157,12.52
26158,9.35939
26159,10.8696
26160,9.01747
26161,9.08199
26162,9.61072
26163,8.32362
26164,10.3825
26165,6.50164
26166,8.95719
26167,9.3339
26168,9.41818
26169,9.67424
26170,9.96781
26171,9.9991
26172,10.1366
26173,11.5978
26174,9.37578
26175,8.82316
26176,8.83793
26177,11.9011
26178,8.99054
26179,7.87363
26180,10.802
26181,9.6456
26182,7.76621
26183,10.4861
26184,6.634
26185,7.45616
26186,10.4932
26187,11.5811
26188,8.6453
26189,12.2701
26190,10.9764
26191,8.72038
26192,12.2518
26193,13.6991
26194,9.7077
26195,8.77034
26196,11.6336
26197,6.71607
26198,10.7009
26199,15.7863
26200,14.244
26201,9.43074
26202,10.4128
26203,7.9602
26204,7.2316
26205,8.40447
26206,9.59885
26207,8.78069
26208,9.03484
26209,9.86962
26210,9.16555
26211,10.1873
26212,8.29978
26213,10.7897
26214,7.13566
26215,7.7704
26216,8.07415
26217,8.36228
26218,8.62369
26219,9.09088
26220,14.1352
26221,11.6449
26222,9.74557
26223,10.4107
26224,11.3167
26225,11.6913
26226,11.8433
26227,9.56507
26228,7.27414
26229,9.36313
26230,7.44141
26231,13.9572
26232,11.4454
26233,7.60597
26234,9.1733
26235,11.1817
26236,9.86691
26237,10.5664
26238,10.7339
26239,12.3889
26240,12.7567
26241,9.01379
26242,11.1007
26243,13.445
26244,9.57714
26245,7.47613
26246,7.77049
26247,11.8339
26248,12.0585
26249,11.9504
26250,10.1185
26251,11.1558
26252,7.59918
26253,13.3932
26254,8.90926
26255,11.9677
26256,9.17795
26257,9.61356
26258,8.32725
26259,10.1979
26260,10.7302
26261,12.1341
26262,9.79004
26263,12.7778
26264,9.42596
26265,7.62767
26266,10.405
26267,11.689
26268,12.013
26269,9.38744
26270,11.6421
26271,9.9038
26272,8.253
26273,10.2482
26274,8.62893
26275,9.46189
26276,11.6602
26277,10.2822
26278,9.71069
26279,11.9502
26280,6.04666
26281,13.0718
26282,7.22586
26283,11.4638
26284,13.7054
26285,10.4523
26286,8.65747
26287,9.95656
26288,13.0314
26289,9.10323
26290,7.31247
26291,8.82015
26292,10.8823
26293,9.28611
26294,7.3056
26295,9.97322
26296,10.4951
26297,15.8828
26298,9.21673
26299,9.52598
26300,9.72165
26301,9.81918
26302,13.0957
26303,10.1842
26304,10.3044
26305,10.5652
26306,11.3979
26307,10.8068
26308,13.0472
26309,12.1204
26310,10.1534
26311,8.28833
26312,10.3242
26313,12.5147
26314,14.2164
26315,12.3928
26316,12.3479
26317,15.3904
26318,6.53703
26319,11.6787
26320,9.87345
26321,11.4361
26322,9.62392
26323,12.7786
26324,10.4366
26325,17.6472
26326,7.71258
26327,9.18142
26328,7.24177
26329,14.2502
26330,8.26916
26331,9.58127
26332,9.6204
26333,9.76792
26334,10.0011
26335,11.0268
26336,13.7162
26337,11.3512
26338,7.53999
26339,11.7457
26340,12.1636
26341,16.4022
26342,9.83797
26343,13.1125
26344,11.2367
26345,10.7596
26346,12.1169
26347,7.29727
26348,8.41445
26349,8.5397
26350,9.81539
26351,11.8896
26352,12.5597
26353,15.9844
26354,13.6164
26355,7.1206
26356,10.2039
26357,11.4177
26358,9.64346
26359,9.65189
26360,9.81049
26361,8.04119
26362,7.9315
26363,8.29238
26364,8.70245
26365,8.8248
26366,8.66283
26367,10.0912
26368,8.23438
26369,12.5206
26370,13.5112
26371,10.8432
26372,10.6631
26373,10.6974
26374,9.74509
26375,9.19279
26376,11.6681
26377,7.75826
26378,13.2878
26379,12.402
26380,11.2033
26381,9.55407
26382,10.7833
26383,11.1411
26384,11.1181
26385,9.28011
26386,8.31728
26387,11.7034
26388,10.0364
26389,11.0459
26390,8.11386
26391,12.6181
26392,5.76949
26393,8.8415
26394,12.951
26395,16.3115
26396,7.90223
26397,14.0443
26398,10.7567
26399,11.3619
26400,8.52848
26401,9.04914
26402,12.5333
26403,10.8039
26404,12.1467
26405,7.25183
26406,9.61026
26407,10.223
26408,7.84223
26409,9.35617
26410,7.79124
26411,6.97457
26412,15.6786
26413,8.00734
26414,10.3281
26415,10.2665
26416,6.56606
26417,8.94705
26418,8.09734
26419,13.5339
26420,8.08904
26421,9.73705
26422,12.9395
26423,6.04704
26424,10.4852
26425,10.7309
26426,8.09114
26427,11.9765
26428,10.0665
26429,10.1514
26430,8.53877
26431,9.59507
26432,7.14229
26433,9.49769
26434,8.54166
26435,6.79574
26436,10.9076
26437,9.9877
26438,9.99676
26439,10.0956
26440,10.211
26441,8.39001
26442,10.0598
26443,9.09792
26444,13.3882
26445,9.72519
26446,9.86218
26447,10.9844
26448,9.72621
26449,9.71016
26450,14.8175
26451,8.88095
26452,7.02724
26453,7.21377
26454,8.79537
26455,9.33308
26456,9.45408
26457,16.5748
26458,10.5965
26459,10.8092
26460,10.2517
26461,6.93976
26462,10.051
26463,7.39145
26464,7.72888
26465,7.33382
26466,8.58758
26467,13.8637
26468,9.58671
26469,9.82043
26470,7.82886
26471,9.95942
26472,8.96785
26473,9.78974
26474,10.8551
26475,10.2336
26476,8.28822
26477,10.4244
26478,12.8797
26479,8.22332
26480,8.31496
26481,9.75443
26482,9.77688
26483,10.1725
26484,11.2528
26485,13.6802
26486,18.6978
26487,9.97314
26488,8.1027
26489,11.3853
26490,8.85396
26491,10.1979
26492,14.2407
26493,6.52903
26494,11.7412
26495,8.38133
26496,9.83384
26497,10.3032
26498,13.5695
26499,15.7159
26500,8.05058
26501,9.76363
26502,11.3696
26503,9.75505
26504,9.31619
26505,10.6585
26506,11.8316
26507,10.0885
26508,12.5207
26509,11.9016
26510,8.92351
26511,8.02141
26512,8.64813
26513,12.9005
26514,14.4969
26515,8.25363
26516,9.47507
26517,8.87797
26518,8.99272
26519,10.9433
26520,8.86541
26521,12.5988
26522,9.24368
26523,6.47535
26524,9.72106
26525,8.75767
26526,8.84589
26527,8.71403
26528,9.2924
26529,7.31669
26530,7.32512
26531,10.7812
26532,11.8617
26533,9.13835
26534,10.4258
26535,12.9424
26536,9.95115
26537,7.13595
26538,7.49809
26539,9.05203
26540,9.6641
26541,10.2546
26542,9.83126
26543,10.3892
26544,14.2416
26545,9.31354
26546,8.63089
26547,10.0307
26548,8.21249
26549,14.6536
26550,10.3968
26551,7.19485
26552,7.1451
26553,8.00783
26554,10.4886
26555,7.76191
26556,10.0796
26557,8.40794
26558,8.49015
26559,9.61922
26560,9.70215
26561,9.80329
26562,9.13488
26563,10.4697
26564,13.7144
26565,9.44544
26566,5.82113
26567,8.8707
26568,8.75207
26569,8.13781
26570,12.7439
26571,10.0783
26572,13.5116
26573,9.75563
26574,11.8734
26575,10.4478
26576,12.6888
26577,7.93555
26578,8.1315
26579,13.3503
26580,13.6767
26581,6.44028
26582,10.499
26583,7.95474
26584,7.20258
26585,8.44142
26586,13.314
26587,12.0637
26588,7.85554
26589,10.9417
26590,11.9706
26591,8.01232
26592,9.13787
26593,6.58532
26594,9.96271
26595,10.9759
26596,10.9982
26597,12.047
26598,10.0613
26599,9.78384
26600,10.7952
26601,7.40271
26602,11.7938
26603,7.82802
26604,12.2139
26605,12.3946
26606,10.5695
26607,10.9224
26608,12.2191
26609,10.3177
26610,7.35898
26611,14.2659
26612,11.5091
26613,11.609
26614,8.34638
26615,11.1716
26616,11.1805
26617,12.416
26618,10.9388
26619,16.3483
26620,6.06133
26621,12.5806
26622,7.69429
26623,10.8396
26624,11.4744
26625,10.8305
26626,7.00567
26627,10.0597
26628,10.0956
26629,8.58255
26630,8.41074
26631,7.75667
26632,12.1855
26633,12.2369
26634,12.8304
26635,10.3028
26636,8.78472
26637,10.1815
26638,10.2785
26639,10.2279
26640,6.66358
26641,12.0938
26642,7.69825
26643,10.7648
26644,13.0519
26645,8.75316
26646,6.95916
26647,8.20725
26648,12.572
26649,9.17262
26650,9.89417
26651,10.0125
26652,8.52682
26653,12.6056
26654,11.6443
26655,10.4149
26656,7.34673
26657,7.87846
26658,8.39381
26659,8.93699
26660,8.0211
26661,9.18517
26662,9.61249
26663,8.8802
26664,11.103
26665,14.2033
26666,9.67791
26667,11.0697
26668,9.63759
26669,9.72239
26670,10.381
26671,14.4134
26672,8.44073
26673,10.7023
26674,11.3652
26675,11.604
26676,12.8037
26677,9.21813
26678,9.00591
26679,12.3658
26680,13.2781
26681,10.5137
26682,11.8521
26683,8.91945
26684,11.362
26685,7.77738
26686,9.72029
26687,8.19023
26688,7.24398
26689,9.99498
26690,10.9124
26691,12.7824
26692,7.80558
26693,13.1707
26694,10.052
26695,15.7347
26696,9.24861
26697,7.99864
26698,10.7778
26699,11.3659
26700,10.981
26701,8.13564
26702,6.56041
26703,9.68391
26704,14.3508
26705,10.7588
26706,8.3725
26707,7.71507
26708,8.32764
26709,10.7049
26710,10.3436
26711,11.2677
26712,12.4647
26713,10.8206
26714,7.20606
26715,12.362
26716,8.55856
26717,8.59142
26718,13.603
26719,9.01508
26720,11.4529
26721,14.6513
26722,10.8253
26723,11.0791
26724,10.4901
26725,17.4708
26726,9.51747
26727,12.1805
26728,9.14684
26729,8.30059
26730,7.49213
26731,9.57078
26732,7.83573
26733,8.84416
26734,8.2046
26735,8.45
26736,8.45843
26737,8.48805
26738,10.7312
26739,7.73962
26740,8.13471
26741,8.55271
26742,9.78551
26743,9.01312
26744,11.033
26745,9.10641
26746,10.9856
26747,11.1852
26748,11.3608
26749,11.395
26750,11.4393
26751,8.55034
26752,8.9276
26753,8.46485
26754,8.74457
26755,9.72615
26756,9.90077
26757,10.0802
26758,8.54391
26759,8.56053
26760,8.58742
26761,8.53279
26762,13.9955
26763,8.03866
26764,8.14613
26765,13.4275
26766,9.79389
26767,8.92025
26768,9.10203
26769,11.1554
26770,8.37162
26771,8.69575
26772,8.96791
26773,8.47468
26774,10.0204
26775,10.6365
26776,14.3072
26777,11.6387
26778,12.724
26779,7.55887
26780,17.9129
26781,10.285
26782,10.5036
26783,10.6764
26784,10.343
26785,9.47367
26786,12.9149
26787,13.6794
26788,9.59529
26789,9.76232
26790,8.18732
26791,10.6658
26792,9.48202
26793,9.53817
26794,10.5515
26795,11.3243
26796,9.03415
26797,7.46019
26798,8.90014
26799,8.59408
26800,8.67237
26801,7.74181
26802,9.42449
26803,9.74588
26804,10.4071
26805,9.3164
26806,16.6768
26807,5.86737
26808,11.9343
26809,7.24042
26810,12.8939
26811,9.32488
26812,8.94493
26813,10.9354
26814,10.9585
26815,8.27239
26816,10.8887
26817,8.76594
26818,7.97915
26819,7.58526
26820,10.104
26821,10.3228
26822,10.6102
26823,11.5134
26824,7.88294
26825,8.47427
26826,7.71174
26827,9.30723
26828,9.34288
26829,10.0216
26830,9.32872
26831,9.024
26832,11.4784
26833,7.7474
26834,9.0389
26835,11.1112
26836,8.58853
26837,6.60945
26838,10.7603
26839,10.899
26840,11.3701
26841,8.15492
26842,9.35271
26843,10.4442
26844,9.69091
26845,13.3248
26846,8.02106
26847,10.0485
26848,12.7979
26849,7.22593
26850,8.33373
26851,8.38571
26852,10.4406
26853,7.54469
26854,10.577
26855,15.7076
26856,7.62322
26857,9.05948
26858,11.1837
26859,9.45036
26860,10.4745
26861,10.0625
26862,11.2992
26863,13.8887
26864,7.57203
26865,9.76286
26866,8.45274
26867,7.54442
26868,7.99117
26869,8.15681
26870,7.21561
26871,8.24416
26872,12.4013
26873,10.5853
26874,8.62812
26875,8.73326
26876,9.02641
26877,11.0822
26878,13.3133
26879,9.57458
26880,9.70136
26881,12.9629
26882,13.0519
26883,10.063
26884,10.4468
26885,10.8394
26886,11.9434
26887,11.4815
26888,9.42414
26889,9.43993
26890,10.9874
26891,9.26833
26892,6.61655
26893,6.62643
26894,10.0007
26895,9.3285
26896,7.58983
26897,10.7572
26898,8.92611
26899,10.5728
26900,9.74856
26901,10.2144
26902,10.7226
26903,10.8915
26904,7.94235
26905,10.9536
26906,7.98868
26907,7.00286
26908,11.4756
26909,11.4841
26910,7.81503
26911,7.09318
26912,9.02937
26913,6.59304
26914,13.6015
26915,8.84952
26916,14.1189
26917,7.12737
26918,9.29855
26919,7.87064
26920,10.1671
26921,9.00777
26922,9.16612
26923,13.3102
26924,9.8197
26925,13.8298
26926,10.9292
26927,12.9907
26928,13.5179
26929,8.31359
26930,12.6404
26931,9.40134
26932,9.49094
26933,9.7393
26934,11.1133
26935,16.6365
26936,11.1671
26937,7.17495
26938,12.727
26939,5.89988
26940,12.1422
26941,15.7022
26942,8.02876
26943,11.0372
26944,8.37065
26945,9.06213
26946,9.69082
26947,7.14257
26948,10.4115
26949,10.6625
26950,10.8439
26951,13.5435
26952,8.78292
26953,10.3948
26954,11.9499
26955,9.04809
26956,11.1983
26957,13.1627
26958,7.75025
26959,8.40179
26960,8.45471
26961,9.34706
26962,9.91278
26963,11.6493
26964,11.9213
26965,10.0157
26966,11.7241
26967,11.7821
26968,12.7905
26969,8.60169
26970,12.8925
26971,11.9395
26972,14.0066
26973,10.2731
26974,9.16558
26975,9.32575
26976,8.40593
26977,9.872
26978,11.8148
26979,9.88837
26980,10.3703
26981,11.4244
26982,12.8219
26983,14.9131
26984,7.98186
26985,9.7724
26986,11.5845
26987,10.4832
26988,8.54068
26989,9.69212
26990,16.8974
26991,9.26048
26992,9.99369
26993,11.1313
26994,7.38713
26995,10.4657
26996,10.7282
26997,10.8038
26998,12.6255
26999,13.1434
27000,8.73405
27001,9.04609
27002,9.49656
27003,10.867
27004,10.4664
27005,10.4809
27006,14.2071
27007,11.9783
27008,9.66652
27009,7.81034
27010,12.9484
27011,16.0025
27012,8.79404
27013,9.55774
27014,9.70544
27015,10.5289
27016,8.7093
27017,9.43129
27018,13.4778
27019,12.8335
27020,12.5244
27021,8.64231
27022,11.7175
27023,9.7651
27024,11.1443
27025,11.2332
27026,10.3752
27027,11.51
27028,11.6777
27029,10.0898
27030,10.1706
27031,7.68018
27032,13.905
27033,8.79293
27034,9.92441
27035,6.9415
27036,9.2757
27037,11.5394
27038,9.77699
27039,10.1792
27040,10.351
27041,10.2511
27042,10.5982
27043,8.34149
27044,12.5768
27045,9.69045
27046,13.3268
27047,8.63407
27048,9.29881
27049,10.6995
27050,10.0384
27051,11.0091
27052,10.173
27053,12.3183
27054,11.9977
27055,11.5918
27056,9.40016
27057,7.06147
27058,9.2057
27059,10.8999
27060,17.0941
27061,11.4151
27062,8.60547
27063,10.7218
27064,11.538
27065,9.87287
27066,11.0627
27067,8.21706
27068,16.8315
27069,6.57001
27070,9.05007
27071,9.62398
27072,7.78292
27073,5.81944
27074,7.97953
27075,10.9397
27076,11.1858
27077,9.23315
27078,10.5028
27079,10.728
27080,13.9707
27081,7.97914
27082,10.0774
27083,11.5235
27084,8.58272
27085,9.82832
27086,11.8908
27087,11.246
27088,9.50048
27089,10.0366
27090,7.49238
27091,12.5496
27092,9.71717
27093,8.89105
27094,8.93288
27095,12.8844
27096,14.3078
27097,12.4062
27098,9.52686
27099,10.124
27100,9.24182
27101,10.4044
27102,7.79167
27103,9.87135
27104,11.9882
27105,8.45174
27106,14.0438
27107,7.30356
27108,7.76539
27109,10.9641
27110,10.7843
27111,13.8884
27112,10.9836
27113,11.2271
27114,12.2904
27115,12.7438
27116,13.5114
27117,11.546
27118,13.8148
27119,9.02006
27120,10.972
27121,11.523
27122,10.4705
27123,11.8316
27124,12.2765
27125,7.44961
27126,7.80542
27127,8.23316
27128,12.2416
27129,13.632
27130,10.6405
27131,7.14644
27132,7.53463
27133,11.5969
27134,9.95625
27135,7.46873
27136,7.86624
27137,8.58094
27138,9.28125
27139,8.45894
27140,10.5552
27141,11.6607
27142,8.3452
27143,10.5064
27144,9.38838
27145,9.58089
27146,9.92965
27147,10.0123
27148,10.7362
27149,11.6259
27150,8.73859
27151,7.79558
27152,11.878
27153,10.2518
27154,12.3736
27155,9.19857
27156,10.3411
27157,13.5334
27158,11.6199
27159,12.3378
27160,12.3557
27161,10.0512
27162,8.57411
27163,8.97176
27164,7.74357
27165,8.89573
27166,8.16496
27167,8.23146
27168,9.24596
27169,6.21767
27170,12.948
27171,7.18479
27172,14.2125
27173,7.37961
27174,12.6206
27175,8.65666
27176,10.0806
27177,8.16553
27178,10.0414
27179,10.2143
27180,10.3965
27181,10.4712
27182,10.8658
27183,10.088
27184,11.1572
27185,10.3747
27186,9.08909
27187,9.64251
27188,9.89503
27189,10.5297
27190,6.27014
27191,9.27919
27192,7.74165
27193,9.12458
27194,12.2554
27195,5.45987
27196,8.99202
27197,9.9445
27198,8.43956
27199,7.01279
27200,8.05218
27201,9.08179
27202,10.1199
27203,11.159
27204,11.1929
27205,11.2806
27206,11.8175
27207,9.06326
27208,12.0952
27209,10.2397
27210,9.25839
27211,8.92197
27212,9.96891
27213,12.3642
27214,11.0991
27215,12.1701
27216,10.6527
27217,12.7406
27218,14.9027
27219,12.7093
27220,10.2873
27221,6.97677
27222,9.19051
27223,12.6419
27224,10.498
27225,8.89481
27226,9.2963
27227,10.447
27228,10.4928
27229,10.8275
27230,12.9114
27231,11.8024
27232,11.94
27233,8.20231
27234,12.6975
27235,9.7787
27236,13.1749
27237,13.4812
27238,9.99919
27239,11.1464
27240,14.1908
27241,9.23673
27242,10.6374
27243,10.7041
27244,8.83358
27245,11.0025
27246,9.36878
27247,11.9788
27248,8.04616
27249,11.1242
27250,12.3562
27251,14.6969
27252,10.8349
27253,9.20308
27254,11.6447
27255,14.407
27256,9.65536
27257,9.85142
27258,8.78585
27259,11.1624
27260,11.3118
27261,10.9068
27262,11.1164
27263,9.13575
27264,9.48117
27265,9.63707
27266,10.1527
27267,8.81387
27268,9.09123
27269,9.93797
27270,10.6824
27271,9.92359
27272,11.0167
27273,12.3476
27274,8.51374
27275,10.7525
27276,9.25979
27277,10.385
27278,16.447
27279,9.86644
27280,11.3169
27281,5.69761
27282,8.18392
27283,8.25931
27284,7.39771
27285,9.44286
27286,7.68602
27287,9.81227
27288,12.9928
27289,9.13143
27290,7.21402
27291,9.36636
27292,7.47603
27293,8.52536
27294,10.7292
27295,8.79115
27296,8.09317
27297,11.4262
27298,8.63401
27299,10.7982
27300,8.90419
27301,7.33101
27302,10.4991
27303,12.5318
27304,11.864
27305,9.98602
27306,11.3598
27307,13.5258
27308,10.5843
27309,6.86885
27310,10.8773
27311,9.17901
27312,9.22207
27313,9.4064
27314,9.87045
27315,9.36978
27316,9.67898
27317,11.2524
27318,13.2889
27319,9.50056
27320,11.8224
27321,8.96522
27322,10.2839
27323,13.3572
27324,8.66476
27325,7.1374
27326,8.24717
27327,9.30294
27328,10.9142
27329,14.0993
27330,12.6729
27331,8.47419
27332,12.5342
27333,8.55875
27334,7.74141
27335,8.39942
27336,10.426
27337,10.6973
27338,10.7899
27339,10.3864
27340,11.4947
27341,14.551
27342,7.56616
27343,10.9917
27344,12.5005
27345,6.30553
27346,8.32919
27347,9.90692
27348,12.7245
27349,11.1862
27350,8.7505
27351,11.804
27352,10.0117
27353,19.098
27354,14.7695
27355,11.8362
27356,9.89643
27357,10.7026
27358,11.3661
27359,11.5398
27360,7.68903
27361,6.4591
27362,8.53494
27363,11.6861
27364,8.79827
27365,8.87067
27366,9.45573
27367,8.14128
27368,8.43912
27369,10.5137
27370,8.67881
27371,5.99622
27372,12.1922
27373,10.4743
27374,8.81819
27375,11.1813
27376,12.4631
27377,12.619
27378,10.8898
27379,10.5712
27380,9.72386
27381,10.7903
27382,7.92412
27383,13.565
27384,7.86404
27385,8.23764
27386,8.18745
27387,8.64336
27388,11.2099
27389,10.2842
27390,7.83798
27391,10.1667
27392,9.3925
27393,7.94489
27394,9.87855
27395,10.5319
27396,8.87022
27397,8.09434
27398,10.5455
27399,7.41603
27400,12.4473
27401,7.84837
27402,8.19828
27403,9.68414
27404,9.05166
27405,8.13408
27406,7.06747
27407,12.1541
27408,8.88516
27409,9.43984
27410,10.213
27411,10.2628
27412,10.7271
27413,10.9186
27414,11.1222
27415,11.7276
27416,8.69454
27417,8.93516
27418,9.18114
27419,14.2003
27420,10.6955
27421,11.3065
27422,8.72585
27423,11.849
27424,8.88285
27425,12.8703
27426,8.45752
27427,9.57886
27428,9.71819
27429,9.17644
27430,10.3842
27431,15.3926
27432,9.43946
27433,10.5012
27434,9.69045
27435,11.0054
27436,11.3286
27437,11.6853
27438,11.7271
27439,20.7355
27440,7.84795
27441,7.895
27442,12.1082
27443,13.173
27444,13.6113
27445,12.9302
27446,10.5019
27447,11.2741
27448,8.4586
27449,8.60623
27450,8.70193
27451,9.02007
27452,7.40766
27453,7.79919
27454,8.13709
27455,10.1529
27456,10.1614
27457,7.3183
27458,8.42803
27459,10.4842
27460,8.50631
27461,10.5518
27462,8.86795
27463,8.81282
27464,11.8656
27465,12.2581
27466,11.3235
27467,6.40457
27468,14.6122
27469,9.41652
27470,10.2955
27471,10.304
27472,10.5842
27473,10.9537
27474,9.31612
27475,7.17549
27476,8.1805
27477,8.6476
27478,7.82775
27479,10.0703
27480,12.1371
27481,10.2798
27482,10.4935
27483,8.61427
27484,8.85185
27485,11.7301
27486,9.57556
27487,8.94421
27488,9.06581
27489,9.15058
27490,9.33192
27491,12.0105
27492,12.8057
27493,8.59653
27494,10.6851
27495,9.47282
27496,14.9531
27497,10.4775
27498,5.69232
27499,7.63786
27500,10.6868
27501,10.9978
27502,9.15553
27503,7.60913
27504,7.34177
27505,7.17971
27506,9.78789
27507,9.30964
27508,11.8471
27509,12.7823
27510,6.68763
27511,9.53887
27512,10.9874
27513,9.30148
27514,10.9465
27515,12.3288
27516,8.39053
27517,7.71697
27518,9.8813
27519,9.68727
27520,9.33956
27521,10.4103
27522,9.4796
27523,10.0656
27524,10.9322
27525,6.95956
27526,9.57369
27527,12.1943
27528,6.43949
27529,12.9707
27530,14.084
27531,8.16994
27532,7.64946
27533,10.6579
27534,9.0212
27535,7.71686
27536,11.7817
27537,10.4055
27538,10.5251
27539,11.5876
27540,12.0074
27541,9.08426
27542,8.77216
27543,11.9519
27544,11.1823
27545,7.42502
27546,8.52235
27547,12.7634
27548,11.7718
27549,13.0173
27550,11.027
27551,12.4017
27552,10.4493
27553,9.10674
27554,12.6909
27555,11.7058
27556,9.37927
27557,10.3094
27558,10.7504
27559,17.9225
27560,7.33853
27561,12.5698
27562,12.7747
27563,11.1577
27564,8.22931
27565,7.70729
27566,9.50934
27567,7.75268
27568,8.10321
27569,11.6426
27570,7.61667
27571,9.64411
27572,11.473
27573,5.95109
27574,9.50206
27575,9.66358
27576,9.9843
27577,11.9927
27578,7.65012
27579,11.0544
27580,14.3411
27581,12.0407
27582,9.30042
27583,9.38824
27584,10.0499
27585,10.3722
27586,11.8137
27587,8.01651
27588,13.3856
27589,8.60983
27590,8.79638
27591,8.82344
27592,11.3813
27593,16.564
27594,9.57345
27595,11.6199
27596,11.6334
27597,9.80545
27598,10.3356
27599,10.8716
27600,11.0767
27601,8.22324
27602,14.3845
27603,8.55087
27604,12.6775
27605,12.0211
27606,12.0329
27607,10.31
27608,10.3247
27609,9.1379
27610,10.8733
27611,10.4997
27612,15.7667
27613,8.07042
27614,11.2277
27615,11.3201
27616,10.1287
27617,8.90727
27618,9.00688
27619,11.4352
27620,12.5659
27621,8.00928
27622,11.2766
27623,7.44814
27624,8.87477
27625,8.0463
27626,9.43508
27627,10.418
27628,10.5776
27629,11.0255
27630,12.9085
27631,9.9947
27632,12.6813
27633,7.22034
27634,10.6607
27635,9.88431
27636,9.11455
27637,9.14549
27638,8.52527
27639,7.88217
27640,10.1295
27641,8.69126
27642,9.37538
27643,15.0486
27644,11.1786
27645,11.387
27646,10.476
27647,8.80293
27648,13.123
27649,11.1989
27650,9.61252
27651,10.7258
27652,9.51856
27653,9.63592
27654,8.35776
27655,8.51949
27656,15.0669
27657,9.59111
27658,7.7481
27659,13.2341
27660,10.4462
27661,9.3261
27662,11.8563
27663,10.4218
27664,10.9042
27665,11.1577
27666,8.67025
27667,12.0223
27668,8.56789
27669,9.09963
27670,10.8446
27671,10.9202
27672,9.59604
27673,12.3386
27674,7.79831
27675,8.40019
27676,8.44116
27677,11.6712
27678,7.99608
27679,7.54835
27680,9.55679
27681,15.1898
27682,7.09761
27683,10.1299
27684,7.1712
27685,10.4902
27686,11.3969
27687,11.7683
27688,7.77796
27689,10.1542
27690,14.3372
27691,11.8959
27692,8.36379
27693,8.80898
27694,9.45954
27695,9.56501
27696,9.03686
27697,12.7244
27698,12.5384
27699,12.2718
27700,13.2549
27701,13.1038
27702,16.1028
27703,6.97796
27704,8.32649
27705,13.5632
27706,13.879
27707,9.13358
27708,11.9324
27709,9.74691
27710,10.8831
27711,8.04564
27712,7.85843
27713,8.04395
27714,9.33071
27715,12.5111
27716,10.8935
27717,9.91709
27718,15.0703
27719,9.37722
27720,12.0006
27721,7.17487
27722,11.3629
27723,11.5418
27724,8.89572
27725,9.44125
27726,7.48253
27727,9.84521
27728,13.5859
27729,10.7004
27730,8.98925
27731,9.26323
27732,12.615
27733,9.90507
27734,10.135
27735,10.4905
27736,12.7884
27737,8.15237
27738,12.3164
27739,7.52952
27740,10.7133
27741,11.8266
27742,7.12688
27743,8.28104
27744,13.3392
27745,7.82364
27746,10.0634
27747,8.17472
27748,11.766
27749,10.5244
27750,9.3434
27751,9.769
27752,12.9621
27753,13.3371
27754,11.0456
27755,8.21219
27756,11.359
27757,11.6284
27758,9.77166
27759,15.3325
27760,7.47751
27761,8.83008
27762,12.855
27763,9.1878
27764,6.92671
27765,11.7667
27766,7.82692
27767,7.88502
27768,8.50579
27769,9.54586
27770,7.86792
27771,10.4359
27772,9.50108
27773,11.7908
27774,11.8292
27775,12.0548
27776,10.1798
27777,8.20655
27778,13.215
27779,12.6898
27780,8.87464
27781,12.6974
27782,7.97457
27783,8.24871
27784,9.88208
27785,8.3727
27786,10.1953
27787,11.025
27788,8.77538
27789,6.97508
27790,10.0761
27791,10.3668
27792,9.96277
27793,7.9712
27794,8.26181
27795,11.2804
27796,9.45641
27797,8.64252
27798,9.81104
27799,11.9855
27800,10.5301
27801,10.644
27802,9.86814
27803,10.0835
27804,10.1147
27805,12.2716
27806,10.9673
27807,10.1907
27808,12.3131
27809,12.8213
27810,13.0808
27811,8.26932
27812,8.63977
27813,6.82123
27814,9.30885
27815,7.08774
27816,7.97809
27817,10.7626
27818,8.20567
27819,8.23858
27820,11.2518
27821,7.92427
27822,8.45996
27823,10.9849
27824,10.4052
27825,11.4577
27826,15.8128
27827,10.3853
27828,7.91366
27829,9.52607
27830,15.8024
27831,12.4746
27832,12.5507
27833,6.73707
27834,8.50858
27835,8.56832
27836,10.597
27837,8.74381
27838,8.64738
27839,9.76446
27840,10.5198
27841,10.5676
27842,11.9193
27843,10.3843
27844,8.44027
27845,11.5614
27846,10.7091
27847,8.75935
27848,12.3759
27849,9.59329
27850,7.60307
27851,8.62937
27852,10.0789
27853,9.5936
27854,10.1504
27855,9.47233
27856,10.1369
27857,9.18985
27858,10.862
27859,7.52475
27860,7.57327
27861,13.8897
27862,13.8975
27863,11.1188
27864,7.75784
27865,7.99408
27866,7.07571
27867,8.9505
27868,13.0275
27869,13.0842
27870,11.3786
27871,10.4486
27872,10.5092
27873,11.1181
27874,11.3511
27875,11.4122
27876,9.1285
27877,9.80216
27878,9.44893
27879,10.5648
27880,14.0213
27881,11.1465
27882,9.35898
27883,14.8953
27884,11.822
27885,9.25138
27886,9.74031
27887,12.0662
27888,14.1619
27889,7.13378
27890,10.6062
27891,13.8572
27892,8.928
27893,10.2356
27894,9.52444
27895,11.7075
27896,9.31204
27897,7.76424
27898,16.1427
27899,8.65334
27900,13.6699
27901,10.4434
27902,8.10082
27903,10.1332
27904,10.7683
27905,9.91421
27906,10.2488
27907,15.6015
27908,8.75773
27909,9.0861
27910,9.1716
27911,8.44022
27912,10.4937
27913,8.63723
27914,10.7803
27915,11.1408
27916,8.38153
27917,8.29138
27918,10.1317
27919,11.1624
27920,7.39786
27921,9.73651
27922,11.2843
27923,7.63108
27924,10.0518
27925,11.1936
27926,13.1027
27927,11.8206
27928,6.86562
27929,11.1879
27930,14.6109
27931,8.18682
27932,11.2219
27933,14.6602
27934,8.87087
27935,12.9973
27936,10.4165
27937,8.10549
27938,10.2185
27939,7.67007
27940,9.6785
27941,6.73411
27942,8.19299
27943,8.21102
27944,8.32972
27945,11.3642
27946,8.47368
27947,8.48211
27948,9.68946
27949,11.7624
27950,9.25548
27951,5.93545
27952,8.94765
27953,14.746
27954,11.0363
27955,7.47058
27956,9.87701
27957,8.70535
27958,14.4355
27959,6.97288
27960,7.07111
27961,10.3407
27962,12.1474
27963,6.70323
27964,8.48518
27965,8.82197
27966,11.221
27967,13.1089
27968,7.66947
27969,9.09782
27970,11.7788
27971,8.10836
27972,9.15781
27973,9.94217
27974,10.0725
27975,9.5007
27976,5.55528
27977,11.2177
27978,10.894
27979,7.23296
27980,10.0022
27981,8.40969
27982,9.6093
27983,12.6217
27984,7.69967
27985,10.1611
27986,8.25109
27987,10.8502
27988,7.04725
27989,12.0611
27990,14.0723
27991,7.09655
27992,7.32537
27993,7.39422
27994,8.88496
27995,9.1441
27996,11.4527
27997,9.0812
27998,13.4683
27999,10.4986
28000,11.1471
28001,11.2628
28002,11.5396
28003,7.56671
28004,9.70217
28005,11.2604
28006,12.3638
28007,11.399
28008,13.2509
28009,9.74823
28010,6.83833
28011,7.57812
28012,7.63972
28013,6.8903
28014,8.92667
28015,9.42464
28016,8.57332
28017,11.2833
28018,19.4008
28019,13.3993
28020,9.45246
28021,9.80842
28022,9.94506
28023,10.1983
28024,10.3598
28025,10.4792
28026,8.48766
28027,9.01343
28028,11.507
28029,11.6356
28030,9.55565
28031,10.9352
28032,13.7771
28033,11.7107
28034,10.0071
28035,11.6181
28036,7.66499
28037,11.9797
28038,10.9169
28039,7.92528
28040,10.5005
28041,6.71413
28042,11.7226
28043,11.7552
28044,10.5141
28045,9.51926
28046,10.1042
28047,6.77171
28048,11.1742
28049,8.31421
28050,11.6072
28051,11.6364
28052,11.7116
28053,8.91557
28054,8.9539
28055,11.977
28056,12.3107
28057,12.7774
28058,9.05862
28059,14.3383
28060,9.68263
28061,10.0784
28062,12.4134
28063,9.83074
28064,10.9272
28065,10.1541
28066,8.98757
28067,8.41446
28068,10.9323
28069,14.4253
28070,10.1127
28071,7.72405
28072,11.0168
28073,8.04549
28074,10.4342
28075,8.79607
28076,11.9759
28077,9.51427
28078,9.91089
28079,9.92215
28080,9.47774
28081,9.35224
28082,8.72301
28083,9.36279
28084,8.46495
28085,8.84836
28086,7.93879
28087,10.9472
28088,11.1268
28089,9.6381
28090,13.9939
28091,11.7101
28092,9.08142
28093,12.3236
28094,13.1681
28095,10.8271
28096,11.8081
28097,9.82818
28098,8.15523
28099,14.6509
28100,7.65934
28101,9.58769
28102,11.4314
28103,8.5635
28104,11.819
28105,8.13204
28106,8.71334
28107,10.0044
28108,8.08733
28109,9.17644
28110,10.2862
28111,9.51402
28112,11.6929
28113,9.93026
28114,10.2838
28115,10.3716
28116,10.4048
28117,9.62856
28118,14.8199
28119,6.87118
28120,11.9561
28121,11.4087
28122,9.34716
28123,9.65453
28124,8.73143
28125,9.78133
28126,9.19988
28127,9.2735
28128,14.7547
28129,8.34647
28130,11.062
28131,12.7103
28132,12.374
28133,12.6369
28134,11.7419
28135,8.1164
28136,8.12483
28137,9.09133
28138,13.1374
28139,10.0262
28140,10.4608
28141,15.1715
28142,8.42026
28143,8.57039
28144,8.91578
28145,9.52011
28146,9.5711
28147,9.58038
28148,9.602
28149,13.6749
28150,11.9741
28151,12.5607
28152,8.40864
28153,11.1414
28154,11.4801
28155,6.75791
28156,14.0583
28157,12.6512
28158,8.35987
28159,9.59616
28160,11.6343
28161,12.9368
28162,8.92492
28163,9.95792
28164,11.6609
28165,9.16877
28166,12.5932
28167,9.74358
28168,10.6406
28169,9.64342
28170,15.2487
28171,10.576
28172,9.05884
28173,8.52323
28174,9.53167
28175,12.5401
28176,9.61825
28177,10.659
28178,9.56103
28179,10.7677
28180,8.32371
28181,7.77676
28182,11.9704
28183,9.13204
28184,8.9143
28185,10.7835
28186,9.80683
28187,9.7798
28188,11.8981
28189,9.98766
28190,11.0063
28191,11.1212
28192,11.8948
28193,12.2607
28194,10.3977
28195,9.17543
28196,8.39261
28197,14.6234
28198,11.159
28199,10.4844
28200,12.8791
28201,13.1964
28202,9.0315
28203,10.3612
28204,9.02525
28205,13.2635
28206,10.2037
28207,15.8945
28208,10.121
28209,12.7914
28210,8.65977
28211,9.75449
28212,6.76933
28213,8.93866
28214,7.16258
28215,7.4616
28216,12.6722
28217,8.68136
28218,8.96591
28219,12.7796
28220,13.6067
28221,14.0925
28222,8.23169
28223,10.5285
28224,9.06459
28225,13.9479
28226,14.8176
28227,11.6354
28228,8.19209
28229,8.69769
28230,13.2315
28231,10.3058
28232,8.54618
28233,12.6413
28234,11.2709
28235,15.2938
28236,8.57277
28237,9.44579
28238,9.85884
28239,9.45195
28240,9.59941
28241,10.2645
28242,11.4843
28243,8.59901
28244,11.1327
28245,11.1936
28246,12.2115
28247,11.3735
28248,13.2776
28249,12.8306
28250,15.839
28251,9.48308
28252,6.90473
28253,10.9595
28254,8.60883
28255,9.81339
28256,12.187
28257,9.00804
28258,9.0926
28259,10.314
28260,8.7794
28261,9.01162
28262,9.13529
28263,10.2395
28264,9.30054
28265,8.63254
28266,9.71529
28267,8.9494
28268,8.04897
28269,10.5641
28270,9.70067
28271,12.9134
28272,10.003
28273,8.27233
28274,9.38994
28275,10.7908
28276,13.0429
28277,12.5436
28278,8.85524
28279,14.4312
28280,10.893
28281,11.2304
28282,9.42929
28283,14.5305
28284,7.71744
28285,10.7916
28286,9.06847
28287,6.42931
28288,10.8494
28289,8.31282
28290,10.3258
28291,8.65316
28292,9.79716
28293,13.1152
28294,12.1504
28295,10.4776
28296,6.99893
28297,8.01579
28298,7.12718
28299,11.1729
28300,10.9833
28301,9.00116
28302,9.10514
28303,11.8236
28304,9.91227
28305,9.99863
28306,10.1424
28307,9.15082
28308,9.4026
28309,10.1458
28310,11.4106
28311,11.4901
28312,11.7516
28313,10.991
28314,13.429
28315,13.4583
28316,9.83891
28317,13.8478
28318,7.22537
28319,10.9284
28320,10.1022
28321,14.1751
28322,10.9351
28323,7.51114
28324,10.0727
28325,10.4303
28326,10.5851
28327,10.3822
28328,8.01572
28329,8.64304
28330,9.93779
28331,10.1214
28332,10.5678
28333,12.7365
28334,13.4034
28335,11.4856
28336,11.5324
28337,11.5569
28338,10.6164
28339,10.9868
28340,12.3417
28341,11.6509
28342,8.28463
28343,13.4161
28344,8.94044
28345,13.3125
28346,7.56185
28347,14.0543
28348,16.5583
28349,10.5991
28350,8.79673
28351,10.8162
28352,10.9097
28353,7.64923
28354,9.49667
28355,8.70849
28356,13.9766
28357,14.9972
28358,9.89253
28359,12.0965
28360,10.2721
28361,10.5131
28362,13.5384
28363,9.57493
28364,8.99646
28365,12.3828
28366,10.5974
28367,13.3265
28368,12.8722
28369,10.1113
28370,10.5345
28371,10.8025
28372,10.8714
28373,7.98979
28374,9.22671
28375,9.24486
28376,7.45939
28377,8.74694
28378,8.93765
28379,9.19906
28380,9.40755
28381,12.0482
28382,8.16125
28383,12.7831
28384,7.06669
28385,11.2779
28386,15.2367
28387,12.9466
28388,9.956
28389,10.162
28390,10.5306
28391,10.5415
28392,10.5534
28393,13.3771
28394,10.9803
28395,9.45761
28396,8.56896
28397,8.68285
28398,9.31362
28399,10.0676
28400,11.4402
28401,6.75892
28402,10.8398
28403,12.5794
28404,9.8132
28405,8.93919
28406,13.5987
28407,10.6354
28408,8.73955
28409,8.76648
28410,9.05562
28411,11.2311
28412,8.30621
28413,8.65666
28414,11.0796
28415,10.2008
28416,12.4309
28417,10.6807
28418,12.3054
28419,9.66597
28420,12.4183
28421,9.52541
28422,8.62692
28423,12.9108
28424,10.0569
28425,9.37162
28426,11.156
28427,13.0577
28428,5.81981
28429,12.4219
28430,11.587
28431,8.81393
28432,9.19839
28433,8.43432
28434,8.91777
28435,11.3396
28436,9.51517
28437,9.52501
28438,9.68243
28439,10.3935
28440,10.4691
28441,11.8977
28442,7.55942
28443,13.8345
28444,11.9229
28445,11.0136
28446,8.03454
28447,10.73
28448,9.95705
28449,10.567
28450,11.6328
28451,10.7192
28452,8.37952
28453,10.2883
28454,8.42434
28455,13.4332
28456,8.57164
28457,7.87479
28458,10.3742
28459,12.8664
28460,9.57699
28461,6.73737
28462,10.4737
28463,11.503
28464,10.5365
28465,7.67181
28466,11.314
28467,8.48051
28468,12.1328
28469,10.1417
28470,9.33433
28471,10.0939
28472,9.10981
28473,8.77441
28474,13.007
28475,9.59292
28476,13.7116
28477,11.7379
28478,7.4223
28479,8.6811
28480,7.06977
28481,8.0119
28482,7.26517
28483,9.75231
28484,12.4
28485,11.2766
28486,9.94858
28487,9.07717
28488,10.1191
28489,9.15673
28490,17.0791
28491,8.43995
28492,10.5743
28493,7.68007
28494,5.98961
28495,9.61138
28496,7.23152
28497,7.91294
28498,8.18221
28499,12.3053
28500,15.2669
28501,12.6293
28502,11.1728
28503,8.4001
28504,8.53067
28505,6.21098
28506,8.59732
28507,13.0352
28508,9.18753
28509,13.6958
28510,9.83746
28511,17.1968
28512,10.0416
28513,8.39632
28514,9.57845
28515,11.9268
28516,12.0695
28517,13.5783
28518,12.7055
28519,11.7059
28520,10.0558
28521,10.1267
28522,14.3269
28523,8.66058
28524,10.7482
28525,14.7342
28526,10.3767
28527,8.78934
28528,13.8174
28529,13.9256
28530,11.2836
28531,8.30843
28532,6.33269
28533,12.6619
28534,7.91725
28535,6.11662
28536,14.2926
28537,10.307
28538,8.70827
28539,8.90043
28540,10.9501
28541,10.2044
28542,13.5479
28543,13.9063
28544,8.83678
28545,12.0305
28546,10.3173
28547,9.71297
28548,13.6761
28549,8.12954
28550,9.37867
28551,9.65943
28552,8.78447
28553,11.3856
28554,11.5971
28555,11.8325
28556,9.25934
28557,9.17147
28558,7.581
28559,6.65415
28560,7.15046
28561,9.77675
28562,7.3238
28563,9.54844
28564,7.4944
28565,9.54906
28566,9.0346
28567,10.056
28568,9.45022
28569,10.5176
28570,11.5664
28571,11.5589
28572,8.59355
28573,11.7673
28574,15.0379
28575,14.4732
28576,12.4971
28577,7.59226
28578,8.83229
28579,9.70283
28580,11.1546
28581,9.60159
28582,10.7795
28583,11.2134
28584,9.58158
28585,13.4515
28586,11.7196
28587,10.1361
28588,11.3629
28589,8.90507
28590,7.6251
28591,12.8735
28592,7.88193
28593,12.3188
28594,8.70815
28595,11.9707
28596,8.40218
28597,9.62642
28598,12.8212
28599,7.23564
28600,10.8759
28601,10.9662
28602,11.1617
28603,8.35743
28604,7.69634
28605,9.23009
28606,9.56417
28607,12.0304
28608,11.9493
28609,11.0149
28610,9.24539
28611,11.4081
28612,9.47976
28613,9.61414
28614,9.67116
28615,7.61725
28616,9.40999
28617,6.01653
28618,12.2927
28619,10.6182
28620,8.39779
28621,11.6097
28622,8.84825
28623,9.23781
28624,9.68688
28625,10.7355
28626,9.79206
28627,9.94122
28628,7.95106
28629,10.2962
28630,10.3197
28631,6.60386
28632,12.6079
28633,7.90803
28634,10.2411
28635,9.16886
28636,9.51265
28637,11.9542
28638,8.32182
28639,10.3302
28640,10.391
28641,11.4897
28642,11.0148
28643,8.4731
28644,10.4814
28645,9.04424
28646,13.1797
28647,7.35441
28648,10.6236
28649,11.5739
28650,12.8196
28651,9.93842
28652,8.03291
28653,8.51988
28654,9.26192
28655,10.753
28656,16.3813
28657,11.34
28658,11.6862
28659,11.7995
28660,7.3701
28661,8.23142
28662,6.67433
28663,9.34965
28664,15.4833
28665,7.65234
28666,9.66077
28667,7.83413
28668,8.17205
28669,8.86036
28670,8.14826
28671,9.37879
28672,14.499
28673,7.76746
28674,11.9445
28675,7.70381
28676,10.8047
28677,16.1131
28678,11.5823
28679,13.2484
28680,9.38174
28681,12.7547
28682,10.9025
28683,9.82849
28684,7.78842
28685,8.97272
28686,10.1246
28687,10.2175
28688,9.47034
28689,16.5484
28690,11.8588
28691,11.9731
28692,13.9891
28693,5.17245
28694,7.89489
28695,8.79402
28696,10.1553
28697,10.0666
28698,7.9486
28699,11.1808
28700,12.8336
28701,10.252
28702,10.5251
28703,12.8334
28704,18.4176
28705,9.90054
28706,9.99391
28707,6.97863
28708,14.1788
28709,11.3822
28710,11.8365
28711,11.1035
28712,11.1849
28713,9.5846
28714,11.8658
28715,13
28716,10.3672
28717,9.37562
28718,10.767
28719,14.203
28720,7.37196
28721,8.03468
28722,14.5549
28723,12.6124
28724,7.60504
28725,10.0186
28726,10.9844
28727,12.3296
28728,9.22493
28729,14.2333
28730,8.99851
28731,8.20194
28732,11.2387
28733,8.48694
28734,8.50757
28735,6.37019
28736,9.30661
28737,11.5272
28738,11.8883
28739,11.8595
28740,11.8836
28741,6.57765
28742,6.92496
28743,11.0164
28744,11.1551
28745,10.0369
28746,10.447
28747,12.3233
28748,12.3485
28749,8.52359
28750,14.628
28751,8.28075
28752,14.4739
28753,8.14816
28754,14.7145
28755,6.8067
28756,15.7954
28757,12.4712
28758,16.6627
28759,10.3205
28760,11.149
28761,7.84801
28762,7.17253
28763,11.2509
28764,8.32537
28765,10.501
28766,9.67994
28767,10.2829
28768,9.70597
28769,11.2874
28770,9.29662
28771,9.68492
28772,12.8929
28773,12.925
28774,12.8569
28775,12.2097
28776,8.78504
28777,8.90785
28778,10.2923
28779,14.5934
28780,12.6848
28781,13.0172
28782,9.43696
28783,10.6859
28784,6.74036
28785,12.1106
28786,10.7602
28787,7.79843
28788,8.22585
28789,8.88935
28790,12.0615
28791,7.44291
28792,13.0618
28793,8.35911
28794,11.7609
28795,15.17
28796,8.95028
28797,7.45716
28798,9.58083
28799,10.728
28800,11.2486
28801,7.33427
28802,7.78618
28803,11.9373
28804,7.94569
28805,9.16234
28806,7.22303
28807,11.6224
28808,10.5097
28809,8.32674
28810,8.6654
28811,12.7715
28812,12.0934
28813,12.6027
28814,9.95715
28815,10.3299
28816,12.7906
28817,11.2531
28818,8.47367
28819,8.80517
28820,7.10133
28821,7.51079
28822,7.59238
28823,10.3009
28824,8.47403
28825,9.6549
28826,7.10979
28827,9.11822
28828,9.41175
28829,6.99746
28830,9.6904
28831,11.2967
28832,16.137
28833,12.7381
28834,11.7779
28835,13.3039
28836,10.4494
28837,7.59021
28838,8.85369
28839,11.7843
28840,9.06134
28841,10.0698
28842,8.08807
28843,7.65503
28844,12.7403
28845,8.18294
28846,9.90958
28847,13.7205
28848,10.7412
28849,12.2298
28850,9.2889
28851,9.75883
28852,16.2167
28853,14.2851
28854,7.20144
28855,10.4305
28856,7.78648
28857,6.82441
28858,8.14274
28859,6.17108
28860,7.58846
28861,13.2567
28862,12.2128
28863,12.9998
28864,11.942
28865,9.13266
28866,8.26171
28867,8.44329
28868,8.62293
28869,9.88636
28870,7.06984
28871,10.3608
28872,9.70954
28873,7.75251
28874,7.86157
28875,9.95145
28876,8.07387
28877,8.43209
28878,8.75603
28879,9.43984
28880,11.4483
28881,10.0015
28882,11.1362
28883,7.4174
28884,12.3327
28885,14.5594
28886,6.88371
28887,9.39838
28888,10.513
28889,9.75946
28890,8.00781
28891,10.5782
28892,7.24388
28893,10.8012
28894,12.2812
28895,14.2897
28896,12.6867
28897,12.1918
28898,7.85261
28899,12.4198
28900,10.7558
28901,10.9396
28902,8.23035
28903,8.6938
28904,9.50395
28905,9.88253
28906,8.04919
28907,10.2254
28908,14.0234
28909,8.0889
28910,11.9844
28911,9.34331
28912,11.5525
28913,10.8138
28914,10.8458
28915,12.1685
28916,14.5344
28917,10.2203
28918,9.66342
28919,8.86329
28920,14.9489
28921,9.65981
28922,10.6037
28923,8.38007
28924,12.011
28925,12.1235
28926,8.18273
28927,14.1688
28928,8.72747
28929,9.48474
28930,8.71982
28931,9.33155
28932,9.54706
28933,9.22211
28934,9.31477
28935,10.4376
28936,12.8467
28937,12.5932
28938,7.89313
28939,9.56049
28940,6.26358
28941,10.5483
28942,11.648
28943,11.2868
28944,14.8438
28945,9.53659
28946,10.7063
28947,10.3628
28948,9.12031
28949,8.28978
28950,9.32292
28951,12.0348
28952,10.5597
28953,6.81682
28954,7.34148
28955,10.9001
28956,9.17421
28957,8.39285
28958,9.61272
28959,11.1978
28960,10.4739
28961,11.5446
28962,12.1975
28963,12.632
28964,9.82344
28965,13.0209
28966,12.5064
28967,9.06622
28968,8.36607
28969,8.69551
28970,9.26209
28971,9.3926
28972,10.7115
28973,10.8735
28974,11.1087
28975,10.6213
28976,13.1281
28977,7.16775
28978,10.6473
28979,15.3295
28980,7.81388
28981,6.91158
28982,8.14997
28983,8.50425
28984,9.08762
28985,10.104
28986,10.5998
28987,16.6074
28988,8.18817
28989,12.2355
28990,8.91283
28991,8.30891
28992,14.3626
28993,10.5294
28994,10.7143
28995,10.4723
28996,11.0457
28997,8.65492
28998,10.2749
28999,11.3354
29000,11.2699
29001,7.70758
29002,7.98219
29003,8.81184
29004,8.82966
29005,9.17
29006,10.0658
29007,6.76376
29008,7.65408
29009,10.0528
29010,7.06125
29011,10.6133
29012,7.93871
29013,8.73974
29014,12.9457
29015,8.96266
29016,14.0995
29017,10.3092
29018,10.5269
29019,8.94719
29020,7.5064
29021,11.6423
29022,9.71627
29023,9.92927
29024,8.50309
29025,8.8312
29026,9.27301
29027,14.5428
29028,6.63423
29029,8.85583
29030,10.1026
29031,12.932
29032,10.2883
29033,6.57392
29034,14.4379
29035,9.79965
29036,7.04594
29037,11.4769
29038,9.67956
29039,9.779
29040,9.79486
29041,16.0034
29042,13.4147
29043,6.81913
29044,7.24843
29045,8.95893
29046,9.5073
29047,9.59269
29048,8.91807
29049,9.9853
29050,9.14199
29051,7.98665
29052,11.3235
29053,17.647
29054,11.7331
29055,12.1414
29056,13.0425
29057,9.18917
29058,7.43736
29059,14.1185
29060,15.1549
29061,8.41448
29062,6.44866
29063,7.8629
29064,7.8826
29065,7.38794
29066,9.73061
29067,6.73904
29068,8.90542
29069,20.0273
29070,9.82059
29071,11.9607
29072,7.9691
29073,10.1706
29074,6.73556
29075,10.1279
29076,8.81471
29077,10.9505
29078,10.0651
29079,8.46932
29080,6.61578
29081,13.6066
29082,7.61505
29083,8.94843
29084,8.39581
29085,11.0152
29086,9.19133
29087,11.4862
29088,9.65339
29089,8.40952
29090,8.49211
29091,8.90729
29092,11.9157
29093,13.96
29094,8.35586
29095,10.6066
29096,11.3862
29097,8.40263
29098,7.57927
29099,8.45892
29100,7.23159
29101,9.5133
29102,9.58404
29103,13.793
29104,10.9541
29105,9.18832
29106,6.34623
29107,11.7565
29108,8.72718
29109,9.05591
29110,9.20303
29111,17.3311
29112,10.4938
29113,12.1086
29114,10.189
29115,10.3177
29116,9.76646
29117,9.15053
29118,9.3191
29119,8.51764
29120,9.76715
29121,10.8478
29122,8.44396
29123,10.9037
29124,10.2376
29125,10.6761
29126,12.2849
29127,9.32081
29128,9.38629
29129,11.6535
29130,9.66769
29131,11.2389
29132,6.37401
29133,9.45011
29134,13.5853
29135,9.74704
29136,9.35938
29137,10.5613
29138,9.93674
29139,9.99831
29140,7.44475
29141,10.4532
29142,7.37079
29143,10.1086
29144,9.8493
29145,9.92033
29146,11.068
29147,14.2028
29148,10.372
29149,8.40781
29150,12.7119
29151,9.34817
29152,8.52449
29153,10.3233
29154,13.2509
29155,8.00182
29156,12.0795
29157,10.9392
29158,9.37881
29159,8.61684
29160,14.3301
29161,9.57385
29162,12.9478
29163,11.0433
29164,11.0358
29165,16.2744
29166,9.23059
29167,12.6508
29168,13.4192
29169,8.30692
29170,9.01431
29171,14.7774
29172,9.19108
29173,9.51285
29174,9.55373
29175,8.70304
29176,10.294
29177,7.43006
29178,8.25579
29179,10.5159
29180,11.5754
29181,8.9424
29182,9.49556
29183,9.04257
29184,12.2967
29185,14.3866
29186,13.2777
29187,12.2489
29188,11.6138
29189,6.38659
29190,8.91582
29191,9.81382
29192,7.95166
29193,8.15469
29194,9.21803
29195,9.30212
29196,9.33787
29197,11.4523
29198,12.5457
29199,9.18558
29200,13.6617
29201,8.31852
29202,11.3561
29203,6.90078
29204,9.90921
29205,9.07837
29206,13.3013
29207,12.0216
29208,12.1637
29209,6.47234
29210,6.54231
29211,8.61606
29212,6.20723
29213,9.772
29214,15.5407
29215,10.7671
29216,11.5305
29217,11.6187
29218,7.33817
29219,9.8389
29220,13.8961
29221,8.54902
29222,13.6697
29223,13.3057
29224,9.36354
29225,8.60283
29226,9.86742
29227,10.7888
29228,7.14281
29229,17.4523
29230,8.3036
29231,9.86186
29232,9.96616
29233,10.1369
29234,11.9355
29235,8.81387
29236,11.9327
29237,9.79421
29238,11.6402
29239,14.1846
29240,9.05811
29241,8.06654
29242,8.33891
29243,9.12012
29244,9.249
29245,14.3201
29246,12.4702
29247,6.59506
29248,12.1562
29249,5.98026
29250,8.18957
29251,14.198
29252,7.27633
29253,9.03252
29254,9.34643
29255,9.53831
29256,10.5621
29257,11.9399
29258,12.2285
29259,10.97
29260,8.11037
29261,9.542
29262,13.3782
29263,8.57378
29264,10.7026
29265,10.8062
29266,10.9644
29267,8.52359
29268,7.41003
29269,9.75111
29270,7.86077
29271,8.91915
29272,8.6668
29273,10.9971
29274,8.25902
29275,7.85846
29276,8.2178
29277,11.574
29278,10.7433
29279,12.8242
29280,9.06305
29281,10.4748
29282,7.48516
29283,9.9823
29284,7.82031
29285,9.50906
29286,11.2314
29287,11.6428
29288,9.54381
29289,12.1417
29290,10.2849
29291,11.3823
29292,9.94524
29293,8.9753
29294,12.7171
29295,15.0335
29296,10.085
29297,11.1344
29298,10.1551
29299,11.5177
29300,11.5515
29301,7.91447
29302,12.7371
29303,8.06443
29304,14.1686
29305,13.0979
29306,7.5177
29307,9.46004
29308,11.824
29309,7.87914
29310,9.99258
29311,10.5747
29312,9.68222
29313,11.968
29314,10.4429
29315,14.1057
29316,7.89686
29317,10.6879
29318,8.88553
29319,9.35032
29320,8.49395
29321,10.1239
29322,10.146
29323,10.2961
29324,10.1595
29325,11.4088
29326,9.39394
29327,9.41415
29328,12.9548
29329,11.1122
29330,14.2859
29331,13.8367
29332,9.03092
29333,9.93463
29334,9.26562
29335,13.7999
29336,12.3832
29337,8.14242
29338,8.44023
29339,13.3366
29340,12.345
29341,14.3906
29342,8.07281
29343,12.4367
29344,7.8831
29345,9.32032
29346,8.37674
29347,16.8455
29348,13.795
29349,10.9023
29350,12.2203
29351,8.75469
29352,12.9234
29353,8.86652
29354,9.88542
29355,9.89475
29356,10.3242
29357,10.5825
29358,12.2561
29359,12.752
29360,10.9057
29361,7.2056
29362,9.25774
29363,9.51718
29364,9.58866
29365,6.50584
29366,13.8199
29367,7.12509
29368,14.6955
29369,7.56359
29370,11.0282
29371,11.7893
29372,9.5157
29373,8.31801
29374,11.473
29375,10.3441
29376,7.45656
29377,7.65808
29378,10.6665
29379,6.24624
29380,9.06985
29381,9.08993
29382,8.60906
29383,9.65704
29384,9.23343
29385,11.2727
29386,8.76056
29387,8.96757
29388,10.966
29389,10.0061
29390,8.19334
29391,12.7185
29392,12.2198
29393,6.49154
29394,8.08631
29395,9.36155
29396,8.41794
29397,9.00466
29398,9.30893
29399,16.5238
29400,10.2926
29401,10.5905
29402,10.7428
29403,13.3036
29404,12.4523
29405,7.73447
29406,8.7984
29407,7.89983
29408,14.5208
29409,8.64158
29410,13.8512
29411,14.0525
29412,10.7469
29413,12.5298
29414,7.7411
29415,8.95736
29416,8.54438
29417,9.67942
29418,9.79467
29419,10.3682
29420,10.4378
29421,14.6185
29422,10.8277
29423,10.9479
29424,11.932
29425,13.3803
29426,11.9238
29427,9.63763
29428,9.8187
29429,8.14905
29430,9.8597
29431,9.56177
29432,11.1157
29433,8.67516
29434,11.1582
29435,9.73425
29436,6.83415
29437,10.3422
29438,6.71362
29439,9.03133
29440,8.07978
29441,13.1334
29442,11.6545
29443,8.82558
29444,10.6707
29445,11.4746
29446,7.18114
29447,12.3636
29448,9.29259
29449,10.583
29450,11.3788
29451,9.529
29452,11.2181
29453,12.5115
29454,10.6532
29455,9.33355
29456,6.48711
29457,9.77037
29458,7.01732
29459,7.76159
29460,10.9546
29461,15.26
29462,9.90601
29463,9.08788
29464,9.43224
29465,7.48822
29466,12.4967
29467,19.7694
29468,6.82786
29469,12.4466
29470,9.95404
29471,11.0749
29472,10.1745
29473,9.93713
29474,10.175
29475,9.40478
29476,14.5355
29477,8.79337
29478,11.1509
29479,11.2442
29480,11.3555
29481,11.5378
29482,7.85822
29483,8.08989
29484,6.32301
29485,6.41155
29486,7.49069
29487,15.6393
29488,9.42137
29489,11.8322
29490,8.9544
29491,9.31969
29492,9.85521
29493,12.0067
29494,16.0578
29495,10.3787
29496,11.2042
29497,11.5044
29498,8.46981
29499,8.65423
29500,15.9002
29501,8.97986
29502,13.2888
29503,13.3911
29504,7.65718
29505,8.00284
29506,8.09819
29507,11.9631
29508,8.57969
29509,9.948
29510,10.1791
29511,8.86518
29512,10.972
29513,9.36725
29514,10.613
29515,13.055
29516,11.6041
29517,11.5638
29518,7.03616
29519,12.6941
29520,8.70586
29521,11.0232
29522,8.04335
29523,9.81118
29524,12.8454
29525,11.5373
29526,13.6151
29527,8.08235
29528,8.86727
29529,9.14833
29530,8.30877
29531,8.49118
29532,10.0022
29533,11.4479
29534,8.7174
29535,9.72583
29536,11.0129
29537,10.3177
29538,10.3946
29539,12.4668
29540,7.29172
29541,14.1804
29542,11.2033
29543,8.49377
29544,7.74239
29545,9.89404
29546,9.11244
29547,10.1973
29548,11.44
29549,9.53592
29550,11.9701
29551,11.0515
29552,16.3103
29553,10.79
29554,12.9256
29555,12.802
29556,14.0654
29557,8.49355
29558,8.80754
29559,9.68984
29560,12.8515
29561,9.72436
29562,6.44417
29563,11.6049
29564,7.41839
29565,12.0508
29566,10.3481
29567,10.3809
29568,10.9573
29569,12.9965
29570,9.01525
29571,11.1955
29572,8.34767
29573,11.3938
29574,10.375
29575,10.8881
29576,11.487
29577,9.846
29578,8.57821
29579,9.6996
29580,9.95702
29581,9.06539
29582,9.2122
29583,8.54374
29584,10.0435
29585,10.0783
29586,9.64614
29587,8.73227
29588,9.10496
29589,12.2161
29590,12.3424
29591,10.4427
29592,11.7311
29593,11.4225
29594,9.81096
29595,10.3393
29596,8.90267
29597,11.2763
29598,9.41944
29599,8.23897
29600,7.90184
29601,7.99915
29602,8.89678
29603,9.2378
29604,10.2598
29605,9.4736
29606,10.6796
29607,9.69599
29608,10.0604
29609,7.08761
29610,8.39106
29611,11.4578
29612,11.0135
29613,11.0369
29614,8.86098
29615,12.6065
29616,9.88288
29617,10.6359
29618,7.30976
29619,10.5683
29620,8.65702
29621,6.70146
29622,7.37109
29623,9.67496
29624,9.70726
29625,10.6325
29626,9.32453
29627,8.8088
29628,12.8367
29629,10.8451
29630,13.0801
29631,10.0218
29632,9.62374
29633,7.05678
29634,7.92471
29635,10.1768
29636,10.198
29637,8.24431
29638,9.09615
29639,8.31323
29640,8.68221
29641,11.9527
29642,10.7641
29643,14.9945
29644,9.18357
29645,9.35666
29646,10.2502
29647,9.25683
29648,7.70122
29649,10.319
29650,8.42947
29651,11.3334
29652,11.8328
29653,13.4421
29654,13.4564
29655,14.4649
29656,11.296
29657,11.3838
29658,10.9881
29659,11.5553
29660,9.59985
29661,9.91337
29662,12.9899
29663,13.3633
29664,10.6692
29665,8.00988
29666,11.552
29667,11.8164
29668,7.42053
29669,9.65257
29670,7.59371
29671,9.19374
29672,7.77894
29673,6.71694
29674,9.84637
29675,10.061
29676,8.09891
29677,9.10734
29678,10.3229
29679,8.71486
29680,8.95344
29681,11.2594
29682,8.8823
29683,10.9452
29684,10.5178
29685,8.09492
29686,11.3056
29687,9.20266
29688,8.40806
29689,10.4228
29690,8.47186
29691,14.6856
29692,9.69405
29693,10.7583
29694,10.8561
29695,9.45128
29696,11.6849
29697,8.9594
29698,8.79547
29699,12.7552
29700,9.64506
29701,7.04372
29702,9.34213
29703,8.82136
29704,8.28973
29705,7.60518
29706,9.12766
29707,9.35982
29708,9.23311
29709,9.32761
29710,11.361
29711,14.9436
29712,10.1206
29713,9.26053
29714,11.2883
29715,11.3913
29716,9.44296
29717,9.74224
29718,10.3366
29719,10.5851
29720,12.7166
29721,12.3838
29722,7.82576
29723,7.98818
29724,8.22215
29725,8.35432
29726,11.0604
29727,11.7818
29728,10.0234
29729,14.4756
29730,7.86344
29731,8.6797
29732,16.6973
29733,6.99524
29734,7.13336
29735,9.56509
29736,11.8217
29737,10.3469
29738,12.6119
29739,11.7132
29740,11.5848
29741,6.47145
29742,7.35487
29743,7.85449
29744,7.99647
29745,10.288
29746,8.8044
29747,8.90932
29748,8.9903
29749,6.26205
29750,9.53493
29751,9.62179
29752,9.7305
29753,8.29845
29754,7.47535
29755,10.5052
29756,9.66166
29757,7.70494
29758,12.4108
29759,8.90169
29760,8.02706
29761,12.5737
29762,10.744
29763,10.0571
29764,13.6688
29765,10.7718
29766,11.0507
29767,6.51073
29768,11.6989
29769,15.438
29770,7.55335
29771,12.8319
29772,14.8915
29773,9.34225
29774,9.47736
29775,9.93148
29776,10.1175
29777,10.3054
29778,11.8737
29779,10.0561
29780,9.22159
29781,12.3042
29782,9.85768
29783,7.84126
29784,11.8497
29785,11.9142
29786,8.22928
29787,9.28562
29788,15.3538
29789,7.74827
29790,11.9201
29791,13.0105
29792,7.86052
29793,8.17466
29794,9.9733
29795,7.27195
29796,12.5041
29797,12.2576
29798,12.6544
29799,8.38232
29800,10.0008
29801,10.1849
29802,10.4338
29803,9.35882
29804,14.6982
29805,5.77535
29806,7.52399
29807,7.84888
29808,8.41088
29809,9.38459
29810,6.50823
29811,9.24782
29812,10.4282
29813,10.5356
29814,10.6255
29815,8.63556
29816,10.7609
29817,8.18634
29818,10.2133
29819,15.2696
29820,11.6436
29821,9.02567
29822,10.0621
29823,9.43558
29824,7.72547
29825,12.8878
29826,10.9824
29827,9.06893
29828,8.30597
29829,6.86788
29830,11.4967
29831,11.1362
29832,13.5234
29833,10.8639
29834,11.8598
29835,10.9705
29836,7.28364
29837,7.98731
29838,5.99701
29839,8.16622
29840,8.86815
29841,9.17368
29842,9.21211
29843,9.86545
29844,7.89831
29845,10.7386
29846,9.13544
29847,10.5056
29848,13.6285
29849,11.872
29850,12.2229
29851,10.3923
29852,10.1667
29853,13.1994
29854,11.3163
29855,11.6984
29856,8.92486
29857,10.0732
29858,11.0415
29859,6.29023
29860,6.8892
29861,10.0883
29862,8.31826
29863,10.7951
29864,7.01473
29865,9.51922
29866,8.66607
29867,9.34868
29868,8.39691
29869,9.51917
29870,8.59759
29871,9.85207
29872,11.4995
29873,10.7595
29874,10.2247
29875,13.2828
29876,11.3103
29877,12.5062
29878,12.8614
29879,9.20059
29880,13.6091
29881,5.93725
29882,7.78706
29883,8.01741
29884,9.03899
29885,8.37055
29886,9.71713
29887,8.84747
29888,9.62249
29889,10.8976
29890,10.0203
29891,10.0976
29892,10.2414
29893,10.3195
29894,9.37076
29895,10.4298
29896,10.4972
29897,9.63962
29898,10.6591
29899,11.0653
29900,8.62097
29901,9.05441
29902,10.2168
29903,14.6602
29904,9.85902
29905,10.4744
29906,5.50375
29907,8.76212
29908,9.081
29909,8.4773
29910,10.7359
29911,11.7111
29912,7.74548
29913,14.4766
29914,11.7635
29915,13.1194
29916,11.415
29917,10.6356
29918,13.9376
29919,9.1763
29920,11.3738
29921,14.3165
29922,12.4028
29923,7.68793
29924,9.71466
29925,10.9314
29926,8.32615
29927,6.65196
29928,6.92298
29929,12.0138
29930,12.579
29931,12.5939
29932,7.77752
29933,9.4291
29934,8.61158
29935,10.7267
29936,11.0355
29937,10.4224
29938,11.8463
29939,9.9023
29940,9.42651
29941,8.49407
29942,7.54765
29943,8.01837
29944,10.4899
29945,10.6102
29946,7.85114
29947,8.57643
29948,9.59555
29949,8.08284
29950,10.6456
29951,8.76527
29952,9.01095
29953,12.1938
29954,9.45925
29955,9.87927
29956,10.2854
29957,7.12033
29958,11.1516
29959,14.0576
29960,5.38603
29961,9.48288
29962,8.79563
29963,10.6395
29964,9.90535
29965,9.15114
29966,8.22062
29967,7.56156
29968,9.84624
29969,12.2479
29970,9.53917
29971,9.60564
29972,9.62196
29973,8.75555
29974,9.94934
29975,10.9278
29976,14.0391
29977,11.3112
29978,11.8551
29979,5.6303
29980,16.6387
29981,11.1753
29982,8.41248
29983,10.6082
29984,9.45791
29985,12.6419
29986,7.75314
29987,14.0492
29988,7.70188
29989,8.80498
29990,8.85007
29991,13.4505
29992,5.0277
29993,10.8286
29994,7.50431
29995,8.76187
29996,9.34109
29997,8.42485
29998,13.1658
29999,10.2957
30000,9.35626
30001,10.4417
30002,7.59483
30003,10.978
30004,11.117
30005,9.22215
30006,8.62398
30007,9.7127
30008,8.78271
30009,13.0149
30010,12.2305
30011,8.00081
30012,9.34433
30013,13.5239
30014,10.101
30015,12.7292
30016,10.8017
30017,11.7453
30018,9.62309
30019,11.1685
30020,11.8835
30021,12.9945
30022,13.6919
30023,8.898
30024,13.4381
30025,14.4563
30026,8.30837
30027,8.0848
30028,7.57876
30029,6.29327
30030,10.5091
30031,10.193
30032,13.6052
30033,9.62867
30034,8.76523
30035,7.84866
30036,6.40777
30037,13.4927
30038,10.4844
30039,9.49287
30040,10.6999
30041,10.7306
30042,6.24268
30043,7.89452
30044,15.2263
30045,13.7937
30046,15.4098
30047,15.2078
30048,8.01569
30049,9.34594
30050,7.74682
30051,10.0249
30052,9.33826
30053,13.8612
30054,10.5214
30055,9.62679
30056,7.88607
30057,8.00808
30058,11.464
30059,11.5392
30060,12.1578
30061,12.33
30062,9.36646
30063,9.63369
30064,6.69134
30065,8.25506
30066,8.55764
30067,8.95699
30068,10.4386
30069,9.0616
30070,11.119
30071,9.65029
30072,14.6331
30073,9.2008
30074,12.2232
30075,7.92023
30076,7.73571
30077,10.7382
30078,9.97708
30079,11.2496
30080,8.95768
30081,10.1785
30082,8.63689
30083,11.1481
30084,9.57442
30085,8.01258
30086,8.7695
30087,8.078
30088,10.4181
30089,10.3961
30090,7.54669
30091,7.84434
30092,11.1483
30093,13.6669
30094,13.8246
30095,11.3683
30096,7.23933
30097,7.32643
30098,8.16938
30099,10.3115
30100,10.6787
30101,6.72154
30102,9.23969
30103,11.2678
30104,10.5316
30105,7.55575
30106,10.8588
30107,11.051
30108,10.6209
30109,11.8314
30110,10.0333
30111,12.0585
30112,8.58441
30113,8.78179
30114,13.2785
30115,9.88216
30116,9.97244
30117,14.4833
30118,10.7483
30119,7.98321
30120,13.906
30121,8.94722
30122,11.2327
30123,9.26902
30124,10.4484
30125,9.50779
30126,10.7485
30127,9.89844
30128,13.6779
30129,11.0029
30130,11.3778
30131,12.7042
30132,13.153
30133,8.60875
30134,8.95338
30135,9.55703
30136,14.4516
30137,11.326
30138,10.9512
30139,11.1477
30140,12.2398
30141,8.6494
30142,11.7291
30143,10.6456
30144,13.7296
30145,9.26956
30146,9.32091
30147,11.5748
30148,9.754
30149,8.96339
30150,9.1525
30151,12.5028
30152,9.03463
30153,11.6588
30154,11.9386
30155,10.0063
30156,11.3351
30157,12.7434
30158,13.6404
30159,9.14325
30160,9.30884
30161,13.709
30162,10.7096
30163,10.8372
30164,11.1876
30165,7.57105
30166,9.62637
30167,9.37812
30168,13.7462
30169,9.88087
30170,14.0415
30171,14.2054
30172,12.6739
30173,9.40588
30174,11.5014
30175,6.89643
30176,9.95862
30177,9.99787
30178,9.05662
30179,12.2008
30180,9.21737
30181,11.3337
30182,10.9905
30183,7.66205
30184,8.14514
30185,8.44942
30186,7.72828
30187,12.3519
30188,9.62625
30189,9.22841
30190,7.50989
30191,10.5392
30192,11.0741
30193,11.3234
30194,11.356
30195,12.0074
30196,11.0899
30197,12.7129
30198,10.662
30199,6.92284
30200,6.5612
30201,7.85639
30202,8.6017
30203,7.66605
30204,9.1545
30205,10.4654
30206,10.505
30207,9.82908
30208,9.07896
30209,12.3894
30210,8.14176
30211,8.44446
30212,7.72496
30213,9.73891
30214,8.89524
30215,9.11207
30216,12.242
30217,7.40866
30218,8.9567
30219,10.085
30220,15.2411
30221,10.5163
30222,11.2066
30223,10.0873
30224,10.2355
30225,7.55639
30226,11.3087
30227,11.3563
30228,7.42886
30229,14.4364
30230,8.45035
30231,7.03463
30232,9.62561
30233,15.0884
30234,10.8434
30235,11.5068
30236,12.7397
30237,7.48962
30238,9.56885
30239,10.7088
30240,9.12385
30241,8.5604
30242,8.7105
30243,8.78281
30244,9.02142
30245,9.04852
30246,11.057
30247,9.40959
30248,9.45491
30249,9.66175
30250,9.8377
30251,11.1338
30252,11.1529
30253,9.20003
30254,11.4916
30255,8.93682
30256,13.2507
30257,9.66712
30258,7.72778
30259,8.10792
30260,10.235
30261,6.40897
30262,8.4258
30263,11.2034
30264,9.66993
30265,8.88182
30266,8.52462
30267,12.4301
30268,8.60495
30269,10.8936
30270,10.7622
30271,7.28371
30272,11.4044
30273,7.41878
30274,10.6862
30275,9.37709
30276,8.62833
30277,8.69394
30278,7.75357
30279,11.7915
30280,8.84112
30281,12.4753
30282,12.514
30283,9.9419
30284,9.9656
30285,10.0554
30286,11.0763
30287,11.0478
30288,11.0838
30289,9.22536
30290,11.4694
30291,11.5572
30292,11.5853
30293,7.89276
30294,16.6538
30295,12.1016
30296,6.74873
30297,9.88625
30298,8.44101
30299,10.7244
30300,11.1254
30301,11.4148
30302,10.4282
30303,10.315
30304,10.3387
30305,9.84097
30306,8.8494
30307,10.729
30308,11.4022
30309,11.4415
30310,12.6608
30311,9.78291
30312,8.01447
30313,5.0229
30314,7.63323
30315,9.79712
30316,7.99398
30317,12.0066
30318,8.98514
30319,8.01322
30320,9.06752
30321,9.63611
30322,8.7724
30323,8.2024
30324,10.5347
30325,10.6746
30326,12.3731
30327,7.79365
30328,11.8432
30329,12.1077
30330,7.04003
30331,10.6451
30332,12.8134
30333,12.2186
30334,12.4423
30335,9.51574
30336,7.64626
30337,9.67788
30338,8.45492
30339,7.78235
30340,7.92868
30341,6.00236
30342,10.2894
30343,8.7565
30344,6.81877
30345,10.9847
30346,11.5536
30347,10.9592
30348,13.1344
30349,14.3202
30350,11.8459
30351,8.87662
30352,10.8851
30353,12.4266
30354,14.6479
30355,11.7967
30356,10.3036
30357,10.3971
30358,9.6472
30359,11.0194
30360,7.54461
30361,12.6057
30362,5.62673
30363,8.64274
30364,9.74419
30365,17.0035
30366,10.2353
30367,9.61692
30368,7.63086
30369,7.38394
30370,11.5754
30371,7.07189
30372,7.27388
30373,6.61635
30374,8.81403
30375,7.8432
30376,8.3563
30377,8.65076
30378,8.76834
30379,10.8069
30380,11.0858
30381,11.0981
30382,11.6391
30383,13.7824
30384,8.93389
30385,9.92837
30386,16.3564
30387,12.2901
30388,12.42
30389,9.00508
30390,10.7614
30391,11.5152
30392,12.5854
30393,10.5913
30394,7.13351
30395,13.4688
30396,8.09257
30397,9.93088
30398,10.2495
30399,11.3381
30400,7.72953
30401,8.13744
30402,9.14587
30403,10.0526
30404,9.15523
30405,11.0834
30406,11.5502
30407,11.8339
30408,8.78153
30409,13.4877
30410,7.99936
30411,8.10284
30412,9.94268
30413,10.4338
30414,8.59975
30415,9.85401
30416,11.9936
30417,12.2772
30418,10.3162
30419,10.3302
30420,8.29671
30421,8.49603
30422,10.5229
30423,11.6671
30424,17.9741
30425,7.2206
30426,9.28643
30427,12.3924
30428,9.54989
30429,12.9265
30430,12.7797
30431,9.30351
30432,9.50942
30433,9.60871
30434,10.159
30435,9.55988
30436,7.10117
30437,8.50301
30438,8.77276
30439,8.83107
30440,7.9178
30441,9.3214
30442,13.7106
30443,8.56532
30444,11.9779
30445,9.54549
30446,7.30011
30447,12.4321
30448,10.1149
30449,10.817
30450,12.75
30451,12.31
30452,8.66895
30453,9.38132
30454,9.48129
30455,6.81245
30456,6.98593
30457,10.6077
30458,11.5637
30459,9.89545
30460,11.9983
30461,13.0204
30462,11
30463,9.07876
30464,9.28654
30465,10.6591
30466,13.9162
30467,13.5424
30468,13.6424
30469,15.1384
30470,8.9504
30471,6.70879
30472,12.0636
30473,9.57095
30474,10.727
30475,10.8353
30476,10.8787
30477,11.9208
30478,9.16661
30479,7.87861
30480,9.31106
30481,10.4852
30482,8.55072
30483,8.8984
30484,9.91804
30485,14.3295
30486,8.54073
30487,10.9654
30488,7.54806
30489,9.21617
30490,9.40732
30491,9.53828
30492,8.63959
30493,9.98871
30494,9.01095
30495,7.27493
30496,10.3788
30497,12.4559
30498,8.84419
30499,9.98999
30500,10.1199
30501,10.4772
30502,11.1152
30503,11.2957
30504,11.9339
30505,9.32887
30506,8.37752
30507,10.4793
30508,10.5274
30509,8.7382
30510,8.83799
30511,14.9667
30512,9.22302
30513,6.63866
30514,9.04281
30515,10.0932
30516,7.20824
30517,7.50199
30518,8.05448
30519,11.3771
30520,10.5866
30521,10.075
30522,9.68912
30523,7.74785
30524,12.4213
30525,9.68404
30526,8.82566
30527,10.3515
30528,10.4222
30529,9.66428
30530,10.7818
30531,11.3082
30532,12.5643
30533,6.28466
30534,8.54464
30535,11.6944
30536,7.51016
30537,6.69914
30538,8.03933
30539,11.2066
30540,10.3054
30541,11.4295
30542,10.7057
30543,9.1425
30544,7.24635
30545,10.31
30546,14.358
30547,7.47662
30548,7.61471
30549,8.63129
30550,9.23356
30551,9.34965
30552,9.3898
30553,9.60087
30554,9.67434
30555,10.5703
30556,7.09068
30557,7.21039
30558,11.444
30559,11.61
30560,8.72401
30561,11.9278
30562,10.9403
30563,11.4474
30564,12.4883
30565,8.62714
30566,12.918
30567,8.14373
30568,9.42422
30569,9.58347
30570,9.77203
30571,9.18614
30572,8.94976
30573,12.7617
30574,11.9762
30575,7.21234
30576,9.24702
30577,10.2744
30578,11.9565
30579,13.149
30580,10.249
30581,9.41915
30582,9.44615
30583,10.4939
30584,8.54698
30585,10.2149
30586,8.8386
30587,9.88555
30588,7.01268
30589,12.1096
30590,12.3225
30591,11.856
30592,12.1523
30593,11.6114
30594,11.2149
30595,12.2843
30596,9.38141
30597,13.0848
30598,11.3834
