seq_num,delay_ms
0,37.9853
1,37.2906
2,37.6847
3,40.9212
4,40.2124
5,40.3625
6,40.3709
7,40.3907
8,37.8206
9,38.1046
10,39.4681
11,37.4063
12,39.6977
13,40.3116
14,38.3858
15,37.4629
16,37.0295
17,36.3059
18,40.9026
19,37.9856
20,43.4857
21,41.0274
22,39.4822
23,40.8992
24,41.0766
25,41.6528
26,42.1591
27,39.7752
28,40.5164
29,45.0166
30,38.1865
31,41.1492
32,41.9395
33,39.1067
34,39.3438
35,41.4389
36,39.4827
37,42.0335
38,41.6808
39,40.938
40,40.8742
41,40.0064
42,43.3466
43,34.9609
44,40.0304
45,44.1763
46,38.3686
47,35.8374
48,39.8479
49,37.9927
50,37.0396
51,40.134
52,40.6487
53,40.0387
54,38.4127
55,41.4495
56,40.9127
57,39.4662
58,41.541
59,42.1542
60,43.9529
61,39.5288
62,40.7693
63,37.8409
64,40.5761
65,38.7545
66,39.0225
67,39.4161
68,38.1699
69,40.6684
70,37.714
71,39.1297
72,43.7691
73,39.8685
74,42.4019
75,43.422
76,40.1475
77,40.6341
78,39.0643
79,42.2752
80,36.6809
81,38.2077
82,39.7756
83,39.2775
84,42.7882
85,38.8407
86,39.9842
87,38.4714
88,39.6686
89,32.7489
90,41.5101
91,39.6836
92,40.4143
93,40.5574
94,40.5968
95,40.804
96,40.8929
97,41.0001
98,37.2208
99,41.7231
100,41.957
101,42.9674
102,44.4861
103,42.6524
104,40.9192
105,37.9915
106,39.3123
107,36.3979
108,36.5706
109,39.4836
110,39.321
111,39.7665
112,43.8572
113,40.8712
114,39.159
115,41.2445
116,40.6437
117,40.0826
118,42.3829
119,42.5895
120,35.7217
121,42.9488
122,43.1823
123,36.536
124,39.7347
125,40.3729
126,41.4783
127,43.5954
128,41.6879
129,40.6253
130,42.6525
131,37.2252
132,39.3157
133,39.586
134,40.0115
135,40.3454
136,39.3586
137,39.4598
138,39.9351
139,42.0125
140,41.4468
141,44.0703
142,37.1119
143,36.1673
144,38.2233
145,38.4864
146,37.5082
147,38.5411
148,40.9421
149,41.0492
150,40.8307
151,40.7198
152,39.0494
153,41.2424
154,40.456
155,39.4645
156,40.6205
157,41.1716
158,42.6869
159,43.2584
160,35.9722
161,39.291
162,43.5583
163,37.879
164,40.2547
165,40.395
166,42.1592
167,37.8191
168,38.203
169,38.3968
170,38.5295
171,44.338
172,39.5956
173,41.378
174,41.5128
175,35.5882
176,43.1314
177,37.9277
178,38.7428
179,39.6959
180,39.7797
181,39.1317
182,39.3444
183,42.2346
184,42.5096
185,39.0331
186,41.6609
187,43.7054
188,36.851
189,41.3158
190,40.8162
191,38.2041
192,39.0383
193,39.4612
194,39.9799
195,40.2963
196,41.2225
197,41.5211
198,42.4877
199,37.4548
200,39.9246
201,37.2967
202,42.3234
203,40.7904
204,39.0121
205,39.3874
206,39.5044
207,36.8421
208,37.2116
209,40.5378
210,38.9078
211,36.1539
212,39.242
213,37.2849
214,40.6093
215,39.6938
216,39.8815
217,39.9811
218,40.0702
219,42.2737
220,40.4762
221,38.7779
222,41.4547
223,39.7624
224,39.7708
225,38.7792
226,41.1321
227,42.4944
228,41.5592
229,40.7486
230,41.8914
231,40.8998
232,42.7212
233,39.6735
234,39.1636
235,39.0067
236,39.186
237,41.0235
238,41.8532
239,41.7724
240,39.4544
241,43.472
242,40.4689
243,36.712
244,38.1326
245,41.9662
246,39.8368
247,41.0557
248,37.7896
249,38.5723
250,39.9111
251,39.4806
252,39.5794
253,40.8558
254,38.3819
255,38.7009
256,38.0553
257,38.4498
258,40.046
259,36.7466
260,37.0636
261,41.2366
262,39.3393
263,41.593
264,38.0673
265,40.1437
266,38.3819
267,38.3112
268,40.0011
269,40.2675
270,40.4729
271,41.0603
272,37.0795
273,38.5217
274,41.8058
275,37.8165
276,43.9529
277,40.3348
278,40.1258
279,40.3187
280,40.5881
281,42.1935
282,41.407
283,42.4155
284,37.0002
285,42.451
286,38.5512
287,35.0275
288,42.1706
289,39.8393
290,38.2254
291,41.9633
292,38.3918
293,40.4723
294,40.9013
295,41.6221
296,39.1563
297,40.3963
298,40.5365
299,43.5617
300,38.7084
301,37.5363
302,40.1802
303,38.305
304,38.9735
305,41.0142
306,43.2003
307,41.1216
308,39.4614
309,41.4896
310,39.9836
311,38.0942
312,41.1936
313,41.9745
314,39.6789
315,39.1554
316,37.5038
317,38.5142
318,38.6558
319,41.6914
320,40.5503
321,40.1609
322,42.3084
323,41.41
324,42.6303
325,40.8814
326,39.7195
327,41.8534
328,37.8759
329,42.9914
330,33.3264
331,41.5232
332,41.4527
333,39.9261
334,39.6198
335,37.469
336,40.9265
337,38.1389
338,39.6484
339,39.7336
340,39.8629
341,40.3017
342,37.5443
343,40.7006
344,43.7754
345,41.4975
346,40.6986
347,39.912
348,39.9244
349,40.3241
350,40.5493
351,40.3026
352,39.0853
353,39.1298
354,39.5257
355,36.9188
356,37.4454
357,37.7607
358,37.9391
359,40.365
360,39.0657
361,39.1218
362,40.2506
363,37.8854
364,40.0321
365,40.2687
366,39.7077
367,40.9283
368,42.0232
369,41.5333
370,38.5285
371,38.6748
372,42.906
373,39.0519
374,43.2779
375,43.3207
376,42.6423
377,40.378
378,41.4322
379,41.5346
380,40.4661
381,42.7101
382,39.0383
383,41.089
384,36.443
385,43.1048
386,39.1561
387,39.64
388,38.89
389,40.0023
390,40.1697
391,41.302
392,36.4553
393,40.1792
394,38.1877
395,41.2431
396,40.4973
397,36.5308
398,40.6825
399,38.8926
400,39.1403
401,39.4803
402,42.5181
403,39.7634
404,42.8957
405,39.9964
406,40.8244
407,36.3729
408,37.2982
409,38.7038
410,38.0136
411,40.613
412,40.0364
413,40.5323
414,39.7443
415,39.8002
416,37.2936
417,36.6785
418,44.146
419,37.7315
420,38.792
421,38.102
422,38.0207
423,39.5837
424,36.6385
425,41.5069
426,41.0253
427,38.64
428,42.9909
429,42.39
430,43.4837
431,40.1709
432,40.3746
433,41.0172
434,41.6454
435,43.5087
436,37.5376
437,40.9313
438,40.0162
439,37.0891
440,40.0596
441,39.5512
442,39.5811
443,41.8694
444,41.1667
445,39.4751
446,38.5795
447,39.954
448,41.0461
449,38.8122
450,40.6437
451,41.7392
452,42.5232
453,38.6836
454,38.1892
455,38.7611
456,38.9309
457,37.5359
458,35.9648
459,41.5257
460,41.7993
461,38.1096
462,38.8374
463,39.658
464,38.6664
465,38.8453
466,40.4951
467,42.6271
468,39.7487
469,41.4055
470,41.4807
471,37.7073
472,41.2388
473,42.8589
474,42.0754
475,38.393
476,42.9851
477,42.403
478,40.0334
479,39.4353
480,37.7846
481,37.8276
482,38.2513
483,41.3051
484,40.0111
485,39.6707
486,40.1862
487,40.4635
488,40.5244
489,39.7675
490,39.7759
491,39.8148
492,39.2823
493,40.3882
494,39.8065
495,42.1997
496,45.0516
497,39.2354
498,40.4963
499,34.8947
500,34.9918
501,37.6351
502,41.4217
503,40.121
504,38.8509
505,38.998
506,39.1535
507,41.2462
508,40.643
509,41.0328
510,40.0819
511,43.3364
512,42.5755
513,38.8095
514,34.0079
515,35.5673
516,42.0746
517,36.9722
518,39.5647
519,37.666
520,39.7271
521,38.8948
522,39.048
523,39.3423
524,40.1391
525,40.4384
526,41.8806
527,41.2715
528,36.9561
529,37.2727
530,37.4071
531,43.9218
532,41.046
533,43.3918
534,38.7503
535,39.6777
536,40.0926
537,42.3417
538,40.5959
539,40.2562
540,38.8243
541,40.1265
542,44.872
543,34.0825
544,41.2949
545,43.3763
546,38.8529
547,40.7317
548,34.98
549,42.1132
550,40.5515
551,37.1194
552,40.1335
553,37.855
554,37.0444
555,35.8809
556,38.9456
557,39.2477
558,37.4452
559,40.205
560,39.1495
561,41.2416
562,41.3372
563,39.3993
564,41.6561
565,38.9136
566,40.0535
567,39.145
568,41.4232
569,40.6154
570,41.6981
571,43.9502
572,40.3736
573,41.177
574,42.0214
575,38.1625
576,39.4991
577,39.9646
578,39.0177
579,38.2587
580,38.796
581,40.9974
582,43.0064
583,39.2447
584,41.9389
585,44.058
586,38.0907
587,41.9474
588,38.1323
589,44.2115
590,39.448
591,38.4911
592,39.6526
593,38.8562
594,40.3232
595,39.3972
596,39.8505
597,40.0158
598,41.1149
599,41.1728
600,40.6173
601,42.1102
602,38.245
603,38.646
604,43.8393
605,37.8753
606,46.64
607,42.3454
608,42.0004
609,40.6349
610,35.1635
611,40.7015
612,35.7121
613,40.3442
614,41.5076
615,39.0087
616,40.1864
617,39.4109
618,39.5255
619,39.6937
620,42.3918
621,39.5889
622,41.364
623,39.8791
624,36.1753
625,36.5503
626,38.5883
627,36.8581
628,38.2229
629,41.508
630,37.6921
631,37.7807
632,38.8184
633,37.8647
634,37.8731
635,39.5973
636,43.3637
637,41.8652
638,39.9637
639,41.3347
640,37.4757
641,41.9729
642,43.1969
643,40.2089
644,42.4149
645,39.7072
646,39.7897
647,44.2511
648,41.4733
649,37.1304
650,41.1561
651,41.5142
652,40.3399
653,38.9699
654,41.0801
655,43.7695
656,37.298
657,39.1585
658,38.4806
659,36.6914
660,38.0198
661,38.055
662,38.1824
663,40.2236
664,41.5114
665,42.8137
666,38.8433
667,40.019
668,40.0777
669,40.4201
670,41.2348
671,38.6379
672,42.2475
673,39.4311
674,40.7868
675,36.3505
676,40.2726
677,37.6939
678,38.342
679,42.6406
680,36.1074
681,43.9571
682,41.3461
683,38.6671
684,39.175
685,39.1875
686,38.641
687,42.8218
688,39.4071
689,37.5628
690,37.6751
691,38.1994
692,43.3585
693,43.4884
694,42.8078
695,37.9304
696,38.8181
697,42.2148
698,44.2559
699,40.7797
700,42.0084
701,39.7897
702,41.194
703,41.4053
704,39.4688
705,38.6171
706,38.825
707,38.6523
708,38.8529
709,43.0834
710,41.1634
711,36.2937
712,38.4143
713,41.5154
714,39.5783
715,40.9579
716,41.0833
717,42.4536
718,38.6761
719,39.4483
720,39.6399
721,35.6484
722,41.766
723,43.4593
724,42.9889
725,39.3832
726,37.3217
727,36.8924
728,38.9323
729,39.1623
730,39.0389
731,41.2167
732,40.2022
733,40.6032
734,38.7035
735,43.3115
736,42.3586
737,41.2142
738,39.5055
739,39.6104
740,38.5502
741,41.9561
742,37.936
743,38.0596
744,39.1658
745,43.24
746,41.6981
747,43.041
748,43.445
749,40.9816
750,36.021
751,40.3318
752,40.2932
753,37.5629
754,38.7184
755,44.0169
756,38.2542
757,40.8994
758,38.3534
759,43.5871
760,37.8538
761,44.0027
762,40.7602
763,37.4774
764,38.9048
765,37.7724
766,37.969
767,41.0253
768,41.5329
769,37.8734
770,37.9383
771,39.3571
772,38.3758
773,43.4867
774,35.499
775,43.1466
776,43.5485
777,39.3325
778,37.6824
779,39.5343
780,41.0878
781,36.4435
782,41.5488
783,42.9744
784,37.2537
785,44.3475
786,39.7174
787,38.9809
788,40.0297
789,38.8274
790,40.1829
791,37.7916
792,38.8644
793,39.1723
794,43.8964
795,40.0286
796,39.762
797,40.1156
798,42.7944
799,38.7977
800,39.0527
801,39.0872
802,40.1818
803,36.3736
804,44.7007
805,39.7091
806,36.8707
807,36.3615
808,40.5384
809,41.7748
810,41.3949
811,41.9224
812,38.9976
813,40.6395
814,36.1564
815,42.2397
816,37.1974
817,37.5649
818,39.9282
819,37.9366
820,40.1444
821,40.553
822,40.1576
823,39.4366
824,35.1701
825,39.1841
826,39.8763
827,44.8925
828,38.8924
829,38.3593
830,38.6418
831,40.0476
832,37.6398
833,36.8782
834,40.9343
835,40.039
836,37.9716
837,42.9877
838,39.1624
839,39.474
840,40.8137
841,43.0723
842,41.1176
843,40.9484
844,38.9002
845,39.9837
846,44.3401
847,39.4614
848,43.5411
849,39.9644
850,40.9728
851,40.2061
852,40.3676
853,40.6042
854,41.0844
855,37.1919
856,38.5368
857,40.9565
858,39.0372
859,39.5277
860,39.6377
861,40.7548
862,40.0999
863,43.9246
864,42.1486
865,43.8845
866,40.5917
867,39.3718
868,41.3863
869,39.9275
870,36.2631
871,41.8132
872,43.9042
873,41.0952
874,41.3761
875,37.709
876,38.3857
877,39.1182
878,39.2469
879,40.383
880,43.7462
881,37.6753
882,41.7383
883,38.8329
884,41.3995
885,39.0617
886,40.3747
887,39.6736
888,42.9071
889,36.1894
890,44.6237
891,39.267
892,42.2553
893,41.3012
894,42.575
895,42.2967
896,39.6505
897,39.8496
898,43.8581
899,42.1081
900,41.9119
901,46.9382
902,39.9082
903,43.9262
904,40.2085
905,38.7037
906,38.0078
907,37.3849
908,37.5375
909,37.58
910,38.908
911,42.003
912,38.5693
913,38.6161
914,40.3135
915,39.0533
916,43.445
917,41.4837
918,36.8579
919,42.4352
920,42.8875
921,40.619
922,39.87
923,42.5514
924,43.002
925,41.6837
926,43.7936
927,37.1503
928,38.3184
929,37.3636
930,37.5627
931,40.4413
932,40.8673
933,38.9829
934,35.7996
935,40.1819
936,41.0312
937,39.0963
938,41.1065
939,42.4742
940,39.5995
941,38.7635
942,38.813
943,37.8257
944,38.8385
945,39.8503
946,39.8711
947,43.207
948,39.6175
949,41.2697
950,39.4391
951,43.9074
952,37.853
953,38.1684
954,42.9114
955,38.9283
956,40.0483
957,43.1398
958,44.2078
959,41.1586
960,40.436
961,40.2379
962,40.32
963,40.7481
964,43.945
965,39.879
966,40.1122
967,43.1206
968,37.2071
969,40.8937
970,40.2448
971,37.5699
972,38.1012
973,42.4162
974,39.1451
975,41.7399
976,36.4535
977,42.7041
978,41.8145
979,37.9852
980,38.9715
981,40.6882
982,39.0889
983,42.4571
984,38.1643
985,37.2751
986,39.5548
987,36.6309
988,39.5685
989,40.6028
990,41.6425
991,39.2163
992,38.3718
993,40.5859
994,42.7761
995,38.0314
996,41.1484
997,40.7343
998,40.0895
999,36.8681
1000,42.7669
1001,38.143
1002,36.5701
1003,40.6389
1004,41.4763
1005,40.9446
1006,41.1614
1007,42.3073
1008,40.2086
1009,37.5903
1010,43.8355
1011,41.9824
1012,43.8417
1013,38.4955
1014,37.726
1015,38.5443
1016,42.1716
1017,42.9273
1018,39.159
1019,39.3246
1020,42.168
1021,42.5501
1022,39.6183
1023,41.2644
1024,36.6535
1025,42.4232
1026,42.5437
1027,36.5094
1028,34.7429
1029,40.0224
1030,40.7305
1031,39.5649
1032,42.7353
1033,40.114
1034,45.3533
1035,41.3926
1036,41.0698
1037,41.1007
1038,45.2547
1039,37.1784
1040,38.6741
1041,39.1856
1042,40.3945
1043,39.8575
1044,39.9075
1045,39.9684
1046,40.0133
1047,37.4706
1048,41.5936
1049,38.6194
1050,38.7404
1051,37.8392
1052,40.462
1053,40.9693
1054,40.3396
1055,37.677
1056,38.0196
1057,39.7647
1058,42.0038
1059,40.0116
1060,41.3272
1061,38.278
1062,38.5545
1063,37.9924
1064,38.9735
1065,39.2503
1066,41.4545
1067,37.9382
1068,37.164
1069,38.2615
1070,38.6938
1071,36.7092
1072,43.0482
1073,42.0726
1074,39.4593
1075,37.5314
1076,37.5522
1077,39.7358
1078,39.9881
1079,38.5725
1080,38.6376
1081,38.8002
1082,38.9861
1083,39.472
1084,39.4959
1085,39.7084
1086,39.7711
1087,40.8618
1088,40.0297
1089,40.4938
1090,40.5022
1091,41.6584
1092,41.1675
1093,42.3388
1094,43.3984
1095,44.4685
1096,40.1051
1097,40.6918
1098,43.8394
1099,41.0978
1100,44.5916
1101,39.9194
1102,38.3084
1103,40.0813
1104,43.2578
1105,38.4668
1106,37.6323
1107,38.4024
1108,39.0704
1109,40.3075
1110,39.542
1111,39.7585
1112,42.2404
1113,40.2488
1114,40.9241
1115,39.1464
1116,43.4609
1117,41.7019
1118,40.583
1119,41.6026
1120,39.7132
1121,40.244
1122,40.3255
1123,40.4242
1124,40.4465
1125,39.5278
1126,41.1021
1127,40.3181
1128,40.3683
1129,41.4238
1130,41.4775
1131,40.9242
1132,42.3624
1133,42.0302
1134,39.8356
1135,36.7935
1136,38.6605
1137,39.3549
1138,39.5863
1139,40.4092
1140,37.3845
1141,41.5112
1142,39.1948
1143,38.6921
1144,41.7527
1145,42.1225
1146,38.5431
1147,40.7093
1148,38.9039
1149,43.1484
1150,35.3698
1151,42.4832
1152,43.9486
1153,40.7171
1154,43.0616
1155,41.4707
1156,40.0497
1157,39.3066
1158,40.0696
1159,40.2365
1160,40.9469
1161,38.8514
1162,42.0385
1163,37.8577
1164,37.9802
1165,43.9662
1166,36.6153
1167,38.6257
1168,36.6986
1169,42.0688
1170,40.1204
1171,41.4652
1172,39.2726
1173,39.1471
1174,39.6137
1175,41.8395
1176,42.0224
1177,41.315
1178,42.4125
1179,41.5371
1180,41.8746
1181,43.149
1182,42.4251
1183,42.6746
1184,39.0225
1185,37.585
1186,44.1156
1187,42.2574
1188,38.7612
1189,39.7849
1190,38.6537
1191,38.6132
1192,37.634
1193,37.2566
1194,40.5173
1195,41.4398
1196,36.878
1197,40.3248
1198,38.8308
1199,36.9776
1200,45.1738
1201,39.2417
1202,36.1731
1203,41.2831
1204,38.1413
1205,39.0515
1206,42.1132
1207,39.9859
1208,40.9832
1209,41.9635
1210,36.51
1211,43.169
1212,43.5115
1213,37.5743
1214,40.2472
1215,40.337
1216,40.6309
1217,40.6458
1218,36.8798
1219,39.0724
1220,41.1797
1221,37.3245
1222,42.0564
1223,40.138
1224,42.4659
1225,42.5815
1226,42.1016
1227,38.6147
1228,39.1592
1229,38.9896
1230,40.0622
1231,37.1766
1232,38.1171
1233,41.5036
1234,38.2379
1235,35.6194
1236,42.4056
1237,41.4124
1238,43.8998
1239,39.5539
1240,39.1096
1241,36.745
1242,40.0533
1243,37.3527
1244,40.3934
1245,39.9253
1246,40.0893
1247,38.1198
1248,39.6501
1249,40.2393
1250,37.812
1251,37.9186
1252,38.9298
1253,40.9908
1254,41.0886
1255,37.0998
1256,39.0707
1257,38.7254
1258,42.2479
1259,39.3254
1260,40.6465
1261,43.6549
1262,40.8289
1263,37.4531
1264,38.4862
1265,42.4623
1266,41.9225
1267,41.4074
1268,38.848
1269,42.8205
1270,39.857
1271,40.0406
1272,39.049
1273,39.7978
1274,41.9169
1275,40.1448
1276,41.2746
1277,41.486
1278,35.7551
1279,40.4214
1280,37.8866
1281,38.5385
1282,37.7207
1283,37.0959
1284,39.1817
1285,39.3434
1286,39.3868
1287,39.4566
1288,38.8243
1289,39.9638
1290,37.9847
1291,40.14
1292,41.0331
1293,41.1329
1294,41.3636
1295,39.4662
1296,37.7442
1297,40.3929
1298,38.4581
1299,42.7451
1300,40.8949
1301,36.9364
1302,40.986
1303,41.6971
1304,39.1573
1305,36.3811
1306,42.5276
1307,39.5521
1308,42.7691
1309,43.7272
1310,38.4168
1311,38.3771
1312,37.776
1313,39.8144
1314,37.9598
1315,41.3005
1316,40.313
1317,38.7431
1318,39.0728
1319,42.3971
1320,40.6296
1321,40.253
1322,39.3248
1323,39.4379
1324,38.007
1325,41.3562
1326,40.0593
1327,41.2081
1328,41.2382
1329,38.1659
1330,38.1743
1331,43.2198
1332,41.7145
1333,40.8938
1334,41.5233
1335,44.4142
1336,43.2822
1337,38.3385
1338,36.0193
1339,44.5083
1340,41.5181
1341,40.5283
1342,41.5546
1343,41.7423
1344,40.852
1345,42.4592
1346,39.5939
1347,39.6551
1348,39.934
1349,37.1546
1350,41.7343
1351,39.0927
1352,39.5696
1353,39.6926
1354,38.456
1355,40.546
1356,40.7601
1357,42.2349
1358,40.628
1359,40.9906
1360,38.2539
1361,38.5648
1362,37.8262
1363,42.2458
1364,37.921
1365,38.1283
1366,37.563
1367,41.5715
1368,39.6285
1369,38.6446
1370,37.7954
1371,41.6856
1372,39.2343
1373,38.7691
1374,40.7957
1375,40.8815
1376,41.5862
1377,40.9719
1378,42.0823
1379,40.3474
1380,38.3764
1381,42.591
1382,37.7613
1383,43.7488
1384,39.5809
1385,40.1803
1386,41.2206
1387,40.8834
1388,39.7995
1389,39.8887
1390,41.6074
1391,42.3524
1392,41.9799
1393,40.3087
1394,40.334
1395,40.8863
1396,39.4512
1397,33.4997
1398,39.3395
1399,36.7688
1400,39.5315
1401,38.8058
1402,40.8204
1403,41.376
1404,41.408
1405,39.7689
1406,39.8259
1407,38.0768
1408,41.2971
1409,37.7164
1410,40.9466
1411,41.4005
1412,38.4867
1413,38.5851
1414,40.8509
1415,42.8741
1416,38.0055
1417,39.2211
1418,39.373
1419,39.3814
1420,40.5209
1421,41.6884
1422,42.7589
1423,40.9554
1424,35.8982
1425,39.9234
1426,45.1337
1427,42.3449
1428,41.7473
1429,43.9926
1430,42.358
1431,39.8176
1432,40.2142
1433,39.238
1434,40.6075
1435,41.6176
1436,39.9269
1437,39.9781
1438,39.3473
1439,39.6121
1440,39.8761
1441,39.8959
1442,43.404
1443,41.4874
1444,42.4958
1445,38.059
1446,41.1428
1447,43.0053
1448,40.2258
1449,40.7665
1450,41.4106
1451,42.2743
1452,38.6043
1453,40.1043
1454,36.9674
1455,37.7291
1456,40.3122
1457,41.4119
1458,41.4251
1459,41.6027
1460,42.6648
1461,43.1188
1462,41.1162
1463,37.1154
1464,37.2961
1465,38.93
1466,40.6987
1467,34.8094
1468,40.8178
1469,42.1352
1470,38.5381
1471,39.8166
1472,42.8347
1473,40.5723
1474,39.7812
1475,41.9709
1476,40.8792
1477,42.3271
1478,38.0228
1479,36.7373
1480,37.3919
1481,40.3047
1482,39.5448
1483,40.5807
1484,38.3111
1485,36.5773
1486,40.0964
1487,39.1858
1488,39.9004
1489,38.0377
1490,38.3424
1491,40.4688
1492,40.542
1493,38.9024
1494,40.9799
1495,38.5909
1496,41.8231
1497,38.9065
1498,42.2876
1499,43.5133
1500,40.371
1501,37.4667
1502,42.6549
1503,41.8193
1504,43.9302
1505,39.9594
1506,43.0338
1507,42.5821
1508,39.9687
1509,42.506
1510,39.5224
1511,39.613
1512,40.27
1513,37.1727
1514,41.8465
1515,38.9108
1516,38.0905
1517,42.5504
1518,37.7524
1519,39.0977
1520,39.0353
1521,41.0442
1522,40.4811
1523,39.6087
1524,40.7092
1525,42.2612
1526,38.014
1527,38.3277
1528,37.3904
1529,43.7869
1530,43.1837
1531,41.7114
1532,42.1795
1533,36.3468
1534,38.6469
1535,40.8551
1536,39.6391
1537,40.5989
1538,41.805
1539,37.815
1540,43.2645
1541,42.5672
1542,37.1275
1543,43.4916
1544,41.9166
1545,40.3878
1546,40.7269
1547,39.9244
1548,41.385
1549,39.7907
1550,40.0339
1551,38.3406
1552,38.4667
1553,41.484
1554,39.6426
1555,39.7235
1556,37.3123
1557,41.4434
1558,42.0445
1559,41.1489
1560,36.2936
1561,36.374
1562,37.2556
1563,38.6784
1564,38.7674
1565,39.0288
1566,44.1091
1567,42.7183
1568,42.4554
1569,40.4938
1570,39.912
1571,41.1815
1572,39.2577
1573,35.9192
1574,36.3618
1575,43.9625
1576,41.0414
1577,36.9635
1578,37.0496
1579,39.3873
1580,41.4711
1581,38.6591
1582,39.8324
1583,41.7003
1584,40.7861
1585,41.0276
1586,40.2756
1587,41.5675
1588,43.0344
1589,38.4771
1590,35.6698
1591,44.701
1592,41.1471
1593,37.2998
1594,37.9051
1595,39.1442
1596,37.619
1597,38.99
1598,38.3329
1599,38.7856
1600,42.3785
1601,37.6355
1602,41.2429
1603,41.4616
1604,36.8976
1605,41.3857
1606,40.6743
1607,42.7898
1608,45.7589
1609,38.8578
1610,37.93
1611,39.0256
1612,39.2359
1613,39.7275
1614,38.7549
1615,40.8132
1616,37.7622
1617,40.802
1618,39.879
1619,39.9874
1620,38.1579
1621,41.2246
1622,41.1454
1623,40.2362
1624,42.0732
1625,41.1692
1626,40.5027
1627,39.1267
1628,42.2719
1629,38.8792
1630,43.6936
1631,40.2915
1632,38.4438
1633,42.232
1634,40.3778
1635,40.611
1636,41.2716
1637,42.608
1638,35.7993
1639,43.2101
1640,40.4351
1641,36.0922
1642,39.3027
1643,39.6311
1644,39.3761
1645,37.1466
1646,38.9089
1647,39.0942
1648,41.0527
1649,37.5439
1650,38.1039
1651,39.4195
1652,40.0367
1653,41.5497
1654,37.7407
1655,40.7984
1656,35.8805
1657,38.9385
1658,39.1055
1659,39.3658
1660,37.4577
1661,37.5289
1662,35.7515
1663,38.8004
1664,38.0836
1665,38.132
1666,40.3408
1667,42.5363
1668,38.7834
1669,38.2126
1670,41.7449
1671,37.9266
1672,39.4215
1673,40.1359
1674,39.293
1675,40.3569
1676,40.4832
1677,34.6855
1678,40.8266
1679,39.6849
1680,42.1137
1681,36.7892
1682,38.9056
1683,33.6472
1684,44.7235
1685,39.8421
1686,37.9434
1687,34.9518
1688,41.1053
1689,42.5343
1690,43.9727
1691,37.0028
1692,41.8253
1693,39.9824
1694,42.4717
1695,37.4904
1696,40.4379
1697,39.1333
1698,45.8175
1699,37.8451
1700,37.2546
1701,37.2884
1702,38.5753
1703,41.5444
1704,42.3699
1705,37.708
1706,40.9169
1707,35.9896
1708,39.1742
1709,40.7365
1710,38.8644
1711,36.941
1712,39.9967
1713,40.6758
1714,36.3269
1715,38.9078
1716,39.2647
1717,40.2945
1718,37.7891
1719,36.8114
1720,41.2582
1721,42.7199
1722,43.0958
1723,40.1921
1724,40.4702
1725,42.1267
1726,38.6176
1727,36.7762
1728,40.2729
1729,40.3329
1730,38.7324
1731,40.8825
1732,38.0136
1733,36.4313
1734,40.4676
1735,44.0776
1736,40.6302
1737,41.3497
1738,38.7447
1739,41.7548
1740,42.9643
1741,39.5312
1742,40.1458
1743,40.3899
1744,40.7736
1745,44.8733
1746,41.6745
1747,42.6829
1748,43.0767
1749,42.3462
1750,42.746
1751,39.4774
1752,39.0393
1753,38.0546
1754,39.5037
1755,38.6383
1756,40.4447
1757,38.8901
1758,40.9372
1759,41.2834
1760,41.8879
1761,41.0487
1762,41.1262
1763,39.3686
1764,37.7005
1765,39.725
1766,36.5965
1767,38.4934
1768,38.9132
1769,37.3181
1770,38.0071
1771,38.2287
1772,38.9796
1773,41.1079
1774,38.3027
1775,38.3649
1776,38.9052
1777,38.8767
1778,39.96
1779,42.0515
1780,40.1353
1781,40.7583
1782,38.9966
1783,41.1658
1784,41.4458
1785,41.8887
1786,40.7587
1787,39.9945
1788,37.5344
1789,38.7098
1790,38.9101
1791,39.4668
1792,39.6389
1793,40.6722
1794,42.2773
1795,37.0075
1796,43.4981
1797,36.6118
1798,41.6451
1799,40.7956
1800,38.9263
1801,40.4601
1802,39.1385
1803,38.3797
1804,43.5575
1805,36.8021
1806,38.5854
1807,39.6032
1808,39.8766
1809,40.55
1810,40.9964
1811,42.2725
1812,38.3354
1813,42.7157
1814,43.8641
1815,41.8818
1816,36.5347
1817,39.1099
1818,37.3084
1819,41.2959
1820,42.1725
1821,41.316
1822,39.5741
1823,41.3664
1824,42.2363
1825,37.3518
1826,38.8758
1827,40.6337
1828,37.6765
1829,42.1886
1830,35.8313
1831,37.0019
1832,38.3506
1833,35.9654
1834,38.5569
1835,37.7999
1836,39.367
1837,37.5998
1838,41.6814
1839,40.9094
1840,38.1118
1841,41.9341
1842,41.3335
1843,41.4034
1844,43.1209
1845,39.1834
1846,43.5212
1847,40.8175
1848,38.1129
1849,42.7264
1850,39.1726
1851,38.186
1852,39.7147
1853,39.861
1854,35.1705
1855,37.2316
1856,37.8414
1857,36.8498
1858,36.8984
1859,38.0208
1860,42.7742
1861,42.2096
1862,43.6541
1863,42.6851
1864,39.3873
1865,38.58
1866,39.789
1867,39.0083
1868,40.6386
1869,41.8216
1870,36.1084
1871,41.2554
1872,41.7004
1873,40.6805
1874,38.9415
1875,42.2207
1876,39.5239
1877,41.1979
1878,41.277
1879,36.6035
1880,37.9583
1881,39.1878
1882,41.7239
1883,38.7826
1884,46.9702
1885,38.0813
1886,37.378
1887,36.4102
1888,39.2794
1889,40.7087
1890,39.8669
1891,40.013
1892,39.367
1893,39.7022
1894,38.9806
1895,40.6818
1896,42.7202
1897,40.9485
1898,41.713
1899,41.7214
1900,42.9373
1901,42.9869
1902,40.0778
1903,38.3637
1904,38.9188
1905,40.3163
1906,40.9132
1907,37.5462
1908,37.3623
1909,39.9661
1910,39.6086
1911,39.6172
1912,39.6257
1913,39.7937
1914,36.2764
1915,40.7767
1916,38.1711
1917,40.8132
1918,37.9563
1919,39.1216
1920,44.4065
1921,39.6194
1922,40.7801
1923,40.822
1924,37.407
1925,40.4712
1926,37.1722
1927,38.5506
1928,41.9409
1929,35.5732
1930,42.9142
1931,43.2998
1932,39.1975
1933,38.4108
1934,41.0503
1935,41.7754
1936,36.1755
1937,42.4473
1938,37.1696
1939,37.4394
1940,39.5448
1941,38.8551
1942,38.9704
1943,39.0382
1944,39.6782
1945,38.9373
1946,40.1024
1947,40.3233
1948,40.3488
1949,40.5116
1950,39.931
1951,35.0135
1952,41.0685
1953,40.3328
1954,39.9855
1955,38.4928
1956,40.8864
1957,39.9466
1958,42.8744
1959,41.2528
1960,44.3217
1961,38.735
1962,40.796
1963,40.2075
1964,41.6992
1965,41.7904
1966,42.0105
1967,38.4149
1968,39.1568
1969,38.2249
1970,39.4112
1971,40.5016
1972,39.6073
1973,40.5205
1974,43.0354
1975,37.8091
1976,39.6096
1977,36.8935
1978,37.4897
1979,38.2514
1980,38.3387
1981,38.8144
1982,37.2831
1983,39.3342
1984,40.5852
1985,40.9437
1986,39.5491
1987,39.6022
1988,40.6518
1989,41.9011
1990,38.4781
1991,40.5382
1992,39.3967
1993,40.3636
1994,40.646
1995,37.1349
1996,41.6702
1997,44.4451
1998,40.2545
1999,44.3041
2000,33.9435
2001,38.2923
2002,45.3007
2003,40.4586
2004,37.3421
2005,42.6463
2006,42.2247
2007,38.0521
2008,38.5898
2009,38.3584
2010,40.9824
2011,39.1367
2012,38.8445
2013,39.9031
2014,38.2827
2015,41.0067
2016,38.6369
2017,40.2862
2018,37.3953
2019,38.415
2020,37.2619
2021,40.0376
2022,38.4299
2023,37.5088
2024,39.6038
2025,42.0451
2026,39.0535
2027,42.4336
2028,42.6418
2029,42.0936
2030,39.8271
2031,40.285
2032,42.9224
2033,40.0199
2034,41.8734
2035,41.27
2036,37.3867
2037,38.2631
2038,43.311
2039,40.2406
2040,40.6132
2041,38.9544
2042,36.5458
2043,36.845
2044,38.4539
2045,38.7514
2046,43.1112
2047,39.1239
2048,44.3132
2049,41.4045
2050,39.5812
2051,40.6821
2052,42.6906
2053,41.2437
2054,41.3467
2055,41.1392
2056,39.2232
2057,40.4165
2058,33.5105
2059,37.8394
2060,38.3416
2061,38.4912
2062,38.1094
2063,39.2607
2064,39.4392
2065,39.5881
2066,39.6105
2067,39.5008
2068,41.5736
2069,41.9746
2070,37.983
2071,38.3871
2072,43.4874
2073,40.5252
2074,37.902
2075,39.5945
2076,40.6851
2077,40.2443
2078,40.4786
2079,38.5415
2080,41.6879
2081,42.1789
2082,37.9456
2083,40.0378
2084,40.677
2085,40.838
2086,34.9564
2087,39.8434
2088,40.4299
2089,37.1504
2090,38.1861
2091,40.4227
2092,37.3399
2093,41.3483
2094,38.5296
2095,40.6964
2096,37.7197
2097,36.9372
2098,38.344
2099,40.6411
2100,41.6817
2101,39.9491
2102,40.9027
2103,43.0803
2104,39.2205
2105,41.3534
2106,41.7324
2107,39.8459
2108,40.4952
2109,38.0735
2110,38.3701
2111,39.6954
2112,39.8507
2113,40.9795
2114,40.0074
2115,38.5508
2116,37.9962
2117,42.0736
2118,38.094
2119,41.1679
2120,40.2651
2121,40.6887
2122,40.0753
2123,43.3667
2124,38.115
2125,43.2853
2126,41.6559
2127,40.7665
2128,45.2149
2129,39.609
2130,43.0751
2131,44.8533
2132,41.0165
2133,36.651
2134,39.2805
2135,40.059
2136,36.2368
2137,36.2686
2138,38.28
2139,40.0978
2140,37.494
2141,37.2006
2142,37.9626
2143,39.5799
2144,39.0156
2145,42.3643
2146,40.4687
2147,39.8716
2148,41.3516
2149,39.229
2150,41.2654
2151,43.4062
2152,36.7092
2153,39.19
2154,39.5224
2155,39.1666
2156,38.0317
2157,40.0826
2158,38.2197
2159,40.3498
2160,38.3648
2161,40.3804
2162,39.5444
2163,38.6351
2164,38.7991
2165,37.4598
2166,39.8572
2167,42.2538
2168,39.334
2169,40.3813
2170,40.9981
2171,41.2868
2172,41.9938
2173,37.3909
2174,42.5034
2175,42.9102
2176,43.0503
2177,43.2569
2178,41.8891
2179,42.7143
2180,43.0572
2181,40.7172
2182,44.7891
2183,40.8826
2184,40.3374
2185,40.375
2186,41.956
2187,39.4773
2188,37.5264
2189,42.3501
2190,40.3585
2191,41.67
2192,43.6784
2193,37.6317
2194,41.0643
2195,38.2705
2196,40.6773
2197,41.1847
2198,39.2768
2199,38.3506
2200,38.3985
2201,38.4314
2202,40.6205
2203,38.8047
2204,42.1925
2205,37.2243
2206,42.438
2207,43.6942
2208,41.2443
2209,44.2727
2210,38.3484
2211,41.7549
2212,45.593
2213,39.842
2214,37.5283
2215,42.0804
2216,42.1193
2217,39.7461
2218,41.2359
2219,41.2171
2220,41.5462
2221,39.0168
2222,39.1122
2223,38.1621
2224,38.4035
2225,42.5514
2226,39.6235
2227,40.7917
2228,39.7403
2229,40.2548
2230,41.666
2231,39.7085
2232,41.1136
2233,41.4029
2234,36.6654
2235,38.1517
2236,40.2574
2237,40.5514
2238,40.6999
2239,41.281
2240,42.1761
2241,39.5958
2242,39.8293
2243,35.2452
2244,38.3872
2245,42.102
2246,39.9742
2247,37.3805
2248,37.711
2249,38.7568
2250,40.8566
2251,39.0557
2252,40.188
2253,40.6911
2254,41.221
2255,40.5168
2256,42.5307
2257,45.0183
2258,38.8599
2259,38.9176
2260,43.6525
2261,38.1621
2262,36.2169
2263,35.2397
2264,40.6944
2265,41.119
2266,39.0621
2267,42.0956
2268,39.4849
2269,37.5375
2270,40.5589
2271,40.8267
2272,41.0237
2273,42.0458
2274,42.6316
2275,41.3654
2276,41.3958
2277,37.7226
2278,38.9993
2279,42.0266
2280,38.3428
2281,39.6218
2282,39.8554
2283,41.9366
2284,42.3839
2285,38.0874
2286,38.5387
2287,40.6884
2288,38.3977
2289,41.8247
2290,41.0194
2291,38.0648
2292,41.3358
2293,37.5153
2294,39.0695
2295,38.122
2296,40.2487
2297,40.1331
2298,38.6903
2299,40.0608
2300,39.7016
2301,39.71
2302,43.0995
2303,40.6692
2304,41.8577
2305,43.051
2306,40.1142
2307,40.129
2308,39.3611
2309,35.3703
2310,44.0366
2311,37.933
2312,36.1596
2313,38.4971
2314,40.9037
2315,41.109
2316,40.2839
2317,39.8545
2318,41.8127
2319,40.6174
2320,35.7228
2321,38.1075
2322,37.1797
2323,38.1101
2324,42.4347
2325,38.6331
2326,39.0103
2327,39.4658
2328,40.5497
2329,38.5654
2330,40.7474
2331,35.8592
2332,40.2021
2333,41.3658
2334,41.4334
2335,41.9873
2336,42.1729
2337,42.2332
2338,36.3357
2339,42.8601
2340,38.6964
2341,39.0183
2342,37.0372
2343,43.3165
2344,40.2916
2345,34.9116
2346,37.1452
2347,37.4574
2348,42.6545
2349,36.2157
2350,40.2241
2351,40.4608
2352,40.6057
2353,42.6423
2354,44.7426
2355,38.8147
2356,37.2339
2357,40.3364
2358,38.3949
2359,43.6016
2360,42.1573
2361,39.3115
2362,42.6522
2363,39.8487
2364,40.0724
2365,39.423
2366,41.4482
2367,40.5561
2368,39.5799
2369,40.865
2370,38.3626
2371,41.6882
2372,41.7282
2373,39.8305
2374,37.8624
2375,39.7871
2376,38.7955
2377,39.0399
2378,39.1189
2379,39.1473
2380,39.2084
2381,36.3121
2382,39.592
2383,39.6943
2384,39.9627
2385,39.9711
2386,43.1601
2387,41.3891
2388,40.4641
2389,41.1979
2390,40.2615
2391,38.4364
2392,41.9341
2393,42.1392
2394,40.1205
2395,40.5569
2396,40.8089
2397,40.9943
2398,39.9552
2399,39.1402
2400,38.6501
2401,39.3249
2402,41.146
2403,39.1967
2404,40.9658
2405,41.208
2406,43.0631
2407,44.8166
2408,39.7891
2409,43.0547
2410,39.886
2411,41.4198
2412,41.844
2413,41.0552
2414,44.413
2415,35.7296
2416,40.5599
2417,38.2948
2418,33.4763
2419,39.3158
2420,39.5869
2421,37.1645
2422,38.0085
2423,40.0997
2424,36.9693
2425,41.0379
2426,42.3331
2427,38.3415
2428,38.3092
2429,38.5956
2430,39.185
2431,39.4078
2432,39.9607
2433,41.0098
2434,36.0412
2435,36.9451
2436,38.2799
2437,38.6409
2438,38.9452
2439,40.9788
2440,37.758
2441,40.0986
2442,43.2007
2443,38.6152
2444,40.1093
2445,38.6913
2446,39.6997
2447,41.8952
2448,39.0496
2449,43.0849
2450,42.2713
2451,36.5523
2452,39.2489
2453,39.5162
2454,40.1352
2455,39.2766
2456,36.9051
2457,40.5999
2458,42.7587
2459,38.0498
2460,40.2558
2461,39.4957
2462,40.8663
2463,39.0859
2464,39.4493
2465,36.1089
2466,40.1179
2467,42.2114
2468,38.0272
2469,38.3454
2470,43.0264
2471,39.0915
2472,43.2833
2473,43.0524
2474,40.0663
2475,40.3845
2476,40.6336
2477,37.1448
2478,38.7359
2479,38.9667
2480,37.0493
2481,39.9973
2482,40.7554
2483,41.0218
2484,42.5427
2485,41.1798
2486,41.9868
2487,41.0241
2488,40.7419
2489,40.9204
2490,38.0584
2491,37.255
2492,35.5046
2493,38.9551
2494,39.0591
2495,40.0874
2496,40.3209
2497,41.4433
2498,36.4809
2499,42.2116
2500,38.6663
2501,38.5892
2502,40.6581
2503,40.2555
2504,40.9099
2505,41.1569
2506,38.5143
2507,42.7461
2508,41.6295
2509,41.8705
2510,42.0946
2511,38.7817
2512,38.9328
2513,38.0437
2514,37.0926
2515,43.3107
2516,38.7468
2517,39.0936
2518,41.5953
2519,36.8644
2520,39.2817
2521,40.2928
2522,42.7194
2523,41.7777
2524,42.1332
2525,39.1002
2526,35.1278
2527,38.2779
2528,39.4295
2529,40.9006
2530,40.3073
2531,39.6575
2532,40.7103
2533,36.6702
2534,43.7516
2535,39.0492
2536,39.5602
2537,39.9463
2538,40.8519
2539,41.426
2540,38.0443
2541,36.0864
2542,42.098
2543,43.3616
2544,42.471
2545,40.4804
2546,38.2278
2547,41.4619
2548,38.7427
2549,39.373
2550,41.45
2551,42.8686
2552,42.3147
2553,40.5631
2554,36.7259
2555,42.7853
2556,41.1039
2557,42.2616
2558,38.0516
2559,37.2331
2560,42.5494
2561,39.804
2562,40.5662
2563,40.0336
2564,40.1508
2565,36.896
2566,42.2302
2567,36.0531
2568,39.5121
2569,39.0883
2570,39.3036
2571,38.0555
2572,41.993
2573,43.4029
2574,44.5181
2575,40.0473
2576,38.2971
2577,39.4717
2578,44.3365
2579,38.9013
2580,40.2156
2581,38.2749
2582,36.5572
2583,42.1326
2584,42.1411
2585,40.5803
2586,41.1458
2587,41.2049
2588,37.6533
2589,40.6617
2590,41.1059
2591,41.2953
2592,37.6958
2593,45.9866
2594,39.1584
2595,42.4768
2596,38.6111
2597,37.6244
2598,40.0355
2599,37.0531
2600,38.199
2601,37.4532
2602,39.5925
2603,40.6009
2604,39.6094
2605,39.6759
2606,40.3507
2607,40.3934
2608,38.47
2609,38.3686
2610,41.4196
2611,37.8298
2612,41.8476
2613,38.89
2614,40.0026
2615,38.3221
2616,39.7512
2617,38.8088
2618,39.0548
2619,39.3959
2620,40.539
2621,39.5822
2622,39.6827
2623,40.6911
2624,34.781
2625,40.2039
2626,41.2213
2627,40.2298
2628,42.5481
2629,39.7703
2630,41.9762
2631,40.4171
2632,38.6496
2633,40.7799
2634,42.1164
2635,42.2405
2636,42.2967
2637,37.3298
2638,37.6773
2639,39.6857
2640,39.7088
2641,37.789
2642,42.2264
2643,40.4931
2644,44.0504
2645,44.1695
2646,39.178
2647,40.7448
2648,40.9361
2649,41.3548
2650,42.1594
2651,40.143
2652,40.7613
2653,35.8825
2654,41.4057
2655,40.7156
2656,37.8897
2657,36.9264
2658,43.4519
2659,36.629
2660,37.0555
2661,39.5176
2662,38.0741
2663,37.2067
2664,38.1749
2665,39.477
2666,39.816
2667,39.6636
2668,41.5221
2669,42.6742
2670,41.9127
2671,43.4037
2672,41.2497
2673,40.4214
2674,39.7904
2675,39.9058
2676,35.373
2677,44.0562
2678,38.5613
2679,41.1336
2680,41.2208
2681,39.269
2682,39.6225
2683,38.2355
2684,40.6964
2685,39.1601
2686,38.6131
2687,39.9046
2688,42.3798
2689,40.979
2690,41.4679
2691,43.1731
2692,40.1278
2693,39.9991
2694,38.7029
2695,36.7681
2696,37.4054
2697,36.5798
2698,39.2127
2699,38.2547
2700,38.3177
2701,38.6548
2702,42.005
2703,39.3669
2704,40.899
2705,36.4198
2706,41.3075
2707,41.4701
2708,36.9967
2709,39.5375
2710,40.8838
2711,35.9834
2712,38.1719
2713,38.6108
2714,39.3237
2715,39.3321
2716,37.8156
2717,36.8661
2718,38.3262
2719,40.3349
2720,38.3744
2721,40.9777
2722,38.3146
2723,39.5008
2724,40.5335
2725,40.644
2726,41.7135
2727,41.027
2728,41.7099
2729,40.7664
2730,39.8681
2731,40.1392
2732,41.8916
2733,42.1339
2734,38.7398
2735,37.245
2736,38.2202
2737,39.5081
2738,38.6156
2739,40.6879
2740,39.7465
2741,39.2988
2742,39.7831
2743,37.4349
2744,40.6011
2745,37.6697
2746,40.9106
2747,38.931
2748,40.9913
2749,42.0486
2750,44.13
2751,38.4485
2752,40.4626
2753,42.5259
2754,42.9477
2755,43.1743
2756,41.3559
2757,38.5281
2758,40.2242
2759,44.2538
2760,35.7667
2761,39.0521
2762,41.723
2763,41.8436
2764,37.661
2765,38.6386
2766,36.1229
2767,36.1981
2768,36.2065
2769,42.508
2770,40.6804
2771,40.6959
2772,38.6007
2773,35.0504
2774,42.0853
2775,39.9723
2776,40.2381
2777,41.3002
2778,39.5583
2779,41.1438
2780,40.4411
2781,38.1748
2782,36.26
2783,44.5122
2784,39.6143
2785,38.9653
2786,40.3529
2787,40.54
2788,43.8488
2789,40.902
2790,40.313
2791,40.8237
2792,44.2163
2793,38.5016
2794,42.1519
2795,41.6956
2796,38.7722
2797,38.9261
2798,42.9825
2799,39.098
2800,39.1562
2801,39.5962
2802,44.0058
2803,44.0902
2804,42.7833
2805,40.1309
2806,43.2742
2807,37.3956
2808,36.5152
2809,37.1634
2810,43.3652
2811,38.7088
2812,40.0475
2813,38.0768
2814,39.1025
2815,41.3728
2816,38.086
2817,40.3105
2818,41.4535
2819,40.4806
2820,37.5312
2821,39.5734
2822,41.9275
2823,36.0464
2824,41.0447
2825,37.1167
2826,41.2086
2827,41.6442
2828,37.675
2829,42.7024
2830,40.7135
2831,41.7394
2832,41.8849
2833,40.8977
2834,44.4964
2835,39.0382
2836,44.0571
2837,40.429
2838,40.5326
2839,40.9014
2840,38.4218
2841,41.5698
2842,41.7438
2843,42.1947
2844,43.4165
2845,42.6149
2846,41.5035
2847,40.3684
2848,39.0692
2849,40.3263
2850,40.8866
2851,38.9511
2852,38.7622
2853,40.7641
2854,42.2677
2855,37.4039
2856,37.8246
2857,40.9136
2858,38.9676
2859,45.5419
2860,35.6235
2861,36.7223
2862,40.4069
2863,38.676
2864,37.7376
2865,42.9781
2866,39.5528
2867,38.5806
2868,39.9795
2869,41.08
2870,41.1583
2871,40.1698
2872,36.9224
2873,42.0537
2874,38.8537
2875,40.0059
2876,37.0478
2877,41.0955
2878,40.2623
2879,38.8459
2880,38.2379
2881,37.6279
2882,42.89
2883,36.3013
2884,38.1517
2885,42.1602
2886,40.1983
2887,39.5048
2888,43.6032
2889,37.9221
2890,39.6253
2891,42.0462
2892,42.0627
2893,39.5388
2894,41.918
2895,39.9853
2896,39.212
2897,39.4168
2898,39.8656
2899,36.9172
2900,39.4441
2901,38.3741
2902,40.4451
2903,39.8301
2904,38.9516
2905,35.9872
2906,41.6907
2907,37.2747
2908,40.9322
2909,38.0152
2910,41.2703
2911,38.3421
2912,39.8427
2913,40.9382
2914,40.1288
2915,41.4501
2916,41.5759
2917,40.7229
2918,39.4672
2919,41.0256
2920,41.3452
2921,35.7454
2922,40.3159
2923,44.6848
2924,40.9702
2925,42.1264
2926,42.6317
2927,39.0325
2928,41.1781
2929,39.0346
2930,39.7108
2931,38.905
2932,39.6557
2933,41.1243
2934,41.4372
2935,42.5683
2936,38.0183
2937,38.4285
2938,37.7187
2939,36.6445
2940,38.3108
2941,39.6943
2942,38.0248
2943,41.9684
2944,39.2115
2945,40.2123
2946,39.8319
2947,38.1395
2948,40.3132
2949,41.5548
2950,37.5954
2951,38.3285
2952,38.7579
2953,39.7663
2954,39.0254
2955,39.1054
2956,43.4726
2957,41.5731
2958,37.0694
2959,40.237
2960,37.5118
2961,43.6761
2962,45.0438
2963,40.2631
2964,40.3177
2965,43.3422
2966,42.7225
2967,40.7586
2968,38.0906
2969,37.8146
2970,41.9181
2971,41.9605
2972,38.976
2973,37.4964
2974,38.6728
2975,37.8505
2976,38.3509
2977,38.3593
2978,38.4905
2979,38.7192
2980,39.9528
2981,39.782
2982,40.1559
2983,40.5377
2984,41.6508
2985,41.1
2986,41.5291
2987,42.0573
2988,42.2163
2989,42.5218
2990,43.1456
2991,36.975
2992,38.3714
2993,38.4432
2994,37.4799
2995,38.6904
2996,40.576
2997,38.777
2998,41.8356
2999,36.3542
3000,41.7392
3001,37.0949
3002,36.4938
3003,41.578
3004,40.5864
3005,38.8549
3006,42.8633
3007,41.2978
3008,42.3875
3009,38.3959
3010,41.8337
3011,38.9947
3012,39.1215
3013,38.8641
3014,40.348
3015,37.8152
3016,43.7899
3017,43.9409
3018,38.502
3019,41.6557
3020,38.1201
3021,42.3477
3022,41.9999
3023,38.0412
3024,40.8316
3025,43.2506
3026,41.9093
3027,41.0782
3028,41.6944
3029,42.0825
3030,37.3245
3031,38.3825
3032,39.0748
3033,36.8458
3034,39.9625
3035,40.1289
3036,40.4651
3037,39.9196
3038,43.6769
3039,37.5442
3040,45.33
3041,43.3604
3042,38.8968
3043,39.3972
3044,42.2851
3045,41.2525
3046,39.2175
3047,38.9276
3048,41.3858
3049,41.1944
3050,34.8288
3051,36.7317
3052,40.7931
3053,39.6444
3054,37.7798
3055,39.2356
3056,39.6859
3057,38.012
3058,39.2916
3059,41.0199
3060,40.3451
3061,39.3657
3062,39.5544
3063,41.7283
3064,42.0967
3065,41.179
3066,39.3208
3067,39.8716
3068,40.0875
3069,37.5559
3070,43.2432
3071,41.9472
3072,37.2622
3073,41.4399
3074,39.6955
3075,37.7382
3076,41.4092
3077,42.8298
3078,39.4197
3079,41.4295
3080,39.9786
3081,40.2159
3082,41.1458
3083,41.603
3084,39.4497
3085,40.1168
3086,41.1988
3087,40.3024
3088,43.4279
3089,40.5564
3090,41.237
3091,41.5478
3092,38.5947
3093,37.0189
3094,40.4718
3095,39.4981
3096,40.8175
3097,38.0806
3098,40.879
3099,40.081
3100,37.2733
3101,37.9586
3102,41.1714
3103,41.3866
3104,40.7843
3105,41.9793
3106,42.247
3107,41.8682
3108,36.0931
3109,42.2583
3110,38.986
3111,37.2785
3112,39.5095
3113,38.5733
3114,38.6631
3115,39.4408
3116,39.7474
3117,39.7559
3118,44.1828
3119,40.4983
3120,40.5867
3121,39.7324
3122,39.8515
3123,38.0042
3124,40.9113
3125,43.1413
3126,37.2198
3127,42.3236
3128,36.6382
3129,37.979
3130,40.137
3131,39.5068
3132,39.7638
3133,38.8543
3134,43.9338
3135,39.2901
3136,39.9503
3137,40.5326
3138,42.7434
3139,38.0189
3140,38.2061
3141,37.7733
3142,38.4639
3143,38.7681
3144,38.8668
3145,39.4541
3146,39.6127
3147,39.5574
3148,41.1507
3149,38.2013
3150,39.3357
3151,40.5132
3152,40.0534
3153,41.6635
3154,34.6813
3155,40.9199
3156,35.9143
3157,42.1958
3158,41.8709
3159,37.9989
3160,40.2193
3161,38.6254
3162,42.8069
3163,41.262
3164,38.3786
3165,41.3965
3166,39.5101
3167,41.7943
3168,38.0644
3169,40.5982
3170,37.81
3171,42.2272
3172,42.4927
3173,41.6565
3174,41.665
3175,37.6251
3176,42.8656
3177,38.0731
3178,42.9051
3179,40.2433
3180,42.1384
3181,37.3996
3182,37.4573
3183,42.5695
3184,38.2226
3185,43.6799
3186,38.0739
3187,38.3479
3188,40.5809
3189,39.6202
3190,39.7111
3191,41.6104
3192,41.6756
3193,37.1992
3194,41.8339
3195,33.8637
3196,38.992
3197,42.6025
3198,38.664
3199,42.0853
3200,40.7659
3201,40.0747
3202,40.6385
3203,40.739
3204,40.7474
3205,38.8752
3206,44.8923
3207,38.4085
3208,43.8159
3209,41.2452
3210,40.3647
3211,40.5665
3212,42.0922
3213,37.5138
3214,37.5287
3215,39.6801
3216,39.8448
3217,39.2176
3218,38.3359
3219,38.5981
3220,38.6646
3221,38.9763
3222,42.1187
3223,41.1647
3224,37.9477
3225,40.0301
3226,40.29
3227,41.7051
3228,42.7906
3229,41.3418
3230,40.593
3231,41.6572
3232,38.8368
3233,39.8452
3234,39.0052
3235,38.7183
3236,38.801
3237,39.068
3238,39.6473
3239,42.8869
3240,40.0581
3241,38.4591
3242,40.7163
3243,37.8835
3244,39.3154
3245,38.6128
3246,34.4972
3247,42.9709
3248,43.242
3249,40.4037
3250,38.4779
3251,39.6374
3252,43.6474
3253,39.7299
3254,43.9438
3255,41.4792
3256,39.6854
3257,38.9809
3258,42.0865
3259,42.4788
3260,37.6981
3261,40.8006
3262,39.8476
3263,41.0232
3264,41.0973
3265,38.3076
3266,40.3613
3267,38.7322
3268,42.1844
3269,38.3255
3270,42.7876
3271,44.8112
3272,42.8599
3273,38.8683
3274,43.0653
3275,44.1655
3276,40.8055
3277,37.7184
3278,40.0141
3279,39.64
3280,41.0547
3281,40.2117
3282,44.0924
3283,38.3923
3284,37.4007
3285,39.9582
3286,39.5488
3287,38.828
3288,35.2549
3289,37.9148
3290,41.1816
3291,40.2716
3292,46.2005
3293,42.6115
3294,41.8423
3295,42.8546
3296,42.0557
3297,42.2585
3298,39.9661
3299,39.9845
3300,40.0216
3301,38.3155
3302,36.8985
3303,41.7168
3304,39.6539
3305,42.8155
3306,44.0304
3307,38.3766
3308,38.4762
3309,42.0861
3310,45.4359
3311,40.7969
3312,39.2419
3313,41.5071
3314,39.3866
3315,39.4417
3316,40.0637
3317,40.8826
3318,36.4652
3319,41.7285
3320,39.528
3321,44.8513
3322,40.003
3323,37.2619
3324,37.5311
3325,37.8864
3326,38.7227
3327,41.9495
3328,39.2295
3329,40.9351
3330,38.3951
3331,41.5374
3332,41.6649
3333,38.3055
3334,41.6411
3335,38.0154
3336,36.9962
3337,39.0101
3338,42.6068
3339,40.1287
3340,41.1371
3341,38.4938
3342,40.5576
3343,40.7018
3344,41.878
3345,41.9079
3346,42.3805
3347,41.516
3348,37.372
3349,42.841
3350,41.2525
3351,40.1383
3352,37.4842
3353,39.6468
3354,39.8094
3355,43.4534
3356,41.0811
3357,36.3383
3358,36.6604
3359,42.983
3360,38.1025
3361,39.3641
3362,36.6401
3363,38.9357
3364,38.1308
3365,40.1744
3366,39.3958
3367,38.8254
3368,39.5694
3369,37.1008
3370,41.1142
3371,40.4977
3372,42.8412
3373,39.4215
3374,41.0921
3375,40.482
3376,41.968
3377,37.0513
3378,35.9062
3379,39.4044
3380,39.1775
3381,39.6483
3382,39.9126
3383,39.5413
3384,39.7586
3385,42.8938
3386,40.2326
3387,41.7317
3388,38.6888
3389,40.9302
3390,37.4112
3391,41.775
3392,38.9476
3393,37.0085
3394,38.0588
3395,40.0601
3396,36.986
3397,40.2173
3398,40.0205
3399,40.3796
3400,41.9642
3401,37.301
3402,37.4002
3403,36.7085
3404,39.2122
3405,39.504
3406,41.9923
3407,42.0333
3408,35.2851
3409,38.6428
3410,41.3407
3411,39.7113
3412,39.9381
3413,37.0876
3414,41.1198
3415,39.2853
3416,46.1489
3417,43.0564
3418,41.0649
3419,39.7257
3420,37.7476
3421,37.871
3422,40.5348
3423,36.5469
3424,36.8543
3425,39.9341
3426,36.9565
3427,40.2549
3428,41.1009
3429,42.6177
3430,43.6609
3431,38.0692
3432,42.4526
3433,40.4821
3434,37.9468
3435,41.8559
3436,41.946
3437,42.0731
3438,42.5458
3439,39.6408
3440,43.7928
3441,41.2303
3442,41.7693
3443,40.0473
3444,39.8753
3445,40.9638
3446,42.6763
3447,37.5103
3448,38.8163
3449,37.878
3450,38.3419
3451,39.5028
3452,38.7236
3453,39.7775
3454,39.9301
3455,39.0904
3456,44.1346
3457,39.3491
3458,40.3576
3459,40.8904
3460,39.8988
3461,40.7165
3462,45.8507
3463,41.8592
3464,38.8766
3465,42.0747
3466,40.6743
3467,43.6075
3468,37.7948
3469,39.8368
3470,38.783
3471,38.9928
3472,37.8918
3473,38.6759
3474,44.7189
3475,35.7565
3476,37.4303
3477,37.508
3478,38.5259
3479,39.2143
3480,41.6377
3481,43.9593
3482,40.3749
3483,40.5325
3484,40.2294
3485,41.4847
3486,40.0066
3487,36.6201
3488,43.1251
3489,35.5926
3490,39.9545
3491,38.568
3492,37.523
3493,38.1929
3494,36.3955
3495,37.9124
3496,39.3809
3497,39.828
3498,40.8364
3499,40.9274
3500,38.0192
3501,41.7811
3502,38.8297
3503,40.98
3504,41.4265
3505,38.1295
3506,41.1577
3507,40.2679
3508,42.4319
3509,41.1153
3510,37.0083
3511,43.3297
3512,44.4008
3513,41.5734
3514,41.1263
3515,38.6466
3516,38.423
3517,41.6846
3518,41.2479
3519,40.0444
3520,36.7485
3521,43.3517
3522,45.5951
3523,35.4588
3524,40.9207
3525,38.8722
3526,39.1597
3527,39.3306
3528,40.2393
3529,40.5408
3530,37.9822
3531,39.0112
3532,40.0592
3533,40.6485
3534,39.8317
3535,41.4236
3536,41.4541
3537,44.8395
3538,42.3263
3539,40.7335
3540,37.2613
3541,41.8663
3542,38.0135
3543,41.2926
3544,39.378
3545,39.6103
3546,41.3762
3547,40.6351
3548,36.8159
3549,36.5714
3550,41.8371
3551,37.9946
3552,37.8113
3553,39.1949
3554,39.3849
3555,39.9248
3556,40.2241
3557,38.1278
3558,39.601
3559,34.9523
3560,42.622
3561,39.101
3562,36.9667
3563,38.0843
3564,37.1707
3565,43.161
3566,39.1694
3567,38.1966
3568,41.2801
3569,40.2885
3570,40.2969
3571,40.3366
3572,40.928
3573,42.1552
3574,41.6352
3575,35.9799
3576,41.3897
3577,42.7981
3578,35.3762
3579,39.4067
3580,36.9357
3581,38.0723
3582,40.7132
3583,39.1853
3584,37.2672
3585,40.8055
3586,42.0016
3587,34.9008
3588,36.8921
3589,43.1036
3590,40.029
3591,41.1645
3592,37.9835
3593,35.2136
3594,41.2401
3595,39.2304
3596,40.4664
3597,41.6319
3598,42.6779
3599,45.294
3600,41.6272
3601,36.8484
3602,40.3249
3603,42.5819
3604,39.0951
3605,42.4993
3606,43.1319
3607,40.2518
3608,40.2974
3609,39.0672
3610,41.9233
3611,42.0247
3612,37.9084
3613,43.3137
3614,38.3869
3615,38.6383
3616,36.3385
3617,38.2172
3618,40.2822
3619,37.4419
3620,44.5088
3621,39.682
3622,38.7697
3623,41.7877
3624,41.9798
3625,39.274
3626,39.3956
3627,37.1383
3628,43.3403
3629,40.4455
3630,40.4735
3631,40.7602
3632,40.9037
3633,40.9574
3634,38.8505
3635,42.112
3636,42.521
3637,40.9479
3638,40.0294
3639,41.1431
3640,42.7365
3641,40.1163
3642,40.2588
3643,40.2747
3644,40.8258
3645,41.8725
3646,42.2263
3647,44.5373
3648,40.9814
3649,38.8043
3650,37.2305
3651,39.7771
3652,40.3486
3653,37.6851
3654,39.3703
3655,41.7509
3656,41.2068
3657,42.4958
3658,42.5934
3659,42.1557
3660,37.4592
3661,37.1802
3662,40.5592
3663,42.1628
3664,40.2123
3665,43.3369
3666,44.4165
3667,40.4346
3668,41.8076
3669,41.8909
3670,40.0511
3671,38.4607
3672,42.5573
3673,42.6088
3674,43.2337
3675,40.5247
3676,40.6424
3677,40.9942
3678,41.421
3679,40.4378
3680,41.6397
3681,40.8005
3682,40.8943
3683,41.9566
3684,37.7563
3685,40.0789
3686,41.1437
3687,41.39
3688,42.5285
3689,43.7928
3690,41.0497
3691,40.7842
3692,38.9098
3693,35.8171
3694,34.3595
3695,38.9504
3696,38.04
3697,38.1349
3698,39.5457
3699,40.2483
3700,40.3109
3701,39.5076
3702,41.5288
3703,41.1376
3704,40.2517
3705,39.8589
3706,39.7007
3707,40.1108
3708,42.3312
3709,40.2387
3710,41.4627
3711,40.7309
3712,37.7948
3713,41.2586
3714,39.3988
3715,38.4177
3716,41.6253
3717,42.6919
3718,42.7551
3719,37.808
3720,38.2695
3721,43.3735
3722,43.7996
3723,39.8902
3724,36.6817
3725,39.9215
3726,38.3416
3727,40.6273
3728,41.9525
3729,38.2982
3730,43.509
3731,40.6247
3732,38.0126
3733,38.1192
3734,39.1584
3735,42.1951
3736,38.1187
3737,36.8863
3738,43.0151
3739,38.4523
3740,38.4177
3741,42.1669
3742,42.3653
3743,40.185
3744,41.5411
3745,40.8409
3746,42.3313
3747,42.9604
3748,43.2823
3749,39.1575
3750,37.289
3751,37.0446
3752,38.0781
3753,37.4207
3754,37.9785
3755,38.189
3756,38.3092
3757,39.8636
3758,40.1104
3759,34.5524
3760,39.6636
3761,37.764
3762,39.9325
3763,41.1842
3764,41.5981
3765,40.0789
3766,38.3107
3767,42.4862
3768,40.6369
3769,38.7382
3770,40.8523
3771,44.1747
3772,40.5506
3773,42.9035
3774,40.4124
3775,41.4466
3776,40.5292
3777,35.6773
3778,40.3145
3779,40.6162
3780,41.7857
3781,37.852
3782,41.187
3783,38.9058
3784,38.9359
3785,39.0715
3786,39.3127
3787,42.419
3788,42.4377
3789,38.7091
3790,38.7413
3791,40.0019
3792,40.2902
3793,39.3772
3794,40.9135
3795,41.0726
3796,39.2562
3797,41.926
3798,38.4169
3799,40.9483
3800,44.2838
3801,39.6777
3802,37.8879
3803,39.6973
3804,38.8665
3805,38.2172
3806,38.7739
3807,38.1987
3808,39.2302
3809,38.4527
3810,39.4611
3811,38.5594
3812,39.5429
3813,41.1008
3814,39.4504
3815,38.7512
3816,43.4597
3817,36.2485
3818,39.5167
3819,37.8536
3820,36.8583
3821,38.0865
3822,39.154
3823,41.6058
3824,39.1869
3825,41.6373
3826,40.412
3827,40.2903
3828,36.5918
3829,40.2464
3830,37.6573
3831,37.6658
3832,38.5705
3833,40.6336
3834,40.9509
3835,40.0525
3836,41.5251
3837,39.739
3838,40.3124
3839,39.5009
3840,44.0757
3841,40.1162
3842,38.2772
3843,40.1196
3844,38.3195
3845,41.014
3846,38.2102
3847,37.2812
3848,38.9754
3849,39.1186
3850,40.2559
3851,38.3919
3852,39.9414
3853,39.9784
3854,40.4671
3855,40.6127
3856,40.5023
3857,37.6381
3858,40.696
3859,40.4478
3860,45.5488
3861,40.5302
3862,40.5408
3863,40.5972
3864,40.9504
3865,38.0816
3866,38.49
3867,38.5187
3868,39.2584
3869,39.4084
3870,39.6204
3871,39.9083
3872,40.3591
3873,40.5397
3874,38.6055
3875,39.9902
3876,41.4337
3877,40.1728
3878,39.4859
3879,45.6212
3880,43.631
3881,38.7265
3882,41.7777
3883,42.6934
3884,40.9518
3885,40.6129
3886,39.4645
3887,37.5341
3888,41.8126
3889,40.8529
3890,41.87
3891,40.3891
3892,43.4173
3893,41.7435
3894,39.8799
3895,38.5097
3896,41.2935
3897,39.4078
3898,41.7213
3899,39.0871
3900,39.2946
3901,39.4241
3902,40.2153
3903,41.5062
3904,41.5353
3905,38.3812
3906,42.4615
3907,39.8649
3908,43.1436
3909,38.4786
3910,39.5486
3911,41.4134
3912,39.8249
3913,41.893
3914,35.9956
3915,39.0261
3916,43.3403
3917,40.3059
3918,40.6751
3919,38.736
3920,39.9162
3921,38.6189
3922,40.2663
3923,39.3639
3924,39.5854
3925,39.799
3926,40.3395
3927,40.3759
3928,39.1827
3929,40.7222
3930,40.3327
3931,39.9321
3932,35.6504
3933,40.4833
3934,41.7223
3935,38.3092
3936,39.6723
3937,36.7427
3938,39.9402
3939,39.8885
3940,41.3892
3941,39.6144
3942,38.318
3943,35.4398
3944,41.7797
3945,37.898
3946,38.9375
3947,39.043
3948,39.3074
3949,40.6924
3950,42.3009
3951,38.6438
3952,40.7207
3953,39.0881
3954,37.8157
3955,38.753
3956,41.039
3957,43.3702
3958,43.8711
3959,41.813
3960,38.1266
3961,38.9873
3962,37.9985
3963,37.1729
3964,41.2659
3965,37.947
3966,39.6866
3967,36.8439
3968,44.0756
3969,40.1028
3970,38.0843
3971,38.3465
3972,41.7148
3973,38.7787
3974,39.2693
3975,40.1895
3976,39.521
3977,41.2701
3978,41.8131
3979,42.1703
3980,42.0314
3981,43.3975
3982,41.307
3983,40.3819
3984,37.6746
3985,39.5106
3986,39.1592
3987,39.5462
3988,40.838
3989,36.0216
3990,41.2373
3991,42.4557
3992,41.9791
3993,39.936
3994,39.0413
3995,42.136
3996,41.2053
3997,41.9346
3998,40.4662
3999,41.9928
4000,38.0918
4001,38.6657
4002,39.5978
4003,39.6062
4004,42.0328
4005,42.0935
4006,36.7709
4007,36.6649
4008,34.3105
4009,38.3491
4010,38.062
4011,35.2804
4012,35.4898
4013,39.6831
4014,39.385
4015,36.5094
4016,37.9448
4017,40.4707
4018,38.5784
4019,37.7821
4020,40.8819
4021,38.1562
4022,42.2088
4023,41.873
4024,39.2436
4025,40.7254
4026,41.8855
4027,39.9972
4028,44.1824
4029,36.2002
4030,41.266
4031,38.3604
4032,43.7707
4033,38.6859
4034,39.5992
4035,39.3233
4036,39.1494
4037,36.5691
4038,40.6465
4039,41.0437
4040,37.6804
4041,37.1088
4042,38.381
4043,38.5381
4044,39.3439
4045,39.4728
4046,39.9931
4047,36.1307
4048,37.9251
4049,37.3961
4050,37.5613
4051,41.6329
4052,41.6801
4053,39.7822
4054,40.8866
4055,39.9869
4056,38.3319
4057,42.4163
4058,38.6566
4059,40.8791
4060,39.684
4061,41.8313
4062,40.0319
4063,40.0403
4064,42.8316
4065,41.5715
4066,40.4442
4067,37.8321
4068,40.2226
4069,37.4194
4070,37.4938
4071,36.5204
4072,40.22
4073,42.4968
4074,39.9432
4075,40.0792
4076,39.6534
4077,40.3075
4078,41.9915
4079,42.5148
4080,43.6415
4081,43.8857
4082,43.1426
4083,40.2379
4084,37.4164
4085,37.8868
4086,40.9348
4087,41.4404
4088,42.0943
4089,39.9607
4090,39.9963
4091,41.0466
4092,40.2066
4093,40.6138
4094,40.7731
4095,41.3086
4096,39.3943
4097,40.1818
4098,43.0299
4099,43.0653
4100,43.1169
4101,40.5413
4102,42.9996
4103,42.1652
4104,39.7744
4105,39.4116
4106,40.4243
4107,36.8561
4108,39.7457
4109,39.5768
4110,40.0896
4111,42.8851
4112,38.3369
4113,42.4806
4114,41.5734
4115,41.7015
4116,40.075
4117,43.0875
4118,37.7947
4119,41.8082
4120,38.2256
4121,39.3834
4122,41.4105
4123,37.9964
4124,38.1599
4125,38.1283
4126,38.3874
4127,39.6314
4128,39.1586
4129,39.7703
4130,36.2255
4131,40.5445
4132,36.5702
4133,42.0311
4134,41.0735
4135,37.6371
4136,42.7509
4137,38.8925
4138,41.0282
4139,40.0572
4140,44.1429
4141,40.3902
4142,40.8732
4143,39.4414
4144,38.5975
4145,38.1518
4146,40.4117
4147,40.549
4148,42.5511
4149,37.6226
4150,37.7648
4151,42.8539
4152,37.9212
4153,38.5786
4154,38.591
4155,39.8059
4156,38.8902
4157,39.8986
4158,39.9261
4159,39.9881
4160,41.3365
4161,39.8517
4162,40.8655
4163,41.3302
4164,41.6353
4165,40.8869
4166,42.0331
4167,40.4899
4168,44.7742
4169,38.8312
4170,42.9961
4171,39.3715
4172,39.4263
4173,43.9147
4174,40.2372
4175,38.6977
4176,39.7645
4177,42.4648
4178,40.4738
4179,43.7871
4180,40.6751
4181,39.2617
4182,39.084
4183,37.2439
4184,37.2732
4185,38.1906
4186,39.9262
4187,42.6755
4188,39.7068
4189,37.172
4190,41.8534
4191,38.9405
4192,38.0044
4193,39.7188
4194,43.0458
4195,40.4158
4196,44.103
4197,35.4707
4198,40.2343
4199,43.5411
4200,43.6308
4201,40.8987
4202,39.9041
4203,36.0835
4204,39.4125
4205,40.6252
4206,41.6242
4207,38.1519
4208,39.4014
4209,42.3248
4210,38.3798
4211,38.4961
4212,42.7993
4213,39.8572
4214,39.2791
4215,41.5648
4216,38.9773
4217,38.7358
4218,43.1548
4219,42.2187
4220,42.2876
4221,41.7774
4222,41.2895
4223,38.5154
4224,44.5351
4225,41.1157
4226,42.251
4227,42.828
4228,42.0996
4229,42.6802
4230,38.7565
4231,39.8206
4232,40.502
4233,41.2053
4234,36.1272
4235,34.7039
4236,38.229
4237,39.7092
4238,38.0073
4239,38.2531
4240,37.7975
4241,38.0368
4242,39.2564
4243,38.5583
4244,39.9329
4245,39.2392
4246,40.389
4247,39.9504
4248,39.995
4249,39.3425
4250,39.3509
4251,38.3936
4252,40.7716
4253,39.8216
4254,38.923
4255,43.9136
4256,37.4939
4257,39.3411
4258,41.5377
4259,37.9349
4260,41.5459
4261,39.8267
4262,37.3901
4263,41.6272
4264,37.061
4265,37.3342
4266,39.7121
4267,39.1835
4268,42.1919
4269,41.2994
4270,40.3079
4271,41.0567
4272,40.4765
4273,42.205
4274,43.3891
4275,42.4503
4276,40.4624
4277,40.9831
4278,39.2174
4279,42.4989
4280,42.0425
4281,37.3907
4282,38.8665
4283,39.1936
4284,40.3077
4285,40.4274
4286,41.1158
4287,41.641
4288,40.0218
4289,40.178
4290,42.2694
4291,37.4363
4292,38.4579
4293,37.6317
4294,36.7184
4295,38.7268
4296,37.7352
4297,39.5413
4298,40.7063
4299,40.9077
4300,41.9538
4301,40.1241
4302,42.1423
4303,38.2703
4304,40.2232
4305,39.2493
4306,39.2766
4307,39.3357
4308,39.7642
4309,40.2185
4310,40.3074
4311,39.0087
4312,42.4779
4313,39.5759
4314,43.0798
4315,41.4247
4316,41.9592
4317,42.285
4318,37.5838
4319,37.6631
4320,38.2826
4321,38.0747
4322,39.7201
4323,39.8598
4324,42.2709
4325,39.5505
4326,40.9324
4327,40.2963
4328,41.0511
4329,38.1223
4330,37.3811
4331,38.732
4332,38.0299
4333,39.0968
4334,39.2469
4335,39.0801
4336,39.1053
4337,40.7655
4338,39.7791
4339,40.9967
4340,37.0238
4341,41.2604
4342,40.3513
4343,41.741
4344,35.878
4345,39.3478
4346,42.6432
4347,42.8252
4348,42.0098
4349,39.5889
4350,37.3278
4351,38.9087
4352,38.9721
4353,39.5675
4354,38.5996
4355,40.914
4356,39.7817
4357,37.9191
4358,40.0919
4359,41.1981
4360,40.2878
4361,40.6069
4362,40.9102
4363,38.4935
4364,39.7632
4365,43.1063
4366,38.1715
4367,38.1863
4368,35.4005
4369,38.4998
4370,37.6999
4371,34.7146
4372,38.5624
4373,37.8984
4374,44.1598
4375,40.1794
4376,41.3962
4377,41.428
4378,41.2694
4379,42.4323
4380,39.49
4381,42.7531
4382,41.7905
4383,39.9554
4384,44.1664
4385,38.1071
4386,39.3741
4387,36.5642
4388,40.9359
4389,38.958
4390,38.5356
4391,40.6353
4392,42.5779
4393,39.6016
4394,37.9239
4395,40.6788
4396,42.3865
4397,37.8095
4398,41.8179
4399,37.9049
4400,37.9781
4401,38.2007
4402,39.3819
4403,43.6354
4404,41.7463
4405,37.808
4406,41.4944
4407,41.6357
4408,42.3169
4409,40.477
4410,38.3438
4411,37.8786
4412,41.0934
4413,41.1554
4414,42.6591
4415,42.9881
4416,41.3906
4417,41.5274
4418,38.7558
4419,38.8061
4420,40.4657
4421,38.4779
4422,41.6155
4423,41.0855
4424,41.5256
4425,38.2139
4426,35.7886
4427,40.7063
4428,41.0882
4429,41.5573
4430,41.6629
4431,41.134
4432,41.8809
4433,38.8448
4434,39.0922
4435,40.1813
4436,39.7132
4437,36.8227
4438,39.2836
4439,36.3984
4440,38.7568
4441,37.8155
4442,37.9806
4443,38.9389
4444,40.6124
4445,40.8425
4446,40.2063
4447,40.3183
4448,38.5013
4449,38.8565
4450,42.5542
4451,36.669
4452,42.0279
4453,40.4199
4454,40.0638
4455,43.7584
4456,39.0426
4457,37.671
4458,40.008
4459,41.3112
4460,43.3197
4461,39.6334
4462,37.7482
4463,39.7708
4464,40.3939
4465,38.0726
4466,38.8992
4467,41.3648
4468,41.8287
4469,38.9697
4470,40.0573
4471,42.6912
4472,41.7132
4473,38.192
4474,40.4644
4475,38.7049
4476,36.8193
4477,42.9149
4478,40.2335
4479,41.0622
4480,38.6005
4481,38.7396
4482,45.2687
4483,44.8624
4484,44.0376
4485,39.1129
4486,45.5261
4487,39.7714
4488,40.294
4489,39.4144
4490,39.7761
4491,42.1067
4492,40.7366
4493,39.3205
4494,38.5146
4495,37.2289
4496,39.7246
4497,40.2054
4498,40.0791
4499,40.2757
4500,42.3998
4501,44.2756
4502,41.4142
4503,41.7904
4504,39.5843
4505,39.0806
4506,39.2132
4507,40.3612
4508,39.3863
4509,39.8348
4510,37.6786
4511,41.3896
4512,38.5218
4513,38.5864
4514,42.2344
4515,44.039
4516,43.32
4517,38.3626
4518,38.4671
4519,41.7224
4520,37.2734
4521,36.8803
4522,39.0131
4523,37.2385
4524,38.3556
4525,39.5879
4526,41.7384
4527,42.953
4528,39.1041
4529,36.1144
4530,36.657
4531,40.8208
4532,40.9171
4533,38.3195
4534,41.8224
4535,44.9093
4536,39.0114
4537,40.0447
4538,39.0766
4539,39.5821
4540,43.1578
4541,41.3532
4542,40.4705
4543,40.7532
4544,40.9703
4545,41.0751
4546,41.1327
4547,38.6233
4548,38.7596
4549,42.0061
4550,41.1097
4551,44.3774
4552,41.4237
4553,41.7864
4554,37.7863
4555,36.7351
4556,39.94
4557,38.1668
4558,36.4802
4559,38.2475
4560,38.7787
4561,38.1968
4562,37.2185
4563,40.35
4564,41.365
4565,38.876
4566,38.9105
4567,37.8836
4568,38.2681
4569,40.1899
4570,42.3224
4571,40.3328
4572,42.6663
4573,42.5936
4574,36.6195
4575,35.916
4576,39.5519
4577,37.6245
4578,38.1005
4579,41.1208
4580,37.1617
4581,36.5413
4582,39.927
4583,40.5202
4584,39.8406
4585,40.6085
4586,39.6921
4587,41.1312
4588,37.587
4589,39.7514
4590,43.2248
4591,39.354
4592,40.8519
4593,36.1331
4594,43.805
4595,37.481
4596,39.8471
4597,37.1818
4598,39.3493
4599,42.9123
4600,40.0584
4601,40.3962
4602,38.6938
4603,39.4446
4604,39.8683
4605,40.33
4606,45.0839
4607,42.5898
4608,38.7923
4609,40.7972
4610,41.924
4611,36.5623
4612,37.4321
4613,38.0304
4614,39.6655
4615,38.7227
4616,39.0126
4617,37.351
4618,40.7786
4619,40.4845
4620,38.686
4621,40.8006
4622,39.153
4623,39.3862
4624,39.7573
4625,40.1299
4626,39.6231
4627,39.9528
4628,38.4278
4629,40.2677
4630,40.754
4631,40.9552
4632,36.3112
4633,41.3478
4634,37.3372
4635,40.7604
4636,36.3578
4637,38.4424
4638,43.5278
4639,44.1713
4640,42.5575
4641,40.3879
4642,42.3507
4643,39.8973
4644,37.3833
4645,36.9118
4646,39.8428
4647,42.1744
4648,41.0499
4649,36.4375
4650,39.112
4651,41.3645
4652,42.4598
4653,39.5247
4654,38.5879
4655,38.8158
4656,36.0444
4657,43.3932
4658,42.5247
4659,40.9765
4660,41.1016
4661,37.1748
4662,38.6791
4663,39.8366
4664,40.9096
4665,40.9424
4666,39.5648
4667,39.618
4668,38.0793
4669,40.1859
4670,40.713
4671,41.9994
4672,43.1973
4673,41.5263
4674,40.0643
4675,37.2593
4676,41.5191
4677,41.4362
4678,37.5444
4679,39.9597
4680,41.3804
4681,39.8622
4682,38.8855
4683,41.894
4684,39.5594
4685,37.8438
4686,38.676
4687,40.9795
4688,42.17
4689,42.2857
4690,40.572
4691,40.6048
4692,40.9736
4693,37.6617
4694,39.167
4695,38.2963
4696,41.9668
4697,37.2378
4698,41.9281
4699,38.21
4700,39.9907
4701,39.0623
4702,39.5155
4703,40.4567
4704,40.7848
4705,38.4771
4706,39.2287
4707,36.4441
4708,40.7957
4709,39.8158
4710,35.3573
4711,36.7749
4712,44.5043
4713,39.3892
4714,40.3823
4715,37.0895
4716,38.1187
4717,41.3162
4718,41.3449
4719,38.1757
4720,39.1942
4721,40.4667
4722,36.6875
4723,40.7202
4724,37.9355
4725,39.3775
4726,35.6531
4727,34.8286
4728,42.1524
4729,42.3242
4730,36.3605
4731,38.0546
4732,39.063
4733,39.445
4734,40.1576
4735,40.3138
4736,41.1767
4737,40.6081
4738,41.6191
4739,41.8099
4740,41.3397
4741,39.8853
4742,40.0881
4743,40.1651
4744,32.3118
4745,43.3657
4746,44.4683
4747,40.6209
4748,40.0013
4749,42.017
4750,35.467
4751,40.5604
4752,37.2921
4753,43.8283
4754,39.4212
4755,38.6546
4756,40.6687
4757,36.7754
4758,39.1705
4759,45.1997
4760,35.754
4761,40.0019
4762,40.3091
4763,37.6487
4764,41.1893
4765,39.2036
4766,39.4564
4767,41.5714
4768,40.7938
4769,38.8509
4770,41.9542
4771,40
4772,40.0391
4773,40.3826
4774,38.6778
4775,40.7729
4776,41.1646
4777,38.4612
4778,42.4804
4779,40.9352
4780,38.9969
4781,40.1914
4782,38.2551
4783,36.7043
4784,37.7307
4785,40.4818
4786,39.1852
4787,40.3587
4788,42.5928
4789,42.193
4790,40.737
4791,43.1257
4792,44.1893
4793,41.2835
4794,44.3643
4795,39.3786
4796,42.5941
4797,40.2468
4798,39.6452
4799,39.7019
4800,40.0106
4801,42.7676
4802,39.3155
4803,38.0815
4804,40.1523
4805,40.4089
4806,37.6872
4807,42.698
4808,40.4281
4809,39.7759
4810,37.0972
4811,38.539
4812,38.6389
4813,42.2658
4814,40.0573
4815,42.1519
4816,40.2317
4817,39.7478
4818,41.2747
4819,40.3008
4820,40.596
4821,41.1153
4822,42.3584
4823,39.8231
4824,40.1887
4825,42.4268
4826,43.2942
4827,38.5128
4828,38.8364
4829,39.4679
4830,41.4753
4831,41.6945
4832,41.4362
4833,39.6115
4834,41.8117
4835,40.18
4836,40.8007
4837,38.7947
4838,38.8621
4839,40.2581
4840,38.2014
4841,41.9137
4842,40.9036
4843,37.3115
4844,41.4393
4845,40.65
4846,38.0017
4847,40.156
4848,40.1183
4849,42.5745
4850,38.0495
4851,42.0595
4852,40.2023
4853,38.6587
4854,40.9678
4855,43.0352
4856,40.1757
4857,39.2721
4858,40.4239
4859,41.7095
4860,39.8552
4861,38.7818
4862,39.3923
4863,39.5079
4864,39.762
4865,39.8846
4866,42.3331
4867,40.0857
4868,41.1609
4869,41.2647
4870,41.3041
4871,41.642
4872,39.8775
4873,39.0367
4874,40.1563
4875,37.4901
4876,38.6708
4877,36.9694
4878,43.6052
4879,44.7461
4880,41.0885
4881,39.0997
4882,38.9301
4883,42.451
4884,38.5388
4885,41.0835
4886,40.2636
4887,40.302
4888,37.8786
4889,38.1949
4890,44.1776
4891,37.3063
4892,38.3319
4893,42.1115
4894,41.1818
4895,44.251
4896,39.1982
4897,40.5394
4898,41.6099
4899,39.9285
4900,42.2558
4901,41.4952
4902,39.1915
4903,42.5225
4904,42.546
4905,41.8372
4906,38.735
4907,40.3386
4908,39.6462
4909,41.3497
4910,36.6315
4911,36.784
4912,39.0018
4913,38.0517
4914,39.7097
4915,37.8299
4916,41.7147
4917,41.5265
4918,41.16
4919,37.2668
4920,40.4592
4921,41.1198
4922,40.7288
4923,39.2925
4924,34.8144
4925,43.0297
4926,42.9368
4927,41.3737
4928,41.4127
4929,37.6159
4930,40.1683
4931,38.4591
4932,37.6796
4933,37.823
4934,38.9605
4935,43.5915
4936,39.6298
4937,39.6383
4938,38.7343
4939,41.7883
4940,42.9879
4941,37.4761
4942,39.6902
4943,41.0623
4944,43.2996
4945,38.984
4946,43.5839
4947,42.4943
4948,40.0061
4949,40.0263
4950,36.2179
4951,38.9459
4952,40.0712
4953,37.4087
4954,37.6665
4955,38.7252
4956,39.1824
4957,39.14
4958,40.459
4959,38.5309
4960,40.2502
4961,44.5895
4962,39.1281
4963,39.8097
4964,41.9774
4965,38.4225
4966,43.3799
4967,43.6122
4968,38.3101
4969,38.2247
4970,42.807
4971,38.3541
4972,40.1765
4973,33.2552
4974,41.2023
4975,37.5528
4976,43.62
4977,43.5276
4978,39.7749
4979,36.3954
4980,38.9201
4981,37.6318
4982,39.7571
4983,39.3816
4984,37.5145
4985,39.5507
4986,40.7977
4987,41.0041
4988,41.0547
4989,36.844
4990,37.5616
4991,37.5844
4992,37.834
4993,43.3672
4994,41.0681
4995,44.1703
4996,37.1787
4997,38.1442
4998,39.1517
4999,39.3626
5000,38.6875
5001,40.2926
5002,38.7098
5003,38.9752
5004,39.2126
5005,39.0059
5006,42.0063
5007,41.3962
5008,41.7432
5009,41.2205
5010,37.8572
5011,39.8657
5012,38.4503
5013,38.6691
5014,36.9907
5015,39.0674
5016,39.6131
5017,39.6773
5018,34.9087
5019,40.247
5020,42.4567
5021,39.2115
5022,40.3718
5023,38.5183
5024,38.7883
5025,42.4976
5026,41.5809
5027,41.6169
5028,43.8961
5029,38.1271
5030,43.239
5031,41.0299
5032,40.1296
5033,40.7574
5034,40.7994
5035,40.8535
5036,36.1124
5037,38.0132
5038,38.0099
5039,41.8446
5040,40.3187
5041,37.3779
5042,42.6968
5043,40.2036
5044,37.2949
5045,43.6585
5046,44.0993
5047,37.4411
5048,38.1861
5049,39.7824
5050,34.0721
5051,41.0312
5052,35.2148
5053,38.3938
5054,39.5027
5055,36.6116
5056,40.9093
5057,41.2415
5058,37.37
5059,38.7575
5060,39.7131
5061,41.9756
5062,39.3723
5063,40.5403
5064,40.6527
5065,43.2563
5066,42.5442
5067,39.6884
5068,41.3221
5069,40.7074
5070,41.2594
5071,36.8355
5072,39.0009
5073,42.2138
5074,41.8943
5075,38.1151
5076,38.8832
5077,39.1463
5078,39.2195
5079,39.3164
5080,39.433
5081,39.9734
5082,39.1093
5083,40.3003
5084,37.7863
5085,40.8793
5086,41.0293
5087,37.1829
5088,42.5066
5089,41.2691
5090,40.3274
5091,38.5699
5092,40.0847
5093,40.4292
5094,40.6188
5095,40.6972
5096,36.9575
5097,38.2345
5098,38.266
5099,37.4116
5100,39.0951
5101,39.1665
5102,39.2592
5103,40.2967
5104,41.1255
5105,40.8427
5106,37.2316
5107,42.3013
5108,42.0775
5109,39.9868
5110,38.2862
5111,40.7548
5112,42.1139
5113,40.996
5114,41.2425
5115,40.5074
5116,40.7451
5117,38.6556
5118,39.1615
5119,39.3632
5120,41.4995
5121,35.9748
5122,40.0516
5123,37.4657
5124,37.4785
5125,38.1157
5126,39.0273
5127,39.919
5128,42.9728
5129,34.6771
5130,39.7161
5131,36.7408
5132,40.7838
5133,39.836
5134,40.9792
5135,41.3054
5136,41.7069
5137,40.7221
5138,40.8712
5139,41.039
5140,42.0672
5141,42.43
5142,38.5285
5143,38.829
5144,41.4882
5145,36.4297
5146,40.8943
5147,40.9279
5148,39.2541
5149,43.9056
5150,41.0298
5151,39.4833
5152,40.0349
5153,38.6911
5154,41.3695
5155,40.5852
5156,43.8082
5157,42.4249
5158,38.8267
5159,38.1109
5160,38.1749
5161,41.5633
5162,40.5116
5163,43.5676
5164,41.0494
5165,45.9681
5166,37.836
5167,37.2184
5168,39.3601
5169,40.3909
5170,39.5567
5171,41.8927
5172,41.5043
5173,39.6422
5174,39.8784
5175,40.0379
5176,41.4498
5177,41.1477
5178,36.7973
5179,40.2763
5180,37.7513
5181,37.7859
5182,39.1882
5183,39.5218
5184,39.7079
5185,38.802
5186,39.8523
5187,38.9606
5188,41.2253
5189,40.3404
5190,38.5341
5191,40.7535
5192,40.8388
5193,41.0096
5194,41.1168
5195,40.7982
5196,41.8208
5197,37.8234
5198,41.1948
5199,44.4293
5200,41.5086
5201,40.9967
5202,42.9611
5203,41.1047
5204,38.4702
5205,39.931
5206,37.7383
5207,40.7467
5208,38.409
5209,37.8757
5210,39.5755
5211,42.6931
5212,37.8344
5213,41.9409
5214,38.0711
5215,40.2112
5216,40.2788
5217,40.6078
5218,36.6253
5219,40.6338
5220,40.7018
5221,38.9142
5222,38.9664
5223,39.046
5224,41.2223
5225,40.2969
5226,41.1769
5227,42.0865
5228,38.2541
5229,38.5545
5230,41.6873
5231,38.8249
5232,39.9908
5233,40.101
5234,42.2932
5235,40.8216
5236,41.3755
5237,38.0758
5238,42.6934
5239,35.9968
5240,40.9225
5241,37.9315
5242,41.2341
5243,38.346
5244,41.7472
5245,42.0504
5246,39.0588
5247,42.0988
5248,39.4341
5249,39.7296
5250,41.2248
5251,40.3919
5252,41.4274
5253,41.4441
5254,41.5338
5255,41.898
5256,38.9848
5257,42.1204
5258,39.1288
5259,37.1824
5260,37.3278
5261,41.7978
5262,41.8811
5263,39.9389
5264,39.6767
5265,42.0502
5266,40.2636
5267,42.4555
5268,40.2467
5269,38.7951
5270,44.451
5271,37.7909
5272,38.2534
5273,38.3817
5274,38.8767
5275,38.5088
5276,43.5557
5277,41.9433
5278,40.9799
5279,38.0286
5280,41.7084
5281,39.1066
5282,39.9326
5283,37.005
5284,43.7626
5285,38.9804
5286,39.4976
5287,38.5806
5288,40.6512
5289,42.0895
5290,42.3998
5291,42.4332
5292,41.7307
5293,42.8717
5294,38.6434
5295,37.3957
5296,43.7445
5297,40.6178
5298,39.9441
5299,40.1919
5300,40.5388
5301,40.9371
5302,40.9659
5303,41.3903
5304,41.7672
5305,42.0096
5306,39.5295
5307,42.6436
5308,42.8014
5309,39.9006
5310,40.4623
5311,38.5931
5312,40.9043
5313,45.4053
5314,36.3948
5315,36.7469
5316,38.5347
5317,38.9602
5318,41.5791
5319,40.2635
5320,40.8461
5321,39.2883
5322,39.0328
5323,42.1118
5324,39.3816
5325,40.4656
5326,38.7934
5327,37.0221
5328,41.5524
5329,41.788
5330,41.3701
5331,38.5043
5332,36.7272
5333,37.9128
5334,44.091
5335,38.2121
5336,38.2205
5337,38.2618
5338,37.102
5339,39.2032
5340,40.3027
5341,39.3781
5342,40.4394
5343,40.7256
5344,42.9141
5345,38.9929
5346,41.269
5347,39.6355
5348,40.1145
5349,40.918
5350,40.9909
5351,42.2033
5352,42.6876
5353,34.3202
5354,36.7319
5355,33.8723
5356,39.1486
5357,39.3527
5358,38.2931
5359,40.3164
5360,41.0566
5361,39.2511
5362,40.7252
5363,41.4305
5364,40.8663
5365,39.9353
5366,40.0192
5367,41.7502
5368,39.0665
5369,42.4959
5370,37.9277
5371,38.0239
5372,40.6969
5373,40.7966
5374,41.1376
5375,41.301
5376,41.7232
5377,41.5922
5378,40.7879
5379,40.9133
5380,40.0561
5381,41.5254
5382,41.7248
5383,44.4201
5384,37.1013
5385,38.2525
5386,40.4881
5387,38.3581
5388,37.1962
5389,40.3247
5390,40.5252
5391,40.5503
5392,38.7625
5393,39.8433
5394,42.0048
5395,42.3016
5396,40.0116
5397,43.232
5398,38.2216
5399,40.3777
5400,41.9368
5401,42.2496
5402,41.8287
5403,37.9102
5404,39.1518
5405,38.921
5406,41.9873
5407,37.386
5408,38.1801
5409,37.7178
5410,38.8017
5411,39.0684
5412,39.217
5413,39.2282
5414,38.2563
5415,39.3877
5416,39.929
5417,37.6692
5418,41.4257
5419,42.142
5420,42.5797
5421,39.9215
5422,36.0761
5423,38.3058
5424,40.8579
5425,37.3392
5426,37.5121
5427,37.8413
5428,37.8497
5429,41.8673
5430,41.3393
5431,42.8974
5432,38.9615
5433,43.978
5434,39.2481
5435,37.3033
5436,39.4679
5437,42.7092
5438,42.9112
5439,40.9214
5440,39.0557
5441,43.0745
5442,41.3072
5443,40.3398
5444,42.2727
5445,43.2589
5446,42.6281
5447,38.83
5448,39.4264
5449,39.5871
5450,39.7724
5451,40.7808
5452,40.4927
5453,40.8616
5454,41.674
5455,39.9456
5456,39.0297
5457,43.2275
5458,40.9931
5459,44.3938
5460,41.5742
5461,42.9096
5462,36.9438
5463,41.2645
5464,38.4302
5465,41.9635
5466,39.2168
5467,39.3874
5468,40.0883
5469,40.1462
5470,42.083
5471,42.092
5472,39.4586
5473,39.5926
5474,40.0174
5475,40.0333
5476,39.5044
5477,37.5695
5478,42.0959
5479,45.1574
5480,40.6213
5481,41.1942
5482,41.4675
5483,40.6537
5484,40.2915
5485,42.6786
5486,41.06
5487,43.8934
5488,39.1916
5489,38.4694
5490,38.7652
5491,42.8133
5492,40.5114
5493,41.2988
5494,38.4019
5495,41.5787
5496,39.0671
5497,36.1137
5498,39.316
5499,37.4902
5500,40.6231
5501,40.3015
5502,43.0687
5503,42.0681
5504,41.725
5505,38.6786
5506,38.5039
5507,37.6741
5508,39.9931
5509,39.0966
5510,39.4109
5511,40.2686
5512,40.1655
5513,42.2143
5514,37.2562
5515,38.7559
5516,36.4282
5517,36.4923
5518,36.754
5519,39.8202
5520,40.1786
5521,36.246
5522,37.6125
5523,39.8071
5524,37.9095
5525,37.9179
5526,38.4607
5527,39.4822
5528,36.516
5529,41.6354
5530,41.6732
5531,40.7234
5532,39.1847
5533,39.2089
5534,45.2276
5535,42.3644
5536,39.5547
5537,42.7833
5538,37.1468
5539,39.6015
5540,41.2758
5541,36.5357
5542,41.6827
5543,38.7835
5544,41.8367
5545,39.2593
5546,38.3228
5547,38.4726
5548,39.5149
5549,35.532
5550,37.636
5551,37.7063
5552,43.2891
5553,36.4973
5554,42.7188
5555,42.8206
5556,38.9923
5557,40.085
5558,39.112
5559,39.9637
5560,38.0932
5561,36.4636
5562,40.5436
5563,39.6728
5564,36.9386
5565,39.1875
5566,40.4178
5567,39.4507
5568,38.1242
5569,39.3036
5570,40.6618
5571,38.9598
5572,39.7387
5573,41.8427
5574,37.1265
5575,37.1684
5576,44.9902
5577,40.0445
5578,41.9415
5579,38.5947
5580,39.1431
5581,39.5697
5582,40.7679
5583,38.4473
5584,39.2052
5585,40.475
5586,38.1701
5587,38.7867
5588,36.858
5589,36.9349
5590,41.2988
5591,40.3521
5592,43.4429
5593,41.7181
5594,39.8184
5595,40.0852
5596,41.1687
5597,41.5286
5598,41.4387
5599,42.6152
5600,41.8865
5601,43.1985
5602,42.7254
5603,41.698
5604,39.0628
5605,39.3856
5606,38.6751
5607,40.6755
5608,37.1867
5609,41.5625
5610,42.9889
5611,38.9824
5612,39.0142
5613,37.2221
5614,37.0643
5615,39.5385
5616,38.8827
5617,39.3215
5618,39.4257
5619,39.3274
5620,39.3472
5621,38.9436
5622,38.5279
5623,42.6499
5624,41.692
5625,41.0365
5626,42.1314
5627,39.4772
5628,39.5028
5629,40.7788
5630,40.0395
5631,41.1723
5632,39.2267
5633,41.9092
5634,38.308
5635,40.433
5636,41.4602
5637,43.7058
5638,39.1271
5639,40.2479
5640,39.5763
5641,41.7298
5642,39.4513
5643,42.7925
5644,40.3376
5645,40.4918
5646,40.1934
5647,44.2046
5648,41.0553
5649,37.0022
5650,36.568
5651,39.1356
5652,40.9764
5653,41.0356
5654,41.285
5655,40.7852
5656,42.0595
5657,37.5247
5658,44.2836
5659,39.366
5660,37.5001
5661,40.4586
5662,38.7276
5663,38.8203
5664,44.0372
5665,37.4383
5666,40.159
5667,39.0102
5668,39.3764
5669,38.4257
5670,39.7539
5671,39.7893
5672,43.8078
5673,40.4265
5674,41.2353
5675,40.481
5676,40.828
5677,40.8938
5678,40.9532
5679,41.2307
5680,41.2761
5681,41.8581
5682,43.1138
5683,42.1223
5684,42.1664
5685,39.406
5686,43.7379
5687,40.1878
5688,39.6978
5689,34.9683
5690,38.351
5691,41.5076
5692,39.657
5693,40.5295
5694,34.186
5695,39.1308
5696,43.8629
5697,38.2102
5698,45.5288
5699,38.3984
5700,38.6566
5701,41.346
5702,42.3645
5703,36.9865
5704,39.6011
5705,39.6818
5706,39.8619
5707,39.9705
5708,40.6365
5709,38.7366
5710,41.1269
5711,41.1718
5712,41.2065
5713,41.3543
5714,41.8132
5715,41.9321
5716,42.9743
5717,37.2485
5718,44.6788
5719,38.3602
5720,39.108
5721,36.8862
5722,37.3961
5723,39.6243
5724,37.7187
5725,40.9565
5726,41.1223
5727,39.2756
5728,41.3945
5729,39.6528
5730,40.7598
5731,40.454
5732,37.8392
5733,40.9053
5734,39.2568
5735,34.3638
5736,39.3465
5737,39.5055
5738,38.7074
5739,42.9125
5740,36.0049
5741,36.8564
5742,41.0723
5743,41.9746
5744,43.3249
5745,38.8577
5746,38.9978
5747,39.3482
5748,39.3739
5749,39.7092
5750,38.934
5751,39.9424
5752,40.2548
5753,44.658
5754,41.3731
5755,41.4137
5756,41.6865
5757,42.007
5758,35.2312
5759,42.6138
5760,39.1476
5761,42.7847
5762,39.8522
5763,36.9982
5764,38.1115
5765,40.3544
5766,40.4057
5767,36.5471
5768,37.5999
5769,39.6825
5770,40.0888
5771,39.3358
5772,41.588
5773,41.8002
5774,40.0778
5775,38.2909
5776,35.8991
5777,41.5835
5778,39.1025
5779,41.2034
5780,39.8666
5781,41.0226
5782,41.2155
5783,41.9402
5784,36.2699
5785,37.4545
5786,38.0849
5787,38.1419
5788,38.696
5789,42.2563
5790,40.151
5791,40.7952
5792,41.3089
5793,38.5217
5794,42.1336
5795,40.5388
5796,41.6629
5797,38.8438
5798,41.2671
5799,39.2455
5800,34.326
5801,43.4177
5802,40.6346
5803,43.6502
5804,39.6619
5805,39.2818
5806,37.6916
5807,40.9403
5808,42.8438
5809,36.3481
5810,37.4605
5811,41.7373
5812,38.6689
5813,36.2115
5814,40.9741
5815,40.028
5816,38.1774
5817,40.2363
5818,34.9399
5819,40.161
5820,40.2509
5821,36.3793
5822,38.5698
5823,44.9577
5824,37.3528
5825,37.7153
5826,35.6899
5827,39.3332
5828,36.5076
5829,41.737
5830,36.8874
5831,38.6335
5832,41.1786
5833,39.3518
5834,39.5976
5835,38.9489
5836,38.0936
5837,39.1472
5838,42.2038
5839,42.2801
5840,39.2885
5841,36.8761
5842,40.9054
5843,40.9999
5844,40.2713
5845,36.3794
5846,42.9482
5847,40.1511
5848,38.7607
5849,43.0503
5850,39.1855
5851,34.2125
5852,35.2313
5853,43.4026
5854,39.0381
5855,37.7548
5856,41.7865
5857,39.0049
5858,39.0253
5859,40.5343
5860,38.7141
5861,39.0291
5862,41.4015
5863,39.7796
5864,35.9631
5865,42.0541
5866,38.6661
5867,38.2288
5868,41.3987
5869,42.8214
5870,39.0867
5871,37.0968
5872,38.1396
5873,39.3413
5874,38.4169
5875,40.7988
5876,42.8625
5877,43.0782
5878,43.1277
5879,39.1683
5880,40.4522
5881,43.7091
5882,38.5016
5883,43.3227
5884,42.5221
5885,43.3372
5886,40.1988
5887,37.3977
5888,41.017
5889,39.5864
5890,36.2032
5891,41.4926
5892,39.596
5893,37.801
5894,38.5144
5895,41.2969
5896,41.4768
5897,39.0396
5898,41.4544
5899,41.496
5900,42.5422
5901,42.697
5902,39.8487
5903,41.9619
5904,42.8461
5905,40.455
5906,40.3104
5907,40.5023
5908,41.7398
5909,39.8587
5910,38.0322
5911,41.5509
5912,39.9516
5913,38.1217
5914,43.5284
5915,37.7505
5916,44.0222
5917,39.202
5918,38.3168
5919,36.1173
5920,40.555
5921,38.1308
5922,37.1392
5923,37.8296
5924,40.004
5925,42.2953
5926,36.5822
5927,40.7162
5928,41.3032
5929,40.4031
5930,40.6404
5931,42.4167
5932,41.5578
5933,41.9034
5934,40.1652
5935,42.8178
5936,39.2033
5937,43.2316
5938,43.3521
5939,38.1307
5940,40.3667
5941,38.7986
5942,41.1711
5943,39.1795
5944,39.9611
5945,40.1925
5946,40.2804
5947,39.7386
5948,41.8727
5949,39.211
5950,41.3316
5951,36.339
5952,40.5444
5953,43.6853
5954,43.758
5955,44.8585
5956,44.0922
5957,42.5043
5958,37.6801
5959,39.3921
5960,37.7801
5961,41.3381
5962,41.2557
5963,42.7683
5964,42.8363
5965,38.4539
5966,40.7003
5967,38.6115
5968,40.7884
5969,42.7968
5970,36.9055
5971,40.1883
5972,40.3607
5973,40.6422
5974,37.1419
5975,39.7147
5976,38.9492
5977,39.132
5978,40.1404
5979,40.853
5980,41.5632
5981,42.622
5982,43.4539
5983,39.6248
5984,40.3333
5985,39.4988
5986,40.4514
5987,37.6646
5988,39.0947
5989,40.5544
5990,39.0992
5991,40.3435
5992,41.6555
5993,41.5596
5994,41.7115
5995,36.7819
5996,40.1947
5997,42.3707
5998,36.7403
5999,40.8624
6000,39.502
6001,42.512
6002,39.7873
6003,40.298
6004,39.9367
6005,37.1806
6006,40.3202
6007,37.6886
6008,40.8123
6009,40.205
6010,40.2499
6011,41.5883
6012,42.2181
6013,42.4576
6014,40.5715
6015,40.9939
6016,43.1477
6017,42.8265
6018,42.4019
6019,39.7917
6020,43.1765
6021,42.191
6022,39.081
6023,40.1645
6024,42.2656
6025,38.568
6026,40.0605
6027,36.5207
6028,40.769
6029,42.237
6030,41.3051
6031,39.6739
6032,37.8125
6033,39.2991
6034,42.1464
6035,40.2859
6036,39.696
6037,41.5427
6038,37.5393
6039,37.5477
6040,37.3861
6041,43.637
6042,42.2055
6043,39.6312
6044,41.7536
6045,41.6252
6046,40.9856
6047,41.2566
6048,41.3478
6049,42.1186
6050,39.4992
6051,43.0065
6052,40.6849
6053,38.0439
6054,40.1088
6055,40.2948
6056,36.7141
6057,39.0214
6058,46.1586
6059,38.1806
6060,42.4222
6061,40.8158
6062,41.081
6063,39.1006
6064,37.2882
6065,42.6125
6066,39.8343
6067,41.0906
6068,40.0199
6069,37.8415
6070,41.1833
6071,37.8243
6072,38.9439
6073,38.1229
6074,38.3652
6075,42.7049
6076,41.3224
6077,41.5416
6078,41.1032
6079,38.1413
6080,38.2485
6081,39.7943
6082,39.1014
6083,39.5461
6084,40.6198
6085,39.785
6086,40.895
6087,37.5491
6088,39.7437
6089,38.1995
6090,40.2231
6091,40.3386
6092,38.3961
6093,43.692
6094,38.9997
6095,42.2076
6096,39.6453
6097,38.8009
6098,41.0252
6099,40.3344
6100,41.2082
6101,41.2743
6102,42.6042
6103,37.0613
6104,38.7638
6105,40.5767
6106,41.3528
6107,37.7118
6108,41.9391
6109,44.0667
6110,40.6338
6111,41.3422
6112,40.0919
6113,41.7594
6114,39.2083
6115,40.1492
6116,41.521
6117,39.07
6118,44.2367
6119,39.8888
6120,40.2341
6121,40.3038
6122,39.4507
6123,42.8224
6124,40.9174
6125,37.5235
6126,40.7325
6127,42.4738
6128,38.7023
6129,39.8564
6130,39.5504
6131,39.5837
6132,40.7003
6133,39.7491
6134,36.9427
6135,36.0409
6136,38.371
6137,36.9943
6138,42.0379
6139,42.6248
6140,42.9209
6141,41.0576
6142,39.485
6143,40.5516
6144,38.0121
6145,38.2543
6146,41.385
6147,38.52
6148,40.7328
6149,42.838
6150,39.2591
6151,39.3123
6152,42.1877
6153,40.4259
6154,41.4172
6155,44.1954
6156,36.4433
6157,41.1875
6158,41.4735
6159,41.6608
6160,44.3432
6161,38.3692
6162,40.7416
6163,38.8126
6164,43.0088
6165,43.3816
6166,40.165
6167,40.3956
6168,38.6473
6169,38.9962
6170,40.3636
6171,41.4061
6172,40.4327
6173,37.4616
6174,44.4145
6175,36.7363
6176,36.3655
6177,44.0302
6178,41.1248
6179,41.3416
6180,38.9685
6181,43.3344
6182,39.3487
6183,38.8766
6184,39.2747
6185,41.8196
6186,37.9095
6187,41.9635
6188,38.3188
6189,39.4623
6190,40.766
6191,40.7745
6192,41.982
6193,42.4182
6194,36.4513
6195,39.3537
6196,40.9333
6197,41.4198
6198,41.4282
6199,39.2338
6200,38.4205
6201,42.6298
6202,39.4539
6203,42.1458
6204,41.7534
6205,39.0527
6206,45.2917
6207,40.1839
6208,40.2269
6209,42.8652
6210,34.8884
6211,39.2473
6212,40.1455
6213,43.2395
6214,43.4734
6215,41.5849
6216,40.6419
6217,39.7668
6218,43.417
6219,38.9005
6220,41.9089
6221,44.0714
6222,39.4865
6223,39.8343
6224,42.6832
6225,39.8657
6226,40.2604
6227,37.7009
6228,39.7352
6229,39.4775
6230,39.2037
6231,37.5168
6232,44.2424
6233,39.3905
6234,39.5909
6235,39.0136
6236,37.3855
6237,39.4002
6238,37.48
6239,39.5316
6240,39.5482
6241,40.7828
6242,36.7931
6243,39.8851
6244,40.0271
6245,38.1049
6246,39.1133
6247,40.3215
6248,42.0299
6249,41.1575
6250,41.4461
6251,38.6186
6252,41.6684
6253,39.8543
6254,38.1083
6255,40.9156
6256,41.2841
6257,39.6187
6258,41.5302
6259,43.5634
6260,43.5718
6261,43.7171
6262,38.3546
6263,36.464
6264,39.2117
6265,38.4172
6266,37.7243
6267,42.6074
6268,40.7142
6269,41.9089
6270,40.191
6271,41.5444
6272,38.5679
6273,41.9458
6274,35.6075
6275,38.0087
6276,39.4384
6277,39.448
6278,40.7455
6279,39.9248
6280,41.9651
6281,38.1996
6282,40.6973
6283,39.0205
6284,40.1143
6285,39.888
6286,40.9075
6287,40.4971
6288,38.6834
6289,40.7079
6290,39.9347
6291,38.963
6292,41.3442
6293,41.3771
6294,39.8872
6295,42.2893
6296,38.6394
6297,39.7151
6298,37.9765
6299,40.1392
6300,40.4851
6301,40.6338
6302,41.4004
6303,41.4345
6304,42.874
6305,41.9958
6306,44.2412
6307,36.6693
6308,35.1029
6309,39.5345
6310,41.5763
6311,40.8004
6312,42.2862
6313,39.8866
6314,40.3702
6315,41.3787
6316,37.6546
6317,38.9499
6318,40.9734
6319,39.6896
6320,39.9091
6321,39.9726
6322,45.0616
6323,37.0701
6324,40.5399
6325,40.7652
6326,38.0639
6327,42.4632
6328,41.6364
6329,39.9057
6330,39.0656
6331,41.0741
6332,41.2029
6333,43.7764
6334,41.8204
6335,39.9231
6336,41.8706
6337,39.0726
6338,42.2432
6339,43.5685
6340,41.4963
6341,41.7565
6342,39.4049
6343,42.016
6344,43.0632
6345,38.3577
6346,38.5207
6347,42.7752
6348,38.5939
6349,39.6023
6350,41.3864
6351,43.4957
6352,40.0719
6353,39.1714
6354,43.5458
6355,39.6781
6356,39.712
6357,40.2297
6358,41.0071
6359,43.4414
6360,38.5718
6361,41.612
6362,39.7046
6363,39.1292
6364,42.2218
6365,40.5867
6366,35.1539
6367,40.6034
6368,40.9076
6369,41.2745
6370,39.0047
6371,40.588
6372,37.2686
6373,39.3704
6374,44.5656
6375,39.7522
6376,40.1347
6377,40.3517
6378,39.5251
6379,41.8377
6380,41.1545
6381,43.1215
6382,42.2469
6383,38.0008
6384,38.3531
6385,40.1122
6386,39.2506
6387,35.4189
6388,39.7223
6389,38.9364
6390,41.0399
6391,39.3047
6392,40.3896
6393,38.5818
6394,40.7954
6395,38.1487
6396,37.6161
6397,42.364
6398,41.5718
6399,39.1845
6400,40.3532
6401,42.1471
6402,39.3735
6403,37.5887
6404,39.0005
6405,40.1309
6406,37.2012
6407,41.3759
6408,42.9906
6409,43.1101
6410,45.2888
6411,39.3383
6412,39.3975
6413,41.6409
6414,39.6905
6415,38.8371
6416,40.6723
6417,41.8957
6418,40.9656
6419,43.0193
6420,44.0986
6421,41.2915
6422,40.5235
6423,43.3853
6424,43.6337
6425,44.3791
6426,37.2393
6427,42.3452
6428,41.3536
6429,41.1266
6430,38.4286
6431,40.9041
6432,41.0447
6433,39.593
6434,41.0072
6435,39.2536
6436,39.5049
6437,39.715
6438,40.8659
6439,36.8966
6440,42.4067
6441,43.5055
6442,40.8157
6443,41.0043
6444,37.0926
6445,39.4805
6446,39.8554
6447,37.8356
6448,39.0908
6449,38.9439
6450,39.6602
6451,39.9009
6452,39.3612
6453,40.8787
6454,41.1649
6455,39.2461
6456,39.2583
6457,40.2748
6458,43.731
6459,43.8508
6460,43.9103
6461,37.5686
6462,41.6604
6463,42.3864
6464,34.5639
6465,42.9555
6466,37.9633
6467,41.1553
6468,38.3541
6469,39.0654
6470,39.0923
6471,39.0844
6472,40.149
6473,36.2028
6474,40.6011
6475,38.8275
6476,38.9294
6477,41.0308
6478,36.5956
6479,40.3157
6480,43.8475
6481,40.3009
6482,41.4003
6483,40.5623
6484,40.0604
6485,42.494
6486,37.4099
6487,45.5043
6488,43.6535
6489,36.9513
6490,39.5436
6491,39.8226
6492,42.0328
6493,39.1413
6494,37.5841
6495,41.9597
6496,41.3296
6497,40.4115
6498,39.5731
6499,40.687
6500,39.9277
6501,37.257
6502,40.3396
6503,39.3682
6504,40.4929
6505,37.5366
6506,35.6847
6507,41.8641
6508,37.8534
6509,42.0971
6510,39.2869
6511,39.3719
6512,39.1744
6513,41.2141
6514,39.5331
6515,39.9857
6516,43.0927
6517,36.2773
6518,43.6475
6519,44.1508
6520,38.6402
6521,37.6803
6522,39.0296
6523,39.0678
6524,37.3723
6525,38.7487
6526,39.8798
6527,41.4299
6528,36.9699
6529,41.1619
6530,39.2303
6531,44.2689
6532,42.1829
6533,38.4516
6534,39.9005
6535,39.1128
6536,39.5283
6537,40.9433
6538,37.0638
6539,40.8036
6540,41.1864
6541,38.3518
6542,41.4847
6543,42.2141
6544,42.7375
6545,43.7997
6546,36.6034
6547,38.1586
6548,42.1926
6549,38.7558
6550,39.4204
6551,39.9323
6552,40.0583
6553,40.4783
6554,40.549
6555,44.9657
6556,40.1607
6557,40.1835
6558,41.513
6559,41.0269
6560,43.3449
6561,38.7415
6562,43.2466
6563,39.1347
6564,38.3002
6565,40.4633
6566,41.1186
6567,38.1136
6568,37.4342
6569,35.6538
6570,38.2187
6571,37.4908
6572,39.5892
6573,40.9419
6574,42.5454
6575,39.9899
6576,39.432
6577,39.7788
6578,40.4978
6579,37.3322
6580,37.3406
6581,44.7959
6582,41.5936
6583,39.7868
6584,41.8548
6585,41.4323
6586,44.6721
6587,42.1528
6588,36.2477
6589,43.694
6590,43.0087
6591,43.0171
6592,37.4023
6593,38.8634
6594,40.2212
6595,37.7239
6596,36.1573
6597,38.2689
6598,38.3193
6599,39.5343
6600,41.7776
6601,39.5244
6602,36.5872
6603,39.6576
6604,35.7424
6605,35.8055
6606,34.6506
6607,38.9623
6608,38.5506
6609,38.6946
6610,39.9555
6611,39.272
6612,38.3513
6613,42.3692
6614,41.3717
6615,37.9884
6616,42.1029
6617,34.2704
6618,40.4014
6619,38.474
6620,38.3658
6621,41.7914
6622,39.6641
6623,41.2151
6624,34.9862
6625,37.3612
6626,39.3696
6627,37.3534
6628,40.8922
6629,42.9006
6630,39.9938
6631,40.2819
6632,39.9708
6633,36.186
6634,37.8555
6635,39.8639
6636,39.9241
6637,40.9635
6638,38.0426
6639,39.7296
6640,43.799
6641,39.1701
6642,41.6825
6643,40.3047
6644,40.3333
6645,40.3468
6646,38.3828
6647,42.1805
6648,37.0703
6649,43.2915
6650,41.09
6651,40.4741
6652,40.0271
6653,36.9577
6654,37.5275
6655,39.8929
6656,40.1073
6657,40.1849
6658,43.2158
6659,38.9766
6660,39.2369
6661,39.3695
6662,38.5635
6663,38.8853
6664,38.647
6665,39.6937
6666,42.8961
6667,35.9557
6668,40.2485
6669,38.8481
6670,37.756
6671,40.1331
6672,41.8816
6673,40.9782
6674,41.1146
6675,38.1443
6676,42.393
6677,41.6911
6678,39.8043
6679,45.0478
6680,41.9977
6681,40.0454
6682,37.3186
6683,39.4868
6684,39.6659
6685,39.8153
6686,42.2139
6687,41.823
6688,38.3879
6689,39.7389
6690,37.8551
6691,40.002
6692,43.5097
6693,41.2198
6694,44.2695
6695,37.8231
6696,39.8825
6697,41.1135
6698,40.3
6699,39.245
6700,38.5771
6701,43.0769
6702,38.1093
6703,38.9924
6704,38.0008
6705,39.0363
6706,38.1318
6707,38.3171
6708,36.0172
6709,39.3213
6710,40.447
6711,38.4636
6712,39.7803
6713,40.4052
6714,40.6926
6715,38.0811
6716,38.1012
6717,40.1388
6718,41.4656
6719,42.3847
6720,43.3932
6721,40.3606
6722,39.1436
6723,36.99
6724,43.2575
6725,38.0159
6726,38.8805
6727,38.5478
6728,39.2869
6729,38.4759
6730,43.9514
6731,39.1666
6732,40.6516
6733,40.488
6734,36.6742
6735,42.4719
6736,39.6619
6737,41.0066
6738,40.1287
6739,37.3553
6740,40.4244
6741,40.7962
6742,44.2306
6743,44.2711
6744,37.2243
6745,44.2897
6746,38.9336
6747,37.7248
6748,37.7837
6749,37.8721
6750,39.325
6751,43.7973
6752,40.9671
6753,39.479
6754,39.618
6755,39.6364
6756,37.4456
6757,41.2395
6758,40.3
6759,40.8221
6760,43.1007
6761,41.3332
6762,38.688
6763,37.9797
6764,40.4591
6765,40.989
6766,38.9565
6767,39.0019
6768,34.8789
6769,37.029
6770,41.4093
6771,41.6803
6772,37.8927
6773,39.7926
6774,38.2789
6775,37.4267
6776,38.7764
6777,39.8996
6778,39.1051
6779,40.1164
6780,42.166
6781,40.1825
6782,41.4062
6783,39.966
6784,42.0081
6785,40.3414
6786,38.9914
6787,39.7244
6788,43.9095
6789,43.0025
6790,42.0424
6791,44.1642
6792,41.5681
6793,45.37
6794,38.5145
6795,38.3211
6796,39.6367
6797,37.2313
6798,38.2908
6799,38.6599
6800,41.2531
6801,42.3283
6802,42.5489
6803,40.0216
6804,35.2289
6805,42.2889
6806,38.1964
6807,36.5783
6808,39.2545
6809,39.3026
6810,39.6261
6811,40.8175
6812,38.97
6813,37.1285
6814,42.5075
6815,42.5554
6816,38.7624
6817,40.9964
6818,41.5487
6819,37.8001
6820,41.8665
6821,35.1384
6822,43.3975
6823,38.4817
6824,43.547
6825,39.7188
6826,39.0864
6827,42.3078
6828,37.3246
6829,42.485
6830,38.7852
6831,40.0361
6832,40.8277
6833,42.9048
6834,38.3079
6835,38.4808
6836,38.9734
6837,39.9485
6838,41.0353
6839,43.5526
6840,37.9841
6841,35.3241
6842,38.4209
6843,39.817
6844,38.8511
6845,38.2918
6846,41.6204
6847,38.6158
6848,38.8452
6849,38.9055
6850,39.0546
6851,39.8452
6852,37.9222
6853,40.75
6854,41.0893
6855,40.1344
6856,41.3412
6857,40.3642
6858,41.984
6859,41.3501
6860,42.4811
6861,40.6324
6862,41.0172
6863,44.27
6864,41.055
6865,38.7724
6866,39.029
6867,39.5502
6868,36.7283
6869,39.2735
6870,36.5576
6871,41.9185
6872,37.8958
6873,39.6591
6874,38.195
6875,41.1513
6876,36.4691
6877,40.962
6878,40.0629
6879,37.7442
6880,39.3609
6881,39.9014
6882,40.0176
6883,39.6246
6884,39.8224
6885,37.5722
6886,37.9686
6887,38.9514
6888,40.7312
6889,40.7731
6890,40.0842
6891,44.4402
6892,41.4486
6893,37.7145
6894,38.2778
6895,41.1742
6896,39.4892
6897,41.5176
6898,40.6742
6899,40.454
6900,39.4249
6901,40.7809
6902,39.5703
6903,40.217
6904,41.7171
6905,41.5349
6906,39.4317
6907,43.8236
6908,41.4563
6909,35.9416
6910,39.7126
6911,38.903
6912,40.4029
6913,39.962
6914,42.5085
6915,39.9861
6916,40.31
6917,35.6771
6918,36.9113
6919,38.0534
6920,37.3902
6921,44.0558
6922,40.0941
6923,37.3971
6924,38.2339
6925,41.4181
6926,40.5616
6927,42.8191
6928,40.6458
6929,40.1023
6930,37.4983
6931,37.145
6932,40.7925
6933,40.7857
6934,38.8729
6935,41.0601
6936,39.0685
6937,42.2017
6938,37.3629
6939,40.6474
6940,38.8437
6941,41.7294
6942,41.943
6943,41.1702
6944,41.184
6945,41.0307
6946,39.2895
6947,39.0547
6948,43.7478
6949,41.8594
6950,38.6894
6951,36.8703
6952,38.9833
6953,41.1614
6954,40.2001
6955,38.426
6956,38.5823
6957,38.6324
6958,41.423
6959,41.5898
6960,41.821
6961,40.1913
6962,41.3236
6963,44.3353
6964,40.4824
6965,40.5697
6966,40.8649
6967,40.2872
6968,40.3822
6969,37.4322
6970,37.8239
6971,37.5675
6972,37.3049
6973,35.3996
6974,39.5608
6975,38.8732
6976,40.0614
6977,40.3217
6978,39.4309
6979,42.4894
6980,41.459
6981,42.094
6982,43.9664
6983,39.6195
6984,37.5912
6985,37.8137
6986,36.6316
6987,37.7878
6988,36.9715
6989,38.6173
6990,38.6611
6991,33.707
6992,40.293
6993,41.4191
6994,38.5176
6995,40.6646
6996,42.0594
6997,41.4281
6998,42.9657
6999,43.0415
7000,38.4381
7001,40.0507
7002,37.2787
7003,37.8949
7004,41.0166
7005,38.0538
7006,38.3053
7007,40.1111
7008,41.2024
7009,40.5449
7010,36.1833
7011,40.3604
7012,41.5946
7013,43.9307
7014,41.2313
7015,39.8092
7016,39.1878
7017,40.4035
7018,42.5447
7019,40.7251
7020,38.0576
7021,40.3054
7022,39.4247
7023,39.6327
7024,42.8627
7025,40.6321
7026,41.4579
7027,41.7552
7028,42.0017
7029,42.5349
7030,38.5698
7031,38.9774
7032,40.7055
7033,41.1763
7034,40.6241
7035,37.9691
7036,42.4419
7037,39.5402
7038,37.0509
7039,37.8152
7040,44.3111
7041,41.7394
7042,41.4892
7043,42.2298
7044,38.4579
7045,39.3172
7046,42.1625
7047,40.3301
7048,40.6455
7049,40.9094
7050,38.7088
7051,39.875
7052,40.7071
7053,43.8436
7054,38.4995
7055,37.5669
7056,38.675
7057,41.98
7058,39.6743
7059,41.2243
7060,39.3627
7061,36.5406
7062,41.6307
7063,42.1087
7064,42.3147
7065,42.5054
7066,41.3208
7067,44.0045
7068,37.2051
7069,39.5008
7070,40.1066
7071,38.7453
7072,38.8005
7073,38.7345
7074,41.1869
7075,37.9804
7076,36.4493
7077,39.5994
7078,38.8573
7079,38.9891
7080,39.2306
7081,44.5595
7082,39.8936
7083,40.0027
7084,41.1852
7085,40.5575
7086,42.0928
7087,42.0949
7088,43.1129
7089,35.1514
7090,43.6521
7091,38.413
7092,39.5087
7093,39.1891
7094,39.743
7095,41.8538
7096,41.2944
7097,42.8474
7098,40.5878
7099,36.9552
7100,37.0382
7101,41.0712
7102,37.5335
7103,40.8357
7104,41.1194
7105,37.3784
7106,41.2949
7107,37.4537
7108,38.7014
7109,40.9918
7110,41.387
7111,37.9956
7112,41.5131
7113,43.3174
7114,41.1053
7115,41.3524
7116,40.4925
7117,37.2134
7118,37.4064
7119,42.71
7120,40.5497
7121,43.7711
7122,41.0899
7123,36.5666
7124,40.2447
7125,37.3715
7126,41.0617
7127,39.5265
7128,42.6773
7129,42.9047
7130,39.2011
7131,39.4515
7132,42.9679
7133,38.0831
7134,41.4696
7135,39.0437
7136,45.7406
7137,36.1711
7138,38.7462
7139,35.2981
7140,36.3929
7141,38.8465
7142,40.4052
7143,40.5894
7144,40.7624
7145,38.8546
7146,39.915
7147,39.9661
7148,41.1587
7149,40.7676
7150,41.9654
7151,38.3806
7152,38.7803
7153,41.0136
7154,41.4383
7155,41.5332
7156,40.6184
7157,39.6427
7158,40.5877
7159,43.0224
7160,41.3358
7161,44.4317
7162,41.6113
7163,39.2114
7164,38.4362
7165,41.6188
7166,42.165
7167,35.1535
7168,35.5283
7169,39.918
7170,37.7887
7171,37.9989
7172,41.0079
7173,38.2134
7174,42.5188
7175,38.8041
7176,39.0314
7177,39.3017
7178,39.3451
7179,38.1444
7180,40.3507
7181,40.953
7182,41.1228
7183,41.3287
7184,43.5032
7185,42.348
7186,35.8458
7187,40.9055
7188,37.6271
7189,40.1179
7190,42.1894
7191,39.3077
7192,38.1474
7193,37.2652
7194,42.4418
7195,37.1788
7196,41.4292
7197,40.9878
7198,40.666
7199,37.6796
7200,40.8433
7201,39.1669
7202,40.444
7203,41.1817
7204,40.533
7205,41.6437
7206,37.7461
7207,42.0415
7208,39.3388
7209,39.9899
7210,43.3619
7211,41.1313
7212,41.6263
7213,40.5492
7214,45.9127
7215,40.1133
7216,38.6254
7217,39.1519
7218,36.7807
7219,38.6114
7220,42.6301
7221,38.8847
7222,40.9761
7223,40.1399
7224,41.2642
7225,42.3346
7226,36.6546
7227,40.6936
7228,35.5251
7229,40.8559
7230,39.4055
7231,39.5398
7232,39.7845
7233,38.045
7234,42.2102
7235,41.4664
7236,42.949
7237,39.6867
7238,36.8952
7239,38.3896
7240,37.4001
7241,42.5072
7242,37.5473
7243,41.7973
7244,40.3551
7245,43.8047
7246,36.6296
7247,42.5573
7248,38.8663
7249,40.2866
7250,40.4846
7251,39.5382
7252,39.7041
7253,37.7509
7254,36.9245
7255,39.025
7256,37.9977
7257,38.2346
7258,40.7926
7259,40.9983
7260,41.2161
7261,39.3328
7262,40.0344
7263,41.087
7264,40.3454
7265,41.7758
7266,41.4661
7267,41.5385
7268,35.883
7269,38.7329
7270,36.1746
7271,37.9727
7272,40.1155
7273,39.9936
7274,39.6512
7275,37.6697
7276,40.7358
7277,38.4481
7278,41.8542
7279,35.9132
7280,41.2341
7281,44.2425
7282,38.065
7283,42.2958
7284,39.3421
7285,38.5581
7286,39.5665
7287,38.3282
7288,37.5481
7289,36.7465
7290,41.2151
7291,37.3048
7292,39.7523
7293,40.3028
7294,39.3405
7295,38.88
7296,41.7852
7297,41.2615
7298,38.836
7299,43.1771
7300,41.3287
7301,41.5834
7302,42.4714
7303,38.1104
7304,38.714
7305,39.9533
7306,41.0335
7307,37.9173
7308,38.1273
7309,37.8121
7310,34.8265
7311,40.1293
7312,37.863
7313,39.1252
7314,38.9025
7315,39.1659
7316,40.34
7317,38.5579
7318,39.5336
7319,39.7008
7320,39.675
7321,42.7578
7322,41.8535
7323,39.1033
7324,40.3294
7325,41.898
7326,43.0098
7327,37.4554
7328,43.6795
7329,37.4965
7330,35.6143
7331,38.7672
7332,39.1578
7333,41.6583
7334,40.2128
7335,38.7583
7336,40.2265
7337,37.2244
7338,35.3084
7339,39.4651
7340,36.7755
7341,38.7839
7342,42.2722
7343,42.5901
7344,39.8731
7345,39.9021
7346,41.9043
7347,38.3464
7348,37.5588
7349,39.6494
7350,38.924
7351,40.0243
7352,40.3265
7353,39.1273
7354,41.785
7355,41.3608
7356,36.9116
7357,39.6387
7358,40.7231
7359,40.4691
7360,39.6817
7361,38.8637
7362,38.9256
7363,42.2657
7364,39.7882
7365,41.1234
7366,38.6013
7367,39.6097
7368,40.3324
7369,36.0964
7370,38.0888
7371,39.9422
7372,40.2791
7373,40.7212
7374,41.3527
7375,42.484
7376,43.5495
7377,37.1946
7378,38.6351
7379,37.7044
7380,37.9176
7381,39.9892
7382,39.4982
7383,39.9867
7384,42.1768
7385,38.5483
7386,40.809
7387,40.8175
7388,41.1412
7389,38.4587
7390,41.6726
7391,36.5903
7392,40.2701
7393,38.5019
7394,38.5414
7395,38.9589
7396,40.0146
7397,38.4387
7398,40.9158
7399,42.6494
7400,35.9181
7401,43.5232
7402,43.8576
7403,37.7075
7404,38.0309
7405,40.8217
7406,38.9625
7407,39.7121
7408,39.9641
7409,37.0452
7410,36.5007
7411,40.5893
7412,41.9719
7413,41.1722
7414,37.2494
7415,42.5915
7416,39.0554
7417,39.3914
7418,41.5103
7419,40.3232
7420,43.4864
7421,39.4957
7422,44.5334
7423,35.1133
7424,38.6791
7425,41.9711
7426,42.0825
7427,39.8724
7428,41.9755
7429,37.401
7430,40.9376
7431,42.9585
7432,38.8074
7433,41.2582
7434,39.5975
7435,40.1273
7436,40.3368
7437,42.5523
7438,43.4726
7439,38.5988
7440,39.7886
7441,39.797
7442,40.9951
7443,42.7388
7444,40.5268
7445,39.4467
7446,40.8284
7447,41.1762
7448,39.6936
7449,41.1522
7450,38.3977
7451,39.0825
7452,40.3506
7453,39.7302
7454,36.7462
7455,39.0584
7456,42.5173
7457,42.4554
7458,42.1584
7459,38.7338
7460,40.7895
7461,41.7525
7462,42.818
7463,42.7062
7464,36.9434
7465,37.5577
7466,38.2226
7467,40.3123
7468,38.3581
7469,39.8717
7470,38.45
7471,40.4949
7472,38.6019
7473,39.6341
7474,35.5018
7475,39.6772
7476,42.1058
7477,40.2278
7478,42.2391
7479,38.0798
7480,37.2573
7481,38.344
7482,39.0232
7483,39.549
7484,40.7607
7485,37.8474
7486,39.7097
7487,38.3332
7488,42.1919
7489,37.0446
7490,39.5478
7491,39.862
7492,41.2248
7493,40.6481
7494,41.9902
7495,39.0934
7496,41.5879
7497,44.0231
7498,36.35
7499,39.6749
7500,39.7563
7501,40.8747
7502,40.3729
7503,41.7823
7504,40.8852
7505,41.1908
7506,41.94
7507,43.9857
7508,38.807
7509,41.1561
7510,41.5208
7511,34.5992
7512,35.9646
7513,36.4139
7514,42.0876
7515,38.4116
7516,42.9463
7517,39
7518,39.9676
7519,40.2134
7520,39.5985
7521,39.9968
7522,37.1909
7523,42.5589
7524,39.1378
7525,39.2431
7526,43.6797
7527,42.2815
7528,42.7488
7529,37.2154
7530,38.3379
7531,37.6415
7532,40.6847
7533,41.9902
7534,40.0813
7535,39.4979
7536,39.4222
7537,39.2919
7538,43.2414
7539,39.3801
7540,41.5457
7541,38.9269
7542,42.9415
7543,38.2541
7544,42.9452
7545,36.0862
7546,37.2344
7547,38.0645
7548,38.8436
7549,39.316
7550,41.3374
7551,39.4237
7552,39.6402
7553,37.8209
7554,40.1169
7555,40.6135
7556,40.6219
7557,38.6531
7558,40.873
7559,41.3546
7560,41.4229
7561,39.6169
7562,38.6773
7563,41.7445
7564,43.295
7565,41.5193
7566,42.0851
7567,38.3518
7568,42.4201
7569,41.5975
7570,40.5887
7571,36.9008
7572,37.4433
7573,41.608
7574,35.685
7575,40.1079
7576,37.1249
7577,40.1436
7578,38.2317
7579,40.8632
7580,37.1787
7581,39.6295
7582,37.6857
7583,37.7373
7584,42.338
7585,40.3464
7586,38.6534
7587,38.7853
7588,39.1216
7589,39.1555
7590,39.6346
7591,41.0657
7592,41.2074
7593,39.0741
7594,42.3443
7595,42.8843
7596,41.136
7597,43.1512
7598,41.1725
7599,42.5046
7600,39.6302
7601,41.7714
7602,39.7566
7603,41.5098
7604,39.5486
7605,38.5868
7606,39.0046
7607,41.7871
7608,41.0622
7609,36.5499
7610,37.9612
7611,39.7054
7612,44.764
7613,39.0612
7614,39.1907
7615,37.154
7616,39.4559
7617,37.8207
7618,40.9948
7619,41.6247
7620,41.6762
7621,39.9459
7622,37.5921
7623,35.0335
7624,40.4119
7625,39.5685
7626,37.8177
7627,38.0335
7628,41.0842
7629,39.5705
7630,38.8538
7631,38.4466
7632,39.5083
7633,40.9433
7634,39.9517
7635,39.3425
7636,39.5124
7637,40.5947
7638,37.174
7639,37.007
7640,42.182
7641,44.8198
7642,42.0324
7643,41.4655
7644,37.688
7645,41.3643
7646,41.8994
7647,40.5232
7648,40.633
7649,40.1308
7650,41.2126
7651,43.8088
7652,40.2222
7653,40.8488
7654,38.1
7655,40.0306
7656,40.4535
7657,37.775
7658,40.8883
7659,39.9693
7660,40.3477
7661,39.3028
7662,40.3362
7663,36.9583
7664,35.8406
7665,35.9499
7666,41.7302
7667,38.9536
7668,38.935
7669,41.814
7670,42.1173
7671,42.1724
7672,40.4334
7673,40.8701
7674,40.3793
7675,37.1458
7676,42.2667
7677,39.3512
7678,38.6486
7679,39.0613
7680,39.3264
7681,34.974
7682,38.2136
7683,40.711
7684,43.5454
7685,42.2473
7686,36.5041
7687,43.8967
7688,38.0963
7689,36.3398
7690,36.9553
7691,40.6431
7692,40.7595
7693,40.7793
7694,41.1701
7695,38.3965
7696,41.6832
7697,43.5075
7698,42.5306
7699,41.0408
7700,37.0621
7701,41.1421
7702,45.3716
7703,39.5103
7704,38.8563
7705,39.7202
7706,39.8414
7707,42.0219
7708,42.6127
7709,40.4539
7710,41.9974
7711,45.3827
7712,41.8148
7713,38.0925
7714,39.2238
7715,39.2322
7716,40.5214
7717,41.6417
7718,41.3297
7719,37.859
7720,38.0909
7721,38.3071
7722,38.6389
7723,39.4712
7724,37.8276
7725,42.8385
7726,40.2117
7727,43.575
7728,41.5915
7729,38.4463
7730,38.8364
7731,41.2909
7732,39.5791
7733,40.1172
7734,39.9009
7735,41.9093
7736,42.4876
7737,41.3182
7738,39.3266
7739,38.8973
7740,39.5651
7741,39.7137
7742,38.7421
7743,40.9863
7744,37.2098
7745,38.5129
7746,38.8481
7747,40.036
7748,41.0722
7749,38.4037
7750,41.3127
7751,37.4949
7752,40.8722
7753,38.519
7754,38.6393
7755,38.7793
7756,43.9185
7757,38.9372
7758,38.262
7759,39.6395
7760,39.833
7761,38.1757
7762,40.3255
7763,39.9035
7764,43.5606
7765,40.9563
7766,41.9799
7767,41.3804
7768,42.3888
7769,36.1771
7770,36.2308
7771,38.5542
7772,37.1785
7773,37.904
7774,39.1601
7775,42.1742
7776,41.4617
7777,39.7
7778,38.9264
7779,40.1124
7780,40.1208
7781,40.2506
7782,39.5431
7783,41.2667
7784,41.014
7785,41.3717
7786,41.7496
7787,40.3114
7788,35.3946
7789,44.5075
7790,40.8308
7791,36.9653
7792,42.0838
7793,37.5057
7794,41.6185
7795,42.8415
7796,38.6453
7797,41.8446
7798,37.7789
7799,38.4192
7800,41.0342
7801,38.4988
7802,40.9976
7803,37.6378
7804,40.8986
7805,38.1837
7806,44.5726
7807,40.5242
7808,39.9982
7809,38.2488
7810,38.7617
7811,33.4926
7812,41.5215
7813,40.0772
7814,37.2838
7815,40.2997
7816,39.3781
7817,36.4471
7818,39.6518
7819,40.9185
7820,40.1013
7821,38.6538
7822,40.0131
7823,39.0343
7824,40.0435
7825,37.0772
7826,37.7518
7827,37.8668
7828,39.3355
7829,36.5441
7830,38.9793
7831,39.6673
7832,43.749
7833,38.8693
7834,43.1607
7835,41.1702
7836,40.1786
7837,41.6031
7838,41.4972
7839,41.5999
7840,41.7805
7841,40.9333
7842,41.5622
7843,41.705
7844,39.3816
7845,40.6662
7846,41.7223
7847,38.4737
7848,40.6301
7849,41.9617
7850,37.0781
7851,40.6764
7852,43.0001
7853,41.0086
7854,41.0462
7855,38.7248
7856,38.8219
7857,38.0173
7858,41.2764
7859,40.6861
7860,41.2788
7861,40.3207
7862,37.3367
7863,42.7989
7864,42.3002
7865,40.8738
7866,38.0465
7867,39.0661
7868,41.1592
7869,36.6868
7870,40.0169
7871,40.3085
7872,40.7507
7873,41.9321
7874,39.9892
7875,39.8421
7876,41.0305
7877,37.5511
7878,38.3672
7879,36.6168
7880,42.8002
7881,39.1579
7882,39.7968
7883,40.4987
7884,40.9185
7885,38.0586
7886,40.2182
7887,43.6591
7888,44.0259
7889,38.5604
7890,45.315
7891,37.4057
7892,38.5486
7893,38.4434
7894,36.9418
7895,41.4638
7896,38.7936
7897,39.6614
7898,39.8686
7899,40.0383
7900,43.118
7901,40.5969
7902,41.6119
7903,40.8989
7904,38.4739
7905,42.3656
7906,38.7881
7907,42.6912
7908,39.2557
7909,41.9198
7910,38.2878
7911,41.438
7912,41.043
7913,38.2273
7914,38.4768
7915,36.2773
7916,38.0102
7917,40.1086
7918,40.1345
7919,40.2331
7920,38.9764
7921,37.034
7922,39.5048
7923,40.3029
7924,39.6217
7925,35.9969
7926,41.2152
7927,38.1239
7928,39.501
7929,40.1525
7930,38.9223
7931,41.9642
7932,39.3175
7933,37.5617
7934,40.2992
7935,37.5629
7936,42.9992
7937,39.055
7938,42.2768
7939,39.1057
7940,39.9528
7941,40.1993
7942,40.2188
7943,37.2824
7944,42.371
7945,39.7809
7946,41.3475
7947,40.9949
7948,42.0034
7949,39.9027
7950,40.0188
7951,40.1041
7952,40.2861
7953,37.4024
7954,39.482
7955,36.705
7956,37.199
7957,40.098
7958,39.1888
7959,39.4509
7960,39.7518
7961,38.4276
7962,43.5023
7963,42.7604
7964,42.2658
7965,41.437
7966,39.482
7967,41.6442
7968,39.5353
7969,36.18
7970,42.0501
7971,41.1852
7972,39.6786
7973,39.0791
7974,39.4247
7975,39.4867
7976,39.9694
7977,40.8834
7978,42.7741
7979,39.1474
7980,36.6893
7981,39.4784
7982,38.5046
7983,39.698
7984,39.7064
7985,39.23
7986,37.6319
7987,37.263
7988,40.3263
7989,35.7202
7990,40.7702
7991,38.8102
7992,39.0046
7993,38.3263
7994,37.56
7995,39.8032
7996,39.1513
7997,40.1626
7998,42.2172
7999,41.6892
8000,41.3836
8001,41.4266
8002,39.6442
8003,36.1451
8004,37.8372
8005,38.1434
8006,38.1731
8007,38.4078
8008,38.5652
8009,37.608
8010,39.0086
8011,38.1747
8012,39.1831
8013,39.3141
8014,39.5312
8015,40.3647
8016,41.27
8017,41.5163
8018,40.8386
8019,40.1383
8020,39.4652
8021,39.0826
8022,40.4602
8023,37.5488
8024,40.6311
8025,35.5612
8026,43.6572
8027,39.9578
8028,36.9733
8029,43.0974
8030,43.6562
8031,40.7018
8032,35.8477
8033,42.9041
8034,43.9131
8035,43.9275
8036,40.938
8037,35.0223
8038,40.6236
8039,40.7641
8040,36.1044
8041,37.4611
8042,41.3039
8043,40.0491
8044,38.6623
8045,39.779
8046,39.2056
8047,37.8273
8048,40.8863
8049,40.8046
8050,41.0889
8051,35.6287
8052,37.2852
8053,39.5759
8054,39.6313
8055,38.0419
8056,40.7024
8057,37.3333
8058,42.688
8059,39.4029
8060,40.5488
8061,38.5901
8062,40.7351
8063,40.1965
8064,40.205
8065,40.9969
8066,39.7656
8067,37.9894
8068,40.4149
8069,38.775
8070,41.2442
8071,37.4314
8072,38.6021
8073,39.6378
8074,35.8973
8075,36.2745
8076,39.5268
8077,39.6156
8078,40.9601
8079,41.7135
8080,42.8359
8081,40.4952
8082,38.5981
8083,40.9745
8084,40.5613
8085,43.3259
8086,34.4363
8087,44.569
8088,36.8839
8089,39.0235
8090,39.0094
8091,37.1594
8092,39.6743
8093,41.3069
8094,40.229
8095,35.315
8096,40.5324
8097,43.6873
8098,40.3277
8099,43.1517
8100,38.5039
8101,41.9694
8102,41.9778
8103,39.6324
8104,40.8544
8105,44.525
8106,38.1958
8107,40.626
8108,39.3246
8109,39.6367
8110,38.3743
8111,39.1336
8112,41.7155
8113,36.7707
8114,36.7963
8115,41.8307
8116,42.0582
8117,42.4962
8118,39.3902
8119,39.6953
8120,37.3728
8121,41.4872
8122,38.6312
8123,38.1331
8124,39.077
8125,41.2896
8126,41.5662
8127,39.0812
8128,39.2314
8129,38.5869
8130,39.9214
8131,45.2144
8132,40.6087
8133,42.7099
8134,37.1798
8135,37.5443
8136,38.8876
8137,40.4197
8138,39.7061
8139,36.7516
8140,39.9262
8141,40.075
8142,40.6527
8143,43.7425
8144,41.1505
8145,44.1674
8146,40.5657
8147,37.8028
8148,40.257
8149,40.0751
8150,39.5175
8151,38.1742
8152,38.3128
8153,40.4697
8154,39.5964
8155,39.684
8156,40.756
8157,41.1789
8158,39.72
8159,40.879
8160,41.193
8161,45.4461
8162,39.5991
8163,41.8364
8164,41.8667
8165,40.6733
8166,39.5707
8167,39.0951
8168,39.4032
8169,39.6963
8170,41.4368
8171,40.671
8172,41.1396
8173,41.2923
8174,34.2684
8175,42.726
8176,40.1223
8177,41.3131
8178,38.6749
8179,34.8004
8180,40.5018
8181,39.7908
8182,38.9418
8183,38.906
8184,39.7671
8185,41.1716
8186,40.2429
8187,35.0702
8188,40.2844
8189,41.7327
8190,41.9191
8191,39.8963
8192,43.1052
8193,38.1484
8194,41.2876
8195,41.3531
8196,39.3271
8197,41.0231
8198,41.3779
8199,39.5539
8200,34.6325
8201,40.2716
8202,43.6954
8203,39.0367
8204,41.346
8205,37.5672
8206,41.874
8207,39.1995
8208,38.3004
8209,42.509
8210,40.7263
8211,40.245
8212,39.2571
8213,39.2656
8214,40.2754
8215,39.3061
8216,40.444
8217,39.7397
8218,42.0531
8219,40.6522
8220,43.0826
8221,43.195
8222,42.3358
8223,38.2183
8224,40.1474
8225,36.9444
8226,41.0977
8227,39.5971
8228,38.4977
8229,38.1055
8230,37.0161
8231,39.1006
8232,39.3371
8233,40.586
8234,39.0923
8235,39.6231
8236,39.986
8237,35.2854
8238,40.3318
8239,40.3891
8240,35.8613
8241,38.7191
8242,42.7524
8243,35.6073
8244,40.8405
8245,42.0729
8246,38.6232
8247,42.8053
8248,36.9737
8249,38.4026
8250,37.8766
8251,36.2898
8252,37.3008
8253,40.4888
8254,38.117
8255,38.5249
8256,44.6039
8257,39.8138
8258,38.941
8259,37.9537
8260,40.0668
8261,39.2252
8262,39.5102
8263,39.551
8264,41.6064
8265,39.6503
8266,40.7696
8267,40.778
8268,38.0366
8269,41.1258
8270,40.2144
8271,40.2228
8272,39.2566
8273,39.407
8274,39.5304
8275,42.1861
8276,40.5285
8277,43.8349
8278,38.1215
8279,41.7464
8280,38.874
8281,40.9375
8282,41.0547
8283,39.9369
8284,42.4979
8285,42.7171
8286,39.4378
8287,37.8929
8288,38.2145
8289,42.6991
8290,34.8411
8291,36.5676
8292,39.8257
8293,40.029
8294,37.0677
8295,36.5255
8296,38.9363
8297,42.5856
8298,39.6251
8299,37.7197
8300,42.7491
8301,35.7809
8302,39.0749
8303,38.1774
8304,38.4818
8305,35.6197
8306,39.7645
8307,38.9989
8308,37
8309,40.1101
8310,42.1561
8311,40.2577
8312,38.2744
8313,40.5038
8314,40.6816
8315,43.5022
8316,41.7963
8317,35.3075
8318,40.4627
8319,41.5259
8320,38.6136
8321,39.016
8322,39.1212
8323,39.4768
8324,40.3478
8325,41.5136
8326,38.6531
8327,39.326
8328,43.0503
8329,34.2471
8330,41.9694
8331,40.5884
8332,39.7145
8333,42.2475
8334,35.895
8335,35.0511
8336,34.8528
8337,36.7307
8338,38.278
8339,40.7204
8340,41.0477
8341,42.1544
8342,39.6284
8343,39.6699
8344,41.9202
8345,39.5985
8346,42.9984
8347,43.159
8348,40.2283
8349,38.9189
8350,42.1162
8351,40.8121
8352,39.5562
8353,39.0653
8354,38.4315
8355,38.6808
8356,38.4664
8357,45.4845
8358,37.5565
8359,40.8662
8360,45.1332
8361,38.4865
8362,38.4949
8363,36.4964
8364,38.7852
8365,39.4382
8366,37.5872
8367,40.6332
8368,37.7495
8369,40.153
8370,40.4416
8371,40.6615
8372,40.7012
8373,38.9424
8374,41.0171
8375,39.0281
8376,41.5236
8377,40.046
8378,39.375
8379,37.4276
8380,39.164
8381,38.3772
8382,38.4652
8383,40.5918
8384,43.9244
8385,38.1397
8386,39.2551
8387,42.3966
8388,40.4924
8389,42.5037
8390,41.5655
8391,40.6598
8392,39.74
8393,40.3364
8394,37.3983
8395,40.7914
8396,38.0777
8397,42.1499
8398,42.1583
8399,37.3828
8400,39.4143
8401,38.7835
8402,39.1287
8403,40.1371
8404,43.2003
8405,37.5366
8406,44.0612
8407,43.5735
8408,39.6089
8409,42.7141
8410,40.8894
8411,38.092
8412,40.3749
8413,38.6344
8414,41.8587
8415,40.1877
8416,40.0134
8417,44.0819
8418,40.2693
8419,41.8792
8420,37.9882
8421,35.0052
8422,43.1643
8423,42.3892
8424,40.7699
8425,41.0529
8426,40.6869
8427,35.2893
8428,42.7189
8429,36.9009
8430,37.0512
8431,37.2757
8432,42.5311
8433,39.708
8434,36.8002
8435,37.8977
8436,39.0438
8437,42.2683
8438,44.3264
8439,38.5516
8440,39.8126
8441,39.9289
8442,39.15
8443,39.5964
8444,39.656
8445,40.9385
8446,41.0644
8447,41.0831
8448,40.7696
8449,41.8318
8450,41.8747
8451,42.0332
8452,39.1027
8453,42.2517
8454,43.516
8455,41.1499
8456,41.3133
8457,40.8326
8458,41.1271
8459,38.1759
8460,40.9986
8461,40.5147
8462,43.7454
8463,41.3728
8464,40.0342
8465,43.0055
8466,37.8307
8467,37.468
8468,37.391
8469,37.5639
8470,42.7104
8471,37.379
8472,42.4586
8473,39.7189
8474,40.2764
8475,41.0277
8476,39.0147
8477,39.6017
8478,40.2561
8479,43.8105
8480,42.9689
8481,44.2266
8482,41.2605
8483,38.6884
8484,39.6462
8485,38.965
8486,37.9421
8487,37.827
8488,38.5289
8489,38.5373
8490,38.3648
8491,36.4103
8492,41.4777
8493,38.9895
8494,42.2486
8495,41.4928
8496,39.5941
8497,41.7013
8498,41.1552
8499,34.3606
8500,40.4603
8501,38.0066
8502,44.2351
8503,35.4354
8504,35.6819
8505,40.0361
8506,38.1388
8507,41.2025
8508,40.2648
8509,35.5239
8510,40.5879
8511,40.8939
8512,45.3002
8513,36.4528
8514,39.3278
8515,39.5282
8516,40.5567
8517,35.1848
8518,38.6197
8519,41.0522
8520,39.53
8521,41.958
8522,39.9853
8523,36.5798
8524,41.5882
8525,39.0215
8526,38.6263
8527,39.0403
8528,39.4245
8529,40.3963
8530,40.6282
8531,40.863
8532,40.8789
8533,39.1815
8534,42.19
8535,40.6609
8536,41.7204
8537,38.8953
8538,39.7915
8539,45.576
8540,41.6164
8541,40.6662
8542,39.0463
8543,40.5691
8544,37.6966
8545,39.7518
8546,42.2074
8547,38.5627
8548,38.6999
8549,41.2993
8550,37.4447
8551,43.849
8552,37.8877
8553,40.293
8554,39.3251
8555,39.0096
8556,43.2634
8557,41.557
8558,41.8147
8559,38.3043
8560,42.1395
8561,40.0215
8562,38.1116
8563,41.6041
8564,40.0007
8565,38.0234
8566,40.2556
8567,37.0169
8568,43.1786
8569,39.4828
8570,42.0038
8571,40.0366
8572,41.0659
8573,41.7167
8574,39.7411
8575,39.026
8576,39.5289
8577,44.0768
8578,40.2536
8579,40.4502
8580,40.6783
8581,41.9183
8582,41.2948
8583,41.5072
8584,42.2029
8585,40.3216
8586,40.7579
8587,42.2908
8588,38.2585
8589,38.5137
8590,39.5712
8591,36.8729
8592,38.316
8593,38.0755
8594,38.3153
8595,39.4903
8596,40.5244
8597,40.0066
8598,37.5976
8599,40.8895
8600,41.1235
8601,40.3912
8602,41.3082
8603,39.8118
8604,38.5625
8605,41.0745
8606,37.7223
8607,42.7177
8608,38.1379
8609,40.3503
8610,38.4257
8611,41.4913
8612,39.638
8613,36.8199
8614,39.9247
8615,43.9331
8616,40.567
8617,40.6918
8618,37.7966
8619,38.338
8620,38.8858
8621,42.1695
8622,38.7548
8623,38.782
8624,40.6852
8625,41.1556
8626,41.5461
8627,40.8238
8628,39.1124
8629,38.3256
8630,42.4355
8631,39.9795
8632,40.0187
8633,36.0936
8634,39.4803
8635,41.761
8636,37.2457
8637,37.3501
8638,37.7563
8639,40.9545
8640,43.2872
8641,37.3374
8642,41.1069
8643,39.2401
8644,39.3415
8645,39.6931
8646,40.0976
8647,40.3373
8648,42.3802
8649,40.6412
8650,39.7642
8651,40.8887
8652,41.2877
8653,36.4823
8654,38.7766
8655,42.9755
8656,35.2739
8657,38.782
8658,43.8612
8659,37.8276
8660,40.2015
8661,37.3105
8662,39.0461
8663,38.071
8664,37.5349
8665,35.6163
8666,43.0025
8667,37.0383
8668,40.0777
8669,38.2001
8670,39.9104
8671,38.0736
8672,39.4737
8673,40.7636
8674,38.9991
8675,38.6478
8676,44.7522
8677,38.0746
8678,39.1385
8679,40.7049
8680,41.7937
8681,41.0431
8682,42.0644
8683,43.2087
8684,38.5258
8685,41.7241
8686,40.2889
8687,41.4328
8688,37.8886
8689,35.9365
8690,37.2864
8691,36.3574
8692,38.4093
8693,37.9478
8694,38.3029
8695,39.0677
8696,39.0193
8697,41.1623
8698,39.1708
8699,42.2994
8700,41.2256
8701,41.2341
8702,41.5842
8703,42.9749
8704,40.9883
8705,43.0049
8706,41.3715
8707,38.2809
8708,37.7
8709,39.328
8710,38.3808
8711,38.9408
8712,42.9408
8713,40.5536
8714,42.202
8715,37.7878
8716,38.4679
8717,40.6455
8718,39.3461
8719,45.7291
8720,39.8857
8721,40.2871
8722,40.3363
8723,38.922
8724,36.9441
8725,38.7882
8726,39.852
8727,43.1179
8728,39.331
8729,39.4288
8730,40.1648
8731,42.2648
8732,39.6927
8733,38.3322
8734,40.4233
8735,40.2142
8736,42.3214
8737,40.4842
8738,40.012
8739,40.5236
8740,40.5388
8741,42.0465
8742,41.6547
8743,41.8774
8744,41.8969
8745,41.2201
8746,42.5951
8747,40.6768
8748,41.5181
8749,39.5329
8750,39.6582
8751,39.7191
8752,34.8157
8753,36.8512
8754,37.0155
8755,39.083
8756,43.2506
8757,39.6765
8758,37.7481
8759,41.2327
8760,40.341
8761,39.8126
8762,42.3016
8763,35.8682
8764,41.0934
8765,39.1424
8766,43.1676
8767,43.409
8768,40.6798
8769,41.8888
8770,40.9379
8771,37.0643
8772,39.4402
8773,42.5051
8774,42.9728
8775,41.0945
8776,39.2148
8777,41.2915
8778,41.3587
8779,43.408
8780,39.1336
8781,39.5667
8782,39.7108
8783,36.9209
8784,41.4635
8785,37.7424
8786,39.7133
8787,42.0258
8788,40.1505
8789,40.3491
8790,37.4256
8791,40.5736
8792,36.6188
8793,37.1391
8794,37.1632
8795,42.1306
8796,38.461
8797,38.9865
8798,41.3527
8799,39.7852
8800,39.8119
8801,33.8439
8802,40.0134
8803,39.3098
8804,37.7458
8805,44.9926
8806,41.1049
8807,42.1618
8808,41.2015
8809,42.457
8810,42.7794
8811,41.7394
8812,43.5455
8813,36.8471
8814,38.9141
8815,45.7833
8816,39.5118
8817,36.9656
8818,38.4575
8819,38.893
8820,35.5946
8821,41.6683
8822,40.8563
8823,41.3905
8824,40.0628
8825,38.2927
8826,41.214
8827,39.544
8828,40.2734
8829,38.9135
8830,42.1018
8831,40.7537
8832,38.5516
8833,42.542
8834,38.9597
8835,39.9863
8836,40.1396
8837,39.6256
8838,40.6884
8839,39.76
8840,40.3424
8841,43.4963
8842,38.009
8843,38.2146
8844,38.8624
8845,38.5845
8846,39.8698
8847,37.2302
8848,40.4104
8849,38.2802
8850,40.8141
8851,36.1563
8852,37.8064
8853,41.2774
8854,37.9574
8855,39.2942
8856,40.3383
8857,40.3446
8858,36.9614
8859,38.7113
8860,41.9435
8861,40.1306
8862,39.449
8863,39.4609
8864,36.3159
8865,40.4493
8866,38.0681
8867,42.1312
8868,33.9864
8869,40.9934
8870,39.1488
8871,37.0791
8872,41.0944
8873,40.2374
8874,40.5098
8875,38.5961
8876,44.9427
8877,42.2488
8878,41.4015
8879,38.3399
8880,39.7271
8881,42.3973
8882,41.7652
8883,39.7826
8884,37.8056
8885,35.8859
8886,38.5631
8887,37.7127
8888,39.9642
8889,39.2234
8890,41.2911
8891,39.4966
8892,39.87
8893,40.3796
8894,41.4881
8895,39.1438
8896,38.3392
8897,38.7333
8898,39.9694
8899,39.2569
8900,37.589
8901,36.6604
8902,36.7483
8903,40.3875
8904,40.5986
8905,40.7825
8906,41.8271
8907,39.8604
8908,41.896
8909,41.0969
8910,44.3544
8911,40.566
8912,39.6723
8913,38.9855
8914,40.0637
8915,42.1113
8916,43.4314
8917,40.6942
8918,36.9418
8919,41.0636
8920,43.317
8921,43.4167
8922,36.5334
8923,37.1452
8924,37.3126
8925,37.6428
8926,34.7315
8927,37.8685
8928,39.8869
8929,43.5717
8930,35.6931
8931,42.1119
8932,39.3485
8933,41.48
8934,39.6056
8935,38.8091
8936,38.9791
8937,40.1934
8938,40.2018
8939,40.5588
8940,38.5906
8941,35.7036
8942,36.7317
8943,38.4039
8944,39.4528
8945,41.5501
8946,41.8097
8947,42.9194
8948,39.0101
8949,39.1728
8950,39.3007
8951,39.6572
8952,40.2772
8953,40.4112
8954,40.4286
8955,40.437
8956,40.4954
8957,40.1096
8958,38.9804
8959,38.2525
8960,41.2634
8961,42.2901
8962,40.3356
8963,40.8515
8964,42.5039
8965,41.0142
8966,39.2768
8967,43.7803
8968,36.8408
8969,37.2093
8970,40.2553
8971,39.1983
8972,42.3354
8973,42.3438
8974,41.6626
8975,39.2149
8976,36.1954
8977,43.024
8978,41.1697
8979,42.307
8980,40.4186
8981,39.5433
8982,37.666
8983,40.0922
8984,37.2971
8985,40.6497
8986,41.1765
8987,37.2337
8988,42.7537
8989,42.9462
8990,39.9547
8991,38.2882
8992,41.9531
8993,44.7323
8994,39.2071
8995,40.2578
8996,40.6576
8997,36.2841
8998,38.4884
8999,43.7278
9000,39.803
9001,40.0838
9002,41.9054
9003,40.2271
9004,41.3569
9005,41.3252
9006,38.2806
9007,41.3077
9008,42.4917
9009,45.2792
9010,38.6778
9011,42.0074
9012,39.6271
9013,37.4638
9014,37.3024
9015,37.4941
9016,39.3419
9017,39.6216
9018,39.8981
9019,39.018
9020,39.2735
9021,39.5267
9022,38.1912
9023,42.5042
9024,43.3535
9025,36.6272
9026,38.561
9027,36.9885
9028,40.7117
9029,37.8614
9030,41.4328
9031,38.9202
9032,39.9454
9033,39.5943
9034,40.2113
9035,41.6962
9036,35.2003
9037,42.2752
9038,42.5485
9039,39.7791
9040,38.4466
9041,38.5943
9042,37.6577
9043,38.3547
9044,40.9698
9045,39.2442
9046,39.5285
9047,40.8646
9048,35.8802
9049,37.7508
9050,40.9197
9051,37.4538
9052,40.128
9053,38.3584
9054,39.1076
9055,43.1397
9056,39.402
9057,39.4421
9058,39.6243
9059,39.6579
9060,40.6971
9061,38.8536
9062,40.048
9063,41.2679
9064,40.3751
9065,40.8557
9066,40.9089
9067,42.055
9068,41.4199
9069,41.4668
9070,40.4752
9071,41.6963
9072,40.7828
9073,37.8853
9074,39.4945
9075,42.6956
9076,40.7737
9077,43.0066
9078,40.179
9079,43.584
9080,43.6759
9081,43.7331
9082,41.1913
9083,44.7021
9084,41.967
9085,37.5482
9086,42.8851
9087,38.0556
9088,40.507
9089,40.6127
9090,38.2196
9091,37.9823
9092,40.3137
9093,41.0097
9094,39.3967
9095,37.5723
9096,41.8513
9097,38.9692
9098,37.373
9099,40.5155
9100,41.8021
9101,41.8966
9102,36.6575
9103,40.7577
9104,42.3074
9105,37.5423
9106,38.9882
9107,40.0109
9108,38.2597
9109,39.9858
9110,39.1416
9111,40.6317
9112,40.1304
9113,40.9031
9114,41.0585
9115,42.0973
9116,41.2638
9117,39.3179
9118,40.0018
9119,43.0699
9120,37.0982
9121,39.1428
9122,39.1893
9123,43.7145
9124,39.9837
9125,39.0728
9126,37.2898
9127,42.9772
9128,41.8804
9129,42.291
9130,39.4821
9131,36.4929
9132,41.2287
9133,38.4992
9134,41.0361
9135,41.6428
9136,36.5066
9137,39.6882
9138,40.0312
9139,38.1309
9140,39.1521
9141,38.3623
9142,42.5498
9143,39.8675
9144,39.9111
9145,40.4199
9146,39.5853
9147,43.2021
9148,37.7723
9149,38.0955
9150,38.9466
9151,43.4411
9152,42.3507
9153,33.8538
9154,36.3737
9155,36.6996
9156,37.7954
9157,38.1041
9158,40.1563
9159,34.8994
9160,39.4767
9161,42.1377
9162,42.7763
9163,42.8361
9164,42.3026
9165,42.4477
9166,41.0128
9167,45.1236
9168,43.2281
9169,38.3325
9170,38.8632
9171,40.1125
9172,44.1919
9173,39.7674
9174,41.1698
9175,41.714
9176,41.8428
9177,40.1872
9178,40.2872
9179,36.4291
9180,37.5931
9181,37.8249
9182,38.0208
9183,39.1995
9184,40.4297
9185,39.9633
9186,38.1713
9187,40.5361
9188,42.0189
9189,41.5287
9190,45.5907
9191,37.6254
9192,38.823
9193,39.3475
9194,38.3734
9195,38.6291
9196,41.6401
9197,41.6972
9198,38.9574
9199,39.8498
9200,37.3863
9201,38.3042
9202,38.1898
9203,39.6047
9204,39.9759
9205,42.9843
9206,39.0048
9207,40.5262
9208,37.9044
9209,41.0304
9210,42.3259
9211,42.2051
9212,38.4644
9213,39.4713
9214,39.2524
9215,41.3565
9216,38.4289
9217,41.8792
9218,42.9695
9219,38.153
9220,39.6423
9221,38.9411
9222,37.9929
9223,38.0141
9224,41.244
9225,40.4219
9226,38.6545
9227,40.9794
9228,40.5263
9229,42.1887
9230,42.7903
9231,40.9445
9232,36.2451
9233,38.4792
9234,41.5362
9235,38.5578
9236,42.8294
9237,37.3616
9238,39.3842
9239,36.5448
9240,39.0604
9241,39.3058
9242,37.9435
9243,40.7134
9244,37.2694
9245,41.3009
9246,40.2537
9247,37.3084
9248,40.5584
9249,39.5673
9250,40.6325
9251,36.9447
9252,35.8253
9253,43.714
9254,38.0451
9255,41.4075
9256,39.5823
9257,38.3467
9258,41.2115
9259,39.5745
9260,39.9467
9261,40.115
9262,40.7855
9263,41.2418
9264,41.5908
9265,38.8644
9266,37.9572
9267,40.8533
9268,37.0619
9269,41.1539
9270,37.3297
9271,38.8339
9272,39.8973
9273,37.0037
9274,40.931
9275,37.4318
9276,40.1983
9277,42.8613
9278,37.8697
9279,40.7762
9280,41.2542
9281,40.4505
9282,41.5108
9283,40.1313
9284,40.5555
9285,39.9412
9286,37.2163
9287,38.359
9288,37.1605
9289,42.3933
9290,38.1805
9291,39.3184
9292,38.4591
9293,34.6872
9294,39.0373
9295,40.2126
9296,40.2586
9297,39.267
9298,40.5731
9299,41.167
9300,40.2142
9301,41.0147
9302,43.295
9303,39.3459
9304,37.407
9305,40.482
9306,40.725
9307,40.9377
9308,42.1216
9309,41.1392
9310,40.9104
9311,42.3058
9312,41.4086
9313,41.7536
9314,37.7823
9315,34.3769
9316,39.9466
9317,41.0129
9318,36.6848
9319,36.729
9320,41.8804
9321,38.0911
9322,43.3326
9323,41.5507
9324,38.6696
9325,37.4446
9326,41.4693
9327,39.7731
9328,38.2638
9329,36.1436
9330,36.5656
9331,40.0383
9332,38.2822
9333,38.5206
9334,43.677
9335,38.9351
9336,39.2729
9337,39.4946
9338,38.5925
9339,40.7174
9340,39.7897
9341,41.8384
9342,35.0113
9343,43.0197
9344,39.2774
9345,41.3682
9346,39.6036
9347,40.3295
9348,43.8764
9349,43.9112
9350,40.0838
9351,42.5858
9352,39.5829
9353,41.1188
9354,42.4811
9355,41.9139
9356,39.4257
9357,39.5359
9358,43.3055
9359,40.6717
9360,41.158
9361,41.4245
9362,39.5014
9363,40.5197
9364,37.1184
9365,37.5283
9366,38.6739
9367,40.5519
9368,43.4408
9369,37.4845
9370,36.9081
9371,39.052
9372,40.6193
9373,37.823
9374,40.1123
9375,38.1637
9376,39.7907
9377,39.4554
9378,39.5353
9379,40.2581
9380,40.5689
9381,41.1737
9382,41.4866
9383,41.5791
9384,35.9267
9385,38.1648
9386,40.2173
9387,43.0915
9388,37.2903
9389,42.0857
9390,39.902
9391,41.5489
9392,43.9174
9393,41.0715
9394,38.3558
9395,39.4419
9396,38.6626
9397,38.2528
9398,39.5361
9399,36.467
9400,39.7904
9401,39.2
9402,39.4726
9403,40.6136
9404,41.7694
9405,38.2429
9406,37.7656
9407,38.6014
9408,38.6376
9409,37.7493
9410,40.4605
9411,39.2726
9412,39.5392
9413,40.9183
9414,41.0503
9415,38.4386
9416,40.2148
9417,37.5445
9418,42.3791
9419,38.1349
9420,38.2686
9421,39.1012
9422,39.1195
9423,39.5101
9424,41.8391
9425,38.1529
9426,41.5009
9427,41.606
9428,39.5207
9429,38.646
9430,43.3269
9431,40.8615
9432,40.0115
9433,38.6198
9434,40.8201
9435,40.9801
9436,42.1957
9437,39.7911
9438,41.2622
9439,37.7279
9440,39.6749
9441,39.095
9442,37.8554
9443,39.1249
9444,40.316
9445,40.543
9446,40.7114
9447,44.398
9448,41.4443
9449,41.0974
9450,40.1995
9451,34.8495
9452,40.497
9453,38.9874
9454,38.5161
9455,43.582
9456,40.0292
9457,39.5259
9458,42.9342
9459,40.2078
9460,40.5355
9461,37.6768
9462,42.5445
9463,40.1853
9464,40.2026
9465,43.6474
9466,40.7941
9467,36.8113
9468,37.2937
9469,37.4394
9470,37.7431
9471,39.2049
9472,39.372
9473,40.1837
9474,39.4691
9475,40.0705
9476,41.7677
9477,42.6845
9478,37.0832
9479,43.1024
9480,41.4622
9481,37.6183
9482,39.8834
9483,40.2311
9484,41.6703
9485,40.0115
9486,41.5387
9487,39.5497
9488,40.6173
9489,39.6795
9490,40.8208
9491,33.0599
9492,40.5711
9493,39.3406
9494,40.9095
9495,39.017
9496,40.2059
9497,42.3926
9498,40.8861
9499,40.4298
9500,36.5262
9501,41.69
9502,39.2173
9503,42.2185
9504,37.8832
9505,40.9313
9506,36.8643
9507,39.2062
9508,39.9989
9509,41.5036
9510,42.6472
9511,42.8836
9512,40.0273
9513,39.2243
9514,39.8902
9515,39.9309
9516,40.4639
9517,40.8811
9518,42.7608
9519,37.8973
9520,41.369
9521,39.1474
9522,43.2755
9523,43.4064
9524,39.7224
9525,41.3016
9526,42.3793
9527,42.2265
9528,39.0808
9529,40.205
9530,41.3369
9531,42.7961
9532,37.8291
9533,37.5907
9534,41.9658
9535,39.4088
9536,40.0857
9537,41.2884
9538,41.5217
9539,42.172
9540,42.9219
9541,40.2557
9542,36.5365
9543,41.8439
9544,37.1223
9545,37.4283
9546,35.0704
9547,39.1133
9548,42.2413
9549,40.7835
9550,39.845
9551,38.927
9552,40.2893
9553,37.8785
9554,41.0868
9555,41.2729
9556,41.5786
9557,41.6749
9558,40.0257
9559,42.0497
9560,41.2195
9561,42.929
9562,39.1796
9563,39.2507
9564,38.6732
9565,38.8476
9566,40.9365
9567,41.2067
9568,38.8334
9569,38.2541
9570,40.4064
9571,38.7393
9572,41.1442
9573,36.2038
9574,36.4706
9575,41.5447
9576,38.617
9577,39.4153
9578,38.2018
9579,40.2623
9580,36.5839
9581,39.7397
9582,39.8634
9583,40.1079
9584,40.3061
9585,40.4658
9586,39.5281
9587,39.7895
9588,40.8323
9589,36.3775
9590,42.6967
9591,41.4877
9592,38.3793
9593,42.524
9594,39.6648
9595,40.0521
9596,34.6814
9597,39.2137
9598,39.468
9599,43.7095
9600,40.6523
9601,39.0263
9602,38.0954
9603,38.2823
9604,43.0381
9605,40.0466
9606,40.7334
9607,42.7467
9608,37.2169
9609,38.3025
9610,41.5013
9611,40.6645
9612,38.1695
9613,46.1825
9614,39.2047
9615,39.969
9616,42.501
9617,39.6963
9618,39.7955
9619,38.5793
9620,37.6919
9621,37.356
9622,42.2884
9623,39.4904
9624,41.9494
9625,39.4652
9626,42.5165
9627,39.7233
9628,41.9658
9629,36.3723
9630,43.4296
9631,43.2281
9632,43.0671
9633,36.9492
9634,37.0132
9635,41.2394
9636,41.5661
9637,38.0002
9638,39.1172
9639,39.2701
9640,40.3967
9641,41.2572
9642,40.5927
9643,41.6734
9644,41.3774
9645,41.9664
9646,38.2489
9647,42.5202
9648,41.9256
9649,39.0894
9650,39.1429
9651,37.1513
9652,39.3963
9653,40.9455
9654,41.0159
9655,45.3378
9656,38.3174
9657,37.8417
9658,40.7101
9659,39.3237
9660,39.4094
9661,39.4178
9662,37.7496
9663,38.9906
9664,41.4327
9665,41.4884
9666,41.6123
9667,38.9849
9668,40.1221
9669,39.1372
9670,40.2137
9671,43.2653
9672,37.7373
9673,41.3076
9674,37.6889
9675,40.7751
9676,42.2196
9677,40.8547
9678,37.905
9679,41.0213
9680,41.7102
9681,39.5002
9682,40.5898
9683,38.6394
9684,40.1343
9685,42.7682
9686,40.5252
9687,40.1086
9688,39.8245
9689,42.5203
9690,41.177
9691,44.4356
9692,43.3402
9693,39.4251
9694,39.2314
9695,41.4252
9696,42.4332
9697,38.4579
9698,41.5487
9699,39.5958
9700,41.4428
9701,36.6292
9702,38.9708
9703,39.3284
9704,37.5395
9705,40.6415
9706,37.9986
9707,40.2772
9708,39.2787
9709,41.3673
9710,39.4228
9711,39.696
9712,38.7629
9713,40.8004
9714,40.3077
9715,40.6038
9716,39.8116
9717,41.82
9718,42.9742
9719,43.1232
9720,37.1981
9721,36.8259
9722,41.1217
9723,40.3607
9724,41.1602
9725,41.2957
9726,40.3661
9727,40.3014
9728,40.7044
9729,38.8723
9730,39.3485
9731,38.7746
9732,39.9131
9733,35.9216
9734,40.1666
9735,39.832
9736,41.9947
9737,40.149
9738,42.6476
9739,40.0655
9740,41.1162
9741,37.955
9742,34.6199
9743,39.7658
9744,36.8372
9745,43.8309
9746,44.2751
9747,38.5493
9748,40.8302
9749,38.981
9750,40.4177
9751,36.1896
9752,40.261
9753,40.9152
9754,41.081
9755,39.0883
9756,40.8888
9757,44.1701
9758,37.6146
9759,40.734
9760,41.7972
9761,39.4272
9762,40.4714
9763,36.5417
9764,39.9043
9765,40.5187
9766,42.8131
9767,40.137
9768,39.3172
9769,40.0049
9770,41.7228
9771,41.3118
9772,40.9944
9773,36.079
9774,39.7453
9775,41.7589
9776,39.9166
9777,40.279
9778,42.3211
9779,42.4616
9780,39.8671
9781,43.31
9782,38.3425
9783,42.9363
9784,38.2227
9785,39.7987
9786,39.9443
9787,37.0606
9788,38.9008
9789,38.9667
9790,39.9803
9791,43.0204
9792,41.566
9793,40.8353
9794,37.7865
9795,34.508
9796,41.0959
9797,37.5962
9798,38.8879
9799,38.7059
9800,38.7338
9801,39.2295
9802,40.2529
9803,39.3952
9804,39.6697
9805,40.025
9806,40.0671
9807,40.1434
9808,40.2217
9809,38.6497
9810,41.8494
9811,39.8759
9812,39.9204
9813,39.0502
9814,40.197
9815,41.6676
9816,41.694
9817,41.1714
9818,43.6573
9819,41.7662
9820,41.9684
9821,36.1145
9822,41.19
9823,42.6991
9824,38.8301
9825,43.9038
9826,44.2496
9827,40.3075
9828,40.5022
9829,38.5476
9830,37.5848
9831,41.6371
9832,43.0029
9833,39.0113
9834,39.1796
9835,38.4975
9836,42.3839
9837,40.5415
9838,39.704
9839,40.0577
9840,39.832
9841,43.1708
9842,38.7932
9843,45.2046
9844,38.308
9845,43.358
9846,37.9278
9847,37.2846
9848,38.9886
9849,41.0978
9850,41.6998
9851,38.113
9852,37.7876
9853,40.9281
9854,40.0645
9855,36.1666
9856,39.8955
9857,39.3478
9858,37.7559
9859,38.7645
9860,37.7729
9861,42.4594
9862,40.7445
9863,38.993
9864,38.207
9865,39.5266
9866,39.7998
9867,40.4045
9868,41.4697
9869,36.9763
9870,37.2336
9871,40.386
9872,38.5187
9873,38.5296
9874,37.19
9875,39.6172
9876,37.7933
9877,40.1322
9878,40.2874
9879,38.3452
9880,40.4311
9881,40.5139
9882,41.0151
9883,41.1537
9884,41.2886
9885,39.5242
9886,42.5139
9887,42.9494
9888,40.9754
9889,43.6821
9890,39.6209
9891,37.8823
9892,40.0933
9893,43.5907
9894,40.6827
9895,41.7634
9896,40.7916
9897,36.3308
9898,40.5138
9899,41.3408
9900,42.5543
9901,38.8334
9902,42.9549
9903,38.4796
9904,39.4578
9905,37.7721
9906,40.2114
9907,39.3577
9908,40.6136
9909,40.8757
9910,39.3003
9911,42.8063
9912,39.6263
9913,37.6037
9914,40.6595
9915,41.0294
9916,41.0023
9917,36.9024
9918,38.0484
9919,38.389
9920,35.7329
9921,38.8438
9922,38.8934
9923,39.1672
9924,39.1779
9925,38.4543
9926,41.3058
9927,38.7066
9928,39.0813
9929,42.2119
9930,41.4685
9931,42.613
9932,40.4317
9933,39.3617
9934,37.4913
9935,41.7922
9936,42.0261
9937,37.4239
9938,37.642
9939,39.315
9940,39.6218
9941,39.7425
9942,43.753
9943,39.8479
9944,39.0377
9945,40.2832
9946,38.8956
9947,39.9154
9948,40.9675
9949,42.057
9950,39.6367
9951,37.1306
9952,41.2608
9953,40.4505
9954,37.7603
9955,41.8046
9956,37.6088
9957,38.1054
9958,39.5989
9959,39.0008
9960,39.2635
9961,38.0777
9962,36.1394
9963,39.1805
9964,42.9383
9965,37.1599
9966,39.2144
9967,41.4669
9968,40.5327
9969,41.5549
9970,43.2386
9971,41.1305
9972,43.9433
9973,40.2351
9974,42.5254
9975,40.9101
9976,36.9178
9977,37.138
9978,42.3533
9979,38.2679
9980,40.3077
9981,38.0719
9982,39.3097
9983,37.9332
9984,41.0938
9985,41.3193
9986,38.7165
9987,39.9116
9988,39.1427
9989,39.5252
9990,37.6817
9991,39.1598
9992,40.2124
9993,41.3057
9994,40.4589
9995,42.6107
9996,41.3364
9997,40.4175
9998,37.7076
9999,43.0754
10000,42.3799
10001,38.5319
10002,39.3572
10003,41.5176
10004,37.8764
10005,44.7211
10006,41.0636
10007,37.7328
10008,37.927
10009,38.0778
10010,38.7855
10011,39.4657
10012,40.1926
10013,41.6102
10014,37.3366
10015,38.8903
10016,40.9742
10017,39.5976
10018,44.1639
10019,39.2275
10020,40.4878
10021,43.714
10022,38.0316
10023,39.0558
10024,40.3057
10025,41.1537
10026,42.5562
10027,42.8652
10028,42.0384
10029,42.2109
10030,41.5192
10031,42.5286
10032,36.1285
10033,39.2633
10034,42.4483
10035,38.1733
10036,41.0751
10037,42.1504
10038,39.6826
10039,42.2649
10040,37.8672
10041,38.3788
10042,36.6245
10043,44.7039
10044,41.0892
10045,39.384
10046,39.5913
10047,40.9247
10048,41.7471
10049,37.9265
10050,40.6071
10051,38.0499
10052,39.2886
10053,39.795
10054,40.843
10055,36.8546
10056,40.0027
10057,40.2796
10058,40.4953
10059,40.606
10060,41.7036
10061,41.2058
10062,39.3497
10063,42.4841
10064,43.4411
10065,40.7786
10066,44.7992
10067,41.2158
10068,38.5271
10069,41.6533
10070,41.7996
10071,39.0165
10072,42.1468
10073,40.038
10074,36.2446
10075,38.235
10076,38.8944
10077,39.7243
10078,39.8093
10079,40.6404
10080,40.303
10081,39.5196
10082,37.9779
10083,38.1553
10084,41.4543
10085,39.2078
10086,42.2162
10087,40.1273
10088,42.0314
10089,37.0793
10090,41.7775
10091,39.2433
10092,37.8114
10093,36.0836
10094,38.1153
10095,36.3314
10096,38.367
10097,38.1585
10098,43.6385
10099,41.9245
10100,38.2395
10101,41.4744
10102,38.7082
10103,42.1586
10104,38.4828
10105,39.5945
10106,41.0595
10107,39.1033
10108,40.3371
10109,40.7225
10110,41.9082
10111,43.5773
10112,40.935
10113,38.2448
10114,39.716
10115,40.4281
10116,37.0557
10117,40.149
10118,37.7645
10119,37.9821
10120,45.0664
10121,37.1388
10122,40.8866
10123,40.5347
10124,39.1208
10125,36.6942
10126,35.7706
10127,40.2826
10128,37.6704
10129,42.3052
10130,39.6373
10131,38.9598
10132,42.3723
10133,41.1009
10134,36.2991
10135,39.3461
10136,40.1292
10137,43.4109
10138,39.4301
10139,39.3987
10140,42.533
10141,40.5813
10142,39.3912
10143,36.6266
10144,37.668
10145,37.142
10146,37.3581
10147,37.3941
10148,39.485
10149,39.1403
10150,39.6519
10151,37.0041
10152,38.9402
10153,42.1485
10154,39.3463
10155,38.3634
10156,39.4955
10157,37.9994
10158,39.0099
10159,40.9711
10160,41.3736
10161,36.5605
10162,39.9066
10163,42.9738
10164,40.227
10165,38.3805
10166,35.9053
10167,42.9882
10168,44.009
10169,40.1365
10170,41.2704
10171,41.5014
10172,39.6407
10173,41.658
10174,41.3072
10175,39.4456
10176,34.73
10177,39.2412
10178,37.8305
10179,37.9822
10180,38.4586
10181,38.6977
10182,46.0883
10183,40.2491
10184,41.4546
10185,37.9428
10186,42.3173
10187,42.584
10188,39.3289
10189,39.7001
10190,42.9831
10191,41.8606
10192,42.3262
10193,43.4375
10194,40.8911
10195,42.8962
10196,40.3055
10197,40.583
10198,35.6064
10199,38.8811
10200,39.1392
10201,40.6903
10202,41.2612
10203,41.4716
10204,43.9573
10205,38.1766
10206,40.1851
10207,36.4923
10208,38.7711
10209,39.9932
10210,38.0117
10211,38.0674
10212,38.5132
10213,40.7283
10214,38.8693
10215,39.1198
10216,39.1777
10217,39.3202
10218,38.8064
10219,43.9677
10220,43.2645
10221,36.4882
10222,42.6969
10223,39.7955
10224,38.2039
10225,44.2427
10226,42.4593
10227,42.0049
10228,41.1873
10229,38.2207
10230,35.5604
10231,42.8739
10232,39.2552
10233,39.9718
10234,40.0393
10235,40.1003
10236,41.6327
10237,41.1053
10238,40.1138
10239,38.5112
10240,38.8386
10241,42.3484
10242,44.6604
10243,40.7746
10244,38.888
10245,43.1502
10246,41.4881
10247,40.8199
10248,38.514
10249,40.6157
10250,38.6479
10251,39.8021
10252,37.7877
10253,40.4325
10254,40.4506
10255,40.3312
10256,41.2485
10257,39.6202
10258,40.8443
10259,43.0191
10260,40.2205
10261,40.6832
10262,39.3203
10263,34.481
10264,36.5967
10265,39.6401
10266,36.87
10267,37.2269
10268,37.9143
10269,37.4647
10270,36.3412
10271,39.9511
10272,41.0902
10273,37.1401
10274,41.8687
10275,39.7208
10276,40.5596
10277,42.5741
10278,44.9551
10279,40.4109
10280,38.4476
10281,38.5173
10282,35.9105
10283,38.0856
10284,38.8809
10285,36.314
10286,44.4424
10287,39.4656
10288,34.7175
10289,42.7419
10290,37.9986
10291,40.0388
10292,41.1001
10293,38.5877
10294,38.7415
10295,39.3211
10296,42.8046
10297,39.0739
10298,40.6069
10299,36.921
10300,36.4375
10301,41.6175
10302,42.0773
10303,38.1518
10304,42.461
10305,38.7152
10306,40.2698
10307,40.6367
10308,40.7812
10309,40.2222
10310,40.3552
10311,41.4443
10312,40.7971
10313,34.8969
10314,42.2732
10315,41.6747
10316,42.7971
10317,43.0042
10318,43.162
10319,43.4661
10320,41.0265
10321,35.0738
10322,43.1066
10323,39.4891
10324,43.0744
10325,38.4701
10326,38.0112
10327,41.1251
10328,37.3055
10329,42.6793
10330,41.8176
10331,40.9276
10332,42.1702
10333,40.3694
10334,40.4241
10335,38.5684
10336,36.6988
10337,39.6854
10338,42.9223
10339,38.9366
10340,39.3109
10341,37.6637
10342,39.7064
10343,41.7608
10344,37.901
10345,37.925
10346,40.167
10347,37.3833
10348,38.5239
10349,39.863
10350,35.2933
10351,41.4612
10352,44.0158
10353,42.1637
10354,42.3135
10355,36.5925
10356,39.3798
10357,37.4674
10358,40.1683
10359,40.4967
10360,41.6598
10361,38.8843
10362,40.1252
10363,38.2469
10364,40.2965
10365,42.6935
10366,40.7062
10367,41.0262
10368,44.2405
10369,41.2685
10370,39.6143
10371,38.8647
10372,39.2189
10373,39.363
10374,40.3806
10375,38.195
10376,38.9469
10377,39.5279
10378,39.8198
10379,42.0177
10380,40.2377
10381,37.4445
10382,41.3387
10383,41.4904
10384,36.8136
10385,41.8611
10386,37.6815
10387,38.2805
10388,38.2914
10389,43.518
10390,38.6799
10391,41.3986
10392,41.4692
10393,39.8078
10394,40.0591
10395,42.4781
10396,40.3715
10397,42.9514
10398,39.0172
10399,39.9631
10400,40.0136
10401,38.9779
10402,38.9797
10403,42.5961
10404,37.2453
10405,39.9475
10406,39.3417
10407,39.1818
10408,39.9631
10409,41.1201
10410,43.0549
10411,38.5569
10412,40.285
10413,42.3096
10414,42.083
10415,38.2106
10416,41.347
10417,39.6519
10418,40.1437
10419,40.2304
10420,40.2911
10421,37.2995
10422,42.5832
10423,42.0597
10424,38.7223
10425,40.0095
10426,40.5825
10427,40.7453
10428,39.7816
10429,39.8346
10430,39.2791
10431,40.1264
10432,40.6789
10433,42.4426
10434,39.2578
10435,39.8522
10436,39.1114
10437,38.3463
10438,39.9285
10439,39.9635
10440,41.0481
10441,42.2857
10442,37.4574
10443,42.5558
10444,38.0624
10445,38.3549
10446,39.6667
10447,39.7336
10448,39.1797
10449,40.2678
10450,39.3958
10451,39.4119
10452,41.6693
10453,39.4157
10454,40.4402
10455,39.5123
10456,40.5292
10457,41.9294
10458,40.004
10459,40.1479
10460,41.2348
10461,41.2795
10462,42.1779
10463,38.2585
10464,41.2669
10465,41.7996
10466,39.3782
10467,39.4297
10468,42.6167
10469,37.4654
10470,40.5366
10471,42.4204
10472,38.858
10473,36.0904
10474,43.3936
10475,42.7761
10476,38.9814
10477,39.1838
10478,44.6055
10479,38.4752
10480,36.8294
10481,38.76
10482,38.3387
10483,40.6254
10484,39.1852
10485,40.1719
10486,40.0749
10487,44.2462
10488,42.5493
10489,43.4873
10490,42.9147
10491,42.2753
10492,38.6481
10493,44.7717
10494,45.239
10495,38.5851
10496,38.9195
10497,40.5712
10498,36.868
10499,38.0216
10500,40.6144
10501,38.8227
10502,39.7334
10503,39.9775
10504,40.7155
10505,40.859
10506,42.4006
10507,38.6404
10508,43.334
10509,41.6274
10510,41.4685
10511,39.5104
10512,38.6336
10513,40.5849
10514,36.6548
10515,38.6978
10516,41.3967
10517,40.2006
10518,37.392
10519,37.1447
10520,42.0931
10521,42.4843
10522,38.7143
10523,41.4932
10524,40.7229
10525,42.7381
10526,38.944
10527,41.8687
10528,40.0343
10529,38.2086
10530,39.3086
10531,41.3297
10532,41.6688
10533,38.0288
10534,39.2857
10535,39.4469
10536,35.5046
10537,39.513
10538,41.5833
10539,40.6784
10540,44.0606
10541,44.3021
10542,43.7716
10543,38.115
10544,43.0749
10545,37.7247
10546,39.848
10547,38.2557
10548,39.3804
10549,40.9056
10550,42.1289
10551,40.2617
10552,40.3688
10553,40.44
10554,42.615
10555,40.8779
10556,42.6482
10557,41.3667
10558,36.4614
10559,42.6664
10560,42.6366
10561,37.04
10562,39.0802
10563,38.1171
10564,37.2888
10565,37.3275
10566,39.5155
10567,39.7458
10568,38.8272
10569,40.4453
10570,39.583
10571,40.6133
10572,39.1833
10573,42.3637
10574,41.6478
10575,42.8555
10576,42.1761
10577,43.3878
10578,41.4793
10579,37.8313
10580,42.9565
10581,39.4402
10582,39.5706
10583,39.1768
10584,39.1942
10585,41.2764
10586,37.7633
10587,36.9589
10588,39.3176
10589,40.5239
10590,38.8547
10591,36.0271
10592,41.1054
10593,40.2001
10594,43.9848
10595,39.535
10596,43.2054
10597,39.5635
10598,43.5957
10599,43.7867
10600,40.1589
10601,41.6989
10602,40.825
10603,36.9963
10604,35.6886
10605,38.644
10606,39.4434
10607,40.7995
10608,36.9805
10609,40.1337
10610,42.9229
10611,37.1235
10612,39.6774
10613,38.7669
10614,39.1858
10615,39.3704
10616,41.0103
10617,38.1123
10618,39.3353
10619,41.4998
10620,39.7071
10621,41.8799
10622,42.0156
10623,39.0593
10624,37.4321
10625,40.7112
10626,39.0733
10627,39.1846
10628,39.5039
10629,42.1083
10630,36.1936
10631,40.4622
10632,40.6574
10633,37.9372
10634,39.8
10635,42.2474
10636,37.7339
10637,37.9319
10638,37.9403
10639,38.0756
10640,42.0857
10641,38.2774
10642,40.4904
10643,38.7478
10644,41.174
10645,39.4232
10646,39.4749
10647,40.0766
10648,37.296
10649,40.5507
10650,40.6314
10651,40.8194
10652,41.1215
10653,42.1641
10654,39.9165
10655,41.4292
10656,40.0195
10657,40.0936
10658,40.4898
10659,39.8649
10660,40.1407
10661,37.3909
10662,40.7931
10663,37.8638
10664,40.9557
10665,39.1456
10666,40.3329
10667,36.5218
10668,40.5912
10669,41.4445
10670,37.7706
10671,42.0293
10672,40.4543
10673,37.5879
10674,38.8905
10675,42.3699
10676,40.3865
10677,39.9323
10678,43.044
10679,41.9008
10680,42.3314
10681,36.3801
10682,37.1182
10683,37.2732
10684,38.7455
10685,39.9765
10686,37.0533
10687,37.2025
10688,41.4554
10689,38.8327
10690,41.5744
10691,36.5829
10692,37.999
10693,39.5567
10694,37.5651
10695,43.7194
10696,38.8282
10697,38.8462
10698,39.0675
10699,41.8722
10700,39.9885
10701,40.0535
10702,40.2257
10703,41.3514
10704,42.427
10705,41.9956
10706,40.2922
10707,41.3279
10708,37.6777
10709,43.1715
10710,37.539
10711,40.1442
10712,40.2163
10713,40.503
10714,38.6064
10715,44.8896
10716,36.9052
10717,39.9677
10718,41.2656
10719,40.0146
10720,42.3702
10721,38.996
10722,41.298
10723,41.388
10724,38.8347
10725,39.9529
10726,37.1236
10727,40.83
10728,42.5352
10729,37.2723
10730,41.3179
10731,35.5144
10732,39.4033
10733,38.9585
10734,38.6005
10735,37.9789
10736,39.6514
10737,39.7158
10738,38.7556
10739,37.7691
10740,40.2089
10741,39.3488
10742,38.6422
10743,38.7274
10744,40.3286
10745,37.7427
10746,40.48
10747,40.6794
10748,38.6878
10749,42.0076
10750,41.9633
10751,44.0582
10752,37.5692
10753,38.1765
10754,41.6597
10755,40.0249
10756,38.3237
10757,36.5642
10758,41.6579
10759,39.7707
10760,44.38
10761,40.2757
10762,36.5527
10763,43.4486
10764,38.1894
10765,40.8046
10766,36.9941
10767,37.0759
10768,37.2808
10769,37.4142
10770,40.4252
10771,39.8362
10772,36.8212
10773,41.7486
10774,36.8922
10775,37.4535
10776,39.5126
10777,42.7112
10778,38.768
10779,38.4405
10780,40.1114
10781,40.604
10782,41.0561
10783,41.1208
10784,40.028
10785,43.0789
10786,40.4515
10787,41.1427
10788,41.3192
10789,39.9191
10790,38.4547
10791,36.2769
10792,40.3614
10793,41.7814
10794,37.0543
10795,37.0628
10796,37.16
10797,39.4992
10798,40.1017
10799,41.8301
10800,40.6128
10801,41.681
10802,42.7869
10803,42.1826
10804,36.1045
10805,36.3082
10806,37.1847
10807,37.4558
10808,38.2596
10809,40.2038
10810,39.5331
10811,37.8267
10812,37.0937
10813,41.305
10814,38.3134
10815,40.491
10816,40.7109
10817,40.8807
10818,42.4264
10819,41.562
10820,36.0435
10821,41.479
10822,38.7325
10823,43.7524
10824,38.8054
10825,39.2165
10826,37.3868
10827,39.6195
10828,37.667
10829,40.5315
10830,38.6333
10831,39.3843
10832,39.5411
10833,39.6094
10834,40.4538
10835,40.8379
10836,39.0719
10837,41.4569
10838,42.8933
10839,39.0781
10840,38.1184
10841,37.1664
10842,40.5506
10843,43.6765
10844,40.9447
10845,38.35
10846,40.4657
10847,40.2406
10848,40.5742
10849,42.6308
10850,37.9906
10851,38.1471
10852,39.9868
10853,44.2297
10854,44.2987
10855,40.5567
10856,36.2383
10857,36.5594
10858,36.6751
10859,37.3535
10860,36.7473
10861,35.7883
10862,37.8577
10863,38.3734
10864,38.4819
10865,40.2903
10866,40.6889
10867,39.9725
10868,41.2332
10869,39.4605
10870,40.5305
10871,41.1739
10872,41.1824
10873,40.2902
10874,42.3652
10875,43.9155
10876,41.0795
10877,41.1075
10878,42.1159
10879,43.3323
10880,43.6932
10881,44.1709
10882,42.4174
10883,39.2052
10884,35.4483
10885,40.8674
10886,36.7538
10887,37.1439
10888,37.3592
10889,34.6637
10890,35.3434
10891,40.5442
10892,41.1758
10893,37.2292
10894,41.2752
10895,41.5011
10896,42.8647
10897,44.0477
10898,39.0581
10899,36.9226
10900,41.1082
10901,39.5476
10902,39.257
10903,39.919
10904,37.2236
10905,42.3505
10906,45.4217
10907,40.4301
10908,40.7327
10909,46.0179
10910,41.0943
10911,38.8534
10912,37.134
10913,38.455
10914,40.4989
10915,36.751
10916,40.8827
10917,41.5375
10918,37.8404
10919,39.9097
10920,39.9763
10921,40.1257
10922,39.2812
10923,42.4085
10924,40.8177
10925,40.8414
10926,40.8673
10927,39.0389
10928,35.1469
10929,41.2644
10930,38.9134
10931,36.6379
10932,43.5618
10933,37.9459
10934,38.0257
10935,39.0458
10936,40.4329
10937,41.2993
10938,39.3455
10939,39.3539
10940,39.7462
10941,40.7825
10942,40.4834
10943,40.7664
10944,40.9573
10945,39.2006
10946,41.2234
10947,38.2095
10948,37.8066
10949,40.5322
10950,39.7556
10951,40.9722
10952,37.2307
10953,40.3736
10954,40.514
10955,37.2882
10956,39.4829
10957,40.0588
10958,40.1272
10959,40.3596
10960,41.5169
10961,39.2041
10962,42.2126
10963,41.4486
10964,38.8325
10965,42.9376
10966,41.3801
10967,39.5262
10968,37.8926
10969,41.1056
10970,36.474
10971,39.4891
10972,41.0258
10973,42.3859
10974,39.9297
10975,43.9676
10976,39.3929
10977,36.1505
10978,40.2641
10979,40.4346
10980,40.4431
10981,41.3793
10982,41.6428
10983,40.2373
10984,40.698
10985,40.7952
10986,42.0538
10987,42.0874
10988,42.3415
10989,44.5049
10990,36.2609
10991,34.9801
10992,38.8693
10993,37.148
10994,38.4077
10995,41.5541
10996,36.2836
10997,39.3287
10998,43.7984
10999,41.1903
11000,37.599
11001,39.6483
11002,37.6681
11003,39.7413
11004,40.8511
11005,39.8683
11006,37.0782
11007,39.1916
11008,41.3936
11009,38.5784
11010,39.2913
11011,42.7174
11012,39.8934
11013,40.1999
11014,43.9748
11015,41.0235
11016,42.2171
11017,40.2256
11018,41.5021
11019,37.8893
11020,39.0044
11021,41.1987
11022,42.4589
11023,43.1024
11024,40.1379
11025,39.058
11026,38.3437
11027,37.3764
11028,38.0334
11029,40.6612
11030,41.0133
11031,39.3907
11032,42.1369
11033,41.7607
11034,41.9689
11035,43.0648
11036,43.337
11037,39.7927
11038,44.113
11039,38.7731
11040,42.8612
11041,42.8697
11042,42.0181
11043,37.4511
11044,42.6695
11045,37.7921
11046,38.3777
11047,38.4611
11048,41.1323
11049,44.2918
11050,39.8374
11051,41.0245
11052,38.5593
11053,39.7087
11054,40.5183
11055,40.1632
11056,41.3834
11057,41.79
11058,42.3621
11059,37.8415
11060,42.4785
11061,38.5262
11062,39.8012
11063,37.9205
11064,39.4559
11065,40.4097
11066,40.7999
11067,40.3133
11068,40.8063
11069,41.4111
11070,37.4385
11071,37.4755
11072,38.5996
11073,38.7705
11074,37.8993
11075,37.9077
11076,38.9822
11077,36.08
11078,40.29
11079,40.3073
11080,35.3229
11081,40.3796
11082,41.7817
11083,41.5761
11084,41.5845
11085,38.8419
11086,39.9302
11087,38.3136
11088,40.3241
11089,40.6524
11090,45.8796
11091,42.6333
11092,40.0371
11093,40.039
11094,38.8265
11095,38.8552
11096,40.9072
11097,39.7887
11098,42.0352
11099,40.3049
11100,39.4365
11101,41.5604
11102,42.0687
11103,44.4749
11104,45.7949
11105,42.683
11106,36.4471
11107,36.7536
11108,37.9698
11109,39.0212
11110,36.1844
11111,38.8629
11112,40.8976
11113,39.5679
11114,41.2016
11115,40.2837
11116,39.4643
11117,41.6525
11118,41.7156
11119,42.9586
11120,40.5969
11121,39.199
11122,44.2775
11123,40.5494
11124,35.8067
11125,41.657
11126,38.231
11127,41.6627
11128,39.6574
11129,42.7234
11130,39.8436
11131,40.2429
11132,40.381
11133,40.4778
11134,40.6707
11135,41.6158
11136,41.3747
11137,39.3058
11138,37.1549
11139,40.3161
11140,46.6611
11141,39.2421
11142,39.3698
11143,40.4995
11144,38.8826
11145,44.1435
11146,39.2144
11147,45.5226
11148,40.776
11149,40.9789
11150,37.262
11151,37.6
11152,39.7948
11153,37.8332
11154,37.8547
11155,42.0011
11156,42.1657
11157,38.5118
11158,40.6371
11159,38.9089
11160,38.9627
11161,43.1184
11162,39.1492
11163,39.3707
11164,38.3873
11165,42.5088
11166,41.1513
11167,41.1995
11168,41.4832
11169,42.6334
11170,41.203
11171,40.5282
11172,37.4383
11173,43.2264
11174,35.9804
11175,39.8762
11176,40.3993
11177,38.9542
11178,38.19
11179,38.1985
11180,38.23
11181,37.5183
11182,38.5106
11183,39.0387
11184,40.155
11185,39.4385
11186,39.8736
11187,39.9563
11188,41.4652
11189,41.4772
11190,40.6991
11191,41.7762
11192,37.9614
11193,38.3837
11194,41.5019
11195,38.5104
11196,41.6492
11197,40.7284
11198,38.7814
11199,38.9082
11200,39.183
11201,39.3411
11202,42.5372
11203,39.6665
11204,44.3979
11205,41.9211
11206,38.0794
11207,39.1409
11208,40.4222
11209,37.8678
11210,38.5055
11211,38.6965
11212,36.8716
11213,41.2907
11214,36.5677
11215,34.7151
11216,41.7638
11217,42.6639
11218,39.1714
11219,38.5288
11220,38.5556
11221,35.7666
11222,39.8491
11223,40.1001
11224,39.1481
11225,40.2396
11226,40.6956
11227,37.7242
11228,36.999
11229,41.6802
11230,39.0696
11231,40.0709
11232,38.3754
11233,40.6603
11234,39.7901
11235,41.1146
11236,39.8016
11237,43.1059
11238,42.2038
11239,41.377
11240,42.477
11241,42.9407
11242,43.0345
11243,39.6009
11244,39.5835
11245,42.8869
11246,38.669
11247,40.4616
11248,37.8682
11249,37.8829
11250,41.1357
11251,40.8212
11252,41.6572
11253,42.8941
11254,37.2365
11255,35.3395
11256,40.8917
11257,40.9817
11258,43.3361
11259,40.0532
11260,38.3623
11261,38.9824
11262,37.1867
11263,39.2571
11264,38.3723
11265,40.5657
11266,39.6897
11267,39.7406
11268,40.0003
11269,39.0741
11270,37.084
11271,40.4265
11272,41.52
11273,37.6882
11274,41.7088
11275,40.3548
11276,41.4988
11277,38.4847
11278,39.7018
11279,39.9648
11280,39.0461
11281,40.4268
11282,45.5321
11283,40.8605
11284,41.9501
11285,42.3464
11286,39.6521
11287,37.5994
11288,40.9822
11289,41.3458
11290,37.0807
11291,40.2832
11292,40.1168
11293,42.4881
11294,38.2779
11295,39.8203
11296,40.349
11297,36.7103
11298,36.8855
11299,42.3634
11300,38.8538
11301,37.9871
11302,39.7012
11303,39.2973
11304,39.6914
11305,36.4733
11306,38.7181
11307,39.1868
11308,39.6113
11309,40.738
11310,39.7991
11311,41.0261
11312,41.4301
11313,40.8531
11314,38.1417
11315,40.5913
11316,42.9423
11317,38.9586
11318,35.2949
11319,42.6364
11320,39.7319
11321,39.3091
11322,38.5929
11323,39.6013
11324,41.8605
11325,40.7667
11326,35.8668
11327,40.3987
11328,40.6429
11329,34.6755
11330,42.8832
11331,38.9006
11332,40.1828
11333,39.5236
11334,37.8991
11335,42.9889
11336,41.1838
11337,41.3749
11338,38.7842
11339,39.7063
11340,38.87
11341,42.2798
11342,40.4767
11343,34.1579
11344,38.9518
11345,40.1414
11346,39.0187
11347,41.277
11348,41.9204
11349,37.367
11350,39.2713
11351,38.6858
11352,39.2778
11353,40.2038
11354,38.7729
11355,40.8492
11356,41.2251
11357,41.4465
11358,38.4941
11359,42.6577
11360,38.6883
11361,36.0948
11362,41.3769
11363,41.3854
11364,41.4314
11365,41.6614
11366,41.6983
11367,37.1428
11368,39.3378
11369,39.683
11370,37.7915
11371,38.8
11372,38.9538
11373,38.9482
11374,40.122
11375,39.6865
11376,38.726
11377,39.7345
11378,39.7429
11379,41.1882
11380,40.9165
11381,41.3917
11382,41.6522
11383,42.022
11384,38.0928
11385,37.0025
11386,43.0901
11387,35.0854
11388,40.8358
11389,39.9237
11390,41.2509
11391,38.2735
11392,36.357
11393,36.6902
11394,40.9503
11395,40.6095
11396,40.9391
11397,42.1704
11398,41.5387
11399,41.6795
11400,39.8005
11401,38.1475
11402,40.4806
11403,39.6336
11404,41.6682
11405,34.1944
11406,44.7728
11407,37.5937
11408,38.4939
11409,39.9071
11410,40.2101
11411,38.0047
11412,40.1134
11413,34.5712
11414,36.6293
11415,38.9292
11416,37.1368
11417,40.2864
11418,40.408
11419,37.7727
11420,40.0386
11421,41.1286
11422,42.0221
11423,39.7192
11424,42.7451
11425,42.7535
11426,40.8232
11427,40.1823
11428,40.3118
11429,36.806
11430,40.8538
11431,42.2596
11432,43.3061
11433,39.3491
11434,41.3834
11435,41.6556
11436,43.0032
11437,36.3545
11438,38.5815
11439,36.5182
11440,44.7716
11441,40.2983
11442,40.3613
11443,38.8488
11444,38.8046
11445,40.5385
11446,40.571
11447,40.6749
11448,42.8029
11449,39.0209
11450,43.1657
11451,41.2932
11452,42.4999
11453,41.9155
11454,39.3666
11455,42.4799
11456,41.0046
11457,41.0032
11458,41.7745
11459,41.6356
11460,38.6824
11461,37.9001
11462,39.1525
11463,37.7777
11464,42.4334
11465,37.4835
11466,36.8354
11467,38.6218
11468,38.8104
11469,36.3331
11470,37.8314
11471,40.4277
11472,39.559
11473,38.3404
11474,38.6016
11475,38.9384
11476,34.5712
11477,44.4383
11478,40.4468
11479,40.5599
11480,44.7257
11481,40.8165
11482,42.5172
11483,37.5838
11484,40.3419
11485,39.541
11486,42.7222
11487,40.9966
11488,38.6545
11489,39.3352
11490,37.4179
11491,39.5868
11492,37.3509
11493,40.6355
11494,41.7578
11495,40.8824
11496,42.9226
11497,39.9659
11498,38.5816
11499,41.4788
11500,39.6257
11501,41.6447
11502,39.7345
11503,39.7893
11504,38.895
11505,40.0372
11506,40.3076
11507,41.1633
11508,41.2611
11509,39.3562
11510,42.7782
11511,38.7932
11512,39.9533
11513,40.4955
11514,42.7171
11515,42.9456
11516,41.7964
11517,40.2736
11518,39.4042
11519,35.5728
11520,35.7943
11521,38.892
11522,41.1422
11523,43.1506
11524,39.8761
11525,37.358
11526,38.5805
11527,43.8042
11528,37.337
11529,42.3936
11530,40.4939
11531,39.5818
11532,42.8151
11533,38.1472
11534,41.4741
11535,40.5905
11536,41.2175
11537,42.5687
11538,37.5816
11539,37.8945
11540,34.9329
11541,40.2596
11542,38.6451
11543,39.6578
11544,41.3862
11545,40.5921
11546,40.0537
11547,41.1962
11548,40.2971
11549,40.4015
11550,40.6319
11551,37.2699
11552,41.4474
11553,43.4631
11554,40.321
11555,41.517
11556,37.0199
11557,41.2308
11558,35.3047
11559,41.5221
11560,41.6114
11561,37.7713
11562,38.4329
11563,40.4868
11564,42.399
11565,41.7206
11566,37.1676
11567,41.7714
11568,42.1969
11569,38.2238
11570,40.8845
11571,39.1242
11572,39.3186
11573,37.0803
11574,40.8364
11575,40.991
11576,39.9998
11577,38.1651
11578,41.2657
11579,36.2942
11580,35.765
11581,41.5492
11582,36.8109
11583,39.423
11584,43.1099
11585,38.1835
11586,38.4989
11587,41.5476
11588,42.6744
11589,42.7601
11590,42.999
11591,43.0663
11592,43.1981
11593,39.4526
11594,43.5291
11595,42.6141
11596,40.1142
11597,37.4069
11598,40.7353
11599,39.7438
11600,41.7934
11601,40.9191
11602,40.6522
11603,42.0406
11604,39.7653
11605,42.9888
11606,43.8033
11607,40.0393
11608,38.686
11609,39.4933
11610,41.5601
11611,38.8118
11612,42.1824
11613,40.2823
11614,40.6966
11615,40.8683
11616,38.1331
11617,38.3824
11618,41.6038
11619,38.7345
11620,38.7601
11621,40.4418
11622,43.7621
11623,42.6478
11624,39.1333
11625,43.4291
11626,42.6814
11627,42.338
11628,42.5627
11629,42.1783
11630,40.099
11631,42.1157
11632,39.1599
11633,42.1731
11634,46.3201
11635,38.3755
11636,41.7345
11637,37.7834
11638,38.3713
11639,39.6068
11640,39.7398
11641,41.1803
11642,41.6531
11643,37.7663
11644,40.2728
11645,39.6511
11646,39.5882
11647,39.8322
11648,43.2549
11649,41.8124
11650,43.5849
11651,36.9252
11652,43.2179
11653,41.9535
11654,38.6612
11655,40.0683
11656,37.3163
11657,44.6336
11658,37.7077
11659,40.7999
11660,37.1027
11661,40.8329
11662,39.8128
11663,35.6615
11664,36.4574
11665,41.5492
11666,38.1626
11667,38.5112
11668,39.4951
11669,38.5497
11670,40.2108
11671,40.1504
11672,37.4755
11673,36.4855
11674,42.6439
11675,39.1198
11676,44.3255
11677,42.3598
11678,44.5307
11679,43.6068
11680,38.5703
11681,40.0432
11682,36.831
11683,40.3561
11684,42.4192
11685,37.4602
11686,40.6442
11687,39.7105
11688,42.1105
11689,39.2831
11690,41.3335
11691,41.4876
11692,42.8853
11693,41.7503
11694,42.8115
11695,39.9112
11696,36.1674
11697,41.3059
11698,40.3311
11699,39.3591
11700,40.4161
11701,38.3385
11702,42.3838
11703,40.67
11704,38.0297
11705,39.381
11706,39.7014
11707,39.7576
11708,39.1851
11709,40.729
11710,39.7374
11711,41.8701
11712,42.4956
11713,42.0571
11714,42.333
11715,39.4578
11716,43.6129
11717,43.6318
11718,41.638
11719,43.6704
11720,42.3471
11721,39.1822
11722,43.3461
11723,41.3546
11724,39.7632
11725,36.12
11726,36.4551
11727,40.9788
11728,41.0036
11729,39.012
11730,36.8733
11731,38.5408
11732,39.2027
11733,40.2303
11734,39.7567
11735,41.7543
11736,41.7759
11737,41.8322
11738,43.1608
11739,40.2584
11740,43.3099
11741,40.3512
11742,38.8105
11743,39.9475
11744,38.2715
11745,39.4355
11746,40.5695
11747,37.6436
11748,39.6832
11749,40.8419
11750,37.4238
11751,41.5011
11752,40.5908
11753,40.912
11754,39.3747
11755,39.7858
11756,40.7601
11757,40.8716
11758,39.8953
11759,39.9977
11760,42.1371
11761,39.4235
11762,42.5452
11763,38.7078
11764,43.8452
11765,40.1865
11766,40.1548
11767,39.0765
11768,38.1573
11769,40.0051
11770,41.321
11771,41.2045
11772,36.0094
11773,39.0982
11774,45.6105
11775,40.6921
11776,39.8239
11777,40.5538
11778,41.9669
11779,39.9915
11780,39.7245
11781,38.7902
11782,39.5225
11783,39.9004
11784,38.1384
11785,38.2026
11786,40.276
11787,40.3782
11788,40.4345
11789,42.8661
11790,41.5649
11791,37.8764
11792,37.1354
11793,39.3094
11794,43.4629
11795,38.5537
11796,37.6176
11797,38.6242
11798,40.8224
11799,40.0599
11800,41.8128
11801,39.8355
11802,36.7666
11803,40.6776
11804,44.1764
11805,39.6026
11806,38.7641
11807,36.7933
11808,39.9804
11809,38.1922
11810,40.2425
11811,41.5989
11812,38.3287
11813,38.7669
11814,43.7716
11815,41.085
11816,41.6536
11817,39.5151
11818,40.8231
11819,43.9021
11820,40.499
11821,37.1345
11822,37.4846
11823,44.8722
11824,41.6453
11825,37.7491
11826,41.7797
11827,41.9094
11828,42.399
11829,42.7132
11830,41.5605
11831,37.1899
11832,38.5145
11833,41.5461
11834,38.8049
11835,37.0553
11836,39.3734
11837,40.3082
11838,43.7442
11839,35.7853
11840,41.3657
11841,41.3835
11842,39.6835
11843,44.6938
11844,37.5015
11845,38.5153
11846,42.6527
11847,44.3436
11848,41.18
11849,39.4228
11850,37.9611
11851,41.3014
11852,39.4398
11853,41.5856
11854,39.644
11855,40.4248
11856,37.7115
11857,41.6532
11858,42.893
11859,43.0069
11860,37.0593
11861,38.7903
11862,39.9018
11863,39.5675
11864,39.6826
11865,38.024
11866,40.7061
11867,38.9003
11868,41.4069
11869,41.1358
11870,41.2493
11871,41.3548
11872,41.6034
11873,38.5809
11874,39.2257
11875,39.8904
11876,38.4087
11877,39.6137
11878,38.8572
11879,40.9395
11880,40.125
11881,42.5531
11882,37.8182
11883,39.1583
11884,36.9134
11885,37.9891
11886,41.2838
11887,39.6902
11888,42.0903
11889,39.17
11890,40.2084
11891,44.1021
11892,37.3083
11893,40.1837
11894,37.3748
11895,37.5196
11896,39.159
11897,39.2558
11898,39.2781
11899,39.8167
11900,39.9672
11901,39.9757
11902,37.0157
11903,40.1403
11904,38.381
11905,39.5862
11906,36.9743
11907,43.2381
11908,40.6541
11909,39.0287
11910,44.1891
11911,40.1278
11912,43.2014
11913,40.6051
11914,40.4993
11915,38.7616
11916,39.1898
11917,39.3259
11918,39.7042
11919,41.9476
11920,42.956
11921,38.1781
11922,42.2132
11923,38.8944
11924,40.1867
11925,39.7057
11926,40.4433
11927,36.4046
11928,41.582
11929,41.5933
11930,42.1269
11931,43.2377
11932,40.3594
11933,40.4193
11934,36.395
11935,38.4506
11936,37.6974
11937,39.7888
11938,36.2237
11939,37.1691
11940,37.8941
11941,37.9307
11942,40.252
11943,38.2751
11944,41.773
11945,40.8577
11946,37.4635
11947,43.7909
11948,40.448
11949,41.0138
11950,37.1706
11951,43.9267
11952,42.5228
11953,42.6809
11954,39.7992
11955,38.909
11956,42.1161
11957,37.1254
11958,42.486
11959,36.6814
11960,39.2548
11961,39.6576
11962,38.6496
11963,40.6657
11964,39.1066
11965,39.1527
11966,39.9717
11967,36.3281
11968,40.4712
11969,39.6462
11970,39.1797
11971,41.8575
11972,44.2371
11973,40.1283
11974,43.1455
11975,43.4193
11976,43.4889
11977,36.8814
11978,40.1984
11979,40.4135
11980,37.5352
11981,45.7433
11982,40.903
11983,43.3546
11984,41.108
11985,40.4592
11986,44.1533
11987,40.4178
11988,40.7603
11989,37.5592
11990,37.0986
11991,38.8185
11992,40.0567
11993,37.7965
11994,42.2762
11995,42.3743
11996,41.3516
11997,39.8627
11998,40.3718
11999,37.3536
12000,42.8579
12001,36.1267
12002,39.4711
12003,35.1386
12004,35.9635
12005,38.0247
12006,41.2256
12007,41.9451
12008,37.0297
12009,39.5117
12010,41.9919
12011,46.2259
12012,39.8054
12013,42.8681
12014,40.0969
12015,40.1186
12016,40.4874
12017,45.6149
12018,37.6416
12019,37.6619
12020,42.0787
12021,42.2848
12022,39.4643
12023,34.1975
12024,40.206
12025,39.2915
12026,39.5944
12027,40.0536
12028,40.0674
12029,40.6659
12030,39.6818
12031,43.6902
12032,42.2054
12033,43.4202
12034,40.7064
12035,43.817
12036,41.3223
12037,41.3615
12038,43.7938
12039,42.0212
12040,38.1994
12041,40.1741
12042,34.2334
12043,40.6026
12044,41.322
12045,39.3354
12046,39.6873
12047,36.7824
12048,38.6113
12049,40.6267
12050,39.5255
12051,38.679
12052,36.7236
12053,39.7428
12054,41.8451
12055,40.9433
12056,37.0138
12057,42.1114
12058,41.2152
12059,42.8817
12060,39.1391
12061,42.2684
12062,39.2769
12063,39.7849
12064,39.1721
12065,41.9085
12066,36.6526
12067,38.8093
12068,37.0098
12069,39.1654
12070,39.7019
12071,39.819
12072,43.9333
12073,38.9506
12074,42.079
12075,41.1463
12076,40.2621
12077,39.5655
12078,42.3031
12079,39.4636
12080,39.3299
12081,39.5159
12082,39.7143
12083,38.7569
12084,39.463
12085,38.4124
12086,38.5731
12087,39.7452
12088,42.1534
12089,39.2264
12090,42.5909
12091,42.7609
12092,39.3248
12093,39.8409
12094,40.8806
12095,44.3889
12096,39.7362
12097,42.8253
12098,41.724
12099,39.9894
12100,38.1925
12101,36.6241
12102,40.2689
12103,40.4684
12104,39.8158
12105,41.3206
12106,39.0805
12107,37.3865
12108,39.4971
12109,39.4708
12110,41.0684
12111,39.2476
12112,41.18
12113,36.9622
12114,42.0245
12115,39.8185
12116,39.2728
12117,35.2813
12118,37.5107
12119,39.7329
12120,36.2888
12121,39.4911
12122,39.6188
12123,41.1955
12124,41.9605
12125,42.2533
12126,44.0029
12127,43.0621
12128,43.0887
12129,41.6035
12130,44.0774
12131,39.6609
12132,39.913
12133,40.3863
12134,41.2552
12135,37.4035
12136,39.4941
12137,39.3598
12138,40.5432
12139,40.6329
12140,38.8628
12141,42.7756
12142,38.8621
12143,42.1051
12144,35.9223
12145,37.6063
12146,36.6147
12147,44.3608
12148,38.2783
12149,39.3517
12150,40.5832
12151,36.9544
12152,39.0613
12153,39.6253
12154,36.6371
12155,40.7082
12156,36.866
12157,41.3097
12158,42.0446
12159,42.006
12160,41.1476
12161,40.1805
12162,37.9697
12163,38.6781
12164,40.4006
12165,38.4527
12166,41.5225
12167,38.8464
12168,39.3539
12169,36.3913
12170,42.5841
12171,39.8233
12172,39.4877
12173,36.8642
12174,39.3374
12175,36.8639
12176,43.4097
12177,40.8961
12178,45.0383
12179,39.7606
12180,36.8828
12181,40.3017
12182,38.6714
12183,39.0984
12184,39.4605
12185,39.8723
12186,39.2808
12187,40.3041
12188,41.3128
12189,40.4205
12190,40.4196
12191,39.628
12192,36.1099
12193,39.3951
12194,39.1426
12195,37.3913
12196,44.5237
12197,38.8193
12198,42.066
12199,41.3343
12200,42.3771
12201,38.7017
12202,44.9642
12203,42.1134
12204,42.2681
12205,40.9172
12206,40.7101
12207,38.2871
12208,43.9322
12209,37.4537
12210,40.1333
12211,37.3535
12212,37.5193
12213,43.8442
12214,42.1866
12215,42.8136
12216,38.851
12217,42.1373
12218,37.1934
12219,37.5856
12220,39.731
12221,41.7985
12222,43.1958
12223,39.8009
12224,39.1534
12225,41.4398
12226,37.2223
12227,41.2307
12228,40.4153
12229,38.6479
12230,39.8462
12231,38.3047
12232,38.742
12233,39.1966
12234,40.1341
12235,38.3322
12236,40.749
12237,38.8199
12238,38.9598
12239,38.2165
12240,41.3076
12241,40.8009
12242,40.9737
12243,41.3691
12244,41.5206
12245,41.9836
12246,39.9018
12247,41.5087
12248,37.2387
12249,43.0537
12250,37.7366
12251,44.8344
12252,40.0312
12253,42.197
12254,39.3327
12255,37.729
12256,39.0399
12257,38.6694
12258,40.8968
12259,41.6403
12260,41.0668
12261,40.98
12262,43.1814
12263,39.4749
12264,40.2479
12265,40.7045
12266,42.0781
12267,38.9461
12268,41.9545
12269,42.1531
12270,40.5621
12271,38.057
12272,39.4945
12273,39.9799
12274,39.0184
12275,39.154
12276,44.2736
12277,37.4478
12278,38.4988
12279,39.7392
12280,39.868
12281,39.9901
12282,43.3351
12283,40.0251
12284,42.1115
12285,45.332
12286,42.7276
12287,41.8985
12288,43.1848
12289,44.0955
12290,44.2399
12291,38.9157
12292,42.0733
12293,41.2246
12294,38.4281
12295,39.4466
12296,42.5602
12297,42.9634
12298,37.9802
12299,40.8582
12300,40.7314
12301,41.5686
12302,42.1679
12303,39.8063
12304,40.0535
12305,39.2423
12306,40.2854
12307,41.3323
12308,42.5949
12309,38.992
12310,38.5709
12311,35.5909
12312,38.6425
12313,38.1955
12314,38.5684
12315,37.6051
12316,38.8477
12317,38.9729
12318,38.2988
12319,38.6025
12320,39.5829
12321,38.8237
12322,41.2663
12323,41.4537
12324,41.5123
12325,39.707
12326,41.8612
12327,38.3565
12328,40.4308
12329,38.4723
12330,37.2454
12331,40.3525
12332,40.6978
12333,40.9616
12334,38.8287
12335,42.5556
12336,39.2393
12337,40.3833
12338,40.4629
12339,38.4639
12340,36.7931
12341,41.2417
12342,38.6094
12343,38.6179
12344,42.4347
12345,41.1898
12346,39.4869
12347,41.5066
12348,38.6697
12349,39.9155
12350,40.2471
12351,42.2569
12352,39.4466
12353,44.4004
12354,40.428
12355,41.3842
12356,37.5537
12357,38.1184
12358,42.1269
12359,43.137
12360,37.7374
12361,38.3303
12362,37.4035
12363,40.5191
12364,44.557
12365,39.3484
12366,39.6509
12367,41.6733
12368,41.9784
12369,41.7061
12370,41.3484
12371,41.62
12372,41.7708
12373,42.5631
12374,41.4145
12375,39.9976
12376,41.4116
12377,37.3231
12378,37.6681
12379,41.1575
12380,41.1662
12381,37.4973
12382,40.8207
12383,41.2943
12384,37.6733
12385,39.2503
12386,36.2092
12387,40.382
12388,37.5538
12389,39.2689
12390,42.3715
12391,41.3801
12392,41.4064
12393,36.7852
12394,38.943
12395,37.5387
12396,41.794
12397,39.8635
12398,37.5781
12399,42.3034
12400,38.8307
12401,39.1956
12402,41.6926
12403,41.7985
12404,42.3037
12405,38.9921
12406,39.7976
12407,40.2871
12408,41.2804
12409,37.5388
12410,39.5073
12411,40.1923
12412,40.3877
12413,34.4483
12414,40.5973
12415,40.4008
12416,40.4604
12417,36.9671
12418,36.9756
12419,38.3708
12420,44.4543
12421,42.5619
12422,43.045
12423,39.1364
12424,39.4944
12425,44.0886
12426,38.4719
12427,38.5908
12428,39.0307
12429,39.4155
12430,43.5071
12431,39.6115
12432,39.4579
12433,40.9367
12434,39.0403
12435,39.4548
12436,35.7793
12437,42.2222
12438,40.4056
12439,40.8486
12440,43.1553
12441,37.2545
12442,43.5059
12443,42.3744
12444,44.8388
12445,36.7338
12446,37.272
12447,43.1613
12448,38.1697
12449,39.9546
12450,38.3365
12451,40.5469
12452,39.7694
12453,42.5526
12454,42.9402
12455,37.2316
12456,45.0655
12457,40.259
12458,40.449
12459,41.4755
12460,42.5463
12461,36.5547
12462,41.5904
12463,38.0557
12464,39.6709
12465,38.8463
12466,41.5183
12467,41.9497
12468,39.9996
12469,42.4529
12470,40.5865
12471,39.7039
12472,35.854
12473,36.4958
12474,43.7269
12475,37.1367
12476,38.7838
12477,35.9502
12478,38.3994
12479,37.994
12480,39.0375
12481,40.3967
12482,41.5032
12483,41.1353
12484,42.7588
12485,35.8924
12486,39.0922
12487,40.0768
12488,39.2107
12489,42.6029
12490,37.7795
12491,39.626
12492,38.7229
12493,40.1728
12494,37.311
12495,39.5251
12496,37.5448
12497,41.0438
12498,41.6396
12499,41.2663
12500,41.6329
12501,41.9618
12502,42.276
12503,42.2923
12504,38.9385
12505,39.3853
12506,40.3425
12507,40.8939
12508,39.4089
12509,43.6876
12510,38.696
12511,42.8297
12512,38.9348
12513,40.4336
12514,36.6791
12515,40.7465
12516,38.9231
12517,38.7951
12518,42.8551
12519,39.3366
12520,39.5646
12521,39.7015
12522,42.8659
12523,42.8743
12524,36.4984
12525,40.648
12526,40.891
12527,41.4831
12528,41.5878
12529,42.3026
12530,38.5561
12531,38.8557
12532,39.879
12533,40.4165
12534,38.6828
12535,38.8988
12536,40.6987
12537,42.1371
12538,41.1783
12539,37.725
12540,43.7488
12541,39.8094
12542,39.2195
12543,35.4209
12544,43.5055
12545,45.3557
12546,35.5537
12547,38.7383
12548,38.2343
12549,41.3897
12550,40.0075
12551,40.0382
12552,39.5052
12553,40.3506
12554,40.3604
12555,39.5082
12556,41.1552
12557,40.3112
12558,41.073
12559,41.4333
12560,41.6606
12561,41.6708
12562,41.7359
12563,40.8682
12564,43.003
12565,42.0567
12566,41.5087
12567,39.9723
12568,39.0953
12569,42.1194
12570,42.2309
12571,38.3332
12572,34.9092
12573,39.9695
12574,36.2392
12575,41.0604
12576,37.2608
12577,37.5217
12578,37.7304
12579,38.1707
12580,39.5389
12581,38.5473
12582,39.7665
12583,43.229
12584,37.3679
12585,39.3898
12586,39.7651
12587,38.9436
12588,39.9531
12589,40.3913
12590,36.5014
12591,38.8561
12592,39.3168
12593,41.5204
12594,41.5879
12595,39.2324
12596,39.4617
12597,41.0907
12598,41.3612
12599,38.3757
12600,42.2466
12601,37.0478
12602,39.2399
12603,34.8674
12604,39.9484
12605,43.1913
12606,39.2054
12607,39.6886
12608,40.3031
12609,40.5785
12610,40.8095
12611,39.7161
12612,40.7065
12613,42.7444
12614,39.1355
12615,43.8385
12616,39.8624
12617,41.066
12618,36.4727
12619,37.7833
12620,45.0842
12621,42.4758
12622,42.062
12623,38.3669
12624,45.4321
12625,38.4634
12626,40.3725
12627,40.4426
12628,42.0162
12629,45.7546
12630,38.7748
12631,38.9614
12632,40.9838
12633,35.1829
12634,37.2804
12635,37.3035
12636,38.6055
12637,38.1267
12638,41.8424
12639,40.327
12640,43.0023
12641,39.1519
12642,40.0607
12643,44.2916
12644,40.6201
12645,37.5003
12646,38.6011
12647,37.9901
12648,38.2795
12649,39.3537
12650,38.6661
12651,39.3483
12652,39.3567
12653,41.7565
12654,40.6518
12655,43.6119
12656,36.6223
12657,41.8536
12658,37.9517
12659,38.4274
12660,43.8221
12661,43.8337
12662,39.2145
12663,40.2229
12664,39.4047
12665,40.3139
12666,38.6669
12667,36.9566
12668,37.0228
12669,41.1702
12670,38.8961
12671,39.5864
12672,41.2176
12673,40.4481
12674,41.6742
12675,45.112
12676,38.1099
12677,38.651
12678,39.1047
12679,40.3105
12680,40.8902
12681,40.3965
12682,40.4689
12683,35.4538
12684,42.793
12685,43.0184
12686,39.3425
12687,42.6872
12688,40.8975
12689,39.0661
12690,39.1653
12691,40.2931
12692,40.9172
12693,39.9554
12694,41.0692
12695,42.3435
12696,40.3476
12697,40.1766
12698,37.547
12699,40.2431
12700,42.7095
12701,40.9747
12702,40.5254
12703,41.0463
12704,37.956
12705,37.5871
12706,37.736
12707,41.9009
12708,43.0359
12709,39.6864
12710,37.2261
12711,37.6773
12712,40.737
12713,41.0212
12714,38.0704
12715,38.4808
12716,40.3328
12717,41.2997
12718,35.3883
12719,42.5248
12720,41.5754
12721,38.9362
12722,39.3486
12723,40.4067
12724,44.9162
12725,40.9631
12726,38.1223
12727,41.4741
12728,41.8446
12729,42.2256
12730,39.3643
12731,38.0502
12732,39.3544
12733,37.4697
12734,38.9699
12735,38.9973
12736,41.0484
12737,38.125
12738,39.3487
12739,39.5855
12740,39.8674
12741,39.9751
12742,40.473
12743,40.5681
12744,40.3668
12745,37.4593
12746,35.5013
12747,39.7437
12748,38.4595
12749,43.468
12750,43.7199
12751,41.73
12752,41.0275
12753,44.1749
12754,39.734
12755,38.9679
12756,40.1603
12757,43.5694
12758,42.9485
12759,41.9115
12760,42.1631
12761,42.4189
12762,39.8085
12763,40.3928
12764,38.8689
12765,37.0877
12766,35.7269
12767,38.8298
12768,39.9917
12769,40.0295
12770,38.4107
12771,42.0924
12772,48.0211
12773,43.6369
12774,38.0005
12775,41.1319
12776,35.436
12777,39.7173
12778,39.7281
12779,37.1444
12780,38.5542
12781,38.9914
12782,39.8931
12783,40.3551
12784,41.2008
12785,39.2292
12786,43.26
12787,39.9182
12788,42.3299
12789,39.5429
12790,39.2586
12791,41.812
12792,39.7755
12793,40.4151
12794,40.238
12795,37.9235
12796,40.1254
12797,41.2845
12798,40.5178
12799,41.5786
12800,37.2468
12801,40.1514
12802,41.5072
12803,38.6413
12804,35.3189
12805,38.1408
12806,35.3051
12807,40.5402
12808,40.1764
12809,43.3684
12810,40.3818
12811,39.58
12812,36.857
12813,39.2303
12814,37.5291
12815,40.9317
12816,40.1272
12817,38.4029
12818,43.7232
12819,43.5346
12820,37.7225
12821,39.9862
12822,39.7945
12823,39.2537
12824,39.486
12825,38.1795
12826,42.3413
12827,36.5719
12828,40.6429
12829,37.6937
12830,42.0002
12831,34.3379
12832,38.7689
12833,38.8536
12834,36.6542
12835,38.9071
12836,36.698
12837,40.3778
12838,42.4515
12839,38.4852
12840,38.9206
12841,39.9853
12842,39.0183
12843,40.13
12844,41.0117
12845,37.0201
12846,39.3082
12847,40.421
12848,41.4812
12849,40.8297
12850,38.0849
12851,38.5794
12852,38.7891
12853,40.8892
12854,37.122
12855,38.0374
12856,39.0351
12857,37.493
12858,41.1035
12859,38.1211
12860,35.6013
12861,38.9263
12862,36.6415
12863,37.3055
12864,41.0264
12865,38.1569
12866,38.4458
12867,39.1151
12868,39.33
12869,38.4481
12870,42.5118
12871,39.9229
12872,39.9988
12873,37.6824
12874,38.2677
12875,40.2761
12876,38.9581
12877,41.4566
12878,37.4744
12879,39.7461
12880,43.1191
12881,40.9187
12882,39.073
12883,42.4869
12884,39.5289
12885,40.6348
12886,42.7188
12887,41.9369
12888,43.3976
12889,38.9892
12890,44.4122
12891,37.5498
12892,39.8007
12893,43.7684
12894,39.9022
12895,40.588
12896,44.4304
12897,37.8574
12898,37.8904
12899,40.0527
12900,39.3735
12901,40.841
12902,41.3314
12903,35.4654
12904,41.6323
12905,40.9633
12906,35.9425
12907,44.0956
12908,38.5954
12909,39.7354
12910,38.9985
12911,42.9955
12912,38.5694
12913,39.5178
12914,37.8058
12915,43.5615
12916,40.5774
12917,40.6986
12918,38.6582
12919,43.0737
12920,37.3185
12921,38.5883
12922,39.8687
12923,38.058
12924,38.1868
12925,38.6725
12926,38.8439
12927,39.9905
12928,39.2767
12929,40.0537
12930,39.1686
12931,39.8329
12932,38.4122
12933,37.7085
12934,37.717
12935,39.5076
12936,42.0776
12937,34.9263
12938,44.3355
12939,40.5396
12940,39.2986
12941,45.2482
12942,40.1614
12943,37.2408
12944,41.3005
12945,34.8835
12946,36.9369
12947,38.9652
12948,37.6281
12949,43.0352
12950,39.2395
12951,41.0715
12952,42.6428
12953,40.2613
12954,45.439
12955,39.6691
12956,39.9853
12957,38.2874
12958,38.4678
12959,40.5325
12960,41.629
12961,42.905
12962,43.3242
12963,41.3899
12964,43.8084
12965,41.9512
12966,36.9274
12967,41.6886
12968,40.1016
12969,38.4054
12970,37.4938
12971,38.0305
12972,40.2004
12973,39.5301
12974,38.6942
12975,38.7464
12976,39.9868
12977,40.3705
12978,40.3048
12979,42.0666
12980,42.1202
12981,41.1703
12982,38.9431
12983,40.7972
12984,35.4311
12985,37.704
12986,38.3579
12987,38.7889
12988,40.3836
12989,39.9204
12990,40.198
12991,38.9053
12992,42.7907
12993,40.1913
12994,37.0587
12995,41.2531
12996,38.1027
12997,42.5252
12998,38.8238
12999,39.2667
13000,39.3881
13001,39.4137
13002,44.0488
13003,40.1505
13004,40.5568
13005,40.2966
13006,41.6329
13007,41.7977
13008,42.8191
13009,35.8487
13010,41.1352
13011,37.1987
13012,43.4966
13013,37.9493
13014,39.3418
13015,39.7279
13016,39.7932
13017,41.0484
13018,39.2214
13019,41.2827
13020,39.365
13021,36.6726
13022,41.694
13023,40.8398
13024,42.7551
13025,38.9089
13026,40.6589
13027,39.7331
13028,37.0792
13029,39.4301
13030,37.4919
13031,40.4839
13032,41.6772
13033,41.4913
13034,38.5439
13035,40.5623
13036,34.7476
13037,40.0892
13038,44.1368
13039,38.4771
13040,38.9116
13041,35.69
13042,43.1379
13043,37.4112
13044,40.6718
13045,38.7174
13046,37.8258
13047,39.0369
13048,37.8682
13049,42.9317
13050,39.2217
13051,39.3139
13052,40.7363
13053,39.96
13054,42.0561
13055,38.1373
13056,41.2674
13057,39.2895
13058,42.3941
13059,41.8495
13060,42.874
13061,40.2223
13062,43.2574
13063,43.6831
13064,37.9107
13065,43.1379
13066,39.4948
13067,39.7585
13068,40.1758
13069,38.6511
13070,41.9169
13071,40.2353
13072,36.6881
13073,44.215
13074,43.3728
13075,39.6936
13076,38.2907
13077,37.2896
13078,41.673
13079,39.2352
13080,38.5852
13081,39.6966
13082,39.5716
13083,39.867
13084,41.5785
13085,37.7307
13086,38.8866
13087,43.3627
13088,38.4248
13089,42.7426
13090,39.1096
13091,42.0295
13092,42.4392
13093,40.5548
13094,38.7816
13095,39.1724
13096,39.8177
13097,42.3528
13098,41.7551
13099,43.7743
13100,40.6992
13101,37.4172
13102,46.9715
13103,34.0273
13104,38.8062
13105,39.8554
13106,39.1525
13107,40.2122
13108,43.6272
13109,41.2754
13110,40.4525
13111,39.4464
13112,44.7097
13113,42.1346
13114,42.8
13115,39.8645
13116,38.9186
13117,40.2158
13118,42.7197
13119,43.6262
13120,38.9194
13121,42.1939
13122,38.4183
13123,38.7925
13124,36.8847
13125,42.1222
13126,38.8856
13127,41.3726
13128,39.6926
13129,42.0697
13130,39.4095
13131,41.1452
13132,43.1371
13133,42.8693
13134,37.4394
13135,42.6685
13136,40.9943
13137,42.2236
13138,39.3787
13139,38.2553
13140,40.9364
13141,38.0743
13142,38.6825
13143,38.406
13144,39.6069
13145,39.8515
13146,40.0608
13147,44.2175
13148,41.2998
13149,38.317
13150,40.4295
13151,34.6168
13152,42.2384
13153,38.9416
13154,41.6258
13155,39.2688
13156,40.8462
13157,41.8696
13158,39.7243
13159,36.5706
13160,38.0827
13161,43.4074
13162,38.5599
13163,38.7939
13164,39.3545
13165,42.2466
13166,40.333
13167,40.5119
13168,38.2812
13169,37.5712
13170,39.1514
13171,39.4187
13172,40.2197
13173,41.0913
13174,37.4055
13175,37.5643
13176,41.8974
13177,39.1692
13178,40.4618
13179,42.91
13180,42.9912
13181,38.1614
13182,42.4963
13183,37.6212
13184,38.1936
13185,37.2092
13186,39.267
13187,40.3
13188,39.5381
13189,40.9684
13190,38.226
13191,40.7824
13192,39.8593
13193,41.0313
13194,39.1301
13195,39.1728
13196,39.2415
13197,39.3995
13198,39.4164
13199,40.507
13200,41.0278
13201,42.0441
13202,41.1697
13203,40.2295
13204,42.3246
13205,40.59
13206,42.62
13207,43.084
13208,42.2673
13209,43.303
13210,40.1878
13211,44.0168
13212,45.2601
13213,37.468
13214,36.611
13215,39.2922
13216,42.7115
13217,39.9946
13218,41.1968
13219,40.2991
13220,43.3255
13221,38.9546
13222,43.4987
13223,37.741
13224,38.2827
13225,45.2516
13226,39.416
13227,40.8697
13228,40.9858
13229,41.205
13230,37.5237
13231,39.0369
13232,45.2856
13233,40.4124
13234,44.5518
13235,42.5795
13236,37.5045
13237,41.6566
13238,43.8817
13239,40.9459
13240,38.0469
13241,39.065
13242,39.3777
13243,44.095
13244,37.5241
13245,40.6235
13246,41.1488
13247,40.6396
13248,40.3268
13249,38.4125
13250,42.4096
13251,40.081
13252,40.8007
13253,39.8478
13254,39.2445
13255,40.534
13256,37.1863
13257,41.9287
13258,39.9537
13259,40.1341
13260,40.5492
13261,38.6193
13262,39.0453
13263,37.5649
13264,38.6952
13265,42.7531
13266,41.0291
13267,40.1729
13268,43.2329
13269,38.9748
13270,41.9832
13271,41.0859
13272,40.6879
13273,42.2878
13274,43.6416
13275,41.1147
13276,43.3151
13277,38.2998
13278,42.1365
13279,39.1449
13280,44.1936
13281,44.2994
13282,39.4656
13283,36.4927
13284,35.6321
13285,40.0948
13286,40.6509
13287,40.8881
13288,40.0181
13289,41.0448
13290,39.2631
13291,39.3955
13292,37.6832
13293,40.5974
13294,40.7084
13295,40.4769
13296,39.7824
13297,39.3342
13298,41.1095
13299,36.226
13300,40.5352
13301,41.1197
13302,41.72
13303,42.3757
13304,40.8241
13305,39.8407
13306,38.4734
13307,42.3648
13308,36.1875
13309,40.067
13310,40.3008
13311,40.5057
13312,39.8883
13313,41.0437
13314,37.2535
13315,42.4241
13316,39.1256
13317,36.216
13318,43.3022
13319,39.5827
13320,38.9292
13321,40.0327
13322,41.1947
13323,40.4497
13324,42.0544
13325,42.5502
13326,41.7
13327,40.3382
13328,40.9489
13329,37.9825
13330,40.2791
13331,40.512
13332,37.7245
13333,40.9819
13334,43.1219
13335,35.3315
13336,35.7849
13337,42.1099
13338,42.294
13339,41.4931
13340,37.5202
13341,41.9544
13342,38.2757
13343,43.9932
13344,39.4115
13345,39.4268
13346,37.3401
13347,37.5489
13348,38.581
13349,38.6564
13350,39.9955
13351,40.3018
13352,39.4303
13353,39.596
13354,40.6204
13355,39.8485
13356,36.017
13357,39.5703
13358,41.7846
13359,37.9883
13360,38.1332
13361,39.5589
13362,38.8248
13363,39.8547
13364,39.1754
13365,43.2192
13366,38.2281
13367,39.293
13368,39.6343
13369,38.9107
13370,40.957
13371,40.3742
13372,40.4621
13373,38.8497
13374,42.0589
13375,42.699
13376,42.2227
13377,42.282
13378,38.7493
13379,39.4729
13380,39.7858
13381,37.419
13382,39.8142
13383,41.3037
13384,40.2018
13385,39.5005
13386,40.2919
13387,37.5775
13388,39.3967
13389,42.4512
13390,38.7404
13391,41.1527
13392,38.7272
13393,38.4819
13394,38.4938
13395,37.8052
13396,39.3211
13397,39.4513
13398,37.6353
13399,38.2788
13400,40.4937
13401,41.1784
13402,39.667
13403,39.7738
13404,40.2568
13405,41.7896
13406,41.4461
13407,38.0784
13408,41.4251
13409,40.0954
13410,38.3753
13411,38.3007
13412,42.4082
13413,36.6692
13414,37.8787
13415,42.9887
13416,36.8232
13417,39.008
13418,35.2194
13419,39.7003
13420,37.8892
13421,40.0659
13422,36.9588
13423,37.1594
13424,37.9272
13425,39.1605
13426,39.3275
13427,39.6639
13428,39.8524
13429,35.9874
13430,39.0453
13431,40.6405
13432,39.0675
13433,41.6435
13434,36.7123
13435,41.7207
13436,41.2415
13437,39.2625
13438,43.4997
13439,39.7464
13440,41.8235
13441,40.1327
13442,41.53
13443,38.7611
13444,40.3461
13445,40.1581
13446,40.2325
13447,39.3919
13448,39.6762
13449,42.1774
13450,40.7137
13451,37.7413
13452,40.2246
13453,41.0805
13454,39.2494
13455,38.7221
13456,38.8564
13457,39.0368
13458,41.1539
13459,39.0065
13460,40.1743
13461,42.6871
13462,40.7185
13463,41.8535
13464,37.112
13465,42.6338
13466,38.6564
13467,42.3318
13468,37.1538
13469,44.211
13470,38.8867
13471,38.1206
13472,41.2969
13473,39.3838
13474,40.5704
13475,41.0867
13476,42.2436
13477,39.7898
13478,39.7287
13479,39.8795
13480,38.1358
13481,36.8797
13482,39.1629
13483,42.7047
13484,41.0967
13485,39.4434
13486,40.626
13487,41.2855
13488,41.3543
13489,41.2216
13490,39.9773
13491,40.139
13492,38.7606
13493,38.7928
13494,41.4851
13495,42.125
13496,42.9284
13497,38.9634
13498,43.1699
13499,40.5269
13500,38.3574
13501,42.9511
13502,40.3961
13503,37.4779
13504,37.6366
13505,37.7144
13506,39.6227
13507,39.8025
13508,41.825
13509,40.314
13510,40.3444
13511,40.472
13512,42.0915
13513,38.214
13514,38.9294
13515,39.2454
13516,39.0171
13517,39.9827
13518,40.7826
13519,37.9695
13520,35.5048
13521,41.94
13522,37.6336
13523,39.1291
13524,36.433
13525,40.3196
13526,38.8056
13527,40.3317
13528,43.7675
13529,41.0018
13530,41.0556
13531,42.9131
13532,38.2779
13533,44.2409
13534,36.9095
13535,38.46
13536,38.8713
13537,37.7134
13538,41.575
13539,41.2398
13540,36.9781
13541,43.5057
13542,43.579
13543,41.3558
13544,43.509
13545,40.8897
13546,43.6241
13547,39.58
13548,41.1203
13549,37.2775
13550,37.8837
13551,39.0173
13552,36.082
13553,39.1081
13554,39.4954
13555,39.7982
13556,40.4494
13557,37.8705
13558,43.9454
13559,38.7993
13560,42.5074
13561,43.28
13562,37.298
13563,40.665
13564,41.1547
13565,39.5825
13566,41.7946
13567,38.8183
13568,36.8853
13569,40.0061
13570,42.1807
13571,39.3002
13572,39.3948
13573,39.7455
13574,43.09
13575,45.1005
13576,40.5101
13577,41.6929
13578,38.7389
13579,42.0399
13580,40.249
13581,39.6183
13582,39.6763
13583,38.7321
13584,39.0812
13585,39.0897
13586,40.5705
13587,39.6207
13588,36.6461
13589,40.0738
13590,39.2072
13591,40.3936
13592,36.8301
13593,37.8648
13594,38.042
13595,38.0954
13596,43.1788
13597,41.2499
13598,38.8405
13599,38.9274
13600,38.2294
13601,39.5956
13602,43.6603
13603,38.0991
13604,41.123
13605,40.7747
13606,42.0474
13607,41.2881
13608,42.4756
13609,40.1713
13610,36.9414
13611,37.6198
13612,37.9945
13613,39.206
13614,37.5674
13615,38.0468
13616,39.2863
13617,40.6667
13618,39.6815
13619,39.4085
13620,41.6113
13621,35.6833
13622,40.9988
13623,38.4066
13624,38.5732
13625,39.0843
13626,43.3112
13627,40.5162
13628,41.0076
13629,40.1226
13630,40.1879
13631,39.9229
13632,42.2525
13633,36.3525
13634,36.8504
13635,37.1434
13636,39.1519
13637,37.4498
13638,36.5073
13639,38.5951
13640,37.413
13641,38.8183
13642,40.4075
13643,40.8481
13644,39.19
13645,40.1173
13646,40.2589
13647,40.4488
13648,43.0434
13649,39.2747
13650,38.3008
13651,39.6307
13652,36.7237
13653,40.7779
13654,39.9986
13655,41.0719
13656,41.3974
13657,42.2047
13658,39.0488
13659,39.6954
13660,38.9599
13661,40.0941
13662,43.1438
13663,38.85
13664,37.1395
13665,37.3449
13666,37.6007
13667,41.1339
13668,39.5807
13669,40.6304
13670,39.6453
13671,36.7028
13672,38.1554
13673,41.7106
13674,40.9222
13675,39.0373
13676,41.3893
13677,40.0441
13678,40.2452
13679,37.0513
13680,38.5273
13681,36.8828
13682,39.5495
13683,36.558
13684,39.684
13685,40.0078
13686,36.7809
13687,39.014
13688,40.5407
13689,42.8559
13690,38.3164
13691,39.6194
13692,39.2129
13693,37.7831
13694,40.0652
13695,39.184
13696,41.238
13697,37.3522
13698,38.4709
13699,41.7593
13700,37.4782
13701,38.04
13702,40.1565
13703,37.4869
13704,38.7596
13705,40.9559
13706,39.0162
13707,40.1101
13708,39.1955
13709,40.2797
13710,39.9689
13711,40.0506
13712,39.3009
13713,41.4524
13714,40.6547
13715,37.8559
13716,39.3504
13717,35.4933
13718,42.8075
13719,39.5114
13720,42.3203
13721,41.6302
13722,41.366
13723,41.5705
13724,38.9419
13725,38.4796
13726,41.724
13727,38.2607
13728,38.5988
13729,39.7643
13730,37.2977
13731,39.4618
13732,40.8506
13733,42.0381
13734,39.4353
13735,36.2113
13736,42.3416
13737,37.3623
13738,40.9585
13739,40.0966
13740,39.1077
13741,36.3969
13742,40.6459
13743,40.7413
13744,37.751
13745,38.7778
13746,41.8501
13747,40.8901
13748,40.3174
13749,41.0126
13750,39.3483
13751,44.0919
13752,40.1483
13753,40.3285
13754,38.2128
13755,38.6114
13756,41.9027
13757,39.6824
13758,39.7325
13759,39.8946
13760,40.131
13761,41.7025
13762,39.0068
13763,40.3453
13764,36.2491
13765,38.4996
13766,42.8859
13767,43.0469
13768,43.3776
13769,39.386
13770,39.2513
13771,39.9092
13772,40.45
13773,42.8041
13774,40.8333
13775,39.4703
13776,37.6086
13777,40.6791
13778,40.8729
13779,41.0501
13780,41.147
13781,37.4121
13782,37.3061
13783,38.0663
13784,38.26
13785,37.6008
13786,36.037
13787,38.6946
13788,40.7715
13789,39.8973
13790,39.164
13791,41.2703
13792,40.8416
13793,41.9263
13794,38.9883
13795,38.8497
13796,42.2757
13797,39.4916
13798,39.53
13799,39.9254
13800,39.0029
13801,39.1308
13802,40.518
13803,39.9264
13804,43.1468
13805,44.5329
13806,43.284
13807,37.1661
13808,41.0968
13809,42.177
13810,39.9416
13811,39.3703
13812,40.3915
13813,39.6295
13814,38.8194
13815,39.9053
13816,39.9835
13817,40.0677
13818,40.3983
13819,41.6863
13820,39.2765
13821,43.6238
13822,41.6322
13823,39.3035
13824,41.0457
13825,40.0542
13826,37.0626
13827,38.1353
13828,43.4588
13829,39.3396
13830,37.8526
13831,41.234
13832,40.2617
13833,37.5255
13834,38.7335
13835,37.8248
13836,40.8877
13837,38.992
13838,40.6637
13839,38.8453
13840,41.9957
13841,40.1397
13842,41.5502
13843,40.9712
13844,41.5583
13845,36.1562
13846,35.4361
13847,38.4653
13848,40.0932
13849,39.9631
13850,41.5377
13851,37.6427
13852,38.6587
13853,39.0533
13854,37.3512
13855,41.218
13856,39.7965
13857,36.6062
13858,40.6424
13859,41.5086
13860,37.5171
13861,41.7064
13862,37.1043
13863,38.3975
13864,39.5255
13865,37.0569
13866,41.1312
13867,38.7123
13868,43.8262
13869,40.2648
13870,39.3628
13871,41.1439
13872,40.4795
13873,42.7141
13874,38.1792
13875,39.4003
13876,39.5706
13877,40.0947
13878,39.1757
13879,41.2023
13880,39.6548
13881,36.846
13882,42.2669
13883,36.6105
13884,40.7347
13885,43.2725
13886,40.3771
13887,40.4864
13888,37.9733
13889,37.8215
13890,37.8517
13891,39.1732
13892,38.5482
13893,41.8158
13894,40.8242
13895,40.8849
13896,41.1862
13897,36.2947
13898,37.1759
13899,40.235
13900,35.2561
13901,40.5381
13902,40.5629
13903,37.6113
13904,40.7944
13905,39.0665
13906,36.0779
13907,41.2062
13908,37.326
13909,39.448
13910,41.8464
13911,39.9998
13912,35.1832
13913,41.3928
13914,40.5706
13915,42.8752
13916,38.0937
13917,38.4852
13918,42.9409
13919,40.0254
13920,38.1677
13921,41.2382
13922,39.7177
13923,41.8574
13924,39.9235
13925,43.0446
13926,39.053
13927,43.0614
13928,40.2102
13929,40.349
13930,39.3575
13931,40.5456
13932,40.9672
13933,41.0379
13934,43.166
13935,40.6425
13936,44.7708
13937,41.7862
13938,39.7473
13939,37.8419
13940,37.8878
13941,40.2388
13942,40.5241
13943,40.7172
13944,39.3455
13945,41.4246
13946,41.4932
13947,40.6048
13948,37.3457
13949,40.3693
13950,41.6761
13951,39.4533
13952,36.0557
13953,44.3996
13954,40.6161
13955,41.0331
13956,44.2878
13957,41.2161
13958,42.1237
13959,41.923
13960,41.828
13961,39.0316
13962,39.5871
13963,39.6878
13964,37.8986
13965,44.219
13966,41.389
13967,41.4752
13968,42.6586
13969,41.715
13970,42.1128
13971,40.2954
13972,42.8512
13973,38.1573
13974,39.6281
13975,36.3972
13976,41.9858
13977,37.0295
13978,39.217
13979,40.6737
13980,39.9005
13981,37.9539
13982,43.0455
13983,40.1808
13984,39.6573
13985,41.771
13986,39.3399
13987,39.1347
13988,41.3734
13989,41.0103
13990,35.0188
13991,39.4733
13992,38.7041
13993,37.7125
13994,39.9616
13995,38.4724
13996,38.7538
13997,41.4706
13998,41.5528
13999,37.599
14000,42.2094
14001,39.558
14002,42.1192
14003,41.3825
14004,37.5198
14005,40.5283
14006,44.6695
14007,41.8364
14008,41.4395
14009,37.8259
14010,39.0722
14011,41.3739
14012,40.6005
14013,39.9143
14014,41.9851
14015,42.4371
14016,39.9675
14017,39.1621
14018,40.0565
14019,39.0776
14020,44.1692
14021,41.4266
14022,40.9616
14023,40.6592
14024,43.0508
14025,43.6516
14026,37.1478
14027,38.5419
14028,41.9583
14029,33.9216
14030,40.0756
14031,38.1516
14032,38.9835
14033,39.1487
14034,39.1571
14035,37.8053
14036,40.3281
14037,40.8327
14038,42.0869
14039,38.1277
14040,37.6594
14041,40.8271
14042,41.3294
14043,42.177
14044,44.3475
14045,42.4045
14046,40.3923
14047,40.3732
14048,38.9532
14049,39.9938
14050,43.6952
14051,39.0988
14052,39.3333
14053,39.6355
14054,39.7848
14055,38.3975
14056,37.8588
14057,40.4771
14058,37.9945
14059,37.4157
14060,39.0011
14061,39.263
14062,39.2848
14063,39.7178
14064,40.7685
14065,38.0924
14066,41.1256
14067,40.9309
14068,40.9733
14069,41.1609
14070,41.236
14071,43.5958
14072,40.925
14073,42.498
14074,40.6698
14075,43.0773
14076,38.8764
14077,37.3941
14078,37.9461
14079,43.0319
14080,38.4625
14081,44.7535
14082,39.5549
14083,37.6426
14084,42.656
14085,39.4101
14086,39.6476
14087,39.6641
14088,38.7337
14089,40.7979
14090,42.113
14091,40.1214
14092,41.4932
14093,42.4298
14094,38.5954
14095,40.0572
14096,38.5013
14097,39.8521
14098,41.2314
14099,39.6066
14100,37.65
14101,40.4252
14102,38.7225
14103,41.095
14104,41.7356
14105,42.5096
14106,40.9529
14107,41.5337
14108,40.2456
14109,40.7231
14110,35.874
14111,41.1756
14112,42.2874
14113,39.2989
14114,40.2746
14115,38.3
14116,44.4869
14117,37.6076
14118,40.4684
14119,41.604
14120,39.7148
14121,41.731
14122,41.8831
14123,37.2306
14124,38.5951
14125,38.7038
14126,38.8496
14127,40.2661
14128,36.5443
14129,42.8452
14130,38.1087
14131,38.2471
14132,41.5042
14133,36.8025
14134,41.5879
14135,41.744
14136,42.4612
14137,41.1249
14138,40.0093
14139,39.2248
14140,36.836
14141,39.314
14142,40.554
14143,38.8031
14144,41.2184
14145,44.5462
14146,41.8601
14147,42.0133
14148,38.2573
14149,37.7165
14150,39.8282
14151,39.8031
14152,40.3596
14153,38.4385
14154,37.5444
14155,39.5877
14156,40.8304
14157,40.4792
14158,42.556
14159,40.1073
14160,37.538
14161,38.5951
14162,42.2129
14163,38.4752
14164,37.4886
14165,42.4248
14166,43.4987
14167,38.8272
14168,35.319
14169,39.6569
14170,37.8082
14171,40.4052
14172,41.5661
14173,40.8783
14174,41.0572
14175,39.1204
14176,38.141
14177,39.908
14178,41.0974
14179,38.1412
14180,40.4043
14181,38.5308
14182,39.1484
14183,41.4939
14184,42.9585
14185,42.4084
14186,38.549
14187,40.6768
14188,38.5413
14189,39.5676
14190,37.3628
14191,42.3082
14192,39.2179
14193,40.5934
14194,38.7708
14195,36.8412
14196,43.0199
14197,35.9783
14198,40.1145
14199,38.4881
14200,38.3268
14201,40.3464
14202,40.4731
14203,38.797
14204,39.2967
14205,40.6355
14206,41.8347
14207,43.6341
14208,37.9092
14209,38.2976
14210,38.2347
14211,41.3489
14212,44.1157
14213,40.6164
14214,39.2773
14215,38.537
14216,36.6353
14217,37.7864
14218,38.4806
14219,37.8165
14220,38.5823
14221,38.7132
14222,39.3194
14223,40.7518
14224,40.8356
14225,38.2647
14226,39.6507
14227,42.7511
14228,42.9051
14229,43.3491
14230,39.6937
14231,39.7651
14232,39.0183
14233,41.0665
14234,37.2724
14235,43.6317
14236,37.7782
14237,40.8358
14238,39.9995
14239,41.3061
14240,40.9607
14241,41.3551
14242,36.6201
14243,43.943
14244,38.4273
14245,37.8757
14246,39.0935
14247,35.5856
14248,39.7101
14249,40.009
14250,40.6778
14251,37.8476
14252,43.0919
14253,41.1546
14254,41.8507
14255,39.3501
14256,42.6574
14257,40.5844
14258,41.412
14259,38.8387
14260,40.1974
14261,38.2222
14262,41.111
14263,37.2625
14264,43.284
14265,36.491
14266,40.7648
14267,40.8135
14268,39.8186
14269,42.269
14270,40.4719
14271,41.7348
14272,42.021
14273,38.1004
14274,38.2687
14275,39.0194
14276,38.4477
14277,36.5677
14278,40.8514
14279,41.0607
14280,37.2987
14281,37.5186
14282,37.5755
14283,37.6064
14284,41.6255
14285,40.0019
14286,40.0103
14287,38.5121
14288,38.5206
14289,38.7439
14290,41.3794
14291,41.4071
14292,40.2586
14293,40.8083
14294,40.8937
14295,40.9513
14296,40.457
14297,44.0009
14298,46.0798
14299,38.8051
14300,41.5176
14301,45.0184
14302,39.8086
14303,39.8874
14304,39.7408
14305,40.7567
14306,41.0239
14307,38.4569
14308,40.6002
14309,38.6109
14310,41.7967
14311,38.8478
14312,36.0554
14313,40.2399
14314,38.4009
14315,39.0799
14316,36.488
14317,39.1561
14318,40.3001
14319,37.6792
14320,40.2615
14321,38.2497
14322,39.4419
14323,42.4987
14324,40.3954
14325,43.6721
14326,37.7034
14327,44.1929
14328,39.2013
14329,38.5415
14330,40.0161
14331,37.1256
14332,42.3377
14333,37.3779
14334,40.7973
14335,41.2665
14336,40.8228
14337,33.9716
14338,42.3664
14339,37.7276
14340,37.7943
14341,39.7243
14342,39.5303
14343,39.3811
14344,38.6266
14345,38.0433
14346,39.2096
14347,37.7638
14348,40.1877
14349,39.2399
14350,41.2669
14351,39.3643
14352,41.5738
14353,40.9799
14354,42.7768
14355,42.0988
14356,36.0171
14357,40.073
14358,40.5307
14359,44.131
14360,37.2544
14361,38.0983
14362,38.4674
14363,40.9479
14364,40.9969
14365,40.35
14366,41.3769
14367,40.667
14368,40.7605
14369,44.1643
14370,41.6136
14371,39.3408
14372,40.4778
14373,41.0806
14374,42.0663
14375,40.2967
14376,38.4942
14377,41.9929
14378,37.6047
14379,38.6606
14380,39.8701
14381,40.1163
14382,40.9613
14383,39.0207
14384,37.2631
14385,42.8099
14386,38.9792
14387,43.0235
14388,43.1417
14389,42.7084
14390,41.9468
14391,38.2889
14392,38.5685
14393,39.5353
14394,39.5324
14395,39.591
14396,41.1179
14397,38.4285
14398,41.4411
14399,39.5644
14400,38.5737
14401,42.1335
14402,36.7963
14403,39.0237
14404,39.049
14405,40.4209
14406,42.3318
14407,42.4683
14408,42.8913
14409,40.8869
14410,41.4066
14411,41.5629
14412,42.6443
14413,38.0684
14414,38.5034
14415,43.8001
14416,42.1325
14417,41.3073
14418,42.5032
14419,36.9395
14420,44.0643
14421,42.5734
14422,40.3852
14423,42.4369
14424,38.2926
14425,39.5262
14426,39.8888
14427,39.9659
14428,39.9743
14429,40.3725
14430,39.5669
14431,40.0965
14432,42.291
14433,37.3479
14434,42.6829
14435,42.7957
14436,39.6378
14437,38.8763
14438,39.168
14439,36.1773
14440,36.48
14441,39.7025
14442,40.7951
14443,39.8688
14444,44.1992
14445,42.6979
14446,38.239
14447,40.6643
14448,37.7462
14449,42.9482
14450,40.0106
14451,40.3973
14452,40.723
14453,40.8666
14454,41.0021
14455,39.0532
14456,33.4633
14457,38.9316
14458,38.0204
14459,39.2383
14460,38.4309
14461,39.529
14462,38.9147
14463,39.2992
14464,38.3216
14465,39.3301
14466,39.348
14467,38.4431
14468,40.4761
14469,39.6586
14470,39.248
14471,42.0837
14472,37.1075
14473,41.4438
14474,39.538
14475,41.5556
14476,40.7049
14477,38.9789
14478,38.5243
14479,42.7454
14480,37.0276
14481,37.1925
14482,38.8803
14483,38.9895
14484,39.473
14485,38.99
14486,38.1634
14487,41.9427
14488,38.2252
14489,38.7325
14490,39.8079
14491,39.3225
14492,40.9193
14493,38.3558
14494,43.3642
14495,40.6861
14496,42.4146
14497,41.0657
14498,39.2766
14499,36.8198
14500,39.3018
14501,39.8351
14502,39.97
14503,37.2516
14504,38.4385
14505,37.6827
14506,41.1804
14507,38.2293
14508,40.7094
14509,41.3068
14510,44.3719
14511,42.7333
14512,43.7897
14513,44.3402
14514,43.5231
14515,38.2108
14516,43.5918
14517,42.9137
14518,40.1188
14519,40.6193
14520,38.9145
14521,37.0334
14522,38.5562
14523,38.6943
14524,41.9701
14525,40.0556
14526,39.3029
14527,41.6953
14528,37.7154
14529,40.146
14530,41.4258
14531,39.5368
14532,42.9089
14533,37.2812
14534,41.6681
14535,42.2364
14536,36.2112
14537,36.8502
14538,36.9893
14539,37.0987
14540,38.1419
14541,36.8163
14542,39.8247
14543,39.1207
14544,39.5292
14545,40.7863
14546,43.8868
14547,39.023
14548,39.2089
14549,42.4259
14550,38.5365
14551,42.6925
14552,38.1713
14553,43.3773
14554,38.7623
14555,42.0228
14556,42.7768
14557,39.9715
14558,39.9884
14559,43.4486
14560,41.809
14561,37.3484
14562,44.3925
14563,42.019
14564,37.8121
14565,43.8205
14566,39.1867
14567,37.3691
14568,38.9905
14569,42.7852
14570,40.6339
14571,45.9138
14572,38.9421
14573,41.1853
14574,34.8493
14575,40.128
14576,41.0033
14577,38.1283
14578,42.2975
14579,37.655
14580,38.7564
14581,35.4589
14582,40.7127
14583,38.3361
14584,40.5313
14585,41.9084
14586,38.1134
14587,40.3443
14588,40.4799
14589,40.9972
14590,39.0861
14591,40.3696
14592,39.6274
14593,36.8228
14594,39.9716
14595,43.208
14596,43.0317
14597,39.0102
14598,39.0884
14599,39.1748
14600,39.3273
14601,40.1758
14602,39.9743
14603,41.0498
14604,38.308
14605,36.3527
14606,40.8748
14607,41.4832
14608,41.9531
14609,38.1796
14610,38.8434
14611,40.1313
14612,41.5027
14613,37.5282
14614,43.2392
14615,39.4158
14616,37.4487
14617,41.5955
14618,39.6748
14619,43.0969
14620,37.2764
14621,41.4554
14622,43.6525
14623,37.2527
14624,37.3033
14625,37.9309
14626,42.288
14627,36.7981
14628,40.963
14629,37.9911
14630,39.1382
14631,39.6173
14632,38.7241
14633,42.6665
14634,42.7371
14635,38.765
14636,38.3549
14637,39.028
14638,42.5467
14639,42.7583
14640,42.9135
14641,39.9533
14642,44.1487
14643,41.8173
14644,39.6168
14645,38.8396
14646,38.0401
14647,42.475
14648,39.9447
14649,39.2746
14650,36.6014
14651,41.7038
14652,36.902
14653,40.4471
14654,40.534
14655,40.7143
14656,41.0177
14657,45.0524
14658,40.0609
14659,41.2054
14660,38.6671
14661,38.6804
14662,42.078
14663,41.2406
14664,42.711
14665,41.0117
14666,41.5743
14667,41.0429
14668,37.4022
14669,44.0819
14670,41.2554
14671,36.376
14672,40.7397
14673,41.8675
14674,41.8877
14675,40.6361
14676,44.0944
14677,35.4455
14678,42.6767
14679,40.7287
14680,38.7771
14681,40.7071
14682,40.9286
14683,41.4987
14684,42.4786
14685,37.8347
14686,37.8432
14687,38.1647
14688,38.2337
14689,37.5972
14690,38.7576
14691,44.174
14692,38.3164
14693,38.861
14694,39.4245
14695,39.783
14696,39.892
14697,39.9183
14698,40.1344
14699,41.3579
14700,40.8501
14701,43.2242
14702,41.2726
14703,44.2306
14704,42.4703
14705,36.8046
14706,39.53
14707,40.0854
14708,40.445
14709,41.4375
14710,39.8751
14711,42.5462
14712,38.8035
14713,40.8119
14714,37.843
14715,38.9328
14716,42.4961
14717,34.6208
14718,40.3479
14719,41.3631
14720,41.4427
14721,42.0805
14722,38.4356
14723,42.7804
14724,37.9198
14725,40.9988
14726,40.7847
14727,38.012
14728,39.4098
14729,42.4712
14730,38.438
14731,37.0676
14732,38.305
14733,39.259
14734,39.249
14735,38.4389
14736,39.6067
14737,35.6855
14738,41.2054
14739,37.0256
14740,41.1263
14741,39.0582
14742,39.3029
14743,41.0498
14744,39.1095
14745,39.7087
14746,39.3562
14747,37.7742
14748,38.7267
14749,42.4017
14750,38.0732
14751,40.6499
14752,40.4405
14753,41.2882
14754,41.7827
14755,39.5629
14756,40.2013
14757,39.371
14758,41.6885
14759,41.3589
14760,37.2328
14761,40.2542
14762,37.4235
14763,40.9139
14764,39.1036
14765,40.3357
14766,40.6745
14767,42.5645
14768,39.7274
14769,38.1267
14770,36.5337
14771,42.7848
14772,42.807
14773,41.5568
14774,39.137
14775,39.4722
14776,40.1004
14777,40.3909
14778,38.3279
14779,38.8392
14780,37.9912
14781,37.2403
14782,44.3644
14783,40.7507
14784,40.2476
14785,38.6318
14786,40.9015
14787,42.8139
14788,37.922
14789,42.461
14790,42.8463
14791,38.0229
14792,43.0848
14793,41.4568
14794,36.7311
14795,39.9704
14796,40.4762
14797,40.2233
14798,38.4399
14799,40.637
14800,39.7794
14801,40.9936
14802,40.4765
14803,42.0337
14804,42.2311
14805,42.3893
14806,38.552
14807,36.8741
14808,40.294
14809,39.9135
14810,39.2066
14811,41.487
14812,39.8658
14813,40.9633
14814,40.0146
14815,41.2483
14816,41.576
14817,42.368
14818,43.0702
14819,42.4735
14820,42.6535
14821,38.7662
14822,44.1944
14823,41.3653
14824,37.981
14825,40.1353
14826,37.3702
14827,39.6625
14828,43.5679
14829,42.012
14830,43.318
14831,40.7639
14832,39.6928
14833,41.7659
14834,39.1648
14835,39.4132
14836,39.4951
14837,39.8629
14838,40.1051
14839,40.3536
14840,40.3974
14841,36.5826
14842,41.9542
14843,42.223
14844,42.2363
14845,40.4739
14846,37.0296
14847,38.5753
14848,39.0745
14849,39.2851
14850,44.6593
14851,40.6071
14852,40.1408
14853,41.5971
14854,38.2172
14855,40.3536
14856,39.5571
14857,40.5688
14858,38.1017
14859,39.3601
14860,43.2194
14861,43.8235
14862,37.9878
14863,39.5912
14864,39.8576
14865,39.1949
14866,41.6382
14867,41.7691
14868,37.0654
14869,42.4355
14870,39.674
14871,39.9032
14872,39.9986
14873,38.4425
14874,42.0866
14875,40.756
14876,40.3583
14877,39.6148
14878,40.8651
14879,41.8876
14880,41.0393
14881,41.3291
14882,38.6834
14883,40.8803
14884,46.0137
14885,38.8119
14886,39.8431
14887,39.9479
14888,38.8687
14889,42.7007
14890,43.9198
14891,44.2801
14892,38.5162
14893,37.5394
14894,41.8226
14895,39.1254
14896,38.7161
14897,39.788
14898,38.8358
14899,42.8941
14900,36.7225
14901,39.9885
14902,38.9969
14903,41.1227
14904,39.8603
14905,41.0816
14906,40.4914
14907,38.5317
14908,38.1823
14909,40.3047
14910,38.6808
14911,39.6947
14912,36.9523
14913,39.0731
14914,35.8028
14915,37.6021
14916,40.0781
14917,38.1686
14918,38.5833
14919,43.6776
14920,39.0261
14921,39.4087
14922,41.4877
14923,39.5481
14924,39.639
14925,42.6474
14926,40.0094
14927,40.1676
14928,38.3508
14929,38.4551
14930,41.3085
14931,39.6655
14932,41.8227
14933,41.9326
14934,42.0578
14935,42.1051
14936,43.5733
14937,42.3371
14938,44.6386
14939,37.9371
14940,38.1686
14941,38.686
14942,41.7398
14943,37.8312
14944,44.2971
14945,37.7176
14946,39.0446
14947,38.4517
14948,41.0901
14949,40.1456
14950,37.2234
14951,38.1613
14952,40.2878
14953,42.3096
14954,40.8535
14955,39.2757
14956,39.9256
14957,36.0855
14958,42.4323
14959,40.4098
14960,41.45
14961,37.599
14962,42.7433
14963,43.2844
14964,36.3369
14965,41.4733
14966,41.731
14967,40.8806
14968,36.43
14969,42.4336
14970,39.3868
14971,41.3068
14972,38.5575
14973,39.4744
14974,42.2476
14975,38.2625
14976,36.6141
14977,39.8192
14978,39.066
14979,43.2497
14980,37.3614
14981,41.683
14982,40.7623
14983,40.2692
14984,40.1454
14985,40.4026
14986,41.3095
14987,38.9699
14988,38.3155
14989,42.5822
14990,37.1088
14991,38.7962
14992,41.0661
14993,40.5628
14994,40.2701
14995,41.1314
14996,41.5011
14997,39.2481
14998,42.6733
14999,37.2783
15000,38.7004
15001,37.3562
15002,36.9233
15003,39.8342
15004,40.9301
15005,37.5748
15006,39.037
15007,38.1134
15008,39.9929
15009,40.0406
15010,40.3498
15011,40.8818
15012,39.9759
15013,44.0506
15014,40.445
15015,41.7322
15016,40.9632
15017,40.9952
15018,42.3355
15019,41.8201
15020,41.9878
15021,37.2772
15022,37.2868
15023,40.2327
15024,37.5026
15025,41.4288
15026,39.6548
15027,40.5738
15028,40.8523
15029,36.9794
15030,40.9939
15031,41.2499
15032,41.6603
15033,36.7308
15034,41.9528
15035,42.6125
15036,38.7775
15037,40.0206
15038,41.2008
15039,42.5471
15040,40.7209
15041,38.4192
15042,41.5998
15043,38.703
15044,40.4877
15045,42.5159
15046,39.5314
15047,40.5744
15048,40.6659
15049,41.3957
15050,42.1044
15051,39.2838
15052,37.6372
15053,40.1319
15054,40.9674
15055,41.5556
15056,41.6659
15057,39.0026
15058,36.5735
15059,36.7218
15060,36.9547
15061,37.3051
15062,37.3159
15063,40.0984
15064,40.931
15065,38.9438
15066,40.4606
15067,41.7393
15068,40.8286
15069,39.2262
15070,43.7713
15071,42.2881
15072,39.3086
15073,43.3696
15074,43.9963
15075,38.1833
15076,38.1961
15077,37.5788
15078,40.8983
15079,43.2833
15080,39.7139
15081,38.96
15082,45.7504
15083,41.6164
15084,36.2624
15085,40.5236
15086,42.1053
15087,37.6934
15088,42.7775
15089,36.1764
15090,40.0755
15091,37.3466
15092,40.7235
15093,37.8205
15094,41.0215
15095,38.1366
15096,35.3385
15097,41.3507
15098,40.4101
15099,38.5984
15100,39.4059
15101,40.8027
15102,41.0167
15103,40.1204
15104,42.5264
15105,42.0239
15106,42.0339
15107,42.2516
15108,39.0639
15109,42.1139
15110,39.151
15111,42.4397
15112,42.8364
15113,40.8819
15114,40.1724
15115,39.1758
15116,35.7896
15117,38.8377
15118,38.9568
15119,41.9652
15120,39.8916
15121,40.1065
15122,38.7535
15123,41.7969
15124,38.9089
15125,40.163
15126,38.5766
15127,39.0542
15128,41.3938
15129,43.3674
15130,40.5113
15131,42.6075
15132,39.3133
15133,39.5461
15134,38.9308
15135,41.0066
15136,41.0174
15137,39.2295
15138,37.6247
15139,38.4006
15140,38.4357
15141,39.5316
15142,40.9979
15143,38.1745
15144,39.0454
15145,40.4871
15146,40.84
15147,41.1382
15148,36.5041
15149,43.8697
15150,38.0317
15151,43.4378
15152,41.5387
15153,44.0723
15154,40.1525
15155,38.2654
15156,40.6487
15157,40.8554
15158,41.0128
15159,40.4366
15160,44.3193
15161,40.5956
15162,42.5161
15163,37.9664
15164,38.1615
15165,39.6593
15166,39.0431
15167,39.6119
15168,38.2011
15169,35.5212
15170,40.6948
15171,40.7481
15172,40.8674
15173,36.0163
15174,41.6228
15175,41.7191
15176,42.0902
15177,37.2362
15178,40.9258
15179,36.5894
15180,38.9035
15181,39.3627
15182,39.2045
15183,40.5001
15184,39.5772
15185,38.349
15186,40.4957
15187,41.7607
15188,40.211
15189,42.2183
15190,39.0904
15191,41.9636
15192,40.045
15193,36.5418
15194,40.7009
15195,40.7838
15196,41.1429
15197,41.3862
15198,43.1011
15199,38.0244
15200,40.6537
15201,40.1138
15202,40.1625
15203,40.0861
15204,41.318
15205,38.433
15206,40.1046
15207,43.3624
15208,37.9521
15209,43.9377
15210,37.1237
15211,41.3577
15212,37.7497
15213,37.7785
15214,37.8205
15215,38.5642
15216,39.0432
15217,40.2283
15218,39.2788
15219,38.9892
15220,42.0857
15221,40.3668
15222,40.412
15223,40.4709
15224,40.5696
15225,40.8189
15226,41.0655
15227,41.111
15228,41.0094
15229,35.0705
15230,39.9324
15231,44.0328
15232,40.4152
15233,44.5178
15234,39.8284
15235,40.0729
15236,38.1044
15237,40.2537
15238,41.4262
15239,40.449
15240,40.4824
15241,38.9409
15242,42.1227
15243,39.3529
15244,39.9521
15245,39.956
15246,40.9644
15247,40.6046
15248,40.7994
15249,41.0771
15250,41.1451
15251,42.1418
15252,37.8626
15253,37.7995
15254,40.8406
15255,36.3796
15256,38.6035
15257,39.8827
15258,41.6118
15259,39.7439
15260,37.5318
15261,42.5402
15262,38.5906
15263,37.6238
15264,38.9738
15265,39.5386
15266,39.585
15267,39.9441
15268,42.3807
15269,39.6193
15270,42.2486
15271,40.5444
15272,37.6726
15273,41.8316
15274,43.0552
15275,40.0847
15276,39.3568
15277,39.4602
15278,39.5193
15279,39.5313
15280,43.792
15281,35.951
15282,40.2626
15283,38.6485
15284,40.7347
15285,39.2097
15286,38.4984
15287,39.7647
15288,42.8304
15289,42.2176
15290,39.291
15291,40.4611
15292,40.8971
15293,38.0638
15294,38.0912
15295,41.9867
15296,39.2434
15297,36.6354
15298,38.255
15299,39.8904
15300,40.9767
15301,42.3354
15302,37.1737
15303,37.2229
15304,37.6389
15305,37.8255
15306,40.0272
15307,45.271
15308,36.4376
15309,40.6706
15310,39.3494
15311,39.743
15312,39.9378
15313,40.4069
15314,40.4342
15315,42.6556
15316,40.7725
15317,40.9411
15318,41.1345
15319,37.4928
15320,39.7495
15321,42.8951
15322,41.9638
15323,39.0926
15324,42.006
15325,37.1821
15326,39.0587
15327,37.1235
15328,37.1363
15329,41.2571
15330,43.2865
15331,40.1535
15332,39.4704
15333,40.5347
15334,41.0288
15335,38.1208
15336,39.2266
15337,39.535
15338,40.2798
15339,39.372
15340,39.5926
15341,41.0761
15342,40.7899
15343,37.8635
15344,39.1479
15345,34.9419
15346,41.9583
15347,38.9153
15348,42.6095
15349,39.6198
15350,38.1454
15351,39.6125
15352,38.6304
15353,41.7871
15354,43.0586
15355,41.3272
15356,39.8498
15357,38.0914
15358,42.381
15359,45.5069
15360,36.6801
15361,39.6886
15362,39.0455
15363,37.3015
15364,40.5253
15365,40.8592
15366,41.5899
15367,39.5023
15368,40.6882
15369,40.8181
15370,39.8268
15371,40.1423
15372,40.4146
15373,40.6109
15374,43.2868
15375,41.7806
15376,42.034
15377,34.34
15378,35.0514
15379,38.8179
15380,40.6583
15381,38.4474
15382,39.1437
15383,37.9661
15384,41.1141
15385,38.2959
15386,41.5796
15387,39.8052
15388,40.0193
15389,40.8665
15390,40.9744
15391,40.9946
15392,41.603
15393,43.7942
15394,43.8817
15395,39.8945
15396,41.3785
15397,41.1894
15398,38.2149
15399,38.3532
15400,39.5563
15401,38.1123
15402,42.1334
15403,43.2056
15404,39.3212
15405,41.4573
15406,43.476
15407,41.2596
15408,39.5349
15409,40.76
15410,41.5166
15411,40.5425
15412,38.2014
15413,42.0755
15414,42.1797
15415,39.7241
15416,40.8515
15417,41.6756
15418,38.7792
15419,40.4835
15420,38.8578
15421,39.9015
15422,39.9099
15423,36.9459
15424,42.9806
15425,40.0896
15426,39.5781
15427,41.1617
15428,38.1947
15429,39.4013
15430,43.5742
15431,39.5852
15432,38.8412
15433,42.0851
15434,39.2521
15435,40.0137
15436,40.3416
15437,38.4647
15438,40.7967
15439,41.3482
15440,39.8929
15441,36.295
15442,39.3569
15443,39.1989
15444,41.7263
15445,36.7572
15446,40.9761
15447,41.2355
15448,42.5857
15449,37.8922
15450,43.556
15451,40.9518
15452,35.2765
15453,39.0509
15454,38.2562
15455,36.4155
15456,39.6748
15457,40.3342
15458,40.5319
15459,42.7472
15460,39.8629
15461,38.446
15462,40.2639
15463,37.6835
15464,39.4283
15465,37.905
15466,40.3063
15467,40.9791
15468,39.1411
15469,40.0239
15470,43.6752
15471,40.8698
15472,37.931
15473,42.0404
15474,40.2977
15475,41.0055
15476,40.1433
15477,35.9814
15478,40.4299
15479,36.6231
15480,36.658
15481,39.5421
15482,37.9017
15483,37.0637
15484,37.8239
15485,40.7638
15486,40.9126
15487,40.9225
15488,39.3696
15489,41.3917
15490,40.4036
15491,41.4552
15492,38.5841
15493,40.6817
15494,40.7537
15495,41.7686
15496,39.9504
15497,42.1354
15498,40.328
15499,40.3973
15500,37.6509
15501,39.4286
15502,43.7159
15503,39.751
15504,41.8316
15505,39.0072
15506,42.3111
15507,39.3213
15508,36.4146
15509,40.4924
15510,39.1319
15511,40.5671
15512,41.9018
15513,38.9715
15514,38.0527
15515,41.3487
15516,43.3036
15517,42.8158
15518,41.0541
15519,42.6141
15520,40.8555
15521,42.1315
15522,43.018
15523,39.1293
15524,36.3342
15525,37.6319
15526,41.5988
15527,39.8479
15528,39.909
15529,43.0485
15530,37.6912
15531,40.9896
15532,37.2155
15533,42.3243
15534,39.3744
15535,40.2891
15536,44.5916
15537,39.4812
15538,39.5462
15539,39.5867
15540,37.8893
15541,35.8977
15542,42.9061
15543,37.9146
15544,38.5497
15545,43.8702
15546,39.1988
15547,43.3938
15548,40.465
15549,41.4363
15550,40.7835
15551,39.6201
15552,36.901
15553,38.4485
15554,40.4828
15555,40.7155
15556,34.9622
15557,38.0267
15558,38.1596
15559,40.6247
15560,41.4964
15561,38.8931
15562,39.9015
15563,38.1259
15564,42.2576
15565,39.2763
15566,39.5908
15567,39.8549
15568,41.9584
15569,43.1246
15570,39.3882
15571,39.4456
15572,40.9597
15573,42.0686
15574,38.2397
15575,38.6461
15576,40.814
15577,38.0463
15578,39.5622
15579,39.656
15580,46.8074
15581,40.5282
15582,40.6039
15583,39.6664
15584,41.6393
15585,42.0637
15586,36.3443
15587,40.111
15588,39.3032
15589,37.1596
15590,37.4347
15591,40.6434
15592,39.1163
15593,39.1906
15594,39.5393
15595,39.9541
15596,40.0807
15597,34.4365
15598,41.8623
15599,41.884
15600,39.6888
15601,40.5593
15602,36.7514
15603,42.5854
15604,38.8495
15605,39.0218
15606,38.182
15607,39.1904
15608,41.3787
15609,39.7137
15610,39.7926
15611,40.8728
15612,39.9126
15613,40.0996
15614,39.1787
15615,41.4171
15616,43.4934
15617,37.7366
15618,38.745
15619,37.0542
15620,41.8858
15621,36.2419
15622,38.227
15623,41.0704
15624,41.4671
15625,42.0082
15626,39.3258
15627,38.4547
15628,39.3917
15629,42.8831
15630,37.973
15631,42.6708
15632,37.8298
15633,39.4307
15634,41.8162
15635,40.547
15636,36.9932
15637,37.9706
15638,38.2188
15639,38.6248
15640,40.9088
15641,39.8507
15642,39.8839
15643,40.1406
15644,40.8044
15645,38.1922
15646,39.7371
15647,37.4169
15648,44.4856
15649,39.7479
15650,38.1823
15651,38.2514
15652,38.6304
15653,39.4497
15654,38.7787
15655,38.8284
15656,40.0797
15657,40.3517
15658,40.8691
15659,39.7817
15660,41.8184
15661,39.942
15662,39.9505
15663,40.3107
15664,41.3429
15665,37.4563
15666,36.9268
15667,37.2661
15668,39.3826
15669,42.7121
15670,39.014
15671,38.8103
15672,41.3025
15673,44.4572
15674,38.8061
15675,39.8983
15676,40.9829
15677,35.099
15678,41.3678
15679,40.6225
15680,40.6436
15681,41.3908
15682,41.5093
15683,41.5522
15684,44.1076
15685,40.0006
15686,37.9343
15687,41.7045
15688,41.7333
15689,39.2575
15690,42.0115
15691,41.6839
15692,41.2855
15693,43.3796
15694,37.8412
15695,37.9143
15696,41.9722
15697,44.1876
15698,37.6076
15699,36.8419
15700,43.5294
15701,40.5529
15702,40.607
15703,37.8615
15704,41.5533
15705,38.6367
15706,41.8507
15707,40.2186
15708,40.2696
15709,40.3797
15710,41.6817
15711,41.8712
15712,42.0156
15713,35.361
15714,42.3694
15715,38.3832
15716,37.4096
15717,42.8031
15718,39.9321
15719,38.3497
15720,40.5653
15721,38.641
15722,40.6578
15723,39.2302
15724,38.5588
15725,40.5673
15726,36.6987
15727,44.3277
15728,37.4031
15729,40.4602
15730,37.5364
15731,39.6554
15732,42.6803
15733,40.0654
15734,43.501
15735,42.8054
15736,40.2801
15737,43.3666
15738,39.8434
15739,36.0322
15740,43.0813
15741,37.6407
15742,41.1928
15743,41.2874
15744,41.524
15745,41.9629
15746,40.2228
15747,43.2848
15748,38.3168
15749,43.4877
15750,36.5406
15751,40.8199
15752,38.8305
15753,38.0845
15754,34.1398
15755,43.3366
15756,40.6151
15757,37.7172
15758,42.0904
15759,37.4542
15760,41.6188
15761,38.985
15762,40.3462
15763,42.0839
15764,42.4002
15765,39.7052
15766,38.6076
15767,41.1984
15768,41.4797
15769,39.1649
15770,41.3293
15771,37.4422
15772,42.4869
15773,41.684
15774,41.0348
15775,42.4115
15776,43.7649
15777,38.7994
15778,40.4901
15779,39.8543
15780,40.9591
15781,42.1002
15782,44.2734
15783,41.88
15784,41.9629
15785,40.9305
15786,39.0715
15787,38.2282
15788,41.0917
15789,41.5742
15790,39.3022
15791,37.9959
15792,36.465
15793,39.5366
15794,39.1064
15795,42.2878
15796,38.8135
15797,39.8289
15798,39.574
15799,42.7902
15800,43.0727
15801,38.9288
15802,42.305
15803,44.0878
15804,40.5236
15805,40.8566
15806,43.1864
15807,38.4937
15808,40.4932
15809,40.6279
15810,39.6815
15811,35.2206
15812,41.4502
15813,42.8292
15814,38.8944
15815,38.5149
15816,36.7261
15817,37.5119
15818,39.0676
15819,39.3191
15820,40.7135
15821,38.7802
15822,40.1723
15823,36.7995
15824,43.4152
15825,39.4615
15826,40.1423
15827,39.6072
15828,39.6913
15829,40.9208
15830,41.7363
15831,38.7931
15832,39.3022
15833,39.4634
15834,38.8645
15835,40.8407
15836,40.0045
15837,42.2681
15838,40.4063
15839,39.2562
15840,38.0058
15841,43.3577
15842,38.9688
15843,40.0859
15844,40.2775
15845,41.1615
15846,36.1722
15847,36.3895
15848,38.3979
15849,41.4605
15850,40.8486
15851,41.9717
15852,38.1382
15853,40.1861
15854,40.8684
15855,38.9269
15856,38.9738
15857,39.3186
15858,39.3271
15859,39.4988
15860,39.5964
15861,39.6152
15862,40.2225
15863,40.3122
15864,40.3737
15865,41.5359
15866,40.6525
15867,41.8448
15868,40.0352
15869,37.0548
15870,42.6512
15871,38.5898
15872,43.7523
15873,42.7432
15874,37.1392
15875,37.6389
15876,39.4372
15877,41.7449
15878,39.2973
15879,39.4301
15880,42.3322
15881,40.5739
15882,38.6377
15883,41.7941
15884,42.0282
15885,37.6707
15886,40.923
15887,42.0566
15888,38.281
15889,43.578
15890,40.7184
15891,40.9177
15892,38.3389
15893,38.7654
15894,40.1938
15895,40.1746
15896,41.8127
15897,40.8639
15898,41.0518
15899,36.6861
15900,36.5323
15901,37.8674
15902,36.0451
15903,39.0583
15904,41.093
15905,36.6661
15906,39.7523
15907,38.6458
15908,42.0352
15909,41.6713
15910,39.8724
15911,41.9165
15912,40.4342
15913,43.2329
15914,42.2187
15915,39.6305
15916,43.5004
15917,38.865
15918,38.0194
15919,41.3115
15920,41.9481
15921,37.6876
15922,42.3792
15923,38.5128
15924,39.4147
15925,39.872
15926,41.279
15927,36.9347
15928,39.0067
15929,43.327
15930,42.8457
15931,41.5812
15932,37.7023
15933,39.8402
15934,40.4332
15935,40.6828
15936,38.9034
15937,39.0217
15938,41.3621
15939,38.2942
15940,40.7541
15941,35.2681
15942,37.7283
15943,40.9405
15944,39.0238
15945,39.6706
15946,44.2318
15947,37.3591
15948,41.548
15949,38.5916
15950,37.6031
15951,38.7656
15952,38.4729
15953,41.8246
15954,39.1743
15955,39.2513
15956,40.2597
15957,38.4028
15958,39.482
15959,39.7963
15960,40.5624
15961,42.9969
15962,43.5735
15963,41.5896
15964,41.6065
15965,42.8242
15966,37.8815
15967,37.892
15968,38.6932
15969,38.3056
15970,44.5052
15971,39.7312
15972,39.8006
15973,38.9546
15974,40.08
15975,40.3088
15976,36.6109
15977,38.7756
15978,36.0792
15979,40.6994
15980,42.2373
15981,42.5187
15982,38.161
15983,38.7192
15984,39.2532
15985,44.8103
15986,36.2544
15987,40.6164
15988,40.9493
15989,41.5371
15990,44.6336
15991,38.9142
15992,38.0206
15993,40.1174
15994,39.5559
15995,36.8838
15996,41.8811
15997,40.3295
15998,36.91
15999,37.4506
16000,41.8245
16001,39.3317
16002,41.3851
16003,40.9886
16004,41.0139
16005,38.0509
16006,41.1078
16007,38.1834
16008,40.2064
16009,38.9351
16010,41.6056
16011,42.1833
16012,41.9238
16013,37.3676
16014,42.9096
16015,38.3562
16016,38.8445
16017,36.2628
16018,41.6789
16019,43.0565
16020,41.5595
16021,41.6528
16022,38.6978
16023,39.7842
16024,40.5194
16025,40.4687
16026,38.471
16027,38.9284
16028,40.071
16029,38.3409
16030,40.6595
16031,39.0297
16032,37.5057
16033,39.616
16034,41.8257
16035,38.5855
16036,43.0464
16037,41.8197
16038,42.8598
16039,37.6785
16040,36.9808
16041,38.7375
16042,38.9274
16043,37.1148
16044,42.4379
16045,41.6236
16046,41.7166
16047,37.8196
16048,40.1757
16049,35.4309
16050,37.5198
16051,39.5608
16052,40.3145
16053,40.6417
16054,40.7358
16055,41.7786
16056,41.8135
16057,41.8539
16058,41.9409
16059,43.0022
16060,41.2857
16061,43.3179
16062,36.8816
16063,43.3902
16064,40.198
16065,40.3727
16066,36.7081
16067,36.762
16068,34.4675
16069,38.4997
16070,40.0908
16071,43.2449
16072,39.6315
16073,40.7427
16074,40.0255
16075,41.977
16076,40.376
16077,41.1439
16078,41.6945
16079,43.7902
16080,37.8809
16081,43.1869
16082,39.4551
16083,40.6371
16084,40.0636
16085,40.6346
16086,40.1388
16087,39.4254
16088,41.8298
16089,42.1176
16090,38.7318
16091,43.2921
16092,41.0555
16093,41.2789
16094,41.7631
16095,37.7716
16096,40.9262
16097,40.9463
16098,39.1975
16099,39.647
16100,37.8963
16101,39.9421
16102,41.4099
16103,35.8298
16104,38.8906
16105,38.1521
16106,42.4329
16107,41.6992
16108,39.0445
16109,35.5156
16110,40.524
16111,37.8561
16112,40.2084
16113,40.3229
16114,41.1599
16115,39.1851
16116,39.1936
16117,39.4784
16118,37.514
16119,42.9665
16120,38.6491
16121,38.827
16122,40.8977
16123,42.9883
16124,41.122
16125,39.1831
16126,38.4938
16127,40.1894
16128,37.3182
16129,42.6718
16130,40.9908
16131,42.1891
16132,42.2308
16133,44.3037
16134,37.7293
16135,41.739
16136,42.1104
16137,43.1315
16138,42.9897
16139,39.0848
16140,37.4557
16141,38.8437
16142,37.8837
16143,37.7721
16144,40.0997
16145,37.1666
16146,40.195
16147,42.5746
16148,40.901
16149,41.0571
16150,38.6293
16151,40.8785
16152,44.1113
16153,39.5963
16154,39.6139
16155,39.6843
16156,39.0039
16157,42.3361
16158,40.9458
16159,38.0572
16160,36.0496
16161,45.1187
16162,41.1529
16163,40.2571
16164,38.7795
16165,41.1135
16166,38.4019
16167,40.6963
16168,42.283
16169,38.6785
16170,39.0299
16171,40.01
16172,41.4379
16173,40.5775
16174,41.3034
16175,40.7842
16176,41.8018
16177,39.1109
16178,37.1262
16179,41.3964
16180,42.2669
16181,38.1081
16182,38.5564
16183,38.0437
16184,39.1627
16185,39.5281
16186,42.7392
16187,37.8559
16188,40.5036
16189,40.783
16190,40.8087
16191,41.1461
16192,42.089
16193,40.1215
16194,38.4546
16195,39.7523
16196,41.6953
16197,37.07
16198,41.5777
16199,40.9161
16200,37.1313
16201,41.1751
16202,41.4285
16203,38.5679
16204,38.0833
16205,42.4494
16206,38.9189
16207,37.9273
16208,36.9357
16209,43.1079
16210,39.4477
16211,40.378
16212,39.1944
16213,41.7512
16214,40.8621
16215,40.6733
16216,42.7073
16217,38.9592
16218,41.6276
16219,41.6649
16220,42.9216
16221,41.9806
16222,37.0788
16223,42.3521
16224,38.5788
16225,39.6924
16226,40.695
16227,37.7231
16228,39.4175
16229,40.8819
16230,38.5978
16231,38.6686
16232,44.7999
16233,39.9417
16234,38.8833
16235,39.6774
16236,38.7047
16237,39.8459
16238,43.0872
16239,36.1726
16240,41.481
16241,44.6814
16242,38.8343
16243,42.1835
16244,36.5845
16245,42.7201
16246,42.6372
16247,40.8199
16248,39.2663
16249,38.2914
16250,39.6261
16251,39.6605
16252,39.7993
16253,42.3998
16254,41.7782
16255,42.7359
16256,37.802
16257,35.8426
16258,38.3747
16259,39.3831
16260,37.7293
16261,37.3619
16262,39.6125
16263,39.9359
16264,40.0441
16265,40.0562
16266,36.1635
16267,38.6464
16268,40.7935
16269,39.8168
16270,42.1959
16271,40.3001
16272,40.4307
16273,37.5964
16274,39.4278
16275,40.7294
16276,39.8361
16277,40.0347
16278,41.2074
16279,42.5015
16280,38.5248
16281,40.5461
16282,42.1221
16283,40.1692
16284,43.8614
16285,42.142
16286,38.3545
16287,40.4264
16288,38.6813
16289,36.0337
16290,37.2055
16291,39.4816
16292,42.9495
16293,40.2013
16294,41.2656
16295,40.2919
16296,40.3004
16297,38.1056
16298,38.3286
16299,42.53
16300,39.009
16301,42.3211
16302,42.4271
16303,39.6649
16304,34.694
16305,38.9048
16306,40.9132
16307,41.6183
16308,35.5561
16309,40.6439
16310,37.6294
16311,38.6381
16312,41.8159
16313,41.0302
16314,42.1487
16315,38.4073
16316,39.1121
16317,39.3505
16318,37.6848
16319,40.3152
16320,40.589
16321,41.7078
16322,40.8104
16323,38.033
16324,41.4712
16325,37.5743
16326,38.2742
16327,43.2935
16328,41.4009
16329,40.8085
16330,39.9636
16331,41.0433
16332,40.3044
16333,41.714
16334,40.9931
16335,39.359
16336,39.6146
16337,40.2574
16338,37.2864
16339,42.7091
16340,39.1746
16341,39.2777
16342,38.4916
16343,36.6475
16344,39.8461
16345,40.1273
16346,39.1519
16347,38.2328
16348,41.3177
16349,39.3261
16350,44.5662
16351,38.874
16352,39.2072
16353,40.2437
16354,40.6433
16355,38.8631
16356,40.1506
16357,37.4372
16358,36.5835
16359,40.6065
16360,41.2662
16361,41.3551
16362,42.5723
16363,43.8398
16364,40.1232
16365,39.5783
16366,38.5867
16367,39.6587
16368,43.914
16369,39.9224
16370,40.8676
16371,41.3625
16372,41.7196
16373,40.7653
16374,37.8972
16375,37.9056
16376,38.2596
16377,38.4797
16378,37.2116
16379,39.2856
16380,39.3228
16381,40.1032
16382,40.702
16383,41.194
16384,41.4558
16385,38.7336
16386,41.7681
16387,39.9127
16388,44.3552
16389,40.3122
16390,40.6713
16391,39.18
16392,40.1559
16393,42.3377
16394,40.4215
16395,40.4999
16396,41.3547
16397,38.7488
16398,42.139
16399,42.5836
16400,39.1386
16401,39.3604
16402,36.6834
16403,41.7401
16404,38.032
16405,40.1054
16406,38.4701
16407,42.968
16408,39.1243
16409,37.2333
16410,41.6261
16411,38.7771
16412,38.1255
16413,40.3073
16414,39.4512
16415,39.6555
16416,39.9814
16417,44.1118
16418,39.6128
16419,39.6212
16420,40.7147
16421,39.9324
16422,40.6613
16423,40.7828
16424,35.8343
16425,42.444
16426,42.5129
16427,38.8124
16428,37.3957
16429,40.3712
16430,39.726
16431,38.8321
16432,39.1523
16433,37.6685
16434,38.841
16435,35.4247
16436,39.6591
16437,40.0342
16438,39.3148
16439,39.3879
16440,37.517
16441,42.0687
16442,41.3626
16443,36.5432
16444,42.305
16445,41.3839
16446,38.8762
16447,41.1003
16448,38.1761
16449,39.3513
16450,40.5375
16451,38.8704
16452,46.3516
16453,39.7354
16454,38.8095
16455,39.9296
16456,38.0352
16457,38.3494
16458,36.6906
16459,40.8721
16460,41.0381
16461,41.308
16462,37.9648
16463,39.1773
16464,39.2392
16465,42.6364
16466,39.7252
16467,39.9135
16468,38.9427
16469,41.224
16470,39.4075
16471,40.6494
16472,40.7401
16473,40.5237
16474,42.5485
16475,40.7263
16476,41.8231
16477,38.0495
16478,41.0808
16479,38.2658
16480,42.5258
16481,38.7339
16482,39.8562
16483,41.1861
16484,38.1985
16485,41.9003
16486,39.2041
16487,37.4839
16488,40.7889
16489,38.9596
16490,39.136
16491,41.4654
16492,40.4867
16493,41.6487
16494,41.7431
16495,41.9167
16496,40.0689
16497,38.2472
16498,40.3022
16499,42.4225
16500,42.6687
16501,39.8341
16502,41.145
16503,41.0042
16504,40.0767
16505,38.4468
16506,39.7045
16507,42.3931
16508,39.3121
16509,36.0829
16510,36.5517
16511,37.0778
16512,41.1062
16513,38.2465
16514,43.0738
16515,40.1505
16516,38.3449
16517,41.7777
16518,38.8759
16519,41.5457
16520,40.303
16521,40.5394
16522,40.8357
16523,35.523
16524,42.0119
16525,36.1872
16526,42.3553
16527,40.1757
16528,39.4871
16529,37.9941
16530,39.2081
16531,39.2276
16532,35.8993
16533,36.1719
16534,40.2836
16535,37.8348
16536,40.2588
16537,40.5392
16538,41.7115
16539,42.1751
16540,42.2721
16541,43.0484
16542,38.5415
16543,40.9782
16544,38.3949
16545,36.8302
16546,37.1469
16547,39.1553
16548,39.8715
16549,42.0779
16550,35.1344
16551,41.7438
16552,37.3599
16553,37.4717
16554,38.676
16555,39.5674
16556,39.9615
16557,39.1663
16558,37.3324
16559,40.8985
16560,38.2745
16561,38.4338
16562,38.526
16563,38.0112
16564,41.3917
16565,38.7242
16566,40.8285
16567,38.3027
16568,42.0551
16569,41.3364
16570,37.7749
16571,37.0203
16572,43.304
16573,43.9173
16574,43.0273
16575,47.9894
16576,39.9859
16577,38.4394
16578,38.5574
16579,35.5802
16580,42.5886
16581,41.2115
16582,37.3776
16583,39.4447
16584,40.1547
16585,38.2195
16586,41.9522
16587,38.7493
16588,38.7884
16589,36.6254
16590,41.6498
16591,39.9047
16592,36.9596
16593,42.4711
16594,43.0844
16595,41.1555
16596,39.928
16597,38.5893
16598,39.8603
16599,40.9297
16600,41.2075
16601,39.3108
16602,39.5554
16603,36.2912
16604,43.8275
16605,43.1096
16606,39.8175
16607,44.1897
16608,37.3268
16609,39.8024
16610,39.8512
16611,38.9483
16612,37.0193
16613,36.2208
16614,39.3557
16615,40.6747
16616,42.5367
16617,42.5451
16618,38.7373
16619,41.2536
16620,36.5868
16621,36.2269
16622,44.2864
16623,41.7264
16624,36.9268
16625,43.9761
16626,39.3428
16627,42.6073
16628,41.6889
16629,39.6973
16630,38.0629
16631,38.8243
16632,39.1251
16633,39.8077
16634,39.8215
16635,39.9356
16636,40.041
16637,40.164
16638,40.2237
16639,40.2859
16640,40.6915
16641,41.1094
16642,42.181
16643,41.1292
16644,40.4556
16645,39.5197
16646,35.8213
16647,41.9814
16648,40.0871
16649,39.6891
16650,36.9806
16651,43.0956
16652,39.2584
16653,42.9966
16654,42.4435
16655,42.6546
16656,41.1471
16657,39.2416
16658,42.3024
16659,44.4857
16660,36.4941
16661,37.7987
16662,37.0114
16663,44.0883
16664,37.8894
16665,39.1334
16666,37.0681
16667,41.1578
16668,37.3714
16669,39.9402
16670,38.7211
16671,38.8989
16672,42.2175
16673,37.4445
16674,39.6248
16675,39.8557
16676,39.0574
16677,40.4021
16678,40.4711
16679,40.72
16680,36.1911
16681,41.3713
16682,43.6471
16683,43.898
16684,41.9993
16685,42.0078
16686,37.2552
16687,37.2919
16688,37.8423
16689,39.881
16690,43.2734
16691,38.6472
16692,41.4872
16693,39.5056
16694,39.814
16695,39.9572
16696,39.9954
16697,40.7284
16698,42.3859
16699,42.0376
16700,42.1795
16701,36.4615
16702,36.8461
16703,42.8545
16704,37.6695
16705,37.8494
16706,39.2094
16707,36.7089
16708,38.9746
16709,37.6251
16710,40.6709
16711,40.7065
16712,37.8365
16713,37.8972
16714,38.6861
16715,38.0183
16716,39.2797
16717,41.8399
16718,37.1992
16719,40.2495
16720,41.1172
16721,41.6451
16722,41.7472
16723,38.0325
16724,38.179
16725,44.2242
16726,43.2326
16727,39.3077
16728,41.4461
16729,38.15
16730,37.6934
16731,39.5027
16732,41.0824
16733,40.1986
16734,36.207
16735,37.3829
16736,36.6992
16737,43.8007
16738,41.81
16739,37.2639
16740,38.1364
16741,41.2374
16742,41.3057
16743,38.5826
16744,39.695
16745,41.8446
16746,39.0151
16747,40.0939
16748,41.3807
16749,40.4382
16750,39.5705
16751,41.9579
16752,41.0281
16753,44.1945
16754,40.6395
16755,41.8363
16756,41.058
16757,34.4018
16758,44.2959
16759,40.6432
16760,38.8727
16761,40.0074
16762,42.7715
16763,39.982
16764,41.6831
16765,39.9138
16766,39.9553
16767,41.3069
16768,42.5314
16769,41.394
16770,37.9371
16771,37.4066
16772,42.0397
16773,39.8146
16774,36.6267
16775,39.7563
16776,40.8108
16777,40.8414
16778,41.0054
16779,41.2796
16780,39.3394
16781,44.4869
16782,41.5824
16783,38.2264
16784,40.256
16785,38.3971
16786,41.5383
16787,39.2276
16788,41.3455
16789,42.9711
16790,43.0096
16791,41.1837
16792,38.2905
16793,41.3163
16794,41.5918
16795,38.6429
16796,44.1063
16797,41.1747
16798,36.7527
16799,43.0071
16800,41.1352
16801,38.411
16802,42.8174
16803,39.7116
16804,42.0264
16805,43.0348
16806,43.1413
16807,40.6308
16808,41.0724
16809,38.3863
16810,44.7859
16811,42.2184
16812,43.3654
16813,44.4362
16814,41.9364
16815,39.4662
16816,37.1633
16817,39.7686
16818,36.9393
16819,38.0122
16820,40.183
16821,39.1586
16822,39.1788
16823,38.2079
16824,32.2479
16825,38.8898
16826,37.7959
16827,37.6117
16828,40.6751
16829,38.7882
16830,37.8303
16831,39.5055
16832,35.8796
16833,39.3092
16834,40.3738
16835,40.6304
16836,39.66
16837,40.6684
16838,37.7264
16839,40.9588
16840,40.3576
16841,43.4679
16842,41.4879
16843,40.3347
16844,40.5724
16845,37.6528
16846,41.7095
16847,35.6969
16848,41.0086
16849,41.1419
16850,40.852
16851,39.3498
16852,39.643
16853,42.8541
16854,42.6862
16855,38.3166
16856,41.737
16857,36.5457
16858,40.8422
16859,37.9885
16860,39.6298
16861,41.7323
16862,43.1963
16863,40.5287
16864,36.6089
16865,40.9116
16866,39.1253
16867,43.515
16868,38.2337
16869,39.6952
16870,37.1253
16871,40.2511
16872,40.6172
16873,38.684
16874,42.7903
16875,41.4887
16876,40.9771
16877,38.6556
16878,40.9268
16879,41.1631
16880,39.3426
16881,40.4517
16882,39.684
16883,40.1724
16884,38.564
16885,36.9492
16886,39.4311
16887,37.0666
16888,40.7268
16889,40.7352
16890,36.7713
16891,43.0375
16892,41.3026
16893,41.1834
16894,39.5834
16895,40.0203
16896,40.1138
16897,40.7349
16898,36.9751
16899,41.6072
16900,39.8028
16901,36.8112
16902,37.6575
16903,39.1154
16904,41.2883
16905,38.2968
16906,39.4457
16907,40.0344
16908,38.6286
16909,39.7118
16910,39.9807
16911,40.4758
16912,40.0731
16913,38.8783
16914,42.1599
16915,43.2331
16916,40.5511
16917,37.5202
16918,33.2856
16919,37.3104
16920,36.5681
16921,37.7652
16922,41.0528
16923,38.5763
16924,37.9274
16925,38.6017
16926,37.1443
16927,39.3458
16928,41.5145
16929,38.1054
16930,38.6725
16931,41.3695
16932,41.5473
16933,39.6635
16934,40.37
16935,37.5627
16936,42.6722
16937,38.9281
16938,40.0005
16939,39.0193
16940,40.4508
16941,40.8233
16942,36.6592
16943,37.9732
16944,42.0383
16945,43.0851
16946,39.8986
16947,38.2313
16948,39.0036
16949,39.7507
16950,37.8626
16951,39.2559
16952,39.2665
16953,44.5114
16954,40.5985
16955,41.7516
16956,43.6783
16957,38.9624
16958,39.1301
16959,38.3209
16960,39.5876
16961,39.6742
16962,37.7656
16963,43.1549
16964,40.5329
16965,42.6306
16966,40.7701
16967,39.4812
16968,35.9054
16969,39.2119
16970,36.0541
16971,38.5057
16972,41.5919
16973,43.9538
16974,44.2144
16975,38.9945
16976,39.0406
16977,39.1825
16978,37.6049
16979,35.7204
16980,39.8764
16981,38.2516
16982,40.3551
16983,40.7393
16984,41.8087
16985,40.8761
16986,41.0773
16987,43.3383
16988,40.6606
16989,41.7139
16990,39.9066
16991,39.9453
16992,43.5012
16993,38.9779
16994,41.2326
16995,43.9707
16996,42.4729
16997,38.6419
16998,39.8299
16999,39.9303
17000,41.965
17001,40.3633
17002,42.7801
17003,42.0267
17004,36.6109
17005,43.626
17006,37.7269
17007,43.8738
17008,37.4554
17009,38.7015
17010,39.8095
17011,39.3385
17012,37.3604
17013,40.3717
17014,43.5756
17015,41.256
17016,41.5685
17017,41.6847
17018,40.3923
17019,40.6601
17020,41.2486
17021,38.4646
17022,39.6065
17023,39.7506
17024,38.9082
17025,39.1379
17026,39.001
17027,42.0943
17028,40.2892
17029,41.6708
17030,41.8053
17031,40.9767
17032,38.0816
17033,39.6467
17034,43.8373
17035,40.0953
17036,40.1872
17037,35.7757
17038,41.9253
17039,40.0686
17040,41.321
17041,40.6803
17042,35.8682
17043,41.9298
17044,37.9339
17045,38.3991
17046,37.5309
17047,43.8303
17048,39.5104
17049,41.669
17050,40.9508
17051,39.6814
17052,40.1847
17053,40.3485
17054,40.4637
17055,37.8079
17056,42.0299
17057,42.1171
17058,35.1499
17059,41.3458
17060,39.3931
17061,40.6309
17062,38.7804
17063,39.6817
17064,40.6339
17065,40.6656
17066,37.8151
17067,41.4726
17068,41.314
17069,42.9439
17070,41.1063
17071,35.5287
17072,35.1484
17073,43.9394
17074,43.0159
17075,37.1482
17076,44.2679
17077,37.0904
17078,42.5892
17079,36.9303
17080,39.9996
17081,40.0779
17082,36.184
17083,39.2719
17084,38.3777
17085,38.5592
17086,38.8534
17087,38.5656
17088,40.4277
17089,40.5245
17090,40.8458
17091,41.6271
17092,42.756
17093,36.9571
17094,42.1846
17095,40.1982
17096,38.6673
17097,39.8803
17098,38.979
17099,40.294
17100,37.3376
17101,38.5528
17102,38.7866
17103,39.8516
17104,39.3643
17105,39.8075
17106,41.9067
17107,42.0315
17108,40.7541
17109,42.821
17110,41.0894
17111,43.7243
17112,43.0423
17113,40.8817
17114,37.9378
17115,36.7204
17116,43.7629
17117,36.4139
17118,38.3713
17119,37.7084
17120,40.2527
17121,39.2715
17122,42.1616
17123,40.6113
17124,38.558
17125,38.7795
17126,40.3724
17127,40.3429
17128,38.5625
17129,41.0835
17130,42.4198
17131,40.9141
17132,41.4954
17133,37.9196
17134,38.2681
17135,41.3264
17136,39.5677
17137,41.8484
17138,40.9853
17139,38.0664
17140,37.8848
17141,38.7558
17142,42.9238
17143,39.591
17144,39.5043
17145,41.9835
17146,39.3468
17147,34.7982
17148,39.7766
17149,36.7513
17150,38.4666
17151,38.9114
17152,41.1371
17153,37.1459
17154,40.0586
17155,39.6793
17156,41.6877
17157,39.5964
17158,39.6319
17159,41.5009
17160,42.4139
17161,42.747
17162,35.3241
17163,42.3325
17164,41.4391
17165,42.8127
17166,37.8533
17167,38.6592
17168,38.1398
17169,36.4865
17170,42.034
17171,42.1076
17172,39.7926
17173,41.297
17174,39.5208
17175,41.7493
17176,40.8732
17177,44.2207
17178,42.8118
17179,38.9954
17180,42.3147
17181,37.8935
17182,38.1575
17183,38.1659
17184,38.2399
17185,41.4076
17186,42.3736
17187,40.6544
17188,40.7352
17189,40.7437
17190,41.2553
17191,39.8073
17192,37.6792
17193,35.195
17194,42.5252
17195,38.152
17196,39.5203
17197,38.1253
17198,40.3792
17199,40.3876
17200,41.5103
17201,37.895
17202,38.0441
17203,39.0978
17204,36.8847
17205,38.5931
17206,41.3637
17207,42.6805
17208,40.728
17209,39.8364
17210,39.5172
17211,40.5672
17212,39.7149
17213,41.1517
17214,41.7531
17215,43.1481
17216,45.1565
17217,40.2956
17218,44.6849
17219,40.7765
17220,41.0596
17221,39.4313
17222,38.6865
17223,41.0191
17224,39.6574
17225,40.089
17226,40.2702
17227,41.1798
17228,40.6945
17229,35.7541
17230,41.8394
17231,40.6276
17232,38.6381
17233,42.8003
17234,37.9596
17235,40.9727
17236,38.1752
17237,39.6698
17238,40.0432
17239,39.0871
17240,39.2755
17241,37.3004
17242,40.8717
17243,40.0735
17244,41.2687
17245,37.4074
17246,43.8158
17247,42.1461
17248,42.1976
17249,40.8032
17250,38.8637
17251,41.9255
17252,43.2928
17253,41.7734
17254,37.8753
17255,40.1071
17256,40.0345
17257,39.4827
17258,43.3798
17259,38.1675
17260,42.5544
17261,40.467
17262,39.5517
17263,38.0739
17264,40.2768
17265,40.7673
17266,41.4107
17267,40.8745
17268,38.0147
17269,35.5672
17270,42.8611
17271,38.8727
17272,39.0201
17273,41.3873
17274,39.0148
17275,41.3155
17276,39.3149
17277,42.336
17278,41.4239
17279,42.4811
17280,38.5066
17281,39.2294
17282,39.3965
17283,39.5249
17284,36.9664
17285,41.2666
17286,41.6009
17287,41.7479
17288,41.8304
17289,41.0016
17290,37.2006
17291,40.709
17292,38.2348
17293,38.8207
17294,40.5169
17295,42.0072
17296,40.211
17297,36.7975
17298,39.386
17299,41.9203
17300,42.7985
17301,39.3749
17302,38.3833
17303,36.5162
17304,40.2707
17305,39.9826
17306,40.2572
17307,37.3302
17308,37.607
17309,37.6391
17310,41.9687
17311,38.9276
17312,41.4176
17313,41.6099
17314,37.2149
17315,43.3731
17316,41.4703
17317,40.7589
17318,38.3713
17319,43.6878
17320,39.7837
17321,39.3508
17322,40.1151
17323,38.2583
17324,37.4256
17325,35.5637
17326,36.0632
17327,41.0729
17328,42.181
17329,41.5539
17330,39.9171
17331,42.0311
17332,41.5243
17333,38.6405
17334,39.9579
17335,39.4244
17336,35.6317
17337,39.7402
17338,37.9696
17339,40.9833
17340,42.0907
17341,40.3839
17342,43.6831
17343,38.7768
17344,39.2081
17345,42.2675
17346,39.5274
17347,40.0268
17348,36.147
17349,39.5847
17350,39.1809
17351,41.9936
17352,37.2019
17353,38.3129
17354,37.4762
17355,39.1131
17356,42.3779
17357,38.6058
17358,42.6414
17359,41.9194
17360,40.2089
17361,44.9628
17362,44.0189
17363,40.0796
17364,40.2926
17365,37.3047
17366,38.6959
17367,41.7696
17368,42.2917
17369,39.5633
17370,40.9534
17371,42.5522
17372,37.097
17373,39.695
17374,42.1711
17375,37.7169
17376,42.1622
17377,38.6558
17378,38.4545
17379,39.3793
17380,37.4255
17381,44.4024
17382,41.997
17383,44.0365
17384,41.1079
17385,40.8978
17386,41.9838
17387,41.9365
17388,41.307
17389,42.4687
17390,37.4288
17391,42.3238
17392,38.5027
17393,36.3152
17394,39.4495
17395,36.5777
17396,40.3719
17397,41.2208
17398,39.4307
17399,39.602
17400,40.6599
17401,41.8893
17402,39.3657
17403,40.4899
17404,35.7803
17405,38.8789
17406,42.5613
17407,38.6267
17408,41.9332
17409,42.0338
17410,42.3679
17411,38.8081
17412,41.5463
17413,36.5632
17414,37.751
17415,40.43
17416,43.9172
17417,39.5953
17418,42.784
17419,41.3691
17420,37.9803
17421,38.9292
17422,40.0355
17423,37.3982
17424,40.8647
17425,39.0123
17426,37.5434
17427,38.6087
17428,43.1803
17429,39.2891
17430,39.7961
17431,42.9096
17432,38.048
17433,38.2042
17434,44.3059
17435,41.5422
17436,37.8798
17437,40.707
17438,40.0454
17439,43.0887
17440,39.4023
17441,41.696
17442,40.2681
17443,43.3427
17444,40.823
17445,41.611
17446,39.954
17447,38.5258
17448,40.7867
17449,41.0917
17450,39.5041
17451,39.0868
17452,38.2824
17453,41.0428
17454,37.3148
17455,39.6509
17456,39.7958
17457,37.4115
17458,38.8411
17459,38.0814
17460,39.2881
17461,40.5017
17462,43.7844
17463,38.6259
17464,38.4413
17465,44.5321
17466,36.5503
17467,39.3738
17468,39.6089
17469,40.7893
17470,42.8348
17471,39.7656
17472,41.1432
17473,41.7238
17474,39.1377
17475,43.6055
17476,39.7409
17477,41.0296
17478,39.1453
17479,40.6124
17480,37.0531
17481,41.9127
17482,38.0337
17483,42.0421
17484,36.8701
17485,38.9316
17486,39.9455
17487,40.457
17488,39.484
17489,39.6035
17490,41.6475
17491,38.1473
17492,38.6177
17493,38.9438
17494,41.369
17495,41.4667
17496,39.52
17497,42.1668
17498,38.4215
17499,41.9933
17500,42.2491
17501,37.7452
17502,38.3663
17503,40.4895
17504,38.8451
17505,39.2793
17506,36.4628
17507,39.5107
17508,40.1775
17509,43.2591
17510,40.9476
17511,41.6855
17512,42.7225
17513,40.5187
17514,40.8853
17515,44.0242
17516,37.6688
17517,42.769
17518,38.0347
17519,42.2304
17520,39.8405
17521,41.96
17522,37.5311
17523,41.526
17524,38.9206
17525,38.5741
17526,36.8018
17527,39.231
17528,35.6978
17529,40.8146
17530,38.0162
17531,37.4331
17532,38.1293
17533,42.183
17534,41.231
17535,37.9703
17536,38.7948
17537,39.906
17538,43.3052
17539,40.1338
17540,39.3992
17541,39.4778
17542,38.5707
17543,39.8573
17544,41.5704
17545,40.7499
17546,40.9975
17547,38.012
17548,38.5663
17549,42.0572
17550,37.4358
17551,43.3516
17552,38.6367
17553,40.9079
17554,36.9816
17555,41.2667
17556,41.4934
17557,40.5391
17558,40.6062
17559,40.269
17560,39.5222
17561,40.6591
17562,41.381
17563,39.3899
17564,41.5095
17565,35.8473
17566,39.6626
17567,41.9117
17568,40.8447
17569,43.2753
17570,42.432
17571,43.3244
17572,40.45
17573,43.55
17574,42.318
17575,38.832
17576,39.5468
17577,38.4345
17578,39.5708
17579,37.5875
17580,41.6122
17581,39.9386
17582,37.5732
17583,42.3183
17584,37.654
17585,40.2599
17586,38.6481
17587,36.7735
17588,37.5934
17589,41.941
17590,40.187
17591,40.9777
17592,39.4383
17593,41.9031
17594,39.6197
17595,40.6897
17596,39.0112
17597,41.0566
17598,43.7513
17599,39.807
17600,42.8776
17601,40.9634
17602,42.6831
17603,39.9282
17604,42.1192
17605,42.1277
17606,38.154
17607,43.1726
17608,38.2178
17609,37.3905
17610,37.5773
17611,37.8593
17612,42.1704
17613,39.8646
17614,43.2256
17615,36.5428
17616,40.7975
17617,44.81
17618,37.9785
17619,38.987
17620,39.8247
17621,39.981
17622,41.4202
17623,41.6171
17624,42.2705
17625,42.4741
17626,41.4903
17627,41.783
17628,41.8737
17629,38.5219
17630,43.7119
17631,40.8767
17632,39.1306
17633,40.9459
17634,38.0202
17635,42.1713
17636,42.1806
17637,36.4233
17638,35.6885
17639,37.4178
17640,40.5013
17641,40.1193
17642,37.6137
17643,38.106
17644,40.4542
17645,41.551
17646,38.792
17647,41.9395
17648,41.4638
17649,40.5281
17650,39.4504
17651,40.6524
17652,40.7355
17653,39.662
17654,40.5873
17655,41.1896
17656,40.6328
17657,43.8205
17658,35.8499
17659,38.0521
17660,36.3417
17661,37.7531
17662,39.4058
17663,43.7687
17664,39.8345
17665,38.7016
17666,37.345
17667,39.5582
17668,37.5785
17669,42.6815
17670,37.9433
17671,37.7937
17672,42.1839
17673,40.5378
17674,39.7835
17675,41.4397
17676,39.7525
17677,41.4802
17678,38.544
17679,40.6271
17680,37.8931
17681,41.6302
17682,40.1632
17683,40.2215
17684,39.9702
17685,37.1416
17686,38.6371
17687,41.6938
17688,38.102
17689,41.283
17690,41.7101
17691,40.0456
17692,38.0747
17693,39.3503
17694,37.5314
17695,39.3411
17696,39.1484
17697,43.1334
17698,39.4227
17699,40.9013
17700,40.1218
17701,38.8673
17702,40.9336
17703,38.942
17704,39.0038
17705,38.6931
17706,40.4053
17707,40.7722
17708,42.7826
17709,39.2656
17710,40.7339
17711,42.8141
17712,41.327
17713,35.6038
17714,39.4962
17715,43.5265
17716,36.6991
17717,37.0453
17718,38.5634
17719,36.9214
17720,36.4272
17721,41.4973
17722,38.7314
17723,41.9919
17724,42.0148
17725,38.3544
17726,40.6631
17727,39.8304
17728,38.5426
17729,39.6352
17730,40.6436
17731,37.9402
17732,41.285
17733,36.3013
17734,40.7027
17735,42.4653
17736,38.6806
17737,39.2275
17738,40.6316
17739,36.6186
17740,36.4109
17741,43.3743
17742,37.1908
17743,36.4909
17744,38.765
17745,40.8007
17746,38.9018
17747,39.4781
17748,38.7531
17749,42.2465
17750,41.2743
17751,40.5646
17752,41.1377
17753,41.1936
17754,40.4899
17755,41.6337
17756,39.6936
17757,37.0819
17758,39.4657
17759,42.3167
17760,41.5387
17761,39.7422
17762,43.2824
17763,40.4756
17764,38.9563
17765,46.0763
17766,40.1591
17767,42.5341
17768,41.6585
17769,44.018
17770,38.3628
17771,39.3827
17772,38.6002
17773,40.0899
17774,38.4825
17775,39.1178
17776,43.8115
17777,44.0328
17778,41.4016
17779,40.0751
17780,38.6341
17781,39.7531
17782,39.9127
17783,40.0789
17784,41.6436
17785,44.6744
17786,42.4318
17787,39.296
17788,39.0703
17789,40.0917
17790,38.9916
17791,38.6272
17792,43.6215
17793,38.6018
17794,40.6701
17795,40.8382
17796,39.8466
17797,40.869
17798,40.7523
17799,37.7638
17800,38.4058
17801,38.8897
17802,39.0454
17803,39.2434
17804,41.5466
17805,40.7031
17806,38.8976
17807,39.948
17808,41.9656
17809,38.2205
17810,40.3045
17811,41.3154
17812,41.7951
17813,40.9421
17814,41.0221
17815,42.0966
17816,39.2623
17817,37.9778
17818,43.7008
17819,37.7573
17820,41.9369
17821,36.7331
17822,40.2943
17823,38.0892
17824,37.4239
17825,40.5116
17826,37.7146
17827,39.0135
17828,41.6281
17829,38.8601
17830,40.5848
17831,40.1153
17832,37.2241
17833,40.413
17834,38.4215
17835,38.5512
17836,39.0163
17837,42.0556
17838,41.2624
17839,43.2318
17840,38.9716
17841,39.021
17842,40.3971
17843,43.1895
17844,44.1228
17845,42.2924
17846,39.4527
17847,40.9893
17848,40.3444
17849,42.3528
17850,37.4319
17851,39.3135
17852,42.6762
17853,39.1611
17854,39.3912
17855,37.56
17856,39.9443
17857,39.1824
17858,39.818
17859,38.9428
17860,41.6904
17861,39.0331
17862,39.2988
17863,42.2899
17864,41.665
17865,42.949
17866,36.5949
17867,40.9087
17868,38.1463
17869,40.2233
17870,34.4776
17871,43.1103
17872,39.9199
17873,39.932
17874,36.3775
17875,39.8724
17876,37.0034
17877,39.4933
17878,38.5018
17879,40.5412
17880,38.5787
17881,37.8493
17882,40.0201
17883,38.3375
17884,41.393
17885,40.6737
17886,37.8592
17887,37.1023
17888,39.111
17889,38.1195
17890,35.4104
17891,40.413
17892,40.15
17893,37.2152
17894,38.6362
17895,42.7087
17896,42.9179
17897,39.9386
17898,41.2204
17899,38.2415
17900,39.8891
17901,40.17
17902,42.2627
17903,38.0107
17904,40.0191
17905,40.6721
17906,42.7725
17907,41.0089
17908,41.0173
17909,37.2413
17910,37.5588
17911,44.1883
17912,43.2776
17913,35.963
17914,38.9819
17915,43.4212
17916,38.7357
17917,38.9849
17918,40.1553
17919,39.5803
17920,38.0524
17921,39.1178
17922,38.0123
17923,39.5377
17924,41.6839
17925,39.9834
17926,36.8374
17927,39.0684
17928,39.1706
17929,40.0754
17930,40.5594
17931,40.8387
17932,39.1356
17933,39.7396
17934,41.8665
17935,37.2147
17936,40.2829
17937,40.7113
17938,35.9622
17939,41.2113
17940,37.5296
17941,35.305
17942,38.3199
17943,37.8858
17944,37.986
17945,38.144
17946,40.446
17947,36.8584
17948,39.8751
17949,38.3449
17950,39.972
17951,38.5346
17952,39.432
17953,41.4952
17954,42.3892
17955,39.1553
17956,41.3956
17957,42.6047
17958,42.9501
17959,41.7119
17960,39.8991
17961,41.3652
17962,41.8311
17963,40.5891
17964,41.3775
17965,40.7325
17966,38.4417
17967,47.0815
17968,45.2697
17969,45.6768
17970,41.6852
17971,41.1346
17972,38.576
17973,37.9982
17974,35.6234
17975,39.6142
17976,41.1706
17977,40.2741
17978,42.7494
17979,41.1362
17980,38.4179
17981,43.4318
17982,40.3293
17983,41.6241
17984,39.0533
17985,38.1831
17986,42.6195
17987,42.4627
17988,38.0388
17989,39.3496
17990,40.8943
17991,37.4794
17992,39.2886
17993,39.5634
17994,39.1548
17995,40.7212
17996,40.789
17997,38.6901
17998,42.2446
17999,36.9227
18000,40.8099
18001,42.2041
18002,41.85
18003,39.7603
18004,40.168
18005,43.6982
18006,39.2908
18007,38.7277
18008,39.9872
18009,40.7642
18010,39.482
18011,37.6056
18012,39.8259
18013,41.875
18014,38.7642
18015,39.9137
18016,38.451
18017,40.8334
18018,39.4681
18019,39.6553
18020,39.8174
18021,37.1383
18022,41.4403
18023,41.4963
18024,37.8842
18025,37.0051
18026,38.6961
18027,38.4986
18028,38.3783
18029,38.5417
18030,38.6891
18031,40.0718
18032,39.5909
18033,42.6328
18034,40.5143
18035,42.5653
18036,41.7364
18037,39.9787
18038,40.1232
18039,39.9595
18040,41.1582
18041,39.6408
18042,36.5822
18043,39.3362
18044,40.2928
18045,41.3627
18046,42.9053
18047,41.256
18048,42.84
18049,43.7263
18050,44.9213
18051,42.048
18052,40.5059
18053,40.8644
18054,41.3459
18055,41.5541
18056,40.3895
18057,41.5237
18058,41.8165
18059,40.2179
18060,40.705
18061,38.5899
18062,40.2763
18063,41.4498
18064,36.8244
18065,39.0959
18066,38.2576
18067,39.2947
18068,40.8527
18069,43.9039
18070,39.8882
18071,36.0787
18072,36.7628
18073,38.6375
18074,36.7401
18075,39.0906
18076,39.2829
18077,39.6936
18078,39.3
18079,42.253
18080,41.0566
18081,36.5073
18082,38.8913
18083,40.9318
18084,37.0689
18085,38.9205
18086,41.1585
18087,39.3231
18088,41.11
18089,40.3132
18090,36.866
18091,38.8744
18092,40.2035
18093,38.2815
18094,38.7566
18095,38.8195
18096,38.2613
18097,43.5313
18098,38.5777
18099,42.959
18100,39.3588
18101,42.4275
18102,38.5334
18103,40.693
18104,40.5948
18105,39.7224
18106,40.9681
18107,36.611
18108,40.6506
18109,41.0431
18110,39.4214
18111,39.4298
18112,37.6625
18113,40.1356
18114,38.5922
18115,38.7219
18116,37.153
18117,39.3816
18118,39.7581
18119,43.0848
18120,38.179
18121,39.2766
18122,41.1828
18123,41.8109
18124,42.7067
18125,37.3074
18126,38.3009
18127,37.5072
18128,43.6023
18129,39.263
18130,39.6065
18131,37.8444
18132,40.0578
18133,38.8119
18134,39.0369
18135,39.3756
18136,37.5721
18137,37.764
18138,38.0966
18139,38.6143
18140,38.9373
18141,39.2152
18142,39.8346
18143,36.9661
18144,40.1851
18145,43.5435
18146,43.5584
18147,41.5433
18148,38.7472
18149,39.0174
18150,40.6632
18151,42.6717
18152,39.7589
18153,37.0337
18154,40.055
18155,41.179
18156,45.3226
18157,37.4179
18158,41.9651
18159,40.872
18160,42.5505
18161,40.7447
18162,39.3726
18163,38.4172
18164,38.1442
18165,38.1525
18166,38.0132
18167,39.1833
18168,42.4951
18169,41.7766
18170,39.5265
18171,39.7908
18172,41.8093
18173,40.0382
18174,44.1176
18175,41.8079
18176,41.9421
18177,41.7235
18178,37.7726
18179,38.1617
18180,44.4837
18181,39.8858
18182,40.3059
18183,43.8633
18184,42.5016
18185,39.7131
18186,39.5954
18187,38.3987
18188,38.9017
18189,38.8067
18190,37.8449
18191,39.4146
18192,41.5092
18193,36.1741
18194,41.4342
18195,40.524
18196,38.4304
18197,39.4439
18198,39.6825
18199,39.8506
18200,41.0169
18201,39.3808
18202,39.4628
18203,40.9393
18204,39.0234
18205,44.5041
18206,39.5176
18207,41.5417
18208,40.5659
18209,41.7193
18210,43.9837
18211,38.1369
18212,38.7963
18213,45.2303
18214,40.5636
18215,36.8146
18216,39.5199
18217,37.7766
18218,39.7515
18219,39.3893
18220,40.7199
18221,39.055
18222,43.1321
18223,38.1815
18224,38.3163
18225,40.5023
18226,38.9284
18227,39.6774
18228,43.198
18229,42.1091
18230,40.7516
18231,37.7753
18232,39.855
18233,40.1588
18234,40.6888
18235,41.8392
18236,40.2011
18237,42.4109
18238,42.6146
18239,41.0226
18240,41.7337
18241,40.3271
18242,42.48
18243,41.0731
18244,40.2804
18245,40.3017
18246,40.5792
18247,39.7091
18248,37.0929
18249,42.1914
18250,38.7374
18251,37.9969
18252,42.6401
18253,44.0422
18254,40.6347
18255,40.9226
18256,41.1126
18257,42.0797
18258,39.1079
18259,42.6881
18260,37.2085
18261,42.4681
18262,38.9225
18263,40.4661
18264,40.8122
18265,42.7522
18266,40.7276
18267,38.679
18268,38.9543
18269,42.1083
18270,39.0575
18271,37.1762
18272,37.9677
18273,41.5149
18274,41.1108
18275,37.1406
18276,42.2962
18277,42.3448
18278,39.5661
18279,40.1061
18280,38.5235
18281,40.5319
18282,40.769
18283,41.0197
18284,39.0879
18285,44.2622
18286,39.6164
18287,37.1437
18288,40.1651
18289,37.752
18290,42.0681
18291,40.1715
18292,41.6802
18293,41.7496
18294,41.7748
18295,42.4097
18296,40.4859
18297,42.496
18298,39.4323
18299,40.2732
18300,38.6879
18301,40.0295
18302,43.3656
18303,41.5636
18304,38.9252
18305,40.0536
18306,39.206
18307,36.3319
18308,40.8383
18309,38.5227
18310,42.8079
18311,40.9445
18312,43.262
18313,40.6516
18314,40.0818
18315,39.3613
18316,37.3704
18317,40.7134
18318,40.8663
18319,36.5476
18320,39.1519
18321,38.5115
18322,39.6489
18323,40.7605
18324,40.8004
18325,40.9972
18326,40.5331
18327,40.4154
18328,38.1381
18329,38.47
18330,39.7809
18331,41.4286
18332,39.6367
18333,40.7669
18334,40.0181
18335,40.329
18336,42.0798
18337,41.0889
18338,40.1182
18339,41.2898
18340,42.26
18341,42.5604
18342,39.8957
18343,40.5516
18344,37.6752
18345,37.9713
18346,41.1944
18347,36.7583
18348,40.1376
18349,40.9683
18350,39.5808
18351,39.403
18352,41.1213
18353,41.2564
18354,39.4305
18355,41.596
18356,42.6343
18357,42.7894
18358,43.6582
18359,39.9772
18360,37.3687
18361,41.7622
18362,39.7749
18363,36.8042
18364,40.1976
18365,44.3818
18366,40.4622
18367,39.4206
18368,41.5271
18369,38.7126
18370,43.7858
18371,44.2562
18372,44.9158
18373,42.1594
18374,39.5108
18375,41.9493
18376,35.554
18377,39.6145
18378,40.0268
18379,41.9701
18380,42.1986
18381,39.8273
18382,38.3999
18383,40.432
18384,41.4231
18385,45.6582
18386,36.4381
18387,41.1646
18388,37.6543
18389,38.1419
18390,42.1705
18391,38.5445
18392,38.8789
18393,36.8941
18394,39.0882
18395,39.3717
18396,39.6443
18397,39.6527
18398,42.0188
18399,39.0435
18400,44.3943
18401,39.966
18402,41.0486
18403,41.4191
18404,40.8223
18405,37.8308
18406,42.1063
18407,39.4919
18408,39.8832
18409,42.4428
18410,44.6317
18411,44.0569
18412,37.7042
18413,38.8177
18414,37.8949
18415,37.0006
18416,40.6197
18417,39.0633
18418,42.3212
18419,37.4138
18420,42.9433
18421,38.6641
18422,40.6999
18423,38.1152
18424,39.2305
18425,42.541
18426,41.0657
18427,37.7394
18428,41.7552
18429,38.9968
18430,42.4889
18431,39.2826
18432,39.0059
18433,41.1747
18434,41.7315
18435,44.2514
18436,39.474
18437,39.01
18438,39.5939
18439,41.5387
18440,37.8922
18441,40.5905
18442,43.7366
18443,41.3756
18444,41.5624
18445,35.8516
18446,38.9617
18447,40.9767
18448,40.9852
18449,37.9936
18450,39.0906
18451,40.405
18452,38.7286
18453,41.3729
18454,41.7808
18455,40.8133
18456,42.2355
18457,42.4014
18458,40.4744
18459,39.5042
18460,39.7084
18461,44.377
18462,41.0337
18463,36.5211
18464,39.0871
18465,40.463
18466,38.109
18467,37.5152
18468,40.0956
18469,39.8917
18470,37.9355
18471,40.9528
18472,36.9857
18473,44.0402
18474,40.1121
18475,37.1419
18476,38.3954
18477,40.4705
18478,41.5521
18479,38.7199
18480,42.9511
18481,41.3012
18482,41.4529
18483,38.4852
18484,41.0437
18485,41.1985
18486,41.52
18487,40.4637
18488,36.4895
18489,37.6062
18490,41.6262
18491,42.6551
18492,38.865
18493,42.2474
18494,33.0324
18495,41.7757
18496,41.3665
18497,38.4794
18498,37.3173
18499,40.9335
18500,40.4291
18501,40.7898
18502,38.0456
18503,41.4898
18504,40.7886
18505,40.7005
18506,40.1801
18507,43.5151
18508,39.7285
18509,39.2069
18510,42.0901
18511,38.5592
18512,40.6057
18513,42.0638
18514,41.3642
18515,37.6452
18516,42.019
18517,39.5021
18518,43.0945
18519,42.106
18520,39.8415
18521,40.8625
18522,36.1057
18523,37.7277
18524,40.645
18525,39.18
18526,38.4198
18527,37.469
18528,41.6153
18529,38.8147
18530,38.0835
18531,39.3984
18532,39.6851
18533,39.8274
18534,40.212
18535,40.3265
18536,38.5595
18537,40.8395
18538,39.5336
18539,37.8949
18540,37.2324
18541,37.6343
18542,42.7838
18543,40.0049
18544,42.7915
18545,40.0432
18546,36.3771
18547,41.4569
18548,45.5332
18549,41.6812
18550,34.949
18551,41.1813
18552,41.7068
18553,41.6083
18554,38.6175
18555,42.6741
18556,38.9423
18557,37.7993
18558,40.6756
18559,44.4931
18560,36.6305
18561,37.9392
18562,38.0042
18563,44.7744
18564,40.0422
18565,39.6534
18566,42.5653
18567,43.0622
18568,42.1373
18569,38.2954
18570,38.6298
18571,40.8538
18572,39.9117
18573,40.0127
18574,42.6414
18575,38.46
18576,40.6452
18577,36.7391
18578,37.2536
18579,42.9362
18580,39.4322
18581,37.4784
18582,41.5332
18583,38.2006
18584,38.8446
18585,40.0502
18586,39.3813
18587,39.7525
18588,40.7944
18589,39.3264
18590,38.2512
18591,37.3097
18592,41.605
18593,41.6418
18594,38.2866
18595,39.3759
18596,38.556
18597,41.586
18598,39.2151
18599,41.4651
18600,40.964
18601,37.2864
18602,37.3491
18603,37.0594
18604,43.8416
18605,42.8343
18606,36.592
18607,41.4141
18608,43.6429
18609,39.7168
18610,40.4316
18611,40.1465
18612,41.5471
18613,40.7343
18614,40.2791
18615,39.533
18616,40.6399
18617,38.9647
18618,38.3365
18619,41.5277
18620,40.6166
18621,38.5176
18622,39.1819
18623,40.1257
18624,40.5884
18625,39.3924
18626,41.292
18627,41.1006
18628,40.1192
18629,41.2985
18630,37.095
18631,40.331
18632,38.1595
18633,39.3119
18634,40.7795
18635,39.6439
18636,39.7212
18637,41.1072
18638,40.3613
18639,40.748
18640,38.1575
18641,40.2676
18642,39.5015
18643,40.6716
18644,36.0896
18645,40.9154
18646,39.72
18647,40.118
18648,36.6043
18649,40.7247
18650,41.3456
18651,38.0073
18652,41.2109
18653,41.4115
18654,40.2406
18655,42.9028
18656,41.5402
18657,42.215
18658,43.2249
18659,38.652
18660,38.1774
18661,38.3984
18662,38.4083
18663,40.459
18664,40.6156
18665,36.2641
18666,41.3283
18667,39.6001
18668,39.6085
18669,41.9018
18670,38.9887
18671,41.6535
18672,38.8731
18673,38.9223
18674,41.9738
18675,41.1834
18676,38.2189
18677,40.771
18678,40.9281
18679,42.956
18680,37.1521
18681,36.6006
18682,37.9959
18683,40.056
18684,40.0943
18685,40.7579
18686,40.1258
18687,37.2044
18688,38.2863
18689,38.4606
18690,41.7138
18691,38.7252
18692,41.8594
18693,41.0617
18694,42.7218
18695,39.1868
18696,41.8973
18697,36.2162
18698,40.4133
18699,37.8618
18700,40.3376
18701,41.4427
18702,38.5077
18703,36.1312
18704,40.101
18705,39.4619
18706,38.6452
18707,36.745
18708,43.5032
18709,37.6424
18710,39.3061
18711,38.5402
18712,40.5742
18713,40.7786
18714,41.2513
18715,44.3655
18716,41.6651
18717,41.7043
18718,39.0383
18719,36.5993
18720,41.8206
18721,42.3429
18722,40.9992
18723,39.2897
18724,39.3529
18725,42.6585
18726,40.2448
18727,40.787
18728,40.8374
18729,39.8016
18730,39.8196
18731,41.8711
18732,42.1133
18733,40.4508
18734,38.8306
18735,41.3794
18736,41.3988
18737,40.4518
18738,41.3179
18739,37.7054
18740,38.8264
18741,40.0892
18742,39.6245
18743,36.6801
18744,39.6181
18745,42.6778
18746,36.5174
18747,36.8622
18748,35.967
18749,38.3317
18750,37.917
18751,40.5678
18752,42.4913
18753,41.9068
18754,40.1886
18755,42.7977
18756,40.9439
18757,36.1292
18758,41.3698
18759,38.4994
18760,43.7793
18761,39.0483
18762,43.2893
18763,42.6756
18764,44.0704
18765,40.5019
18766,37.6462
18767,43.0051
18768,38.6875
18769,39.7216
18770,42.8623
18771,39.4559
18772,39.886
18773,39.9548
18774,40.502
18775,39.9029
18776,36.5737
18777,40.7056
18778,40.7887
18779,40.819
18780,40.8938
18781,41.0661
18782,42.3399
18783,39.6287
18784,40.6393
18785,39.3254
18786,39.3462
18787,42.8542
18788,39.9769
18789,38.2309
18790,39.2786
18791,40.0292
18792,42.3123
18793,40.1763
18794,35.5103
18795,39.7848
18796,39.9394
18797,40.1327
18798,41.6295
18799,37.9997
18800,38.5278
18801,38.565
18802,42.5952
18803,38.6435
18804,39.3974
18805,39.7658
18806,38.2079
18807,39.3502
18808,40.4635
18809,41.0881
18810,41.1068
18811,37.1435
18812,40.2905
18813,40.316
18814,40.3918
18815,40.4935
18816,41.0754
18817,43.2064
18818,39.0185
18819,38.4518
18820,41.7354
18821,39.9934
18822,39.1997
18823,37.1637
18824,36.8795
18825,39.9303
18826,41.7668
18827,42.1986
18828,39.9828
18829,39.2328
18830,43.3624
18831,39.2986
18832,43.6449
18833,40.3247
18834,40.6063
18835,35.8718
18836,39.3891
18837,42.4351
18838,35.6223
18839,39.6537
18840,39.3704
18841,35.1169
18842,37.8023
18843,39.2259
18844,38.2588
18845,41.1145
18846,38.3706
18847,39.9811
18848,39.0455
18849,40.1795
18850,39.8697
18851,40.3234
18852,38.8215
18853,41.8728
18854,36.1323
18855,38.3254
18856,36.524
18857,38.7042
18858,37.0979
18859,40.8097
18860,36.0935
18861,40.1022
18862,39.3419
18863,37.6221
18864,40.961
18865,41.0724
18866,37.1397
18867,41.3454
18868,39.3606
18869,40.094
18870,40.1069
18871,40.2762
18872,41.4118
18873,40.8849
18874,41.6561
18875,43.502
18876,43.5987
18877,39.8049
18878,39.1021
18879,39.6341
18880,39.6544
18881,38.4718
18882,40.9401
18883,39.4043
18884,39.1066
18885,38.2805
18886,40.3928
18887,36.1409
18888,37.7134
18889,40.8647
18890,39.9522
18891,37.454
18892,37.5547
18893,37.6392
18894,39.4704
18895,38.8959
18896,39.9358
18897,41.9481
18898,40.1357
18899,36.9409
18900,39.9922
18901,43.4069
18902,41.9982
18903,41.084
18904,38.2583
18905,42.2857
18906,38.6778
18907,42.0755
18908,38.7942
18909,41.1137
18910,41.2289
18911,39.3876
18912,40.0203
18913,37.1625
18914,35.6487
18915,39.102
18916,40.5672
18917,36.9207
18918,38.1464
18919,38.2281
18920,41.0261
18921,39.397
18922,39.5184
18923,40.2605
18924,35.8266
18925,42.0138
18926,36.3635
18927,37.5309
18928,43.0385
18929,40.4621
18930,41.5186
18931,38.7516
18932,38.4817
18933,39.9169
18934,40.5642
18935,39.0897
18936,40.0998
18937,40.1082
18938,39.3231
18939,38.7588
18940,40.8864
18941,41.9022
18942,41.5595
18943,39.7991
18944,39.9395
18945,39.7849
18946,40.4978
18947,34.9475
18948,41.1797
18949,40.0768
18950,39.4616
18951,39.5946
18952,39.6716
18953,38.6938
18954,40.0447
18955,37.5761
18956,39.5846
18957,42.593
18958,41.0803
18959,38.1708
18960,41.3554
18961,36.8204
18962,38.314
18963,37.3508
18964,42.3464
18965,41.8835
18966,40.0314
18967,40.5902
18968,38.4986
18969,41.6689
18970,37.7345
18971,35.238
18972,38.8557
18973,40.9762
18974,38.1703
18975,38.3833
18976,40.8228
18977,39.7057
18978,39.7141
18979,38.9109
18980,40.016
18981,40.0244
18982,42.8755
18983,36.8839
18984,41.9567
18985,37.6395
18986,39.1587
18987,38.6167
18988,37.7021
18989,37.8904
18990,42.9778
18991,39.6463
18992,39.7007
18993,40.3511
18994,40.4096
18995,37.1067
18996,41.2593
18997,41.4314
18998,40.8259
18999,41.8429
19000,39.0512
19001,39.08
19002,38.0884
19003,42.8022
19004,42.2176
19005,42.5488
19006,39.7889
19007,39.9681
19008,40.5997
19009,37.3038
19010,41.3122
19011,42.5044
19012,43.5828
19013,37.3027
19014,39.9757
19015,45.1361
19016,40.3832
19017,39.9528
19018,38.4752
19019,39.0735
19020,39.2761
19021,42.3927
19022,42.9844
19023,41.9091
19024,40.1442
19025,41.328
19026,41.6035
19027,40.9852
19028,41.2599
19029,40.8987
19030,39.1262
19031,39.1643
19032,36.7989
19033,39.1911
19034,40.4436
19035,39.6801
19036,36.9823
19037,40.1374
19038,41.1458
19039,40.2911
19040,40.3079
19041,38.7471
19042,47.0838
19043,40.3794
19044,38.4955
19045,40.156
19046,39.2162
19047,41.4506
19048,43.6019
19049,40.2245
19050,40.6013
19051,41.4359
19052,41.8186
19053,38.9868
19054,39.2341
19055,37.6761
19056,39.6054
19057,37.7409
19058,40.5755
19059,41.5847
19060,38.7283
19061,38.9966
19062,39.0304
19063,41.5942
19064,39.848
19065,42.4949
19066,40.0104
19067,36.7794
19068,37.9053
19069,39.5567
19070,39.3701
19071,37.4696
19072,43.5326
19073,42.3121
19074,38.8185
19075,38.2061
19076,39.3247
19077,38.7469
19078,37.3344
19079,40.015
19080,39.2081
19081,39.3056
19082,42.6101
19083,39.9477
19084,40.7441
19085,41.3617
19086,43.6219
19087,38.948
19088,40.2186
19089,43.425
19090,39.3984
19091,37.4334
19092,38.4711
19093,42.2437
19094,43.3167
19095,37.9513
19096,38.5558
19097,40.6457
19098,39.0838
19099,39.2239
19100,40.0983
19101,38.3254
19102,39.4219
19103,40.7784
19104,41.3239
19105,39.6134
19106,40.683
19107,42.2613
19108,40.4065
19109,38.57
19110,40.6964
19111,40.9437
19112,41.0034
19113,35.7369
19114,41.8649
19115,40.0846
19116,35.464
19117,40.7622
19118,40.826
19119,38.5788
19120,37.6793
19121,36.1425
19122,39.0868
19123,43.684
19124,37.8077
19125,37.9716
19126,39.462
19127,43.1228
19128,42.4798
19129,40.2892
19130,39.8228
19131,39.2667
19132,40.6669
19133,37.7015
19134,38.0882
19135,40.3887
19136,37.7192
19137,37.7913
19138,40.235
19139,38.7975
19140,41.4008
19141,37.971
19142,40.0326
19143,42.1361
19144,41.8517
19145,36.8555
19146,37.2661
19147,40.483
19148,39.0385
19149,39.1995
19150,36.6063
19151,41.1292
19152,38.9445
19153,37.0536
19154,44.133
19155,37.4631
19156,39.0918
19157,40.2046
19158,39.2656
19159,39.2764
19160,34.3206
19161,39.565
19162,39.6702
19163,38.9701
19164,40.2898
19165,38.0955
19166,39.0648
19167,41.1207
19168,38.423
19169,38.5641
19170,38.7075
19171,42.4214
19172,40.4489
19173,39.5987
19174,41.6495
19175,41.6845
19176,41.1794
19177,37.1878
19178,34.4918
19179,41.7673
19180,37.2232
19181,35.3933
19182,37.7157
19183,36.7579
19184,37.2397
19185,41.621
19186,38.5976
19187,37.7851
19188,39.9212
19189,40.4286
19190,39.5434
19191,41.613
19192,40.6762
19193,43.7069
19194,40.7548
19195,37.9345
19196,37.9116
19197,34.7598
19198,39.1621
19199,46.2022
19200,37.5601
19201,39.9894
19202,39.158
19203,40.2323
19204,38.2935
19205,36.4678
19206,38.874
19207,38.0721
19208,41.1785
19209,39.2138
19210,38.6798
19211,43.0228
19212,38.0457
19213,42.1413
19214,42.2551
19215,39.3278
19216,40.4054
19217,35.6107
19218,39.3127
19219,42.607
19220,36.6974
19221,38.8196
19222,39.9216
19223,39.5836
19224,40.6
19225,39.833
19226,40.2646
19227,41.3215
19228,40.5454
19229,40.863
19230,38.9125
19231,38.9488
19232,40.2599
19233,39.2929
19234,38.6303
19235,42.8492
19236,40.4821
19237,39.9399
19238,41.2355
19239,41.831
19240,41.1168
19241,42.3738
19242,41.4806
19243,37.905
19244,42.9466
19245,38.2501
19246,41.9794
19247,39.4485
19248,39.8985
19249,41
19250,44.2795
19251,41.3013
19252,43.0438
19253,42.0655
19254,41.3258
19255,37.6682
19256,40.3663
19257,39.0592
19258,39.4294
19259,42.4844
19260,40.4297
19261,38.516
19262,38.6814
19263,41.9201
19264,40.2763
19265,37.4682
19266,37.5344
19267,42.8177
19268,40.4774
19269,41.004
19270,41.3164
19271,42.3746
19272,38.1875
19273,42.2334
19274,40.7029
19275,39.449
19276,40.7628
19277,41.8084
19278,38.8415
19279,39.264
19280,37.8725
19281,40.1292
19282,41.6164
19283,41.8808
19284,38.9357
19285,42.1133
19286,41.2467
19287,39.3132
19288,42.4537
19289,36.866
19290,40.0791
19291,36.4829
19292,39.4627
19293,40.5127
19294,39.6537
19295,38.9981
19296,36.3077
19297,41.4108
19298,42.6826
19299,40.4052
19300,42.612
19301,37.9231
19302,38.1516
19303,43.7707
19304,37.0766
19305,39.1337
19306,40.4515
19307,42.7315
19308,40.4271
19309,40.5682
19310,38.7033
19311,40.7592
19312,35.0205
19313,41.6387
19314,40.3828
19315,40.3308
19316,39.8611
19317,43.0305
19318,37.5802
19319,39.3025
19320,38.3109
19321,41.9375
19322,40.1521
19323,40.3642
19324,39.3292
19325,39.3706
19326,43.5789
19327,42.7784
19328,41.023
19329,37.2862
19330,35.7822
19331,37.8049
19332,36.3271
19333,37.7795
19334,40.1756
19335,38.6593
19336,40.0309
19337,42.1356
19338,34.9298
19339,38.9592
19340,35.6773
19341,38.6998
19342,39.9115
19343,40.3397
19344,36.3547
19345,42.6014
19346,40.8263
19347,36.876
19348,41.6689
19349,36.8553
19350,34.0153
19351,42.7414
19352,37.9342
19353,43.3301
19354,39.6457
19355,39.7162
19356,39.7697
19357,38.7891
19358,40.0575
19359,40.0711
19360,40.1181
19361,40.1693
19362,40.3233
19363,39.3637
19364,44.4184
19365,41.0189
19366,41.6901
19367,38.7207
19368,36.0602
19369,39.5939
19370,43.1141
19371,43.1225
19372,42.5492
19373,37.7337
19374,35.8287
19375,41.237
19376,44.367
19377,39.736
19378,40.6276
19379,41.1459
19380,37.1617
19381,41.1934
19382,41.7395
19383,38.0393
19384,41.99
19385,37.2967
19386,38.2836
19387,39.8849
19388,37.0153
19389,40.6902
19390,38.8156
19391,38.8887
19392,39.3749
19393,38.1289
19394,40.2733
19395,39.8048
19396,39.9064
19397,41.511
19398,42.5505
19399,39.2525
19400,40.5457
19401,37.3095
19402,41.5704
19403,41.2273
19404,38.2087
19405,38.888
19406,41.3094
19407,39.7549
19408,41.3226
19409,41.4559
19410,42.5578
19411,42.2157
19412,43.7181
19413,38.082
19414,38.5306
19415,39.8541
19416,39.4645
19417,41.566
19418,41.0883
19419,41.2582
19420,36.7968
19421,38.5645
19422,37.0709
19423,37.8306
19424,38.1954
19425,38.2209
19426,39.6762
19427,39.2727
19428,40.6347
19429,36.6498
19430,41.1301
19431,41.7464
19432,38.7527
19433,41.5251
19434,41.6559
19435,39.9574
19436,40.6091
19437,36.6355
19438,41.7425
19439,42.4545
19440,37.3124
19441,40.3292
19442,35.883
19443,39.0391
19444,41.2833
19445,41.8655
19446,40.4074
19447,39.3558
19448,37.5979
19449,39.5719
19450,41.6835
19451,40.8232
19452,42.6821
19453,38.4883
19454,38.8236
19455,39.4664
19456,38.7785
19457,42.8302
19458,39.213
19459,41.988
19460,35.6093
19461,37.6177
19462,42.1718
19463,40.1802
19464,44.339
19465,37.5161
19466,41.7059
19467,40.8802
19468,42.9166
19469,37.1367
19470,42.2482
19471,41.743
19472,40.5301
19473,39.2221
19474,41.2627
19475,41.7522
19476,40.3384
19477,41.8578
19478,40.882
19479,40.6279
19480,37.8667
19481,44.0058
19482,39.1264
19483,43.1974
19484,39.6695
19485,42.7088
19486,41.3553
19487,39.693
19488,42.1362
19489,39.3499
19490,41.45
19491,40.7898
19492,41.8111
19493,39.4401
19494,37.2828
19495,38.9881
19496,38.1343
19497,41.1611
19498,40.31
19499,35.7616
19500,40.9803
19501,36.8377
19502,41.0577
19503,39.0037
19504,37.5238
19505,39.6335
19506,37.1052
19507,37.268
19508,38.3974
19509,41.4144
19510,38.8479
19511,38.2411
19512,40.0134
19513,43.0347
19514,39.1271
19515,40.5888
19516,39.5972
19517,40.8678
19518,42.0188
19519,41.0785
19520,39.3969
19521,38.5064
19522,41.5782
19523,40.7081
19524,43.2398
19525,36.411
19526,41.6596
19527,41.985
19528,40.0954
19529,43.5137
19530,38.7338
19531,43.9473
19532,42.0742
19533,40.2161
19534,41.7946
19535,41.9462
19536,41.9639
19537,42.4711
19538,37.4781
19539,36.7156
19540,38.0728
19541,42.7676
19542,43.0122
19543,43.505
19544,36.7043
19545,35.9075
19546,38.9871
19547,37.0334
19548,40.4912
19549,38.5924
19550,40.9625
19551,37.3918
19552,37.2432
19553,38.5928
19554,38.0915
19555,37.7217
19556,40.518
19557,40.0812
19558,40.2374
19559,41.4223
19560,37.6306
19561,38.2615
19562,42.0582
19563,37.5051
19564,37.815
19565,41.9638
19566,40.3329
19567,40.5218
19568,37.0098
19569,41.2682
19570,41.1612
19571,43.1972
19572,38.5082
19573,39.8289
19574,42.8889
19575,40.8974
19576,39.0513
19577,39.4227
19578,41.6828
19579,41.1177
19580,40.3026
19581,40.7923
19582,34.7765
19583,40.4482
19584,38.1466
19585,41.2073
19586,41.2468
19587,35.6321
19588,40.1422
19589,42.7719
19590,41.8761
19591,39.3929
19592,39.2783
19593,39.3023
19594,42.3319
19595,42.2983
19596,37.9009
19597,35.2229
19598,39.842
19599,39.0796
19600,40.2164
19601,39.8154
19602,39.9766
19603,38.5975
19604,43.0227
19605,39.0311
19606,39.3819
19607,41.5974
19608,41.6059
19609,39.9022
19610,40.0576
19611,42.1569
19612,40.4559
19613,40.4692
19614,40.6565
19615,39.7825
19616,38.8378
19617,36.9704
19618,43.5083
19619,37.9655
19620,41.1969
19621,39.2581
19622,39.756
19623,37.9965
19624,40.2627
19625,37.364
19626,36.4555
19627,40.7655
19628,41.1341
19629,38.6924
19630,37.8066
19631,39.3002
19632,39.2698
19633,39.6128
19634,39.7304
19635,39.6494
19636,40.1267
19637,42.155
19638,39.2703
19639,42.8797
19640,41.2231
19641,36.6985
19642,35.7473
19643,38.2638
19644,37.7009
19645,42.385
19646,40.2479
19647,42.0719
19648,38.4045
19649,39.8739
19650,40.9148
19651,40.0558
19652,44.0824
19653,39.9084
19654,39.2373
19655,40.4303
19656,41.4447
19657,33.9056
19658,37.3797
19659,42.7491
19660,39.0178
19661,38.3739
19662,39.7623
19663,40.4371
19664,40.4274
19665,40.4917
19666,42.4405
19667,40.542
19668,36.7872
19669,38.994
19670,43.0745
19671,40.1663
19672,39.2252
19673,39.6884
19674,39.829
19675,40.221
19676,43.5428
19677,37.9764
19678,38.3048
19679,38.6694
19680,39.0297
19681,40.3012
19682,39.3741
19683,43.0932
19684,42.3089
19685,43.7627
19686,42.8481
19687,44.3204
19688,42.0906
19689,43.8183
19690,35.017
19691,37.1882
19692,40.2431
19693,39.0081
19694,38.9746
19695,41.1429
19696,41.3814
19697,39.779
19698,41.8374
19699,42.2134
19700,37.5503
19701,42.8125
19702,42.2256
19703,38.8666
19704,39.1419
19705,39.3454
19706,39.6716
19707,40.7958
19708,37.8694
19709,40.0864
19710,42.382
19711,41.0646
19712,39.2648
19713,38.5307
19714,41.7511
19715,39.8409
19716,38.8578
19717,41.9444
19718,42.2054
19719,40.7834
19720,38.685
19721,39.3147
19722,39.9109
19723,40.8964
19724,40.94
19725,42.0951
19726,43.6834
19727,40.2502
19728,43.5275
19729,43.094
19730,41.1234
19731,41.4505
19732,38.0122
19733,37.2837
19734,39.5324
19735,38.6263
19736,39.0294
19737,40.2029
19738,39.7945
19739,41.2513
19740,41.5602
19741,38.2972
19742,42.5593
19743,40.6782
19744,40.1395
19745,40.4829
19746,41.2113
19747,41.2145
19748,39.409
19749,42.2954
19750,42.7657
19751,38.2111
19752,38.4334
19753,40.6124
19754,42.3417
19755,41.5752
19756,36.9276
19757,40.8971
19758,39.9589
19759,43.8519
19760,42.5579
19761,41.6678
19762,39.3071
19763,39.0945
19764,40.1029
19765,39.2697
19766,38.3634
19767,41.4043
19768,41.2597
19769,40.2642
19770,41.8044
19771,36.3589
19772,41.4645
19773,41.4793
19774,36.6055
19775,41.6412
19776,38.8901
19777,39.1816
19778,37.5727
19779,39.692
19780,45.0708
19781,43.9484
19782,41.0845
19783,42.8926
19784,41.6824
19785,42.9212
19786,38.3101
19787,41.4485
19788,39.7161
19789,36.0349
19790,38.0836
19791,38.4151
19792,38.577
19793,38.8591
19794,42.9755
19795,40.1955
19796,41.511
19797,39.3195
19798,38.3417
19799,40.8758
19800,41.281
19801,38.4474
19802,37.5703
19803,40.5952
19804,40.8973
19805,42.0672
19806,40.1437
19807,41.3865
19808,41.8023
19809,42.8471
19810,42.8567
19811,38.1495
19812,44.0246
19813,42.1785
19814,41.5574
19815,37.0224
19816,40.1962
19817,38.7151
19818,41.3019
19819,38.6229
19820,38.0062
19821,41.1386
19822,41.2886
19823,38.7395
19824,40.9639
19825,39.1083
19826,43.0834
19827,42.4283
19828,40.8348
19829,41.1834
19830,41.3395
19831,42.639
19832,37.6742
19833,42.7483
19834,38.0913
19835,38.5666
19836,36.6813
19837,40.9362
19838,42.1421
19839,39.0356
19840,39.1006
19841,39.7664
19842,40.2588
19843,40.5012
19844,40.5728
19845,40.9172
19846,41.5494
19847,41.9585
19848,40.5745
19849,38.3557
19850,41.1696
19851,39.6301
19852,37.6385
19853,37.8404
19854,36.1121
19855,38.3116
19856,37.5874
19857,40.7827
19858,37.2667
19859,39.3341
19860,39.6781
19861,38.8805
19862,36.473
19863,41.2725
19864,41.2975
19865,37.8089
19866,39.0246
19867,41.6224
19868,38.7404
19869,38.1618
19870,40.1612
19871,36.4064
19872,41.4234
19873,41.5711
19874,39.1458
19875,42.1734
19876,40.375
19877,40.7108
19878,40.2931
19879,38.4548
19880,38.9316
19881,37.2234
19882,36.9527
19883,39.6954
19884,38.0759
19885,40.147
19886,38.2883
19887,40.7861
19888,40.1322
19889,39.3567
19890,42.6165
19891,42.9346
19892,40.4314
19893,41.4788
19894,42.7101
19895,40.3981
19896,37.2541
19897,39.9662
19898,38.9966
19899,39.0221
19900,39.5946
19901,39.7786
19902,40.0229
19903,41.0314
19904,41.5383
19905,41.6828
19906,39.2158
19907,41.9046
19908,38.2738
19909,36.1681
19910,39.3624
19911,36.4783
19912,40.3498
19913,38.9106
19914,39.0284
19915,39.5279
19916,41.0087
19917,38.1991
19918,38.6082
19919,42.2292
19920,43.0535
19921,36.1772
19922,41.4524
19923,39.1009
19924,37.9694
19925,38.0074
19926,38.1777
19927,40.8914
19928,37.0787
19929,38.1488
19930,37.4861
19931,37.6835
19932,38.8556
19933,39.448
19934,38.6119
19935,40.7375
19936,40.0138
19937,39.9777
19938,39.2158
19939,39.6753
19940,38.7164
19941,39.8468
19942,37.4046
19943,40.4614
19944,40.63
19945,41.1157
19946,42.0404
19947,39.296
19948,37.3094
19949,39.3494
19950,42.8396
19951,38.9176
19952,38.5122
19953,39.6444
19954,39.7402
19955,40.3182
19956,40.8855
19957,40.1541
19958,33.1561
19959,40.5219
19960,38.4074
19961,39.7912
19962,38.1948
19963,39.575
19964,39.9834
19965,39.4324
19966,37.6525
19967,41.903
19968,38.3805
19969,40.789
19970,43.2782
19971,38.5903
19972,37.8139
19973,36.9654
19974,40.5929
19975,36.5095
19976,37.8532
19977,41.2525
19978,42.3321
19979,37.4356
19980,39.5118
19981,41.6862
19982,39.4978
19983,38.3942
19984,42.6149
19985,36.9456
19986,41.0122
19987,45.3133
19988,38.3612
19989,39.396
19990,41.4184
19991,39.0937
19992,37.7918
19993,39.0215
19994,43.8912
19995,40.0266
19996,40.2288
19997,40.3657
19998,41.4578
19999,35.8885
20000,45.1477
20001,38.1769
20002,37.2478
20003,42.5986
20004,42.4724
20005,43.1299
20006,37.6816
20007,41.1027
20008,40.1924
20009,36.5118
20010,34.9036
20011,45.1052
20012,42.1176
20013,36.2875
20014,42.4816
20015,41.9208
20016,38.0871
20017,39.6671
20018,39.1356
20019,42.8513
20020,42.0603
20021,40.1176
20022,44.1274
20023,38.1422
20024,41.2537
20025,40.888
20026,37.4912
20027,42.0938
20028,39.9654
20029,40.3483
20030,42.0299
20031,42.1652
20032,41.6957
20033,38.9043
20034,38.9261
20035,37.9011
20036,37.9511
20037,39.0877
20038,38.5404
20039,39.6907
20040,37.7767
20041,38.4342
20042,35.627
20043,40.5137
20044,42.6849
20045,39.0272
20046,38.9232
20047,38.0016
20048,38.9879
20049,41.322
20050,41.8685
20051,41.1302
20052,37.5255
20053,41.827
20054,41.2028
20055,42.5676
20056,43.2836
20057,42.4729
20058,42.5596
20059,39.1883
20060,38.6579
20061,43.5633
20062,38.0613
20063,38.2303
20064,42.3851
20065,39.5054
20066,38.0011
20067,38.0298
20068,39.0973
20069,38.6827
20070,41.9859
20071,39.1154
20072,42.0602
20073,41.3741
20074,39.5043
20075,42.6777
20076,36.7973
20077,38.9773
20078,43.0689
20079,40.5208
20080,41.9866
20081,38.247
20082,42.6686
20083,42.8272
20084,39.8148
20085,42.0744
20086,35.0726
20087,43.158
20088,39.9567
20089,36.9553
20090,40.2414
20091,38.3296
20092,40.7759
20093,37.422
20094,41.7506
20095,41.761
20096,39.8896
20097,39.3257
20098,39.3559
20099,36.4911
20100,40.4228
20101,39.4567
20102,40.9084
20103,39.7752
20104,38.2258
20105,42.4116
20106,39.3415
20107,41.4601
20108,36.4686
20109,40.2991
20110,42.3476
20111,36.4123
20112,35.965
20113,45.5615
20114,36.7567
20115,40.0304
20116,45.0751
20117,37.4695
20118,41.6878
20119,40.365
20120,41.4143
20121,37.5002
20122,42.7289
20123,37.8048
20124,41.0086
20125,42.3496
20126,41.447
20127,38.6433
20128,38.817
20129,41.965
20130,43.1774
20131,42.4824
20132,39.9285
20133,43.0433
20134,41.3963
20135,41.161
20136,42.675
20137,35.9586
20138,40.0775
20139,40.5748
20140,41.4365
20141,38.0394
20142,41.1726
20143,39.1943
20144,41.0031
20145,42.2356
20146,41.5384
20147,34.693
20148,41.3445
20149,40.8426
20150,40.1387
20151,36.7563
20152,43.0015
20153,42.6214
20154,38.9065
20155,39.0705
20156,39.3451
20157,39.2954
20158,40.5487
20159,40.9893
20160,41.3979
20161,41.6712
20162,38.7782
20163,41.9358
20164,39.686
20165,38.752
20166,39.9536
20167,41.0407
20168,39.0519
20169,40.5521
20170,38.6604
20171,36.7221
20172,41.9108
20173,40.6425
20174,38.8533
20175,40.9508
20176,38.9628
20177,35.102
20178,41.8846
20179,40.9363
20180,41.6085
20181,38.9058
20182,39.0356
20183,39.6836
20184,36.9332
20185,39.1113
20186,39.6138
20187,44.7196
20188,40.0525
20189,39.9888
20190,42.487
20191,40.1645
20192,40.0843
20193,44.2325
20194,42.2874
20195,38.3827
20196,40.8961
20197,41.0561
20198,40.2084
20199,39.6525
20200,41.0543
20201,42.1385
20202,41.615
20203,42.6968
20204,38.809
20205,38.823
20206,39.2339
20207,40.6205
20208,41.7165
20209,37.2551
20210,35.1203
20211,40.8907
20212,43.0483
20213,40.4357
20214,38.9025
20215,42.207
20216,36.3744
20217,43.7088
20218,41.7782
20219,38.6165
20220,41.0671
20221,38.1372
20222,38.5511
20223,38.7912
20224,38.6929
20225,38.9117
20226,41.2999
20227,42.0113
20228,38.5647
20229,39.1401
20230,42.1988
20231,38.5217
20232,39.0421
20233,39.1664
20234,38.3383
20235,37.5004
20236,36.9975
20237,40.1845
20238,43.7743
20239,38.2274
20240,37.3356
20241,35.915
20242,40.1608
20243,42.2862
20244,38.4637
20245,42.5043
20246,39.7662
20247,37.9394
20248,46.5282
20249,39.6359
20250,41.7593
20251,38.7498
20252,37.8645
20253,41.8905
20254,43.2558
20255,40.4974
20256,40.6513
20257,37.9316
20258,41.0926
20259,38.6177
20260,39.5986
20261,42.0505
20262,40.086
20263,42.2792
20264,38.7884
20265,42.8818
20266,41.8902
20267,41.0257
20268,37.929
20269,40.0215
20270,41.643
20271,42.9141
20272,39.0841
20273,39.4711
20274,39.8024
20275,33.9977
20276,42.6124
20277,42.8794
20278,41.5691
20279,44.104
20280,40.0983
20281,40.549
20282,40.5574
20283,40.5463
20284,38.9248
20285,40.7483
20286,41.7668
20287,39.9325
20288,38.0787
20289,41.1685
20290,42.3386
20291,38.5366
20292,43.6215
20293,40.3819
20294,42.4098
20295,40.9341
20296,39.1973
20297,41.3113
20298,39.8015
20299,35.0362
20300,41.6405
20301,42.9186
20302,41.9832
20303,36.6471
20304,34.8535
20305,40.0201
20306,39.6072
20307,35.7951
20308,35.9275
20309,41.4005
20310,39.238
20311,39.4205
20312,39.7237
20313,40.2437
20314,38.6348
20315,41.7626
20316,42.2
20317,41.0253
20318,35.4447
20319,42.6403
20320,43.9238
20321,40.0205
20322,40.0985
20323,43.3047
20324,38.9539
20325,39.617
20326,38.1211
20327,40.1295
20328,40.9698
20329,42.0421
20330,36.1764
20331,37.5762
20332,37.6176
20333,39.8241
20334,42.5132
20335,43.6576
20336,40.7058
20337,37.7213
20338,42.2301
20339,40.5779
20340,41.4509
20341,42.4589
20342,42.6114
20343,40.9902
20344,39.5556
20345,42.0411
20346,39.7613
20347,38.9205
20348,42.2736
20349,40.6097
20350,37.122
20351,37.8515
20352,39.0402
20353,38.7658
20354,43.5234
20355,38.8287
20356,43.1046
20357,35.5287
20358,38.5648
20359,38.9164
20360,39.289
20361,39.3417
20362,40.5126
20363,35.7422
20364,40.9917
20365,43.4315
20366,40.7612
20367,41.0086
20368,40.2546
20369,42.5746
20370,38.7676
20371,42.9183
20372,43.9324
20373,40.2581
20374,42.3069
20375,41.672
20376,38.5702
20377,39.9906
20378,41.4361
20379,40.052
20380,39.1008
20381,39.3579
20382,35.4969
20383,40.8406
20384,41.088
20385,43.6245
20386,40.7747
20387,41.921
20388,36.1302
20389,40.5237
20390,42.7619
20391,40.5734
20392,40.9719
20393,38.4441
20394,40.6349
20395,39.9248
20396,39.2271
20397,38.8079
20398,40.1404
20399,44.2488
20400,39.0304
20401,40.5758
20402,43.9928
20403,39.3245
20404,39.5909
20405,38.0824
20406,38.2924
20407,40.6106
20408,39.8248
20409,39.9206
20410,41.472
20411,39.7327
20412,38.1364
20413,40.4148
20414,42.8147
20415,41.8539
20416,41.9484
20417,40.0964
20418,38.4263
20419,38.4396
20420,38.5357
20421,39.075
20422,37.5353
20423,39.6166
20424,38.632
20425,39.7799
20426,41.8036
20427,39.9542
20428,40.2515
20429,42.3001
20430,42.3085
20431,42.6975
20432,40.0639
20433,39.4292
20434,43.4665
20435,42.3377
20436,42.1527
20437,41.6918
20438,35.9724
20439,39.1684
20440,41.2192
20441,39.3553
20442,39.6996
20443,41.2361
20444,39.7971
20445,42.9349
20446,37.0019
20447,43.9923
20448,39.5926
20449,39.6799
20450,39.7776
20451,39.3305
20452,40.5831
20453,36.2361
20454,42.0185
20455,37.3117
20456,40.4016
20457,41.7606
20458,43.0857
20459,39.1212
20460,39.6719
20461,39.8326
20462,40.5524
20463,40.9527
20464,36.6602
20465,43.6545
20466,39.9632
20467,40.5775
20468,35.9863
20469,41.3693
20470,41.4808
20471,41.6579
20472,36.9092
20473,39.1202
20474,38.7501
20475,34.8618
20476,39.293
20477,36.8636
20478,39.6165
20479,42.7674
20480,38.4659
20481,38.5711
20482,40.1258
20483,42.1739
20484,41.1955
20485,38.9918
20486,41.0274
20487,38.9152
20488,38.9854
20489,40.0116
20490,40.9378
20491,41.732
20492,47.0547
20493,37.2302
20494,39.8721
20495,35.8516
20496,41.2728
20497,38.4811
20498,41.5148
20499,35.2748
20500,43.4174
20501,38.1326
20502,35.7255
20503,38.8809
20504,39.4668
20505,39.8706
20506,38.8903
20507,41.1285
20508,41.3023
20509,38.9628
20510,39.1357
20511,36.455
20512,41.5503
20513,37.5652
20514,41.4205
20515,37.7723
20516,37.9513
20517,37.9763
20518,40.0744
20519,36.3109
20520,38.4684
20521,40.6212
20522,38.9604
20523,39.1483
20524,39.3453
20525,41.7062
20526,40.4279
20527,40.471
20528,40.5888
20529,42.8265
20530,41.0522
20531,41.168
20532,42.1772
20533,41.1935
20534,39.2746
20535,41.4144
20536,42.4933
20537,39.6154
20538,41.6291
20539,41.9081
20540,43.0575
20541,40.1442
20542,36.4298
20543,44.7555
20544,40.0328
20545,39.1734
20546,43.4764
20547,38.5151
20548,38.6759
20549,39.0746
20550,36.3925
20551,42.93
20552,38.0298
20553,40.1554
20554,40.7365
20555,40.849
20556,39.1581
20557,39.812
20558,40.8414
20559,40.0278
20560,42.2535
20561,40.618
20562,41.6351
20563,39.6866
20564,39.8478
20565,43.7431
20566,38.1321
20567,39.8538
20568,37.1443
20569,34.222
20570,38.4986
20571,40.5865
20572,40.8635
20573,38.9728
20574,39.9381
20575,36.4775
20576,38.2893
20577,41.8719
20578,39.1756
20579,39.2124
20580,40.4672
20581,41.3304
20582,41.8426
20583,33.6853
20584,42.4375
20585,43.2073
20586,38.6401
20587,44.6526
20588,40.68
20589,44.948
20590,38.769
20591,41.0774
20592,40.6627
20593,43.2086
20594,41.7476
20595,39.8726
20596,41.9787
20597,40.2206
20598,42.4946
20599,41.0337
20600,40.4281
20601,41.0446
20602,41.279
20603,41.5081
20604,38.8084
20605,41.8375
20606,38.916
20607,37.9245
20608,40.7028
20609,43.2651
20610,39.4
20611,43.4995
20612,41.013
20613,40.19
20614,41.4719
20615,41.9721
20616,42.1515
20617,37.4065
20618,40.8148
20619,41.651
20620,42.0414
20621,40.4826
20622,38.9467
20623,41.0289
20624,40.7597
20625,39.5222
20626,39.4165
20627,41.2877
20628,40.9305
20629,40.9536
20630,38.0916
20631,42.8206
20632,41.8908
20633,43.7337
20634,43.2666
20635,40.3778
20636,41.457
20637,38.4722
20638,42.9958
20639,39.4997
20640,41.6085
20641,36.0998
20642,40.5135
20643,38.0906
20644,43.5657
20645,38.6252
20646,39.1907
20647,40.8189
20648,41.0384
20649,39.1303
20650,42.3286
20651,40.3535
20652,38.6119
20653,35.215
20654,40.4384
20655,41.6238
20656,41.0872
20657,38.3064
20658,39.1506
20659,35.8663
20660,38.9328
20661,40.3348
20662,40.443
20663,38.1857
20664,41.2928
20665,41.6168
20666,41.3787
20667,42.6316
20668,39.6479
20669,42.9067
20670,42.2549
20671,39.3204
20672,41.3106
20673,40.1824
20674,40.4809
20675,40.6306
20676,38.9234
20677,43.2926
20678,39.5164
20679,40.7322
20680,40.4053
20681,42.5128
20682,40.566
20683,40.701
20684,40.7331
20685,40.8917
20686,41.753
20687,36.9722
20688,36.988
20689,37.9103
20690,41.276
20691,39.5321
20692,39.2554
20693,43.2104
20694,40.3678
20695,41.3458
20696,37.2939
20697,36.9713
20698,40.1506
20699,39.6068
20700,41.634
20701,40.23
20702,41.1324
20703,40.2501
20704,38.5524
20705,42.0363
20706,39.8457
20707,36.9767
20708,40.3952
20709,38.5493
20710,42.6979
20711,38.7064
20712,43.0898
20713,40.1975
20714,39.1951
20715,37.3695
20716,43.1699
20717,43.2658
20718,40.6306
20719,41.6778
20720,40.6953
20721,36.7552
20722,42.5035
20723,39.773
20724,36.1732
20725,41.3435
20726,36.7535
20727,41.7925
20728,37.2469
20729,38.5605
20730,41.9093
20731,44.0081
20732,39.7385
20733,41.0661
20734,40.1415
20735,41.7004
20736,36.0755
20737,38.0953
20738,39.0854
20739,38.3174
20740,38.3648
20741,37.6102
20742,39.6654
20743,40.6658
20744,41.8977
20745,41.1238
20746,41.2867
20747,42.3434
20748,38.4747
20749,41.5532
20750,37.6074
20751,40.6768
20752,38.5096
20753,39.6454
20754,39.9679
20755,40.2216
20756,38.4207
20757,39.0864
20758,43.2768
20759,43.3948
20760,41.3295
20761,41.3379
20762,41.3765
20763,44.7037
20764,41.8341
20765,37.2341
20766,39.9263
20767,38.6203
20768,37.5883
20769,39.6927
20770,38.5813
20771,44.0624
20772,41.184
20773,39.4156
20774,40.629
20775,45.0624
20776,41.2336
20777,37.8727
20778,38.8322
20779,38.2305
20780,35.1811
20781,41.2945
20782,41.5142
20783,44.8599
20784,38.8808
20785,39.9229
20786,36.1916
20787,40.5537
20788,40.3288
20789,40.7587
20790,37.9223
20791,40.2509
20792,39.8314
20793,40.3768
20794,41.1919
20795,41.3869
20796,42.6814
20797,41.0072
20798,43.8199
20799,38.7582
20800,40.7266
20801,39.9409
20802,39.4628
20803,38.0942
20804,38.1302
20805,37.702
20806,38.7162
20807,42.6203
20808,38.0426
20809,39.6707
20810,38.9321
20811,38.946
20812,39.3551
20813,38.4882
20814,41.9644
20815,38.0071
20816,42.0156
20817,39.2898
20818,39.5267
20819,41.3457
20820,41.6259
20821,40.6398
20822,39.6556
20823,43.663
20824,38.7327
20825,44.9157
20826,45.5821
20827,41.9175
20828,36.9417
20829,37.5068
20830,37.7206
20831,38.8978
20832,38.1023
20833,38.6161
20834,39.7014
20835,42.1025
20836,38.2929
20837,39.5198
20838,40.5547
20839,41.6699
20840,40.9987
20841,39.4438
20842,42.6162
20843,34.8924
20844,43.1595
20845,43.3112
20846,41.6176
20847,42.7809
20848,40.8208
20849,42.916
20850,40.1966
20851,38.3928
20852,43.4218
20853,40.4904
20854,37.5319
20855,37.7779
20856,44.0799
20857,40.1487
20858,41.2729
20859,40.6402
20860,41.749
20861,40.8934
20862,38.9768
20863,45.3687
20864,38.0532
20865,38.1932
20866,39.0045
20867,37.1525
20868,39.5023
20869,38.0523
20870,39.3544
20871,38.3672
20872,40.5267
20873,38.8501
20874,38.9893
20875,39.4741
20876,39.5303
20877,38.7731
20878,41.8002
20879,40.183
20880,36.3574
20881,40.6737
20882,39.7114
20883,38.7854
20884,42.8891
20885,41.5251
20886,39.9553
20887,40.1861
20888,42.3263
20889,40.3347
20890,39.1448
20891,39.1532
20892,41.1617
20893,41.3591
20894,37.1683
20895,43.4214
20896,39.468
20897,40.573
20898,42.8293
20899,41.0945
20900,41.3142
20901,43.4551
20902,38.1748
20903,39.5128
20904,41.7158
20905,40.7595
20906,34.9309
20907,38.9756
20908,37.9824
20909,39.5316
20910,42.2004
20911,39.3589
20912,39.0105
20913,40.5284
20914,39.6239
20915,39.7813
20916,39.8968
20917,43.1391
20918,39.1682
20919,40.0119
20920,41.5182
20921,38.0448
20922,38.0713
20923,41.585
20924,38.9341
20925,38.1615
20926,41.9409
20927,40.2756
20928,39.3099
20929,40.6242
20930,37.9925
20931,38.0601
20932,39.1169
20933,40.2236
20934,40.6282
20935,38.7647
20936,38.7944
20937,40.8305
20938,40.9828
20939,39.2694
20940,41.3031
20941,40.4493
20942,42.1076
20943,42.6427
20944,40.9248
20945,40.359
20946,44.4097
20947,39.1926
20948,40.6723
20949,39.689
20950,37.1751
20951,40.3256
20952,41.7021
20953,37.152
20954,41.9449
20955,38.5631
20956,42.8422
20957,40.7415
20958,41.261
20959,39.3628
20960,38.2753
20961,39.0744
20962,39.2837
20963,40.6526
20964,40.72
20965,40.7658
20966,41.1496
20967,41.8453
20968,38.2269
20969,41.6435
20970,41.7735
20971,39.9803
20972,42.6259
20973,40.9263
20974,40.0368
20975,40.0928
20976,43.1029
20977,41.6116
20978,42.1879
20979,39.9392
20980,38.6728
20981,36.8544
20982,43.8993
20983,36.2424
20984,41.3701
20985,36.519
20986,36.5714
20987,40.1768
20988,39.1852
20989,39.5833
20990,37.6699
20991,37.8405
20992,39.8581
20993,39.919
20994,42.2241
20995,40.3718
20996,38.3967
20997,39.8991
20998,39.1198
20999,40.2638
21000,42.2722
21001,41.9176
21002,41.1371
21003,42.6589
21004,41.1971
21005,41.4389
21006,42.6354
21007,40.7702
21008,37.0871
21009,39.0688
21010,40.3466
21011,36.7172
21012,39.8237
21013,42.8663
21014,41.3578
21015,40.1292
21016,41.2645
21017,40.6515
21018,40.8834
21019,42.3979
21020,36.8291
21021,36.9162
21022,45.5139
21023,40.4418
21024,40.6139
21025,38.5689
21026,39.0769
21027,38.7563
21028,40.389
21029,42.1132
21030,38.6017
21031,39.1049
21032,38.2455
21033,38.6071
21034,41.7315
21035,39.7399
21036,38.8531
21037,40.2303
21038,42.4998
21039,35.5197
21040,37.9167
21041,41.8288
21042,36.1836
21043,38.3969
21044,38.8799
21045,39.6132
21046,40.1655
21047,40.705
21048,40.9275
21049,36.9592
21050,40.9676
21051,36.318
21052,40.3722
21053,41.0621
21054,37.2064
21055,42.8542
21056,38.2374
21057,36.8151
21058,39.0342
21059,39.7702
21060,42.157
21061,39.5257
21062,41.1592
21063,35.7779
21064,41.1003
21065,40.9097
21066,42.2375
21067,38.5341
21068,42.7561
21069,40.0518
21070,42.6406
21071,39.548
21072,35.3435
21073,41.0268
21074,41.6338
21075,38.421
21076,42.3116
21077,42.6712
21078,41.6967
21079,39.6275
21080,41.6588
21081,40.0264
21082,42.8457
21083,36.91
21084,37.4322
21085,39.0812
21086,38.8737
21087,37.8821
21088,38.6574
21089,41.7499
21090,41.4305
21091,37.3622
21092,44.2124
21093,41.1519
21094,38.1647
21095,40.4827
21096,39.5671
21097,40.8122
21098,42.1549
21099,42.9833
21100,36.2204
21101,37.3251
21102,39.0147
21103,38.1085
21104,40.5811
21105,40.7094
21106,42.5656
21107,41.3188
21108,40.1114
21109,38.6797
21110,40.7051
21111,41.0134
21112,42.3017
21113,38.0507
21114,38.3841
21115,38.5064
21116,39.1905
21117,39.8884
21118,42.0905
21119,42.157
21120,40.357
21121,39.4437
21122,41.9975
21123,39.0809
21124,39.4293
21125,39.7658
21126,37.3495
21127,41.6331
21128,34.9245
21129,39.0421
21130,39.8965
21131,40.9502
21132,42.3598
21133,39.6469
21134,40.7911
21135,37.9873
21136,39.4296
21137,38.5013
21138,40.8654
21139,40.9476
21140,40.2122
21141,42.7591
21142,38.1036
21143,39.2627
21144,37.996
21145,40.1046
21146,39.4537
21147,42.0773
21148,42.109
21149,37.591
21150,37.3513
21151,37.4746
21152,39.1082
21153,39.2979
21154,37.7042
21155,42.0364
21156,40.5262
21157,40.563
21158,38.7822
21159,42.1429
21160,42.1872
21161,39.8538
21162,43.1517
21163,43.2642
21164,44.5498
21165,40.8451
21166,42.2089
21167,38.5839
21168,44.7088
21169,43.5637
21170,44.1796
21171,37.9356
21172,38.2991
21173,39.9561
21174,37.1865
21175,40.7216
21176,41.5618
21177,41.8161
21178,36.0145
21179,42.0344
21180,41.5197
21181,42.6354
21182,40.59
21183,38.8889
21184,39.1841
21185,38.4783
21186,40.3622
21187,38.4507
21188,37.7038
21189,40.1396
21190,38.3988
21191,40.5835
21192,40.1175
21193,42.2834
21194,44.4215
21195,35.9061
21196,35.5171
21197,42.4421
21198,42.6252
21199,37.1522
21200,38.9809
21201,40.2487
21202,42.665
21203,40.0859
21204,36.6762
21205,42.0507
21206,42.8275
21207,41.0624
21208,41.9018
21209,39.9263
21210,38.472
21211,42.6027
21212,41.765
21213,40.1109
21214,40.2033
21215,40.7906
21216,41.7728
21217,35.0693
21218,42.1826
21219,39.0255
21220,37.2901
21221,37.5142
21222,39.8748
21223,42.347
21224,39.2438
21225,38.975
21226,39.7485
21227,40.9934
21228,42.0318
21229,37.9344
21230,43.1396
21231,38.7228
21232,40.5681
21233,40.971
21234,43.4009
21235,38.7019
21236,39.7471
21237,38.0884
21238,39.2524
21239,37.3263
21240,40.6294
21241,38.7442
21242,39.0422
21243,39.0945
21244,39.7954
21245,37.9112
21246,36.8868
21247,39.4278
21248,40.3638
21249,38.1137
21250,39.0192
21251,43.2197
21252,37.6303
21253,34.9127
21254,40.8496
21255,40.0264
21256,40.1423
21257,37.3769
21258,35.772
21259,38.8428
21260,39.096
21261,43.031
21262,37.2595
21263,39.5716
21264,40.1724
21265,37.3598
21266,41.5449
21267,37.2468
21268,42.8676
21269,38.4349
21270,39.6781
21271,39.9172
21272,39.1065
21273,36.5573
21274,40.7614
21275,41.3256
21276,38.9884
21277,42.6803
21278,42.853
21279,41.8859
21280,38.5544
21281,41.811
21282,37.5537
21283,38.9071
21284,40.0743
21285,39.9892
21286,36.9976
21287,37.7257
21288,40.3862
21289,39.1331
21290,39.2169
21291,40.4204
21292,36.6859
21293,40.0866
21294,40.2133
21295,39.0679
21296,39.8439
21297,37.8599
21298,39.9425
21299,40.9972
21300,38.4675
21301,37.5314
21302,39.4714
21303,42.0311
21304,40.643
21305,39.7464
21306,39.9455
21307,41.1407
21308,41.3801
21309,42.7411
21310,40.0208
21311,41.3153
21312,43.4278
21313,41.253
21314,41.4138
21315,40.0807
21316,37.3412
21317,39.4358
21318,39.4674
21319,40.1106
21320,36.9177
21321,41.7586
21322,40.3218
21323,39.3362
21324,37.5858
21325,39.9495
21326,40.0914
21327,40.5521
21328,41.6238
21329,41.1353
21330,40.5419
21331,43.7418
21332,38.791
21333,38.1756
21334,41.1854
21335,40.3555
21336,37.4284
21337,41.7237
21338,40.8424
21339,40.022
21340,36.349
21341,36.9326
21342,41.0718
21343,42.8009
21344,44.0526
21345,33.7373
21346,40.7155
21347,41.9372
21348,44.1907
21349,42.3235
21350,36.5891
21351,39.0726
21352,44.5059
21353,42.0416
21354,38.654
21355,37.1425
21356,39.4542
21357,38.8832
21358,39.1792
21359,39.2992
21360,38.4687
21361,41.3352
21362,39.9554
21363,43.2079
21364,41.0645
21365,39.1168
21366,41.1108
21367,40.5204
21368,43.3547
21369,42.387
21370,38.4602
21371,40.206
21372,40.7372
21373,43.1247
21374,44.4419
21375,37.2145
21376,37.413
21377,37.9923
21378,38.3928
21379,39.4791
21380,41.5749
21381,39.0549
21382,39.3258
21383,35.7982
21384,41.4413
21385,39.4849
21386,40.9224
21387,41.2612
21388,40.9527
21389,39.4538
21390,39.5193
21391,37.7257
21392,39.8195
21393,40.972
21394,44.249
21395,40.461
21396,39.6189
21397,42.4444
21398,41.5683
21399,42.9121
21400,39.995
21401,38.1841
21402,43.5796
21403,34.9067
21404,38.7612
21405,40.1012
21406,40.1669
21407,37.4583
21408,38.5831
21409,36.9273
21410,38.9041
21411,40.1028
21412,38.1333
21413,40.2607
21414,43.3911
21415,39.1515
21416,39.5711
21417,35.6299
21418,36.5205
21419,36.8878
21420,41.9565
21421,39.1407
21422,40.2999
21423,39.3566
21424,40.3606
21425,38.6835
21426,36.2568
21427,36.5954
21428,39.7801
21429,40.0772
21430,42.3398
21431,42.6513
21432,41.1386
21433,43.2632
21434,39.2898
21435,41.5106
21436,42.0847
21437,42.0948
21438,42.3061
21439,43.1405
21440,40.3128
21441,38.4078
21442,41.037
21443,38.9045
21444,39.361
21445,38.8135
21446,41.1042
21447,41.4277
21448,38.5583
21449,38.2062
21450,43.2759
21451,40.3287
21452,40.4284
21453,39.0124
21454,39.2401
21455,41.6521
21456,42.0601
21457,41.2006
21458,37.698
21459,40.4197
21460,41.8774
21461,45.1507
21462,40.1821
21463,41.2502
21464,39.1962
21465,39.6993
21466,35.9565
21467,36.1224
21468,43.4839
21469,37.9094
21470,39.9202
21471,41.5913
21472,38.6992
21473,35.0568
21474,38.3212
21475,41.6839
21476,38.4264
21477,35.8693
21478,40.8916
21479,38.9293
21480,41.2088
21481,39.9994
21482,39.3343
21483,40.4108
21484,41.4919
21485,41.7912
21486,41.8777
21487,41.9953
21488,39.2873
21489,38.8556
21490,40.5333
21491,40.9452
21492,41.118
21493,42.3337
21494,42.8415
21495,40.3101
21496,38.9394
21497,39.8095
21498,38.3064
21499,42.1797
21500,38.5013
21501,37.8362
21502,40.8636
21503,39.9725
21504,41.6081
21505,38.69
21506,38.0336
21507,41.0896
21508,41.0297
21509,43.1123
21510,38.0903
21511,43.2584
21512,38.1601
21513,35.2509
21514,41.0187
21515,39.4744
21516,37.9918
21517,38.5671
21518,39.3304
21519,39.8013
21520,40.6001
21521,41.2597
21522,40.3928
21523,41.485
21524,42.154
21525,41.3115
21526,41.3892
21527,38.8568
21528,39.9288
21529,38.038
21530,43.1848
21531,43.4795
21532,37.8339
21533,37.8423
21534,41.0825
21535,38.4866
21536,38.922
21537,38.4493
21538,39.5818
21539,39.9745
21540,39.0753
21541,39.4863
21542,40.4993
21543,40.5255
21544,40.9207
21545,39.9751
21546,40.0403
21547,41.0616
21548,40.3637
21549,40.4314
21550,40.8071
21551,40.8583
21552,42.3911
21553,41.44
21554,43.5072
21555,42.3427
21556,42.4649
21557,37.2244
21558,38.7662
21559,38.1626
21560,39.5883
21561,36.6846
21562,35.0112
21563,37.8125
21564,39.0527
21565,39.5989
21566,40.1515
21567,38.4184
21568,42.2978
21569,39.1924
21570,41.2201
21571,37.5119
21572,41.9701
21573,39.0445
21574,40.0751
21575,42.2989
21576,40.3801
21577,41.4739
21578,42.6129
21579,44.7002
21580,40.8338
21581,43.0798
21582,41.3315
21583,40.0096
21584,37.3293
21585,37.4106
21586,39.255
21587,39.487
21588,39.5553
21589,39.2268
21590,40.776
21591,37.0087
21592,37.3697
21593,42.6323
21594,38.2223
21595,40.9834
21596,39.3321
21597,36.3745
21598,39.4471
21599,40.0459
21600,39.2297
21601,41.096
21602,42.2578
21603,41.3277
21604,43.6127
21605,43.4062
21606,42.5025
21607,38.7338
21608,38.2133
21609,39.881
21610,39.4926
21611,37.0479
21612,39.3447
21613,42.0737
21614,41.5668
21615,38.6886
21616,40.7577
21617,36.6819
21618,37.0338
21619,37.3585
21620,38.1366
21621,38.3635
21622,37.9121
21623,38.964
21624,40.1919
21625,39.2097
21626,40.9189
21627,40.2772
21628,41.1625
21629,41.2055
21630,42.217
21631,41.8252
21632,42.9737
21633,45.163
21634,41.2046
21635,38.292
21636,41.092
21637,41.5902
21638,39.7074
21639,40.8392
21640,38.2101
21641,42.2398
21642,40.8753
21643,43.1327
21644,40.1411
21645,41.8541
21646,40.1259
21647,42.1934
21648,41.5523
21649,39.5663
21650,39.6194
21651,42.9328
21652,42.1745
21653,37.965
21654,39.4933
21655,39.8204
21656,39.658
21657,39.7142
21658,40.2527
21659,41.3725
21660,42.8186
21661,41.8437
21662,39.1654
21663,40.2551
21664,39.2171
21665,36.8129
21666,42.2403
21667,42.0062
21668,37.3639
21669,36.6043
21670,39.205
21671,39.3104
21672,40.0587
21673,44.88
21674,45.4075
21675,38.7019
21676,41.8026
21677,40.1696
21678,40.6868
21679,41.1963
21680,39.9582
21681,37.7682
21682,39.1601
21683,39.096
21684,41.6328
21685,39.318
21686,39.3727
21687,37.4454
21688,41.0277
21689,40.1552
21690,38.7537
21691,36.8294
21692,41.4018
21693,44.7661
21694,40.3264
21695,39.7547
21696,40.8665
21697,43.5168
21698,39.5321
21699,40.8368
21700,40.8521
21701,38.8922
21702,39.9007
21703,36.3494
21704,41.0545
21705,40.159
21706,39.5454
21707,37.5539
21708,37.6506
21709,38.1575
21710,43.1659
21711,42.5662
21712,39.1571
21713,39.4484
21714,39.0575
21715,39.5221
21716,38.7802
21717,41.791
21718,36.0073
21719,40.1432
21720,41.5277
21721,40.7201
21722,38.0075
21723,38.7935
21724,43.3695
21725,39.4776
21726,39.6384
21727,42.7488
21728,39.7889
21729,42.807
21730,40.1684
21731,43.539
21732,39.5474
21733,41.2641
21734,36.4114
21735,40.4363
21736,39.6324
21737,38.1812
21738,38.5
21739,35.6191
21740,38.6739
21741,40.9859
21742,36.0254
21743,40.898
21744,38.1957
21745,39.3973
21746,38.7722
21747,41.8183
21748,40.5611
21749,40.1567
21750,39.1987
21751,40.2071
21752,40.4808
21753,42.6405
21754,40.9488
21755,40.3326
21756,40.7185
21757,36.8972
21758,40.9445
21759,37.9529
21760,41.1659
21761,44.6283
21762,43.0129
21763,39.3032
21764,39.999
21765,41.3294
21766,40.9378
21767,42.1355
21768,39.4434
21769,41.4909
21770,38.5592
21771,36.8424
21772,42.046
21773,36.4538
21774,39.5117
21775,39.1337
21776,37.311
21777,39.1449
21778,36.3711
21779,41.7907
21780,42.9393
21781,42.4526
21782,39.8186
21783,40.9738
21784,40.3663
21785,41.7233
21786,41.9545
21787,35.9361
21788,37.9213
21789,40.4327
21790,39.7468
21791,45.8458
21792,38.3156
21793,42.6133
21794,39.7089
21795,36.2911
21796,40.2996
21797,41.4461
21798,34.5003
21799,41.9329
21800,42.8914
21801,37.033
21802,38.1226
21803,39.2896
21804,39.561
21805,40.0324
21806,43.3343
21807,39.6102
21808,38.7723
21809,38.5935
21810,37.6332
21811,36.9654
21812,40.8339
21813,39.179
21814,39.6229
21815,41.5713
21816,38.9259
21817,43.2586
21818,42.9421
21819,43.0355
21820,40.1134
21821,40.8735
21822,43.0456
21823,42.3724
21824,36.9038
21825,43.9634
21826,44.2987
21827,37.6787
21828,37.7286
21829,40.8204
21830,41.918
21831,36.9456
21832,39.4013
21833,40.0616
21834,40.4804
21835,38.4111
21836,41.7312
21837,42.1549
21838,37.3944
21839,37.8433
21840,35.3425
21841,36.4168
21842,38.4641
21843,38.8919
21844,39.2823
21845,41.3165
21846,39.3691
21847,39.9329
21848,40.0386
21849,38.2397
21850,37.9553
21851,42.0928
21852,37.1012
21853,41.244
21854,39.2717
21855,41.5348
21856,39.8803
21857,39.0887
21858,39.1618
21859,39.5477
21860,40.7126
21861,40.0831
21862,41.2658
21863,41.8137
21864,42.4338
21865,39.7683
21866,39.1206
21867,42.3478
21868,39.5047
21869,39.6259
21870,43.7653
21871,36.7922
21872,38.8695
21873,39.1612
21874,34.4173
21875,37.5124
21876,44.7289
21877,44.825
21878,38.8939
21879,39.398
21880,38.6074
21881,39.0526
21882,43.1384
21883,40.4101
21884,40.9631
21885,41.994
21886,37.3569
21887,40.4064
21888,41.7474
21889,36.7756
21890,42.6971
21891,41.0516
21892,39.1782
21893,41.8464
21894,39.8956
21895,40.1425
21896,39.5945
21897,37.9129
21898,38.5993
21899,40.0096
21900,41.0757
21901,36.0916
21902,41.2466
21903,42.4268
21904,37.9851
21905,41.3904
21906,42.6258
21907,43.104
21908,38.1573
21909,39.2197
21910,40.4373
21911,40.0097
21912,41.0483
21913,40.6452
21914,38.1508
21915,35.1906
21916,41.2986
21917,40.118
21918,40.5272
21919,44.3877
21920,39.8961
21921,38.0888
21922,32.3803
21923,42.5548
21924,39.2364
21925,39.724
21926,42.4526
21927,39.6702
21928,39.5063
21929,39.5285
21930,40.8637
21931,38.3805
21932,40.6256
21933,40.7353
21934,42.7686
21935,40.2045
21936,40.6573
21937,38.6658
21938,40.7298
21939,38.2224
21940,38.8188
21941,42.4153
21942,36.8385
21943,39.9016
21944,41.1121
21945,40.9117
21946,40.5211
21947,36.5296
21948,39.8922
21949,40.2549
21950,35.5392
21951,41.4522
21952,42.6718
21953,42.7291
21954,40.762
21955,41.827
21956,39.1292
21957,44.258
21958,44.7014
21959,39.3264
21960,43.9836
21961,41.0595
21962,41.2525
21963,41.5774
21964,36.948
21965,37.588
21966,38.2745
21967,36.1507
21968,37.607
21969,41.7043
21970,40.1199
21971,38.4256
21972,37.9697
21973,36.5268
21974,40.1487
21975,37.7191
21976,41.2126
21977,42.2146
21978,40.3368
21979,35.9606
21980,36.3084
21981,40.3694
21982,40.4609
21983,36.6833
21984,40.6917
21985,39.2649
21986,39.6552
21987,40.4916
21988,40.57
21989,40.2535
21990,41.3862
21991,42.0552
21992,41.6267
21993,38.9144
21994,39.3062
21995,39.355
21996,39.7417
21997,40.7938
21998,39.9179
21999,41.0736
22000,40.6884
22001,39.893
22002,40.1445
22003,40.5234
22004,40.5318
22005,42.1082
22006,38.8854
22007,40.2921
22008,39.7397
22009,41.9647
22010,41.1129
22011,41.6073
22012,41.6767
22013,41.2787
22014,37.5997
22015,37.9495
22016,37.4156
22017,37.6084
22018,40.9856
22019,38.1261
22020,38.6564
22021,42.9726
22022,39.3143
22023,35.6398
22024,41.1511
22025,42.7253
22026,41.8007
22027,40.8577
22028,40.9038
22029,41.529
22030,43.7386
22031,37.3756
22032,41.1788
22033,38.3549
22034,38.6753
22035,41.7378
22036,42.0458
22037,39.2597
22038,39.2603
22039,40.2981
22040,40.3258
22041,39.8534
22042,40.1623
22043,39.5081
22044,36.3092
22045,39.5177
22046,40.5261
22047,39.9244
22048,36.9867
22049,38.2754
22050,36.3986
22051,38.9423
22052,39.0893
22053,41.193
22054,38.2083
22055,37.6305
22056,39.7506
22057,37.8847
22058,38.2539
22059,38.4798
22060,39.5444
22061,40.8127
22062,39.8695
22063,40.7089
22064,38.1072
22065,39.3556
22066,41.5574
22067,42.646
22068,36.684
22069,38.8406
22070,43.5113
22071,40.4292
22072,40.757
22073,40.1227
22074,42.4948
22075,37.7809
22076,40.8669
22077,41.9764
22078,41.0927
22079,42.0198
22080,38.111
22081,40.3724
22082,38.7613
22083,42.8594
22084,39.1872
22085,39.3159
22086,39.65
22087,41.9618
22088,40.969
22089,42.2476
22090,42.0239
22091,38.1113
22092,42.1836
22093,38.4532
22094,36.6887
22095,39.6999
22096,40.8861
22097,43.5808
22098,41.8603
22099,39.897
22100,36.1664
22101,41.5989
22102,37.4036
22103,42.9017
22104,39.9712
22105,38.9855
22106,39.2887
22107,41.2712
22108,42.4351
22109,39.2558
22110,42.3201
22111,39.4167
22112,38.2362
22113,40.2915
22114,40.6841
22115,39.9225
22116,41.357
22117,39.4077
22118,40.9715
22119,36.5963
22120,42.0661
22121,39.2838
22122,39.7755
22123,40.3445
22124,36.7285
22125,39.958
22126,41.0965
22127,41.1421
22128,37.6139
22129,37.9221
22130,41.4377
22131,44.4383
22132,39.8253
22133,42.9094
22134,40.907
22135,43.9602
22136,40.4394
22137,42.6736
22138,38.7316
22139,38.9053
22140,37.4877
22141,39.0895
22142,38.6064
22143,41.8361
22144,40.9707
22145,40.2893
22146,42.7028
22147,41.1592
22148,43.3292
22149,40.2355
22150,38.6293
22151,40.7664
22152,42.4496
22153,36.4674
22154,37.5176
22155,37.7951
22156,41.1171
22157,38.3794
22158,42.5084
22159,39.6569
22160,40.3948
22161,39.6877
22162,40.3257
22163,41.6615
22164,40.8743
22165,37.044
22166,38.0322
22167,41.3797
22168,41.3541
22169,33.6615
22170,39.7698
22171,37.9606
22172,41.4242
22173,43.6094
22174,42.0321
22175,38.5183
22176,37.6067
22177,43.2735
22178,41.4473
22179,38.6756
22180,39.9924
22181,39.1317
22182,38.2128
22183,38.5744
22184,38.6557
22185,39.7308
22186,39.781
22187,40.6684
22188,41.784
22189,41.0818
22190,38.9482
22191,40.907
22192,40.9331
22193,43.6944
22194,39.8242
22195,41.0048
22196,40.4072
22197,39.4815
22198,40.841
22199,35.1454
22200,40.2521
22201,38.9134
22202,40.5826
22203,40.8949
22204,40.369
22205,36.8892
22206,41.0312
22207,41.0622
22208,38.4293
22209,39.3392
22210,39.6135
22211,39.6842
22212,40.0133
22213,38.8463
22214,43.2927
22215,40.4338
22216,44.5372
22217,36.8337
22218,39.4985
22219,38.7113
22220,39.9761
22221,42.057
22222,44.9906
22223,37.6191
22224,35.3523
22225,41.0235
22226,38.1229
22227,39.6423
22228,39.3777
22229,36.4871
22230,40.9984
22231,40.0743
22232,40.1674
22233,37.6832
22234,41.768
22235,38.7447
22236,42.8079
22237,38.4312
22238,42.0487
22239,42.0571
22240,44.2802
22241,37.8756
22242,40.0531
22243,40.3768
22244,37.886
22245,44.023
22246,38.8086
22247,39.0781
22248,39.4526
22249,41.9614
22250,40.5017
22251,41.5187
22252,42.0571
22253,42.2108
22254,41.6767
22255,36.9618
22256,39.8441
22257,37.54
22258,39.5516
22259,41.6357
22260,39.6818
22261,41.3614
22262,38.8717
22263,38.4568
22264,38.5148
22265,41.6766
22266,40.2678
22267,36.6109
22268,39.8611
22269,45.9568
22270,42.5043
22271,44.625
22272,36.9079
22273,36.2279
22274,38.4937
22275,41.7186
22276,38.4417
22277,38.4721
22278,39.864
22279,36.6587
22280,43.9965
22281,40.2286
22282,40.4442
22283,40.9108
22284,42.7514
22285,42.7335
22286,43.2254
22287,41.3546
22288,42.036
22289,42.0566
22290,39.2296
22291,40.255
22292,41.3249
22293,37.9615
22294,38.0794
22295,38.5504
22296,39.7187
22297,37.1722
22298,42.1994
22299,37.4363
22300,37.7005
22301,40.0096
22302,39.3927
22303,38.9492
22304,39.5274
22305,36.7282
22306,40.699
22307,36.7543
22308,38.8044
22309,40.1971
22310,38.8181
22311,37.4125
22312,39.4475
22313,40.07
22314,42.4172
22315,37.8197
22316,40.9606
22317,39.6176
22318,38.156
22319,40.1916
22320,38.8508
22321,43.0068
22322,41.1769
22323,40.7344
22324,40.2013
22325,40.2971
22326,42.7723
22327,41.4053
22328,38.8793
22329,39.0907
22330,37.9336
22331,42.0383
22332,38.1037
22333,44.2804
22334,42.8853
22335,38.4354
22336,39.7352
22337,36.9009
22338,46.8859
22339,40.1628
22340,38.3924
22341,37.7465
22342,38.5769
22343,39.827
22344,40.8168
22345,43.1986
22346,39.5965
22347,38.0385
22348,38.6737
22349,43.1857
22350,39.2947
22351,42.5199
22352,39.6077
22353,38.6781
22354,39.7741
22355,38.1578
22356,38.4033
22357,43.9625
22358,39.2599
22359,40.694
22360,39.7202
22361,36.8202
22362,37.1077
22363,39.2668
22364,39.2752
22365,43.2894
22366,40.8823
22367,41.2007
22368,41.3553
22369,38.8067
22370,39.8723
22371,44.0663
22372,39.0937
22373,38.1349
22374,40.3852
22375,38.8209
22376,39.9848
22377,42.22
22378,42.7199
22379,42.8766
22380,41.7743
22381,40.0529
22382,42.1677
22383,42.8507
22384,39.1158
22385,40.4702
22386,37.9736
22387,41.9185
22388,41.0565
22389,37.3207
22390,43.8973
22391,37.0959
22392,37.1614
22393,38.6757
22394,35.3946
22395,39.4665
22396,40.8043
22397,40.0436
22398,40.093
22399,38.2082
22400,37.335
22401,36.851
22402,37.5861
22403,40.157
22404,40.9694
22405,39.0614
22406,40.1952
22407,42.5146
22408,41.65
22409,38.7174
22410,40.0447
22411,40.3589
22412,41.2235
22413,42.4422
22414,39.2035
22415,43.2419
22416,38.7015
22417,36.9263
22418,40.1576
22419,41.2684
22420,40.1015
22421,39.4181
22422,37.1092
22423,39.6157
22424,40.6647
22425,37.8159
22426,38.1793
22427,38.1877
22428,41.4957
22429,41.7944
22430,41.1469
22431,41.1694
22432,40.2186
22433,41.7542
22434,42.1421
22435,43.2917
22436,38.4924
22437,40.6516
22438,42.6894
22439,38.7638
22440,39.031
22441,39.0862
22442,41.638
22443,41.6926
22444,43.9228
22445,45.5826
22446,37.1623
22447,41.2949
22448,38.8799
22449,38.4813
22450,37.7789
22451,39.3913
22452,40.5379
22453,38.9506
22454,41.845
22455,40.9013
22456,39.707
22457,37.7749
22458,36.5389
22459,39.5473
22460,38.0645
22461,42.4643
22462,43.7591
22463,40.1429
22464,40.2622
22465,36.6337
22466,40.1477
22467,46.2882
22468,40.3404
22469,39.2545
22470,41.3102
22471,39.58
22472,41.7706
22473,41.9239
22474,41.0543
22475,42.4597
22476,38.156
22477,42.2089
22478,43.4804
22479,39.1096
22480,39.3657
22481,39.8253
22482,41.3788
22483,37.2241
22484,39.8443
22485,39.7232
22486,38.7409
22487,39.8347
22488,42.5365
22489,40.8905
22490,41.8176
22491,41.9051
22492,37.4252
22493,42.5159
22494,39.0179
22495,43.116
22496,43.2669
22497,37.5966
22498,44.7663
22499,38.8318
22500,39.0541
22501,39.5531
22502,39.2093
22503,39.4598
22504,42.5975
22505,40.2339
22506,39.3261
22507,41.8067
22508,35.3496
22509,40.4879
22510,38.5162
22511,40.9104
22512,44.0429
22513,41.7404
22514,39.7998
22515,39.4528
22516,38.6626
22517,36.3242
22518,36.3426
22519,41.4086
22520,38.8455
22521,41.8811
22522,40.9753
22523,41.0949
22524,41.1642
22525,41.4669
22526,38.774
22527,37.919
22528,39.9999
22529,40.2489
22530,41.5284
22531,37.613
22532,40.877
22533,40.7327
22534,33.7751
22535,37.397
22536,37.946
22537,39.109
22538,43.2844
22539,38.7566
22540,40.3831
22541,39.6829
22542,41.6985
22543,40.8375
22544,37.2712
22545,40.0411
22546,39.6723
22547,36.4842
22548,41.63
22549,42.0338
22550,37.0328
22551,40.133
22552,40.6996
22553,37.8163
22554,38.7551
22555,39.066
22556,39.0885
22557,42.6093
22558,37.6852
22559,40.1963
22560,40.6288
22561,41.3494
22562,43.5947
22563,37.7846
22564,35.9103
22565,41.3265
22566,43.5575
22567,35.0141
22568,42.1528
22569,39.8566
22570,42.218
22571,45.2799
22572,37.3836
22573,38.5267
22574,40.6825
22575,39.209
22576,40.8067
22577,38.851
22578,38.8703
22579,36.8908
22580,40.0779
22581,38.9533
22582,40.2465
22583,39.0978
22584,38.3657
22585,41.4196
22586,41.6228
22587,43.6764
22588,37.0588
22589,41.2628
22590,35.3993
22591,40.4278
22592,36.9214
22593,39.1724
22594,40.3037
22595,37.663
22596,39.9893
22597,39.6491
22598,40.8572
22599,38.8904
22600,39.0093
22601,40.0626
22602,41.071
22603,39.4628
22604,39.5277
22605,40.585
22606,40.6391
22607,40.5372
22608,43.4586
22609,42.622
22610,37.1043
22611,43.1689
22612,43.5495
22613,40.7796
22614,40.8697
22615,37.3261
22616,38.5099
22617,42.8234
22618,39.515
22619,37.5294
22620,43.9374
22621,39.0018
22622,39.0592
22623,41.1544
22624,40.121
22625,39.163
22626,41.3782
22627,42.3262
22628,38.2162
22629,38.3349
22630,37.8836
22631,35.4361
22632,38.9398
22633,36.7699
22634,42.6611
22635,39.0582
22636,39.4849
22637,39.6771
22638,39.8119
22639,44.8469
22640,36.918
22641,38.0388
22642,41.8466
22643,39.4059
22644,39.7033
22645,37.8695
22646,38.4789
22647,40.53
22648,40.7672
22649,41.2988
22650,42.0173
22651,39.201
22652,38.6772
22653,40.7596
22654,38.7784
22655,38.8293
22656,39.0424
22657,39.6125
22658,35.9471
22659,42.3154
22660,44.4893
22661,39.9295
22662,42.0099
22663,41.1105
22664,43.3485
22665,41.4595
22666,38.2193
22667,38.6254
22668,38.719
22669,39.1847
22670,37.2247
22671,40.6516
22672,39.9178
22673,39.9656
22674,40.1818
22675,37.8464
22676,41.0284
22677,41.041
22678,39.0494
22679,43.4162
22680,41.7914
22681,41.9386
22682,42.0546
22683,39.667
22684,40.1545
22685,40.5076
22686,43.9487
22687,40.978
22688,39.7494
22689,39.1962
22690,38.1004
22691,40.3852
22692,40.6364
22693,39.1092
22694,37.7165
22695,40.3895
22696,40.7078
22697,40.8457
22698,39.918
22699,39.7414
22700,39.7498
22701,38.874
22702,41.2425
22703,41.5983
22704,36.3302
22705,43.4034
22706,44.4703
22707,42.9564
22708,41.9872
22709,43.4263
22710,42.4755
22711,40.5827
22712,40.0202
22713,42.5352
22714,39.9217
22715,43.7168
22716,37.2579
22717,41.4557
22718,39.3046
22719,41.2418
22720,37.4921
22721,39.6215
22722,40.1031
22723,40.6535
22724,40.8996
22725,40.9607
22726,41.0635
22727,41.1885
22728,41.7076
22729,37.4441
22730,39.1051
22731,36.7652
22732,39.8198
22733,40.0499
22734,39.8736
22735,37.1821
22736,38.5789
22737,38.5925
22738,39.821
22739,39.8566
22740,40.0212
22741,39.34
22742,40.5181
22743,35.533
22744,40.1223
22745,39.7651
22746,38.9396
22747,41.2553
22748,41.2424
22749,38.7218
22750,37.9992
22751,37.7023
22752,34.7636
22753,39.389
22754,42.8878
22755,41.0002
22756,37.279
22757,38.5087
22758,41.7607
22759,38.5841
22760,39.4769
22761,41.1295
22762,41.5689
22763,41.6403
22764,41.7958
22765,38.4108
22766,43.858
22767,38.3337
22768,41.6877
22769,38.7361
22770,42.0559
22771,40.0093
22772,41.2614
22773,41.8698
22774,39.9412
22775,38.8278
22776,44.5544
22777,38.7566
22778,41.953
22779,40.0316
22780,37.1297
22781,41.5217
22782,38.8575
22783,39.6312
22784,41.0002
22785,38.9992
22786,38.0077
22787,41.118
22788,36.7207
22789,38
22790,42.4399
22791,40.8365
22792,37.876
22793,39.2849
22794,35.6551
22795,38.9019
22796,39.04
22797,39.0778
22798,40.0862
22799,40.8677
22800,42.0764
22801,37.0848
22802,38.1094
22803,40.3986
22804,40.4898
22805,41.5878
22806,35.608
22807,40.7999
22808,41.382
22809,40.0885
22810,41.5024
22811,36.5125
22812,39.5395
22813,41.7535
22814,38.1525
22815,43.2441
22816,38.5217
22817,40.7408
22818,37.5314
22819,39.6189
22820,38.9139
22821,38.9684
22822,38.1413
22823,39.2146
22824,38.5086
22825,40.7132
22826,39.9337
22827,39.9479
22828,41.2909
22829,39.819
22830,41.3483
22831,38.8006
22832,39.4316
22833,43.0442
22834,41.4837
22835,42.3338
22836,40.3892
22837,37.7563
22838,38.0129
22839,38.1926
22840,40.9229
22841,38.6724
22842,42.3741
22843,40.8277
22844,37.8235
22845,41.8828
22846,40.1307
22847,39.8699
22848,41.3192
22849,38.0843
22850,38.3182
22851,38.4014
22852,38.6191
22853,39.284
22854,38.6583
22855,40.8087
22856,37.8273
22857,40.7588
22858,41.2233
22859,41.3106
22860,41.8458
22861,36.8568
22862,37.2781
22863,38.4554
22864,39.8473
22865,39.1664
22866,36.899
22867,38.9702
22868,40.8709
22869,39.1039
22870,39.4543
22871,39.8065
22872,41.4778
22873,39.0967
22874,37.6225
22875,39.8291
22876,40.4294
22877,39.5905
22878,38.7882
22879,37.0047
22880,41.0658
22881,37.8574
22882,38.3842
22883,38.4892
22884,38.86
22885,41.0929
22886,39.1634
22887,42.3882
22888,40.0555
22889,40.1349
22890,38.1429
22891,41.6511
22892,41.5047
22893,42.6722
22894,40.4465
22895,38.8798
22896,41.3646
22897,41.9402
22898,44.9486
22899,40.4259
22900,39.652
22901,38.5142
22902,39.1292
22903,44.5163
22904,39.6828
22905,39.6934
22906,36.7781
22907,39.9251
22908,39.127
22909,41.1271
22910,37.7344
22911,40.6509
22912,39.8762
22913,41.1228
22914,38.26
22915,41.7782
22916,39.1354
22917,39.948
22918,38.2251
22919,41.2335
22920,40.3242
22921,39.6466
22922,38.8639
22923,38.5841
22924,42.7362
22925,40.3604
22926,40.1173
22927,41.5089
22928,38.5636
22929,42.2485
22930,37.5772
22931,43.0437
22932,37.9387
22933,35.3281
22934,41.3988
22935,38.6834
22936,39.2396
22937,39.5513
22938,43.1032
22939,38.3923
22940,41.5204
22941,38.8168
22942,41.8601
22943,40.035
22944,40.1363
22945,40.2793
22946,41.6155
22947,42.9195
22948,37.2503
22949,41.6135
22950,40.2709
22951,43.0013
22952,39.1629
22953,39.7164
22954,41.6282
22955,37.1126
22956,40.1006
22957,41.2132
22958,36.0059
22959,36.6078
22960,40.6227
22961,35.8733
22962,41.4516
22963,41.9834
22964,42.1032
22965,39.6298
22966,37.7208
22967,37.8042
22968,38.0724
22969,38.0957
22970,39.1116
22971,41.6325
22972,37.1148
22973,37.1569
22974,43.2834
22975,38.543
22976,42.6127
22977,40.0571
22978,40.1805
22979,40.4662
22980,41.5928
22981,36.8371
22982,40.8949
22983,38.9729
22984,34.0101
22985,41.0824
22986,42.3375
22987,41.6183
22988,36.188
22989,38.3121
22990,44.2319
22991,40.4014
22992,37.8683
22993,40.5402
22994,43.2064
22995,41.6207
22996,37.9442
22997,38.1537
22998,36.9223
22999,40.0985
23000,38.2937
23001,39.3767
23002,38.9043
23003,39.1858
23004,41.7948
23005,41.2275
23006,39.5335
23007,38.5475
23008,42.2704
23009,42.399
23010,40.3133
23011,37.4882
23012,42.1562
23013,40.8551
23014,39.1063
23015,38.873
23016,39.3592
23017,39.0591
23018,41.9555
23019,36.9986
23020,42.3246
23021,37.8556
23022,42.8811
23023,38.4689
23024,39.8417
23025,39.2649
23026,39.529
23027,39.6397
23028,41.5037
23029,40.5416
23030,40.5501
23031,41.8909
23032,40.8578
23033,38.1101
23034,38.0785
23035,39.2314
23036,42.5593
23037,37.055
23038,38.8512
23039,38.9755
23040,41.0257
23041,41.2978
23042,40.7759
23043,39.8875
23044,38.9933
23045,40.1361
23046,38.5905
23047,39.6103
23048,41.8236
23049,43.5151
23050,41.4276
23051,41.9812
23052,41.0097
23053,38.2178
23054,41.4613
23055,44.44
23056,41.0401
23057,42.3412
23058,38.2759
23059,41.2864
23060,41.96
23061,38.4114
23062,35.8812
23063,37.977
23064,37.0183
23065,40.075
23066,37.6839
23067,41.5164
23068,41.5645
23069,41.5742
23070,39.7656
23071,39.8932
23072,37.6906
23073,37.908
23074,39.9613
23075,42.971
23076,38.9888
23077,41.1174
23078,40.2102
23079,41.1821
23080,40.3125
23081,40.1513
23082,42.5293
23083,43.2417
23084,39.7366
23085,38.4792
23086,38.8815
23087,40.502
23088,36.8513
23089,42.839
23090,39.3124
23091,39.1789
23092,43.0721
23093,42.1726
23094,42.5426
23095,40.2136
23096,39.8491
23097,40.1888
23098,39.1531
23099,43.5358
23100,39.9974
23101,40.2067
23102,38.1442
23103,36.1771
23104,38.3636
23105,36.0392
23106,37.9713
23107,38.9487
23108,37.2417
23109,38.3891
23110,38.6658
23111,37.8465
23112,40.5666
23113,41.0687
23114,43.0772
23115,41.522
23116,41.5734
23117,42.1527
23118,42.7588
23119,40.7764
23120,38.6095
23121,39.7763
23122,39.0271
23123,40.5403
23124,39.8277
23125,37.9972
23126,38.0056
23127,41.4835
23128,39.4221
23129,41.7854
23130,42.1363
23131,42.1929
23132,40.6998
23133,38.9561
23134,43.117
23135,39.2286
23136,40.4823
23137,38.9633
23138,42.1591
23139,42.6231
23140,38.4443
23141,38.1326
23142,40.8639
23143,39.1259
23144,37.0967
23145,38.468
23146,36.6984
23147,36.728
23148,39.075
23149,39.444
23150,37.5006
23151,39.5553
23152,40.6067
23153,44.6969
23154,38.4642
23155,37.9192
23156,40.969
23157,39.7568
23158,42.128
23159,43.1877
23160,43.4681
23161,37.6967
23162,42.8431
23163,40.9066
23164,39.3025
23165,37.3611
23166,39.7962
23167,39.8184
23168,39.6894
23169,41.1466
23170,43.2064
23171,41.3458
23172,42.2906
23173,42.6994
23174,40.901
23175,40.8967
23176,42.5372
23177,41.7101
23178,38.7584
23179,38.4577
23180,37.7365
23181,39.3761
23182,36.6402
23183,38.969
23184,38.008
23185,40.1172
23186,40.003
23187,41.221
23188,40.2686
23189,40.2832
23190,40.918
23191,36.0107
23192,42.4009
23193,39.5113
23194,43.5049
23195,41.235
23196,36.9308
23197,40.4558
23198,38.9159
23199,38.929
23200,39.5433
23201,37.838
23202,36.7799
23203,38.7359
23204,41.2842
23205,41.5189
23206,41.8231
23207,38.9522
23208,43.9107
23209,40.7728
23210,42.0395
23211,44.0589
23212,38.909
23213,38.45
23214,38.8296
23215,37.1385
23216,39.4904
23217,40.5519
23218,40.8364
23219,41.0342
23220,39.2138
23221,38.2975
23222,40.351
23223,40.6509
23224,39.0471
23225,41.2031
23226,41.9631
23227,36.393
23228,44.5198
23229,43.0654
23230,36.3713
23231,37.8111
23232,39.9915
23233,38.2235
23234,40.4388
23235,39.4638
23236,38.86
23237,39.8878
23238,37.0653
23239,39.1621
23240,39.2339
23241,39.3927
23242,39.4679
23243,41.6432
23244,39.4937
23245,39.3816
23246,38.6356
23247,44.2914
23248,41.4731
23249,40.341
23250,44.3985
23251,40.5809
23252,40.5893
23253,41.9331
23254,39.8859
23255,37.8139
23256,41.9069
23257,41.4687
23258,43.2385
23259,42.7242
23260,44.0751
23261,38.6306
23262,40.1004
23263,39.9165
23264,40.0875
23265,41.1552
23266,39.551
23267,40.6803
23268,37.004
23269,39.1508
23270,42.4482
23271,36.2798
23272,39.0891
23273,44.1458
23274,38.9611
23275,42.0827
23276,42.1278
23277,38.8564
23278,39.1067
23279,39.1683
23280,39.2512
23281,39.78
23282,40.8765
23283,39.2703
23284,38.7457
23285,40.1745
23286,35.9906
23287,42.0985
23288,37.316
23289,42.3519
23290,41.7416
23291,40.8989
23292,41.6085
23293,42.7998
23294,43.5708
23295,37.829
23296,39.9452
23297,39.9978
23298,42.0062
23299,39.0858
23300,39.1624
23301,39.534
23302,44.5617
23303,41.055
23304,42.2231
23305,37.7155
23306,37.9131
23307,39.303
23308,40.5594
23309,40.6136
23310,36.7425
23311,41.3232
23312,34.6276
23313,39.1444
23314,39.06
23315,40.107
23316,44.0281
23317,38.5974
23318,40.395
23319,42.4835
23320,35.8302
23321,37.2956
23322,37.9334
23323,38.8132
23324,41.8882
23325,37.9832
23326,39.4669
23327,35.659
23328,39.6712
23329,40.424
23330,40.6256
23331,39.805
23332,37.3291
23333,40.5153
23334,41.726
23335,42.0312
23336,38.7513
23337,37.8012
23338,38.782
23339,39.9197
23340,39.4884
23341,39.523
23342,40.8399
23343,38.9782
23344,38.9461
23345,39.1186
23346,38.1476
23347,39.2955
23348,37.6175
23349,38.2139
23350,38.6893
23351,40.0099
23352,40.0142
23353,41.2641
23354,41.7383
23355,43.0307
23356,37.2837
23357,41.9754
23358,38.5151
23359,41.5315
23360,41.0295
23361,37.3589
23362,41.53
23363,43.067
23364,38.1578
23365,41.4184
23366,37.7293
23367,37.8589
23368,39.3557
23369,41.1708
23370,40.5856
23371,42.2868
23372,40.4538
23373,42.6351
23374,41.334
23375,40.5902
23376,40.3177
23377,38.6311
23378,39.1246
23379,42.1463
23380,42.8062
23381,37.1087
23382,41.2368
23383,43.4164
23384,35.8853
23385,41.0181
23386,37.6158
23387,42.9927
23388,41.5438
23389,37.1589
23390,39.854
23391,40.2218
23392,43.0653
23393,41.0814
23394,37.0898
23395,39.0982
23396,37.5715
23397,35.8115
23398,45.4815
23399,38.4973
23400,38.7472
23401,44.5203
23402,42.9594
23403,43.3584
23404,38.4
23405,39.5825
23406,43.627
23407,39.1452
23408,42.8867
23409,39.2318
23410,41.6449
23411,41.5703
23412,45.5934
23413,41.5015
23414,37.5976
23415,34.8198
23416,40.4175
23417,41.0993
23418,37.1447
23419,37.3417
23420,41.9863
23421,39.0978
23422,38.7548
23423,40.7706
23424,39.3872
23425,39.5798
23426,41.6084
23427,42.7564
23428,41.0136
23429,42.4025
23430,38.6098
23431,41.8681
23432,42.2543
23433,41.6464
23434,39.8032
23435,35.2147
23436,40.4429
23437,37.743
23438,41.2307
23439,39.3211
23440,41.5046
23441,41.7982
23442,38.0845
23443,39.3885
23444,39.4279
23445,39.7125
23446,38.7801
23447,38.8572
23448,40.0402
23449,40.2085
23450,39.4353
23451,39.7148
23452,39.9347
23453,41.0782
23454,41.472
23455,40.8817
23456,42.2783
23457,40.3391
23458,40.9802
23459,42.7034
23460,42.2512
23461,40.4945
23462,42.8037
23463,38.0701
23464,40.9359
23465,36.5917
23466,41.161
23467,38.7119
23468,38.8626
23469,40.3139
23470,38.4144
23471,40.6897
23472,39.9857
23473,42.1487
23474,43.7578
23475,34.9302
23476,37.5159
23477,38.9021
23478,39.7074
23479,39.8859
23480,41.2019
23481,41.8655
23482,42.9015
23483,40.563
23484,39.841
23485,40.0542
23486,36.5941
23487,41.0769
23488,40.6743
23489,41.3701
23490,42.6852
23491,37.172
23492,38.3117
23493,37.8848
23494,39.3497
23495,39.5991
23496,40.0706
23497,40.9918
23498,41.1292
23499,41.5866
23500,41.8517
23501,42.3236
23502,42.7912
23503,44.0577
23504,39.8897
23505,38.4304
23506,37.4288
23507,40.2968
23508,37.8294
23509,41.3663
23510,36.9777
23511,41.2929
23512,39.3556
23513,38.7322
23514,38.0483
23515,39.2967
23516,42.4545
23517,42.6962
23518,42.9874
23519,39.2544
23520,37.7049
23521,40.305
23522,41.3332
23523,40.4905
23524,37.2689
23525,40.4623
23526,39.6411
23527,36.3264
23528,40.6878
23529,41.1821
23530,38.4842
23531,46.27
23532,39.7718
23533,38.6301
23534,38.7594
23535,42.7897
23536,37.8932
23537,38.0598
23538,38.1707
23539,38.3607
23540,38.4694
23541,38.5287
23542,35.3407
23543,39.5745
23544,39.9988
23545,40.1675
23546,40.4346
23547,38.8229
23548,41.367
23549,39.4792
23550,41.8939
23551,42.0465
23552,38.5383
23553,36.8413
23554,40.081
23555,38.3438
23556,43.8255
23557,40.8611
23558,38.194
23559,45.8897
23560,39.9373
23561,38.9753
23562,41.1845
23563,36.8744
23564,40.889
23565,39.1925
23566,41.6231
23567,39.071
23568,39.2161
23569,39.5852
23570,44.5997
23571,37.3901
23572,40.7377
23573,41.9978
23574,38.194
23575,40.3476
23576,42.3837
23577,38.4485
23578,41.7336
23579,40.7095
23580,45.7877
23581,36.0285
23582,42.3027
23583,39.3111
23584,41.4685
23585,39.7759
23586,38.2428
23587,38.2809
23588,40.195
23589,38.5065
23590,39.9501
23591,39.4237
23592,39.4759
23593,38.0465
23594,38.4215
23595,38.6426
23596,40.378
23597,40.0315
23598,36.178
23599,39.1359
23600,38.761
23601,39.2309
23602,40.5778
23603,41.5117
23604,40.7231
23605,42.2668
23606,41.6897
23607,37.1363
23608,36.9757
23609,42.3066
23610,41.4131
23611,37.1006
23612,41.3318
23613,34.8919
23614,37.7858
23615,39.2981
23616,38.4101
23617,35.7444
23618,38.4164
23619,42.594
23620,38.0141
23621,39.353
23622,39.745
23623,40.0056
23624,40.2376
23625,40.9054
23626,40.9944
23627,41.203
23628,42.7984
23629,42.344
23630,41.3543
23631,42.5975
23632,40.3229
23633,39.5465
23634,39.137
23635,44.6339
23636,38.927
23637,40.5842
23638,44.7295
23639,38.8241
23640,38.8457
23641,41.1253
23642,40.2644
23643,39.6935
23644,41.0978
23645,39.1094
23646,41.2301
23647,44.3352
23648,43.1213
23649,42.5727
23650,38.0715
23651,41.085
23652,40.4001
23653,38.9669
23654,39.1993
23655,37.4839
23656,39.6799
23657,36.6884
23658,39.9623
23659,38.0757
23660,40.1771
23661,39.8503
23662,42.6792
23663,44.9568
23664,39.1246
23665,42.2388
23666,39.3287
23667,40.6586
23668,40.0498
23669,40.2319
23670,39.2956
23671,41.311
23672,37.1871
23673,40.3013
23674,43.9853
23675,38.5067
23676,39.9743
23677,38.0884
23678,40.2514
23679,41.2835
23680,38.9871
23681,42.8635
23682,39.1189
23683,43.4128
23684,44.7376
23685,36.8031
23686,41.2157
23687,38.7958
23688,41.2831
23689,41.3211
23690,42.4162
23691,39.0455
23692,40.0806
23693,39.3375
23694,41.642
23695,39.8154
23696,40.3733
23697,40.4928
23698,43.2456
23699,43.5371
23700,38.7985
23701,41.9417
23702,44.3538
23703,36.8613
23704,39.0337
23705,37.3208
23706,41.3541
23707,41.4373
23708,39.9217
23709,41.8653
23710,38.9064
23711,44.7996
23712,37.5464
23713,39.3214
23714,40.3437
23715,39.2668
23716,43.7437
23717,41.818
23718,38.9783
23719,41.4936
23720,39.7672
23721,37.8054
23722,39.7112
23723,40.1133
23724,39.8919
23725,39.0506
23726,37.4634
23727,42.3881
23728,39.066
23729,35.8655
23730,38.6564
23731,39.2536
23732,44.2129
23733,38.2375
23734,42.1872
23735,41.2835
23736,42.7111
23737,44.207
23738,36.2152
23739,39.1033
23740,37.3984
23741,40.4252
23742,40.5367
23743,39.4758
23744,39.668
23745,42.717
23746,40.5175
23747,40.6231
23748,42.4954
23749,37.5038
23750,36.5452
23751,41.8436
23752,40.9816
23753,37.0955
23754,42.2106
23755,37.702
23756,41.2624
23757,39.784
23758,40.4034
23759,43.2638
23760,38.5221
23761,38.1846
23762,36.2273
23763,43.1473
23764,39.3468
23765,44.1168
23766,39.432
23767,39.7453
23768,43.7989
23769,41.2574
23770,40.31
23771,40.5795
23772,40.8701
23773,39.6583
23774,38.4552
23775,37.963
23776,38.069
23777,39.1343
23778,36.3263
23779,36.6048
23780,42.5384
23781,37.7374
23782,40.9445
23783,40.0923
23784,41.66
23785,39.7029
23786,39.9732
23787,37.2824
23788,38.3364
23789,40.3895
23790,40.2192
23791,39.3389
23792,39.5044
23793,41.6083
23794,41.8406
23795,42.1728
23796,36.0673
23797,41.5295
23798,38.181
23799,42.2947
23800,39.4451
23801,39.5507
23802,39.7472
23803,40.1417
23804,42.4874
23805,39.6484
23806,39.1503
23807,45.4113
23808,38.9654
23809,39.2286
23810,41.4654
23811,40.6837
23812,40.8443
23813,43.5969
23814,36.8765
23815,40.5512
23816,40.7519
23817,42.2339
23818,41.5388
23819,39.594
23820,42.92
23821,38.0471
23822,42.2818
23823,42.4058
23824,38.6173
23825,38.6258
23826,36.5601
23827,39.8192
23828,40.2135
23829,40.4502
23830,40.4815
23831,40.1987
23832,37.5418
23833,40.8965
23834,42.4025
23835,38.6269
23836,36.8053
23837,37.1587
23838,40.2226
23839,38.2383
23840,38.8491
23841,39.9477
23842,41.9873
23843,42.56
23844,39.6783
23845,41.6111
23846,37.9799
23847,38.3514
23848,40.9993
23849,43.1262
23850,42.3278
23851,38.9085
23852,41.1051
23853,42.4484
23854,40.6157
23855,34.1492
23856,42.3348
23857,44.7772
23858,42.5411
23859,42.2222
23860,39.311
23861,37.483
23862,41.8231
23863,41.6112
23864,39.8453
23865,40.7802
23866,40.8745
23867,41.9767
23868,41.3662
23869,42.1815
23870,42.8237
23871,45.1568
23872,41.2537
23873,44.048
23874,40.8416
23875,38.2879
23876,36.5337
23877,38.061
23878,40.2091
23879,40.199
23880,38.9043
23881,42.0552
23882,37.2179
23883,40.2505
23884,40.6721
23885,40.8539
23886,38.8669
23887,39.1962
23888,39.5018
23889,42.6418
23890,40.6112
23891,42.7508
23892,37.1866
23893,36.618
23894,40.1579
23895,41.3938
23896,37.8366
23897,38.3487
23898,42.4946
23899,38.5467
23900,38.5636
23901,37.5369
23902,38.5453
23903,38.9764
23904,38.0633
23905,38.4427
23906,39.5454
23907,38.7421
23908,40.892
23909,38.9367
23910,38.9452
23911,41.053
23912,39.1713
23913,41.3855
23914,39.6481
23915,43.742
23916,39.9898
23917,36.2857
23918,40.4854
23919,38.6972
23920,38.7818
23921,41.988
23922,43.2596
23923,42.4792
23924,44.5359
23925,36.8585
23926,39.0449
23927,43.1772
23928,41.0282
23929,39.0871
23930,41.1805
23931,38.496
23932,41.5654
23933,41.7966
23934,44.961
23935,39.171
23936,42.5144
23937,42.2426
23938,40.251
23939,37.6037
23940,39.0695
23941,40.4458
23942,42.4648
23943,37.8241
23944,35.8354
23945,41.0432
23946,40.135
23947,40.3109
23948,41.1105
23949,40.3193
23950,41.8931
23951,38.7457
23952,37.9813
23953,37.5201
23954,38.7815
23955,43.1712
23956,39.6491
23957,37.6656
23958,37.9661
23959,42.3062
23960,43.1548
23961,39.5322
23962,41.5522
23963,38.916
23964,42.1453
23965,40.3394
23966,39.7514
23967,40.9068
23968,42.0156
23969,41.3491
23970,41.4269
23971,41.9324
23972,39.2634
23973,44.4463
23974,40.4963
23975,37.7677
23976,37.8534
23977,44.5827
23978,38.9828
23979,36.6601
23980,38.6415
23981,38.1091
23982,41.6678
23983,39.9544
23984,40.2819
23985,41.9264
23986,40.0734
23987,40.385
23988,37.6911
23989,36.0451
23990,39.8473
23991,39.9691
23992,41.7119
23993,39.7335
23994,39.588
23995,43.5988
23996,39.3983
23997,40.5965
23998,41.1267
23999,43.626
24000,42.1396
24001,41.3189
24002,40.7894
24003,42.3054
24004,44.3712
24005,39.4863
24006,37.8549
24007,42.5404
24008,37.6166
24009,39.0963
24010,39.3291
24011,41.8049
24012,40.9285
24013,39.2161
24014,40.8769
24015,38.28
24016,38.3004
24017,40.627
24018,38.9479
24019,40.9444
24020,39.4266
24021,39.3071
24022,41.3813
24023,40.6583
24024,37.932
24025,42.2322
24026,39.2801
24027,39.6149
24028,39.9048
24029,38.7217
24030,40.8647
24031,36.696
24032,37.9602
24033,37.5069
24034,40.1431
24035,40.1123
24036,39.7433
24037,37.7658
24038,38.6672
24039,42.1102
24040,40.9899
24041,40.2806
24042,42.0211
24043,41.3659
24044,44.4633
24045,43.0572
24046,40.4417
24047,41.8885
24048,39.0543
24049,39.1286
24050,38.3776
24051,38.715
24052,37.9022
24053,39.0798
24054,38.5635
24055,39.1992
24056,37.8398
24057,40.8498
24058,39.9514
24059,38.1093
24060,38.2476
24061,41.2839
24062,39.3607
24063,40.0695
24064,37.0317
24065,42.2825
24066,41.708
24067,38.676
24068,43.5551
24069,34.13
24070,41.4283
24071,37.7276
24072,41.9888
24073,38.3693
24074,41.1048
24075,38.3214
24076,41.0096
24077,39.545
24078,42.5766
24079,40.7498
24080,41.7968
24081,41.1178
24082,42.7252
24083,39.0027
24084,41.0169
24085,42.9453
24086,38.8706
24087,37.1263
24088,41.2081
24089,41.5393
24090,38.8916
24091,40.4887
24092,39.7376
24093,38.8821
24094,39.2493
24095,40.4018
24096,44.4184
24097,39.2527
24098,40.3714
24099,41.837
24100,38.6826
24101,39.7985
24102,41.0373
24103,40.2559
24104,41.2644
24105,38.6153
24106,36.8832
24107,38.9484
24108,37.3422
24109,39.4709
24110,38.3881
24111,43.7627
24112,37.805
24113,39.4072
24114,40.0209
24115,40.2391
24116,37.3438
24117,38.4269
24118,41.059
24119,41.5298
24120,41.6038
24121,43.7174
24122,42.509
24123,43.8075
24124,37.1916
24125,41.8395
24126,41.3116
24127,38.8168
24128,38.8816
24129,41.2858
24130,40.5943
24131,41.7537
24132,39.9946
24133,38.0066
24134,37.7313
24135,44.0825
24136,38.2771
24137,37.7488
24138,40.1017
24139,41.594
24140,39.8542
24141,41.801
24142,40.1472
24143,37.5126
24144,38.0166
24145,38.6099
24146,38.6183
24147,38.7327
24148,38.8076
24149,40.18
24150,39.3624
24151,39.4193
24152,37.6235
24153,39.9698
24154,40.3283
24155,39.0114
24156,35.4535
24157,37.7336
24158,39.0088
24159,42.0346
24160,40.1192
24161,36.1276
24162,44.2565
24163,42.5973
24164,39.6169
24165,40.7257
24166,40.8577
24167,40.8863
24168,37.2905
24169,41.3342
24170,40.5532
24171,43.7394
24172,41.9495
24173,40.0742
24174,41.3873
24175,38.8042
24176,38.9091
24177,45.2244
24178,37.851
24179,40.4758
24180,39.5975
24181,41.0362
24182,39.2298
24183,42.2091
24184,40.279
24185,40.5102
24186,36.0221
24187,41.095
24188,41.6311
24189,39.2536
24190,39.3001
24191,35.3932
24192,40.8583
24193,42.0516
24194,37.6069
24195,37.7291
24196,41.9073
24197,38.4285
24198,40.921
24199,39.8898
24200,37.8246
24201,42.0564
24202,41.5362
24203,41.5868
24204,43.485
24205,37.9134
24206,44.0483
24207,38.3338
24208,40.0752
24209,38.4719
24210,40.7219
24211,39.3377
24212,42.4919
24213,41.5537
24214,38.8538
24215,42.9135
24216,41.2982
24217,39.637
24218,40.9379
24219,44.278
24220,40.2393
24221,41.2001
24222,37.98
24223,39.3127
24224,39.563
24225,38.8827
24226,41.6306
24227,39.4221
24228,40.6391
24229,40.1079
24230,42.5451
24231,41.8008
24232,43.6324
24233,38.7035
24234,43.9661
24235,39.9196
24236,40.5607
24237,40.2635
24238,39.5405
24239,40.4233
24240,38.8283
24241,41.1388
24242,42.3553
24243,40.9607
24244,37.1468
24245,37.7005
24246,42.7305
24247,38.8531
24248,41.3376
24249,41.5432
24250,40.6833
24251,38.7834
24252,39.9814
24253,39.5183
24254,40.8381
24255,37.0726
24256,36.2144
24257,43.1915
24258,40.2543
24259,39.3579
24260,41.5099
24261,38.4818
24262,39.4943
24263,41.5027
24264,38.571
24265,41.1125
24266,40.3994
24267,41.5273
24268,41.1057
24269,40.1046
24270,42.9849
24271,42.9075
24272,44.6376
24273,44.2673
24274,37.3001
24275,37.8739
24276,41.0459
24277,38.766
24278,38.8453
24279,36.7632
24280,40.5744
24281,40.5838
24282,42.6562
24283,41.19
24284,41.2219
24285,41.754
24286,39.0486
24287,40.5106
24288,42.5708
24289,39.6824
24290,39.6924
24291,40.0066
24292,40.0447
24293,40.2204
24294,40.4296
24295,37.9089
24296,40.9642
24297,39.9588
24298,42.5325
24299,40.4754
24300,38.5504
24301,38.5589
24302,41.9939
24303,37.4993
24304,37.9219
24305,39.2066
24306,36.2687
24307,38.7371
24308,39.0515
24309,39.1588
24310,40.1667
24311,42.5656
24312,39.7296
24313,41.1473
24314,39.6818
24315,39.9115
24316,36.0117
24317,36.7057
24318,41.5263
24319,37.7336
24320,38.8402
24321,35.391
24322,37.7798
24323,38.2637
24324,39.5303
24325,41.4012
24326,39.4168
24327,35.9527
24328,40.3815
24329,42.0878
24330,41.1811
24331,42.1318
24332,39.8883
24333,39.9594
24334,44.3913
24335,40.1239
24336,37.7339
24337,41.353
24338,38.6456
24339,39.6804
24340,41.9559
24341,37.1796
24342,38.5496
24343,40.5705
24344,40.2786
24345,39.8671
24346,40.4458
24347,41.2537
24348,41.2853
24349,42.3557
24350,42.4141
24351,41.4828
24352,39.639
24353,40.9367
24354,40.6863
24355,38.8484
24356,42.0423
24357,39.0792
24358,38.1499
24359,39.6218
24360,42.7305
24361,39.1783
24362,36.3341
24363,43.4501
24364,36.8437
24365,37.3495
24366,37.8925
24367,38.3268
24368,38.3529
24369,42.4868
24370,38.8945
24371,39.0441
24372,39.0741
24373,39.3134
24374,38.3218
24375,39.8731
24376,42.2594
24377,42.3905
24378,40.523
24379,40.7313
24380,40.9355
24381,41.1178
24382,37.3854
24383,42.2359
24384,38.5829
24385,42.9257
24386,36.9767
24387,38.6256
24388,39.0929
24389,40.3223
24390,35.6477
24391,39.6678
24392,36.2592
24393,40.5872
24394,40.89
24395,40.1147
24396,41.1579
24397,39.5169
24398,42.5514
24399,41.7754
24400,42.5
24401,41.3045
24402,39.5314
24403,39.7366
24404,40.1619
24405,41.4546
24406,41.7788
24407,38.0431
24408,42.0914
24409,44.1297
24410,40.0452
24411,39.179
24412,41.7966
24413,36.9127
24414,41.3967
24415,38.9615
24416,38.9733
24417,43.5706
24418,35.7354
24419,40.9002
24420,38.1144
24421,39.8773
24422,40.9949
24423,41.3752
24424,42.1307
24425,42.2679
24426,38.2839
24427,38.8307
24428,40.4793
24429,39.9388
24430,40.769
24431,41.7774
24432,41.085
24433,39.346
24434,42.4809
24435,38.6638
24436,36.692
24437,39.7005
24438,40.4454
24439,41.5459
24440,41.6684
24441,41.8839
24442,41.9303
24443,41.2469
24444,42.8697
24445,43.0157
24446,40.5605
24447,43.9515
24448,38.5159
24449,38.4759
24450,42.1042
24451,43.5106
24452,36.9973
24453,38.78
24454,40.7885
24455,38.4711
24456,35.1413
24457,40.5764
24458,41.9022
24459,38.0815
24460,42.3418
24461,36.7777
24462,37.9309
24463,38.005
24464,42.935
24465,39.1927
24466,39.8426
24467,38.7231
24468,38.9591
24469,39.746
24470,40.3564
24471,41.6038
24472,42.0226
24473,38.9093
24474,39.2761
24475,43.365
24476,37.7047
24477,38.6735
24478,38.8963
24479,39.3728
24480,39.1626
24481,40.6347
24482,40.7754
24483,40.9188
24484,40.9278
24485,32.4436
24486,38.452
24487,41.7301
24488,40.8635
24489,39.28
24490,38.417
24491,39.4379
24492,40.2441
24493,40.3163
24494,41.2742
24495,39.3119
24496,43.1231
24497,37.2216
24498,39.6627
24499,39.9326
24500,38.6276
24501,41.6159
24502,38.5298
24503,42.5428
24504,39.4795
24505,39.708
24506,36.1986
24507,38.2402
24508,38.1058
24509,39.2451
24510,39.2578
24511,40.1931
24512,41.0231
24513,41.2656
24514,41.3656
24515,40.9282
24516,38.9372
24517,41.9989
24518,36.3122
24519,37.7075
24520,38.8697
24521,42.0234
24522,39.4126
24523,42.1008
24524,35.5798
24525,41.342
24526,39.6826
24527,41.8796
24528,38.0851
24529,38.205
24530,42.3896
24531,38.7586
24532,38.8808
24533,39.8215
24534,39.9901
24535,41.0261
24536,40.4728
24537,40.8713
24538,40.9268
24539,38.0019
24540,41.1556
24541,38.6081
24542,43.6854
24543,43.3336
24544,37.6402
24545,38.2479
24546,38.2732
24547,38.2975
24548,42.7385
24549,38.9947
24550,42.6457
24551,40.3533
24552,42.9929
24553,39.4004
24554,37.7795
24555,37.8783
24556,36.7259
24557,39.6412
24558,36.9514
24559,42.7118
24560,41.8832
24561,40.2621
24562,39.6467
24563,39.6551
24564,40.8356
24565,39.2314
24566,38.2741
24567,38.607
24568,40.6872
24569,38.9982
24570,39.3988
24571,37.8577
24572,39.4665
24573,40.7429
24574,41.0784
24575,36.7989
24576,37.2796
24577,43.3592
24578,41.8522
24579,38.0072
24580,43.1548
24581,42.4101
24582,37.4429
24583,41.6488
24584,39.5354
24585,40.9716
24586,41.1272
24587,40.1407
24588,41.3373
24589,41.7149
24590,41.9237
24591,37.3947
24592,42.9198
24593,39.1685
24594,42.2818
24595,40.4508
24596,38.5789
24597,35.8146
24598,38.9819
24599,38.1067
24600,42.1716
24601,40.2872
24602,39.8297
24603,39.2568
24604,39.4518
24605,42.0924
24606,41.2603
24607,39.9671
24608,39.9755
24609,40.562
24610,41.8187
24611,41.4606
24612,38.4806
24613,39.6045
24614,38.8687
24615,38.1136
24616,37.1338
24617,39.4485
24618,39.0619
24619,39.9708
24620,40.0867
24621,40.8389
24622,39.5436
24623,39.9614
24624,40.7405
24625,40.1201
24626,41.2646
24627,40.7097
24628,40.0898
24629,35.7754
24630,41.8893
24631,35.8978
24632,39.9911
24633,38.9405
24634,41.0421
24635,40.2216
24636,37.6394
24637,41.9498
24638,39.0414
24639,38.8009
24640,35.8093
24641,38.5842
24642,38.6805
24643,40.7673
24644,42.9482
24645,39.2723
24646,39.5914
24647,38.7563
24648,35.8917
24649,40.9104
24650,40.462
24651,41.1887
24652,40.2561
24653,39.2862
24654,40.3722
24655,40.6925
24656,40.8638
24657,40.7502
24658,38.9455
24659,38.5719
24660,35.8133
24661,41.8946
24662,40.4154
24663,39.4392
24664,40.5709
24665,39.9458
24666,37.4652
24667,40.5544
24668,38.6858
24669,38.7636
24670,39.1485
24671,41.4456
24672,37.6783
24673,42.8192
24674,39.9188
24675,40.3374
24676,41.5337
24677,39.0237
24678,38.4728
24679,38.4699
24680,40.2068
24681,40.3573
24682,40.3933
24683,36.4885
24684,40.5046
24685,40.7791
24686,39.915
24687,41.3712
24688,42.3686
24689,39.5253
24690,39.6617
24691,41.8212
24692,38.3681
24693,36.3766
24694,40.4653
24695,40.5725
24696,39.7131
24697,38.0779
24698,39.1677
24699,39.2146
24700,35.939
24701,41.0002
24702,41.4019
24703,40.5024
24704,43.6749
24705,37.9801
24706,38.5808
24707,40.1001
24708,42.1372
24709,37.9184
24710,38.4303
24711,36.5547
24712,38.7032
24713,40.7171
24714,38.0663
24715,42.5761
24716,37.7393
24717,41.1402
24718,40.613
24719,40.8264
24720,42.483
24721,40.5099
24722,42.3183
24723,45.2491
24724,43.8559
24725,38.1409
24726,40.2275
24727,43.5643
24728,40.9395
24729,36.0867
24730,41.4258
24731,35.8635
24732,40.4218
24733,40.6883
24734,40.9834
24735,42.1855
24736,42.2099
24737,37.5472
24738,37.8322
24739,39.154
24740,43.3397
24741,39.5493
24742,43.8694
24743,38.1816
24744,39.5593
24745,39.9798
24746,38.583
24747,38.672
24748,39.8261
24749,38.9734
24750,40.0887
24751,40.3257
24752,40.7292
24753,38.9087
24754,43.1707
24755,37.449
24756,39.4574
24757,41.58
24758,40.0241
24759,40.2847
24760,42.5345
24761,43.3092
24762,41.381
24763,40.1302
24764,42.3632
24765,38.6017
24766,37.6134
24767,38.8093
24768,40.8881
24769,36.1373
24770,41.5441
24771,38.8159
24772,34.8672
24773,42.0572
24774,40.0943
24775,42.1473
24776,43.8719
24777,38.1996
24778,39.2476
24779,38.4688
24780,36.6729
24781,39.3534
24782,37.47
24783,38.4583
24784,40.1678
24785,42.1843
24786,39.241
24787,41.7344
24788,41.8568
24789,38.2743
24790,42.5109
24791,36.736
24792,40.0829
24793,37.2507
24794,38.6282
24795,38.9894
24796,44.1205
24797,41.19
24798,41.2231
24799,40.8324
24800,41.572
24801,42.8904
24802,42.9286
24803,38.2472
24804,38.1488
24805,39.002
24806,36.6227
24807,38.7975
24808,40.0219
24809,38.0668
24810,38.7042
24811,40.9871
24812,37.0375
24813,41.1575
24814,40.631
24815,38.82
24816,39.4866
24817,40.8013
24818,41.9603
24819,39.0765
24820,39.2122
24821,39.5843
24822,39.2164
24823,40.692
24824,42.0357
24825,35.4695
24826,41.1881
24827,41.2053
24828,39.7831
24829,35.413
24830,35.4897
24831,40.3817
24832,38.8237
24833,41.4972
24834,39.5728
24835,39.5812
24836,41.6484
24837,40.1625
24838,42.4056
24839,38.4451
24840,39.8377
24841,37.4303
24842,39.8362
24843,40.2535
24844,38.4252
24845,41.5244
24846,41.4201
24847,39.6919
24848,37.1327
24849,40.3629
24850,37.3836
24851,40.4718
24852,40.8503
24853,41.6164
24854,38.1475
24855,36.9357
24856,45.4084
24857,41.4921
24858,36.0068
24859,42.1642
24860,39.9448
24861,39.0115
24862,39.0618
24863,41.2229
24864,39.2336
24865,41.3826
24866,39.6843
24867,42.0552
24868,39.6602
24869,41.5636
24870,41.5754
24871,38.3633
24872,42.263
24873,38.4303
24874,38.8215
24875,40.3398
24876,38.674
24877,44.0975
24878,41.1191
24879,40.7125
24880,39.7871
24881,40.5816
24882,40.6727
24883,41.0737
24884,41.1305
24885,35.4762
24886,37.6213
24887,39.7052
24888,44.0496
24889,39.0668
24890,38.7225
24891,36.8969
24892,40.5897
24893,40.6471
24894,38.6909
24895,40.3596
24896,39.7541
24897,41.097
24898,39.4333
24899,40.4924
24900,41.06
24901,43.9221
24902,39.1738
24903,38.359
24904,40.9489
24905,40.0218
24906,40.9977
24907,39.5645
24908,40.209
24909,36.4323
24910,42.897
24911,38.3381
24912,38.8546
24913,37.129
24914,41.2409
24915,42.4671
24916,41.8623
24917,42.2264
24918,35.2619
24919,39.687
24920,40.981
24921,41.0915
24922,39.1764
24923,39.2002
24924,37.9202
24925,43.2196
24926,37.2539
24927,35.171
24928,38.5608
24929,38.6662
24930,41.0774
24931,39.7581
24932,40.8687
24933,38.0179
24934,41.959
24935,40.0412
24936,40.0888
24937,38.5013
24938,41.086
24939,39.5829
24940,41.0895
24941,42.6207
24942,39.6017
24943,39.0466
24944,36.5759
24945,42.7624
24946,39.3616
24947,39.5581
24948,38.2371
24949,37.2911
24950,41.3347
24951,38.5094
24952,42.5691
24953,37.7906
24954,37.7991
24955,42.0395
24956,36.3649
24957,36.3919
24958,40.7139
24959,38.0452
24960,41.5194
24961,41.3004
24962,41.5399
24963,38.9548
24964,40.0848
24965,43.1664
24966,42.5559
24967,38.5235
24968,38.5659
24969,35.8312
24970,40.493
24971,39.0601
24972,39.3904
24973,38.9795
24974,37.2138
24975,40.5111
24976,37.6356
24977,39.8508
24978,40.4283
24979,40.5681
24980,41.354
24981,39.3863
24982,41.5458
24983,36.89
24984,42.4
24985,40.5662
24986,35.6046
24987,37.64
24988,38.1564
24989,43.21
24990,38.3732
24991,43.5236
24992,38.9753
24993,39.3397
24994,37.5329
24995,39.5546
24996,40.1836
24997,39.4746
24998,38.859
24999,41.6747
25000,42.0847
25001,40.8242
25002,38.2664
25003,37.1293
25004,40.6505
25005,38.4299
25006,40.4806
25007,40.8286
25008,41.0591
25009,39.2228
25010,38.454
25011,40.9543
25012,38.1387
25013,42.7218
25014,40.8716
25015,38.0429
25016,39.0747
25017,38.4702
25018,38.6584
25019,40.3006
25020,38.4564
25021,42.6578
25022,37.9362
25023,40.3246
25024,37.5053
25025,41.9373
25026,36.772
25027,39.8926
25028,37.4129
25029,39.7878
25030,41.0702
25031,42.3655
25032,42.4788
25033,38.8849
25034,42.8511
25035,39.9312
25036,43.7698
25037,43.0156
25038,39.1621
25039,38.3879
25040,36.7265
25041,41.2367
25042,43.6231
25043,41.7057
25044,42.5654
25045,37.9771
25046,38.032
25047,39.2008
25048,39.3808
25049,39.5225
25050,38.9353
25051,38.0382
25052,43.3545
25053,38.9379
25054,40.8898
25055,43.1474
25056,43.9474
25057,38.019
25058,39.2555
25059,38.9911
25060,36.4604
25061,39.6531
25062,39.8196
25063,39.2496
25064,40.4252
25065,39.0826
25066,39.3098
25067,39.4075
25068,41.451
25069,40.5376
25070,39.6291
25071,39.0357
25072,41.6614
25073,35.8834
25074,42.2983
25075,41.8584
25076,42.9796
25077,39.5992
25078,42.9878
25079,44.1851
25080,40.7133
25081,41.3868
25082,40.5942
25083,39.8361
25084,39.8458
25085,36.0605
25086,41.7673
25087,43.7906
25088,44.2418
25089,38.5518
25090,41.9756
25091,39.3849
25092,39.9787
25093,40.1191
25094,39.5229
25095,37.9443
25096,38.9884
25097,39.5972
25098,42.058
25099,35.1142
25100,40.5892
25101,36.9325
25102,38.0224
25103,39.3073
25104,42.9056
25105,39.1126
25106,40.6234
25107,41.1614
25108,39.3321
25109,39.8658
25110,38.1125
25111,41.1581
25112,38.6985
25113,40.7177
25114,40.7979
25115,38.8137
25116,37.2498
25117,40.0495
25118,40.1526
25119,41.1587
25120,41.824
25121,40.5487
25122,36.1321
25123,41.5595
25124,42.5869
25125,40.2989
25126,38.7299
25127,38.1554
25128,36.2441
25129,41.7759
25130,42.1478
25131,39.7986
25132,39.9533
25133,40.7852
25134,38.1636
25135,37.4023
25136,42.8483
25137,37.4161
25138,41.3855
25139,44.1352
25140,38.7693
25141,39.5948
25142,38.8929
25143,41.0907
25144,38.2499
25145,38.0094
25146,38.5249
25147,38.5915
25148,41.1582
25149,39.195
25150,36.5995
25151,38.7743
25152,41.0055
25153,40.8174
25154,41.6148
25155,37.6735
25156,38.527
25157,39.0772
25158,39.371
25159,41.3336
25160,47.4781
25161,38.9691
25162,41.2572
25163,44.0573
25164,34.6138
25165,39.6508
25166,44.3953
25167,40.1882
25168,43.2288
25169,39.2499
25170,38.5658
25171,38.7633
25172,39.9782
25173,38.9277
25174,40.6595
25175,40.8773
25176,36.1604
25177,43.2498
25178,41.2902
25179,38.5215
25180,36.5191
25181,40.9448
25182,40.7349
25183,39.2251
25184,39.614
25185,38.0424
25186,40.2199
25187,40.5101
25188,38.793
25189,37.3264
25190,36.7114
25191,41.2747
25192,39.6787
25193,38.6953
25194,42.9449
25195,39.8171
25196,40.1169
25197,39.3359
25198,35.3763
25199,38.4225
25200,40.6062
25201,40.652
25202,41.4922
25203,36.6164
25204,40.4791
25205,39.1914
25206,41.2211
25207,41.292
25208,43.3083
25209,41.2122
25210,36.4688
25211,40.0223
25212,40.5139
25213,40.7426
25214,39.0959
25215,37.8104
25216,37.9019
25217,43.0918
25218,37.0513
25219,40.7562
25220,40.9429
25221,41.5571
25222,40.8627
25223,41.5284
25224,41.989
25225,43.1601
25226,41.6082
25227,38.2164
25228,41.8513
25229,42.0096
25230,41.5347
25231,40.83
25232,38.6675
25233,38.676
25234,38.5017
25235,40.7502
25236,38.7588
25237,40.3679
25238,40.5087
25239,40.8399
25240,36.3145
25241,39.6439
25242,43.8976
25243,42.2615
25244,43.3509
25245,39.511
25246,38.7193
25247,42.1785
25248,41.5332
25249,41.8045
25250,41.8129
25251,41.121
25252,39.3895
25253,40.6483
25254,38.2208
25255,43.4081
25256,41.1561
25257,43.717
25258,37.2493
25259,37.6427
25260,37.7987
25261,39.9982
25262,38.5809
25263,42.9599
25264,42.1202
25265,38.142
25266,39.1504
25267,39.9234
25268,38.2138
25269,40.5718
25270,39.8665
25271,42.0232
25272,41.0618
25273,37.312
25274,39.5778
25275,36.2913
25276,45.3492
25277,39.8648
25278,37.2633
25279,35.804
25280,43.1462
25281,42.6092
25282,36.9832
25283,38.1321
25284,40.757
25285,41.1755
25286,39.3374
25287,41.8097
25288,38.5967
25289,36.6292
25290,33.3197
25291,37.7987
25292,40.6238
25293,42.0912
25294,38.6689
25295,38.6842
25296,39.8868
25297,40.2306
25298,40.9088
25299,41.0904
25300,39.3979
25301,41.091
25302,39.2612
25303,41.6816
25304,38.2393
25305,40.508
25306,44.5164
25307,43.2817
25308,41.4978
25309,41.8287
25310,38.4245
25311,35.4618
25312,39.9956
25313,38.575
25314,39.0105
25315,39.1223
25316,38.4184
25317,39.7802
25318,41.869
25319,41.568
25320,41.4506
25321,37.5548
25322,38.6917
25323,38.9473
25324,40.7636
25325,39.5925
25326,39.0159
25327,40.1107
25328,40.6858
25329,37.7252
25330,40.6241
25331,39.9395
25332,41.3984
25333,39.4236
25334,43.1391
25335,39.6154
25336,38.9177
25337,38.8577
25338,42.2598
25339,39.3248
25340,38.4591
25341,39.2291
25342,38.8047
25343,40.5517
25344,39.8572
25345,40.4246
25346,42.7561
25347,37.7202
25348,37.3221
25349,38.0718
25350,40.2228
25351,41.1935
25352,39.2181
25353,39.8011
25354,38.515
25355,40.5829
25356,38.5913
25357,36.0385
25358,39.1925
25359,38.6922
25360,38.11
25361,40.2217
25362,36.5334
25363,43.5922
25364,42.5677
25365,41.5348
25366,40.6414
25367,38.678
25368,41.6864
25369,40.9373
25370,42.8649
25371,39.3534
25372,42.3152
25373,36.6826
25374,38.735
25375,42.5815
25376,37.6995
25377,37.9343
25378,41.9534
25379,38.0276
25380,38.0442
25381,39.404
25382,43.1235
25383,41.4772
25384,40.7002
25385,41.0771
25386,42.2698
25387,42.3498
25388,35.3917
25389,39.453
25390,38.0178
25391,37.4944
25392,41.5766
25393,41.7387
25394,37.3459
25395,37.4119
25396,38.5128
25397,36.9448
25398,39.736
25399,40.0463
25400,40.068
25401,38.388
25402,40.8456
25403,41.038
25404,39.5475
25405,41.7608
25406,40.0962
25407,42.1749
25408,42.3333
25409,40.5921
25410,40.6005
25411,35.1182
25412,41.2219
25413,41.8215
25414,45.8292
25415,38.341
25416,38.5522
25417,36.5454
25418,40.0823
25419,41.173
25420,42.4472
25421,41.6122
25422,43.6113
25423,42.9312
25424,39.492
25425,38.6511
25426,42.0588
25427,39.4432
25428,42.6437
25429,42.0665
25430,40.1423
25431,40.2049
25432,40.2169
25433,43.0993
25434,39.1512
25435,40.2691
25436,39.2213
25437,40.5044
25438,36.6878
25439,41.8252
25440,37.023
25441,37.7793
25442,43.1462
25443,38.4188
25444,38.6314
25445,39.0186
25446,38.472
25447,39.6307
25448,40.2705
25449,40.327
25450,40.854
25451,40.6141
25452,42.1645
25453,41.0847
25454,38.1569
25455,42.1312
25456,39.0144
25457,37.5254
25458,37.9857
25459,41.1254
25460,39.3452
25461,40.4724
25462,41.0663
25463,39.1622
25464,40.8937
25465,35.1857
25466,37.6213
25467,43.8725
25468,40.9117
25469,44.2854
25470,37.3822
25471,38.8547
25472,38.9684
25473,37.5094
25474,38.2627
25475,39.2711
25476,38.4283
25477,36.717
25478,42.7518
25479,38.8795
25480,39.1736
25481,37.3857
25482,39.9038
25483,39.9656
25484,40.1885
25485,40.2215
25486,38.987
25487,38.999
25488,39.5999
25489,39.7351
25490,42.1477
25491,42.4715
25492,36.5854
25493,44.7927
25494,37.9922
25495,40.5273
25496,37.6525
25497,43.8693
25498,41.8992
25499,44.2416
25500,40.7201
25501,39.6375
25502,39.054
25503,39.1986
25504,40.207
25505,40.2688
25506,41.5406
25507,40.5967
25508,40.7576
25509,42.792
25510,38.8851
25511,38.7525
25512,39.1357
25513,41.6246
25514,36.8462
25515,44.9242
25516,42.2037
25517,38.1702
25518,38.8757
25519,39.2535
25520,38.319
25521,40.5691
25522,40.2318
25523,40.9922
25524,41.8456
25525,37.9643
25526,39.5787
25527,35.9006
25528,41.3376
25529,41.1105
25530,39.8272
25531,40.1843
25532,40.6987
25533,38.2645
25534,40.7536
25535,42.937
25536,36.9491
25537,41.0085
25538,38.1694
25539,45.6473
25540,38.6946
25541,38.8041
25542,42.931
25543,40.0763
25544,40.3004
25545,40.88
25546,40.8884
25547,41.048
25548,40.569
25549,40.6825
25550,36.9628
25551,43.8442
25552,39.6209
25553,40.186
25554,42.5606
25555,38.9707
25556,38.7852
25557,39.7936
25558,38.8992
25559,36.9591
25560,39.8118
25561,40.8699
25562,37.8934
25563,37.957
25564,39.9966
25565,40.0121
25566,42.2247
25567,41.2927
25568,41.6404
25569,43.6496
25570,42.9134
25571,39.9262
25572,40.3822
25573,42.6517
25574,40.7303
25575,42.7648
25576,41.8894
25577,42.9308
25578,43.6018
25579,40.4193
25580,42.2452
25581,42.5452
25582,41.6273
25583,39.041
25584,39.6044
25585,38.0663
25586,39.1972
25587,39.3662
25588,39.4127
25589,40.9242
25590,40.9326
25591,36.0026
25592,38.5569
25593,38.7024
25594,40.7218
25595,41.1569
25596,41.2346
25597,41.7062
25598,38.7476
25599,40.9124
25600,41.2238
25601,36.3165
25602,43.5408
25603,41.727
25604,39.7754
25605,42.0395
25606,37.3315
25607,42.6133
25608,37.6266
25609,37.8208
25610,36.9407
25611,40.7758
25612,40.9053
25613,44.2206
25614,39.6954
25615,36.672
25616,39.2262
25617,38.2502
25618,37.8165
25619,38.6366
25620,40.0647
25621,40.2888
25622,37.3837
25623,41.6346
25624,39.7953
25625,42.9133
25626,42.3711
25627,41.4377
25628,39.0439
25629,40.7497
25630,45.715
25631,39.6788
25632,38.499
25633,38.5965
25634,39.546
25635,40.012
25636,40.0892
25637,40.1108
25638,40.2649
25639,39.4956
25640,41.3077
25641,40.1047
25642,41.2313
25643,38.7493
25644,43.8408
25645,41.2046
25646,44.4278
25647,37.4607
25648,39.0181
25649,41.0581
25650,40.82
25651,42.8284
25652,37.4642
25653,40.6128
25654,38.9749
25655,35.5698
25656,39.1377
25657,43.3768
25658,40.4861
25659,38.0633
25660,41.0958
25661,40.1877
25662,40.4687
25663,41.6351
25664,40.443
25665,43.7118
25666,36.1538
25667,37.4069
25668,40.1201
25669,39.2223
25670,40.3594
25671,41.5715
25672,39.1622
25673,38.305
25674,38.8216
25675,40.0905
25676,40.149
25677,41.5685
25678,37.7994
25679,40.3522
25680,43.5353
25681,37.6495
25682,42.7267
25683,41.7468
25684,36.9072
25685,40.3187
25686,43.6204
25687,39.7257
25688,40.0448
25689,43.4383
25690,37.5731
25691,38.234
25692,38.366
25693,39.6026
25694,39.7271
25695,36.5157
25696,37.4307
25697,39.7559
25698,44.9226
25699,38.7065
25700,39.4056
25701,38.4534
25702,39.5259
25703,39.8078
25704,40.0896
25705,41.5375
25706,41.5955
25707,41.9302
25708,37.1693
25709,41.2766
25710,42.3459
25711,41.6842
25712,43.304
25713,38.3537
25714,39.6562
25715,41.98
25716,42.2094
25717,42.4065
25718,43.5068
25719,39.5152
25720,40.1886
25721,38.6946
25722,44.6746
25723,43.2057
25724,36.6881
25725,35.7846
25726,40.0333
25727,39.4498
25728,40.6142
25729,40.1806
25730,41.4727
25731,42.3281
25732,42.5082
25733,40.0121
25734,38.5826
25735,42.211
25736,40.2514
25737,40.9279
25738,36.9363
25739,37.7441
25740,39.3978
25741,42.5753
25742,39.4967
25743,36.5169
25744,39.6363
25745,35.8698
25746,36.9938
25747,44.0022
25748,40.2869
25749,38.3425
25750,39.4831
25751,40.4887
25752,40.8006
25753,40.3459
25754,43.4042
25755,35.8395
25756,37.693
25757,41.1262
25758,41.7662
25759,41.8744
25760,38.1315
25761,38.7227
25762,38.6762
25763,36.8852
25764,37.2827
25765,40.7959
25766,38.1847
25767,41.6982
25768,38.7894
25769,41.878
25770,41.1129
25771,41.1333
25772,39.1849
25773,40.0461
25774,37.8303
25775,39.9048
25776,40.3129
25777,40.3922
25778,39.5397
25779,40.7144
25780,35.4338
25781,42.9314
25782,39.1692
25783,42.2617
25784,39.4422
25785,40.3858
25786,40.473
25787,36.537
25788,42.9082
25789,43.3008
25790,42.6312
25791,39.779
25792,35.182
25793,40.2321
25794,38.8919
25795,42.0341
25796,35.142
25797,41.5143
25798,41.8395
25799,37.9839
25800,41.1076
25801,42.2457
25802,42.529
25803,40.8391
25804,38.6273
25805,38.6738
25806,41.705
25807,39.1475
25808,40.2809
25809,39.7243
25810,42.9134
25811,40.0798
25812,40.2864
25813,41.0642
25814,42.2368
25815,35.6978
25816,44.7191
25817,39.7996
25818,42.9101
25819,41.2431
25820,39.5649
25821,43.0671
25822,43.1018
25823,39.5394
25824,38.8242
25825,40.9473
25826,38.1146
25827,36.3167
25828,36.9686
25829,37.3535
25830,37.5924
25831,39.8985
25832,38.0928
25833,37.1315
25834,38.3046
25835,37.363
25836,41.8305
25837,39.2918
25838,40.3941
25839,41.4945
25840,38.8
25841,40.9263
25842,39.0378
25843,40.7786
25844,42.0278
25845,40.3391
25846,38.439
25847,41.2564
25848,42.5782
25849,43.6647
25850,44.1409
25851,43.4027
25852,39.4111
25853,41.1372
25854,43.3673
25855,45.4936
25856,39.8908
25857,39.6228
25858,40.7066
25859,40.0143
25860,40.9136
25861,44.1902
25862,42.3326
25863,43.4789
25864,39.5153
25865,41.5711
25866,36.6742
25867,37.9242
25868,44.0156
25869,40.1151
25870,39.585
25871,40.2505
25872,40.2144
25873,39.2646
25874,39.34
25875,39.3489
25876,39.9127
25877,40.5025
25878,40.87
25879,40.9693
25880,39.5327
25881,41.5505
25882,37.9764
25883,42.3504
25884,42.5188
25885,42.9035
25886,38.2481
25887,39.9331
25888,40.7273
25889,42.0505
25890,41.4612
25891,40.2982
25892,38.3721
25893,36.538
25894,40.6923
25895,40.4934
25896,42.6153
25897,39.8567
25898,40.0229
25899,42.1114
25900,42.1216
25901,40.7168
25902,41.4562
25903,35.2996
25904,40.7234
25905,39.8653
25906,37.653
25907,39.4453
25908,41.4858
25909,41.7303
25910,39.952
25911,38.4915
25912,39.79
25913,38.9782
25914,39.4408
25915,43.9552
25916,39.9941
25917,39.4105
25918,41.1709
25919,37.8427
25920,38.2814
25921,45.3693
25922,39.0828
25923,38.3689
25924,38.4443
25925,38.9617
25926,40.1215
25927,44.1797
25928,35.2432
25929,39.3822
25930,39.5666
25931,38.6681
25932,39.0463
25933,36.1802
25934,39.0217
25935,43.6652
25936,39.8459
25937,40.4591
25938,40.842
25939,41.9933
25940,36.5371
25941,39.2727
25942,39.561
25943,39.2639
25944,41.9554
25945,38.002
25946,42.5955
25947,36.1082
25948,37.396
25949,37.9424
25950,36.634
25951,40.1375
25952,41.2028
25953,40.388
25954,41.1362
25955,41.2824
25956,39.3141
25957,39.3225
25958,39.8235
25959,38.8319
25960,39.8865
25961,38.9302
25962,40.2497
25963,39.3022
25964,42.4457
25965,41.474
25966,37.5327
25967,36.7294
25968,37.0566
25969,41.1412
25970,40.6987
25971,42.7248
25972,37.0984
25973,37.0522
25974,40.4572
25975,42.7558
25976,39.7643
25977,40.2277
25978,39.3664
25979,40.4484
25980,41.6294
25981,39.1803
25982,40.3119
25983,41.1699
25984,37.9852
25985,41.2021
25986,37.0908
25987,36.6616
25988,39.5444
25989,38.1189
25990,37.3005
25991,41.6264
25992,38.8803
25993,40.6006
25994,39.7049
25995,42.8068
25996,40.5502
25997,39.8859
25998,41.3316
25999,39.5782
26000,39.0993
26001,44.7156
26002,38.0281
26003,40.4131
26004,44.1633
26005,39.6189
26006,40.5627
26007,34.9542
26008,39.2682
26009,40.1412
26010,38.6677
26011,41.0028
26012,39.9747
26013,40.0437
26014,42.3085
26015,40.1836
26016,43.2796
26017,36.5828
26018,36.7208
26019,40.5564
26020,40.8834
26021,40.0086
26022,39.4062
26023,39.4372
26024,35.8825
26025,38.2555
26026,40.2662
26027,41.9527
26028,37.2206
26029,39.3069
26030,42.8313
26031,40.0475
26032,41.1991
26033,40.5078
26034,40.3578
26035,39.5136
26036,38.6769
26037,40.9095
26038,39.8923
26039,40.1477
26040,42.2757
26041,41.7196
26042,41.7619
26043,43.2246
26044,38.7028
26045,37.1604
26046,40.184
26047,42.1651
26048,39.2288
26049,38.462
26050,38.9739
26051,36.0669
26052,43.5214
26053,39.5749
26054,36.5857
26055,40.8023
26056,41.4369
26057,34.6189
26058,42.032
26059,42.2231
26060,42.2315
26061,37.6064
26062,40.9973
26063,42.2434
26064,39.9752
26065,36.5815
26066,37.5584
26067,40.1066
26068,37.7473
26069,37.2807
26070,40.6079
26071,40.8088
26072,39.8617
26073,39.9074
26074,38.1827
26075,41.4285
26076,39.1186
26077,38.3715
26078,41.4333
26079,40.577
26080,38.9838
26081,39.227
26082,39.9872
26083,39.0386
26084,41.2427
26085,41.4717
26086,37.5101
26087,44.0592
26088,42.1625
26089,43.768
26090,38.9908
26091,42.1338
26092,45.1482
26093,37.933
26094,41.177
26095,40.9491
26096,40.0077
26097,38.0792
26098,39.5574
26099,39.7982
26100,40.5932
26101,41.6135
26102,39.8774
26103,38.9407
26104,41.3333
26105,39.354
26106,38.3977
26107,38.9574
26108,37.1134
26109,42.3534
26110,44.4847
26111,40.6273
26112,40.6489
26113,42.9672
26114,39.8566
26115,36.9491
26116,42.9393
26117,43.1702
26118,41.0455
26119,39.445
26120,39.6701
26121,37.7287
26122,39.9806
26123,40.1232
26124,40.8356
26125,41.0069
26126,41.101
26127,35.8844
26128,38.1054
26129,36.2531
26130,41.3073
26131,38.4547
26132,38.631
26133,39.2541
26134,39.3934
26135,37.4997
26136,37.5326
26137,38.6268
26138,37.6353
26139,37.6437
26140,42.8392
26141,37.8564
26142,37.9356
26143,38.4169
26144,40.7988
26145,38.8662
26146,38.9979
26147,41.2091
26148,39.4177
26149,40.5966
26150,39.6347
26151,39.7141
26152,41.8313
26153,41.9539
26154,42.5736
26155,42.9612
26156,41.6963
26157,40.9936
26158,42.0855
26159,36.5377
26160,40.3418
26161,45.0442
26162,38.6976
26163,40.8821
26164,39.3154
26165,39.485
26166,38.495
26167,38.3039
26168,39.5815
26169,38.9002
26170,39.9456
26171,41.0745
26172,40.6895
26173,39.6979
26174,41.3838
26175,42.077
26176,36.6833
26177,41.7085
26178,37.2653
26179,37.7377
26180,39.048
26181,37.3054
26182,37.373
26183,37.2017
26184,39.164
26185,40.4794
26186,40.1452
26187,44.3477
26188,41.6259
26189,42.705
26190,39.9638
26191,39.7239
26192,40.0417
26193,36.905
26194,42.026
26195,41.0769
26196,43.7632
26197,41.549
26198,38.5574
26199,40.777
26200,38.1264
26201,40.6436
26202,38.8413
26203,41.3198
26204,41.7683
26205,40.8005
26206,41.4594
26207,38.5166
26208,38.6271
26209,39.0903
26210,39.8473
26211,46.5339
26212,41.7189
26213,42.4413
26214,37.6297
26215,40.7213
26216,41.324
26217,38.0369
26218,38.2424
26219,39.6436
26220,41.6521
26221,39.4916
26222,39.5801
26223,40.6531
26224,38.8359
26225,40.885
26226,39.253
26227,38.444
26228,41.3243
26229,35.4583
26230,36.5797
26231,39.6499
26232,36.7701
26233,40.0713
26234,41.4611
26235,40.616
26236,38.8107
26237,42.3191
26238,39.623
26239,39.9046
26240,39.5646
26241,41.0666
26242,38.7516
26243,42.4774
26244,44.1887
26245,40.8415
26246,40.0914
26247,40.5001
26248,38.7983
26249,38.9111
26250,37.2224
26251,39.5329
26252,39.957
26253,38.1876
26254,39.3371
26255,39.3839
26256,40.3501
26257,37.1751
26258,40.2619
26259,37.2913
26260,40.7525
26261,40.4543
26262,40.4799
26263,40.7462
26264,43.9067
26265,39.2476
26266,38.2572
26267,41.4721
26268,41.5282
26269,38.9958
26270,35.1367
26271,39.4154
26272,39.8117
26273,39.9178
26274,39.9562
26275,36.2253
26276,40.987
26277,36.3984
26278,40.0631
26279,38.1633
26280,39.2538
26281,39.594
26282,39.0465
26283,39.0595
26284,40.1319
26285,35.9286
26286,40.5919
26287,37.6497
26288,41.0018
26289,40.7334
26290,37.8147
26291,41.0923
26292,43.5791
26293,39.616
26294,36.7843
26295,42.7618
26296,40.8056
26297,38.9575
26298,40.2154
26299,40.8762
26300,37.9396
26301,39.1832
26302,40.1833
26303,43.2435
26304,39.5822
26305,39.9069
26306,37.1
26307,41.1602
26308,38.7448
26309,40.5386
26310,41.7376
26311,36.3021
26312,39.3819
26313,37.6615
26314,41.3072
26315,38.7817
26316,42.2901
26317,38.4679
26318,39.5882
26319,37.0463
26320,40.7991
26321,40.7129
26322,37.3336
26323,42.3873
26324,42.4297
26325,39.0778
26326,38.098
26327,39.601
26328,39.6302
26329,39.7037
26330,39.9426
26331,40.3133
26332,41.681
26333,37.0316
26334,40.2344
26335,42.6112
26336,42.9177
26337,41.9462
26338,43.16
26339,36.3086
26340,42.8688
26341,42.1211
26342,41.7468
26343,37.485
26344,39.8244
26345,40.4859
26346,37.6223
26347,36.6447
26348,36.8001
26349,42.0661
26350,39.378
26351,41.9832
26352,41.3407
26353,43.8435
26354,38.8532
26355,38.5224
26356,39.705
26357,38.9936
26358,40.0503
26359,40.5289
26360,40.3851
26361,37.5099
26362,38.6891
26363,42.7327
26364,38.1776
26365,39.814
26366,37.031
26367,41.3388
26368,35.7853
26369,38.8559
26370,39.8431
26371,38.3596
26372,41.2214
26373,35.9844
26374,42.6922
26375,42.83
26376,37.5377
26377,39.873
26378,41.7219
26379,38.9106
26380,37.2245
26381,39.5847
26382,39.6193
26383,39.9969
26384,40.2439
26385,40.2826
26386,43.5733
26387,36.7676
26388,38.8571
26389,42.746
26390,39.8657
26391,43.7607
26392,40.1478
26393,40.4859
26394,40.6676
26395,40.7589
26396,39.348
26397,39.4905
26398,42.6837
26399,34.9945
26400,43.3599
26401,37.3904
26402,37.9592
26403,38.0421
26404,41.5129
26405,44.6392
26406,38.8256
26407,38.8889
26408,40.3814
26409,38.478
26410,39.5476
26411,41.3873
26412,41.7039
26413,42.0775
26414,42.1863
26415,42.6341
26416,38.0395
26417,43.2599
26418,38.7602
26419,40.051
26420,37.5203
26421,40.7494
26422,41.7155
26423,40.7974
26424,42.0186
26425,38.9114
26426,40.4123
26427,37.7809
26428,38.8744
26429,42.1652
26430,39.1741
26431,41.6971
26432,41.9753
26433,40.1103
26434,36.6579
26435,41.9413
26436,42.1556
26437,43.4476
26438,37.6231
26439,44.313
26440,41.2148
26441,39.8162
26442,36.8554
26443,41.2237
26444,40.3239
26445,41.5117
26446,39.0576
26447,41.5198
26448,37.9455
26449,38.4248
26450,39.5388
26451,39.6139
26452,39.1807
26453,41.2416
26454,40.4477
26455,40.6757
26456,40.7954
26457,41.0167
26458,40.8571
26459,42.3254
26460,39.3993
26461,38.5963
26462,41.673
26463,43.0628
26464,40.7423
26465,43.3655
26466,39.5341
26467,39.8847
26468,39.9474
26469,41.0577
26470,40.5394
26471,39.6017
26472,39.3012
26473,39.5169
26474,42.6747
26475,42.3377
26476,39.8195
26477,42.0789
26478,37.3145
26479,38.4674
26480,41.8953
26481,36.264
26482,43.413
26483,38.6639
26484,39.5693
26485,41.4322
26486,38.6473
26487,40.9094
26488,41.3783
26489,39.4031
26490,37.4204
26491,38.6859
26492,38.7771
26493,39.1924
26494,38.2701
26495,38.5324
26496,37.1016
26497,41.2776
26498,43.1054
26499,39.619
26500,42.6491
26501,38.4214
26502,39.7674
26503,40.0043
26504,40.2379
26505,40.568
26506,37.8931
26507,40.9015
26508,37.0167
26509,40.3893
26510,46.4957
26511,41.303
26512,38.3659
26513,38.7524
26514,36.1636
26515,38.3611
26516,39.5407
26517,42.6686
26518,40.2083
26519,41.4675
26520,40.8633
26521,40.9482
26522,39.2315
26523,36.3424
26524,40.0284
26525,42.0709
26526,40.7881
26527,39.8201
26528,40.0968
26529,40.5952
26530,40.7119
26531,41.6054
26532,41.9437
26533,41.2027
26534,40.2403
26535,41.0245
26536,39.4142
26537,39.707
26538,36.9313
26539,37.3251
26540,37.3335
26541,38.82
26542,41.298
26543,38.5838
26544,41.6445
26545,42.6442
26546,40.3337
26547,40.3997
26548,39.9859
26549,40.173
26550,38.4231
26551,39.6084
26552,39.5953
26553,41.3276
26554,47.078
26555,38.4339
26556,42.2958
26557,40.418
26558,42.8351
26559,40.9994
26560,38.0078
26561,39.5058
26562,36.6415
26563,40.102
26564,38.4166
26565,41.2385
26566,41.4173
26567,42.9095
26568,42.2689
26569,40.4003
26570,39.7789
26571,37.997
26572,37.014
26573,40.3814
26574,42.6881
26575,41.7949
26576,39.0309
26577,39.387
26578,39.5268
26579,38.121
26580,39.0025
26581,39.6019
26582,39.0193
26583,43.1207
26584,41.2548
26585,39.0129
26586,42.6075
26587,42.3811
26588,38.1947
26589,38.5583
26590,42.8803
26591,39.1741
26592,45.4139
26593,36.557
26594,40.7972
26595,37.1481
26596,41.8668
26597,38.832
26598,39.4384
26599,39.8428
26600,40.0404
26601,40.28
26602,41.5103
26603,39.7387
26604,40.0063
26605,42.0868
26606,38.2238
26607,39.1774
26608,40.5954
26609,37.6867
26610,40.6984
26611,35.052
26612,38.5777
26613,37.1
26614,38.5669
26615,35.597
26616,39.6348
26617,39.6432
26618,39.2078
26619,42.6882
26620,41.5463
26621,42.5601
26622,37.3307
26623,38.2352
26624,38.8481
26625,41.5959
26626,40.1981
26627,39.2369
26628,40.2535
26629,38.9713
26630,39.7033
26631,38.7259
26632,41.5205
26633,44.5404
26634,37.7954
26635,44.4188
26636,40.8401
26637,38.6287
26638,40.6991
26639,38.8217
26640,38.9
26641,37.7433
26642,40.1118
26643,41.1281
26644,37.6457
26645,37.999
26646,42.3244
26647,42.5982
26648,35.7253
26649,38.318
26650,39.5711
26651,39.2051
26652,40.0978
26653,40.1629
26654,42.339
26655,41.3089
26656,42.3234
26657,36.4508
26658,40.0674
26659,40.5839
26660,40.6957
26661,38.8049
26662,38.953
26663,39.2298
26664,38.8512
26665,42.3764
26666,39.5798
26667,40.2783
26668,40.0531
26669,37.1076
26670,41.6472
26671,42.0427
26672,39.3439
26673,41.3683
26674,40.3229
26675,40.4361
26676,39.5046
26677,39.9238
26678,34.3403
26679,41.4785
26680,40.6
26681,41.4717
26682,37.2026
26683,37.4886
26684,36.8014
26685,41.1171
26686,42.4801
26687,38.5672
26688,40.8975
26689,40.611
26690,44.3817
26691,40.9163
26692,38.3514
26693,38.8375
26694,37.5825
26695,42.4122
26696,40.0003
26697,39.235
26698,41.6307
26699,41.5701
26700,39.8924
26701,40.2638
26702,39.1426
26703,41.5625
26704,38.9879
26705,42.1828
26706,38.5907
26707,38.6396
26708,35.8214
26709,41.8298
26710,41.5455
26711,40.2822
26712,40.393
26713,36.9626
26714,42.2061
26715,39.9925
26716,40.7862
26717,41.0406
26718,40.8349
26719,38.4194
26720,37.8632
26721,41.65
26722,37.4608
26723,38.6722
26724,39.4981
26725,41.7375
26726,40.1347
26727,42.3347
26728,39.349
26729,38.9179
26730,43.2199
26731,41.4905
26732,39.8765
26733,41.2831
26734,39.5682
26735,42.9552
26736,36.6108
26737,41.0174
26738,42.8795
26739,38.1983
26740,36.9787
26741,40.3732
26742,40.5593
26743,40.6516
26744,38.3476
26745,36.9795
26746,39.2646
26747,39.8515
26748,41.8678
26749,42.5561
26750,40.7628
26751,42.7712
26752,37.0266
26753,41.1711
26754,42.323
26755,41.4126
26756,40.4263
26757,40.9139
26758,38.6014
26759,38.8519
26760,39.7709
26761,40.9064
26762,40.3444
26763,38.8301
26764,38.3023
26765,41.4569
26766,42.1883
26767,42.1062
26768,40.114
26769,40.6196
26770,38.6566
26771,36.6776
26772,43.9137
26773,39.9683
26774,42.243
26775,40.26
26776,39.4043
26777,38.5779
26778,37.9417
26779,40.0533
26780,41.0617
26781,40.162
26782,37.4391
26783,41.2055
26784,43.0055
26785,37.2304
26786,39.3197
26787,37.3282
26788,37.3651
26789,43.4964
26790,41.0152
26791,39.2221
26792,41.2323
26793,42.2644
26794,39.5567
26795,39.8443
26796,40.6942
26797,37.8464
26798,39.0329
26799,38.9686
26800,39.7663
26801,40.1632
26802,39.4725
26803,41.6862
26804,39.8058
26805,39.0965
26806,39.4404
26807,36.6692
26808,40.222
26809,39.3427
26810,38.1222
26811,40.5194
26812,39.4591
26813,40.3047
26814,41.5312
26815,40.9967
26816,40.1235
26817,39.4046
26818,42.4908
26819,37.3213
26820,41.4502
26821,43.929
26822,41.6199
26823,35.2061
26824,39.6423
26825,40.3374
26826,38.8821
26827,38.9328
26828,41.4323
26829,40.1742
26830,40.5691
26831,42.9312
26832,42.1212
26833,38.141
26834,38.4765
26835,42.1873
26836,42.5078
26837,40.762
26838,39.7814
26839,39.8649
26840,44.5322
26841,38.633
26842,39.0928
26843,37.1305
26844,41.5475
26845,37.8849
26846,40.0215
26847,37.2665
26848,38.5853
26849,37.7263
26850,35.9562
26851,40.9848
26852,38.6827
26853,39.8884
26854,38.0107
26855,41.0318
26856,38.5932
26857,39.72
26858,41.7584
26859,39.8883
26860,42.0696
26861,41.5426
26862,43.5645
26863,40.9296
26864,42.2346
26865,38.1445
26866,37.9215
26867,43.2134
26868,43.4248
26869,39.5897
26870,39.3473
26871,46.0098
26872,41.2116
26873,40.2784
26874,36.6011
26875,42.2827
26876,37.5018
26877,39.892
26878,38.9303
26879,39.1709
26880,40.2565
26881,39.6353
26882,39.6635
26883,40.5696
26884,40.8444
26885,36.1164
26886,40.5392
26887,42.6956
26888,37.0964
26889,42.2903
26890,40.954
26891,38.2366
26892,40.2822
26893,40.6874
26894,41.4003
26895,41.5285
26896,41.5406
26897,38.4788
26898,35.4515
26899,37.6668
26900,39.7791
26901,38.6143
26902,42.6363
26903,38.7228
26904,40.1766
26905,41.0888
26906,43.3237
26907,40.7193
26908,40.3933
26909,41.7315
26910,41.6138
26911,39.7985
26912,40.8552
26913,39.1871
26914,42.2801
26915,39.6731
26916,38.8603
26917,36.3722
26918,41.7119
26919,41.7627
26920,41.8318
26921,41.017
26922,43.0565
26923,37.2198
26924,41.4573
26925,37.6283
26926,41.6685
26927,43.3081
26928,44.0699
26929,35.4892
26930,40.2326
26931,40.6278
26932,46.0933
26933,42.4293
26934,38.794
26935,38.8665
26936,43.5432
26937,39.7941
26938,36.6814
26939,38.9486
26940,41.5865
26941,41.844
26942,41.9319
26943,43.1897
26944,43.2907
26945,38.3299
26946,43.4195
26947,38.1877
26948,39.4872
26949,37.1064
26950,42.2771
26951,35.2268
26952,42.4708
26953,38.4935
26954,38.4701
26955,38.0893
26956,40.2339
26957,39.3622
26958,37.6862
26959,38.817
26960,37.9073
26961,38.1282
26962,39.1896
26963,38.6241
26964,41.6515
26965,40.9521
26966,40.1492
26967,39.5734
26968,41.7094
26969,41.7179
26970,40.7375
26971,39.9951
26972,41.0186
26973,45.0688
26974,41.1996
26975,42.271
26976,41.2085
26977,41.3928
26978,41.4652
26979,42.4297
26980,44.4806
26981,42.5445
26982,37.7532
26983,43.6625
26984,37.5996
26985,39.1389
26986,38.949
26987,43.5173
26988,39.8755
26989,40.7612
26990,38.3283
26991,41.7342
26992,39.7565
26993,39.2818
26994,40.1732
26995,43.65
26996,35.575
26997,43.3254
26998,36.5568
26999,43.7244
27000,43.196
27001,38.7691
27002,40.3639
27003,37.8355
27004,41.1629
27005,42.3271
27006,41.9759
27007,36.8513
27008,39.0954
27009,41.6865
27010,40.6949
27011,39.7767
27012,42.0396
27013,40.5716
27014,40.0018
27015,39.4044
27016,39.7223
27017,41.422
27018,38.7425
27019,35.8505
27020,39.6093
27021,37.7568
27022,41.0951
27023,36.1035
27024,42.148
27025,39.6073
27026,37.0501
27027,42.1271
27028,38.1534
27029,38.1935
27030,41.4018
27031,40.6063
27032,40.6892
27033,39.1521
27034,34.7156
27035,39.8474
27036,37.3852
27037,37.807
27038,37.9885
27039,39.1021
27040,38.4108
27041,38.5945
27042,38.8697
27043,40.2444
27044,40.2936
27045,39.5835
27046,39.6661
27047,39.9121
27048,36.088
27049,40.1503
27050,41.0991
27051,41.5464
27052,38.0156
27053,38.1079
27054,35.7185
27055,41.239
27056,37.7986
27057,39.9432
27058,40.9657
27059,40.4233
27060,38.8119
27061,40.8204
27062,41.0897
27063,40.1296
27064,41.4152
27065,40.8652
27066,37.8315
27067,38.1447
27068,43.1768
27069,37.5852
27070,39.9878
27071,36.485
27072,41.8481
27073,37.1078
27074,38.3704
27075,44.6805
27076,38.5565
27077,43.7767
27078,38.9454
27079,39.2329
27080,39.4793
27081,41.8477
27082,37.8671
27083,40.423
27084,38.7529
27085,40.2792
27086,41.796
27087,39.8966
27088,40.2067
27089,38.9509
27090,42.7328
27091,39.0317
27092,38.4973
27093,40.9458
27094,39.0571
27095,38.6681
27096,38.7272
27097,38.9587
27098,39.8393
27099,41.2643
27100,37.4907
27101,38.1151
27102,41.7286
27103,39.9328
27104,40.1013
27105,40.6581
27106,41.6784
27107,41.716
27108,40.7244
27109,38.0245
27110,38.3096
27111,36.1067
27112,43.1799
27113,38.9978
27114,41.0636
27115,34.6349
27116,37.9537
27117,38.5924
27118,36.954
27119,42.9753
27120,35.7349
27121,37.7517
27122,39.8473
27123,38.7066
27124,39.0264
27125,41.4298
27126,39.668
27127,37.9761
27128,38.4645
27129,37.6658
27130,34.8649
27131,42.9481
27132,43.0664
27133,41.0974
27134,39.3946
27135,39.5946
27136,41.7904
27137,42.0611
27138,40.1124
27139,39.3605
27140,39.884
27141,40.9154
27142,39.2207
27143,43.6915
27144,40.0183
27145,40.3935
27146,40.7494
27147,41.379
27148,41.7178
27149,36.9046
27150,41.9803
27151,39.0933
27152,40.1619
27153,39.3023
27154,40.5232
27155,36.6854
27156,42.8329
27157,39.0626
27158,38.4906
27159,45.5423
27160,38.6564
27161,39.4742
27162,39.7536
27163,39.9695
27164,41.7003
27165,42.2765
27166,37.7817
27167,41.0713
27168,36.1157
27169,42.6762
27170,43.0477
27171,43.358
27172,38.8453
27173,39.5192
27174,38.5801
27175,37.8326
27176,40.6119
27177,43.6563
27178,39.0557
27179,40.5205
27180,41.8297
27181,40.0271
27182,37.1323
27183,40.0088
27184,37.0815
27185,37.3954
27186,42.426
27187,35.8785
27188,39.2124
27189,39.2734
27190,40.3713
27191,39.6515
27192,40.2473
27193,41.6516
27194,41.929
27195,42.604
27196,36.6702
27197,38.0222
27198,39.4351
27199,38.6277
27200,37.2044
27201,37.6223
27202,38.4076
27203,38.5159
27204,38.7646
27205,39.9567
27206,41.5855
27207,44.4777
27208,39.3833
27209,39.7679
27210,36.4863
27211,42.5386
27212,37.313
27213,40.3954
27214,38.7665
27215,38.0549
27216,38.7518
27217,39.2805
27218,38.3498
27219,41.0003
27220,38.8984
27221,41.9107
27222,42.4379
27223,40.5986
27224,39.7493
27225,39.1205
27226,41.139
27227,41.4011
27228,39.5004
27229,42.0273
27230,38.2388
27231,40.4664
27232,41.5357
27233,40.568
27234,42.3519
27235,37.8926
27236,39.9691
27237,40.7072
27238,39.212
27239,39.6685
27240,41.8033
27241,37.9531
27242,38.0505
27243,39.1159
27244,43.5013
27245,38.7469
27246,40.759
27247,40.3199
27248,39.916
27249,40.9399
27250,41.5424
27251,42.5989
27252,42.7862
27253,36.3403
27254,43.6963
27255,40.1826
27256,37.4422
27257,37.5342
27258,40.6778
27259,39.0577
27260,41.2122
27261,39.2859
27262,38.8363
27263,40.1721
27264,40.4104
27265,39.4347
27266,37.4601
27267,41.5879
27268,42.9769
27269,38.5092
27270,41.8805
27271,39.4838
27272,37.6107
27273,36.9374
27274,36.6353
27275,37.2633
27276,37.0256
27277,37.094
27278,36.8551
27279,39.2338
27280,37.6142
27281,39.2996
27282,39.6196
27283,36.6747
27284,37.5287
27285,39.7024
27286,38.9439
27287,41.1425
27288,38.3502
27289,41.402
27290,41.6856
27291,38.7772
27292,39.766
27293,35.8578
27294,42.0668
27295,42.1593
27296,43.7241
27297,40.2152
27298,44.3551
27299,44.4005
27300,42.51
27301,39.6321
27302,36.0584
27303,38.6227
27304,42.6624
27305,40.228
27306,38.9455
27307,38.0371
27308,42.1125
27309,37.485
27310,38.8567
27311,39.3682
27312,41.7471
27313,35.8115
27314,41.0417
27315,36.8407
27316,41.2699
27317,37.3779
27318,38.5998
27319,44.3742
27320,40.4212
27321,38.7654
27322,45.2708
27323,39.7496
27324,38.8362
27325,40.3446
27326,40.5331
27327,41.1822
27328,47.3149
27329,41.4805
27330,38.3039
27331,39.3169
27332,42.4931
27333,40.2007
27334,37.4174
27335,39.6298
27336,36.9203
27337,39.0002
27338,36.2791
27339,39.0128
27340,38.7136
27341,43.896
27342,37.9045
27343,39.8272
27344,38.0025
27345,42.0912
27346,41.2065
27347,40.4967
27348,39.5051
27349,44.5366
27350,40.8051
27351,38.922
27352,40.9649
27353,42.2713
27354,41.7768
27355,42.3175
27356,42.7663
27357,40.1806
27358,38.228
27359,36.6584
27360,44.9696
27361,38.2393
27362,37.9802
27363,41.7138
27364,38.8497
27365,39.1334
27366,42.5956
27367,42.7341
27368,40.0675
27369,43.1139
27370,38.3448
27371,38.7527
27372,43.5488
27373,39.3022
27374,42.5011
27375,36.7962
27376,44.8624
27377,41.5669
27378,41.66
27379,39.0116
27380,41.5755
27381,41.584
27382,37.5885
27383,38.0959
27384,38.1393
27385,38.9727
27386,42.6694
27387,38.5509
27388,40.7949
27389,40.2603
27390,41.7752
27391,42.8276
27392,36.8968
27393,42.2221
27394,38.2953
27395,37.8101
27396,37.5984
27397,39.3403
27398,39.0156
27399,43.2044
27400,39.6274
27401,39.773
27402,40.5798
27403,39.5984
27404,40.6387
27405,37.4904
27406,41.887
27407,42.1072
27408,42.1319
27409,43.0519
27410,38.764
27411,43.1323
27412,39.7322
27413,40.94
27414,40.8816
27415,41.5727
27416,39.5875
27417,34.9203
27418,38.5552
27419,41.3182
27420,33.4856
27421,37.8459
27422,40.85
27423,36.2944
27424,38.5942
27425,39.6848
27426,40.9465
27427,42.1882
27428,38.2737
27429,40.9692
27430,43.868
27431,39.9369
27432,42.962
27433,38.9994
27434,39.0172
27435,40.3116
27436,39.719
27437,39.0363
27438,42.1725
27439,39.5092
27440,39.7833
27441,39.9637
27442,36.8526
27443,41.0604
27444,41.1839
27445,38.3481
27446,38.7634
27447,39.1683
27448,44.4984
27449,38.376
27450,41.6759
27451,35.7273
27452,36.5245
27453,40.0155
27454,42.0286
27455,40.6458
27456,38.3032
27457,39.6687
27458,41.0146
27459,39.0549
27460,39.764
27461,42.8607
27462,40.3309
27463,40.3726
27464,37.6186
27465,41.759
27466,37.0543
27467,38.5156
27468,38.7063
27469,38.9202
27470,39.0271
27471,40.0824
27472,39.7464
27473,40.1497
27474,40.9365
27475,38.7151
27476,40.3187
27477,41.5551
27478,41.721
27479,44.202
27480,39.8759
27481,39.398
27482,42.1
27483,41.8227
27484,39.5749
27485,40.3358
27486,40.0583
27487,40.2908
27488,42.478
27489,41.9722
27490,39.0609
27491,39.7488
27492,36.0293
27493,39.4218
27494,39.5355
27495,38.3976
27496,37.706
27497,38.9211
27498,40.2597
27499,40.3558
27500,39.4791
27501,39.7104
27502,40.7115
27503,40.9559
27504,40.976
27505,37.2808
27506,37.8985
27507,38.9752
27508,43.1699
27509,40.3819
27510,40.7802
27511,41.2315
27512,39.5145
27513,42.6075
27514,42.1282
27515,37.9386
27516,38.6843
27517,41.8636
27518,40.2039
27519,38.3592
27520,42.3806
27521,42.6667
27522,38.9695
27523,39.6519
27524,42.7224
27525,39.9254
27526,38.0914
27527,38.9206
27528,39.1167
27529,39.2045
27530,40.6975
27531,40.9116
27532,40.9581
27533,38.9894
27534,39.0169
27535,39.7615
27536,39.6475
27537,39.6698
27538,42.5426
27539,41.6901
27540,41.7002
27541,44.3125
27542,39.51
27543,38.274
27544,38.8292
27545,41.0291
27546,39.7463
27547,40.4319
27548,40.7322
27549,40.9116
27550,41.5333
27551,36.2527
27552,40.447
27553,39.6718
27554,40.2244
27555,39.4219
27556,39.5278
27557,42.6535
27558,34.762
27559,39.7798
27560,38.4531
27561,35.8743
27562,38.9851
27563,42.3034
27564,42.6927
27565,40.0916
27566,40.1996
27567,39.21
27568,39.405
27569,36.6871
27570,41.4077
27571,39.621
27572,42.8056
27573,40.0088
27574,40.065
27575,38.3405
27576,38.9548
27577,39.6427
27578,39.8824
27579,40.0111
27580,42.1646
27581,40.4389
27582,38.5786
27583,36.7693
27584,37.9406
27585,42.242
27586,37.7146
27587,37.7681
27588,39.8255
27589,38.9359
27590,40.3229
27591,39.3313
27592,37.8737
27593,40.2765
27594,36.315
27595,42.0007
27596,38.6271
27597,37.6323
27598,38.0383
27599,38.2378
27600,39.9215
27601,40.936
27602,39.2627
27603,39.4652
27604,38.5207
27605,38.7741
27606,38.9326
27607,38.9588
27608,38.2903
27609,41.3888
27610,38.6984
27611,39.3453
27612,41.4703
27613,39.7872
27614,43.2178
27615,37.4683
27616,42.903
27617,41.123
27618,39.2265
27619,44.3078
27620,38.3186
27621,39.4155
27622,40.6964
27623,38.7325
27624,40.8639
27625,41.1933
27626,37.9953
27627,40.4542
27628,42.5359
27629,42.6967
27630,36.8441
27631,41.0666
27632,42.1205
27633,42.5611
27634,39.7479
27635,40.9276
27636,39.0156
27637,43.6406
27638,37.6946
27639,41.0486
27640,36.7373
27641,38.8155
27642,39.0047
27643,36.23
27644,41.9633
27645,44.0546
27646,37.138
27647,36.9361
27648,38.412
27649,38.9913
27650,39.9284
27651,40.5608
27652,37.1652
27653,41.8797
27654,42.959
27655,42.97
27656,40.786
27657,40.1588
27658,39.2548
27659,36.5796
27660,39.261
27661,40.4955
27662,37.5255
27663,40.5966
27664,41.0957
27665,37.968
27666,40.1557
27667,37.0447
27668,41.3191
27669,36.6052
27670,40.4018
27671,36.6586
27672,42.1743
27673,39.325
27674,37.4746
27675,40.7336
27676,38.2815
27677,38.4812
27678,38.9466
27679,42.2009
27680,39.5426
27681,39.8886
27682,40.2941
27683,40.3222
27684,41.7311
27685,40.1819
27686,40.6655
27687,37.0071
27688,39.4291
27689,38.8031
27690,45.3974
27691,38.555
27692,39.9149
27693,40.0899
27694,40.8369
27695,43.0697
27696,42.482
27697,38.3793
27698,37.4778
27699,40.0931
27700,40.8795
27701,39.9807
27702,42.3714
27703,40.5795
27704,42.7183
27705,39.8354
27706,41.9184
27707,46.2777
27708,39.7767
27709,39.1556
27710,37.4205
27711,40.9536
27712,36.5542
27713,39.5746
27714,41.0522
27715,39.5881
27716,40.2788
27717,39.4454
27718,37.9947
27719,42.395
27720,40.4375
27721,41.3567
27722,39.6418
27723,37.6053
27724,42.8071
27725,42.0994
27726,41.2486
27727,41.7706
27728,43.3738
27729,37.8507
27730,38.2556
27731,39.2395
27732,36.0151
27733,42.0462
27734,40.1028
27735,40.1633
27736,40.6951
27737,39.5162
27738,38.0935
27739,42.1657
27740,39.2809
27741,39.395
27742,39.6274
27743,39.6926
27744,39.7121
27745,36.9402
27746,40.3571
27747,40.3975
27748,40.4741
27749,40.4825
27750,40.5761
27751,41.0051
27752,41.0517
27753,39.0657
27754,40.1683
27755,41.2648
27756,38.3205
27757,39.737
27758,41.814
27759,40.1718
27760,42.284
27761,41.774
27762,40.5296
27763,40.0753
27764,38.1185
27765,40.1785
27766,40.4173
27767,37.6234
27768,39.0934
27769,38.4004
27770,39.7034
27771,39.3623
27772,41.0072
27773,41.5468
27774,39.8568
27775,37.3656
27776,44.2863
27777,40.5476
27778,43.7537
27779,39.7621
27780,42.0343
27781,36.3663
27782,37.4479
27783,37.7084
27784,38.455
27785,41.469
27786,39.2836
27787,40.3642
27788,39.5069
27789,39.6376
27790,42.9088
27791,41.329
27792,40.5147
27793,40.69
27794,41.8418
27795,40.8764
27796,42.0091
27797,41.3434
27798,37.2196
27799,38.447
27800,41.8704
27801,39.0552
27802,35.6202
27803,42.132
27804,42.3066
27805,44.7634
27806,39.7524
27807,38.015
27808,40.906
27809,41.1836
27810,38.1151
27811,39.4421
27812,40.2317
27813,40.5722
27814,38.381
27815,39.7752
27816,40.989
27817,37.6333
27818,41.7054
27819,43.4462
27820,40.761
27821,38.3456
27822,38.5058
27823,37.9519
27824,41.1935
27825,39.3408
27826,42.3549
27827,40.4214
27828,40.4776
27829,38.5045
27830,40.6172
27831,41.2035
27832,42.6044
27833,42.6128
27834,39.6228
27835,42.8233
27836,41.2735
27837,39.0223
27838,40.865
27839,37.9507
27840,39.7243
27841,39.8148
27842,42.0378
27843,43.1241
27844,39.3543
27845,36.6382
27846,37.688
27847,41.2827
27848,41.803
27849,42.3882
27850,36.1394
27851,43.2611
27852,38.4919
27853,40.8
27854,40.3891
27855,41.4035
27856,35.7624
27857,40.4162
27858,41.7855
27859,38.794
27860,41.139
27861,39.4007
27862,39.32
27863,41.3756
27864,39.39
27865,40.8202
27866,41.273
27867,38.5682
27868,44.3935
27869,39.6768
27870,39.4704
27871,38.8101
27872,39.2499
27873,35.3183
27874,40.7378
27875,40.9648
27876,36.9907
27877,37.2565
27878,38.3401
27879,39.6535
27880,41.3206
27881,43.8751
27882,39.9512
27883,38.2831
27884,40.758
27885,41.081
27886,41.2176
27887,38.2784
27888,37.6039
27889,39.01
27890,40.5949
27891,42.6633
27892,41.0511
27893,41.0722
27894,42.1064
27895,37.5844
27896,39.297
27897,37.5642
27898,38.0238
27899,39.0322
27900,39.2253
27901,36.39
27902,39.7196
27903,39.2829
27904,42.0682
27905,40.4166
27906,40.5084
27907,37.6859
27908,41.2298
27909,39.9837
27910,41.5551
27911,42.8622
27912,42.9237
27913,40.4799
27914,36.6134
27915,36.3541
27916,36.4686
27917,38.7038
27918,38.9028
27919,40.2876
27920,40.1272
27921,35.4527
27922,40.607
27923,40.7445
27924,40.753
27925,41.1797
27926,41.5877
27927,39.8056
27928,42.5468
27929,38.6362
27930,40.135
27931,39.2372
27932,44.8883
27933,40.9996
27934,43.0245
27935,41.1203
27936,38.393
27937,40.6742
27938,42.3883
27939,39.2291
27940,37.2844
27941,39.2995
27942,36.7918
27943,42.8323
27944,39.9412
27945,40.0329
27946,41.3531
27947,38.0332
27948,35.3731
27949,37.2432
27950,36.3321
27951,40.1143
27952,39.1343
27953,40.6234
27954,43.5268
27955,42.1555
27956,38.3736
27957,41.573
27958,36.9914
27959,42.8602
27960,39.9002
27961,39.6665
27962,37.0142
27963,38.1359
27964,36.3676
27965,39.8202
27966,37.0133
27967,37.3635
27968,37.6603
27969,41.7148
27970,42.3934
27971,37.6007
27972,40.2068
27973,38.531
27974,39.6059
27975,40.2866
27976,43.6632
27977,40.6981
27978,40.7695
27979,40.3431
27980,41.357
27981,41.5935
27982,41.6147
27983,39.5378
27984,40.5061
27985,41.4961
27986,43.2644
27987,39.5892
27988,37.1678
27989,41.2848
27990,41.3406
27991,42.3329
27992,39.6507
27993,40.3582
27994,37.7432
27995,40.9889
27996,39.04
27997,41.053
27998,41.4428
27999,37.6988
28000,39.7283
28001,39.9791
28002,40.0568
28003,36.4011
28004,40.6857
28005,41.2385
28006,43.5517
28007,37.8596
28008,38.5534
28009,44.0527
28010,39.0758
28011,43.109
28012,41.4268
28013,39.7039
28014,40.4131
28015,40.4991
28016,40.5075
28017,40.7826
28018,43.2615
28019,41.6874
28020,41.9397
28021,41.9481
28022,43.0853
28023,38.8938
28024,40.8931
28025,40.5722
28026,37.68
28027,42.505
28028,42.8381
28029,40.1118
28030,39.2211
28031,38.388
28032,38.9943
28033,40.0447
28034,40.6208
28035,41.084
28036,38.2072
28037,37.3434
28038,41.4167
28039,37.839
28040,39.4055
28041,39.9837
28042,38.0385
28043,40.3011
28044,40.499
28045,36.7113
28046,41.2264
28047,43.2975
28048,41.1614
28049,36.3955
28050,40.9195
28051,41.3044
28052,41.0683
28053,41.3867
28054,39.5967
28055,39.8625
28056,38.9235
28057,39.0375
28058,41.6025
28059,38.8046
28060,39.884
28061,42.9692
28062,37.3909
28063,38.3528
28064,39.1204
28065,38.9541
28066,37.8816
28067,41.2206
28068,39.2734
28069,35.0173
28070,37.2329
28071,35.6689
28072,39.9273
28073,37.0338
28074,39.2056
28075,38.2408
28076,39.2509
28077,40.8868
28078,40.0326
28079,40.0956
28080,41.1616
28081,41.9482
28082,42.669
28083,41.8071
28084,43.1227
28085,38.2732
28086,42.3138
28087,43.3783
28088,38.5278
28089,36.6544
28090,36.9355
28091,41.7495
28092,41.0989
28093,38.8351
28094,42.4297
28095,39.5289
28096,36.9377
28097,40.2445
28098,37.2546
28099,40.9635
28100,37.8164
28101,43.0914
28102,38.3641
28103,43.2167
28104,40.3597
28105,41.5952
28106,39.6927
28107,39.0795
28108,40.1496
28109,39.2225
28110,39.7884
28111,41.0128
28112,42.8171
28113,44.4034
28114,37.4182
28115,41.6466
28116,40.1028
28117,37.7256
28118,39.7492
28119,36.0801
28120,38.5979
28121,36.6328
28122,39.3366
28123,37.3544
28124,37.8037
28125,39.8871
28126,43.1489
28127,38.4431
28128,38.8291
28129,38.9195
28130,40.0708
28131,39.1921
28132,40.4054
28133,41.4881
28134,38.5088
28135,41.5764
28136,38.6316
28137,40.8778
28138,39.2851
28139,40.5249
28140,40.6878
28141,39.8468
28142,40.0429
28143,40.1571
28144,41.4938
28145,41.5044
28146,42.3812
28147,44.2482
28148,41.2989
28149,43.5368
28150,40.7751
28151,39.919
28152,40.2404
28153,37.5405
28154,37.5549
28155,36.666
28156,39.6772
28157,36.9111
28158,38.4932
28159,41.5768
28160,38.6764
28161,39.4188
28162,37.5514
28163,40.9619
28164,42.7326
28165,38.8302
28166,40.9146
28167,37.2493
28168,37.3133
28169,40.0863
28170,41.1603
28171,44.7141
28172,39.0483
28173,41.1222
28174,35.773
28175,40.5083
28176,39.7206
28177,43.7926
28178,39.5734
28179,40.5955
28180,37.8964
28181,40.9196
28182,38.2478
28183,38.3883
28184,42.3197
28185,39.4796
28186,42.9064
28187,43.0738
28188,40.4833
28189,39.6483
28190,39.6795
28191,37.4265
28192,40.7715
28193,38.1612
28194,38.5931
28195,37.9618
28196,42.1457
28197,38.249
28198,39.4174
28199,41.7596
28200,40.8104
28201,44.3069
28202,37.4037
28203,41.5213
28204,37.8369
28205,41.846
28206,42.4874
28207,40.5858
28208,39.6873
28209,37.2058
28210,41.2662
28211,40.5584
28212,43.6193
28213,39.829
28214,39.9707
28215,38.1933
28216,38.514
28217,40.9544
28218,41.2531
28219,45.9709
28220,42.0255
28221,42.2938
28222,37.0053
28223,40.1975
28224,37.4513
28225,40.8454
28226,40.3064
28227,40.6615
28228,40.0816
28229,37.2746
28230,36.5429
28231,37.3172
28232,37.5489
28233,38.4771
28234,39.6217
28235,39.2216
28236,39.3592
28237,39.5305
28238,38.8452
28239,43.32
28240,41.4141
28241,37.9245
28242,41.5413
28243,38.4145
28244,41.8001
28245,35.9782
28246,40.0931
28247,37.1577
28248,36.815
28249,44.7828
28250,36.8583
28251,38.0495
28252,40.2293
28253,40.8953
28254,40.2481
28255,41.4389
28256,41.6369
28257,43.5445
28258,39.2782
28259,38.6505
28260,39.7188
28261,41.3305
28262,38.7153
28263,41.0841
28264,42.2794
28265,42.9573
28266,44.3418
28267,43.6964
28268,34.0026
28269,35.6244
28270,39.8485
28271,37.4872
28272,39.6354
28273,38.3102
28274,36.4536
28275,36.5802
28276,41.7959
28277,39.0755
28278,41.1373
28279,38.9065
28280,42.268
28281,40.5198
28282,40.5784
28283,41.1337
28284,41.2531
28285,38.5996
28286,40.4412
28287,40.5749
28288,42.4398
28289,37.4489
28290,40.1838
28291,40.8352
28292,40.8631
28293,41.2563
28294,41.2871
28295,38.3345
28296,42.5377
28297,38.2836
28298,40.3453
28299,39.8679
28300,37.7249
28301,35.6237
28302,40.1095
28303,38.8272
28304,38.1845
28305,40.0185
28306,39.0002
28307,39.2221
28308,42.2922
28309,39.5545
28310,39.9794
28311,39.9884
28312,40.1496
28313,40.2436
28314,40.6572
28315,40.8495
28316,40.9655
28317,41.195
28318,39.0975
28319,43.2035
28320,39.4947
28321,37.4922
28322,34.8678
28323,41.5258
28324,37.8877
28325,35.144
28326,33.9097
28327,38.9182
28328,39.1859
28329,39.3239
28330,37.725
28331,41.5404
28332,40.1746
28333,41.216
28334,39.3349
28335,37.8761
28336,37.1262
28337,42.326
28338,40.5403
28339,38.7206
28340,39.2194
28341,43.2735
28342,38.8102
28343,40.1486
28344,40.8975
28345,41.2681
28346,41.6808
28347,37.2181
28348,42.4847
28349,37.8153
28350,43.8958
28351,39.9564
28352,45.7418
28353,39.0573
28354,41.0159
28355,40.7903
28356,41.2198
28357,38.2393
28358,37.4874
28359,39.9033
28360,42.9291
28361,37.9375
28362,44.5773
28363,37.4105
28364,39.1603
28365,40.3519
28366,40.1346
28367,38.3849
28368,40.721
28369,39.6908
28370,38.0579
28371,39.5228
28372,40.9221
28373,42.1251
28374,38.0929
28375,41.464
28376,41.9156
28377,39.3335
28378,38.7072
28379,43.5661
28380,40.3909
28381,39.79
28382,41.8043
28383,37.331
28384,37.4952
28385,37.6871
28386,42.3451
28387,39.6139
28388,39.8604
28389,38.9916
28390,43.295
28391,43.3137
28392,42.3653
28393,39.3759
28394,42.7783
28395,39.3098
28396,40.3233
28397,41.917
28398,38.6288
28399,38.9722
28400,43.3482
28401,39.9722
28402,40.1889
28403,40.259
28404,37.3812
28405,38.87
28406,40.009
28407,42.8164
28408,43.0714
28409,40.2154
28410,44.7103
28411,42.7366
28412,43.6422
28413,43.8342
28414,40.6766
28415,42.5279
28416,42.5364
28417,38.6797
28418,39.7277
28419,39.2325
28420,40.7564
28421,41.3197
28422,38.7645
28423,38.9476
28424,43.923
28425,35.0059
28426,43.8852
28427,39.8209
28428,39.996
28429,38.4816
28430,38.5027
28431,39.7878
28432,41.0126
28433,40.0273
28434,39.2437
28435,39.6917
28436,40.0518
28437,36.9659
28438,39.2041
28439,39.2728
28440,36.2812
28441,41.683
28442,40.7335
28443,38.8297
28444,40.9134
28445,38.11
28446,37.7823
28447,39.0129
28448,39.1281
28449,41.1921
28450,40.6348
28451,39.7085
28452,40.4608
28453,38.4763
28454,42.6103
28455,39.8929
28456,41.8244
28457,36.8344
28458,40.9853
28459,41.08
28460,40.2469
28461,39.8992
28462,38.9809
28463,41.0264
28464,41.3926
28465,41.6598
28466,41.9343
28467,39.1787
28468,41.7827
28469,39.0393
28470,42.5883
28471,40.3928
28472,41.2135
28473,41.4104
28474,39.1472
28475,39.2557
28476,36.2738
28477,39.9662
28478,40.169
28479,37.4859
28480,37.7054
28481,37.8152
28482,41.4028
28483,40.6235
28484,39.1828
28485,39.2946
28486,38.5771
28487,39.7513
28488,38.8057
28489,38.0007
28490,39.3712
28491,39.4469
28492,40.705
28493,39.8447
28494,40.1915
28495,40.8508
28496,40.8731
28497,41.3538
28498,42.5465
28499,43.631
28500,34.9173
28501,38.1718
28502,39.1802
28503,39.274
28504,40.9129
28505,38.1476
28506,35.4722
28507,41.2548
28508,39.942
28509,40.1683
28510,40.3699
28511,38.6404
28512,44.0649
28513,39.6674
28514,39.7184
28515,40.0611
28516,36.1815
28517,42.9683
28518,41.4721
28519,36.109
28520,42.4455
28521,42.6623
28522,42.4617
28523,42.4726
28524,41.1984
28525,39.8308
28526,41.9384
28527,41.0324
28528,41.179
28529,39.2171
28530,42.9378
28531,37.9587
28532,35.8858
28533,39.9865
28534,37.1705
28535,37.6317
28536,41.3967
28537,38.8079
28538,39.5271
28539,35.9199
28540,40.6684
28541,41.3318
28542,41.4003
28543,41.9692
28544,38.0702
28545,37.3377
28546,39.373
28547,37.7175
28548,35.289
28549,38.4112
28550,39.6396
28551,39.2317
28552,39.456
28553,37.8248
28554,37.9092
28555,45.4255
28556,42.934
28557,37.9924
28558,39.0387
28559,42.4454
28560,40.5714
28561,39.9003
28562,41.0724
28563,40.1455
28564,38.8868
28565,40.4634
28566,38.9045
28567,41.7722
28568,37.9838
28569,38.0625
28570,43.1629
28571,40.9963
28572,41.7547
28573,40.0116
28574,39.5227
28575,39.9134
28576,42.9751
28577,36.7109
28578,37.9318
28579,37.4577
28580,38.9526
28581,38.8115
28582,39.9573
28583,40.55
28584,40.0389
28585,40.0508
28586,40.3522
28587,38.633
28588,41.7542
28589,40.1513
28590,42.1968
28591,38.536
28592,39.499
28593,37.8544
28594,36.4826
28595,39.8188
28596,39.3636
28597,39.731
28598,40.1604
28599,38.4242
28600,36.4495
28601,36.612
28602,39.2192
28603,37.9812
28604,40.5349
28605,42.764
28606,36.3115
28607,42.0663
28608,41.2081
28609,39.5684
28610,40.8699
28611,38.3836
28612,37.1233
28613,38.4034
28614,40.5846
28615,39.2108
28616,37.5607
28617,41.6207
28618,39.5495
28619,40.8351
28620,39.429
28621,42.6064
28622,42.4702
28623,41.5848
28624,38.6575
28625,39.6987
28626,39.0253
28627,40.2012
28628,39.5323
28629,40.5492
28630,40.4108
28631,41.6437
28632,40.7023
28633,43.1036
28634,42.2653
28635,40.4113
28636,41.1419
28637,39.1986
28638,40.7585
28639,40.3346
28640,36.8182
28641,41.4755
28642,41.6417
28643,44.7898
28644,41.9531
28645,41.9629
28646,39.3173
28647,42.7149
28648,38.7842
28649,42.8076
28650,39.6608
28651,39.7773
28652,40.1651
28653,40.5436
28654,36.8492
28655,43.179
28656,41.258
28657,39.3749
28658,39.5929
28659,40.7418
28660,40.8911
28661,37.9253
28662,43.0003
28663,39.9716
28664,39.2877
28665,42.9734
28666,40.5838
28667,38.7361
28668,36.3989
28669,36.846
28670,42.8854
28671,38.8709
28672,40.0392
28673,43.0811
28674,40.663
28675,40.3795
28676,41.4067
28677,39.0189
28678,38.1097
28679,40.2774
28680,40.4085
28681,41.6562
28682,40.7129
28683,41.8521
28684,38.0109
28685,40.8303
28686,41.7516
28687,41.1829
28688,38.4851
28689,39.8151
28690,43.6772
28691,40.8848
28692,42.0275
28693,39.4225
28694,41.5561
28695,38.6762
28696,39.4152
28697,39.1923
28698,43.6364
28699,39.7728
28700,38.8454
28701,41.9598
28702,42.3423
28703,35.2393
28704,39.3958
28705,37.3742
28706,39.7803
28707,37.9883
28708,38.2199
28709,37.4442
28710,40.9294
28711,39.6114
28712,39.7968
28713,41.531
28714,38.2953
28715,40.4369
28716,40.7775
28717,36.9075
28718,38.9965
28719,38.5684
28720,38.0948
28721,41.3937
28722,38.4874
28723,39.963
28724,38.9923
28725,39.3115
28726,38.5965
28727,37.0134
28728,39.1721
28729,39.3707
28730,39.9421
28731,39.2456
28732,41.3312
28733,42.0371
28734,42.2243
28735,44.656
28736,40.8598
28737,39.1923
28738,37.3977
28739,39.2496
28740,39.3074
28741,39.5967
28742,40.7608
28743,40.7198
28744,41.2429
28745,41.5819
28746,41.8456
28747,34.1153
28748,37.7921
28749,36.5821
28750,45.7711
28751,39.1729
28752,43.0788
28753,42.2074
28754,40.3777
28755,41.4841
28756,38.5024
28757,38.2275
28758,42.5905
28759,39.5042
28760,39.7386
28761,40.4413
28762,41.3861
28763,41.8715
28764,39.0071
28765,42.3459
28766,42.4039
28767,43.0917
28768,44.2474
28769,40.7453
28770,41.9663
28771,38.0632
28772,38.1394
28773,38.0147
28774,35.3191
28775,39.7627
28776,39.761
28777,40.967
28778,41.9525
28779,39.0841
28780,45.1047
28781,38.2195
28782,43.6787
28783,36.7236
28784,41.6775
28785,40.0761
28786,39.5453
28787,39.7509
28788,41.2383
28789,41.6324
28790,42.2064
28791,38.7863
28792,40.1836
28793,40.8566
28794,41.1471
28795,39.0498
28796,37.5571
28797,38.6943
28798,38.8514
28799,39.323
28800,39.7738
28801,39.9394
28802,34.487
28803,38.5482
28804,40.7543
28805,40.9703
28806,39.889
28807,38.1783
28808,38.2317
28809,40.284
28810,41.3276
28811,39.6641
28812,42.1394
28813,37.1883
28814,41.4633
28815,37.509
28816,41.5188
28817,38.0227
28818,38.1791
28819,43.3613
28820,38.3793
28821,41.3877
28822,39.1322
28823,35.6587
28824,38.4536
28825,41.4969
28826,37.6547
28827,41.819
28828,38.031
28829,38.1203
28830,43.0103
28831,36.2587
28832,39.9096
28833,38.0151
28834,40.4781
28835,37.2006
28836,40.6759
28837,41.8377
28838,42.1803
28839,42.6292
28840,37.3918
28841,36.8108
28842,41.9515
28843,37.1729
28844,37.9056
28845,39.2761
28846,39.4542
28847,38.9415
28848,38.4698
28849,41.68
28850,41.7731
28851,36.8735
28852,42.6363
28853,38.9943
28854,35.4825
28855,36.5506
28856,39.9064
28857,41.2378
28858,38.4316
28859,40.0899
28860,38.5689
28861,41.2018
28862,41.2204
28863,41.8486
28864,39.0206
28865,37.1195
28866,35.8539
28867,37.251
28868,37.3282
28869,37.796
28870,40.8142
28871,37.8921
28872,39.1998
28873,39.2743
28874,41.7073
28875,40.5456
28876,38.7556
28877,38.7691
28878,41.16
28879,40.2176
28880,36.2596
28881,41.268
28882,41.5409
28883,44.5915
28884,39.6783
28885,41.8473
28886,41.8971
28887,37.1088
28888,38.5266
28889,42.7878
28890,39.5502
28891,38.7346
28892,41.3821
28893,39.6521
28894,43.7393
28895,39.9801
28896,43.1176
28897,37.8663
28898,44.2916
28899,40.4041
28900,41.4234
28901,38.9761
28902,39.4649
28903,38.4881
28904,40.6805
28905,39.7282
28906,40.7767
28907,36.843
28908,39.3324
28909,44.1028
28910,40.4428
28911,40.6016
28912,41.81
28913,41.2758
28914,43.5313
28915,41.7226
28916,42.9915
28917,41.2142
28918,41.4876
28919,35.6113
28920,37.8187
28921,40.9009
28922,38.0807
28923,41.4395
28924,39.7301
28925,42.2382
28926,40.1219
28927,40.795
28928,43.454
28929,36.4704
28930,42.5409
28931,37.4577
28932,36.7514
28933,41.8096
28934,44.182
28935,40.6668
28936,41.4546
28937,42.6284
28938,39.5342
28939,39.8807
28940,40.7764
28941,41.0856
28942,41.2879
28943,41.8132
28944,39.9569
28945,42.4879
28946,41.2415
28947,41.2518
28948,36.2879
28949,36.3288
28950,39.0102
28951,44.0419
28952,39.279
28953,37.9101
28954,39.9337
28955,39.2621
28956,40.9381
28957,38.9876
28958,41.3021
28959,42.325
28960,43.7461
28961,38.8013
28962,38.4683
28963,38.5015
28964,41.8804
28965,39.5731
28966,39.7151
28967,41.9899
28968,42.0419
28969,44.2341
28970,42.5049
28971,41.6697
28972,41.2847
28973,39.143
28974,41.8263
28975,38.9432
28976,43.2078
28977,37.879
28978,35.9436
28979,41.4977
28980,38.9215
28981,41.1625
28982,39.2261
28983,38.8924
28984,41.3235
28985,41.3596
28986,38.1897
28987,38.5571
28988,38.7736
28989,43.0788
28990,41.092
28991,39.1206
28992,42.1328
28993,40.3678
28994,38.4299
28995,40.7457
28996,37.009
28997,41.6592
28998,43.8945
28999,43.7586
29000,43.4882
29001,44.1635
29002,39.4294
29003,38.8022
29004,39.5118
29005,39.6745
29006,40.7548
29007,35.9683
29008,35.9872
29009,39.0545
29010,40.6519
29011,39.7616
29012,37.8481
29013,37.5164
29014,39.6314
29015,37.8127
29016,40.8766
29017,37.9858
29018,38.1259
29019,43.1462
29020,38.2306
29021,39.3903
29022,38.9702
29023,39.1769
29024,39.3688
29025,39.4015
29026,39.5972
29027,37.8283
29028,40.3793
29029,42.4657
29030,40.5017
29031,39.372
29032,37.7256
29033,42.8688
29034,37.5504
29035,42.7814
29036,40.9934
29037,43.8648
29038,40.1072
29039,42.182
29040,38.7806
29041,41.054
29042,38.3316
29043,41.3828
29044,42.9457
29045,39.3896
29046,40.2124
29047,43.4892
29048,40.9552
29049,36.2685
29050,36.7553
29051,41.7941
29052,41.9154
29053,43.83
29054,43.0551
29055,40.0856
29056,38.3142
29057,38.9112
29058,38.8288
29059,41.1085
29060,40.1881
29061,40.3194
29062,41.7427
29063,41.0097
29064,41.5112
29065,39.0215
29066,40.8942
29067,40.4596
29068,42.2352
29069,38.8575
29070,41.2772
29071,39.0561
29072,39.2352
29073,39.3524
29074,39.673
29075,45.1944
29076,41.1056
29077,38.3375
29078,41.5947
29079,40.801
29080,41.5816
29081,39.5133
29082,41.692
29083,36.9779
29084,40.0404
29085,39.7071
29086,37.7155
29087,37.771
29088,43.4533
29089,43.1663
29090,40.5831
29091,40.9818
29092,41.2305
29093,39.7629
29094,41.7849
29095,39.7597
29096,39.8988
29097,40.1201
29098,40.5744
29099,42.7722
29100,40.846
29101,37.4172
29102,42.0307
29103,39.9849
29104,39.6183
29105,38.6536
29106,41.2104
29107,38.518
29108,38.6048
29109,41.2333
29110,39.6946
29111,36.7906
29112,41.8525
29113,36.9235
29114,39.1889
29115,42.4924
29116,38.5275
29117,39.0023
29118,42.5282
29119,37.5677
29120,35.6266
29121,39.7145
29122,40.142
29123,40.1504
29124,40.7552
29125,39.865
29126,39.0236
29127,41.7988
29128,37.9571
29129,38.1711
29130,42.5124
29131,42.5419
29132,37.2004
29133,39.3431
29134,40.3611
29135,41.4664
29136,39.747
29137,35.9318
29138,39.9402
29139,37.2162
29140,40.2625
29141,41.389
29142,40.94
29143,42.0165
29144,42.8464
29145,43.1426
29146,44.2927
29147,40.5826
29148,41.1365
29149,39.8212
29150,38.8552
29151,38.9347
29152,35.2851
29153,41.8698
29154,38.2327
29155,38.6209
29156,43.0898
29157,42.6531
29158,39.0771
29159,40.8289
29160,39.9024
29161,41.4003
29162,43.7798
29163,38.7992
29164,37.4513
29165,40.0349
29166,39.1614
29167,37.6744
29168,42.3419
29169,40.4976
29170,41.6489
29171,40.1036
29172,41.1985
29173,41.2543
29174,41.5957
29175,41.7326
29176,43.6653
29177,40.0797
29178,37.5559
29179,37.766
29180,38.2118
29181,40.2998
29182,38.8068
29183,44.9139
29184,39.3507
29185,36.5693
29186,40.1637
29187,40.486
29188,40.8847
29189,39.0637
29190,40.2875
29191,36.296
29192,41.3924
29193,38.5549
29194,39.6595
29195,38.5246
29196,39.5071
29197,36.6254
29198,39.0771
29199,42.0976
29200,39.8024
29201,40.0054
29202,38.1834
29203,37.3392
29204,38.0482
29205,40.5342
29206,40.8531
29207,39.0214
29208,38.1314
29209,38.8714
29210,39.8239
29211,39.8324
29212,37.1486
29213,41.4251
29214,40.539
29215,41.8916
29216,42.1756
29217,39.131
29218,39.4603
29219,36.8811
29220,39.1651
29221,37.4036
29222,40.4858
29223,35.6731
29224,43.972
29225,40.2141
29226,39.0881
29227,39.1252
29228,37.5705
29229,40.1253
29230,39.1835
29231,37.5871
29232,41.3611
29233,41.4919
29234,41.5138
29235,42.7269
29236,39.7353
29237,40.8981
29238,41.4421
29239,40.9129
29240,42.0657
29241,41.7092
29242,42.5903
29243,39.6295
29244,40.3351
29245,38.3668
29246,39.3938
29247,39.5337
29248,44.5729
29249,40.1168
29250,41.1442
29251,40.2724
29252,39.4381
29253,42.5529
29254,41.521
29255,37.9362
29256,38.7985
29257,39.57
29258,43.0307
29259,41.7951
29260,39.9209
29261,38.4194
29262,40.4321
29263,36.7663
29264,42.0871
29265,39.9445
29266,40.3776
29267,37.3533
29268,41.7936
29269,41.3129
29270,36.721
29271,38.0147
29272,40.2844
29273,40.3788
29274,37.2824
29275,39.8677
29276,41.3013
29277,40.5304
29278,37.7626
29279,38.9624
29280,40.1459
29281,38.5102
29282,40.753
29283,38.4757
29284,36.2546
29285,38.8196
29286,42.8671
29287,41.9387
29288,41.9471
29289,42.5429
29290,38.2874
29291,41.5498
29292,38.0761
29293,41.5119
29294,42.7434
29295,38.059
29296,36.3162
29297,42.994
29298,39.9186
29299,41.5599
29300,40.9784
29301,38.9013
29302,42.735
29303,37.9682
29304,37.9847
29305,41.0609
29306,39.5071
29307,37.1632
29308,42.6307
29309,37.8319
29310,41.2786
29311,37.585
29312,42.7345
29313,42.2576
29314,39.855
29315,40.738
29316,40.7626
29317,38.9204
29318,38.9909
29319,38.9994
29320,40.0415
29321,39.079
29322,40.1789
29323,39.4382
29324,36.1245
29325,39.1514
29326,41.2849
29327,40.4122
29328,39.087
29329,37.8115
29330,41
29331,41.2349
29332,43.6303
29333,38.9074
29334,39.1875
29335,39.312
29336,36.331
29337,42.3394
29338,39.4737
29339,39.5812
29340,39.8718
29341,40.3822
29342,39.078
29343,38.0792
29344,38.9636
29345,37.1238
29346,37.3794
29347,39.7039
29348,36.8382
29349,39.9071
29350,40.1536
29351,40.3799
29352,38.8079
29353,37.9777
29354,36.6356
29355,38.8766
29356,41.6489
29357,41.8136
29358,40.4326
29359,35.6148
29360,40.2721
29361,36.9547
29362,42.4298
29363,37.5337
29364,41.3357
29365,37.4431
29366,40.2668
29367,41.6447
29368,36.6864
29369,43.8302
29370,43.4146
29371,44.7653
29372,38.7332
29373,37.9078
29374,38.0022
29375,40.4539
29376,39.9063
29377,37.9331
29378,39.9724
29379,42.0006
29380,40.5559
29381,41.1412
29382,39.4994
29383,41.694
29384,38.9377
29385,40.0527
29386,40.071
29387,41.1948
29388,41.7191
29389,38.9249
29390,42.0086
29391,39.3262
29392,42.64
29393,38.6762
29394,38.7874
29395,40.6857
29396,36.5222
29397,41.5372
29398,38.8951
29399,36.9488
29400,37.2721
29401,37.3827
29402,37.8468
29403,40.8761
29404,41.0838
29405,41.2349
29406,41.2919
29407,38.1546
29408,40.5572
29409,40.7572
29410,41.3768
29411,42.3985
29412,43.673
29413,39.8892
29414,40.0644
29415,38.0994
29416,37.1991
29417,39.5639
29418,41.6524
29419,42.7924
29420,40.3029
29421,42.7059
29422,41.8675
29423,43.214
29424,41.0576
29425,41.399
29426,41.3122
29427,38.6835
29428,41.8941
29429,38.4601
29430,40.8618
29431,40.6294
29432,41.6552
29433,41.7977
29434,34.2899
29435,41.3957
29436,41.584
29437,41.6785
29438,40.73
29439,38.3205
29440,39.7917
29441,42.9114
29442,40.8598
29443,37.1779
29444,41.4966
29445,36.7963
29446,42.896
29447,37.0902
29448,37.2378
29449,37.6089
29450,40.4199
29451,40.2007
29452,40.7957
29453,39.4803
29454,37.5885
29455,37.6985
29456,42.9459
29457,38.1869
29458,40.3068
29459,40.6105
29460,40.8016
29461,41.1582
29462,41.9214
29463,39.1987
29464,41.0676
29465,44.4099
29466,40.4884
29467,39.6011
29468,37.8294
29469,40.1169
29470,40.311
29471,37.0134
29472,41.6767
29473,36.0959
29474,37.165
29475,40.3851
29476,37.4455
29477,36.3838
29478,38.4949
29479,34.9655
29480,37.9743
29481,40.5219
29482,42.4867
29483,43.5804
29484,40.9869
29485,38.1455
29486,42.6914
29487,40.2105
29488,39.4293
29489,37.45
29490,42.5389
29491,36.5057
29492,39.5758
29493,40.6799
29494,36.782
29495,39.8231
29496,41.1245
29497,41.456
29498,41.6142
29499,38.3118
29500,42.3442
29501,43.5382
29502,40.1698
29503,39.4484
29504,38.056
29505,40.3359
29506,39.6651
29507,39.7737
29508,40.4709
29509,42.1848
29510,40.3078
29511,35.0385
29512,41.4074
29513,36.6785
29514,36.6214
29515,37.6726
29516,37.5487
29517,40.6135
29518,38.8822
29519,39.8291
29520,40.2488
29521,42.8073
29522,39.1578
29523,39.5768
29524,38.0665
29525,40.0937
29526,43.2439
29527,40.2784
29528,39.8572
29529,35.9696
29530,39.8307
29531,41.8886
29532,37.3082
29533,42.4067
29534,42.6441
29535,40.4067
29536,39.4494
29537,42.4534
29538,40.7689
29539,41.8297
29540,41.1937
29541,39.9739
29542,40.1449
29543,40.5248
29544,38.5533
29545,39.3127
29546,40.4007
29547,38.8963
29548,41.0227
29549,40.1664
29550,41.4604
29551,43.1494
29552,38.9266
29553,37.8285
29554,40.4412
29555,40.9586
29556,41.2912
29557,41.6231
29558,40.1384
29559,40.423
29560,38.1372
29561,38.781
29562,39.4431
29563,40.7657
29564,41.0751
29565,40.0595
29566,39.5205
29567,37.6821
29568,39.9442
29569,39.4423
29570,40.4508
29571,39.186
29572,38.3933
29573,40.4611
29574,40.7853
29575,42.7937
29576,40.1718
29577,39.1952
29578,39.7236
29579,43.066
29580,40.0764
29581,40.731
29582,39.329
29583,39.5564
29584,42.4696
29585,41.6419
29586,37.188
29587,39.5021
29588,39.8482
29589,38.5196
29590,40.6704
29591,40.3842
29592,41.3926
29593,37.8218
29594,43.4304
29595,42.5584
29596,41.247
29597,38.4694
29598,39.1913
29599,38.079
29600,39.4939
29601,40.1135
29602,40.1685
29603,41.074
29604,41.1116
29605,42.8864
29606,39.0138
29607,36.6286
29608,40.5867
29609,38.6441
29610,37.3016
29611,42.4257
29612,38.2463
29613,40.1084
29614,40.724
29615,41.0059
29616,38.4228
29617,41.7355
29618,40.9782
29619,41.5632
29620,37.6858
29621,43.4615
29622,38.6334
29623,42.049
29624,44.0738
29625,42.0874
29626,40.2779
29627,38.4221
29628,39.1847
29629,43.3495
29630,43.0496
29631,39.5011
29632,36.9854
29633,37.3713
29634,39.8213
29635,39.3267
29636,37.8455
29637,43.0509
29638,42.558
29639,42.6738
29640,40.9518
29641,39.7885
29642,40.9317
29643,39.3076
29644,46.7042
29645,44.6891
29646,39.135
29647,40.1793
29648,41.0015
29649,37.4732
29650,41.4922
29651,39.3044
29652,39.6699
29653,37.867
29654,40.1787
29655,39.2219
29656,37.868
29657,42.1483
29658,40.1728
29659,42.9842
29660,37.0081
29661,41.4235
29662,42.2306
29663,37.2548
29664,40.3859
29665,38.6251
29666,37.8062
29667,38.9366
29668,44.1908
29669,39.473
29670,41.0514
29671,40.6043
29672,41.7981
29673,37.5021
29674,39.7127
29675,40.0147
29676,38.6324
29677,41.0597
29678,41.9917
29679,37.521
29680,37.5558
29681,37.7263
29682,37.8129
29683,38.1589
29684,39.361
29685,38.6998
29686,38.9704
29687,40.1098
29688,39.4162
29689,39.8326
29690,40.0432
29691,37.6787
29692,41.5894
29693,39.2593
29694,39.7139
29695,40.64
29696,42.6879
29697,40.0166
29698,41.6885
29699,39.3639
29700,38.4324
29701,38.9386
29702,39.3424
29703,39.8484
29704,39.1219
29705,41.2174
29706,39.5716
29707,41.6101
29708,37.3298
29709,37.8253
29710,36.1346
29711,38.124
29712,40.3171
29713,42.611
29714,39.1313
29715,39.8006
29716,40.7705
29717,41.0749
29718,40.4733
29719,35.6743
29720,41.3745
29721,40.7026
29722,41.3619
29723,44.8411
29724,43.1687
29725,39.2781
29726,36.7041
29727,43.8108
29728,36.8628
29729,45.5409
29730,38.9316
29731,39.101
29732,39.4423
29733,39.5654
29734,40.2396
29735,40.8977
29736,41.4288
29737,37.999
29738,41.3834
29739,40.6176
29740,44.3867
29741,39.5379
29742,39.6862
29743,43.3481
29744,39.9055
29745,39.0421
29746,41.8315
29747,40.0771
29748,40.6899
29749,40.9767
29750,38.8786
29751,39.7469
29752,40.5777
29753,38.7628
29754,42.5761
29755,39.5067
29756,42.6431
29757,38.9488
29758,40.0335
29759,40.3812
29760,43.3902
29761,36.5297
29762,41.8206
29763,42.002
29764,41.0489
29765,37.9674
29766,38.157
29767,38.4944
29768,40.5028
29769,38.7689
29770,39.858
29771,39.4693
29772,39.4796
29773,40.0831
29774,40.4223
29775,40.7431
29776,44.0811
29777,39.3233
29778,41.3679
29779,41.3763
29780,39.48
29781,42.2185
29782,38.3372
29783,37.207
29784,43.3676
29785,41.8956
29786,41.3771
29787,40.4238
29788,41.009
29789,40.0244
29790,41.8818
29791,40.9282
29792,41.2809
29793,39.3622
29794,36.0812
29795,38.47
29796,41.0326
29797,40.4028
29798,39.7239
29799,39.9522
29800,39.4003
29801,39.6666
29802,37.742
29803,40.3594
29804,41.4407
29805,38.4491
29806,42.6587
29807,38.0267
29808,40.0496
29809,38.117
29810,40.2887
29811,40.417
29812,42.6876
29813,40.7909
29814,38.8236
29815,44.2377
29816,41.865
29817,39.9607
29818,39.0583
29819,42.1586
29820,40.1922
29821,42.3607
29822,43.3858
29823,40.567
29824,42.9422
29825,41.5933
29826,40.8878
29827,38.0618
29828,39.1311
29829,41.3553
29830,41.5332
29831,40.0041
29832,41.2715
29833,39.3122
29834,40.4541
29835,41.5816
29836,42.3528
29837,40.4744
29838,37.8947
29839,40.1723
29840,41.1279
29841,39.5998
29842,35.9781
29843,38.0347
29844,35.8991
29845,38.4147
29846,38.2995
29847,42.076
29848,42.2467
29849,38.673
29850,42.9282
29851,40.9712
29852,36.1775
29853,39.4275
29854,42.5084
29855,40.1662
29856,37.5649
29857,40.1644
29858,40.3083
29859,38.7228
29860,39.9929
29861,42.4391
29862,41.241
29863,41.4786
29864,37.9109
29865,38.0634
29866,39.3232
29867,36.9698
29868,40.4565
29869,37.6781
29870,43.8877
29871,40.8961
29872,38.752
29873,37.3239
29874,39.6809
29875,40.1458
29876,40.4553
29877,43.4097
29878,38.7405
29879,42.194
29880,37.1804
29881,41.3467
29882,35.66
29883,41.1868
29884,38.766
29885,42.388
29886,40.3323
29887,41.9272
29888,38.1934
29889,42.8716
29890,40.1123
29891,39.7996
29892,40.8505
29893,36.8756
29894,38.1625
29895,40.5249
29896,40.4604
29897,41.3024
29898,42.6571
29899,42.9166
29900,40.2838
29901,43.4059
29902,39.4742
29903,35.6049
29904,38.4224
29905,40.6138
29906,38.6547
29907,40.818
29908,39.1701
29909,37.4044
29910,41.8558
29911,40.2969
29912,37.5315
29913,40.6962
29914,42.7132
29915,40.7944
29916,41.0842
29917,40.1517
29918,41.7455
29919,40.9827
29920,38.9952
29921,39.3205
29922,42.4392
29923,40.8637
29924,41.0964
29925,40.638
29926,42.1794
29927,37.9072
29928,37.957
29929,37.3837
29930,44.2331
29931,39.8823
29932,39.1494
29933,41.6852
29934,36.4062
29935,42.8273
29936,39.2152
29937,36.8814
29938,43.1856
29939,40.3356
29940,38.2796
29941,40.4515
29942,39.935
29943,39.9948
29944,40.1438
29945,44.1522
29946,43.2266
29947,40.5616
29948,38.5381
29949,39.5676
29950,39.9321
29951,37.2527
29952,40.8062
29953,39.9055
29954,40.2597
29955,38.292
29956,35.9103
29957,39.0774
29958,39.2296
29959,42.2754
29960,39.4437
29961,40.4625
29962,36.6327
29963,40.2195
29964,40.7947
29965,41.4448
29966,39.4675
29967,41.5844
29968,40.3469
29969,38.5417
29970,39.748
29971,42.0778
29972,43.2614
29973,41.3509
29974,41.527
29975,37.681
29976,38.2104
29977,42.8618
29978,39.2737
29979,43.3452
29980,38.6942
29981,42.1638
29982,40.5724
29983,38.2345
29984,40.3091
29985,37.3588
29986,38.9789
29987,39.9956
29988,40.0905
29989,39.1485
29990,40.3475
29991,40.3821
29992,40.7522
29993,41.1657
29994,41.0086
29995,40.5497
29996,41.5646
29997,40.7282
29998,37.0589
29999,40.5048
30000,41.5087
30001,37.7081
30002,38.9191
30003,42.248
30004,38.8408
30005,40.0407
30006,36.5165
30007,37.3378
30008,37.7557
30009,40.071
30010,39.5726
30011,38.0299
30012,38.5788
30013,41.6148
30014,40.6232
30015,39.7075
30016,39.7369
30017,43.4541
30018,38.1783
30019,37.3186
30020,36.1873
30021,39.2638
30022,38.291
30023,41.0208
30024,40.1677
30025,40.4049
30026,41.417
30027,43.0097
30028,42.9675
30029,38.7955
30030,43.9705
30031,36.8366
30032,37.9266
30033,39.1549
30034,40.1543
30035,40.3796
30036,41.1417
30037,41.3073
30038,40.519
30039,38.5918
30040,42.073
30041,40.8603
30042,37.5778
30043,41.8526
30044,42.2236
30045,43.1586
30046,38.8344
30047,36.7594
30048,36.0733
30049,37.1679
30050,40.9496
30051,40.4527
30052,41.6119
30053,37.9851
30054,38.9935
30055,39.0168
30056,38.0164
30057,38.6026
30058,38.773
30059,39.9289
30060,41.0276
30061,40.4044
30062,41.5472
30063,40.7975
30064,41.8698
30065,42.54
30066,40.9623
30067,42.166
30068,37.3197
30069,38.8257
30070,38.0091
30071,41.3536
30072,45.5977
30073,42.1291
30074,36.6974
30075,39.7422
30076,36.8444
30077,40.9967
30078,42.1462
30079,42.1896
30080,41.676
30081,38.9637
30082,42.5652
30083,42.9641
30084,39.9725
30085,40.6581
30086,39.4549
30087,36.4118
30088,38.9486
30089,40.5655
30090,40.9085
30091,37.9735
30092,41.6109
30093,40.3503
30094,43.1815
30095,40.3883
30096,44.6574
30097,41.0325
30098,41.194
30099,40.3957
30100,39.6325
30101,38.775
30102,38.866
30103,37.0722
30104,41.5431
30105,42.6907
30106,35.8504
30107,38.5438
30108,38.5729
30109,36.7702
30110,45.9062
30111,38.0785
30112,40.1617
30113,40.425
30114,41.7965
30115,38.8172
30116,38.3564
30117,40.6744
30118,37.8542
30119,40.0716
30120,42.4082
30121,40.4518
30122,39.6656
30123,40.6153
30124,43.3033
30125,43.6712
30126,39.3542
30127,39.4986
30128,43.8791
30129,37.0487
30130,41.137
30131,40.9834
30132,46.0492
30133,41.3726
30134,37.8798
30135,36.4219
30136,38.2457
30137,38.2716
30138,40.3593
30139,44.4652
30140,40.1385
30141,39.147
30142,39.7766
30143,39.8334
30144,40.2909
30145,42.3101
30146,40.4295
30147,36.7421
30148,43.8791
30149,34.6769
30150,42.1543
30151,37.6849
30152,40.1241
30153,38.1651
30154,40.3838
30155,38.5359
30156,41.6074
30157,34.7272
30158,44.0511
30159,38.8264
30160,39.6593
30161,38.9325
30162,39.1483
30163,42.4265
30164,39.7738
30165,40.8916
30166,38.9323
30167,37.2861
30168,39.2946
30169,41.4175
30170,38.5259
30171,39.0047
30172,42.0083
30173,44.3203
30174,40.9602
30175,41.1318
30176,41.1402
30177,41.7609
30178,37.7823
30179,38.163
30180,42.345
30181,36.6667
30182,35.6794
30183,38.6878
30184,40.5684
30185,41.0131
30186,40.6174
30187,37.8321
30188,39.0046
30189,41.3128
30190,38.0833
30191,40.1719
30192,43.6849
30193,43.728
30194,42.6474
30195,38.9286
30196,35.3067
30197,39.0426
30198,39.8659
30199,38.9618
30200,39.4633
30201,39.5917
30202,38.7209
30203,38.829
30204,38.9175
30205,39.7724
30206,39.9772
30207,42.0338
30208,41.2372
30209,42.7139
30210,40.2438
30211,41.2786
30212,40.3351
30213,38.4731
30214,40.7152
30215,40.7632
30216,42.265
30217,37.6513
30218,41.8082
30219,43.6498
30220,42.8201
30221,41.5504
30222,43.7763
30223,38.8345
30224,39.8988
30225,41.2884
30226,41.3181
30227,40.6244
30228,37.732
30229,39.2321
30230,37.3068
30231,40.6404
30232,41.1935
30233,37.212
30234,40.7226
30235,41.9052
30236,43.4132
30237,40.5121
30238,40.6358
30239,38.2243
30240,38.5218
30241,37.8137
30242,38.0783
30243,42.48
30244,39.715
30245,40.1
30246,39.4799
30247,40.7963
30248,40.1375
30249,37.2913
30250,41.7379
30251,41.9461
30252,39.3037
30253,42.3288
30254,42.5062
30255,41.7013
30256,39.8145
30257,40.148
30258,43.2686
30259,39.5404
30260,39.571
30261,38.2563
30262,41.7067
30263,38.845
30264,39.3218
30265,39.6653
30266,40.1434
30267,37.3602
30268,40.5897
30269,42.694
30270,39.9046
30271,41.9131
30272,42.138
30273,41.9348
30274,36.3066
30275,40.9376
30276,41.3155
30277,38.7863
30278,41.9889
30279,40.2997
30280,37.9165
30281,40.925
30282,39.1244
30283,39.6085
30284,40.0889
30285,38.2132
30286,40.318
30287,38.9766
30288,39.5386
30289,39.617
30290,39.8398
30291,38.4198
30292,44.4904
30293,38.0077
30294,38.4611
30295,42.6141
30296,38.9559
30297,40.0002
30298,38.2174
30299,38.5529
30300,37.7197
30301,36.9577
30302,41.4813
30303,40.9264
30304,38.2622
30305,41.6139
30306,42.2101
30307,38.4277
30308,43.8356
30309,36.8899
30310,37.9867
30311,36.9222
30312,38.2282
30313,38.3956
30314,38.4147
30315,39.3678
30316,39.377
30317,40.0605
30318,40.1547
30319,43.4669
30320,41.3641
30321,40.8029
30322,42.2476
30323,42.4404
30324,41.1185
30325,37.9415
30326,43.9746
30327,41.2854
30328,39.7227
30329,35.0893
30330,41.1491
30331,36.5002
30332,41.7942
30333,41.8583
30334,38.3983
30335,38.8504
30336,41.8796
30337,41.6963
30338,34.0079
30339,40.0213
30340,41.711
30341,37.9038
30342,40.9362
30343,39.74
30344,44.032
30345,37.2459
30346,44.3203
30347,45.3649
30348,38.2288
30349,39.7708
30350,39.4926
30351,39.657
30352,39.7245
30353,37.006
30354,40.2889
30355,40.7121
30356,42.6261
30357,43.4103
30358,43.4764
30359,38.2956
30360,42.4384
30361,36.9112
30362,37.3921
30363,38.4496
30364,38.1076
30365,38.5049
30366,39.0264
30367,40.5795
30368,41.0657
30369,42.1216
30370,40.3756
30371,37.8241
30372,43.3491
30373,37.4356
30374,39.5244
30375,37.8285
30376,43.8469
30377,41.1501
30378,39.3213
30379,37.5872
30380,38.7417
30381,43.1
30382,40.4193
30383,38.3116
30384,41.3777
30385,43.2232
30386,39.4085
30387,39.5722
30388,40.0465
30389,41.8648
30390,37.9279
30391,38.0245
30392,36.2948
30393,38.7624
30394,38.9803
30395,42.6005
30396,39.6604
30397,37.1775
30398,42.358
30399,42.5611
30400,41.6525
30401,39.1859
30402,39.2385
30403,38.8769
30404,38.978
30405,40.2598
30406,38.7355
30407,41.234
30408,40.81
30409,37.974
30410,38.5274
30411,40.6531
30412,36.1475
30413,39.3275
30414,42.9489
30415,40.0032
30416,39.0638
30417,40.1146
30418,41.8192
30419,42.7602
30420,39.2458
30421,40.7227
30422,40.5632
30423,34.7804
30424,37.3732
30425,41.8774
30426,40.2996
30427,42.7753
30428,35.3907
30429,37.3876
30430,38.8559
30431,36.9109
30432,37.53
30433,36.6014
30434,42.7264
30435,40.9159
30436,41.0689
30437,41.6076
30438,40.9783
30439,41.0947
30440,39.3161
30441,42.3821
30442,40.3906
30443,39.7182
30444,38.9953
30445,39.0038
30446,40.0122
30447,40.4404
30448,39.957
30449,41.2703
30450,42.3104
30451,40.9546
30452,41.0624
30453,42.2926
30454,41.4017
30455,41.484
30456,42.4924
30457,37.5736
30458,42.6433
30459,41.085
30460,40.4228
30461,36.8141
30462,38.566
30463,40.8661
30464,38.4364
30465,39.0334
30466,39.0997
30467,39.1673
30468,39.2093
30469,39.5257
30470,39.9348
30471,36.6947
30472,40.7814
30473,39.1896
30474,42.2198
30475,40.8737
30476,36.1063
30477,39.2007
30478,43.2376
30479,39.3578
30480,43.6585
30481,39.8913
30482,37.9007
30483,39.9091
30484,41.4265
30485,41.1846
30486,39.308
30487,42.7668
30488,42.9298
30489,40.2823
30490,43.5693
30491,38.6743
30492,40.7235
30493,36.2427
30494,36.7824
30495,37.8949
30496,38.5506
30497,40.749
30498,39.7233
30499,39.4437
30500,39.6569
30501,38.5037
30502,37.692
30503,39.081
30504,40.3891
30505,40.0453
30506,40.4711
30507,42.7519
30508,41.5032
30509,40.1407
30510,40.3194
30511,39.4073
30512,37.7608
30513,38.2398
30514,42.2642
30515,40.2887
30516,39.3893
30517,41.4125
30518,41.2165
30519,39.748
30520,38.4796
30521,38.8284
30522,41.1342
30523,37.2079
30524,39.9118
30525,42.0973
30526,39.8363
30527,40.0331
30528,40.5978
30529,38.0616
30530,42.68
30531,42.8323
30532,36.3716
30533,44.1604
30534,39.3188
30535,37.692
30536,42.0408
30537,42.3978
30538,40.7906
30539,41.4323
30540,40.4407
30541,39.3423
30542,42.148
30543,40.1111
30544,40.4968
30545,44.0327
30546,39.1571
30547,40.2791
30548,38.3456
30549,37.5593
30550,39.2718
30551,40.7539
30552,41.7629
30553,39.0038
30554,38.1878
30555,39.2381
30556,39.8804
30557,40.7812
30558,41.9432
30559,38.1246
30560,42.6506
30561,39.1054
30562,39.3886
30563,36.4562
30564,39.7689
30565,39.9196
30566,40.9438
30567,41.2803
30568,40.3547
30569,42.0287
30570,42.272
30571,43.5434
30572,39.712
30573,38.1235
30574,39.6473
30575,39.7054
30576,35.8755
30577,33.0844
30578,39.4333
30579,39.5808
30580,36.9203
30581,39.9742
30582,42.5827
30583,42.6389
30584,42.7246
30585,40.7793
30586,42.1795
30587,41.9535
30588,37.8373
30589,39.8653
30590,42.1781
30591,37.8673
30592,38.2221
30593,41.2737
30594,40.8627
30595,39.4447
30596,42.7231
30597,39.8977
30598,43.5125
