seq_num,delay_ms
0,8.72142
1,8.19309
2,9.81099
3,9.11024
4,10.46
5,9.58861
6,8.08159
7,11.1049
8,13.3817
9,11.5743
10,13.1004
11,13.6167
12,7.18586
13,6.47276
14,6.08734
15,9.20292
16,12.6481
17,7.65959
18,8.82574
19,8.49745
20,7.53127
21,10.5765
22,8.12356
23,9.35459
24,13.5508
25,8.60381
26,9.69688
27,8.88864
28,13.1463
29,7.94439
30,10.0745
31,10.1908
32,10.7212
33,12.0094
34,11.1709
35,11.6141
36,11.7822
37,10.0394
38,9.0847
39,12.1693
40,8.80492
41,8.83011
42,10.1018
43,13.4856
44,10.1548
45,12.2754
46,10.5518
47,12.1567
48,11.5422
49,11.4138
50,12.559
51,12.8708
52,10.407
53,7.49355
54,8.52941
55,8.64428
56,14.8749
57,9.01638
58,10.9503
59,8.31466
60,8.6217
61,8.39759
62,8.09207
63,8.13122
64,8.62352
65,8.96461
66,9.62959
67,11.5149
68,7.94542
69,8.20376
70,8.47677
71,11.5489
72,8.60378
73,13.8727
74,9.19603
75,9.21435
76,9.08984
77,9.35991
78,6.56602
79,10.3316
80,11.7002
81,9.7968
82,11.8529
83,11.0636
84,12.1332
85,11.3025
86,6.64241
87,6.36547
88,10.7864
89,8.17941
90,6.36848
91,9.50802
92,9.14356
93,10.4907
94,10.823
95,11.3361
96,12.0742
97,7.46184
98,8.51575
99,13.4593
100,8.70648
101,10.9418
102,11.8975
103,12.0206
104,10.1171
105,9.55367
106,13.0051
107,11.1917
108,8.44697
109,15.5637
110,8.84631
111,8.85474
112,9.81254
113,8.18712
114,13.2041
115,10.2806
116,10.3238
117,10.4283
118,12.2382
119,14.27
120,15.0147
121,10.1502
122,9.29103
123,9.46488
124,7.72551
125,13.2409
126,12.2457
127,14.2796
128,11.3436
129,11.6783
130,8.13098
131,10.4435
132,13.6962
133,10.9112
134,12.2499
135,8.39149
136,8.39992
137,11.5448
138,13.631
139,9.2713
140,10.6384
141,9.04687
142,7.05183
143,13.1213
144,12.1539
145,10.3942
146,11.4939
147,9.58638
148,8.87337
149,9.64846
150,9.66721
151,10.2915
152,11.4865
153,8.90025
154,12.5283
155,8.8449
156,9.32226
157,10.5424
158,8.61988
159,8.86906
160,9.92735
161,10.2255
162,9.3951
163,9.73083
164,10.0584
165,9.10011
166,12.5956
167,12.9729
168,10.6643
169,13.2134
170,8.8408
171,7.26612
172,7.70537
173,8.54987
174,8.6035
175,9.07986
176,9.19183
177,9.63051
178,16.9484
179,10.3777
180,10.7485
181,10.9523
182,11.1395
183,10.2389
184,14.3839
185,8.49838
186,5.97215
187,8.73349
188,9.77229
189,9.92919
190,12.0489
191,14.1461
192,8.20465
193,11.0162
194,9.35815
195,7.59576
196,10.6738
197,6.74331
198,10.1611
199,9.32413
200,8.55517
201,8.70504
202,10.419
203,10.4728
204,7.99943
205,11.0511
206,11.1117
207,9.60325
208,10.0496
209,10.0667
210,9.1471
211,8.76213
212,10.7253
213,11.4006
214,10.5248
215,11.0717
216,11.636
217,10.2023
218,8.3508
219,7.36997
220,7.46485
221,7.60794
222,12.7819
223,7.84997
224,10.7034
225,14.238
226,11.3366
227,9.44692
228,10.5641
229,8.12576
230,10.1399
231,12.2142
232,9.33132
233,11.4008
234,8.55992
235,9.69708
236,10.0627
237,13.1199
238,10.4266
239,7.85085
240,10.9772
241,11.1139
242,8.16932
243,6.25112
244,11.6324
245,11.8311
246,11.9807
247,9.65469
248,11.7169
249,8.42008
250,10.4724
251,10.5455
252,9.84139
253,12.3793
254,12.1051
255,12.4033
256,9.10961
257,6.9945
258,7.3456
259,7.60109
260,9.77084
261,11.8334
262,7.85002
263,6.25745
264,12.5832
265,9.36254
266,9.42915
267,10.7931
268,13.5556
269,9.48658
270,14.6068
271,11.0343
272,8.74836
273,8.4127
274,8.54429
275,9.24641
276,9.88513
277,6.60453
278,12.6794
279,9.09915
280,7.21338
281,8.2983
282,8.35187
283,8.46037
284,10.4892
285,10.0104
286,10.6099
287,11.6455
288,9.83063
289,11.153
290,11.2571
291,9.31999
292,11.6571
293,9.69692
294,9.735
295,7.86349
296,8.2468
297,12.3963
298,10.6144
299,14.5981
300,10.6433
301,9.02586
302,8.67977
303,12.101
304,9.7352
305,11.0504
306,7.84708
307,7.00038
308,8.52452
309,7.67603
310,12.6845
311,12.6985
312,8.18522
313,9.45506
314,9.85194
315,10.3891
316,11.6387
317,8.64717
318,9.75071
319,10.7752
320,11.8168
321,8.85346
322,9.94834
323,10.1106
324,10.3122
325,13.401
326,12.9748
327,10.2595
328,7.91513
329,9.31318
330,8.67745
331,10.9138
332,11.1785
333,8.23942
334,9.85784
335,7.95865
336,10.2126
337,12.5875
338,7.97986
339,13.046
340,9.59072
341,15.1615
342,8.94682
343,12.9825
344,13.868
345,12.9002
346,10.4717
347,12.7153
348,12.8056
349,5.56189
350,8.27476
351,8.41708
352,9.04494
353,10.2203
354,10.7205
355,11.4463
356,9.52395
357,9.62119
358,12.4313
359,8.98212
360,8.02702
361,10.4134
362,7.93075
363,10.6702
364,10.6918
365,11.4034
366,9.21913
367,14.746
368,14.1266
369,8.67838
370,11.7023
371,14.349
372,9.80301
373,9.26132
374,6.36059
375,6.50193
376,6.83955
377,7.70988
378,11.7102
379,8.04379
380,9.20756
381,9.55988
382,12.1481
383,10.1565
384,10.5345
385,5.66637
386,10.6748
387,8.18567
388,11.5721
389,11.6756
390,12.0504
391,7.11171
392,9.80624
393,13.0548
394,12.1417
395,9.28071
396,10.4401
397,7.44853
398,10.555
399,9.63327
400,9.96762
401,10.1965
402,10.6011
403,14.9192
404,14.4279
405,10.526
406,11.5603
407,10.6771
408,12.9483
409,13.1282
410,10.1648
411,9.6723
412,8.86522
413,10.0497
414,11.0634
415,14.1062
416,13.1851
417,6.24368
418,13.452
419,10.3097
420,8.81532
421,7.91803
422,10.0464
423,10.2834
424,7.42977
425,7.88532
426,9.89851
427,8.21091
428,10.4425
429,8.54035
430,8.69999
431,9.76133
432,11.1179
433,11.2244
434,11.4705
435,11.3581
436,9.80101
437,7.6616
438,9.32935
439,12.4741
440,10.1957
441,10.5152
442,16.1992
443,11.4444
444,6.74857
445,11.3909
446,7.82129
447,11.4568
448,8.74952
449,9.90466
450,6.77466
451,8.28326
452,6.66665
453,8.96872
454,9.24372
455,9.74143
456,9.52174
457,11.8264
458,8.61654
459,8.94547
460,9.99468
461,16.5508
462,9.601
463,12.2233
464,11.5756
465,7.64113
466,14.4117
467,11.5129
468,7.07973
469,9.90446
470,13.0977
471,10.2483
472,8.28568
473,8.01796
474,8.7832
475,12.0587
476,8.22908
477,13.2375
478,10.9262
479,10.1632
480,10.6935
481,12.2898
482,11.395
483,11.8513
484,12.095
485,12.2743
486,6.81137
487,8.54883
488,17.1338
489,9.26161
490,11.3698
491,11.4868
492,9.76933
493,11.3287
494,7.61333
495,8.09879
496,10.1829
497,9.24251
498,10.2402
499,7.48399
500,5.97944
501,10.2166
502,10.3383
503,10.8458
504,8.63246
505,10.2799
506,10.0059
507,10.6577
508,7.69859
509,11.9724
510,9.19479
511,8.65286
512,7.71315
513,9.90509
514,9.01627
515,8.07531
516,12.2562
517,13.8245
518,10.9886
519,9.1072
520,11.1326
521,9.74475
522,10.0161
523,11.2533
524,7.5219
525,12.0976
526,6.88597
527,7.64042
528,8.93259
529,11.0432
530,9.25498
531,9.5444
532,9.65888
533,9.97038
534,10.1673
535,10.1757
536,10.7115
537,10.9956
538,11.0969
539,9.4286
540,9.51796
541,11.5824
542,10.6579
543,9.11124
544,13.4839
545,11.826
546,7.14228
547,10.3418
548,8.55877
549,10.7837
550,7.72329
551,12.5528
552,7.65542
553,6.23006
554,8.65173
555,11.679
556,9.89483
557,10.3004
558,10.7345
559,11.6032
560,7.53728
561,12.7623
562,7.77622
563,8.31462
564,8.75719
565,9.29211
566,11.3349
567,11.3631
568,8.61126
569,9.75683
570,9.9015
571,9.88244
572,10.2455
573,10.2539
574,10.3851
575,11.4119
576,12.485
577,6.79137
578,11.7998
579,7.52073
580,8.98408
581,13.5933
582,9.72556
583,11.0919
584,9.1003
585,9.27895
586,9.36435
587,8.1837
588,11.5386
589,10.9491
590,11.1928
591,12.2585
592,7.77291
593,12.2863
594,12.4423
595,9.00279
596,10.4089
597,7.52884
598,8.23999
599,9.32877
600,10.595
601,8.76025
602,10.8601
603,10.5615
604,11.2433
605,8.13101
606,13.5535
607,8.43839
608,8.66644
609,11.0001
610,10.0741
611,8.26546
612,8.36802
613,9.3896
614,8.80767
615,9.09577
616,9.22675
617,8.35975
618,9.27561
619,11.1484
620,10.8509
621,7.89154
622,7.9532
623,8.39256
624,14.5159
625,10.7417
626,9.01844
627,10.1163
628,10.3801
629,8.07552
630,11.1482
631,11.7583
632,9.18145
633,12.1911
634,8.27884
635,6.93453
636,9.9795
637,14.015
638,10.2639
639,11.5244
640,9.72388
641,10.0384
642,13.5543
643,10.8831
644,12.4034
645,9.88298
646,10.3874
647,9.51883
648,10.1343
649,14.3575
650,8.44808
651,8.60503
652,11.9152
653,11.139
654,8.48303
655,7.14152
656,9.22923
657,7.05737
658,10.2779
659,12.5979
660,10.8415
661,8.4417
662,8.84636
663,9.88562
664,9.95448
665,9.52126
666,6.14782
667,11.2845
668,8.98941
669,8.21731
670,13.5011
671,10.7546
672,11.8811
673,9.5331
674,8.5492
675,7.41831
676,9.12029
677,9.98
678,8.27256
679,10.3414
680,8.73561
681,9.41913
682,9.49897
683,11.985
684,12.2748
685,12.4324
686,11.6516
687,11.6983
688,10.0426
689,14.6177
690,6.95312
691,12.0543
692,12.6883
693,8.74825
694,7.69561
695,8.24517
696,14.3792
697,7.52939
698,10.5565
699,8.03086
700,11.0568
701,9.3999
702,7.60701
703,8.80008
704,8.83558
705,5.9489
706,10.4064
707,13.0967
708,13.0537
709,8.25241
710,11.7991
711,12.3389
712,10.4251
713,11.5037
714,12.7262
715,13.1799
716,13.0001
717,12.1767
718,8.45579
719,8.60458
720,7.76638
721,10.0102
722,9.10347
723,11.3996
724,10.6873
725,9.51817
726,7.93989
727,14.8959
728,7.68999
729,9.57831
730,7.53766
731,7.91311
732,8.00031
733,10.7409
734,12.0364
735,8.0867
736,6.35714
737,10.1085
738,8.41421
739,8.91925
740,9.08517
741,11.1466
742,8.16857
743,10.6044
744,12.5341
745,8.2544
746,14.3259
747,8.90576
748,9.04156
749,8.66708
750,10.8122
751,11.7081
752,9.14517
753,7.18753
754,10.9497
755,10.2223
756,12.2021
757,12.5194
758,9.23374
759,7.45791
760,10.4745
761,9.7939
762,9.33749
763,12.469
764,10.5088
765,10.6066
766,11.3697
767,10.5547
768,6.94666
769,6.78973
770,9.93311
771,7.9832
772,8.33813
773,7.51361
774,8.3487
775,11.5828
776,8.99764
777,12.0541
778,9.19481
779,9.25534
780,12.2693
781,7.73084
782,9.98389
783,13.082
784,6.37465
785,10.5472
786,8.84546
787,8.99227
788,10.47
789,9.65954
790,10.2531
791,8.48105
792,10.7119
793,11.5755
794,8.9136
795,10.5767
796,7.34079
797,8.03535
798,7.05586
799,8.07637
800,8.13157
801,8.31584
802,9.02515
803,11.0691
804,12.086
805,9.21798
806,10.4272
807,10.5426
808,9.79441
809,10.877
810,10.0131
811,10.3494
812,10.7559
813,7.15517
814,12.192
815,12.7628
816,13.16
817,8.16063
818,10.2945
819,8.69667
820,12.2207
821,10.478
822,7.15453
823,8.97612
824,11.2365
825,9.74393
826,8.36785
827,9.42029
828,12.8611
829,10.6129
830,8.62129
831,8.91901
832,11.1371
833,11.4112
834,10.1885
835,16.4523
836,12.0212
837,8.5501
838,10.014
839,10.6173
840,10.1786
841,8.62861
842,13.7914
843,10.282
844,10.8561
845,9.51893
846,11.6225
847,10.8097
848,14.8481
849,8.95006
850,12.0011
851,12.1528
852,13.1226
853,15.5875
854,6.03397
855,9.33086
856,8.41103
857,8.64702
858,11.815
859,9.9921
860,12.1955
861,10.2255
862,10.3989
863,9.67147
864,10.8258
865,8.19273
866,8.32182
867,6.5095
868,8.62828
869,9.64934
870,10.8785
871,9.91329
872,9.15032
873,9.33334
874,10.4352
875,12.9515
876,13.3348
877,8.37465
878,9.39027
879,10.8122
880,11.5704
881,8.19196
882,8.74797
883,17.8412
884,11.7414
885,8.10155
886,8.12535
887,8.27448
888,8.53703
889,9.3355
890,11.7135
891,8.6855
892,12.9469
893,11.0714
894,12.4372
895,8.59235
896,9.38337
897,8.57828
898,10.085
899,9.31186
900,13.9607
901,7.39232
902,10.9459
903,8.39919
904,10.1209
905,12.1472
906,12.2084
907,7.98842
908,8.89481
909,9.98214
910,9.09474
911,8.37962
912,8.19624
913,8.47168
914,9.82468
915,9.57941
916,9.14552
917,8.89445
918,10.2661
919,8.09431
920,6.92647
921,8.36285
922,10.3795
923,11.8464
924,9.2372
925,11.3627
926,10.1212
927,10.2222
928,7.47413
929,12.9395
930,13.1842
931,10.2417
932,6.30321
933,12.221
934,10.3866
935,10.7348
936,10.7433
937,8.94213
938,13.2811
939,9.31711
940,11.3508
941,9.53808
942,9.58079
943,11.9175
944,10.0834
945,12.433
946,12.5047
947,7.48237
948,11.5583
949,7.19764
950,8.37919
951,9.97798
952,14.046
953,9.50547
954,11.5601
955,12.6156
956,11.835
957,9.44443
958,9.51715
959,11.9572
960,6.1764
961,12.1848
962,12.7347
963,8.38208
964,9.28835
965,8.66831
966,9.77147
967,9.96433
968,14.449
969,10.7738
970,13.5304
971,11.7005
972,9.52034
973,7.61492
974,8.71152
975,13.5117
976,10.7255
977,13.0648
978,11.3616
979,9.42891
980,9.49951
981,11.6969
982,12.3951
983,10.4938
984,7.91734
985,8.53373
986,12.8337
987,10.7472
988,11.3223
989,12.253
990,14.6531
991,9.62241
992,10.4056
993,10.529
994,13.8685
995,9.14998
996,9.01083
997,8.41254
998,10.5521
999,7.57834
1000,10.7823
1001,8.80457
1002,8.05171
1003,9.79348
1004,10.9548
1005,9.13958
1006,13.2661
1007,9.8412
1008,10.9175
1009,11.3005
1010,7.87392
1011,7.98779
1012,9.26687
1013,12.369
1014,8.68174
1015,5.75058
1016,13.7892
1017,9.55929
1018,13.7656
1019,6.88859
1020,14.9629
1021,8.00668
1022,11.3003
1023,11.4221
1024,11.6814
1025,11.5509
1026,10.4246
1027,10.5443
1028,10.0273
1029,9.9129
1030,8.09158
1031,13.1202
1032,12.1067
1033,8.41543
1034,8.51325
1035,14.5217
1036,8.98949
1037,7.2214
1038,8.49823
1039,9.72405
1040,5.95706
1041,8.13482
1042,8.26814
1043,11.4339
1044,9.42203
1045,10.0371
1046,11.0802
1047,11.6305
1048,9.87318
1049,11.8032
1050,11.4864
1051,13.9547
1052,7.4402
1053,11.2587
1054,10.3247
1055,8.77539
1056,9.6291
1057,11.3084
1058,13.4653
1059,8.34548
1060,7.75302
1061,9.23786
1062,8.33896
1063,9.92292
1064,10.3148
1065,9.85512
1066,10.9698
1067,10.1833
1068,10.7591
1069,8.20762
1070,11.2436
1071,10.2033
1072,10.0576
1073,11.1291
1074,12.3776
1075,10.386
1076,9.39443
1077,11.1526
1078,12.7414
1079,9.10142
1080,14.1567
1081,8.63803
1082,12.727
1083,7.18037
1084,11.4249
1085,10.5359
1086,10.2778
1087,12.4033
1088,12.6155
1089,11.4356
1090,9.17354
1091,14.0096
1092,11.0944
1093,15.2685
1094,8.89261
1095,14.9409
1096,10.0414
1097,8.59403
1098,13.7953
1099,9.01455
1100,14.023
1101,8.39952
1102,12.2901
1103,10.3973
1104,12.4417
1105,14.5491
1106,11.0599
1107,9.38371
1108,8.70093
1109,9.63108
1110,8.85156
1111,10.184
1112,9.28066
1113,10.6696
1114,6.89946
1115,12.1622
1116,11.1844
1117,11.3574
1118,7.39626
1119,8.71058
1120,7.77413
1121,11.8639
1122,11.977
1123,9.52703
1124,11.5651
1125,11.8211
1126,9.82951
1127,9.08679
1128,11.0781
1129,11.265
1130,8.63443
1131,11.8145
1132,14.2249
1133,12.3778
1134,12.5978
1135,8.60628
1136,9.82019
1137,9.8971
1138,10.1134
1139,12.0007
1140,12.0581
1141,10.0694
1142,10.6025
1143,8.9697
1144,12.9781
1145,12.3697
1146,7.47331
1147,9.60793
1148,10.7911
1149,7.86459
1150,9.07932
1151,9.5524
1152,10.8439
1153,12.8529
1154,13.4632
1155,9.55491
1156,8.66792
1157,9.74905
1158,11.0489
1159,9.58444
1160,8.80316
1161,12.5318
1162,10.7049
1163,11.1376
1164,13.1481
1165,7.96192
1166,12.725
1167,9.75878
1168,10.422
1169,9.49681
1170,10.4194
1171,10.6141
1172,8.86724
1173,8.46125
1174,8.93047
1175,6.54794
1176,8.01641
1177,10.0635
1178,9.19932
1179,11.2235
1180,8.89324
1181,9.22807
1182,9.33397
1183,11.4003
1184,11.53
1185,9.57131
1186,9.85344
1187,9.95429
1188,10.1454
1189,11.3461
1190,9.56189
1191,10.8551
1192,10.8888
1193,17.2316
1194,10.5853
1195,12.7665
1196,9.11289
1197,14.4408
1198,11.6929
1199,9.7236
1200,15.9824
1201,10.2212
1202,13.2019
1203,13.4677
1204,10.6968
1205,12.81
1206,13.1534
1207,11.1622
1208,12.9448
1209,9.22556
1210,16.2719
1211,7.31389
1212,9.6085
1213,10.5502
1214,8.65414
1215,8.82068
1216,11.0349
1217,10.7973
1218,10.0587
1219,7.72125
1220,9.10781
1221,9.91135
1222,10.1883
1223,8.27721
1224,7.93362
1225,9.24433
1226,9.78114
1227,10.1571
1228,10.9789
1229,12.9148
1230,9.00267
1231,6.28871
1232,10.6171
1233,6.96211
1234,7.35187
1235,9.94008
1236,12.0205
1237,7.24795
1238,11.461
1239,12.9546
1240,9.16728
1241,18.5182
1242,9.59186
1243,9.79232
1244,7.05659
1245,14.5669
1246,8.7504
1247,9.9555
1248,8.93221
1249,9.04953
1250,9.61985
1251,9.7573
1252,13.7387
1253,12.0115
1254,11.777
1255,9.91475
1256,10.6482
1257,9.79989
1258,9.55081
1259,9.89169
1260,8.32207
1261,6.37822
1262,8.5444
1263,7.7962
1264,10.1391
1265,8.06666
1266,6.09948
1267,8.55255
1268,8.63567
1269,9.12057
1270,7.51746
1271,9.55045
1272,9.73455
1273,10.9413
1274,10.0085
1275,8.74144
1276,9.05486
1277,10.2364
1278,12.3245
1279,9.75835
1280,10.2644
1281,9.45461
1282,13.1339
1283,9.14325
1284,9.27381
1285,12.3004
1286,8.73038
1287,10.8568
1288,13.051
1289,8.6125
1290,9.71139
1291,11.3783
1292,15.5861
1293,13.7318
1294,13.9104
1295,8.00858
1296,8.35372
1297,9.98246
1298,9.49539
1299,10.1531
1300,10.7818
1301,10.9109
1302,11.5631
1303,9.37345
1304,6.42378
1305,12.1107
1306,8.9731
1307,10.332
1308,11.0295
1309,8.64032
1310,8.67041
1311,7.43296
1312,10.5513
1313,9.77079
1314,8.87221
1315,8.4289
1316,9.78707
1317,13.9199
1318,9.2151
1319,9.31567
1320,10.4842
1321,10.5397
1322,10.1872
1323,12.2238
1324,10.3459
1325,8.67273
1326,7.7568
1327,7.96235
1328,11.1278
1329,6.23676
1330,8.50503
1331,13.7153
1332,13.7726
1333,12.1345
1334,9.23551
1335,8.47402
1336,12.5671
1337,9.60658
1338,8.74851
1339,8.26875
1340,11.6286
1341,9.14494
1342,10.2385
1343,11.2732
1344,9.69832
1345,10.7236
1346,9.10423
1347,12.9395
1348,10.948
1349,10.975
1350,11.1241
1351,10.1299
1352,12.9764
1353,13.2564
1354,10.3126
1355,13.4059
1356,12.2335
1357,10.1776
1358,10.8389
1359,10.8677
1360,9.75569
1361,10.8915
1362,11.3041
1363,8.52696
1364,14.6221
1365,7.68181
1366,7.78713
1367,13.854
1368,8.25183
1369,13.0019
1370,9.69591
1371,11.9739
1372,14.988
1373,7.05356
1374,12.1357
1375,10.6766
1376,9.70395
1377,9.97075
1378,8.32346
1379,9.20437
1380,11.2128
1381,8.89223
1382,12.2161
1383,9.24906
1384,9.41818
1385,11.5122
1386,12.0976
1387,13.4879
1388,13.0232
1389,10.0909
1390,16.6469
1391,11.3752
1392,9.83884
1393,8.884
1394,11.3255
1395,9.37163
1396,10.6532
1397,12.0288
1398,12.2999
1399,8.54898
1400,10.6769
1401,7.84609
1402,12.7735
1403,9.14508
1404,11.5462
1405,9.0547
1406,10.1698
1407,7.85735
1408,11.0231
1409,8.46695
1410,8.59581
1411,9.02961
1412,9.12032
1413,9.23316
1414,8.41637
1415,13.4748
1416,10.654
1417,10.7086
1418,10.9701
1419,9.10465
1420,10.3327
1421,13.4867
1422,8.16191
1423,10.255
1424,12.2634
1425,6.74256
1426,13.2191
1427,9.88426
1428,10.3776
1429,10.6976
1430,10.48
1431,10.3533
1432,10.1714
1433,10.3203
1434,8.03028
1435,8.17633
1436,10.3485
1437,7.25528
1438,10.5022
1439,11.2943
1440,8.57657
1441,11.6089
1442,11.7866
1443,8.01804
1444,12.1699
1445,8.83632
1446,10.3566
1447,10.5595
1448,14.044
1449,10.4597
1450,7.15482
1451,12.5014
1452,8.9231
1453,9.89187
1454,10.5675
1455,11.8723
1456,10.0102
1457,12.5945
1458,12.245
1459,9.70249
1460,8.48445
1461,8.61435
1462,9.9739
1463,6.76742
1464,8.03597
1465,8.50563
1466,15.2331
1467,9.01191
1468,9.12425
1469,10.3344
1470,11.5736
1471,11.2806
1472,7.41874
1473,8.83538
1474,8.14398
1475,8.54579
1476,9.20176
1477,10.2167
1478,7.51
1479,11.7249
1480,13.817
1481,6.27201
1482,11.3982
1483,9.354
1484,9.76906
1485,10.0393
1486,12.0063
1487,10.1169
1488,7.12536
1489,8.98059
1490,11.3819
1491,11.793
1492,15.3142
1493,10.673
1494,10.7881
1495,11.2463
1496,13.4531
1497,12.2903
1498,9.58121
1499,13.6396
1500,7.72397
1501,9.40878
1502,9.60531
1503,10.226
1504,7.02548
1505,7.62794
1506,8.50792
1507,8.77331
1508,8.98764
1509,9.8022
1510,11.0377
1511,8.1341
1512,10.2147
1513,10.2251
1514,9.39335
1515,12.5258
1516,10.4592
1517,13.0751
1518,13.1453
1519,8.73459
1520,7.43682
1521,8.46275
1522,10.7158
1523,8.75995
1524,11.0328
1525,11.0049
1526,7.2457
1527,8.23627
1528,10.5962
1529,9.63523
1530,9.77251
1531,11.0831
1532,8.66625
1533,13.8666
1534,10.429
1535,10.2287
1536,9.86863
1537,13.0229
1538,13.4761
1539,10.8201
1540,12.1047
1541,14.1497
1542,14.4079
1543,9.04725
1544,13.1017
1545,12.1934
1546,9.30248
1547,6.5484
1548,9.3107
1549,10.4839
1550,8.17197
1551,7.70823
1552,8.80961
1553,7.90566
1554,8.3878
1555,8.98341
1556,11.0176
1557,11.4503
1558,15.9491
1559,7.80032
1560,9.10132
1561,10.2008
1562,11.27
1563,8.46317
1564,10.5837
1565,11.6134
1566,7.65797
1567,13.4284
1568,9.51592
1569,12.6384
1570,11.6769
1571,12.8029
1572,11.2608
1573,15.0821
1574,10.355
1575,8.50539
1576,7.25474
1577,9.50268
1578,13.8595
1579,9.88234
1580,10.6265
1581,13.7006
1582,9.95993
1583,9.31906
1584,11.4476
1585,8.12306
1586,14.261
1587,9.01193
1588,10.1209
1589,8.17295
1590,10.4555
1591,8.64884
1592,11.3362
1593,6.70956
1594,11.8588
1595,12.9921
1596,7.34725
1597,9.08955
1598,13.8923
1599,6.90069
1600,11.9098
1601,9.38248
1602,8.19968
1603,9.03911
1604,9.73085
1605,7.73928
1606,9.11958
1607,9.2631
1608,10.7518
1609,8.97263
1610,8.44887
1611,10.4699
1612,12.4915
1613,12.5333
1614,8.60992
1615,9.14421
1616,20.1647
1617,9.8689
1618,8.72434
1619,9.12092
1620,9.20205
1621,12.5938
1622,8.5981
1623,7.80676
1624,7.39749
1625,8.0704
1626,8.59433
1627,8.98711
1628,11.4219
1629,10.5455
1630,7.38475
1631,10.82
1632,10.9443
1633,7.18735
1634,9.41095
1635,10.2723
1636,9.17268
1637,9.18405
1638,8.35173
1639,8.4533
1640,10.461
1641,8.04789
1642,9.56086
1643,9.60368
1644,10.8046
1645,9.34156
1646,11.6533
1647,12.2066
1648,11.3558
1649,8.0795
1650,17.2957
1651,13.7804
1652,7.92967
1653,9.26812
1654,10.2925
1655,10.7839
1656,7.98778
1657,11.0338
1658,11.6667
1659,10.398
1660,9.5333
1661,7.70783
1662,12.0504
1663,7.25993
1664,7.27198
1665,7.32279
1666,9.82638
1667,12.8442
1668,12.0275
1669,12.3567
1670,9.23819
1671,11.4448
1672,8.46858
1673,10.4403
1674,7.65164
1675,10.8633
1676,8.07649
1677,11.1646
1678,7.38826
1679,8.73221
1680,9.90224
1681,10.0741
1682,10.4159
1683,11.0425
1684,12.8933
1685,13.2441
1686,9.39568
1687,13.8075
1688,9.19345
1689,10.8381
1690,10.6022
1691,8.78503
1692,5.90734
1693,8.95161
1694,8.46827
1695,9.85161
1696,7.02029
1697,13.4058
1698,12.6858
1699,12.0005
1700,14.0863
1701,8.12617
1702,12.2731
1703,12.64
1704,13.1064
1705,10.2077
1706,10.6046
1707,10.9022
1708,8.62631
1709,11.6486
1710,7.76708
1711,7.00451
1712,9.09705
1713,9.45308
1714,7.94666
1715,9.7411
1716,7.72961
1717,10.0892
1718,10.5114
1719,12.2963
1720,14.4494
1721,8.57001
1722,9.15606
1723,11.2216
1724,12.5943
1725,7.65942
1726,9.29468
1727,8.55433
1728,8.73589
1729,8.79399
1730,9.1201
1731,9.40725
1732,8.49934
1733,9.65606
1734,17.2251
1735,11.4684
1736,11.2923
1737,7.55128
1738,16.852
1739,6.76505
1740,12.0393
1741,11.4889
1742,6.75477
1743,8.9064
1744,15.148
1745,9.32099
1746,9.90691
1747,9.05577
1748,9.29953
1749,7.32216
1750,10.5387
1751,9.60199
1752,9.88876
1753,8.15129
1754,11.1901
1755,8.6263
1756,8.85881
1757,9.08114
1758,9.12694
1759,9.34622
1760,10.2414
1761,10.3986
1762,9.5214
1763,12.3066
1764,10.498
1765,6.70142
1766,10.1382
1767,13.287
1768,10.6684
1769,9.3166
1770,9.50774
1771,10.8446
1772,11.657
1773,9.15353
1774,10.845
1775,7.8286
1776,12.0189
1777,8.03236
1778,8.55989
1779,12.9122
1780,14.1565
1781,9.35585
1782,8.13741
1783,9.19274
1784,9.10119
1785,8.57554
1786,9.60361
1787,10.9475
1788,9.99309
1789,10.4797
1790,9.83929
1791,11.4245
1792,10.6216
1793,12.6432
1794,5.63166
1795,11.8908
1796,7.35259
1797,10.9736
1798,15.4134
1799,7.5938
1800,11.6105
1801,8.67859
1802,10.0738
1803,7.58047
1804,8.51279
1805,9.66966
1806,10.8026
1807,6.8144
1808,11.1943
1809,8.97098
1810,9.03906
1811,9.3417
1812,9.62187
1813,9.6576
1814,8.20135
1815,10.6395
1816,10.7701
1817,11.2037
1818,8.19396
1819,8.26197
1820,9.30521
1821,8.3358
1822,10.6144
1823,15.6531
1824,11.766
1825,14.1416
1826,8.25195
1827,10.4168
1828,10.5098
1829,10.669
1830,11.9206
1831,5.93758
1832,6.9723
1833,12.1527
1834,8.51351
1835,11.096
1836,7.23878
1837,7.92781
1838,9.06505
1839,15.8269
1840,10.9503
1841,9.48198
1842,10.3168
1843,8.90856
1844,10.132
1845,11.8483
1846,7.95279
1847,11.5452
1848,7.74654
1849,9.75497
1850,9.1392
1851,8.24718
1852,6.85993
1853,11.8942
1854,13.682
1855,12.7602
1856,9.11565
1857,14.2296
1858,6.51768
1859,6.97308
1860,9.16787
1861,7.26717
1862,7.67066
1863,7.7316
1864,7.94301
1865,8.45281
1866,9.51231
1867,9.64242
1868,9.68301
1869,9.78219
1870,9.80933
1871,11.0685
1872,7.2824
1873,10.4386
1874,10.5493
1875,10.8457
1876,11.1058
1877,9.16221
1878,9.76793
1879,11.7815
1880,12.0556
1881,12.3742
1882,12.4265
1883,12.5314
1884,13.8387
1885,12.5568
1886,6.41793
1887,11.4114
1888,7.96507
1889,7.65766
1890,9.35681
1891,7.82935
1892,10.9234
1893,8.94069
1894,9.25061
1895,9.26939
1896,10.6948
1897,9.76079
1898,9.83886
1899,9.91656
1900,9.92754
1901,13.9926
1902,9.2855
1903,12.4291
1904,11.1155
1905,11.1791
1906,10.5765
1907,8.31643
1908,9.00789
1909,14.9185
1910,9.2113
1911,9.71653
1912,9.88562
1913,10.3039
1914,11.7377
1915,12.5365
1916,12.9762
1917,8.62106
1918,15.4457
1919,9.57869
1920,12.9044
1921,6.70531
1922,8.97775
1923,12.2952
1924,8.67402
1925,12.7662
1926,9.54795
1927,9.54586
1928,7.62232
1929,8.07482
1930,6.04551
1931,9.27556
1932,9.8272
1933,9.22518
1934,10.32
1935,10.4898
1936,9.21343
1937,10.2708
1938,10.5437
1939,8.86478
1940,11.3334
1941,8.43398
1942,8.48101
1943,12.0349
1944,18.2911
1945,10.3491
1946,10.4029
1947,9.58007
1948,9.59165
1949,9.97888
1950,10.2711
1951,10.3633
1952,10.4861
1953,12.4946
1954,11.9167
1955,13.2324
1956,10.4454
1957,8.59575
1958,8.82602
1959,9.78109
1960,8.03544
1961,10.2571
1962,13.3357
1963,10.4196
1964,7.7658
1965,9.17553
1966,12.2984
1967,9.23699
1968,10.573
1969,14.9638
1970,11.9822
1971,11.1034
1972,12.6754
1973,12.769
1974,12.2354
1975,17.7269
1976,12.7482
1977,9.64043
1978,9.4186
1979,9.9492
1980,9.30199
1981,9.39365
1982,10.3884
1983,10.681
1984,10.6911
1985,9.0077
1986,12.5787
1987,9.69113
1988,8.62815
1989,12.8738
1990,12.9105
1991,9.57192
1992,7.63256
1993,7.38066
1994,14.4923
1995,15.6886
1996,9.99864
1997,10.265
1998,7.48351
1999,8.19632
2000,7.3183
2001,8.81792
2002,10.9299
2003,6.95484
2004,9.15201
2005,10.2005
2006,6.38084
2007,10.5389
2008,11.3014
2009,11.4452
2010,11.6535
2011,7.84914
2012,12.0174
2013,10.4945
2014,13.1996
2015,12.6722
2016,10.1874
2017,14.7546
2018,11.3099
2019,11.5859
2020,12.0024
2021,8.19443
2022,9.81407
2023,8.52889
2024,10.7716
2025,10.5741
2026,10.9161
2027,8.49584
2028,8.61683
2029,10.034
2030,7.77443
2031,7.91442
2032,11.465
2033,9.48207
2034,9.57158
2035,12.805
2036,11.1003
2037,12.1087
2038,12.216
2039,8.35776
2040,8.94378
2041,9.46803
2042,9.57603
2043,8.84232
2044,11.9019
2045,11.0621
2046,7.20687
2047,7.63728
2048,7.64929
2049,11.8443
2050,8.46379
2051,12.6224
2052,8.81141
2053,6.63307
2054,13.918
2055,10.4051
2056,8.87733
2057,10.0013
2058,6.63215
2059,13.985
2060,11.1998
2061,8.58909
2062,8.87023
2063,9.02311
2064,9.45021
2065,11.4977
2066,12.904
2067,6.36699
2068,14.5613
2069,8.18693
2070,9.79799
2071,9.13036
2072,12.3912
2073,11.4207
2074,11.4969
2075,12.2199
2076,9.60238
2077,8.4341
2078,14.9678
2079,10.2436
2080,12.5342
2081,11.5712
2082,8.81082
2083,10.9666
2084,10.4295
2085,10.5465
2086,9.60341
2087,8.3503
2088,8.09844
2089,14.3071
2090,9.63741
2091,15.0762
2092,8.3625
2093,10.0577
2094,9.12265
2095,12.331
2096,10.5731
2097,5.52095
2098,5.58539
2099,6.79416
2100,15.6639
2101,11.7019
2102,9.82677
2103,9.22641
2104,10.9638
2105,10.5642
2106,9.82996
2107,8.9629
2108,8.39419
2109,10.179
2110,7.85543
2111,11.1416
2112,11.7618
2113,11.884
2114,16.3228
2115,7.40397
2116,7.56977
2117,7.98908
2118,8.08441
2119,10.1179
2120,9.65943
2121,12.3083
2122,10.5176
2123,10.6373
2124,9.82199
2125,8.36364
2126,12.5516
2127,7.73185
2128,9.25874
2129,9.29531
2130,10.7672
2131,8.90472
2132,16.0207
2133,7.28183
2134,9.98253
2135,12.4276
2136,13.2087
2137,8.43578
2138,10.4718
2139,12.7222
2140,12.6018
2141,13.6854
2142,14.4431
2143,8.08985
2144,10.3058
2145,9.40513
2146,10.785
2147,10.8775
2148,12.7704
2149,9.26032
2150,7.62534
2151,7.22294
2152,7.41213
2153,8.54826
2154,10.0785
2155,10.2856
2156,10.3954
2157,11.1464
2158,11.2724
2159,12.5317
2160,9.06924
2161,7.18709
2162,9.48475
2163,14.7319
2164,9.80752
2165,10.2329
2166,9.36566
2167,10.23
2168,6.98462
2169,10.0779
2170,8.89665
2171,9.91578
2172,10.3389
2173,9.83016
2174,7.30702
2175,8.55328
2176,8.60528
2177,8.93608
2178,8.19916
2179,9.32177
2180,11.0621
2181,10.5086
2182,11.7046
2183,10.6252
2184,12.9156
2185,9.63183
2186,15.633
2187,7.12904
2188,8.27938
2189,13.1418
2190,9.89433
2191,11.1256
2192,8.53585
2193,9.28301
2194,10.3235
2195,9.48448
2196,9.62218
2197,9.98274
2198,8.67401
2199,9.34329
2200,13.5744
2201,9.77439
2202,10.0412
2203,9.32597
2204,6.6357
2205,12.4566
2206,10.8997
2207,10.5406
2208,9.88045
2209,7.66329
2210,10.381
2211,8.54675
2212,11.8073
2213,12.3808
2214,10.3982
2215,6.69495
2216,11.7977
2217,11.185
2218,11.2447
2219,12.3845
2220,13.4151
2221,9.19119
2222,11.7906
2223,9.18728
2224,11.4796
2225,10.5768
2226,7.03678
2227,7.42191
2228,9.70645
2229,7.9041
2230,11.0596
2231,9.27207
2232,8.71776
2233,9.12067
2234,6.93833
2235,12.0262
2236,9.37304
2237,7.57931
2238,10.7643
2239,11.538
2240,11.8392
2241,12.0263
2242,10.074
2243,9.19392
2244,10.6902
2245,10.9426
2246,7.96519
2247,10.9976
2248,10.7233
2249,9.27847
2250,9.41989
2251,10.0786
2252,13.7921
2253,8.39773
2254,8.7669
2255,8.82656
2256,10.7451
2257,9.84697
2258,10.032
2259,10.6271
2260,8.15269
2261,11.2583
2262,9.27053
2263,11.2799
2264,9.04875
2265,8.44178
2266,8.27081
2267,7.47578
2268,9.64425
2269,12.9343
2270,11.3956
2271,7.5762
2272,11.1047
2273,8.34175
2274,9.54063
2275,11.3807
2276,11.7546
2277,9.17824
2278,10.2387
2279,10.1069
2280,6.12662
2281,10.1385
2282,7.6806
2283,7.87002
2284,10.5202
2285,9.23667
2286,8.60754
2287,9.75654
2288,11.9966
2289,10.0051
2290,10.3083
2291,12.8498
2292,10.2631
2293,10.4447
2294,13.5486
2295,9.67836
2296,8.87
2297,10.29
2298,11.4755
2299,10.0372
2300,10.7282
2301,10.9255
2302,7.96699
2303,9.56926
2304,9.31719
2305,8.30482
2306,9.72511
2307,10.1321
2308,7.2934
2309,8.61385
2310,9.62895
2311,9.86083
2312,7.96679
2313,10.3613
2314,9.42639
2315,9.43694
2316,8.64881
2317,9.91858
2318,9.03492
2319,10.5543
2320,8.91334
2321,11.0707
2322,13.2975
2323,12.3633
2324,12.6362
2325,7.73666
2326,8.78517
2327,8.45638
2328,10.466
2329,10.8187
2330,8.0271
2331,10.2313
2332,12.6359
2333,12.6799
2334,9.75611
2335,10.9774
2336,13.9918
2337,8.93809
2338,11.3206
2339,12.3711
2340,8.40984
2341,9.54483
2342,9.05491
2343,9.35546
2344,10.4538
2345,10.7476
2346,10.9018
2347,8.44242
2348,11.9887
2349,11.1648
2350,9.31593
2351,11.4767
2352,13.2836
2353,13.6915
2354,10.6046
2355,9.89202
2356,12.0893
2357,11.8729
2358,9.64182
2359,13.7914
2360,10.3443
2361,10.2468
2362,7.42321
2363,12.4884
2364,15.4256
2365,9.65805
2366,9.6993
2367,8.8442
2368,11.066
2369,8.51466
2370,7.75615
2371,9.78727
2372,10.9898
2373,11.013
2374,15.1705
2375,11.5832
2376,11.7599
2377,9.89546
2378,7.2054
2379,11.3182
2380,10.9491
2381,9.02228
2382,11.6447
2383,13.7303
2384,9.53065
2385,10.7693
2386,7.78449
2387,11.8798
2388,9.94581
2389,11.0586
2390,11.2138
2391,13.2349
2392,8.31257
2393,8.43581
2394,10.9769
2395,7.30948
2396,11.4737
2397,11.8971
2398,10.2605
2399,12.2875
2400,12.3545
2401,10.654
2402,10.76
2403,12.8632
2404,12.0296
2405,10.1649
2406,8.86152
2407,8.69846
2408,10.2449
2409,9.5468
2410,9.42675
2411,9.87229
2412,10.6859
2413,11.4055
2414,11.3287
2415,7.60055
2416,10.6929
2417,8.50342
2418,8.79165
2419,9.71698
2420,10.0542
2421,10.0764
2422,10.1394
2423,7.4905
2424,10.5626
2425,10.6359
2426,10.6862
2427,13.9647
2428,11.032
2429,12.1324
2430,11.6562
2431,10.2077
2432,15.233
2433,12.4681
2434,10.9573
2435,9.01839
2436,8.26073
2437,11.5708
2438,15.3594
2439,9.37766
2440,7.96696
2441,15.2932
2442,9.66708
2443,13.7146
2444,9.99206
2445,11.0225
2446,6.65896
2447,7.75761
2448,11.766
2449,9.80341
2450,8.58463
2451,10.6205
2452,8.9889
2453,9.80139
2454,9.82438
2455,7.07379
2456,11.8458
2457,8.42466
2458,5.06667
2459,12.2643
2460,10.6657
2461,11.6426
2462,11.8717
2463,8.2112
2464,9.43724
2465,9.53951
2466,13.5614
2467,8.89919
2468,9.14286
2469,9.35861
2470,10.8828
2471,11.0903
2472,9.65886
2473,7.17559
2474,12.767
2475,8.01804
2476,8.42636
2477,6.10468
2478,9.35512
2479,9.43654
2480,11.5881
2481,12.2834
2482,7.50481
2483,10.9062
2484,8.76675
2485,10.0827
2486,10.273
2487,10.3536
2488,6.56873
2489,10.7767
2490,11.0124
2491,7.32058
2492,7.59058
2493,7.70902
2494,12.2642
2495,7.50521
2496,7.59263
2497,8.0035
2498,17.3181
2499,9.38571
2500,9.85936
2501,9.49973
2502,11.1658
2503,11.8885
2504,12.2968
2505,11.5574
2506,7.70022
2507,8.94933
2508,8.68857
2509,7.80214
2510,9.17497
2511,9.41375
2512,8.95957
2513,10.2431
2514,8.67084
2515,9.93433
2516,9.42697
2517,9.71154
2518,10.5309
2519,11.6043
2520,11.8465
2521,12.7143
2522,10.8059
2523,9.86088
2524,13.5861
2525,10.9551
2526,10.5348
2527,7.16429
2528,13.3694
2529,6.63366
2530,6.6853
2531,9.69373
2532,7.85765
2533,12.2848
2534,8.42096
2535,11.6869
2536,8.32849
2537,13.0925
2538,13.1964
2539,10.3007
2540,8.51559
2541,10.5378
2542,8.56551
2543,10.7693
2544,6.91114
2545,11.1587
2546,8.60139
2547,11.6688
2548,11.8403
2549,6.88362
2550,12.3342
2551,9.11067
2552,14.3036
2553,15.7021
2554,11.365
2555,10.5549
2556,9.8267
2557,10.2275
2558,12.0558
2559,11.0642
2560,7.82998
2561,12.3597
2562,13.4551
2563,6.22018
2564,9.90387
2565,9.11296
2566,9.27435
2567,9.50696
2568,8.36362
2569,8.84165
2570,8.85008
2571,6.00783
2572,9.3514
2573,11.8657
2574,6.57959
2575,8.10781
2576,8.46264
2577,9.25928
2578,9.98788
2579,10.125
2580,11.3909
2581,9.03131
2582,10.5252
2583,9.85077
2584,8.08819
2585,9.32862
2586,9.41135
2587,7.56001
2588,13.9705
2589,10.3012
2590,11.4028
2591,13.023
2592,10.1877
2593,13.3649
2594,10.8787
2595,9.23439
2596,10.4821
2597,12.1193
2598,8.51953
2599,8.22947
2600,9.50298
2601,12.006
2602,11.4213
2603,9.4084
2604,11.6566
2605,8.47723
2606,14.2187
2607,10.5199
2608,11.3992
2609,14.2928
2610,8.0192
2611,6.34912
2612,11.4992
2613,8.58158
2614,10.4685
2615,9.57883
2616,11.2111
2617,12.3061
2618,10.5004
2619,12.5365
2620,11.8701
2621,8.308
2622,8.48987
2623,13.0453
2624,12.9377
2625,14.8255
2626,8.37328
2627,12.6432
2628,11.6135
2629,9.82326
2630,10.8417
2631,11.6073
2632,6.3322
2633,6.82451
2634,8.88922
2635,12.9062
2636,10.878
2637,12.2803
2638,8.88308
2639,7.36629
2640,15.4052
2641,11.9363
2642,9.34371
2643,10.8073
2644,7.17364
2645,15.644
2646,7.77315
2647,8.83564
2648,8.87314
2649,12.9884
2650,9.6473
2651,9.93117
2652,9.4649
2653,13.4945
2654,10.8338
2655,10.0877
2656,11.5145
2657,9.89579
2658,10.6705
2659,15.2114
2660,8.7577
2661,9.60418
2662,7.95134
2663,10.1843
2664,8.24558
2665,9.40112
2666,9.5481
2667,11.7224
2668,10.5079
2669,12.1583
2670,9.70011
2671,9.90958
2672,11.4752
2673,7.73213
2674,11.1812
2675,7.21991
2676,9.77493
2677,9.90073
2678,9.79285
2679,10.8378
2680,13.8604
2681,7.54732
2682,13.6005
2683,13.0702
2684,14.9923
2685,11.0339
2686,10.5266
2687,9.7437
2688,10.2646
2689,11.8028
2690,7.65518
2691,12.7808
2692,8.08865
2693,13.1942
2694,16.0409
2695,10.7783
2696,10.1666
2697,7.45453
2698,9.49095
2699,6.7447
2700,12.9086
2701,10.226
2702,8.89526
2703,7.94085
2704,11.702
2705,7.92378
2706,8.13906
2707,10.4756
2708,12.8102
2709,8.84811
2710,9.75384
2711,6.88456
2712,9.94853
2713,9.71364
2714,10.5285
2715,6.62128
2716,12.706
2717,10.7753
2718,12.7837
2719,14.7922
2720,7.83994
2721,11.8936
2722,11.0409
2723,8.15045
2724,9.15888
2725,8.38479
2726,9.46462
2727,9.12927
2728,12.0879
2729,8.23842
2730,12.7566
2731,9.877
2732,13.7128
2733,9.00936
2734,10.6673
2735,12.77
2736,9.00194
2737,8.198
2738,11.3696
2739,8.52174
2740,12.5876
2741,8.92328
2742,8.42593
2743,10.0109
2744,10.0213
2745,10.2808
2746,10.8249
2747,10.8556
2748,6.97603
2749,8.47914
2750,9.32809
2751,8.34194
2752,8.47075
2753,9.532
2754,10.3678
2755,10.4612
2756,11.5302
2757,6.69755
2758,8.06427
2759,9.82664
2760,12.7138
2761,13.015
2762,13.2646
2763,12.5135
2764,9.98397
2765,6.56451
2766,11.771
2767,8.41913
2768,13.4278
2769,10.557
2770,8.89541
2771,9.40472
2772,9.45798
2773,11.832
2774,5.84428
2775,13.3855
2776,11.3975
2777,8.70048
2778,8.92344
2779,10.4751
2780,10.205
2781,7.32885
2782,8.8378
2783,9.45283
2784,11.9219
2785,13.1617
2786,9.5139
2787,9.8637
2788,10.1429
2789,12.242
2790,9.64748
2791,11.962
2792,11.0888
2793,7.19244
2794,12.4073
2795,13.9317
2796,6.9797
2797,11.0113
2798,8.36999
2799,9.51792
2800,11.8493
2801,9.15009
2802,12.9077
2803,10.0229
2804,15.4785
2805,13.041
2806,9.1522
2807,7.11457
2808,11.1427
2809,8.41427
2810,14.8837
2811,9.03477
2812,8.83531
2813,8.9267
2814,8.36416
2815,11.4762
2816,14.3204
2817,10.4839
2818,8.77519
2819,5.57109
2820,10.387
2821,11.7773
2822,12.8375
2823,8.62435
2824,8.56282
2825,13.8677
2826,12.578
2827,10.5835
2828,5.64227
2829,11.8126
2830,7.91398
2831,12.3855
2832,12.4005
2833,10.0464
2834,9.21953
2835,13.3006
2836,8.35124
2837,11.5686
2838,8.67799
2839,8.91631
2840,12.1791
2841,9.53675
2842,9.61971
2843,11.6737
2844,10.1376
2845,10.9038
2846,11.1515
2847,12.6271
2848,8.02671
2849,11.0938
2850,12.2304
2851,17.3422
2852,8.87406
2853,10.9685
2854,9.26654
2855,10.3447
2856,8.49714
2857,9.72462
2858,14.8159
2859,11.0184
2860,11.6895
2861,9.81235
2862,9.90479
2863,11.6794
2864,17.8185
2865,7.95482
2866,8.00675
2867,14.0463
2868,14.1597
2869,11.1768
2870,9.23615
2871,7.76448
2872,8.95644
2873,9.1889
2874,12.2464
2875,9.29103
2876,12.2995
2877,11.4641
2878,10.0497
2879,7.40693
2880,7.86434
2881,7.8772
2882,8.22552
2883,9.50827
2884,10.9034
2885,10.0879
2886,10.1663
2887,11.3783
2888,9.95094
2889,11.0617
2890,12.1468
2891,13.4708
2892,10.685
2893,9.08147
2894,8.62882
2895,10.9156
2896,12.2544
2897,6.66631
2898,11.9585
2899,10.2516
2900,13.2601
2901,7.59086
2902,10.4221
2903,10.7956
2904,11.0181
2905,11.2422
2906,9.43345
2907,10.0572
2908,10.1662
2909,12.3097
2910,9.58925
2911,10.2601
2912,10.5873
2913,9.57246
2914,12.7856
2915,9.60385
2916,8.19765
2917,10.2831
2918,13.2144
2919,6.51522
2920,14.8864
2921,10.6895
2922,11.7924
2923,12.9063
2924,9.17124
2925,12.3533
2926,10.8825
2927,10.0229
2928,10.1274
2929,8.60009
2930,11.7977
2931,7.71864
2932,12.7869
2933,10.1163
2934,9.76026
2935,7.4032
2936,7.31447
2937,6.52566
2938,6.77035
2939,8.85107
2940,14.3039
2941,7.67806
2942,8.61368
2943,12.8206
2944,11.8785
2945,9.5323
2946,9.69491
2947,12.7069
2948,10.8344
2949,10.9316
2950,9.86114
2951,8.05508
2952,11.9023
2953,9.02923
2954,10.1945
2955,17.6426
2956,8.61438
2957,11.7774
2958,10.339
2959,9.39396
2960,10.2393
2961,8.57433
2962,9.64725
2963,9.80142
2964,12.0486
2965,9.57178
2966,12.6198
2967,10.1669
2968,10.4884
2969,7.37162
2970,9.42082
2971,7.72422
2972,8.77135
2973,11.7381
2974,9.52149
2975,9.94366
2976,10.5625
2977,12.934
2978,11.032
2979,12.1504
2980,11.7406
2981,10.2374
2982,10.4231
2983,9.8827
2984,8.37458
2985,13.3859
2986,13.6013
2987,10.6224
2988,10.2447
2989,11.6976
2990,9.64145
2991,9.08183
2992,8.41936
2993,11.1671
2994,10.5038
2995,9.66482
2996,10.7116
2997,10.8376
2998,11.1614
2999,10.9023
3000,11.6899
3001,10.4342
3002,8.91263
3003,11.0989
3004,14.3215
3005,10.3682
3006,9.0536
3007,12.4334
3008,8.77806
3009,6.06758
3010,7.16929
3011,8.19998
3012,8.64381
3013,9.01612
3014,10.676
3015,7.35736
3016,7.65149
3017,10.7139
3018,6.68189
3019,12.9477
3020,9.10296
3021,10.733
3022,8.93033
3023,9.03594
3024,8.33119
3025,10.3396
3026,8.72153
3027,6.32526
3028,10.3962
3029,7.69732
3030,8.57922
3031,11.0686
3032,9.30086
3033,9.64761
3034,10.8655
3035,9.17001
3036,8.29128
3037,8.34385
3038,8.45143
3039,7.66946
3040,10.04
3041,8.17651
3042,10.3086
3043,10.5175
3044,12.5422
3045,8.961
3046,9.24638
3047,9.69178
3048,12.7053
3049,9.25317
3050,8.32938
3051,10.5054
3052,9.61203
3053,8.65532
3054,12.478
3055,8.93405
3056,8.3981
3057,8.74393
3058,11.9039
3059,11.0097
3060,11.1316
3061,9.4774
3062,13.7116
3063,9.73928
3064,12.7198
3065,6.87696
3066,15.2559
3067,9.95231
3068,11.0469
3069,11.8175
3070,8.38523
3071,12.9119
3072,9.06003
3073,12.2151
3074,16.2303
3075,8.37966
3076,9.76385
3077,9.36463
3078,9.61647
3079,7.83484
3080,10.8669
3081,9.40688
3082,9.09775
3083,6.24705
3084,12.0461
3085,7.2058
3086,8.02511
3087,8.74118
3088,10.0617
3089,10.5711
3090,9.0083
3091,13.0602
3092,12.2305
3093,16.2122
3094,6.38131
3095,12.4971
3096,14.3446
3097,8.82685
3098,9.79859
3099,9.8578
3100,10.0735
3101,9.29042
3102,10.8923
3103,10.9269
3104,7.63672
3105,7.08464
3106,8.52484
3107,9.08171
3108,9.35266
3109,8.84473
3110,9.30869
3111,7.44468
3112,9.46293
3113,6.9173
3114,11.2365
3115,8.33599
3116,10.3774
3117,12.4661
3118,11.6807
3119,11.691
3120,12.7066
3121,9.88121
3122,13.0226
3123,12.4692
3124,12.5614
3125,7.97348
3126,10.8233
3127,9.06625
3128,9.62782
3129,10.5105
3130,10.577
3131,7.87765
3132,11.0885
3133,10.6512
3134,12.75
3135,7.77637
3136,7.83462
3137,9.56334
3138,10.7676
3139,9.81048
3140,10.4131
3141,10.6191
3142,7.64175
3143,9.71111
3144,9.79846
3145,10.8165
3146,13.0966
3147,10.2187
3148,8.56357
3149,9.68961
3150,13.8644
3151,9.88632
3152,11.9538
3153,10.401
3154,10.52
3155,10.7081
3156,10.5968
3157,13.6291
3158,8.85218
3159,13.8937
3160,12.9946
3161,13.0323
3162,9.57913
3163,9.27419
3164,8.95751
3165,13.1588
3166,11.193
3167,8.32697
3168,13.623
3169,12.2795
3170,15.4509
3171,7.67645
3172,6.68167
3173,9.06351
3174,14.4504
3175,11.9603
3176,10.8231
3177,11.2221
3178,13.3043
3179,9.75757
3180,8.30351
3181,10.3431
3182,8.63157
3183,9.6631
3184,9.65471
3185,6.00816
3186,8.50217
3187,10.5191
3188,8.64005
3189,7.64849
3190,11.6736
3191,7.81693
3192,8.99475
3193,9.07609
3194,9.26246
3195,13.4296
3196,9.81296
3197,8.95257
3198,9.13209
3199,10.185
3200,8.84143
3201,8.88301
3202,13.1139
3203,12.2308
3204,11.9246
3205,7.31521
3206,11.846
3207,8.74998
3208,8.36871
3209,13.4186
3210,10.4938
3211,9.66055
3212,11.6044
3213,8.85812
3214,9.37128
3215,9.44731
3216,9.57656
3217,9.92069
3218,10.0466
3219,11.2082
3220,11.7062
3221,11.8375
3222,10.0746
3223,9.52393
3224,10.348
3225,10.4835
3226,12.492
3227,6.40129
3228,9.47363
3229,11.6287
3230,8.04338
3231,11.2029
3232,6.44594
3233,10.4544
3234,10.5027
3235,6.95893
3236,6.97032
3237,7.97875
3238,10.6838
3239,9.61946
3240,9.79051
3241,10.0787
3242,8.27903
3243,10.8877
3244,9.07459
3245,9.36765
3246,11.9612
3247,12.3761
3248,12.965
3249,12.9869
3250,11.1074
3251,11.3649
3252,11.3832
3253,11.913
3254,9.95178
3255,8.29693
3256,8.30536
3257,10.0554
3258,11.7572
3259,12.0152
3260,9.21474
3261,8.74628
3262,9.90077
3263,11.3405
3264,11.6408
3265,9.35759
3266,7.39326
3267,8.81043
3268,9.11233
3269,9.52069
3270,10.9764
3271,7.04006
3272,11.0854
3273,10.1985
3274,7.29508
3275,7.34637
3276,5.50159
3277,13.7784
3278,7.45543
3279,9.86614
3280,9.91368
3281,10.9205
3282,14.3088
3283,8.39909
3284,13.083
3285,9.51452
3286,10.9792
3287,15.6721
3288,8.50698
3289,9.22159
3290,14.358
3291,7.47173
3292,9.59649
3293,11.7475
3294,9.76426
3295,10.0376
3296,8.26471
3297,8.69499
3298,10.7531
3299,11.1466
3300,7.66449
3301,9.68992
3302,9.71122
3303,7.74993
3304,9.78117
3305,8.49769
3306,11.623
3307,11.2336
3308,11.3302
3309,8.42045
3310,14.6262
3311,10.1546
3312,10.5228
3313,10.5802
3314,10.0043
3315,16.2366
3316,10.3468
3317,13.5204
3318,14.1356
3319,7.79193
3320,8.8916
3321,9.34677
3322,14.8813
3323,9.89223
3324,7.69256
3325,9.00747
3326,12.7265
3327,9.06967
3328,11.262
3329,8.62893
3330,13.0532
3331,8.09369
3332,8.19378
3333,5.66359
3334,6.6854
3335,8.93427
3336,13.1812
3337,9.57645
3338,10.3983
3339,11.5601
3340,14.0032
3341,4.40238
3342,10.5941
3343,12.0682
3344,9.20566
3345,12.182
3346,14.2618
3347,8.59553
3348,9.18747
3349,10.393
3350,10.3917
3351,10.5726
3352,10.8686
3353,13.0758
3354,12.1322
3355,9.71496
3356,10.3337
3357,10.2835
3358,8.42127
3359,6.82171
3360,10.8873
3361,7.19934
3362,12.2244
3363,7.59862
3364,7.69489
3365,8.8776
3366,10.2674
3367,10.4641
3368,8.34408
3369,13.4165
3370,9.53906
3371,13.5595
3372,11.6013
3373,10.7672
3374,10.8051
3375,7.18284
3376,15.446
3377,12.7405
3378,12.094
3379,8.44121
3380,13.2365
3381,9.31004
3382,11.2913
3383,7.54169
3384,13.5664
3385,8.70148
3386,11.0238
3387,12.6568
3388,11.6751
3389,10.6798
3390,6.08023
3391,13.0319
3392,12.4259
3393,9.00452
3394,9.42704
3395,5.52215
3396,9.68786
3397,10.1337
3398,10.2312
3399,5.63717
3400,11.3937
3401,11.0577
3402,13.2853
3403,8.46656
3404,9.4748
3405,9.80915
3406,9.89109
3407,10.9493
3408,12.7697
3409,8.06901
3410,8.60662
3411,9.79218
3412,14.0625
3413,9.42345
3414,9.83437
3415,11.7977
3416,11.0449
3417,11.2219
3418,12.3582
3419,11.7706
3420,14.1214
3421,11.5771
3422,7.83641
3423,8.10136
3424,8.17592
3425,8.30426
3426,9.4983
3427,9.52431
3428,9.63279
3429,10.1166
3430,10.3088
3431,10.5613
3432,11.0062
3433,11.1761
3434,11.3298
3435,11.3622
3436,11.4804
3437,11.97
3438,12.0167
3439,12.5947
3440,10.6032
3441,12.6685
3442,8.99813
3443,11.29
3444,14.6841
3445,12.5387
3446,8.96021
3447,8.07104
3448,9.50278
3449,12.849
3450,9.35181
3451,10.4314
3452,9.42152
3453,10.4539
3454,11.5798
3455,14.5179
3456,9.6688
3457,11.2165
3458,8.43785
3459,6.06356
3460,9.38142
3461,9.38985
3462,7.86412
3463,6.42565
3464,10.7402
3465,9.43331
3466,10.461
3467,8.90534
3468,17.278
3469,10.18
3470,8.3789
3471,6.38733
3472,9.45838
3473,10.6751
3474,10.6891
3475,9.23592
3476,12.2375
3477,9.14089
3478,6.73783
3479,10.9928
3480,9.01053
3481,9.24518
3482,7.27224
3483,9.42438
3484,9.08962
3485,11.624
3486,11.8154
3487,12.1353
3488,12.4389
3489,18.7217
3490,9.66595
3491,9.85066
3492,15.7935
3493,10.3649
3494,8.61275
3495,12.6462
3496,11.0021
3497,12.1952
3498,12.7
3499,8.54823
3500,9.57444
3501,10.3286
3502,7.74812
3503,9.84765
3504,8.92078
3505,9.39517
3506,11.6347
3507,9.40879
3508,12.4561
3509,5.54688
3510,10.8257
3511,10.8363
3512,8.14998
3513,8.30724
3514,9.38061
3515,9.43095
3516,10.6786
3517,8.88413
3518,9.01772
3519,10.3025
3520,10.4822
3521,9.71944
3522,12.4282
3523,11.6067
3524,10.9053
3525,12.1533
3526,11.6422
3527,9.32312
3528,13.3383
3529,7.55633
3530,9.65736
3531,10.686
3532,10.71
3533,8.97656
3534,8.65123
3535,9.05546
3536,10.4977
3537,12.0619
3538,8.31922
3539,13.0665
3540,12.7554
3541,9.58123
3542,9.97058
3543,8.40738
3544,13.6861
3545,8.70033
3546,6.77084
3547,11.0519
3548,11.3422
3549,9.05243
3550,10.3237
3551,10.8783
3552,10.0801
3553,10.1839
3554,9.21922
3555,7.82374
3556,9.91411
3557,9.95058
3558,8.27353
3559,13.282
3560,8.54679
3561,8.84551
3562,9.16706
3563,8.48616
3564,8.22022
3565,8.67917
3566,10.5838
3567,8.71992
3568,8.99396
3569,11.1713
3570,12.6608
3571,12.0485
3572,12.3147
3573,13.6497
3574,7.58936
3575,10.1227
3576,9.36591
3577,6.78848
3578,7.84183
3579,9.03037
3580,8.46245
3581,7.77776
3582,9.43009
3583,7.43852
3584,8.7224
3585,10.1075
3586,10.4421
3587,10.7766
3588,10.1418
3589,11.4569
3590,12.1263
3591,7.3133
3592,9.95408
3593,8.15975
3594,10.4522
3595,14.4113
3596,11.4331
3597,16.695
3598,8.74445
3599,8.8215
3600,10.6903
3601,9.81045
3602,10.955
3603,8.83785
3604,9.846
3605,10.0414
3606,8.1547
3607,8.16506
3608,12.2335
3609,9.24671
3610,16.2954
3611,8.59544
3612,8.73898
3613,9.22092
3614,10.8818
3615,6.14488
3616,6.73506
3617,13.4023
3618,9.70026
3619,8.61739
3620,7.71168
3621,11.8631
3622,10.954
3623,12.2656
3624,8.41294
3625,8.64147
3626,5.75155
3627,10.4767
3628,9.87681
3629,8.91129
3630,14.1144
3631,12.201
3632,8.3798
3633,12.5614
3634,8.91114
3635,10.5569
3636,14.2582
3637,10.7005
3638,8.17085
3639,13.1524
3640,7.61134
3641,8.61918
3642,12.8744
3643,10.2124
3644,9.27042
3645,10.6368
3646,8.35586
3647,11.8929
3648,12.0794
3649,8.11745
3650,9.08019
3651,13.5095
3652,9.85965
3653,10.3731
3654,10.4493
3655,8.70537
3656,11.726
3657,8.87309
3658,12.9631
3659,9.07728
3660,12.4011
3661,10.0106
3662,7.8395
3663,10.9858
3664,14.7151
3665,9.01965
3666,9.6742
3667,10.1071
3668,8.8299
3669,10.8725
3670,9.55406
3671,12.008
3672,12.1351
3673,9.82428
3674,10.1552
3675,10.1712
3676,13.3587
3677,7.4765
3678,13.544
3679,10.6258
3680,12.1261
3681,8.56945
3682,10.2143
3683,9.50247
3684,7.3626
3685,8.65608
3686,9.25058
3687,9.29884
3688,7.524
3689,8.42308
3690,8.48647
3691,9.78254
3692,12.2141
3693,9.55762
3694,11.62
3695,13.3732
3696,13.521
3697,8.99585
3698,9.13289
3699,6.37524
3700,11.5809
3701,6.61242
3702,7.75143
3703,7.88219
3704,8.89162
3705,8.2772
3706,13.4852
3707,8.68702
3708,13.8678
3709,8.98015
3710,9.51096
3711,7.5328
3712,9.82705
3713,10.0115
3714,9.07082
3715,9.26141
3716,9.45696
3717,9.58066
3718,9.6033
3719,11.8074
3720,10.1127
3721,10.2059
3722,10.3387
3723,8.3716
3724,12.0362
3725,8.13975
3726,12.5311
3727,11.6206
3728,9.92787
3729,9.05311
3730,10.2054
3731,13.2148
3732,11.8474
3733,10.1369
3734,12.5793
3735,7.05153
3736,10.3157
3737,7.51625
3738,7.99277
3739,13.2439
3740,9.75769
3741,10.8779
3742,14.3504
3743,12.4422
3744,10.4248
3745,6.61028
3746,9.73106
3747,13.9074
3748,8.96815
3749,7.22281
3750,7.55723
3751,9.53471
3752,10.9157
3753,10.5815
3754,10.9986
3755,10.2076
3756,13.423
3757,11.6589
3758,7.90514
3759,13.9292
3760,7.1993
3761,8.23562
3762,9.53494
3763,8.74404
3764,8.00842
3765,8.29499
3766,8.882
3767,16.1629
3768,10.1006
3769,10.9317
3770,11.3095
3771,12.5148
3772,12.53
3773,9.86419
3774,9.89056
3775,12.2454
3776,11.2288
3777,8.17415
3778,17.7585
3779,8.20799
3780,6.38149
3781,13.0281
3782,13.7728
3783,11.0289
3784,7.19926
3785,7.53616
3786,7.79154
3787,11.9138
3788,9.8356
3789,9.92012
3790,8.99171
3791,6.966
3792,9.5423
3793,10.024
3794,10.3437
3795,8.56115
3796,11.0375
3797,11.4866
3798,13.079
3799,9.49732
3800,12.5761
3801,8.85225
3802,8.28375
3803,11.203
3804,13.568
3805,10.3728
3806,8.87901
3807,8.03282
3808,10.3901
3809,7.05907
3810,11.2499
3811,9.33272
3812,10.5856
3813,15.2399
3814,10.3133
3815,9.68491
3816,8.00588
3817,7.58471
3818,8.71038
3819,10.7797
3820,10.3517
3821,10.6873
3822,12.777
3823,9.80992
3824,9.65963
3825,10.8109
3826,13.6233
3827,8.23414
3828,9.40062
3829,7.58722
3830,6.62905
3831,10.4378
3832,10.4519
3833,9.60173
3834,14.453
3835,10.5064
3836,11.5075
3837,10.9177
3838,7.26512
3839,9.5214
3840,10.0437
3841,12.7739
3842,7.42518
3843,8.62891
3844,12.6929
3845,12.1871
3846,10.6606
3847,10.1479
3848,7.42487
3849,11.048
3850,8.43495
3851,12.6942
3852,14.0111
3853,11.1116
3854,10.6997
3855,9.60016
3856,9.76874
3857,10.1645
3858,10.5658
3859,11.7932
3860,11.3687
3861,8.28801
3862,8.43607
3863,12.5673
3864,8.10369
3865,10.6824
3866,8.90197
3867,8.19467
3868,9.1206
3869,9.68047
3870,7.76883
3871,7.90456
3872,9.57615
3873,12.8272
3874,12.8713
3875,11.1998
3876,11.2587
3877,8.49392
3878,9.88977
3879,12.8982
3880,10.0077
3881,9.30018
3882,10.8423
3883,13.5449
3884,9.91036
3885,14.6337
3886,10.0413
3887,14.4674
3888,8.61785
3889,8.64609
3890,9.53665
3891,10.6496
3892,11.7586
3893,10.8889
3894,11.1229
3895,10.6895
3896,10.0372
3897,15.0394
3898,12.2315
3899,9.04182
3900,9.08344
3901,9.32499
3902,9.37707
3903,11.3903
3904,15.5103
3905,9.44183
3906,11.4503
3907,8.78508
3908,11.8693
3909,9.12357
3910,9.63287
3911,8.2879
3912,9.54739
3913,10.9804
3914,9.19104
3915,9.50229
3916,10.6112
3917,6.91019
3918,9.4038
3919,14.8351
3920,13.4611
3921,9.43684
3922,9.58193
3923,12.7777
3924,15.8479
3925,8.08058
3926,8.67692
3927,10.1323
3928,9.19861
3929,8.42514
3930,10.3377
3931,7.5577
3932,8.27342
3933,11.865
3934,8.6478
3935,7.90076
3936,11.414
3937,10.5302
3938,9.88398
3939,10.9164
3940,12.7347
3941,7.77033
3942,7.823
3943,10.7713
3944,13.8305
3945,8.14335
3946,8.93868
3947,9.67528
3948,10.3021
3949,8.93316
3950,8.38094
3951,8.82017
3952,12.1562
3953,9.91023
3954,9.92001
3955,14.0298
3956,7.5843
3957,8.22853
3958,5.758
3959,12.4614
3960,9.51465
3961,9.55903
3962,13.7618
3963,9.8767
3964,10.2027
3965,13.2945
3966,8.40158
3967,8.57725
3968,8.74938
3969,12.9533
3970,9.03944
3971,9.09023
3972,9.29205
3973,9.51739
3974,9.97911
3975,10.012
3976,10.3522
3977,10.8172
3978,10.964
3979,12.1261
3980,6.34173
3981,13.2554
3982,7.29876
3983,7.42204
3984,7.45713
3985,7.49342
3986,10.1
3987,7.61543
3988,8.62386
3989,7.9573
3990,9.26119
3991,8.46207
3992,8.8849
3993,8.73775
3994,10.7603
3995,11.4151
3996,11.0588
3997,8.08065
3998,11.2263
3999,7.51744
4000,8.52587
4001,11.8046
4002,11.8576
4003,9.53372
4004,9.57869
4005,12.5871
4006,10.2227
4007,11.7956
4008,12.8831
4009,11.1715
4010,15.2064
4011,9.40739
4012,10.11
4013,9.42002
4014,10.9649
4015,12.1479
4016,11.4807
4017,11.7647
4018,9.65882
4019,10.741
4020,8.50436
4021,9.11871
4022,9.25211
4023,9.3384
4024,10.5917
4025,10.1439
4026,11.5417
4027,9.4286
4028,10.4927
4029,7.38638
4030,11.8174
4031,11.5575
4032,9.24626
4033,8.37574
4034,12.4218
4035,11.0427
4036,10.3149
4037,12.645
4038,9.45902
4039,8.68975
4040,9.22612
4041,7.28115
4042,9.62343
4043,10.0226
4044,8.50064
4045,8.61661
4046,12.1385
4047,11.2819
4048,9.2972
4049,11.4278
4050,10.014
4051,10.5981
4052,10.6531
4053,11.4673
4054,11.4932
4055,9.09834
4056,14.1198
4057,12.4861
4058,10.8136
4059,7.77111
4060,10.2994
4061,8.11444
4062,10.262
4063,10.3926
4064,7.78787
4065,6.19098
4066,9.2147
4067,8.71892
4068,8.93552
4069,12.0052
4070,9.44915
4071,10.1181
4072,11.7798
4073,10.8076
4074,9.01111
4075,7.51008
4076,9.82203
4077,14.8566
4078,9.63243
4079,11.0821
4080,10.0328
4081,8.51931
4082,8.32144
4083,11.7946
4084,9.59842
4085,6.98922
4086,10.3679
4087,8.68643
4088,8.7779
4089,11.1671
4090,12.5018
4091,11.4186
4092,10.5118
4093,10.6118
4094,7.68032
4095,10.7805
4096,10.2993
4097,11.9597
4098,12.9101
4099,13.3093
4100,6.13168
4101,7.33997
4102,11.5132
4103,9.52263
4104,11.3011
4105,7.84452
4106,11.1419
4107,7.3334
4108,11.4217
4109,8.91045
4110,6.97453
4111,9.18008
4112,9.40812
4113,9.15904
4114,8.17853
4115,13.3699
4116,8.61919
4117,8.69947
4118,8.76832
4119,9.07138
4120,11.1964
4121,12.5832
4122,9.59165
4123,7.146
4124,10.2112
4125,10.2883
4126,11.3689
4127,8.39525
4128,9.77819
4129,11.8586
4130,9.60043
4131,9.19757
4132,10.1443
4133,9.11771
4134,11.5808
4135,8.98782
4136,8.53105
4137,8.15344
4138,10.276
4139,10.795
4140,11.3555
4141,9.68061
4142,10.689
4143,8.7862
4144,10.1668
4145,12.2923
4146,7.52307
4147,10.9663
4148,12.7056
4149,12.2566
4150,12.9594
4151,8.97688
4152,8.12676
4153,13.4934
4154,7.85518
4155,6.9629
4156,8.97133
4157,9.69769
4158,7.84715
4159,7.95817
4160,7.99834
4161,8.3057
4162,8.39851
4163,8.88617
4164,17.0631
4165,9.3977
4166,8.5116
4167,10.873
4168,11.0324
4169,11.1829
4170,12.8656
4171,8.25012
4172,9.30809
4173,7.88533
4174,9.04693
4175,14.1213
4176,11.5228
4177,7.68766
4178,9.11248
4179,9.84915
4180,10.2625
4181,13.2867
4182,11.9445
4183,10.5926
4184,11.6066
4185,9.05736
4186,12.1968
4187,10.2801
4188,8.45904
4189,9.0205
4190,9.47485
4191,9.76236
4192,8.27415
4193,10.8226
4194,10.1636
4195,9.32538
4196,9.44368
4197,11.5658
4198,7.34103
4199,12.1049
4200,11.0752
4201,9.23254
4202,9.41787
4203,7.43053
4204,8.85572
4205,9.03994
4206,8.51528
4207,10.0212
4208,10.0449
4209,9.16069
4210,7.40608
4211,9.08271
4212,12.2094
4213,14.5439
4214,8.12685
4215,9.38066
4216,7.061
4217,10.4645
4218,10.6462
4219,10.6546
4220,14.587
4221,11.651
4222,13.372
4223,12.3804
4224,11.2483
4225,12.2933
4226,13.8157
4227,7.89431
4228,6.42636
4229,6.75698
4230,8.21737
4231,10.4422
4232,13.5245
4233,9.74204
4234,10.2653
4235,8.30643
4236,9.28979
4237,9.15649
4238,7.49993
4239,11.55
4240,8.66809
4241,9.90057
4242,10.6467
4243,6.88999
4244,8.24961
4245,8.83247
4246,9.52397
4247,11.7309
4248,9.57159
4249,9.58667
4250,10.605
4251,10.2414
4252,11.3192
4253,9.80933
4254,11.8864
4255,13.7342
4256,10.2222
4257,16.7461
4258,12.4956
4259,10.8642
4260,15.6171
4261,9.12179
4262,9.28553
4263,9.56937
4264,8.68085
4265,12.2914
4266,8.55407
4267,9.92405
4268,7.97849
4269,11.2087
4270,13.782
4271,14.0405
4272,13.2735
4273,15.166
4274,11.6362
4275,10.5314
4276,9.57664
4277,6.90021
4278,9.03191
4279,10.3994
4280,9.46111
4281,9.79511
4282,11.1301
4283,10.5946
4284,8.70904
4285,12.4454
4286,8.67203
4287,8.80993
4288,8.84163
4289,9.35968
4290,10.5065
4291,10.6975
4292,12.7912
4293,6.63648
4294,10.7502
4295,10.8699
4296,12.2608
4297,13.3127
4298,7.72244
4299,9.17289
4300,12.1845
4301,9.60307
4302,7.63238
4303,7.96067
4304,7.07158
4305,9.14819
4306,8.32016
4307,14.429
4308,10.5256
4309,9.57331
4310,8.63693
4311,12.2927
4312,9.45777
4313,8.58965
4314,9.78922
4315,7.91973
4316,8.01395
4317,8.38847
4318,13.4218
4319,8.82142
4320,9.06671
4321,9.07514
4322,14.2022
4323,8.58721
4324,10.9938
4325,15.7968
4326,11.0268
4327,12.1153
4328,12.1394
4329,9.32306
4330,13.4916
4331,11.6942
4332,10.933
4333,7.94139
4334,12.7353
4335,11.7437
4336,7.96755
4337,14.485
4338,10.1384
4339,9.61874
4340,11.9131
4341,9.14258
4342,12.3268
4343,8.68115
4344,8.26213
4345,8.46739
4346,8.89
4347,15.3125
4348,9.71147
4349,13.9008
4350,9.90925
4351,8.13884
4352,17.2882
4353,14.3986
4354,8.21868
4355,12.8799
4356,12.8202
4357,8.41868
4358,8.45377
4359,11.9981
4360,8.61786
4361,8.85119
4362,8.14335
4363,8.25929
4364,8.44715
4365,8.65244
4366,9.66087
4367,11.9876
4368,10.6574
4369,13.0705
4370,15.2808
4371,12.1645
4372,8.48349
4373,10.8342
4374,10.6357
4375,10.1551
4376,8.71641
4377,11.8277
4378,12.0386
4379,9.21252
4380,9.31578
4381,10.355
4382,6.75003
4383,13.2719
4384,10.5251
4385,8.10291
4386,8.31249
4387,8.47207
4388,11.6548
4389,9.05425
4390,10.102
4391,9.3668
4392,9.4224
4393,9.5114
4394,6.0484
4395,9.75866
4396,11.9354
4397,11.2895
4398,13.7042
4399,10.6669
4400,8.9561
4401,8.84946
4402,10.7059
4403,9.32725
4404,12.5443
4405,10.8885
4406,11.2771
4407,12.1164
4408,12.6584
4409,9.85075
4410,6.98531
4411,9.77315
4412,9.9183
4413,8.15058
4414,14.4618
4415,8.89426
4416,10.0747
4417,8.8164
4418,13.872
4419,9.41377
4420,10.4399
4421,12.1142
4422,8.13166
4423,8.40192
4424,8.52242
4425,9.72612
4426,14.0748
4427,12.0833
4428,9.81387
4429,9.0761
4430,9.27736
4431,10.9283
4432,10.4697
4433,11.5567
4434,11.4597
4435,12.7488
4436,10.7962
4437,12.9393
4438,6.72035
4439,13.0224
4440,7.03081
4441,8.75024
4442,8.20945
4443,8.36068
4444,8.78895
4445,8.05137
4446,9.09285
4447,8.21958
4448,9.22802
4449,9.30261
4450,9.41619
4451,11.4937
4452,12.3909
4453,10.4102
4454,9.57073
4455,8.69784
4456,10.7838
4457,11.041
4458,11.0655
4459,11.136
4460,11.488
4461,10.5387
4462,11.0685
4463,7.30695
4464,11.7212
4465,9.76449
4466,13.5766
4467,7.07318
4468,9.20467
4469,9.30559
4470,7.37712
4471,8.38556
4472,16.5633
4473,11.8684
4474,9.56712
4475,7.57555
4476,10.6191
4477,11.6275
4478,9.8412
4479,9.86025
4480,8.16834
4481,10.5051
4482,10.6622
4483,12.5979
4484,8.7248
4485,7.87012
4486,13.1007
4487,12.3958
4488,11.0038
4489,6.96954
4490,10.4001
4491,7.78327
4492,9.41972
4493,9.45324
4494,8.09747
4495,9.05337
4496,8.17532
4497,9.18754
4498,10.6266
4499,8.63508
4500,6.24664
4501,9.82911
4502,11.1476
4503,14.1756
4504,7.39664
4505,7.75737
4506,11.0716
4507,8.37082
4508,8.50313
4509,8.83707
4510,10.0026
4511,8.40083
4512,8.54515
4513,6.08115
4514,9.39098
4515,15.6978
4516,8.2662
4517,6.58687
4518,8.89846
4519,10.9069
4520,12.2443
4521,7.80199
4522,9.10412
4523,8.92797
4524,7.80853
4525,8.41927
4526,10.5352
4527,10.6451
4528,8.8576
4529,9.87102
4530,10.328
4531,11.6447
4532,9.78838
4533,10.0464
4534,10.1453
4535,10.6582
4536,7.56256
4537,7.60764
4538,7.87228
4539,11.9007
4540,7.91107
4541,9.19822
4542,8.36784
4543,10.7259
4544,8.76187
4545,11.8042
4546,9.24069
4547,10.2813
4548,10.5444
4549,12.3447
4550,9.35327
4551,12.9757
4552,13.1626
4553,13.2026
4554,9.37659
4555,9.64434
4556,14.121
4557,11.7522
4558,10.4268
4559,10.5205
4560,11.5552
4561,7.93003
4562,8.50975
4563,11.4109
4564,8.83113
4565,12.8966
4566,11.9361
4567,8.09823
4568,10.1488
4569,10.138
4570,10.6571
4571,12.9088
4572,11.6359
4573,6.67395
4574,9.71614
4575,9.78851
4576,12.2509
4577,9.25937
4578,14.6682
4579,9.20112
4580,8.27934
4581,8.5653
4582,5.58409
4583,12.2276
4584,9.78058
4585,11.7454
4586,10.1654
4587,11.5235
4588,8.67446
4589,13.8194
4590,8.48407
4591,9.23677
4592,7.07782
4593,8.36152
4594,8.82682
4595,9.86726
4596,8.90203
4597,12.1591
4598,10.3005
4599,10.5454
4600,12.6586
4601,10.9304
4602,11.7216
4603,8.15568
4604,11.2664
4605,11.4912
4606,8.51285
4607,9.57963
4608,8.60886
4609,11.7686
4610,8.80644
4611,9.48346
4612,9.59904
4613,9.61464
4614,11.2995
4615,14.6808
4616,11.8541
4617,14.9819
4618,11.404
4619,12.7013
4620,9.52462
4621,9.15295
4622,11.5691
4623,7.74403
4624,11.0664
4625,12.5794
4626,12.399
4627,7.62467
4628,8.0267
4629,8.29952
4630,8.97627
4631,9.0636
4632,10.3609
4633,10.4405
4634,11.0463
4635,11.0855
4636,5.58673
4637,7.87723
4638,10.063
4639,8.33905
4640,11.3769
4641,9.73974
4642,7.79786
4643,13.2207
4644,9.25593
4645,6.31079
4646,8.80474
4647,15.0132
4648,8.75018
4649,8.80152
4650,5.98374
4651,10.7379
4652,10.8865
4653,9.17123
4654,10.2929
4655,7.8441
4656,11.6561
4657,9.17291
4658,15.8572
4659,9.18332
4660,12.3011
4661,8.11088
4662,8.86115
4663,7.93213
4664,9.25849
4665,7.26692
4666,7.54349
4667,8.60139
4668,8.82334
4669,12.2944
4670,11.6568
4671,10.4314
4672,14.2994
4673,11.5018
4674,6.7557
4675,6.85224
4676,11.9563
4677,12.0905
4678,14.7972
4679,11.1356
4680,11.5797
4681,6.73806
4682,7.15466
4683,12.4209
4684,9.88034
4685,10.7617
4686,11.7933
4687,11.4535
4688,12.4625
4689,11.4709
4690,12.5829
4691,10.9331
4692,9.01374
4693,13.1057
4694,8.40176
4695,9.87639
4696,12.3409
4697,10.4365
4698,12.7917
4699,7.64654
4700,7.73229
4701,9.89815
4702,9.08483
4703,10.3011
4704,6.50637
4705,11.8968
4706,8.30956
4707,8.95646
4708,15.3927
4709,11.5993
4710,12.6357
4711,9.89032
4712,8.38418
4713,9.28375
4714,13.0955
4715,13.3345
4716,6.97585
4717,8.30681
4718,10.3202
4719,8.43853
4720,8.52697
4721,12.658
4722,7.3335
4723,7.51389
4724,7.59344
4725,7.09333
4726,8.14519
4727,8.49225
4728,17.5024
4729,10.8232
4730,9.17672
4731,11.4963
4732,12.1222
4733,9.35034
4734,13.0237
4735,6.74956
4736,9.0415
4737,16.5502
4738,11.06
4739,7.1653
4740,8.23417
4741,6.96859
4742,7.40753
4743,13.612
4744,9.13057
4745,9.74845
4746,10.7732
4747,11.5212
4748,7.92343
4749,11.3864
4750,11.8552
4751,8.36014
4752,10.3779
4753,9.14279
4754,9.89934
4755,10.2473
4756,10.5369
4757,11.8445
4758,12.1267
4759,7.53288
4760,8.01808
4761,8.07381
4762,11.5438
4763,7.74977
4764,7.69087
4765,11.883
4766,10.6198
4767,9.09013
4768,9.13913
4769,12.1772
4770,10.4536
4771,11.0162
4772,11.0439
4773,9.33052
4774,8.82422
4775,8.53738
4776,11.0975
4777,9.11488
4778,10.9182
4779,10.0291
4780,11.2536
4781,11.8943
4782,14.6258
4783,9.23762
4784,8.14413
4785,8.85613
4786,7.94711
4787,8.3744
4788,9.00954
4789,10.7319
4790,7.98316
4791,11.9501
4792,8.50195
4793,9.34639
4794,9.60872
4795,9.70681
4796,12.7776
4797,7.63823
4798,10.8743
4799,10.1362
4800,8.28772
4801,10.5184
4802,10.3002
4803,11.1076
4804,10.9458
4805,11.0964
4806,11.1475
4807,9.37137
4808,7.40963
4809,11.978
4810,13.5382
4811,8.99321
4812,13.3624
4813,14.861
4814,10.8935
4815,13.993
4816,9.17418
4817,8.35555
4818,9.67513
4819,11.2096
4820,11.858
4821,10.929
4822,10.0634
4823,8.35488
4824,7.64524
4825,10.7454
4826,10.209
4827,6.20869
4828,15.7556
4829,6.04571
4830,7.09152
4831,10.4535
4832,9.24272
4833,8.79262
4834,10.8786
4835,7.99637
4836,8.59672
4837,9.38236
4838,13.6637
4839,10.739
4840,7.91876
4841,11.4528
4842,8.89971
4843,9.85693
4844,10.0707
4845,10.4885
4846,9.53441
4847,9.06939
4848,12.3106
4849,14.4523
4850,10.8147
4851,11.3011
4852,11.3712
4853,9.65377
4854,13.7256
4855,13.7822
4856,9.87362
4857,8.88205
4858,12.0623
4859,12.6552
4860,9.34106
4861,9.39185
4862,10.7897
4863,9.98999
4864,7.03158
4865,10.1642
4866,11.2601
4867,7.35304
4868,11.3981
4869,11.6004
4870,12.834
4871,10.0017
4872,12.9755
4873,10.5521
4874,9.19569
4875,8.03181
4876,8.53885
4877,9.25266
4878,9.47509
4879,12.0037
4880,10.8911
4881,14.1861
4882,9.6889
4883,9.05377
4884,10.2188
4885,10.3535
4886,10.7874
4887,12.5787
4888,8.63184
4889,9.81708
4890,14.1658
4891,11.2447
4892,8.4753
4893,9.30187
4894,8.73103
4895,9.9568
4896,10.1229
4897,13.6363
4898,8.24606
4899,5.30875
4900,9.5251
4901,12.1391
4902,6.57949
4903,8.71862
4904,13.7415
4905,12.9395
4906,13.9835
4907,8.93031
4908,7.9566
4909,12.1687
4910,8.41352
4911,12.5945
4912,9.07172
4913,11.3125
4914,11.3209
4915,9.83716
4916,10.1914
4917,10.467
4918,10.4766
4919,11.6537
4920,8.28635
4921,11.4171
4922,10.8534
4923,7.995
4924,11.6688
4925,9.02191
4926,9.22402
4927,11.7807
4928,11.7989
4929,7.24698
4930,8.69777
4931,9.68526
4932,12.7806
4933,6.52599
4934,8.93183
4935,11.1521
4936,9.36172
4937,12.8869
4938,12.4753
4939,8.72173
4940,12.4533
4941,10.0094
4942,10.0951
4943,9.1697
4944,14.7418
4945,8.02553
4946,12.1956
4947,11.3786
4948,11.4063
4949,9.45497
4950,9.72667
4951,9.96156
4952,9.96424
4953,10.2382
4954,8.14214
4955,8.416
4956,8.55487
4957,8.66738
4958,9.73319
4959,10.2256
4960,14.4613
4961,11.0311
4962,11.6819
4963,14.0864
4964,8.7289
4965,9.03208
4966,9.13402
4967,9.28383
4968,10.2254
4969,10.6149
4970,10.7456
4971,7.81614
4972,9.40806
4973,8.58244
4974,12.5909
4975,12.089
4976,10.064
4977,12.5025
4978,13.5135
4979,11.1656
4980,11.9645
4981,11.0624
4982,11.4855
4983,8.86738
4984,11.0301
4985,13.0497
4986,12.5294
4987,8.94011
4988,18.1588
4989,7.17836
4990,9.55487
4991,10.9463
4992,12.4681
4993,12.1073
4994,9.17265
4995,13.0439
4996,12.6991
4997,10.4662
4998,10.1769
4999,11.9925
5000,15.6476
5001,12.1123
5002,8.2883
5003,7.76646
5004,8.73771
5005,10.9362
5006,9.00077
5007,9.73701
5008,9.79846
5009,8.99737
5010,12.2599
5011,11.1928
5012,11.2245
5013,8.49725
5014,9.2898
5015,10.4825
5016,13.5328
5017,12.9854
5018,8.41157
5019,10.041
5020,10.3694
5021,13.6389
5022,8.63216
5023,8.40255
5024,9.3194
5025,7.68154
5026,12.2121
5027,8.32816
5028,8.47625
5029,8.55988
5030,10.0605
5031,9.85722
5032,10.3654
5033,10.6586
5034,7.82137
5035,7.92844
5036,11.8511
5037,6.86593
5038,8.88256
5039,9.13969
5040,12.1678
5041,9.46877
5042,8.568
5043,13.2191
5044,9.48976
5045,8.58662
5046,11.7264
5047,12.8129
5048,13.4659
5049,8.6884
5050,10.0298
5051,12.0766
5052,6.31333
5053,5.82096
5054,12.0185
5055,7.67247
5056,10.0086
5057,9.09028
5058,8.60867
5059,8.65455
5060,8.91091
5061,13.9643
5062,8.82731
5063,9.99782
5064,11.1874
5065,7.29968
5066,7.37223
5067,8.38067
5068,11.3919
5069,11.5634
5070,11.9994
5071,9.01265
5072,9.52612
5073,9.80826
5074,12.2726
5075,8.30205
5076,8.76053
5077,9.13408
5078,11.7101
5079,9.82892
5080,10.1815
5081,10.9943
5082,9.51866
5083,10.7536
5084,13.7909
5085,11.3951
5086,11.7885
5087,6.86379
5088,11.0213
5089,8.05202
5090,8.09443
5091,12.1765
5092,13.5101
5093,12.5478
5094,10.6093
5095,11.3859
5096,15.7545
5097,8.03527
5098,10.0477
5099,8.54307
5100,8.69154
5101,8.89518
5102,12.8825
5103,9.84785
5104,6.38562
5105,10.5064
5106,10.7587
5107,6.81996
5108,10.0172
5109,8.40402
5110,8.74086
5111,10.4884
5112,10.0757
5113,10.7953
5114,8.5359
5115,11.8957
5116,12.2752
5117,8.16043
5118,13.3303
5119,9.48819
5120,8.61467
5121,9.03495
5122,6.53404
5123,9.24827
5124,6.77937
5125,11.0247
5126,8.32154
5127,9.52123
5128,8.64033
5129,8.16276
5130,8.3705
5131,8.92618
5132,9.58949
5133,9.11355
5134,11.511
5135,16.7137
5136,16.9295
5137,5.55562
5138,11.894
5139,14.1928
5140,7.83448
5141,8.87993
5142,9.58139
5143,7.94835
5144,10.5382
5145,12.357
5146,14.5745
5147,8.91513
5148,11.2545
5149,5.38188
5150,11.8299
5151,14.5727
5152,9.63077
5153,14.4857
5154,7.74358
5155,6.86046
5156,11.0966
5157,9.34803
5158,8.63493
5159,10.7966
5160,11.002
5161,8.23767
5162,8.40685
5163,13.3408
5164,9.66201
5165,9.75536
5166,9.80755
5167,10.0802
5168,10.3319
5169,10.4172
5170,11.264
5171,9.60184
5172,10.5313
5173,11.5858
5174,8.49234
5175,10.6558
5176,8.89116
5177,12.0438
5178,9.071
5179,8.09456
5180,9.15076
5181,16.1624
5182,14.7954
5183,12.5551
5184,8.32451
5185,8.36973
5186,10.9853
5187,11.0595
5188,7.59607
5189,11.9975
5190,11.9498
5191,8.21177
5192,11.3838
5193,8.58831
5194,6.33345
5195,9.1873
5196,9.77748
5197,9.13766
5198,10.3622
5199,11.6294
5200,12.9297
5201,12.9738
5202,8.14757
5203,8.22722
5204,10.3218
5205,7.37239
5206,16.5964
5207,10.8654
5208,14.0067
5209,7.91066
5210,12.3434
5211,8.64922
5212,11.1772
5213,9.43403
5214,10.7508
5215,9.81183
5216,12.3377
5217,12.3761
5218,10.5467
5219,10.6418
5220,11.9453
5221,12.7503
5222,14.7939
5223,13.4066
5224,14.6113
5225,14.438
5226,16.5676
5227,9.86352
5228,7.96776
5229,8.24512
5230,7.54946
5231,8.93266
5232,9.24403
5233,9.33044
5234,9.49433
5235,9.62296
5236,11.343
5237,6.38556
5238,8.2549
5239,11.2677
5240,8.06846
5241,8.66845
5242,8.18734
5243,8.3148
5244,10.51
5245,13.8879
5246,7.03623
5247,8.74437
5248,11.7879
5249,6.72377
5250,10.1868
5251,12.1952
5252,11.3008
5253,14.0608
5254,7.83092
5255,8.23144
5256,8.23987
5257,8.64799
5258,10.2656
5259,11.3766
5260,13.2644
5261,10.3996
5262,7.57538
5263,9.51132
5264,9.67869
5265,15.2512
5266,11.3642
5267,10.4286
5268,10.5741
5269,12.0598
5270,10.3385
5271,11.5521
5272,10.6114
5273,8.33784
5274,9.77229
5275,6.1196
5276,17.5147
5277,13.7395
5278,11.4165
5279,10.0475
5280,8.41194
5281,10.4204
5282,8.61319
5283,10.782
5284,10.8408
5285,13.1227
5286,11.8357
5287,6.84409
5288,9.12206
5289,7.89049
5290,10.4271
5291,10.6621
5292,11.2673
5293,9.57901
5294,6.71873
5295,7.517
5296,10.5849
5297,10.8097
5298,7.99233
5299,11.2273
5300,11.433
5301,8.59291
5302,8.97564
5303,9.98407
5304,10.3722
5305,9.41137
5306,9.52211
5307,12.5479
5308,13.5571
5309,10.8373
5310,9.94796
5311,10.3033
5312,9.54206
5313,10.6704
5314,13.9157
5315,11.2782
5316,12.1714
5317,8.39268
5318,10.7787
5319,7.01243
5320,14.7139
5321,9.35911
5322,9.63646
5323,8.64489
5324,10.1629
5325,10.5885
5326,10.3341
5327,13.3949
5328,12.7965
5329,11.7666
5330,14.4231
5331,14.6504
5332,8.70195
5333,9.17201
5334,15.6314
5335,15.6078
5336,13.836
5337,9.31946
5338,12.8744
5339,10.1344
5340,9.63518
5341,9.74995
5342,7.87537
5343,7.91112
5344,11.31
5345,9.07259
5346,9.40333
5347,10.134
5348,10.5787
5349,6.02895
5350,9.07119
5351,11.6873
5352,11.9035
5353,11.949
5354,9.95746
5355,11.2141
5356,13.4216
5357,12.0057
5358,10.1655
5359,6.27991
5360,7.31253
5361,11.5378
5362,9.73486
5363,8.81385
5364,7.96765
5365,7.32418
5366,9.33261
5367,7.79331
5368,9.87397
5369,8.28828
5370,13.8061
5371,11.6204
5372,11.5166
5373,11.6319
5374,11.9196
5375,9.41313
5376,12.605
5377,9.95771
5378,10.3874
5379,10.0029
5380,13.2451
5381,8.93859
5382,8.12189
5383,15.1814
5384,7.28087
5385,9.28931
5386,8.96665
5387,9.58923
5388,12.1319
5389,10.2132
5390,10.8966
5391,12.1684
5392,12.8085
5393,7.09476
5394,8.66053
5395,8.86418
5396,10.0164
5397,9.2926
5398,7.70587
5399,7.97181
5400,8.42453
5401,8.86229
5402,8.89791
5403,8.46665
5404,11.8492
5405,12.952
5406,13.0063
5407,10.1052
5408,12.1745
5409,8.35823
5410,9.59422
5411,11.0054
5412,11.1192
5413,9.42041
5414,13.6166
5415,9.85145
5416,9.01784
5417,11.1078
5418,10.5205
5419,9.23941
5420,12.0922
5421,12.2482
5422,12.4627
5423,8.85131
5424,13.2883
5425,9.41395
5426,10.4761
5427,9.135
5428,9.37479
5429,9.41447
5430,9.84388
5431,15.9282
5432,6.68436
5433,9.74842
5434,9.84119
5435,9.01089
5436,11.2648
5437,8.29847
5438,9.34853
5439,10.625
5440,13.9297
5441,9.04342
5442,9.08163
5443,11.1304
5444,10.5973
5445,9.69385
5446,12.5476
5447,10.9273
5448,10.0471
5449,9.28113
5450,9.54445
5451,7.92827
5452,6.94979
5453,9.43521
5454,14.0619
5455,7.77776
5456,8.13819
5457,13.1793
5458,10.8326
5459,9.41906
5460,9.43326
5461,11.9051
5462,9.44205
5463,11.7993
5464,6.34153
5465,10.7939
5466,12.1962
5467,12.7369
5468,9.91044
5469,7.78048
5470,10.0909
5471,12.6468
5472,10.556
5473,12.0052
5474,10.3723
5475,9.41757
5476,9.89241
5477,11.1963
5478,11.2942
5479,9.62104
5480,9.86615
5481,14.2343
5482,11.7733
5483,9.9952
5484,12.1406
5485,11.2299
5486,11.493
5487,7.29439
5488,15.1464
5489,9.23162
5490,12.5426
5491,9.14664
5492,10.3206
5493,12.185
5494,12.5179
5495,9.5977
5496,12.7823
5497,11.6569
5498,10.4603
5499,10.4848
5500,10.6711
5501,8.79051
5502,9.48324
5503,10.5937
5504,7.04601
5505,8.12128
5506,15.1983
5507,9.41658
5508,5.73842
5509,10.3148
5510,9.32325
5511,13.5289
5512,8.91908
5513,11.4347
5514,10.5758
5515,8.07029
5516,12.551
5517,7.64507
5518,9.82501
5519,13.3241
5520,11.3567
5521,8.15782
5522,9.09174
5523,11.9267
5524,7.84126
5525,8.90152
5526,9.00172
5527,7.03405
5528,10.2354
5529,9.24385
5530,8.25364
5531,11.4253
5532,10.4337
5533,10.8057
5534,12.0381
5535,11.1692
5536,11.7496
5537,12.054
5538,11.2431
5539,8.68096
5540,12.5394
5541,11.095
5542,10.2264
5543,10.0877
5544,8.48878
5545,9.34335
5546,11.8165
5547,9.89015
5548,7.91988
5549,13.2687
5550,9.10744
5551,9.3411
5552,7.54079
5553,7.78214
5554,6.86717
5555,9.88153
5556,8.91166
5557,7.92009
5558,8.01268
5559,14.0211
5560,8.95499
5561,10.838
5562,10.1966
5563,11.483
5564,13.5015
5565,11.5137
5566,12.5944
5567,11.9456
5568,11.2728
5569,12.4664
5570,6.63453
5571,10.6626
5572,8.32072
5573,6.87118
5574,9.02843
5575,9.58432
5576,10.2907
5577,10.485
5578,7.89645
5579,11.9253
5580,7.14044
5581,8.78593
5582,8.79445
5583,8.83538
5584,7.14101
5585,8.18656
5586,8.35805
5587,8.57364
5588,9.16805
5589,8.58809
5590,9.16076
5591,9.20475
5592,7.26658
5593,11.3387
5594,8.3638
5595,10.3972
5596,8.60681
5597,11.7459
5598,9.97604
5599,12.307
5600,6.33849
5601,10.3876
5602,10.8758
5603,11.1075
5604,8.09757
5605,14.1146
5606,8.64004
5607,12.671
5608,12.8124
5609,12.8866
5610,14.3573
5611,9.54862
5612,11.1177
5613,8.51342
5614,7.52185
5615,11.117
5616,11.2614
5617,12.4794
5618,11.5982
5619,11.7353
5620,8.97919
5621,10.0134
5622,11.1064
5623,12.1148
5624,12.3351
5625,9.4301
5626,10.5862
5627,8.90685
5628,11.0664
5629,10.5426
5630,9.88979
5631,12.1107
5632,11.1257
5633,11.3999
5634,9.44137
5635,9.69674
5636,9.73777
5637,12.2346
5638,11.243
5639,14.4126
5640,8.42317
5641,8.49111
5642,12.5765
5643,15.1679
5644,11.9361
5645,14.5587
5646,8.66941
5647,14.7031
5648,14.5773
5649,8.40207
5650,10.5091
5651,9.258
5652,8.37852
5653,10.3996
5654,11.5643
5655,11.7252
5656,9.26911
5657,12.1089
5658,13.9931
5659,11.9283
5660,6.7096
5661,9.49432
5662,9.6636
5663,9.18729
5664,9.19572
5665,10.8452
5666,13.5668
5667,8.44385
5668,7.53432
5669,8.65503
5670,4.89795
5671,8.45875
5672,7.46718
5673,9.86792
5674,9.00621
5675,8.15816
5676,9.33202
5677,12.1338
5678,11.4573
5679,8.46624
5680,8.52773
5681,8.72108
5682,7.74731
5683,12.2441
5684,8.26662
5685,12.7938
5686,9.11347
5687,10.1286
5688,14.1517
5689,10.8048
5690,11.6484
5691,12.02
5692,8.54816
5693,13.8264
5694,12.8775
5695,11.7897
5696,9.85225
5697,7.6757
5698,11.9014
5699,9.47009
5700,10.7827
5701,10.0447
5702,10.2209
5703,13.5142
5704,13.9668
5705,11.1245
5706,8.07501
5707,8.15533
5708,7.35675
5709,8.44274
5710,8.61628
5711,8.92633
5712,16.376
5713,9.77185
5714,10.8588
5715,10.4985
5716,11.8852
5717,13.0364
5718,9.12109
5719,9.51361
5720,10.561
5721,12.8899
5722,9.35901
5723,9.42375
5724,10.8371
5725,7.30449
5726,11.5689
5727,13.6488
5728,8.04131
5729,14.3143
5730,8.2111
5731,8.3236
5732,12.6981
5733,7.02707
5734,10.3568
5735,10.5854
5736,10.9104
5737,12.2426
5738,7.44025
5739,13.5425
5740,11.6827
5741,13.9639
5742,8.50244
5743,13.5779
5744,9.94069
5745,11.2898
5746,10.4723
5747,10.5843
5748,11.7384
5749,8.20322
5750,11.2579
5751,9.17899
5752,13.2004
5753,7.31067
5754,9.61761
5755,13.6362
5756,9.12893
5757,11.8541
5758,6.86616
5759,10.3197
5760,9.35535
5761,11.7156
5762,10.7345
5763,8.82918
5764,11.9933
5765,9.86448
5766,10.3089
5767,11.3174
5768,9.68789
5769,8.89486
5770,12.7997
5771,7.67288
5772,7.95614
5773,16.0796
5774,8.43291
5775,9.36969
5776,10.0012
5777,11.157
5778,11.3066
5779,10.5699
5780,10.8739
5781,10.9356
5782,12.9672
5783,9.73579
5784,7.40099
5785,8.63367
5786,8.93018
5787,9.0433
5788,9.79494
5789,13.0191
5790,10.0275
5791,9.34039
5792,11.78
5793,10.0412
5794,9.8538
5795,9.31494
5796,8.80776
5797,11.1546
5798,9.32827
5799,9.98537
5800,7.80478
5801,12.8132
5802,9.66604
5803,7.76593
5804,12.8651
5805,8.12559
5806,14.2458
5807,12.6581
5808,12.718
5809,11.3202
5810,16.7992
5811,9.03867
5812,9.2562
5813,10.3908
5814,10.9518
5815,7.10839
5816,8.82033
5817,10.8396
5818,7.33569
5819,11.9536
5820,14.7913
5821,13.0986
5822,7.10705
5823,6.47196
5824,8.59743
5825,8.51289
5826,7.53157
5827,9.09558
5828,8.66613
5829,9.7199
5830,9.82782
5831,7.8967
5832,12.2454
5833,8.62512
5834,8.70181
5835,8.75906
5836,9.12121
5837,11.2793
5838,11.644
5839,10.7033
5840,9.95528
5841,6.27601
5842,11.2856
5843,11.4918
5844,6.77104
5845,13.3109
5846,11.9956
5847,12.2947
5848,15.9977
5849,10.1853
5850,8.40513
5851,10.2767
5852,9.52615
5853,9.83252
5854,10.657
5855,9.71059
5856,9.14321
5857,9.85843
5858,8.20671
5859,10.2498
5860,14.2743
5861,10.4814
5862,7.51271
5863,9.66437
5864,12.0251
5865,10.0408
5866,11.9919
5867,11.0003
5868,12.7682
5869,8.9306
5870,14.265
5871,9.47554
5872,10.7191
5873,12.1114
5874,10.3338
5875,16.1207
5876,10.4086
5877,9.91277
5878,8.05135
5879,11.3464
5880,8.76182
5881,8.99489
5882,10.1861
5883,8.5714
5884,11.0761
5885,10.6016
5886,10.9211
5887,9.39569
5888,17.3973
5889,11.4672
5890,9.52069
5891,8.32343
5892,9.2182
5893,13.3148
5894,11.5803
5895,9.03143
5896,14.0607
5897,10.0747
5898,11.2381
5899,7.66093
5900,9.66936
5901,8.3871
5902,10.7938
5903,8.90565
5904,8.96856
5905,13.1876
5906,9.43219
5907,9.49853
5908,7.7347
5909,9.22154
5910,8.28493
5911,9.75003
5912,11.8294
5913,9.85747
5914,8.41146
5915,13.3306
5916,7.13286
5917,7.67067
5918,7.81998
5919,10.0649
5920,9.55573
5921,8.97481
5922,10.2988
5923,10.5486
5924,11.119
5925,12.6063
5926,11.7821
5927,11.951
5928,11.0818
5929,13.5698
5930,13.1526
5931,9.26797
5932,8.98493
5933,10.1067
5934,8.28555
5935,8.32742
5936,10.093
5937,13.4357
5938,8.66656
5939,9.54107
5940,10.3964
5941,7.47196
5942,11.531
5943,13.6702
5944,10.4353
5945,12.5096
5946,9.46891
5947,14.4053
5948,11.6496
5949,8.00224
5950,10.1686
5951,7.78267
5952,7.97757
5953,8.82978
5954,8.88871
5955,10.481
5956,7.52614
5957,10.5567
5958,11.6731
5959,11.167
5960,10.462
5961,12.5743
5962,8.68146
5963,10.2976
5964,9.50551
5965,10.5434
5966,9.04938
5967,14.5085
5968,6.97442
5969,11.5847
5970,8.62728
5971,10.9606
5972,10.1746
5973,8.25229
5974,11.3104
5975,8.79399
5976,10.3167
5977,7.73324
5978,8.91881
5979,10.7864
5980,11.4004
5981,7.47147
5982,9.61103
5983,11.7361
5984,12.7802
5985,15.9631
5986,10.0293
5987,12.2923
5988,10.7203
5989,9.8021
5990,10.1248
5991,7.13324
5992,14.5782
5993,10.8002
5994,7.82739
5995,14.9028
5996,16.3235
5997,12.0316
5998,10.0782
5999,8.73704
6000,9.82004
6001,9.0521
6002,14.2014
6003,10.2242
6004,7.96996
6005,8.28724
6006,7.84839
6007,9.23389
6008,9.45781
6009,15.166
6010,10.5858
6011,13.4338
6012,8.28169
6013,13.0022
6014,10.4941
6015,10.8031
6016,8.27154
6017,10.0986
6018,10.2778
6019,9.37849
6020,8.42614
6021,10.8103
6022,10.9638
6023,8.74788
6024,9.61705
6025,10.7838
6026,11.953
6027,12.2247
6028,7.33955
6029,5.01835
6030,8.6424
6031,10.0844
6032,8.66387
6033,10.7268
6034,7.81717
6035,10.0607
6036,10.7385
6037,9.83153
6038,11.7023
6039,9.49546
6040,8.95975
6041,8.26724
6042,11.3568
6043,8.67609
6044,11.1741
6045,11.6381
6046,9.20334
6047,11.274
6048,10.006
6049,7.06841
6050,11.3803
6051,7.70511
6052,9.14457
6053,9.24058
6054,7.60436
6055,10.0092
6056,9.35135
6057,9.4866
6058,9.11149
6059,13.2625
6060,11.6271
6061,11.6896
6062,7.72175
6063,11.393
6064,10.727
6065,13.1155
6066,10.7481
6067,8.81036
6068,8.91922
6069,13.0192
6070,11.727
6071,7.76867
6072,7.79658
6073,8.40828
6074,8.6266
6075,13.4128
6076,12.4592
6077,11.4576
6078,8.14461
6079,12.6324
6080,14.1913
6081,10.5281
6082,13.6288
6083,8.90707
6084,8.2675
6085,8.78351
6086,8.79338
6087,4.80941
6088,9.23706
6089,10.8039
6090,11.4473
6091,7.49534
6092,10.5484
6093,12.2934
6094,10.5204
6095,9.05664
6096,14.3625
6097,8.6417
6098,6.78795
6099,9.61575
6100,8.91427
6101,12.0755
6102,10.3312
6103,10.0054
6104,8.69832
6105,9.96657
6106,7.34125
6107,11.9388
6108,9.02527
6109,10.0337
6110,9.38815
6111,11.741
6112,9.83447
6113,7.67448
6114,11.154
6115,6.52994
6116,9.87114
6117,6.30417
6118,14.5157
6119,8.94187
6120,9.13705
6121,9.2308
6122,10.8057
6123,9.97337
6124,10.0474
6125,8.54024
6126,10.6933
6127,12.7235
6128,13.6094
6129,12.9346
6130,10.085
6131,9.0408
6132,10.1396
6133,9.75948
6134,12.4573
6135,12.0029
6136,7.0804
6137,10.1465
6138,8.31184
6139,13.9141
6140,9.17129
6141,9.50028
6142,10.7065
6143,11.0786
6144,10.1003
6145,11.2178
6146,10.3452
6147,10.5917
6148,10.9447
6149,11.8171
6150,11.845
6151,8.82996
6152,14.2951
6153,10.3035
6154,8.90769
6155,9.3941
6156,11.4025
6157,10.6098
6158,9.64981
6159,12.9468
6160,9.98903
6161,8.5288
6162,8.92481
6163,6.18204
6164,12.2365
6165,6.77412
6166,10.4462
6167,8.52445
6168,11.0693
6169,9.41462
6170,18.5083
6171,10.5657
6172,10.7183
6173,10.8891
6174,10.017
6175,7.75352
6176,15.0009
6177,9.43976
6178,9.90725
6179,8.41851
6180,14.4853
6181,8.90375
6182,9.06296
6183,9.18488
6184,10.1404
6185,8.77695
6186,12.5821
6187,9.9577
6188,7.65527
6189,10.9236
6190,13.0771
6191,11.6244
6192,11.7166
6193,11.8667
6194,17.2411
6195,14.5137
6196,9.56809
6197,12.62
6198,11.6154
6199,11.735
6200,7.931
6201,8.28621
6202,8.52159
6203,6.72649
6204,10.5098
6205,8.68304
6206,12.0084
6207,6.33532
6208,9.38817
6209,9.58041
6210,12.7967
6211,8.58588
6212,8.87753
6213,12.3216
6214,9.45307
6215,10.61
6216,8.82547
6217,14.961
6218,6.09668
6219,8.18278
6220,7.7179
6221,9.44831
6222,9.19031
6223,8.19874
6224,6.23552
6225,10.4603
6226,11.5279
6227,10.2593
6228,13.5512
6229,12.18
6230,10.2914
6231,11.0029
6232,10.9403
6233,9.45843
6234,9.575
6235,10.5102
6236,12.5329
6237,10.7735
6238,11.4614
6239,8.84931
6240,9.17657
6241,10.206
6242,10.2677
6243,11.5442
6244,11.1231
6245,11.3064
6246,14.0694
6247,7.16631
6248,7.43471
6249,7.7434
6250,8.34883
6251,10.1552
6252,10.5291
6253,7.56305
6254,9.56233
6255,10.2904
6256,7.4266
6257,8.10317
6258,8.17926
6259,9.18428
6260,9.40925
6261,9.99268
6262,10.0485
6263,11.09
6264,11.1414
6265,10.212
6266,6.76904
6267,8.86798
6268,12.7997
6269,10.5838
6270,12.6256
6271,9.81402
6272,14.8225
6273,8.45956
6274,11.9613
6275,9.10554
6276,12.3605
6277,11.5641
6278,9.68453
6279,13.4358
6280,10.205
6281,8.22053
6282,10.8714
6283,8.88431
6284,13.0574
6285,11.157
6286,10.4462
6287,6.48767
6288,8.59238
6289,8.62499
6290,6.15266
6291,10.1919
6292,9.73825
6293,11.077
6294,9.15812
6295,9.34571
6296,7.52859
6297,9.98816
6298,8.35858
6299,13.471
6300,13.5773
6301,12.2675
6302,12.4428
6303,14.9052
6304,11.8272
6305,11.8186
6306,12.1624
6307,13.0881
6308,12.4829
6309,10.7451
6310,10.3197
6311,6.69738
6312,11.7143
6313,9.87367
6314,12.1078
6315,13.3184
6316,8.99713
6317,8.65514
6318,11.1199
6319,7.46685
6320,11.7185
6321,11.0754
6322,7.16025
6323,11.9392
6324,8.39665
6325,9.23681
6326,10.4334
6327,15.4153
6328,10.0646
6329,7.28414
6330,8.17288
6331,10.3033
6332,9.31616
6333,11.3849
6334,7.51205
6335,8.72958
6336,8.08357
6337,11.3821
6338,9.45793
6339,9.33753
6340,11.6071
6341,7.6155
6342,7.44226
6343,8.76563
6344,9.79262
6345,8.92196
6346,9.50225
6347,9.53233
6348,9.65738
6349,11.8912
6350,10.0399
6351,7.34639
6352,9.71565
6353,9.05659
6354,12.216
6355,9.38345
6356,9.50762
6357,12.0849
6358,11.149
6359,11.2525
6360,10.4642
6361,7.80705
6362,8.56994
6363,8.64929
6364,12.1218
6365,10.6233
6366,12.7295
6367,11.9166
6368,9.77922
6369,13.9068
6370,13.1347
6371,10.2559
6372,8.44789
6373,10.023
6374,9.22737
6375,10.2423
6376,8.81836
6377,9.2277
6378,10.6734
6379,11.5684
6380,12.3762
6381,12.4499
6382,10.7503
6383,6.18009
6384,9.43606
6385,7.07023
6386,7.58289
6387,10.5913
6388,7.98265
6389,11.5019
6390,8.57089
6391,10.1525
6392,10.6519
6393,9.665
6394,10.6759
6395,10.6894
6396,8.55543
6397,10.66
6398,7.13906
6399,7.23327
6400,12.0353
6401,12.6118
6402,7.53902
6403,10.0376
6404,10.6431
6405,8.16178
6406,11.321
6407,8.11123
6408,7.20476
6409,6.42315
6410,8.34374
6411,7.3562
6412,8.36463
6413,9.66187
6414,8.92995
6415,11.9744
6416,10.5518
6417,7.57097
6418,14.2524
6419,12.3412
6420,6.60408
6421,8.76661
6422,9.09244
6423,9.68709
6424,9.93584
6425,10.3367
6426,13.3451
6427,8.35358
6428,10.4506
6429,10.4601
6430,10.4685
6431,8.54456
6432,10.8624
6433,10.9943
6434,8.12331
6435,10.5965
6436,10.2487
6437,9.4858
6438,14.6821
6439,10.9235
6440,9.21655
6441,8.54146
6442,8.68191
6443,9.85714
6444,15.7622
6445,8.22755
6446,8.40488
6447,9.39938
6448,10.8645
6449,10.3831
6450,8.81209
6451,6.34038
6452,10.8145
6453,7.2508
6454,10.1805
6455,11.4138
6456,6.18243
6457,8.87137
6458,9.39874
6459,13.2545
6460,9.31699
6461,11.5584
6462,7.57694
6463,7.95319
6464,8.27057
6465,9.26036
6466,9.48609
6467,9.44553
6468,8.50094
6469,9.27534
6470,8.10023
6471,6.23924
6472,12.3369
6473,12.707
6474,7.07655
6475,11.2561
6476,9.48171
6477,8.81172
6478,10.9134
6479,11.1448
6480,10.5379
6481,8.73284
6482,11.4918
6483,11.5929
6484,6.07501
6485,10.1413
6486,10.1581
6487,8.7427
6488,7.37165
6489,13.0223
6490,7.31908
6491,8.45894
6492,11.4789
6493,7.67486
6494,8.20603
6495,7.22537
6496,10.7277
6497,6.92115
6498,12.1166
6499,9.25036
6500,9.93718
6501,10.6652
6502,13.4129
6503,11.577
6504,9.14134
6505,12.2917
6506,10.3219
6507,10.6516
6508,10.3772
6509,10.026
6510,11.3241
6511,8.49271
6512,7.82561
6513,9.94246
6514,10.131
6515,7.22022
6516,9.84372
6517,13.2223
6518,8.40898
6519,10.2907
6520,10.1287
6521,10.7697
6522,10.8292
6523,6.37185
6524,10.3863
6525,10.6537
6526,11.8307
6527,11.948
6528,11.0585
6529,15.0206
6530,12.1032
6531,9.12522
6532,9.63099
6533,11.2335
6534,10.8297
6535,12.7145
6536,12.7823
6537,12.9322
6538,9.23123
6539,7.54782
6540,9.8986
6541,9.0738
6542,16.1992
6543,10.4965
6544,11.3499
6545,9.4754
6546,8.88706
6547,12.0206
6548,11.1015
6549,9.66437
6550,8.98581
6551,9.86246
6552,11.604
6553,12.2452
6554,10.3904
6555,8.10722
6556,8.20401
6557,13.2712
6558,9.47958
6559,8.82684
6560,7.89245
6561,13.0276
6562,11.4223
6563,7.64327
6564,7.89306
6565,10.0909
6566,6.33758
6567,8.65171
6568,10.2571
6569,8.10043
6570,10.3784
6571,9.42579
6572,12.4445
6573,9.5375
6574,9.59065
6575,9.63147
6576,9.70586
6577,6.44342
6578,9.52422
6579,10.9064
6580,9.09063
6581,11.1994
6582,8.33314
6583,14.3557
6584,12.5564
6585,14.0382
6586,10.185
6587,8.31157
6588,10.4901
6589,10.6675
6590,11.7556
6591,7.02357
6592,12.9491
6593,10.0848
6594,9.11245
6595,8.22074
6596,6.32885
6597,8.69219
6598,11.2513
6599,9.93006
6600,9.73364
6601,11.0891
6602,6.61595
6603,10.7948
6604,9.13874
6605,10.5826
6606,9.8096
6607,10.9942
6608,7.84298
6609,9.52688
6610,11.6731
6611,8.79191
6612,12.8167
6613,10.9871
6614,10.0278
6615,11.291
6616,7.41299
6617,11.7417
6618,10.1925
6619,9.35999
6620,10.4169
6621,11.0856
6622,10.1917
6623,16.389
6624,11.4226
6625,11.4352
6626,8.53148
6627,9.81543
6628,14.6287
6629,7.64973
6630,7.69905
6631,11.6617
6632,10.7034
6633,7.14682
6634,8.31951
6635,11.9083
6636,8.44892
6637,8.8939
6638,12.1508
6639,9.29353
6640,9.06263
6641,11.9687
6642,16.3507
6643,7.35913
6644,7.60427
6645,10.4464
6646,8.66173
6647,14.142
6648,10.0712
6649,10.2083
6650,8.10921
6651,10.1773
6652,11.5579
6653,9.09354
6654,10.1076
6655,10.443
6656,10.5063
6657,13.9214
6658,13.0651
6659,7.69538
6660,7.45102
6661,9.63201
6662,10.2236
6663,10.4959
6664,10.7496
6665,10.8314
6666,10.7241
6667,7.31776
6668,11.5303
6669,11.6521
6670,8.90841
6671,8.06612
6672,10.1475
6673,9.26554
6674,9.48419
6675,9.58469
6676,10.3749
6677,8.94254
6678,11.3786
6679,9.39975
6680,11.787
6681,11.9753
6682,8.4713
6683,8.58888
6684,8.72972
6685,9.09307
6686,8.27325
6687,9.60787
6688,9.48561
6689,7.70243
6690,7.81234
6691,10.5588
6692,11.9083
6693,15.2757
6694,12.7292
6695,13.6036
6696,12.7732
6697,10.9053
6698,8.31343
6699,8.64666
6700,8.65521
6701,7.34376
6702,12.6811
6703,10.1139
6704,10.4204
6705,7.72785
6706,8.50836
6707,11.5525
6708,9.59747
6709,14.6612
6710,7.45807
6711,11.634
6712,10.0791
6713,12.2586
6714,8.36938
6715,13.7782
6716,7.22466
6717,7.99294
6718,10.1484
6719,7.6826
6720,8.01279
6721,12.0849
6722,7.31212
6723,9.38532
6724,10.8063
6725,10.8601
6726,7.30712
6727,13.6204
6728,16.8304
6729,9.46422
6730,13.7562
6731,7.54892
6732,9.69604
6733,11.6377
6734,11.6943
6735,8.25084
6736,12.3492
6737,8.42301
6738,9.76167
6739,7.14672
6740,9.73594
6741,8.95771
6742,14.6588
6743,9.1133
6744,10.3409
6745,11.4622
6746,13.0329
6747,12.3038
6748,9.07159
6749,6.4351
6750,6.83238
6751,9.82336
6752,8.09757
6753,8.80821
6754,10.8166
6755,13.1359
6756,13.2078
6757,9.72809
6758,8.58115
6759,9.843
6760,8.49027
6761,7.69252
6762,9.77583
6763,8.18319
6764,6.91031
6765,12.5446
6766,7.67838
6767,11.655
6768,13.8298
6769,10.1503
6770,12.7928
6771,9.87025
6772,11.1911
6773,11.3499
6774,8.04928
6775,12.3141
6776,11.515
6777,11.8127
6778,12.4827
6779,13.5871
6780,8.24684
6781,7.33586
6782,8.66253
6783,9.21802
6784,8.42422
6785,10.4383
6786,9.48385
6787,11.2338
6788,8.65516
6789,14.0334
6790,8.86187
6791,9.06607
6792,9.17954
6793,14.009
6794,12.81
6795,9.06133
6796,6.54945
6797,12.7743
6798,10.666
6799,12.737
6800,10.8694
6801,8.6821
6802,11.7932
6803,9.93974
6804,10.6182
6805,7.65688
6806,9.74487
6807,9.0709
6808,9.34024
6809,10.5128
6810,7.06674
6811,12.3801
6812,12.1505
6813,10.1589
6814,13.7831
6815,7.37202
6816,11.4349
6817,11.6894
6818,8.47129
6819,8.28671
6820,8.78226
6821,8.99253
6822,9.0152
6823,10.3022
6824,10.0324
6825,11.1447
6826,11.5277
6827,7.68893
6828,8.44895
6829,8.72327
6830,9.6279
6831,9.33679
6832,6.80366
6833,7.97903
6834,8.00901
6835,8.60976
6836,9.32134
6837,15.7949
6838,14.8594
6839,11.035
6840,7.33786
6841,8.40042
6842,7.44567
6843,10.3093
6844,10.3386
6845,8.97884
6846,13.1023
6847,11.4819
6848,9.03746
6849,10.1613
6850,13.3754
6851,8.53748
6852,9.10328
6853,9.44313
6854,10.4664
6855,7.56736
6856,12.9064
6857,13.0984
6858,8.83358
6859,8.17754
6860,10.2891
6861,9.31791
6862,8.59322
6863,10.8287
6864,7.1112
6865,9.27871
6866,10.3984
6867,8.84258
6868,10.866
6869,9.09276
6870,10.2619
6871,12.7908
6872,11.9399
6873,12.1035
6874,10.3645
6875,8.59644
6876,12.6587
6877,12.1015
6878,10.3492
6879,15.4752
6880,11.0723
6881,16.3959
6882,11.6716
6883,12.4814
6884,11.029
6885,9.10229
6886,6.86281
6887,7.71363
6888,9.45785
6889,9.8307
6890,10.9993
6891,13.3774
6892,16.5853
6893,9.8953
6894,8.0772
6895,7.32967
6896,9.32901
6897,10.5499
6898,11.2406
6899,10.3664
6900,8.81454
6901,9.21635
6902,10.7217
6903,10.0318
6904,8.08831
6905,8.3261
6906,7.35225
6907,8.54949
6908,10.6104
6909,8.67489
6910,9.03227
6911,8.4018
6912,9.43715
6913,9.49006
6914,9.57415
6915,7.89506
6916,10.2279
6917,8.40127
6918,8.4273
6919,10.7248
6920,9.73321
6921,9.02845
6922,11.7157
6923,10.0376
6924,12.061
6925,8.47511
6926,8.49714
6927,6.88063
6928,11.8907
6929,13.369
6930,13.0422
6931,9.11644
6932,9.17245
6933,9.18088
6934,12.5179
6935,14.7798
6936,14.1087
6937,11.4307
6938,10.3696
6939,12.7682
6940,16.5834
6941,11.0616
6942,8.20652
6943,9.57191
6944,11.6608
6945,9.28015
6946,11.6121
6947,10.5187
6948,11.4789
6949,13.7041
6950,7.28601
6951,12.4764
6952,6.83902
6953,12.8674
6954,10.3464
6955,8.24342
6956,11.4918
6957,8.9088
6958,10.3567
6959,9.79173
6960,9.04529
6961,11.026
6962,7.06642
6963,10.1028
6964,12.2316
6965,17.3309
6966,9.5404
6967,11.6486
6968,8.88944
6969,10.159
6970,6.78851
6971,6.85965
6972,10.8774
6973,8.03625
6974,11.2876
6975,11.2214
6976,14.2969
6977,10.4528
6978,10.6851
6979,10.9897
6980,7.14346
6981,8.73632
6982,11.8887
6983,11.9641
6984,9.16582
6985,11.1021
6986,8.80333
6987,10.4038
6988,9.91741
6989,10.4597
6990,16.5796
6991,10.9936
6992,8.68592
6993,8.47579
6994,9.82869
6995,10.8587
6996,9.19666
6997,9.41114
6998,9.24217
6999,10.2848
7000,7.9995
7001,12.3803
7002,10.5551
7003,10.6941
7004,7.76701
7005,7.36489
7006,8.70806
7007,11.244
7008,6.87657
7009,6.92403
7010,7.227
7011,12.3961
7012,7.41749
7013,12.692
7014,8.32483
7015,13.7932
7016,8.8761
7017,7.74399
7018,11.8495
7019,10.0422
7020,8.55163
7021,10.9379
7022,9.99188
7023,12.2868
7024,9.26343
7025,8.37814
7026,11.5688
7027,10.5772
7028,8.98865
7029,9.12122
7030,9.60066
7031,9.72468
7032,7.79967
7033,11.9209
7034,11.1552
7035,8.75713
7036,10.9389
7037,8.51658
7038,10.8914
7039,8.01876
7040,9.33044
7041,10.1175
7042,10.5838
7043,7.87269
7044,10.4906
7045,8.67338
7046,8.89938
7047,9.96276
7048,10.69
7049,11.0579
7050,12.138
7051,12.7952
7052,12.8284
7053,9.17471
7054,7.92855
7055,8.10119
7056,10.3292
7057,9.1813
7058,9.248
7059,11.323
7060,12.4738
7061,10.2913
7062,15.3235
7063,10.9988
7064,9.85431
7065,10.8495
7066,11.1974
7067,8.32134
7068,11.8677
7069,10.4158
7070,11.0888
7071,13.0076
7072,6.21609
7073,9.63225
7074,7.82917
7075,6.10294
7076,11.518
7077,9.14052
7078,12.234
7079,13.6015
7080,8.13299
7081,7.46691
7082,6.87563
7083,7.33396
7084,10.3449
7085,9.35353
7086,8.66367
7087,10.8391
7088,10.1756
7089,6.45368
7090,7.67962
7091,11.6748
7092,6.40744
7093,9.476
7094,8.099
7095,8.47781
7096,10.0509
7097,9.56112
7098,10.5827
7099,7.59133
7100,9.67368
7101,11.9577
7102,10.0158
7103,11.1909
7104,9.6536
7105,12.4722
7106,12.5216
7107,11.9571
7108,10.1035
7109,10.195
7110,9.4296
7111,9.7669
7112,9.82779
7113,9.97685
7114,10.9853
7115,11.4753
7116,11.9185
7117,8.19638
7118,14.2835
7119,12.3175
7120,11.4011
7121,11.4198
7122,8.55373
7123,16.6128
7124,8.67197
7125,10.7562
7126,10.2573
7127,12.2886
7128,8.7526
7129,7.79927
7130,15.9015
7131,13.9146
7132,14.2021
7133,6.39351
7134,9.74994
7135,6.85488
7136,8.86441
7137,10.0637
7138,6.24631
7139,7.78616
7140,8.11888
7141,12.6281
7142,8.68171
7143,8.72042
7144,9.63598
7145,10.0615
7146,8.3516
7147,8.16854
7148,10.6959
7149,11.9116
7150,12.109
7151,12.121
7152,13.3708
7153,10.7855
7154,11.7329
7155,8.9076
7156,8.59601
7157,8.00086
7158,11.3215
7159,7.9116
7160,13.2745
7161,10.5606
7162,12.6727
7163,9.88127
7164,7.95765
7165,14.2863
7166,13.2737
7167,9.71349
7168,8.20039
7169,8.49177
7170,9.35747
7171,8.68198
7172,9.69457
7173,8.2191
7174,10.537
7175,8.68779
7176,9.74025
7177,9.74868
7178,9.94355
7179,12.1816
7180,9.87572
7181,8.33627
7182,7.24869
7183,8.86329
7184,13.9425
7185,8.86949
7186,11.4349
7187,9.63326
7188,9.84202
7189,7.14056
7190,9.36205
7191,10.1554
7192,8.5388
7193,8.58764
7194,9.62623
7195,12.6813
7196,8.87967
7197,10.0935
7198,9.35369
7199,12.5687
7200,11.9511
7201,8.02956
7202,8.38461
7203,8.86229
7204,10.1676
7205,11.3116
7206,10.3496
7207,10.5588
7208,11.3205
7209,11.7356
7210,14.0175
7211,11.0825
7212,11.4234
7213,13.5553
7214,9.18856
7215,7.20538
7216,9.73422
7217,8.81403
7218,5.82571
7219,10.4473
7220,11.5344
7221,12.9796
7222,8.21878
7223,7.40789
7224,12.4203
7225,12.5406
7226,8.62209
7227,8.8751
7228,7.95258
7229,11.9921
7230,8.31419
7231,10.5295
7232,7.58485
7233,8.87423
7234,10.4304
7235,10.5997
7236,6.97216
7237,9.11432
7238,13.3005
7239,7.60313
7240,12.7128
7241,7.93078
7242,8.76075
7243,9.17184
7244,10.3122
7245,9.6299
7246,11.5373
7247,7.91299
7248,7.93824
7249,10.9552
7250,8.7471
7251,10.7173
7252,6.85122
7253,10.4818
7254,9.79762
7255,10.0856
7256,8.31649
7257,10.604
7258,10.8779
7259,10.0638
7260,6.36883
7261,8.75869
7262,13.9999
7263,8.04713
7264,16.3795
7265,9.63013
7266,11.0231
7267,7.25466
7268,8.31492
7269,8.43918
7270,8.50354
7271,10.2544
7272,7.59522
7273,11.2938
7274,8.76648
7275,5.56046
7276,8.73895
7277,7.47561
7278,8.1495
7279,9.371
7280,9.80964
7281,10.1826
7282,12.2047
7283,10.2226
7284,11.4022
7285,7.77543
7286,10.8818
7287,12.6881
7288,9.73211
7289,12.8244
7290,10.4949
7291,6.66622
7292,11.0779
7293,9.64709
7294,9.01806
7295,10.4793
7296,9.63688
7297,9.78167
7298,12.0205
7299,8.51037
7300,12.1901
7301,11.7085
7302,7.81195
7303,9.35964
7304,10.8485
7305,9.9432
7306,11.6328
7307,11.6532
7308,10.9309
7309,11.0502
7310,8.52396
7311,13.9465
7312,12.8904
7313,9.10474
7314,12.1226
7315,7.46589
7316,6.49908
7317,8.72369
7318,9.14113
7319,8.70757
7320,8.96398
7321,7.91524
7322,11.0048
7323,8.78868
7324,7.93559
7325,10.4139
7326,8.21843
7327,9.38337
7328,11.7144
7329,10.2349
7330,9.25166
7331,10.3421
7332,10.1052
7333,10.3299
7334,7.58957
7335,7.90706
7336,14.8752
7337,9.83778
7338,10.3942
7339,9.76939
7340,8.87257
7341,7.39288
7342,12.4427
7343,10.5704
7344,12.1057
7345,10.2186
7346,6.78778
7347,7.60764
7348,12.8752
7349,12.5889
7350,9.11021
7351,6.16091
7352,13.6375
7353,9.71116
7354,13.1573
7355,11.3597
7356,11.4644
7357,11.0649
7358,13.7481
7359,11.5895
7360,10.7524
7361,10.5995
7362,15.58
7363,7.29759
7364,7.42193
7365,11.6319
7366,7.66078
7367,9.96989
7368,12.1084
7369,13.1542
7370,12.3101
7371,11.1182
7372,10.1821
7373,10.3787
7374,10.3886
7375,9.75605
7376,8.90249
7377,10.1307
7378,11.2316
7379,11.4456
7380,9.51634
7381,8.24231
7382,12.4178
7383,8.76685
7384,9.5718
7385,10.0752
7386,10.1763
7387,10.1847
7388,12.2004
7389,12.7044
7390,10.7825
7391,7.10883
7392,15.5597
7393,12.1082
7394,6.90732
7395,8.13007
7396,9.2379
7397,7.84299
7398,10.2987
7399,9.86986
7400,10.5055
7401,11.9376
7402,7.25771
7403,10.8301
7404,13.106
7405,8.93594
7406,9.24534
7407,9.76679
7408,16.0398
7409,10.2402
7410,9.45468
7411,11.6183
7412,11.1567
7413,9.321
7414,8.70438
7415,11.7881
7416,9.80208
7417,8.99586
7418,12.0182
7419,11.4031
7420,9.53992
7421,11.2506
7422,9.73728
7423,10.4108
7424,9.54922
7425,9.66309
7426,9.8917
7427,10.802
7428,12.454
7429,6.74031
7430,7.4695
7431,14.549
7432,8.89582
7433,9.67561
7434,7.69752
7435,9.75753
7436,12.9596
7437,8.12336
7438,10.9198
7439,9.87355
7440,7.90664
7441,9.40114
7442,12.4327
7443,12.4762
7444,14.2751
7445,9.3458
7446,10.3542
7447,11.8634
7448,10.9067
7449,15.0251
7450,8.04265
7451,12.3332
7452,10.4568
7453,11.716
7454,12.0074
7455,16.1223
7456,9.58184
7457,8.97716
7458,12.058
7459,14.231
7460,10.9372
7461,7.42672
7462,16.5174
7463,7.0613
7464,9.15459
7465,17.5464
7466,10.5548
7467,10.8665
7468,11.5761
7469,11.6169
7470,7.76601
7471,8.95344
7472,7.17406
7473,9.2713
7474,9.47984
7475,7.66469
7476,6.81696
7477,9.64615
7478,9.78984
7479,9.93893
7480,7.41534
7481,10.4263
7482,8.04954
7483,12.2202
7484,8.35161
7485,11.5352
7486,12.7644
7487,9.53197
7488,11.2531
7489,14.768
7490,8.01767
7491,7.32314
7492,11.1528
7493,8.4763
7494,8.64997
7495,8.93688
7496,9.04959
7497,9.57979
7498,9.96029
7499,10.0219
7500,9.32572
7501,10.0155
7502,12.1216
7503,10.1891
7504,12.2816
7505,11.4272
7506,7.82184
7507,7.03336
7508,11.4402
7509,13.2741
7510,10.2892
7511,7.42064
7512,7.96556
7513,8.44971
7514,8.89653
7515,12.9669
7516,9.98828
7517,10.7878
7518,10.8437
7519,10.2802
7520,12.4374
7521,9.4864
7522,8.02503
7523,8.75892
7524,10.1101
7525,9.08481
7526,9.27903
7527,13.2496
7528,7.63828
7529,7.08988
7530,9.9576
7531,8.04964
7532,8.27641
7533,8.3901
7534,13.5637
7535,11.0443
7536,9.99069
7537,8.86476
7538,13.1357
7539,11.8742
7540,7.90785
7541,9.12144
7542,10.277
7543,12.1728
7544,10.0216
7545,8.55907
7546,8.98083
7547,11.0393
7548,7.04774
7549,9.82251
7550,12.6985
7551,12.817
7552,11.8255
7553,9.94842
7554,13.0977
7555,9.48824
7556,9.86509
7557,9.91012
7558,11.2157
7559,9.26814
7560,8.34843
7561,9.74789
7562,8.74192
7563,10.7698
7564,12.259
7565,6.62169
7566,9.09667
7567,12.707
7568,10.598
7569,14.256
7570,7.40423
7571,8.59511
7572,8.39156
7573,10.977
7574,12.246
7575,12.3553
7576,11.017
7577,13.2677
7578,9.2267
7579,6.84603
7580,11.7741
7581,11.8666
7582,11.875
7583,10.5231
7584,9.0074
7585,9.02355
7586,12.4868
7587,9.32243
7588,7.55941
7589,8.2502
7590,9.41806
7591,10.5299
7592,11.2262
7593,7.56749
7594,12.112
7595,12.0433
7596,10.1542
7597,9.2889
7598,10.3602
7599,10.8911
7600,9.92948
7601,14.0137
7602,11.4053
7603,10.1422
7604,7.54599
7605,8.94244
7606,8.71054
7607,11.78
7608,9.96648
7609,10.4155
7610,7.99906
7611,10.7381
7612,9.94428
7613,13.6982
7614,9.51646
7615,7.65173
7616,8.90261
7617,9.91104
7618,7.02978
7619,10.4432
7620,10.1924
7621,11.4196
7622,7.88129
7623,12.1557
7624,11.5872
7625,10.0492
7626,9.08898
7627,10.0213
7628,9.12599
7629,16.3357
7630,8.03855
7631,11.1857
7632,12.3312
7633,13.2666
7634,13.3292
7635,10.7229
7636,8.76875
7637,9.37696
7638,8.45257
7639,8.21069
7640,7.37375
7641,8.51354
7642,7.0219
7643,9.17437
7644,8.54369
7645,8.60887
7646,8.2319
7647,9.26699
7648,8.88865
7649,11.0485
7650,10.2065
7651,8.47308
7652,12.5205
7653,6.69523
7654,10.3089
7655,9.5307
7656,10.9076
7657,9.70336
7658,11.7202
7659,12.0352
7660,12.1534
7661,13.3614
7662,9.15258
7663,16.4296
7664,14.433
7665,9.46931
7666,6.89929
7667,8.29962
7668,12.3127
7669,12.5001
7670,9.87913
7671,8.96305
7672,6.87946
7673,11.9904
7674,14.4281
7675,13.0997
7676,10.6018
7677,5.33634
7678,9.34477
7679,10.2185
7680,12.5772
7681,13.2009
7682,13.5045
7683,8.82749
7684,8.61037
7685,8.97581
7686,8.36538
7687,10.1755
7688,7.34548
7689,12.4215
7690,13.351
7691,7.55826
7692,8.13507
7693,10.2751
7694,11.371
7695,11.502
7696,8.78933
7697,10.3649
7698,9.47909
7699,7.17485
7700,11.3321
7701,8.6225
7702,11.7385
7703,12.8473
7704,6.71706
7705,10.7649
7706,11.0589
7707,12.206
7708,8.46861
7709,9.65341
7710,10.2593
7711,9.7756
7712,10.0641
7713,9.16732
7714,12.2585
7715,11.3866
7716,10.5075
7717,10.6842
7718,8.87788
7719,11.5331
7720,8.89468
7721,10.3016
7722,14.6598
7723,13.0554
7724,7.01135
7725,12.2253
7726,7.07382
7727,8.76981
7728,6.17735
7729,7.67929
7730,8.97882
7731,8.19867
7732,9.79412
7733,10.2203
7734,10.5312
7735,9.42588
7736,11.5289
7737,15.8336
7738,12.6331
7739,13.6416
7740,7.99436
7741,12.0765
7742,9.14926
7743,11.6422
7744,12.3927
7745,7.68336
7746,10.7738
7747,15.0144
7748,7.24896
7749,10.2255
7750,10.3994
7751,11.5938
7752,11.3411
7753,11.7199
7754,8.06516
7755,7.53417
7756,11.9201
7757,8.97572
7758,8.08221
7759,8.85576
7760,10.5567
7761,9.80439
7762,8.96772
7763,7.82579
7764,9.09453
7765,10.1677
7766,9.35472
7767,10.4921
7768,9.84473
7769,9.5134
7770,9.7868
7771,8.49822
7772,11.1488
7773,10.2652
7774,10.306
7775,11.5174
7776,10.7837
7777,11.3985
7778,11.7123
7779,8.79766
7780,15.4093
7781,9.72875
7782,6.83585
7783,7.9623
7784,8.22992
7785,7.90735
7786,8.82496
7787,12.893
7788,12.6203
7789,11.2625
7790,11.3494
7791,11.1101
7792,12.1227
7793,14.3538
7794,7.20136
7795,7.95753
7796,10.8407
7797,11.7534
7798,10.6039
7799,13.8855
7800,11.2525
7801,8.50025
7802,10.6462
7803,8.22844
7804,6.85748
7805,15.8659
7806,8.77054
7807,7.98817
7808,9.1352
7809,8.26613
7810,9.49644
7811,8.9946
7812,13.7486
7813,13.7574
7814,7.71092
7815,7.11619
7816,12.445
7817,11.6439
7818,8.32647
7819,7.60706
7820,9.81551
7821,9.1713
7822,9.62794
7823,14.8956
7824,11.4362
7825,8.73884
7826,6.10286
7827,8.72362
7828,8.75968
7829,9.03976
7830,9.21714
7831,9.60778
7832,8.74695
7833,14.813
7834,9.93553
7835,9.97449
7836,9.98293
7837,11.8282
7838,8.91663
7839,11.3558
7840,11.4272
7841,11.9791
7842,8.34734
7843,9.05708
7844,11.798
7845,9.95489
7846,16.2549
7847,8.31255
7848,6.95822
7849,9.55161
7850,8.54777
7851,10.8654
7852,10.0475
7853,11.1204
7854,10.0752
7855,11.0995
7856,11.5526
7857,13.4428
7858,8.10348
7859,7.60362
7860,11.6527
7861,15.1051
7862,11.1842
7863,10.0507
7864,10.1724
7865,12.5976
7866,11.4428
7867,8.90328
7868,12.8909
7869,10.0516
7870,11.3717
7871,9.44334
7872,9.27614
7873,10.297
7874,10.3261
7875,10.4099
7876,7.92462
7877,13.2131
7878,10.246
7879,10.9445
7880,9.7987
7881,11.9226
7882,7.10908
7883,9.53344
7884,8.59077
7885,9.40818
7886,9.49572
7887,7.57606
7888,10.8355
7889,10.6322
7890,11.1422
7891,10.7459
7892,9.83777
7893,11.8462
7894,14.0367
7895,8.48905
7896,8.51983
7897,8.95145
7898,13.4209
7899,10.1318
7900,11.1726
7901,7.68158
7902,11.8579
7903,12.4595
7904,8.66087
7905,9.93476
7906,11.287
7907,8.32322
7908,15.2846
7909,11.9573
7910,13.3814
7911,8.48044
7912,7.56217
7913,7.6404
7914,10.7901
7915,12.009
7916,10.3715
7917,8.45348
7918,8.59929
7919,8.68506
7920,10.1149
7921,9.25849
7922,10.4498
7923,9.47352
7924,6.5105
7925,7.04589
7926,11.0442
7927,11.4072
7928,9.39747
7929,9.73274
7930,11.8691
7931,10.5591
7932,10.9909
7933,11.0264
7934,11.219
7935,9.73772
7936,8.06071
7937,10.3285
7938,7.75315
7939,8.04784
7940,11.0563
7941,10.3671
7942,10.5598
7943,7.69582
7944,10.5602
7945,12.6087
7946,8.10652
7947,8.19041
7948,10.2222
7949,8.96899
7950,7.46759
7951,8.90864
7952,13.7033
7953,10.8705
7954,11.0056
7955,11.5582
7956,11.4555
7957,8.03297
7958,14.1983
7959,9.36186
7960,7.67195
7961,9.35608
7962,9.96535
7963,6.34194
7964,7.58318
7965,9.76937
7966,9.89598
7967,12.1128
7968,9.79426
7969,8.97025
7970,11.7988
7971,11.9488
7972,10.3443
7973,11.7194
7974,11.3855
7975,6.49307
7976,10.5131
7977,12.1159
7978,10.265
7979,12.4471
7980,7.08258
7981,12.6298
7982,7.72642
7983,15.7617
7984,9.13106
7985,9.62557
7986,8.67282
7987,10.3628
7988,10.5034
7989,10.4765
7990,11.1144
7991,8.4884
7992,11.6324
7993,9.38429
7994,9.56943
7995,9.68868
7996,9.70087
7997,8.58401
7998,9.00532
7999,10.4704
8000,14.2133
8001,10.7096
8002,8.24207
8003,8.47717
8004,9.25646
8005,9.88369
8006,14.4378
8007,12.5631
8008,5.62509
8009,7.70327
8010,9.93743
8011,13.3902
8012,10.7804
8013,7.16019
8014,8.83819
8015,11.0917
8016,9.84347
8017,7.99967
8018,10.2442
8019,9.33766
8020,10.8138
8021,10.852
8022,12.401
8023,8.06341
8024,12.2645
8025,13.7965
8026,11.1783
8027,8.36715
8028,8.37558
8029,10.6575
8030,7.64375
8031,7.87459
8032,10.9489
8033,9.99226
8034,11.4198
8035,11.7579
8036,11.8884
8037,9.22147
8038,10.4122
8039,11.2476
8040,7.57133
8041,11.6435
8042,9.65198
8043,8.72215
8044,12.0606
8045,12.1299
8046,8.46719
8047,9.4909
8048,8.92186
8049,12.2105
8050,11.4649
8051,8.18712
8052,9.65643
8053,9.86114
8054,9.88605
8055,11.2298
8056,15.3611
8057,10.4156
8058,10.4334
8059,13.844
8060,7.92564
8061,11.3245
8062,6.50133
8063,11.6055
8064,11.7473
8065,6.80758
8066,8.82207
8067,11.1907
8068,7.65323
8069,5.71367
8070,11.6355
8071,10.7166
8072,9.43809
8073,10.0113
8074,10.1691
8075,8.73781
8076,12.0958
8077,12.5189
8078,10.552
8079,11.0572
8080,9.57367
8081,10.0972
8082,13.2096
8083,8.54665
8084,13.6774
8085,9.22239
8086,8.26276
8087,9.99039
8088,10.7443
8089,11.4335
8090,7.78847
8091,11.5459
8092,9.38024
8093,10.725
8094,11.0036
8095,9.16888
8096,9.69631
8097,9.6948
8098,7.7147
8099,12.0237
8100,14.1332
8101,8.1955
8102,10.2323
8103,7.50934
8104,7.2276
8105,8.26371
8106,6.60504
8107,10.0046
8108,9.14599
8109,8.04805
8110,9.28006
8111,8.73715
8112,9.9025
8113,12.0413
8114,7.51161
8115,8.29476
8116,7.48606
8117,8.53987
8118,6.88616
8119,9.15066
8120,11.2173
8121,14.2406
8122,12.0263
8123,11.1825
8124,10.6648
8125,9.72068
8126,6.86288
8127,10.9696
8128,11.978
8129,11.0885
8130,11.3983
8131,10.4585
8132,12.4669
8133,13.6204
8134,14.9039
8135,13.0899
8136,9.4676
8137,10.5397
8138,15.6393
8139,8.34547
8140,8.89041
8141,10.0745
8142,11.2033
8143,8.5022
8144,9.51133
8145,10.5535
8146,8.56195
8147,11.6939
8148,10.7833
8149,8.259
8150,13.0001
8151,11.2543
8152,9.28938
8153,8.58443
8154,9.64476
8155,11.6874
8156,17.1113
8157,15.5593
8158,8.62544
8159,10.7217
8160,10.8623
8161,10.162
8162,14.3588
8163,9.00428
8164,11.2626
8165,9.27477
8166,9.59334
8167,9.44514
8168,11.6268
8169,9.63521
8170,10.661
8171,9.61301
8172,12.9622
8173,13.4548
8174,9.88645
8175,11.0857
8176,10.0073
8177,8.81924
8178,12.4386
8179,11.2409
8180,11.4851
8181,7.99023
8182,13.1173
8183,8.77845
8184,12.9629
8185,9.54334
8186,9.83471
8187,7.58281
8188,10.9899
8189,8.79043
8190,12.0682
8191,10.0215
8192,7.03008
8193,9.64358
8194,7.73262
8195,10.7839
8196,10.9253
8197,6.95575
8198,10.2567
8199,12.2527
8200,9.67034
8201,8.5437
8202,13.0436
8203,9.18719
8204,11.2171
8205,11.7006
8206,11.6152
8207,11.1467
8208,7.86852
8209,12.0503
8210,9.263
8211,9.55285
8212,11.7629
8213,10.5188
8214,8.10807
8215,8.61023
8216,8.92068
8217,9.62072
8218,17.6781
8219,5.96386
8220,10.3721
8221,10.5031
8222,10.7938
8223,8.07643
8224,7.16508
8225,8.928
8226,9.57634
8227,8.80019
8228,11.9717
8229,7.28443
8230,12.5208
8231,8.87604
8232,7.88448
8233,8.29752
8234,11.5749
8235,15.958
8236,9.28765
8237,10.7913
8238,9.18635
8239,7.23325
8240,14.8059
8241,7.90632
8242,8.83535
8243,13.8611
8244,9.57258
8245,9.69017
8246,9.88613
8247,9.07507
8248,10.6398
8249,6.77114
8250,12.0509
8251,7.40616
8252,10.8261
8253,8.98492
8254,15.4132
8255,10.6112
8256,7.80338
8257,10.8321
8258,7.97567
8259,7.29814
8260,8.60296
8261,7.72632
8262,8.91229
8263,9.27815
8264,9.72
8265,10.1898
8266,12.3294
8267,10.4105
8268,9.43298
8269,9.5111
8270,8.71788
8271,12.1554
8272,8.22238
8273,8.67935
8274,7.69301
8275,12.9226
8276,13.3858
8277,9.5679
8278,9.37755
8279,9.78881
8280,10.4879
8281,11.5326
8282,12.7116
8283,10.8679
8284,12.3476
8285,12.1606
8286,8.57675
8287,9.03927
8288,9.10078
8289,8.61594
8290,10.5474
8291,11.636
8292,12.8365
8293,8.59578
8294,7.12442
8295,11.3225
8296,7.97854
8297,7.35487
8298,13.286
8299,7.50423
8300,8.5821
8301,8.66196
8302,6.70073
8303,9.15332
8304,7.16175
8305,7.28363
8306,9.37612
8307,11.2616
8308,9.44055
8309,9.71286
8310,11.7217
8311,11.8388
8312,8.89377
8313,10.0478
8314,12.4571
8315,7.53342
8316,10.5783
8317,13.3223
8318,8.522
8319,8.55486
8320,8.77464
8321,8.88897
8322,9.17394
8323,9.3345
8324,7.00039
8325,8.13429
8326,9.89979
8327,15.1065
8328,9.06193
8329,10.1192
8330,10.4951
8331,11.9895
8332,6.32109
8333,16.332
8334,11.0159
8335,8.16336
8336,9.53571
8337,10.0188
8338,6.0084
8339,7.59597
8340,13.0472
8341,9.3649
8342,9.90811
8343,10.3471
8344,10.3616
8345,11.297
8346,11.3391
8347,6.27987
8348,7.68225
8349,13.9148
8350,10.1172
8351,9.64879
8352,10.011
8353,9.17855
8354,7.49116
8355,10.6017
8356,11.2306
8357,11.6031
8358,10.1099
8359,10.4957
8360,10.5308
8361,14.1378
8362,8.7502
8363,8.78073
8364,10.1638
8365,11.4992
8366,11.2682
8367,10.5683
8368,11.2423
8369,9.86243
8370,7.61636
8371,11.0162
8372,13.4765
8373,8.87594
8374,12.6336
8375,9.73749
8376,12.1455
8377,10.2081
8378,10.9716
8379,6.7965
8380,7.48939
8381,7.65052
8382,9.52299
8383,8.59288
8384,7.80809
8385,10.2536
8386,11.3988
8387,13.632
8388,9.97038
8389,14.1709
8390,9.91662
8391,9.08199
8392,7.12492
8393,11.4492
8394,11.1649
8395,11.4999
8396,9.55906
8397,7.26321
8398,12.4962
8399,9.04543
8400,9.38555
8401,11.8444
8402,12.9457
8403,10.6456
8404,8.06775
8405,7.27805
8406,16.9946
8407,9.46373
8408,9.66087
8409,10.3175
8410,9.47645
8411,9.53742
8412,11.1519
8413,11.2491
8414,11.4036
8415,8.64885
8416,7.56104
8417,9.83698
8418,12.8682
8419,10.3935
8420,13.7848
8421,7.81893
8422,10.9531
8423,13.0444
8424,7.12733
8425,11.1676
8426,11.254
8427,7.10999
8428,8.03717
8429,10.1888
8430,8.28306
8431,11.5606
8432,11.0631
8433,9.0873
8434,10.5658
8435,10.3372
8436,7.39382
8437,12.6611
8438,10.7576
8439,9.23181
8440,9.50025
8441,9.82745
8442,8.92888
8443,11.3651
8444,7.01792
8445,12.2959
8446,8.99783
8447,13.2116
8448,7.77039
8449,8.57936
8450,8.74927
8451,10.9536
8452,10.6651
8453,6.97754
8454,8.32691
8455,8.64507
8456,6.6535
8457,8.85768
8458,8.24743
8459,8.57278
8460,10.3121
8461,8.9373
8462,11.3922
8463,10.7002
8464,11.7787
8465,10.8663
8466,10.9852
8467,9.08274
8468,12.2954
8469,9.90332
8470,8.16418
8471,11.3108
8472,12.0929
8473,7.56999
8474,11.6898
8475,8.74558
8476,12.754
8477,9.21809
8478,13.5638
8479,13.0049
8480,11.1004
8481,16.4156
8482,8.55493
8483,8.66086
8484,6.73029
8485,7.05586
8486,10.1248
8487,9.14865
8488,9.31919
8489,8.00534
8490,9.0822
8491,8.67072
8492,8.79488
8493,9.84328
8494,10.8749
8495,9.04142
8496,9.5794
8497,10.2106
8498,11.2293
8499,10.4551
8500,10.5465
8501,12.3281
8502,11.9241
8503,12.0095
8504,13.088
8505,10.2656
8506,9.56753
8507,13.649
8508,13.8025
8509,7.90013
8510,10.5624
8511,14.6781
8512,9.55362
8513,9.1908
8514,9.03095
8515,10.9383
8516,12.7054
8517,9.18747
8518,8.43444
8519,9.53341
8520,11.8413
8521,10.4324
8522,11.1894
8523,8.22992
8524,10.3276
8525,11.1069
8526,6.31841
8527,13.6446
8528,9.31391
8529,8.15507
8530,8.51984
8531,8.69302
8532,7.77516
8533,10.0406
8534,11.2911
8535,10.3183
8536,8.1579
8537,11.4042
8538,11.4589
8539,9.48959
8540,11.7443
8541,10.3285
8542,9.41775
8543,8.60924
8544,9.08578
8545,9.45081
8546,7.67161
8547,10.2405
8548,14.7054
8549,11.9554
8550,12.1983
8551,9.34717
8552,12.4023
8553,10.731
8554,14.6361
8555,7.18822
8556,9.87447
8557,11.3622
8558,11.5507
8559,11.6941
8560,11.6877
8561,8.34703
8562,9.57092
8563,14.8361
8564,10.4797
8565,11.7447
8566,11.0824
8567,8.31486
8568,11.3233
8569,15.9296
8570,8.31796
8571,6.85025
8572,8.86057
8573,9.2104
8574,10.3441
8575,8.9818
8576,8.43036
8577,7.78729
8578,8.86598
8579,9.5365
8580,10.5849
8581,12.0728
8582,12.1817
8583,9.32995
8584,12.6065
8585,9.404
8586,8.4329
8587,7.59151
8588,8.63203
8589,8.89015
8590,8.10146
8591,10.7005
8592,11.1511
8593,11.3159
8594,8.79187
8595,10.8728
8596,5.62824
8597,12.7064
8598,10.8905
8599,12.899
8600,12.9704
8601,14.1434
8602,8.72241
8603,14.6669
8604,11.372
8605,12.8849
8606,9.50578
8607,8.42107
8608,8.52158
8609,8.65205
8610,9.79837
8611,7.95698
8612,11.1771
8613,8.41752
8614,10.7842
8615,11.9842
8616,6.19232
8617,12.8902
8618,9.14146
8619,10.839
8620,10.6186
8621,11.8399
8622,15.0142
8623,9.2655
8624,9.27393
8625,8.74643
8626,10.5422
8627,10.0536
8628,11.1205
8629,6.44429
8630,8.70933
8631,8.31014
8632,10.5655
8633,9.7895
8634,10.8201
8635,10.166
8636,10.7348
8637,10.903
8638,11.2452
8639,12.8112
8640,13.0836
8641,8.15176
8642,9.98838
8643,11.57
8644,14.5155
8645,11.5441
8646,13.2231
8647,7.02684
8648,8.51818
8649,8.45849
8650,8.55545
8651,7.81859
8652,9.91638
8653,8.00653
8654,8.63973
8655,8.5108
8656,7.18384
8657,11.1924
8658,10.2543
8659,11.2868
8660,9.86849
8661,13.0444
8662,7.52186
8663,8.67696
8664,14.2279
8665,13.5761
8666,6.07592
8667,16.6694
8668,7.01669
8669,11.1166
8670,7.65819
8671,10.823
8672,8.29229
8673,8.42471
8674,8.44147
8675,8.63823
8676,9.56118
8677,9.8401
8678,10.88
8679,11.2014
8680,12.2464
8681,11.3452
8682,8.10382
8683,13.5332
8684,8.70416
8685,8.87959
8686,11.2537
8687,12.1966
8688,12.2843
8689,12.342
8690,10.3504
8691,10.8739
8692,10.3275
8693,11.0241
8694,11.7953
8695,9.82426
8696,11.8413
8697,10.9645
8698,7.25653
8699,11.2834
8700,14.2073
8701,13.104
8702,9.03123
8703,11.3935
8704,9.77168
8705,10.4278
8706,6.45815
8707,10.1986
8708,11.6105
8709,11.153
8710,11.3176
8711,12.5198
8712,6.7986
8713,9.01011
8714,6.56754
8715,9.58612
8716,12.8146
8717,9.19005
8718,11.4984
8719,9.67191
8720,10.7006
8721,10.9541
8722,11.4571
8723,8.11987
8724,9.89161
8725,7.59904
8726,8.99613
8727,10.1186
8728,8.61449
8729,11.7387
8730,14.1856
8731,8.98161
8732,11.4189
8733,12.7177
8734,8.81063
8735,12.7637
8736,13.7721
8737,13.1818
8738,7.53178
8739,8.42788
8740,8.7995
8741,13.3928
8742,10.9044
8743,6.80962
8744,13.6012
8745,8.65384
8746,5.97479
8747,10.0898
8748,16.429
8749,10.8527
8750,14.056
8751,10.7538
8752,9.84845
8753,6.94146
8754,7.17568
8755,7.76102
8756,9.77831
8757,9.82008
8758,9.83981
8759,10.8898
8760,8.51806
8761,11.6738
8762,11.726
8763,12.0965
8764,12.2497
8765,8.2837
8766,12.3937
8767,12.4938
8768,11.5238
8769,8.39484
8770,10.5575
8771,8.76695
8772,11.2548
8773,13.4811
8774,14.1663
8775,8.93277
8776,11.949
8777,8.09366
8778,7.1508
8779,8.19017
8780,10.0564
8781,7.10807
8782,11.4729
8783,7.68735
8784,10.5556
8785,10.7225
8786,9.90235
8787,8.35744
8788,9.4964
8789,7.86268
8790,10.6859
8791,10.7871
8792,6.85789
8793,9.91924
8794,7.33526
8795,8.03868
8796,8.45033
8797,12.1012
8798,12.8931
8799,9.94131
8800,7.33906
8801,7.69947
8802,8.22782
8803,9.3723
8804,9.72277
8805,10.4124
8806,12.8491
8807,10.9674
8808,9.46313
8809,10.1804
8810,5.6013
8811,11.0633
8812,9.07206
8813,11.6594
8814,7.77958
8815,12.6171
8816,9.2912
8817,8.77786
8818,11.8088
8819,12.682
8820,11.9685
8821,11.0597
8822,9.24091
8823,10.6566
8824,12.665
8825,6.75075
8826,12.5932
8827,10.6078
8828,9.84103
8829,9.98064
8830,10.9891
8831,9.55013
8832,8.65763
8833,9.69899
8834,8.75212
8835,13.4524
8836,10.4776
8837,7.76076
8838,13.2172
8839,9.27723
8840,9.99952
8841,12.008
8842,12.2569
8843,12.4339
8844,7.7526
8845,11.8324
8846,12.853
8847,7.84199
8848,6.28705
8849,8.24121
8850,8.63851
8851,8.55157
8852,9.62453
8853,8.88546
8854,9.89849
8855,8.07792
8856,10.324
8857,10.4625
8858,9.62344
8859,10.0673
8860,10.201
8861,12.4793
8862,12.0853
8863,7.81133
8864,10.2683
8865,8.5997
8866,8.67723
8867,11.7394
8868,9.50787
8869,8.58365
8870,6.99487
8871,10.2466
8872,10.5704
8873,11.4608
8874,9.47798
8875,8.68552
8876,9.97289
8877,9.92077
8878,11.0673
8879,9.25334
8880,9.73197
8881,9.13826
8882,8.30028
8883,9.45297
8884,9.40057
8885,10.9639
8886,8.08148
8887,8.20317
8888,9.4322
8889,8.54582
8890,13.7106
8891,8.74866
8892,7.20698
8893,8.23994
8894,9.95007
8895,7.23309
8896,11.685
8897,7.82328
8898,11.2304
8899,10.4875
8900,12.6161
8901,12.8892
8902,11.8185
8903,7.92045
8904,11.0262
8905,13.3898
8906,8.94985
8907,8.99
8908,10.2443
8909,10.4255
8910,11.2343
8911,7.63968
8912,8.86086
8913,8.83507
8914,8.17643
8915,8.67513
8916,12.5613
8917,9.65254
8918,6.9256
8919,9.01568
8920,10.5548
8921,10.5884
8922,10.5778
8923,8.89612
8924,12.3128
8925,10.7051
8926,7.52334
8927,7.71812
8928,6.82603
8929,8.49146
8930,9.50927
8931,9.52448
8932,9.68759
8933,9.83139
8934,10.5275
8935,6.75386
8936,11.4798
8937,7.16771
8938,7.72889
8939,13.5831
8940,8.80143
8941,8.25805
8942,8.26648
8943,7.15482
8944,9.37203
8945,10.5983
8946,8.84908
8947,12.045
8948,10.1657
8949,16.5009
8950,10.4324
8951,8.28347
8952,10.2957
8953,13.3352
8954,7.56738
8955,18.3096
8956,7.70622
8957,10.841
8958,8.22495
8959,9.24109
8960,9.12732
8961,10.6186
8962,13.7615
8963,17.9578
8964,10.2846
8965,8.3851
8966,9.39353
8967,9.80126
8968,12.0828
8969,10.2115
8970,9.25768
8971,11.2811
8972,8.75787
8973,8.82592
8974,11.3754
8975,10.4481
8976,6.51003
8977,11.1961
8978,8.50154
8979,12.6218
8980,13.0807
8981,15.287
8982,10.012
8983,11.3858
8984,12.4756
8985,8.02583
8986,12.2472
8987,8.67824
8988,9.39849
8989,8.51378
8990,8.12378
8991,13.7837
8992,9.87488
8993,9.22574
8994,10.2342
8995,9.5798
8996,9.72794
8997,11.7364
8998,11.8456
8999,10.6531
9000,11.5137
9001,13.91
9002,14.5658
9003,9.60201
9004,11.619
9005,11.2112
9006,8.8527
9007,12.9714
9008,12.4134
9009,7.42394
9010,10.5266
9011,7.83874
9012,8.92574
9013,14.898
9014,5.98564
9015,9.79646
9016,8.04391
9017,10.7028
9018,9.18704
9019,11.3609
9020,9.54194
9021,7.74315
9022,9.86181
9023,10.9302
9024,7.93865
9025,10.1291
9026,10.6319
9027,10.6662
9028,10.8407
9029,8.92722
9030,8.96178
9031,7.99297
9032,8.31786
9033,10.5463
9034,10.5461
9035,12.5423
9036,9.74501
9037,12.7896
9038,14.8899
9039,8.5802
9040,8.77765
9041,11.0594
9042,10.6921
9043,12.9178
9044,9.07869
9045,12.1579
9046,7.22219
9047,11.6587
9048,11.9038
9049,6.77689
9050,5.39798
9051,7.42974
9052,8.18048
9053,7.15979
9054,9.28935
9055,9.39813
9056,9.56447
9057,9.98148
9058,14.0936
9059,12.1342
9060,12.7094
9061,8.58077
9062,13.692
9063,11.7746
9064,11.917
9065,11.0158
9066,10.1459
9067,12.7178
9068,12.802
9069,10.8829
9070,8.67518
9071,11.8611
9072,9.36312
9073,9.72085
9074,11.1191
9075,8.58125
9076,11.075
9077,13.7262
9078,11.1578
9079,7.18455
9080,7.82727
9081,8.06147
9082,7.74227
9083,9.95778
9084,11.0299
9085,9.15108
9086,13.4303
9087,10.4064
9088,12.5608
9089,9.14427
9090,14.4097
9091,11.742
9092,7.76355
9093,7.52639
9094,6.84674
9095,9.02287
9096,10.2792
9097,9.87017
9098,8.62934
9099,9.11224
9100,9.87156
9101,7.37174
9102,6.78629
9103,11.2659
9104,11.4906
9105,8.605
9106,9.58574
9107,8.35934
9108,12.4287
9109,7.85207
9110,7.0585
9111,10.4984
9112,10.2491
9113,11.9575
9114,8.72836
9115,9.74197
9116,14.6758
9117,7.82041
9118,8.01243
9119,10.0467
9120,9.56385
9121,9.98104
9122,9.55304
9123,12.629
9124,10.9344
9125,10.3909
9126,10.5409
9127,6.43621
9128,11.5707
9129,10.294
9130,15.382
9131,8.63184
9132,8.13925
9133,9.57511
9134,9.68323
9135,9.76215
9136,9.20518
9137,11.6555
9138,8.05484
9139,6.61074
9140,6.95359
9141,8.77665
9142,9.26317
9143,11.332
9144,6.73066
9145,14.8887
9146,11.5972
9147,8.70523
9148,9.72447
9149,10.1175
9150,7.27495
9151,10.3268
9152,10.6326
9153,10.791
9154,8.44059
9155,10.4849
9156,10.6373
9157,8.82576
9158,8.48977
9159,8.09531
9160,13.5356
9161,8.95993
9162,9.02262
9163,8.15551
9164,11.9162
9165,9.27613
9166,11.3172
9167,11.0402
9168,10.3071
9169,16.7285
9170,13.4725
9171,15.5236
9172,10.5671
9173,9.60846
9174,7.39959
9175,7.90493
9176,14.9856
9177,10.1077
9178,12.1557
9179,9.46985
9180,9.47828
9181,11.076
9182,8.17361
9183,9.29816
9184,12.3113
9185,8.80051
9186,13.9884
9187,9.04145
9188,9.5296
9189,9.90539
9190,10.0633
9191,7.0002
9192,11.0785
9193,13.1845
9194,7.62694
9195,11.6609
9196,8.81132
9197,8.83576
9198,9.71587
9199,9.77405
9200,10.9155
9201,10.4323
9202,11.5479
9203,5.02179
9204,10.0372
9205,12.3944
9206,6.50236
9207,8.79259
9208,11.0695
9209,14.308
9210,9.26172
9211,15.5705
9212,13.5789
9213,12.7487
9214,10.4389
9215,10.8422
9216,9.97967
9217,11.5134
9218,11.7478
9219,9.07545
9220,12.4543
9221,7.97841
9222,9.76949
9223,11.7815
9224,10.0539
9225,15.8396
9226,7.55304
9227,7.64322
9228,15.1246
9229,11.3463
9230,9.51633
9231,5.79951
9232,9.85736
9233,7.39893
9234,7.46344
9235,7.03606
9236,11.078
9237,8.37291
9238,11.5224
9239,7.53595
9240,7.62658
9241,8.64077
9242,8.99803
9243,7.08554
9244,9.15611
9245,8.21809
9246,10.4858
9247,8.75823
9248,8.21051
9249,9.25879
9250,10.3411
9251,10.468
9252,10.9363
9253,13.9447
9254,8.08251
9255,9.09094
9256,9.18369
9257,9.48995
9258,8.14671
9259,10.8845
9260,11.4607
9261,12.6947
9262,9.94332
9263,15.6904
9264,7.68481
9265,9.81045
9266,14.8289
9267,11.2291
9268,8.51054
9269,8.13101
9270,9.61967
9271,10.0033
9272,10.5802
9273,9.94396
9274,6.9745
9275,11.8495
9276,11.943
9277,8.98307
9278,12.3938
9279,13.9913
9280,8.76222
9281,11.1375
9282,9.61008
9283,9.74568
9284,8.52118
9285,11.9391
9286,9.33848
9287,7.25707
9288,9.14839
9289,8.20758
9290,8.30745
9291,8.76925
9292,9.47131
9293,10.1377
9294,8.46132
9295,10.7418
9296,11.2786
9297,9.64165
9298,6.63024
9299,11.1085
9300,7.45099
9301,8.52033
9302,9.54209
9303,11.5695
9304,8.69102
9305,9.64781
9306,15.6906
9307,10.0276
9308,10.4217
9309,11.0577
9310,11.097
9311,11.209
9312,13.1291
9313,11.0873
9314,13.3747
9315,7.91051
9316,9.26431
9317,7.38406
9318,6.57214
9319,10.1814
9320,12.2313
9321,10.1865
9322,10.6408
9323,12.4317
9324,14.1037
9325,7.16359
9326,14.6729
9327,9.03763
9328,8.56848
9329,6.6384
9330,9.71499
9331,7.73337
9332,9.97496
9333,10.7153
9334,10.9711
9335,11.2491
9336,9.30002
9337,10.6582
9338,10.211
9339,10.328
9340,10.9675
9341,11.9162
9342,12.1883
9343,13.7558
9344,13.4463
9345,10.7629
9346,11.225
9347,8.30927
9348,12.8388
9349,8.12458
9350,13.1581
9351,9.86719
9352,9.15488
9353,11.3343
9354,13.3927
9355,10.4381
9356,7.63722
9357,10.8375
9358,9.48357
9359,7.22764
9360,8.9558
9361,10.2052
9362,10.2914
9363,10.4144
9364,9.43628
9365,14.6392
9366,7.26608
9367,11.5037
9368,9.71711
9369,11.7517
9370,9.97807
9371,10.2911
9372,10.4564
9373,7.92136
9374,13.7417
9375,13.9647
9376,12.2631
9377,13.1067
9378,13.4002
9379,11.185
9380,8.24027
9381,10.4395
9382,12.549
9383,8.62077
9384,9.85172
9385,7.78675
9386,12.8694
9387,6.15027
9388,11.1971
9389,9.62117
9390,13.0557
9391,6.64482
9392,7.06489
9393,8.91993
9394,9.97703
9395,10.4054
9396,7.99838
9397,9.0754
9398,7.10387
9399,9.43841
9400,11.5972
9401,11.785
9402,9.82897
9403,8.77493
9404,12.8556
9405,11.2587
9406,10.5214
9407,11.9214
9408,14.0015
9409,11.2478
9410,13.5801
9411,11.1353
9412,8.50029
9413,8.67952
9414,10.0056
9415,10.8413
9416,7.91561
9417,11.1349
9418,8.83309
9419,10.152
9420,14.9571
9421,10.3795
9422,7.87312
9423,8.29935
9424,8.31601
9425,12.0002
9426,11.059
9427,7.83959
9428,12.0344
9429,9.41644
9430,8.65777
9431,7.71379
9432,8.26926
9433,9.72138
9434,10.8087
9435,12.6078
9436,7.05367
9437,15.3483
9438,13.8586
9439,11.9951
9440,14.0823
9441,11.149
9442,9.3417
9443,10.3082
9444,8.21967
9445,7.44834
9446,11.4701
9447,9.27901
9448,9.92427
9449,10.9352
9450,10.8814
9451,11.1927
9452,8.64194
9453,11.8777
9454,14.0021
9455,11.166
9456,13.5533
9457,14.4103
9458,9.88048
9459,9.4246
9460,8.31325
9461,10.3321
9462,10.7579
9463,8.96319
9464,9.77479
9465,10.3763
9466,7.95059
9467,8.98286
9468,8.99129
9469,11.3038
9470,10.6077
9471,9.82086
9472,8.94202
9473,11.9742
9474,7.95007
9475,8.64086
9476,10.4576
9477,9.48244
9478,11.2105
9479,11.5518
9480,11.7791
9481,10.868
9482,12.2199
9483,11.5197
9484,8.63351
9485,11.9596
9486,13.5279
9487,9.68971
9488,10.8694
9489,11.5517
9490,6.90831
9491,7.97012
9492,10.9816
9493,12.6358
9494,17.0824
9495,9.27029
9496,9.79601
9497,10.7288
9498,11.1016
9499,9.71157
9500,8.43968
9501,6.71724
9502,7.31431
9503,10.4742
9504,12.1291
9505,12.3078
9506,7.03074
9507,10.0854
9508,10.1401
9509,12.1185
9510,8.55912
9511,8.29075
9512,9.90312
9513,9.93008
9514,10.1355
9515,11.0303
9516,11.0812
9517,11.5335
9518,10.676
9519,13.1838
9520,9.67061
9521,15.339
9522,10.5621
9523,9.90611
9524,11.4902
9525,8.09505
9526,10.6555
9527,10.1078
9528,8.4655
9529,11.1015
9530,9.03083
9531,9.79496
9532,10.7104
9533,6.75528
9534,7.91547
9535,10.0572
9536,9.81456
9537,7.92461
9538,7.37449
9539,12.6982
9540,8.9155
9541,9.35983
9542,9.85124
9543,9.99349
9544,8.02976
9545,10.1702
9546,12.31
9547,11.4584
9548,12.1231
9549,7.72199
9550,9.16682
9551,10.7729
9552,9.81897
9553,9.64017
9554,10.987
9555,10.1716
9556,16.219
9557,9.70871
9558,11.9902
9559,10.1123
9560,9.25965
9561,7.19371
9562,12.0374
9563,12.2767
9564,13.391
9565,15.2417
9566,10.4326
9567,6.53198
9568,8.88584
9569,11.5943
9570,9.31918
9571,9.34983
9572,9.11677
9573,8.70753
9574,10.9595
9575,15.3385
9576,8.53449
9577,9.27387
9578,9.79626
9579,10.9558
9580,8.54393
9581,12.1489
9582,11.1002
9583,8.62105
9584,8.81575
9585,9.01367
9586,11.2709
9587,11.2366
9588,8.3546
9589,8.54686
9590,10.1014
9591,10.356
9592,9.57771
9593,10.5861
9594,10.668
9595,12.4804
9596,8.93915
9597,6.19827
9598,9.30673
9599,7.97124
9600,10.9094
9601,14.2922
9602,6.9728
9603,6.11236
9604,9.27537
9605,12.6677
9606,9.91606
9607,11.0249
9608,10.1551
9609,8.29717
9610,11.4072
9611,8.62712
9612,10.3945
9613,9.60341
9614,9.80891
9615,11.8806
9616,9.01813
9617,7.26864
9618,7.46631
9619,11.4747
9620,10.8117
9621,10.8271
9622,11.9788
9623,11.292
9624,8.95313
9625,9.46955
9626,13.7149
9627,11.3612
9628,11.4532
9629,11.1314
9630,7.25774
9631,8.19405
9632,10.4508
9633,7.5835
9634,11.9642
9635,10.0569
9636,13.8558
9637,9.17638
9638,8.057
9639,10.3093
9640,11.1521
9641,11.837
9642,10.8455
9643,10.1257
9644,11.4093
9645,6.44295
9646,12.5016
9647,9.52879
9648,9.6115
9649,9.86502
9650,10.985
9651,12.7175
9652,15.3323
9653,8.34591
9654,13.0876
9655,10.1107
9656,7.49643
9657,12.1347
9658,12.2871
9659,12.3558
9660,9.73078
9661,9.8623
9662,9.58095
9663,12.4017
9664,8.88902
9665,13.161
9666,9.22896
9667,7.73858
9668,12.8545
9669,14.6544
9670,8.93481
9671,9.41864
9672,7.74401
9673,9.9821
9674,10.0837
9675,14.7269
9676,5.94172
9677,12.9894
9678,11.1964
9679,6.45569
9680,6.84222
9681,7.87847
9682,8.36227
9683,8.68845
9684,9.23713
9685,10.6372
9686,7.87418
9687,10.9104
9688,9.8879
9689,10.5269
9690,12.9641
9691,13.1499
9692,10.0561
9693,9.42897
9694,16.0261
9695,7.08465
9696,9.47694
9697,9.91296
9698,9.12953
9699,9.22185
9700,11.0864
9701,10.7999
9702,11.8887
9703,8.89716
9704,10.3294
9705,10.1382
9706,12.9389
9707,11.1902
9708,12.9836
9709,9.74834
9710,8.75677
9711,9.89394
9712,10.4954
9713,11.0517
9714,10.2226
9715,11.5075
9716,9.97008
9717,8.33976
9718,11.5128
9719,9.79782
9720,9.22175
9721,10.0424
9722,10.1637
9723,8.17835
9724,8.22332
9725,10.6624
9726,8.74008
9727,8.87904
9728,10.9636
9729,9.08346
9730,9.82308
9731,13.3512
9732,7.81637
9733,12.2143
9734,7.03158
9735,9.6955
9736,9.95354
9737,8.02776
9738,13.143
9739,13.0252
9740,11.3256
9741,11.416
9742,13.5675
9743,9.02807
9744,7.05427
9745,10.3646
9746,10.326
9747,11.4293
9748,10.5977
9749,11.9284
9750,10.2855
9751,8.23477
9752,9.33854
9753,11.3822
9754,6.39114
9755,7.48174
9756,11.7238
9757,7.12568
9758,7.58347
9759,10.7196
9760,10.3218
9761,8.93755
9762,8.3938
9763,8.522
9764,9.8942
9765,15.3664
9766,10.5661
9767,14.056
9768,13.0748
9769,14.0612
9770,15.9696
9771,10.0398
9772,10.8322
9773,11.0287
9774,6.7742
9775,13.7125
9776,10.9676
9777,7.71669
9778,7.92413
9779,7.50873
9780,7.5299
9781,11.2432
9782,8.35365
9783,9.76907
9784,9.38392
9785,10.5351
9786,9.35058
9787,8.14627
9788,11.512
9789,7.26156
9790,10.1892
9791,7.29591
9792,8.31646
9793,7.31107
9794,8.56703
9795,7.59732
9796,13.6966
9797,8.11125
9798,11.0893
9799,10.352
9800,11.9401
9801,10.1496
9802,12.7616
9803,11.0109
9804,6.51843
9805,9.70119
9806,13.7524
9807,7.78688
9808,9.40224
9809,9.1024
9810,9.60185
9811,11.6161
9812,9.40726
9813,11.6907
9814,11.8258
9815,7.31973
9816,12.3479
9817,14.686
9818,12.6981
9819,8.5626
9820,8.81188
9821,12.0997
9822,9.14339
9823,10.0408
9824,12.3552
9825,8.69592
9826,8.49355
9827,7.85898
9828,12.0219
9829,10.1836
9830,12.5714
9831,8.86986
9832,15.8024
9833,10.3381
9834,16.7004
9835,9.76336
9836,8.59021
9837,12.0966
9838,9.63739
9839,15.7039
9840,8.40461
9841,9.69931
9842,6.36733
9843,14.5055
9844,8.7727
9845,7.51521
9846,8.82226
9847,8.12059
9848,7.24329
9849,13.3287
9850,13.4507
9851,8.83322
9852,9.39678
9853,10.0163
9854,9.04968
9855,9.28877
9856,9.36086
9857,10.6263
9858,10.5836
9859,10.9343
9860,14.0094
9861,12.3432
9862,8.84323
9863,8.21346
9864,9.31598
9865,8.48748
9866,9.50194
9867,6.47529
9868,10.716
9869,10.7489
9870,7.22882
9871,11.5393
9872,7.73404
9873,12.3595
9874,8.86689
9875,10.1747
9876,9.32074
9877,13.8105
9878,10.6281
9879,10.7409
9880,11.1991
9881,11.6605
9882,8.32343
9883,9.92844
9884,9.12665
9885,7.26247
9886,8.56189
9887,12.0275
9888,8.3262
9889,7.76121
9890,7.86065
9891,6.89179
9892,7.12951
9893,10.2331
9894,6.41245
9895,10.4502
9896,11.4632
9897,9.14503
9898,7.70786
9899,8.88048
9900,11.4057
9901,7.78409
9902,8.79252
9903,10.1423
9904,9.68692
9905,8.76037
9906,7.82143
9907,10.3511
9908,11.3879
9909,10.4052
9910,8.93955
9911,11.9898
9912,10.0116
9913,9.20155
9914,9.38321
9915,10.8764
9916,10.3474
9917,11.9285
9918,10.2248
9919,9.44748
9920,10.1951
9921,8.34938
9922,9.70359
9923,9.84042
9924,6.86948
9925,15.0999
9926,11.2559
9927,10.2807
9928,9.30509
9929,14.3719
9930,10.4057
9931,9.83886
9932,9.14035
9933,12.276
9934,10.7002
9935,11.7086
9936,9.00037
9937,12.03
9938,14.5328
9939,12.669
9940,13.1251
9941,6.81291
9942,9.43683
9943,10.8986
9944,13.1082
9945,10.3283
9946,8.96366
9947,6.96586
9948,8.51698
9949,10.8838
9950,11.3636
9951,10.0517
9952,7.29616
9953,7.69878
9954,11.6816
9955,9.04107
9956,14.5232
9957,9.22361
9958,12.5395
9959,12.3748
9960,7.90319
9961,12.1209
9962,8.72557
9963,15.2462
9964,12.4707
9965,8.52285
9966,13.6453
9967,8.91875
9968,7.82652
9969,12.1022
9970,8.8973
9971,11.4651
9972,12.2926
9973,8.17945
9974,8.33005
9975,8.32502
9976,9.62235
9977,11.9882
9978,14.0085
9979,6.57779
9980,9.69037
9981,6.77726
9982,7.15381
9983,8.24462
9984,9.04654
9985,9.17094
9986,9.68575
9987,8.34648
9988,10.4541
9989,10.6324
9990,10.0913
9991,8.17054
9992,9.24797
9993,9.32594
9994,10.6348
9995,10.7632
9996,6.77316
9997,8.8366
9998,11.1227
9999,12.4941
10000,9.61315
10001,11.0673
10002,10.1148
10003,7.74481
10004,14.927
10005,11.7789
10006,6.93007
10007,8.58167
10008,11.629
10009,13.7404
10010,12.0515
10011,13.0698
10012,8.76308
10013,18.5959
10014,10.8646
10015,11.0153
10016,6.62986
10017,8.60871
10018,10.097
10019,8.83237
10020,9.2479
10021,10.2233
10022,10.3004
10023,11.0443
10024,12.2071
10025,9.55134
10026,9.71568
10027,9.93529
10028,10.0184
10029,10.2029
10030,16.7018
10031,7.78275
10032,10.9342
10033,11.2305
10034,11.4336
10035,6.66163
10036,13.8433
10037,12.1811
10038,8.638
10039,8.71224
10040,8.76038
10041,8.77154
10042,9.39687
10043,9.70776
10044,11.3905
10045,11.6169
10046,12.0586
10047,8.87086
10048,13.0236
10049,8.2825
10050,9.68566
10051,8.01243
10052,10.1255
10053,12.198
10054,12.5274
10055,12.9207
10056,9.96935
10057,8.99532
10058,10.3751
10059,8.13912
10060,8.09144
10061,6.20708
10062,8.89402
10063,10.5112
10064,9.58443
10065,10.8096
10066,11.8392
10067,7.11732
10068,8.97809
10069,11.2431
10070,14.5683
10071,7.93532
10072,8.12782
10073,8.48934
10074,7.4786
10075,9.72415
10076,7.75211
10077,7.89606
10078,9.93949
10079,9.71923
10080,10.465
10081,10.5456
10082,10.679
10083,11.7656
10084,12.9855
10085,13.0208
10086,14.1815
10087,5.55901
10088,7.84467
10089,10.0383
10090,9.11398
10091,9.1618
10092,9.33269
10093,9.43395
10094,10.2816
10095,10.4643
10096,10.9713
10097,7.49273
10098,9.41733
10099,9.83944
10100,7.32772
10101,12.3131
10102,9.65423
10103,6.97972
10104,7.93368
10105,9.18804
10106,9.25847
10107,9.45111
10108,9.93955
10109,11.2065
10110,10.2697
10111,9.3251
10112,8.77723
10113,10.0373
10114,11.2702
10115,11.4838
10116,11.5483
10117,10.6855
10118,11.9344
10119,7.24123
10120,14.333
10121,10.2198
10122,11.7821
10123,10.0118
10124,8.09596
10125,10.3489
10126,11.4437
10127,8.38399
10128,9.47244
10129,10.1398
10130,9.73839
10131,12.7468
10132,8.14383
10133,9.15078
10134,8.90982
10135,9.17023
10136,12.3434
10137,9.43317
10138,10.8979
10139,12.0694
10140,12.1622
10141,11.4278
10142,11.9425
10143,12.9722
10144,11.867
10145,11.319
10146,14.4885
10147,11.5677
10148,9.65939
10149,11.7087
10150,9.86875
10151,12.9933
10152,12.9103
10153,5.11659
10154,9.20634
10155,9.60308
10156,8.94617
10157,10.0891
10158,8.46755
10159,10.5766
10160,8.84094
10161,8.85116
10162,7.86402
10163,9.13903
10164,14.65
10165,10.4049
10166,11.5916
10167,10.7203
10168,11.5502
10169,10.2108
10170,8.83566
10171,8.99939
10172,7.06433
10173,9.45396
10174,9.73626
10175,9.77977
10176,7.8452
10177,10.6381
10178,18.7761
10179,7.80237
10180,10.0131
10181,12.1469
10182,10.5482
10183,11.2599
10184,11.3382
10185,6.6557
10186,14.6964
10187,9.56629
10188,13.0402
10189,9.12147
10190,8.20806
10191,9.31244
10192,9.83229
10193,9.77284
10194,12.2696
10195,10.3746
10196,10.0731
10197,9.98319
10198,14.376
10199,9.89546
10200,8.9035
10201,7.28381
10202,10.379
10203,8.39555
10204,8.7171
10205,8.57158
10206,9.61571
10207,11.4498
10208,12.5392
10209,12.5476
10210,9.80783
10211,6.92871
10212,13.7698
10213,10.1658
10214,6.18727
10215,11.2822
10216,7.79192
10217,8.21385
10218,10.7805
10219,12.3002
10220,10.3441
10221,7.53164
10222,12.2152
10223,9.76675
10224,9.81321
10225,14.7914
10226,8.1519
10227,9.6531
10228,11.705
10229,7.74454
10230,8.7638
10231,9.01714
10232,11.1383
10233,9.39049
10234,11.623
10235,8.4549
10236,11.8339
10237,11.935
10238,9.13194
10239,9.92595
10240,14.312
10241,12.3204
10242,10.3518
10243,12.1422
10244,9.46271
10245,14.5399
10246,8.54762
10247,14.1054
10248,8.11382
10249,9.59236
10250,9.8656
10251,7.58779
10252,7.83262
10253,11.0082
10254,10.02
10255,11.0573
10256,9.3409
10257,6.97106
10258,9.28403
10259,10.3709
10260,7.71492
10261,10.7321
10262,13.1096
10263,8.50388
10264,10.7908
10265,8.97348
10266,12.0554
10267,9.28301
10268,9.38602
10269,9.46021
10270,12.5803
10271,9.01845
10272,9.51834
10273,13.9237
10274,9.26475
10275,10.6876
10276,11.9326
10277,11.3598
10278,13.9587
10279,10.3283
10280,10.7086
10281,8.86687
10282,10.5325
10283,8.04558
10284,12.0827
10285,6.68832
10286,9.26703
10287,10.2993
10288,11.6723
10289,10.8556
10290,8.74967
10291,11.9416
10292,8.47746
10293,8.62473
10294,9.17384
10295,11.5749
10296,11.8046
10297,12.9195
10298,10.8983
10299,11.6741
10300,8.83369
10301,17.0768
10302,7.64454
10303,8.32888
10304,10.6763
10305,7.77507
10306,7.93006
10307,8.3685
10308,8.37693
10309,13.5342
10310,10.735
10311,9.77644
10312,8.86449
10313,10.1847
10314,13.362
10315,11.4096
10316,8.96215
10317,11.6219
10318,11.1923
10319,13.7962
10320,13.0977
10321,9.82908
10322,10.0912
10323,10.3827
10324,11.2896
10325,8.25472
10326,13.5341
10327,7.19028
10328,9.22021
10329,13.2287
10330,7.44686
10331,12.584
10332,7.64261
10333,13.4101
10334,8.81686
10335,11.7297
10336,8.2228
10337,8.3048
10338,8.6126
10339,8.95293
10340,8.21364
10341,8.79133
10342,9.88086
10343,9.96186
10344,13.0368
10345,10.3129
10346,8.9236
10347,11.1085
10348,10.2123
10349,12.264
10350,10.467
10351,7.91649
10352,8.70721
10353,8.85936
10354,9.13598
10355,11.7077
10356,9.76242
10357,8.6668
10358,8.80162
10359,11.0908
10360,8.71316
10361,8.89946
10362,9.08543
10363,10.5484
10364,7.89257
10365,8.56364
10366,8.72256
10367,10.8633
10368,9.02887
10369,10.3873
10370,9.61191
10371,9.86817
10372,9.87539
10373,7.95301
10374,12.4749
10375,13.7491
10376,8.90236
10377,12.564
10378,10.0354
10379,8.25452
10380,10.3117
10381,11.5865
10382,8.45769
10383,11.1639
10384,9.50535
10385,11.7129
10386,11.7243
10387,9.32458
10388,9.35242
10389,8.44101
10390,8.53524
10391,8.57445
10392,9.24906
10393,8.32854
10394,13.8289
10395,9.93064
10396,10.8629
10397,9.0392
10398,9.52489
10399,12.3704
10400,13.5196
10401,14.0944
10402,10.5619
10403,7.63855
10404,13.7681
10405,7.90924
10406,9.35261
10407,7.36104
10408,9.22232
10409,9.41384
10410,9.00418
10411,10.8773
10412,8.22118
10413,12.4332
10414,8.74532
10415,8.85041
10416,9.47601
10417,9.70289
10418,13.7876
10419,10.9377
10420,12.3874
10421,10.7863
10422,8.91999
10423,12.1631
10424,12.996
10425,8.68245
10426,11.8761
10427,9.37894
10428,9.4442
10429,7.31929
10430,11.0475
10431,10.4082
10432,11.4786
10433,12.626
10434,11.9794
10435,17.4353
10436,9.77318
10437,9.81599
10438,8.8744
10439,8.17357
10440,10.378
10441,10.7814
10442,11.8432
10443,8.60041
10444,7.97586
10445,8.69367
10446,9.02211
10447,9.07764
10448,16.8647
10449,11.0053
10450,11.236
10451,12.6394
10452,7.06592
10453,8.12836
10454,9.3327
10455,9.66806
10456,9.00117
10457,12.3513
10458,10.7643
10459,9.22515
10460,11.4592
10461,8.79209
10462,9.36953
10463,13.7695
10464,9.05885
10465,11.1008
10466,10.7126
10467,14.0803
10468,11.2786
10469,12.5128
10470,11.6415
10471,11.7713
10472,15.7924
10473,20.8192
10474,8.5071
10475,14.13
10476,8.36373
10477,10.4784
10478,8.77537
10479,10.8072
10480,12.407
10481,6.43132
10482,8.49369
10483,11.6771
10484,9.03107
10485,5.78271
10486,9.90636
10487,8.91888
10488,11.1468
10489,8.03675
10490,8.04974
10491,8.48874
10492,7.94641
10493,9.20959
10494,10.1862
10495,10.2111
10496,13.2373
10497,13.4677
10498,9.56531
10499,11.5815
10500,10.5287
10501,11.1703
10502,11.5859
10503,12.5963
10504,11.6047
10505,15.1142
10506,12.1746
10507,12.5879
10508,8.94841
10509,10.0412
10510,14.3081
10511,11.3471
10512,10.0224
10513,9.88799
10514,7.37916
10515,8.61547
10516,9.62563
10517,10.0469
10518,9.46718
10519,9.71656
10520,6.85848
10521,11.1436
10522,8.42479
10523,10.7494
10524,10.9332
10525,9.0375
10526,12.0459
10527,9.05569
10528,7.90909
10529,12.0785
10530,8.36295
10531,8.40957
10532,8.77542
10533,11.0571
10534,12.1577
10535,9.93726
10536,13.2587
10537,13.8983
10538,8.06478
10539,9.15904
10540,8.93396
10541,7.96715
10542,10.0233
10543,9.20183
10544,10.6988
10545,11.8626
10546,9.53693
10547,8.98433
10548,11.4665
10549,8.82418
10550,14.4375
10551,12.0654
10552,10.566
10553,9.59229
10554,11.6208
10555,11.3328
10556,10.6032
10557,10.2154
10558,14.2447
10559,11.6347
10560,6.77003
10561,8.34239
10562,9.55441
10563,9.69096
10564,7.70329
10565,8.12399
10566,15.4765
10567,11.4433
10568,8.47308
10569,12.9081
10570,11.5625
10571,12.9411
10572,7.85212
10573,16.2234
10574,7.80122
10575,8.11488
10576,6.94133
10577,10.1229
10578,6.48876
10579,7.78599
10580,7.23746
10581,10.485
10582,14.7868
10583,9.13809
10584,10.391
10585,6.20993
10586,13.2083
10587,11.5378
10588,11.8857
10589,6.98453
10590,7.01086
10591,8.39565
10592,9.69775
10593,8.48576
10594,5.85244
10595,12.0827
10596,9.02343
10597,8.56808
10598,5.96882
10599,12.7879
10600,7.91359
10601,8.5958
10602,8.73188
10603,9.43749
10604,9.16128
10605,11.2841
10606,11.5912
10607,12.3145
10608,8.53954
10609,12.7347
10610,6.8929
10611,8.95623
10612,9.82177
10613,10.6253
10614,8.77991
10615,6.8609
10616,11.1434
10617,9.44888
10618,8.15641
10619,10.1917
10620,8.37633
10621,10.8613
10622,9.38711
10623,13.9614
10624,10.1505
10625,14.3477
10626,11.1659
10627,8.94388
10628,12.0405
10629,14.3002
10630,12.2232
10631,6.45545
10632,9.01577
10633,11.1042
10634,8.25796
10635,11.3713
10636,8.45565
10637,9.02065
10638,11.2256
10639,12.6513
10640,9.73236
10641,9.74079
10642,15.329
10643,14.4341
10644,9.65923
10645,14.132
10646,11.3449
10647,15.2169
10648,15.5185
10649,11.2342
10650,10.8382
10651,6.0175
10652,12.1614
10653,13.1114
10654,9.39145
10655,11.4368
10656,12.0688
10657,9.23882
10658,9.3405
10659,7.62186
10660,9.76487
10661,9.94155
10662,10.2596
10663,7.27541
10664,8.26215
10665,8.34286
10666,12.4703
10667,10.2651
10668,10.4455
10669,10.0064
10670,9.92138
10671,12.5204
10672,10.2922
10673,10.1865
10674,8.45983
10675,12.6596
10676,8.72699
10677,11.5187
10678,9.69643
10679,9.26441
10680,9.41642
10681,17.4927
10682,7.87188
10683,8.54438
10684,8.62206
10685,9.13992
10686,12.2606
10687,9.64044
10688,13.8712
10689,6.67934
10690,10.1893
10691,10.3204
10692,9.40201
10693,7.42404
10694,11.8034
10695,12.7955
10696,9.43246
10697,15.1619
10698,10.9819
10699,9.09334
10700,10.5124
10701,9.24286
10702,7.53586
10703,8.45741
10704,9.47668
10705,7.78207
10706,7.96163
10707,7.01785
10708,7.21062
10709,11.8465
10710,9.02123
10711,8.68341
10712,8.74726
10713,9.88754
10714,7.90662
10715,8.96386
10716,8.0309
10717,9.19848
10718,8.35077
10719,8.81881
10720,9.42387
10721,14.3343
10722,10.7544
10723,8.92239
10724,7.25926
10725,11.9314
10726,11.1457
10727,10.9493
10728,10.523
10729,7.37779
10730,8.06308
10731,8.27291
10732,9.84876
10733,8.87833
10734,8.88676
10735,9.04566
10736,9.5571
10737,9.79841
10738,9.91183
10739,10.2746
10740,11.4774
10741,6.56444
10742,9.63507
10743,7.64351
10744,7.77186
10745,10.7816
10746,9.7942
10747,9.96546
10748,11.106
10749,12.1892
10750,10.233
10751,9.40207
10752,7.64529
10753,7.70055
10754,8.18606
10755,12.7114
10756,10.7385
10757,13.7426
10758,11.0569
10759,14.2727
10760,9.13743
10761,12.1459
10762,11.8649
10763,11.1484
10764,7.57504
10765,7.43475
10766,9.07717
10767,9.39784
10768,7.18628
10769,7.35039
10770,9.68196
10771,8.38481
10772,8.45746
10773,8.80833
10774,8.53627
10775,9.91525
10776,11.0796
10777,11.7059
10778,8.06222
10779,7.72794
10780,11.473
10781,7.52518
10782,9.70431
10783,18.7127
10784,9.92211
10785,10.0878
10786,10.2133
10787,8.26434
10788,10.2924
10789,10.3138
10790,10.6884
10791,6.93352
10792,11.0562
10793,9.917
10794,9.18755
10795,8.52026
10796,9.61074
10797,10.7225
10798,10.1416
10799,8.15625
10800,12.2885
10801,7.60087
10802,8.13328
10803,8.63686
10804,9.69451
10805,7.82044
10806,9.0301
10807,12.4877
10808,12.9589
10809,9.30803
10810,11.6685
10811,11.677
10812,11.1473
10813,12.996
10814,6.49005
10815,13.9166
10816,8.15778
10817,8.47184
10818,9.12173
10819,10.9032
10820,8.27518
10821,11.3348
10822,11.3946
10823,10.6552
10824,9.18557
10825,9.30083
10826,11.6578
10827,11.4193
10828,8.81612
10829,7.26852
10830,10.9852
10831,8.36789
10832,11.4855
10833,9.19383
10834,6.4476
10835,7.88064
10836,8.36929
10837,7.6706
10838,12.0182
10839,8.14652
10840,8.34422
10841,9.72601
10842,9.76422
10843,10.9069
10844,9.86128
10845,12.9919
10846,11.6266
10847,6.33244
10848,13.57
10849,8.59606
10850,7.84126
10851,9.04153
10852,11.8692
10853,8.58251
10854,7.98919
10855,12.1612
10856,11.545
10857,12.6606
10858,8.76825
10859,11.3979
10860,10.3752
10861,6.47933
10862,9.74102
10863,16.0634
10864,10.2819
10865,11.5998
10866,7.51117
10867,8.83481
10868,8.87334
10869,11.123
10870,10.5754
10871,7.91049
10872,10.0325
10873,9.16592
10874,7.17352
10875,8.31831
10876,11.4668
10877,8.93076
10878,8.93919
10879,8.07751
10880,8.19105
10881,9.20738
10882,10.1018
10883,12.1103
10884,10.8672
10885,10.8981
10886,11.0602
10887,7.70404
10888,9.32901
10889,13.5758
10890,13.6666
10891,8.05102
10892,9.19769
10893,15.4136
10894,9.4448
10895,7.7883
10896,10.8657
10897,11.618
10898,7.69631
10899,8.78994
10900,14.0036
10901,9.13584
10902,9.16602
10903,10.0572
10904,9.75462
10905,12.1796
10906,15.1899
10907,9.00008
10908,11.0039
10909,8.41728
10910,9.47787
10911,8.35841
10912,11.2955
10913,11.3546
10914,12.2011
10915,9.01423
10916,9.38062
10917,7.6757
10918,11.1166
10919,11.5569
10920,7.86964
10921,12.2142
10922,9.43186
10923,9.49975
10924,7.95617
10925,8.90178
10926,7.65104
10927,10.9817
10928,7.34599
10929,7.39698
10930,8.10638
10931,8.60182
10932,12.925
10933,7.39508
10934,13.5855
10935,8.85856
10936,9.06587
10937,10.2929
10938,10.3284
10939,8.84427
10940,8.15093
10941,12.4594
10942,11.9379
10943,11.0748
10944,10.7898
10945,11.8399
10946,9.1488
10947,10.1576
10948,13.2085
10949,10.6809
10950,10.7021
10951,10.9189
10952,11.2636
10953,12.5197
10954,8.42769
10955,10.4813
10956,14.6803
10957,9.87053
10958,12.9352
10959,10.3938
10960,6.8238
10961,7.2882
10962,7.95468
10963,10.1686
10964,11.5938
10965,10.1474
10966,11.6028
10967,11.3224
10968,12.5583
10969,7.98592
10970,8.60804
10971,6.8667
10972,8.25158
10973,8.42887
10974,6.73751
10975,7.92696
10976,9.14662
10977,8.44045
10978,7.85328
10979,10.4822
10980,11.4922
10981,12.5955
10982,13.2688
10983,8.38465
10984,6.67886
10985,15.145
10986,8.5151
10987,9.81772
10988,11.004
10989,9.2722
10990,9.70933
10991,8.00393
10992,12.1267
10993,9.23835
10994,8.35726
10995,12.1006
10996,12.9327
10997,11.9769
10998,11.5282
10999,8.6263
11000,9.34066
11001,6.95063
11002,7.26197
11003,7.60264
11004,9.38986
11005,8.84615
11006,9.53641
11007,9.4444
11008,11.7732
11009,10.8858
11010,9.18849
11011,9.85645
11012,13.0678
11013,8.62333
11014,8.70211
11015,14.9918
11016,9.13979
11017,9.47492
11018,9.5019
11019,11.9103
11020,7.15871
11021,12.2191
11022,6.25459
11023,10.3403
11024,12.2595
11025,10.3887
11026,10.6831
11027,10.8126
11028,9.82131
11029,8.92896
11030,10.0775
11031,10.4112
11032,10.8625
11033,10.5248
11034,9.68317
11035,10.6268
11036,8.78481
11037,11.5232
11038,8.61982
11039,11.7233
11040,8.75331
11041,10.9818
11042,7.21169
11043,7.52182
11044,9.68688
11045,9.83238
11046,10.1423
11047,9.22833
11048,11.2368
11049,9.78063
11050,11.2991
11051,10.3542
11052,9.79842
11053,10.8068
11054,9.99789
11055,7.0895
11056,12.7611
11057,9.88731
11058,10.0792
11059,11.2203
11060,8.06368
11061,8.82805
11062,8.87635
11063,6.25635
11064,8.37513
11065,10.2307
11066,10.2392
11067,14.5003
11068,7.67361
11069,7.70164
11070,10.1903
11071,8.25478
11072,11.4465
11073,10.5455
11074,8.71501
11075,9.11564
11076,9.31278
11077,12.5252
11078,9.63035
11079,9.63878
11080,11.7468
11081,11.8845
11082,7.25065
11083,6.82294
11084,11.74
11085,11.9471
11086,10.9988
11087,10.1172
11088,10.6004
11089,7.06432
11090,9.36446
11091,11.259
11092,10.718
11093,9.45115
11094,11.0019
11095,9.78732
11096,5.80632
11097,11.5091
11098,13.3117
11099,11.8627
11100,8.07617
11101,7.78796
11102,7.48575
11103,8.96961
11104,7.05912
11105,10.0121
11106,10.674
11107,8.13643
11108,8.51802
11109,10.2122
11110,9.32898
11111,10.8979
11112,8.09347
11113,10.7181
11114,8.77548
11115,12.3104
11116,9.58627
11117,9.72769
11118,10.3714
11119,8.46169
11120,8.74992
11121,12.8004
11122,11.0047
11123,11.6369
11124,9.9811
11125,12.2274
11126,10.7314
11127,10.7398
11128,11.6279
11129,8.74263
11130,7.95296
11131,10.3191
11132,11.4474
11133,8.45582
11134,11.6804
11135,9.87249
11136,10.3177
11137,11.7016
11138,11.8672
11139,12.5296
11140,13.5242
11141,10.3858
11142,9.66268
11143,8.14823
11144,7.83068
11145,10.3594
11146,6.58606
11147,7.37793
11148,11.758
11149,7.86147
11150,9.14527
11151,9.23331
11152,13.0417
11153,10.342
11154,9.64122
11155,10.6618
11156,9.85819
11157,11.4022
11158,9.42599
11159,7.75028
11160,10.0734
11161,12.2931
11162,10.4863
11163,8.07133
11164,8.49222
11165,9.89489
11166,12.206
11167,14.0117
11168,10.0652
11169,10.3281
11170,17.5333
11171,9.91421
11172,9.97823
11173,7.14067
11174,8.20017
11175,8.81518
11176,12.8985
11177,11.0799
11178,11.1589
11179,8.22459
11180,8.47244
11181,8.5772
11182,10.6567
11183,12.9901
11184,10.1928
11185,12.353
11186,7.71085
11187,11.0021
11188,13.012
11189,11.0204
11190,8.39715
11191,8.91621
11192,8.94499
11193,9.55642
11194,9.69218
11195,10.7173
11196,12.7354
11197,10.0869
11198,11.2322
11199,10.3486
11200,13.9578
11201,11.7243
11202,10.3587
11203,13.5373
11204,11.3128
11205,6.43967
11206,10.6391
11207,9.45736
11208,9.89937
11209,9.22944
11210,7.45535
11211,10.5938
11212,6.81479
11213,12.0428
11214,7.18319
11215,11.2301
11216,7.25112
11217,12.7437
11218,7.88594
11219,9.61156
11220,9.8197
11221,9.3491
11222,10.4775
11223,7.80798
11224,11.1122
11225,9.50535
11226,9.86524
11227,13.9253
11228,10.3962
11229,12.0468
11230,8.92606
11231,12.5005
11232,6.88329
11233,9.84258
11234,7.43719
11235,10.0545
11236,10.1572
11237,12.0868
11238,8.45616
11239,11.6091
11240,12.6
11241,11.8245
11242,9.28367
11243,9.69929
11244,7.78382
11245,8.62229
11246,9.8222
11247,9.55654
11248,10.0586
11249,10.1708
11250,12.1861
11251,10.6578
11252,9.12667
11253,10.2081
11254,10.4455
11255,11.6092
11256,12.6941
11257,11.0953
11258,12.5159
11259,7.64076
11260,9.81591
11261,9.39031
11262,12.6315
11263,8.07756
11264,8.33665
11265,9.03361
11266,9.56553
11267,16.3829
11268,11.1646
11269,8.62065
11270,7.89299
11271,9.38669
11272,12.4692
11273,9.34226
11274,8.66305
11275,8.70489
11276,10.2484
11277,10.3039
11278,11.3235
11279,12.8532
11280,12.8042
11281,13.9012
11282,15.786
11283,9.95444
11284,11.3235
11285,8.10053
11286,8.83797
11287,9.0333
11288,7.66257
11289,11.3287
11290,10.4146
11291,9.52073
11292,11.7335
11293,8.16118
11294,6.18305
11295,9.73534
11296,8.86926
11297,8.88738
11298,8.73474
11299,8.80864
11300,9.26529
11301,8.35451
11302,10.4398
11303,10.7509
11304,7.63208
11305,11.8901
11306,6.98197
11307,5.37117
11308,11.7026
11309,7.74758
11310,10.0039
11311,12.3491
11312,11.3857
11313,11.4176
11314,6.86889
11315,9.06176
11316,7.23296
11317,9.65552
11318,10.3396
11319,9.49911
11320,9.90566
11321,9.97535
11322,15.9038
11323,13.5754
11324,9.86722
11325,12.9076
11326,8.31145
11327,10.4398
11328,10.4746
11329,15.1779
11330,10.7485
11331,7.12684
11332,10.2915
11333,10.3985
11334,10.407
11335,7.52015
11336,6.19738
11337,11.4823
11338,9.26892
11339,10.8084
11340,10.9484
11341,10.377
11342,10.4655
11343,6.79192
11344,8.88798
11345,10.2133
11346,10.6871
11347,12.7745
11348,10.2899
11349,14.3137
11350,10.4916
11351,8.52532
11352,13.7015
11353,9.80423
11354,8.0111
11355,14.8968
11356,8.84756
11357,9.11527
11358,9.21547
11359,9.44065
11360,9.73276
11361,8.88075
11362,13.4632
11363,7.65727
11364,11.7325
11365,12.2106
11366,8.79545
11367,9.31168
11368,15.405
11369,9.72362
11370,8.11312
11371,8.16963
11372,10.6343
11373,10.8685
11374,9.2899
11375,10.5508
11376,11.282
11377,9.3942
11378,11.736
11379,9.99299
11380,11.3954
11381,11.0734
11382,7.69473
11383,8.38632
11384,7.8601
11385,8.12477
11386,10.1461
11387,6.85819
11388,10.1353
11389,6.80644
11390,8.8682
11391,7.98031
11392,10.5248
11393,11.5508
11394,6.95977
11395,9.07197
11396,10.1585
11397,12.0878
11398,8.4997
11399,13.6136
11400,8.94778
11401,11.0382
11402,12.5567
11403,9.61721
11404,8.82051
11405,11.5078
11406,7.41394
11407,7.69654
11408,6.83335
11409,8.06943
11410,8.8525
11411,9.29321
11412,9.30907
11413,8.33513
11414,8.66677
11415,11.0643
11416,10.2148
11417,9.73609
11418,7.92447
11419,11.2474
11420,11.3447
11421,11.9505
11422,11.4364
11423,12.7353
11424,12.8561
11425,9.22925
11426,7.33313
11427,11.5229
11428,8.98261
11429,10.3748
11430,8.72904
11431,10.543
11432,18.9792
11433,13.434
11434,9.91275
11435,7.38323
11436,11.8896
11437,9.1775
11438,14.9831
11439,12.4347
11440,7.64312
11441,8.01298
11442,9.26537
11443,7.18367
11444,9.2734
11445,9.435
11446,8.69178
11447,8.97923
11448,17.1927
11449,11.3863
11450,9.35406
11451,9.43539
11452,9.54068
11453,8.64925
11454,11.7959
11455,11.9434
11456,12.1436
11457,11.0318
11458,12.3884
11459,9.87274
11460,10.3062
11461,10.5269
11462,11.6066
11463,12.7088
11464,11.9186
11465,8.99308
11466,10.7497
11467,15.2029
11468,13.5929
11469,10.2911
11470,10.7909
11471,14.7019
11472,7.89329
11473,7.91534
11474,8.03192
11475,7.78805
11476,7.87128
11477,9.15981
11478,8.1875
11479,8.32423
11480,8.6911
11481,10.927
11482,9.44615
11483,17.7369
11484,10.0245
11485,9.20383
11486,10.3596
11487,9.68891
11488,12.1852
11489,13.4887
11490,8.41862
11491,13.2114
11492,8.9106
11493,9.76148
11494,11.7811
11495,10.8077
11496,16.9168
11497,8.2708
11498,11.335
11499,10.3722
11500,15.4895
11501,8.02149
11502,11.1412
11503,7.46894
11504,9.19903
11505,12.5306
11506,5.60277
11507,8.73382
11508,8.76798
11509,12.7993
11510,9.90246
11511,10.2992
11512,10.3406
11513,9.52036
11514,10.5648
11515,10.5732
11516,9.72685
11517,12.0506
11518,7.70607
11519,11.7145
11520,10.9938
11521,7.34195
11522,9.59741
11523,12.755
11524,13.7731
11525,8.60332
11526,8.96606
11527,10.5338
11528,10.726
11529,10.9517
11530,11.3326
11531,11.4083
11532,6.95238
11533,7.72502
11534,12.9312
11535,4.80222
11536,9.18479
11537,14.1932
11538,8.39818
11539,9.18938
11540,10.3998
11541,11.1961
11542,7.45839
11543,10.6543
11544,7.73022
11545,7.82711
11546,7.00309
11547,11.2093
11548,9.99852
11549,9.27703
11550,9.3752
11551,10.656
11552,7.71111
11553,9.74091
11554,10.7635
11555,9.82353
11556,10.8792
11557,9.99579
11558,10.175
11559,10.1834
11560,10.4498
11561,12.4471
11562,11.5235
11563,15.3247
11564,6.71558
11565,9.79862
11566,8.36864
11567,9.87718
11568,11.3399
11569,7.48896
11570,9.96896
11571,8.49352
11572,10.9534
11573,12.9618
11574,9.24206
11575,9.25049
11576,5.60526
11577,13.7061
11578,11.7786
11579,10.0022
11580,10.1757
11581,8.46507
11582,10.4735
11583,10.5393
11584,10.7381
11585,10.0849
11586,8.30903
11587,8.5397
11588,7.87662
11589,8.88505
11590,8.29104
11591,13.4921
11592,9.53653
11593,9.73456
11594,9.20401
11595,9.23906
11596,9.33729
11597,9.61169
11598,11.9079
11599,9.93285
11600,10.0042
11601,11.2043
11602,6.63578
11603,12.7107
11604,7.99029
11605,13.7034
11606,7.76034
11607,11.2698
11608,10.9286
11609,15.2191
11610,9.8637
11611,10.4018
11612,10.5193
11613,8.89512
11614,13.694
11615,11.8719
11616,10.5927
11617,10.9817
11618,11.3465
11619,11.6862
11620,7.71216
11621,11.8832
11622,9.45411
11623,9.31929
11624,10.3642
11625,11.43
11626,13.6572
11627,8.11996
11628,16.4563
11629,8.53255
11630,7.59646
11631,10.1209
11632,7.12957
11633,9.20563
11634,7.51053
11635,10.2935
11636,10.3545
11637,10.479
11638,13.8385
11639,11.9412
11640,15.3754
11641,10.8319
11642,12.8892
11643,8.31125
11644,10.0128
11645,13.1601
11646,8.96554
11647,11.1151
11648,6.94057
11649,9.06658
11650,12.8841
11651,7.64083
11652,8.00237
11653,10.1264
11654,8.14908
11655,11.7867
11656,7.9901
11657,10.1087
11658,10.2011
11659,9.8186
11660,10.9339
11661,11.9999
11662,12.6372
11663,10.3064
11664,9.49624
11665,14.5771
11666,7.9546
11667,9.96003
11668,8.4854
11669,8.93442
11670,9.94286
11671,10.1228
11672,7.66611
11673,8.4388
11674,9.50985
11675,11.7822
11676,11.8416
11677,8.94044
11678,11.9509
11679,10.11
11680,10.1243
11681,13.1831
11682,13.1915
11683,12.1059
11684,15.3101
11685,13.6898
11686,9.71353
11687,10.0079
11688,11.1878
11689,9.95856
11690,13.1248
11691,8.38556
11692,8.60048
11693,10.8685
11694,12.0616
11695,8.06195
11696,16.1281
11697,11.0054
11698,12.1863
11699,7.95231
11700,10.0896
11701,10.1788
11702,8.4441
11703,7.77732
11704,11.2108
11705,11.2458
11706,9.83424
11707,10.4465
11708,11.5267
11709,8.03457
11710,7.57407
11711,10.0626
11712,9.77338
11713,7.89503
11714,11.0869
11715,11.2045
11716,9.37684
11717,11.7583
11718,10.8954
11719,10.4834
11720,9.09739
11721,13.1091
11722,11.138
11723,14.2216
11724,10.452
11725,8.47514
11726,8.52382
11727,10.2078
11728,10.8716
11729,8.88195
11730,10.8917
11731,8.97013
11732,9.36562
11733,10.6339
11734,13.3562
11735,11.4372
11736,8.13043
11737,12.2812
11738,12.4128
11739,10.0346
11740,8.51481
11741,7.04173
11742,12.2708
11743,8.93672
11744,7.5911
11745,13.0614
11746,7.87491
11747,9.30492
11748,13.4345
11749,9.66526
11750,6.69523
11751,7.03623
11752,11.7121
11753,10.7774
11754,10.4964
11755,10.5944
11756,9.493
11757,7.26432
11758,11.0908
11759,7.38624
11760,8.50089
11761,9.20922
11762,8.86096
11763,9.88285
11764,10.4607
11765,10.8262
11766,8.44096
11767,11.9788
11768,12.251
11769,12.3086
11770,7.42772
11771,7.93205
11772,10.0574
11773,8.76739
11774,10.8086
11775,13.9288
11776,11.4701
11777,11.0044
11778,11.7165
11779,11.1383
11780,11.6816
11781,14.8036
11782,9.13904
11783,9.63551
11784,7.86556
11785,9.97658
11786,8.36695
11787,10.1331
11788,10.6558
11789,11.1937
11790,12.3325
11791,12.9769
11792,8.41295
11793,6.87065
11794,7.10801
11795,13.759
11796,8.40675
11797,15.7891
11798,8.00231
11799,10.9832
11800,9.00095
11801,9.03593
11802,8.18841
11803,5.40061
11804,10.6438
11805,5.35069
11806,11.3372
11807,10.1427
11808,8.40641
11809,8.85744
11810,11.1037
11811,8.60399
11812,8.8537
11813,9.48652
11814,9.56304
11815,9.66248
11816,9.85891
11817,13.7399
11818,17.1798
11819,11.2258
11820,11.3097
11821,12.6881
11822,12.0804
11823,7.33318
11824,12.0607
11825,12.8132
11826,8.51698
11827,10.1006
11828,7.62175
11829,9.62212
11830,10.1229
11831,14.1774
11832,12.553
11833,10.9323
11834,10.2246
11835,11.3916
11836,8.98236
11837,11.3576
11838,9.56407
11839,12.8866
11840,10.3413
11841,13.8584
11842,9.25576
11843,9.57426
11844,10.3995
11845,8.40791
11846,12.5936
11847,9.52168
11848,9.74222
11849,6.77707
11850,9.85429
11851,8.92331
11852,13.0162
11853,9.72763
11854,8.01975
11855,11.0554
11856,11.0887
11857,11.1717
11858,8.43646
11859,14.1469
11860,12.6622
11861,7.64382
11862,10.7916
11863,8.12508
11864,8.17589
11865,7.77457
11866,11.7975
11867,8.34987
11868,9.6163
11869,8.83702
11870,8.8883
11871,9.35073
11872,10.772
11873,11.0718
11874,10.5957
11875,8.86162
11876,9.00242
11877,11.1644
11878,11.308
11879,7.58796
11880,15.4965
11881,11.7022
11882,9.19805
11883,12.2128
11884,8.70247
11885,9.86143
11886,14.8929
11887,9.24307
11888,13.2515
11889,8.98352
11890,12.5887
11891,11.6681
11892,10.9632
11893,11.9716
11894,10.039
11895,10.3643
11896,14.2576
11897,8.9494
11898,9.38477
11899,12.581
11900,7.31721
11901,8.38816
11902,8.43633
11903,13.5099
11904,13.6873
11905,9.39667
11906,7.99878
11907,10.0977
11908,7.61838
11909,11.0075
11910,8.2448
11911,8.39283
11912,9.43941
11913,9.00542
11914,11.0662
11915,10.6725
11916,14.3498
11917,13.2185
11918,11.7054
11919,7.37784
11920,12.6582
11921,11.042
11922,17.7218
11923,8.99684
11924,7.76186
11925,9.79471
11926,12.3345
11927,14.2015
11928,15.5815
11929,13.0973
11930,7.67282
11931,7.90672
11932,8.14575
11933,8.55458
11934,6.74103
11935,10.9884
11936,7.01762
11937,9.06674
11938,9.10025
11939,14.1807
11940,8.56337
11941,7.9688
11942,10.1295
11943,10.1383
11944,7.5927
11945,11.8615
11946,10.1799
11947,11.2007
11948,10.2719
11949,13.6189
11950,12.5445
11951,12.553
11952,10.8925
11953,11.1515
11954,12.0503
11955,12.1698
11956,12.2292
11957,8.56709
11958,9.08015
11959,9.66653
11960,9.81798
11961,9.95412
11962,7.49666
11963,11.5457
11964,11.8496
11965,12.2161
11966,10.7252
11967,8.96505
11968,8.25692
11969,10.9167
11970,8.9504
11971,11.0534
11972,7.46057
11973,15.1673
11974,13.2618
11975,11.3099
11976,8.46609
11977,11.1563
11978,9.7909
11979,11.8933
11980,14.9738
11981,8.05297
11982,10.341
11983,10.3934
11984,11.4698
11985,12.6613
11986,10.6802
11987,11.0331
11988,10.1743
11989,5.65529
11990,11.0887
11991,14.5591
11992,12.6777
11993,9.11719
11994,9.25916
11995,9.77676
11996,17.1705
11997,8.69879
11998,8.93305
11999,11.1492
12000,11.4059
12001,12.0436
12002,10.0521
12003,7.57827
12004,12.765
12005,7.09253
12006,13.5012
12007,11.7405
12008,8.86462
12009,14.8742
12010,13.4357
12011,11.1307
12012,8.15423
12013,10.1796
12014,8.18951
12015,10.4933
12016,8.69848
12017,8.85623
12018,10.8787
12019,8.89366
12020,11.0901
12021,9.33499
12022,11.8602
12023,9.87323
12024,8.03701
12025,8.19627
12026,10.3018
12027,7.31165
12028,10.5767
12029,7.81986
12030,11.9009
12031,8.75317
12032,8.12166
12033,10.8341
12034,10.2657
12035,10.7345
12036,11.1476
12037,10.5369
12038,11.6191
12039,11.0396
12040,7.88524
12041,13.5411
12042,8.99657
12043,8.1343
12044,8.14273
12045,7.96258
12046,10.5325
12047,7.60889
12048,8.93697
12049,7.05222
12050,8.89636
12051,7.81458
12052,11.4652
12053,8.74821
12054,8.50752
12055,9.67403
12056,11.8655
12057,12.8479
12058,14.1904
12059,13.2067
12060,11.9818
12061,6.31464
12062,9.22646
12063,6.62395
12064,8.62611
12065,8.94302
12066,9.87917
12067,12.1428
12068,13.1597
12069,10.4153
12070,9.4554
12071,9.97551
12072,8.12218
12073,14.544
12074,8.47092
12075,8.57383
12076,9.85998
12077,11.9272
12078,7.46728
12079,8.23891
12080,9.49045
12081,9.66019
12082,10.235
12083,9.69242
12084,10.5483
12085,13.6879
12086,14.6077
12087,9.60786
12088,6.74892
12089,12.0928
12090,11.1503
12091,8.159
12092,12.1872
12093,11.3685
12094,11.4155
12095,9.005
12096,10.4432
12097,12.403
12098,8.60917
12099,11.502
12100,7.92509
12101,10.9904
12102,9.4373
12103,8.92312
12104,11.5412
12105,8.18762
12106,7.81165
12107,8.92869
12108,9.09857
12109,9.40595
12110,9.45743
12111,9.48451
12112,9.99063
12113,10.1949
12114,7.60654
12115,11.795
12116,19.0303
12117,10.5998
12118,9.11879
12119,10.2737
12120,11.1181
12121,8.52418
12122,13.2571
12123,7.9025
12124,8.12908
12125,10.2773
12126,8.70305
12127,7.79062
12128,10.0446
12129,10.3944
12130,9.50033
12131,10.5844
12132,7.06536
12133,15.493
12134,12.5835
12135,8.62532
12136,6.79945
12137,13.9318
12138,11.6326
12139,8.56861
12140,16.9758
12141,8.95135
12142,12.3095
12143,11.5858
12144,9.9868
12145,9.29209
12146,12.5592
12147,7.79914
12148,7.92024
12149,15.9631
12150,8.60356
12151,10.6708
12152,8.82594
12153,14.3636
12154,9.15181
12155,12.8054
12156,9.59532
12157,8.64017
12158,11.0712
12159,7.55513
12160,7.8411
12161,8.09441
12162,9.34018
12163,11.4532
12164,6.82766
12165,9.92306
12166,10.1734
12167,10.8141
12168,7.93966
12169,10.0841
12170,11.0925
12171,10.6873
12172,8.72074
12173,11.0534
12174,12.7651
12175,13.0801
12176,17.299
12177,11.7579
12178,7.03299
12179,10.6374
12180,9.76556
12181,10.3066
12182,11.8959
12183,11.9849
12184,7.73183
12185,8.55671
12186,7.56979
12187,9.04715
12188,7.72804
12189,13.7964
12190,7.40775
12191,7.74568
12192,9.84499
12193,9.29661
12194,10.5171
12195,11.6953
12196,9.71253
12197,9.82254
12198,8.83098
12199,15.0979
12200,13.7773
12201,8.57535
12202,9.44857
12203,10.2507
12204,12.5035
12205,8.14551
12206,8.3147
12207,10.5428
12208,10.8058
12209,10.9033
12210,9.96242
12211,9.14807
12212,11.1794
12213,11.6664
12214,12.7875
12215,11.701
12216,12.7166
12217,7.87828
12218,14.5926
12219,8.71229
12220,9.6728
12221,9.2495
12222,9.88242
12223,10.063
12224,10.3175
12225,10.7935
12226,12.1708
12227,9.25921
12228,8.28001
12229,12.4808
12230,11.7448
12231,12.8045
12232,10.4304
12233,13.1798
12234,10.8981
12235,8.24352
12236,10.049
12237,7.93018
12238,8.39567
12239,10.0591
12240,8.00558
12241,7.81992
12242,8.02298
12243,10.9781
12244,10.0702
12245,12.0398
12246,11.3497
12247,14.0237
12248,12.0569
12249,10.4579
12250,9.87693
12251,12.5396
12252,7.68915
12253,11.6563
12254,12.9152
12255,13.5649
12256,8.60961
12257,7.65448
12258,12.8345
12259,8.697
12260,9.71847
12261,9.95158
12262,9.78399
12263,10.1405
12264,8.20861
12265,12.3332
12266,11.9784
12267,12.6762
12268,14.993
12269,15.1138
12270,12.9588
12271,13.5889
12272,7.86947
12273,8.24906
12274,7.51878
12275,10.2523
12276,8.63144
12277,9.09682
12278,7.41839
12279,11.7471
12280,8.34162
12281,10.4093
12282,10.4441
12283,7.5721
12284,9.19509
12285,9.20352
12286,9.25887
12287,11.74
12288,10.0651
12289,14.1963
12290,8.15263
12291,11.3872
12292,5.63931
12293,10.1567
12294,12.5687
12295,7.64347
12296,9.41412
12297,10.1034
12298,10.5292
12299,9.99469
12300,10.2399
12301,9.82478
12302,12.1806
12303,13.6378
12304,8.59605
12305,10.0665
12306,9.19689
12307,7.94857
12308,12.3656
12309,10.5985
12310,11.174
12311,8.24911
12312,9.16393
12313,10.8417
12314,13.6779
12315,10.4398
12316,9.57414
12317,9.72841
12318,13.7417
12319,10.4721
12320,9.97197
12321,7.41512
12322,9.16106
12323,13.3337
12324,10.7221
12325,9.80088
12326,10.2749
12327,10.5264
12328,11.0309
12329,12.4593
12330,13.507
12331,13.7171
12332,9.20499
12333,12.2316
12334,9.15817
12335,12.0187
12336,8.31869
12337,9.75697
12338,9.15782
12339,9.44993
12340,8.66586
12341,7.46985
12342,5.59546
12343,12.7156
12344,9.14839
12345,10.7358
12346,11.9944
12347,12.182
12348,8.99207
12349,8.61961
12350,18.6013
12351,12.0193
12352,8.25472
12353,8.67555
12354,8.9516
12355,9.25113
12356,10.5275
12357,11.4683
12358,9.75556
12359,9.94679
12360,14.0827
12361,10.2555
12362,8.32318
12363,12.4381
12364,10.718
12365,10.2769
12366,15.4212
12367,10.5747
12368,11.9772
12369,10.0261
12370,11.1585
12371,11.4777
12372,11.9553
12373,9.31134
12374,9.33737
12375,11.4967
12376,9.3569
12377,12.5301
12378,6.84592
12379,11.4552
12380,8.63142
12381,8.28116
12382,9.30599
12383,9.42258
12384,9.50925
12385,9.80951
12386,8.73791
12387,8.94548
12388,8.29845
12389,12.1537
12390,8.44812
12391,8.64784
12392,12.4937
12393,13.3507
12394,8.9464
12395,7.2813
12396,12.5541
12397,7.70838
12398,12.301
12399,11.3685
12400,11.4526
12401,8.27875
12402,7.41269
12403,7.78147
12404,7.63343
12405,9.8253
12406,9.556
12407,10.5411
12408,10.9995
12409,8.19948
12410,12.232
12411,6.93166
12412,7.96905
12413,10.558
12414,9.66526
12415,9.42724
12416,9.58146
12417,8.80037
12418,11.8817
12419,10.8989
12420,11.9954
12421,7.7102
12422,13.1445
12423,8.61732
12424,9.30018
12425,9.77311
12426,9.60525
12427,10.8863
12428,9.54781
12429,11.9881
12430,13.2628
12431,10.4233
12432,8.45243
12433,11.6241
12434,8.51574
12435,10.261
12436,16.8461
12437,9.01997
12438,11.6555
12439,11.8326
12440,6.51697
12441,11.2237
12442,8.13013
12443,8.38631
12444,9.40098
12445,10.0532
12446,10.419
12447,7.84097
12448,10.9496
12449,10.9949
12450,9.30198
12451,9.6344
12452,9.95571
12453,11.158
12454,14.319
12455,12.5039
12456,12.522
12457,9.31233
12458,11.0091
12459,8.02693
12460,7.05432
12461,13.4874
12462,11.6823
12463,8.31624
12464,9.6827
12465,8.97221
12466,9.30717
12467,10.3063
12468,10.8332
12469,7.22604
12470,8.43465
12471,13.9215
12472,9.80048
12473,10.2497
12474,9.32586
12475,12.0782
12476,7.66212
12477,10.625
12478,11.1121
12479,7.91013
12480,9.04769
12481,9.37219
12482,10.3091
12483,10.3662
12484,13.7744
12485,10.9033
12486,6.8933
12487,8.275
12488,8.73404
12489,8.90507
12490,8.66527
12491,9.83371
12492,9.9397
12493,9.96292
12494,8.97135
12495,10.0673
12496,10.3074
12497,9.75914
12498,11.9664
12499,13.9137
12500,15.1399
12501,7.74175
12502,10.0978
12503,11.0932
12504,9.76766
12505,12.0933
12506,11.0734
12507,10.1637
12508,9.78181
12509,9.97256
12510,10.2462
12511,9.67154
12512,14.6917
12513,10.7825
12514,8.92428
12515,11.5167
12516,11.9703
12517,10.0786
12518,9.70384
12519,8.71844
12520,10.7511
12521,13.4952
12522,9.1383
12523,6.92301
12524,7.49059
12525,11.7958
12526,8.48999
12527,9.11895
12528,8.39316
12529,10.8205
12530,9.91554
12531,10.9559
12532,9.4452
12533,11.6422
12534,9.99959
12535,10.0458
12536,10.8558
12537,12.6278
12538,14.8221
12539,12.8361
12540,10.8623
12541,9.28408
12542,7.97664
12543,9.12452
12544,8.56085
12545,9.03181
12546,6.20563
12547,12.5728
12548,12.6378
12549,10.532
12550,9.15754
12551,10.9076
12552,6.62535
12553,10.8067
12554,6.19485
12555,13.0657
12556,8.89629
12557,8.59412
12558,9.88143
12559,10.3127
12560,11.3346
12561,10.8473
12562,13.8856
12563,8.93886
12564,9.29883
12565,15.3737
12566,9.76743
12567,8.74853
12568,10.888
12569,11.7424
12570,6.37837
12571,9.58423
12572,13.6575
12573,8.93851
12574,9.23459
12575,9.2881
12576,7.60913
12577,9.39071
12578,11.9199
12579,8.03387
12580,10.0471
12581,12.1654
12582,7.68121
12583,8.15493
12584,7.11553
12585,11.2198
12586,6.39884
12587,11.7057
12588,9.13468
12589,10.4601
12590,10.6031
12591,10.1687
12592,8.56093
12593,8.6715
12594,8.70868
12595,12.1377
12596,11.5909
12597,11.6935
12598,8.92467
12599,10.8017
12600,8.26369
12601,11.2837
12602,8.58953
12603,11.7955
12604,8.92876
12605,9.22987
12606,9.42043
12607,9.48773
12608,8.49616
12609,9.57883
12610,9.81849
12611,12.8792
12612,10.1145
12613,7.37828
12614,10.5081
12615,10.7602
12616,13.7761
12617,14.0866
12618,11.2734
12619,10.3674
12620,8.48445
12621,12.2785
12622,7.66874
12623,13.6261
12624,12.9564
12625,5.20318
12626,13.3727
12627,7.89982
12628,8.24387
12629,8.93319
12630,10.9833
12631,9.05773
12632,8.31173
12633,9.48656
12634,9.69015
12635,9.92488
12636,10.4653
12637,5.2983
12638,7.51931
12639,7.76981
12640,9.23383
12641,8.61595
12642,8.81641
12643,9.92236
12644,9.2843
12645,10.0783
12646,10.5795
12647,11.9845
12648,8.05587
12649,9.78903
12650,9.89076
12651,9.24786
12652,10.305
12653,7.87802
12654,11.4233
12655,10.5773
12656,8.36198
12657,10.6553
12658,9.87359
12659,8.94463
12660,11.2535
12661,9.06885
12662,13.0104
12663,10.3233
12664,10.3318
12665,10.9455
12666,11.0436
12667,11.1464
12668,7.55621
12669,13.2967
12670,12.7839
12671,10.5547
12672,14.3398
12673,9.92912
12674,7.46293
12675,7.58587
12676,9.43217
12677,10.0823
12678,9.90773
12679,10.7048
12680,6.69814
12681,8.74656
12682,10.0465
12683,12.6336
12684,13.4158
12685,9.46372
12686,7.61798
12687,9.74012
12688,8.75159
12689,8.99001
12690,13.2799
12691,9.30684
12692,7.97672
12693,10.1303
12694,10.2833
12695,7.4101
12696,10.8933
12697,9.86969
12698,12.8138
12699,11.3755
12700,7.26943
12701,11.1663
12702,10.2044
12703,11.2922
12704,10.1365
12705,10.5702
12706,12.8508
12707,9.96355
12708,10.0544
12709,14.1501
12710,10.2302
12711,11.576
12712,12.4657
12713,11.5275
12714,6.70884
12715,10.1632
12716,14.793
12717,8.69839
12718,9.75723
12719,6.20191
12720,10.2741
12721,7.47723
12722,13.0129
12723,8.47991
12724,7.81791
12725,9.52297
12726,10.5856
12727,9.77839
12728,13.8472
12729,9.89673
12730,9.96091
12731,10.119
12732,8.32347
12733,18.7988
12734,13.4976
12735,9.53248
12736,11.864
12737,8.00875
12738,8.49263
12739,13.5254
12740,9.58153
12741,5.94534
12742,8.25027
12743,6.54439
12744,14.5734
12745,6.90514
12746,9.65763
12747,9.15471
12748,9.22762
12749,9.2436
12750,7.50298
12751,9.51332
12752,9.68022
12753,8.88814
12754,9.36671
12755,9.37514
12756,8.81883
12757,7.82726
12758,11.3748
12759,8.46855
12760,8.48256
12761,7.94264
12762,14.0216
12763,9.80709
12764,12.8501
12765,14.03
12766,11.4459
12767,7.96752
12768,8.68661
12769,13.1852
12770,7.33265
12771,9.73162
12772,8.45042
12773,10.2668
12774,13.404
12775,10.0675
12776,8.19815
12777,8.03859
12778,7.89701
12779,9.05031
12780,9.2185
12781,9.2546
12782,9.79543
12783,9.89897
12784,8.94316
12785,10.154
12786,9.18504
12787,12.9437
12788,11.0904
12789,11.1054
12790,11.7082
12791,14.1143
12792,9.46914
12793,9.76469
12794,13.1952
12795,7.88431
12796,7.42429
12797,7.97251
12798,10.1386
12799,7.1507
12800,9.27864
12801,10.3989
12802,10.6611
12803,11.0625
12804,9.37339
12805,6.41527
12806,12.4387
12807,10.3763
12808,11.5303
12809,8.44873
12810,9.80338
12811,9.87212
12812,10.8692
12813,8.50275
12814,11.9526
12815,10.4351
12816,10.5977
12817,7.36677
12818,9.76719
12819,10.7847
12820,7.21829
12821,8.73372
12822,8.57272
12823,10.2334
12824,12.7643
12825,8.53633
12826,11.8964
12827,13.4341
12828,9.33269
12829,7.63486
12830,12.5042
12831,11.1345
12832,8.89161
12833,10.489
12834,9.58847
12835,10.4154
12836,9.61241
12837,11.7352
12838,13.2252
12839,7.37913
12840,13.2091
12841,12.2832
12842,8.02782
12843,8.04631
12844,7.95476
12845,8.99778
12846,13.2119
12847,13.411
12848,6.17162
12849,11.6216
12850,12.63
12851,11.0327
12852,9.55043
12853,9.97566
12854,7.32176
12855,10.5652
12856,9.09443
12857,8.62041
12858,9.73513
12859,7.95678
12860,9.13787
12861,7.21128
12862,7.38844
12863,7.57445
12864,12.7165
12865,8.61722
12866,9.79406
12867,11.0138
12868,8.82959
12869,8.94302
12870,9.26313
12871,11.2818
12872,9.71255
12873,9.01785
12874,9.28278
12875,7.34937
12876,14.1491
12877,10.5922
12878,8.39067
12879,7.55627
12880,17.694
12881,8.71531
12882,8.94795
12883,10.1054
12884,9.72804
12885,12.0059
12886,11.2389
12887,12.3101
12888,12.4156
12889,9.65126
12890,10.609
12891,12.8445
12892,9.24268
12893,8.83002
12894,6.74237
12895,7.4932
12896,12.8047
12897,8.62144
12898,9.45148
12899,9.8935
12900,9.69761
12901,11.9196
12902,9.96405
12903,8.09977
12904,9.13512
12905,9.32088
12906,9.56379
12907,12.4284
12908,13.8478
12909,12.8562
12910,9.97021
12911,10.0987
12912,8.38265
12913,9.74228
12914,9.94274
12915,11.987
12916,7.37488
12917,10.1496
12918,10.163
12919,10.3205
12920,13.5027
12921,9.97237
12922,13.7368
12923,12.2215
12924,17.6585
12925,8.34285
12926,7.06027
12927,10.2638
12928,8.54025
12929,14.1657
12930,11.3244
12931,9.05395
12932,8.06238
12933,9.41906
12934,8.34629
12935,14.2149
12936,11.8432
12937,11.5876
12938,14.0934
12939,9.64438
12940,9.99801
12941,10.3029
12942,9.22858
12943,9.70653
12944,14.1161
12945,11.1884
12946,12.3843
12947,9.6698
12948,10.9326
12949,13.941
12950,10.0434
12951,10.6659
12952,10.8499
12953,7.95458
12954,11.5666
12955,10.3885
12956,7.50542
12957,12.997
12958,8.29829
12959,10.8804
12960,7.93578
12961,9.42956
12962,10.0377
12963,8.33764
12964,11.4775
12965,9.47966
12966,12.4192
12967,11.3532
12968,12.3749
12969,8.40742
12970,14.5428
12971,9.63951
12972,9.71008
12973,11.8962
12974,12.9715
12975,10.0568
12976,9.91872
12977,9.34519
12978,8.34498
12979,11.3744
12980,11.5352
12981,9.09496
12982,11.4344
12983,10.127
12984,8.2511
12985,10.3434
12986,13.5335
12987,8.63416
12988,9.74801
12989,15.2082
12990,10.2337
12991,11.7119
12992,13.014
12993,10.5734
12994,14.0312
12995,15.2074
12996,10.665
12997,9.87538
12998,11.7586
12999,20.045
13000,9.23686
13001,10.2239
13002,10.4741
13003,10.5173
13004,7.21381
13005,9.29104
13006,10.5687
13007,10.5102
13008,12.6949
13009,8.38424
13010,7.38309
13011,12.6792
13012,8.38443
13013,8.60909
13014,10.982
13015,10.4883
13016,8.99417
13017,11.5468
13018,10.2981
13019,11.3742
13020,8.45895
13021,11.1814
13022,8.55219
13023,12.687
13024,7.8045
13025,11.8271
13026,9.07827
13027,7.20488
13028,7.79561
13029,10.0582
13030,8.08984
13031,15.2679
13032,8.32978
13033,9.35343
13034,13.6433
13035,11.7145
13036,10.752
13037,8.3075
13038,9.61959
13039,12.0642
13040,11.3392
13041,8.46013
13042,13.7318
13043,10.7943
13044,11.0989
13045,9.36608
13046,8.57346
13047,8.30982
13048,11.3872
13049,11.8937
13050,8.32638
13051,10.3678
13052,7.54212
13053,7.88765
13054,11.5752
13055,10.7119
13056,10.6392
13057,12.6775
13058,13.9983
13059,13.2631
13060,12.1478
13061,11.4451
13062,8.78153
13063,11.4143
13064,8.89128
13065,9.00077
13066,8.16144
13067,9.17536
13068,9.76506
13069,9.79895
13070,10.8852
13071,8.26808
13072,11.7892
13073,9.12744
13074,9.38434
13075,10.9203
13076,10.1113
13077,9.19877
13078,12.3801
13079,13.4418
13080,11.7896
13081,7.89827
13082,12.7397
13083,6.21808
13084,8.27028
13085,9.33388
13086,8.14156
13087,10.1191
13088,16.1427
13089,10.2098
13090,11.0082
13091,13.0284
13092,9.49923
13093,6.72601
13094,15.155
13095,8.42848
13096,8.94112
13097,9.00041
13098,13.4255
13099,10.4349
13100,9.47137
13101,12.8123
13102,10.6458
13103,9.94
13104,11.1007
13105,10.4687
13106,11.6303
13107,7.34573
13108,13.2154
13109,13.6781
13110,15.0381
13111,10.1007
13112,11.3814
13113,5.60201
13114,7.09625
13115,7.67752
13116,12.7163
13117,8.35278
13118,8.59789
13119,8.62562
13120,7.63405
13121,6.88934
13122,9.47205
13123,9.58232
13124,11.77
13125,11.6869
13126,11.7344
13127,7.22713
13128,12.275
13129,6.68914
13130,6.25346
13131,8.95566
13132,10.2715
13133,12.1799
13134,8.29897
13135,11.5273
13136,11.5358
13137,9.19226
13138,9.24021
13139,12.2624
13140,9.50727
13141,10.9176
13142,13.2078
13143,13.3499
13144,7.66566
13145,12.8094
13146,13.506
13147,10.4339
13148,8.44195
13149,10.5682
13150,8.81087
13151,12.9803
13152,11.7759
13153,10.8637
13154,7.45779
13155,7.84724
13156,11.2763
13157,12.2108
13158,10.2656
13159,10.421
13160,7.56185
13161,11.3131
13162,8.24253
13163,13.4695
13164,10.9717
13165,8.26117
13166,11.3914
13167,9.13398
13168,17.6104
13169,9.80911
13170,10.3825
13171,10.8281
13172,9.63143
13173,11.3622
13174,10.0457
13175,7.17466
13176,7.20057
13177,7.28877
13178,9.94052
13179,10.3799
13180,11.9415
13181,9.97631
13182,8.07157
13183,12.6059
13184,5.78812
13185,13.9666
13186,10.715
13187,7.50973
13188,7.8378
13189,9.00069
13190,8.31629
13191,14.2562
13192,12.3445
13193,8.52414
13194,10.3706
13195,11.8409
13196,12.0387
13197,8.09215
13198,10.4848
13199,11.1862
13200,10.8729
13201,11.0235
13202,12.0747
13203,12.09
13204,9.51711
13205,13.2519
13206,12.3457
13207,7.81402
13208,14.6013
13209,7.31278
13210,7.54785
13211,10.8309
13212,9.46177
13213,7.78753
13214,11.0804
13215,11.24
13216,11.8205
13217,12.7045
13218,7.74028
13219,8.10067
13220,8.30237
13221,10.0153
13222,10.1456
13223,12.1596
13224,11.6832
13225,12.4547
13226,10.7614
13227,13.7623
13228,8.18025
13229,14.3455
13230,8.90981
13231,9.96953
13232,9.10237
13233,10.4318
13234,14.3604
13235,8.35729
13236,10.8108
13237,10.5538
13238,9.36048
13239,13.0233
13240,7.09345
13241,10.1431
13242,12.166
13243,12.364
13244,8.41192
13245,9.86186
13246,9.10201
13247,10.0699
13248,11.5038
13249,7.23332
13250,10.7947
13251,13.8092
13252,10.8604
13253,12.9154
13254,11.2541
13255,9.43663
13256,8.72623
13257,10.2783
13258,8.99015
13259,14.0119
13260,12.0017
13261,10.3405
13262,12.3863
13263,12.0215
13264,8.05738
13265,9.39044
13266,7.20647
13267,7.27459
13268,12.9747
13269,11.415
13270,8.66668
13271,13.9963
13272,9.12145
13273,10.0515
13274,5.86489
13275,15.8741
13276,11.0325
13277,9.36813
13278,11.8135
13279,9.41016
13280,7.64504
13281,7.66942
13282,10.2369
13283,13.4775
13284,10.2017
13285,9.41265
13286,10.5138
13287,12.2088
13288,10.1551
13289,14.7501
13290,11.4409
13291,7.89837
13292,9.58696
13293,13.2632
13294,10.3795
13295,13.6547
13296,11.6456
13297,9.11499
13298,8.73636
13299,9.72999
13300,9.34782
13301,12.1219
13302,12.0659
13303,10.9612
13304,8.6199
13305,9.51211
13306,9.78344
13307,9.02261
13308,7.42484
13309,12.1415
13310,8.16016
13311,9.24031
13312,6.38612
13313,10.2576
13314,14.1341
13315,11.2861
13316,10.3854
13317,10.629
13318,11.1987
13319,8.76361
13320,10.0157
13321,9.00069
13322,9.49965
13323,9.62536
13324,11.2709
13325,11.7896
13326,10.9408
13327,9.7481
13328,6.96698
13329,12.08
13330,7.92911
13331,8.42857
13332,8.82727
13333,11.3531
13334,12.494
13335,15.5871
13336,9.74126
13337,11.0365
13338,9.0657
13339,7.2903
13340,7.48638
13341,12.7054
13342,11.7614
13343,7.93725
13344,8.45439
13345,10.9608
13346,12.0808
13347,9.22879
13348,9.51358
13349,9.80115
13350,14.0388
13351,8.75559
13352,8.42492
13353,12.6914
13354,7.79679
13355,9.45508
13356,9.52151
13357,8.83051
13358,10.2436
13359,15.1594
13360,6.69287
13361,9.71768
13362,9.99256
13363,9.09156
13364,9.15644
13365,9.18195
13366,11.4797
13367,7.7297
13368,14.9431
13369,8.004
13370,8.13217
13371,12.8482
13372,9.15956
13373,13.2341
13374,10.9228
13375,11.0692
13376,10.3641
13377,10.4551
13378,12.5949
13379,7.61179
13380,11.0706
13381,9.43011
13382,8.50677
13383,11.171
13384,12.2274
13385,6.34602
13386,6.95124
13387,8.21305
13388,14.2713
13389,11.2411
13390,8.75659
13391,7.95699
13392,17.2467
13393,13.0338
13394,10.1737
13395,12.4823
13396,11.3871
13397,8.68424
13398,8.94673
13399,10.3483
13400,10.4097
13401,9.11178
13402,8.36765
13403,9.83721
13404,12.1286
13405,6.20333
13406,8.27427
13407,12.3835
13408,14.4675
13409,13.2554
13410,9.29836
13411,9.94349
13412,7.82478
13413,8.81284
13414,9.29461
13415,9.74456
13416,7.8223
13417,14.8526
13418,10.5019
13419,9.79857
13420,10.8587
13421,11.1297
13422,10.4711
13423,10.2032
13424,12.7433
13425,12.978
13426,15.0307
13427,7.87315
13428,7.52172
13429,14.6979
13430,8.24149
13431,10.6133
13432,9.88552
13433,11.0952
13434,12.4766
13435,9.23964
13436,10.3029
13437,9.6188
13438,6.85262
13439,9.08388
13440,12.222
13441,10.2548
13442,8.44201
13443,10.7243
13444,10.7709
13445,9.13412
13446,13.1997
13447,9.92366
13448,12.3485
13449,9.26034
13450,11.3099
13451,13.7572
13452,13.6002
13453,10.8987
13454,14.9631
13455,13.1212
13456,10.3725
13457,10.8929
13458,7.0636
13459,7.80968
13460,11.1516
13461,7.16579
13462,11.3799
13463,7.6824
13464,7.32645
13465,11.1834
13466,8.33022
13467,7.78076
13468,7.83121
13469,8.87612
13470,9.04756
13471,8.39709
13472,13.5632
13473,7.43105
13474,9.75059
13475,8.98871
13476,11.2279
13477,6.45876
13478,11.9252
13479,10.3141
13480,8.50349
13481,7.6534
13482,7.1637
13483,10.2925
13484,8.75108
13485,9.28969
13486,14.4372
13487,9.39028
13488,10.4891
13489,13.2613
13490,12.3692
13491,11.9257
13492,6.94869
13493,7.35284
13494,7.80213
13495,9.27719
13496,10.0153
13497,11.3374
13498,10.4768
13499,11.2401
13500,13.373
13501,9.09549
13502,7.89009
13503,8.2898
13504,12.8849
13505,9.34871
13506,9.38298
13507,10.1016
13508,10.1553
13509,10.5149
13510,8.55867
13511,9.73836
13512,11.7654
13513,9.97853
13514,10.1704
13515,13.3247
13516,10.586
13517,10.863
13518,11.5981
13519,13.7435
13520,7.4502
13521,13.5328
13522,7.76816
13523,8.23398
13524,10.4005
13525,14.8165
13526,10.6049
13527,10.7649
13528,11.2537
13529,11.4652
13530,8.71647
13531,8.79326
13532,10.8206
13533,9.35242
13534,12.4988
13535,11.0478
13536,12.197
13537,9.32613
13538,8.92088
13539,14.0531
13540,11.1984
13541,10.5531
13542,10.7463
13543,10.8269
13544,12.1694
13545,13.9911
13546,9.28661
13547,15.5815
13548,17.1867
13549,7.22155
13550,7.84419
13551,8.00903
13552,10.0512
13553,8.18236
13554,12.055
13555,10.7128
13556,15.9678
13557,11.7223
13558,13.1933
13559,8.20637
13560,8.7184
13561,13.4793
13562,7.44291
13563,7.13442
13564,11.2217
13565,10.115
13566,9.90256
13567,12.0983
13568,10.5237
13569,9.60674
13570,10.3487
13571,5.77786
13572,12.9931
13573,9.55521
13574,7.62422
13575,7.23897
13576,8.2727
13577,7.79067
13578,15.5547
13579,10.4347
13580,10.9145
13581,8.60876
13582,12.2448
13583,11.5529
13584,10.886
13585,12.1043
13586,13.0455
13587,8.33024
13588,8.33867
13589,15.0442
13590,9.11709
13591,8.17207
13592,14.7364
13593,15.1124
13594,9.28184
13595,8.06683
13596,10.2697
13597,10.3681
13598,10.8657
13599,6.15872
13600,7.4062
13601,8.17566
13602,9.74939
13603,11.8599
13604,10.2282
13605,12.4731
13606,7.63446
13607,6.99781
13608,12.142
13609,11.5724
13610,7.7661
13611,8.41914
13612,8.75443
13613,9.85372
13614,8.1176
13615,13.1422
13616,12.1584
13617,9.45961
13618,7.97373
13619,8.28218
13620,12.3346
13621,8.40783
13622,11.7887
13623,10.2446
13624,12.3194
13625,7.43531
13626,9.60549
13627,7.64566
13628,7.70732
13629,9.84864
13630,10.0899
13631,11.1741
13632,11.3061
13633,8.593
13634,11.9363
13635,9.21801
13636,9.64801
13637,12.7332
13638,9.78421
13639,10.0483
13640,12.058
13641,11.8062
13642,12.4938
13643,7.98066
13644,8.05777
13645,7.07645
13646,10.0849
13647,12.1644
13648,7.3945
13649,8.43448
13650,7.65599
13651,9.71639
13652,8.32131
13653,10.9044
13654,9.40032
13655,7.70901
13656,13.7685
13657,6.85263
13658,11.6818
13659,11.6902
13660,13.2894
13661,6.7817
13662,11.0308
13663,10.5271
13664,10.8452
13665,8.28608
13666,10.7714
13667,9.17778
13668,14.3524
13669,11.8089
13670,11.8173
13671,11.9434
13672,8.29534
13673,7.82784
13674,10.2558
13675,11.0766
13676,7.03654
13677,13.0824
13678,8.77797
13679,8.84099
13680,11.8494
13681,9.86566
13682,9.02968
13683,7.10418
13684,8.38706
13685,11.6305
13686,11.0159
13687,12.0862
13688,11.3718
13689,15.6254
13690,9.98984
13691,11.0909
13692,8.27658
13693,8.49012
13694,9.48075
13695,9.60446
13696,11.6287
13697,10.2505
13698,10.934
13699,8.39149
13700,8.66055
13701,9.33593
13702,8.7318
13703,13.6815
13704,11.115
13705,7.85125
13706,9.04855
13707,9.15527
13708,9.58654
13709,10.0536
13710,7.6635
13711,8.05405
13712,9.2782
13713,11.4408
13714,11.1461
13715,11.6399
13716,13.9271
13717,9.15789
13718,7.82406
13719,8.28461
13720,9.20317
13721,8.94894
13722,12.1327
13723,11.0207
13724,10.0903
13725,9.84287
13726,11.0085
13727,9.31358
13728,14.6007
13729,11.3153
13730,10.0115
13731,10.8054
13732,11.1985
13733,11.2094
13734,15.3057
13735,12.4901
13736,9.16003
13737,9.5656
13738,9.28519
13739,8.84244
13740,9.7032
13741,9.86965
13742,8.79525
13743,14.1543
13744,6.60296
13745,6.9509
13746,6.15435
13747,8.40111
13748,10.5155
13749,8.60641
13750,11.6824
13751,8.84679
13752,8.00937
13753,9.33001
13754,9.43644
13755,8.7273
13756,9.98109
13757,8.99275
13758,10.3121
13759,10.3576
13760,10.9555
13761,11.1442
13762,11.5482
13763,11.6689
13764,11.7751
13765,10.8546
13766,16.0663
13767,7.21361
13768,11.452
13769,6.95791
13770,12.067
13771,9.97043
13772,9.69627
13773,8.075
13774,11.0251
13775,11.3181
13776,9.55646
13777,8.41871
13778,7.8213
13779,9.1591
13780,8.78157
13781,8.11169
13782,10.6316
13783,11.1669
13784,11.7933
13785,12.8707
13786,12.05
13787,9.27942
13788,11.8823
13789,12.9101
13790,11.2434
13791,10.6909
13792,9.46575
13793,12.8181
13794,6.98038
13795,8.19418
13796,7.39823
13797,12.584
13798,10.1693
13799,11.2845
13800,8.09172
13801,8.42162
13802,8.88498
13803,13.4035
13804,9.6609
13805,6.78526
13806,12.1684
13807,6.60728
13808,9.93319
13809,10.0994
13810,7.80088
13811,10.189
13812,8.54974
13813,7.32352
13814,12.8198
13815,13.1061
13816,12.1551
13817,10.4696
13818,8.57336
13819,11.4236
13820,13.4462
13821,7.29931
13822,10.6792
13823,7.45618
13824,11.8473
13825,8.22164
13826,12.8206
13827,9.59906
13828,8.14679
13829,7.53289
13830,11.6747
13831,7.78957
13832,13.8194
13833,9.46082
13834,7.0215
13835,6.76454
13836,11.4047
13837,9.35716
13838,8.19296
13839,8.40585
13840,9.6374
13841,10.7214
13842,6.05844
13843,8.48008
13844,7.86604
13845,7.17966
13846,10.2196
13847,8.50731
13848,8.56103
13849,7.74488
13850,11.5449
13851,8.68224
13852,12.7885
13853,9.24663
13854,6.8504
13855,10.5122
13856,8.64425
13857,9.04142
13858,9.09291
13859,11.3064
13860,9.50998
13861,4.82526
13862,10.1131
13863,9.26359
13864,9.66721
13865,9.8163
13866,17.8247
13867,11.5355
13868,8.45245
13869,9.26264
13870,9.27107
13871,9.29404
13872,9.3764
13873,10.0598
13874,10.2258
13875,10.2562
13876,10.2886
13877,11.8727
13878,12.2781
13879,12.6478
13880,12.7612
13881,8.39843
13882,15.6376
13883,7.16994
13884,10.6766
13885,8.73829
13886,6.89076
13887,8.43716
13888,11.9678
13889,10.175
13890,10.2295
13891,12.5818
13892,8.14615
13893,11.2687
13894,9.34071
13895,12.5831
13896,7.5996
13897,8.82813
13898,8.65976
13899,9.89259
13900,10.4111
13901,10.4342
13902,13.4921
13903,11.5336
13904,10.9236
13905,8.97595
13906,10.4496
13907,8.73215
13908,8.40297
13909,13.5955
13910,10.3113
13911,11.0759
13912,10.1017
13913,10.1102
13914,10.2091
13915,14.4101
13916,9.67543
13917,16.5163
13918,8.76523
13919,7.6637
13920,8.55914
13921,9.00464
13922,10.5534
13923,9.56179
13924,13.5923
13925,8.7134
13926,11.9168
13927,10.0143
13928,10.0233
13929,10.2469
13930,8.38694
13931,11.422
13932,11.8705
13933,11.8789
13934,12.3976
13935,8.86957
13936,9.19881
13937,7.93318
13938,9.0119
13939,11.4666
13940,12.054
13941,9.51279
13942,9.52668
13943,12.5495
13944,10.7993
13945,13.8415
13946,9.04401
13947,7.80667
13948,8.94292
13949,12.1001
13950,9.13533
13951,8.43801
13952,9.50795
13953,11.2804
13954,10.2922
13955,8.06298
13956,10.1475
13957,8.27703
13958,8.42868
13959,9.79135
13960,8.93942
13961,11.1779
13962,9.30464
13963,11.3638
13964,11.6423
13965,11.9001
13966,8.15617
13967,9.29558
13968,12.483
13969,10.4999
13970,7.97048
13971,10.7142
13972,14.3161
13973,12.8374
13974,8.8782
13975,13.4233
13976,10.7398
13977,11.4057
13978,14.8512
13979,10.7348
13980,13.5592
13981,9.71538
13982,9.86112
13983,9.53524
13984,8.94881
13985,11.6482
13986,11.9638
13987,9.50475
13988,9.35551
13989,10.4333
13990,13.3675
13991,6.65881
13992,7.71961
13993,14.0496
13994,8.08826
13995,9.29097
13996,11.4019
13997,9.06081
13998,11.9915
13999,9.18099
14000,9.26628
14001,9.16068
14002,8.21216
14003,7.47869
14004,9.45321
14005,10.479
14006,13.7836
14007,11.0059
14008,9.1534
14009,11.3556
14010,11.4045
14011,7.61829
14012,12.1748
14013,10.2311
14014,12.8081
14015,12.9704
14016,14.2781
14017,8.35457
14018,8.79005
14019,9.89203
14020,9.83275
14021,6.94757
14022,7.71978
14023,11.9529
14024,9.91518
14025,7.51009
14026,11.5825
14027,11.6826
14028,9.49316
14029,14.1215
14030,9.88625
14031,8.26247
14032,7.29111
14033,9.68802
14034,9.69875
14035,6.99699
14036,8.54469
14037,10.5699
14038,15.0427
14039,9.5885
14040,9.59694
14041,15.6673
14042,9.6954
14043,11.177
14044,10.7798
14045,11.4214
14046,10.825
14047,8.06335
14048,6.28733
14049,9.33804
14050,15.533
14051,8.79533
14052,9.81798
14053,9.26811
14054,11.4803
14055,9.49855
14056,9.81447
14057,13.7868
14058,7.53812
14059,15.282
14060,6.3879
14061,6.91439
14062,9.10424
14063,8.21327
14064,8.25875
14065,17.3136
14066,11.9443
14067,10.119
14068,9.12748
14069,9.59183
14070,11.6103
14071,15.9508
14072,9.96878
14073,12.0214
14074,13.5657
14075,7.41509
14076,11.5604
14077,8.58924
14078,12.7492
14079,9.25701
14080,12.3278
14081,15.7011
14082,12.3396
14083,10.0601
14084,6.33357
14085,11.7306
14086,11.3691
14087,9.82145
14088,10.1112
14089,8.28214
14090,6.61667
14091,9.08622
14092,8.32315
14093,8.6988
14094,11.0965
14095,9.41099
14096,9.02367
14097,9.47066
14098,13.6851
14099,9.6794
14100,9.29303
14101,12.8132
14102,8.81962
14103,8.86971
14104,7.12416
14105,9.83653
14106,8.51387
14107,8.58757
14108,8.37933
14109,8.93157
14110,10.0431
14111,7.70732
14112,7.91229
14113,9.20434
14114,9.58149
14115,10.1199
14116,10.2402
14117,10.2727
14118,10.3392
14119,10.5032
14120,10.5485
14121,7.38645
14122,7.54764
14123,11.0292
14124,10.7183
14125,12.001
14126,9.02671
14127,13.5074
14128,10.7359
14129,9.96706
14130,14.4083
14131,10.4582
14132,10.425
14133,11.939
14134,9.57029
14135,9.74472
14136,11.2913
14137,13.3715
14138,7.83788
14139,7.39145
14140,10.048
14141,12.5377
14142,7.84181
14143,8.03629
14144,8.08445
14145,8.36043
14146,8.61743
14147,11.8174
14148,8.92152
14149,10.1528
14150,10.1799
14151,9.39679
14152,9.70703
14153,9.82651
14154,9.89524
14155,9.01589
14156,10.6844
14157,11.0052
14158,7.98648
14159,12.0028
14160,11.4101
14161,12.2173
14162,10.4109
14163,9.89029
14164,9.55688
14165,8.20053
14166,7.44227
14167,11.6998
14168,11.3919
14169,9.52173
14170,11.5611
14171,6.97744
14172,7.47312
14173,13.3195
14174,11.3518
14175,9.44079
14176,10.3351
14177,11.0866
14178,7.24409
14179,10.6959
14180,7.92767
14181,9.56781
14182,8.99291
14183,9.01773
14184,9.06843
14185,10.1939
14186,7.24864
14187,15.2184
14188,11.6049
14189,11.7643
14190,10.7755
14191,10.8455
14192,8.85653
14193,11.1106
14194,9.34695
14195,7.71204
14196,7.91888
14197,9.0519
14198,8.21959
14199,14.6149
14200,9.78438
14201,11.995
14202,10.0597
14203,10.0774
14204,10.7519
14205,8.88268
14206,11.9368
14207,10.9468
14208,12.1713
14209,11.3188
14210,7.3054
14211,12.5895
14212,9.84975
14213,14.1278
14214,11.558
14215,13.9118
14216,6.39042
14217,10.4505
14218,8.2331
14219,11.9138
14220,9.01632
14221,10.2162
14222,7.19149
14223,11.1332
14224,10.5689
14225,8.5822
14226,10.312
14227,10.6731
14228,12.1439
14229,9.32024
14230,9.40182
14231,11.3755
14232,10.3993
14233,6.47932
14234,10.8718
14235,12.1399
14236,8.54085
14237,8.57313
14238,10.7801
14239,9.24978
14240,10.4098
14241,11.7439
14242,9.87733
14243,10.7044
14244,13.0082
14245,10.3861
14246,13.645
14247,11.4759
14248,8.51876
14249,13.5781
14250,10.0233
14251,9.16879
14252,10.9537
14253,11.7731
14254,14.9474
14255,8.28471
14256,7.98894
14257,9.88271
14258,9.08305
14259,10.2854
14260,8.62273
14261,7.19879
14262,9.94564
14263,9.05232
14264,10.3291
14265,11.467
14266,12.8545
14267,7.86289
14268,14.011
14269,13.031
14270,9.25103
14271,15.8751
14272,10.9435
14273,9.08352
14274,6.76275
14275,7.58858
14276,7.86775
14277,8.19595
14278,9.32808
14279,8.80304
14280,9.84352
14281,12.2355
14282,9.36688
14283,8.46644
14284,9.47487
14285,13.5155
14286,9.34306
14287,9.66237
14288,11.8171
14289,9.85618
14290,11.9131
14291,11.801
14292,11.3933
14293,11.1949
14294,9.37029
14295,11.1361
14296,11.5428
14297,9.94671
14298,11.2911
14299,13.9823
14300,9.00141
14301,7.21308
14302,9.62011
14303,10.8891
14304,8.97737
14305,9.22237
14306,9.56205
14307,11.5705
14308,9.86223
14309,10.9252
14310,8.9861
14311,10.4369
14312,12.4883
14313,10.777
14314,9.82577
14315,10.1538
14316,12.2352
14317,10.3738
14318,11.5309
14319,11.6321
14320,8.95577
14321,9.86735
14322,10.0445
14323,6.24007
14324,9.27555
14325,8.3567
14326,9.16734
14327,8.75206
14328,11.7981
14329,9.38139
14330,9.66744
14331,14.8951
14332,11.9602
14333,9.93149
14334,12.0698
14335,12.3692
14336,8.49868
14337,9.16647
14338,9.60463
14339,15.1002
14340,11.0921
14341,11.5951
14342,12.5416
14343,13.0618
14344,10.1093
14345,11.5196
14346,9.38727
14347,15.5044
14348,15.6435
14349,8.20101
14350,7.73625
14351,10.1195
14352,11.3482
14353,17.4739
14354,6.44274
14355,10.8195
14356,9.08926
14357,10.902
14358,9.01699
14359,10.123
14360,8.36468
14361,10.396
14362,8.80925
14363,9.28865
14364,7.55254
14365,11.6773
14366,7.86438
14367,10.2955
14368,13.6041
14369,8.90071
14370,9.92855
14371,6.99952
14372,10.1364
14373,10.3803
14374,10.7423
14375,10.396
14376,6.41491
14377,8.94883
14378,13.042
14379,9.97348
14380,8.05136
14381,8.62696
14382,9.73853
14383,8.78556
14384,8.87783
14385,11.8984
14386,11.0506
14387,11.6385
14388,9.2346
14389,13.1201
14390,7.82246
14391,8.4343
14392,10.0777
14393,11.1091
14394,8.9337
14395,7.54114
14396,9.67319
14397,10.7363
14398,9.574
14399,9.65267
14400,10.4305
14401,8.53779
14402,8.69514
14403,13.9957
14404,11.9823
14405,14.1027
14406,7.37512
14407,10.3342
14408,8.50354
14409,9.16285
14410,9.62666
14411,10.9657
14412,7.70343
14413,9.78028
14414,7.02803
14415,10.173
14416,9.06566
14417,11.3869
14418,10.7858
14419,13.1681
14420,8.20772
14421,10.9074
14422,8.94786
14423,12.1248
14424,13.8943
14425,8.2132
14426,8.63609
14427,9.03994
14428,13.309
14429,11.5544
14430,10.474
14431,9.77484
14432,11.14
14433,11.6982
14434,5.8301
14435,14.0053
14436,9.50951
14437,13.7293
14438,10.5342
14439,8.95078
14440,7.5624
14441,14.1326
14442,7.62803
14443,12.7297
14444,11.8348
14445,13.0772
14446,9.02998
14447,8.23766
14448,13.357
14449,12.6871
14450,14.7524
14451,9.68695
14452,12.2534
14453,12.2817
14454,8.69503
14455,12.8487
14456,14.3331
14457,17.599
14458,17.6116
14459,9.06101
14460,15.3741
14461,11.9217
14462,10.2301
14463,7.82024
14464,9.22797
14465,13.45
14466,7.94002
14467,8.77235
14468,8.80954
14469,9.89346
14470,10.1938
14471,9.78605
14472,11.9587
14473,10.7857
14474,12.3212
14475,7.82912
14476,7.58943
14477,9.16489
14478,9.39108
14479,9.39952
14480,12.4301
14481,9.54132
14482,7.31512
14483,7.78964
14484,8.47356
14485,7.55686
14486,8.28909
14487,9.54145
14488,12.4548
14489,11.2122
14490,9.92863
14491,8.68705
14492,14.6037
14493,8.3257
14494,8.74947
14495,8.76149
14496,8.90574
14497,9.56942
14498,11.2443
14499,11.4361
14500,9.87747
14501,8.96453
14502,12.8571
14503,11.016
14504,17.9692
14505,10.9758
14506,11.3781
14507,7.25129
14508,9.69999
14509,11.819
14510,11.1619
14511,8.34671
14512,8.7415
14513,9.39688
14514,9.71041
14515,9.7433
14516,10.8082
14517,10.1075
14518,7.98196
14519,9.04915
14520,11.1133
14521,8.43806
14522,10.5495
14523,8.86215
14524,9.44887
14525,9.74792
14526,8.45912
14527,13.5388
14528,8.34499
14529,10.8326
14530,10.6666
14531,7.89707
14532,10.1446
14533,11.7999
14534,11.3082
14535,8.1144
14536,8.6961
14537,9.40037
14538,11.2373
14539,15.42
14540,8.49575
14541,12.0583
14542,9.7296
14543,9.63177
14544,11.8452
14545,10.24
14546,12.4118
14547,10.582
14548,10.0257
14549,11.2672
14550,13.383
14551,12.8696
14552,7.09835
14553,7.72063
14554,8.22757
14555,6.42787
14556,8.44835
14557,9.83999
14558,7.94655
14559,10.955
14560,9.97222
14561,8.01107
14562,8.33096
14563,8.83217
14564,11.6254
14565,11.334
14566,8.76885
14567,12.6258
14568,16.3329
14569,7.7798
14570,11.8015
14571,10.0949
14572,8.35829
14573,10.4286
14574,10.7168
14575,12.0293
14576,9.64246
14577,14.9081
14578,8.96012
14579,9.42925
14580,14.753
14581,10.7603
14582,11.8086
14583,10.8832
14584,10.3214
14585,12.2449
14586,12.0982
14587,9.16478
14588,9.55063
14589,7.74842
14590,9.79519
14591,11.2594
14592,7.98053
14593,11.4369
14594,9.63303
14595,7.81874
14596,8.2949
14597,8.5575
14598,8.64625
14599,8.65877
14600,9.48425
14601,10.5765
14602,9.09636
14603,7.49193
14604,9.5357
14605,12.5441
14606,15.9547
14607,10.1503
14608,10.6858
14609,10.726
14610,7.96989
14611,9.20592
14612,9.49198
14613,12.6788
14614,8.16922
14615,8.35045
14616,8.67831
14617,6.89452
14618,10.1372
14619,12.4426
14620,10.8454
14621,9.97122
14622,12.0902
14623,10.9661
14624,8.7203
14625,10.4153
14626,9.59395
14627,10.9754
14628,8.02995
14629,10.9201
14630,11.3363
14631,13.507
14632,11.3668
14633,9.48823
14634,8.28565
14635,9.21884
14636,11.5701
14637,10.1007
14638,14.5697
14639,8.80934
14640,8.56797
14641,9.16433
14642,9.28462
14643,10.4241
14644,10.6417
14645,10.2027
14646,11.1187
14647,8.65039
14648,11.14
14649,11.3156
14650,7.93189
14651,7.98332
14652,8.35941
14653,12.5111
14654,9.28715
14655,10.437
14656,11.0063
14657,11.2593
14658,5.77308
14659,7.943
14660,9.14307
14661,10.4483
14662,9.4567
14663,9.78809
14664,11.7975
14665,10.8035
14666,8.62478
14667,7.68398
14668,7.74015
14669,10.204
14670,6.29488
14671,8.39413
14672,10.655
14673,11.3215
14674,9.59535
14675,12.7447
14676,9.74281
14677,10.9315
14678,7.95944
14679,10.8547
14680,8.82671
14681,13.2909
14682,13.1355
14683,9.20641
14684,7.30389
14685,9.23961
14686,10.0164
14687,8.78095
14688,10.595
14689,10.4728
14690,10.5694
14691,9.75579
14692,11.1429
14693,11.9219
14694,10.0045
14695,6.39133
14696,5.61154
14697,8.69898
14698,10.6887
14699,8.67078
14700,8.24538
14701,8.58916
14702,7.79438
14703,11.0577
14704,11.0946
14705,8.1862
14706,5.6324
14707,9.88277
14708,8.9258
14709,8.83505
14710,7.50444
14711,10.6475
14712,9.46389
14713,10.6446
14714,9.08204
14715,10.6237
14716,9.87983
14717,8.29785
14718,10.6684
14719,9.1557
14720,7.89542
14721,13.7066
14722,9.92473
14723,10.6901
14724,10.7946
14725,7.06232
14726,12.0805
14727,8.31275
14728,11.3212
14729,10.0497
14730,8.90436
14731,9.00044
14732,9.14369
14733,6.73725
14734,6.99332
14735,11.0979
14736,8.15662
14737,10.1359
14738,8.65775
14739,11.7352
14740,9.13431
14741,9.57454
14742,9.74196
14743,11.2897
14744,10.3658
14745,10.4477
14746,10.552
14747,7.75071
14748,11.5119
14749,12.9951
14750,9.60785
14751,10.3433
14752,9.81684
14753,11.9598
14754,10.7086
14755,10.9772
14756,8.18125
14757,10.6687
14758,6.53918
14759,14.6593
14760,11.4155
14761,10.091
14762,8.47259
14763,10.2767
14764,11.4339
14765,10.8739
14766,6.34049
14767,9.43288
14768,13.4637
14769,11.5246
14770,9.03074
14771,9.17143
14772,16.3845
14773,12.4439
14774,10.4836
14775,12.6111
14776,9.68716
14777,8.03346
14778,10.6616
14779,12.0902
14780,10.1009
14781,10.702
14782,14.7267
14783,12.1875
14784,9.39428
14785,7.64202
14786,7.71312
14787,8.154
14788,13.3781
14789,7.75085
14790,7.97984
14791,11.2363
14792,10.3507
14793,11.1927
14794,9.38364
14795,9.00397
14796,9.32963
14797,10.4844
14798,9.06865
14799,10.3633
14800,10.1153
14801,8.31339
14802,17.5642
14803,9.83679
14804,12.0107
14805,7.30181
14806,11.6713
14807,12.0837
14808,9.11542
14809,5.95833
14810,11.7509
14811,10.8893
14812,6.13753
14813,7.1509
14814,6.67038
14815,9.72386
14816,8.45748
14817,9.08374
14818,9.09217
14819,8.15299
14820,12.9009
14821,11.0422
14822,8.21237
14823,9.2208
14824,8.26151
14825,9.46936
14826,11.5291
14827,8.70641
14828,10.0773
14829,15.6148
14830,12.3558
14831,8.91845
14832,11.3318
14833,13.3506
14834,14.822
14835,16.9318
14836,16.2505
14837,12.5341
14838,9.57609
14839,10.4546
14840,7.98018
14841,10.4559
14842,12.6886
14843,8.80473
14844,9.38396
14845,9.53922
14846,10.0878
14847,8.23134
14848,9.59915
14849,12.6043
14850,10.4477
14851,10.514
14852,13.1518
14853,8.94432
14854,9.74125
14855,8.06482
14856,8.59129
14857,8.74572
14858,10.8063
14859,13.9435
14860,9.29295
14861,9.7942
14862,10.8517
14863,12.1219
14864,9.66634
14865,15.5926
14866,7.79978
14867,5.62111
14868,9.2591
14869,6.4535
14870,10.6918
14871,7.89249
14872,13.0805
14873,11.3377
14874,11.3024
14875,8.51436
14876,8.57966
14877,7.64765
14878,10.1108
14879,8.23023
14880,11.3816
14881,9.06134
14882,14.4058
14883,8.5012
14884,9.47844
14885,12.5882
14886,11.8402
14887,6.8791
14888,12.1814
14889,12.3094
14890,7.4297
14891,12.9404
14892,7.50291
14893,14.7315
14894,7.25103
14895,8.29106
14896,12.6012
14897,10.6789
14898,9.68731
14899,8.36163
14900,8.95016
14901,11.0359
14902,13.0543
14903,13.6295
14904,11.6276
14905,6.84393
14906,14.2145
14907,13.2229
14908,8.45208
14909,12.9323
14910,15.2337
14911,11.6069
14912,7.84613
14913,10.5387
14914,8.68949
14915,10.2474
14916,10.343
14917,10.459
14918,12.4592
14919,8.28304
14920,9.4699
14921,8.19489
14922,10.8271
14923,9.00901
14924,9.56829
14925,9.54939
14926,7.55782
14927,7.94501
14928,13.7969
14929,11.0441
14930,6.06691
14931,9.13542
14932,9.24335
14933,9.94688
14934,8.71681
14935,10.7364
14936,8.96383
14937,7.49088
14938,5.76428
14939,8.85794
14940,8.17477
14941,11.5895
14942,8.82507
14943,11.9029
14944,11.5431
14945,13.8405
14946,9.20989
14947,12.6004
14948,10.8284
14949,11.2545
14950,10.438
14951,10.4734
14952,12.5349
14953,10.7302
14954,11.2701
14955,7.67333
14956,15.8079
14957,11.0045
14958,8.07421
14959,10.1001
14960,8.78152
14961,7.66627
14962,8.50673
14963,10.1624
14964,10.6918
14965,11.1326
14966,8.46171
14967,11.6921
14968,10.7371
14969,9.23394
14970,12.2651
14971,10.6211
14972,13.0926
14973,13.7066
14974,7.82662
14975,9.23872
14976,10.3183
14977,10.3408
14978,9.57096
14979,8.66641
14980,7.11572
14981,9.02804
14982,12.0223
14983,10.7342
14984,11.2953
14985,9.56171
14986,8.57141
14987,11.1753
14988,10.2453
14989,7.29241
14990,9.57292
14991,10.7127
14992,9.77604
14993,9.10372
14994,11.0543
14995,10.0823
14996,10.1069
14997,5.29878
14998,12.9578
14999,10.36
15000,10.3082
15001,9.04542
15002,9.77334
15003,10.9606
15004,7.19155
15005,10.3613
15006,10.4428
15007,11.5351
15008,8.5435
15009,12.7198
15010,10.8679
15011,11.7962
15012,20.0682
15013,11.2162
15014,12.8047
15015,6.95339
15016,7.73002
15017,8.22288
15018,9.16361
15019,9.29365
15020,9.65029
15021,10.9334
15022,8.98994
15023,11.1267
15024,8.61786
15025,10.2992
15026,8.50608
15027,9.79032
15028,9.88615
15029,7.44494
15030,8.82688
15031,8.15002
15032,8.22543
15033,9.46101
15034,9.72959
15035,9.87078
15036,10.0904
15037,13.0089
15038,11.6295
15039,11.8567
15040,10.0371
15041,8.01081
15042,11.1794
15043,10.9767
15044,9.7988
15045,10.5608
15046,8.35003
15047,11.1116
15048,10.3742
15049,10.746
15050,7.50331
15051,11.8446
15052,12.382
15053,11.5916
15054,11.9918
15055,9.54687
15056,9.08613
15057,9.11324
15058,10.5003
15059,10.7949
15060,11.3027
15061,12.0774
15062,10.7142
15063,8.19651
15064,7.45941
15065,15.6977
15066,9.78783
15067,7.39636
15068,11.6081
15069,8.93521
15070,10.0078
15071,10.3846
15072,10.6338
15073,9.51361
15074,10.1602
15075,10.5416
15076,10.5823
15077,7.59601
15078,9.99562
15079,10.1965
15080,8.39019
15081,8.23592
15082,8.31372
15083,12.5678
15084,8.7028
15085,8.98009
15086,8.87299
15087,9.20985
15088,8.54415
15089,8.94933
15090,7.61099
15091,8.34084
15092,10.0464
15093,11.2652
15094,11.4041
15095,11.2155
15096,10.3264
15097,9.68438
15098,11.9808
15099,13.8344
15100,11.2577
15101,11.3792
15102,8.61426
15103,6.63816
15104,9.72289
15105,9.43642
15106,6.76472
15107,7.506
15108,8.92353
15109,10.8996
15110,11.2399
15111,10.333
15112,9.50112
15113,11.5786
15114,9.84256
15115,11.2115
15116,11.5758
15117,11.704
15118,6.7166
15119,9.93496
15120,14.7121
15121,12.7205
15122,15.8908
15123,11.3144
15124,11.0449
15125,8.63249
15126,10.9211
15127,10.8918
15128,11.045
15129,8.50012
15130,6.30701
15131,8.66865
15132,7.68201
15133,10.3357
15134,9.88774
15135,11.2932
15136,10.3042
15137,8.70685
15138,9.42596
15139,9.47798
15140,9.58877
15141,11.7243
15142,10.9384
15143,17.2419
15144,14.2441
15145,14.399
15146,8.50033
15147,11.8801
15148,9.69817
15149,9.23529
15150,10.8646
15151,9.06777
15152,8.28094
15153,10.3127
15154,9.35199
15155,9.51829
15156,8.04666
15157,10.625
15158,9.74756
15159,10.9457
15160,11.431
15161,9.35737
15162,7.82422
15163,8.04168
15164,8.95238
15165,8.96081
15166,10.1193
15167,10.146
15168,6.32123
15169,10.6948
15170,11.2515
15171,8.09583
15172,6.61273
15173,12.3385
15174,12.4688
15175,7.47723
15176,11.7502
15177,10.7848
15178,9.97713
15179,10.0906
15180,7.98693
15181,7.18966
15182,9.40245
15183,13.8544
15184,8.62152
15185,9.1308
15186,7.14195
15187,11.1691
15188,9.58596
15189,8.43076
15190,8.8499
15191,8.88199
15192,9.64402
15193,11.7892
15194,9.98452
15195,10.0419
15196,10.102
15197,14.311
15198,12.5546
15199,8.31355
15200,8.76814
15201,11.0579
15202,6.64996
15203,14.8983
15204,12.9294
15205,13.3666
15206,10.8788
15207,13.6899
15208,10.0037
15209,8.81597
15210,8.8872
15211,7.60226
15212,9.69162
15213,9.0275
15214,8.93779
15215,7.0515
15216,9.05993
15217,7.97191
15218,12.2442
15219,8.3895
15220,10.5704
15221,6.60356
15222,8.93381
15223,10.2889
15224,10.5297
15225,10.5677
15226,7.98125
15227,8.39669
15228,7.99942
15229,13.1359
15230,9.23403
15231,13.7192
15232,13.8761
15233,10.9514
15234,12.3638
15235,7.77071
15236,9.80531
15237,7.35381
15238,7.52345
15239,9.54346
15240,10.3168
15241,10.4884
15242,11.6428
15243,10.0377
15244,7.79026
15245,10.3093
15246,12.7142
15247,14.0337
15248,11.2253
15249,7.55707
15250,11.4397
15251,12.8464
15252,8.4571
15253,9.59567
15254,9.05961
15255,9.37083
15256,9.49872
15257,11.7048
15258,10.7743
15259,9.865
15260,11.0378
15261,10.1505
15262,8.62531
15263,8.95347
15264,7.47098
15265,13.418
15266,6.93354
15267,13.1281
15268,10.0049
15269,9.18162
15270,8.59107
15271,11.8803
15272,11.3373
15273,8.87167
15274,10.0798
15275,5.40521
15276,9.82891
15277,14.1894
15278,7.72952
15279,11.6885
15280,14.7049
15281,11.7509
15282,9.06596
15283,10.1143
15284,12.1677
15285,7.55315
15286,6.87943
15287,9.13243
15288,12.8766
15289,11.8073
15290,11.8239
15291,11.3778
15292,8.47234
15293,9.4179
15294,9.48994
15295,10.0315
15296,13.553
15297,10.7669
15298,11.8288
15299,12.4025
15300,12.8975
15301,14.2465
15302,9.50169
15303,8.95593
15304,7.91285
15305,10.9498
15306,11.6542
15307,10.7272
15308,8.80191
15309,8.13659
15310,11.4598
15311,12.4722
15312,7.53181
15313,7.98107
15314,7.65069
15315,8.66796
15316,8.5439
15317,10.1152
15318,9.40263
15319,11.176
15320,8.28862
15321,11.8515
15322,11.4017
15323,11.6122
15324,12.938
15325,13.2464
15326,13.7083
15327,12.0101
15328,8.97284
15329,15.031
15330,5.45434
15331,11.715
15332,10.2302
15333,11.443
15334,11.974
15335,11.9824
15336,12.151
15337,13.5204
15338,8.82372
15339,6.10576
15340,7.08925
15341,12.1803
15342,9.59639
15343,9.86631
15344,8.89781
15345,9.1125
15346,11.9793
15347,10.0218
15348,15.28
15349,8.55676
15350,11.5892
15351,11.9897
15352,8.27821
15353,8.34718
15354,10.7408
15355,9.19833
15356,7.74571
15357,8.65212
15358,14.3381
15359,10.4883
15360,11.6789
15361,8.99342
15362,11.173
15363,7.6587
15364,7.94385
15365,8.79724
15366,7.63265
15367,8.98583
15368,13.5747
15369,6.72512
15370,15.9512
15371,9.96339
15372,7.72995
15373,12.9781
15374,7.96489
15375,9.43382
15376,10.4157
15377,12.4198
15378,7.38698
15379,7.16603
15380,11.1745
15381,8.63677
15382,9.26662
15383,8.52423
15384,7.28516
15385,10.4373
15386,8.91758
15387,10.0376
15388,13.5135
15389,7.97158
15390,10.2062
15391,8.3635
15392,9.56986
15393,9.16331
15394,10.6506
15395,12.5882
15396,14.9103
15397,12.2111
15398,10.3976
15399,8.84301
15400,11.9174
15401,7.49391
15402,8.29398
15403,8.56613
15404,9.09783
15405,13.1063
15406,14.4361
15407,8.05225
15408,11.3037
15409,14.5125
15410,9.9484
15411,10.8004
15412,8.20599
15413,15.3253
15414,8.4522
15415,12.1943
15416,9.33694
15417,10.6376
15418,7.96206
15419,10.0987
15420,11.3063
15421,11.3311
15422,11.9723
15423,8.54435
15424,11.1463
15425,14.195
15426,11.9241
15427,14.3674
15428,12.4229
15429,8.45879
15430,10.5211
15431,12.7566
15432,8.80242
15433,13.4089
15434,9.48323
15435,9.89371
15436,8.29983
15437,8.30827
15438,10.5768
15439,10.7395
15440,6.87998
15441,9.38246
15442,12.2115
15443,12.5402
15444,8.84493
15445,11.6295
15446,8.90104
15447,9.05988
15448,10.1138
15449,11.1463
15450,10.5213
15451,14.6171
15452,11.0873
15453,11.1159
15454,11.2926
15455,12.0492
15456,9.5966
15457,13.3298
15458,12.7478
15459,13.8766
15460,11.1033
15461,8.26458
15462,8.66194
15463,8.71555
15464,11.4343
15465,7.50402
15466,11.5583
15467,12.602
15468,9.07038
15469,9.22065
15470,9.63291
15471,6.69936
15472,7.8464
15473,10.0249
15474,10.2051
15475,10.3778
15476,11.3819
15477,11.4617
15478,12.9705
15479,11.1216
15480,10.2728
15481,12.4283
15482,11.2276
15483,8.78781
15484,9.45454
15485,8.58552
15486,11.1025
15487,10.6863
15488,8.91914
15489,10.015
15490,10.9904
15491,13.2006
15492,8.81755
15493,14.5647
15494,9.63131
15495,9.67006
15496,9.76204
15497,10.7712
15498,11.0686
15499,13.1406
15500,7.88324
15501,8.94891
15502,8.46695
15503,9.85327
15504,9.23974
15505,6.67384
15506,7.47292
15507,13.7991
15508,10.9754
15509,8.34255
15510,8.64334
15511,11.9398
15512,11.0552
15513,12.7921
15514,12.1798
15515,9.42799
15516,11.8214
15517,10.7331
15518,10.3609
15519,11.5115
15520,7.5885
15521,7.75023
15522,7.21038
15523,10.7994
15524,8.96533
15525,12.9738
15526,11.7358
15527,15.0478
15528,10.5002
15529,16.5176
15530,9.11004
15531,12.3566
15532,9.67857
15533,8.89465
15534,6.35983
15535,9.55964
15536,18.0519
15537,7.73771
15538,9.17696
15539,9.48447
15540,10.0794
15541,11.1783
15542,10.224
15543,9.24011
15544,8.83909
15545,12.0749
15546,12.5676
15547,9.97198
15548,7.84456
15549,11.7163
15550,9.0432
15551,11.1831
15552,11.1916
15553,14.3095
15554,7.54033
15555,8.02533
15556,11.0967
15557,11.7771
15558,6.83946
15559,11.6793
15560,11.78
15561,10.331
15562,7.8662
15563,7.15817
15564,7.31307
15565,7.80923
15566,8.87273
15567,11.5953
15568,14.7798
15569,8.80771
15570,9.41271
15571,9.7532
15572,9.80089
15573,10.0368
15574,10.8718
15575,10.8803
15576,13.3
15577,7.68214
15578,8.11533
15579,12.6503
15580,10.1077
15581,9.25415
15582,10.3162
15583,10.5361
15584,10.5473
15585,10.8214
15586,12.0307
15587,14.4604
15588,8.49497
15589,12.584
15590,7.41821
15591,8.67794
15592,8.71212
15593,11.1855
15594,8.28781
15595,12.403
15596,10.3453
15597,13.5816
15598,10.6516
15599,12.1565
15600,11.2474
15601,9.67229
15602,11.8643
15603,11.4614
15604,9.03957
15605,9.28284
15606,9.785
15607,10.3934
15608,11.4399
15609,7.06479
15610,8.54747
15611,8.80598
15612,15.2646
15613,10.8083
15614,8.61056
15615,9.13228
15616,10.2341
15617,9.5175
15618,12.6002
15619,7.34908
15620,7.41312
15621,10.6486
15622,7.21697
15623,13.5628
15624,7.95249
15625,8.1513
15626,10.4592
15627,10.4747
15628,8.53007
15629,9.01414
15630,9.59235
15631,9.01819
15632,12.523
15633,12.0314
15634,9.54851
15635,9.44367
15636,10.2273
15637,11.0651
15638,7.66289
15639,13.5202
15640,10.1709
15641,8.27945
15642,14.3667
15643,8.55088
15644,13.417
15645,11.9534
15646,10.0671
15647,6.2999
15648,10.9537
15649,11.0872
15650,9.07705
15651,11.3302
15652,11.7705
15653,9.63069
15654,13.9088
15655,7.98263
15656,8.09483
15657,8.5694
15658,8.74224
15659,8.96955
15660,6.81831
15661,8.96416
15662,10.1858
15663,12.1328
15664,6.39513
15665,10.8129
15666,8.45938
15667,6.62391
15668,8.71867
15669,8.90541
15670,8.9687
15671,10.9944
15672,8.34355
15673,9.54185
15674,10.7992
15675,10.1077
15676,10.1519
15677,10.9327
15678,11.235
15679,11.2967
15680,11.4452
15681,7.77099
15682,7.87559
15683,12.1079
15684,8.54811
15685,12.3584
15686,9.41074
15687,9.59694
15688,9.77628
15689,8.03946
15690,10.067
15691,10.2472
15692,10.3357
15693,10.4843
15694,14.5145
15695,11.0108
15696,11.1267
15697,11.4529
15698,11.8619
15699,12.1058
15700,10.5996
15701,12.8112
15702,8.87365
15703,8.34389
15704,9.63044
15705,9.11214
15706,11.0377
15707,11.6867
15708,11.7213
15709,9.74524
15710,8.91549
15711,12.6975
15712,9.22704
15713,10.2952
15714,8.56579
15715,8.61349
15716,8.65407
15717,9.68688
15718,7.37498
15719,7.10594
15720,8.45259
15721,10.8244
15722,8.66216
15723,8.97487
15724,9.64995
15725,8.28066
15726,11.7937
15727,12.4471
15728,9.96284
15729,10.6172
15730,7.84102
15731,8.04541
15732,12.1087
15733,10.9123
15734,8.4908
15735,9.60038
15736,8.75241
15737,11.4581
15738,8.74498
15739,12.0906
15740,10.4105
15741,7.55661
15742,10.9172
15743,15.4366
15744,12.9059
15745,14.8921
15746,10.3515
15747,16.7773
15748,8.90183
15749,8.13627
15750,9.77163
15751,9.09666
15752,8.11838
15753,10.1268
15754,10.6131
15755,9.7242
15756,10.1389
15757,11.3544
15758,13.5454
15759,10.777
15760,12.2528
15761,13.1798
15762,10.944
15763,8.24465
15764,8.28174
15765,10.3799
15766,8.61468
15767,6.9758
15768,9.79828
15769,8.18241
15770,8.46929
15771,7.82589
15772,7.85701
15773,8.13241
15774,8.55427
15775,13.1499
15776,9.47639
15777,9.93296
15778,10.1624
15779,9.78575
15780,8.99897
15781,8.21655
15782,10.2479
15783,10.3306
15784,10.5458
15785,9.65466
15786,9.01497
15787,7.79751
15788,11.044
15789,8.82336
15790,11.8318
15791,11.9544
15792,11.0534
15793,11.3833
15794,10.7534
15795,10.5945
15796,7.49974
15797,11.7085
15798,8.89796
15799,14.3561
15800,7.95716
15801,12.1086
15802,9.20211
15803,11.348
15804,11.5204
15805,11.7796
15806,12.7536
15807,9.96599
15808,10.2939
15809,13.31
15810,10.6696
15811,8.69969
15812,11.072
15813,12.66
15814,9.73826
15815,12.008
15816,11.7996
15817,13.6145
15818,7.87475
15819,9.09368
15820,9.13273
15821,5.44687
15822,10.3094
15823,7.97231
15824,10.3899
15825,6.82241
15826,8.78342
15827,11.0565
15828,13.6968
15829,12.8905
15830,8.94183
15831,9.78727
15832,8.39471
15833,8.95006
15834,9.02263
15835,9.20426
15836,10.1624
15837,12.615
15838,10.8922
15839,9.91965
15840,7.12715
15841,9.90805
15842,9.41316
15843,10.7529
15844,9.34695
15845,11.821
15846,15.6314
15847,13.766
15848,10.0205
15849,8.20382
15850,12.9673
15851,9.9124
15852,10.4034
15853,14.7812
15854,11.3086
15855,12.666
15856,7.86119
15857,11.4888
15858,13.6319
15859,10.7124
15860,9.85166
15861,13.869
15862,17.1428
15863,9.65653
15864,9.51143
15865,11.1207
15866,10.2423
15867,11.8438
15868,11.2239
15869,11.3405
15870,11.4469
15871,15.1682
15872,11.5108
15873,8.86666
15874,14.0217
15875,11.0438
15876,8.27795
15877,8.39367
15878,7.7786
15879,9.99871
15880,10.1069
15881,6.5537
15882,7.11605
15883,12.8365
15884,11.3149
15885,12.2958
15886,12.4568
15887,11.7872
15888,7.05458
15889,7.24741
15890,8.42141
15891,7.6305
15892,6.8931
15893,12.3797
15894,8.4161
15895,14.52
15896,9.81094
15897,9.81937
15898,8.94047
15899,11.1059
15900,7.34605
15901,10.4442
15902,12.7708
15903,7.79808
15904,8.97138
15905,9.1537
15906,9.721
15907,7.44985
15908,8.65817
15909,9.25834
15910,10.5089
15911,10.8699
15912,11.94
15913,7.55339
15914,7.77808
15915,8.44229
15916,8.23141
15917,13.814
15918,9.55948
15919,10.2939
15920,10.5448
15921,6.1111
15922,11.3671
15923,14.3755
15924,10.6493
15925,8.81562
15926,11.972
15927,12.8792
15928,10.051
15929,10.0908
15930,14.7766
15931,9.02287
15932,9.30558
15933,10.3415
15934,13.7005
15935,10.1605
15936,7.78317
15937,6.98912
15938,9.94669
15939,9.6483
15940,13.0139
15941,9.29937
15942,8.68918
15943,8.62314
15944,9.18756
15945,11.2659
15946,8.70141
15947,10.1689
15948,8.35429
15949,12.5211
15950,8.88284
15951,10.9303
15952,6.97379
15953,9.18116
15954,11.2149
15955,11.7251
15956,9.03217
15957,8.57592
15958,11.0248
15959,11.4363
15960,9.69956
15961,7.8528
15962,9.9469
15963,10.1941
15964,7.53895
15965,16.5904
15966,7.72558
15967,12.051
15968,9.56209
15969,9.22245
15970,14.2309
15971,10.4568
15972,10.5504
15973,13.567
15974,11.152
15975,10.2371
15976,13.3171
15977,11.7133
15978,11.0415
15979,15.0946
15980,15.2338
15981,13.4614
15982,11.6415
15983,9.72129
15984,10.5255
15985,10.833
15986,7.99435
15987,10.2323
15988,9.38353
15989,9.49082
15990,9.94594
15991,8.27592
15992,15.1676
15993,10.2967
15994,7.73411
15995,8.42622
15996,8.72006
15997,9.42269
15998,8.61392
15999,8.72862
16000,7.75339
16001,8.80834
16002,8.86344
16003,6.96121
16004,10.3355
16005,9.47264
16006,5.48113
16007,6.82901
16008,10.0033
16009,13.2108
16010,9.65492
16011,8.80196
16012,9.98071
16013,12.1127
16014,11.1504
16015,11.7657
16016,7.99778
16017,8.35444
16018,12.4015
16019,8.41341
16020,10.4653
16021,8.56662
16022,6.661
16023,9.31183
16024,9.45382
16025,9.76881
16026,11.8524
16027,10.4726
16028,6.75046
16029,10.9361
16030,11.2764
16031,11.6692
16032,12.3442
16033,12.5301
16034,10.6626
16035,6.93646
16036,12.9544
16037,7.96549
16038,16.0253
16039,13.6416
16040,9.00368
16041,10.3614
16042,7.74014
16043,11.0232
16044,8.20337
16045,7.49853
16046,10.5042
16047,9.40126
16048,12.2375
16049,11.7084
16050,9.85952
16051,6.29984
16052,8.7071
16053,8.70493
16054,15.3365
16055,15.846
16056,15.8928
16057,10.4996
16058,10.0062
16059,9.43977
16060,10.0285
16061,13.2568
16062,10.6485
16063,8.23103
16064,11.2655
16065,11.3659
16066,8.24034
16067,7.83886
16068,7.35326
16069,9.48638
16070,9.53377
16071,9.61532
16072,7.58337
16073,9.0087
16074,12.1854
16075,9.86557
16076,9.99174
16077,9.22565
16078,12.6054
16079,13.3967
16080,9.53319
16081,7.65531
16082,9.04713
16083,9.45648
16084,8.79277
16085,9.92918
16086,10.6139
16087,10.5062
16088,8.54129
16089,13.4443
16090,10.4527
16091,10.2198
16092,10.5204
16093,6.95011
16094,9.97246
16095,11.3608
16096,13.7678
16097,13.0487
16098,10.162
16099,8.34392
16100,9.2745
16101,10.3415
16102,13.1921
16103,8.32376
16104,8.58969
16105,7.12224
16106,9.35223
16107,13.0002
16108,10.203
16109,9.18642
16110,9.21119
16111,8.3002
16112,12.5305
16113,8.84654
16114,13.0668
16115,11.1754
16116,10.0284
16117,8.57897
16118,11.0823
16119,12.1474
16120,11.3045
16121,12.0267
16122,10.6133
16123,16.222
16124,12.3579
16125,8.71658
16126,9.73062
16127,11.182
16128,8.52079
16129,8.95778
16130,9.90584
16131,10.1737
16132,10.8841
16133,13.2264
16134,10.5141
16135,9.92374
16136,8.9473
16137,11.1304
16138,12.8544
16139,14.0682
16140,9.07666
16141,14.1741
16142,9.05427
16143,11.3756
16144,8.43734
16145,10.4078
16146,9.57523
16147,9.23076
16148,9.94371
16149,10.1214
16150,8.13658
16151,8.46367
16152,8.48925
16153,11.7297
16154,9.73812
16155,14.8267
16156,9.06617
16157,9.51238
16158,6.8386
16159,8.12472
16160,8.23738
16161,8.78045
16162,10.8061
16163,8.81452
16164,8.86522
16165,12.1204
16166,10.6982
16167,11.5452
16168,11.6488
16169,8.93244
16170,9.98528
16171,9.70142
16172,12.8449
16173,13.3022
16174,9.89892
16175,8.71292
16176,14.7587
16177,8.87468
16178,12.1382
16179,11.1466
16180,9.16985
16181,10.3336
16182,11.2393
16183,10.3875
16184,13.7589
16185,9.72043
16186,6.96697
16187,9.79457
16188,9.86708
16189,7.01991
16190,7.45375
16191,9.75346
16192,9.7733
16193,8.04779
16194,11.8291
16195,13.0372
16196,7.72301
16197,10.2492
16198,8.89646
16199,8.48884
16200,11.7359
16201,11.987
16202,8.29962
16203,8.55699
16204,7.69729
16205,11.7727
16206,13.1768
16207,9.23723
16208,9.77609
16209,12.8988
16210,8.22706
16211,7.51753
16212,13.1664
16213,13.2383
16214,11.5574
16215,11.6608
16216,11.9869
16217,9.02262
16218,9.94984
16219,9.88083
16220,4.9673
16221,15.1999
16222,9.34359
16223,9.47169
16224,9.82303
16225,10.6231
16226,8.29168
16227,13.3957
16228,9.72047
16229,7.93823
16230,10.2371
16231,8.87029
16232,8.59892
16233,10.0573
16234,8.30506
16235,8.9592
16236,9.83698
16237,10.0355
16238,10.1802
16239,8.18863
16240,10.5529
16241,9.68423
16242,14.6971
16243,9.07619
16244,8.89389
16245,12.0235
16246,14.017
16247,10.6895
16248,13.6979
16249,12.2575
16250,9.47522
16251,10.07
16252,13.3883
16253,8.77548
16254,11.4416
16255,7.89256
16256,8.14402
16257,8.34324
16258,8.60021
16259,12.7511
16260,6.62127
16261,10.1236
16262,9.01041
16263,8.16096
16264,9.28334
16265,11.8839
16266,10.1753
16267,8.28968
16268,7.30756
16269,10.5761
16270,12.6671
16271,7.68413
16272,8.64958
16273,12.0018
16274,12.6182
16275,8.06136
16276,7.09256
16277,7.39312
16278,7.46571
16279,7.97323
16280,10.0366
16281,9.65424
16282,9.90981
16283,10.1293
16284,8.20592
16285,14.3131
16286,10.9818
16287,8.43805
16288,8.96772
16289,10.1517
16290,10.2945
16291,11.7047
16292,10.7131
16293,11.1413
16294,11.2229
16295,9.25534
16296,11.7632
16297,11.8312
16298,9.88754
16299,12.575
16300,8.17352
16301,10.2967
16302,8.61377
16303,11.6649
16304,11.7802
16305,9.00236
16306,9.40544
16307,10.9531
16308,7.20486
16309,10.6384
16310,15.0304
16311,9.49012
16312,11.5142
16313,13.5706
16314,12.6151
16315,8.63983
16316,9.0787
16317,9.81593
16318,12.0967
16319,7.70818
16320,10.8264
16321,10.7098
16322,7.96687
16323,11.0587
16324,7.08633
16325,12.0402
16326,12.6602
16327,7.84162
16328,10.2868
16329,14.7865
16330,8.98549
16331,9.82068
16332,9.86731
16333,10.1663
16334,9.27874
16335,12.9851
16336,10.2105
16337,8.1631
16338,10.5165
16339,10.8561
16340,9.06863
16341,7.16223
16342,10.8845
16343,12.1047
16344,7.60708
16345,8.86571
16346,13.95
16347,8.2757
16348,8.47207
16349,12.3906
16350,9.40183
16351,9.41026
16352,9.76886
16353,12.9847
16354,8.22775
16355,8.40615
16356,9.71653
16357,9.41317
16358,9.88352
16359,6.7481
16360,11.0241
16361,12.4203
16362,9.47286
16363,8.6252
16364,8.9165
16365,9.90961
16366,9.07403
16367,12.4278
16368,9.63922
16369,12.9896
16370,10.4113
16371,7.99519
16372,16.1802
16373,8.29099
16374,11.3381
16375,9.56765
16376,8.73649
16377,8.86124
16378,8.96984
16379,10.0639
16380,11.5527
16381,9.9799
16382,9.49295
16383,15.2686
16384,11.5232
16385,9.96706
16386,8.71621
16387,13.1907
16388,10.222
16389,10.4506
16390,10.7683
16391,10.797
16392,7.13376
16393,8.82137
16394,10.4909
16395,8.92986
16396,12.5806
16397,8.81525
16398,9.02787
16399,9.56924
16400,11.9214
16401,7.45929
16402,8.416
16403,7.46102
16404,13.4853
16405,9.85655
16406,10.2781
16407,11.6711
16408,6.87209
16409,8.98639
16410,7.56957
16411,12.7347
16412,10.0061
16413,13.388
16414,14.5113
16415,9.56435
16416,9.59986
16417,12.2911
16418,12.698
16419,11.3232
16420,15.5468
16421,16.6379
16422,9.30392
16423,8.56784
16424,10.8056
16425,9.02888
16426,9.26375
16427,10.7663
16428,6.79704
16429,9.85043
16430,10.5187
16431,11.8198
16432,9.01093
16433,9.31418
16434,9.63551
16435,9.68841
16436,11.597
16437,15.5827
16438,7.94083
16439,12.0888
16440,7.45183
16441,8.88281
16442,10.779
16443,10.4707
16444,11.9035
16445,8.18926
16446,14.3482
16447,8.05276
16448,6.37508
16449,8.50581
16450,10.2672
16451,9.18898
16452,11.2859
16453,10.8477
16454,11.0231
16455,10.3367
16456,15.1853
16457,9.12989
16458,8.43174
16459,9.46975
16460,11.3186
16461,12.5481
16462,7.73971
16463,7.95762
16464,11.1824
16465,8.26362
16466,8.47895
16467,9.53173
16468,12.6654
16469,9.22231
16470,8.57
16471,11.8712
16472,11.5235
16473,11.5847
16474,8.7899
16475,7.21641
16476,12.8531
16477,10.8099
16478,12.4705
16479,8.33554
16480,11.5565
16481,14.1761
16482,8.65184
16483,13.0451
16484,8.64272
16485,11.9033
16486,10.3661
16487,12.8374
16488,8.86242
16489,11.1419
16490,10.3521
16491,7.48888
16492,7.63446
16493,10.0013
16494,13.2229
16495,10.514
16496,8.24313
16497,11.7282
16498,10.8765
16499,14.9269
16500,11.9653
16501,12.7428
16502,8.0312
16503,9.44587
16504,10.5409
16505,8.50301
16506,8.55579
16507,13.7223
16508,10.1914
16509,10.9996
16510,14.0265
16511,9.42998
16512,10.7299
16513,10.0645
16514,7.07291
16515,10.3258
16516,12.6721
16517,8.52333
16518,8.76462
16519,8.91663
16520,12.2385
16521,9.80214
16522,6.84271
16523,12.282
16524,12.8081
16525,9.12905
16526,9.70611
16527,10.7747
16528,8.78115
16529,11.0519
16530,8.62614
16531,9.54263
16532,9.89492
16533,11.1259
16534,8.12054
16535,11.4657
16536,6.13258
16537,10.1494
16538,8.28932
16539,6.8558
16540,7.99747
16541,9.01555
16542,10.2777
16543,10.5532
16544,10.7129
16545,10.8796
16546,9.94277
16547,10.9648
16548,11.4514
16549,7.48757
16550,11.5234
16551,11.5674
16552,6.95288
16553,12.4034
16554,12.6617
16555,9.72523
16556,9.86901
16557,10.2386
16558,9.83124
16559,11.2105
16560,12.3308
16561,11.8059
16562,7.82304
16563,11.1089
16564,9.88041
16565,11.8962
16566,9.04278
16567,9.3964
16568,10.4294
16569,8.64767
16570,7.52523
16571,9.65676
16572,11.9134
16573,9.94512
16574,10.2444
16575,8.36507
16576,9.37562
16577,7.04371
16578,8.40296
16579,12.9442
16580,9.40682
16581,7.47093
16582,12.5616
16583,9.68359
16584,12.3465
16585,6.87133
16586,10.0563
16587,6.7085
16588,6.78809
16589,6.80334
16590,13.9028
16591,7.41235
16592,10.4381
16593,8.67419
16594,14.7589
16595,7.89953
16596,11.1172
16597,9.21165
16598,8.37449
16599,11.5781
16600,10.9422
16601,8.96735
16602,10.057
16603,10.1138
16604,11.2932
16605,9.33307
16606,10.5362
16607,12.6393
16608,10.7741
16609,10.0141
16610,10.9648
16611,13.2741
16612,13.4817
16613,11.7139
16614,11.7372
16615,7.0447
16616,14.13
16617,12.1453
16618,12.564
16619,7.61307
16620,13.4362
16621,9.46418
16622,9.58353
16623,16.4056
16624,13.0667
16625,11.3043
16626,10.9897
16627,8.06153
16628,12.5592
16629,8.56759
16630,11.9662
16631,13.1071
16632,9.30473
16633,7.32698
16634,9.43938
16635,8.32981
16636,11.5032
16637,8.61556
16638,7.80088
16639,12.0033
16640,11.9369
16641,9.09019
16642,8.52799
16643,10.73
16644,7.8437
16645,11.9197
16646,10.1061
16647,13.5149
16648,11.689
16649,10.3167
16650,12.4531
16651,10.6854
16652,6.74047
16653,16.4207
16654,7.17389
16655,7.30978
16656,8.8024
16657,7.8277
16658,7.90512
16659,8.14705
16660,8.45851
16661,8.55517
16662,9.67979
16663,9.20773
16664,9.55847
16665,10.7521
16666,11.9943
16667,11.1087
16668,10.6496
16669,11.6644
16670,10.6812
16671,11.8396
16672,11.9599
16673,10.3169
16674,8.09833
16675,13.3002
16676,13.4057
16677,8.96065
16678,9.12702
16679,14.8135
16680,8.10818
16681,11.8964
16682,12.0368
16683,7.64217
16684,9.912
16685,11.1732
16686,8.61121
16687,8.80095
16688,6.30846
16689,10.7437
16690,10.146
16691,9.2533
16692,8.40443
16693,12.4913
16694,10.5091
16695,9.29534
16696,10.5896
16697,11.7576
16698,7.8246
16699,8.96434
16700,12.9413
16701,7.18345
16702,13.934
16703,9.22533
16704,9.27207
16705,8.9551
16706,9.1125
16707,5.26099
16708,10.5514
16709,13.0023
16710,7.72852
16711,8.29589
16712,7.64689
16713,9.08409
16714,18.096
16715,10.8034
16716,10.8745
16717,13.832
16718,10.5502
16719,9.58941
16720,8.96161
16721,11.5631
16722,12.2484
16723,12.2972
16724,8.4287
16725,12.6352
16726,9.73019
16727,14.077
16728,11.2692
16729,9.14216
16730,9.53463
16731,9.56312
16732,10.5735
16733,10.3932
16734,11.5418
16735,11.2352
16736,9.12399
16737,6.20537
16738,10.4954
16739,8.72653
16740,11.7637
16741,8.79501
16742,9.08689
16743,6.47508
16744,7.75518
16745,11.8759
16746,10.1837
16747,8.20143
16748,8.3889
16749,9.05525
16750,13.5218
16751,9.59689
16752,9.79067
16753,10.1569
16754,10.4816
16755,10.96
16756,8.26708
16757,8.29478
16758,11.5874
16759,6.80677
16760,9.13688
16761,10.1903
16762,9.32732
16763,9.33782
16764,10.8985
16765,12.0403
16766,9.67512
16767,14.6888
16768,10.1042
16769,9.49827
16770,6.04014
16771,12.1492
16772,16.403
16773,7.42433
16774,8.47158
16775,8.8285
16776,9.04789
16777,9.13373
16778,9.28515
16779,9.29359
16780,9.35168
16781,9.65764
16782,13.5178
16783,6.9232
16784,11.2371
16785,9.66919
16786,10.4931
16787,12.787
16788,12.8575
16789,13.4604
16790,13.6736
16791,10.0515
16792,10.1877
16793,14.4425
16794,10.4816
16795,7.93155
16796,11.5005
16797,11.5924
16798,9.06129
16799,9.49441
16800,13.2723
16801,10.4406
16802,10.3488
16803,10.8596
16804,9.59726
16805,7.90202
16806,13.1676
16807,8.98211
16808,7.66031
16809,10.4558
16810,8.09992
16811,8.23177
16812,5.71308
16813,10.0665
16814,10.2988
16815,12.9553
16816,12.1566
16817,12.165
16818,10.3842
16819,13.7234
16820,7.1221
16821,9.5835
16822,8.2599
16823,13.7815
16824,8.84397
16825,9.30902
16826,9.44731
16827,7.81744
16828,10.6287
16829,5.33652
16830,10.8135
16831,11.5304
16832,11.964
16833,8.32742
16834,12.6595
16835,8.69141
16836,15.1156
16837,8.48078
16838,8.51646
16839,8.98739
16840,10.7252
16841,9.12483
16842,10.0333
16843,11.6654
16844,6.72464
16845,10.6381
16846,7.88728
16847,8.30902
16848,9.27535
16849,8.15957
16850,9.24622
16851,10.5388
16852,10.8216
16853,9.13658
16854,10.6406
16855,10.6999
16856,12.9098
16857,10.6043
16858,10.7008
16859,9.49979
16860,9.32386
16861,11.0672
16862,8.46587
16863,9.99577
16864,16.8958
16865,11.2805
16866,9.81129
16867,9.51816
16868,11.351
16869,8.69055
16870,8.83224
16871,10.1431
16872,6.33219
16873,10.4332
16874,9.91135
16875,10.127
16876,8.327
16877,10.0264
16878,10.1188
16879,7.301
16880,9.85608
16881,15.8645
16882,7.67951
16883,8.80319
16884,11.3777
16885,9.92336
16886,10.073
16887,7.55258
16888,9.01229
16889,13.3129
16890,8.42338
16891,9.26393
16892,12.0372
16893,7.97189
16894,8.8858
16895,7.19912
16896,9.23127
16897,8.21348
16898,9.64283
16899,9.65126
16900,10.9167
16901,16.9403
16902,9.19468
16903,11.4008
16904,12.448
16905,11.4962
16906,10.768
16907,11.4471
16908,10.7297
16909,7.55492
16910,8.03289
16911,11.4107
16912,11.9139
16913,7.40275
16914,9.77942
16915,10.893
16916,6.43058
16917,14.0775
16918,9.37232
16919,10.5189
16920,9.78821
16921,6.38991
16922,12.9974
16923,16.0413
16924,9.5648
16925,7.90416
16926,12.0085
16927,9.0374
16928,9.45018
16929,11.7597
16930,11.5622
16931,8.8523
16932,14.0989
16933,10.1073
16934,12.9944
16935,13.6738
16936,6.72825
16937,15.4536
16938,13.9871
16939,8.31672
16940,9.64663
16941,8.76085
16942,10.0727
16943,10.1055
16944,6.0953
16945,8.9377
16946,10.9523
16947,12.0574
16948,8.72399
16949,12.2541
16950,11.4054
16951,6.9812
16952,9.21799
16953,7.73613
16954,10.8571
16955,9.24035
16956,9.28101
16957,13.6115
16958,9.80676
16959,9.8936
16960,8.94878
16961,8.96034
16962,7.02572
16963,12.1964
16964,10.7529
16965,10.5522
16966,9.62603
16967,10.8158
16968,7.0117
16969,8.70204
16970,8.58228
16971,8.614
16972,9.34586
16973,10.1585
16974,10.2609
16975,13.2422
16976,9.94795
16977,7.61331
16978,7.65805
16979,8.60346
16980,9.70026
16981,9.05742
16982,8.12942
16983,9.6003
16984,10.7475
16985,7.42394
16986,12.4967
16987,7.52876
16988,8.04362
16989,10.2276
16990,7.38514
16991,6.58486
16992,8.26865
16993,11.5916
16994,7.90014
16995,9.69914
16996,10.6919
16997,12.3157
16998,11.5049
16999,8.5211
17000,10.2911
17001,12.4938
17002,7.42959
17003,10.7302
17004,14.2449
17005,9.58273
17006,10.8851
17007,14.0134
17008,8.34913
17009,11.068
17010,8.24107
17011,10.162
17012,12.485
17013,11.9307
17014,11.062
17015,6.83961
17016,6.28172
17017,8.07042
17018,10.6322
17019,8.09865
17020,9.20016
17021,10.779
17022,10.952
17023,11.0546
17024,7.87888
17025,10.8733
17026,19.0351
17027,8.061
17028,8.10393
17029,7.77709
17030,8.1748
17031,15.1885
17032,12.454
17033,10.2974
17034,5.94326
17035,7.52004
17036,11.8266
17037,10.0022
17038,10.8088
17039,8.84472
17040,10.9883
17041,10.141
17042,13.1841
17043,11.2317
17044,12.8621
17045,12.6013
17046,7.38012
17047,7.88401
17048,7.53439
17049,9.72291
17050,7.99636
17051,9.1285
17052,10.7761
17053,9.91773
17054,8.93856
17055,12.0535
17056,12.2945
17057,11.2877
17058,16.4809
17059,8.6762
17060,9.06161
17061,10.0635
17062,11.2051
17063,9.67876
17064,8.79726
17065,11.3099
17066,9.805
17067,12.2667
17068,10.7728
17069,12.178
17070,10.1873
17071,8.76136
17072,10.0046
17073,7.882
17074,7.05004
17075,7.27283
17076,11.7559
17077,8.49977
17078,8.52811
17079,9.49886
17080,11.6551
17081,13.0187
17082,8.6351
17083,8.64353
17084,8.42268
17085,13.5606
17086,8.77485
17087,8.83789
17088,9.81278
17089,10.085
17090,16.4384
17091,8.48802
17092,9.61087
17093,9.32238
17094,11.4231
17095,11.5793
17096,10.0302
17097,12.2196
17098,6.31108
17099,6.35972
17100,13.4642
17101,7.98704
17102,12.4514
17103,12.4698
17104,8.96236
17105,9.98236
17106,10.0103
17107,9.16002
17108,10.9646
17109,12.9888
17110,12.0105
17111,12.4311
17112,8.65164
17113,12.787
17114,13.8561
17115,9.91477
17116,11.1009
17117,13.1327
17118,10.2409
17119,10.8142
17120,8.82264
17121,11.0004
17122,11.2265
17123,11.4433
17124,8.602
17125,15.8315
17126,8.61862
17127,6.81694
17128,11.8362
17129,13.0518
17130,11.55
17131,7.93
17132,12.2037
17133,8.50341
17134,12.6174
17135,9.14426
17136,11.2698
17137,13.6327
17138,11.7076
17139,11.9407
17140,10.9266
17141,11.987
17142,12.2745
17143,12.7561
17144,14.9191
17145,9.08092
17146,8.61564
17147,9.26236
17148,9.52266
17149,9.1105
17150,9.11894
17151,7.23869
17152,10.29
17153,9.56141
17154,10.6053
17155,8.10748
17156,11.5341
17157,11.5498
17158,12.0119
17159,12.0703
17160,12.4146
17161,7.52788
17162,10.7097
17163,8.72304
17164,8.88648
17165,14.1514
17166,15.2674
17167,9.61054
17168,10.8483
17169,11.2796
17170,7.91939
17171,7.954
17172,13.4238
17173,12.5183
17174,10.9896
17175,13.0496
17176,9.05801
17177,9.11237
17178,6.61732
17179,8.11057
17180,11.1477
17181,6.49824
17182,12.0629
17183,14.2262
17184,9.32915
17185,12.9679
17186,10.5537
17187,12.6408
17188,8.7636
17189,9.8395
17190,10.1137
17191,9.49578
17192,11.5746
17193,9.13958
17194,7.4343
17195,10.6516
17196,10.8466
17197,10.4363
17198,6.70083
17199,7.9021
17200,7.1393
17201,12.0101
17202,8.61351
17203,8.88276
17204,9.13814
17205,9.29579
17206,6.35554
17207,9.77923
17208,10.0009
17209,11.0166
17210,9.69161
17211,12.03
17212,9.26184
17213,12.417
17214,11.691
17215,13.6294
17216,13.6483
17217,14.6433
17218,14.3294
17219,8.23949
17220,11.2734
17221,8.65823
17222,8.90459
17223,9.94554
17224,9.64205
17225,9.85495
17226,10.1776
17227,10.5625
17228,8.83302
17229,8.42412
17230,5.4962
17231,6.95227
17232,10.0713
17233,12.4725
17234,12.9739
17235,9.03983
17236,11.2358
17237,9.35935
17238,9.17356
17239,10.3336
17240,9.71817
17241,10.8259
17242,7.65411
17243,8.19426
17244,9.36869
17245,8.88258
17246,11.167
17247,10.8822
17248,12.157
17249,8.25556
17250,8.68609
17251,9.09778
17252,12.589
17253,11.907
17254,9.12365
17255,10.5625
17256,11.6172
17257,12.6323
17258,13.5568
17259,9.56527
17260,11.2298
17261,10.5576
17262,10.9484
17263,10.4956
17264,7.76315
17265,8.35312
17266,11.3683
17267,9.3767
17268,6.50742
17269,7.85903
17270,12.8922
17271,8.49468
17272,16.791
17273,7.47953
17274,8.03897
17275,10.6117
17276,9.31183
17277,8.00025
17278,13.4661
17279,7.93154
17280,8.96321
17281,10.0434
17282,9.23467
17283,9.93227
17284,9.03625
17285,9.34484
17286,10.3744
17287,7.50163
17288,12.4663
17289,10.9822
17290,7.82447
17291,11.962
17292,8.77431
17293,9.47684
17294,11.5083
17295,9.71009
17296,12.4026
17297,11.0767
17298,7.20954
17299,12.0884
17300,8.80588
17301,11.0639
17302,8.07774
17303,9.11952
17304,11.6145
17305,9.31633
17306,10.9467
17307,7.95516
17308,9.27171
17309,11.2801
17310,6.97543
17311,11.0606
17312,10.3056
17313,11.3168
17314,7.50729
17315,7.56933
17316,11.6317
17317,9.41994
17318,8.69039
17319,10.2055
17320,13.7252
17321,10.7336
17322,10.3717
17323,8.52312
17324,10.5722
17325,12.6173
17326,10.8007
17327,11.3234
17328,11.7425
17329,11.7851
17330,5.02173
17331,12.0457
17332,6.31991
17333,9.5957
17334,10.6959
17335,13.2681
17336,11.4753
17337,11.9657
17338,7.79593
17339,11.994
17340,6.71859
17341,8.99722
17342,10.3641
17343,10.7392
17344,6.28518
17345,8.67303
17346,9.22356
17347,8.48571
17348,11.3187
17349,11.4253
17350,9.43374
17351,9.44217
17352,9.47527
17353,9.59144
17354,10.6623
17355,9.26595
17356,6.98376
17357,13.1164
17358,11.1705
17359,9.26553
17360,10.3484
17361,7.42056
17362,6.72007
17363,12.0636
17364,7.29763
17365,10.0205
17366,8.27161
17367,8.01837
17368,9.05516
17369,9.30509
17370,15.4545
17371,7.74773
17372,9.92608
17373,11.9345
17374,10.0358
17375,12.5777
17376,8.88734
17377,12.9485
17378,11.1332
17379,10.8109
17380,12.3926
17381,11.652
17382,12.2821
17383,8.40077
17384,12.6676
17385,9.91657
17386,11.1152
17387,7.20043
17388,8.78795
17389,11.316
17390,9.62053
17391,10.0381
17392,10.0629
17393,11.3983
17394,10.0714
17395,8.98183
17396,13.2435
17397,12.3402
17398,9.28536
17399,9.75208
17400,8.30848
17401,10.8422
17402,7.9172
17403,8.82549
17404,7.31977
17405,8.24434
17406,9.00876
17407,12.4054
17408,10.2328
17409,10.2869
17410,7.63876
17411,8.78938
17412,8.82002
17413,7.93766
17414,9.08445
17415,7.28902
17416,10.2053
17417,9.24656
17418,11.5809
17419,6.81414
17420,11.9472
17421,9.123
17422,7.76607
17423,8.18463
17424,9.21554
17425,9.91254
17426,12.9452
17427,10.9648
17428,10.549
17429,11.54
17430,5.68888
17431,8.71028
17432,13.9912
17433,5.61662
17434,7.87703
17435,6.38872
17436,10.3263
17437,10.8195
17438,11.1409
17439,9.53421
17440,7.99298
17441,16.4537
17442,8.15765
17443,10.7893
17444,10.3973
17445,8.75478
17446,9.87517
17447,10.9872
17448,9.59722
17449,11.9058
17450,12.1356
17451,11.3151
17452,9.6312
17453,11.3131
17454,6.80147
17455,10.4446
17456,9.96017
17457,11.2116
17458,9.61655
17459,7.64825
17460,15.7886
17461,12.7839
17462,8.92706
17463,10.0682
17464,8.4174
17465,11.5479
17466,8.0731
17467,7.41836
17468,11.1795
17469,10.3435
17470,6.61258
17471,8.28817
17472,9.5735
17473,9.57988
17474,7.88028
17475,12.0395
17476,12.9482
17477,13.2614
17478,8.71439
17479,7.83708
17480,10.9235
17481,10.1539
17482,10.8616
17483,8.95692
17484,12.1039
17485,8.33935
17486,10.5932
17487,9.95265
17488,11.1441
17489,10.2861
17490,14.818
17491,10.9974
17492,7.13666
17493,13.219
17494,7.45115
17495,11.4709
17496,6.69846
17497,10.105
17498,16.2225
17499,10.5125
17500,9.90844
17501,8.43401
17502,9.49474
17503,8.72834
17504,10.88
17505,6.89245
17506,10.9125
17507,12.8619
17508,9.90371
17509,8.06917
17510,10.2333
17511,9.1689
17512,11.4227
17513,9.53732
17514,10.4123
17515,8.97588
17516,14.7387
17517,8.05126
17518,10.2081
17519,6.75019
17520,9.31163
17521,9.32664
17522,8.42529
17523,7.95813
17524,11.2149
17525,9.39645
17526,9.48002
17527,9.26317
17528,10.2946
17529,9.29198
17530,11.3546
17531,9.7432
17532,13.9871
17533,7.52041
17534,9.11898
17535,9.15551
17536,8.22687
17537,10.6185
17538,8.19256
17539,12.0583
17540,12.2685
17541,12.6666
17542,12.7876
17543,11.6246
17544,10.0755
17545,10.9095
17546,11.7406
17547,11.9247
17548,10.3938
17549,9.93448
17550,12.4393
17551,8.45237
17552,7.54443
17553,9.1452
17554,6.10194
17555,9.72805
17556,9.84038
17557,13.0286
17558,8.92451
17559,13.0251
17560,9.70278
17561,12.7439
17562,13.7075
17563,10.1879
17564,10.3738
17565,12.0039
17566,8.23234
17567,12.4946
17568,14.2253
17569,14.7948
17570,7.31928
17571,9.97339
17572,12.4834
17573,10.1481
17574,7.23569
17575,8.91741
17576,12.1497
17577,10.5536
17578,12.6463
17579,7.91228
17580,11.202
17581,9.09804
17582,9.42703
17583,9.85652
17584,10.97
17585,12.6602
17586,11.321
17587,9.87583
17588,9.96123
17589,9.29857
17590,6.57431
17591,13.5827
17592,13.9796
17593,10.1195
17594,11.3332
17595,9.17328
17596,9.25318
17597,10.0044
17598,10.3078
17599,9.95776
17600,10.9748
17601,15.5997
17602,10.7083
17603,10.2838
17604,12.4181
17605,16.6067
17606,13.2574
17607,7.33182
17608,9.37053
17609,10.379
17610,8.60433
17611,10.1966
17612,11.6191
17613,13.3849
17614,9.58992
17615,9.82424
17616,9.18276
17617,10.3128
17618,6.0025
17619,10.3597
17620,11.8506
17621,16.9151
17622,7.95626
17623,9.07231
17624,10.6009
17625,7.80442
17626,12.1806
17627,14.4033
17628,8.62453
17629,9.33177
17630,8.44973
17631,10.7145
17632,9.94403
17633,10.0471
17634,14.0673
17635,10.0811
17636,11.5908
17637,12.0906
17638,14.7766
17639,9.21712
17640,9.29973
17641,10.7434
17642,9.85127
17643,11.0842
17644,7.19527
17645,10.7986
17646,11.0432
17647,9.4593
17648,10.7714
17649,12.6955
17650,8.76028
17651,8.88075
17652,8.03196
17653,8.68981
17654,11.7375
17655,8.87386
17656,10.3065
17657,10.5839
17658,10.7812
17659,10.8997
17660,7.03817
17661,10.6678
17662,12.7615
17663,10.2509
17664,9.73061
17665,11.8893
17666,9.89817
17667,12.2201
17668,12.2742
17669,11.0689
17670,12.0622
17671,6.61008
17672,9.45583
17673,9.44795
17674,9.53285
17675,6.68709
17676,9.91592
17677,8.99751
17678,11.2158
17679,8.43788
17680,10.1003
17681,9.43933
17682,10.3778
17683,11.6231
17684,11.4516
17685,10.5851
17686,9.72464
17687,8.6486
17688,15.5499
17689,5.241
17690,11.1661
17691,9.915
17692,12.28
17693,9.65331
17694,10.6696
17695,11.3166
17696,9.55185
17697,7.87399
17698,9.88603
17699,12.5923
17700,10.8147
17701,9.43149
17702,7.72183
17703,9.74117
17704,10.4284
17705,8.56158
17706,10.2454
17707,11.2167
17708,11.5049
17709,9.60943
17710,11.6858
17711,9.61121
17712,10.9254
17713,9.84728
17714,15.7403
17715,10.3507
17716,10.5264
17717,11.5606
17718,14.2048
17719,9.73745
17720,10.4443
17721,7.93375
17722,7.12074
17723,10.4075
17724,10.4565
17725,9.81815
17726,11.8266
17727,13.1988
17728,10.912
17729,11.1329
17730,11.2498
17731,11.4898
17732,10.4206
17733,14.3513
17734,10.6501
17735,8.34609
17736,7.8043
17737,9.9091
17738,9.91795
17739,6.92639
17740,12.0694
17741,12.4534
17742,6.6415
17743,9.11117
17744,13.1712
17745,10.6827
17746,10.6081
17747,10.405
17748,6.91455
17749,13.923
17750,11.1048
17751,11.5187
17752,10.8614
17753,13.3525
17754,12.6606
17755,8.95513
17756,13.436
17757,9.87624
17758,15.1244
17759,10.6811
17760,13.7964
17761,9.40655
17762,9.97821
17763,7.53737
17764,15.7722
17765,10.4738
17766,7.74016
17767,8.99375
17768,16.09
17769,7.69061
17770,11.0495
17771,10.3059
17772,11.5716
17773,11.9988
17774,11.0928
17775,11.5159
17776,9.64826
17777,8.25214
17778,13.3428
17779,9.46915
17780,12.4345
17781,9.48959
17782,11.7882
17783,7.89478
17784,12.7203
17785,9.57783
17786,7.61643
17787,11.6538
17788,6.79267
17789,10.8919
17790,14.3829
17791,10.3796
17792,10.2037
17793,12.4338
17794,13.0904
17795,8.19567
17796,10.2669
17797,10.5924
17798,8.33148
17799,13.8134
17800,14.2766
17801,7.87528
17802,10.6105
17803,9.92015
17804,9.99969
17805,11.2836
17806,9.29201
17807,9.34527
17808,10.7338
17809,8.92458
17810,10.22
17811,10.6623
17812,13.4577
17813,10.9761
17814,12.6662
17815,11.9669
17816,12.0606
17817,7.53724
17818,8.22371
17819,8.29848
17820,8.5297
17821,7.95216
17822,10.555
17823,9.66728
17824,11.1519
17825,7.30784
17826,11.6641
17827,8.9801
17828,12.1489
17829,9.164
17830,9.52974
17831,7.22921
17832,6.87152
17833,9.96503
17834,7.0275
17835,6.78814
17836,9.01428
17837,11.1966
17838,8.37041
17839,8.63524
17840,8.74252
17841,10.0609
17842,8.58
17843,8.78754
17844,9.9615
17845,11.7511
17846,12.1883
17847,7.07406
17848,8.17068
17849,8.31723
17850,9.80092
17851,16.1131
17852,11.6043
17853,11.6804
17854,8.19535
17855,10.0534
17856,7.06183
17857,16.0815
17858,8.43527
17859,10.2316
17860,9.81867
17861,8.60807
17862,10.266
17863,11.5748
17864,7.77804
17865,11.9026
17866,13.0875
17867,9.38135
17868,13.3326
17869,6.54753
17870,9.47132
17871,7.58287
17872,14.7302
17873,7.93905
17874,10.5443
17875,10.2963
17876,10.6011
17877,10.7542
17878,10.3704
17879,11.6396
17880,10.1119
17881,10.1444
17882,11.4948
17883,11.7026
17884,8.56226
17885,12.6968
17886,9.69923
17887,9.02455
17888,10.4183
17889,8.08811
17890,7.4449
17891,9.88591
17892,12.3314
17893,9.92717
17894,10.2539
17895,13.6937
17896,10.7088
17897,11.2274
17898,12.2358
17899,7.44055
17900,7.71779
17901,8.62517
17902,8.72982
17903,10.4577
17904,10.1643
17905,10.728
17906,11.6434
17907,11.0551
17908,14.1459
17909,11.6699
17910,8.92857
17911,8.82555
17912,9.84188
17913,9.89501
17914,8.97586
17915,10.1407
17916,10.7765
17917,7.63417
17918,9.68616
17919,14.7593
17920,10.4492
17921,7.45953
17922,15.7148
17923,10.8878
17924,8.29996
17925,13.5062
17926,9.33966
17927,10.8649
17928,10.1176
17929,10.6155
17930,11.7986
17931,13.0684
17932,8.11586
17933,10.7999
17934,9.76332
17935,8.55151
17936,8.21598
17937,7.20132
17938,9.64064
17939,10.6924
17940,15.1251
17941,12.2377
17942,10.3188
17943,11.8413
17944,8.93724
17945,11.3325
17946,12.5259
17947,13.5776
17948,13.9243
17949,15.3299
17950,15.3877
17951,10.0274
17952,12.7355
17953,10.0909
17954,9.42207
17955,11.9119
17956,14.2745
17957,9.61519
17958,10.5842
17959,11.5986
17960,9.56046
17961,12.8424
17962,7.16302
17963,8.10851
17964,8.34882
17965,8.37994
17966,8.53908
17967,10.9852
17968,12.9936
17969,10.9558
17970,11.5253
17971,13.1188
17972,12.158
17973,12.9574
17974,8.47654
17975,8.68194
17976,9.00745
17977,9.16454
17978,9.58242
17979,8.44059
17980,7.95105
17981,8.04423
17982,11.1968
17983,9.97246
17984,9.57633
17985,9.95761
17986,10.336
17987,10.9252
17988,10.9555
17989,8.68833
17990,8.76
17991,11.9541
17992,12.0148
17993,7.55802
17994,8.32149
17995,10.4722
17996,11.6685
17997,8.47784
17998,8.40687
17999,11.4424
18000,13.28
18001,8.34473
18002,10.9093
18003,10.0982
18004,9.33824
18005,7.45263
18006,10.858
18007,15.2019
18008,11.4972
18009,11.61
18010,12.2207
18011,10.4166
18012,12.4398
18013,10.7232
18014,13.7352
18015,7.90027
18016,8.76117
18017,9.13241
18018,9.09212
18019,9.27145
18020,9.32012
18021,10.416
18022,10.7861
18023,9.82177
18024,10.9045
18025,10.189
18026,7.37616
18027,6.89851
18028,12.2446
18029,12.2665
18030,11.7057
18031,10.8103
18032,7.99526
18033,13.0124
18034,11.1989
18035,13.2472
18036,9.38235
18037,6.76819
18038,9.86326
18039,9.35803
18040,8.40762
18041,12.689
18042,7.86758
18043,9.18796
18044,11.2884
18045,9.64157
18046,12.2788
18047,7.79772
18048,8.4909
18049,8.5805
18050,9.79641
18051,8.80566
18052,12.1046
18053,17.3897
18054,10.513
18055,10.9619
18056,9.12683
18057,10.4681
18058,8.88096
18059,9.72199
18060,9.766
18061,6.95639
18062,7.80302
18063,8.33903
18064,8.59131
18065,9.09133
18066,9.11855
18067,9.3331
18068,9.96608
18069,10.0413
18070,10.8915
18071,10.9188
18072,8.10777
18073,11.2125
18074,8.32786
18075,11.3369
18076,8.99868
18077,9.13998
18078,10.0648
18079,10.0974
18080,12.3602
18081,10.8902
18082,9.46075
18083,7.86667
18084,11.1476
18085,10.3835
18086,8.95472
18087,7.96316
18088,9.19033
18089,12.4654
18090,7.30641
18091,10.4132
18092,11.3361
18093,15.6237
18094,6.73643
18095,10.9416
18096,8.99916
18097,7.21004
18098,7.65203
18099,9.09799
18100,8.56885
18101,10.1357
18102,9.64529
18103,9.89561
18104,9.18115
18105,6.60049
18106,11.6614
18107,12.0117
18108,8.30357
18109,8.32575
18110,8.59972
18111,12.4908
18112,11.6044
18113,7.97406
18114,7.11054
18115,8.39025
18116,9.75046
18117,9.52422
18118,9.62593
18119,10.66
18120,10.2907
18121,10.4188
18122,10.9698
18123,9.29103
18124,8.41901
18125,11.9859
18126,12.5793
18127,11.0609
18128,9.59723
18129,10.53
18130,13.5831
18131,10.8353
18132,11.0757
18133,9.60833
18134,7.67533
18135,9.42294
18136,8.86776
18137,8.54023
18138,5.85546
18139,10.9334
18140,10.1339
18141,9.15611
18142,14.4948
18143,11.5343
18144,8.15078
18145,7.51359
18146,8.40749
18147,9.12748
18148,7.19667
18149,9.78269
18150,8.47773
18151,7.83221
18152,10.8504
18153,8.44371
18154,6.97408
18155,11.0314
18156,7.13581
18157,10.5625
18158,10.7986
18159,7.13569
18160,16.2427
18161,13.4045
18162,8.59835
18163,11.3709
18164,8.57003
18165,8.69806
18166,9.70689
18167,9.23336
18168,9.41765
18169,11.4405
18170,9.55854
18171,8.92553
18172,10.0262
18173,13.4554
18174,11.2656
18175,11.3339
18176,11.4193
18177,10.4583
18178,11.4882
18179,11.6518
18180,8.72407
18181,9.17982
18182,15.6281
18183,12.6463
18184,8.82825
18185,9.74626
18186,9.85144
18187,7.49494
18188,8.49416
18189,16.5804
18190,9.54156
18191,9.67793
18192,8.28382
18193,9.55453
18194,9.03727
18195,10.3557
18196,11.7073
18197,10.07
18198,6.70504
18199,12.7555
18200,11.1154
18201,11.3722
18202,11.7285
18203,12.3618
18204,9.78648
18205,14.8131
18206,12.8556
18207,13.1854
18208,10.486
18209,7.52439
18210,9.95148
18211,8.02043
18212,9.30607
18213,7.67477
18214,8.58608
18215,8.75525
18216,11.9621
18217,13.4285
18218,12.6234
18219,11.8198
18220,11.3327
18221,9.47401
18222,11.7906
18223,7.19245
18224,7.27163
18225,10.358
18226,8.55265
18227,10.0269
18228,15.3513
18229,10.3744
18230,11.8504
18231,8.64173
18232,7.80938
18233,8.83822
18234,9.35255
18235,10.5306
18236,9.79698
18237,9.87269
18238,10.5401
18239,8.97277
18240,8.58526
18241,7.76917
18242,8.59755
18243,8.4172
18244,10.5167
18245,11.6635
18246,12.6258
18247,9.65205
18248,12.3204
18249,12.4239
18250,11.7463
18251,9.0812
18252,9.05904
18253,9.73304
18254,9.77829
18255,8.98987
18256,9.07124
18257,10.8153
18258,7.00755
18259,7.38721
18260,7.56651
18261,8.62849
18262,7.03224
18263,10.087
18264,9.1652
18265,9.17557
18266,13.3402
18267,13.9351
18268,9.86191
18269,9.97499
18270,10.4401
18271,12.5105
18272,8.88606
18273,9.95252
18274,9.01973
18275,10.1627
18276,10.3631
18277,10.7035
18278,9.21382
18279,9.54806
18280,11.5521
18281,12.1088
18282,9.25738
18283,11.0729
18284,10.3965
18285,11.4118
18286,11.4661
18287,11.6829
18288,11.7181
18289,10.7528
18290,7.87681
18291,10.2431
18292,11.3077
18293,8.3161
18294,11.8355
18295,10.067
18296,13.573
18297,7.36212
18298,9.65603
18299,8.26556
18300,8.55336
18301,11.9149
18302,8.19791
18303,10.8759
18304,10.23
18305,10.761
18306,10.0133
18307,11.8008
18308,11.9669
18309,13.4301
18310,13.7914
18311,7.91566
18312,9.47575
18313,10.5994
18314,9.89616
18315,9.07109
18316,11.9739
18317,11.1592
18318,9.61808
18319,8.8243
18320,13.7623
18321,15.4609
18322,8.72322
18323,9.45725
18324,8.56181
18325,11.4869
18326,7.68678
18327,9.15406
18328,11.1491
18329,7.61518
18330,7.66614
18331,10.1461
18332,9.15151
18333,8.3927
18334,10.9466
18335,11.2255
18336,11.5733
18337,9.72346
18338,16.8043
18339,12.4088
18340,11.8576
18341,10.4035
18342,7.94035
18343,8.34917
18344,9.11867
18345,9.97523
18346,6.28453
18347,10.5015
18348,10.0263
18349,6.33622
18350,11.2171
18351,10.2914
18352,10.5252
18353,10.6561
18354,8.71485
18355,10.7442
18356,11.8888
18357,9.13289
18358,12.4455
18359,8.67829
18360,12.3294
18361,11.9725
18362,16.3252
18363,9.0983
18364,9.25015
18365,8.48531
18366,8.93466
18367,12.26
18368,12.895
18369,11.7497
18370,10.891
18371,8.97036
18372,8.34154
18373,6.77603
18374,6.81041
18375,10.9462
18376,8.33209
18377,7.47887
18378,6.77374
18379,10.2084
18380,7.25172
18381,8.3272
18382,10.4209
18383,10.5134
18384,10.563
18385,9.12694
18386,9.27337
18387,9.8947
18388,13.2869
18389,8.5093
18390,10.6553
18391,9.99414
18392,11.2727
18393,12.5676
18394,7.93788
18395,8.48431
18396,8.44186
18397,7.80087
18398,6.97785
18399,10.7785
18400,8.39287
18401,8.49361
18402,10.7268
18403,8.83812
18404,10.0527
18405,9.40029
18406,5.86974
18407,9.88426
18408,8.11461
18409,6.68766
18410,9.03844
18411,11.0804
18412,8.59426
18413,9.29687
18414,9.44975
18415,9.55831
18416,13.7906
18417,9.79904
18418,10.3224
18419,10.5746
18420,10.9926
18421,9.1226
18422,9.43512
18423,11.5049
18424,10.5769
18425,9.78301
18426,11.9063
18427,10.1053
18428,12.2456
18429,6.51346
18430,11.4755
18431,8.00837
18432,8.89253
18433,9.48609
18434,9.62253
18435,10.2251
18436,9.34659
18437,11.8291
18438,12.1785
18439,11.3537
18440,13.2283
18441,8.81423
18442,13.9023
18443,14.1057
18444,9.79699
18445,7.13637
18446,8.76377
18447,8.22803
18448,8.55634
18449,10.1345
18450,7.24468
18451,10.1107
18452,8.27996
18453,10.2924
18454,10.5984
18455,11.4815
18456,12.0881
18457,10.5491
18458,13.8146
18459,8.74178
18460,9.03329
18461,12.3511
18462,11.4563
18463,12.472
18464,14.617
18465,10.0641
18466,11.7961
18467,8.09577
18468,7.51797
18469,12.804
18470,9.57186
18471,7.08804
18472,9.45906
18473,11.3639
18474,10.6994
18475,8.99692
18476,7.12564
18477,11.6495
18478,8.11597
18479,8.48141
18480,8.52284
18481,11.1356
18482,9.29425
18483,7.36998
18484,10.6523
18485,11.9503
18486,8.26556
18487,9.37884
18488,8.41523
18489,9.45431
18490,9.47899
18491,9.5342
18492,8.64876
18493,11.0498
18494,8.89667
18495,10.504
18496,10.679
18497,11.8933
18498,9.35052
18499,12.5666
18500,12.6883
18501,7.28325
18502,9.45533
18503,8.79361
18504,9.03976
18505,9.36733
18506,11.0255
18507,10.4442
18508,11.4198
18509,11.696
18510,11.2851
18511,13.3926
18512,12.6502
18513,10.6
18514,10.6937
18515,10.7484
18516,11.8687
18517,7.1402
18518,12.6925
18519,14.3594
18520,13.4105
18521,9.06485
18522,9.80939
18523,10.0743
18524,8.66786
18525,17.4054
18526,12.8558
18527,12.3771
18528,11.3396
18529,8.65148
18530,8.89011
18531,9.80625
18532,10.0226
18533,10.2152
18534,10.4896
18535,8.09618
18536,7.15323
18537,10.4722
18538,7.79094
18539,11.1837
18540,10.6788
18541,7.26799
18542,8.92986
18543,9.38405
18544,8.51568
18545,9.58348
18546,14.936
18547,11.0852
18548,7.36954
18549,10.6623
18550,7.78925
18551,10.5134
18552,10.6289
18553,10.949
18554,9.14707
18555,10.5172
18556,8.72123
18557,13.1288
18558,10.274
18559,7.29403
18560,14.9313
18561,7.73901
18562,11.7843
18563,8.19001
18564,7.65992
18565,10.7779
18566,15.7915
18567,8.08395
18568,10.227
18569,14.838
18570,14.693
18571,11.9016
18572,8.84528
18573,8.62535
18574,7.88427
18575,5.92786
18576,8.15372
18577,8.16504
18578,9.59152
18579,9.11906
18580,9.56442
18581,9.7394
18582,10.9779
18583,13.1626
18584,8.46964
18585,8.95422
18586,12.0551
18587,10.0739
18588,9.42528
18589,9.61788
18590,12.7873
18591,8.14657
18592,8.28093
18593,8.81294
18594,10.8889
18595,11.2256
18596,8.27471
18597,11.384
18598,11.5068
18599,11.6266
18600,8.90788
18601,10.94
18602,13.3479
18603,15.7933
18604,6.37411
18605,9.67008
18606,13.7282
18607,14.1987
18608,10.3237
18609,11.3374
18610,7.6439
18611,11.3029
18612,12.2171
18613,9.7022
18614,11.493
18615,15.7158
18616,13.918
18617,10.0039
18618,10.6069
18619,15.6323
18620,9.9765
18621,13.9385
18622,8.78863
18623,9.36071
18624,9.61293
18625,7.64672
18626,12.6551
18627,10.9873
18628,11.8271
18629,9.28418
18630,13.9846
18631,12.7981
18632,9.99506
18633,8.15637
18634,9.56708
18635,6.91552
18636,9.49594
18637,11.7539
18638,8.79494
18639,9.0338
18640,8.27601
18641,16.3641
18642,10.8547
18643,12.7167
18644,7.90878
18645,10.9222
18646,10.9769
18647,9.64319
18648,10.7759
18649,9.7927
18650,8.04975
18651,11.5719
18652,9.745
18653,13.0131
18654,14.8497
18655,8.94219
18656,9.51531
18657,11.6471
18658,10.1149
18659,11.3194
18660,11.4721
18661,7.87035
18662,6.0226
18663,6.69829
18664,7.79031
18665,9.67654
18666,13.7352
18667,9.86703
18668,8.00469
18669,8.52544
18670,8.56067
18671,11.7038
18672,9.23511
18673,12.2562
18674,9.48259
18675,12.0577
18676,13.201
18677,12.5233
18678,8.32201
18679,11.6399
18680,11.6497
18681,11.6581
18682,11.9316
18683,7.61988
18684,10.8799
18685,11.2168
18686,9.97978
18687,13.0648
18688,10.4047
18689,10.7151
18690,9.50654
18691,11.8559
18692,4.38186
18693,12.8776
18694,11.0381
18695,8.73326
18696,11.0756
18697,7.42301
18698,7.93129
18699,9.83798
18700,9.0027
18701,9.21038
18702,9.4815
18703,9.10635
18704,11.1965
18705,8.87384
18706,9.14151
18707,9.16181
18708,9.26265
18709,9.29229
18710,9.52162
18711,9.60177
18712,8.6369
18713,9.82953
18714,12.9113
18715,10.0725
18716,8.19041
18717,9.23356
18718,9.62346
18719,10.1962
18720,12.4394
18721,11.7869
18722,12.315
18723,9.38108
18724,14.4589
18725,7.636
18726,8.11356
18727,9.14158
18728,6.48943
18729,12.0903
18730,10.968
18731,7.75055
18732,12.8451
18733,8.90462
18734,9.99026
18735,13.3669
18736,9.66773
18737,10.7423
18738,10.5018
18739,10.5141
18740,7.41811
18741,10.5138
18742,8.30043
18743,9.00655
18744,11.3556
18745,7.81481
18746,9.88289
18747,10.8296
18748,14.2684
18749,7.29735
18750,11.4418
18751,9.50337
18752,12.5389
18753,9.86883
18754,8.07474
18755,9.55092
18756,8.7666
18757,8.81225
18758,8.954
18759,12.2568
18760,9.40462
18761,9.91228
18762,9.07946
18763,10.6741
18764,11.6441
18765,7.14448
18766,13.8896
18767,6.47228
18768,9.11245
18769,9.82496
18770,10.2086
18771,8.78636
18772,11.2936
18773,9.42719
18774,12.1356
18775,11.2028
18776,10.8998
18777,9.08423
18778,9.77909
18779,9.91624
18780,9.04983
18781,11.2691
18782,11.2556
18783,13.5654
18784,6.75354
18785,7.87234
18786,7.08722
18787,7.1227
18788,8.53945
18789,9.60937
18790,7.12094
18791,6.34803
18792,7.46555
18793,8.70769
18794,8.93284
18795,9.27014
18796,7.31744
18797,9.05789
18798,10.1059
18799,10.1504
18800,8.4818
18801,8.59987
18802,9.65344
18803,9.71223
18804,10.9293
18805,9.06087
18806,9.25275
18807,11.4551
18808,10.9298
18809,11.3417
18810,10.3688
18811,8.54945
18812,12.6273
18813,10.6357
18814,10.7953
18815,10.9666
18816,10.9964
18817,17.0979
18818,12.0041
18819,12.1275
18820,13.4578
18821,14.7308
18822,8.76172
18823,10.788
18824,8.82307
18825,12.9743
18826,12.8286
18827,10.6193
18828,8.80809
18829,9.86896
18830,10.0214
18831,17.4006
18832,9.74709
18833,8.44519
18834,10.0973
18835,7.93799
18836,9.94642
18837,8.49314
18838,10.7098
18839,9.08154
18840,10.411
18841,11.504
18842,12.5518
18843,6.67106
18844,9.71104
18845,10.1206
18846,6.97265
18847,11.3999
18848,9.93388
18849,10.1164
18850,7.15942
18851,10.9426
18852,12.2536
18853,9.45556
18854,10.464
18855,7.48795
18856,9.64556
18857,10.106
18858,8.31116
18859,13.6627
18860,11.3267
18861,9.84224
18862,12.9884
18863,8.40499
18864,9.46404
18865,8.77272
18866,7.94077
18867,7.47226
18868,8.59415
18869,8.92886
18870,12.1926
18871,9.50006
18872,9.52336
18873,11.0262
18874,11.1903
18875,8.93745
18876,8.52577
18877,10.1501
18878,11.2373
18879,9.25491
18880,8.57738
18881,11.8997
18882,10.0853
18883,10.3246
18884,8.59952
18885,10.6873
18886,10.5781
18887,8.51621
18888,7.28223
18889,7.73797
18890,9.26551
18891,6.3322
18892,9.47401
18893,6.65677
18894,9.37156
18895,8.46916
18896,5.72452
18897,8.73803
18898,9.46587
18899,7.45568
18900,9.80181
18901,10.8178
18902,12.1366
18903,13.2663
18904,11.4813
18905,11.6546
18906,12.3373
18907,13.6145
18908,9.5377
18909,10.7875
18910,10.4561
18911,11.2999
18912,9.32408
18913,6.09297
18914,9.11566
18915,10.4073
18916,9.93023
18917,10.0897
18918,10.6214
18919,15.1275
18920,11.236
18921,8.88606
18922,9.14663
18923,13.0288
18924,8.37569
18925,10.1858
18926,12.3747
18927,6.09439
18928,11.92
18929,8.94268
18930,9.22299
18931,9.4003
18932,9.77874
18933,10.889
18934,13.0234
18935,8.67193
18936,6.70222
18937,11.404
18938,9.43619
18939,6.52435
18940,10.5706
18941,10.4755
18942,7.67929
18943,8.87083
18944,15.3706
18945,9.62673
18946,7.78176
18947,15.1511
18948,8.57942
18949,9.73539
18950,10.7426
18951,9.7386
18952,10.2568
18953,10.0115
18954,7.1038
18955,10.441
18956,11.1645
18957,10.5626
18958,8.57528
18959,6.6333
18960,8.42338
18961,8.8425
18962,10.7354
18963,10.3585
18964,10.5039
18965,10.9967
18966,6.4829
18967,10.4913
18968,8.54494
18969,7.58997
18970,8.67399
18971,7.84794
18972,11.9782
18973,8.189
18974,10.9174
18975,9.16976
18976,10.0883
18977,11.6143
18978,15.7553
18979,10.1889
18980,9.3123
18981,7.69876
18982,6.78905
18983,9.32917
18984,9.84637
18985,8.18591
18986,9.68725
18987,9.27326
18988,11.1906
18989,10.4777
18990,9.59614
18991,10.0733
18992,14.155
18993,10.9198
18994,8.80486
18995,8.72971
18996,6.999
18997,11.4287
18998,7.49842
18999,9.93432
19000,9.33295
19001,11.9126
19002,11.2577
19003,9.66051
19004,9.11322
19005,9.67012
19006,9.55567
19007,10.9496
19008,8.5078
19009,8.65802
19010,12.7284
19011,8.94293
19012,9.31533
19013,9.68498
19014,10.0361
19015,9.20737
19016,7.71791
19017,9.90629
19018,8.70747
19019,16.8616
19020,7.97386
19021,8.01112
19022,9.03128
19023,15.5263
19024,7.78938
19025,11.812
19026,10.1466
19027,11.5073
19028,9.60621
19029,9.62154
19030,10.9689
19031,8.55979
19032,7.63071
19033,11.2443
19034,8.76468
19035,6.51656
19036,11.5496
19037,12.1842
19038,10.1467
19039,5.6244
19040,15.7044
19041,11.1026
19042,10.5595
19043,11.3174
19044,9.46765
19045,9.77597
19046,10.3137
19047,10.4139
19048,8.71058
19049,9.93658
19050,9.66889
19051,9.84264
19052,10.5316
19053,7.22037
19054,7.25912
19055,11.2809
19056,15.5968
19057,8.26238
19058,12.3829
19059,9.59621
19060,9.22797
19061,11.2364
19062,11.4506
19063,10.5934
19064,7.74878
19065,8.78181
19066,10.0231
19067,8.10115
19068,10.2352
19069,10.5255
19070,10.7065
19071,10.5666
19072,10.6305
19073,7.8893
19074,8.16013
19075,12.3723
19076,8.50551
19077,15.6027
19078,10.7406
19079,8.80517
19080,8.8136
19081,15.8381
19082,10.083
19083,8.20293
19084,9.55855
19085,9.57765
19086,10.1989
19087,12.2684
19088,9.37565
19089,9.42805
19090,11.8398
19091,9.89044
19092,9.0887
19093,11.2864
19094,9.92997
19095,10.9384
19096,12.3389
19097,11.3848
19098,11.0397
19099,14.4808
19100,11.6067
19101,8.22049
19102,11.4418
19103,9.6906
19104,13.1306
19105,11.5406
19106,10.617
19107,7.91095
19108,11.6156
19109,11.9596
19110,8.57323
19111,13.7039
19112,8.88156
19113,10.352
19114,7.29039
19115,11.5287
19116,7.85298
19117,9.64244
19118,9.65776
19119,8.80068
19120,8.36897
19121,9.48902
19122,9.28872
19123,9.94199
19124,11.2183
19125,8.42994
19126,13.1524
19127,12.5248
19128,8.32457
19129,8.39785
19130,9.60328
19131,10.7613
19132,14.3218
19133,7.83394
19134,11.5851
19135,10.9244
19136,10.7345
19137,12.1377
19138,9.15016
19139,8.38347
19140,7.47539
19141,14.5225
19142,8.98486
19143,9.04861
19144,12.1703
19145,10.2023
19146,10.6142
19147,13.0303
19148,7.64872
19149,9.23389
19150,8.35086
19151,6.6303
19152,9.74012
19153,6.93909
19154,6.99195
19155,9.32179
19156,8.60837
19157,10.42
19158,11.7384
19159,10.2274
19160,12.734
19161,12.0553
19162,7.9052
19163,7.9781
19164,9.12881
19165,9.19421
19166,8.4282
19167,8.58619
19168,10.0771
19169,11.2196
19170,9.87877
19171,9.93567
19172,11.1818
19173,11.6326
19174,14.4022
19175,8.66548
19176,9.71077
19177,9.66486
19178,7.01254
19179,8.20782
19180,8.2523
19181,15.3482
19182,9.02591
19183,14.3172
19184,12.0004
19185,12.1172
19186,7.37138
19187,8.50504
19188,8.14656
19189,12.3865
19190,11.1036
19191,11.6629
19192,11.9267
19193,6.52989
19194,7.61712
19195,13.9862
19196,8.60796
19197,9.69572
19198,10.187
19199,10.2605
19200,9.63129
19201,17.7687
19202,11.4586
19203,7.84042
19204,7.48759
19205,11.0414
19206,9.96243
19207,9.98503
19208,10.1236
19209,8.14602
19210,10.1786
19211,11.4938
19212,11.473
19213,13.4487
19214,8.64064
19215,9.66381
19216,9.901
19217,10.17
19218,10.3003
19219,10.6209
19220,10.0122
19221,8.22758
19222,8.58753
19223,8.6377
19224,9.43729
19225,13.9096
19226,5.08631
19227,7.4291
19228,7.44653
19229,10.985
19230,6.76238
19231,9.14213
19232,7.65033
19233,9.88434
19234,9.85387
19235,10.4546
19236,9.42949
19237,12.0774
19238,8.91416
19239,10.2829
19240,10.0885
19241,11.2083
19242,8.71521
19243,8.73895
19244,9.27523
19245,8.11082
19246,8.2643
19247,10.8732
19248,12.947
19249,9.26718
19250,9.81417
19251,14.0138
19252,8.83522
19253,8.34316
19254,11.6252
19255,12.324
19256,12.5041
19257,10.5433
19258,7.1711
19259,11.9003
19260,6.32154
19261,10.33
19262,7.77893
19263,10.1039
19264,7.2062
19265,9.28956
19266,7.31857
19267,10.5182
19268,10.5725
19269,9.67812
19270,8.92979
19271,8.01658
19272,8.57291
19273,8.72555
19274,6.30233
19275,10.5682
19276,9.70515
19277,10.7636
19278,10.4648
19279,11.5951
19280,9.61789
19281,10.8901
19282,11.3372
19283,7.4739
19284,10.7336
19285,9.63721
19286,17.8952
19287,7.90721
19288,12.7977
19289,13.6327
19290,11.9806
19291,8.91334
19292,8.41347
19293,10.5665
19294,7.56224
19295,7.93328
19296,9.22032
19297,12.3592
19298,11.3888
19299,8.85643
19300,12.4095
19301,11.2336
19302,8.56933
19303,10.2868
19304,9.61551
19305,9.83671
19306,16.1969
19307,8.36845
19308,12.132
19309,12.693
19310,10.3192
19311,9.34494
19312,9.39727
19313,13.4512
19314,10.4596
19315,7.69428
19316,10.5018
19317,12.2983
19318,11.3701
19319,9.54601
19320,9.51022
19321,7.74514
19322,10.9873
19323,8.57344
19324,8.63202
19325,11.0541
19326,10.1891
19327,7.88169
19328,15.1848
19329,12.6306
19330,12.7974
19331,7.27409
19332,9.03312
19333,10.2117
19334,9.44492
19335,9.99556
19336,8.01872
19337,12.1049
19338,11.1717
19339,8.43226
19340,9.06754
19341,11.3811
19342,8.92227
19343,9.29798
19344,9.61177
19345,10.3854
19346,9.9573
19347,11.3131
19348,11.4334
19349,12.3374
19350,7.28254
19351,12.3132
19352,10.0904
19353,10.0988
19354,7.20594
19355,8.26247
19356,10.4277
19357,13.7029
19358,9.98844
19359,7.33108
19360,16.958
19361,10.048
19362,13.2722
19363,8.82364
19364,8.13168
19365,10.2816
19366,10.8128
19367,10.0497
19368,9.16646
19369,7.26255
19370,9.35808
19371,7.36651
19372,6.39163
19373,9.90078
19374,7.30985
19375,9.16784
19376,8.86827
19377,9.92609
19378,9.21704
19379,9.28583
19380,9.46292
19381,9.47984
19382,10.0071
19383,13.3389
19384,8.49031
19385,10.3443
19386,12.6785
19387,12.0898
19388,10.7692
19389,8.25033
19390,8.43636
19391,9.53232
19392,10.1208
19393,9.18625
19394,10.423
19395,10.7397
19396,7.94956
19397,8.57159
19398,12.0563
19399,9.10987
19400,9.66207
19401,9.39478
19402,9.62769
19403,12.8545
19404,10.0159
19405,10.2329
19406,12.1317
19407,7.77747
19408,10.3671
19409,9.42388
19410,8.47088
19411,8.57789
19412,11.9344
19413,10.9428
19414,7.65872
19415,9.79403
19416,9.85315
19417,9.91837
19418,10.1365
19419,10.2993
19420,11.1475
19421,8.41695
19422,13.3693
19423,10.6018
19424,9.3269
19425,9.97788
19426,10.2156
19427,13.2757
19428,8.60476
19429,11.6132
19430,8.20699
19431,8.98134
19432,9.33439
19433,8.26975
19434,9.50536
19435,9.79433
19436,9.1453
19437,8.73969
19438,8.5177
19439,10.9536
19440,7.42127
19441,10.9603
19442,12.5808
19443,11.7556
19444,8.11333
19445,9.04301
19446,9.34048
19447,10.0333
19448,7.153
19449,9.19575
19450,9.31072
19451,10.3595
19452,10.9079
19453,9.72266
19454,9.91576
19455,8.61857
19456,8.18216
19457,11.2501
19458,12.2981
19459,7.3677
19460,10.6362
19461,9.06648
19462,8.11107
19463,8.57047
19464,11.559
19465,10.7484
19466,7.06008
19467,14.2321
19468,7.65051
19469,7.67371
19470,9.77748
19471,10.5328
19472,11.5316
19473,9.01141
19474,11.8821
19475,10.5718
19476,14.6063
19477,10.7018
19478,8.75127
19479,9.4755
19480,9.62436
19481,6.88619
19482,9.17086
19483,9.23961
19484,14.325
19485,8.96368
19486,9.17704
19487,8.27296
19488,8.4231
19489,7.94437
19490,9.0265
19491,9.45436
19492,10.3133
19493,9.38063
19494,10.3637
19495,12.4258
19496,13.1415
19497,13.0898
19498,8.47362
19499,11.6979
19500,8.83621
19501,9.04788
19502,9.098
19503,9.17717
19504,9.73403
19505,13.1394
19506,8.30795
19507,9.30359
19508,8.41083
19509,7.92362
19510,10.616
19511,10.2142
19512,12.4922
19513,9.73718
19514,10.9814
19515,11.4361
19516,8.03923
19517,11.2741
19518,8.2825
19519,8.96644
19520,9.06114
19521,14.5527
19522,14.7286
19523,10.5925
19524,10.6233
19525,11.1345
19526,10.0014
19527,11.9742
19528,8.74691
19529,13.792
19530,13.1047
19531,14.4769
19532,9.40803
19533,12.5838
19534,9.77092
19535,11.8127
19536,12.2651
19537,9.8912
19538,10.7002
19539,8.92882
19540,9.79358
19541,8.05968
19542,13.1108
19543,10.1563
19544,10.7481
19545,7.1726
19546,11.6721
19547,9.98416
19548,9.10987
19549,10.6293
19550,8.85968
19551,12.9003
19552,11.1502
19553,13.7153
19554,9.9029
19555,10.3321
19556,15.1495
19557,10.209
19558,11.154
19559,11.2736
19560,13.5247
19561,9.83077
19562,16.126
19563,6.16489
19564,7.84149
19565,7.89853
19566,11.907
19567,8.56633
19568,8.93147
19569,9.1049
19570,7.90865
19571,11.0121
19572,8.07374
19573,11.2805
19574,11.722
19575,12.0006
19576,9.32264
19577,10.2441
19578,9.1766
19579,11.9024
19580,15.1252
19581,5.50314
19582,10.6508
19583,15.1077
19584,7.69822
19585,10.8757
19586,11.0332
19587,12.8665
19588,7.03378
19589,10.3468
19590,10.5172
19591,9.65859
19592,9.96897
19593,10.574
19594,11.9112
19595,11.1449
19596,8.17729
19597,11.9138
19598,9.01059
19599,8.99499
19600,9.91538
19601,11.1152
19602,6.35252
19603,8.13282
19604,8.00735
19605,9.67128
19606,9.84442
19607,7.85285
19608,10.7953
19609,11.2748
19610,10.6622
19611,12.9335
19612,7.95836
19613,10.4091
19614,8.46036
19615,9.55601
19616,11.0579
19617,7.01936
19618,9.07833
19619,9.69096
19620,9.73109
19621,9.18467
19622,6.8683
19623,13.0635
19624,11.4917
19625,8.29029
19626,15.5265
19627,10.288
19628,5.75671
19629,11.7421
19630,9.80076
19631,12.9113
19632,12.7315
19633,9.9592
19634,11.1563
19635,8.88633
19636,9.00087
19637,9.72987
19638,9.6007
19639,9.21014
19640,6.74063
19641,12.0678
19642,8.2023
19643,8.7754
19644,11.8584
19645,11.2355
19646,7.54492
19647,11.1443
19648,10.677
19649,10.6005
19650,10.08
19651,11.2218
19652,10.3043
19653,10.942
19654,12.426
19655,11.9511
19656,7.03001
19657,7.7072
19658,10.1592
19659,9.87374
19660,15.2018
19661,10.768
19662,9.28294
19663,11.6073
19664,7.60002
19665,9.58733
19666,11.7087
19667,14.9233
19668,8.00652
19669,14.733
19670,10.9816
19671,17.6925
19672,11.4225
19673,7.43092
19674,9.5746
19675,11.8075
19676,8.88497
19677,8.54823
19678,9.4842
19679,9.63545
19680,10.6858
19681,10.0079
19682,10.0985
19683,11.611
19684,10.6266
19685,10.6723
19686,10.7362
19687,8.96898
19688,7.40609
19689,11.5691
19690,11.7173
19691,6.73332
19692,13.0485
19693,9.22408
19694,8.53106
19695,6.8203
19696,7.45404
19697,7.59859
19698,12.7281
19699,9.61487
19700,10.9978
19701,7.69025
19702,8.08651
19703,8.60426
19704,11.9288
19705,9.09322
19706,9.44263
19707,6.92329
19708,7.98188
19709,8.06662
19710,7.70633
19711,7.83885
19712,11.2295
19713,8.34705
19714,8.96979
19715,9.62194
19716,10.6317
19717,10.0686
19718,10.1793
19719,10.9904
19720,8.73129
19721,10.1958
19722,12.5137
19723,10.121
19724,8.72093
19725,10.8307
19726,12.016
19727,11.1259
19728,11.2505
19729,9.43175
19730,10.7178
19731,8.75131
19732,12.1077
19733,9.38088
19734,19.1103
19735,9.34641
19736,9.36203
19737,11.2256
19738,7.02282
19739,6.63236
19740,7.19306
19741,13.5564
19742,9.62324
19743,9.68719
19744,9.84455
19745,9.79317
19746,10.2387
19747,12.4888
19748,12.6018
19749,6.74838
19750,7.77018
19751,7.62485
19752,8.03622
19753,9.24141
19754,7.5987
19755,6.26513
19756,10.323
19757,9.40315
19758,10.6087
19759,11.9367
19760,12.2257
19761,11.8647
19762,8.86464
19763,8.26593
19764,15.3273
19765,11.8577
19766,12.6613
19767,16.9515
19768,9.03086
19769,9.8042
19770,11.5345
19771,9.61884
19772,9.12447
19773,8.40412
19774,9.8269
19775,12.8579
19776,8.75174
19777,11.1996
19778,9.24369
19779,11.9251
19780,7.40821
19781,11.4371
19782,10.606
19783,11.1386
19784,11.3499
19785,8.81036
19786,12.0014
19787,12.4584
19788,9.89016
19789,8.94194
19790,10.0493
19791,7.04044
19792,11.4244
19793,11.2498
19794,19.4442
19795,14.7214
19796,9.13087
19797,10.449
19798,10.0031
19799,8.38479
19800,9.31081
19801,9.9111
19802,7.8824
19803,12.3745
19804,7.95435
19805,8.0543
19806,14.4767
19807,8.97632
19808,9.70314
19809,9.80012
19810,8.86684
19811,10.0397
19812,10.4556
19813,13.626
19814,12.2443
19815,9.31813
19816,8.41416
19817,11.53
19818,8.88822
19819,8.93691
19820,11.3835
19821,8.75775
19822,12.0718
19823,9.61604
19824,11.6245
19825,9.2348
19826,10.6489
19827,10.3054
19828,11.3926
19829,8.59658
19830,13.0052
19831,9.17508
19832,9.28686
19833,8.47446
19834,8.97494
19835,10.2271
19836,11.3067
19837,10.3684
19838,10.7376
19839,9.83254
19840,10.415
19841,7.5821
19842,12.0556
19843,14.2856
19844,10.3958
19845,11.5361
19846,10.7806
19847,10.3476
19848,16.7135
19849,11.208
19850,12.5743
19851,7.69414
19852,7.86757
19853,9.55119
19854,13.7087
19855,11.7385
19856,8.78335
19857,12.4727
19858,10.9376
19859,9.80838
19860,9.86739
19861,12.0717
19862,10.1448
19863,10.5569
19864,11.583
19865,8.06736
19866,11.9483
19867,9.15188
19868,9.70892
19869,8.0755
19870,10.4819
19871,10.8342
19872,7.39935
19873,8.41566
19874,13.6277
19875,7.97347
19876,9.28834
19877,9.19143
19878,10.1999
19879,8.41111
19880,10.4571
19881,6.67955
19882,10.7401
19883,7.87238
19884,12.0589
19885,8.20835
19886,11.2934
19887,9.30745
19888,9.97829
19889,11.7316
19890,8.74005
19891,13.0964
19892,8.46791
19893,13.9327
19894,8.15424
19895,8.81116
19896,10.0852
19897,10.8651
19898,11.3867
19899,9.71618
19900,11.1246
19901,8.13404
19902,19.2959
19903,8.58391
19904,7.13252
19905,6.69285
19906,7.71171
19907,8.90555
19908,13.9705
19909,7.03442
19910,10.0742
19911,13.4331
19912,9.52135
19913,11.5685
19914,8.02607
19915,11.2341
19916,10.518
19917,10.8456
19918,9.02161
19919,9.59903
19920,8.81467
19921,12.2604
19922,8.87227
19923,8.99591
19924,9.26582
19925,9.4548
19926,9.61982
19927,9.76027
19928,10.1519
19929,12.2367
19930,10.462
19931,11.9799
19932,8.6132
19933,12.3328
19934,10.44
19935,12.9059
19936,10.2623
19937,7.56266
19938,12.1827
19939,11.35
19940,9.6374
19941,13.3413
19942,13.9834
19943,10.0313
19944,7.67889
19945,8.87652
19946,10.3271
19947,16.1831
19948,10.7217
19949,10.1291
19950,11.2903
19951,8.56848
19952,7.85898
19953,7.87573
19954,6.08427
19955,9.01654
19956,11.046
19957,10.595
19958,7.40473
19959,10.4771
19960,11.6195
19961,9.05659
19962,11.1997
19963,9.9101
19964,9.88939
19965,10.3441
19966,14.3835
19967,10.4927
19968,10.5909
19969,10.0531
19970,8.14965
19971,8.38582
19972,10.4655
19973,9.0705
19974,12.2298
19975,10.2383
19976,10.2686
19977,10.9282
19978,11.242
19979,7.37568
19980,12.3935
19981,12.5628
19982,9.18506
19983,9.35057
19984,10.5792
19985,13.0632
19986,9.07261
19987,13.2581
19988,13.3638
19989,9.55726
19990,7.81642
19991,9.88375
19992,9.93052
19993,8.04246
19994,11.7576
19995,10.9202
19996,11.2127
19997,11.5797
19998,7.67195
19999,7.41368
20000,10.6119
20001,10.6823
20002,9.24153
20003,8.80894
20004,9.22002
20005,9.35456
20006,10.7178
20007,9.89176
20008,10.176
20009,10.4877
20010,5.65618
20011,7.8481
20012,7.87669
20013,7.77015
20014,10.8757
20015,6.37427
20016,8.81379
20017,7.51551
20018,10.4508
20019,9.55745
20020,8.91364
20021,10.1099
20022,7.25454
20023,8.0765
20024,7.24989
20025,11.4609
20026,11.4883
20027,9.28819
20028,11.4607
20029,12.4691
20030,13.6122
20031,10.0026
20032,7.38403
20033,14.7706
20034,8.21687
20035,9.87664
20036,7.16386
20037,10.1842
20038,9.19838
20039,9.88197
20040,8.03391
20041,11.1699
20042,8.38356
20043,9.56003
20044,10.4885
20045,8.64864
20046,7.13316
20047,9.33093
20048,7.38474
20049,8.93087
20050,8.9393
20051,10.1482
20052,12.7782
20053,10.8725
20054,9.53177
20055,14.0932
20056,10.2754
20057,10.4102
20058,9.62695
20059,11.7812
20060,11.8993
20061,7.9336
20062,6.46677
20063,8.4752
20064,13.6832
20065,9.76327
20066,7.79136
20067,9.22226
20068,9.29083
20069,8.73797
20070,8.84874
20071,9.30691
20072,10.4356
20073,9.48473
20074,11.7145
20075,10.6775
20076,12.9895
20077,8.37132
20078,11.4936
20079,13.3394
20080,8.51882
20081,11.7455
20082,6.73477
20083,15.1783
20084,9.17016
20085,11.2658
20086,6.8435
20087,6.1274
20088,8.31739
20089,7.34415
20090,7.35261
20091,7.84852
20092,9.17546
20093,11.4856
20094,9.84639
20095,9.33617
20096,10.1363
20097,10.2445
20098,10.3648
20099,10.6586
20100,10.6779
20101,10.1262
20102,10.4738
20103,19.7021
20104,11.2622
20105,10.4243
20106,13.8556
20107,12.9169
20108,13.0752
20109,13.417
20110,11.2911
20111,8.40393
20112,7.84454
20113,10.2941
20114,15.6125
20115,7.07979
20116,11.08
20117,9.68934
20118,6.93288
20119,13.2661
20120,11.5149
20121,7.80443
20122,8.52963
20123,7.57036
20124,6.37923
20125,11.11
20126,9.89185
20127,9.6136
20128,7.34785
20129,7.66174
20130,11.3038
20131,12.2504
20132,9.30018
20133,7.59943
20134,13.0946
20135,10.3759
20136,10.5799
20137,11.0457
20138,11.4898
20139,6.67489
20140,11.8726
20141,14.9939
20142,10.7013
20143,11.7675
20144,9.16747
20145,10.4733
20146,8.8904
20147,8.71232
20148,6.90847
20149,7.54614
20150,13.7495
20151,8.18544
20152,11.6558
20153,12.8814
20154,10.9668
20155,7.98412
20156,9.0197
20157,10.6769
20158,11.1319
20159,11.1702
20160,11.6634
20161,8.93063
20162,8.58326
20163,7.01105
20164,7.47301
20165,6.35642
20166,11.558
20167,12.1575
20168,8.61058
20169,9.42139
20170,9.44287
20171,10.0725
20172,10.1972
20173,10.7414
20174,10.0349
20175,11.0659
20176,8.94247
20177,11.3832
20178,6.52139
20179,9.89489
20180,10.9185
20181,10.0869
20182,11.7627
20183,9.60233
20184,11.019
20185,9.5174
20186,10.1362
20187,7.44329
20188,8.50105
20189,13.1949
20190,9.39111
20191,11.8553
20192,9.02132
20193,7.10112
20194,10.5177
20195,9.85772
20196,10.1414
20197,10.7657
20198,6.97072
20199,8.11914
20200,8.20592
20201,7.32134
20202,7.39715
20203,7.66785
20204,11.1098
20205,11.2997
20206,9.3991
20207,8.72377
20208,10.0697
20209,9.66136
20210,10.0959
20211,10.1724
20212,10.6028
20213,10.8636
20214,11.0058
20215,12.5136
20216,9.52205
20217,12.8893
20218,9.95034
20219,9.25165
20220,11.751
20221,8.26851
20222,8.36248
20223,10.5278
20224,15.5548
20225,9.92997
20226,6.26156
20227,11.3401
20228,11.3673
20229,10.7452
20230,10.1625
20231,8.46044
20232,10.617
20233,13.0818
20234,13.0666
20235,11.8107
20236,8.24596
20237,9.29995
20238,10.9352
20239,12.0619
20240,7.53877
20241,7.68726
20242,8.35884
20243,7.41266
20244,7.91753
20245,7.93648
20246,12.7649
20247,8.10041
20248,11.167
20249,9.50683
20250,9.65275
20251,8.8877
20252,11.4941
20253,11.5942
20254,9.61499
20255,11.1201
20256,10.2857
20257,11.3948
20258,11.723
20259,8.41983
20260,10.6458
20261,10.2016
20262,10.484
20263,16.8722
20264,7.85647
20265,8.90711
20266,8.74642
20267,9.77952
20268,10.555
20269,11.292
20270,11.4986
20271,12.8857
20272,9.34383
20273,15.3711
20274,8.69935
20275,9.11362
20276,13.2912
20277,10.0733
20278,6.6675
20279,9.45172
20280,6.82418
20281,10.7435
20282,7.55438
20283,11.9743
20284,8.18719
20285,8.27297
20286,8.04836
20287,9.27208
20288,9.30977
20289,15.7896
20290,10.1184
20291,9.00003
20292,10.8071
20293,7.13785
20294,9.42604
20295,8.86763
20296,13.1635
20297,12.1335
20298,8.31406
20299,8.96041
20300,9.59772
20301,8.20174
20302,8.34375
20303,11.3953
20304,11.7981
20305,8.88649
20306,12.7109
20307,10.0584
20308,10.1072
20309,10.1351
20310,13.6488
20311,8.76676
20312,12.8706
20313,8.14766
20314,16.1474
20315,12.8996
20316,11.2688
20317,9.435
20318,7.18702
20319,7.51341
20320,7.64735
20321,9.44965
20322,11.4626
20323,10.6392
20324,9.71586
20325,7.04815
20326,10.4625
20327,10.9856
20328,10.2286
20329,10.3549
20330,11.8594
20331,8.08959
20332,9.12514
20333,9.13245
20334,8.61041
20335,13.9552
20336,10.2131
20337,13.7608
20338,14.864
20339,10.3093
20340,11.7262
20341,10.1938
20342,13.8732
20343,7.97404
20344,9.16839
20345,7.7721
20346,8.69577
20347,9.04138
20348,12.1937
20349,9.67815
20350,8.2515
20351,10.4403
20352,11.9241
20353,15.5714
20354,11.1058
20355,7.56735
20356,9.64583
20357,7.46451
20358,9.53484
20359,8.64384
20360,10.1616
20361,10.3067
20362,10.6786
20363,7.04425
20364,8.44422
20365,7.99255
20366,8.73935
20367,10.0748
20368,10.3128
20369,7.91795
20370,7.84416
20371,12.6931
20372,11.8092
20373,7.95496
20374,10.2156
20375,9.49907
20376,7.87577
20377,13.2442
20378,9.609
20379,9.06789
20380,10.1712
20381,11.3023
20382,11.3958
20383,9.65114
20384,5.98519
20385,7.08082
20386,6.60386
20387,7.76832
20388,9.88033
20389,8.61934
20390,6.87775
20391,9.4142
20392,7.64566
20393,10.8112
20394,8.93491
20395,8.72603
20396,8.73989
20397,10.8616
20398,9.9242
20399,8.97685
20400,10.3951
20401,10.5521
20402,10.1145
20403,9.4308
20404,11.5833
20405,10.7745
20406,17.8304
20407,11.0891
20408,8.62188
20409,10.1783
20410,12.2253
20411,10.4924
20412,12.7149
20413,12.7234
20414,10.7767
20415,11.0453
20416,11.4025
20417,11.96
20418,11.674
20419,9.2472
20420,9.30881
20421,13.9922
20422,10.2233
20423,10.2981
20424,13.4904
20425,10.9935
20426,8.47674
20427,10.64
20428,8.67698
20429,10.82
20430,11.6839
20431,12.1543
20432,12.1952
20433,13.2459
20434,7.26873
20435,9.08178
20436,10.6515
20437,11.7768
20438,13.1052
20439,9.85977
20440,9.014
20441,10.281
20442,12.3062
20443,8.39481
20444,8.60026
20445,8.64007
20446,8.76263
20447,10.8191
20448,12.093
20449,7.21193
20450,11.3775
20451,14.1502
20452,6.97448
20453,10.988
20454,8.68046
20455,11.7935
20456,7.80196
20457,10.8104
20458,7.44908
20459,6.94863
20460,11.6637
20461,7.95848
20462,8.57902
20463,8.86821
20464,8.97111
20465,9.18012
20466,7.18799
20467,10.6841
20468,7.72946
20469,10.7762
20470,7.88943
20471,11.0168
20472,8.94772
20473,8.99486
20474,11.1019
20475,9.23926
20476,9.42431
20477,9.75039
20478,9.78523
20479,9.30326
20480,10.9919
20481,11.2854
20482,11.5111
20483,11.8094
20484,9.04079
20485,10.067
20486,12.226
20487,9.3943
20488,13.9078
20489,11.3433
20490,15.0251
20491,8.53145
20492,11.3501
20493,9.20077
20494,9.71639
20495,10.9493
20496,13.0073
20497,8.99473
20498,7.68401
20499,8.90962
20500,12.086
20501,9.09584
20502,11.3276
20503,10.4708
20504,12.1595
20505,10.1707
20506,9.41847
20507,9.4269
20508,11.5026
20509,9.42497
20510,9.82173
20511,12.0683
20512,8.2607
20513,9.30733
20514,7.56702
20515,9.68879
20516,11.053
20517,14.5302
20518,6.57539
20519,6.62692
20520,6.89318
20521,12.5197
20522,7.64318
20523,7.97656
20524,13.7423
20525,9.95046
20526,7.44192
20527,8.05877
20528,8.62752
20529,7.09895
20530,8.25623
20531,8.82238
20532,9.8764
20533,8.98388
20534,10.0057
20535,10.5619
20536,8.93362
20537,8.03207
20538,7.41909
20539,11.4585
20540,10.6889
20541,10.967
20542,6.16641
20543,11.1761
20544,10.2182
20545,10.7066
20546,8.84308
20547,13.1734
20548,9.29113
20549,9.8762
20550,13.0489
20551,14.0683
20552,10.4459
20553,8.8261
20554,9.0536
20555,8.60392
20556,15.87
20557,10.3082
20558,12.6981
20559,10.9737
20560,13.4334
20561,11.5804
20562,8.07836
20563,7.56569
20564,8.17273
20565,15.3925
20566,8.67336
20567,9.7436
20568,10.1301
20569,12.3206
20570,11.411
20571,11.1575
20572,9.38183
20573,12.1591
20574,12.4477
20575,14.4337
20576,10.6609
20577,14.6816
20578,11.0313
20579,10.5034
20580,9.12833
20581,8.19437
20582,7.28928
20583,9.39781
20584,8.70674
20585,9.73223
20586,10.2141
20587,6.96047
20588,10.0517
20589,12.0601
20590,10.0992
20591,10.2593
20592,9.53029
20593,10.6298
20594,8.72837
20595,8.84495
20596,12.9801
20597,8.40918
20598,10.2966
20599,10.4458
20600,9.6081
20601,11.8886
20602,11.1857
20603,12.174
20604,8.82008
20605,9.17862
20606,8.27341
20607,10.323
20608,8.76671
20609,12.0555
20610,8.39987
20611,6.43478
20612,9.27888
20613,9.87178
20614,12.0462
20615,12.0874
20616,9.74503
20617,12.1758
20618,7.70201
20619,11.7104
20620,9.49109
20621,8.0311
20622,13.4723
20623,7.51163
20624,10.2352
20625,11.9558
20626,11.1448
20627,12.8738
20628,10.1961
20629,12.9573
20630,9.9095
20631,9.35243
20632,11.0886
20633,11.677
20634,7.58374
20635,9.04998
20636,14.2582
20637,7.42318
20638,8.59502
20639,9.61225
20640,11.2217
20641,9.71846
20642,7.15365
20643,10.9952
20644,8.21155
20645,8.42754
20646,7.06504
20647,7.15751
20648,11.2612
20649,13.2127
20650,8.51933
20651,8.58823
20652,11.6655
20653,13.1709
20654,11.1699
20655,8.57078
20656,11.2072
20657,9.57136
20658,6.52814
20659,7.99694
20660,7.44342
20661,10.9231
20662,9.17113
20663,9.18995
20664,12.2999
20665,9.49126
20666,9.77529
20667,9.22028
20668,7.49448
20669,10.9874
20670,8.15126
20671,12.3773
20672,9.88492
20673,11.065
20674,10.9156
20675,11.2885
20676,10.4093
20677,9.95227
20678,11.2346
20679,11.2464
20680,11.6022
20681,11.2002
20682,12.5058
20683,11.9683
20684,5.9985
20685,13.7183
20686,9.21458
20687,15.2688
20688,11.0823
20689,10.0907
20690,8.90116
20691,9.18151
20692,9.44281
20693,9.26775
20694,8.49119
20695,11.6413
20696,7.98652
20697,8.42287
20698,7.8571
20699,8.38331
20700,9.40801
20701,9.13186
20702,10.2811
20703,11.5654
20704,8.6232
20705,7.26065
20706,12.5759
20707,9.44686
20708,8.81577
20709,12.9921
20710,10.1694
20711,11.9659
20712,10.0305
20713,9.23677
20714,10.7761
20715,11.1611
20716,10.3555
20717,11.0336
20718,8.26621
20719,8.36161
20720,9.13218
20721,12.7044
20722,13.9126
20723,9.11041
20724,7.99654
20725,10.7349
20726,10.727
20727,6.8494
20728,7.13728
20729,9.84403
20730,9.15068
20731,9.1843
20732,8.23033
20733,10.8018
20734,6.89583
20735,13.0032
20736,7.80965
20737,10.8832
20738,8.01281
20739,7.50265
20740,8.75764
20741,9.23292
20742,10.0962
20743,10.1931
20744,10.4855
20745,10.6356
20746,10.7736
20747,8.01341
20748,8.53814
20749,9.74444
20750,11.9344
20751,10.3307
20752,8.4338
20753,15.2772
20754,12.3266
20755,10.8367
20756,13.3319
20757,11.6951
20758,14.8944
20759,9.92029
20760,13.4512
20761,6.90274
20762,8.28804
20763,8.65973
20764,10.8572
20765,7.17654
20766,9.59793
20767,9.82092
20768,11.2317
20769,7.08024
20770,8.74499
20771,12.9956
20772,10.0131
20773,9.24336
20774,9.12013
20775,10.8704
20776,13.7678
20777,11.9345
20778,11.7459
20779,14.8125
20780,12.2198
20781,8.29249
20782,12.4159
20783,9.04212
20784,9.30942
20785,9.94912
20786,10.6822
20787,8.4492
20788,8.68403
20789,5.3731
20790,12.3942
20791,6.27598
20792,10.4342
20793,6.45567
20794,6.64739
20795,12.3802
20796,7.88024
20797,11.5158
20798,8.74626
20799,8.81007
20800,8.88721
20801,9.57035
20802,10.1799
20803,9.37044
20804,7.71781
20805,10.439
20806,9.46383
20807,8.76173
20808,9.21138
20809,13.2095
20810,9.46234
20811,10.1409
20812,12.2361
20813,7.61693
20814,7.70065
20815,9.33172
20816,10.1065
20817,11.1377
20818,8.01853
20819,9.03414
20820,8.38669
20821,10.1496
20822,11.8087
20823,7.17382
20824,7.28564
20825,8.62161
20826,10.6743
20827,7.41627
20828,8.97925
20829,12.1266
20830,7.49798
20831,10.586
20832,12.7242
20833,7.00744
20834,10.5854
20835,8.8437
20836,9.02888
20837,14.7841
20838,6.64611
20839,9.76135
20840,9.86218
20841,9.20441
20842,10.3924
20843,10.2262
20844,12.3769
20845,8.21879
20846,10.9328
20847,10.4447
20848,9.99045
20849,10.1412
20850,10.5187
20851,9.24451
20852,8.97476
20853,9.46789
20854,10.6118
20855,7.73252
20856,11.1959
20857,8.2887
20858,9.47646
20859,10.1395
20860,9.36618
20861,13.4017
20862,11.5819
20863,8.70949
20864,9.27177
20865,8.60395
20866,6.58256
20867,8.2563
20868,8.96685
20869,9.17734
20870,12.0427
20871,7.0879
20872,10.1355
20873,8.99228
20874,12.2195
20875,14.2497
20876,8.4921
20877,13.3312
20878,8.34488
20879,8.8311
20880,12.1114
20881,12.0306
20882,9.24194
20883,11.2832
20884,9.65404
20885,9.82156
20886,7.86025
20887,11.9179
20888,8.62112
20889,8.50766
20890,13.5295
20891,9.54583
20892,8.62831
20893,9.85331
20894,9.10775
20895,12.5818
20896,9.74745
20897,9.6659
20898,9.8318
20899,9.57482
20900,10.3469
20901,9.80096
20902,6.83073
20903,10.7057
20904,12.3169
20905,10.6199
20906,10.6635
20907,10.7526
20908,8.28961
20909,11.9309
20910,7.84419
20911,8.90049
20912,11.262
20913,10.895
20914,10.1022
20915,8.35698
20916,9.42938
20917,8.45402
20918,9.4041
20919,10.5585
20920,10.7984
20921,9.81185
20922,8.82861
20923,8.88675
20924,9.19491
20925,8.44434
20926,9.8036
20927,11.5007
20928,7.91157
20929,9.02519
20930,10.0988
20931,8.16425
20932,7.66915
20933,12.8582
20934,8.54556
20935,10.5976
20936,13.8432
20937,10.5171
20938,12.2968
20939,10.3108
20940,15.9586
20941,13.1747
20942,8.35871
20943,12.6608
20944,7.21737
20945,9.37966
20946,9.44306
20947,10.7383
20948,9.87093
20949,14.0125
20950,11.2904
20951,11.4332
20952,10.5996
20953,13.0383
20954,7.90091
20955,8.8413
20956,8.8734
20957,12.0253
20958,10.1735
20959,9.29229
20960,15.0687
20961,13.1624
20962,7.50759
20963,9.5454
20964,9.7768
20965,12.9995
20966,9.52146
20967,6.60952
20968,9.8024
20969,9.13072
20970,11.2137
20971,11.7073
20972,8.97625
20973,9.21792
20974,7.01572
20975,7.28322
20976,8.72107
20977,10.9722
20978,9.01733
20979,9.10475
20980,11.6297
20981,10.1196
20982,7.71816
20983,12.937
20984,13.091
20985,10.599
20986,11.6339
20987,9.65833
20988,11.6892
20989,12.9522
20990,12.0174
20991,10.1569
20992,12.1877
20993,7.19614
20994,8.36708
20995,9.40214
20996,17.5623
20997,8.84276
20998,10.3584
20999,14.3803
21000,12.8982
21001,11.198
21002,10.3099
21003,11.6892
21004,11.4673
21005,13.5189
21006,11.635
21007,11.0066
21008,12.8791
21009,12.2601
21010,8.73557
21011,11.7623
21012,9.10619
21013,10.6246
21014,13.6558
21015,10.0227
21016,10.4839
21017,8.92994
21018,8.97115
21019,11.0693
21020,11.941
21021,11.044
21022,8.35718
21023,8.94316
21024,8.28227
21025,8.77078
21026,8.7835
21027,7.53735
21028,12.946
21029,11.1921
21030,13.2569
21031,8.29135
21032,10.4712
21033,9.48287
21034,10.6697
21035,11.4687
21036,9.14427
21037,12.4393
21038,8.5383
21039,10.1288
21040,13.3667
21041,8.93747
21042,8.69647
21043,11.9303
21044,9.73699
21045,11.6647
21046,11.0296
21047,7.84263
21048,7.85106
21049,10.2719
21050,12.3142
21051,9.71501
21052,9.10629
21053,15.3623
21054,9.99792
21055,15.0121
21056,11.0285
21057,10.2157
21058,12.3192
21059,9.02961
21060,12.2821
21061,9.5051
21062,10.0349
21063,8.5354
21064,13.036
21065,8.58359
21066,11.9574
21067,13.9602
21068,10.6068
21069,10.8474
21070,8.17703
21071,7.55652
21072,9.81732
21073,12.1585
21074,13.3264
21075,8.10221
21076,10.5691
21077,11.1865
21078,7.42958
21079,8.88675
21080,10.2785
21081,9.04885
21082,10.0666
21083,8.47358
21084,8.24515
21085,7.7259
21086,8.39865
21087,9.8578
21088,9.39359
21089,7.40381
21090,10.9262
21091,12.6143
21092,8.85889
21093,12.0675
21094,7.27788
21095,7.6798
21096,7.69457
21097,8.38523
21098,10.6736
21099,12.8149
21100,8.88192
21101,10.3486
21102,9.9052
21103,10.5104
21104,6.64055
21105,9.98456
21106,6.266
21107,8.26888
21108,9.19971
21109,9.57878
21110,9.83978
21111,7.04936
21112,10.6015
21113,7.61289
21114,11.0858
21115,9.19756
21116,12.2345
21117,9.32983
21118,6.8386
21119,12.847
21120,13.3286
21121,13.5088
21122,13.7895
21123,7.93897
21124,9.00709
21125,12.0742
21126,12.1659
21127,12.4274
21128,9.45377
21129,9.96114
21130,7.62424
21131,8.18178
21132,8.19022
21133,11.3453
21134,5.42049
21135,9.73057
21136,10.4592
21137,9.87636
21138,11.2249
21139,10.7064
21140,13.7429
21141,9.32337
21142,10.4028
21143,10.1427
21144,10.7777
21145,10.6679
21146,11.8932
21147,12.3747
21148,8.54258
21149,8.52929
21150,8.85629
21151,10.1555
21152,12.3412
21153,15.041
21154,8.59481
21155,19.0938
21156,9.89051
21157,8.23295
21158,9.75138
21159,12.0116
21160,7.52454
21161,12.5428
21162,12.5563
21163,12.612
21164,13.2944
21165,9.136
21166,10.2689
21167,10.3157
21168,11.6193
21169,12.5774
21170,9.79444
21171,9.31887
21172,8.7926
21173,9.70769
21174,8.26796
21175,8.19255
21176,9.91534
21177,8.59028
21178,7.45176
21179,11.0131
21180,9.36618
21181,11.6924
21182,9.71908
21183,13.2134
21184,10.9938
21185,6.81518
21186,8.337
21187,7.72517
21188,11.0035
21189,11.6002
21190,7.73735
21191,9.98007
21192,9.08487
21193,10.1633
21194,8.17176
21195,9.37691
21196,9.59515
21197,8.60648
21198,12.3546
21199,10.4278
21200,16.5092
21201,8.68373
21202,6.18007
21203,11.5945
21204,5.75724
21205,13.516
21206,7.75366
21207,8.50134
21208,9.71844
21209,8.85571
21210,9.35515
21211,11.4896
21212,8.99205
21213,11.3222
21214,10.8488
21215,9.19269
21216,9.83557
21217,6.80052
21218,13.1845
21219,8.35326
21220,12.3085
21221,11.1586
21222,8.99584
21223,7.00427
21224,12.4865
21225,8.72059
21226,10.827
21227,9.40205
21228,14.642
21229,7.23136
21230,10.3565
21231,7.76999
21232,7.987
21233,8.22204
21234,9.34303
21235,8.38695
21236,10.7475
21237,13.6942
21238,8.30072
21239,11.5506
21240,12.6126
21241,11.1798
21242,11.3058
21243,7.97092
21244,12.7067
21245,9.75747
21246,10.0349
21247,10.16
21248,16.2168
21249,9.52016
21250,14.9061
21251,9.05351
21252,10.1046
21253,10.3679
21254,10.4836
21255,9.61486
21256,8.66075
21257,11.3489
21258,12.1061
21259,11.1761
21260,12.4768
21261,9.24489
21262,11.5916
21263,9.73165
21264,9.92596
21265,10.0217
21266,12.7319
21267,16.9283
21268,8.31977
21269,7.36105
21270,7.53268
21271,8.89282
21272,10.2972
21273,11.2279
21274,8.20593
21275,9.97532
21276,10.7786
21277,14.2058
21278,10.2588
21279,11.1158
21280,12.0434
21281,10.4964
21282,8.59498
21283,11.2963
21284,10.2088
21285,8.67291
21286,6.84826
21287,13.0427
21288,12.1053
21289,9.43256
21290,7.89313
21291,8.15637
21292,8.27911
21293,11.4517
21294,7.65292
21295,8.78469
21296,8.01646
21297,8.20111
21298,8.3158
21299,9.41826
21300,9.57142
21301,9.79664
21302,9.91016
21303,10.4995
21304,10.5086
21305,10.5816
21306,12.1273
21307,11.4006
21308,12.6482
21309,13.2018
21310,11.4589
21311,8.01894
21312,7.44271
21313,12.6067
21314,9.68521
21315,8.936
21316,7.58943
21317,10.8079
21318,9.43848
21319,8.53963
21320,7.74325
21321,11.0442
21322,11.9635
21323,12.5067
21324,6.88904
21325,9.27974
21326,10.5247
21327,6.47249
21328,9.97649
21329,11.0178
21330,7.50409
21331,9.72997
21332,11.3652
21333,6.49012
21334,9.49936
21335,7.32504
21336,8.20208
21337,7.69395
21338,8.32385
21339,7.20417
21340,7.40015
21341,7.94493
21342,13.4071
21343,9.4476
21344,9.16549
21345,9.17996
21346,8.66816
21347,7.67659
21348,11.0058
21349,8.61791
21350,8.00416
21351,7.26006
21352,10.3487
21353,8.40814
21354,9.96048
21355,8.29475
21356,11.2418
21357,9.39074
21358,11.539
21359,10.1778
21360,11.1655
21361,15.2867
21362,10.7141
21363,9.3485
21364,9.08114
21365,6.35992
21366,6.82648
21367,7.7281
21368,9.04406
21369,6.3852
21370,6.54104
21371,10.7068
21372,10.9749
21373,6.23311
21374,13.2076
21375,6.80311
21376,10.1428
21377,10.7031
21378,7.77285
21379,9.04948
21380,8.0451
21381,11.8905
21382,12.8799
21383,12.8661
21384,11.891
21385,11.4239
21386,8.30423
21387,10.0171
21388,10.778
21389,8.45771
21390,9.56801
21391,13.1032
21392,9.37014
21393,7.44799
21394,10.6701
21395,9.02413
21396,9.06412
21397,9.07255
21398,9.69814
21399,11.0729
21400,11.1137
21401,11.5842
21402,6.91025
21403,10.0621
21404,9.23264
21405,12.9679
21406,10.0877
21407,8.83132
21408,9.09189
21409,6.82369
21410,10.2619
21411,11.5645
21412,7.61579
21413,7.6955
21414,10.1337
21415,8.83684
21416,8.11594
21417,11.2957
21418,11.0676
21419,13.1097
21420,8.7523
21421,6.98284
21422,7.55473
21423,6.58934
21424,7.66952
21425,10.0627
21426,9.09832
21427,8.39675
21428,10.9551
21429,7.92138
21430,11.0319
21431,10.2031
21432,7.88256
21433,9.28542
21434,10.8476
21435,9.32535
21436,13.6716
21437,8.70683
21438,8.85463
21439,9.51664
21440,8.8544
21441,10.5271
21442,11.744
21443,11.7946
21444,7.95523
21445,15.2006
21446,8.40881
21447,9.90839
21448,8.63081
21449,10.1448
21450,10.236
21451,11.4246
21452,10.7673
21453,7.82171
21454,6.92588
21455,11.2909
21456,6.70301
21457,13.2122
21458,7.45489
21459,9.51919
21460,9.67247
21461,8.03631
21462,14.2241
21463,10.3881
21464,14.3965
21465,7.44576
21466,6.8532
21467,9.65444
21468,11.3589
21469,13.6051
21470,11.8644
21471,12.1788
21472,10.024
21473,8.06034
21474,6.81993
21475,13.3578
21476,9.64423
21477,9.74828
21478,8.25292
21479,10.4561
21480,8.50749
21481,8.54533
21482,10.7171
21483,5.8294
21484,11.0359
21485,9.26511
21486,11.3123
21487,12.168
21488,16.215
21489,8.54625
21490,12.5764
21491,7.74085
21492,8.23528
21493,10.423
21494,11.2007
21495,9.29451
21496,13.4009
21497,10.7184
21498,8.95057
21499,11.027
21500,11.1949
21501,9.26246
21502,10.2826
21503,11.7111
21504,10.1207
21505,10.5772
21506,10.6826
21507,11.1693
21508,11.9549
21509,12.3694
21510,12.4198
21511,13.7314
21512,9.9455
21513,8.29765
21514,13.4448
21515,8.75156
21516,9.49534
21517,7.56737
21518,11.0025
21519,15.656
21520,7.91698
21521,11.1759
21522,9.49243
21523,10.6809
21524,11.1593
21525,10.3037
21526,11.4925
21527,10.5692
21528,7.49528
21529,13.156
21530,9.0484
21531,6.33116
21532,11.3086
21533,10.7375
21534,9.94781
21535,11.1529
21536,9.47729
21537,11.9033
21538,12.4374
21539,10.5537
21540,14.6144
21541,9.6228
21542,8.26618
21543,10.7917
21544,8.84184
21545,10.146
21546,7.17768
21547,13.402
21548,12.239
21549,12.6736
21550,8.8528
21551,9.0003
21552,7.00874
21553,9.01717
21554,12.0467
21555,9.33393
21556,10.5384
21557,7.60639
21558,11.0607
21559,11.1053
21560,9.59968
21561,10.6915
21562,12.7
21563,7.71323
21564,14.0689
21565,14.16
21566,8.54401
21567,8.56089
21568,10.3157
21569,11.1824
21570,11.0041
21571,12.0204
21572,8.79503
21573,8.19333
21574,9.45743
21575,9.68268
21576,10.0006
21577,8.24685
21578,8.67962
21579,10.9881
21580,9.05616
21581,11.0646
21582,9.11149
21583,12.3922
21584,11.4006
21585,9.53478
21586,7.61751
21587,11.6987
21588,11.9962
21589,7.48286
21590,11.0698
21591,11.0897
21592,11.3344
21593,11.9346
21594,11.6731
21595,9.81503
21596,7.97956
21597,12.0624
21598,8.68159
21599,8.88086
21600,13.4776
21601,7.25897
21602,9.19369
21603,9.47431
21604,11.5081
21605,10.529
21606,7.92676
21607,10.9956
21608,7.63558
21609,7.64567
21610,7.02986
21611,8.1416
21612,7.82409
21613,9.41713
21614,10.0257
21615,10.108
21616,8.23025
21617,9.69997
21618,10.4808
21619,10.6744
21620,6.65123
21621,9.75608
21622,11.8812
21623,12.0069
21624,14.1722
21625,6.98379
21626,9.40194
21627,8.65348
21628,10.8758
21629,9.90256
21630,8.45012
21631,8.76195
21632,9.87911
21633,8.71255
21634,9.34343
21635,14.5869
21636,10.2336
21637,8.14363
21638,8.58882
21639,13.8346
21640,11.9089
21641,13.4064
21642,7.6217
21643,11.7821
21644,8.10064
21645,7.27249
21646,7.85529
21647,6.24353
21648,8.67871
21649,8.99669
21650,9.1394
21651,9.17362
21652,11.7575
21653,9.85686
21654,9.86529
21655,9.05635
21656,8.62089
21657,11.5459
21658,12.0436
21659,11.3092
21660,11.5408
21661,9.39079
21662,10.508
21663,11.9198
21664,7.59745
21665,11.984
21666,8.47519
21667,8.59978
21668,8.81283
21669,5.56019
21670,10.4465
21671,13.6497
21672,8.80448
21673,10.1879
21674,13.7462
21675,11.2099
21676,9.30561
21677,12.5246
21678,8.60484
21679,8.88082
21680,10.51
21681,8.17259
21682,10.2939
21683,14.3146
21684,9.52423
21685,11.5816
21686,8.77994
21687,7.28879
21688,9.62274
21689,7.88371
21690,15.0554
21691,7.21109
21692,8.35819
21693,10.3908
21694,8.47246
21695,10.6606
21696,9.21552
21697,8.34667
21698,11.3662
21699,12.8287
21700,10.1045
21701,10.2397
21702,10.461
21703,8.91948
21704,10.644
21705,9.08761
21706,13.6165
21707,11.1964
21708,8.76089
21709,9.09616
21710,8.58438
21711,11.3282
21712,7.49002
21713,11.763
21714,10.216
21715,11.4261
21716,8.46221
21717,11.7957
21718,11.1424
21719,11.1657
21720,9.18186
21721,10.8088
21722,8.14488
21723,11.1533
21724,15.5917
21725,12.9281
21726,13.3944
21727,10.2955
21728,12.9535
21729,7.18368
21730,9.09498
21731,12.7549
21732,8.88778
21733,10.1977
21734,10.2754
21735,7.89919
21736,7.37068
21737,9.37911
21738,10.3412
21739,9.88817
21740,9.26119
21741,11.718
21742,8.85387
21743,11.9092
21744,10.0732
21745,12.1669
21746,12.5303
21747,12.53
21748,7.52252
21749,13.531
21750,15.8908
21751,7.50698
21752,13.7805
21753,9.06815
21754,9.09753
21755,9.24547
21756,16.3212
21757,10.209
21758,8.2907
21759,10.4607
21760,10.5451
21761,10.6179
21762,7.75983
21763,11.2548
21764,11.5914
21765,12.0282
21766,13.0487
21767,9.40691
21768,9.72929
21769,9.97279
21770,10.618
21771,11.0513
21772,10.108
21773,9.12295
21774,9.96527
21775,8.45253
21776,14.058
21777,6.21854
21778,8.31073
21779,9.80499
21780,9.08044
21781,8.44334
21782,6.46234
21783,6.80123
21784,10.5092
21785,9.75191
21786,10.9161
21787,12.1948
21788,12.3482
21789,10.2167
21790,10.6401
21791,13.1652
21792,12.1115
21793,8.31594
21794,8.51425
21795,9.81427
21796,9.25291
21797,7.37563
21798,10.5707
21799,13.2047
21800,7.4088
21801,6.49347
21802,9.5806
21803,10.2274
21804,10.8629
21805,11.9031
21806,8.27454
21807,6.17603
21808,8.99605
21809,10.0228
21810,11.1353
21811,11.7092
21812,11.7394
21813,9.96956
21814,11.2352
21815,9.53924
21816,12.7228
21817,9.78187
21818,11.966
21819,8.20954
21820,9.41331
21821,8.95193
21822,7.17257
21823,7.37319
21824,11.4115
21825,7.63258
21826,10.7474
21827,6.96537
21828,11.1365
21829,8.57982
21830,10.6938
21831,10.1282
21832,10.1776
21833,10.4009
21834,11.115
21835,13.2041
21836,13.6249
21837,8.2467
21838,8.54898
21839,7.93977
21840,9.6377
21841,8.58713
21842,10.1564
21843,7.53604
21844,13.8351
21845,12.7037
21846,10.8615
21847,7.02926
21848,12.3284
21849,9.54371
21850,11.0426
21851,8.64052
21852,9.12199
21853,6.73992
21854,11.3194
21855,7.15927
21856,9.9067
21857,8.24212
21858,10.4584
21859,12.1
21860,9.90219
21861,8.66001
21862,10.6884
21863,9.41334
21864,11.7671
21865,8.65577
21866,13.0519
21867,9.30484
21868,10.4953
21869,11.9625
21870,12.5326
21871,9.62455
21872,12.7912
21873,9.04742
21874,10.5839
21875,11.9287
21876,6.74378
21877,7.87319
21878,9.23817
21879,8.27669
21880,9.88007
21881,8.17864
21882,9.17177
21883,12.5911
21884,11.1371
21885,10.2502
21886,10.3101
21887,8.46693
21888,9.91299
21889,8.98073
21890,12.3385
21891,11.8623
21892,12.1579
21893,8.35075
21894,11.064
21895,11.1934
21896,6.34006
21897,7.46193
21898,9.77348
21899,8.02137
21900,9.24711
21901,14.2819
21902,11.1822
21903,9.9877
21904,13.0347
21905,11.2086
21906,11.3052
21907,11.8669
21908,7.96877
21909,9.56371
21910,8.4673
21911,9.64444
21912,9.89382
21913,11.9429
21914,9.70188
21915,10.7103
21916,12.5732
21917,13.2696
21918,10.0575
21919,6.89039
21920,11.7723
21921,8.7679
21922,12.0903
21923,10.617
21924,12.6696
21925,15.6306
21926,9.02058
21927,8.69966
21928,8.4876
21929,13.7182
21930,12.1573
21931,12.454
21932,9.53153
21933,10.0276
21934,10.5889
21935,10.8932
21936,10.9572
21937,9.41552
21938,14.1019
21939,11.1187
21940,9.13875
21941,7.7309
21942,8.18644
21943,13.2252
21944,8.40994
21945,7.00194
21946,8.47014
21947,8.6167
21948,8.77062
21949,8.86937
21950,8.97153
21951,10.2687
21952,10.7936
21953,11.9071
21954,12.9708
21955,11.1516
21956,8.67529
21957,12.2035
21958,8.40113
21959,12.8596
21960,10.4492
21961,10.9041
21962,11.5086
21963,8.17845
21964,12.4392
21965,10.4476
21966,8.4956
21967,11.3419
21968,11.0206
21969,9.26946
21970,8.68478
21971,14.7901
21972,9.91455
21973,11.116
21974,9.3699
21975,10.0265
21976,11.6997
21977,14.3388
21978,12.5549
21979,14.7059
21980,7.33517
21981,9.79448
21982,11.4514
21983,10.4934
21984,12.839
21985,12.9847
21986,6.23186
21987,8.68713
21988,10.1287
21989,14.1273
21990,10.9563
21991,8.21055
21992,9.27392
21993,9.01339
21994,11.2798
21995,9.34035
21996,10.7434
21997,10.7956
21998,10.9145
21999,11.9636
22000,8.08855
22001,12.4136
22002,10.701
22003,8.71651
22004,6.19049
22005,11.2592
22006,8.206
22007,7.78887
22008,10.0687
22009,15.6305
22010,9.28919
22011,11.3661
22012,9.28412
22013,10.3446
22014,10.6154
22015,8.62744
22016,8.83543
22017,11.9903
22018,8.16078
22019,11.1946
22020,7.60872
22021,13.2625
22022,8.13592
22023,9.66085
22024,10.8704
22025,10.476
22026,11.6064
22027,7.70249
22028,7.59437
22029,14.3471
22030,10.7671
22031,8.95096
22032,8.96467
22033,9.69307
22034,12.7022
22035,5.78093
22036,10.9207
22037,9.1035
22038,11.1782
22039,9.28555
22040,10.6834
22041,10.823
22042,10.9603
22043,8.59561
22044,8.60404
22045,14.6125
22046,11.7988
22047,8.96794
22048,9.26571
22049,14.439
22050,13.2197
22051,9.55975
22052,9.72136
22053,12.8731
22054,11.2707
22055,15.5152
22056,9.91037
22057,12.3823
22058,10.7969
22059,10.8417
22060,11.8348
22061,8.08149
22062,9.33563
22063,8.70912
22064,7.25204
22065,11.5348
22066,10.3349
22067,10.3934
22068,9.50967
22069,14.2044
22070,10.4308
22071,10.4794
22072,10.5695
22073,9.45252
22074,7.26065
22075,7.72964
22076,9.61612
22077,8.6702
22078,9.68039
22079,15.8972
22080,9.98298
22081,12.29
22082,9.55606
22083,9.60906
22084,9.89622
22085,9.09503
22086,11.2179
22087,7.88421
22088,10.0071
22089,15.6202
22090,10.2554
22091,9.98589
22092,9.99687
22093,10.4979
22094,9.55742
22095,7.59304
22096,7.61282
22097,10.6281
22098,8.05904
22099,12.1642
22100,9.65996
22101,8.67351
22102,11.0444
22103,11.3233
22104,10.0642
22105,10.256
22106,8.08575
22107,12.0294
22108,13.2562
22109,13.3681
22110,6.95766
22111,7.65
22112,12.0899
22113,8.47042
22114,7.30824
22115,6.47433
22116,8.66852
22117,8.75853
22118,10.8446
22119,14.3992
22120,9.85328
22121,12.8938
22122,9.15244
22123,13.3298
22124,9.45227
22125,8.9374
22126,6.8434
22127,8.70445
22128,10.8914
22129,9.02669
22130,9.22605
22131,8.34704
22132,11.3743
22133,12.4383
22134,12.6405
22135,10.0768
22136,12.2429
22137,10.533
22138,10.6204
22139,7.87229
22140,10.6242
22141,10.8281
22142,11.3528
22143,11.9091
22144,11.9277
22145,12.9362
22146,13.1117
22147,16.3484
22148,8.66328
22149,7.90116
22150,5.96708
22151,8.15876
22152,11.2904
22153,15.5864
22154,8.98544
22155,10.0801
22156,9.51689
22157,9.73346
22158,13.9346
22159,8.98825
22160,11.6648
22161,8.71484
22162,8.80229
22163,11.3163
22164,11.8369
22165,11.4339
22166,11.8983
22167,12.2498
22168,12.4445
22169,10.883
22170,8.18792
22171,8.67206
22172,8.74969
22173,10.4185
22174,7.2019
22175,9.40681
22176,9.64816
22177,12.5502
22178,7.6326
22179,10.0775
22180,10.6096
22181,10.3901
22182,9.31127
22183,11.8487
22184,11.0543
22185,12.0713
22186,13.6442
22187,14.7287
22188,8.64417
22189,13.7595
22190,11.9864
22191,8.23305
22192,11.8773
22193,9.93399
22194,9.15707
22195,12.2698
22196,9.27822
22197,10.7583
22198,10.1418
22199,12.2082
22200,11.8217
22201,8.73369
22202,9.75984
22203,9.18667
22204,7.10877
22205,6.1262
22206,9.24436
22207,11.7339
22208,7.16633
22209,7.45839
22210,10.6975
22211,8.51139
22212,9.00912
22213,12.8484
22214,8.11079
22215,10.7133
22216,9.63688
22217,12.8674
22218,11.1589
22219,11.502
22220,14.3083
22221,11.3292
22222,7.55533
22223,9.84835
22224,15.0316
22225,8.04244
22226,11.0998
22227,11.3746
22228,8.87178
22229,11.2704
22230,10.3216
22231,10.6884
22232,8.88627
22233,11.492
22234,14.3245
22235,5.90017
22236,8.84635
22237,8.89369
22238,8.97221
22239,7.83308
22240,10.475
22241,10.5364
22242,11.0146
22243,11.4861
22244,15.3679
22245,9.43285
22246,8.21535
22247,10.3723
22248,10.4209
22249,10.4206
22250,9.91706
22251,8.81595
22252,15.898
22253,9.95521
22254,11.221
22255,7.84778
22256,9.31568
22257,8.89713
22258,9.41379
22259,7.97158
22260,8.00884
22261,9.65695
22262,10.135
22263,7.90438
22264,8.58643
22265,9.08554
22266,9.11866
22267,9.41568
22268,9.85989
22269,13.036
22270,10.1438
22271,10.41
22272,10.6359
22273,10.7175
22274,11.0128
22275,11.2482
22276,12.1283
22277,7.81887
22278,7.66504
22279,6.27103
22280,15.3186
22281,11.4388
22282,8.88768
22283,6.42084
22284,7.81275
22285,11.9362
22286,10.5244
22287,8.66164
22288,8.93237
22289,8.89483
22290,8.90326
22291,13.29
22292,9.54877
22293,10.6135
22294,9.11692
22295,14.2911
22296,8.7978
22297,13.2392
22298,12.5452
22299,10.9107
22300,8.19468
22301,10.4059
22302,11.197
22303,16.5939
22304,11.6472
22305,11.7954
22306,7.928
22307,10.243
22308,8.47599
22309,13.657
22310,12.9615
22311,12.8122
22312,10.8791
22313,11.7399
22314,12.5404
22315,9.55725
22316,9.99912
22317,11.7138
22318,8.56013
22319,12.5908
22320,10.9967
22321,7.70891
22322,8.80523
22323,11.4157
22324,8.97577
22325,7.6772
22326,10.7333
22327,9.47679
22328,9.16772
22329,12.7525
22330,9.86848
22331,12.8769
22332,13.9901
22333,9.73426
22334,17.2837
22335,10.9258
22336,12.8779
22337,12.8863
22338,9.89326
22339,10.3855
22340,14.5739
22341,11.0427
22342,7.95556
22343,15.1953
22344,7.27424
22345,8.31307
22346,8.41528
22347,9.59464
22348,8.23985
22349,8.4094
22350,9.99995
22351,9.92786
22352,13.97
22353,8.10745
22354,11.2177
22355,10.7522
22356,9.52794
22357,9.05518
22358,9.25982
22359,11.4857
22360,12.8333
22361,12.863
22362,12.4177
22363,7.46987
22364,8.50504
22365,8.6045
22366,10.0621
22367,13.4957
22368,10.6682
22369,7.30983
22370,9.33631
22371,11.7729
22372,11.4001
22373,8.06197
22374,9.35873
22375,9.94026
22376,13.2671
22377,11.0342
22378,10.5479
22379,12.2367
22380,7.27005
22381,8.96909
22382,10.0538
22383,10.4748
22384,17.4303
22385,8.64694
22386,8.79388
22387,8.44448
22388,9.62844
22389,7.06726
22390,9.14179
22391,10.7408
22392,8.7492
22393,8.06921
22394,8.15105
22395,8.09537
22396,10.9418
22397,13.9502
22398,11.0509
22399,10.2153
22400,9.05326
22401,12.0636
22402,7.54269
22403,8.7498
22404,13.7742
22405,7.85398
22406,9.01642
22407,7.51549
22408,8.69162
22409,10.0468
22410,15.1974
22411,16.2713
22412,9.48027
22413,8.6207
22414,12.8125
22415,11.3054
22416,7.74085
22417,7.58044
22418,9.3245
22419,8.71896
22420,8.82112
22421,9.04774
22422,10.3925
22423,10.0452
22424,8.24461
22425,11.3238
22426,8.83955
22427,8.98185
22428,9.2157
22429,9.36282
22430,9.39767
22431,11.4578
22432,9.47306
22433,12.9593
22434,10.9677
22435,8.32315
22436,7.45701
22437,10.4813
22438,10.4983
22439,10.7552
22440,8.20722
22441,13.521
22442,14.5412
22443,11.6893
22444,8.74727
22445,9.75583
22446,12.1235
22447,10.4914
22448,9.06618
22449,10.2573
22450,10.2657
22451,11.3545
22452,11.511
22453,11.7046
22454,8.73974
22455,12.2221
22456,12.8711
22457,9.20323
22458,8.21166
22459,13.4509
22460,13.6955
22461,9.84879
22462,10.8572
22463,6.89088
22464,8.93586
22465,8.79702
22466,8.70709
22467,9.58406
22468,11.6361
22469,9.68558
22470,11.6144
22471,8.99522
22472,9.05049
22473,9.24336
22474,10.4455
22475,10.1975
22476,9.63824
22477,10.138
22478,10.2774
22479,10.5305
22480,6.60417
22481,13.6001
22482,11.8685
22483,11.877
22484,8.05782
22485,12.238
22486,9.12715
22487,7.16615
22488,10.8901
22489,11.468
22490,12.3452
22491,12.9594
22492,7.92048
22493,8.22305
22494,9.40968
22495,11.6098
22496,13.8203
22497,12.8587
22498,15.349
22499,9.62704
22500,10.1257
22501,11.568
22502,10.6595
22503,8.47332
22504,12.9533
22505,9.28042
22506,7.1306
22507,12.3428
22508,8.35534
22509,7.9407
22510,13.3801
22511,10.9791
22512,10.0996
22513,9.40711
22514,11.1033
22515,8.18284
22516,9.11546
22517,9.91575
22518,9.94106
22519,13.264
22520,10.3031
22521,9.9962
22522,9.00891
22523,11.4596
22524,11.5685
22525,12.3834
22526,10.987
22527,9.12683
22528,14.4559
22529,13.1573
22530,10.3463
22531,9.79616
22532,8.94202
22533,9.6192
22534,11.0249
22535,10.0493
22536,10.1327
22537,10.2582
22538,10.8724
22539,10.8904
22540,8.21953
22541,8.62781
22542,9.88914
22543,9.67673
22544,9.2081
22545,8.39597
22546,14.7288
22547,10.1123
22548,9.26576
22549,8.76055
22550,11.2266
22551,9.7772
22552,10.8704
22553,9.22898
22554,12.3822
22555,11.4501
22556,11.6788
22557,11.78
22558,9.55417
22559,9.62401
22560,11.6324
22561,8.18732
22562,10.4767
22563,14.1714
22564,13.9377
22565,12.6246
22566,11.5207
22567,7.72941
22568,8.88165
22569,11.8947
22570,10.6395
22571,9.6605
22572,10.8675
22573,8.87593
22574,11.0534
22575,11.6098
22576,6.17702
22577,9.19603
22578,9.14317
22579,7.44196
22580,8.64263
22581,8.96867
22582,10.8919
22583,8.97207
22584,11.1538
22585,9.35721
22586,10.5709
22587,9.75286
22588,11.1623
22589,11.1288
22590,7.74018
22591,12.0748
22592,13.2519
22593,11.3631
22594,7.58807
22595,9.96716
22596,9.01346
22597,8.60087
22598,8.62354
22599,8.86253
22600,10.0607
22601,9.13228
22602,8.60789
22603,7.1414
22604,12.1072
22605,8.27736
22606,8.38395
22607,10.4819
22608,8.59973
22609,5.99421
22610,13.2009
22611,9.89006
22612,9.97957
22613,11.148
22614,9.58198
22615,11.0147
22616,14.4791
22617,9.66847
22618,10.8262
22619,10.0086
22620,10.7068
22621,8.61509
22622,13.1276
22623,13.779
22624,10.687
22625,9.80741
22626,10.9574
22627,9.39776
22628,8.84384
22629,8.35087
22630,7.77771
22631,11.1719
22632,11.7537
22633,10.8346
22634,11.7326
22635,13.9596
22636,8.59598
22637,12.0389
22638,13.9865
22639,10.819
22640,8.68105
22641,10.956
22642,9.99254
22643,7.3314
22644,13.0633
22645,9.17922
22646,8.59329
22647,10.7926
22648,9.20353
22649,11.3629
22650,8.80643
22651,9.2166
22652,10.9248
22653,12.1212
22654,10.3838
22655,14.1972
22656,8.45031
22657,8.87804
22658,10.9242
22659,11.2577
22660,8.9742
22661,12.1347
22662,7.43105
22663,7.81414
22664,9.98539
22665,10.9938
22666,10.3782
22667,13.6479
22668,13.8703
22669,8.87869
22670,12.0958
22671,10.8658
22672,12.9285
22673,9.44805
22674,7.58915
22675,8.75079
22676,8.97127
22677,13.2656
22678,13.3819
22679,9.76627
22680,11.1346
22681,9.31067
22682,10.6805
22683,10.4679
22684,9.59788
22685,14.9181
22686,7.9265
22687,13.5867
22688,8.85015
22689,7.00524
22690,10.5859
22691,8.11775
22692,8.6525
22693,10.5978
22694,10.9325
22695,10.2928
22696,6.07843
22697,9.82987
22698,10.1586
22699,11.2347
22700,12.4236
22701,11.5712
22702,12.6179
22703,11.797
22704,11.8283
22705,10.9934
22706,6.88264
22707,13.9755
22708,9.05719
22709,10.387
22710,12.941
22711,12.9529
22712,10.3529
22713,8.08509
22714,11.3192
22715,13.455
22716,9.76371
22717,16.5217
22718,9.73406
22719,7.73838
22720,7.74681
22721,8.78056
22722,12.0487
22723,9.52313
22724,9.97271
22725,9.15868
22726,8.32588
22727,9.82147
22728,8.31224
22729,10.4152
22730,10.7659
22731,9.46601
22732,10.6198
22733,10.2719
22734,11.5287
22735,10.2337
22736,8.09828
22737,8.22899
22738,12.6639
22739,9.04907
22740,9.0582
22741,9.26947
22742,9.42844
22743,9.80182
22744,10.8108
22745,8.15611
22746,7.16454
22747,8.20278
22748,12.595
22749,11.3439
22750,9.61085
22751,8.80421
22752,11.0494
22753,14.5691
22754,10.9435
22755,12.0764
22756,13.1269
22757,9.71262
22758,9.91621
22759,11.4059
22760,7.55775
22761,12.3107
22762,9.07025
22763,9.15525
22764,10.5682
22765,10.8839
22766,6.52143
22767,9.69986
22768,8.83886
22769,9.85597
22770,11.3272
22771,11.4945
22772,8.17469
22773,8.70973
22774,7.80359
22775,13.9766
22776,9.05092
22777,8.14076
22778,13.1622
22779,13.2353
22780,9.24375
22781,13.5813
22782,8.59009
22783,10.6578
22784,13.8616
22785,10.1741
22786,10.2218
22787,7.20223
22788,10.4919
22789,11.9562
22790,8.37243
22791,9.47354
22792,12.6554
22793,9.88355
22794,9.35925
22795,11.5487
22796,11.0555
22797,8.11754
22798,8.19892
22799,16.2519
22800,10.3157
22801,15.3241
22802,11.1844
22803,9.80618
22804,10.7128
22805,8.15826
22806,8.4269
22807,14.4744
22808,9.63392
22809,12.8483
22810,8.9423
22811,9.5427
22812,9.67829
22813,9.77101
22814,9.96672
22815,9.3323
22816,14.3575
22817,10.5493
22818,10.6605
22819,12.269
22820,12.6203
22821,12.7791
22822,16.7907
22823,11.4193
22824,8.85279
22825,11.0397
22826,9.75973
22827,11.1283
22828,10.4249
22829,9.25826
22830,8.28308
22831,8.67229
22832,7.91078
22833,8.95726
22834,10.8384
22835,7.99742
22836,10.1208
22837,10.2311
22838,10.5981
22839,10.1018
22840,9.19043
22841,10.2056
22842,10.338
22843,9.60399
22844,10.6191
22845,11.7098
22846,17.2608
22847,11.6041
22848,12.8161
22849,11.5994
22850,14.0976
22851,14.5639
22852,7.5885
22853,12.0788
22854,11.3022
22855,8.75434
22856,10.014
22857,10.0868
22858,7.56766
22859,9.35749
22860,15.1711
22861,9.67292
22862,7.78259
22863,7.91998
22864,12.7186
22865,9.23025
22866,9.4096
22867,5.50406
22868,8.29785
22869,11.1339
22870,8.23898
22871,8.29951
22872,8.51242
22873,9.57621
22874,8.63759
22875,8.76383
22876,8.87019
22877,10.1933
22878,11.2542
22879,9.68559
22880,11.0726
22881,11.4096
22882,10.5847
22883,10.5931
22884,12.0375
22885,15.2512
22886,11.3335
22887,8.39878
22888,12.6969
22889,15.8581
22890,7.99358
22891,9.43395
22892,13.6769
22893,7.56487
22894,13.6835
22895,11.7302
22896,8.90443
22897,8.981
22898,8.27108
22899,7.73961
22900,10.7907
22901,8.00325
22902,8.17337
22903,11.3251
22904,8.74879
22905,8.8573
22906,13.0342
22907,12.4897
22908,9.22804
22909,9.25715
22910,11.639
22911,14.6633
22912,9.87087
22913,13.1983
22914,10.2253
22915,8.24997
22916,13.2659
22917,14.2928
22918,9.852
22919,9.47897
22920,10.2212
22921,12.6281
22922,7.69047
22923,11.3838
22924,8.77354
22925,8.7911
22926,9.4438
22927,8.81387
22928,8.95116
22929,7.39766
22930,9.43332
22931,11.4729
22932,10.8648
22933,9.95973
22934,11.3787
22935,8.57799
22936,12.4804
22937,10.023
22938,11.5169
22939,11.8358
22940,9.98854
22941,14.0006
22942,6.9887
22943,7.25856
22944,9.01926
22945,9.47313
22946,9.4908
22947,10.2192
22948,9.71776
22949,11.57
22950,11.7974
22951,12.8972
22952,11.2656
22953,9.91245
22954,7.29868
22955,5.9477
22956,9.44114
22957,7.76837
22958,9.06488
22959,11.1905
22960,11.2327
22961,9.27573
22962,12.4641
22963,9.48773
22964,9.54347
22965,9.58407
22966,7.60312
22967,10.7389
22968,9.99616
22969,7.30993
22970,13.6991
22971,10.3369
22972,10.1831
22973,16.1938
22974,7.60715
22975,10.6701
22976,8.48716
22977,9.59652
22978,8.54084
22979,10.5297
22980,10.0528
22981,9.06824
22982,8.22897
22983,7.95801
22984,11.3241
22985,8.61664
22986,7.68766
22987,10.7852
22988,9.95183
22989,9.98556
22990,9.63791
22991,10.6572
22992,10.9283
22993,10.5177
22994,8.54472
22995,9.95631
22996,8.08146
22997,9.14471
22998,8.52634
22999,9.12329
23000,10.3165
23001,10.6005
23002,9.7034
23003,10.9615
23004,17.2119
23005,11.2269
23006,10.281
23007,10.3385
23008,12.8461
23009,9.90678
23010,9.92141
23011,11.0084
23012,11.166
23013,11.7598
23014,9.11931
23015,12.3592
23016,9.59102
23017,10.6654
23018,10.827
23019,9.18838
23020,11.3526
23021,9.60365
23022,9.23095
23023,10.848
23024,7.98827
23025,9.44235
23026,9.0515
23027,9.58645
23028,10.7677
23029,7.85741
23030,15.955
23031,10.0261
23032,13.0392
23033,9.32493
23034,12.6863
23035,10.184
23036,11.7251
23037,15.0461
23038,7.80233
23039,6.91994
23040,11.5783
23041,12.9225
23042,9.07499
23043,7.6716
23044,9.82545
23045,9.20015
23046,11.2961
23047,7.75692
23048,11.3841
23049,7.69543
23050,8.4996
23051,9.9263
23052,10.2006
23053,5.45783
23054,11.2639
23055,7.50046
23056,8.14887
23057,8.35197
23058,9.40682
23059,9.53861
23060,10.9053
23061,13.0751
23062,9.12707
23063,10.6446
23064,8.15791
23065,9.78095
23066,8.53146
23067,8.52226
23068,11.3992
23069,14.5091
23070,6.89165
23071,8.4581
23072,7.57756
23073,10.03
23074,10.0499
23075,8.39856
23076,10.5044
23077,13.5555
23078,10.6616
23079,11.2135
23080,8.0086
23081,12.0729
23082,8.79351
23083,11.8525
23084,9.5566
23085,11.6418
23086,12.2786
23087,5.79525
23088,13.8429
23089,12.8867
23090,10.2874
23091,7.81869
23092,9.43679
23093,8.458
23094,15.5434
23095,9.34932
23096,7.63958
23097,9.08844
23098,11.3332
23099,10.0938
23100,7.18209
23101,13.6329
23102,8.13076
23103,7.23334
23104,7.72837
23105,12.4439
23106,9.76409
23107,10.7725
23108,10.2076
23109,7.23327
23110,11.3089
23111,9.319
23112,12.4024
23113,9.59013
23114,12.2967
23115,10.7345
23116,11.0483
23117,8.17261
23118,9.4291
23119,11.4375
23120,8.48572
23121,8.87115
23122,13.926
23123,14.1147
23124,8.1615
23125,12.406
23126,10.5732
23127,9.81845
23128,9.73732
23129,10.8543
23130,11.5338
23131,12.7724
23132,6.98522
23133,7.99719
23134,16.0449
23135,10.3614
23136,7.87102
23137,7.88653
23138,8.10878
23139,7.39231
23140,8.44788
23141,10.7265
23142,15.3381
23143,10.5676
23144,9.61279
23145,9.81653
23146,10.2568
23147,13.0144
23148,11.1995
23149,11.8127
23150,9.95818
23151,11.6744
23152,6.72287
23153,7.90281
23154,15.0603
23155,9.08097
23156,12.1537
23157,10.6052
23158,10.6633
23159,12.0396
23160,14.4445
23161,13.2742
23162,10.5686
23163,7.71615
23164,17.5992
23165,11.1652
23166,12.6535
23167,11.1944
23168,9.25142
23169,9.84488
23170,9.1178
23171,9.89124
23172,9.90098
23173,10.3155
23174,11.1764
23175,11.284
23176,10.2247
23177,11.6744
23178,9.74703
23179,9.99532
23180,10.1286
23181,7.46987
23182,8.9684
23183,11.5206
23184,13.1073
23185,10.7564
23186,11.5926
23187,7.22395
23188,10.9256
23189,9.0406
23190,9.19638
23191,11.3912
23192,9.54962
23193,9.02268
23194,10.5255
23195,6.86243
23196,8.95368
23197,11.0497
23198,14.9844
23199,11.9869
23200,9.52946
23201,13.3172
23202,8.37625
23203,7.10119
23204,8.64034
23205,8.3997
23206,14.5652
23207,8.60619
23208,11.8474
23209,14.0418
23210,7.96215
23211,11.0511
23212,12.0544
23213,9.12568
23214,10.9601
23215,8.19788
23216,9.89707
23217,10.5303
23218,14.2001
23219,10.058
23220,9.75049
23221,10.2001
23222,10.3844
23223,10.4459
23224,9.90733
23225,12.6343
23226,10.8165
23227,8.27822
23228,8.68839
23229,14.8275
23230,6.77879
23231,7.95772
23232,9.171
23233,12.3363
23234,9.51364
23235,9.71586
23236,9.72429
23237,11.1874
23238,10.2978
23239,10.673
23240,10.7017
23241,14.9651
23242,10.2157
23243,9.56896
23244,12.0851
23245,12.3104
23246,7.42411
23247,7.77888
23248,12.6729
23249,11.6965
23250,7.78908
23251,7.52588
23252,7.62887
23253,8.80254
23254,7.968
23255,8.32301
23256,9.66433
23257,9.69641
23258,11.7048
23259,11.0202
23260,10.1211
23261,11.4346
23262,11.3524
23263,9.63743
23264,9.68785
23265,12.4612
23266,8.58079
23267,12.2859
23268,9.30482
23269,12.6572
23270,10.6585
23271,7.71027
23272,9.80748
23273,8.9959
23274,8.31377
23275,8.77722
23276,9.6003
23277,13.1054
23278,7.21046
23279,11.2427
23280,11.7592
23281,7.79874
23282,7.98508
23283,8.12826
23284,8.14468
23285,10.3851
23286,10.5959
23287,7.69034
23288,8.91074
23289,9.25272
23290,9.26115
23291,9.48644
23292,11.5357
23293,9.87633
23294,9.93036
23295,10.0888
23296,8.289
23297,11.4007
23298,9.83005
23299,10.9188
23300,15.9451
23301,12.7954
23302,8.99788
23303,13.1578
23304,6.57425
23305,9.58268
23306,12.2848
23307,8.45297
23308,9.02793
23309,8.20488
23310,8.22616
23311,8.38743
23312,9.46614
23313,11.4837
23314,11.5941
23315,8.29517
23316,9.31012
23317,11.3513
23318,7.11323
23319,13.702
23320,8.94154
23321,14.0095
23322,10.46
23323,8.46794
23324,5.83876
23325,8.05054
23326,8.49397
23327,12.5077
23328,8.54482
23329,9.76528
23330,11.7791
23331,7.81442
23332,11.4087
23333,7.11852
23334,12.3804
23335,6.97746
23336,10.02
23337,7.23081
23338,10.4466
23339,8.61477
23340,9.50311
23341,7.96801
23342,8.52401
23343,8.71576
23344,10.7285
23345,9.83489
23346,10.9827
23347,11.1213
23348,9.23657
23349,9.2937
23350,9.43676
23351,10.5386
23352,9.21908
23353,10.1951
23354,14.2522
23355,12.3758
23356,10.538
23357,8.67992
23358,7.90702
23359,9.69288
23360,9.10059
23361,9.1304
23362,10.3544
23363,8.40004
23364,9.16871
23365,11.2194
23366,13.3263
23367,9.42499
23368,12.6021
23369,10.7694
23370,11.9801
23371,11.0583
23372,9.44885
23373,9.75547
23374,7.80631
23375,10.0211
23376,11.2851
23377,6.43201
23378,10.6066
23379,12.171
23380,7.56553
23381,10.5259
23382,10.9596
23383,13.9318
23384,10.7489
23385,10.4031
23386,10.6829
23387,10.0412
23388,11.9804
23389,13.4902
23390,9.52781
23391,13.6107
23392,10.8326
23393,12.9214
23394,10.0482
23395,9.68112
23396,6.62481
23397,12.9796
23398,8.7194
23399,11.808
23400,13.317
23401,8.65137
23402,10.2892
23403,14.8618
23404,8.09335
23405,11.8631
23406,6.6677
23407,9.68823
23408,10.5122
23409,10.8458
23410,6.53317
23411,11.2574
23412,8.56191
23413,9.01112
23414,12.1589
23415,9.48459
23416,8.73841
23417,12.5007
23418,10.8342
23419,13.3411
23420,9.57915
23421,8.98226
23422,11.202
23423,10.2914
23424,14.4908
23425,10.283
23426,8.85899
23427,5.81785
23428,7.94552
23429,8.42526
23430,9.60717
23431,9.98967
23432,10.0191
23433,10.0314
23434,12.9652
23435,7.97358
23436,11.1415
23437,12.3515
23438,6.59923
23439,8.81025
23440,5.97696
23441,9.63031
23442,8.99965
23443,10.0981
23444,12.2969
23445,17.3795
23446,10.0276
23447,11.5848
23448,8.91045
23449,12.2764
23450,8.54881
23451,11.7151
23452,13.0105
23453,9.59092
23454,9.06436
23455,13.1913
23456,10.2125
23457,9.43335
23458,10.549
23459,15.4583
23460,9.43647
23461,8.5822
23462,7.68623
23463,8.53705
23464,6.65288
23465,11.1769
23466,9.37082
23467,10.972
23468,8.49221
23469,8.0656
23470,13.4672
23471,8.68901
23472,9.78612
23473,8.80392
23474,12.2465
23475,11.2589
23476,8.28482
23477,8.46526
23478,10.4424
23479,7.6598
23480,7.36456
23481,8.04635
23482,6.16824
23483,7.69832
23484,7.92958
23485,9.91974
23486,10.0514
23487,11.1094
23488,10.7268
23489,12.5288
23490,11.5373
23491,7.60869
23492,7.78521
23493,11.8929
23494,12.0786
23495,8.51728
23496,8.75766
23497,8.79332
23498,9.21709
23499,9.43982
23500,10.5244
23501,10.9296
23502,9.23114
23503,11.4207
23504,9.52043
23505,11.5958
23506,12.4408
23507,13.4082
23508,8.01337
23509,11.1869
23510,7.03268
23511,12.0312
23512,9.25791
23513,7.56015
23514,7.34608
23515,7.61323
23516,11.3199
23517,9.50533
23518,10.0039
23519,13.28
23520,14.5758
23521,10.8861
23522,13.7542
23523,11.8968
23524,9.99976
23525,9.04025
23526,8.4199
23527,9.14934
23528,11.7579
23529,9.33956
23530,9.797
23531,12.567
23532,7.37929
23533,7.8621
23534,10.647
23535,10.9763
23536,9.9306
23537,7.94489
23538,9.43395
23539,12.0232
23540,9.26724
23541,14.3591
23542,9.66513
23543,6.13122
23544,15.0238
23545,11.1379
23546,11.707
23547,7.96265
23548,7.43252
23549,8.13109
23550,11.2849
23551,12.3242
23552,10.4167
23553,11.4404
23554,10.4488
23555,10.4579
23556,8.26736
23557,12.3311
23558,12.3463
23559,14.5385
23560,9.32507
23561,8.5768
23562,9.08937
23563,9.28925
23564,7.42032
23565,10.9768
23566,12.4198
23567,10.4705
23568,10.7277
23569,11.7361
23570,9.26255
23571,9.56838
23572,11.8085
23573,10.3005
23574,10.6391
23575,11.2338
23576,11.5038
23577,11.6307
23578,13.7379
23579,8.84886
23580,9.65815
23581,12.061
23582,10.7791
23583,6.1938
23584,8.53037
23585,11.2748
23586,11.2971
23587,9.67395
23588,10.2427
23589,10.2717
23590,13.4736
23591,14.6633
23592,7.44756
23593,7.61735
23594,7.67087
23595,14.1203
23596,10.0254
23597,10.9455
23598,10.1899
23599,7.24026
23600,7.89725
23601,11.0961
23602,8.31683
23603,8.35569
23604,12.7412
23605,10.2596
23606,16.3356
23607,10.7314
23608,10.819
23609,14.5017
23610,12.935
23611,9.01087
23612,14.0971
23613,9.91025
23614,10.1194
23615,6.22581
23616,11.7582
23617,7.13387
23618,8.26683
23619,8.69913
23620,8.12027
23621,8.4536
23622,11.6819
23623,8.93603
23624,9.03095
23625,9.42134
23626,10.9664
23627,7.98242
23628,12.5123
23629,9.85687
23630,11.6001
23631,6.65793
23632,12.9891
23633,11.8102
23634,9.85272
23635,10.3262
23636,10.8274
23637,7.27421
23638,7.30772
23639,7.50755
23640,9.78402
23641,8.15569
23642,9.2842
23643,8.45161
23644,8.54909
23645,8.73202
23646,8.84125
23647,9.15389
23648,9.88247
23649,10.3211
23650,10.3354
23651,11.3584
23652,10.9408
23653,11.0186
23654,12.2926
23655,12.3211
23656,11.4805
23657,11.8616
23658,11.1887
23659,11.4678
23660,12.9773
23661,12.9857
23662,13.0617
23663,13.502
23664,13.8238
23665,12.1486
23666,11.2909
23667,8.31876
23668,6.74377
23669,6.30118
23670,9.39336
23671,10.548
23672,7.79962
23673,10.983
23674,15.0631
23675,11.2838
23676,10.088
23677,6.40986
23678,14.9721
23679,9.26466
23680,9.99839
23681,10.0068
23682,9.13344
23683,10.5616
23684,9.74247
23685,9.89301
23686,13.432
23687,6.50486
23688,11.5681
23689,12.495
23690,10.219
23691,8.45582
23692,9.53216
23693,9.87375
23694,11.1847
23695,8.44628
23696,9.98434
23697,12.0299
23698,12.3453
23699,14.4479
23700,10.7661
23701,7.80617
23702,11.4259
23703,12.7778
23704,12.8168
23705,8.88303
23706,9.83152
23707,7.33751
23708,9.46997
23709,8.75096
23710,8.23833
23711,14.3807
23712,9.21209
23713,9.23209
23714,10.2731
23715,10.517
23716,11.2046
23717,8.33709
23718,10.1425
23719,8.97108
23720,10.7616
23721,10.8766
23722,12.5995
23723,8.11536
23724,8.32418
23725,8.49836
23726,8.64837
23727,8.74583
23728,9.7766
23729,10.3725
23730,10.4773
23731,9.62652
23732,11.0478
23733,11.138
23734,9.31933
23735,14.4509
23736,9.58773
23737,11.7388
23738,11.8108
23739,11.9655
23740,8.40866
23741,10.4691
23742,10.5477
23743,9.63813
23744,13.3436
23745,8.86729
23746,14.9254
23747,8.95677
23748,9.87969
23749,10.3543
23750,10.4868
23751,11.4886
23752,7.29278
23753,13.6437
23754,10.5379
23755,8.01101
23756,8.73832
23757,8.75912
23758,8.79612
23759,8.8759
23760,9.44136
23761,9.66667
23762,12.0342
23763,9.94719
23764,6.12315
23765,5.18358
23766,10.2848
23767,10.1257
23768,9.20884
23769,7.50362
23770,6.27384
23771,6.52903
23772,10.0728
23773,8.05979
23774,9.21541
23775,10.2162
23776,11.5459
23777,9.85991
23778,8.20992
23779,8.88376
23780,9.21216
23781,6.48134
23782,6.69316
23783,7.74376
23784,9.27222
23785,8.46532
23786,9.89575
23787,10.0163
23788,8.88404
23789,7.89247
23790,9.30835
23791,9.59184
23792,11.6003
23793,9.60871
23794,8.85997
23795,8.93334
23796,10.463
23797,9.13016
23798,11.825
23799,11.1963
23800,7.83756
23801,12.4994
23802,12.6934
23803,9.27001
23804,10.1706
23805,10.323
23806,10.3582
23807,10.2077
23808,8.44698
23809,10.8626
23810,15.2154
23811,11.4997
23812,8.92288
23813,10.7325
23814,5.35304
23815,12.3758
23816,16.6789
23817,13.7628
23818,10.2572
23819,10.4755
23820,10.9049
23821,9.46436
23822,10.1424
23823,13.2769
23824,10.8927
23825,9.90253
23826,11.0065
23827,11.4985
23828,9.86951
23829,10.8844
23830,6.3576
23831,10.065
23832,11.2636
23833,8.53986
23834,12.549
23835,7.61472
23836,9.06752
23837,6.36954
23838,9.24174
23839,13.579
23840,10.664
23841,8.82512
23842,13.1548
23843,9.25044
23844,15.4557
23845,11.7046
23846,8.06774
23847,8.37166
23848,8.36782
23849,10.5576
23850,10.6961
23851,9.77565
23852,9.94515
23853,10.5055
23854,10.5809
23855,11.7573
23856,10.8009
23857,13.2431
23858,8.54648
23859,9.92523
23860,8.07938
23861,9.15514
23862,11.0878
23863,11.2348
23864,9.27692
23865,8.39852
23866,10.5989
23867,9.80883
23868,8.82607
23869,10.8598
23870,11.6104
23871,8.94454
23872,7.88498
23873,11.9794
23874,11.083
23875,11.3242
23876,14.3326
23877,11.6972
23878,13.7842
23879,6.82198
23880,7.59518
23881,6.97428
23882,13.6471
23883,13.7618
23884,14.1075
23885,8.73866
23886,11.7219
23887,10.8596
23888,11.1387
23889,9.39926
23890,9.69051
23891,10.0692
23892,11.4588
23893,8.47898
23894,13.8664
23895,10.1502
23896,9.20594
23897,10.3489
23898,8.36871
23899,10.9787
23900,10.0623
23901,7.91879
23902,9.23108
23903,11.3218
23904,16.2106
23905,10.8554
23906,9.18562
23907,12.4772
23908,10.3327
23909,9.76056
23910,11.5001
23911,8.59872
23912,10.6149
23913,13.1273
23914,11.1498
23915,8.54743
23916,10.944
23917,10.7493
23918,9.64189
23919,11.3412
23920,7.42131
23921,8.45508
23922,11.2623
23923,14.7619
23924,10.9657
23925,8.74174
23926,11.1099
23927,9.49685
23928,8.63497
23929,12.0992
23930,12.7096
23931,8.74677
23932,8.31514
23933,11.4506
23934,6.78628
23935,7.7152
23936,8.08229
23937,11.7881
23938,10.0507
23939,9.12145
23940,9.45951
23941,6.99994
23942,7.77895
23943,12.5177
23944,6.56658
23945,10.3882
23946,10.9597
23947,11.1736
23948,8.87944
23949,10.9367
23950,4.90506
23951,5.94505
23952,7.06477
23953,9.18516
23954,12.2625
23955,8.40031
23956,9.86366
23957,9.96947
23958,9.12317
23959,8.43647
23960,9.69075
23961,10.712
23962,8.72121
23963,14.015
23964,9.22427
23965,9.32802
23966,10.7852
23967,10.8311
23968,11.0044
23969,12.0822
23970,11.4298
23971,9.15577
23972,13.2765
23973,14.4095
23974,11.679
23975,6.12624
23976,8.31742
23977,14.0988
23978,10.4628
23979,7.48963
23980,10.5891
23981,9.60249
23982,10.8663
23983,11.2674
23984,17.6042
23985,11.6225
23986,11.6647
23987,11.5009
23988,6.89662
23989,8.32512
23990,8.55906
23991,8.83066
23992,10.7557
23993,12.1098
23994,8.59668
23995,11.5308
23996,9.15732
23997,9.51296
23998,8.18408
23999,7.7347
24000,9.11992
24001,9.50798
24002,13.8952
24003,8.44325
24004,10.4522
24005,9.6009
24006,9.09128
24007,9.03522
24008,8.78191
24009,9.80496
24010,15.4359
24011,10.0604
24012,6.13957
24013,11.6614
24014,7.93525
24015,14.0413
24016,9.32594
24017,8.69915
24018,10.0485
24019,11.1463
24020,7.1609
24021,14.1389
24022,11.2907
24023,9.13289
24024,9.68275
24025,12.1343
24026,8.28626
24027,10.6996
24028,9.65857
24029,10.5226
24030,15.531
24031,10.7271
24032,10.9641
24033,11.1118
24034,6.58207
24035,8.22587
24036,12.3139
24037,12.5786
24038,9.27227
24039,11.5208
24040,11.5292
24041,10.727
24042,15.0349
24043,6.47884
24044,8.12908
24045,15.3057
24046,12.6371
24047,12.8515
24048,8.87289
24049,10.9418
24050,11.5685
24051,9.9472
24052,11.0216
24053,6.9427
24054,6.95542
24055,11.2202
24056,8.34106
24057,10.7223
24058,12.0162
24059,7.76033
24060,16.1673
24061,14.312
24062,10.4866
24063,7.40748
24064,7.79278
24065,12.0316
24066,8.99092
24067,13.5321
24068,12.5562
24069,10.279
24070,10.7613
24071,12.1334
24072,9.4813
24073,10.495
24074,7.62469
24075,8.49337
24076,9.23796
24077,10.1304
24078,10.3025
24079,8.34254
24080,8.55494
24081,10.7825
24082,10.8401
24083,9.89481
24084,9.02217
24085,9.22156
24086,11.8119
24087,13.9384
24088,10.5177
24089,7.55042
24090,11.565
24091,9.29509
24092,9.55524
24093,9.42357
24094,8.9911
24095,9.38794
24096,11.6568
24097,10.2002
24098,9.33217
24099,8.99136
24100,11.033
24101,9.13281
24102,9.08986
24103,11.1802
24104,12.0599
24105,9.13759
24106,9.84378
24107,11.4048
24108,14.026
24109,7.14411
24110,14.8599
24111,8.94766
24112,15.1142
24113,8.55987
24114,11.6012
24115,8.78233
24116,9.30843
24117,9.90869
24118,11.1674
24119,11.678
24120,6.26414
24121,7.49207
24122,7.16036
24123,8.00465
24124,9.56453
24125,12.0522
24126,9.09198
24127,12.1097
24128,7.44759
24129,8.35791
24130,8.32402
24131,8.74814
24132,12.8672
24133,12.6706
24134,9.85598
24135,13.5877
24136,8.61977
24137,11.9353
24138,14.0173
24139,8.54427
24140,11.6938
24141,8.23036
24142,10.1333
24143,7.55738
24144,8.95999
24145,10.157
24146,10.6038
24147,9.95003
24148,10.1139
24149,14.3139
24150,10.9016
24151,14.6701
24152,12.4233
24153,12.0603
24154,10.7319
24155,11.52
24156,8.8498
24157,11.0531
24158,14.2284
24159,11.7874
24160,9.44349
24161,7.87127
24162,10.9071
24163,10.9063
24164,10.1093
24165,12.1268
24166,10.8037
24167,11.8999
24168,11.0957
24169,7.73913
24170,14.7692
24171,8.10236
24172,8.37982
24173,10.6851
24174,9.88374
24175,8.90258
24176,8.99348
24177,10.8789
24178,10.2042
24179,11.3101
24180,10.5544
24181,11.8898
24182,15.3573
24183,10.5094
24184,14.0565
24185,13.256
24186,10.5382
24187,11.7029
24188,6.72818
24189,11.7892
24190,8.19256
24191,8.79081
24192,8.46573
24193,8.14392
24194,8.86968
24195,8.94367
24196,8.52863
24197,9.93948
24198,8.60329
24199,8.84646
24200,10.8784
24201,11.1253
24202,8.16444
24203,9.17841
24204,12.7493
24205,13.2859
24206,7.4266
24207,10.4373
24208,13.9898
24209,8.10558
24210,11.4716
24211,9.37218
24212,13.2819
24213,10.9167
24214,9.07519
24215,11.0869
24216,10.4951
24217,11.8399
24218,9.01916
24219,9.28133
24220,7.00745
24221,8.45724
24222,10.1057
24223,9.41613
24224,9.58394
24225,8.42533
24226,11.8962
24227,9.57396
24228,11.8219
24229,12.4299
24230,7.86495
24231,6.95148
24232,9.97237
24233,7.82725
24234,11.1041
24235,9.38256
24236,10.1723
24237,9.39463
24238,12.7674
24239,16.8636
24240,8.16828
24241,9.24687
24242,12.7887
24243,7.02808
24244,8.51277
24245,10.3386
24246,10.3644
24247,11.6824
24248,8.13909
24249,12.3105
24250,8.4734
24251,8.16139
24252,10.3091
24253,8.31755
24254,11.5587
24255,9.56711
24256,9.61634
24257,7.91888
24258,12.2094
24259,9.74188
24260,14.9296
24261,11.9828
24262,11.622
24263,7.9875
24264,11.4517
24265,12.2317
24266,8.36031
24267,8.75324
24268,10.0403
24269,11.2111
24270,9.51531
24271,10.6593
24272,8.86202
24273,9.0602
24274,9.20006
24275,9.55746
24276,9.64777
24277,13.9778
24278,11.076
24279,10.1965
24280,10.3668
24281,6.66798
24282,10.7045
24283,7.75744
24284,6.89292
24285,6.95855
24286,11.2862
24287,11.5498
24288,8.70003
24289,11.9255
24290,8.30541
24291,8.33122
24292,9.33965
24293,9.493
24294,12.5587
24295,9.05571
24296,13.8433
24297,13.8837
24298,11.5389
24299,14.8462
24300,11.0636
24301,13.0733
24302,12.1666
24303,12.4329
24304,12.7173
24305,11.8107
24306,12.1041
24307,14.2421
24308,10.2589
24309,10.6566
24310,16.1312
24311,11.9463
24312,11.9768
24313,8.2969
24314,8.34709
24315,8.47385
24316,8.72436
24317,10.205
24318,10.8882
24319,9.92625
24320,10.6066
24321,9.44933
24322,10.4797
24323,10.8859
24324,10.4011
24325,10.422
24326,7.99461
24327,12.0212
24328,12.2716
24329,8.8362
24330,6.81359
24331,13.8445
24332,11.2425
24333,7.39663
24334,10.3013
24335,13.6516
24336,10.9575
24337,10.5173
24338,7.18875
24339,15.9737
24340,10.1577
24341,7.37863
24342,12.6636
24343,9.45083
24344,8.17287
24345,10.5982
24346,11.8465
24347,11.6419
24348,10.5643
24349,8.87533
24350,9.44247
24351,8.55133
24352,8.6538
24353,9.37769
24354,9.8089
24355,6.85987
24356,8.03115
24357,10.0709
24358,9.48522
24359,9.71349
24360,10.1048
24361,10.1406
24362,10.4022
24363,10.9939
24364,7.42685
24365,7.01366
24366,8.79295
24367,8.65799
24368,8.4805
24369,9.50817
24370,8.21022
24371,8.35869
24372,12.325
24373,11.3987
24374,13.6745
24375,12.2279
24376,8.74513
24377,13.0856
24378,8.15928
24379,9.84444
24380,9.21946
24381,9.35044
24382,10.2012
24383,9.42911
24384,8.79208
24385,9.44473
24386,14.0116
24387,10.4944
24388,10.8657
24389,11.1093
24390,9.73831
24391,9.83357
24392,9.87327
24393,6.9352
24394,9.24751
24395,12.1202
24396,9.17981
24397,11.4601
24398,11.5659
24399,7.71016
24400,13.9701
24401,11.6222
24402,9.8578
24403,7.79319
24404,11.1859
24405,12.2468
24406,11.4765
24407,10.8988
24408,11.3788
24409,8.52142
24410,14.6163
24411,12.1964
24412,7.20692
24413,7.76366
24414,10.7749
24415,10.0319
24416,14.1635
24417,9.09987
24418,8.32196
24419,11.6163
24420,10.0267
24421,8.50091
24422,7.80135
24423,9.81761
24424,10.3813
24425,10.4067
24426,10.8349
24427,10.0476
24428,7.51362
24429,10.5221
24430,7.59911
24431,12.6483
24432,11.4581
24433,10.0576
24434,11.6777
24435,11.0013
24436,13.0523
24437,11.0132
24438,13.2028
24439,7.6833
24440,7.98555
24441,9.28101
24442,9.93742
24443,8.25996
24444,8.27412
24445,7.69409
24446,10.8676
24447,9.00527
24448,8.28261
24449,10.4092
24450,12.683
24451,8.82106
24452,7.9174
24453,11.1686
24454,9.30557
24455,11.6925
24456,6.29452
24457,8.80855
24458,9.90966
24459,12.0923
24460,9.12483
24461,15.653
24462,8.76254
24463,12.9067
24464,9.00162
24465,10.2857
24466,8.72801
24467,14.794
24468,9.98633
24469,10.4597
24470,9.35815
24471,8.37346
24472,9.7229
24473,11.5608
24474,10.0381
24475,6.31071
24476,9.31914
24477,9.95581
24478,10.8982
24479,13.5737
24480,9.17662
24481,9.38147
24482,11.5089
24483,9.60093
24484,11.8688
24485,9.30863
24486,10.9076
24487,10.1108
24488,11.7867
24489,8.87265
24490,10.051
24491,9.15093
24492,11.51
24493,11.9437
24494,9.98889
24495,11.3509
24496,9.81516
24497,7.52396
24498,16.2134
24499,8.12336
24500,13.7001
24501,6.89814
24502,9.36508
24503,8.26128
24504,8.62873
24505,9.29885
24506,7.35551
24507,10.6348
24508,11.5213
24509,18.7978
24510,6.03986
24511,12.2036
24512,8.46176
24513,9.6047
24514,8.67718
24515,9.73349
24516,9.27332
24517,10.3822
24518,7.52161
24519,10.2419
24520,7.46453
24521,11.7839
24522,13.0419
24523,11.1888
24524,10.4101
24525,11.4641
24526,9.5091
24527,12.7404
24528,9.57955
24529,8.1639
24530,9.62512
24531,10.9162
24532,8.18058
24533,15.08
24534,10.1886
24535,8.47545
24536,9.77553
24537,8.83293
24538,10.8485
24539,11.9824
24540,12.1742
24541,10.4672
24542,9.02262
24543,10.0643
24544,6.61715
24545,13.9996
24546,9.31577
24547,8.52248
24548,7.13615
24549,8.8537
24550,7.59696
24551,8.2007
24552,10.2641
24553,8.55071
24554,10.7053
24555,9.61986
24556,12.3263
24557,11.9359
24558,10.28
24559,9.52045
24560,7.8087
24561,8.35177
24562,9.17408
24563,9.33689
24564,9.88835
24565,13.3685
24566,10.4322
24567,7.50901
24568,8.51744
24569,8.90911
24570,10.4115
24571,8.67634
24572,5.70617
24573,10.7492
24574,5.10725
24575,7.75704
24576,10.7704
24577,8.46825
24578,10.5536
24579,9.7098
24580,9.90048
24581,9.29897
24582,10.6616
24583,6.79593
24584,10.9009
24585,11.1515
24586,10.5707
24587,12.0421
24588,11.4288
24589,11.6857
24590,14.1591
24591,12.2725
24592,10.2609
24593,8.73633
24594,14.2836
24595,12.4765
24596,9.57431
24597,9.93275
24598,13.4382
24599,10.7417
24600,7.75573
24601,8.9707
24602,16.3551
24603,11.8084
24604,9.91726
24605,10.3065
24606,12.9573
24607,11.5433
24608,12.6845
24609,9.93146
24610,12.5144
24611,10.953
24612,9.41681
24613,10.5951
24614,14.2822
24615,11.7628
24616,10.9546
24617,7.20656
24618,10.6072
24619,7.9358
24620,11.1441
24621,10.5541
24622,10.6382
24623,9.67589
24624,11.2163
24625,10.5883
24626,10.0822
24627,11.1672
24628,13.705
24629,8.3305
24630,11.1275
24631,9.36723
24632,6.90271
24633,9.11819
24634,12.3346
24635,10.4627
24636,9.68217
24637,10.7084
24638,11.1541
24639,12.6498
24640,11.9378
24641,10.3533
24642,6.73925
24643,10.9783
24644,8.27271
24645,14.5191
24646,11.9064
24647,10.0299
24648,9.11588
24649,9.56726
24650,11.4201
24651,10.4286
24652,11.0074
24653,12.2018
24654,10.0055
24655,8.02139
24656,15.8107
24657,9.89428
24658,12.3337
24659,9.11908
24660,9.28817
24661,12.372
24662,8.38766
24663,14.5679
24664,8.87188
24665,11.3947
24666,11.2249
24667,11.3366
24668,5.94541
24669,12.645
24670,12.7409
24671,7.56422
24672,8.25911
24673,7.03106
24674,8.72563
24675,9.35192
24676,8.05236
24677,7.88034
24678,8.21279
24679,14.4688
24680,8.93325
24681,8.04776
24682,8.17528
24683,10.262
24684,9.76079
24685,9.22176
24686,9.37998
24687,10.0392
24688,9.49079
24689,9.04893
24690,13.08
24691,10.8948
24692,11.0207
24693,7.76041
24694,10.6205
24695,13.1247
24696,7.15982
24697,8.36979
24698,10.9485
24699,11.0801
24700,9.15032
24701,9.21383
24702,11.2357
24703,9.13714
24704,9.43658
24705,9.74391
24706,8.70968
24707,8.50873
24708,9.60037
24709,10.2842
24710,9.40794
24711,10.0122
24712,7.94632
24713,9.70894
24714,7.85499
24715,10.9877
24716,9.39214
24717,9.62521
24718,13.4056
24719,9.47806
24720,11.1739
24721,9.24737
24722,10.3458
24723,11.3845
24724,10.4863
24725,9.75307
24726,10.8919
24727,11.7329
24728,12.0273
24729,12.1675
24730,8.40881
24731,9.00502
24732,13.4612
24733,9.94214
24734,8.0049
24735,14.029
24736,10.7843
24737,8.80555
24738,9.47221
24739,10.9803
24740,10.5584
24741,13.6732
24742,6.91716
24743,11.9482
24744,11.0503
24745,12.1097
24746,12.3418
24747,12.8416
24748,10.2827
24749,6.33521
24750,9.50327
24751,11.522
24752,11.5903
24753,9.19465
24754,10.8462
24755,10.108
24756,9.1695
24757,9.74366
24758,12.2213
24759,9.55554
24760,9.35136
24761,10.2714
24762,10.49
24763,9.69349
24764,10.6843
24765,11.0359
24766,8.76951
24767,7.50724
24768,10.9136
24769,11.4538
24770,13.0955
24771,12.3412
24772,12.1504
24773,9.2571
24774,10.5338
24775,9.69143
24776,9.1006
24777,7.27225
24778,8.71538
24779,11.1361
24780,11.1559
24781,9.64169
24782,5.60021
24783,8.61665
24784,9.07803
24785,9.28285
24786,15.8107
24787,10.5647
24788,10.7068
24789,7.8916
24790,11.1958
24791,11.2938
24792,11.3389
24793,7.57472
24794,11.6191
24795,8.04432
24796,12.806
24797,12.9403
24798,9.07461
24799,9.4916
24800,10.2933
24801,9.25056
24802,8.68901
24803,8.15403
24804,9.33196
24805,15.3406
24806,9.44272
24807,9.14448
24808,9.98321
24809,11.2433
24810,10.6634
24811,8.20292
24812,13.3911
24813,7.39954
24814,12.7187
24815,9.29126
24816,10.4721
24817,8.76968
24818,5.7466
24819,9.82972
24820,9.33021
24821,11.8455
24822,12.2361
24823,8.25359
24824,8.38319
24825,8.97646
24826,9.04973
24827,6.71087
24828,13.9877
24829,12.74
24830,13.1642
24831,6.69138
24832,13.7249
24833,10.5901
24834,8.11986
24835,11.9338
24836,6.41531
24837,7.6254
24838,7.94824
24839,8.39375
24840,8.82261
24841,8.83928
24842,9.01967
24843,13.0611
24844,10.533
24845,8.62388
24846,10.6646
24847,10.1451
24848,9.71936
24849,11.8382
24850,11.9901
24851,10.4948
24852,15.7397
24853,10.9165
24854,8.06852
24855,10.5182
24856,8.96953
24857,8.28543
24858,9.39771
24859,9.90564
24860,8.45068
24861,12.6583
24862,10.9382
24863,10.995
24864,8.38312
24865,7.73812
24866,8.81363
24867,7.20615
24868,8.67393
24869,7.80402
24870,6.00764
24871,13.371
24872,6.38717
24873,13.7171
24874,13.8876
24875,10.9506
24876,11.1303
24877,8.2998
24878,9.10212
24879,9.87611
24880,10.0483
24881,9.62653
24882,10.635
24883,10.7553
24884,11.3787
24885,11.5712
24886,8.37609
24887,9.68159
24888,8.41509
24889,9.54495
24890,7.61267
24891,7.9161
24892,10.9932
24893,9.00735
24894,11.2031
24895,9.60723
24896,11.7633
24897,6.8818
24898,9.97612
24899,10.253
24900,12.3281
24901,9.62986
24902,13.0624
24903,10.795
24904,11.1155
24905,12.2016
24906,12.5733
24907,13.3171
24908,13.8208
24909,11.5439
24910,9.69799
24911,9.66182
24912,8.87283
24913,10.4765
24914,13.5773
24915,13.5885
24916,10.8436
24917,11.054
24918,11.4064
24919,8.46504
24920,6.1602
24921,9.40349
24922,9.60016
24923,9.95209
24924,10.1271
24925,8.30881
24926,11.3923
24927,11.6895
24928,11.8453
24929,7.1715
24930,10.4526
24931,13.8587
24932,15.3829
24933,10.6254
24934,10.1437
24935,10.8127
24936,12.3804
24937,13.7535
24938,7.20896
24939,11.5121
24940,8.21303
24941,10.5607
24942,7.96117
24943,9.47701
24944,9.24217
24945,9.30464
24946,9.59511
24947,10.6266
24948,11.1638
24949,10.2439
24950,11.5286
24951,9.11794
24952,7.73325
24953,9.1891
24954,9.46918
24955,6.45312
24956,9.89124
24957,6.58539
24958,11.2237
24959,11.4698
24960,11.403
24961,8.45988
24962,11.1377
24963,7.26256
24964,6.27808
24965,7.85258
24966,7.99404
24967,8.61348
24968,10.7179
24969,10.1514
24970,9.4309
24971,7.72186
24972,11.1292
24973,12.9824
24974,10.0565
24975,8.23413
24976,8.87935
24977,16.2779
24978,6.79508
24979,8.0488
24980,7.30602
24981,7.11838
24982,13.5481
24983,9.808
24984,9.90929
24985,6.98508
24986,10.0411
24987,10.1361
24988,6.29953
24989,10.5266
24990,12.7292
24991,10.8066
24992,10.2127
24993,8.4978
24994,10.6217
24995,12.8368
24996,8.81458
24997,7.96935
24998,7.15906
24999,14.1311
25000,9.14839
25001,9.42366
25002,7.08298
25003,9.05566
25004,8.37756
25005,10.7984
25006,9.40339
25007,14.7789
25008,13.1679
25009,12.1411
25010,12.3493
25011,8.48089
25012,9.63414
25013,7.20915
25014,7.22185
25015,10.165
25016,12.7159
25017,16.9742
25018,10.8802
25019,8.32039
25020,9.59017
25021,7.71413
25022,6.88854
25023,7.40012
25024,10.6846
25025,11.7986
25026,8.30463
25027,9.38049
25028,13.406
25029,9.52899
25030,10.5373
25031,13.8841
25032,11.0249
25033,9.6863
25034,16.3686
25035,11.6396
25036,13.0439
25037,10.1681
25038,6.57722
25039,12.8759
25040,10.9349
25041,13.8766
25042,7.91423
25043,8.46808
25044,8.96913
25045,13.595
25046,10.1927
25047,8.53738
25048,7.93962
25049,13.1868
25050,13.4506
25051,11.9282
25052,8.04111
25053,9.26317
25054,12.4399
25055,12.4799
25056,12.6063
25057,12.8879
25058,11.2912
25059,11.3882
25060,10.7193
25061,7.72769
25062,11.0873
25063,9.23989
25064,11.9552
25065,9.69285
25066,13.8787
25067,9.90852
25068,8.17877
25069,8.2884
25070,8.8115
25071,10.0989
25072,8.99325
25073,11.9255
25074,9.41587
25075,9.57821
25076,8.98876
25077,14.7337
25078,10.8452
25079,9.90598
25080,10.3653
25081,12.7415
25082,13.3819
25083,14.9478
25084,8.97352
25085,9.53091
25086,7.02723
25087,8.14225
25088,8.97095
25089,9.67665
25090,11.7866
25091,10.0565
25092,10.8882
25093,9.50754
25094,11.6415
25095,7.64998
25096,9.96542
25097,12.8951
25098,13.0505
25099,7.34464
25100,12.6046
25101,8.1212
25102,8.23337
25103,11.5638
25104,8.62275
25105,7.40006
25106,12.8862
25107,8.94281
25108,9.73885
25109,11.6962
25110,11.8146
25111,10.3288
25112,10.9781
25113,8.0567
25114,7.26111
25115,8.37858
25116,8.55066
25117,10.8817
25118,14.7508
25119,9.37213
25120,12.1905
25121,12.7691
25122,6.30076
25123,12.6485
25124,7.71825
25125,11.9606
25126,13.7343
25127,7.85347
25128,8.50427
25129,8.58792
25130,10.7552
25131,8.97679
25132,10.8345
25133,6.09355
25134,8.78144
25135,9.06542
25136,12.0995
25137,6.84688
25138,10.3671
25139,8.47524
25140,8.88536
25141,10.8938
25142,12.1818
25143,11.3274
25144,11.8525
25145,8.91984
25146,9.16135
25147,11.4857
25148,7.06828
25149,11.5365
25150,7.66204
25151,7.67047
25152,9.82047
25153,10.3542
25154,6.778
25155,7.80404
25156,8.15791
25157,11.662
25158,10.3628
25159,9.65021
25160,9.76628
25161,10.1203
25162,10.2533
25163,12.137
25164,11.235
25165,8.43706
25166,9.2175
25167,14.3603
25168,13.4031
25169,13.9651
25170,15.0837
25171,7.79282
25172,14.9408
25173,7.11022
25174,15.7901
25175,7.88545
25176,7.1375
25177,12.247
25178,8.58658
25179,12.8241
25180,9.94556
25181,6.723
25182,10.8469
25183,9.02818
25184,15.1135
25185,12.4306
25186,11.6506
25187,14.0416
25188,10.3535
25189,10.6011
25190,14.1335
25191,10.3628
25192,9.37216
25193,9.69464
25194,9.80266
25195,9.86025
25196,10.0525
25197,10.3265
25198,11.3396
25199,11.4583
25200,11.5025
25201,11.6635
25202,12.4972
25203,12.7059
25204,8.61501
25205,7.17893
25206,9.2345
25207,9.34086
25208,9.80371
25209,9.46798
25210,7.39989
25211,10.1694
25212,8.98838
25213,11.1756
25214,11.8658
25215,8.86628
25216,7.62491
25217,9.64084
25218,9.23431
25219,6.89028
25220,10.3659
25221,11.7154
25222,10.9682
25223,12.7293
25224,8.85977
25225,8.4493
25226,8.67216
25227,13.6982
25228,11.3714
25229,12.853
25230,8.58638
25231,8.19972
25232,8.42969
25233,7.99142
25234,6.47506
25235,10.6493
25236,8.83318
25237,9.37724
25238,9.87237
25239,10.6552
25240,9.53909
25241,7.87623
25242,8.32865
25243,12.9594
25244,10.1022
25245,11.1681
25246,6.2537
25247,7.53308
25248,12.4346
25249,9.44368
25250,9.69922
25251,8.70915
25252,9.24298
25253,10.314
25254,10.3906
25255,9.4016
25256,9.38957
25257,11.5526
25258,7.94002
25259,13.0843
25260,9.09366
25261,9.07278
25262,9.23697
25263,7.80075
25264,7.98643
25265,12.2721
25266,8.37058
25267,11.4827
25268,10.7797
25269,11.7907
25270,8.81043
25271,7.47708
25272,7.825
25273,6.92638
25274,8.82783
25275,12.336
25276,12.39
25277,12.5893
25278,10.0137
25279,8.78848
25280,11.0939
25281,9.79816
25282,10.0003
25283,8.38995
25284,10.6745
25285,10.683
25286,10.8321
25287,12.1844
25288,10.9892
25289,10.2215
25290,8.68017
25291,13.0514
25292,13.1119
25293,11.4087
25294,11.1501
25295,13.731
25296,9.06024
25297,9.11163
25298,9.30504
25299,9.08479
25300,11.6489
25301,12.1065
25302,10.4128
25303,13.3156
25304,12.827
25305,6.8546
25306,10.5301
25307,7.63964
25308,8.07548
25309,14.2633
25310,10.4102
25311,8.11041
25312,10.2708
25313,9.02518
25314,9.13949
25315,9.25234
25316,9.41435
25317,10.3385
25318,12.4387
25319,11.5826
25320,7.96047
25321,8.13779
25322,7.43574
25323,9.30221
25324,9.70794
25325,8.07452
25326,6.14759
25327,11.1709
25328,11.5234
25329,12.9175
25330,11.0977
25331,12.2546
25332,12.9173
25333,8.42363
25334,9.86078
25335,7.93745
25336,8.51592
25337,6.74947
25338,8.10853
25339,6.21098
25340,9.63183
25341,9.70558
25342,7.78141
25343,11.1109
25344,8.41731
25345,11.5963
25346,9.60476
25347,7.15647
25348,14.4442
25349,12.6969
25350,11.1576
25351,11.5798
25352,8.72099
25353,9.08589
25354,14.5771
25355,9.9712
25356,13.2137
25357,11.6286
25358,7.71887
25359,7.30596
25360,7.43704
25361,13.792
25362,12.8049
25363,12.7867
25364,7.98924
25365,11.4287
25366,9.36542
25367,12.7307
25368,10.0365
25369,8.14294
25370,11.3519
25371,12.798
25372,9.82882
25373,11.7825
25374,8.22262
25375,5.26323
25376,7.9574
25377,12.0625
25378,7.15761
25379,6.72584
25380,12.0512
25381,8.21047
25382,6.28751
25383,8.42037
25384,6.66906
25385,7.75523
25386,10.4365
25387,8.02895
25388,13.4112
25389,10.8665
25390,8.0259
25391,8.66251
25392,9.50662
25393,10.171
25394,11.098
25395,9.09135
25396,9.55128
25397,7.61231
25398,8.5652
25399,9.83343
25400,11.6224
25401,10.766
25402,8.77445
25403,11.2331
25404,7.1473
25405,8.2694
25406,6.55703
25407,8.62983
25408,8.12338
25409,9.46629
25410,9.50466
25411,14.7032
25412,6.75555
25413,9.82934
25414,10.0931
25415,9.54463
25416,9.87973
25417,8.26543
25418,12.4416
25419,10.9939
25420,10.0554
25421,9.12086
25422,9.05154
25423,15.8115
25424,9.46814
25425,7.5739
25426,9.98569
25427,10.4154
25428,11.7611
25429,11.1073
25430,14.1527
25431,9.90888
25432,11.258
25433,8.88749
25434,7.94538
25435,9.01046
25436,13.0322
25437,9.30748
25438,9.77632
25439,10.8071
25440,11.7289
25441,10.7459
25442,11.3739
25443,7.87661
25444,12.9318
25445,7.41633
25446,8.85804
25447,9.1407
25448,9.28102
25449,11.1374
25450,15.1532
25451,7.34832
25452,15.373
25453,10.4167
25454,11.5304
25455,6.8376
25456,8.03852
25457,10.3698
25458,8.19341
25459,9.65902
25460,14.6405
25461,15.8916
25462,10.1801
25463,12.9135
25464,12.5208
25465,8.77846
25466,7.55891
25467,10.6087
25468,8.31149
25469,9.63205
25470,14.076
25471,7.43332
25472,10.8657
25473,10.2111
25474,10.3366
25475,6.89862
25476,10.2585
25477,10.2886
25478,8.5554
25479,5.70103
25480,10.9027
25481,11.3325
25482,8.44444
25483,10.8501
25484,14.3854
25485,8.62588
25486,12.5778
25487,9.25007
25488,10.4868
25489,7.62438
25490,9.51901
25491,8.69465
25492,6.6028
25493,12.2716
25494,11.6931
25495,11.4199
25496,8.77125
25497,13.7717
25498,9.95852
25499,7.83451
25500,9.38056
25501,12.003
25502,9.49381
25503,12.1268
25504,10.7936
25505,9.63332
25506,10.1574
25507,7.4824
25508,6.77518
25509,8.63091
25510,9.06313
25511,8.51454
25512,10.6175
25513,13.6788
25514,11.3738
25515,10.8976
25516,8.06448
25517,10.1606
25518,8.2124
25519,15.096
25520,9.22173
25521,13.2302
25522,9.56691
25523,9.77956
25524,6.80366
25525,8.11351
25526,10.8284
25527,9.03173
25528,11.0563
25529,11.1458
25530,10.9826
25531,12.3862
25532,8.65067
25533,10.2276
25534,8.06829
25535,8.07915
25536,7.10589
25537,8.86879
25538,13.4211
25539,8.82987
25540,9.05524
25541,8.36568
25542,12.4707
25543,10.385
25544,11.3966
25545,10.9159
25546,11.3026
25547,11.9445
25548,9.85153
25549,12.1096
25550,9.3026
25551,8.9969
25552,10.5431
25553,8.01073
25554,9.10062
25555,7.30632
25556,11.7213
25557,6.53572
25558,11.2978
25559,11.5502
25560,11.5884
25561,7.90347
25562,9.08509
25563,9.30186
25564,9.34527
25565,9.5954
25566,10.5694
25567,10.5787
25568,8.13047
25569,9.30755
25570,12.3644
25571,7.42618
25572,7.5345
25573,9.96485
25574,8.51382
25575,9.31457
25576,11.4733
25577,9.6049
25578,11.6821
25579,9.98793
25580,9.21121
25581,11.4575
25582,9.92981
25583,13.8451
25584,14.5254
25585,13.6466
25586,15.7934
25587,14.1935
25588,9.8619
25589,9.11954
25590,9.29796
25591,6.74049
25592,9.78019
25593,16.6678
25594,8.04259
25595,8.28828
25596,8.84907
25597,9.57919
25598,9.08447
25599,12.1276
25600,12.7497
25601,11.8304
25602,13.0907
25603,10.6782
25604,10.8495
25605,9.1285
25606,8.47872
25607,10.3706
25608,9.34617
25609,8.45982
25610,12.7196
25611,10.662
25612,9.92999
25613,7.96186
25614,11.0405
25615,10.1627
25616,10.3707
25617,5.78813
25618,11.9129
25619,9.70557
25620,11.8389
25621,12.496
25622,11.5148
25623,11.4762
25624,9.35995
25625,9.71978
25626,9.73478
25627,10.2289
25628,10.5482
25629,10.8818
25630,10.5375
25631,10.7722
25632,9.82579
25633,8.10788
25634,8.19148
25635,9.24403
25636,9.91736
25637,8.92579
25638,8.03086
25639,11.0584
25640,7.49346
25641,11.5862
25642,9.20524
25643,6.47278
25644,9.6175
25645,4.43471
25646,9.47528
25647,9.86817
25648,14.8905
25649,12.6336
25650,13.3342
25651,11.5099
25652,11.8194
25653,16.3606
25654,8.22396
25655,6.66286
25656,8.68938
25657,8.45679
25658,8.1545
25659,10.204
25660,8.38914
25661,12.4124
25662,7.84132
25663,9.84975
25664,8.85818
25665,5.81266
25666,9.96101
25667,13.3631
25668,8.34144
25669,10.8506
25670,8.76343
25671,9.76192
25672,10.8813
25673,10.6031
25674,11.6591
25675,8.14837
25676,7.27264
25677,8.69338
25678,8.85372
25679,6.05634
25680,8.94678
25681,10.1542
25682,11.8509
25683,12.091
25684,10.2025
25685,10.8671
25686,10.7054
25687,10.9248
25688,12.0902
25689,8.10586
25690,11.5668
25691,12.1046
25692,7.08374
25693,10.0729
25694,15.0939
25695,10.2394
25696,11.402
25697,10.4243
25698,9.60572
25699,9.91349
25700,8.77027
25701,8.78918
25702,9.31952
25703,9.71592
25704,12.8913
25705,5.82126
25706,11.642
25707,14.6504
25708,11.7221
25709,10.7511
25710,13.3303
25711,9.67764
25712,9.69831
25713,8.21398
25714,9.9041
25715,10.156
25716,9.56514
25717,7.62022
25718,12.0999
25719,12.9578
25720,11.0749
25721,10.0247
25722,10.5896
25723,8.92651
25724,7.95593
25725,13.1146
25726,6.59793
25727,7.68285
25728,9.26787
25729,9.35148
25730,10.1825
25731,10.7612
25732,10.8018
25733,8.06112
25734,9.70667
25735,8.97359
25736,13.9915
25737,9.46312
25738,10.7597
25739,12.0949
25740,12.8906
25741,9.93113
25742,11.0292
25743,9.96798
25744,11.5034
25745,10.7047
25746,9.72563
25747,10.0473
25748,12.0557
25749,6.78655
25750,13.0421
25751,8.60082
25752,9.33386
25753,6.49831
25754,8.61111
25755,7.98569
25756,8.16456
25757,10.4495
25758,10.46
25759,7.57104
25760,10.8627
25761,11.9289
25762,9.1346
25763,8.25863
25764,9.48472
25765,11.5681
25766,9.84376
25767,16.1822
25768,9.66859
25769,12.7033
25770,8.83179
25771,9.85471
25772,12.8631
25773,10.124
25774,10.2531
25775,8.41796
25776,9.80402
25777,13.9363
25778,11.0873
25779,11.207
25780,12.3948
25781,12.5988
25782,10.6788
25783,8.39162
25784,10.7985
25785,9.17086
25786,13.7806
25787,12.2549
25788,18.4093
25789,8.58437
25790,8.74953
25791,7.08294
25792,9.24127
25793,10.2032
25794,11.0188
25795,10.1111
25796,11.7421
25797,6.91021
25798,8.88352
25799,10.5818
25800,11.3972
25801,10.6352
25802,6.73047
25803,13.6601
25804,12.6748
25805,12.9989
25806,8.01041
25807,8.38501
25808,11.3623
25809,7.0431
25810,7.47473
25811,8.41696
25812,10.5764
25813,13.9139
25814,9.22768
25815,9.32928
25816,12.8886
25817,14.0359
25818,7.36472
25819,9.64804
25820,7.40127
25821,10.4889
25822,7.69065
25823,10.5885
25824,11.6783
25825,8.35444
25826,10.4684
25827,11.7481
25828,7.87623
25829,10.4861
25830,10.5362
25831,9.12087
25832,12.9574
25833,11.1183
25834,12.8579
25835,11.8831
25836,10.563
25837,10.5755
25838,17.688
25839,8.21782
25840,8.71781
25841,8.06531
25842,8.17708
25843,8.35905
25844,9.7949
25845,9.96095
25846,9.09393
25847,10.1505
25848,13.1592
25849,11.5421
25850,11.6199
25851,12.1258
25852,11.3444
25853,9.06442
25854,8.07285
25855,11.0097
25856,8.06142
25857,9.65301
25858,7.80961
25859,9.7231
25860,6.84054
25861,10.2865
25862,7.90422
25863,9.34926
25864,11.4112
25865,8.44586
25866,11.5525
25867,7.7049
25868,6.28329
25869,8.31556
25870,8.35682
25871,9.42667
25872,12.2426
25873,9.89461
25874,15.926
25875,13.1631
25876,11.3955
25877,10.726
25878,7.32207
25879,11.0002
25880,9.79425
25881,10.6419
25882,7.71827
25883,7.952
25884,8.48499
25885,8.87645
25886,13.2618
25887,10.3563
25888,8.10651
25889,11.4404
25890,12.4488
25891,11.9995
25892,9.31075
25893,10.759
25894,10.9738
25895,12.3547
25896,8.39757
25897,11.4697
25898,11.5632
25899,11.6477
25900,11.9234
25901,6.15811
25902,8.27081
25903,13.3754
25904,8.55833
25905,14.4865
25906,8.86197
25907,9.05786
25908,11.4002
25909,9.54819
25910,16.8843
25911,11.3616
25912,12.1113
25913,12.2847
25914,11.8165
25915,14.1134
25916,7.1479
25917,15.2458
25918,14.4441
25919,9.71376
25920,8.27915
25921,8.53808
25922,15.9417
25923,6.948
25924,9.67093
25925,9.28669
25926,13.4029
25927,8.63161
25928,9.69829
25929,8.80189
25930,9.52191
25931,9.55395
25932,11.6511
25933,9.92927
25934,9.14737
25935,12.2427
25936,11.4224
25937,7.71002
25938,12.1822
25939,8.05721
25940,8.20172
25941,9.57498
25942,9.9551
25943,10.1823
25944,8.94291
25945,11.0925
25946,8.11075
25947,9.51333
25948,12.808
25949,10.0404
25950,11.1189
25951,10.4176
25952,10.5025
25953,10.9463
25954,11.1618
25955,11.6748
25956,5.68471
25957,8.12598
25958,12.9942
25959,8.46461
25960,11.6663
25961,11.8094
25962,8.74483
25963,9.67122
25964,9.68689
25965,10.9077
25966,10.0649
25967,9.10474
25968,11.7508
25969,11.7906
25970,7.89418
25971,12.16
25972,9.37879
25973,13.1282
25974,9.35022
25975,12.0241
25976,14.3884
25977,15.5041
25978,9.44125
25979,10.7858
25980,12.9034
25981,9.95771
25982,9.29505
25983,9.82457
25984,9.85102
25985,10.1226
25986,7.75265
25987,8.34685
25988,8.48036
25989,9.16745
25990,9.46533
25991,9.6579
25992,9.71616
25993,10.2098
25994,8.03073
25995,11.3305
25996,9.59628
25997,12.0211
25998,9.34972
25999,7.72383
26000,10.0677
26001,10.6819
26002,13.7659
26003,9.91803
26004,8.6492
26005,6.71134
26006,10.9192
26007,10.734
26008,8.30291
26009,12.6519
26010,10.1038
26011,12.3698
26012,12.3933
26013,11.9731
26014,8.27889
26015,7.68916
26016,8.51781
26017,8.84327
26018,6.091
26019,8.62547
26020,13.9569
26021,15.9653
26022,7.04599
26023,9.27993
26024,9.9262
26025,13.3022
26026,13.7163
26027,10.7911
26028,10.1905
26029,11.2255
26030,12.0586
26031,10.2371
26032,14.5673
26033,6.76513
26034,9.80665
26035,11.5425
26036,9.58619
26037,10.2508
26038,9.45165
26039,7.16519
26040,8.53687
26041,13.6799
26042,10.773
26043,7.61005
26044,8.48844
26045,8.45636
26046,9.26217
26047,15.437
26048,7.64425
26049,10.9409
26050,8.94944
26051,10.0732
26052,8.24534
26053,9.8265
26054,9.94548
26055,8.95898
26056,11.3421
26057,13.7224
26058,10.2764
26059,6.67458
26060,10.0486
26061,9.6328
26062,10.8162
26063,10.2209
26064,11.9147
26065,6.9802
26066,12.0903
26067,9.48913
26068,7.84144
26069,9.32212
26070,9.85528
26071,9.16024
26072,10.1707
26073,10.5715
26074,10.3502
26075,8.58599
26076,11.9887
26077,8.03386
26078,12.1338
26079,12.2991
26080,12.6796
26081,10.9448
26082,9.52564
26083,8.82389
26084,12.8884
26085,7.89681
26086,10.3014
26087,6.66165
26088,8.83676
26089,11.3406
26090,9.65512
26091,8.12238
26092,12.2245
26093,7.69073
26094,11.4781
26095,8.64596
26096,10.1505
26097,10.1787
26098,10.2589
26099,12.5255
26100,11.9486
26101,11.6227
26102,13.7066
26103,11.9866
26104,12.3506
26105,16.4961
26106,11.7174
26107,12.9781
26108,8.60975
26109,10.9936
26110,12.0102
26111,9.0462
26112,18.4712
26113,7.59199
26114,11.8467
26115,12.0024
26116,14.2434
26117,9.30794
26118,11.6604
26119,10.0032
26120,11.4009
26121,9.11098
26122,9.34869
26123,12.0627
26124,12.2494
26125,9.89632
26126,10.7544
26127,8.18665
26128,6.24456
26129,7.82609
26130,8.04889
26131,8.52615
26132,9.38542
26133,9.94747
26134,8.88019
26135,12.1398
26136,10.2876
26137,7.52969
26138,10.5736
26139,9.23766
26140,13.4245
26141,8.71555
26142,10.0618
26143,8.54942
26144,8.83303
26145,8.95304
26146,15.0064
26147,11.1425
26148,7.58845
26149,16.1169
26150,9.26132
26151,10.5958
26152,8.8015
26153,9.02076
26154,10.2677
26155,12.3094
26156,12.1273
26157,12.1806
26158,7.73619
26159,9.08146
26160,8.42805
26161,15.1641
26162,7.26112
26163,8.07432
26164,8.38832
26165,8.81779
26166,11.7036
26167,9.91194
26168,13.0841
26169,11.1165
26170,11.3448
26171,10.0621
26172,8.8091
26173,12.1578
26174,11.5329
26175,11.6721
26176,8.20663
26177,10.56
26178,11.1282
26179,10.1436
26180,10.5501
26181,12.1368
26182,8.6307
26183,7.7334
26184,9.46393
26185,9.56885
26186,10.5905
26187,7.7359
26188,11.184
26189,11.0976
26190,12.7042
26191,8.36879
26192,12.2921
26193,11.4356
26194,9.677
26195,10.751
26196,7.73305
26197,14.2078
26198,7.38136
26199,11.4206
26200,8.70171
26201,8.89894
26202,9.52407
26203,7.69648
26204,13.876
26205,13.1059
26206,10.7483
26207,10.9526
26208,7.96104
26209,13.3544
26210,15.3847
26211,9.34886
26212,7.64976
26213,8.92744
26214,7.16021
26215,6.53583
26216,9.75349
26217,10.994
26218,12.6412
26219,12.1373
26220,9.53771
26221,10.1239
26222,8.51849
26223,9.03297
26224,13.0465
26225,9.40687
26226,9.78739
26227,9.98203
26228,16.1722
26229,9.32252
26230,12.278
26231,8.41599
26232,13.0844
26233,9.7776
26234,14.6121
26235,8.77424
26236,7.70371
26237,12.7292
26238,8.33304
26239,9.78696
26240,13.0212
26241,7.17195
26242,9.30572
26243,7.75711
26244,8.42772
26245,9.56751
26246,11.7944
26247,10.6898
26248,15.9456
26249,11.3139
26250,10.0327
26251,8.16672
26252,9.6909
26253,9.57602
26254,7.96492
26255,8.57984
26256,7.65269
26257,8.88205
26258,9.42805
26259,9.68208
26260,8.96729
26261,8.1791
26262,9.35982
26263,9.50333
26264,11.6925
26265,8.75853
26266,8.24036
26267,10.2612
26268,8.63208
26269,10.9365
26270,9.48149
26271,11.4952
26272,10.1573
26273,8.67985
26274,8.95044
26275,9.55218
26276,6.78468
26277,13.8179
26278,9.97848
26279,7.19883
26280,10.6664
26281,11.5253
26282,12.6709
26283,8.51781
26284,8.51772
26285,11.446
26286,14.5816
26287,9.09836
26288,11.7868
26289,9.3151
26290,7.62984
26291,10.1996
26292,7.51088
26293,8.32106
26294,9.32949
26295,9.37722
26296,13.4608
26297,9.06464
26298,10.13
26299,10.2295
26300,10.2525
26301,9.62536
26302,10.8168
26303,13.9743
26304,11.3003
26305,12.4783
26306,12.5306
26307,11.6869
26308,13.1116
26309,13.3127
26310,9.69304
26311,6.95313
26312,7.84206
26313,7.7963
26314,10.3151
26315,9.41968
26316,13.1067
26317,11.1395
26318,6.28566
26319,10.7276
26320,7.71254
26321,9.84074
26322,8.27249
26323,10.6723
26324,8.99424
26325,13.3628
26326,13.2833
26327,8.39883
26328,11.0664
26329,10.2601
26330,13.1774
26331,8.42131
26332,9.24864
26333,9.93835
26334,10.4189
26335,7.97892
26336,10.2513
26337,8.2598
26338,6.63537
26339,7.096
26340,10.3653
26341,8.52898
26342,9.82177
26343,9.06706
26344,10.4192
26345,8.01554
26346,10.1794
26347,8.26997
26348,8.76259
26349,13.047
26350,7.60527
26351,9.64677
26352,8.42014
26353,15.6113
26354,8.67424
26355,13.2787
26356,10.8228
26357,11.7492
26358,8.9588
26359,9.14501
26360,13.4069
26361,10.1184
26362,7.48323
26363,10.7132
26364,10.6072
26365,7.71517
26366,10.839
26367,11.0519
26368,8.51186
26369,9.15181
26370,7.45106
26371,11.6233
26372,7.70264
26373,11.7253
26374,9.95568
26375,9.12021
26376,9.43218
26377,10.461
26378,10.3012
26379,12.5076
26380,10.6669
26381,11.0675
26382,11.0929
26383,10.7648
26384,13.424
26385,9.79718
26386,11.9917
26387,7.52458
26388,12.1793
26389,8.27361
26390,9.41404
26391,8.71839
26392,9.19777
26393,10.0815
26394,10.2218
26395,8.69438
26396,7.88044
26397,8.67249
26398,8.76021
26399,8.07115
26400,9.79531
26401,7.46699
26402,12.4415
26403,11.1085
26404,11.9409
26405,10.6167
26406,9.78344
26407,9.81632
26408,7.88081
26409,12.9314
26410,11.6022
26411,7.9509
26412,9.73052
26413,12.739
26414,11.7735
26415,12.5608
26416,9.96226
26417,8.54719
26418,9.49822
26419,7.71334
26420,7.9523
26421,6.97612
26422,8.50637
26423,8.07226
26424,12.2856
26425,9.07561
26426,10.1507
26427,10.252
26428,10.4676
26429,10.5421
26430,10.8913
26431,7.94889
26432,9.50189
26433,10.0639
26434,13.4214
26435,12.0705
26436,13.3042
26437,10.803
26438,8.08527
26439,8.70551
26440,8.78033
26441,9.58585
26442,9.75094
26443,9.96975
26444,8.17981
26445,7.3993
26446,14.6466
26447,11.7427
26448,12.7511
26449,7.82265
26450,12.8323
26451,9.07236
26452,7.06552
26453,7.1675
26454,10.4835
26455,10.32
26456,12.0852
26457,9.71674
26458,11.8404
26459,9.46659
26460,9.9018
26461,6.83674
26462,9.41637
26463,9.86786
26464,8.91306
26465,10.6719
26466,11.7116
26467,8.85375
26468,12.2054
26469,8.44453
26470,9.63076
26471,8.65748
26472,9.59576
26473,9.73693
26474,9.80076
26475,10.4208
26476,12.7978
26477,12.9611
26478,13.8969
26479,10.9347
26480,12.8521
26481,7.93784
26482,7.93409
26483,9.99495
26484,10.1328
26485,9.64338
26486,13.7874
26487,11.5941
26488,10.6194
26489,11.8449
26490,10.8624
26491,12.7753
26492,14.3921
26493,12.0439
26494,11.078
26495,6.44934
26496,11.8194
26497,7.08139
26498,12.538
26499,9.34446
26500,6.3529
26501,9.7332
26502,9.83445
26503,8.95256
26504,7.92531
26505,7.35421
26506,10.3909
26507,11.5067
26508,8.34613
26509,8.49818
26510,9.53263
26511,9.77734
26512,9.15249
26513,9.3616
26514,9.67068
26515,10.0247
26516,11.0685
26517,10.1981
26518,5.57068
26519,12.997
26520,8.09096
26521,8.54832
26522,13.8419
26523,14.2561
26524,9.28106
26525,7.66495
26526,9.74538
26527,9.8539
26528,8.06217
26529,10.1514
26530,11.684
26531,7.8423
26532,10.3291
26533,7.60715
26534,10.8674
26535,7.02139
26536,9.31603
26537,10.0018
26538,10.077
26539,9.78814
26540,10.8941
26541,8.93848
26542,10.9524
26543,11.0098
26544,9.13138
26545,12.3391
26546,9.90224
26547,8.92704
26548,9.21703
26549,9.37712
26550,9.75782
26551,10.5406
26552,9.51279
26553,10.6032
26554,11.6116
26555,13.6573
26556,7.88757
26557,12.9436
26558,12.0162
26559,8.35314
26560,6.41137
26561,11.5716
26562,9.0131
26563,11.3456
26564,10.6254
26565,10.8698
26566,9.13411
26567,11.4925
26568,11.2967
26569,7.66727
26570,7.25777
26571,9.46693
26572,7.91799
26573,9.56916
26574,9.69002
26575,9.90887
26576,10.1113
26577,11.7317
26578,11.4216
26579,8.81665
26580,11.8686
26581,12.1072
26582,10.3602
26583,7.77937
26584,7.84306
26585,7.67764
26586,11.1006
26587,11.2058
26588,9.63696
26589,11.7379
26590,12.6003
26591,6.84919
26592,14.9684
26593,7.03033
26594,7.66544
26595,9.79143
26596,10.7783
26597,8.96929
26598,10.0819
26599,8.58375
26600,10.6439
26601,8.87411
26602,9.66435
26603,10.9472
26604,10.0651
26605,11.1482
26606,10.4182
26607,10.6046
26608,10.7229
26609,12.7313
26610,10.9242
26611,11.1326
26612,12.3227
26613,8.85012
26614,12.596
26615,10.0862
26616,8.44184
26617,12.5583
26618,9.31202
26619,11.2865
26620,11.397
26621,8.5444
26622,10.7744
26623,7.88614
26624,8.99103
26625,15.3407
26626,10.4559
26627,12.4745
26628,6.72233
26629,9.89055
26630,5.99077
26631,8.9091
26632,8.30132
26633,9.34089
26634,8.5759
26635,8.72054
26636,9.30504
26637,10.4561
26638,9.65116
26639,7.21628
26640,10.6013
26641,9.69705
26642,9.83968
26643,11.9151
26644,13.9292
26645,10.7722
26646,11.3152
26647,8.44712
26648,12.791
26649,8.50071
26650,8.23153
26651,10.2725
26652,10.8167
26653,7.03355
26654,12.0771
26655,8.31071
26656,6.55788
26657,9.12593
26658,8.43852
26659,8.60227
26660,10.515
26661,11.0052
26662,10.0572
26663,10.5135
26664,10.8495
26665,12.1683
26666,7.81642
26667,9.00999
26668,9.50325
26669,7.61998
26670,7.65595
26671,11.7197
26672,10.778
26673,11.9228
26674,12.5539
26675,8.83126
26676,12.8259
26677,7.4415
26678,9.69395
26679,8.34843
26680,6.66445
26681,9.31267
26682,9.57645
26683,9.68681
26684,10.0293
26685,10.3683
26686,8.40158
26687,8.53606
26688,8.93484
26689,11.4438
26690,10.1139
26691,6.77218
26692,5.99371
26693,14.2873
26694,7.44831
26695,11.6928
26696,10.9735
26697,8.43862
26698,8.77585
26699,10.1956
26700,14.5237
26701,10.609
26702,10.3518
26703,10.7302
26704,8.75936
26705,13.1102
26706,9.14329
26707,12.8295
26708,8.45046
26709,7.15963
26710,11.2324
26711,11.9221
26712,9.94334
26713,8.62141
26714,8.75501
26715,9.42711
26716,9.15036
26717,9.70962
26718,11.0074
26719,12.282
26720,8.32446
26721,13.5205
26722,11.589
26723,12.2706
26724,13.4848
26725,9.88077
26726,8.61027
26727,12.7585
26728,14.1292
26729,13.5437
26730,8.70518
26731,10.9129
26732,6.9513
26733,8.01273
26734,8.14059
26735,10.1952
26736,8.135
26737,9.25202
26738,9.02359
26739,11.1498
26740,7.82225
26741,8.45962
26742,8.03699
26743,8.36645
26744,11.5538
26745,9.89071
26746,9.91595
26747,8.57798
26748,11.1285
26749,8.77625
26750,10.0768
26751,6.80857
26752,12.9159
26753,8.06922
26754,8.83261
26755,9.07187
26756,9.15344
26757,9.41666
26758,9.66391
26759,10.0267
26760,10.103
26761,9.25949
26762,9.56112
26763,9.86241
26764,7.89451
26765,11.9125
26766,9.22287
26767,7.2313
26768,9.39522
26769,11.5485
26770,11.0632
26771,9.20493
26772,7.86719
26773,10.2112
26774,11.529
26775,11.2038
26776,7.5012
26777,7.8607
26778,12.1908
26779,8.43009
26780,9.54935
26781,13.7821
26782,9.81479
26783,10.3028
26784,10.4546
26785,11.5388
26786,12.2117
26787,8.50959
26788,6.55493
26789,8.59572
26790,6.67568
26791,7.58385
26792,11.2982
26793,11.3066
26794,9.9796
26795,11.3724
26796,9.38084
26797,13.8833
26798,9.56709
26799,6.84854
26800,11.1383
26801,9.21747
26802,11.118
26803,9.68225
26804,11.5193
26805,9.24257
26806,7.09837
26807,8.4703
26808,11.6395
26809,10.0446
26810,7.13074
26811,9.49338
26812,9.90277
26813,9.13835
26814,9.40239
26815,9.98286
26816,10.119
26817,10.6801
26818,12.0572
26819,12.36
26820,12.4508
26821,13.7601
26822,8.62058
26823,6.63328
26824,8.82927
26825,15.2033
26826,10.3129
26827,12.3322
26828,9.77006
26829,9.375
26830,17.552
26831,10.7775
26832,10.1166
26833,10.2336
26834,11.3755
26835,9.07814
26836,13.2632
26837,8.2785
26838,10.534
26839,9.9591
26840,8.2967
26841,7.6253
26842,10.9272
26843,10.1936
26844,9.2714
26845,9.58948
26846,14.9171
26847,13.429
26848,10.6862
26849,15.421
26850,9.79833
26851,10.8216
26852,7.71014
26853,7.07778
26854,8.13748
26855,12.6098
26856,6.97816
26857,8.52598
26858,10.0863
26859,10.4937
26860,8.55613
26861,17.7803
26862,11.9484
26863,8.16416
26864,8.40676
26865,12.9008
26866,8.2191
26867,8.66773
26868,9.84362
26869,12.2238
26870,10.808
26871,11.9083
26872,7.01724
26873,9.4445
26874,10.4332
26875,9.73322
26876,7.58391
26877,10.9165
26878,11.3281
26879,8.56427
26880,9.69381
26881,9.89768
26882,14.1649
26883,9.19468
26884,7.64228
26885,10.6663
26886,10.6747
26887,8.45884
26888,9.05189
26889,14.155
26890,9.34527
26891,10.0154
26892,6.52158
26893,10.9695
26894,10.0637
26895,7.53368
26896,11.6216
26897,10.6803
26898,13.2242
26899,7.88467
26900,6.84304
26901,6.98345
26902,10.3019
26903,7.65034
26904,13.5193
26905,16.8981
26906,9.38653
26907,7.41427
26908,12.3394
26909,8.5621
26910,9.52155
26911,8.65531
26912,9.38834
26913,10.8628
26914,5.96016
26915,13.1721
26916,12.492
26917,9.51555
26918,14.2457
26919,10.2784
26920,11.9268
26921,11.8203
26922,6.8459
26923,14.3226
26924,10.5614
26925,12.9331
26926,8.28482
26927,10.2157
26928,9.80418
26929,9.06194
26930,11.5176
26931,10.5744
26932,12.0341
26933,12.2446
26934,12.3672
26935,9.51326
26936,9.60711
26937,10.064
26938,10.102
26939,8.18908
26940,10.5142
26941,10.683
26942,9.28569
26943,10.0343
26944,7.7536
26945,11.6752
26946,12.7258
26947,10.0001
26948,6.17653
26949,10.3868
26950,6.56607
26951,13.1411
26952,7.21826
26953,7.77944
26954,7.96708
26955,8.14433
26956,9.43226
26957,10.6143
26958,12.648
26959,8.74804
26960,9.7741
26961,10.8692
26962,10.1704
26963,12.4832
26964,13.6561
26965,7.0294
26966,11.6814
26967,12.4942
26968,12.8484
26969,10.985
26970,11.8737
26971,11.0621
26972,9.47473
26973,11.4376
26974,9.1388
26975,7.40194
26976,9.7802
26977,8.45459
26978,8.8228
26979,6.93035
26980,16.0665
26981,7.98372
26982,6.4371
26983,8.6631
26984,10.3975
26985,12.6062
26986,6.08897
26987,13.3416
26988,8.73416
26989,7.13318
26990,9.14162
26991,10.2586
26992,9.52853
26993,11.9927
26994,8.20513
26995,12.3461
26996,10.5573
26997,12.5658
26998,10.5973
26999,8.80787
27000,11.8209
27001,10.466
27002,10.6669
27003,12.7504
27004,10.8778
27005,8.93484
27006,10.5671
27007,12.4553
27008,10.9615
27009,14.1088
27010,9.39866
27011,13.6822
27012,17.6977
27013,12.1578
27014,7.62586
27015,7.29469
27016,10.3133
27017,8.48049
27018,9.07191
27019,11.1588
27020,11.2556
27021,9.3669
27022,7.05118
27023,17.3113
27024,12.6823
27025,13.0191
27026,10.1159
27027,11.2218
27028,11.2965
27029,10.0988
27030,10.5156
27031,11.2279
27032,13.1667
27033,8.19437
27034,6.87702
27035,12.4415
27036,8.57871
27037,10.68
27038,9.00333
27039,9.08363
27040,10.3487
27041,11.4073
27042,9.48133
27043,9.61305
27044,13.7227
27045,9.74905
27046,11.7575
27047,8.85274
27048,8.12562
27049,9.16654
27050,9.51262
27051,10.2883
27052,11.362
27053,6.60323
27054,12.2918
27055,6.72035
27056,9.90456
27057,11.1902
27058,10.2519
27059,10.3562
27060,8.59697
27061,7.13042
27062,11.2107
27063,9.3586
27064,10.3803
27065,10.8323
27066,15.8596
27067,10.0311
27068,8.7377
27069,8.80114
27070,9.0074
27071,13.9355
27072,10.1021
27073,10.1973
27074,11.3325
27075,10.4869
27076,13.3554
27077,11.3638
27078,12.502
27079,11.7647
27080,8.01689
27081,7.91193
27082,9.18956
27083,13.8645
27084,14.8336
27085,9.38748
27086,8.20123
27087,8.21395
27088,10.3388
27089,16.6019
27090,9.02851
27091,10.7478
27092,7.40793
27093,14.6999
27094,12.4104
27095,13.6752
27096,12.7459
27097,8.84866
27098,12.8927
27099,9.31946
27100,13.6385
27101,10.1749
27102,9.54834
27103,11.7502
27104,11.8007
27105,11.2026
27106,7.7679
27107,8.08487
27108,8.59486
27109,8.91197
27110,10.0168
27111,9.03478
27112,7.21199
27113,9.30194
27114,10.3809
27115,9.52405
27116,10.8707
27117,11.0758
27118,7.22637
27119,10.3554
27120,7.62207
27121,11.9377
27122,9.0138
27123,11.0886
27124,8.37517
27125,9.41772
27126,11.1666
27127,11.4996
27128,11.8395
27129,11.2432
27130,11.9051
27131,8.04499
27132,6.87809
27133,8.53253
27134,9.64423
27135,12.3916
27136,11.69
27137,12.0354
27138,8.21548
27139,6.45031
27140,14.6541
27141,11.7053
27142,10.1565
27143,10.2867
27144,6.37075
27145,9.99085
27146,8.13367
27147,8.43194
27148,9.14593
27149,10.001
27150,8.16612
27151,10.2404
27152,10.3296
27153,8.24561
27154,12.0004
27155,9.77203
27156,10.2384
27157,12.5833
27158,12.7557
27159,9.53422
27160,12.0954
27161,13.5445
27162,7.95867
27163,7.75211
27164,10.3678
27165,9.40829
27166,9.45323
27167,8.53915
27168,10.2617
27169,10.5416
27170,11.55
27171,12.3341
27172,13.3264
27173,12.2068
27174,11.9454
27175,9.05455
27176,10.2711
27177,11.6426
27178,12.1261
27179,8.34153
27180,12.4376
27181,11.1535
27182,8.32539
27183,9.40642
27184,10.3087
27185,8.71121
27186,8.62553
27187,9.64339
27188,7.43413
27189,4.76251
27190,11.0967
27191,9.43477
27192,8.50931
27193,11.5548
27194,11.5645
27195,11.8435
27196,7.63677
27197,8.1543
27198,7.2384
27199,8.65848
27200,11.0441
27201,12.4003
27202,8.60647
27203,10.6747
27204,7.70351
27205,12.9351
27206,11.0963
27207,11.6113
27208,11.5888
27209,10.5972
27210,14.0207
27211,10.3962
27212,12.4993
27213,14.0467
27214,10.2064
27215,10.0362
27216,6.42134
27217,13.1739
27218,7.77369
27219,9.57006
27220,15.0358
27221,8.4069
27222,9.16769
27223,11.1947
27224,10.5347
27225,6.16941
27226,7.97828
27227,8.15976
27228,12.2117
27229,8.90586
27230,9.10109
27231,11.166
27232,13.0417
27233,15.2345
27234,6.85167
27235,10.1367
27236,8.84019
27237,11.8705
27238,8.94184
27239,9.05982
27240,9.16849
27241,8.85133
27242,10.0874
27243,9.32918
27244,9.84206
27245,9.85135
27246,10.1684
27247,6.42265
27248,10.7246
27249,10.7755
27250,12.7063
27251,11.7292
27252,11.9161
27253,13.2851
27254,7.36649
27255,12.3749
27256,10.5959
27257,9.69253
27258,13.8398
27259,9.85442
27260,7.94698
27261,10.1268
27262,10.357
27263,10.4603
27264,12.7575
27265,14.955
27266,15.688
27267,10.0537
27268,12.3248
27269,7.34429
27270,12.555
27271,9.58909
27272,9.68218
27273,10.0989
27274,14.3141
27275,8.36023
27276,10.5522
27277,15.5673
27278,10.931
27279,8.01599
27280,9.42042
27281,10.9571
27282,11.4964
27283,10.6288
27284,8.10707
27285,9.75175
27286,7.96053
27287,7.9914
27288,10.9929
27289,12.8055
27290,8.29244
27291,9.09704
27292,11.3715
27293,11.493
27294,12.5529
27295,11.7643
27296,9.59221
27297,13.5395
27298,7.70241
27299,10.7317
27300,7.25004
27301,10.5987
27302,8.93455
27303,9.03728
27304,9.39698
27305,9.741
27306,9.82831
27307,10.5782
27308,10.8748
27309,12.692
27310,8.89303
27311,8.92391
27312,14.034
27313,13.5774
27314,5.76198
27315,7.39718
27316,11.0158
27317,11.1303
27318,10.2
27319,9.40022
27320,9.40865
27321,9.50235
27322,8.54934
27323,8.62508
27324,12.6861
27325,9.69449
27326,10.7876
27327,9.87543
27328,9.92597
27329,10.1152
27330,10.1302
27331,10.18
27332,10.4485
27333,10.5579
27334,10.5667
27335,10.7652
27336,10.53
27337,8.66283
27338,9.0692
27339,9.26649
27340,15.4149
27341,13.5478
27342,13.6925
27343,7.12236
27344,12.855
27345,9.30918
27346,9.45212
27347,8.70819
27348,14.2743
27349,12.0403
27350,7.48905
27351,8.6622
27352,8.82469
27353,6.09778
27354,8.37635
27355,6.60923
27356,10.7271
27357,7.98893
27358,8.32044
27359,8.3835
27360,8.81526
27361,8.90377
27362,12.0394
27363,9.34782
27364,11.4031
27365,9.6237
27366,13.1022
27367,10.8319
27368,7.98977
27369,10.0172
27370,12.8911
27371,11.4143
27372,6.67374
27373,13.8573
27374,14.1875
27375,14.6458
27376,9.74616
27377,12.8289
27378,13.2427
27379,8.69396
27380,8.92382
27381,13.409
27382,11.7098
27383,9.80791
27384,9.00186
27385,9.51459
27386,8.58223
27387,9.7642
27388,5.77263
27389,9.49312
27390,11.0767
27391,11.0908
27392,9.68512
27393,10.0998
27394,12.2005
27395,7.60011
27396,8.85391
27397,10.1635
27398,5.84899
27399,12.5138
27400,8.2432
27401,9.50636
27402,14.6778
27403,9.70769
27404,5.96132
27405,6.98396
27406,7.03249
27407,6.95535
27408,9.04613
27409,9.15071
27410,9.45283
27411,9.14565
27412,9.35244
27413,10.3737
27414,10.4062
27415,8.60981
27416,9.76154
27417,11.3106
27418,9.59682
27419,10.6724
27420,9.86013
27421,10.9189
27422,11.1213
27423,10.395
27424,12.5938
27425,11.8038
27426,9.83479
27427,12.9601
27428,10.0792
27429,12.8486
27430,14.0651
27431,7.70661
27432,14.3349
27433,10.8664
27434,7.5202
27435,6.67693
27436,7.94368
27437,15.6093
27438,9.49718
27439,9.73268
27440,10.2946
27441,12.2212
27442,11.7897
27443,6.69725
27444,9.34976
27445,9.17669
27446,8.64563
27447,11.2554
27448,9.93094
27449,13.7158
27450,10.2753
27451,11.335
27452,11.568
27453,9.11567
27454,9.16907
27455,10.7355
27456,11.0944
27457,8.85133
27458,11.8598
27459,9.8864
27460,8.64582
27461,9.0253
27462,8.6401
27463,7.79959
27464,8.84358
27465,8.37419
27466,7.75418
27467,7.93929
27468,10.2877
27469,9.44314
27470,9.79114
27471,12.4672
27472,14.5443
27473,10.0078
27474,10.4747
27475,10.8282
27476,16.9227
27477,8.87104
27478,9.67441
27479,11.2179
27480,6.37588
27481,6.80325
27482,7.74591
27483,8.86323
27484,7.00323
27485,10.1056
27486,7.27966
27487,15.8289
27488,12.9414
27489,11.6237
27490,10.7602
27491,12.1949
27492,13.2923
27493,11.1521
27494,7.8481
27495,9.06646
27496,9.07489
27497,9.15039
27498,10.6249
27499,14.7615
27500,10.77
27501,12.4426
27502,12.3677
27503,13.491
27504,15.177
27505,10.5066
27506,10.9781
27507,9.0018
27508,9.04703
27509,9.91228
27510,10.0865
27511,10.1217
27512,7.76084
27513,7.67085
27514,6.94436
27515,8.4586
27516,10.3187
27517,8.39127
27518,12.0076
27519,12.1536
27520,9.32126
27521,7.76775
27522,7.01381
27523,6.256
27524,9.15295
27525,9.44492
27526,15.5959
27527,15.0817
27528,9.10254
27529,8.36976
27530,12.653
27531,10.7014
27532,7.13591
27533,13.4708
27534,6.66316
27535,9.70178
27536,9.20996
27537,9.32061
27538,10.671
27539,10.6912
27540,10.9609
27541,11.7723
27542,8.16954
27543,9.13523
27544,7.38161
27545,10.0982
27546,12.6251
27547,9.65978
27548,9.03851
27549,11.1508
27550,9.57878
27551,14.484
27552,7.7831
27553,7.04662
27554,14.1685
27555,7.8792
27556,8.81916
27557,10.4253
27558,8.54094
27559,7.9666
27560,8.20652
27561,8.24533
27562,10.4573
27563,11.8297
27564,10.0824
27565,9.11935
27566,10.147
27567,9.76127
27568,11.2613
27569,10.3286
27570,7.4911
27571,7.83986
27572,13.7615
27573,9.60681
27574,14.6152
27575,12.6901
27576,10.4638
27577,5.15467
27578,12.2593
27579,7.66443
27580,12.9964
27581,9.45571
27582,9.32448
27583,11.2548
27584,9.66986
27585,10.4853
27586,8.28031
27587,12.048
27588,13.2026
27589,9.15137
27590,8.60795
27591,9.07153
27592,7.00356
27593,8.01861
27594,12.1928
27595,12.3765
27596,9.05376
27597,7.64209
27598,11.0672
27599,9.77296
27600,10.0038
27601,9.41141
27602,12.2479
27603,9.34394
27604,10.4073
27605,9.88119
27606,13.3101
27607,8.64954
27608,11.7824
27609,11.978
27610,14.1506
27611,7.20058
27612,9.30303
27613,10.0833
27614,9.2807
27615,10.613
27616,10.8278
27617,11.0064
27618,6.24902
27619,10.2689
27620,14.3403
27621,8.22001
27622,7.51825
27623,12.5506
27624,13.0261
27625,9.03455
27626,8.38617
27627,8.50642
27628,9.63409
27629,10.5138
27630,10.6873
27631,12.0171
27632,12.3638
27633,14.2952
27634,13.3495
27635,8.6806
27636,18.7142
27637,9.97586
27638,9.13975
27639,16.2478
27640,9.30325
27641,10.4264
27642,13.0071
27643,10.1256
27644,10.1464
27645,12.273
27646,15.5076
27647,12.2947
27648,11.4628
27649,6.51511
27650,8.70573
27651,11.1149
27652,9.92806
27653,10.251
27654,11.1058
27655,12.3185
27656,12.7669
27657,8.54739
27658,8.88484
27659,9.00502
27660,10.4694
27661,5.85874
27662,9.19673
27663,11.5412
27664,12.899
27665,11.0826
27666,12.1183
27667,9.26322
27668,8.28477
27669,14.271
27670,5.67228
27671,12.6852
27672,10.6936
27673,12.1022
27674,10.1256
27675,8.5435
27676,9.35631
27677,10.3065
27678,11.4213
27679,8.99895
27680,11.3114
27681,9.74078
27682,8.74921
27683,8.77875
27684,9.88266
27685,14.7782
27686,9.01145
27687,10.4077
27688,12.6755
27689,9.7153
27690,8.25676
27691,8.8548
27692,8.99241
27693,9.28875
27694,9.84039
27695,10.1304
27696,8.90678
27697,7.17203
27698,11.4911
27699,12.0556
27700,12.0759
27701,8.89168
27702,9.1259
27703,11.1936
27704,13.202
27705,13.4769
27706,8.61414
27707,9.88081
27708,12.1274
27709,7.6641
27710,7.16868
27711,7.37056
27712,11.9077
27713,14.0511
27714,12.1617
27715,11.4862
27716,8.63315
27717,9.94947
27718,7.71124
27719,11.0529
27720,15.6381
27721,8.71379
27722,7.72677
27723,13.7352
27724,8.90953
27725,11.9289
27726,8.94444
27727,8.04714
27728,9.25914
27729,8.41601
27730,8.68503
27731,13.7664
27732,7.80926
27733,8.90865
27734,7.9461
27735,12.98
27736,10.206
27737,13.3548
27738,8.57805
27739,9.81741
27740,13.1556
27741,11.1687
27742,10.2298
27743,10.4792
27744,8.57517
27745,10.6242
27746,16.6791
27747,11.6972
27748,8.79941
27749,11.7241
27750,11.8371
27751,6.62307
27752,8.52623
27753,8.79068
27754,7.70135
27755,8.06502
27756,16.3368
27757,11.0723
27758,9.65869
27759,8.5825
27760,13.239
27761,10.7531
27762,13.7794
27763,12.1219
27764,13.912
27765,13.0382
27766,8.26649
27767,11.9296
27768,10.3768
27769,6.95544
27770,11.2262
27771,6.58174
27772,12.5911
27773,12.909
27774,10.1087
27775,7.89543
27776,8.83558
27777,9.56168
27778,9.88945
27779,10.9699
27780,11.1523
27781,9.20463
27782,7.85302
27783,8.99452
27784,11.7354
27785,9.81387
27786,9.92877
27787,12.5018
27788,12.7243
27789,15.9314
27790,8.3055
27791,8.46627
27792,8.04495
27793,7.47859
27794,9.6081
27795,8.63719
27796,9.38276
27797,8.14532
27798,13.5148
27799,9.75829
27800,8.10655
27801,9.58069
27802,9.81066
27803,7.84101
27804,14.5215
27805,10.629
27806,11.3479
27807,5.90365
27808,7.94775
27809,10.3707
27810,10.6372
27811,9.66657
27812,10.3496
27813,11.4816
27814,7.42383
27815,10.6414
27816,11.8589
27817,8.26614
27818,9.21098
27819,8.256
27820,10.3077
27821,11.6838
27822,12.3707
27823,11.5558
27824,8.70722
27825,8.11396
27826,9.57941
27827,10.7915
27828,12.9184
27829,9.64645
27830,11.0201
27831,9.22985
27832,12.3938
27833,13.0082
27834,8.2277
27835,8.90248
27836,10.9725
27837,8.99936
27838,11.1654
27839,8.82168
27840,10.9897
27841,10.4454
27842,10.864
27843,11.0355
27844,12.6582
27845,12.5762
27846,11.5929
27847,8.15286
27848,7.21141
27849,8.4916
27850,9.0147
27851,10.1423
27852,8.05519
27853,6.43961
27854,13.2774
27855,10.5307
27856,8.56417
27857,10.0544
27858,7.69934
27859,7.74921
27860,8.03627
27861,8.51689
27862,8.54248
27863,9.03795
27864,12.1062
27865,12.2966
27866,7.40531
27867,9.50521
27868,10.3661
27869,11.5806
27870,8.58903
27871,8.00738
27872,8.04605
27873,12.2123
27874,12.7244
27875,12.9425
27876,9.95505
27877,14.6483
27878,9.71103
27879,7.33452
27880,8.08911
27881,12.1977
27882,12.288
27883,9.99999
27884,9.1715
27885,13.2374
27886,10.663
27887,12.0644
27888,11.1827
27889,13.2209
27890,13.4915
27891,8.06082
27892,7.47213
27893,9.6471
27894,13.1885
27895,10.7852
27896,10.5306
27897,10.9233
27898,7.94025
27899,9.77703
27900,9.04741
27901,7.63607
27902,7.33541
27903,9.21966
27904,8.44091
27905,7.897
27906,8.80669
27907,11.262
27908,11.5679
27909,10.7737
27910,6.83662
27911,10.0886
27912,10.0971
27913,12.8013
27914,10.9012
27915,11.0673
27916,11.1726
27917,8.23732
27918,11.5552
27919,13.6605
27920,8.69525
27921,14.1038
27922,12.6475
27923,13.9135
27924,12.9688
27925,9.55459
27926,9.66098
27927,12.4677
27928,8.74918
27929,10.3968
27930,10.7785
27931,8.88367
27932,6.05208
27933,11.084
27934,9.77686
27935,7.51638
27936,9.32558
27937,11.3944
27938,12.4058
27939,14.0959
27940,8.32758
27941,8.64863
27942,10.04
27943,13.0597
27944,7.23659
27945,8.30962
27946,8.95208
27947,8.99396
27948,9.36095
27949,8.65843
27950,8.9547
27951,9.05433
27952,9.90021
27953,10.4565
27954,10.548
27955,11.8323
27956,12.9829
27957,10.9971
27958,12.3024
27959,7.19687
27960,12.4183
27961,7.98585
27962,8.63673
27963,8.69187
27964,7.78422
27965,9.18683
27966,8.73832
27967,8.97869
27968,11.2833
27969,10.7104
27970,12.3485
27971,9.75369
27972,9.00574
27973,12.0558
27974,7.66364
27975,11.0406
27976,7.81726
27977,9.5786
27978,9.71099
27979,8.8494
27980,9.13993
27981,10.6472
27982,7.74048
27983,11.5348
27984,9.64666
27985,10.7355
27986,8.88957
27987,11.9548
27988,10.3741
27989,10.2112
27990,8.54172
27991,14.6286
27992,8.07085
27993,8.78576
27994,15.0342
27995,9.61078
27996,9.62352
27997,9.75828
27998,10.1176
27999,10.3563
28000,10.9362
28001,11.3484
28002,6.82763
28003,12.5862
28004,12.8535
28005,8.59089
28006,8.03389
28007,10.0464
28008,8.30653
28009,12.4177
28010,10.5238
28011,10.4225
28012,8.9412
28013,10.9631
28014,15.4749
28015,10.5327
28016,11.4766
28017,9.98932
28018,11.3962
28019,9.97797
28020,11.1115
28021,11.6356
28022,11.1545
28023,9.63306
28024,9.24113
28025,10.1624
28026,9.57866
28027,13.1524
28028,8.37833
28029,7.77116
28030,6.22672
28031,8.44863
28032,11.6431
28033,14.059
28034,10.486
28035,10.6154
28036,8.70829
28037,10.9517
28038,10.7696
28039,13.8562
28040,11.2038
28041,12.9077
28042,6.14497
28043,8.52042
28044,11.6925
28045,10.813
28046,8.36848
28047,5.5275
28048,8.89072
28049,7.10382
28050,9.39256
28051,10.9956
28052,10.1144
28053,14.9816
28054,8.07558
28055,16.7071
28056,13.4427
28057,9.93167
28058,9.14489
28059,10.5685
28060,11.258
28061,12.3583
28062,13.1953
28063,8.25181
28064,11.9848
28065,13.0754
28066,7.29002
28067,10.0209
28068,7.53424
28069,10.1334
28070,11.1724
28071,5.63592
28072,8.12055
28073,8.56338
28074,10.9505
28075,8.36357
28076,6.77123
28077,7.32861
28078,8.37541
28079,8.40402
28080,10.5527
28081,8.57848
28082,10.0937
28083,7.7337
28084,11.8048
28085,11.2536
28086,11.7753
28087,12.4877
28088,12.9277
28089,8.50948
28090,12.9863
28091,9.53684
28092,7.36429
28093,8.48545
28094,6.79762
28095,8.00543
28096,8.03371
28097,8.11336
28098,10.8145
28099,10.9856
28100,9.14454
28101,9.4298
28102,11.6463
28103,9.86335
28104,10.6124
28105,10.6652
28106,8.79743
28107,9.28691
28108,8.50313
28109,10.6359
28110,11.0607
28111,10.1355
28112,13.0685
28113,6.72268
28114,11.8389
28115,8.57789
28116,12.5234
28117,10.133
28118,8.8156
28119,8.44571
28120,9.63448
28121,10.6406
28122,13.6971
28123,9.06179
28124,10.0927
28125,9.48892
28126,7.69007
28127,8.77046
28128,8.29926
28129,8.67221
28130,11.1673
28131,9.19134
28132,8.375
28133,8.68101
28134,6.7513
28135,12.0434
28136,8.2262
28137,10.5576
28138,10.6518
28139,6.4677
28140,11.9706
28141,13.0653
28142,10.2753
28143,9.30408
28144,10.4906
28145,12.2513
28146,11.6282
28147,11.9665
28148,12.3962
28149,9.16748
28150,7.24092
28151,13.5018
28152,9.6757
28153,10.762
28154,9.09104
28155,15.7904
28156,12.7988
28157,17.9715
28158,12.2326
28159,8.86178
28160,11.1464
28161,9.32625
28162,6.36429
28163,12.3813
28164,10.4947
28165,9.5382
28166,11.2152
28167,11.25
28168,9.48682
28169,10.3741
28170,8.00784
28171,14.8125
28172,8.88457
28173,10.1998
28174,10.5597
28175,12.7899
28176,10.8615
28177,11.4822
28178,8.4461
28179,8.50765
28180,10.1601
28181,11.6687
28182,12.304
28183,11.5361
28184,11.8261
28185,7.70014
28186,6.19824
28187,12.0561
28188,9.9187
28189,8.12551
28190,9.86901
28191,12.2977
28192,10.5032
28193,8.70822
28194,11.1788
28195,9.55327
28196,9.80608
28197,10.9551
28198,13.2276
28199,10.942
28200,9.1985
28201,10.3462
28202,7.58501
28203,10.4428
28204,11.451
28205,12.0764
28206,10.1403
28207,10.5924
28208,10.0117
28209,8.10646
28210,7.25938
28211,7.47389
28212,8.69179
28213,10.5911
28214,11.2288
28215,7.53502
28216,10.1301
28217,7.31018
28218,11.0681
28219,12.4583
28220,13.4571
28221,10.8559
28222,8.88508
28223,11.7482
28224,11.9769
28225,8.97225
28226,7.89946
28227,8.90789
28228,9.01378
28229,10.4995
28230,8.64232
28231,11.1113
28232,10.2031
28233,9.25298
28234,10.6505
28235,9.65893
28236,11.1571
28237,12.3546
28238,10.7328
28239,8.4513
28240,13.896
28241,7.1693
28242,12.4629
28243,9.72521
28244,9.3358
28245,8.72622
28246,9.51166
28247,10.9662
28248,8.6031
28249,9.63248
28250,10.7434
28251,8.84819
28252,13.7686
28253,9.26265
28254,11.7648
28255,10.527
28256,8.67629
28257,9.60989
28258,11.9416
28259,11.7659
28260,7.85294
28261,10.8972
28262,10.0212
28263,7.08893
28264,8.35225
28265,8.67391
28266,8.47289
28267,14.918
28268,8.92644
28269,8.11542
28270,10.5986
28271,9.91341
28272,11.5233
28273,10.7301
28274,8.17335
28275,11.9727
28276,8.22057
28277,12.3255
28278,15.0672
28279,10.7508
28280,11.1258
28281,10.149
28282,11.3366
28283,7.93844
28284,10.2001
28285,9.26058
28286,8.58453
28287,9.32403
28288,10.7551
28289,12.3742
28290,9.34104
28291,13.4882
28292,15.9904
28293,9.36523
28294,8.02899
28295,8.13787
28296,10.3598
28297,9.33466
28298,9.62283
28299,10.0158
28300,12.0857
28301,8.4529
28302,9.66484
28303,10.475
28304,13.8288
28305,7.83722
28306,9.14094
28307,9.16545
28308,7.51723
28309,13.2294
28310,11.6456
28311,8.2029
28312,8.26517
28313,8.37434
28314,12.7252
28315,13.0508
28316,12.3881
28317,9.55009
28318,13.7469
28319,8.69395
28320,10.4916
28321,9.4464
28322,9.38444
28323,15.67
28324,8.69189
28325,10.0326
28326,7.39592
28327,11.1513
28328,9.90057
28329,8.91149
28330,9.53841
28331,11.1052
28332,10.4386
28333,8.6061
28334,10.7307
28335,11.7854
28336,10.8185
28337,12.5702
28338,13.0118
28339,10.1642
28340,12.6791
28341,8.89561
28342,10.9311
28343,11.1073
28344,11.1548
28345,9.3399
28346,13.136
28347,10.2954
28348,9.58036
28349,5.82167
28350,8.84698
28351,9.33848
28352,9.72109
28353,10.2121
28354,11.3063
28355,10.5168
28356,10.7258
28357,11.2473
28358,8.29783
28359,13.7299
28360,14.3423
28361,14.7034
28362,11.0962
28363,9.37578
28364,18.642
28365,10.8253
28366,11.2307
28367,12.892
28368,8.98477
28369,7.37076
28370,14.0876
28371,10.3269
28372,8.33534
28373,11.4083
28374,8.35083
28375,9.44083
28376,9.49264
28377,8.7432
28378,9.90285
28379,10.4137
28380,9.88387
28381,12.0283
28382,8.40461
28383,10.2309
28384,14.8177
28385,8.83881
28386,14.0888
28387,10.5177
28388,9.68222
28389,11.503
28390,12.735
28391,10.7569
28392,12.562
28393,7.98487
28394,11.5363
28395,10.6442
28396,11.6692
28397,10.6777
28398,12.0718
28399,11.1156
28400,12.3821
28401,6.52718
28402,9.29613
28403,5.89848
28404,6.14943
28405,9.64777
28406,6.81706
28407,10.0728
28408,10.1104
28409,12.3114
28410,9.46916
28411,9.72428
28412,12.8137
28413,11.3885
28414,9.55048
28415,7.61202
28416,10.8354
28417,10.9335
28418,11.6345
28419,13.6459
28420,9.84729
28421,7.68125
28422,10.2996
28423,11.2476
28424,9.49907
28425,12.1873
28426,12.2764
28427,9.75451
28428,8.89485
28429,6.74743
28430,10.1824
28431,8.99794
28432,9.33751
28433,9.4126
28434,12.5092
28435,8.9059
28436,10.41
28437,10.4624
28438,10.7966
28439,12.4057
28440,9.51088
28441,6.74681
28442,11.5711
28443,10.1979
28444,8.37124
28445,14.8085
28446,9.82522
28447,10.1315
28448,9.50513
28449,11.5919
28450,14.659
28451,9.71731
28452,10.3326
28453,14.5404
28454,12.5489
28455,11.8857
28456,9.51681
28457,10.333
28458,7.59203
28459,7.83726
28460,10.3342
28461,12.3426
28462,10.9613
28463,16.0538
28464,9.22644
28465,13.467
28466,9.81297
28467,12.3382
28468,8.18027
28469,8.30752
28470,9.97473
28471,8.37515
28472,9.02494
28473,7.50184
28474,9.93707
28475,12.4881
28476,10.6448
28477,10.9094
28478,9.92657
28479,10.351
28480,8.92552
28481,11.489
28482,10.8042
28483,14.323
28484,8.67282
28485,10.3089
28486,10.7601
28487,11.449
28488,9.03626
28489,9.51713
28490,8.87851
28491,7.13528
28492,9.29375
28493,7.43127
28494,10.2089
28495,7.45108
28496,8.45951
28497,8.43339
28498,7.81898
28499,9.99174
28500,10.401
28501,10.565
28502,8.40447
28503,8.86613
28504,10.5299
28505,9.84985
28506,13.5743
28507,14.2816
28508,8.91866
28509,9.05271
28510,9.93047
28511,12.1557
28512,10.5011
28513,15.6587
28514,9.32732
28515,11.9243
28516,7.0019
28517,9.34368
28518,9.43192
28519,12.9026
28520,10.911
28521,8.17454
28522,7.32482
28523,10.4759
28524,8.52473
28525,9.5703
28526,12.1214
28527,10.2903
28528,10.0772
28529,10.7036
28530,12.8603
28531,12.8848
28532,12.9583
28533,9.37168
28534,15.6688
28535,11.6031
28536,11.6245
28537,9.0695
28538,11.1449
28539,9.33629
28540,9.36954
28541,8.40421
28542,9.79594
28543,10.2987
28544,8.24898
28545,8.4335
28546,8.77812
28547,6.54873
28548,14.844
28549,10.9332
28550,8.21781
28551,14.5711
28552,9.06345
28553,9.19163
28554,11.2333
28555,9.57849
28556,9.59263
28557,12.2508
28558,10.7073
28559,11.39
28560,11.4526
28561,9.4969
28562,8.43188
28563,7.8475
28564,9.10622
28565,8.62034
28566,10.5458
28567,11.5577
28568,10.6307
28569,10.7899
28570,11.8137
28571,10.4599
28572,10.572
28573,9.58043
28574,10.609
28575,10.348
28576,9.52601
28577,6.81695
28578,12.8047
28579,8.42722
28580,12.4164
28581,9.42876
28582,9.15015
28583,9.48368
28584,9.2036
28585,10.3588
28586,8.59184
28587,12.66
28588,13.489
28589,12.7242
28590,9.93932
28591,8.97223
28592,9.71741
28593,11.0167
28594,13.2949
28595,7.32589
28596,8.47767
28597,8.25884
28598,8.5723
28599,7.38486
28600,7.699
28601,9.77114
28602,10.8881
28603,13.4628
28604,10.5806
28605,9.95629
28606,6.09413
28607,9.23906
28608,10.2591
28609,9.3749
28610,9.54745
28611,10.8675
28612,12.2649
28613,7.20889
28614,13.451
28615,7.6294
28616,8.52418
28617,8.18966
28618,8.57887
28619,9.03118
28620,9.06711
28621,11.1878
28622,10.2821
28623,9.48769
28624,9.60557
28625,11.6576
28626,12.6033
28627,9.63329
28628,8.41506
28629,8.51195
28630,7.57527
28631,9.74291
28632,10.7792
28633,8.02116
28634,11.2009
28635,9.38408
28636,9.60661
28637,14.4459
28638,7.8892
28639,11.2751
28640,8.55266
28641,9.37667
28642,9.72141
28643,10.8173
28644,6.80345
28645,8.69046
28646,9.54233
28647,10.2234
28648,10.7822
28649,11.5389
28650,12.1151
28651,10.4957
28652,10.5165
28653,8.63887
28654,9.78128
28655,10.4002
28656,13.4137
28657,11.7575
28658,12.081
28659,12.1328
28660,12.5337
28661,10.5422
28662,12.7897
28663,9.89839
28664,8.75155
28665,12.8934
28666,10.9193
28667,14.7203
28668,11.2983
28669,13.3738
28670,12.2048
28671,9.36894
28672,9.57874
28673,9.20577
28674,9.76185
28675,9.36573
28676,11.3013
28677,9.74937
28678,11.7578
28679,7.83228
28680,12.2143
28681,13.5784
28682,13.3629
28683,6.84563
28684,10.1456
28685,11.3635
28686,10.825
28687,11.0824
28688,12.6816
28689,13.5627
28690,11.5983
28691,6.98122
28692,12.0832
28693,10.3414
28694,11.4092
28695,9.46819
28696,8.91924
28697,9.18727
28698,11.9467
28699,11.169
28700,10.5256
28701,8.70985
28702,8.52577
28703,7.50301
28704,12.3786
28705,10.1875
28706,14.4555
28707,11.8603
28708,9.00407
28709,6.72394
28710,7.41672
28711,10.7285
28712,8.03304
28713,9.0686
28714,9.54904
28715,10.0272
28716,9.12011
28717,10.0455
28718,10.3829
28719,8.83206
28720,10.4969
28721,8.91963
28722,12.4083
28723,11.0366
28724,13.423
28725,10.9626
28726,9.30357
28727,8.63982
28728,11.9739
28729,8.30707
28730,14.8867
28731,10.6881
28732,9.81577
28733,7.32553
28734,15.4098
28735,9.61551
28736,8.71667
28737,8.88681
28738,10.1264
28739,10.5452
28740,8.84849
28741,9.01217
28742,11.4743
28743,9.65625
28744,10.0465
28745,16.3461
28746,11.3687
28747,11.4643
28748,8.55083
28749,5.55364
28750,9.96363
28751,7.23077
28752,6.86579
28753,6.99953
28754,9.38208
28755,9.43103
28756,7.54765
28757,9.52994
28758,8.61376
28759,12.6418
28760,9.7115
28761,8.87537
28762,10.5065
28763,9.5336
28764,12.1845
28765,5.2372
28766,10.949
28767,10.959
28768,11.2108
28769,8.99561
28770,12.0277
28771,13.1069
28772,8.36145
28773,8.62483
28774,14.0863
28775,10.4945
28776,9.57589
28777,10.6116
28778,10.9659
28779,10.2882
28780,6.57682
28781,10.6514
28782,7.88386
28783,11.0019
28784,9.16624
28785,7.18616
28786,12.5563
28787,9.60151
28788,13.8066
28789,9.92372
28790,11.1499
28791,7.72329
28792,8.08099
28793,9.67569
28794,12.7392
28795,9.78688
28796,11.3877
28797,10.1607
28798,10.347
28799,12.31
28800,14.0542
28801,8.22079
28802,8.93724
28803,9.83493
28804,8.91241
28805,8.96706
28806,9.98889
28807,8.41765
28808,9.49219
28809,8.59389
28810,9.66088
28811,10.8606
28812,11.1711
28813,8.48705
28814,9.83886
28815,12.4692
28816,8.57782
28817,9.75819
28818,12.1676
28819,13.6321
28820,13.6836
28821,12.0397
28822,11.6245
28823,9.9084
28824,10.2411
28825,10.3083
28826,10.3614
28827,14.4832
28828,10.7846
28829,8.04864
28830,11.0571
28831,11.5981
28832,14.3091
28833,9.57152
28834,8.82493
28835,11.5973
28836,9.80448
28837,10.6191
28838,11.388
28839,7.8697
28840,10.2127
28841,11.9414
28842,20.0482
28843,15.467
28844,11.7639
28845,8.40735
28846,7.98389
28847,13.2537
28848,7.44434
28849,10.0134
28850,7.43752
28851,7.62218
28852,7.33442
28853,7.59401
28854,7.34375
28855,9.51893
28856,14.5359
28857,9.30062
28858,14.5751
28859,11.6465
28860,9.80079
28861,10.402
28862,6.59214
28863,7.45811
28864,10.9363
28865,13.1908
28866,8.59189
28867,11.6724
28868,8.70122
28869,8.82349
28870,8.98504
28871,9.45903
28872,13.9293
28873,9.96054
28874,10.1039
28875,9.7321
28876,11.2184
28877,11.8131
28878,7.9316
28879,11.676
28880,11.7458
28881,8.92279
28882,9.14914
28883,8.16297
28884,11.4714
28885,10.8513
28886,14.0951
28887,12.1864
28888,14.0215
28889,11.709
28890,12.7175
28891,7.9239
28892,8.61084
28893,11.5795
28894,8.75416
28895,12.7245
28896,12.8824
28897,7.39349
28898,9.87565
28899,11.1068
28900,8.60134
28901,9.6464
28902,8.75813
28903,8.85696
28904,10.3606
28905,11.5695
28906,11.2174
28907,7.36444
28908,9.05487
28909,11.233
28910,12.0534
28911,12.2039
28912,12.4455
28913,8.97553
28914,15.6241
28915,15.7046
28916,10.5722
28917,7.69198
28918,9.33224
28919,7.37301
28920,11.36
28921,11.2575
28922,12.2659
28923,8.39864
28924,8.70323
28925,8.79598
28926,10.1186
28927,13.3703
28928,9.32907
28929,11.8338
28930,9.92062
28931,8.81012
28932,9.85167
28933,10.1547
28934,10.9353
28935,13.4676
28936,10.292
28937,11.0253
28938,13.7385
28939,8.74695
28940,8.81488
28941,9.03345
28942,10.2041
28943,8.45342
28944,9.43282
28945,8.52098
28946,9.12097
28947,11.7488
28948,7.09105
28949,13.4713
28950,8.6246
28951,13.0302
28952,11.6001
28953,11.1377
28954,8.87664
28955,6.93724
28956,13.6061
28957,7.04253
28958,9.54617
28959,8.83717
28960,9.41361
28961,10.036
28962,10.0444
28963,10.1582
28964,10.3755
28965,11.6515
28966,11.0106
28967,10.3851
28968,8.72808
28969,9.52393
28970,9.75571
28971,8.18344
28972,13.2594
28973,12.1412
28974,9.72181
28975,10.8659
28976,8.9047
28977,13.2456
28978,9.26507
28979,13.8923
28980,10.1104
28981,9.28832
28982,11.2567
28983,7.45384
28984,10.2518
28985,6.85132
28986,11.2934
28987,9.37701
28988,9.78999
28989,10.7894
28990,13.6362
28991,10.0191
28992,7.73419
28993,12.7811
28994,9.73168
28995,9.91179
28996,14.4002
28997,7.45893
28998,9.94426
28999,7.1432
29000,10.4832
29001,8.85226
29002,9.21726
29003,10.4982
29004,13.0578
29005,9.31122
29006,9.39737
29007,8.55391
29008,8.77117
29009,11.8115
29010,10.3007
29011,8.81598
29012,12.3632
29013,12.7232
29014,10.2864
29015,12.165
29016,15.5634
29017,10.6793
29018,15.6436
29019,9.30131
29020,11.9069
29021,10.1537
29022,8.62118
29023,9.20128
29024,9.42544
29025,10.1005
29026,10.3368
29027,9.50841
29028,10.5769
29029,12.5875
29030,7.88688
29031,11.2666
29032,10.9001
29033,11.8803
29034,7.98969
29035,12.0367
29036,14.5113
29037,11.1397
29038,8.38009
29039,9.39107
29040,12.539
29041,8.68508
29042,10.5838
29043,11.9921
29044,9.07338
29045,11.1698
29046,8.17823
29047,7.85717
29048,9.21288
29049,8.22132
29050,8.22975
29051,8.41655
29052,10.4669
29053,8.78333
29054,9.7317
29055,9.85679
29056,10.0532
29057,10.0746
29058,10.3103
29059,8.50023
29060,10.6002
29061,11.3497
29062,11.9536
29063,7.9686
29064,12.702
29065,10.7379
29066,10.9599
29067,11.2678
29068,12.539
29069,9.77263
29070,10.0405
29071,9.33012
29072,11.0702
29073,11.5826
29074,9.78452
29075,11.0159
29076,13.329
29077,11.0972
29078,9.11708
29079,9.24919
29080,9.26074
29081,9.60876
29082,9.90977
29083,6.31074
29084,10.3788
29085,7.6106
29086,9.64361
29087,8.34457
29088,10.3991
29089,13.4807
29090,13.5531
29091,9.5699
29092,9.12028
29093,11.4196
29094,10.2676
29095,11.2259
29096,9.38391
29097,9.88616
29098,9.9056
29099,7.32271
29100,13.4783
29101,12.5946
29102,8.96949
29103,9.02073
29104,16.3872
29105,9.46028
29106,10.0665
29107,13.3846
29108,11.5597
29109,12.7187
29110,12.7837
29111,11.3303
29112,13.1288
29113,8.24041
29114,7.00475
29115,7.08855
29116,7.77432
29117,7.9272
29118,7.18201
29119,9.64229
29120,10.1422
29121,10.1506
29122,8.22314
29123,10.3942
29124,11.3405
29125,12.0525
29126,12.5621
29127,11.0495
29128,11.123
29129,9.17114
29130,9.51681
29131,14.5737
29132,10.1159
29133,10.3763
29134,10.6106
29135,10.7962
29136,9.31492
29137,9.77434
29138,9.21794
29139,11.4799
29140,7.99235
29141,10.0477
29142,10.7092
29143,11.8441
29144,7.59821
29145,10.6567
29146,11.0114
29147,8.20132
29148,8.38367
29149,10.4815
29150,9.56861
29151,9.68848
29152,10.3315
29153,11.8767
29154,12.3191
29155,8.20437
29156,15.3864
29157,10.254
29158,15.4402
29159,7.73349
29160,8.22906
29161,8.7599
29162,8.7874
29163,8.03073
29164,10.28
29165,10.3199
29166,10.4125
29167,11.7837
29168,11.0989
29169,11.2443
29170,11.9817
29171,13.4207
29172,12.5037
29173,7.95316
29174,16.0931
29175,7.76949
29176,7.79782
29177,6.36852
29178,6.40303
29179,9.69244
29180,7.68117
29181,9.15955
29182,8.34862
29183,9.37242
29184,10.7847
29185,9.08806
29186,9.16928
29187,9.44859
29188,7.88993
29189,10.6988
29190,10.9351
29191,7.08087
29192,9.64672
29193,9.75311
29194,11.8791
29195,9.42082
29196,10.6281
29197,8.77111
29198,8.17301
29199,10.8391
29200,8.268
29201,15.3048
29202,11.4278
29203,8.96457
29204,6.34111
29205,11.3653
29206,10.5689
29207,15.7665
29208,13.1002
29209,9.315
29210,9.78019
29211,7.88682
29212,8.60997
29213,12.8556
29214,9.38039
29215,9.48507
29216,9.50395
29217,9.70113
29218,9.74818
29219,9.82022
29220,9.89032
29221,11.4287
29222,11.7637
29223,9.90977
29224,13.5554
29225,7.44311
29226,9.33553
29227,8.64485
29228,8.83722
29229,10.0923
29230,9.11376
29231,10.2511
29232,10.2773
29233,8.3615
29234,12.4249
29235,10.5834
29236,10.0508
29237,9.17044
29238,10.5593
29239,9.01159
29240,12.2647
29241,12.7895
29242,11.9642
29243,10.1973
29244,11.3342
29245,9.73527
29246,6.85969
29247,9.45631
29248,9.80341
29249,7.74221
29250,7.78663
29251,19.4165
29252,9.46589
29253,10.3923
29254,9.47164
29255,10.4393
29256,12.55
29257,9.27603
29258,6.71279
29259,15.0731
29260,8.09282
29261,10.1366
29262,14.8109
29263,8.65019
29264,10.1425
29265,8.40239
29266,10.9834
29267,8.16965
29268,9.2647
29269,8.27314
29270,10.0965
29271,9.16722
29272,7.27943
29273,17.4768
29274,7.64821
29275,11.9443
29276,10.2816
29277,8.69716
29278,9.045
29279,9.53105
29280,8.80368
29281,9.51866
29282,8.77274
29283,8.04716
29284,8.31071
29285,10.5461
29286,8.91138
29287,11.376
29288,8.73373
29289,12.9744
29290,13.3508
29291,10.4494
29292,14.4788
29293,8.75932
29294,8.82602
29295,15.8914
29296,9.69281
29297,10.8482
29298,11.3177
29299,11.673
29300,7.2752
29301,9.91814
29302,12.042
29303,9.94842
29304,8.06326
29305,8.05963
29306,13.4073
29307,12.102
29308,9.27247
29309,10.5812
29310,12.5576
29311,7.03819
29312,8.7611
29313,8.63112
29314,10.4991
29315,7.60155
29316,8.13414
29317,9.50787
29318,11.5163
29319,11.6198
29320,12.0929
29321,7.11114
29322,7.72899
29323,9.91472
29324,8.19
29325,8.87296
29326,15.6855
29327,10.4235
29328,7.54355
29329,15.1986
29330,14.3229
29331,11.4767
29332,8.82789
29333,9.58267
29334,11.4914
29335,6.95783
29336,8.21894
29337,8.43747
29338,9.39017
29339,9.47309
29340,8.74866
29341,8.29143
29342,10.7089
29343,10.8329
29344,9.01862
29345,10.0316
29346,10.5765
29347,11.6813
29348,10.1182
29349,8.33747
29350,7.49413
29351,8.54628
29352,11.8179
29353,8.29595
29354,13.3251
29355,13.6961
29356,13.7534
29357,10.0763
29358,8.1567
29359,14.4478
29360,8.51858
29361,9.13602
29362,11.472
29363,11.8412
29364,13.0966
29365,6.25891
29366,8.47672
29367,10.1522
29368,8.45866
29369,9.55231
29370,15.0319
29371,8.68335
29372,13.9518
29373,13.9833
29374,9.04878
29375,7.22899
29376,10.8259
29377,10.9587
29378,8.94481
29379,9.47278
29380,12.0004
29381,11.6584
29382,9.50905
29383,12.0265
29384,9.59334
29385,14.6728
29386,8.7859
29387,10.9843
29388,11.159
29389,7.38811
29390,11.5466
29391,7.03404
29392,8.26848
29393,9.03258
29394,9.38918
29395,9.91858
29396,10.3248
29397,17.3948
29398,7.24673
29399,8.6359
29400,15.0065
29401,6.06528
29402,12.8365
29403,9.63149
29404,9.81719
29405,7.64967
29406,9.05504
29407,7.8834
29408,10.0071
29409,12.6862
29410,9.496
29411,7.79136
29412,10.4092
29413,9.29773
29414,11.6748
29415,14.041
29416,8.34403
29417,10.6748
29418,14.8446
29419,10.7165
29420,8.44265
29421,11.5524
29422,9.2167
29423,12.3359
29424,9.4267
29425,10.4351
29426,10.3798
29427,10.4018
29428,10.8716
29429,10.906
29430,13.6705
29431,8.60077
29432,14.3998
29433,10.5016
29434,10.5314
29435,9.20409
29436,10.6901
29437,9.78946
29438,11.4789
29439,8.68647
29440,11.2896
29441,8.43162
29442,9.41194
29443,9.27666
29444,14.5767
29445,7.61464
29446,12.0215
29447,7.02994
29448,11.1146
29449,12.9053
29450,8.04592
29451,13.5433
29452,10.7956
29453,7.06641
29454,7.81011
29455,11.8405
29456,10.4049
29457,14.6316
29458,9.96401
29459,10.3755
29460,13.378
29461,8.75886
29462,9.93843
29463,8.31587
29464,12.0756
29465,12.0933
29466,7.39381
29467,11.5933
29468,7.729
29469,8.73744
29470,11.6504
29471,9.67912
29472,10.9646
29473,14.1972
29474,13.3891
29475,8.94247
29476,7.04572
29477,10.2979
29478,10.5729
29479,10.1392
29480,10.4124
29481,11.5392
29482,11.8742
29483,7.1121
29484,8.12053
29485,7.29435
29486,8.38208
29487,8.50212
29488,9.77097
29489,9.03069
29490,8.13659
29491,9.8902
29492,10.9628
29493,8.99495
29494,9.14332
29495,10.0276
29496,10.3654
29497,9.37384
29498,10.7055
29499,11.7139
29500,6.94227
29501,8.54896
29502,9.16873
29503,8.34987
29504,13.4725
29505,12.848
29506,14.2037
29507,13.9345
29508,13.0528
29509,13.3482
29510,9.45454
29511,8.54813
29512,13.9996
29513,10.3158
29514,9.78787
29515,17.1228
29516,9.13453
29517,7.63697
29518,8.73071
29519,8.90292
29520,6.19158
29521,7.83223
29522,7.06265
29523,7.34568
29524,9.76771
29525,8.26261
29526,8.4084
29527,9.55547
29528,9.90538
29529,7.59608
29530,12.3029
29531,8.43275
29532,13.3402
29533,11.4596
29534,13.5828
29535,13.7979
29536,12.0444
29537,9.19063
29538,8.51649
29539,11.2176
29540,9.75265
29541,12.1592
29542,9.54571
29543,9.83591
29544,10.2274
29545,9.28289
29546,11.2913
29547,9.37571
29548,14.7318
29549,9.86091
29550,8.24933
29551,8.55219
29552,8.68045
29553,9.96927
29554,9.32647
29555,11.4024
29556,14.2803
29557,12.6591
29558,8.7624
29559,11.2471
29560,11.3561
29561,6.50594
29562,7.76065
29563,10.2999
29564,9.60317
29565,9.17418
29566,10.5358
29567,9.99193
29568,9.0825
29569,12.1299
29570,12.6817
29571,13.7552
29572,11.0121
29573,8.53843
29574,11.6702
29575,12.1332
29576,8.72495
29577,9.9117
29578,9.50935
29579,8.05266
29580,8.98019
29581,9.14195
29582,9.37369
29583,6.11568
29584,9.15369
29585,10.1639
29586,7.88395
29587,8.27869
29588,6.50884
29589,7.83607
29590,12.0996
29591,9.18387
29592,9.41474
29593,9.49264
29594,10.125
29595,10.4169
29596,10.5715
29597,7.96242
29598,10.3537
29599,9.49586
29600,11.5234
29601,11.5975
29602,8.79552
29603,8.80395
29604,13.1555
29605,13.0031
29606,11.1278
29607,11.0836
29608,16.5811
29609,13.7908
29610,8.11573
29611,6.83233
29612,8.69536
29613,11.0018
29614,8.47018
29615,8.40782
29616,10.2676
29617,9.72292
29618,7.7749
29619,8.39475
29620,10.6069
29621,13.32
29622,12.4349
29623,7.44334
29624,13.0349
29625,9.30955
29626,11.4387
29627,8.50002
29628,7.0506
29629,10.1609
29630,8.39433
29631,8.48799
29632,12.1193
29633,9.58667
29634,10.4299
29635,9.64194
29636,7.93437
29637,10.717
29638,8.8504
29639,8.94848
29640,9.03033
29641,10.2898
29642,7.32037
29643,11.7546
29644,10.1994
29645,14.6575
29646,12.961
29647,11.7386
29648,12.8872
29649,9.01753
29650,8.43209
29651,10.5225
29652,13.0312
29653,10.4897
29654,6.82375
29655,12.6881
29656,12.7891
29657,14.1035
29658,13.9252
29659,11.6963
29660,9.81266
29661,8.72095
29662,13.028
29663,9.16591
29664,11.2388
29665,8.99251
29666,9.69146
29667,12.7217
29668,12.7062
29669,7.17018
29670,8.23479
29671,7.459
29672,9.8557
29673,8.17189
29674,10.243
29675,9.68209
29676,10.0684
29677,10.1713
29678,10.5341
29679,9.54404
29680,8.75693
29681,8.10662
29682,10.9212
29683,9.23235
29684,11.7115
29685,7.63808
29686,9.26437
29687,12.2485
29688,10.5932
29689,15.6962
29690,13.9253
29691,9.99949
29692,13.4756
29693,10.8916
29694,10.1563
29695,9.08953
29696,6.83026
29697,17.5298
29698,14.1876
29699,10.4612
29700,7.67526
29701,8.05356
29702,11.0954
29703,9.35032
29704,8.68983
29705,7.81416
29706,11.8562
29707,10.2833
29708,10.6565
29709,9.95592
29710,7.49698
29711,11.1767
29712,14.6094
29713,7.89288
29714,8.99892
29715,12.1273
29716,12.2697
29717,12.4632
29718,9.76542
29719,9.20208
29720,9.36821
29721,8.90136
29722,13.9098
29723,10.8183
29724,10.3361
29725,8.40744
29726,14.9886
29727,9.0244
29728,8.08258
29729,13.5006
29730,12.9089
29731,12.1036
29732,8.12938
29733,9.35671
29734,8.50898
29735,12.5815
29736,8.65035
29737,10.3005
29738,9.36596
29739,9.65136
29740,12.9631
29741,12.4215
29742,12.2284
29743,10.2682
29744,14.9653
29745,11.8594
29746,13.8933
29747,14.2888
29748,8.45824
29749,10.6803
29750,8.8078
29751,8.11804
29752,10.1818
29753,9.37776
29754,8.39679
29755,12.6405
29756,10.0263
29757,9.62522
29758,10.8145
29759,10.5228
29760,10.6823
29761,12.905
29762,15.1842
29763,9.63592
29764,14.6051
29765,12.2959
29766,8.76996
29767,9.42041
29768,10.9437
29769,8.19193
29770,12.2538
29771,10.8227
29772,11.2203
29773,9.96014
29774,7.50655
29775,9.53359
29776,7.68974
29777,7.96375
29778,11.3762
29779,8.75026
29780,9.10267
29781,7.77305
29782,9.86501
29783,10.8734
29784,8.34908
29785,13.9817
29786,12.0067
29787,14.2966
29788,9.36756
29789,12.7869
29790,11.0436
29791,11.6643
29792,10.6926
29793,11.1888
29794,9.3007
29795,12.3993
29796,16.6225
29797,11.7235
29798,13.1647
29799,11.0384
29800,13.5453
29801,8.68361
29802,8.84455
29803,11.9681
29804,12.371
29805,11.5375
29806,10.882
29807,7.96953
29808,7.83242
29809,10.2206
29810,7.69402
29811,10.2768
29812,8.59896
29813,10.6521
29814,7.81357
29815,8.8578
29816,10.3021
29817,8.70542
29818,7.80661
29819,7.82554
29820,7.37193
29821,8.51505
29822,8.59575
29823,10.2986
29824,16.7349
29825,9.75419
29826,10.9312
29827,7.36632
29828,12.412
29829,10.4873
29830,12.8515
29831,11.2619
29832,12.2729
29833,8.31878
29834,12.656
29835,6.78874
29836,8.82619
29837,9.0838
29838,9.67003
29839,12.7832
29840,12.878
29841,10.3923
29842,11.0591
29843,9.11665
29844,9.63152
29845,9.82862
29846,6.54447
29847,9.62141
29848,10.1078
29849,7.31862
29850,7.92254
29851,8.84645
29852,7.04802
29853,11.0445
29854,11.3386
29855,7.67785
29856,12.2053
29857,10.9513
29858,10.8923
29859,8.64743
29860,13.1772
29861,7.06691
29862,9.27088
29863,13.8447
29864,10.1216
29865,10.7057
29866,5.56951
29867,7.2181
29868,12.2265
29869,8.67693
29870,7.78905
29871,7.8641
29872,8.04855
29873,14.1843
29874,12.2715
29875,10.3139
29876,10.7052
29877,13.1741
29878,12.0608
29879,12.0692
29880,12.1097
29881,9.17337
29882,11.2702
29883,12.7847
29884,11.6171
29885,9.08325
29886,8.68307
29887,10.3619
29888,10.7604
29889,13.2092
29890,9.03632
29891,12.5513
29892,9.7539
29893,8.76444
29894,11.5104
29895,7.03406
29896,12.733
29897,10.6277
29898,9.72393
29899,10.0518
29900,10.8309
29901,7.83932
29902,9.96505
29903,10.5849
29904,10.643
29905,10.746
29906,10.9743
29907,12.1184
29908,11.7741
29909,6.48305
29910,7.56559
29911,12.8029
29912,10.1181
29913,7.47114
29914,11.5036
29915,18.5533
29916,11.8191
29917,8.97392
29918,12.1063
29919,19.1601
29920,16.1996
29921,9.29312
29922,9.79915
29923,14.0956
29924,15.2764
29925,9.00671
29926,11.7764
29927,9.78478
29928,9.3343
29929,11.1989
29930,9.38708
29931,8.68855
29932,14.7372
29933,8.62915
29934,10.898
29935,10.1489
29936,8.26345
29937,10.053
29938,13.4432
29939,8.92811
29940,11.4246
29941,11.7752
29942,11.3885
29943,6.75462
29944,10.6184
29945,10.7349
29946,8.5385
29947,8.14545
29948,9.67864
29949,9.60425
29950,6.45883
29951,7.09013
29952,7.77406
29953,8.76377
29954,6.91464
29955,9.24988
29956,10.2914
29957,9.46934
29958,8.79523
29959,7.87876
29960,8.07591
29961,5.67099
29962,7.98008
29963,10.4946
29964,5.66369
29965,9.00345
29966,11.5557
29967,7.93127
29968,8.93737
29969,11.0634
29970,9.75625
29971,10.8015
29972,9.81705
29973,10.0011
29974,10.0848
29975,8.23771
29976,8.29673
29977,10.4074
29978,10.7742
29979,11.642
29980,12.0106
29981,12.6258
29982,8.08364
29983,8.8307
29984,11.1886
29985,9.765
29986,13.7734
29987,8.75297
29988,8.871
29989,7.28869
29990,10.8995
29991,7.94222
29992,8.07159
29993,10.3918
29994,10.5879
29995,9.46142
29996,10.5216
29997,11.6329
29998,9.20055
29999,11.6381
30000,13.8677
30001,6.06326
30002,11.6189
30003,7.09387
30004,14.0714
30005,8.1774
30006,11.3696
30007,8.08246
30008,11.7145
30009,11.3677
30010,11.6234
30011,11.8231
30012,9.88153
30013,8.06044
30014,8.07898
30015,12.2953
30016,10.2967
30017,8.47655
30018,8.48869
30019,10.5678
30020,8.77313
30021,11.9001
30022,12.0014
30023,8.00972
30024,11.2597
30025,14.2446
30026,10.9458
30027,9.27937
30028,8.43383
30029,9.95231
30030,10.1307
30031,11.7571
30032,8.31832
30033,8.03545
30034,9.37522
30035,8.40785
30036,11.5095
30037,9.70418
30038,11.7004
30039,10.8979
30040,8.98654
30041,8.1998
30042,11.4596
30043,8.3174
30044,13.5077
30045,12.9145
30046,12.2859
30047,11.7298
30048,10.8775
30049,13.9599
30050,15.2034
30051,9.73962
30052,13.2376
30053,8.37491
30054,13.4626
30055,9.35303
30056,6.78458
30057,11.9713
30058,8.12514
30059,9.55167
30060,8.72751
30061,9.25205
30062,8.56559
30063,8.75138
30064,12.352
30065,8.24795
30066,12.3196
30067,5.57125
30068,12.4707
30069,11.9058
30070,8.00075
30071,10.729
30072,9.08841
30073,13.0382
30074,12.746
30075,16.2442
30076,9.7805
30077,11.4747
30078,7.133
30079,6.54047
30080,7.73877
30081,12.9158
30082,7.14666
30083,7.3404
30084,8.21622
30085,8.3733
30086,8.46943
30087,8.7432
30088,9.19397
30089,9.29366
30090,9.50391
30091,8.64959
30092,11.0142
30093,9.51282
30094,10.5933
30095,11.6789
30096,15.7536
30097,10.0887
30098,10.7996
30099,8.04823
30100,11.1323
30101,13.5029
30102,8.70513
30103,12.9826
30104,9.30289
30105,8.89927
30106,10.5305
30107,9.63756
30108,18.9586
30109,14.9082
30110,6.78927
30111,7.50804
30112,9.57184
30113,7.82873
30114,10.4745
30115,8.79436
30116,8.76874
30117,12.5146
30118,9.81619
30119,9.87479
30120,11.3986
30121,7.23516
30122,7.5051
30123,8.04316
30124,9.24554
30125,6.42103
30126,10.5249
30127,9.0071
30128,10.1705
30129,7.16835
30130,8.67096
30131,7.89747
30132,8.91233
30133,9.60238
30134,8.6243
30135,11.1314
30136,9.22585
30137,10.3115
30138,10.5582
30139,9.72687
30140,6.95407
30141,10.2995
30142,10.1253
30143,10.3604
30144,13.3931
30145,10.0314
30146,12.5269
30147,9.9455
30148,8.21884
30149,16.6617
30150,6.80885
30151,7.22352
30152,8.49042
30153,9.50528
30154,10.8606
30155,10.2457
30156,8.26207
30157,8.46061
30158,10.6298
30159,9.89282
30160,10.9201
30161,12.9889
30162,10.4324
30163,10.5798
30164,9.8239
30165,11.0622
30166,11.1887
30167,9.40234
30168,10.1041
30169,8.17873
30170,10.5175
30171,8.58902
30172,11.7806
30173,13.1796
30174,7.31055
30175,9.79277
30176,6.04526
30177,10.2532
30178,8.44046
30179,9.76584
30180,7.84777
30181,8.0854
30182,8.35823
30183,12.4917
30184,8.83701
30185,8.92273
30186,11.9495
30187,10.1569
30188,8.21135
30189,10.6138
30190,10.7177
30191,13.2433
30192,11.3695
30193,14.4676
30194,10.4792
30195,7.57799
30196,7.72043
30197,9.57555
30198,6.82031
30199,9.90445
30200,9.91555
30201,10.0636
30202,9.08347
30203,9.15925
30204,8.66749
30205,12.6853
30206,6.71963
30207,10.23
30208,11.3298
30209,12.4441
30210,11.6036
30211,12.6737
30212,11.7069
30213,7.83542
30214,8.55258
30215,10.3721
30216,11.119
30217,8.54082
30218,10.7024
30219,8.17496
30220,11.318
30221,12.6168
30222,12.9271
30223,8.29941
30224,14.4191
30225,10.7314
30226,7.90854
30227,10.4915
30228,7.9347
30229,8.01074
30230,7.572
30231,9.07604
30232,9.45404
30233,9.51638
30234,10.6413
30235,9.72232
30236,9.77511
30237,12.8817
30238,10.1304
30239,11.3775
30240,9.75567
30241,11.1984
30242,14.5248
30243,11.7886
30244,11.8244
30245,9.19085
30246,10.7561
30247,11.2018
30248,10.0018
30249,13.1981
30250,8.695
30251,8.19582
30252,8.23305
30253,8.60921
30254,7.97409
30255,8.39514
30256,10.669
30257,8.58184
30258,11.1627
30259,11.2571
30260,11.9102
30261,8.5901
30262,12.6779
30263,6.06088
30264,15.4216
30265,14.7769
30266,16.8584
30267,9.2801
30268,10.6498
30269,6.80754
30270,8.62266
30271,9.79563
30272,9.57003
30273,8.71942
30274,8.94523
30275,12.9993
30276,9.19986
30277,9.21302
30278,12.5675
30279,9.72416
30280,11.7739
30281,8.26614
30282,11.4765
30283,8.5877
30284,11.7441
30285,8.18305
30286,8.52094
30287,14.2662
30288,8.44652
30289,10.455
30290,8.69124
30291,13.7087
30292,10.2787
30293,9.44365
30294,10.703
30295,12.6785
30296,9.97962
30297,11.1591
30298,10.3579
30299,11.4534
30300,8.48407
30301,7.75983
30302,11.9893
30303,7.99777
30304,12.2841
30305,8.53516
30306,14.76
30307,8.96688
30308,7.23813
30309,9.24656
30310,9.28648
30311,8.32148
30312,7.34227
30313,9.10313
30314,8.30223
30315,14.3767
30316,7.27519
30317,11.9862
30318,11.0339
30319,11.9064
30320,11.6895
30321,7.50926
30322,13.7936
30323,14.0599
30324,8.77946
30325,11.9748
30326,8.47472
30327,8.58278
30328,8.75998
30329,7.24305
30330,12.2839
30331,7.2923
30332,9.12766
30333,8.69665
30334,11.8931
30335,8.24795
30336,12.4925
30337,12.551
30338,11.987
30339,13.0866
30340,10.2662
30341,10.4406
30342,10.7077
30343,15.2524
30344,10.7853
30345,9.21255
30346,8.24297
30347,14.2533
30348,7.46262
30349,16.087
30350,9.19267
30351,11.6982
30352,7.17471
30353,8.53264
30354,8.16175
30355,13.8116
30356,10.3612
30357,11.0161
30358,9.67756
30359,6.8899
30360,7.40374
30361,7.41507
30362,10.8669
30363,11.178
30364,7.17812
30365,8.81742
30366,14.3756
30367,14.7994
30368,9.85423
30369,10.5956
30370,11.8872
30371,9.96888
30372,16.9773
30373,8.0348
30374,9.85998
30375,12.8684
30376,13.0124
30377,11.4624
30378,8.96472
30379,7.0736
30380,9.61063
30381,10.1806
30382,10.2782
30383,8.88751
30384,9.26514
30385,11.5685
30386,9.89504
30387,10.5873
30388,6.90986
30389,9.3712
30390,9.90788
30391,10.0632
30392,11.095
30393,10.7052
30394,13.1647
30395,14.2174
30396,11.6993
30397,13.5478
30398,10.783
30399,10.9474
30400,8.64274
30401,8.74117
30402,9.26012
30403,9.37966
30404,9.60036
30405,8.95182
30406,7.31395
30407,9.1902
30408,15.6289
30409,12.0224
30410,10.8623
30411,7.34795
30412,11.5354
30413,8.63555
30414,10.031
30415,11.3762
30416,6.63121
30417,9.70541
30418,9.73242
30419,9.96072
30420,11.1186
30421,9.13309
30422,9.3789
30423,7.41944
30424,9.59252
30425,10.0906
30426,10.1901
30427,10.5752
30428,8.47388
30429,9.58886
30430,10.923
30431,13.5903
30432,8.60425
30433,9.0964
30434,11.3095
30435,12.3208
30436,8.40285
30437,8.53012
30438,8.64498
30439,11.6553
30440,9.8234
30441,7.83688
30442,10.1902
30443,10.7285
30444,10.89
30445,9.94886
30446,8.75521
30447,11.5024
30448,9.94553
30449,13.1286
30450,13.5512
30451,11.4123
30452,10.6154
30453,10.0672
30454,7.38446
30455,9.04806
30456,6.78951
30457,6.11182
30458,11.9642
30459,9.29563
30460,11.3981
30461,12.3029
30462,12.498
30463,9.82904
30464,13.2531
30465,9.26152
30466,13.3668
30467,16.1098
30468,9.74046
30469,6.1356
30470,12.0707
30471,7.54615
30472,8.66656
30473,9.0418
30474,7.62006
30475,11.0429
30476,9.0203
30477,10.3718
30478,9.55755
30479,8.6629
30480,10.063
30481,12.9967
30482,10.0926
30483,11.5652
30484,10.6861
30485,14.5279
30486,9.1883
30487,7.80966
30488,9.08999
30489,8.14626
30490,7.96841
30491,10.0058
30492,10.4963
30493,11.706
30494,9.75069
30495,8.80651
30496,10.8387
30497,14.8877
30498,10.0075
30499,9.15804
30500,14.1708
30501,11.4069
30502,7.85486
30503,7.9124
30504,8.38896
30505,8.45272
30506,7.51582
30507,8.76093
30508,8.97943
30509,9.42543
30510,7.02134
30511,9.59868
30512,7.6381
30513,12.0515
30514,7.12873
30515,9.62104
30516,12.7358
30517,7.75537
30518,12.8288
30519,8.14713
30520,13.4297
30521,10.6435
30522,13.7732
30523,8.11782
30524,8.28474
30525,8.34267
30526,8.79875
30527,11.194
30528,10.2236
30529,9.25995
30530,9.40681
30531,11.5003
30532,11.0621
30533,10.4827
30534,12.5307
30535,10.6046
30536,11.8571
30537,12.1008
30538,7.29914
30539,9.22256
30540,8.67799
30541,10.0002
30542,9.84889
30543,16.8941
30544,11.4594
30545,9.91557
30546,12.8317
30547,9.12055
30548,10.3721
30549,8.82896
30550,7.20528
30551,9.3425
30552,9.81186
30553,6.86597
30554,8.97531
30555,11.5273
30556,10.2971
30557,9.4298
30558,8.85992
30559,7.87713
30560,13.0916
30561,9.26284
30562,14.615
30563,10.0113
30564,10.2214
30565,10.3739
30566,10.7845
30567,8.0791
30568,14.3501
30569,10.8361
30570,14.3954
30571,8.9743
30572,9.64438
30573,10.527
30574,11.0187
30575,12.036
30576,9.18537
30577,7.71891
30578,7.8851
30579,7.29485
30580,10.3108
30581,11.3957
30582,10.5702
30583,11.1085
30584,9.55609
30585,9.4025
30586,9.52505
30587,9.69002
30588,13.8366
30589,11.0633
30590,12.0943
30591,11.5679
30592,12.5371
30593,12.7422
30594,10.2484
30595,9.3757
30596,11.4671
30597,9.50227
30598,14.4184
